log_id,source_node,target_node,edge_type,label
invictus_enriched.csv:0,arn:aws:iam::123837392027:user/benjamin,eu-north-1,GetRegionOptStatus,0
invictus_enriched.csv:1,arn:aws:iam::123837392027:user/benjamin,baker221b-bucketsevidenceeeedc25d-1q9cl0tuy4gbm,GetBucketLogging,0
invictus_enriched.csv:2,arn:aws:iam::123837392027:user/benjamin,baker221b-bucketsevidenceeeedc25d-1q9cl0tuy4gbm,GetBucketPolicy,0
invictus_enriched.csv:3,arn:aws:iam::123837392027:user/benjamin,baker221b-bucketsevidenceeeedc25d-1q9cl0tuy4gbm,GetBucketAcl,0
invictus_enriched.csv:4,arn:aws:iam::123837392027:user/benjamin,baker221b-bucketsevidenceeeedc25d-1q9cl0tuy4gbm,GetBucketLocation,0
invictus_enriched.csv:5,arn:aws:iam::123837392027:user/benjamin,baker221b-bucketssecuritylogsbef08b3e-13nrzhi7fcs7w,GetBucketLogging,0
invictus_enriched.csv:6,arn:aws:iam::123837392027:user/benjamin,baker221b-bucketssecuritylogsbef08b3e-13nrzhi7fcs7w,GetBucketPolicy,0
invictus_enriched.csv:7,arn:aws:iam::123837392027:user/benjamin,baker221b-bucketssecuritylogsbef08b3e-13nrzhi7fcs7w,GetBucketAcl,0
invictus_enriched.csv:8,arn:aws:iam::123837392027:user/benjamin,baker221b-bucketssecuritylogsbef08b3e-13nrzhi7fcs7w,GetBucketLocation,0
invictus_enriched.csv:9,arn:aws:iam::123837392027:user/benjamin,cdktoolkit-stagingbucket-zbvx22khdave,GetBucketPolicy,0
invictus_enriched.csv:10,arn:aws:iam::123837392027:user/benjamin,cdktoolkit-stagingbucket-zbvx22khdave,GetBucketLogging,0
invictus_enriched.csv:11,arn:aws:iam::123837392027:user/benjamin,cdktoolkit-stagingbucket-zbvx22khdave,GetBucketLocation,0
invictus_enriched.csv:12,arn:aws:iam::123837392027:user/benjamin,cdktoolkit-stagingbucket-zbvx22khdave,GetBucketAcl,0
invictus_enriched.csv:13,arn:aws:iam::123837392027:user/benjamin,config-bucket-123837392027,GetBucketLogging,0
invictus_enriched.csv:14,arn:aws:iam::123837392027:user/benjamin,config-bucket-123837392027,GetBucketAcl,0
invictus_enriched.csv:15,arn:aws:iam::123837392027:user/benjamin,config-bucket-123837392027,GetBucketPolicy,0
invictus_enriched.csv:16,arn:aws:iam::123837392027:user/benjamin,config-bucket-123837392027,GetBucketLocation,0
invictus_enriched.csv:17,arn:aws:iam::123837392027:user/benjamin,s3.amazonaws.com,ListBuckets,0
invictus_enriched.csv:18,arn:aws:iam::123837392027:user/benjamin,123837392027.s3-control.us-east-1.amazonaws.com,GetStorageLensConfiguration,0
invictus_enriched.csv:19,arn:aws:iam::123837392027:user/benjamin,arn:aws:s3:us-east-1:123837392027:storage-lens/default-account-dashboard,GetStorageLensDashboardDataInternal,0
invictus_enriched.csv:20,arn:aws:iam::123837392027:user/benjamin,arn:aws:s3:us-east-1:123837392027:storage-lens/default-account-dashboard,GetStorageLensDashboardDataInternal,0
invictus_enriched.csv:21,arn:aws:iam::123837392027:user/benjamin,123837392027.s3-control.us-east-1.amazonaws.com,GetStorageLensConfiguration,0
invictus_enriched.csv:22,arn:aws:iam::123837392027:user/benjamin,aws_service,ListNotificationHubs,0
invictus_enriched.csv:23,arn:aws:iam::123837392027:user/benjamin,eventTypeCategory,DescribeEventAggregates,0
invictus_enriched.csv:24,arn:aws:iam::123837392027:user/benjamin,eventTypeCategory,DescribeEventAggregates,0
invictus_enriched.csv:25,arn:aws:iam::123837392027:user/benjamin,baker221b-bucketssecuritylogsbef08b3e-13nrzhi7fcs7w,GetBucketAcl,0
invictus_enriched.csv:26,arn:aws:iam::123837392027:user/benjamin,baker221b-bucketssecuritylogsbef08b3e-13nrzhi7fcs7w,GetBucketPolicyStatus,0
invictus_enriched.csv:27,arn:aws:iam::123837392027:user/benjamin,config-bucket-123837392027,ListAccessPoints,0
invictus_enriched.csv:28,arn:aws:iam::123837392027:user/benjamin,invictus-aws-2022-10-27-quygr,ListAccessPoints,0
invictus_enriched.csv:29,arn:aws:iam::123837392027:user/benjamin,cdktoolkit-stagingbucket-zbvx22khdave,GetBucketPolicyStatus,0
invictus_enriched.csv:30,arn:aws:iam::123837392027:user/benjamin,cdktoolkit-stagingbucket-zbvx22khdave,GetBucketPublicAccessBlock,0
invictus_enriched.csv:31,arn:aws:iam::123837392027:user/benjamin,cdktoolkit-stagingbucket-zbvx22khdave,GetBucketAcl,0
invictus_enriched.csv:32,arn:aws:iam::123837392027:user/benjamin,invictus-aws-2022-10-27-e0xdv,GetBucketPublicAccessBlock,0
invictus_enriched.csv:33,arn:aws:iam::123837392027:user/benjamin,baker221b-bucketsevidenceeeedc25d-1q9cl0tuy4gbm,ListAccessPoints,0
invictus_enriched.csv:34,arn:aws:iam::123837392027:user/benjamin,invictus-aws-2022-10-27-8aukl,ListAccessPoints,0
invictus_enriched.csv:35,arn:aws:iam::123837392027:user/benjamin,invictus-aws-2022-10-27-e0xdv,ListAccessPoints,0
invictus_enriched.csv:36,arn:aws:iam::123837392027:user/benjamin,baker221b-bucketsevidenceeeedc25d-1q9cl0tuy4gbm,GetBucketAcl,0
invictus_enriched.csv:37,arn:aws:iam::123837392027:user/benjamin,baker221b-bucketsevidenceeeedc25d-1q9cl0tuy4gbm,GetBucketPublicAccessBlock,0
invictus_enriched.csv:38,arn:aws:iam::123837392027:user/benjamin,baker221b-bucketsevidenceeeedc25d-1q9cl0tuy4gbm,GetBucketPolicyStatus,0
invictus_enriched.csv:39,arn:aws:iam::123837392027:user/benjamin,123837392027.s3-control.us-east-1.amazonaws.com,GetAccountPublicAccessBlock,0
invictus_enriched.csv:40,arn:aws:iam::123837392027:user/benjamin,invictus-aws-2022-10-27-8aukl,GetBucketPolicyStatus,0
invictus_enriched.csv:41,arn:aws:iam::123837392027:user/benjamin,invictus-aws-2022-10-27-8aukl,GetBucketAcl,0
invictus_enriched.csv:42,arn:aws:iam::123837392027:user/benjamin,invictus-aws-2022-10-27-quygr,GetBucketPublicAccessBlock,0
invictus_enriched.csv:43,arn:aws:iam::123837392027:user/benjamin,cdktoolkit-stagingbucket-zbvx22khdave,ListAccessPoints,0
invictus_enriched.csv:44,arn:aws:iam::123837392027:user/benjamin,config-bucket-123837392027,GetBucketPublicAccessBlock,0
invictus_enriched.csv:45,arn:aws:iam::123837392027:user/benjamin,invictus-aws-2022-10-27-e0xdv,GetBucketAcl,0
invictus_enriched.csv:46,arn:aws:iam::123837392027:user/benjamin,baker221b-bucketssecuritylogsbef08b3e-13nrzhi7fcs7w,GetBucketPublicAccessBlock,0
invictus_enriched.csv:47,arn:aws:iam::123837392027:user/benjamin,invictus-aws-2022-10-27-8aukl,GetBucketPublicAccessBlock,0
invictus_enriched.csv:48,arn:aws:iam::123837392027:user/benjamin,config-bucket-123837392027,GetBucketPolicyStatus,0
invictus_enriched.csv:49,arn:aws:iam::123837392027:user/benjamin,config-bucket-123837392027,GetBucketAcl,0
invictus_enriched.csv:50,arn:aws:iam::123837392027:user/benjamin,invictus-aws-2022-10-27-quygr,GetBucketAcl,0
invictus_enriched.csv:51,arn:aws:iam::123837392027:user/benjamin,invictus-aws-2022-09-28-pgd48,ListAccessPoints,0
invictus_enriched.csv:52,arn:aws:iam::123837392027:user/benjamin,invictus-aws-2022-09-28-pgd48,GetBucketPublicAccessBlock,0
invictus_enriched.csv:53,arn:aws:iam::123837392027:user/benjamin,invictus-aws-2022-09-28-pgd48,GetBucketPolicyStatus,0
invictus_enriched.csv:54,arn:aws:iam::123837392027:user/benjamin,invictus-aws-2022-09-28-pgd48,GetBucketAcl,0
invictus_enriched.csv:55,arn:aws:iam::123837392027:user/benjamin,invictus-aws-2022-10-27-e0xdv,GetBucketPolicyStatus,0
invictus_enriched.csv:56,arn:aws:iam::123837392027:user/benjamin,invictus-aws-2022-10-27-quygr,GetBucketPolicyStatus,0
invictus_enriched.csv:57,arn:aws:iam::123837392027:user/benjamin,baker221b-bucketssecuritylogsbef08b3e-13nrzhi7fcs7w,ListAccessPoints,0
invictus_enriched.csv:58,arn:aws:iam::123837392027:user/benjamin,invictus-aws-2022-09-28-pgd48,GetBucketLogging,0
invictus_enriched.csv:59,arn:aws:iam::123837392027:user/benjamin,invictus-aws-2022-09-28-pgd48,GetBucketPolicy,0
invictus_enriched.csv:60,arn:aws:iam::123837392027:user/benjamin,invictus-aws-2022-09-28-pgd48,GetBucketLocation,0
invictus_enriched.csv:61,arn:aws:iam::123837392027:user/benjamin,invictus-aws-2022-09-28-pgd48,GetBucketAcl,0
invictus_enriched.csv:62,arn:aws:iam::123837392027:user/benjamin,invictus-aws-2022-10-27-8aukl,GetBucketLogging,0
invictus_enriched.csv:63,arn:aws:iam::123837392027:user/benjamin,invictus-aws-2022-10-27-8aukl,GetBucketAcl,0
invictus_enriched.csv:64,arn:aws:iam::123837392027:user/benjamin,invictus-aws-2022-10-27-8aukl,GetBucketPolicy,0
invictus_enriched.csv:65,arn:aws:iam::123837392027:user/benjamin,invictus-aws-2022-10-27-8aukl,GetBucketLocation,0
invictus_enriched.csv:66,arn:aws:iam::123837392027:user/benjamin,invictus-aws-2022-10-27-e0xdv,GetBucketPolicy,0
invictus_enriched.csv:67,arn:aws:iam::123837392027:user/benjamin,invictus-aws-2022-10-27-e0xdv,GetBucketLogging,0
invictus_enriched.csv:68,arn:aws:iam::123837392027:user/benjamin,invictus-aws-2022-10-27-e0xdv,GetBucketAcl,0
invictus_enriched.csv:69,arn:aws:iam::123837392027:user/benjamin,invictus-aws-2022-10-27-e0xdv,GetBucketLocation,0
invictus_enriched.csv:70,arn:aws:iam::123837392027:user/benjamin,invictus-aws-2022-10-27-quygr,GetBucketLogging,0
invictus_enriched.csv:71,arn:aws:iam::123837392027:user/benjamin,invictus-aws-2022-10-27-quygr,GetBucketPolicy,0
invictus_enriched.csv:72,arn:aws:iam::123837392027:user/benjamin,invictus-aws-2022-10-27-quygr,GetBucketAcl,0
invictus_enriched.csv:73,arn:aws:iam::123837392027:user/benjamin,invictus-aws-2022-10-27-quygr,GetBucketLocation,0
invictus_enriched.csv:74,arn:aws:iam::123837392027:user/benjamin,aws_service,ListHostedZones,0
invictus_enriched.csv:75,arn:aws:iam::123837392027:user/benjamin,aws_service,GetAccountSummary,0
invictus_enriched.csv:76,arn:aws:iam::123837392027:user/benjamin,aws_service,ListUsers,0
invictus_enriched.csv:77,arn:aws:iam::123837392027:user/benjamin,aws_service,GetAccountAuthorizationDetails,0
invictus_enriched.csv:78,arn:aws:iam::123837392027:user/benjamin,aws_service,ListSSHPublicKeys,0
invictus_enriched.csv:79,arn:aws:iam::123837392027:user/benjamin,aws_service,ListMFADevices,0
invictus_enriched.csv:80,arn:aws:iam::123837392027:user/benjamin,eventTypeCategory,DescribeEventAggregates,0
invictus_enriched.csv:81,arn:aws:iam::123837392027:user/benjamin,eventTypeCategory,DescribeEventAggregates,0
invictus_enriched.csv:82,arn:aws:iam::123837392027:user/benjamin,eventTypeCategory,DescribeEventAggregates,0
invictus_enriched.csv:83,arn:aws:iam::123837392027:user/benjamin,eventTypeCategory,DescribeEventAggregates,0
invictus_enriched.csv:84,arn:aws:iam::123837392027:user/bert-jan,aws_service,DescribeAccountAttributes,0
invictus_enriched.csv:85,arn:aws:iam::123837392027:user/bert-jan,aws_service,GetCallerIdentity,0
invictus_enriched.csv:86,arn:aws:iam::123837392027:user/bert-jan,aws_service,GetUser,0
invictus_enriched.csv:87,arn:aws:iam::123837392027:user/bert-jan,stratus-red-team-ec2-get-password-data-role,CreateRole,1
invictus_enriched.csv:88,arn:aws:iam::123837392027:user/bert-jan,aws_service,GetUser,0
invictus_enriched.csv:89,arn:aws:iam::123837392027:user/bert-jan,stratus-red-team-ec2-get-password-data-role,PutRolePolicy,1
invictus_enriched.csv:90,arn:aws:iam::123837392027:user/bert-jan,stratus-red-team-ec2-get-password-data-role,GetRole,0
invictus_enriched.csv:91,arn:aws:iam::123837392027:user/bert-jan,stratus-red-team-ec2-get-password-data-role,ListAttachedRolePolicies,0
invictus_enriched.csv:92,arn:aws:iam::123837392027:user/bert-jan,stratus-red-team-ec2-get-password-data-role,ListRolePolicies,0
invictus_enriched.csv:93,arn:aws:iam::123837392027:user/bert-jan,stratus-red-team-ec2-get-password-data-role,GetRolePolicy,0
invictus_enriched.csv:94,arn:aws:iam::123837392027:user/bert-jan,aws_service,AssumeRole,0
invictus_enriched.csv:95,arn:aws:iam::123837392027:user/bert-jan,aws_service,AssumeRole,0
invictus_enriched.csv:96,arn:aws:iam::123837392027:user/bert-jan,arn:aws:iam::123837392027:role/stratus-red-team-ec2-get-password-data-role,AssumeRole,0
invictus_enriched.csv:97,arn:aws:iam::123837392027:user/bert-jan,aws_service,AssumeRole,0
invictus_enriched.csv:98,arn:aws:sts::123837392027:assumed-role/stratus-red-team-ec2-get-password-data-role/aws-go-sdk-1688990082523310002,i-yo72hkw7elzv1ald,GetPasswordData,1
invictus_enriched.csv:99,arn:aws:sts::123837392027:assumed-role/stratus-red-team-ec2-get-password-data-role/aws-go-sdk-1688990082523310002,i-i0cpawn0os061eh9,GetPasswordData,1
invictus_enriched.csv:100,arn:aws:sts::123837392027:assumed-role/stratus-red-team-ec2-get-password-data-role/aws-go-sdk-1688990082523310002,i-cf6ffvclrtu9msqi,GetPasswordData,1
invictus_enriched.csv:101,arn:aws:iam::123837392027:user/bert-jan,arn:aws:iam::123837392027:role/stratus-red-team-ec2-get-password-data-role,AssumeRole,0
invictus_enriched.csv:102,arn:aws:sts::123837392027:assumed-role/stratus-red-team-ec2-get-password-data-role/aws-go-sdk-1688990082523310002,i-tfvyr9tlvlmkf9zj,GetPasswordData,1
invictus_enriched.csv:103,arn:aws:sts::123837392027:assumed-role/stratus-red-team-ec2-get-password-data-role/aws-go-sdk-1688990082523310002,i-s57e8ko3wxa0uofh,GetPasswordData,1
invictus_enriched.csv:104,arn:aws:sts::123837392027:assumed-role/stratus-red-team-ec2-get-password-data-role/aws-go-sdk-1688990082523310002,i-jm8nuzn9phc3d0sh,GetPasswordData,1
invictus_enriched.csv:105,arn:aws:sts::123837392027:assumed-role/stratus-red-team-ec2-get-password-data-role/aws-go-sdk-1688990082523310002,i-ytpw6tvgd6btfgjo,GetPasswordData,1
invictus_enriched.csv:106,arn:aws:sts::123837392027:assumed-role/stratus-red-team-ec2-get-password-data-role/aws-go-sdk-1688990082523310002,i-durz4ux740gjqvcm,GetPasswordData,1
invictus_enriched.csv:107,arn:aws:sts::123837392027:assumed-role/stratus-red-team-ec2-get-password-data-role/aws-go-sdk-1688990082523310002,i-spvxfzvroh1nf8io,GetPasswordData,1
invictus_enriched.csv:108,arn:aws:sts::123837392027:assumed-role/stratus-red-team-ec2-get-password-data-role/aws-go-sdk-1688990082523310002,i-c0gcna3ngc7agdrg,GetPasswordData,1
invictus_enriched.csv:109,arn:aws:sts::123837392027:assumed-role/stratus-red-team-ec2-get-password-data-role/aws-go-sdk-1688990082523310002,i-mofepkigjpqejdm3,GetPasswordData,1
invictus_enriched.csv:110,arn:aws:sts::123837392027:assumed-role/stratus-red-team-ec2-get-password-data-role/aws-go-sdk-1688990082523310002,i-lwnesitg7ty2bu65,GetPasswordData,1
invictus_enriched.csv:111,arn:aws:sts::123837392027:assumed-role/stratus-red-team-ec2-get-password-data-role/aws-go-sdk-1688990082523310002,i-cki5fv977pyciy84,GetPasswordData,1
invictus_enriched.csv:112,arn:aws:sts::123837392027:assumed-role/stratus-red-team-ec2-get-password-data-role/aws-go-sdk-1688990082523310002,i-0mi52t5mrw29rwat,GetPasswordData,1
invictus_enriched.csv:113,arn:aws:sts::123837392027:assumed-role/stratus-red-team-ec2-get-password-data-role/aws-go-sdk-1688990082523310002,i-8py8wmkkftttj9l9,GetPasswordData,1
invictus_enriched.csv:114,arn:aws:sts::123837392027:assumed-role/stratus-red-team-ec2-get-password-data-role/aws-go-sdk-1688990082523310002,i-h510jobx6pz17ui4,GetPasswordData,1
invictus_enriched.csv:115,arn:aws:sts::123837392027:assumed-role/stratus-red-team-ec2-get-password-data-role/aws-go-sdk-1688990082523310002,i-cyumyy8iurswzksn,GetPasswordData,1
invictus_enriched.csv:116,arn:aws:sts::123837392027:assumed-role/stratus-red-team-ec2-get-password-data-role/aws-go-sdk-1688990082523310002,i-6lud62vlx9ioybgs,GetPasswordData,1
invictus_enriched.csv:117,arn:aws:sts::123837392027:assumed-role/stratus-red-team-ec2-get-password-data-role/aws-go-sdk-1688990082523310002,i-vn9csybgmpx91uuk,GetPasswordData,1
invictus_enriched.csv:118,arn:aws:sts::123837392027:assumed-role/stratus-red-team-ec2-get-password-data-role/aws-go-sdk-1688990082523310002,i-su4p82rzjr5ppotj,GetPasswordData,1
invictus_enriched.csv:119,arn:aws:sts::123837392027:assumed-role/stratus-red-team-ec2-get-password-data-role/aws-go-sdk-1688990082523310002,i-1qzhz52a8dbi6hnl,GetPasswordData,1
invictus_enriched.csv:120,arn:aws:sts::123837392027:assumed-role/stratus-red-team-ec2-get-password-data-role/aws-go-sdk-1688990082523310002,i-zp53l4c48xqmrau3,GetPasswordData,1
invictus_enriched.csv:121,arn:aws:sts::123837392027:assumed-role/stratus-red-team-ec2-get-password-data-role/aws-go-sdk-1688990082523310002,i-73odyengarc4to4y,GetPasswordData,1
invictus_enriched.csv:122,arn:aws:sts::123837392027:assumed-role/stratus-red-team-ec2-get-password-data-role/aws-go-sdk-1688990082523310002,i-pif7tkkxs03bhl64,GetPasswordData,1
invictus_enriched.csv:123,arn:aws:sts::123837392027:assumed-role/stratus-red-team-ec2-get-password-data-role/aws-go-sdk-1688990082523310002,i-6eb2h6dbe712mcvc,GetPasswordData,1
invictus_enriched.csv:124,arn:aws:sts::123837392027:assumed-role/stratus-red-team-ec2-get-password-data-role/aws-go-sdk-1688990082523310002,i-1vd4ffbntfve83su,GetPasswordData,1
invictus_enriched.csv:125,arn:aws:sts::123837392027:assumed-role/stratus-red-team-ec2-get-password-data-role/aws-go-sdk-1688990082523310002,i-u6e1xao5jqdvmyb2,GetPasswordData,1
invictus_enriched.csv:126,arn:aws:sts::123837392027:assumed-role/stratus-red-team-ec2-get-password-data-role/aws-go-sdk-1688990082523310002,i-29j87l982uak5493,GetPasswordData,1
invictus_enriched.csv:127,arn:aws:sts::123837392027:assumed-role/stratus-red-team-ec2-get-password-data-role/aws-go-sdk-1688990082523310002,i-l3hbwtbezd62leie,GetPasswordData,1
invictus_enriched.csv:128,arn:aws:iam::123837392027:user/bert-jan,aws_service,DescribeAccountAttributes,0
invictus_enriched.csv:129,arn:aws:iam::123837392027:user/bert-jan,aws_service,GetUser,0
invictus_enriched.csv:130,arn:aws:iam::123837392027:user/bert-jan,aws_service,DescribeAvailabilityZones,0
invictus_enriched.csv:131,arn:aws:iam::123837392027:user/bert-jan,aws_service,DescribeImages,0
invictus_enriched.csv:132,arn:aws:iam::123837392027:user/bert-jan,aws_service,GetUser,0
invictus_enriched.csv:133,arn:aws:iam::123837392027:user/bert-jan,stratus-red-team-ec2-steal-credentials-role,CreateRole,1
invictus_enriched.csv:134,arn:aws:iam::123837392027:user/bert-jan,stratus-red-team-ec2-steal-credentials-role,PutRolePolicy,1
invictus_enriched.csv:135,arn:aws:iam::123837392027:user/bert-jan,10.0.0.0/16,CreateVpc,0
invictus_enriched.csv:136,arn:aws:iam::123837392027:user/bert-jan,aws_service,DescribeAddresses,0
invictus_enriched.csv:137,arn:aws:iam::123837392027:user/bert-jan,stratus-red-team-ec2-steal-credentials-role,GetRole,0
invictus_enriched.csv:138,arn:aws:iam::123837392027:user/bert-jan,vpc,AllocateAddress,0
invictus_enriched.csv:139,arn:aws:iam::123837392027:user/bert-jan,aws_service,DescribeVpcs,0
invictus_enriched.csv:140,arn:aws:iam::123837392027:user/bert-jan,aws_service,DescribeVpcClassicLink,0
invictus_enriched.csv:141,arn:aws:iam::123837392027:user/bert-jan,aws_service,DescribeVpcs,0
invictus_enriched.csv:142,arn:aws:iam::123837392027:user/bert-jan,stratus-red-team-ec2-steal-credentials-role,ListRolePolicies,0
invictus_enriched.csv:143,arn:aws:iam::123837392027:user/bert-jan,vpc-06fe1a64761a0f720,DescribeVpcAttribute,0
invictus_enriched.csv:144,arn:aws:iam::123837392027:user/bert-jan,vpc-06fe1a64761a0f720,DescribeVpcAttribute,0
invictus_enriched.csv:145,arn:aws:iam::123837392027:user/bert-jan,stratus-red-team-ec2-steal-credentials-instance,CreateInstanceProfile,0
invictus_enriched.csv:146,arn:aws:iam::123837392027:user/bert-jan,aws_service,DescribeVpcClassicLinkDnsSupport,0
invictus_enriched.csv:147,arn:aws:iam::123837392027:user/bert-jan,stratus-red-team-ec2-steal-credentials-role,GetRolePolicy,0
invictus_enriched.csv:148,arn:aws:iam::123837392027:user/bert-jan,stratus-red-team-ec2-steal-credentials-role,AttachRolePolicy,1
invictus_enriched.csv:149,arn:aws:iam::123837392027:user/bert-jan,stratus-red-team-ec2-steal-credentials-role,ListAttachedRolePolicies,0
invictus_enriched.csv:150,arn:aws:iam::123837392027:user/bert-jan,aws_service,DescribeNetworkAcls,0
invictus_enriched.csv:151,arn:aws:iam::123837392027:user/bert-jan,stratus-red-team-ec2-steal-credentials-role,AddRoleToInstanceProfile,0
invictus_enriched.csv:152,arn:aws:iam::123837392027:user/bert-jan,aws_service,DescribeRouteTables,0
invictus_enriched.csv:153,arn:aws:iam::123837392027:user/bert-jan,stratus-red-team-ec2-steal-credentials-instance,GetInstanceProfile,0
invictus_enriched.csv:154,arn:aws:iam::123837392027:user/bert-jan,stratus-red-team-ec2-steal-credentials-role,ListAttachedRolePolicies,0
invictus_enriched.csv:155,arn:aws:iam::123837392027:user/bert-jan,aws_service,DescribeSecurityGroups,0
invictus_enriched.csv:156,arn:aws:iam::123837392027:user/bert-jan,vpc-06fe1a64761a0f720,CreateRouteTable,0
invictus_enriched.csv:157,arn:aws:iam::123837392027:user/bert-jan,stratus-red-team-ec2-steal-credentials-instance,TagInstanceProfile,0
invictus_enriched.csv:158,arn:aws:iam::123837392027:user/bert-jan,aws_service,CreateInternetGateway,0
invictus_enriched.csv:159,arn:aws:iam::123837392027:user/bert-jan,vpc-06fe1a64761a0f720,CreateRouteTable,0
invictus_enriched.csv:160,arn:aws:iam::123837392027:user/bert-jan,vpc-06fe1a64761a0f720,CreateSubnet,0
invictus_enriched.csv:161,arn:aws:iam::123837392027:user/bert-jan,aws_service,DescribeRouteTables,0
invictus_enriched.csv:162,arn:aws:iam::123837392027:user/bert-jan,aws_service,DescribeRouteTables,0
invictus_enriched.csv:163,arn:aws:iam::123837392027:user/bert-jan,vpc-06fe1a64761a0f720,CreateSubnet,0
invictus_enriched.csv:164,arn:aws:iam::123837392027:user/bert-jan,aws_service,DescribeInternetGateways,0
invictus_enriched.csv:165,arn:aws:iam::123837392027:user/bert-jan,aws_service,DescribeSubnets,0
invictus_enriched.csv:166,arn:aws:iam::123837392027:user/bert-jan,aws_service,DescribeSubnets,0
invictus_enriched.csv:167,arn:aws:iam::123837392027:user/bert-jan,aws_service,DescribeRouteTables,0
invictus_enriched.csv:168,arn:aws:iam::123837392027:user/bert-jan,aws_service,DescribeRouteTables,0
invictus_enriched.csv:169,arn:aws:iam::123837392027:user/bert-jan,aws_service,DescribeSubnets,0
invictus_enriched.csv:170,arn:aws:iam::123837392027:user/bert-jan,aws_service,DescribeSubnets,0
invictus_enriched.csv:171,arn:aws:iam::123837392027:user/bert-jan,igw-02a84e4222d62e16b,AttachInternetGateway,0
invictus_enriched.csv:172,arn:aws:iam::123837392027:user/bert-jan,rtb-0c7c2f4aff3677054,AssociateRouteTable,0
invictus_enriched.csv:173,arn:aws:iam::123837392027:user/bert-jan,aws_service,DescribeRouteTables,0
invictus_enriched.csv:174,arn:aws:iam::123837392027:user/bert-jan,subnet-0ed352584ab4aa265,CreateNetworkInterface,0
invictus_enriched.csv:175,arn:aws:iam::123837392027:user/bert-jan,rtb-0c7c2f4aff3677054,CreateRoute,0
invictus_enriched.csv:176,arn:aws:iam::123837392027:user/bert-jan,aws_service,DescribeRouteTables,0
invictus_enriched.csv:177,arn:aws:iam::123837392027:user/bert-jan,aws_service,DescribeInternetGateways,0
invictus_enriched.csv:178,arn:aws:iam::123837392027:user/bert-jan,rtb-0d4916f528a90fa4e,AssociateRouteTable,0
invictus_enriched.csv:179,arn:aws:iam::123837392027:user/bert-jan,aws_service,CreateNatGateway,0
invictus_enriched.csv:180,arn:aws:iam::123837392027:user/bert-jan,aws_service,DescribeNatGateways,0
invictus_enriched.csv:181,arn:aws:iam::123837392027:user/bert-jan,aws_service,DescribeNetworkInterfaces,0
invictus_enriched.csv:182,arn:aws:iam::123837392027:user/bert-jan,aws_service,DescribeRouteTables,0
invictus_enriched.csv:183,arn:aws:iam::123837392027:user/bert-jan,aws_service,DescribeNetworkInterfaces,0
invictus_enriched.csv:184,arn:aws:iam::123837392027:user/bert-jan,aws_service,DescribeRouteTables,0
invictus_enriched.csv:185,arn:aws:iam::123837392027:user/bert-jan,aws_service,DescribeRouteTables,0
invictus_enriched.csv:186,arn:aws:iam::123837392027:user/bert-jan,aws_service,DescribeRouteTables,0
invictus_enriched.csv:187,arn:aws:iam::123837392027:user/bert-jan,aws_service,DescribeNatGateways,0
invictus_enriched.csv:188,arn:aws:iam::123837392027:user/bert-jan,t3.micro,RunInstances,0
invictus_enriched.csv:189,arn:aws:iam::123837392027:user/bert-jan,aws_service,DescribeRouteTables,0
invictus_enriched.csv:190,arn:aws:iam::123837392027:user/bert-jan,aws_service,DescribeNatGateways,0
invictus_enriched.csv:191,arn:aws:iam::123837392027:user/bert-jan,aws_service,DescribeNatGateways,0
invictus_enriched.csv:192,arn:aws:iam::123837392027:user/bert-jan,t3.micro,RunInstances,0
invictus_enriched.csv:193,arn:aws:iam::123837392027:user/bert-jan,aws_service,DescribeNatGateways,0
invictus_enriched.csv:194,arn:aws:iam::123837392027:user/bert-jan,t3.micro,RunInstances,0
invictus_enriched.csv:195,unknown_principal,arn:aws:iam::123837392027:role/stratus-red-team-ec2-steal-credentials-role,AssumeRole,0
invictus_enriched.csv:196,unknown_principal,arn:aws:iam::123837392027:role/stratus-red-team-ec2-steal-credentials-role,AssumeRole,0
invictus_enriched.csv:197,arn:aws:iam::123837392027:user/bert-jan,aws_service,DescribeNatGateways,0
invictus_enriched.csv:198,unknown_principal,aws_service,SharedSnapshotVolumeCreated,0
invictus_enriched.csv:199,arn:aws:sts::123837392027:assumed-role/AWSServiceRoleForAmazonInspector2/MandoService2842426183934887787,aws_service,DescribeInstances,0
invictus_enriched.csv:200,unknown_principal,arn:aws:iam::123837392027:role/aws-service-role/inspector2.amazonaws.com/AWSServiceRoleForAmazonInspector2,AssumeRole,0
invictus_enriched.csv:201,unknown_principal,arn:aws:iam::123837392027:role/aws-service-role/inspector2.amazonaws.com/AWSServiceRoleForAmazonInspector2,AssumeRole,0
invictus_enriched.csv:202,arn:aws:iam::123837392027:user/bert-jan,aws_service,DescribeNatGateways,0
invictus_enriched.csv:203,arn:aws:iam::123837392027:user/bert-jan,aws_service,DescribeInstances,0
invictus_enriched.csv:204,arn:aws:iam::123837392027:user/bert-jan,aws_service,DescribeTags,0
invictus_enriched.csv:205,arn:aws:iam::123837392027:user/bert-jan,aws_service,DescribeInstances,0
invictus_enriched.csv:206,arn:aws:iam::123837392027:user/bert-jan,i-0dbc91f429e48eeed,DescribeInstanceAttribute,0
invictus_enriched.csv:207,arn:aws:iam::123837392027:user/bert-jan,aws_service,DescribeVpcs,0
invictus_enriched.csv:208,arn:aws:iam::123837392027:user/bert-jan,i-0dbc91f429e48eeed,DescribeInstanceAttribute,0
invictus_enriched.csv:209,arn:aws:iam::123837392027:user/bert-jan,aws_service,DescribeVolumes,0
invictus_enriched.csv:210,arn:aws:iam::123837392027:user/bert-jan,aws_service,DescribeInstanceCreditSpecifications,0
invictus_enriched.csv:211,arn:aws:iam::123837392027:user/bert-jan,i-0dbc91f429e48eeed,DescribeInstanceAttribute,0
invictus_enriched.csv:212,arn:aws:iam::123837392027:user/bert-jan,aws_service,DescribeNatGateways,0
invictus_enriched.csv:213,arn:aws:iam::123837392027:user/bert-jan,aws_service,DescribeNatGateways,0
invictus_enriched.csv:214,arn:aws:iam::123837392027:user/bert-jan,aws_service,DescribeNatGateways,0
invictus_enriched.csv:215,arn:aws:iam::123837392027:user/bert-jan,aws_service,DescribeNatGateways,0
invictus_enriched.csv:216,arn:aws:iam::123837392027:user/bert-jan,aws_service,DescribeNatGateways,0
invictus_enriched.csv:217,arn:aws:iam::123837392027:user/bert-jan,aws_service,DescribeNatGateways,0
invictus_enriched.csv:218,arn:aws:iam::123837392027:user/bert-jan,aws_service,DescribeNatGateways,0
invictus_enriched.csv:219,arn:aws:iam::123837392027:user/bert-jan,aws_service,DescribeNatGateways,0
invictus_enriched.csv:220,arn:aws:iam::123837392027:user/bert-jan,aws_service,DescribeRouteTables,0
invictus_enriched.csv:221,arn:aws:iam::123837392027:user/bert-jan,rtb-0d4916f528a90fa4e,CreateRoute,0
invictus_enriched.csv:222,arn:aws:iam::123837392027:user/bert-jan,aws_service,DescribeRouteTables,0
invictus_enriched.csv:223,arn:aws:iam::123837392027:user/bert-jan,aws_service,DescribeRouteTables,0
invictus_enriched.csv:224,arn:aws:iam::123837392027:user/bert-jan,aws_service,DescribeInstanceInformation,0
invictus_enriched.csv:225,arn:aws:iam::123837392027:user/bert-jan,aws_service,DescribeInstanceInformation,0
invictus_enriched.csv:226,arn:aws:iam::123837392027:user/bert-jan,aws_service,DescribeInstanceInformation,0
invictus_enriched.csv:227,arn:aws:iam::123837392027:user/bert-jan,aws_service,DescribeInstanceInformation,0
invictus_enriched.csv:228,arn:aws:iam::123837392027:user/bert-jan,aws_service,DescribeInstanceInformation,0
invictus_enriched.csv:229,arn:aws:iam::123837392027:user/bert-jan,aws_service,DescribeInstanceInformation,0
invictus_enriched.csv:230,arn:aws:iam::123837392027:user/bert-jan,aws_service,DescribeInstanceInformation,0
invictus_enriched.csv:231,arn:aws:iam::123837392027:user/bert-jan,aws_service,DescribeInstanceInformation,0
invictus_enriched.csv:232,arn:aws:iam::123837392027:user/bert-jan,aws_service,DescribeInstanceInformation,0
invictus_enriched.csv:233,arn:aws:iam::123837392027:user/bert-jan,aws_service,DescribeInstanceInformation,0
invictus_enriched.csv:234,arn:aws:iam::123837392027:user/bert-jan,aws_service,DescribeInstanceInformation,0
invictus_enriched.csv:235,arn:aws:iam::123837392027:user/bert-jan,aws_service,DescribeInstanceInformation,0
invictus_enriched.csv:236,arn:aws:iam::123837392027:user/bert-jan,aws_service,DescribeInstanceInformation,0
invictus_enriched.csv:237,arn:aws:iam::123837392027:user/bert-jan,aws_service,DescribeInstanceInformation,0
invictus_enriched.csv:238,arn:aws:iam::123837392027:user/bert-jan,aws_service,DescribeInstanceInformation,0
invictus_enriched.csv:239,arn:aws:iam::123837392027:user/bert-jan,aws_service,DescribeInstanceInformation,0
invictus_enriched.csv:240,arn:aws:iam::123837392027:user/bert-jan,aws_service,DescribeInstanceInformation,0
invictus_enriched.csv:241,arn:aws:iam::123837392027:user/bert-jan,aws_service,DescribeInstanceInformation,0
invictus_enriched.csv:242,arn:aws:iam::123837392027:user/bert-jan,aws_service,DescribeInstanceInformation,0
invictus_enriched.csv:243,arn:aws:iam::123837392027:user/bert-jan,aws_service,DescribeInstanceInformation,0
invictus_enriched.csv:244,arn:aws:iam::123837392027:user/bert-jan,aws_service,DescribeInstanceInformation,0
invictus_enriched.csv:245,arn:aws:iam::123837392027:user/bert-jan,aws_service,DescribeInstanceInformation,0
invictus_enriched.csv:246,arn:aws:iam::123837392027:user/bert-jan,aws_service,DescribeInstanceInformation,0
invictus_enriched.csv:247,arn:aws:iam::123837392027:user/bert-jan,aws_service,DescribeInstanceInformation,0
invictus_enriched.csv:248,arn:aws:iam::123837392027:user/bert-jan,aws_service,DescribeInstanceInformation,0
invictus_enriched.csv:249,arn:aws:iam::123837392027:user/bert-jan,aws_service,DescribeInstanceInformation,0
invictus_enriched.csv:250,arn:aws:iam::123837392027:user/bert-jan,AWS-RunShellScript,SendCommand,0
invictus_enriched.csv:251,arn:aws:iam::123837392027:user/bert-jan,i-0dbc91f429e48eeed,GetCommandInvocation,0
invictus_enriched.csv:252,arn:aws:iam::123837392027:user/bert-jan,aws_service,DescribeInstanceInformation,0
invictus_enriched.csv:253,arn:aws:sts::123837392027:assumed-role/stratus-red-team-ec2-steal-credentials-role/i-0dbc91f429e48eeed,i-0dbc91f429e48eeed,UpdateInstanceInformation,0
invictus_enriched.csv:254,arn:aws:sts::123837392027:assumed-role/stratus-red-team-ec2-steal-credentials-role/i-0dbc91f429e48eeed,i-0dbc91f429e48eeed,UpdateInstanceInformation,0
invictus_enriched.csv:255,arn:aws:iam::123837392027:user/bert-jan,i-0dbc91f429e48eeed,GetCommandInvocation,0
invictus_enriched.csv:256,arn:aws:sts::123837392027:assumed-role/stratus-red-team-ec2-steal-credentials-role/i-0dbc91f429e48eeed,aws_service,DescribeInstances,0
invictus_enriched.csv:257,arn:aws:sts::123837392027:assumed-role/stratus-red-team-ec2-steal-credentials-role/i-0dbc91f429e48eeed,aws_service,GetCallerIdentity,0
invictus_enriched.csv:258,arn:aws:iam::123837392027:user/benjamin,eventTypeCategory,DescribeEventAggregates,0
invictus_enriched.csv:259,arn:aws:iam::123837392027:user/benjamin,eventTypeCategory,DescribeEventAggregates,0
invictus_enriched.csv:260,arn:aws:iam::123837392027:user/bert-jan,aws_service,DescribeAccountAttributes,0
invictus_enriched.csv:261,arn:aws:sts::123837392027:assumed-role/stratus-red-team-ec2-steal-credentials-role/i-0dbc91f429e48eeed,i-0dbc91f429e48eeed,ListInstanceAssociations,0
invictus_enriched.csv:262,arn:aws:sts::123837392027:assumed-role/stratus-red-team-ec2-steal-credentials-role/i-0dbc91f429e48eeed,AWS-GatherSoftwareInventory,GetDocument,0
invictus_enriched.csv:263,arn:aws:sts::123837392027:assumed-role/stratus-red-team-ec2-steal-credentials-role/i-0dbc91f429e48eeed,i-0dbc91f429e48eeed,UpdateInstanceAssociationStatus,0
invictus_enriched.csv:264,arn:aws:sts::123837392027:assumed-role/stratus-red-team-ec2-steal-credentials-role/i-0dbc91f429e48eeed,i-0dbc91f429e48eeed,UpdateInstanceAssociationStatus,0
invictus_enriched.csv:265,arn:aws:iam::123837392027:user/bert-jan,aws_service,GetUser,0
invictus_enriched.csv:266,arn:aws:iam::123837392027:user/bert-jan,stratus-red-team-retrieve-secret-4,CreateSecret,0
invictus_enriched.csv:267,arn:aws:iam::123837392027:user/bert-jan,stratus-red-team-retrieve-secret-14,CreateSecret,0
invictus_enriched.csv:268,arn:aws:iam::123837392027:user/bert-jan,arn:aws:secretsmanager:us-east-1:123837392027:secret:stratus-red-team-retrieve-secret-4-xehWok,DescribeSecret,0
invictus_enriched.csv:269,arn:aws:iam::123837392027:user/bert-jan,arn:aws:secretsmanager:us-east-1:123837392027:secret:stratus-red-team-retrieve-secret-11-mekIRl,DescribeSecret,0
invictus_enriched.csv:270,arn:aws:iam::123837392027:user/bert-jan,stratus-red-team-retrieve-secret-8,CreateSecret,0
invictus_enriched.csv:271,arn:aws:iam::123837392027:user/bert-jan,stratus-red-team-retrieve-secret-2,CreateSecret,0
invictus_enriched.csv:272,arn:aws:iam::123837392027:user/bert-jan,stratus-red-team-retrieve-secret-0,CreateSecret,0
invictus_enriched.csv:273,arn:aws:iam::123837392027:user/bert-jan,arn:aws:secretsmanager:us-east-1:123837392027:secret:stratus-red-team-retrieve-secret-16-ZgthLn,DescribeSecret,0
invictus_enriched.csv:274,arn:aws:iam::123837392027:user/bert-jan,stratus-red-team-retrieve-secret-10,CreateSecret,0
invictus_enriched.csv:275,arn:aws:iam::123837392027:user/bert-jan,arn:aws:secretsmanager:us-east-1:123837392027:secret:stratus-red-team-retrieve-secret-17-QaRzei,DescribeSecret,0
invictus_enriched.csv:276,arn:aws:iam::123837392027:user/bert-jan,arn:aws:secretsmanager:us-east-1:123837392027:secret:stratus-red-team-retrieve-secret-18-L0CnJd,DescribeSecret,0
invictus_enriched.csv:277,arn:aws:iam::123837392027:user/bert-jan,arn:aws:secretsmanager:us-east-1:123837392027:secret:stratus-red-team-retrieve-secret-8-2aONLk,DescribeSecret,0
invictus_enriched.csv:278,arn:aws:iam::123837392027:user/bert-jan,arn:aws:secretsmanager:us-east-1:123837392027:secret:stratus-red-team-retrieve-secret-14-ZgthLn,DescribeSecret,0
invictus_enriched.csv:279,arn:aws:iam::123837392027:user/bert-jan,stratus-red-team-retrieve-secret-11,CreateSecret,0
invictus_enriched.csv:280,arn:aws:iam::123837392027:user/bert-jan,arn:aws:secretsmanager:us-east-1:123837392027:secret:stratus-red-team-retrieve-secret-2-agquim,DescribeSecret,0
invictus_enriched.csv:281,arn:aws:iam::123837392027:user/bert-jan,stratus-red-team-retrieve-secret-16,CreateSecret,0
invictus_enriched.csv:282,arn:aws:iam::123837392027:user/bert-jan,arn:aws:secretsmanager:us-east-1:123837392027:secret:stratus-red-team-retrieve-secret-10-agquim,DescribeSecret,0
invictus_enriched.csv:283,arn:aws:iam::123837392027:user/bert-jan,aws_service,GetUser,0
invictus_enriched.csv:284,arn:aws:iam::123837392027:user/bert-jan,stratus-red-team-retrieve-secret-18,CreateSecret,0
invictus_enriched.csv:285,arn:aws:iam::123837392027:user/bert-jan,arn:aws:secretsmanager:us-east-1:123837392027:secret:stratus-red-team-retrieve-secret-0-xehWok,DescribeSecret,0
invictus_enriched.csv:286,arn:aws:iam::123837392027:user/bert-jan,stratus-red-team-retrieve-secret-17,CreateSecret,0
invictus_enriched.csv:287,arn:aws:iam::123837392027:user/bert-jan,stratus-red-team-retrieve-secret-7,CreateSecret,0
invictus_enriched.csv:288,arn:aws:iam::123837392027:user/bert-jan,stratus-red-team-retrieve-secret-1,CreateSecret,0
invictus_enriched.csv:289,arn:aws:iam::123837392027:user/bert-jan,stratus-red-team-retrieve-secret-12,CreateSecret,0
invictus_enriched.csv:290,arn:aws:iam::123837392027:user/bert-jan,arn:aws:secretsmanager:us-east-1:123837392027:secret:stratus-red-team-retrieve-secret-3-i1OGGG,DescribeSecret,0
invictus_enriched.csv:291,arn:aws:iam::123837392027:user/bert-jan,stratus-red-team-retrieve-secret-13,CreateSecret,0
invictus_enriched.csv:292,arn:aws:iam::123837392027:user/bert-jan,stratus-red-team-retrieve-secret-9,CreateSecret,0
invictus_enriched.csv:293,arn:aws:iam::123837392027:user/bert-jan,arn:aws:secretsmanager:us-east-1:123837392027:secret:stratus-red-team-retrieve-secret-16-ZgthLn,GetResourcePolicy,0
invictus_enriched.csv:294,arn:aws:iam::123837392027:user/bert-jan,arn:aws:secretsmanager:us-east-1:123837392027:secret:stratus-red-team-retrieve-secret-4-xehWok,GetResourcePolicy,0
invictus_enriched.csv:295,arn:aws:iam::123837392027:user/bert-jan,arn:aws:secretsmanager:us-east-1:123837392027:secret:stratus-red-team-retrieve-secret-5-iugd0p,DescribeSecret,0
invictus_enriched.csv:296,arn:aws:iam::123837392027:user/bert-jan,arn:aws:secretsmanager:us-east-1:123837392027:secret:stratus-red-team-retrieve-secret-8-2aONLk,GetResourcePolicy,0
invictus_enriched.csv:297,arn:aws:iam::123837392027:user/bert-jan,arn:aws:secretsmanager:us-east-1:123837392027:secret:stratus-red-team-retrieve-secret-17-QaRzei,GetResourcePolicy,0
invictus_enriched.csv:298,arn:aws:iam::123837392027:user/bert-jan,arn:aws:secretsmanager:us-east-1:123837392027:secret:stratus-red-team-retrieve-secret-10-agquim,GetResourcePolicy,0
invictus_enriched.csv:299,arn:aws:iam::123837392027:user/bert-jan,arn:aws:secretsmanager:us-east-1:123837392027:secret:stratus-red-team-retrieve-secret-2-agquim,GetResourcePolicy,0
invictus_enriched.csv:300,arn:aws:iam::123837392027:user/bert-jan,arn:aws:secretsmanager:us-east-1:123837392027:secret:stratus-red-team-retrieve-secret-18-L0CnJd,GetResourcePolicy,0
invictus_enriched.csv:301,arn:aws:iam::123837392027:user/bert-jan,arn:aws:secretsmanager:us-east-1:123837392027:secret:stratus-red-team-retrieve-secret-14-ZgthLn,GetResourcePolicy,0
invictus_enriched.csv:302,arn:aws:iam::123837392027:user/bert-jan,stratus-red-team-retrieve-secret-15,CreateSecret,0
invictus_enriched.csv:303,arn:aws:iam::123837392027:user/bert-jan,arn:aws:secretsmanager:us-east-1:123837392027:secret:stratus-red-team-retrieve-secret-11-mekIRl,GetResourcePolicy,0
invictus_enriched.csv:304,arn:aws:iam::123837392027:user/bert-jan,arn:aws:secretsmanager:us-east-1:123837392027:secret:stratus-red-team-retrieve-secret-19-0HEVow,DescribeSecret,0
invictus_enriched.csv:305,arn:aws:iam::123837392027:user/bert-jan,stratus-red-team-retrieve-secret-5,CreateSecret,0
invictus_enriched.csv:306,arn:aws:iam::123837392027:user/bert-jan,arn:aws:secretsmanager:us-east-1:123837392027:secret:stratus-red-team-retrieve-secret-12-mwz4gq,DescribeSecret,0
invictus_enriched.csv:307,arn:aws:iam::123837392027:user/bert-jan,stratus-red-team-retrieve-secret-6,CreateSecret,0
invictus_enriched.csv:308,arn:aws:iam::123837392027:user/bert-jan,arn:aws:secretsmanager:us-east-1:123837392027:secret:stratus-red-team-retrieve-secret-0-xehWok,GetResourcePolicy,0
invictus_enriched.csv:309,arn:aws:iam::123837392027:user/bert-jan,stratus-red-team-retrieve-secret-19,CreateSecret,0
invictus_enriched.csv:310,arn:aws:iam::123837392027:user/bert-jan,arn:aws:secretsmanager:us-east-1:123837392027:secret:stratus-red-team-retrieve-secret-6-fAVH0t,DescribeSecret,0
invictus_enriched.csv:311,arn:aws:iam::123837392027:user/bert-jan,arn:aws:secretsmanager:us-east-1:123837392027:secret:stratus-red-team-retrieve-secret-1-ywtiPr,DescribeSecret,0
invictus_enriched.csv:312,arn:aws:iam::123837392027:user/bert-jan,stratus-red-team-retrieve-secret-3,CreateSecret,0
invictus_enriched.csv:313,arn:aws:iam::123837392027:user/bert-jan,arn:aws:secretsmanager:us-east-1:123837392027:secret:stratus-red-team-retrieve-secret-15-wL771x,DescribeSecret,0
invictus_enriched.csv:314,arn:aws:iam::123837392027:user/bert-jan,alias/aws/secretsmanager,GenerateDataKey,0
invictus_enriched.csv:315,arn:aws:iam::123837392027:user/bert-jan,arn:aws:secretsmanager:us-east-1:123837392027:secret:stratus-red-team-retrieve-secret-5-iugd0p,GetResourcePolicy,0
invictus_enriched.csv:316,arn:aws:iam::123837392027:user/bert-jan,arn:aws:secretsmanager:us-east-1:123837392027:secret:stratus-red-team-retrieve-secret-9-7ChiHt,DescribeSecret,0
invictus_enriched.csv:317,arn:aws:iam::123837392027:user/bert-jan,arn:aws:secretsmanager:us-east-1:123837392027:secret:stratus-red-team-retrieve-secret-7-nFvpuv,PutSecretValue,0
invictus_enriched.csv:318,arn:aws:iam::123837392027:user/bert-jan,arn:aws:secretsmanager:us-east-1:123837392027:secret:stratus-red-team-retrieve-secret-15-wL771x,GetResourcePolicy,0
invictus_enriched.csv:319,arn:aws:iam::123837392027:user/bert-jan,arn:aws:secretsmanager:us-east-1:123837392027:secret:stratus-red-team-retrieve-secret-9-7ChiHt,GetResourcePolicy,0
invictus_enriched.csv:320,arn:aws:iam::123837392027:user/bert-jan,arn:aws:secretsmanager:us-east-1:123837392027:secret:stratus-red-team-retrieve-secret-6-fAVH0t,GetResourcePolicy,0
invictus_enriched.csv:321,arn:aws:iam::123837392027:user/bert-jan,arn:aws:secretsmanager:us-east-1:123837392027:secret:stratus-red-team-retrieve-secret-3-i1OGGG,GetResourcePolicy,0
invictus_enriched.csv:322,arn:aws:iam::123837392027:user/bert-jan,arn:aws:secretsmanager:us-east-1:123837392027:secret:stratus-red-team-retrieve-secret-13-nFvpuv,DescribeSecret,0
invictus_enriched.csv:323,arn:aws:iam::123837392027:user/bert-jan,alias/aws/secretsmanager,GenerateDataKey,0
invictus_enriched.csv:324,arn:aws:iam::123837392027:user/bert-jan,arn:aws:secretsmanager:us-east-1:123837392027:secret:stratus-red-team-retrieve-secret-14-ZgthLn,PutSecretValue,0
invictus_enriched.csv:325,arn:aws:iam::123837392027:user/bert-jan,alias/aws/secretsmanager,GenerateDataKey,0
invictus_enriched.csv:326,arn:aws:iam::123837392027:user/bert-jan,alias/aws/secretsmanager,GenerateDataKey,0
invictus_enriched.csv:327,arn:aws:iam::123837392027:user/bert-jan,arn:aws:secretsmanager:us-east-1:123837392027:secret:stratus-red-team-retrieve-secret-7-nFvpuv,DescribeSecret,0
invictus_enriched.csv:328,arn:aws:iam::123837392027:user/bert-jan,arn:aws:secretsmanager:us-east-1:123837392027:secret:stratus-red-team-retrieve-secret-1-ywtiPr,PutSecretValue,0
invictus_enriched.csv:329,arn:aws:iam::123837392027:user/bert-jan,arn:aws:secretsmanager:us-east-1:123837392027:secret:stratus-red-team-retrieve-secret-13-nFvpuv,GetResourcePolicy,0
invictus_enriched.csv:330,arn:aws:iam::123837392027:user/bert-jan,arn:aws:secretsmanager:us-east-1:123837392027:secret:stratus-red-team-retrieve-secret-7-nFvpuv,GetResourcePolicy,0
invictus_enriched.csv:331,arn:aws:iam::123837392027:user/bert-jan,arn:aws:secretsmanager:us-east-1:123837392027:secret:stratus-red-team-retrieve-secret-1-ywtiPr,GetResourcePolicy,0
invictus_enriched.csv:332,arn:aws:iam::123837392027:user/bert-jan,arn:aws:secretsmanager:us-east-1:123837392027:secret:stratus-red-team-retrieve-secret-18-L0CnJd,PutSecretValue,0
invictus_enriched.csv:333,arn:aws:iam::123837392027:user/bert-jan,alias/aws/secretsmanager,GenerateDataKey,0
invictus_enriched.csv:334,arn:aws:iam::123837392027:user/bert-jan,arn:aws:secretsmanager:us-east-1:123837392027:secret:stratus-red-team-retrieve-secret-12-mwz4gq,GetResourcePolicy,0
invictus_enriched.csv:335,arn:aws:iam::123837392027:user/bert-jan,arn:aws:secretsmanager:us-east-1:123837392027:secret:stratus-red-team-retrieve-secret-8-2aONLk,PutSecretValue,0
invictus_enriched.csv:336,arn:aws:iam::123837392027:user/bert-jan,arn:aws:secretsmanager:us-east-1:123837392027:secret:stratus-red-team-retrieve-secret-4-xehWok,PutSecretValue,0
invictus_enriched.csv:337,arn:aws:iam::123837392027:user/bert-jan,alias/aws/secretsmanager,GenerateDataKey,0
invictus_enriched.csv:338,arn:aws:iam::123837392027:user/bert-jan,alias/aws/secretsmanager,GenerateDataKey,0
invictus_enriched.csv:339,arn:aws:iam::123837392027:user/bert-jan,arn:aws:secretsmanager:us-east-1:123837392027:secret:stratus-red-team-retrieve-secret-19-0HEVow,GetResourcePolicy,0
invictus_enriched.csv:340,arn:aws:iam::123837392027:user/bert-jan,alias/aws/secretsmanager,GenerateDataKey,0
invictus_enriched.csv:341,arn:aws:iam::123837392027:user/bert-jan,alias/aws/secretsmanager,GenerateDataKey,0
invictus_enriched.csv:342,arn:aws:iam::123837392027:user/bert-jan,arn:aws:secretsmanager:us-east-1:123837392027:secret:stratus-red-team-retrieve-secret-16-ZgthLn,PutSecretValue,0
invictus_enriched.csv:343,arn:aws:iam::123837392027:user/bert-jan,arn:aws:secretsmanager:us-east-1:123837392027:secret:stratus-red-team-retrieve-secret-15-wL771x,PutSecretValue,0
invictus_enriched.csv:344,arn:aws:iam::123837392027:user/bert-jan,alias/aws/secretsmanager,GenerateDataKey,0
invictus_enriched.csv:345,arn:aws:iam::123837392027:user/bert-jan,arn:aws:secretsmanager:us-east-1:123837392027:secret:stratus-red-team-retrieve-secret-0-xehWok,PutSecretValue,0
invictus_enriched.csv:346,arn:aws:iam::123837392027:user/bert-jan,arn:aws:secretsmanager:us-east-1:123837392027:secret:stratus-red-team-retrieve-secret-6-fAVH0t,PutSecretValue,0
invictus_enriched.csv:347,arn:aws:iam::123837392027:user/bert-jan,arn:aws:secretsmanager:us-east-1:123837392027:secret:stratus-red-team-retrieve-secret-8-2aONLk,GetSecretValue,1
invictus_enriched.csv:348,arn:aws:iam::123837392027:user/bert-jan,arn:aws:secretsmanager:us-east-1:123837392027:secret:stratus-red-team-retrieve-secret-1-ywtiPr,GetSecretValue,1
invictus_enriched.csv:349,arn:aws:iam::123837392027:user/bert-jan,arn:aws:secretsmanager:us-east-1:123837392027:secret:stratus-red-team-retrieve-secret-0-xehWok,GetSecretValue,1
invictus_enriched.csv:350,arn:aws:iam::123837392027:user/bert-jan,arn:aws:secretsmanager:us-east-1:123837392027:secret:stratus-red-team-retrieve-secret-2-agquim,PutSecretValue,0
invictus_enriched.csv:351,arn:aws:iam::123837392027:user/bert-jan,arn:aws:secretsmanager:us-east-1:123837392027:secret:stratus-red-team-retrieve-secret-16-ZgthLn,GetSecretValue,1
invictus_enriched.csv:352,arn:aws:iam::123837392027:user/bert-jan,arn:aws:secretsmanager:us-east-1:123837392027:secret:stratus-red-team-retrieve-secret-7-nFvpuv,GetSecretValue,1
invictus_enriched.csv:353,arn:aws:iam::123837392027:user/bert-jan,arn:aws:secretsmanager:us-east-1:123837392027:secret:stratus-red-team-retrieve-secret-15-wL771x,GetSecretValue,1
invictus_enriched.csv:354,arn:aws:iam::123837392027:user/bert-jan,SYMMETRIC_DEFAULT,Decrypt,0
invictus_enriched.csv:355,arn:aws:iam::123837392027:user/bert-jan,arn:aws:secretsmanager:us-east-1:123837392027:secret:stratus-red-team-retrieve-secret-11-mekIRl,PutSecretValue,0
invictus_enriched.csv:356,arn:aws:iam::123837392027:user/bert-jan,arn:aws:secretsmanager:us-east-1:123837392027:secret:stratus-red-team-retrieve-secret-17-QaRzei,PutSecretValue,0
invictus_enriched.csv:357,arn:aws:iam::123837392027:user/bert-jan,arn:aws:secretsmanager:us-east-1:123837392027:secret:stratus-red-team-retrieve-secret-14-ZgthLn,GetSecretValue,1
invictus_enriched.csv:358,arn:aws:iam::123837392027:user/bert-jan,alias/aws/secretsmanager,GenerateDataKey,0
invictus_enriched.csv:359,arn:aws:iam::123837392027:user/bert-jan,arn:aws:secretsmanager:us-east-1:123837392027:secret:stratus-red-team-retrieve-secret-11-mekIRl,GetSecretValue,1
invictus_enriched.csv:360,arn:aws:iam::123837392027:user/bert-jan,SYMMETRIC_DEFAULT,Decrypt,0
invictus_enriched.csv:361,arn:aws:iam::123837392027:user/bert-jan,arn:aws:secretsmanager:us-east-1:123837392027:secret:stratus-red-team-retrieve-secret-4-xehWok,GetSecretValue,1
invictus_enriched.csv:362,arn:aws:iam::123837392027:user/bert-jan,alias/aws/secretsmanager,GenerateDataKey,0
invictus_enriched.csv:363,arn:aws:iam::123837392027:user/bert-jan,SYMMETRIC_DEFAULT,Decrypt,0
invictus_enriched.csv:364,arn:aws:iam::123837392027:user/bert-jan,arn:aws:secretsmanager:us-east-1:123837392027:secret:stratus-red-team-retrieve-secret-6-fAVH0t,GetSecretValue,1
invictus_enriched.csv:365,arn:aws:iam::123837392027:user/bert-jan,arn:aws:secretsmanager:us-east-1:123837392027:secret:stratus-red-team-retrieve-secret-12-mwz4gq,PutSecretValue,0
invictus_enriched.csv:366,arn:aws:iam::123837392027:user/bert-jan,arn:aws:secretsmanager:us-east-1:123837392027:secret:stratus-red-team-retrieve-secret-9-7ChiHt,PutSecretValue,0
invictus_enriched.csv:367,arn:aws:iam::123837392027:user/bert-jan,SYMMETRIC_DEFAULT,Decrypt,0
invictus_enriched.csv:368,arn:aws:iam::123837392027:user/bert-jan,arn:aws:secretsmanager:us-east-1:123837392027:secret:stratus-red-team-retrieve-secret-13-nFvpuv,GetSecretValue,1
invictus_enriched.csv:369,arn:aws:iam::123837392027:user/bert-jan,SYMMETRIC_DEFAULT,Decrypt,0
invictus_enriched.csv:370,arn:aws:iam::123837392027:user/bert-jan,SYMMETRIC_DEFAULT,Decrypt,0
invictus_enriched.csv:371,arn:aws:iam::123837392027:user/bert-jan,alias/aws/secretsmanager,GenerateDataKey,0
invictus_enriched.csv:372,arn:aws:iam::123837392027:user/bert-jan,arn:aws:secretsmanager:us-east-1:123837392027:secret:stratus-red-team-retrieve-secret-10-agquim,GetSecretValue,1
invictus_enriched.csv:373,arn:aws:iam::123837392027:user/bert-jan,SYMMETRIC_DEFAULT,Decrypt,0
invictus_enriched.csv:374,arn:aws:iam::123837392027:user/bert-jan,alias/aws/secretsmanager,GenerateDataKey,0
invictus_enriched.csv:375,arn:aws:iam::123837392027:user/bert-jan,arn:aws:secretsmanager:us-east-1:123837392027:secret:stratus-red-team-retrieve-secret-3-i1OGGG,GetSecretValue,1
invictus_enriched.csv:376,arn:aws:iam::123837392027:user/bert-jan,SYMMETRIC_DEFAULT,Decrypt,0
invictus_enriched.csv:377,arn:aws:iam::123837392027:user/bert-jan,arn:aws:secretsmanager:us-east-1:123837392027:secret:stratus-red-team-retrieve-secret-18-L0CnJd,GetSecretValue,1
invictus_enriched.csv:378,arn:aws:iam::123837392027:user/bert-jan,SYMMETRIC_DEFAULT,Decrypt,0
invictus_enriched.csv:379,arn:aws:iam::123837392027:user/bert-jan,alias/aws/secretsmanager,GenerateDataKey,0
invictus_enriched.csv:380,arn:aws:iam::123837392027:user/bert-jan,arn:aws:secretsmanager:us-east-1:123837392027:secret:stratus-red-team-retrieve-secret-19-0HEVow,PutSecretValue,0
invictus_enriched.csv:381,arn:aws:iam::123837392027:user/bert-jan,arn:aws:secretsmanager:us-east-1:123837392027:secret:stratus-red-team-retrieve-secret-12-mwz4gq,GetSecretValue,1
invictus_enriched.csv:382,arn:aws:iam::123837392027:user/bert-jan,SYMMETRIC_DEFAULT,Decrypt,0
invictus_enriched.csv:383,arn:aws:iam::123837392027:user/bert-jan,SYMMETRIC_DEFAULT,Decrypt,0
invictus_enriched.csv:384,arn:aws:iam::123837392027:user/bert-jan,SYMMETRIC_DEFAULT,Decrypt,0
invictus_enriched.csv:385,arn:aws:iam::123837392027:user/bert-jan,SYMMETRIC_DEFAULT,Decrypt,0
invictus_enriched.csv:386,arn:aws:iam::123837392027:user/bert-jan,SYMMETRIC_DEFAULT,Decrypt,0
invictus_enriched.csv:387,arn:aws:iam::123837392027:user/bert-jan,alias/aws/secretsmanager,GenerateDataKey,0
invictus_enriched.csv:388,arn:aws:iam::123837392027:user/bert-jan,SYMMETRIC_DEFAULT,Decrypt,0
invictus_enriched.csv:389,arn:aws:iam::123837392027:user/bert-jan,alias/aws/secretsmanager,GenerateDataKey,0
invictus_enriched.csv:390,arn:aws:iam::123837392027:user/bert-jan,arn:aws:secretsmanager:us-east-1:123837392027:secret:stratus-red-team-retrieve-secret-2-agquim,GetSecretValue,1
invictus_enriched.csv:391,arn:aws:iam::123837392027:user/bert-jan,alias/aws/secretsmanager,GenerateDataKey,0
invictus_enriched.csv:392,arn:aws:iam::123837392027:user/bert-jan,SYMMETRIC_DEFAULT,Decrypt,0
invictus_enriched.csv:393,arn:aws:iam::123837392027:user/bert-jan,alias/aws/secretsmanager,GenerateDataKey,0
invictus_enriched.csv:394,arn:aws:iam::123837392027:user/bert-jan,SYMMETRIC_DEFAULT,Decrypt,0
invictus_enriched.csv:395,arn:aws:iam::123837392027:user/bert-jan,SYMMETRIC_DEFAULT,Decrypt,0
invictus_enriched.csv:396,arn:aws:iam::123837392027:user/bert-jan,arn:aws:secretsmanager:us-east-1:123837392027:secret:stratus-red-team-retrieve-secret-9-7ChiHt,GetSecretValue,1
invictus_enriched.csv:397,arn:aws:iam::123837392027:user/bert-jan,arn:aws:secretsmanager:us-east-1:123837392027:secret:stratus-red-team-retrieve-secret-13-nFvpuv,PutSecretValue,0
invictus_enriched.csv:398,arn:aws:iam::123837392027:user/bert-jan,alias/aws/secretsmanager,GenerateDataKey,0
invictus_enriched.csv:399,arn:aws:iam::123837392027:user/bert-jan,SYMMETRIC_DEFAULT,Decrypt,0
invictus_enriched.csv:400,arn:aws:iam::123837392027:user/bert-jan,arn:aws:secretsmanager:us-east-1:123837392027:secret:stratus-red-team-retrieve-secret-17-QaRzei,GetSecretValue,1
invictus_enriched.csv:401,arn:aws:iam::123837392027:user/bert-jan,arn:aws:secretsmanager:us-east-1:123837392027:secret:stratus-red-team-retrieve-secret-5-iugd0p,PutSecretValue,0
invictus_enriched.csv:402,arn:aws:iam::123837392027:user/bert-jan,arn:aws:secretsmanager:us-east-1:123837392027:secret:stratus-red-team-retrieve-secret-10-agquim,PutSecretValue,0
invictus_enriched.csv:403,arn:aws:iam::123837392027:user/bert-jan,SYMMETRIC_DEFAULT,Decrypt,0
invictus_enriched.csv:404,arn:aws:iam::123837392027:user/bert-jan,arn:aws:secretsmanager:us-east-1:123837392027:secret:stratus-red-team-retrieve-secret-19-0HEVow,GetSecretValue,1
invictus_enriched.csv:405,arn:aws:iam::123837392027:user/bert-jan,arn:aws:secretsmanager:us-east-1:123837392027:secret:stratus-red-team-retrieve-secret-5-iugd0p,GetSecretValue,1
invictus_enriched.csv:406,arn:aws:iam::123837392027:user/bert-jan,arn:aws:secretsmanager:us-east-1:123837392027:secret:stratus-red-team-retrieve-secret-3-i1OGGG,PutSecretValue,0
invictus_enriched.csv:407,arn:aws:iam::123837392027:user/bert-jan,aws_service,ListSecrets,0
invictus_enriched.csv:408,arn:aws:iam::123837392027:user/bert-jan,arn:aws:secretsmanager:us-east-1:123837392027:secret:stratus-red-team-retrieve-secret-18-L0CnJd,GetSecretValue,1
invictus_enriched.csv:409,arn:aws:iam::123837392027:user/bert-jan,SYMMETRIC_DEFAULT,Decrypt,0
invictus_enriched.csv:410,arn:aws:iam::123837392027:user/bert-jan,SYMMETRIC_DEFAULT,Decrypt,0
invictus_enriched.csv:411,arn:aws:iam::123837392027:user/bert-jan,arn:aws:secretsmanager:us-east-1:123837392027:secret:stratus-red-team-retrieve-secret-16-ZgthLn,GetSecretValue,1
invictus_enriched.csv:412,arn:aws:iam::123837392027:user/bert-jan,arn:aws:secretsmanager:us-east-1:123837392027:secret:stratus-red-team-retrieve-secret-11-mekIRl,GetSecretValue,1
invictus_enriched.csv:413,arn:aws:iam::123837392027:user/bert-jan,SYMMETRIC_DEFAULT,Decrypt,0
invictus_enriched.csv:414,arn:aws:iam::123837392027:user/bert-jan,SYMMETRIC_DEFAULT,Decrypt,0
invictus_enriched.csv:415,arn:aws:iam::123837392027:user/bert-jan,SYMMETRIC_DEFAULT,Decrypt,0
invictus_enriched.csv:416,arn:aws:iam::123837392027:user/bert-jan,arn:aws:secretsmanager:us-east-1:123837392027:secret:stratus-red-team-retrieve-secret-0-xehWok,GetSecretValue,1
invictus_enriched.csv:417,arn:aws:iam::123837392027:user/bert-jan,arn:aws:secretsmanager:us-east-1:123837392027:secret:stratus-red-team-retrieve-secret-4-xehWok,GetSecretValue,1
invictus_enriched.csv:418,arn:aws:iam::123837392027:user/bert-jan,arn:aws:secretsmanager:us-east-1:123837392027:secret:stratus-red-team-retrieve-secret-14-ZgthLn,GetSecretValue,1
invictus_enriched.csv:419,arn:aws:iam::123837392027:user/bert-jan,SYMMETRIC_DEFAULT,Decrypt,0
invictus_enriched.csv:420,arn:aws:iam::123837392027:user/bert-jan,SYMMETRIC_DEFAULT,Decrypt,0
invictus_enriched.csv:421,arn:aws:iam::123837392027:user/bert-jan,arn:aws:secretsmanager:us-east-1:123837392027:secret:stratus-red-team-retrieve-secret-8-2aONLk,GetSecretValue,1
invictus_enriched.csv:422,arn:aws:iam::123837392027:user/bert-jan,arn:aws:secretsmanager:us-east-1:123837392027:secret:stratus-red-team-retrieve-secret-17-QaRzei,GetSecretValue,1
invictus_enriched.csv:423,arn:aws:iam::123837392027:user/bert-jan,SYMMETRIC_DEFAULT,Decrypt,0
invictus_enriched.csv:424,arn:aws:iam::123837392027:user/bert-jan,arn:aws:secretsmanager:us-east-1:123837392027:secret:stratus-red-team-retrieve-secret-2-agquim,GetSecretValue,1
invictus_enriched.csv:425,arn:aws:iam::123837392027:user/bert-jan,arn:aws:secretsmanager:us-east-1:123837392027:secret:stratus-red-team-retrieve-secret-10-agquim,GetSecretValue,1
invictus_enriched.csv:426,arn:aws:iam::123837392027:user/bert-jan,SYMMETRIC_DEFAULT,Decrypt,0
invictus_enriched.csv:427,arn:aws:iam::123837392027:user/bert-jan,SYMMETRIC_DEFAULT,Decrypt,0
invictus_enriched.csv:428,arn:aws:iam::123837392027:user/bert-jan,SYMMETRIC_DEFAULT,Decrypt,0
invictus_enriched.csv:429,arn:aws:iam::123837392027:user/bert-jan,SYMMETRIC_DEFAULT,Decrypt,0
invictus_enriched.csv:430,arn:aws:iam::123837392027:user/bert-jan,SYMMETRIC_DEFAULT,Decrypt,0
invictus_enriched.csv:431,arn:aws:iam::123837392027:user/bert-jan,arn:aws:secretsmanager:us-east-1:123837392027:secret:stratus-red-team-retrieve-secret-19-0HEVow,GetSecretValue,1
invictus_enriched.csv:432,arn:aws:iam::123837392027:user/bert-jan,arn:aws:secretsmanager:us-east-1:123837392027:secret:stratus-red-team-retrieve-secret-12-mwz4gq,GetSecretValue,1
invictus_enriched.csv:433,arn:aws:iam::123837392027:user/bert-jan,arn:aws:secretsmanager:us-east-1:123837392027:secret:stratus-red-team-retrieve-secret-5-iugd0p,GetSecretValue,1
invictus_enriched.csv:434,arn:aws:iam::123837392027:user/bert-jan,arn:aws:secretsmanager:us-east-1:123837392027:secret:stratus-red-team-retrieve-secret-13-nFvpuv,GetSecretValue,1
invictus_enriched.csv:435,arn:aws:iam::123837392027:user/bert-jan,SYMMETRIC_DEFAULT,Decrypt,0
invictus_enriched.csv:436,arn:aws:iam::123837392027:user/bert-jan,SYMMETRIC_DEFAULT,Decrypt,0
invictus_enriched.csv:437,arn:aws:iam::123837392027:user/bert-jan,SYMMETRIC_DEFAULT,Decrypt,0
invictus_enriched.csv:438,arn:aws:iam::123837392027:user/bert-jan,SYMMETRIC_DEFAULT,Decrypt,0
invictus_enriched.csv:439,arn:aws:iam::123837392027:user/bert-jan,arn:aws:secretsmanager:us-east-1:123837392027:secret:stratus-red-team-retrieve-secret-1-ywtiPr,GetSecretValue,1
invictus_enriched.csv:440,arn:aws:iam::123837392027:user/bert-jan,arn:aws:secretsmanager:us-east-1:123837392027:secret:stratus-red-team-retrieve-secret-3-i1OGGG,GetSecretValue,1
invictus_enriched.csv:441,arn:aws:iam::123837392027:user/bert-jan,arn:aws:secretsmanager:us-east-1:123837392027:secret:stratus-red-team-retrieve-secret-15-wL771x,GetSecretValue,1
invictus_enriched.csv:442,arn:aws:iam::123837392027:user/bert-jan,arn:aws:secretsmanager:us-east-1:123837392027:secret:stratus-red-team-retrieve-secret-6-fAVH0t,GetSecretValue,1
invictus_enriched.csv:443,arn:aws:iam::123837392027:user/bert-jan,SYMMETRIC_DEFAULT,Decrypt,0
invictus_enriched.csv:444,arn:aws:iam::123837392027:user/bert-jan,SYMMETRIC_DEFAULT,Decrypt,0
invictus_enriched.csv:445,arn:aws:iam::123837392027:user/bert-jan,SYMMETRIC_DEFAULT,Decrypt,0
invictus_enriched.csv:446,arn:aws:iam::123837392027:user/bert-jan,arn:aws:secretsmanager:us-east-1:123837392027:secret:stratus-red-team-retrieve-secret-9-7ChiHt,GetSecretValue,1
invictus_enriched.csv:447,arn:aws:iam::123837392027:user/bert-jan,arn:aws:secretsmanager:us-east-1:123837392027:secret:stratus-red-team-retrieve-secret-7-nFvpuv,GetSecretValue,1
invictus_enriched.csv:448,arn:aws:iam::123837392027:user/bert-jan,aws_service,DescribeAccountAttributes,0
invictus_enriched.csv:449,arn:aws:iam::123837392027:user/bert-jan,aws_service,GetUser,0
invictus_enriched.csv:450,arn:aws:iam::123837392027:user/bert-jan,aws_service,GetUser,0
invictus_enriched.csv:451,arn:aws:iam::123837392027:user/bert-jan,aws_service,DescribeParameters,0
invictus_enriched.csv:452,arn:aws:iam::123837392027:user/bert-jan,SYMMETRIC_DEFAULT,Decrypt,0
invictus_enriched.csv:453,arn:aws:iam::123837392027:user/bert-jan,aws_service,DescribeParameters,0
invictus_enriched.csv:454,arn:aws:iam::123837392027:user/bert-jan,alias/aws/ssm,Encrypt,0
invictus_enriched.csv:455,arn:aws:iam::123837392027:user/bert-jan,/credentials/stratus-red-team/credentials-12,GetParameter,0
invictus_enriched.csv:456,arn:aws:iam::123837392027:user/bert-jan,/credentials/stratus-red-team/credentials-6,PutParameter,0
invictus_enriched.csv:457,arn:aws:iam::123837392027:user/bert-jan,/credentials/stratus-red-team/credentials-12,PutParameter,0
invictus_enriched.csv:458,arn:aws:iam::123837392027:user/bert-jan,SYMMETRIC_DEFAULT,Decrypt,0
invictus_enriched.csv:459,arn:aws:iam::123837392027:user/bert-jan,alias/aws/ssm,Encrypt,0
invictus_enriched.csv:460,arn:aws:iam::123837392027:user/bert-jan,/credentials/stratus-red-team/credentials-5,GetParameter,0
invictus_enriched.csv:461,arn:aws:iam::123837392027:user/bert-jan,alias/aws/ssm,Encrypt,0
invictus_enriched.csv:462,arn:aws:iam::123837392027:user/bert-jan,SYMMETRIC_DEFAULT,Decrypt,0
invictus_enriched.csv:463,arn:aws:iam::123837392027:user/bert-jan,aws_service,DescribeParameters,0
invictus_enriched.csv:464,arn:aws:iam::123837392027:user/bert-jan,aws_service,DescribeParameters,0
invictus_enriched.csv:465,arn:aws:iam::123837392027:user/bert-jan,/credentials/stratus-red-team/credentials-6,GetParameter,0
invictus_enriched.csv:466,arn:aws:iam::123837392027:user/bert-jan,aws_service,DescribeParameters,0
invictus_enriched.csv:467,arn:aws:iam::123837392027:user/bert-jan,/credentials/stratus-red-team/credentials-17,PutParameter,0
invictus_enriched.csv:468,arn:aws:iam::123837392027:user/bert-jan,/credentials/stratus-red-team/credentials-22,PutParameter,0
invictus_enriched.csv:469,arn:aws:iam::123837392027:user/bert-jan,/credentials/stratus-red-team/credentials-0,PutParameter,0
invictus_enriched.csv:470,arn:aws:iam::123837392027:user/bert-jan,/credentials/stratus-red-team/credentials-2,PutParameter,0
invictus_enriched.csv:471,arn:aws:iam::123837392027:user/bert-jan,/credentials/stratus-red-team/credentials-40,PutParameter,0
invictus_enriched.csv:472,arn:aws:iam::123837392027:user/bert-jan,/credentials/stratus-red-team/credentials-34,PutParameter,0
invictus_enriched.csv:473,arn:aws:iam::123837392027:user/bert-jan,SYMMETRIC_DEFAULT,Decrypt,0
invictus_enriched.csv:474,arn:aws:iam::123837392027:user/bert-jan,SYMMETRIC_DEFAULT,Decrypt,0
invictus_enriched.csv:475,arn:aws:iam::123837392027:user/bert-jan,/credentials/stratus-red-team/credentials-30,GetParameter,0
invictus_enriched.csv:476,arn:aws:iam::123837392027:user/bert-jan,alias/aws/ssm,Encrypt,0
invictus_enriched.csv:477,arn:aws:iam::123837392027:user/bert-jan,/credentials/stratus-red-team/credentials-17,GetParameter,0
invictus_enriched.csv:478,arn:aws:iam::123837392027:user/bert-jan,/credentials/stratus-red-team/credentials-2,GetParameter,0
invictus_enriched.csv:479,arn:aws:iam::123837392027:user/bert-jan,/credentials/stratus-red-team/credentials-34,GetParameter,0
invictus_enriched.csv:480,arn:aws:iam::123837392027:user/bert-jan,SYMMETRIC_DEFAULT,Decrypt,0
invictus_enriched.csv:481,arn:aws:iam::123837392027:user/bert-jan,alias/aws/ssm,Encrypt,0
invictus_enriched.csv:482,arn:aws:iam::123837392027:user/bert-jan,SYMMETRIC_DEFAULT,Decrypt,0
invictus_enriched.csv:483,arn:aws:iam::123837392027:user/bert-jan,/credentials/stratus-red-team/credentials-0,GetParameter,0
invictus_enriched.csv:484,arn:aws:iam::123837392027:user/bert-jan,/credentials/stratus-red-team/credentials-5,PutParameter,0
invictus_enriched.csv:485,arn:aws:iam::123837392027:user/bert-jan,/credentials/stratus-red-team/credentials-30,PutParameter,0
invictus_enriched.csv:486,arn:aws:iam::123837392027:user/bert-jan,alias/aws/ssm,Encrypt,0
invictus_enriched.csv:487,arn:aws:iam::123837392027:user/bert-jan,/credentials/stratus-red-team/credentials-22,GetParameter,0
invictus_enriched.csv:488,arn:aws:iam::123837392027:user/bert-jan,alias/aws/ssm,Encrypt,0
invictus_enriched.csv:489,arn:aws:iam::123837392027:user/bert-jan,/credentials/stratus-red-team/credentials-40,GetParameter,0
invictus_enriched.csv:490,arn:aws:iam::123837392027:user/bert-jan,alias/aws/ssm,Encrypt,0
invictus_enriched.csv:491,arn:aws:iam::123837392027:user/bert-jan,SYMMETRIC_DEFAULT,Decrypt,0
invictus_enriched.csv:492,arn:aws:iam::123837392027:user/bert-jan,SYMMETRIC_DEFAULT,Decrypt,0
invictus_enriched.csv:493,arn:aws:iam::123837392027:user/bert-jan,alias/aws/ssm,Encrypt,0
invictus_enriched.csv:494,arn:aws:iam::123837392027:user/bert-jan,SYMMETRIC_DEFAULT,Decrypt,0
invictus_enriched.csv:495,arn:aws:iam::123837392027:user/bert-jan,alias/aws/ssm,Encrypt,0
invictus_enriched.csv:496,arn:aws:iam::123837392027:user/bert-jan,alias/aws/ssm,Encrypt,0
invictus_enriched.csv:497,arn:aws:iam::123837392027:user/bert-jan,Parameter,ListTagsForResource,0
invictus_enriched.csv:498,arn:aws:iam::123837392027:user/bert-jan,Parameter,ListTagsForResource,0
invictus_enriched.csv:499,arn:aws:iam::123837392027:user/bert-jan,Parameter,ListTagsForResource,0
invictus_enriched.csv:500,arn:aws:iam::123837392027:user/bert-jan,alias/aws/ssm,Encrypt,0
invictus_enriched.csv:501,arn:aws:iam::123837392027:user/bert-jan,/credentials/stratus-red-team/credentials-10,PutParameter,0
invictus_enriched.csv:502,arn:aws:iam::123837392027:user/bert-jan,Parameter,ListTagsForResource,0
invictus_enriched.csv:503,arn:aws:iam::123837392027:user/bert-jan,aws_service,DescribeParameters,0
invictus_enriched.csv:504,arn:aws:iam::123837392027:user/bert-jan,alias/aws/ssm,Encrypt,0
invictus_enriched.csv:505,arn:aws:iam::123837392027:user/bert-jan,alias/aws/ssm,Encrypt,0
invictus_enriched.csv:506,arn:aws:iam::123837392027:user/bert-jan,alias/aws/ssm,Encrypt,0
invictus_enriched.csv:507,arn:aws:iam::123837392027:user/bert-jan,Parameter,ListTagsForResource,0
invictus_enriched.csv:508,arn:aws:iam::123837392027:user/bert-jan,Parameter,ListTagsForResource,0
invictus_enriched.csv:509,arn:aws:iam::123837392027:user/bert-jan,/credentials/stratus-red-team/credentials-8,PutParameter,0
invictus_enriched.csv:510,arn:aws:iam::123837392027:user/bert-jan,aws_service,DescribeParameters,0
invictus_enriched.csv:511,arn:aws:iam::123837392027:user/bert-jan,alias/aws/ssm,Encrypt,0
invictus_enriched.csv:512,arn:aws:iam::123837392027:user/bert-jan,aws_service,DescribeParameters,0
invictus_enriched.csv:513,arn:aws:iam::123837392027:user/bert-jan,/credentials/stratus-red-team/credentials-35,PutParameter,0
invictus_enriched.csv:514,arn:aws:iam::123837392027:user/bert-jan,/credentials/stratus-red-team/credentials-31,PutParameter,0
invictus_enriched.csv:515,arn:aws:iam::123837392027:user/bert-jan,/credentials/stratus-red-team/credentials-14,PutParameter,0
invictus_enriched.csv:516,arn:aws:iam::123837392027:user/bert-jan,/credentials/stratus-red-team/credentials-41,PutParameter,0
invictus_enriched.csv:517,arn:aws:iam::123837392027:user/bert-jan,aws_service,DescribeParameters,0
invictus_enriched.csv:518,arn:aws:iam::123837392027:user/bert-jan,Parameter,ListTagsForResource,0
invictus_enriched.csv:519,arn:aws:iam::123837392027:user/bert-jan,Parameter,ListTagsForResource,0
invictus_enriched.csv:520,arn:aws:iam::123837392027:user/bert-jan,alias/aws/ssm,Encrypt,0
invictus_enriched.csv:521,arn:aws:iam::123837392027:user/bert-jan,/credentials/stratus-red-team/credentials-23,PutParameter,0
invictus_enriched.csv:522,arn:aws:iam::123837392027:user/bert-jan,alias/aws/ssm,Encrypt,0
invictus_enriched.csv:523,arn:aws:iam::123837392027:user/bert-jan,/credentials/stratus-red-team/credentials-25,PutParameter,0
invictus_enriched.csv:524,arn:aws:iam::123837392027:user/bert-jan,alias/aws/ssm,Encrypt,0
invictus_enriched.csv:525,arn:aws:iam::123837392027:user/bert-jan,aws_service,DescribeParameters,0
invictus_enriched.csv:526,arn:aws:iam::123837392027:user/bert-jan,/credentials/stratus-red-team/credentials-19,PutParameter,0
invictus_enriched.csv:527,arn:aws:iam::123837392027:user/bert-jan,/credentials/stratus-red-team/credentials-7,PutParameter,0
invictus_enriched.csv:528,arn:aws:iam::123837392027:user/bert-jan,Parameter,ListTagsForResource,0
invictus_enriched.csv:529,arn:aws:iam::123837392027:user/bert-jan,Parameter,ListTagsForResource,0
invictus_enriched.csv:530,arn:aws:iam::123837392027:user/bert-jan,alias/aws/ssm,Encrypt,0
invictus_enriched.csv:531,arn:aws:iam::123837392027:user/bert-jan,/credentials/stratus-red-team/credentials-7,GetParameter,0
invictus_enriched.csv:532,arn:aws:iam::123837392027:user/bert-jan,SYMMETRIC_DEFAULT,Decrypt,0
invictus_enriched.csv:533,arn:aws:iam::123837392027:user/bert-jan,SYMMETRIC_DEFAULT,Decrypt,0
invictus_enriched.csv:534,arn:aws:iam::123837392027:user/bert-jan,/credentials/stratus-red-team/credentials-10,GetParameter,0
invictus_enriched.csv:535,arn:aws:iam::123837392027:user/bert-jan,SYMMETRIC_DEFAULT,Decrypt,0
invictus_enriched.csv:536,arn:aws:iam::123837392027:user/bert-jan,/credentials/stratus-red-team/credentials-35,GetParameter,0
invictus_enriched.csv:537,arn:aws:iam::123837392027:user/bert-jan,/credentials/stratus-red-team/credentials-19,GetParameter,0
invictus_enriched.csv:538,arn:aws:iam::123837392027:user/bert-jan,aws_service,DescribeParameters,0
invictus_enriched.csv:539,arn:aws:iam::123837392027:user/bert-jan,SYMMETRIC_DEFAULT,Decrypt,0
invictus_enriched.csv:540,arn:aws:iam::123837392027:user/bert-jan,aws_service,DescribeParameters,0
invictus_enriched.csv:541,arn:aws:iam::123837392027:user/bert-jan,/credentials/stratus-red-team/credentials-41,GetParameter,0
invictus_enriched.csv:542,arn:aws:iam::123837392027:user/bert-jan,aws_service,DescribeParameters,0
invictus_enriched.csv:543,arn:aws:iam::123837392027:user/bert-jan,/credentials/stratus-red-team/credentials-14,GetParameter,0
invictus_enriched.csv:544,arn:aws:iam::123837392027:user/bert-jan,SYMMETRIC_DEFAULT,Decrypt,0
invictus_enriched.csv:545,arn:aws:iam::123837392027:user/bert-jan,aws_service,DescribeParameters,0
invictus_enriched.csv:546,arn:aws:iam::123837392027:user/bert-jan,aws_service,DescribeParameters,0
invictus_enriched.csv:547,arn:aws:iam::123837392027:user/bert-jan,aws_service,DescribeParameters,0
invictus_enriched.csv:548,arn:aws:iam::123837392027:user/bert-jan,/credentials/stratus-red-team/credentials-31,GetParameter,0
invictus_enriched.csv:549,arn:aws:iam::123837392027:user/bert-jan,aws_service,DescribeParameters,0
invictus_enriched.csv:550,arn:aws:iam::123837392027:user/bert-jan,SYMMETRIC_DEFAULT,Decrypt,0
invictus_enriched.csv:551,arn:aws:iam::123837392027:user/bert-jan,/credentials/stratus-red-team/credentials-25,GetParameter,0
invictus_enriched.csv:552,arn:aws:iam::123837392027:user/bert-jan,aws_service,DescribeParameters,0
invictus_enriched.csv:553,arn:aws:iam::123837392027:user/bert-jan,/credentials/stratus-red-team/credentials-8,GetParameter,0
invictus_enriched.csv:554,arn:aws:iam::123837392027:user/bert-jan,/credentials/stratus-red-team/credentials-23,GetParameter,0
invictus_enriched.csv:555,arn:aws:iam::123837392027:user/bert-jan,SYMMETRIC_DEFAULT,Decrypt,0
invictus_enriched.csv:556,arn:aws:iam::123837392027:user/bert-jan,aws_service,DescribeParameters,0
invictus_enriched.csv:557,arn:aws:iam::123837392027:user/bert-jan,aws_service,DescribeParameters,0
invictus_enriched.csv:558,arn:aws:iam::123837392027:user/bert-jan,SYMMETRIC_DEFAULT,Decrypt,0
invictus_enriched.csv:559,arn:aws:iam::123837392027:user/bert-jan,SYMMETRIC_DEFAULT,Decrypt,0
invictus_enriched.csv:560,arn:aws:iam::123837392027:user/bert-jan,SYMMETRIC_DEFAULT,Decrypt,0
invictus_enriched.csv:561,arn:aws:iam::123837392027:user/bert-jan,Parameter,ListTagsForResource,0
invictus_enriched.csv:562,arn:aws:iam::123837392027:user/bert-jan,aws_service,PutParameter,0
invictus_enriched.csv:563,arn:aws:iam::123837392027:user/bert-jan,aws_service,PutParameter,0
invictus_enriched.csv:564,arn:aws:iam::123837392027:user/bert-jan,Parameter,ListTagsForResource,0
invictus_enriched.csv:565,arn:aws:iam::123837392027:user/bert-jan,Parameter,ListTagsForResource,0
invictus_enriched.csv:566,arn:aws:iam::123837392027:user/bert-jan,Parameter,ListTagsForResource,0
invictus_enriched.csv:567,arn:aws:iam::123837392027:user/bert-jan,Parameter,ListTagsForResource,0
invictus_enriched.csv:568,arn:aws:iam::123837392027:user/bert-jan,aws_service,PutParameter,0
invictus_enriched.csv:569,arn:aws:iam::123837392027:user/bert-jan,aws_service,PutParameter,0
invictus_enriched.csv:570,arn:aws:iam::123837392027:user/bert-jan,aws_service,PutParameter,0
invictus_enriched.csv:571,arn:aws:iam::123837392027:user/bert-jan,aws_service,PutParameter,0
invictus_enriched.csv:572,arn:aws:iam::123837392027:user/bert-jan,Parameter,ListTagsForResource,0
invictus_enriched.csv:573,arn:aws:sts::123837392027:assumed-role/stratus-red-team-ec2-steal-credentials-role/i-0dbc91f429e48eeed,i-0dbc91f429e48eeed,UpdateInstanceAssociationStatus,0
invictus_enriched.csv:574,arn:aws:sts::123837392027:assumed-role/stratus-red-team-ec2-steal-credentials-role/i-0dbc91f429e48eeed,i-0dbc91f429e48eeed,PutInventory,0
invictus_enriched.csv:575,arn:aws:iam::123837392027:user/bert-jan,Parameter,ListTagsForResource,0
invictus_enriched.csv:576,arn:aws:iam::123837392027:user/bert-jan,aws_service,PutParameter,0
invictus_enriched.csv:577,arn:aws:iam::123837392027:user/bert-jan,Parameter,ListTagsForResource,0
invictus_enriched.csv:578,arn:aws:sts::123837392027:assumed-role/stratus-red-team-ec2-steal-credentials-role/i-0dbc91f429e48eeed,i-0dbc91f429e48eeed,UpdateInstanceAssociationStatus,0
invictus_enriched.csv:579,arn:aws:sts::123837392027:assumed-role/stratus-red-team-ec2-steal-credentials-role/i-0dbc91f429e48eeed,i-0dbc91f429e48eeed,PutComplianceItems,0
invictus_enriched.csv:580,arn:aws:iam::123837392027:user/bert-jan,aws_service,PutParameter,0
invictus_enriched.csv:581,arn:aws:iam::123837392027:user/bert-jan,aws_service,PutParameter,0
invictus_enriched.csv:582,arn:aws:iam::123837392027:user/bert-jan,Parameter,ListTagsForResource,0
invictus_enriched.csv:583,arn:aws:iam::123837392027:user/bert-jan,aws_service,PutParameter,0
invictus_enriched.csv:584,arn:aws:iam::123837392027:user/bert-jan,Parameter,ListTagsForResource,0
invictus_enriched.csv:585,arn:aws:iam::123837392027:user/bert-jan,aws_service,PutParameter,0
invictus_enriched.csv:586,arn:aws:iam::123837392027:user/bert-jan,alias/aws/ssm,Encrypt,0
invictus_enriched.csv:587,arn:aws:iam::123837392027:user/bert-jan,/credentials/stratus-red-team/credentials-39,PutParameter,0
invictus_enriched.csv:588,arn:aws:iam::123837392027:user/bert-jan,SYMMETRIC_DEFAULT,Decrypt,0
invictus_enriched.csv:589,arn:aws:iam::123837392027:user/bert-jan,aws_service,PutParameter,0
invictus_enriched.csv:590,arn:aws:iam::123837392027:user/bert-jan,alias/aws/ssm,Encrypt,0
invictus_enriched.csv:591,arn:aws:iam::123837392027:user/bert-jan,/credentials/stratus-red-team/credentials-16,PutParameter,0
invictus_enriched.csv:592,arn:aws:iam::123837392027:user/bert-jan,aws_service,PutParameter,0
invictus_enriched.csv:593,arn:aws:iam::123837392027:user/bert-jan,/credentials/stratus-red-team/credentials-39,GetParameter,0
invictus_enriched.csv:594,arn:aws:iam::123837392027:user/bert-jan,/credentials/stratus-red-team/credentials-4,GetParameter,0
invictus_enriched.csv:595,arn:aws:iam::123837392027:user/bert-jan,/credentials/stratus-red-team/credentials-4,PutParameter,0
invictus_enriched.csv:596,arn:aws:iam::123837392027:user/bert-jan,aws_service,PutParameter,0
invictus_enriched.csv:597,arn:aws:iam::123837392027:user/bert-jan,alias/aws/ssm,Encrypt,0
invictus_enriched.csv:598,arn:aws:iam::123837392027:user/bert-jan,alias/aws/ssm,Encrypt,0
invictus_enriched.csv:599,arn:aws:iam::123837392027:user/bert-jan,/credentials/stratus-red-team/credentials-3,PutParameter,0
invictus_enriched.csv:600,arn:aws:iam::123837392027:user/bert-jan,SYMMETRIC_DEFAULT,Decrypt,0
invictus_enriched.csv:601,arn:aws:iam::123837392027:user/bert-jan,aws_service,PutParameter,0
invictus_enriched.csv:602,arn:aws:iam::123837392027:user/bert-jan,aws_service,PutParameter,0
invictus_enriched.csv:603,arn:aws:iam::123837392027:user/bert-jan,aws_service,DescribeParameters,0
invictus_enriched.csv:604,arn:aws:iam::123837392027:user/bert-jan,Parameter,ListTagsForResource,0
invictus_enriched.csv:605,arn:aws:iam::123837392027:user/bert-jan,Parameter,ListTagsForResource,0
invictus_enriched.csv:606,arn:aws:iam::123837392027:user/bert-jan,/credentials/stratus-red-team/credentials-16,GetParameter,0
invictus_enriched.csv:607,arn:aws:iam::123837392027:user/bert-jan,Parameter,ListTagsForResource,0
invictus_enriched.csv:608,arn:aws:iam::123837392027:user/bert-jan,/credentials/stratus-red-team/credentials-3,GetParameter,0
invictus_enriched.csv:609,arn:aws:iam::123837392027:user/bert-jan,SYMMETRIC_DEFAULT,Decrypt,0
invictus_enriched.csv:610,arn:aws:iam::123837392027:user/bert-jan,Parameter,ListTagsForResource,0
invictus_enriched.csv:611,arn:aws:iam::123837392027:user/bert-jan,aws_service,DescribeParameters,0
invictus_enriched.csv:612,arn:aws:iam::123837392027:user/bert-jan,SYMMETRIC_DEFAULT,Decrypt,0
invictus_enriched.csv:613,arn:aws:iam::123837392027:user/bert-jan,aws_service,DescribeParameters,0
invictus_enriched.csv:614,arn:aws:iam::123837392027:user/bert-jan,aws_service,DescribeParameters,0
invictus_enriched.csv:615,arn:aws:iam::123837392027:user/bert-jan,alias/aws/ssm,Encrypt,0
invictus_enriched.csv:616,arn:aws:iam::123837392027:user/bert-jan,/credentials/stratus-red-team/credentials-27,GetParameter,0
invictus_enriched.csv:617,arn:aws:iam::123837392027:user/bert-jan,SYMMETRIC_DEFAULT,Decrypt,0
invictus_enriched.csv:618,arn:aws:iam::123837392027:user/bert-jan,SYMMETRIC_DEFAULT,Decrypt,0
invictus_enriched.csv:619,arn:aws:iam::123837392027:user/bert-jan,alias/aws/ssm,Encrypt,0
invictus_enriched.csv:620,arn:aws:iam::123837392027:user/bert-jan,/credentials/stratus-red-team/credentials-18,PutParameter,0
invictus_enriched.csv:621,arn:aws:iam::123837392027:user/bert-jan,/credentials/stratus-red-team/credentials-13,GetParameter,0
invictus_enriched.csv:622,arn:aws:iam::123837392027:user/bert-jan,/credentials/stratus-red-team/credentials-21,GetParameter,0
invictus_enriched.csv:623,arn:aws:iam::123837392027:user/bert-jan,/credentials/stratus-red-team/credentials-13,PutParameter,0
invictus_enriched.csv:624,arn:aws:iam::123837392027:user/bert-jan,/credentials/stratus-red-team/credentials-15,GetParameter,0
invictus_enriched.csv:625,arn:aws:iam::123837392027:user/bert-jan,alias/aws/ssm,Encrypt,0
invictus_enriched.csv:626,arn:aws:iam::123837392027:user/bert-jan,SYMMETRIC_DEFAULT,Decrypt,0
invictus_enriched.csv:627,arn:aws:iam::123837392027:user/bert-jan,/credentials/stratus-red-team/credentials-27,PutParameter,0
invictus_enriched.csv:628,arn:aws:iam::123837392027:user/bert-jan,/credentials/stratus-red-team/credentials-21,PutParameter,0
invictus_enriched.csv:629,arn:aws:iam::123837392027:user/bert-jan,aws_service,PutParameter,0
invictus_enriched.csv:630,arn:aws:iam::123837392027:user/bert-jan,/credentials/stratus-red-team/credentials-18,GetParameter,0
invictus_enriched.csv:631,arn:aws:iam::123837392027:user/bert-jan,alias/aws/ssm,Encrypt,0
invictus_enriched.csv:632,arn:aws:iam::123837392027:user/bert-jan,SYMMETRIC_DEFAULT,Decrypt,0
invictus_enriched.csv:633,arn:aws:iam::123837392027:user/bert-jan,SYMMETRIC_DEFAULT,Decrypt,0
invictus_enriched.csv:634,arn:aws:iam::123837392027:user/bert-jan,aws_service,PutParameter,0
invictus_enriched.csv:635,arn:aws:iam::123837392027:user/bert-jan,aws_service,PutParameter,0
invictus_enriched.csv:636,arn:aws:iam::123837392027:user/bert-jan,alias/aws/ssm,Encrypt,0
invictus_enriched.csv:637,arn:aws:iam::123837392027:user/bert-jan,SYMMETRIC_DEFAULT,Decrypt,0
invictus_enriched.csv:638,arn:aws:iam::123837392027:user/bert-jan,alias/aws/ssm,Encrypt,0
invictus_enriched.csv:639,arn:aws:iam::123837392027:user/bert-jan,/credentials/stratus-red-team/credentials-15,PutParameter,0
invictus_enriched.csv:640,arn:aws:iam::123837392027:user/bert-jan,aws_service,PutParameter,0
invictus_enriched.csv:641,arn:aws:iam::123837392027:user/bert-jan,/credentials/stratus-red-team/credentials-33,PutParameter,0
invictus_enriched.csv:642,arn:aws:iam::123837392027:user/bert-jan,/credentials/stratus-red-team/credentials-33,GetParameter,0
invictus_enriched.csv:643,arn:aws:iam::123837392027:user/bert-jan,/credentials/stratus-red-team/credentials-24,PutParameter,0
invictus_enriched.csv:644,arn:aws:iam::123837392027:user/bert-jan,aws_service,PutParameter,0
invictus_enriched.csv:645,arn:aws:iam::123837392027:user/bert-jan,alias/aws/ssm,Encrypt,0
invictus_enriched.csv:646,arn:aws:iam::123837392027:user/bert-jan,aws_service,DescribeParameters,0
invictus_enriched.csv:647,arn:aws:iam::123837392027:user/bert-jan,aws_service,DescribeParameters,0
invictus_enriched.csv:648,arn:aws:iam::123837392027:user/bert-jan,aws_service,DescribeParameters,0
invictus_enriched.csv:649,arn:aws:iam::123837392027:user/bert-jan,aws_service,DescribeParameters,0
invictus_enriched.csv:650,arn:aws:iam::123837392027:user/bert-jan,alias/aws/ssm,Encrypt,0
invictus_enriched.csv:651,arn:aws:iam::123837392027:user/bert-jan,Parameter,ListTagsForResource,0
invictus_enriched.csv:652,arn:aws:iam::123837392027:user/bert-jan,Parameter,ListTagsForResource,0
invictus_enriched.csv:653,arn:aws:iam::123837392027:user/bert-jan,aws_service,DescribeParameters,0
invictus_enriched.csv:654,arn:aws:iam::123837392027:user/bert-jan,/credentials/stratus-red-team/credentials-32,PutParameter,0
invictus_enriched.csv:655,arn:aws:iam::123837392027:user/bert-jan,/credentials/stratus-red-team/credentials-29,PutParameter,0
invictus_enriched.csv:656,arn:aws:iam::123837392027:user/bert-jan,aws_service,PutParameter,0
invictus_enriched.csv:657,arn:aws:iam::123837392027:user/bert-jan,alias/aws/ssm,Encrypt,0
invictus_enriched.csv:658,arn:aws:iam::123837392027:user/bert-jan,Parameter,ListTagsForResource,0
invictus_enriched.csv:659,arn:aws:iam::123837392027:user/bert-jan,aws_service,DescribeParameters,0
invictus_enriched.csv:660,arn:aws:iam::123837392027:user/bert-jan,Parameter,ListTagsForResource,0
invictus_enriched.csv:661,arn:aws:iam::123837392027:user/bert-jan,Parameter,ListTagsForResource,0
invictus_enriched.csv:662,arn:aws:iam::123837392027:user/bert-jan,Parameter,ListTagsForResource,0
invictus_enriched.csv:663,arn:aws:iam::123837392027:user/bert-jan,alias/aws/ssm,Encrypt,0
invictus_enriched.csv:664,arn:aws:iam::123837392027:user/bert-jan,aws_service,DescribeParameters,0
invictus_enriched.csv:665,arn:aws:iam::123837392027:user/bert-jan,/credentials/stratus-red-team/credentials-36,GetParameter,0
invictus_enriched.csv:666,arn:aws:iam::123837392027:user/bert-jan,aws_service,PutParameter,0
invictus_enriched.csv:667,arn:aws:iam::123837392027:user/bert-jan,/credentials/stratus-red-team/credentials-24,GetParameter,0
invictus_enriched.csv:668,arn:aws:iam::123837392027:user/bert-jan,/credentials/stratus-red-team/credentials-36,PutParameter,0
invictus_enriched.csv:669,arn:aws:iam::123837392027:user/bert-jan,SYMMETRIC_DEFAULT,Decrypt,0
invictus_enriched.csv:670,arn:aws:iam::123837392027:user/bert-jan,SYMMETRIC_DEFAULT,Decrypt,0
invictus_enriched.csv:671,arn:aws:iam::123837392027:user/bert-jan,/credentials/stratus-red-team/credentials-32,GetParameter,0
invictus_enriched.csv:672,arn:aws:iam::123837392027:user/bert-jan,aws_service,DescribeParameters,0
invictus_enriched.csv:673,arn:aws:iam::123837392027:user/bert-jan,aws_service,PutParameter,0
invictus_enriched.csv:674,arn:aws:iam::123837392027:user/bert-jan,/credentials/stratus-red-team/credentials-29,GetParameter,0
invictus_enriched.csv:675,arn:aws:iam::123837392027:user/bert-jan,SYMMETRIC_DEFAULT,Decrypt,0
invictus_enriched.csv:676,arn:aws:iam::123837392027:user/bert-jan,aws_service,DescribeParameters,0
invictus_enriched.csv:677,arn:aws:iam::123837392027:user/bert-jan,SYMMETRIC_DEFAULT,Decrypt,0
invictus_enriched.csv:678,arn:aws:iam::123837392027:user/bert-jan,aws_service,DescribeParameters,0
invictus_enriched.csv:679,arn:aws:iam::123837392027:user/bert-jan,SYMMETRIC_DEFAULT,Decrypt,0
invictus_enriched.csv:680,arn:aws:iam::123837392027:user/bert-jan,/credentials/stratus-red-team/credentials-38,GetParameter,0
invictus_enriched.csv:681,arn:aws:iam::123837392027:user/bert-jan,Parameter,ListTagsForResource,0
invictus_enriched.csv:682,arn:aws:iam::123837392027:user/bert-jan,alias/aws/ssm,Encrypt,0
invictus_enriched.csv:683,arn:aws:iam::123837392027:user/bert-jan,alias/aws/ssm,Encrypt,0
invictus_enriched.csv:684,arn:aws:iam::123837392027:user/bert-jan,Parameter,ListTagsForResource,0
invictus_enriched.csv:685,arn:aws:iam::123837392027:user/bert-jan,/credentials/stratus-red-team/credentials-1,PutParameter,0
invictus_enriched.csv:686,arn:aws:iam::123837392027:user/bert-jan,/credentials/stratus-red-team/credentials-38,PutParameter,0
invictus_enriched.csv:687,arn:aws:iam::123837392027:user/bert-jan,Parameter,ListTagsForResource,0
invictus_enriched.csv:688,arn:aws:iam::123837392027:user/bert-jan,Parameter,ListTagsForResource,0
invictus_enriched.csv:689,arn:aws:iam::123837392027:user/bert-jan,/credentials/stratus-red-team/credentials-37,GetParameter,0
invictus_enriched.csv:690,arn:aws:iam::123837392027:user/bert-jan,alias/aws/ssm,Encrypt,0
invictus_enriched.csv:691,arn:aws:iam::123837392027:user/bert-jan,SYMMETRIC_DEFAULT,Decrypt,0
invictus_enriched.csv:692,arn:aws:iam::123837392027:user/bert-jan,/credentials/stratus-red-team/credentials-37,PutParameter,0
invictus_enriched.csv:693,arn:aws:iam::123837392027:user/bert-jan,/credentials/stratus-red-team/credentials-28,PutParameter,0
invictus_enriched.csv:694,arn:aws:iam::123837392027:user/bert-jan,Parameter,ListTagsForResource,0
invictus_enriched.csv:695,arn:aws:iam::123837392027:user/bert-jan,Parameter,ListTagsForResource,0
invictus_enriched.csv:696,arn:aws:iam::123837392027:user/bert-jan,Parameter,ListTagsForResource,0
invictus_enriched.csv:697,arn:aws:iam::123837392027:user/bert-jan,SYMMETRIC_DEFAULT,Decrypt,0
invictus_enriched.csv:698,arn:aws:iam::123837392027:user/bert-jan,SYMMETRIC_DEFAULT,Decrypt,0
invictus_enriched.csv:699,arn:aws:iam::123837392027:user/bert-jan,alias/aws/ssm,Encrypt,0
invictus_enriched.csv:700,arn:aws:iam::123837392027:user/bert-jan,aws_service,DescribeParameters,0
invictus_enriched.csv:701,arn:aws:iam::123837392027:user/bert-jan,/credentials/stratus-red-team/credentials-28,GetParameter,0
invictus_enriched.csv:702,arn:aws:iam::123837392027:user/bert-jan,SYMMETRIC_DEFAULT,Decrypt,0
invictus_enriched.csv:703,arn:aws:iam::123837392027:user/bert-jan,/credentials/stratus-red-team/credentials-11,GetParameter,0
invictus_enriched.csv:704,arn:aws:iam::123837392027:user/bert-jan,SYMMETRIC_DEFAULT,Decrypt,0
invictus_enriched.csv:705,arn:aws:iam::123837392027:user/bert-jan,/credentials/stratus-red-team/credentials-26,GetParameter,0
invictus_enriched.csv:706,arn:aws:iam::123837392027:user/bert-jan,aws_service,DescribeParameters,0
invictus_enriched.csv:707,arn:aws:iam::123837392027:user/bert-jan,/credentials/stratus-red-team/credentials-11,PutParameter,0
invictus_enriched.csv:708,arn:aws:iam::123837392027:user/bert-jan,alias/aws/ssm,Encrypt,0
invictus_enriched.csv:709,arn:aws:iam::123837392027:user/bert-jan,/credentials/stratus-red-team/credentials-26,PutParameter,0
invictus_enriched.csv:710,arn:aws:iam::123837392027:user/bert-jan,aws_service,DescribeParameters,0
invictus_enriched.csv:711,arn:aws:iam::123837392027:user/bert-jan,alias/aws/ssm,Encrypt,0
invictus_enriched.csv:712,arn:aws:iam::123837392027:user/bert-jan,/credentials/stratus-red-team/credentials-20,PutParameter,0
invictus_enriched.csv:713,arn:aws:iam::123837392027:user/bert-jan,/credentials/stratus-red-team/credentials-1,GetParameter,0
invictus_enriched.csv:714,arn:aws:iam::123837392027:user/bert-jan,/credentials/stratus-red-team/credentials-20,GetParameter,0
invictus_enriched.csv:715,arn:aws:iam::123837392027:user/bert-jan,aws_service,DescribeParameters,0
invictus_enriched.csv:716,arn:aws:iam::123837392027:user/bert-jan,SYMMETRIC_DEFAULT,Decrypt,0
invictus_enriched.csv:717,arn:aws:iam::123837392027:user/bert-jan,alias/aws/ssm,Encrypt,0
invictus_enriched.csv:718,arn:aws:iam::123837392027:user/bert-jan,aws_service,DescribeParameters,0
invictus_enriched.csv:719,arn:aws:iam::123837392027:user/bert-jan,aws_service,DescribeParameters,0
invictus_enriched.csv:720,arn:aws:iam::123837392027:user/bert-jan,aws_service,DescribeParameters,0
invictus_enriched.csv:721,arn:aws:iam::123837392027:user/bert-jan,aws_service,DescribeParameters,0
invictus_enriched.csv:722,arn:aws:iam::123837392027:user/bert-jan,Parameter,ListTagsForResource,0
invictus_enriched.csv:723,arn:aws:iam::123837392027:user/bert-jan,Parameter,ListTagsForResource,0
invictus_enriched.csv:724,arn:aws:iam::123837392027:user/bert-jan,Parameter,ListTagsForResource,0
invictus_enriched.csv:725,arn:aws:iam::123837392027:user/bert-jan,aws_service,PutParameter,0
invictus_enriched.csv:726,arn:aws:iam::123837392027:user/bert-jan,Parameter,ListTagsForResource,0
invictus_enriched.csv:727,arn:aws:iam::123837392027:user/bert-jan,alias/aws/ssm,Encrypt,0
invictus_enriched.csv:728,arn:aws:iam::123837392027:user/bert-jan,aws_service,DescribeParameters,0
invictus_enriched.csv:729,arn:aws:iam::123837392027:user/bert-jan,SYMMETRIC_DEFAULT,Decrypt,0
invictus_enriched.csv:730,arn:aws:iam::123837392027:user/bert-jan,/credentials/stratus-red-team/credentials-9,PutParameter,0
invictus_enriched.csv:731,arn:aws:iam::123837392027:user/bert-jan,/credentials/stratus-red-team/credentials-9,GetParameter,0
invictus_enriched.csv:732,arn:aws:iam::123837392027:user/bert-jan,Parameter,ListTagsForResource,0
invictus_enriched.csv:733,arn:aws:iam::123837392027:user/bert-jan,SYMMETRIC_DEFAULT,Decrypt,0
invictus_enriched.csv:734,arn:aws:iam::123837392027:user/bert-jan,SYMMETRIC_DEFAULT,Decrypt,0
invictus_enriched.csv:735,arn:aws:iam::123837392027:user/bert-jan,aws_service,GetParameters,0
invictus_enriched.csv:736,arn:aws:iam::123837392027:user/bert-jan,SYMMETRIC_DEFAULT,Decrypt,0
invictus_enriched.csv:737,arn:aws:iam::123837392027:user/bert-jan,SYMMETRIC_DEFAULT,Decrypt,0
invictus_enriched.csv:738,arn:aws:iam::123837392027:user/bert-jan,SYMMETRIC_DEFAULT,Decrypt,0
invictus_enriched.csv:739,arn:aws:iam::123837392027:user/bert-jan,SYMMETRIC_DEFAULT,Decrypt,0
invictus_enriched.csv:740,arn:aws:iam::123837392027:user/bert-jan,SYMMETRIC_DEFAULT,Decrypt,0
invictus_enriched.csv:741,arn:aws:iam::123837392027:user/bert-jan,SYMMETRIC_DEFAULT,Decrypt,0
invictus_enriched.csv:742,arn:aws:iam::123837392027:user/bert-jan,SYMMETRIC_DEFAULT,Decrypt,0
invictus_enriched.csv:743,arn:aws:iam::123837392027:user/bert-jan,SYMMETRIC_DEFAULT,Decrypt,0
invictus_enriched.csv:744,arn:aws:iam::123837392027:user/bert-jan,SYMMETRIC_DEFAULT,Decrypt,0
invictus_enriched.csv:745,arn:aws:iam::123837392027:user/bert-jan,SYMMETRIC_DEFAULT,Decrypt,0
invictus_enriched.csv:746,arn:aws:iam::123837392027:user/bert-jan,SYMMETRIC_DEFAULT,Decrypt,0
invictus_enriched.csv:747,arn:aws:iam::123837392027:user/bert-jan,SYMMETRIC_DEFAULT,Decrypt,0
invictus_enriched.csv:748,arn:aws:iam::123837392027:user/bert-jan,SYMMETRIC_DEFAULT,Decrypt,0
invictus_enriched.csv:749,arn:aws:iam::123837392027:user/bert-jan,SYMMETRIC_DEFAULT,Decrypt,0
invictus_enriched.csv:750,arn:aws:iam::123837392027:user/bert-jan,SYMMETRIC_DEFAULT,Decrypt,0
invictus_enriched.csv:751,arn:aws:iam::123837392027:user/bert-jan,AAEAASOszR5OBQ4RDciQegOaCl6Zq8rrJIxfnEcfNL/Ewge/AAAAAGSr8mPsv80kHuiSIHxVshJUMtXQoPHxkvZFBz1WzlVHSM37sNKja344OydoFrxGTyHjKxKa+4zBdCjog5HJhnnP5kXewwsCb206xirvHT2aLFq/I0dTKd+YcwC+xN8yJCmR15W5o8+q+xOzYnJ3r2yOnS45AMu0kz6reaneUvnAoOBwj6PgyogUkmkiZgOJzpTxOnQgesT/d2Fs8OSsW/cdhphIB6N/8yptjrgrjrAdXdqZibQB3MAuhZRh3mZPMXgi/VpbeG6qLS5WppEj1OfikloZ0Zp5EhnPydTOOmI37ZlhZFc/b5X6sSYTi+df2/RXTeah096HvrK3z0mIIS0GVu4TwH0ugt3fNlW1WXNP/x3eVffyAQPDeocjDlL8XECE8GRpFD1V3VJvjQ2AJfDbMXvmhItKnhfPBlMZXOA6yr4oAvr88/acdOD7RRc4+4ji9bkY9TXXc6tPJJuydQvKl/XkzpNcTDUMk3YPTKUI79rN8q6e+YAXTTWCXMT2MGEf4jXlt/h9fAV2t3YjQ03Howy/rgbgjBYEd5jb2MiU4OoN/OUuTmw/51KmqZCBTpM3mAxZRsF/AJC52S3EU9fkAowUPzfX8mSTFosMS/dfUvcSITRfnd7KX5WubIDgaELeraALTABGaCvpsyVLYTr5KmpmHsVgE83exL23f+dZBl6OJA==,DescribeParameters,0
invictus_enriched.csv:752,arn:aws:iam::123837392027:user/bert-jan,AAEAAbwQk+7AJvg2ZAp3PkimvgnsksUOA0Tk+N58wvEOBay3AAAAAGSr8mMb8wYSF2oKESnNvZIz4NbR8/MCNuyL7Zq+UA/Awo9ekIeqDbA1L/WxKvlK4JYh1boqLo832q37cz6TR+3u2G48O1520tgRsqP1h5juXkyokz2UV+Y0Ij9ruKpFv6VOQDCJPWFtbRN8mWTdj62AnslQb2ma8Y3oQ4NmD1xRUi4TBDI/WJYBGHwLAh9KSqTT7TBNZbanWNeNK5FUZtw17BA22NnQo+AwY0ZGNQwCn5mjHEU6LDMPGmXIuWRjW3uB8/ATabL+kAI6JTHFjqsHi5Rtk0eI1wJypz9Unpg8GNeoUy3gz+yC7RObAa+DISNr+zpuyhhs0PO7qBHGLHt9IH9JRYyq2VQY5ErnBj0SSWYjg61KePHPr5Uv0sAcNoPp+pkfoNh/eFqWEwdoT0UlMBpE5c+2wF/ZVsawt+vOUdRMp/uamNE8JotWpnFrblj5DKAsxp0BdvUqB+6vKgY5r1WOdrtzXD9jVL9jr77+JVzV6YsheiHwqJg8q0as9qzePl+XqXGEDcIXkhkoulffcwnAjb/cH9pKc6rfGbv08EVmSYljkt7JR9wY9zDDyAwU4we9h40YGowfp9oGveQGuO0EADiDAWkqMF9wyXzBWERzipWHjRyxdM8LU5hgGO5ya5pD8+mjeBzLE/sCxz8pjA6bL/a4vbVolKjlrchaBeSi4Q==,DescribeParameters,0
invictus_enriched.csv:753,arn:aws:iam::123837392027:user/bert-jan,SYMMETRIC_DEFAULT,Decrypt,0
invictus_enriched.csv:754,arn:aws:iam::123837392027:user/bert-jan,SYMMETRIC_DEFAULT,Decrypt,0
invictus_enriched.csv:755,arn:aws:iam::123837392027:user/bert-jan,aws_service,DescribeParameters,0
invictus_enriched.csv:756,arn:aws:iam::123837392027:user/bert-jan,SYMMETRIC_DEFAULT,Decrypt,0
invictus_enriched.csv:757,arn:aws:iam::123837392027:user/bert-jan,aws_service,GetParameters,0
invictus_enriched.csv:758,arn:aws:iam::123837392027:user/bert-jan,SYMMETRIC_DEFAULT,Decrypt,0
invictus_enriched.csv:759,arn:aws:iam::123837392027:user/bert-jan,SYMMETRIC_DEFAULT,Decrypt,0
invictus_enriched.csv:760,arn:aws:iam::123837392027:user/bert-jan,SYMMETRIC_DEFAULT,Decrypt,0
invictus_enriched.csv:761,arn:aws:iam::123837392027:user/bert-jan,SYMMETRIC_DEFAULT,Decrypt,0
invictus_enriched.csv:762,arn:aws:iam::123837392027:user/bert-jan,aws_service,GetParameters,0
invictus_enriched.csv:763,arn:aws:iam::123837392027:user/bert-jan,SYMMETRIC_DEFAULT,Decrypt,0
invictus_enriched.csv:764,arn:aws:iam::123837392027:user/bert-jan,SYMMETRIC_DEFAULT,Decrypt,0
invictus_enriched.csv:765,arn:aws:iam::123837392027:user/bert-jan,SYMMETRIC_DEFAULT,Decrypt,0
invictus_enriched.csv:766,arn:aws:iam::123837392027:user/bert-jan,SYMMETRIC_DEFAULT,Decrypt,0
invictus_enriched.csv:767,arn:aws:iam::123837392027:user/bert-jan,SYMMETRIC_DEFAULT,Decrypt,0
invictus_enriched.csv:768,arn:aws:iam::123837392027:user/bert-jan,SYMMETRIC_DEFAULT,Decrypt,0
invictus_enriched.csv:769,arn:aws:iam::123837392027:user/bert-jan,SYMMETRIC_DEFAULT,Decrypt,0
invictus_enriched.csv:770,arn:aws:iam::123837392027:user/bert-jan,SYMMETRIC_DEFAULT,Decrypt,0
invictus_enriched.csv:771,arn:aws:iam::123837392027:user/bert-jan,AAEAAclp8UFCJ7dny493eHEd80U02QjHYLN3Zos8k76vioy6AAAAAGSr8mMX5g/G6u27xNLExCcVqI3GqorjWAm9Jxfvr22QMWPU+aSsHHcPSxVy0aL9N2f8dfZQVntYKkXmMYew8ouo6VEFpV00O6ifG9rSuXjR9QmBWHRmvpI+bqrVdC/LZpmU5ZycCYB021XDBNZf5bbhCReDsydPT+OF2a4OSaQkdstk0qWAF+LnBY5m8innGKZqUfdvVDSQUmDM3ejzT2taG31gUU97Jyo5GV2OgWlNsxdm6JzcNXclOmbXCZRqCq8ZY2+2dTvq9ww0gQOkyOTVrV+7eDipoc+2/4Xf3aJlpsDb7xuHyVvSb0tioo7FnSepaGyHHSPiVgNj7feEf+TYtF6knj9J81Yk231YRgyDtIJCMLB2WnQN7L88wKaYl/hPQTaHyOC10b+5TR8h/wrVgdN6901dOXndK0eTtjf5ydgBJX/I0UGPfvVJLNMExJnMRWk2Nd+oxbgSg075w8IEVJyOAlfDP1gABv3lzUOrFjQf+BOub63MzqxjQZfRmrHlBUrVgUc8OUN+/bdp3ExMSR2HLa3avAtWHlWiFwMx18cgV/xfhqeD4aXua7r4b0VJX6z9CMzsMZ6t5X3NGQgQiVAob1/LEOymS7EJ2B3tPE0sk+kfKSBGyW0uDZjO+n1zttslNa7VfgAZVYiksd2VNyGziM15cv5NcVanS9MkcmJHvQ==,DescribeParameters,0
invictus_enriched.csv:772,arn:aws:iam::123837392027:user/bert-jan,SYMMETRIC_DEFAULT,Decrypt,0
invictus_enriched.csv:773,arn:aws:iam::123837392027:user/bert-jan,SYMMETRIC_DEFAULT,Decrypt,0
invictus_enriched.csv:774,arn:aws:iam::123837392027:user/bert-jan,SYMMETRIC_DEFAULT,Decrypt,0
invictus_enriched.csv:775,arn:aws:iam::123837392027:user/bert-jan,SYMMETRIC_DEFAULT,Decrypt,0
invictus_enriched.csv:776,arn:aws:iam::123837392027:user/bert-jan,SYMMETRIC_DEFAULT,Decrypt,0
invictus_enriched.csv:777,arn:aws:iam::123837392027:user/bert-jan,SYMMETRIC_DEFAULT,Decrypt,0
invictus_enriched.csv:778,arn:aws:iam::123837392027:user/bert-jan,SYMMETRIC_DEFAULT,Decrypt,0
invictus_enriched.csv:779,arn:aws:iam::123837392027:user/bert-jan,SYMMETRIC_DEFAULT,Decrypt,0
invictus_enriched.csv:780,arn:aws:iam::123837392027:user/bert-jan,AAEAAZijLmnGzrCRJTMi2oNft3Q/mk513Tj3ShwWaULIw/kCAAAAAGSr8mQXAqRA8gyWCXktje6ZSLk007u9h2PPWx3wY236thQrXY1/smJtBEUmCKXAN6c0h4Wll2eNU/O4pTdscScaTfLq7/8yb4W+iH4Cw72rGMB5s7BqTHt8QAhB0g012V1cMhx22VfZg+TmJyyYyH7Uy8xsxqaMq7cPnEHm6FsBSB2ZI1qINpvhTd9xYucUhDXy+866+k3ITNPHBpQiy4NsOHo8FzS3RzGMkGts2J1Rd0K4RnNsYpygckjkDy8GM3hn55LEMg3N1FITVoPs4YuCuDSY8nvcYG+oS/QLAmyti8HemqfbTY+O8YyfB0pVpO43iVwawKu9/bP0mnr2zxLsR/cBF+xa12lkJrzNV8h4hcZ0+jTsbIaQjtCuG2PxTqxWXiRsICM/66JLdbdIjb4WsRSFwo3gl9PJkD1JtGj5py9zYStUrW/dahIJ7ynt50OwNBmiaw9kgdetXXoRHQI3f/c6g3G01nAId3YZwnZ5zSM2dIlrz/wVv8urlCmUYSRWYMcsggefPfCyUw5r9MeOu+KF2sbbrdoigUqnBt4Yq0O/R3O6v8/j4qWLtpkrZEWpxxnqhT61taRp2Vct28n8/IFkvUbQ+U4+I++TDfSnB28HjnVgRYET2kJB58Jsg77e53E69hXJzDmEIRvHp0zUIsMsW6oYxuTXmEwLqR7Gepyw2w==,DescribeParameters,0
invictus_enriched.csv:781,arn:aws:iam::123837392027:user/bert-jan,aws_service,GetParameters,0
invictus_enriched.csv:782,arn:aws:iam::123837392027:user/bert-jan,aws_service,GetParameters,0
invictus_enriched.csv:783,arn:aws:iam::123837392027:user/bert-jan,SYMMETRIC_DEFAULT,Decrypt,0
invictus_enriched.csv:784,arn:aws:iam::123837392027:user/bert-jan,SYMMETRIC_DEFAULT,Decrypt,0
invictus_enriched.csv:785,arn:aws:iam::123837392027:user/bert-jan,aws_service,DescribeAccountAttributes,0
invictus_enriched.csv:786,arn:aws:iam::123837392027:user/bert-jan,aws_service,DescribeAccountAttributes,0
invictus_enriched.csv:787,arn:aws:iam::123837392027:user/bert-jan,stratus-red-team-cloudtraild-trail-aueolsaccp,DeleteTrail,1
invictus_enriched.csv:788,arn:aws:iam::123837392027:user/bert-jan,aws_service,DescribeAccountAttributes,0
invictus_enriched.csv:789,arn:aws:iam::123837392027:user/bert-jan,aws_service,GetUser,0
invictus_enriched.csv:790,arn:aws:iam::123837392027:user/bert-jan,aws_service,DescribeAccountAttributes,0
invictus_enriched.csv:791,arn:aws:iam::123837392027:user/bert-jan,aws_service,GetUser,0
invictus_enriched.csv:792,arn:aws:iam::123837392027:user/bert-jan,aws_service,GetUser,0
invictus_enriched.csv:793,arn:aws:iam::123837392027:user/bert-jan,stratus-red-team-ctes-bucket-qyxyekjbtk,CreateBucket,0
invictus_enriched.csv:794,arn:aws:iam::123837392027:user/bert-jan,stratus-red-team-ctes-bucket-qyxyekjbtk,GetBucketTagging,0
invictus_enriched.csv:795,arn:aws:iam::123837392027:user/bert-jan,stratus-red-team-ctes-bucket-qyxyekjbtk,PutBucketPolicy,1
invictus_enriched.csv:796,arn:aws:iam::123837392027:user/bert-jan,stratus-red-team-ctes-bucket-qyxyekjbtk,PutBucketTagging,0
invictus_enriched.csv:797,arn:aws:iam::123837392027:user/bert-jan,stratus-red-team-ctes-bucket-qyxyekjbtk,GetBucketPolicy,0
invictus_enriched.csv:798,arn:aws:iam::123837392027:user/bert-jan,stratus-red-team-ctes-bucket-qyxyekjbtk,GetBucketAcl,0
invictus_enriched.csv:799,arn:aws:iam::123837392027:user/bert-jan,stratus-red-team-ctes-bucket-qyxyekjbtk,GetBucketWebsite,0
invictus_enriched.csv:800,arn:aws:iam::123837392027:user/bert-jan,stratus-red-team-ctes-bucket-qyxyekjbtk,GetBucketCors,0
invictus_enriched.csv:801,arn:aws:iam::123837392027:user/bert-jan,stratus-red-team-ctes-bucket-qyxyekjbtk,GetAccelerateConfiguration,0
invictus_enriched.csv:802,arn:aws:iam::123837392027:user/bert-jan,stratus-red-team-ctes-bucket-qyxyekjbtk,GetBucketVersioning,0
invictus_enriched.csv:803,arn:aws:iam::123837392027:user/bert-jan,stratus-red-team-ctes-bucket-qyxyekjbtk,GetBucketLogging,0
invictus_enriched.csv:804,arn:aws:iam::123837392027:user/bert-jan,stratus-red-team-ctes-bucket-qyxyekjbtk,GetBucketLifecycle,0
invictus_enriched.csv:805,arn:aws:iam::123837392027:user/bert-jan,stratus-red-team-ctes-bucket-qyxyekjbtk,GetBucketRequestPayment,0
invictus_enriched.csv:806,arn:aws:iam::123837392027:user/bert-jan,stratus-red-team-ctes-bucket-qyxyekjbtk,GetBucketReplication,0
invictus_enriched.csv:807,arn:aws:iam::123837392027:user/bert-jan,stratus-red-team-ctes-bucket-qyxyekjbtk,GetBucketEncryption,0
invictus_enriched.csv:808,arn:aws:iam::123837392027:user/bert-jan,stratus-red-team-ctes-bucket-qyxyekjbtk,GetBucketObjectLockConfiguration,0
invictus_enriched.csv:809,arn:aws:iam::123837392027:user/bert-jan,stratus-red-team-ctes-bucket-qyxyekjbtk,GetBucketTagging,0
invictus_enriched.csv:810,unknown_principal,stratus-red-team-ctes-bucket-qyxyekjbtk,GetBucketAcl,0
invictus_enriched.csv:811,arn:aws:iam::123837392027:user/bert-jan,stratus-red-team-ctes-trail-qyxyekjbtk,CreateTrail,0
invictus_enriched.csv:812,arn:aws:iam::123837392027:user/bert-jan,stratus-red-team-ctes-trail-qyxyekjbtk,StartLogging,0
invictus_enriched.csv:813,arn:aws:iam::123837392027:user/bert-jan,aws_service,ListTags,0
invictus_enriched.csv:814,arn:aws:iam::123837392027:user/bert-jan,aws_service,DescribeTrails,0
invictus_enriched.csv:815,arn:aws:iam::123837392027:user/bert-jan,stratus-red-team-ctes-trail-qyxyekjbtk,GetTrailStatus,0
invictus_enriched.csv:816,arn:aws:iam::123837392027:user/bert-jan,stratus-red-team-ctes-trail-qyxyekjbtk,GetEventSelectors,0
invictus_enriched.csv:817,arn:aws:iam::123837392027:user/bert-jan,stratus-red-team-ctes-trail-qyxyekjbtk,PutEventSelectors,1
invictus_enriched.csv:818,arn:aws:iam::123837392027:user/bert-jan,aws_service,DescribeAccountAttributes,0
invictus_enriched.csv:819,arn:aws:iam::123837392027:user/bert-jan,aws_service,GetUser,0
invictus_enriched.csv:820,arn:aws:iam::123837392027:user/bert-jan,stratus-red-team-ctlr-bucket-zqfsvooxqj,CreateBucket,0
invictus_enriched.csv:821,arn:aws:iam::123837392027:user/bert-jan,aws_service,GetUser,0
invictus_enriched.csv:822,arn:aws:iam::123837392027:user/bert-jan,stratus-red-team-ctlr-bucket-zqfsvooxqj,GetBucketTagging,0
invictus_enriched.csv:823,arn:aws:iam::123837392027:user/bert-jan,stratus-red-team-ctlr-bucket-zqfsvooxqj,PutBucketTagging,0
invictus_enriched.csv:824,arn:aws:iam::123837392027:user/bert-jan,stratus-red-team-ctlr-bucket-zqfsvooxqj,PutBucketPolicy,1
invictus_enriched.csv:825,arn:aws:iam::123837392027:user/bert-jan,stratus-red-team-ctlr-bucket-zqfsvooxqj,GetBucketCors,0
invictus_enriched.csv:826,arn:aws:iam::123837392027:user/bert-jan,stratus-red-team-ctlr-bucket-zqfsvooxqj,GetBucketPolicy,0
invictus_enriched.csv:827,arn:aws:iam::123837392027:user/bert-jan,stratus-red-team-ctlr-bucket-zqfsvooxqj,GetBucketAcl,0
invictus_enriched.csv:828,arn:aws:iam::123837392027:user/bert-jan,stratus-red-team-ctlr-bucket-zqfsvooxqj,GetBucketWebsite,0
invictus_enriched.csv:829,arn:aws:iam::123837392027:user/bert-jan,stratus-red-team-ctlr-bucket-zqfsvooxqj,GetBucketVersioning,0
invictus_enriched.csv:830,arn:aws:iam::123837392027:user/bert-jan,stratus-red-team-ctlr-bucket-zqfsvooxqj,GetBucketRequestPayment,0
invictus_enriched.csv:831,arn:aws:iam::123837392027:user/bert-jan,stratus-red-team-ctlr-bucket-zqfsvooxqj,GetAccelerateConfiguration,0
invictus_enriched.csv:832,arn:aws:iam::123837392027:user/bert-jan,stratus-red-team-ctlr-bucket-zqfsvooxqj,GetBucketLogging,0
invictus_enriched.csv:833,arn:aws:iam::123837392027:user/bert-jan,stratus-red-team-ctlr-bucket-zqfsvooxqj,GetBucketLifecycle,0
invictus_enriched.csv:834,arn:aws:iam::123837392027:user/bert-jan,stratus-red-team-ctlr-bucket-zqfsvooxqj,GetBucketReplication,0
invictus_enriched.csv:835,arn:aws:iam::123837392027:user/bert-jan,stratus-red-team-ctlr-bucket-zqfsvooxqj,GetBucketEncryption,0
invictus_enriched.csv:836,arn:aws:iam::123837392027:user/bert-jan,stratus-red-team-ctlr-bucket-zqfsvooxqj,GetBucketObjectLockConfiguration,0
invictus_enriched.csv:837,arn:aws:iam::123837392027:user/bert-jan,stratus-red-team-ctlr-bucket-zqfsvooxqj,GetBucketTagging,0
invictus_enriched.csv:838,unknown_principal,stratus-red-team-ctlr-bucket-zqfsvooxqj,GetBucketAcl,0
invictus_enriched.csv:839,arn:aws:iam::123837392027:user/bert-jan,stratus-red-team-ctlr-trail-zqfsvooxqj,CreateTrail,0
invictus_enriched.csv:840,arn:aws:iam::123837392027:user/bert-jan,stratus-red-team-ctlr-trail-zqfsvooxqj,StartLogging,0
invictus_enriched.csv:841,arn:aws:iam::123837392027:user/bert-jan,aws_service,DescribeTrails,0
invictus_enriched.csv:842,arn:aws:iam::123837392027:user/bert-jan,stratus-red-team-ctlr-trail-zqfsvooxqj,GetEventSelectors,0
invictus_enriched.csv:843,arn:aws:iam::123837392027:user/bert-jan,stratus-red-team-ctlr-trail-zqfsvooxqj,GetTrailStatus,0
invictus_enriched.csv:844,arn:aws:iam::123837392027:user/bert-jan,aws_service,ListTags,0
invictus_enriched.csv:845,arn:aws:iam::123837392027:user/bert-jan,stratus-red-team-ctlr-bucket-zqfsvooxqj,PutBucketLifecycle,0
invictus_enriched.csv:846,arn:aws:iam::123837392027:user/bert-jan,aws_service,DescribeAccountAttributes,0
invictus_enriched.csv:847,arn:aws:iam::123837392027:user/bert-jan,stratus-red-team-ct-stop-trail-qzbgnfqisx,StopLogging,1
invictus_enriched.csv:848,arn:aws:iam::123837392027:user/bert-jan,aws_service,DescribeAccountAttributes,0
invictus_enriched.csv:849,arn:aws:iam::123837392027:user/bert-jan,stratus-red-team-ct-stop-trail-qzbgnfqisx,StopLogging,1
invictus_enriched.csv:850,arn:aws:iam::123837392027:user/bert-jan,stratus-red-team-ct-stop-trail-qzbgnfqisx,StopLogging,1
invictus_enriched.csv:851,arn:aws:iam::123837392027:user/bert-jan,aws_service,DescribeAccountAttributes,0
invictus_enriched.csv:852,arn:aws:iam::123837392027:user/bert-jan,aws_service,DescribeAccountAttributes,0
invictus_enriched.csv:853,arn:aws:iam::123837392027:user/bert-jan,aws_service,GetUser,0
invictus_enriched.csv:854,arn:aws:iam::123837392027:user/bert-jan,aws_service,GetUser,0
invictus_enriched.csv:855,arn:aws:iam::123837392027:user/bert-jan,aws_service,GetCallerIdentity,0
invictus_enriched.csv:856,arn:aws:iam::123837392027:user/bert-jan,stratus-red-team-leave-org-role,CreateRole,1
invictus_enriched.csv:857,arn:aws:iam::123837392027:user/bert-jan,stratus-red-team-leave-org-role,PutRolePolicy,1
invictus_enriched.csv:858,arn:aws:iam::123837392027:user/bert-jan,stratus-red-team-leave-org-role,ListRolePolicies,0
invictus_enriched.csv:859,arn:aws:iam::123837392027:user/bert-jan,stratus-red-team-leave-org-role,GetRole,0
invictus_enriched.csv:860,arn:aws:iam::123837392027:user/bert-jan,stratus-red-team-leave-org-role,GetRolePolicy,0
invictus_enriched.csv:861,arn:aws:iam::123837392027:user/bert-jan,stratus-red-team-leave-org-role,ListAttachedRolePolicies,0
invictus_enriched.csv:862,arn:aws:iam::123837392027:user/benjamin,eu-north-1,GetRegionOptStatus,0
invictus_enriched.csv:863,arn:aws:iam::123837392027:user/bert-jan,aws_service,AssumeRole,0
invictus_enriched.csv:864,arn:aws:iam::123837392027:user/bert-jan,aws_service,AssumeRole,0
invictus_enriched.csv:865,arn:aws:iam::123837392027:user/bert-jan,aws_service,AssumeRole,0
invictus_enriched.csv:866,arn:aws:sts::123837392027:assumed-role/stratus-red-team-ec2-steal-credentials-role/i-0dbc91f429e48eeed,i-0dbc91f429e48eeed,UpdateInstanceInformation,0
invictus_enriched.csv:867,arn:aws:iam::123837392027:user/bert-jan,arn:aws:iam::123837392027:role/stratus-red-team-leave-org-role,AssumeRole,0
invictus_enriched.csv:868,arn:aws:iam::123837392027:user/bert-jan,arn:aws:iam::123837392027:role/stratus-red-team-leave-org-role,AssumeRole,0
invictus_enriched.csv:869,arn:aws:sts::123837392027:assumed-role/stratus-red-team-leave-org-role/aws-go-sdk-1688990515440126480,aws_service,LeaveOrganization,0
invictus_enriched.csv:870,arn:aws:iam::123837392027:user/bert-jan,aws_service,DescribeAccountAttributes,0
invictus_enriched.csv:871,arn:aws:iam::123837392027:user/bert-jan,aws_service,GetUser,0
invictus_enriched.csv:872,arn:aws:iam::123837392027:user/bert-jan,aws_service,GetUser,0
invictus_enriched.csv:873,arn:aws:iam::123837392027:user/bert-jan,10.0.0.0/16,CreateVpc,0
invictus_enriched.csv:874,arn:aws:iam::123837392027:user/bert-jan,stratus-red-team-remove-flow-logs-role,CreateRole,1
invictus_enriched.csv:875,arn:aws:iam::123837392027:user/bert-jan,stratus-red-team-remove-flow-logs-role,GetRole,0
invictus_enriched.csv:876,arn:aws:iam::123837392027:user/bert-jan,/stratus-red-team/vpc-flow-logs,DescribeLogGroups,0
invictus_enriched.csv:877,arn:aws:iam::123837392027:user/bert-jan,/stratus-red-team/vpc-flow-logs,CreateLogGroup,0
invictus_enriched.csv:878,arn:aws:iam::123837392027:user/bert-jan,aws_service,DescribeVpcs,0
invictus_enriched.csv:879,arn:aws:iam::123837392027:user/bert-jan,stratus-red-team-remove-flow-logs-role,ListRolePolicies,0
invictus_enriched.csv:880,arn:aws:iam::123837392027:user/bert-jan,aws_service,DescribeVpcs,0
invictus_enriched.csv:881,arn:aws:iam::123837392027:user/bert-jan,stratus-red-team-remove-flow-logs-role,ListAttachedRolePolicies,0
invictus_enriched.csv:882,arn:aws:iam::123837392027:user/bert-jan,aws_service,DescribeVpcClassicLink,0
invictus_enriched.csv:883,arn:aws:iam::123837392027:user/bert-jan,/stratus-red-team/vpc-flow-logs,ListTagsLogGroup,0
invictus_enriched.csv:884,arn:aws:iam::123837392027:user/bert-jan,aws_service,DescribeVpcClassicLinkDnsSupport,0
invictus_enriched.csv:885,arn:aws:iam::123837392027:user/bert-jan,stratus-red-team-remove-flow-logs-role,GetRolePolicy,0
invictus_enriched.csv:886,arn:aws:iam::123837392027:user/bert-jan,stratus-red-team-remove-flow-logs-role,PutRolePolicy,1
invictus_enriched.csv:887,arn:aws:iam::123837392027:user/bert-jan,vpc-0255d384b4b458b46,DescribeVpcAttribute,0
invictus_enriched.csv:888,arn:aws:iam::123837392027:user/bert-jan,vpc-0255d384b4b458b46,DescribeVpcAttribute,0
invictus_enriched.csv:889,arn:aws:iam::123837392027:user/bert-jan,aws_service,DescribeNetworkAcls,0
invictus_enriched.csv:890,arn:aws:iam::123837392027:user/bert-jan,aws_service,DescribeSecurityGroups,0
invictus_enriched.csv:891,arn:aws:iam::123837392027:user/bert-jan,aws_service,DescribeRouteTables,0
invictus_enriched.csv:892,arn:aws:iam::123837392027:user/bert-jan,aws_service,CreateFlowLogs,0
invictus_enriched.csv:893,arn:aws:iam::123837392027:user/bert-jan,aws_service,DescribeFlowLogs,0
invictus_enriched.csv:894,arn:aws:iam::123837392027:user/bert-jan,aws_service,DeleteFlowLogs,0
invictus_enriched.csv:895,arn:aws:iam::123837392027:user/bert-jan,aws_service,DescribeAccountAttributes,0
invictus_enriched.csv:896,arn:aws:iam::123837392027:user/bert-jan,aws_service,GetUser,0
invictus_enriched.csv:897,arn:aws:iam::123837392027:user/bert-jan,aws_service,GetUser,0
invictus_enriched.csv:898,arn:aws:iam::123837392027:user/bert-jan,aws_service,GetCallerIdentity,0
invictus_enriched.csv:899,arn:aws:iam::123837392027:user/benjamin,eventTypeCategory,DescribeEventAggregates,0
invictus_enriched.csv:900,arn:aws:iam::123837392027:user/benjamin,eventTypeCategory,DescribeEventAggregates,0
invictus_enriched.csv:901,arn:aws:iam::123837392027:user/bert-jan,stratus-red-team-get-usr-data-role,PutRolePolicy,1
invictus_enriched.csv:902,arn:aws:iam::123837392027:user/bert-jan,stratus-red-team-get-usr-data-role,CreateRole,1
invictus_enriched.csv:903,arn:aws:iam::123837392027:user/bert-jan,stratus-red-team-get-usr-data-role,GetRole,0
invictus_enriched.csv:904,arn:aws:iam::123837392027:user/bert-jan,stratus-red-team-get-usr-data-role,ListRolePolicies,0
invictus_enriched.csv:905,arn:aws:iam::123837392027:user/bert-jan,stratus-red-team-get-usr-data-role,GetRolePolicy,0
invictus_enriched.csv:906,arn:aws:iam::123837392027:user/bert-jan,stratus-red-team-get-usr-data-role,ListAttachedRolePolicies,0
invictus_enriched.csv:907,arn:aws:iam::123837392027:user/bert-jan,aws_service,AssumeRole,0
invictus_enriched.csv:908,arn:aws:iam::123837392027:user/bert-jan,aws_service,AssumeRole,0
invictus_enriched.csv:909,arn:aws:iam::123837392027:user/bert-jan,aws_service,AssumeRole,0
invictus_enriched.csv:910,arn:aws:iam::123837392027:user/bert-jan,arn:aws:iam::123837392027:role/stratus-red-team-get-usr-data-role,AssumeRole,0
invictus_enriched.csv:911,arn:aws:iam::123837392027:user/bert-jan,arn:aws:iam::123837392027:role/stratus-red-team-get-usr-data-role,AssumeRole,0
invictus_enriched.csv:912,arn:aws:sts::123837392027:assumed-role/stratus-red-team-get-usr-data-role/aws-go-sdk-1688990565286187801,i-0963a2e8,DescribeInstanceAttribute,0
invictus_enriched.csv:913,arn:aws:sts::123837392027:assumed-role/stratus-red-team-get-usr-data-role/aws-go-sdk-1688990565286187801,i-77cae250,DescribeInstanceAttribute,0
invictus_enriched.csv:914,arn:aws:sts::123837392027:assumed-role/stratus-red-team-get-usr-data-role/aws-go-sdk-1688990565286187801,i-4dc512df,DescribeInstanceAttribute,0
invictus_enriched.csv:915,arn:aws:sts::123837392027:assumed-role/stratus-red-team-get-usr-data-role/aws-go-sdk-1688990565286187801,i-8d582f7b,DescribeInstanceAttribute,0
invictus_enriched.csv:916,arn:aws:sts::123837392027:assumed-role/stratus-red-team-get-usr-data-role/aws-go-sdk-1688990565286187801,i-ee5be736,DescribeInstanceAttribute,0
invictus_enriched.csv:917,arn:aws:sts::123837392027:assumed-role/stratus-red-team-get-usr-data-role/aws-go-sdk-1688990565286187801,i-8107c9c0,DescribeInstanceAttribute,0
invictus_enriched.csv:918,arn:aws:sts::123837392027:assumed-role/stratus-red-team-get-usr-data-role/aws-go-sdk-1688990565286187801,i-f2a41e93,DescribeInstanceAttribute,0
invictus_enriched.csv:919,arn:aws:sts::123837392027:assumed-role/stratus-red-team-get-usr-data-role/aws-go-sdk-1688990565286187801,i-34d324a6,DescribeInstanceAttribute,0
invictus_enriched.csv:920,arn:aws:sts::123837392027:assumed-role/stratus-red-team-get-usr-data-role/aws-go-sdk-1688990565286187801,i-0c40acb1,DescribeInstanceAttribute,0
invictus_enriched.csv:921,arn:aws:sts::123837392027:assumed-role/stratus-red-team-get-usr-data-role/aws-go-sdk-1688990565286187801,i-7a1dfe61,DescribeInstanceAttribute,0
invictus_enriched.csv:922,arn:aws:sts::123837392027:assumed-role/stratus-red-team-get-usr-data-role/aws-go-sdk-1688990565286187801,i-dc4c8f63,DescribeInstanceAttribute,0
invictus_enriched.csv:923,arn:aws:sts::123837392027:assumed-role/stratus-red-team-get-usr-data-role/aws-go-sdk-1688990565286187801,i-7d8e8548,DescribeInstanceAttribute,0
invictus_enriched.csv:924,arn:aws:sts::123837392027:assumed-role/stratus-red-team-get-usr-data-role/aws-go-sdk-1688990565286187801,i-0a34046d,DescribeInstanceAttribute,0
invictus_enriched.csv:925,arn:aws:sts::123837392027:assumed-role/stratus-red-team-get-usr-data-role/aws-go-sdk-1688990565286187801,i-867d08fc,DescribeInstanceAttribute,0
invictus_enriched.csv:926,arn:aws:sts::123837392027:assumed-role/stratus-red-team-get-usr-data-role/aws-go-sdk-1688990565286187801,i-65903502,DescribeInstanceAttribute,0
invictus_enriched.csv:927,arn:aws:iam::123837392027:user/bert-jan,aws_service,DescribeAccountAttributes,0
invictus_enriched.csv:928,arn:aws:iam::123837392027:user/bert-jan,aws_service,GetUser,0
invictus_enriched.csv:929,arn:aws:iam::123837392027:user/bert-jan,aws_service,DescribeImages,0
invictus_enriched.csv:930,arn:aws:iam::123837392027:user/bert-jan,aws_service,DescribeAvailabilityZones,0
invictus_enriched.csv:931,arn:aws:iam::123837392027:user/bert-jan,aws_service,GetUser,0
invictus_enriched.csv:932,arn:aws:iam::123837392027:user/bert-jan,vpc,AllocateAddress,0
invictus_enriched.csv:933,arn:aws:iam::123837392027:user/bert-jan,10.0.0.0/16,CreateVpc,0
invictus_enriched.csv:934,arn:aws:iam::123837392027:user/bert-jan,stratus-red-team-ec2-enumerate-role,GetRole,0
invictus_enriched.csv:935,arn:aws:iam::123837392027:user/bert-jan,stratus-red-team-ec2-enumerate-role,CreateRole,1
invictus_enriched.csv:936,arn:aws:iam::123837392027:user/bert-jan,aws_service,DescribeVpcs,0
invictus_enriched.csv:937,arn:aws:iam::123837392027:user/bert-jan,stratus-red-team-ec2-enumerate-role,ListRolePolicies,0
invictus_enriched.csv:938,arn:aws:iam::123837392027:user/bert-jan,aws_service,DescribeAddresses,0
invictus_enriched.csv:939,arn:aws:iam::123837392027:user/bert-jan,aws_service,DescribeVpcs,0
invictus_enriched.csv:940,arn:aws:iam::123837392027:user/bert-jan,stratus-red-team-ec2-enumerate-role,ListAttachedRolePolicies,0
invictus_enriched.csv:941,arn:aws:iam::123837392027:user/bert-jan,stratus-red-team-ec2-enumerate-role,ListAttachedRolePolicies,0
invictus_enriched.csv:942,arn:aws:iam::123837392027:user/bert-jan,aws_service,DescribeVpcClassicLink,0
invictus_enriched.csv:943,arn:aws:iam::123837392027:user/bert-jan,stratus-red-team-ec2-enumerate-instance,CreateInstanceProfile,0
invictus_enriched.csv:944,arn:aws:iam::123837392027:user/bert-jan,aws_service,DescribeVpcClassicLinkDnsSupport,0
invictus_enriched.csv:945,arn:aws:iam::123837392027:user/bert-jan,stratus-red-team-ec2-enumerate-instance,GetInstanceProfile,0
invictus_enriched.csv:946,arn:aws:iam::123837392027:user/bert-jan,stratus-red-team-ec2-enumerate-role,AttachRolePolicy,1
invictus_enriched.csv:947,arn:aws:iam::123837392027:user/bert-jan,vpc-04ae35a334cd7ef4f,DescribeVpcAttribute,0
invictus_enriched.csv:948,arn:aws:iam::123837392027:user/bert-jan,vpc-04ae35a334cd7ef4f,DescribeVpcAttribute,0
invictus_enriched.csv:949,arn:aws:iam::123837392027:user/bert-jan,stratus-red-team-ec2-enumerate-role,AddRoleToInstanceProfile,0
invictus_enriched.csv:950,arn:aws:iam::123837392027:user/bert-jan,stratus-red-team-ec2-enumerate-instance,TagInstanceProfile,0
invictus_enriched.csv:951,arn:aws:iam::123837392027:user/bert-jan,aws_service,DescribeNetworkAcls,0
invictus_enriched.csv:952,arn:aws:iam::123837392027:user/bert-jan,aws_service,DescribeSecurityGroups,0
invictus_enriched.csv:953,arn:aws:iam::123837392027:user/bert-jan,aws_service,DescribeRouteTables,0
invictus_enriched.csv:954,arn:aws:iam::123837392027:user/bert-jan,aws_service,DescribeRouteTables,0
invictus_enriched.csv:955,arn:aws:iam::123837392027:user/bert-jan,aws_service,DescribeSubnets,0
invictus_enriched.csv:956,arn:aws:iam::123837392027:user/bert-jan,aws_service,DescribeRouteTables,0
invictus_enriched.csv:957,arn:aws:iam::123837392027:user/bert-jan,aws_service,DescribeSubnets,0
invictus_enriched.csv:958,arn:aws:iam::123837392027:user/bert-jan,aws_service,CreateInternetGateway,0
invictus_enriched.csv:959,arn:aws:iam::123837392027:user/bert-jan,igw-0085514f9c3e68f60,AttachInternetGateway,0
invictus_enriched.csv:960,arn:aws:iam::123837392027:user/bert-jan,vpc-04ae35a334cd7ef4f,CreateRouteTable,0
invictus_enriched.csv:961,arn:aws:iam::123837392027:user/bert-jan,vpc-04ae35a334cd7ef4f,CreateRouteTable,0
invictus_enriched.csv:962,arn:aws:iam::123837392027:user/bert-jan,vpc-04ae35a334cd7ef4f,CreateSubnet,0
invictus_enriched.csv:963,arn:aws:iam::123837392027:user/bert-jan,vpc-04ae35a334cd7ef4f,CreateSubnet,0
invictus_enriched.csv:964,arn:aws:iam::123837392027:user/bert-jan,aws_service,DescribeSubnets,0
invictus_enriched.csv:965,arn:aws:iam::123837392027:user/bert-jan,aws_service,DescribeSubnets,0
invictus_enriched.csv:966,arn:aws:iam::123837392027:user/bert-jan,rtb-01a1e48796093c514,AssociateRouteTable,0
invictus_enriched.csv:967,arn:aws:iam::123837392027:user/bert-jan,aws_service,DescribeRouteTables,0
invictus_enriched.csv:968,arn:aws:iam::123837392027:user/bert-jan,rtb-08838187a84b2f5bf,AssociateRouteTable,0
invictus_enriched.csv:969,arn:aws:iam::123837392027:user/bert-jan,aws_service,DescribeInternetGateways,0
invictus_enriched.csv:970,arn:aws:iam::123837392027:user/bert-jan,aws_service,DescribeRouteTables,0
invictus_enriched.csv:971,arn:aws:iam::123837392027:user/bert-jan,aws_service,DescribeInternetGateways,0
invictus_enriched.csv:972,arn:aws:iam::123837392027:user/bert-jan,aws_service,DescribeRouteTables,0
invictus_enriched.csv:973,arn:aws:iam::123837392027:user/bert-jan,aws_service,DescribeNatGateways,0
invictus_enriched.csv:974,arn:aws:iam::123837392027:user/bert-jan,subnet-08752c8d74ae2c324,CreateNetworkInterface,0
invictus_enriched.csv:975,arn:aws:iam::123837392027:user/bert-jan,aws_service,DescribeRouteTables,0
invictus_enriched.csv:976,arn:aws:iam::123837392027:user/bert-jan,aws_service,DescribeNetworkInterfaces,0
invictus_enriched.csv:977,arn:aws:iam::123837392027:user/bert-jan,aws_service,CreateNatGateway,0
invictus_enriched.csv:978,arn:aws:iam::123837392027:user/bert-jan,aws_service,DescribeRouteTables,0
invictus_enriched.csv:979,arn:aws:iam::123837392027:user/bert-jan,aws_service,DescribeRouteTables,0
invictus_enriched.csv:980,arn:aws:iam::123837392027:user/bert-jan,rtb-01a1e48796093c514,CreateRoute,0
invictus_enriched.csv:981,arn:aws:iam::123837392027:user/bert-jan,aws_service,DescribeRouteTables,0
invictus_enriched.csv:982,arn:aws:iam::123837392027:user/bert-jan,aws_service,DescribeNetworkInterfaces,0
invictus_enriched.csv:983,arn:aws:iam::123837392027:user/bert-jan,aws_service,DescribeRouteTables,0
invictus_enriched.csv:984,arn:aws:iam::123837392027:user/bert-jan,aws_service,DescribeRouteTables,0
invictus_enriched.csv:985,arn:aws:iam::123837392027:user/bert-jan,aws_service,DescribeNatGateways,0
invictus_enriched.csv:986,arn:aws:iam::123837392027:user/bert-jan,t3.micro,RunInstances,0
invictus_enriched.csv:987,arn:aws:iam::123837392027:user/bert-jan,aws_service,DescribeNatGateways,0
invictus_enriched.csv:988,arn:aws:iam::123837392027:user/bert-jan,aws_service,DescribeNatGateways,0
invictus_enriched.csv:989,arn:aws:iam::123837392027:user/bert-jan,t3.micro,RunInstances,0
invictus_enriched.csv:990,arn:aws:iam::123837392027:user/bert-jan,aws_service,DescribeNatGateways,0
invictus_enriched.csv:991,arn:aws:iam::123837392027:user/bert-jan,t3.micro,RunInstances,0
invictus_enriched.csv:992,unknown_principal,arn:aws:iam::123837392027:role/stratus-red-team-ec2-enumerate-role,AssumeRole,0
invictus_enriched.csv:993,unknown_principal,arn:aws:iam::123837392027:role/stratus-red-team-ec2-enumerate-role,AssumeRole,0
invictus_enriched.csv:994,unknown_principal,aws_service,SharedSnapshotVolumeCreated,0
invictus_enriched.csv:995,arn:aws:iam::123837392027:user/bert-jan,aws_service,DescribeNatGateways,0
invictus_enriched.csv:996,arn:aws:iam::123837392027:user/bert-jan,aws_service,DescribeNatGateways,0
invictus_enriched.csv:997,arn:aws:iam::123837392027:user/bert-jan,aws_service,DescribeInstances,0
invictus_enriched.csv:998,arn:aws:iam::123837392027:user/bert-jan,aws_service,DescribeTags,0
invictus_enriched.csv:999,arn:aws:iam::123837392027:user/bert-jan,aws_service,DescribeInstances,0
invictus_enriched.csv:1000,arn:aws:iam::123837392027:user/bert-jan,i-05c30218156bcc246,DescribeInstanceAttribute,0
invictus_enriched.csv:1001,arn:aws:iam::123837392027:user/bert-jan,aws_service,DescribeVpcs,0
invictus_enriched.csv:1002,arn:aws:iam::123837392027:user/bert-jan,aws_service,DescribeVolumes,0
invictus_enriched.csv:1003,arn:aws:iam::123837392027:user/bert-jan,i-05c30218156bcc246,DescribeInstanceAttribute,0
invictus_enriched.csv:1004,arn:aws:iam::123837392027:user/bert-jan,aws_service,DescribeInstanceCreditSpecifications,0
invictus_enriched.csv:1005,arn:aws:iam::123837392027:user/bert-jan,i-05c30218156bcc246,DescribeInstanceAttribute,0
invictus_enriched.csv:1006,arn:aws:iam::123837392027:user/bert-jan,aws_service,DescribeNatGateways,0
invictus_enriched.csv:1007,arn:aws:iam::123837392027:user/bert-jan,aws_service,DescribeNatGateways,0
invictus_enriched.csv:1008,arn:aws:iam::123837392027:user/bert-jan,aws_service,DescribeNatGateways,0
invictus_enriched.csv:1009,unknown_principal,arn:aws:iam::123837392027:role/aws-service-role/inspector2.amazonaws.com/AWSServiceRoleForAmazonInspector2,AssumeRole,0
invictus_enriched.csv:1010,unknown_principal,arn:aws:iam::123837392027:role/aws-service-role/inspector2.amazonaws.com/AWSServiceRoleForAmazonInspector2,AssumeRole,0
invictus_enriched.csv:1011,arn:aws:sts::123837392027:assumed-role/AWSServiceRoleForAmazonInspector2/MandoService364061179539770931,aws_service,DescribeInstances,0
invictus_enriched.csv:1012,arn:aws:iam::123837392027:user/bert-jan,aws_service,DescribeNatGateways,0
invictus_enriched.csv:1013,arn:aws:iam::123837392027:user/bert-jan,aws_service,DescribeNatGateways,0
invictus_enriched.csv:1014,arn:aws:iam::123837392027:user/bert-jan,aws_service,DescribeNatGateways,0
invictus_enriched.csv:1015,arn:aws:iam::123837392027:user/bert-jan,aws_service,DescribeNatGateways,0
invictus_enriched.csv:1016,arn:aws:iam::123837392027:user/bert-jan,aws_service,DescribeNatGateways,0
invictus_enriched.csv:1017,arn:aws:iam::123837392027:user/bert-jan,aws_service,DescribeNatGateways,0
invictus_enriched.csv:1018,arn:aws:iam::123837392027:user/bert-jan,aws_service,DescribeNatGateways,0
invictus_enriched.csv:1019,arn:aws:iam::123837392027:user/bert-jan,rtb-08838187a84b2f5bf,CreateRoute,0
invictus_enriched.csv:1020,arn:aws:iam::123837392027:user/bert-jan,aws_service,DescribeRouteTables,0
invictus_enriched.csv:1021,arn:aws:iam::123837392027:user/bert-jan,aws_service,DescribeRouteTables,0
invictus_enriched.csv:1022,arn:aws:iam::123837392027:user/bert-jan,aws_service,DescribeRouteTables,0
invictus_enriched.csv:1023,arn:aws:iam::123837392027:user/bert-jan,AWS-RunShellScript,SendCommand,0
invictus_enriched.csv:1024,arn:aws:sts::123837392027:assumed-role/stratus-red-team-ec2-enumerate-role/i-05c30218156bcc246,i-05c30218156bcc246,UpdateInstanceInformation,0
invictus_enriched.csv:1025,arn:aws:sts::123837392027:assumed-role/stratus-red-team-ec2-enumerate-role/i-05c30218156bcc246,i-05c30218156bcc246,UpdateInstanceInformation,0
invictus_enriched.csv:1026,arn:aws:sts::123837392027:assumed-role/stratus-red-team-ec2-enumerate-role/i-05c30218156bcc246,i-05c30218156bcc246,UpdateInstanceAssociationStatus,0
invictus_enriched.csv:1027,arn:aws:sts::123837392027:assumed-role/stratus-red-team-ec2-enumerate-role/i-05c30218156bcc246,i-05c30218156bcc246,UpdateInstanceAssociationStatus,0
invictus_enriched.csv:1028,arn:aws:sts::123837392027:assumed-role/stratus-red-team-ec2-enumerate-role/i-05c30218156bcc246,i-05c30218156bcc246,PutComplianceItems,0
invictus_enriched.csv:1029,arn:aws:sts::123837392027:assumed-role/stratus-red-team-ec2-enumerate-role/i-05c30218156bcc246,i-05c30218156bcc246,PutInventory,0
invictus_enriched.csv:1030,arn:aws:sts::123837392027:assumed-role/stratus-red-team-ec2-enumerate-role/i-05c30218156bcc246,i-05c30218156bcc246,UpdateInstanceAssociationStatus,0
invictus_enriched.csv:1031,arn:aws:iam::123837392027:user/bert-jan,aws_service,DescribeAccountAttributes,0
invictus_enriched.csv:1032,arn:aws:iam::123837392027:user/bert-jan,aws_service,GetCallerIdentity,0
invictus_enriched.csv:1033,arn:aws:iam::123837392027:user/bert-jan,aws_service,GetUser,0
invictus_enriched.csv:1034,arn:aws:iam::123837392027:user/bert-jan,aws_service,DescribeAvailabilityZones,0
invictus_enriched.csv:1035,arn:aws:iam::123837392027:user/bert-jan,aws_service,DescribeImages,0
invictus_enriched.csv:1036,arn:aws:iam::123837392027:user/bert-jan,stratus-red-team-ec2lui-role-pcccexdthk,ListAttachedRolePolicies,0
invictus_enriched.csv:1037,arn:aws:iam::123837392027:user/bert-jan,arn:aws:iam::123837392027:policy/stratus-red-team-ec2lui-policy-pcccexdthk,GetPolicy,0
invictus_enriched.csv:1038,arn:aws:iam::123837392027:user/bert-jan,stratus-red-team-ec2lui-role-pcccexdthk,CreateRole,1
invictus_enriched.csv:1039,arn:aws:iam::123837392027:user/bert-jan,arn:aws:iam::123837392027:policy/stratus-red-team-ec2lui-policy-pcccexdthk,GetPolicyVersion,0
invictus_enriched.csv:1040,arn:aws:iam::123837392027:user/bert-jan,10.0.0.0/16,CreateVpc,0
invictus_enriched.csv:1041,arn:aws:iam::123837392027:user/bert-jan,stratus-red-team-ec2lui-policy-pcccexdthk,CreatePolicy,0
invictus_enriched.csv:1042,arn:aws:iam::123837392027:user/bert-jan,aws_service,GetUser,0
invictus_enriched.csv:1043,arn:aws:iam::123837392027:user/bert-jan,stratus-red-team-ec2lui-role-pcccexdthk,ListRolePolicies,0
invictus_enriched.csv:1044,arn:aws:iam::123837392027:user/bert-jan,stratus-red-team-ec2lui-role-pcccexdthk,GetRole,0
invictus_enriched.csv:1045,arn:aws:iam::123837392027:user/bert-jan,aws_service,DescribeVpcs,0
invictus_enriched.csv:1046,arn:aws:iam::123837392027:user/bert-jan,aws_service,DescribeVpcs,0
invictus_enriched.csv:1047,arn:aws:iam::123837392027:user/bert-jan,vpc-0fa94f40db415f317,DescribeVpcAttribute,0
invictus_enriched.csv:1048,arn:aws:iam::123837392027:user/bert-jan,arn:aws:iam::123837392027:policy/stratus-red-team-ec2lui-policy-pcccexdthk,GetPolicy,0
invictus_enriched.csv:1049,arn:aws:iam::123837392027:user/bert-jan,arn:aws:iam::123837392027:policy/stratus-red-team-ec2lui-policy-pcccexdthk,ListEntitiesForPolicy,0
invictus_enriched.csv:1050,arn:aws:iam::123837392027:user/bert-jan,stratus-red-team-ec2lui-role-pcccexdthk,AttachRolePolicy,1
invictus_enriched.csv:1051,arn:aws:iam::123837392027:user/bert-jan,vpc-0fa94f40db415f317,DescribeVpcAttribute,0
invictus_enriched.csv:1052,arn:aws:iam::123837392027:user/bert-jan,vpc-0fa94f40db415f317,DescribeVpcAttribute,0
invictus_enriched.csv:1053,arn:aws:iam::123837392027:user/bert-jan,aws_service,DescribeVpcClassicLinkDnsSupport,0
invictus_enriched.csv:1054,arn:aws:iam::123837392027:user/bert-jan,aws_service,DescribeVpcClassicLink,0
invictus_enriched.csv:1055,arn:aws:iam::123837392027:user/bert-jan,vpc-0fa94f40db415f317,CreateRouteTable,0
invictus_enriched.csv:1056,arn:aws:iam::123837392027:user/bert-jan,vpc-0fa94f40db415f317,CreateRouteTable,0
invictus_enriched.csv:1057,arn:aws:iam::123837392027:user/bert-jan,igw-040b2274c4a167722,AttachInternetGateway,0
invictus_enriched.csv:1058,arn:aws:iam::123837392027:user/bert-jan,aws_service,DescribeNetworkAcls,0
invictus_enriched.csv:1059,arn:aws:iam::123837392027:user/bert-jan,aws_service,DescribeRouteTables,0
invictus_enriched.csv:1060,arn:aws:iam::123837392027:user/bert-jan,aws_service,DescribeSecurityGroups,0
invictus_enriched.csv:1061,arn:aws:iam::123837392027:user/bert-jan,aws_service,CreateInternetGateway,0
invictus_enriched.csv:1062,arn:aws:iam::123837392027:user/bert-jan,vpc-0fa94f40db415f317,CreateSubnet,0
invictus_enriched.csv:1063,arn:aws:iam::123837392027:user/bert-jan,aws_service,DescribeInternetGateways,0
invictus_enriched.csv:1064,arn:aws:iam::123837392027:user/bert-jan,rtb-06711e8f3a624506d,AssociateRouteTable,0
invictus_enriched.csv:1065,arn:aws:iam::123837392027:user/bert-jan,aws_service,DescribeRouteTables,0
invictus_enriched.csv:1066,arn:aws:iam::123837392027:user/bert-jan,aws_service,DescribeSubnets,0
invictus_enriched.csv:1067,arn:aws:iam::123837392027:user/bert-jan,aws_service,DescribeSubnets,0
invictus_enriched.csv:1068,arn:aws:iam::123837392027:user/bert-jan,vpc-0fa94f40db415f317,CreateSubnet,0
invictus_enriched.csv:1069,arn:aws:iam::123837392027:user/bert-jan,aws_service,DescribeRouteTables,0
invictus_enriched.csv:1070,arn:aws:iam::123837392027:user/bert-jan,aws_service,DescribeInternetGateways,0
invictus_enriched.csv:1071,arn:aws:iam::123837392027:user/bert-jan,aws_service,DescribeRouteTables,0
invictus_enriched.csv:1072,arn:aws:iam::123837392027:user/bert-jan,aws_service,DescribeRouteTables,0
invictus_enriched.csv:1073,arn:aws:iam::123837392027:user/bert-jan,aws_service,DescribeRouteTables,0
invictus_enriched.csv:1074,arn:aws:iam::123837392027:user/bert-jan,aws_service,DescribeRouteTables,0
invictus_enriched.csv:1075,arn:aws:iam::123837392027:user/bert-jan,aws_service,DescribeRouteTables,0
invictus_enriched.csv:1076,arn:aws:iam::123837392027:user/bert-jan,rtb-0906d1e2f52ebe9b0,AssociateRouteTable,0
invictus_enriched.csv:1077,arn:aws:iam::123837392027:user/bert-jan,aws_service,DescribeRouteTables,0
invictus_enriched.csv:1078,arn:aws:iam::123837392027:user/bert-jan,aws_service,DescribeSubnets,0
invictus_enriched.csv:1079,arn:aws:iam::123837392027:user/bert-jan,aws_service,DescribeRouteTables,0
invictus_enriched.csv:1080,arn:aws:iam::123837392027:user/bert-jan,aws_service,DescribeSubnets,0
invictus_enriched.csv:1081,arn:aws:iam::123837392027:user/bert-jan,rtb-06711e8f3a624506d,CreateRoute,0
invictus_enriched.csv:1082,arn:aws:iam::123837392027:user/bert-jan,aws_service,DescribeRouteTables,0
invictus_enriched.csv:1083,arn:aws:iam::123837392027:user/bert-jan,aws_service,DescribeRouteTables,0
invictus_enriched.csv:1084,arn:aws:iam::123837392027:user/bert-jan,aws_service,DescribeRouteTables,0
invictus_enriched.csv:1085,arn:aws:iam::123837392027:user/bert-jan,aws_service,DescribeRouteTables,0
invictus_enriched.csv:1086,arn:aws:iam::123837392027:user/bert-jan,aws_service,AssumeRole,0
invictus_enriched.csv:1087,arn:aws:iam::123837392027:user/bert-jan,aws_service,AssumeRole,0
invictus_enriched.csv:1088,arn:aws:iam::123837392027:user/bert-jan,arn:aws:iam::123837392027:role/stratus-red-team-ec2lui-role-pcccexdthk,AssumeRole,0
invictus_enriched.csv:1089,arn:aws:iam::123837392027:user/bert-jan,arn:aws:iam::123837392027:role/stratus-red-team-ec2lui-role-pcccexdthk,AssumeRole,0
invictus_enriched.csv:1090,arn:aws:sts::123837392027:assumed-role/stratus-red-team-ec2lui-role-pcccexdthk/aws-go-sdk-1688990797103471741,p2.xlarge,RunInstances,0
invictus_enriched.csv:1091,arn:aws:sts::123837392027:assumed-role/stratus-red-team-ec2-steal-credentials-role/i-0dbc91f429e48eeed,i-0dbc91f429e48eeed,UpdateInstanceInformation,0
invictus_enriched.csv:1092,arn:aws:sts::123837392027:assumed-role/stratus-red-team-ec2-enumerate-role/i-05c30218156bcc246,i-05c30218156bcc246,UpdateInstanceInformation,0
invictus_enriched.csv:1093,unknown_principal,stratus-red-team-ctlr-bucket-zqfsvooxqj,GetBucketAcl,0
invictus_enriched.csv:1094,arn:aws:iam::123837392027:user/bert-jan,aws_service,DescribeAccountAttributes,0
invictus_enriched.csv:1095,unknown_principal,stratus-red-team-ctlr-bucket-zqfsvooxqj,GetBucketAcl,0
invictus_enriched.csv:1096,unknown_principal,stratus-red-team-ctlr-bucket-zqfsvooxqj,GetBucketAcl,0
invictus_enriched.csv:1097,arn:aws:iam::123837392027:user/bert-jan,aws_service,DescribeImages,0
invictus_enriched.csv:1098,arn:aws:iam::123837392027:user/bert-jan,aws_service,GetUser,0
invictus_enriched.csv:1099,arn:aws:iam::123837392027:user/bert-jan,aws_service,GetUser,0
invictus_enriched.csv:1100,arn:aws:iam::123837392027:user/bert-jan,stratus-red-team-usr-data-role,CreateRole,1
invictus_enriched.csv:1101,arn:aws:iam::123837392027:user/bert-jan,10.0.0.0/16,CreateVpc,0
invictus_enriched.csv:1102,arn:aws:iam::123837392027:user/bert-jan,aws_service,DescribeAddresses,0
invictus_enriched.csv:1103,arn:aws:iam::123837392027:user/bert-jan,vpc,AllocateAddress,0
invictus_enriched.csv:1104,arn:aws:iam::123837392027:user/bert-jan,stratus-red-team-usr-data-role,GetRole,0
invictus_enriched.csv:1105,arn:aws:iam::123837392027:user/bert-jan,stratus-red-team-usr-data-role,ListRolePolicies,0
invictus_enriched.csv:1106,arn:aws:iam::123837392027:user/bert-jan,stratus-red-team-usr-data-role,ListAttachedRolePolicies,0
invictus_enriched.csv:1107,arn:aws:iam::123837392027:user/bert-jan,stratus-red-team-usr-data-instance,GetInstanceProfile,0
invictus_enriched.csv:1108,arn:aws:iam::123837392027:user/bert-jan,stratus-red-team-usr-data-role,ListAttachedRolePolicies,0
invictus_enriched.csv:1109,arn:aws:iam::123837392027:user/bert-jan,stratus-red-team-usr-data-instance,CreateInstanceProfile,0
invictus_enriched.csv:1110,arn:aws:iam::123837392027:user/bert-jan,stratus-red-team-usr-data-role,AttachRolePolicy,1
invictus_enriched.csv:1111,arn:aws:iam::123837392027:user/bert-jan,stratus-red-team-usr-data-role,AddRoleToInstanceProfile,0
invictus_enriched.csv:1112,arn:aws:iam::123837392027:user/bert-jan,stratus-red-team-usr-data-instance,TagInstanceProfile,0
invictus_enriched.csv:1113,arn:aws:iam::123837392027:user/bert-jan,aws_service,DescribeImages,0
invictus_enriched.csv:1114,arn:aws:iam::123837392027:user/bert-jan,aws_service,DescribeAvailabilityZones,0
invictus_enriched.csv:1115,arn:aws:iam::123837392027:user/bert-jan,stratus-red-team-usr-data-role,GetRole,0
invictus_enriched.csv:1116,arn:aws:iam::123837392027:user/bert-jan,aws_service,GetUser,0
invictus_enriched.csv:1117,arn:aws:iam::123837392027:user/bert-jan,stratus-red-team-usr-data-role,ListAttachedRolePolicies,0
invictus_enriched.csv:1118,arn:aws:iam::123837392027:user/bert-jan,stratus-red-team-usr-data-role,ListRolePolicies,0
invictus_enriched.csv:1119,arn:aws:iam::123837392027:user/bert-jan,aws_service,DescribeAddresses,0
invictus_enriched.csv:1120,arn:aws:iam::123837392027:user/bert-jan,stratus-red-team-usr-data-role,ListAttachedRolePolicies,0
invictus_enriched.csv:1121,arn:aws:iam::123837392027:user/bert-jan,stratus-red-team-usr-data-instance,GetInstanceProfile,0
invictus_enriched.csv:1122,arn:aws:iam::123837392027:user/bert-jan,stratus-red-team-usr-data-role,GetRole,0
invictus_enriched.csv:1123,arn:aws:iam::123837392027:user/bert-jan,aws_service,DescribeAddresses,0
invictus_enriched.csv:1124,arn:aws:iam::123837392027:user/bert-jan,aws_service,GetUser,0
invictus_enriched.csv:1125,arn:aws:iam::123837392027:user/bert-jan,stratus-red-team-usr-data-role,RemoveRoleFromInstanceProfile,0
invictus_enriched.csv:1126,arn:aws:iam::123837392027:user/bert-jan,stratus-red-team-usr-data-role,DetachRolePolicy,0
invictus_enriched.csv:1127,arn:aws:iam::123837392027:user/bert-jan,stratus-red-team-usr-data-role,ListInstanceProfilesForRole,0
invictus_enriched.csv:1128,arn:aws:iam::123837392027:user/bert-jan,stratus-red-team-usr-data-role,ListAttachedRolePolicies,0
invictus_enriched.csv:1129,arn:aws:iam::123837392027:user/bert-jan,eipalloc-09d58d8a1fc361502,ReleaseAddress,0
invictus_enriched.csv:1130,arn:aws:iam::123837392027:user/bert-jan,stratus-red-team-usr-data-instance,DeleteInstanceProfile,0
invictus_enriched.csv:1131,arn:aws:iam::123837392027:user/bert-jan,stratus-red-team-usr-data-role,DeleteRole,0
invictus_enriched.csv:1132,arn:aws:iam::123837392027:user/bert-jan,stratus-red-team-usr-data-role,ListRolePolicies,0
invictus_enriched.csv:1133,unknown_principal,stratus-red-team-ctlr-bucket-zqfsvooxqj,GetBucketAcl,0
invictus_enriched.csv:1134,arn:aws:sts::123837392027:assumed-role/stratus-red-team-ec2-steal-credentials-role/i-0dbc91f429e48eeed,i-0dbc91f429e48eeed,ListInstanceAssociations,0
invictus_enriched.csv:1135,arn:aws:iam::123837392027:user/benjamin,eventTypeCategory,DescribeEventAggregates,0
invictus_enriched.csv:1136,arn:aws:iam::123837392027:user/benjamin,eventTypeCategory,DescribeEventAggregates,0
invictus_enriched.csv:1137,arn:aws:iam::123837392027:user/bert-jan,stratus-red-team-ctes-trail-qyxyekjbtk,PutEventSelectors,1
invictus_enriched.csv:1138,arn:aws:iam::123837392027:user/bert-jan,stratus-red-team-ctlr-bucket-zqfsvooxqj,DeleteBucketLifecycle,0
invictus_enriched.csv:1139,arn:aws:iam::123837392027:user/bert-jan,stratus-red-team-ct-stop-trail-qzbgnfqisx,StartLogging,0
invictus_enriched.csv:1140,arn:aws:iam::123837392027:user/bert-jan,aws_service,GetUser,0
invictus_enriched.csv:1141,arn:aws:iam::123837392027:user/bert-jan,aws_service,GetUser,0
invictus_enriched.csv:1142,arn:aws:iam::123837392027:user/bert-jan,aws_service,GetUser,0
invictus_enriched.csv:1143,arn:aws:iam::123837392027:user/bert-jan,aws_service,GetUser,0
invictus_enriched.csv:1144,arn:aws:iam::123837392027:user/bert-jan,aws_service,DescribeVpcs,0
invictus_enriched.csv:1145,arn:aws:iam::123837392027:user/bert-jan,stratus-red-team-ec2-get-password-data-role,GetRole,0
invictus_enriched.csv:1146,arn:aws:iam::123837392027:user/bert-jan,SYMMETRIC_DEFAULT,Decrypt,0
invictus_enriched.csv:1147,arn:aws:iam::123837392027:user/bert-jan,/credentials/stratus-red-team/credentials-36,GetParameter,0
invictus_enriched.csv:1148,arn:aws:iam::123837392027:user/bert-jan,arn:aws:secretsmanager:us-east-1:123837392027:secret:stratus-red-team-retrieve-secret-14-ZgthLn,DescribeSecret,0
invictus_enriched.csv:1149,arn:aws:iam::123837392027:user/bert-jan,SYMMETRIC_DEFAULT,Decrypt,0
invictus_enriched.csv:1150,arn:aws:iam::123837392027:user/bert-jan,arn:aws:secretsmanager:us-east-1:123837392027:secret:stratus-red-team-retrieve-secret-10-agquim,DescribeSecret,0
invictus_enriched.csv:1151,arn:aws:iam::123837392027:user/bert-jan,/credentials/stratus-red-team/credentials-25,GetParameter,0
invictus_enriched.csv:1152,arn:aws:iam::123837392027:user/bert-jan,/credentials/stratus-red-team/credentials-21,GetParameter,0
invictus_enriched.csv:1153,arn:aws:iam::123837392027:user/bert-jan,SYMMETRIC_DEFAULT,Decrypt,0
invictus_enriched.csv:1154,arn:aws:iam::123837392027:user/bert-jan,arn:aws:secretsmanager:us-east-1:123837392027:secret:stratus-red-team-retrieve-secret-19-0HEVow,DescribeSecret,0
invictus_enriched.csv:1155,arn:aws:iam::123837392027:user/bert-jan,/credentials/stratus-red-team/credentials-17,GetParameter,0
invictus_enriched.csv:1156,arn:aws:iam::123837392027:user/bert-jan,aws_service,GetUser,0
invictus_enriched.csv:1157,arn:aws:iam::123837392027:user/bert-jan,aws_service,GetUser,0
invictus_enriched.csv:1158,arn:aws:iam::123837392027:user/bert-jan,SYMMETRIC_DEFAULT,Decrypt,0
invictus_enriched.csv:1159,arn:aws:iam::123837392027:user/bert-jan,/stratus-red-team/vpc-flow-logs,DescribeLogGroups,0
invictus_enriched.csv:1160,arn:aws:iam::123837392027:user/bert-jan,aws_service,GetUser,0
invictus_enriched.csv:1161,arn:aws:iam::123837392027:user/bert-jan,arn:aws:secretsmanager:us-east-1:123837392027:secret:stratus-red-team-retrieve-secret-11-mekIRl,DescribeSecret,0
invictus_enriched.csv:1162,arn:aws:iam::123837392027:user/bert-jan,aws_service,DescribeImages,0
invictus_enriched.csv:1163,arn:aws:iam::123837392027:user/bert-jan,stratus-red-team-remove-flow-logs-role,GetRole,0
invictus_enriched.csv:1164,arn:aws:iam::123837392027:user/bert-jan,/credentials/stratus-red-team/credentials-18,GetParameter,0
invictus_enriched.csv:1165,arn:aws:iam::123837392027:user/bert-jan,/credentials/stratus-red-team/credentials-32,GetParameter,0
invictus_enriched.csv:1166,arn:aws:iam::123837392027:user/bert-jan,/credentials/stratus-red-team/credentials-2,GetParameter,0
invictus_enriched.csv:1167,arn:aws:iam::123837392027:user/bert-jan,stratus-red-team-ec2-enumerate-role,GetRole,0
invictus_enriched.csv:1168,arn:aws:iam::123837392027:user/bert-jan,arn:aws:secretsmanager:us-east-1:123837392027:secret:stratus-red-team-retrieve-secret-16-ZgthLn,DescribeSecret,0
invictus_enriched.csv:1169,arn:aws:iam::123837392027:user/bert-jan,aws_service,DescribeVpcClassicLink,0
invictus_enriched.csv:1170,arn:aws:iam::123837392027:user/bert-jan,aws_service,DescribeVpcs,0
invictus_enriched.csv:1171,arn:aws:iam::123837392027:user/bert-jan,SYMMETRIC_DEFAULT,Decrypt,0
invictus_enriched.csv:1172,arn:aws:iam::123837392027:user/bert-jan,aws_service,GetUser,0
invictus_enriched.csv:1173,arn:aws:iam::123837392027:user/bert-jan,aws_service,GetCallerIdentity,0
invictus_enriched.csv:1174,arn:aws:iam::123837392027:user/bert-jan,arn:aws:secretsmanager:us-east-1:123837392027:secret:stratus-red-team-retrieve-secret-18-L0CnJd,DescribeSecret,0
invictus_enriched.csv:1175,arn:aws:iam::123837392027:user/bert-jan,aws_service,GetCallerIdentity,0
invictus_enriched.csv:1176,arn:aws:iam::123837392027:user/bert-jan,/credentials/stratus-red-team/credentials-33,GetParameter,0
invictus_enriched.csv:1177,arn:aws:iam::123837392027:user/bert-jan,aws_service,GetUser,0
invictus_enriched.csv:1178,arn:aws:iam::123837392027:user/bert-jan,aws_service,GetUser,0
invictus_enriched.csv:1179,arn:aws:iam::123837392027:user/bert-jan,aws_service,DescribeAvailabilityZones,0
invictus_enriched.csv:1180,arn:aws:iam::123837392027:user/bert-jan,SYMMETRIC_DEFAULT,Decrypt,0
invictus_enriched.csv:1181,arn:aws:iam::123837392027:user/bert-jan,SYMMETRIC_DEFAULT,Decrypt,0
invictus_enriched.csv:1182,arn:aws:iam::123837392027:user/bert-jan,arn:aws:secretsmanager:us-east-1:123837392027:secret:stratus-red-team-retrieve-secret-4-xehWok,DescribeSecret,0
invictus_enriched.csv:1183,arn:aws:iam::123837392027:user/bert-jan,/credentials/stratus-red-team/credentials-15,GetParameter,0
invictus_enriched.csv:1184,arn:aws:iam::123837392027:user/bert-jan,/stratus-red-team/vpc-flow-logs,ListTagsLogGroup,0
invictus_enriched.csv:1185,arn:aws:iam::123837392027:user/bert-jan,aws_service,GetUser,0
invictus_enriched.csv:1186,arn:aws:iam::123837392027:user/bert-jan,stratus-red-team-get-usr-data-role,GetRole,0
invictus_enriched.csv:1187,arn:aws:iam::123837392027:user/bert-jan,SYMMETRIC_DEFAULT,Decrypt,0
invictus_enriched.csv:1188,arn:aws:iam::123837392027:user/bert-jan,aws_service,GetCallerIdentity,0
invictus_enriched.csv:1189,arn:aws:iam::123837392027:user/bert-jan,/credentials/stratus-red-team/credentials-22,GetParameter,0
invictus_enriched.csv:1190,arn:aws:iam::123837392027:user/bert-jan,SYMMETRIC_DEFAULT,Decrypt,0
invictus_enriched.csv:1191,arn:aws:iam::123837392027:user/bert-jan,arn:aws:secretsmanager:us-east-1:123837392027:secret:stratus-red-team-retrieve-secret-5-iugd0p,DescribeSecret,0
invictus_enriched.csv:1192,arn:aws:iam::123837392027:user/bert-jan,arn:aws:secretsmanager:us-east-1:123837392027:secret:stratus-red-team-retrieve-secret-5-iugd0p,GetResourcePolicy,0
invictus_enriched.csv:1193,arn:aws:iam::123837392027:user/bert-jan,arn:aws:secretsmanager:us-east-1:123837392027:secret:stratus-red-team-retrieve-secret-3-i1OGGG,GetResourcePolicy,0
invictus_enriched.csv:1194,arn:aws:iam::123837392027:user/bert-jan,Parameter,ListTagsForResource,0
invictus_enriched.csv:1195,arn:aws:iam::123837392027:user/bert-jan,aws_service,DescribeParameters,0
invictus_enriched.csv:1196,arn:aws:iam::123837392027:user/bert-jan,arn:aws:secretsmanager:us-east-1:123837392027:secret:stratus-red-team-retrieve-secret-19-0HEVow,GetResourcePolicy,0
invictus_enriched.csv:1197,arn:aws:iam::123837392027:user/bert-jan,stratus-red-team-ec2-enumerate-role,ListRolePolicies,0
invictus_enriched.csv:1198,arn:aws:iam::123837392027:user/bert-jan,arn:aws:secretsmanager:us-east-1:123837392027:secret:stratus-red-team-retrieve-secret-18-L0CnJd,GetResourcePolicy,0
invictus_enriched.csv:1199,arn:aws:iam::123837392027:user/bert-jan,aws_service,DescribeVpcClassicLink,0
invictus_enriched.csv:1200,arn:aws:iam::123837392027:user/bert-jan,Parameter,ListTagsForResource,0
invictus_enriched.csv:1201,arn:aws:iam::123837392027:user/bert-jan,stratus-red-team-ec2-get-password-data-role,GetRolePolicy,0
invictus_enriched.csv:1202,arn:aws:iam::123837392027:user/bert-jan,Parameter,ListTagsForResource,0
invictus_enriched.csv:1203,arn:aws:iam::123837392027:user/bert-jan,aws_service,DescribeParameters,0
invictus_enriched.csv:1204,arn:aws:iam::123837392027:user/bert-jan,aws_service,DescribeParameters,0
invictus_enriched.csv:1205,arn:aws:iam::123837392027:user/bert-jan,stratus-red-team-get-usr-data-role,ListRolePolicies,0
invictus_enriched.csv:1206,arn:aws:iam::123837392027:user/bert-jan,stratus-red-team-remove-flow-logs-role,ListAttachedRolePolicies,0
invictus_enriched.csv:1207,arn:aws:iam::123837392027:user/bert-jan,stratus-red-team-ec2-steal-credentials-role,ListRolePolicies,0
invictus_enriched.csv:1208,arn:aws:iam::123837392027:user/bert-jan,stratus-red-team-ctlr-bucket-zqfsvooxqj,GetBucketPolicy,0
invictus_enriched.csv:1209,arn:aws:iam::123837392027:user/bert-jan,stratus-red-team-leave-org-role,ListRolePolicies,0
invictus_enriched.csv:1210,arn:aws:iam::123837392027:user/bert-jan,arn:aws:secretsmanager:us-east-1:123837392027:secret:stratus-red-team-retrieve-secret-14-ZgthLn,GetResourcePolicy,0
invictus_enriched.csv:1211,arn:aws:iam::123837392027:user/bert-jan,arn:aws:secretsmanager:us-east-1:123837392027:secret:stratus-red-team-retrieve-secret-12-mwz4gq,GetResourcePolicy,0
invictus_enriched.csv:1212,arn:aws:iam::123837392027:user/bert-jan,arn:aws:secretsmanager:us-east-1:123837392027:secret:stratus-red-team-retrieve-secret-15-wL771x,GetResourcePolicy,0
invictus_enriched.csv:1213,arn:aws:iam::123837392027:user/bert-jan,arn:aws:secretsmanager:us-east-1:123837392027:secret:stratus-red-team-retrieve-secret-3-i1OGGG,DescribeSecret,0
invictus_enriched.csv:1214,arn:aws:iam::123837392027:user/bert-jan,arn:aws:secretsmanager:us-east-1:123837392027:secret:stratus-red-team-retrieve-secret-4-xehWok,GetResourcePolicy,0
invictus_enriched.csv:1215,arn:aws:iam::123837392027:user/bert-jan,arn:aws:secretsmanager:us-east-1:123837392027:secret:stratus-red-team-retrieve-secret-7-nFvpuv,GetResourcePolicy,0
invictus_enriched.csv:1216,arn:aws:iam::123837392027:user/bert-jan,aws_service,DescribeVpcClassicLinkDnsSupport,0
invictus_enriched.csv:1217,arn:aws:iam::123837392027:user/bert-jan,aws_service,DescribeParameters,0
invictus_enriched.csv:1218,arn:aws:iam::123837392027:user/bert-jan,aws_service,DescribeAddresses,0
invictus_enriched.csv:1219,arn:aws:iam::123837392027:user/bert-jan,arn:aws:secretsmanager:us-east-1:123837392027:secret:stratus-red-team-retrieve-secret-6-fAVH0t,DescribeSecret,0
invictus_enriched.csv:1220,arn:aws:iam::123837392027:user/bert-jan,arn:aws:secretsmanager:us-east-1:123837392027:secret:stratus-red-team-retrieve-secret-9-7ChiHt,GetResourcePolicy,0
invictus_enriched.csv:1221,arn:aws:iam::123837392027:user/bert-jan,arn:aws:secretsmanager:us-east-1:123837392027:secret:stratus-red-team-retrieve-secret-1-ywtiPr,GetResourcePolicy,0
invictus_enriched.csv:1222,arn:aws:iam::123837392027:user/bert-jan,aws_service,DescribeVpcClassicLinkDnsSupport,0
invictus_enriched.csv:1223,arn:aws:iam::123837392027:user/bert-jan,stratus-red-team-ec2-enumerate-role,ListAttachedRolePolicies,0
invictus_enriched.csv:1224,arn:aws:iam::123837392027:user/bert-jan,vpc-0255d384b4b458b46,DescribeVpcAttribute,0
invictus_enriched.csv:1225,arn:aws:iam::123837392027:user/bert-jan,Parameter,ListTagsForResource,0
invictus_enriched.csv:1226,arn:aws:iam::123837392027:user/bert-jan,stratus-red-team-ec2-steal-credentials-role,GetRole,0
invictus_enriched.csv:1227,arn:aws:iam::123837392027:user/bert-jan,stratus-red-team-remove-flow-logs-role,GetRolePolicy,0
invictus_enriched.csv:1228,arn:aws:iam::123837392027:user/bert-jan,aws_service,DescribeAvailabilityZones,0
invictus_enriched.csv:1229,arn:aws:iam::123837392027:user/bert-jan,aws_service,GetUser,0
invictus_enriched.csv:1230,arn:aws:iam::123837392027:user/bert-jan,aws_service,DescribeVpcClassicLink,0
invictus_enriched.csv:1231,arn:aws:iam::123837392027:user/bert-jan,Parameter,ListTagsForResource,0
invictus_enriched.csv:1232,arn:aws:iam::123837392027:user/bert-jan,Parameter,ListTagsForResource,0
invictus_enriched.csv:1233,arn:aws:iam::123837392027:user/bert-jan,Parameter,ListTagsForResource,0
invictus_enriched.csv:1234,arn:aws:iam::123837392027:user/bert-jan,aws_service,DescribeParameters,0
invictus_enriched.csv:1235,arn:aws:iam::123837392027:user/bert-jan,aws_service,DescribeParameters,0
invictus_enriched.csv:1236,arn:aws:iam::123837392027:user/bert-jan,arn:aws:secretsmanager:us-east-1:123837392027:secret:stratus-red-team-retrieve-secret-17-QaRzei,GetResourcePolicy,0
invictus_enriched.csv:1237,arn:aws:iam::123837392027:user/bert-jan,stratus-red-team-ctes-bucket-qyxyekjbtk,GetBucketPolicy,0
invictus_enriched.csv:1238,arn:aws:iam::123837392027:user/bert-jan,aws_service,DescribeAddresses,0
invictus_enriched.csv:1239,arn:aws:iam::123837392027:user/bert-jan,arn:aws:secretsmanager:us-east-1:123837392027:secret:stratus-red-team-retrieve-secret-13-nFvpuv,GetResourcePolicy,0
invictus_enriched.csv:1240,arn:aws:iam::123837392027:user/bert-jan,stratus-red-team-ctlr-bucket-zqfsvooxqj,GetBucketAcl,0
invictus_enriched.csv:1241,arn:aws:iam::123837392027:user/bert-jan,arn:aws:secretsmanager:us-east-1:123837392027:secret:stratus-red-team-retrieve-secret-2-agquim,GetResourcePolicy,0
invictus_enriched.csv:1242,arn:aws:iam::123837392027:user/bert-jan,arn:aws:secretsmanager:us-east-1:123837392027:secret:stratus-red-team-retrieve-secret-1-ywtiPr,DescribeSecret,0
invictus_enriched.csv:1243,arn:aws:iam::123837392027:user/bert-jan,stratus-red-team-get-usr-data-role,GetRolePolicy,0
invictus_enriched.csv:1244,arn:aws:iam::123837392027:user/bert-jan,arn:aws:secretsmanager:us-east-1:123837392027:secret:stratus-red-team-retrieve-secret-6-fAVH0t,GetResourcePolicy,0
invictus_enriched.csv:1245,arn:aws:iam::123837392027:user/bert-jan,arn:aws:secretsmanager:us-east-1:123837392027:secret:stratus-red-team-retrieve-secret-0-xehWok,GetResourcePolicy,0
invictus_enriched.csv:1246,arn:aws:iam::123837392027:user/bert-jan,arn:aws:secretsmanager:us-east-1:123837392027:secret:stratus-red-team-retrieve-secret-9-7ChiHt,DescribeSecret,0
invictus_enriched.csv:1247,arn:aws:iam::123837392027:user/bert-jan,arn:aws:secretsmanager:us-east-1:123837392027:secret:stratus-red-team-retrieve-secret-8-2aONLk,GetResourcePolicy,0
invictus_enriched.csv:1248,arn:aws:iam::123837392027:user/bert-jan,aws_service,DescribeParameters,0
invictus_enriched.csv:1249,arn:aws:iam::123837392027:user/bert-jan,aws_service,DescribeParameters,0
invictus_enriched.csv:1250,arn:aws:iam::123837392027:user/bert-jan,arn:aws:secretsmanager:us-east-1:123837392027:secret:stratus-red-team-retrieve-secret-10-agquim,GetResourcePolicy,0
invictus_enriched.csv:1251,arn:aws:iam::123837392027:user/bert-jan,Parameter,ListTagsForResource,0
invictus_enriched.csv:1252,arn:aws:iam::123837392027:user/bert-jan,aws_service,DescribeParameters,0
invictus_enriched.csv:1253,arn:aws:iam::123837392027:user/bert-jan,Parameter,ListTagsForResource,0
invictus_enriched.csv:1254,arn:aws:iam::123837392027:user/bert-jan,arn:aws:secretsmanager:us-east-1:123837392027:secret:stratus-red-team-retrieve-secret-0-xehWok,DescribeSecret,0
invictus_enriched.csv:1255,arn:aws:iam::123837392027:user/bert-jan,arn:aws:secretsmanager:us-east-1:123837392027:secret:stratus-red-team-retrieve-secret-11-mekIRl,GetResourcePolicy,0
invictus_enriched.csv:1256,arn:aws:iam::123837392027:user/bert-jan,stratus-red-team-leave-org-role,GetRole,0
invictus_enriched.csv:1257,arn:aws:iam::123837392027:user/bert-jan,Parameter,ListTagsForResource,0
invictus_enriched.csv:1258,arn:aws:iam::123837392027:user/bert-jan,aws_service,DescribeImages,0
invictus_enriched.csv:1259,arn:aws:iam::123837392027:user/bert-jan,arn:aws:secretsmanager:us-east-1:123837392027:secret:stratus-red-team-retrieve-secret-13-nFvpuv,DescribeSecret,0
invictus_enriched.csv:1260,arn:aws:iam::123837392027:user/bert-jan,arn:aws:secretsmanager:us-east-1:123837392027:secret:stratus-red-team-retrieve-secret-7-nFvpuv,DescribeSecret,0
invictus_enriched.csv:1261,arn:aws:iam::123837392027:user/bert-jan,arn:aws:secretsmanager:us-east-1:123837392027:secret:stratus-red-team-retrieve-secret-17-QaRzei,DescribeSecret,0
invictus_enriched.csv:1262,arn:aws:iam::123837392027:user/bert-jan,vpc-0fa94f40db415f317,DescribeVpcAttribute,0
invictus_enriched.csv:1263,arn:aws:iam::123837392027:user/bert-jan,aws_service,DescribeVpcClassicLinkDnsSupport,0
invictus_enriched.csv:1264,arn:aws:iam::123837392027:user/bert-jan,stratus-red-team-ec2-enumerate-role,GetRole,0
invictus_enriched.csv:1265,arn:aws:iam::123837392027:user/bert-jan,stratus-red-team-leave-org-role,GetRolePolicy,0
invictus_enriched.csv:1266,arn:aws:iam::123837392027:user/bert-jan,stratus-red-team-get-usr-data-role,ListAttachedRolePolicies,0
invictus_enriched.csv:1267,arn:aws:iam::123837392027:user/bert-jan,vpc-0fa94f40db415f317,DescribeVpcAttribute,0
invictus_enriched.csv:1268,arn:aws:iam::123837392027:user/bert-jan,stratus-red-team-ec2-steal-credentials-role,ListAttachedRolePolicies,0
invictus_enriched.csv:1269,arn:aws:iam::123837392027:user/bert-jan,arn:aws:secretsmanager:us-east-1:123837392027:secret:stratus-red-team-retrieve-secret-15-wL771x,GetSecretValue,1
invictus_enriched.csv:1270,arn:aws:iam::123837392027:user/bert-jan,SYMMETRIC_DEFAULT,Decrypt,0
invictus_enriched.csv:1271,arn:aws:iam::123837392027:user/bert-jan,arn:aws:secretsmanager:us-east-1:123837392027:secret:stratus-red-team-retrieve-secret-14-ZgthLn,GetSecretValue,1
invictus_enriched.csv:1272,arn:aws:iam::123837392027:user/bert-jan,Parameter,ListTagsForResource,0
invictus_enriched.csv:1273,arn:aws:iam::123837392027:user/bert-jan,SYMMETRIC_DEFAULT,Decrypt,0
invictus_enriched.csv:1274,arn:aws:iam::123837392027:user/bert-jan,/credentials/stratus-red-team/credentials-39,GetParameter,0
invictus_enriched.csv:1275,arn:aws:iam::123837392027:user/bert-jan,Parameter,ListTagsForResource,0
invictus_enriched.csv:1276,arn:aws:iam::123837392027:user/bert-jan,arn:aws:secretsmanager:us-east-1:123837392027:secret:stratus-red-team-retrieve-secret-2-agquim,GetSecretValue,1
invictus_enriched.csv:1277,arn:aws:iam::123837392027:user/bert-jan,SYMMETRIC_DEFAULT,Decrypt,0
invictus_enriched.csv:1278,arn:aws:iam::123837392027:user/bert-jan,SYMMETRIC_DEFAULT,Decrypt,0
invictus_enriched.csv:1279,arn:aws:iam::123837392027:user/bert-jan,vpc-0fa94f40db415f317,DescribeVpcAttribute,0
invictus_enriched.csv:1280,arn:aws:iam::123837392027:user/bert-jan,aws_service,DescribeVpcClassicLink,0
invictus_enriched.csv:1281,arn:aws:iam::123837392027:user/bert-jan,aws_service,DescribeParameters,0
invictus_enriched.csv:1282,arn:aws:iam::123837392027:user/bert-jan,SYMMETRIC_DEFAULT,Decrypt,0
invictus_enriched.csv:1283,arn:aws:iam::123837392027:user/bert-jan,stratus-red-team-remove-flow-logs-role,GetRolePolicy,0
invictus_enriched.csv:1284,arn:aws:iam::123837392027:user/bert-jan,arn:aws:iam::123837392027:policy/stratus-red-team-ec2lui-policy-pcccexdthk,GetPolicy,0
invictus_enriched.csv:1285,arn:aws:iam::123837392027:user/bert-jan,aws_service,DescribeParameters,0
invictus_enriched.csv:1286,arn:aws:iam::123837392027:user/bert-jan,arn:aws:iam::123837392027:policy/stratus-red-team-ec2lui-policy-pcccexdthk,GetPolicyVersion,0
invictus_enriched.csv:1287,arn:aws:iam::123837392027:user/bert-jan,arn:aws:secretsmanager:us-east-1:123837392027:secret:stratus-red-team-retrieve-secret-7-nFvpuv,GetSecretValue,1
invictus_enriched.csv:1288,arn:aws:iam::123837392027:user/bert-jan,aws_service,DescribeVpcClassicLinkDnsSupport,0
invictus_enriched.csv:1289,arn:aws:iam::123837392027:user/bert-jan,SYMMETRIC_DEFAULT,Decrypt,0
invictus_enriched.csv:1290,arn:aws:iam::123837392027:user/bert-jan,aws_service,DescribeAvailabilityZones,0
invictus_enriched.csv:1291,arn:aws:iam::123837392027:user/bert-jan,arn:aws:secretsmanager:us-east-1:123837392027:secret:stratus-red-team-retrieve-secret-9-7ChiHt,GetSecretValue,1
invictus_enriched.csv:1292,arn:aws:iam::123837392027:user/bert-jan,/credentials/stratus-red-team/credentials-40,GetParameter,0
invictus_enriched.csv:1293,arn:aws:iam::123837392027:user/bert-jan,arn:aws:secretsmanager:us-east-1:123837392027:secret:stratus-red-team-retrieve-secret-10-agquim,GetSecretValue,1
invictus_enriched.csv:1294,arn:aws:iam::123837392027:user/bert-jan,arn:aws:secretsmanager:us-east-1:123837392027:secret:stratus-red-team-retrieve-secret-17-QaRzei,GetSecretValue,1
invictus_enriched.csv:1295,arn:aws:iam::123837392027:user/bert-jan,stratus-red-team-ec2lui-role-pcccexdthk,GetRole,0
invictus_enriched.csv:1296,arn:aws:iam::123837392027:user/bert-jan,stratus-red-team-ec2lui-role-pcccexdthk,ListRolePolicies,0
invictus_enriched.csv:1297,arn:aws:iam::123837392027:user/bert-jan,stratus-red-team-ec2lui-role-pcccexdthk,ListAttachedRolePolicies,0
invictus_enriched.csv:1298,arn:aws:iam::123837392027:user/bert-jan,arn:aws:iam::123837392027:policy/stratus-red-team-ec2lui-policy-pcccexdthk,GetPolicy,0
invictus_enriched.csv:1299,arn:aws:iam::123837392027:user/bert-jan,arn:aws:iam::123837392027:policy/stratus-red-team-ec2lui-policy-pcccexdthk,ListEntitiesForPolicy,0
invictus_enriched.csv:1300,arn:aws:iam::123837392027:user/bert-jan,/credentials/stratus-red-team/credentials-1,GetParameter,0
invictus_enriched.csv:1301,arn:aws:iam::123837392027:user/bert-jan,stratus-red-team-ctes-bucket-qyxyekjbtk,GetBucketCors,0
invictus_enriched.csv:1302,arn:aws:iam::123837392027:user/bert-jan,aws_service,DescribeParameters,0
invictus_enriched.csv:1303,arn:aws:iam::123837392027:user/bert-jan,stratus-red-team-ctes-bucket-qyxyekjbtk,GetBucketAcl,0
invictus_enriched.csv:1304,arn:aws:iam::123837392027:user/bert-jan,stratus-red-team-ec2-enumerate-role,ListAttachedRolePolicies,0
invictus_enriched.csv:1305,arn:aws:iam::123837392027:user/bert-jan,arn:aws:secretsmanager:us-east-1:123837392027:secret:stratus-red-team-retrieve-secret-4-xehWok,GetSecretValue,1
invictus_enriched.csv:1306,arn:aws:iam::123837392027:user/bert-jan,aws_service,DescribeVpcs,0
invictus_enriched.csv:1307,arn:aws:iam::123837392027:user/bert-jan,aws_service,DescribeParameters,0
invictus_enriched.csv:1308,arn:aws:iam::123837392027:user/bert-jan,arn:aws:secretsmanager:us-east-1:123837392027:secret:stratus-red-team-retrieve-secret-16-ZgthLn,GetSecretValue,1
invictus_enriched.csv:1309,arn:aws:iam::123837392027:user/bert-jan,/credentials/stratus-red-team/credentials-7,GetParameter,0
invictus_enriched.csv:1310,arn:aws:iam::123837392027:user/bert-jan,/credentials/stratus-red-team/credentials-31,GetParameter,0
invictus_enriched.csv:1311,arn:aws:iam::123837392027:user/bert-jan,aws_service,GetCallerIdentity,0
invictus_enriched.csv:1312,arn:aws:iam::123837392027:user/bert-jan,arn:aws:secretsmanager:us-east-1:123837392027:secret:stratus-red-team-retrieve-secret-11-mekIRl,GetSecretValue,1
invictus_enriched.csv:1313,arn:aws:iam::123837392027:user/bert-jan,/credentials/stratus-red-team/credentials-13,GetParameter,0
invictus_enriched.csv:1314,arn:aws:iam::123837392027:user/bert-jan,vpc-0255d384b4b458b46,DescribeVpcAttribute,0
invictus_enriched.csv:1315,arn:aws:iam::123837392027:user/bert-jan,stratus-red-team-ec2-get-password-data-role,ListAttachedRolePolicies,0
invictus_enriched.csv:1316,arn:aws:iam::123837392027:user/bert-jan,Parameter,ListTagsForResource,0
invictus_enriched.csv:1317,arn:aws:iam::123837392027:user/bert-jan,arn:aws:secretsmanager:us-east-1:123837392027:secret:stratus-red-team-retrieve-secret-3-i1OGGG,GetSecretValue,1
invictus_enriched.csv:1318,arn:aws:iam::123837392027:user/bert-jan,arn:aws:secretsmanager:us-east-1:123837392027:secret:stratus-red-team-retrieve-secret-12-mwz4gq,GetSecretValue,1
invictus_enriched.csv:1319,arn:aws:iam::123837392027:user/bert-jan,arn:aws:secretsmanager:us-east-1:123837392027:secret:stratus-red-team-retrieve-secret-5-iugd0p,GetSecretValue,1
invictus_enriched.csv:1320,arn:aws:iam::123837392027:user/bert-jan,vpc-06fe1a64761a0f720,DescribeVpcAttribute,0
invictus_enriched.csv:1321,arn:aws:iam::123837392027:user/bert-jan,stratus-red-team-ctlr-bucket-zqfsvooxqj,GetBucketCors,0
invictus_enriched.csv:1322,arn:aws:iam::123837392027:user/bert-jan,Parameter,ListTagsForResource,0
invictus_enriched.csv:1323,arn:aws:iam::123837392027:user/bert-jan,arn:aws:secretsmanager:us-east-1:123837392027:secret:stratus-red-team-retrieve-secret-19-0HEVow,GetSecretValue,1
invictus_enriched.csv:1324,arn:aws:iam::123837392027:user/bert-jan,Parameter,ListTagsForResource,0
invictus_enriched.csv:1325,arn:aws:iam::123837392027:user/bert-jan,arn:aws:secretsmanager:us-east-1:123837392027:secret:stratus-red-team-retrieve-secret-0-xehWok,GetSecretValue,1
invictus_enriched.csv:1326,arn:aws:iam::123837392027:user/bert-jan,stratus-red-team-ec2-enumerate-instance,GetInstanceProfile,0
invictus_enriched.csv:1327,arn:aws:iam::123837392027:user/bert-jan,/credentials/stratus-red-team/credentials-16,GetParameter,0
invictus_enriched.csv:1328,arn:aws:iam::123837392027:user/bert-jan,SYMMETRIC_DEFAULT,Decrypt,0
invictus_enriched.csv:1329,arn:aws:iam::123837392027:user/bert-jan,SYMMETRIC_DEFAULT,Decrypt,0
invictus_enriched.csv:1330,arn:aws:iam::123837392027:user/bert-jan,SYMMETRIC_DEFAULT,Decrypt,0
invictus_enriched.csv:1331,arn:aws:iam::123837392027:user/bert-jan,SYMMETRIC_DEFAULT,Decrypt,0
invictus_enriched.csv:1332,arn:aws:iam::123837392027:user/bert-jan,aws_service,DescribeImages,0
invictus_enriched.csv:1333,arn:aws:iam::123837392027:user/bert-jan,aws_service,DescribeParameters,0
invictus_enriched.csv:1334,arn:aws:iam::123837392027:user/bert-jan,aws_service,DescribeParameters,0
invictus_enriched.csv:1335,arn:aws:iam::123837392027:user/bert-jan,aws_service,DescribeParameters,0
invictus_enriched.csv:1336,arn:aws:iam::123837392027:user/bert-jan,SYMMETRIC_DEFAULT,Decrypt,0
invictus_enriched.csv:1337,arn:aws:iam::123837392027:user/bert-jan,stratus-red-team-ctes-bucket-qyxyekjbtk,GetBucketWebsite,0
invictus_enriched.csv:1338,arn:aws:iam::123837392027:user/bert-jan,vpc-04ae35a334cd7ef4f,DescribeVpcAttribute,0
invictus_enriched.csv:1339,arn:aws:iam::123837392027:user/bert-jan,SYMMETRIC_DEFAULT,Decrypt,0
invictus_enriched.csv:1340,arn:aws:iam::123837392027:user/bert-jan,SYMMETRIC_DEFAULT,Decrypt,0
invictus_enriched.csv:1341,arn:aws:iam::123837392027:user/bert-jan,SYMMETRIC_DEFAULT,Decrypt,0
invictus_enriched.csv:1342,arn:aws:iam::123837392027:user/bert-jan,arn:aws:secretsmanager:us-east-1:123837392027:secret:stratus-red-team-retrieve-secret-6-fAVH0t,GetSecretValue,1
invictus_enriched.csv:1343,arn:aws:iam::123837392027:user/bert-jan,SYMMETRIC_DEFAULT,Decrypt,0
invictus_enriched.csv:1344,arn:aws:iam::123837392027:user/bert-jan,arn:aws:secretsmanager:us-east-1:123837392027:secret:stratus-red-team-retrieve-secret-1-ywtiPr,GetSecretValue,1
invictus_enriched.csv:1345,arn:aws:iam::123837392027:user/bert-jan,SYMMETRIC_DEFAULT,Decrypt,0
invictus_enriched.csv:1346,arn:aws:iam::123837392027:user/bert-jan,stratus-red-team-ctlr-bucket-zqfsvooxqj,GetBucketWebsite,0
invictus_enriched.csv:1347,arn:aws:iam::123837392027:user/bert-jan,SYMMETRIC_DEFAULT,Decrypt,0
invictus_enriched.csv:1348,arn:aws:iam::123837392027:user/bert-jan,aws_service,DescribeNetworkAcls,0
invictus_enriched.csv:1349,arn:aws:iam::123837392027:user/bert-jan,aws_service,DescribeParameters,0
invictus_enriched.csv:1350,arn:aws:iam::123837392027:user/bert-jan,SYMMETRIC_DEFAULT,Decrypt,0
invictus_enriched.csv:1351,arn:aws:iam::123837392027:user/bert-jan,SYMMETRIC_DEFAULT,Decrypt,0
invictus_enriched.csv:1352,arn:aws:iam::123837392027:user/bert-jan,SYMMETRIC_DEFAULT,Decrypt,0
invictus_enriched.csv:1353,arn:aws:iam::123837392027:user/bert-jan,/credentials/stratus-red-team/credentials-35,GetParameter,0
invictus_enriched.csv:1354,arn:aws:iam::123837392027:user/bert-jan,stratus-red-team-leave-org-role,ListAttachedRolePolicies,0
invictus_enriched.csv:1355,arn:aws:iam::123837392027:user/bert-jan,Parameter,ListTagsForResource,0
invictus_enriched.csv:1356,arn:aws:iam::123837392027:user/bert-jan,Parameter,ListTagsForResource,0
invictus_enriched.csv:1357,arn:aws:iam::123837392027:user/bert-jan,arn:aws:secretsmanager:us-east-1:123837392027:secret:stratus-red-team-retrieve-secret-13-nFvpuv,GetSecretValue,1
invictus_enriched.csv:1358,arn:aws:iam::123837392027:user/bert-jan,SYMMETRIC_DEFAULT,Decrypt,0
invictus_enriched.csv:1359,arn:aws:iam::123837392027:user/bert-jan,arn:aws:secretsmanager:us-east-1:123837392027:secret:stratus-red-team-retrieve-secret-18-L0CnJd,GetSecretValue,1
invictus_enriched.csv:1360,arn:aws:iam::123837392027:user/bert-jan,aws_service,DescribeParameters,0
invictus_enriched.csv:1361,arn:aws:iam::123837392027:user/bert-jan,SYMMETRIC_DEFAULT,Decrypt,0
invictus_enriched.csv:1362,arn:aws:iam::123837392027:user/bert-jan,Parameter,ListTagsForResource,0
invictus_enriched.csv:1363,arn:aws:iam::123837392027:user/bert-jan,/credentials/stratus-red-team/credentials-28,GetParameter,0
invictus_enriched.csv:1364,arn:aws:iam::123837392027:user/bert-jan,vpc-06fe1a64761a0f720,DescribeVpcAttribute,0
invictus_enriched.csv:1365,arn:aws:iam::123837392027:user/bert-jan,stratus-red-team-ec2-steal-credentials-role,GetRolePolicy,0
invictus_enriched.csv:1366,arn:aws:iam::123837392027:user/bert-jan,SYMMETRIC_DEFAULT,Decrypt,0
invictus_enriched.csv:1367,arn:aws:iam::123837392027:user/bert-jan,arn:aws:secretsmanager:us-east-1:123837392027:secret:stratus-red-team-retrieve-secret-8-2aONLk,GetSecretValue,1
invictus_enriched.csv:1368,arn:aws:iam::123837392027:user/bert-jan,Parameter,ListTagsForResource,0
invictus_enriched.csv:1369,arn:aws:iam::123837392027:user/bert-jan,SYMMETRIC_DEFAULT,Decrypt,0
invictus_enriched.csv:1370,arn:aws:iam::123837392027:user/bert-jan,vpc-04ae35a334cd7ef4f,DescribeVpcAttribute,0
invictus_enriched.csv:1371,arn:aws:iam::123837392027:user/bert-jan,Parameter,ListTagsForResource,0
invictus_enriched.csv:1372,arn:aws:iam::123837392027:user/bert-jan,aws_service,DescribeRouteTables,0
invictus_enriched.csv:1373,arn:aws:iam::123837392027:user/bert-jan,aws_service,DescribeSecurityGroups,0
invictus_enriched.csv:1374,arn:aws:iam::123837392027:user/bert-jan,stratus-red-team-ctlr-bucket-zqfsvooxqj,GetBucketVersioning,0
invictus_enriched.csv:1375,arn:aws:iam::123837392027:user/bert-jan,SYMMETRIC_DEFAULT,Decrypt,0
invictus_enriched.csv:1376,arn:aws:iam::123837392027:user/bert-jan,stratus-red-team-ctes-bucket-qyxyekjbtk,GetAccelerateConfiguration,0
invictus_enriched.csv:1377,arn:aws:iam::123837392027:user/bert-jan,stratus-red-team-ctlr-bucket-zqfsvooxqj,GetBucketRequestPayment,0
invictus_enriched.csv:1378,arn:aws:iam::123837392027:user/bert-jan,aws_service,DescribeSubnets,0
invictus_enriched.csv:1379,arn:aws:iam::123837392027:user/bert-jan,/credentials/stratus-red-team/credentials-19,GetParameter,0
invictus_enriched.csv:1380,arn:aws:iam::123837392027:user/bert-jan,SYMMETRIC_DEFAULT,Decrypt,0
invictus_enriched.csv:1381,arn:aws:iam::123837392027:user/bert-jan,/credentials/stratus-red-team/credentials-37,GetParameter,0
invictus_enriched.csv:1382,arn:aws:iam::123837392027:user/bert-jan,SYMMETRIC_DEFAULT,Decrypt,0
invictus_enriched.csv:1383,arn:aws:iam::123837392027:user/bert-jan,SYMMETRIC_DEFAULT,Decrypt,0
invictus_enriched.csv:1384,arn:aws:iam::123837392027:user/bert-jan,/credentials/stratus-red-team/credentials-30,GetParameter,0
invictus_enriched.csv:1385,arn:aws:iam::123837392027:user/bert-jan,aws_service,DescribeRouteTables,0
invictus_enriched.csv:1386,arn:aws:iam::123837392027:user/bert-jan,aws_service,GetUser,0
invictus_enriched.csv:1387,arn:aws:iam::123837392027:user/bert-jan,stratus-red-team-ec2-get-password-data-role,ListInstanceProfilesForRole,0
invictus_enriched.csv:1388,arn:aws:iam::123837392027:user/bert-jan,aws_service,GetUser,0
invictus_enriched.csv:1389,arn:aws:iam::123837392027:user/bert-jan,aws_service,DescribeParameters,0
invictus_enriched.csv:1390,arn:aws:iam::123837392027:user/bert-jan,/credentials/stratus-red-team/credentials-6,GetParameter,0
invictus_enriched.csv:1391,arn:aws:iam::123837392027:user/bert-jan,SYMMETRIC_DEFAULT,Decrypt,0
invictus_enriched.csv:1392,arn:aws:iam::123837392027:user/bert-jan,aws_service,DescribeSecurityGroups,0
invictus_enriched.csv:1393,arn:aws:iam::123837392027:user/bert-jan,aws_service,DescribeParameters,0
invictus_enriched.csv:1394,arn:aws:iam::123837392027:user/bert-jan,aws_service,DescribeRouteTables,0
invictus_enriched.csv:1395,arn:aws:iam::123837392027:user/bert-jan,/credentials/stratus-red-team/credentials-14,GetParameter,0
invictus_enriched.csv:1396,arn:aws:iam::123837392027:user/bert-jan,SYMMETRIC_DEFAULT,Decrypt,0
invictus_enriched.csv:1397,arn:aws:iam::123837392027:user/bert-jan,SYMMETRIC_DEFAULT,Decrypt,0
invictus_enriched.csv:1398,arn:aws:iam::123837392027:user/bert-jan,aws_service,DescribeParameters,0
invictus_enriched.csv:1399,arn:aws:iam::123837392027:user/bert-jan,aws_service,DescribeParameters,0
invictus_enriched.csv:1400,arn:aws:iam::123837392027:user/bert-jan,stratus-red-team-get-usr-data-role,ListInstanceProfilesForRole,0
invictus_enriched.csv:1401,arn:aws:iam::123837392027:user/bert-jan,aws_service,DescribeNetworkAcls,0
invictus_enriched.csv:1402,arn:aws:iam::123837392027:user/bert-jan,aws_service,DescribeSubnets,0
invictus_enriched.csv:1403,arn:aws:iam::123837392027:user/bert-jan,aws_service,DescribeParameters,0
invictus_enriched.csv:1404,arn:aws:iam::123837392027:user/bert-jan,aws_service,DescribeParameters,0
invictus_enriched.csv:1405,arn:aws:iam::123837392027:user/bert-jan,/credentials/stratus-red-team/credentials-24,GetParameter,0
invictus_enriched.csv:1406,arn:aws:iam::123837392027:user/bert-jan,aws_service,DescribeRouteTables,0
invictus_enriched.csv:1407,arn:aws:iam::123837392027:user/bert-jan,aws_service,DescribeParameters,0
invictus_enriched.csv:1408,arn:aws:iam::123837392027:user/bert-jan,aws_service,DescribeRouteTables,0
invictus_enriched.csv:1409,arn:aws:iam::123837392027:user/bert-jan,aws_service,DescribeInternetGateways,0
invictus_enriched.csv:1410,arn:aws:iam::123837392027:user/bert-jan,/credentials/stratus-red-team/credentials-11,GetParameter,0
invictus_enriched.csv:1411,arn:aws:iam::123837392027:user/bert-jan,aws_service,DescribeSecurityGroups,0
invictus_enriched.csv:1412,arn:aws:iam::123837392027:user/bert-jan,aws_service,GetUser,0
invictus_enriched.csv:1413,arn:aws:iam::123837392027:user/bert-jan,aws_service,DescribeRouteTables,0
invictus_enriched.csv:1414,arn:aws:iam::123837392027:user/bert-jan,aws_service,DescribeNetworkAcls,0
invictus_enriched.csv:1415,arn:aws:iam::123837392027:user/bert-jan,aws_service,DescribeParameters,0
invictus_enriched.csv:1416,arn:aws:iam::123837392027:user/bert-jan,stratus-red-team-ec2-steal-credentials-instance,GetInstanceProfile,0
invictus_enriched.csv:1417,arn:aws:iam::123837392027:user/bert-jan,aws_service,DescribeNetworkAcls,0
invictus_enriched.csv:1418,arn:aws:iam::123837392027:user/bert-jan,aws_service,DescribeRouteTables,0
invictus_enriched.csv:1419,arn:aws:iam::123837392027:user/bert-jan,stratus-red-team-ec2-steal-credentials-role,GetRole,0
invictus_enriched.csv:1420,arn:aws:iam::123837392027:user/bert-jan,aws_service,DescribeRouteTables,0
invictus_enriched.csv:1421,arn:aws:iam::123837392027:user/bert-jan,SYMMETRIC_DEFAULT,Decrypt,0
invictus_enriched.csv:1422,arn:aws:iam::123837392027:user/bert-jan,/credentials/stratus-red-team/credentials-5,GetParameter,0
invictus_enriched.csv:1423,arn:aws:iam::123837392027:user/bert-jan,stratus-red-team-ctes-bucket-qyxyekjbtk,GetBucketVersioning,0
invictus_enriched.csv:1424,arn:aws:iam::123837392027:user/bert-jan,stratus-red-team-ctlr-bucket-zqfsvooxqj,GetAccelerateConfiguration,0
invictus_enriched.csv:1425,arn:aws:iam::123837392027:user/bert-jan,SYMMETRIC_DEFAULT,Decrypt,0
invictus_enriched.csv:1426,arn:aws:iam::123837392027:user/bert-jan,aws_service,DescribeParameters,0
invictus_enriched.csv:1427,arn:aws:iam::123837392027:user/bert-jan,aws_service,DescribeParameters,0
invictus_enriched.csv:1428,arn:aws:iam::123837392027:user/bert-jan,/credentials/stratus-red-team/credentials-29,GetParameter,0
invictus_enriched.csv:1429,arn:aws:iam::123837392027:user/bert-jan,aws_service,GetUser,0
invictus_enriched.csv:1430,arn:aws:iam::123837392027:user/bert-jan,aws_service,DescribeRouteTables,0
invictus_enriched.csv:1431,arn:aws:iam::123837392027:user/bert-jan,aws_service,DescribeFlowLogs,0
invictus_enriched.csv:1432,arn:aws:iam::123837392027:user/bert-jan,stratus-red-team-ec2-get-password-data-role,DeleteRolePolicy,0
invictus_enriched.csv:1433,arn:aws:iam::123837392027:user/bert-jan,arn:aws:secretsmanager:us-east-1:123837392027:secret:stratus-red-team-retrieve-secret-17-QaRzei,DeleteSecret,0
invictus_enriched.csv:1434,arn:aws:iam::123837392027:user/bert-jan,stratus-red-team-ctes-bucket-qyxyekjbtk,GetBucketLifecycle,0
invictus_enriched.csv:1435,arn:aws:iam::123837392027:user/bert-jan,aws_service,DescribeSecurityGroups,0
invictus_enriched.csv:1436,arn:aws:iam::123837392027:user/bert-jan,aws_service,DescribeInternetGateways,0
invictus_enriched.csv:1437,arn:aws:iam::123837392027:user/bert-jan,arn:aws:secretsmanager:us-east-1:123837392027:secret:stratus-red-team-retrieve-secret-9-7ChiHt,DeleteSecret,0
invictus_enriched.csv:1438,arn:aws:iam::123837392027:user/bert-jan,aws_service,DescribeRouteTables,0
invictus_enriched.csv:1439,arn:aws:iam::123837392027:user/bert-jan,stratus-red-team-leave-org-role,ListRolePolicies,0
invictus_enriched.csv:1440,arn:aws:iam::123837392027:user/bert-jan,arn:aws:secretsmanager:us-east-1:123837392027:secret:stratus-red-team-retrieve-secret-1-ywtiPr,DeleteSecret,0
invictus_enriched.csv:1441,arn:aws:iam::123837392027:user/bert-jan,arn:aws:secretsmanager:us-east-1:123837392027:secret:stratus-red-team-retrieve-secret-18-L0CnJd,DeleteSecret,0
invictus_enriched.csv:1442,arn:aws:iam::123837392027:user/bert-jan,arn:aws:secretsmanager:us-east-1:123837392027:secret:stratus-red-team-retrieve-secret-12-mwz4gq,DeleteSecret,0
invictus_enriched.csv:1443,arn:aws:iam::123837392027:user/bert-jan,aws_service,DescribeRouteTables,0
invictus_enriched.csv:1444,arn:aws:iam::123837392027:user/bert-jan,arn:aws:secretsmanager:us-east-1:123837392027:secret:stratus-red-team-retrieve-secret-0-xehWok,DeleteSecret,0
invictus_enriched.csv:1445,arn:aws:iam::123837392027:user/bert-jan,aws_service,DescribeSubnets,0
invictus_enriched.csv:1446,unknown_principal,stratus-red-team-ctlr-bucket-zqfsvooxqj,GetBucketAcl,0
invictus_enriched.csv:1447,arn:aws:iam::123837392027:user/bert-jan,stratus-red-team-get-usr-data-role,ListRolePolicies,0
invictus_enriched.csv:1448,arn:aws:iam::123837392027:user/bert-jan,aws_service,DescribeParameters,0
invictus_enriched.csv:1449,arn:aws:iam::123837392027:user/bert-jan,arn:aws:secretsmanager:us-east-1:123837392027:secret:stratus-red-team-retrieve-secret-19-0HEVow,DeleteSecret,0
invictus_enriched.csv:1450,arn:aws:iam::123837392027:user/bert-jan,arn:aws:secretsmanager:us-east-1:123837392027:secret:stratus-red-team-retrieve-secret-7-nFvpuv,DeleteSecret,0
invictus_enriched.csv:1451,arn:aws:iam::123837392027:user/bert-jan,arn:aws:secretsmanager:us-east-1:123837392027:secret:stratus-red-team-retrieve-secret-11-mekIRl,DeleteSecret,0
invictus_enriched.csv:1452,arn:aws:iam::123837392027:user/bert-jan,aws_service,DescribeInternetGateways,0
invictus_enriched.csv:1453,arn:aws:iam::123837392027:user/bert-jan,aws_service,DescribeNetworkInterfaces,0
invictus_enriched.csv:1454,arn:aws:iam::123837392027:user/bert-jan,stratus-red-team-ec2-get-password-data-role,DeleteRole,0
invictus_enriched.csv:1455,arn:aws:iam::123837392027:user/bert-jan,aws_service,DescribeRouteTables,0
invictus_enriched.csv:1456,arn:aws:iam::123837392027:user/bert-jan,aws_service,DescribeParameters,0
invictus_enriched.csv:1457,arn:aws:iam::123837392027:user/bert-jan,aws_service,GetUser,0
invictus_enriched.csv:1458,arn:aws:iam::123837392027:user/bert-jan,aws_service,DescribeRouteTables,0
invictus_enriched.csv:1459,arn:aws:iam::123837392027:user/bert-jan,stratus-red-team-leave-org-role,ListInstanceProfilesForRole,0
invictus_enriched.csv:1460,arn:aws:iam::123837392027:user/bert-jan,aws_service,DescribeSubnets,0
invictus_enriched.csv:1461,arn:aws:iam::123837392027:user/bert-jan,stratus-red-team-ctes-bucket-qyxyekjbtk,GetBucketRequestPayment,0
invictus_enriched.csv:1462,arn:aws:iam::123837392027:user/bert-jan,arn:aws:secretsmanager:us-east-1:123837392027:secret:stratus-red-team-retrieve-secret-10-agquim,DeleteSecret,0
invictus_enriched.csv:1463,arn:aws:iam::123837392027:user/bert-jan,aws_service,DescribeSubnets,0
invictus_enriched.csv:1464,arn:aws:iam::123837392027:user/bert-jan,aws_service,DescribeNatGateways,0
invictus_enriched.csv:1465,arn:aws:iam::123837392027:user/bert-jan,stratus-red-team-ctlr-bucket-zqfsvooxqj,GetBucketLifecycle,0
invictus_enriched.csv:1466,arn:aws:iam::123837392027:user/bert-jan,aws_service,DescribeParameters,0
invictus_enriched.csv:1467,arn:aws:iam::123837392027:user/bert-jan,arn:aws:secretsmanager:us-east-1:123837392027:secret:stratus-red-team-retrieve-secret-3-i1OGGG,DeleteSecret,0
invictus_enriched.csv:1468,arn:aws:iam::123837392027:user/bert-jan,aws_service,DescribeSubnets,0
invictus_enriched.csv:1469,arn:aws:iam::123837392027:user/bert-jan,aws_service,DescribeParameters,0
invictus_enriched.csv:1470,arn:aws:iam::123837392027:user/bert-jan,aws_service,DescribeRouteTables,0
invictus_enriched.csv:1471,arn:aws:iam::123837392027:user/bert-jan,arn:aws:secretsmanager:us-east-1:123837392027:secret:stratus-red-team-retrieve-secret-4-xehWok,DeleteSecret,0
invictus_enriched.csv:1472,arn:aws:iam::123837392027:user/bert-jan,stratus-red-team-get-usr-data-role,DeleteRolePolicy,0
invictus_enriched.csv:1473,arn:aws:iam::123837392027:user/bert-jan,arn:aws:secretsmanager:us-east-1:123837392027:secret:stratus-red-team-retrieve-secret-5-iugd0p,DeleteSecret,0
invictus_enriched.csv:1474,arn:aws:iam::123837392027:user/bert-jan,stratus-red-team-ctes-bucket-qyxyekjbtk,GetBucketLogging,0
invictus_enriched.csv:1475,arn:aws:iam::123837392027:user/bert-jan,arn:aws:secretsmanager:us-east-1:123837392027:secret:stratus-red-team-retrieve-secret-15-wL771x,DeleteSecret,0
invictus_enriched.csv:1476,arn:aws:iam::123837392027:user/bert-jan,stratus-red-team-ctlr-bucket-zqfsvooxqj,GetBucketLogging,0
invictus_enriched.csv:1477,arn:aws:iam::123837392027:user/bert-jan,arn:aws:secretsmanager:us-east-1:123837392027:secret:stratus-red-team-retrieve-secret-8-2aONLk,DeleteSecret,0
invictus_enriched.csv:1478,arn:aws:iam::123837392027:user/bert-jan,aws_service,DescribeParameters,0
invictus_enriched.csv:1479,arn:aws:iam::123837392027:user/bert-jan,arn:aws:secretsmanager:us-east-1:123837392027:secret:stratus-red-team-retrieve-secret-2-agquim,DeleteSecret,0
invictus_enriched.csv:1480,arn:aws:iam::123837392027:user/bert-jan,stratus-red-team-get-usr-data-role,DeleteRole,0
invictus_enriched.csv:1481,arn:aws:iam::123837392027:user/bert-jan,aws_service,DescribeParameters,0
invictus_enriched.csv:1482,arn:aws:iam::123837392027:user/bert-jan,arn:aws:secretsmanager:us-east-1:123837392027:secret:stratus-red-team-retrieve-secret-14-ZgthLn,DeleteSecret,0
invictus_enriched.csv:1483,arn:aws:iam::123837392027:user/bert-jan,aws_service,DescribeParameters,0
invictus_enriched.csv:1484,arn:aws:iam::123837392027:user/bert-jan,aws_service,DescribeRouteTables,0
invictus_enriched.csv:1485,arn:aws:iam::123837392027:user/bert-jan,aws_service,DescribeRouteTables,0
invictus_enriched.csv:1486,arn:aws:iam::123837392027:user/bert-jan,aws_service,DescribeRouteTables,0
invictus_enriched.csv:1487,arn:aws:iam::123837392027:user/bert-jan,aws_service,DescribeParameters,0
invictus_enriched.csv:1488,arn:aws:iam::123837392027:user/bert-jan,vpc-0255d384b4b458b46,DeleteVpc,0
invictus_enriched.csv:1489,arn:aws:iam::123837392027:user/bert-jan,stratus-red-team-ec2lui-role-pcccexdthk,DetachRolePolicy,0
invictus_enriched.csv:1490,arn:aws:iam::123837392027:user/bert-jan,aws_service,DescribeInstances,0
invictus_enriched.csv:1491,arn:aws:iam::123837392027:user/bert-jan,aws_service,DescribeRouteTables,0
invictus_enriched.csv:1492,arn:aws:iam::123837392027:user/bert-jan,stratus-red-team-ctes-bucket-qyxyekjbtk,GetBucketObjectLockConfiguration,0
invictus_enriched.csv:1493,arn:aws:iam::123837392027:user/bert-jan,aws_service,GetUser,0
invictus_enriched.csv:1494,arn:aws:iam::123837392027:user/bert-jan,/stratus-red-team/vpc-flow-logs,DeleteLogGroup,0
invictus_enriched.csv:1495,arn:aws:iam::123837392027:user/bert-jan,aws_service,DescribeNetworkInterfaces,0
invictus_enriched.csv:1496,arn:aws:iam::123837392027:user/bert-jan,aws_service,DescribeTags,0
invictus_enriched.csv:1497,arn:aws:iam::123837392027:user/bert-jan,aws_service,DescribeRouteTables,0
invictus_enriched.csv:1498,arn:aws:iam::123837392027:user/bert-jan,stratus-red-team-remove-flow-logs-role,DeleteRolePolicy,0
invictus_enriched.csv:1499,arn:aws:iam::123837392027:user/bert-jan,aws_service,DescribeParameters,0
invictus_enriched.csv:1500,arn:aws:iam::123837392027:user/bert-jan,stratus-red-team-ctes-bucket-qyxyekjbtk,GetBucketReplication,0
invictus_enriched.csv:1501,arn:aws:iam::123837392027:user/bert-jan,aws_service,DescribeRouteTables,0
invictus_enriched.csv:1502,arn:aws:iam::123837392027:user/bert-jan,stratus-red-team-ctlr-bucket-zqfsvooxqj,GetBucketObjectLockConfiguration,0
invictus_enriched.csv:1503,arn:aws:iam::123837392027:user/bert-jan,aws_service,DescribeNatGateways,0
invictus_enriched.csv:1504,arn:aws:iam::123837392027:user/bert-jan,stratus-red-team-ctes-bucket-qyxyekjbtk,GetBucketEncryption,0
invictus_enriched.csv:1505,arn:aws:iam::123837392027:user/bert-jan,stratus-red-team-ctlr-bucket-zqfsvooxqj,GetBucketEncryption,0
invictus_enriched.csv:1506,arn:aws:iam::123837392027:user/bert-jan,stratus-red-team-remove-flow-logs-role,ListInstanceProfilesForRole,0
invictus_enriched.csv:1507,arn:aws:iam::123837392027:user/bert-jan,aws_service,DescribeInstances,0
invictus_enriched.csv:1508,arn:aws:iam::123837392027:user/bert-jan,aws_service,DescribeRouteTables,0
invictus_enriched.csv:1509,arn:aws:iam::123837392027:user/bert-jan,stratus-red-team-leave-org-role,DeleteRole,0
invictus_enriched.csv:1510,arn:aws:iam::123837392027:user/bert-jan,arn:aws:iam::123837392027:policy/stratus-red-team-ec2lui-policy-pcccexdthk,ListPolicyVersions,0
invictus_enriched.csv:1511,arn:aws:iam::123837392027:user/bert-jan,aws_service,DescribeParameters,0
invictus_enriched.csv:1512,arn:aws:iam::123837392027:user/bert-jan,stratus-red-team-remove-flow-logs-role,ListRolePolicies,0
invictus_enriched.csv:1513,arn:aws:iam::123837392027:user/bert-jan,aws_service,DescribeTags,0
invictus_enriched.csv:1514,arn:aws:iam::123837392027:user/bert-jan,aws_service,DescribeParameters,0
invictus_enriched.csv:1515,arn:aws:iam::123837392027:user/bert-jan,stratus-red-team-ec2lui-role-pcccexdthk,DeleteRole,0
invictus_enriched.csv:1516,arn:aws:iam::123837392027:user/bert-jan,stratus-red-team-ctlr-bucket-zqfsvooxqj,GetBucketTagging,0
invictus_enriched.csv:1517,arn:aws:iam::123837392027:user/bert-jan,stratus-red-team-ec2lui-role-pcccexdthk,ListAttachedRolePolicies,0
invictus_enriched.csv:1518,arn:aws:iam::123837392027:user/bert-jan,aws_service,DescribeParameters,0
invictus_enriched.csv:1519,arn:aws:iam::123837392027:user/bert-jan,aws_service,DescribeRouteTables,0
invictus_enriched.csv:1520,arn:aws:iam::123837392027:user/bert-jan,arn:aws:iam::123837392027:policy/stratus-red-team-ec2lui-policy-pcccexdthk,DeletePolicy,0
invictus_enriched.csv:1521,arn:aws:iam::123837392027:user/bert-jan,aws_service,DescribeParameters,0
invictus_enriched.csv:1522,arn:aws:iam::123837392027:user/bert-jan,aws_service,DescribeRouteTables,0
invictus_enriched.csv:1523,arn:aws:iam::123837392027:user/bert-jan,aws_service,DescribeParameters,0
invictus_enriched.csv:1524,arn:aws:iam::123837392027:user/bert-jan,aws_service,DescribeParameters,0
invictus_enriched.csv:1525,arn:aws:iam::123837392027:user/bert-jan,aws_service,DescribeRouteTables,0
invictus_enriched.csv:1526,arn:aws:iam::123837392027:user/bert-jan,stratus-red-team-ec2lui-role-pcccexdthk,ListInstanceProfilesForRole,0
invictus_enriched.csv:1527,arn:aws:iam::123837392027:user/bert-jan,rtb-06711e8f3a624506d,DeleteRouteTable,0
invictus_enriched.csv:1528,arn:aws:iam::123837392027:user/bert-jan,rtbassoc-0d88381fe24e7a995,DisassociateRouteTable,0
invictus_enriched.csv:1529,arn:aws:iam::123837392027:user/bert-jan,aws_service,DescribeNetworkInterfaces,0
invictus_enriched.csv:1530,arn:aws:iam::123837392027:user/bert-jan,aws_service,DescribeRouteTables,0
invictus_enriched.csv:1531,arn:aws:iam::123837392027:user/bert-jan,Parameter,ListTagsForResource,0
invictus_enriched.csv:1532,arn:aws:iam::123837392027:user/bert-jan,Parameter,ListTagsForResource,0
invictus_enriched.csv:1533,arn:aws:iam::123837392027:user/bert-jan,aws_service,DescribeInternetGateways,0
invictus_enriched.csv:1534,arn:aws:iam::123837392027:user/bert-jan,stratus-red-team-remove-flow-logs-role,DeleteRole,0
invictus_enriched.csv:1535,arn:aws:iam::123837392027:user/bert-jan,subnet-096553f59d783f082,DeleteSubnet,0
invictus_enriched.csv:1536,arn:aws:iam::123837392027:user/bert-jan,aws_service,DescribeParameters,0
invictus_enriched.csv:1537,arn:aws:iam::123837392027:user/bert-jan,aws_service,DescribeRouteTables,0
invictus_enriched.csv:1538,arn:aws:iam::123837392027:user/bert-jan,rtb-0906d1e2f52ebe9b0,DeleteRouteTable,0
invictus_enriched.csv:1539,arn:aws:iam::123837392027:user/bert-jan,aws_service,DescribeVpcs,0
invictus_enriched.csv:1540,arn:aws:iam::123837392027:user/bert-jan,aws_service,DescribeRouteTables,0
invictus_enriched.csv:1541,arn:aws:iam::123837392027:user/bert-jan,stratus-red-team-ctes-bucket-qyxyekjbtk,GetBucketTagging,0
invictus_enriched.csv:1542,arn:aws:iam::123837392027:user/bert-jan,rtb-06711e8f3a624506d,DeleteRoute,0
invictus_enriched.csv:1543,arn:aws:iam::123837392027:user/bert-jan,aws_service,DescribeNetworkInterfaces,0
invictus_enriched.csv:1544,arn:aws:iam::123837392027:user/bert-jan,Parameter,ListTagsForResource,0
invictus_enriched.csv:1545,arn:aws:iam::123837392027:user/bert-jan,SYMMETRIC_DEFAULT,Decrypt,0
invictus_enriched.csv:1546,arn:aws:iam::123837392027:user/bert-jan,Parameter,ListTagsForResource,0
invictus_enriched.csv:1547,arn:aws:iam::123837392027:user/bert-jan,aws_service,DescribeVolumes,0
invictus_enriched.csv:1548,arn:aws:iam::123837392027:user/bert-jan,SYMMETRIC_DEFAULT,Decrypt,0
invictus_enriched.csv:1549,arn:aws:iam::123837392027:user/bert-jan,aws_service,DescribeVolumes,0
invictus_enriched.csv:1550,arn:aws:iam::123837392027:user/bert-jan,Parameter,ListTagsForResource,0
invictus_enriched.csv:1551,arn:aws:iam::123837392027:user/bert-jan,aws_service,DescribeParameters,0
invictus_enriched.csv:1552,arn:aws:iam::123837392027:user/bert-jan,/credentials/stratus-red-team/credentials-23,GetParameter,0
invictus_enriched.csv:1553,arn:aws:iam::123837392027:user/bert-jan,aws_service,DescribeTrails,0
invictus_enriched.csv:1554,arn:aws:iam::123837392027:user/bert-jan,SYMMETRIC_DEFAULT,Decrypt,0
invictus_enriched.csv:1555,arn:aws:iam::123837392027:user/bert-jan,/credentials/stratus-red-team/credentials-12,GetParameter,0
invictus_enriched.csv:1556,arn:aws:iam::123837392027:user/bert-jan,aws_service,ListTags,0
invictus_enriched.csv:1557,arn:aws:iam::123837392027:user/bert-jan,SYMMETRIC_DEFAULT,Decrypt,0
invictus_enriched.csv:1558,arn:aws:iam::123837392027:user/bert-jan,/credentials/stratus-red-team/credentials-8,GetParameter,0
invictus_enriched.csv:1559,arn:aws:iam::123837392027:user/bert-jan,Parameter,ListTagsForResource,0
invictus_enriched.csv:1560,arn:aws:iam::123837392027:user/bert-jan,stratus-red-team-ctes-trail-qyxyekjbtk,GetTrailStatus,0
invictus_enriched.csv:1561,arn:aws:iam::123837392027:user/bert-jan,aws_service,DescribeTrails,0
invictus_enriched.csv:1562,arn:aws:iam::123837392027:user/bert-jan,aws_service,DescribeParameters,0
invictus_enriched.csv:1563,arn:aws:iam::123837392027:user/bert-jan,Parameter,ListTagsForResource,0
invictus_enriched.csv:1564,arn:aws:iam::123837392027:user/bert-jan,aws_service,DescribeRouteTables,0
invictus_enriched.csv:1565,arn:aws:iam::123837392027:user/bert-jan,aws_service,DescribeParameters,0
invictus_enriched.csv:1566,arn:aws:iam::123837392027:user/bert-jan,/credentials/stratus-red-team/credentials-26,GetParameter,0
invictus_enriched.csv:1567,arn:aws:iam::123837392027:user/bert-jan,/credentials/stratus-red-team/credentials-41,GetParameter,0
invictus_enriched.csv:1568,arn:aws:iam::123837392027:user/bert-jan,/credentials/stratus-red-team/credentials-10,GetParameter,0
invictus_enriched.csv:1569,arn:aws:iam::123837392027:user/bert-jan,/credentials/stratus-red-team/credentials-27,GetParameter,0
invictus_enriched.csv:1570,arn:aws:iam::123837392027:user/bert-jan,aws_service,DescribeParameters,0
invictus_enriched.csv:1571,arn:aws:iam::123837392027:user/bert-jan,aws_service,ListTags,0
invictus_enriched.csv:1572,arn:aws:iam::123837392027:user/bert-jan,SYMMETRIC_DEFAULT,Decrypt,0
invictus_enriched.csv:1573,arn:aws:iam::123837392027:user/bert-jan,SYMMETRIC_DEFAULT,Decrypt,0
invictus_enriched.csv:1574,arn:aws:iam::123837392027:user/bert-jan,vpc-0fa94f40db415f317,DeleteVpc,0
invictus_enriched.csv:1575,arn:aws:iam::123837392027:user/bert-jan,Parameter,ListTagsForResource,0
invictus_enriched.csv:1576,arn:aws:iam::123837392027:user/bert-jan,i-05c30218156bcc246,DescribeInstanceAttribute,0
invictus_enriched.csv:1577,arn:aws:iam::123837392027:user/bert-jan,subnet-01cccb722afa6dea3,DeleteSubnet,0
invictus_enriched.csv:1578,arn:aws:iam::123837392027:user/bert-jan,aws_service,DescribeRouteTables,0
invictus_enriched.csv:1579,arn:aws:iam::123837392027:user/bert-jan,/credentials/stratus-red-team/credentials-3,GetParameter,0
invictus_enriched.csv:1580,arn:aws:iam::123837392027:user/bert-jan,aws_service,DescribeParameters,0
invictus_enriched.csv:1581,arn:aws:iam::123837392027:user/bert-jan,igw-040b2274c4a167722,DeleteInternetGateway,0
invictus_enriched.csv:1582,arn:aws:iam::123837392027:user/bert-jan,aws_service,DescribeRouteTables,0
invictus_enriched.csv:1583,arn:aws:iam::123837392027:user/bert-jan,Parameter,ListTagsForResource,0
invictus_enriched.csv:1584,arn:aws:iam::123837392027:user/bert-jan,SYMMETRIC_DEFAULT,Decrypt,0
invictus_enriched.csv:1585,arn:aws:iam::123837392027:user/bert-jan,SYMMETRIC_DEFAULT,Decrypt,0
invictus_enriched.csv:1586,arn:aws:iam::123837392027:user/bert-jan,Parameter,ListTagsForResource,0
invictus_enriched.csv:1587,arn:aws:iam::123837392027:user/bert-jan,SYMMETRIC_DEFAULT,Decrypt,0
invictus_enriched.csv:1588,arn:aws:iam::123837392027:user/bert-jan,/credentials/stratus-red-team/credentials-4,GetParameter,0
invictus_enriched.csv:1589,arn:aws:iam::123837392027:user/bert-jan,/credentials/stratus-red-team/credentials-9,GetParameter,0
invictus_enriched.csv:1590,arn:aws:iam::123837392027:user/bert-jan,SYMMETRIC_DEFAULT,Decrypt,0
invictus_enriched.csv:1591,arn:aws:iam::123837392027:user/bert-jan,aws_service,DescribeParameters,0
invictus_enriched.csv:1592,arn:aws:iam::123837392027:user/bert-jan,stratus-red-team-ctlr-trail-zqfsvooxqj,GetEventSelectors,0
invictus_enriched.csv:1593,arn:aws:iam::123837392027:user/bert-jan,SYMMETRIC_DEFAULT,Decrypt,0
invictus_enriched.csv:1594,arn:aws:iam::123837392027:user/bert-jan,aws_service,DescribeParameters,0
invictus_enriched.csv:1595,arn:aws:iam::123837392027:user/bert-jan,aws_service,DescribeInstanceCreditSpecifications,0
invictus_enriched.csv:1596,arn:aws:iam::123837392027:user/bert-jan,aws_service,DescribeParameters,0
invictus_enriched.csv:1597,arn:aws:iam::123837392027:user/bert-jan,aws_service,DescribeParameters,0
invictus_enriched.csv:1598,arn:aws:iam::123837392027:user/bert-jan,aws_service,DescribeParameters,0
invictus_enriched.csv:1599,arn:aws:iam::123837392027:user/bert-jan,aws_service,DescribeVpcs,0
invictus_enriched.csv:1600,arn:aws:iam::123837392027:user/bert-jan,i-05c30218156bcc246,DescribeInstanceAttribute,0
invictus_enriched.csv:1601,arn:aws:iam::123837392027:user/bert-jan,/credentials/stratus-red-team/credentials-34,GetParameter,0
invictus_enriched.csv:1602,arn:aws:iam::123837392027:user/bert-jan,aws_service,DescribeParameters,0
invictus_enriched.csv:1603,arn:aws:iam::123837392027:user/bert-jan,aws_service,DescribeParameters,0
invictus_enriched.csv:1604,arn:aws:iam::123837392027:user/bert-jan,i-0dbc91f429e48eeed,DescribeInstanceAttribute,0
invictus_enriched.csv:1605,arn:aws:iam::123837392027:user/bert-jan,stratus-red-team-ctes-trail-qyxyekjbtk,GetEventSelectors,0
invictus_enriched.csv:1606,arn:aws:iam::123837392027:user/bert-jan,aws_service,DescribeParameters,0
invictus_enriched.csv:1607,arn:aws:iam::123837392027:user/bert-jan,i-0dbc91f429e48eeed,DescribeInstanceAttribute,0
invictus_enriched.csv:1608,arn:aws:iam::123837392027:user/bert-jan,aws_service,DescribeParameters,0
invictus_enriched.csv:1609,arn:aws:iam::123837392027:user/bert-jan,stratus-red-team-ctes-trail-qyxyekjbtk,DeleteTrail,1
invictus_enriched.csv:1610,arn:aws:iam::123837392027:user/bert-jan,aws_service,DescribeParameters,0
invictus_enriched.csv:1611,arn:aws:iam::123837392027:user/bert-jan,aws_service,GetUser,0
invictus_enriched.csv:1612,arn:aws:iam::123837392027:user/bert-jan,/credentials/stratus-red-team/credentials-0,GetParameter,0
invictus_enriched.csv:1613,arn:aws:iam::123837392027:user/bert-jan,aws_service,DescribeParameters,0
invictus_enriched.csv:1614,arn:aws:iam::123837392027:user/bert-jan,aws_service,GetUser,0
invictus_enriched.csv:1615,arn:aws:iam::123837392027:user/bert-jan,Parameter,ListTagsForResource,0
invictus_enriched.csv:1616,arn:aws:iam::123837392027:user/bert-jan,SYMMETRIC_DEFAULT,Decrypt,0
invictus_enriched.csv:1617,arn:aws:iam::123837392027:user/bert-jan,aws_service,DescribeParameters,0
invictus_enriched.csv:1618,arn:aws:iam::123837392027:user/bert-jan,aws_service,DescribeParameters,0
invictus_enriched.csv:1619,arn:aws:iam::123837392027:user/bert-jan,aws_service,DescribeParameters,0
invictus_enriched.csv:1620,arn:aws:iam::123837392027:user/bert-jan,aws_service,DescribeInstanceCreditSpecifications,0
invictus_enriched.csv:1621,arn:aws:iam::123837392027:user/bert-jan,Parameter,ListTagsForResource,0
invictus_enriched.csv:1622,arn:aws:iam::123837392027:user/bert-jan,aws_service,DescribeParameters,0
invictus_enriched.csv:1623,arn:aws:iam::123837392027:user/bert-jan,Parameter,ListTagsForResource,0
invictus_enriched.csv:1624,arn:aws:iam::123837392027:user/bert-jan,Parameter,ListTagsForResource,0
invictus_enriched.csv:1625,arn:aws:iam::123837392027:user/bert-jan,aws_service,DescribeParameters,0
invictus_enriched.csv:1626,unknown_principal,aws_service,EndSecretVersionDelete,0
invictus_enriched.csv:1627,unknown_principal,aws_service,StartSecretVersionDelete,0
invictus_enriched.csv:1628,arn:aws:iam::123837392027:user/bert-jan,aws_service,DescribeParameters,0
invictus_enriched.csv:1629,arn:aws:iam::123837392027:user/bert-jan,aws_service,GetUser,0
invictus_enriched.csv:1630,arn:aws:iam::123837392027:user/bert-jan,stratus-red-team-ctlr-trail-zqfsvooxqj,DeleteTrail,1
invictus_enriched.csv:1631,arn:aws:iam::123837392027:user/bert-jan,aws_service,DescribeParameters,0
invictus_enriched.csv:1632,arn:aws:iam::123837392027:user/bert-jan,aws_service,DescribeParameters,0
invictus_enriched.csv:1633,arn:aws:iam::123837392027:user/bert-jan,stratus-red-team-ec2-steal-credentials-role,DetachRolePolicy,0
invictus_enriched.csv:1634,arn:aws:iam::123837392027:user/bert-jan,stratus-red-team-ctlr-bucket-zqfsvooxqj,DeleteBucket,0
invictus_enriched.csv:1635,arn:aws:iam::123837392027:user/bert-jan,rtbassoc-0b911e98f29251a51,DisassociateRouteTable,0
invictus_enriched.csv:1636,arn:aws:iam::123837392027:user/bert-jan,aws_service,DescribeRouteTables,0
invictus_enriched.csv:1637,arn:aws:iam::123837392027:user/bert-jan,i-05c30218156bcc246,ModifyInstanceAttribute,0
invictus_enriched.csv:1638,arn:aws:iam::123837392027:user/bert-jan,rtbassoc-0239fd3312c79a700,DisassociateRouteTable,0
invictus_enriched.csv:1639,arn:aws:iam::123837392027:user/bert-jan,aws_service,TerminateInstances,0
invictus_enriched.csv:1640,arn:aws:iam::123837392027:user/bert-jan,rtbassoc-06c42ea03f0967f18,DisassociateRouteTable,0
invictus_enriched.csv:1641,arn:aws:iam::123837392027:user/bert-jan,stratus-red-team-ctes-bucket-qyxyekjbtk,DeleteBucket,0
invictus_enriched.csv:1642,arn:aws:iam::123837392027:user/bert-jan,rtb-08838187a84b2f5bf,DeleteRoute,0
invictus_enriched.csv:1643,arn:aws:iam::123837392027:user/bert-jan,aws_service,DescribeParameters,0
invictus_enriched.csv:1644,arn:aws:iam::123837392027:user/bert-jan,aws_service,GetUser,0
invictus_enriched.csv:1645,arn:aws:iam::123837392027:user/bert-jan,aws_service,DescribeRouteTables,0
invictus_enriched.csv:1646,arn:aws:iam::123837392027:user/bert-jan,aws_service,DescribeRouteTables,0
invictus_enriched.csv:1647,arn:aws:iam::123837392027:user/bert-jan,rtbassoc-000d4a90bd5c12cfb,DisassociateRouteTable,0
invictus_enriched.csv:1648,arn:aws:iam::123837392027:user/bert-jan,rtb-01a1e48796093c514,DeleteRoute,0
invictus_enriched.csv:1649,arn:aws:iam::123837392027:user/bert-jan,aws_service,DescribeRouteTables,0
invictus_enriched.csv:1650,arn:aws:iam::123837392027:user/bert-jan,i-0dbc91f429e48eeed,ModifyInstanceAttribute,0
invictus_enriched.csv:1651,arn:aws:iam::123837392027:user/bert-jan,rtb-0d4916f528a90fa4e,DeleteRoute,0
invictus_enriched.csv:1652,arn:aws:iam::123837392027:user/bert-jan,aws_service,DescribeParameters,0
invictus_enriched.csv:1653,arn:aws:iam::123837392027:user/bert-jan,aws_service,DescribeRouteTables,0
invictus_enriched.csv:1654,arn:aws:iam::123837392027:user/bert-jan,aws_service,DescribeParameters,0
invictus_enriched.csv:1655,arn:aws:iam::123837392027:user/bert-jan,aws_service,DescribeRouteTables,0
invictus_enriched.csv:1656,arn:aws:iam::123837392027:user/bert-jan,aws_service,DescribeRouteTables,0
invictus_enriched.csv:1657,arn:aws:iam::123837392027:user/bert-jan,Parameter,ListTagsForResource,0
invictus_enriched.csv:1658,arn:aws:iam::123837392027:user/bert-jan,aws_service,DeleteNatGateway,0
invictus_enriched.csv:1659,arn:aws:iam::123837392027:user/bert-jan,aws_service,DescribeRouteTables,0
invictus_enriched.csv:1660,arn:aws:iam::123837392027:user/bert-jan,aws_service,DescribeRouteTables,0
invictus_enriched.csv:1661,arn:aws:iam::123837392027:user/bert-jan,aws_service,DescribeRouteTables,0
invictus_enriched.csv:1662,arn:aws:iam::123837392027:user/bert-jan,aws_service,TerminateInstances,0
invictus_enriched.csv:1663,arn:aws:iam::123837392027:user/bert-jan,aws_service,DescribeRouteTables,0
invictus_enriched.csv:1664,arn:aws:iam::123837392027:user/bert-jan,aws_service,DescribeRouteTables,0
invictus_enriched.csv:1665,arn:aws:iam::123837392027:user/bert-jan,stratus-red-team-ctes-bucket-qyxyekjbtk,DeleteBucket,0
invictus_enriched.csv:1666,arn:aws:iam::123837392027:user/bert-jan,Parameter,ListTagsForResource,0
invictus_enriched.csv:1667,arn:aws:iam::123837392027:user/bert-jan,Parameter,ListTagsForResource,0
invictus_enriched.csv:1668,arn:aws:iam::123837392027:user/bert-jan,aws_service,DescribeRouteTables,0
invictus_enriched.csv:1669,arn:aws:iam::123837392027:user/bert-jan,aws_service,DescribeRouteTables,0
invictus_enriched.csv:1670,arn:aws:iam::123837392027:user/bert-jan,Parameter,ListTagsForResource,0
invictus_enriched.csv:1671,arn:aws:iam::123837392027:user/bert-jan,aws_service,DescribeRouteTables,0
invictus_enriched.csv:1672,arn:aws:iam::123837392027:user/bert-jan,aws_service,DeleteNatGateway,0
invictus_enriched.csv:1673,arn:aws:iam::123837392027:user/bert-jan,aws_service,DescribeParameters,0
invictus_enriched.csv:1674,unknown_principal,aws_service,StartSecretVersionDelete,0
invictus_enriched.csv:1675,unknown_principal,aws_service,EndSecretVersionDelete,0
invictus_enriched.csv:1676,arn:aws:iam::123837392027:user/bert-jan,rtb-0c7c2f4aff3677054,DeleteRouteTable,0
invictus_enriched.csv:1677,arn:aws:iam::123837392027:user/bert-jan,rtb-01a1e48796093c514,DeleteRouteTable,0
invictus_enriched.csv:1678,arn:aws:iam::123837392027:user/bert-jan,aws_service,DescribeRouteTables,0
invictus_enriched.csv:1679,arn:aws:iam::123837392027:user/bert-jan,rtb-0d4916f528a90fa4e,DeleteRouteTable,0
invictus_enriched.csv:1680,arn:aws:iam::123837392027:user/bert-jan,aws_service,DescribeRouteTables,0
invictus_enriched.csv:1681,arn:aws:iam::123837392027:user/bert-jan,aws_service,DescribeRouteTables,0
invictus_enriched.csv:1682,arn:aws:iam::123837392027:user/bert-jan,rtb-08838187a84b2f5bf,DeleteRouteTable,0
invictus_enriched.csv:1683,unknown_principal,aws_service,EndSecretVersionDelete,0
invictus_enriched.csv:1684,unknown_principal,aws_service,EndSecretVersionDelete,0
invictus_enriched.csv:1685,arn:aws:iam::123837392027:user/bert-jan,aws_service,DescribeParameters,0
invictus_enriched.csv:1686,unknown_principal,aws_service,StartSecretVersionDelete,0
invictus_enriched.csv:1687,arn:aws:iam::123837392027:user/bert-jan,aws_service,DescribeRouteTables,0
invictus_enriched.csv:1688,unknown_principal,aws_service,StartSecretVersionDelete,0
invictus_enriched.csv:1689,arn:aws:iam::123837392027:user/bert-jan,Parameter,ListTagsForResource,0
invictus_enriched.csv:1690,unknown_principal,aws_service,EndSecretVersionDelete,0
invictus_enriched.csv:1691,unknown_principal,stratus-red-team-ctlr-bucket-zqfsvooxqj,GetBucketAcl,0
invictus_enriched.csv:1692,arn:aws:iam::123837392027:user/bert-jan,stratus-red-team-ctlr-bucket-zqfsvooxqj,DeleteBucket,0
invictus_enriched.csv:1693,unknown_principal,aws_service,StartSecretVersionDelete,0
invictus_enriched.csv:1694,unknown_principal,aws_service,EndSecretVersionDelete,0
invictus_enriched.csv:1695,arn:aws:iam::123837392027:user/bert-jan,stratus-red-team-ctlr-bucket-zqfsvooxqj,DeleteBucket,0
invictus_enriched.csv:1696,arn:aws:iam::123837392027:user/bert-jan,Parameter,ListTagsForResource,0
invictus_enriched.csv:1697,arn:aws:iam::123837392027:user/bert-jan,aws_service,DescribeParameters,0
invictus_enriched.csv:1698,unknown_principal,aws_service,StartSecretVersionDelete,0
invictus_enriched.csv:1699,arn:aws:iam::123837392027:user/bert-jan,aws_service,GetUser,0
invictus_enriched.csv:1700,arn:aws:iam::123837392027:user/bert-jan,/credentials/stratus-red-team/credentials-39,DeleteParameter,0
invictus_enriched.csv:1701,arn:aws:iam::123837392027:user/bert-jan,/credentials/stratus-red-team/credentials-23,DeleteParameter,0
invictus_enriched.csv:1702,arn:aws:iam::123837392027:user/bert-jan,/credentials/stratus-red-team/credentials-11,DeleteParameter,0
invictus_enriched.csv:1703,unknown_principal,aws_service,EndSecretVersionDelete,0
invictus_enriched.csv:1704,arn:aws:iam::123837392027:user/bert-jan,/credentials/stratus-red-team/credentials-16,DeleteParameter,0
invictus_enriched.csv:1705,arn:aws:iam::123837392027:user/bert-jan,/credentials/stratus-red-team/credentials-41,DeleteParameter,0
invictus_enriched.csv:1706,arn:aws:iam::123837392027:user/bert-jan,/credentials/stratus-red-team/credentials-8,DeleteParameter,0
invictus_enriched.csv:1707,arn:aws:iam::123837392027:user/bert-jan,/credentials/stratus-red-team/credentials-22,DeleteParameter,0
invictus_enriched.csv:1708,arn:aws:iam::123837392027:user/bert-jan,/credentials/stratus-red-team/credentials-34,DeleteParameter,0
invictus_enriched.csv:1709,arn:aws:iam::123837392027:user/bert-jan,/credentials/stratus-red-team/credentials-12,DeleteParameter,0
invictus_enriched.csv:1710,arn:aws:iam::123837392027:user/bert-jan,/credentials/stratus-red-team/credentials-6,DeleteParameter,0
invictus_enriched.csv:1711,arn:aws:iam::123837392027:user/bert-jan,/credentials/stratus-red-team/credentials-27,DeleteParameter,0
invictus_enriched.csv:1712,arn:aws:iam::123837392027:user/bert-jan,/credentials/stratus-red-team/credentials-24,DeleteParameter,0
invictus_enriched.csv:1713,arn:aws:iam::123837392027:user/bert-jan,/credentials/stratus-red-team/credentials-3,DeleteParameter,0
invictus_enriched.csv:1714,arn:aws:iam::123837392027:user/bert-jan,/credentials/stratus-red-team/credentials-40,DeleteParameter,0
invictus_enriched.csv:1715,arn:aws:iam::123837392027:user/bert-jan,/credentials/stratus-red-team/credentials-33,DeleteParameter,0
invictus_enriched.csv:1716,arn:aws:iam::123837392027:user/bert-jan,/credentials/stratus-red-team/credentials-1,DeleteParameter,0
invictus_enriched.csv:1717,arn:aws:iam::123837392027:user/bert-jan,/credentials/stratus-red-team/credentials-2,DeleteParameter,0
invictus_enriched.csv:1718,arn:aws:iam::123837392027:user/bert-jan,/credentials/stratus-red-team/credentials-37,DeleteParameter,0
invictus_enriched.csv:1719,arn:aws:iam::123837392027:user/bert-jan,/credentials/stratus-red-team/credentials-4,DeleteParameter,0
invictus_enriched.csv:1720,arn:aws:iam::123837392027:user/bert-jan,/credentials/stratus-red-team/credentials-25,DeleteParameter,0
invictus_enriched.csv:1721,unknown_principal,aws_service,StartSecretVersionDelete,0
invictus_enriched.csv:1722,arn:aws:iam::123837392027:user/bert-jan,aws_service,DeleteParameter,0
invictus_enriched.csv:1723,arn:aws:iam::123837392027:user/bert-jan,aws_service,DeleteParameter,0
invictus_enriched.csv:1724,arn:aws:iam::123837392027:user/bert-jan,aws_service,DeleteParameter,0
invictus_enriched.csv:1725,arn:aws:iam::123837392027:user/bert-jan,aws_service,DeleteParameter,0
invictus_enriched.csv:1726,arn:aws:iam::123837392027:user/bert-jan,aws_service,DeleteParameter,0
invictus_enriched.csv:1727,arn:aws:iam::123837392027:user/bert-jan,aws_service,DeleteParameter,0
invictus_enriched.csv:1728,arn:aws:iam::123837392027:user/bert-jan,aws_service,DeleteParameter,0
invictus_enriched.csv:1729,arn:aws:iam::123837392027:user/bert-jan,aws_service,DeleteParameter,0
invictus_enriched.csv:1730,arn:aws:iam::123837392027:user/bert-jan,aws_service,DeleteParameter,0
invictus_enriched.csv:1731,unknown_principal,aws_service,EndSecretVersionDelete,0
invictus_enriched.csv:1732,arn:aws:iam::123837392027:user/bert-jan,aws_service,DeleteParameter,0
invictus_enriched.csv:1733,arn:aws:iam::123837392027:user/bert-jan,aws_service,DeleteParameter,0
invictus_enriched.csv:1734,arn:aws:iam::123837392027:user/bert-jan,aws_service,DeleteParameter,0
invictus_enriched.csv:1735,arn:aws:iam::123837392027:user/bert-jan,aws_service,DeleteParameter,0
invictus_enriched.csv:1736,unknown_principal,aws_service,StartSecretVersionDelete,0
invictus_enriched.csv:1737,arn:aws:iam::123837392027:user/bert-jan,aws_service,DeleteParameter,0
invictus_enriched.csv:1738,arn:aws:iam::123837392027:user/bert-jan,aws_service,DeleteParameter,0
invictus_enriched.csv:1739,unknown_principal,aws_service,EndSecretVersionDelete,0
invictus_enriched.csv:1740,unknown_principal,aws_service,StartSecretVersionDelete,0
invictus_enriched.csv:1741,arn:aws:iam::123837392027:user/bert-jan,aws_service,DeleteParameter,0
invictus_enriched.csv:1742,arn:aws:iam::123837392027:user/bert-jan,aws_service,DeleteParameter,0
invictus_enriched.csv:1743,arn:aws:iam::123837392027:user/bert-jan,aws_service,DeleteParameter,0
invictus_enriched.csv:1744,arn:aws:iam::123837392027:user/bert-jan,aws_service,DeleteParameter,0
invictus_enriched.csv:1745,arn:aws:iam::123837392027:user/bert-jan,aws_service,DeleteParameter,0
invictus_enriched.csv:1746,arn:aws:iam::123837392027:user/bert-jan,aws_service,DeleteParameter,0
invictus_enriched.csv:1747,unknown_principal,aws_service,StartSecretVersionDelete,0
invictus_enriched.csv:1748,arn:aws:iam::123837392027:user/bert-jan,aws_service,DeleteParameter,0
invictus_enriched.csv:1749,unknown_principal,aws_service,EndSecretVersionDelete,0
invictus_enriched.csv:1750,arn:aws:iam::123837392027:user/bert-jan,aws_service,DescribeInstances,0
invictus_enriched.csv:1751,arn:aws:iam::123837392027:user/bert-jan,aws_service,DeleteParameter,0
invictus_enriched.csv:1752,arn:aws:iam::123837392027:user/bert-jan,aws_service,DeleteParameter,0
invictus_enriched.csv:1753,arn:aws:iam::123837392027:user/bert-jan,aws_service,DescribeInstances,0
invictus_enriched.csv:1754,arn:aws:iam::123837392027:user/bert-jan,aws_service,DeleteParameter,0
invictus_enriched.csv:1755,arn:aws:iam::123837392027:user/bert-jan,/credentials/stratus-red-team/credentials-17,DeleteParameter,0
invictus_enriched.csv:1756,arn:aws:iam::123837392027:user/bert-jan,/credentials/stratus-red-team/credentials-36,DeleteParameter,0
invictus_enriched.csv:1757,arn:aws:iam::123837392027:user/bert-jan,aws_service,DeleteParameter,0
invictus_enriched.csv:1758,arn:aws:iam::123837392027:user/bert-jan,aws_service,DeleteParameter,0
invictus_enriched.csv:1759,arn:aws:iam::123837392027:user/bert-jan,aws_service,DescribeNatGateways,0
invictus_enriched.csv:1760,arn:aws:iam::123837392027:user/bert-jan,/credentials/stratus-red-team/credentials-19,DeleteParameter,0
invictus_enriched.csv:1761,arn:aws:iam::123837392027:user/bert-jan,aws_service,DescribeNatGateways,0
invictus_enriched.csv:1762,arn:aws:iam::123837392027:user/bert-jan,/credentials/stratus-red-team/credentials-31,DeleteParameter,0
invictus_enriched.csv:1763,unknown_principal,aws_service,EndSecretVersionDelete,0
invictus_enriched.csv:1764,unknown_principal,aws_service,StartSecretVersionDelete,0
invictus_enriched.csv:1765,arn:aws:iam::123837392027:user/bert-jan,/credentials/stratus-red-team/credentials-30,DeleteParameter,0
invictus_enriched.csv:1766,unknown_principal,aws_service,EndSecretVersionDelete,0
invictus_enriched.csv:1767,arn:aws:iam::123837392027:user/bert-jan,aws_service,DeleteParameter,0
invictus_enriched.csv:1768,arn:aws:iam::123837392027:user/bert-jan,/credentials/stratus-red-team/credentials-29,DeleteParameter,0
invictus_enriched.csv:1769,arn:aws:iam::123837392027:user/bert-jan,/credentials/stratus-red-team/credentials-7,DeleteParameter,0
invictus_enriched.csv:1770,arn:aws:iam::123837392027:user/bert-jan,/credentials/stratus-red-team/credentials-18,DeleteParameter,0
invictus_enriched.csv:1771,unknown_principal,aws_service,StartSecretVersionDelete,0
invictus_enriched.csv:1772,arn:aws:iam::123837392027:user/bert-jan,aws_service,DeleteParameter,0
invictus_enriched.csv:1773,arn:aws:iam::123837392027:user/bert-jan,/credentials/stratus-red-team/credentials-26,DeleteParameter,0
invictus_enriched.csv:1774,arn:aws:iam::123837392027:user/bert-jan,aws_service,DeleteParameter,0
invictus_enriched.csv:1775,arn:aws:iam::123837392027:user/bert-jan,/credentials/stratus-red-team/credentials-38,DeleteParameter,0
invictus_enriched.csv:1776,arn:aws:iam::123837392027:user/bert-jan,/credentials/stratus-red-team/credentials-20,DeleteParameter,0
invictus_enriched.csv:1777,arn:aws:iam::123837392027:user/bert-jan,/credentials/stratus-red-team/credentials-28,DeleteParameter,0
invictus_enriched.csv:1778,arn:aws:iam::123837392027:user/bert-jan,aws_service,DescribeInstances,0
invictus_enriched.csv:1779,arn:aws:iam::123837392027:user/bert-jan,aws_service,DeleteParameter,0
invictus_enriched.csv:1780,arn:aws:iam::123837392027:user/bert-jan,aws_service,DeleteParameter,0
invictus_enriched.csv:1781,arn:aws:iam::123837392027:user/bert-jan,aws_service,DeleteParameter,0
invictus_enriched.csv:1782,arn:aws:iam::123837392027:user/bert-jan,aws_service,DeleteParameter,0
invictus_enriched.csv:1783,arn:aws:iam::123837392027:user/bert-jan,aws_service,DeleteParameter,0
invictus_enriched.csv:1784,arn:aws:iam::123837392027:user/bert-jan,aws_service,DeleteParameter,0
invictus_enriched.csv:1785,arn:aws:iam::123837392027:user/bert-jan,aws_service,DeleteParameter,0
invictus_enriched.csv:1786,arn:aws:iam::123837392027:user/bert-jan,aws_service,DescribeInstances,0
invictus_enriched.csv:1787,arn:aws:iam::123837392027:user/bert-jan,aws_service,DeleteParameter,0
invictus_enriched.csv:1788,unknown_principal,aws_service,StartSecretVersionDelete,0
invictus_enriched.csv:1789,unknown_principal,aws_service,EndSecretVersionDelete,0
invictus_enriched.csv:1790,unknown_principal,aws_service,StartSecretVersionDelete,0
invictus_enriched.csv:1791,unknown_principal,aws_service,EndSecretVersionDelete,0
invictus_enriched.csv:1792,unknown_principal,aws_service,EndSecretVersionDelete,0
invictus_enriched.csv:1793,unknown_principal,aws_service,StartSecretVersionDelete,0
invictus_enriched.csv:1794,arn:aws:iam::123837392027:user/bert-jan,/credentials/stratus-red-team/credentials-13,DeleteParameter,0
invictus_enriched.csv:1795,arn:aws:iam::123837392027:user/bert-jan,/credentials/stratus-red-team/credentials-0,DeleteParameter,0
invictus_enriched.csv:1796,arn:aws:iam::123837392027:user/bert-jan,/credentials/stratus-red-team/credentials-15,DeleteParameter,0
invictus_enriched.csv:1797,arn:aws:iam::123837392027:user/bert-jan,/credentials/stratus-red-team/credentials-21,DeleteParameter,0
invictus_enriched.csv:1798,unknown_principal,aws_service,EndSecretVersionDelete,0
invictus_enriched.csv:1799,unknown_principal,aws_service,StartSecretVersionDelete,0
invictus_enriched.csv:1800,unknown_principal,aws_service,StartSecretVersionDelete,0
invictus_enriched.csv:1801,arn:aws:iam::123837392027:user/bert-jan,/credentials/stratus-red-team/credentials-5,DeleteParameter,0
invictus_enriched.csv:1802,arn:aws:iam::123837392027:user/bert-jan,aws_service,DescribeInstances,0
invictus_enriched.csv:1803,unknown_principal,aws_service,EndSecretVersionDelete,0
invictus_enriched.csv:1804,unknown_principal,aws_service,StartSecretVersionDelete,0
invictus_enriched.csv:1805,unknown_principal,aws_service,EndSecretVersionDelete,0
invictus_enriched.csv:1806,unknown_principal,aws_service,StartSecretVersionDelete,0
invictus_enriched.csv:1807,unknown_principal,aws_service,EndSecretVersionDelete,0
invictus_enriched.csv:1808,arn:aws:iam::123837392027:user/bert-jan,/credentials/stratus-red-team/credentials-9,DeleteParameter,0
invictus_enriched.csv:1809,arn:aws:iam::123837392027:user/bert-jan,/credentials/stratus-red-team/credentials-35,DeleteParameter,0
invictus_enriched.csv:1810,arn:aws:iam::123837392027:user/bert-jan,aws_service,DescribeNatGateways,0
invictus_enriched.csv:1811,unknown_principal,aws_service,EndSecretVersionDelete,0
invictus_enriched.csv:1812,arn:aws:iam::123837392027:user/bert-jan,aws_service,DescribeNatGateways,0
invictus_enriched.csv:1813,arn:aws:iam::123837392027:user/bert-jan,/credentials/stratus-red-team/credentials-14,DeleteParameter,0
invictus_enriched.csv:1814,unknown_principal,aws_service,StartSecretVersionDelete,0
invictus_enriched.csv:1815,arn:aws:iam::123837392027:user/bert-jan,aws_service,DescribeInstances,0
invictus_enriched.csv:1816,arn:aws:iam::123837392027:user/bert-jan,aws_service,DescribeInstances,0
invictus_enriched.csv:1817,arn:aws:iam::123837392027:user/bert-jan,stratus-red-team-ec2-steal-credentials-role,RemoveRoleFromInstanceProfile,0
invictus_enriched.csv:1818,arn:aws:iam::123837392027:user/bert-jan,stratus-red-team-ec2-steal-credentials-instance,DeleteInstanceProfile,0
invictus_enriched.csv:1819,arn:aws:iam::123837392027:user/bert-jan,aws_service,DescribeNatGateways,0
invictus_enriched.csv:1820,arn:aws:iam::123837392027:user/bert-jan,stratus-red-team-ec2-steal-credentials-role,ListAttachedRolePolicies,0
invictus_enriched.csv:1821,arn:aws:iam::123837392027:user/bert-jan,aws_service,DescribeNatGateways,0
invictus_enriched.csv:1822,arn:aws:iam::123837392027:user/bert-jan,eni-076fa9fb98a2500a7,DeleteNetworkInterface,0
invictus_enriched.csv:1823,arn:aws:iam::123837392027:user/bert-jan,stratus-red-team-ec2-steal-credentials-role,ListInstanceProfilesForRole,0
invictus_enriched.csv:1824,arn:aws:iam::123837392027:user/bert-jan,aws_service,DescribeNetworkInterfaces,0
invictus_enriched.csv:1825,arn:aws:iam::123837392027:user/bert-jan,stratus-red-team-ec2-steal-credentials-role,ListRolePolicies,0
invictus_enriched.csv:1826,arn:aws:iam::123837392027:user/bert-jan,stratus-red-team-ec2-steal-credentials-role,DeleteRolePolicy,0
invictus_enriched.csv:1827,arn:aws:iam::123837392027:user/bert-jan,subnet-0ed352584ab4aa265,DeleteSubnet,0
invictus_enriched.csv:1828,arn:aws:iam::123837392027:user/bert-jan,stratus-red-team-ec2-steal-credentials-role,DeleteRole,0
invictus_enriched.csv:1829,arn:aws:iam::123837392027:user/bert-jan,aws_service,DescribeInstances,0
invictus_enriched.csv:1830,arn:aws:iam::123837392027:user/bert-jan,aws_service,DescribeNatGateways,0
invictus_enriched.csv:1831,arn:aws:iam::123837392027:user/bert-jan,aws_service,DescribeNatGateways,0
invictus_enriched.csv:1832,arn:aws:iam::123837392027:user/bert-jan,aws_service,DescribeNatGateways,0
invictus_enriched.csv:1833,arn:aws:iam::123837392027:user/bert-jan,aws_service,DescribeNatGateways,0
invictus_enriched.csv:1834,arn:aws:iam::123837392027:user/bert-jan,eni-attach-02aca13293a6fe1b9,DetachNetworkInterface,0
invictus_enriched.csv:1835,arn:aws:iam::123837392027:user/bert-jan,stratus-red-team-ec2-enumerate-role,RemoveRoleFromInstanceProfile,0
invictus_enriched.csv:1836,arn:aws:iam::123837392027:user/bert-jan,aws_service,DescribeInstances,0
invictus_enriched.csv:1837,arn:aws:iam::123837392027:user/bert-jan,aws_service,DescribeNatGateways,0
invictus_enriched.csv:1838,arn:aws:iam::123837392027:user/bert-jan,stratus-red-team-ec2-enumerate-instance,DeleteInstanceProfile,0
invictus_enriched.csv:1839,arn:aws:iam::123837392027:user/bert-jan,aws_service,DescribeAccountAttributes,0
invictus_enriched.csv:1840,arn:aws:iam::123837392027:user/bert-jan,aws_service,GetUser,0
invictus_enriched.csv:1841,arn:aws:iam::123837392027:user/bert-jan,aws_service,DescribeImages,0
invictus_enriched.csv:1842,arn:aws:iam::123837392027:user/bert-jan,aws_service,DescribeAvailabilityZones,0
invictus_enriched.csv:1843,arn:aws:iam::123837392027:user/bert-jan,aws_service,GetCallerIdentity,0
invictus_enriched.csv:1844,arn:aws:iam::123837392027:user/bert-jan,"{""Statement"":[{""Action"":[""ec2:DescribeInstances""],""Effect"":""Allow"",""Resource"":""*""}],""Version"":""2012-10-17""}",CreatePolicy,0
invictus_enriched.csv:1845,arn:aws:iam::123837392027:user/bert-jan,stratus-red-team-ec2lui-role-wuzemnoeqa,ListAttachedRolePolicies,0
invictus_enriched.csv:1846,arn:aws:iam::123837392027:user/bert-jan,stratus-red-team-ec2lui-role-wuzemnoeqa,GetRole,0
invictus_enriched.csv:1847,arn:aws:iam::123837392027:user/bert-jan,stratus-red-team-ec2lui-role-wuzemnoeqa,CreateRole,1
invictus_enriched.csv:1848,arn:aws:iam::123837392027:user/bert-jan,aws_service,GetUser,0
invictus_enriched.csv:1849,arn:aws:iam::123837392027:user/bert-jan,arn:aws:iam::123837392027:policy/stratus-red-team-ec2lui-policy-wuzemnoeqa,GetPolicyVersion,0
invictus_enriched.csv:1850,arn:aws:iam::123837392027:user/bert-jan,arn:aws:iam::123837392027:policy/stratus-red-team-ec2lui-policy-wuzemnoeqa,GetPolicy,0
invictus_enriched.csv:1851,arn:aws:iam::123837392027:user/bert-jan,10.0.0.0/16,CreateVpc,0
invictus_enriched.csv:1852,arn:aws:iam::123837392027:user/bert-jan,stratus-red-team-ec2lui-role-wuzemnoeqa,ListRolePolicies,0
invictus_enriched.csv:1853,arn:aws:iam::123837392027:user/bert-jan,arn:aws:iam::123837392027:policy/stratus-red-team-ec2lui-policy-wuzemnoeqa,GetPolicy,0
invictus_enriched.csv:1854,arn:aws:iam::123837392027:user/bert-jan,vpc-098ff30ff74b36f73,DescribeVpcAttribute,0
invictus_enriched.csv:1855,arn:aws:iam::123837392027:user/bert-jan,vpc-098ff30ff74b36f73,DescribeVpcAttribute,0
invictus_enriched.csv:1856,arn:aws:iam::123837392027:user/bert-jan,arn:aws:iam::123837392027:policy/stratus-red-team-ec2lui-policy-wuzemnoeqa,ListEntitiesForPolicy,0
invictus_enriched.csv:1857,arn:aws:iam::123837392027:user/bert-jan,vpc-098ff30ff74b36f73,DescribeVpcAttribute,0
invictus_enriched.csv:1858,arn:aws:iam::123837392027:user/bert-jan,aws_service,DescribeVpcClassicLinkDnsSupport,0
invictus_enriched.csv:1859,arn:aws:iam::123837392027:user/bert-jan,aws_service,DescribeVpcs,0
invictus_enriched.csv:1860,arn:aws:iam::123837392027:user/bert-jan,aws_service,DescribeVpcs,0
invictus_enriched.csv:1861,arn:aws:iam::123837392027:user/bert-jan,aws_service,DescribeVpcClassicLink,0
invictus_enriched.csv:1862,arn:aws:iam::123837392027:user/bert-jan,stratus-red-team-ec2lui-role-wuzemnoeqa,AttachRolePolicy,1
invictus_enriched.csv:1863,arn:aws:iam::123837392027:user/bert-jan,vpc-098ff30ff74b36f73,CreateRouteTable,0
invictus_enriched.csv:1864,arn:aws:iam::123837392027:user/bert-jan,vpc-098ff30ff74b36f73,CreateRouteTable,0
invictus_enriched.csv:1865,arn:aws:iam::123837392027:user/bert-jan,aws_service,CreateInternetGateway,0
invictus_enriched.csv:1866,arn:aws:iam::123837392027:user/bert-jan,aws_service,DescribeSecurityGroups,0
invictus_enriched.csv:1867,arn:aws:iam::123837392027:user/bert-jan,aws_service,DescribeNetworkAcls,0
invictus_enriched.csv:1868,arn:aws:iam::123837392027:user/bert-jan,aws_service,DescribeRouteTables,0
invictus_enriched.csv:1869,arn:aws:iam::123837392027:user/bert-jan,aws_service,DescribeRouteTables,0
invictus_enriched.csv:1870,arn:aws:iam::123837392027:user/bert-jan,aws_service,DescribeSubnets,0
invictus_enriched.csv:1871,arn:aws:iam::123837392027:user/bert-jan,vpc-098ff30ff74b36f73,CreateSubnet,0
invictus_enriched.csv:1872,arn:aws:iam::123837392027:user/bert-jan,aws_service,DescribeRouteTables,0
invictus_enriched.csv:1873,arn:aws:iam::123837392027:user/bert-jan,aws_service,DescribeRouteTables,0
invictus_enriched.csv:1874,arn:aws:iam::123837392027:user/bert-jan,rtb-08cbc80e25a39c743,AssociateRouteTable,0
invictus_enriched.csv:1875,arn:aws:iam::123837392027:user/bert-jan,aws_service,DescribeRouteTables,0
invictus_enriched.csv:1876,arn:aws:iam::123837392027:user/bert-jan,rtb-08cbc80e25a39c743,CreateRoute,0
invictus_enriched.csv:1877,arn:aws:iam::123837392027:user/bert-jan,aws_service,DescribeRouteTables,0
invictus_enriched.csv:1878,arn:aws:iam::123837392027:user/bert-jan,aws_service,DescribeSubnets,0
invictus_enriched.csv:1879,arn:aws:iam::123837392027:user/bert-jan,aws_service,DescribeRouteTables,0
invictus_enriched.csv:1880,arn:aws:iam::123837392027:user/bert-jan,aws_service,DescribeRouteTables,0
invictus_enriched.csv:1881,arn:aws:iam::123837392027:user/bert-jan,aws_service,DescribeRouteTables,0
invictus_enriched.csv:1882,arn:aws:iam::123837392027:user/bert-jan,aws_service,DescribeInternetGateways,0
invictus_enriched.csv:1883,arn:aws:iam::123837392027:user/bert-jan,aws_service,DescribeSubnets,0
invictus_enriched.csv:1884,arn:aws:iam::123837392027:user/bert-jan,aws_service,DescribeSubnets,0
invictus_enriched.csv:1885,arn:aws:iam::123837392027:user/bert-jan,vpc-098ff30ff74b36f73,CreateSubnet,0
invictus_enriched.csv:1886,arn:aws:iam::123837392027:user/bert-jan,aws_service,DescribeInternetGateways,0
invictus_enriched.csv:1887,arn:aws:iam::123837392027:user/bert-jan,igw-0cb4064bb338cd209,AttachInternetGateway,0
invictus_enriched.csv:1888,arn:aws:iam::123837392027:user/bert-jan,rtb-0ed5e6124f33c9db3,AssociateRouteTable,0
invictus_enriched.csv:1889,arn:aws:iam::123837392027:user/bert-jan,aws_service,DescribeRouteTables,0
invictus_enriched.csv:1890,arn:aws:iam::123837392027:user/bert-jan,aws_service,DescribeRouteTables,0
invictus_enriched.csv:1891,arn:aws:iam::123837392027:user/bert-jan,aws_service,DescribeRouteTables,0
invictus_enriched.csv:1892,arn:aws:iam::123837392027:user/bert-jan,aws_service,DescribeRouteTables,0
invictus_enriched.csv:1893,arn:aws:iam::123837392027:user/bert-jan,aws_service,DescribeRouteTables,0
invictus_enriched.csv:1894,arn:aws:iam::123837392027:user/bert-jan,aws_service,AssumeRole,0
invictus_enriched.csv:1895,arn:aws:iam::123837392027:user/bert-jan,aws_service,AssumeRole,0
invictus_enriched.csv:1896,arn:aws:iam::123837392027:user/bert-jan,arn:aws:iam::123837392027:role/stratus-red-team-ec2lui-role-wuzemnoeqa,AssumeRole,0
invictus_enriched.csv:1897,arn:aws:iam::123837392027:user/bert-jan,arn:aws:iam::123837392027:role/stratus-red-team-ec2lui-role-wuzemnoeqa,AssumeRole,0
invictus_enriched.csv:1898,arn:aws:sts::123837392027:assumed-role/stratus-red-team-ec2lui-role-wuzemnoeqa/aws-go-sdk-1688990966084647983,p2.xlarge,RunInstances,0
invictus_enriched.csv:1899,arn:aws:iam::123837392027:user/bert-jan,aws_service,DescribeAccountAttributes,0
invictus_enriched.csv:1900,arn:aws:iam::123837392027:user/bert-jan,aws_service,GetUser,0
invictus_enriched.csv:1901,arn:aws:iam::123837392027:user/bert-jan,aws_service,GetUser,0
invictus_enriched.csv:1902,arn:aws:iam::123837392027:user/bert-jan,aws_service,DescribeVpcs,0
invictus_enriched.csv:1903,arn:aws:iam::123837392027:user/bert-jan,10.0.0.0/16,CreateVpc,0
invictus_enriched.csv:1904,arn:aws:iam::123837392027:user/bert-jan,aws_service,DescribeVpcClassicLink,0
invictus_enriched.csv:1905,arn:aws:iam::123837392027:user/bert-jan,aws_service,DescribeVpcs,0
invictus_enriched.csv:1906,arn:aws:iam::123837392027:user/bert-jan,vpc-0e568b18707c87afa,DescribeVpcAttribute,0
invictus_enriched.csv:1907,arn:aws:iam::123837392027:user/bert-jan,aws_service,DescribeVpcClassicLinkDnsSupport,0
invictus_enriched.csv:1908,arn:aws:iam::123837392027:user/bert-jan,vpc-0e568b18707c87afa,DescribeVpcAttribute,0
invictus_enriched.csv:1909,arn:aws:iam::123837392027:user/bert-jan,aws_service,DescribeNetworkAcls,0
invictus_enriched.csv:1910,arn:aws:iam::123837392027:user/bert-jan,aws_service,DescribeRouteTables,0
invictus_enriched.csv:1911,arn:aws:iam::123837392027:user/bert-jan,aws_service,DescribeSecurityGroups,0
invictus_enriched.csv:1912,arn:aws:iam::123837392027:user/bert-jan,aws_service,DescribeSecurityGroups,0
invictus_enriched.csv:1913,arn:aws:iam::123837392027:user/bert-jan,stratus-red-team-open-sg-sg,CreateSecurityGroup,0
invictus_enriched.csv:1914,arn:aws:iam::123837392027:user/bert-jan,aws_service,DescribeSecurityGroups,0
invictus_enriched.csv:1915,arn:aws:iam::123837392027:user/bert-jan,aws_service,DescribeSecurityGroups,0
invictus_enriched.csv:1916,arn:aws:iam::123837392027:user/bert-jan,sg-04cfb7a4712d75b00,RevokeSecurityGroupEgress,0
invictus_enriched.csv:1917,arn:aws:iam::123837392027:user/bert-jan,aws_service,DescribeSecurityGroups,0
invictus_enriched.csv:1918,arn:aws:iam::123837392027:user/bert-jan,sg-04cfb7a4712d75b00,RevokeSecurityGroupEgress,0
invictus_enriched.csv:1919,arn:aws:iam::123837392027:user/bert-jan,sg-04cfb7a4712d75b00,AuthorizeSecurityGroupIngress,0
invictus_enriched.csv:1920,arn:aws:iam::123837392027:user/bert-jan,aws_service,DescribeSecurityGroups,0
invictus_enriched.csv:1921,arn:aws:iam::123837392027:user/bert-jan,sg-04cfb7a4712d75b00,AuthorizeSecurityGroupEgress,0
invictus_enriched.csv:1922,arn:aws:iam::123837392027:user/bert-jan,sg-04cfb7a4712d75b00,AuthorizeSecurityGroupIngress,0
invictus_enriched.csv:1923,arn:aws:iam::123837392027:user/bert-jan,aws_service,DescribeAccountAttributes,0
invictus_enriched.csv:1924,arn:aws:iam::123837392027:user/bert-jan,aws_service,DescribeAvailabilityZones,0
invictus_enriched.csv:1925,arn:aws:iam::123837392027:user/bert-jan,aws_service,GetUser,0
invictus_enriched.csv:1926,arn:aws:iam::123837392027:user/bert-jan,aws_service,GetUser,0
invictus_enriched.csv:1927,arn:aws:iam::123837392027:user/bert-jan,1,CreateVolume,0
invictus_enriched.csv:1928,arn:aws:iam::123837392027:user/bert-jan,aws_service,DescribeVolumes,0
invictus_enriched.csv:1929,arn:aws:iam::123837392027:user/bert-jan,vol-0a2e548958718390d,CreateSnapshot,0
invictus_enriched.csv:1930,arn:aws:iam::123837392027:user/bert-jan,aws_service,DescribeVolumes,0
invictus_enriched.csv:1931,arn:aws:iam::123837392027:user/bert-jan,aws_service,DescribeSnapshots,0
invictus_enriched.csv:1932,arn:aws:iam::123837392027:user/bert-jan,aws_service,DescribeSnapshots,0
invictus_enriched.csv:1933,arn:aws:iam::123837392027:user/bert-jan,aws_service,DescribeSnapshots,0
invictus_enriched.csv:1934,arn:aws:iam::123837392027:user/bert-jan,stratus-red-team-share-ami-ami,RegisterImage,0
invictus_enriched.csv:1935,arn:aws:iam::123837392027:user/bert-jan,aws_service,CreateTags,0
invictus_enriched.csv:1936,arn:aws:iam::123837392027:user/bert-jan,aws_service,DescribeImages,0
invictus_enriched.csv:1937,arn:aws:iam::123837392027:user/bert-jan,aws_service,DescribeImages,0
invictus_enriched.csv:1938,arn:aws:iam::123837392027:user/bert-jan,ami-0aa1d83d0b0985c86,ModifyImageAttribute,0
invictus_enriched.csv:1939,arn:aws:iam::123837392027:user/bert-jan,aws_service,DescribeAccountAttributes,0
invictus_enriched.csv:1940,arn:aws:iam::123837392027:user/bert-jan,aws_service,GetUser,0
invictus_enriched.csv:1941,arn:aws:iam::123837392027:user/bert-jan,aws_service,GetUser,0
invictus_enriched.csv:1942,arn:aws:iam::123837392027:user/bert-jan,aws_service,DescribeAvailabilityZones,0
invictus_enriched.csv:1943,arn:aws:iam::123837392027:user/bert-jan,1,CreateVolume,0
invictus_enriched.csv:1944,arn:aws:iam::123837392027:user/bert-jan,aws_service,DescribeVolumes,0
invictus_enriched.csv:1945,arn:aws:iam::123837392027:user/bert-jan,aws_service,DescribeVolumes,0
invictus_enriched.csv:1946,arn:aws:iam::123837392027:user/bert-jan,vol-0fc2e34e74650e145,CreateSnapshot,0
invictus_enriched.csv:1947,arn:aws:iam::123837392027:user/bert-jan,aws_service,DescribeSnapshots,0
invictus_enriched.csv:1948,arn:aws:iam::123837392027:user/bert-jan,aws_service,DescribeSnapshots,0
invictus_enriched.csv:1949,arn:aws:iam::123837392027:user/bert-jan,snap-083d3b857c13988bc,ModifySnapshotAttribute,0
invictus_enriched.csv:1950,arn:aws:iam::123837392027:user/bert-jan,aws_service,DescribeAccountAttributes,0
invictus_enriched.csv:1951,arn:aws:iam::123837392027:user/bert-jan,aws_service,GetUser,0
invictus_enriched.csv:1952,arn:aws:iam::123837392027:user/bert-jan,aws_service,DescribeAvailabilityZones,0
invictus_enriched.csv:1953,arn:aws:iam::123837392027:user/bert-jan,aws_service,GetUser,0
invictus_enriched.csv:1954,arn:aws:iam::123837392027:user/bert-jan,10.0.0.0/16,CreateVpc,0
invictus_enriched.csv:1955,arn:aws:iam::123837392027:user/bert-jan,aws_service,GetUser,0
invictus_enriched.csv:1956,arn:aws:iam::123837392027:user/bert-jan,aws_service,DescribeAvailabilityZones,0
invictus_enriched.csv:1957,arn:aws:iam::123837392027:user/bert-jan,ami-0aa1d83d0b0985c86,ModifyImageAttribute,0
invictus_enriched.csv:1958,arn:aws:iam::123837392027:user/bert-jan,snap-083d3b857c13988bc,ModifySnapshotAttribute,0
invictus_enriched.csv:1959,arn:aws:iam::123837392027:user/bert-jan,sg-04cfb7a4712d75b00,RevokeSecurityGroupIngress,0
invictus_enriched.csv:1960,arn:aws:iam::123837392027:user/bert-jan,stratus-red-team-ct-stop-trail-qzbgnfqisx,StartLogging,0
invictus_enriched.csv:1961,arn:aws:iam::123837392027:user/bert-jan,aws_service,GetUser,0
invictus_enriched.csv:1962,arn:aws:iam::123837392027:user/bert-jan,aws_service,GetUser,0
invictus_enriched.csv:1963,arn:aws:iam::123837392027:user/bert-jan,stratus-red-team-ec2-enumerate-role,GetRole,0
invictus_enriched.csv:1964,arn:aws:iam::123837392027:user/bert-jan,aws_service,GetUser,0
invictus_enriched.csv:1965,arn:aws:iam::123837392027:user/bert-jan,aws_service,DescribeVpcClassicLink,0
invictus_enriched.csv:1966,arn:aws:iam::123837392027:user/bert-jan,aws_service,DescribeVpcClassicLink,0
invictus_enriched.csv:1967,arn:aws:iam::123837392027:user/bert-jan,aws_service,DescribeAddresses,0
invictus_enriched.csv:1968,arn:aws:iam::123837392027:user/bert-jan,aws_service,DescribeAvailabilityZones,0
invictus_enriched.csv:1969,arn:aws:iam::123837392027:user/bert-jan,aws_service,DescribeAddresses,0
invictus_enriched.csv:1970,arn:aws:iam::123837392027:user/bert-jan,aws_service,DescribeAvailabilityZones,0
invictus_enriched.csv:1971,arn:aws:iam::123837392027:user/bert-jan,aws_service,GetUser,0
invictus_enriched.csv:1972,arn:aws:iam::123837392027:user/bert-jan,aws_service,DescribeVpcs,0
invictus_enriched.csv:1973,arn:aws:iam::123837392027:user/bert-jan,aws_service,DescribeImages,0
invictus_enriched.csv:1974,arn:aws:iam::123837392027:user/bert-jan,aws_service,DescribeImages,0
invictus_enriched.csv:1975,arn:aws:iam::123837392027:user/bert-jan,aws_service,DescribeAvailabilityZones,0
invictus_enriched.csv:1976,arn:aws:iam::123837392027:user/bert-jan,aws_service,GetUser,0
invictus_enriched.csv:1977,arn:aws:iam::123837392027:user/bert-jan,aws_service,GetUser,0
invictus_enriched.csv:1978,arn:aws:iam::123837392027:user/bert-jan,aws_service,DescribeVpcs,0
invictus_enriched.csv:1979,arn:aws:iam::123837392027:user/bert-jan,aws_service,DescribeImages,0
invictus_enriched.csv:1980,arn:aws:iam::123837392027:user/bert-jan,arn:aws:iam::123837392027:policy/stratus-red-team-ec2lui-policy-wuzemnoeqa,GetPolicyVersion,0
invictus_enriched.csv:1981,arn:aws:iam::123837392027:user/bert-jan,aws_service,DescribeVpcClassicLinkDnsSupport,0
invictus_enriched.csv:1982,arn:aws:iam::123837392027:user/bert-jan,stratus-red-team-ec2-enumerate-role,ListRolePolicies,0
invictus_enriched.csv:1983,arn:aws:iam::123837392027:user/bert-jan,aws_service,DescribeSnapshots,0
invictus_enriched.csv:1984,arn:aws:iam::123837392027:user/bert-jan,stratus-red-team-ec2-enumerate-role,ListAttachedRolePolicies,0
invictus_enriched.csv:1985,arn:aws:iam::123837392027:user/bert-jan,arn:aws:iam::123837392027:policy/stratus-red-team-ec2lui-policy-wuzemnoeqa,GetPolicy,0
invictus_enriched.csv:1986,arn:aws:iam::123837392027:user/bert-jan,stratus-red-team-ec2lui-role-wuzemnoeqa,GetRole,0
invictus_enriched.csv:1987,arn:aws:iam::123837392027:user/bert-jan,aws_service,GetUser,0
invictus_enriched.csv:1988,arn:aws:iam::123837392027:user/bert-jan,aws_service,DescribeAvailabilityZones,0
invictus_enriched.csv:1989,arn:aws:iam::123837392027:user/bert-jan,aws_service,DescribeVolumes,0
invictus_enriched.csv:1990,arn:aws:iam::123837392027:user/bert-jan,aws_service,GetCallerIdentity,0
invictus_enriched.csv:1991,arn:aws:iam::123837392027:user/bert-jan,aws_service,DescribeVpcClassicLinkDnsSupport,0
invictus_enriched.csv:1992,arn:aws:iam::123837392027:user/bert-jan,vpc-04ae35a334cd7ef4f,DescribeVpcAttribute,0
invictus_enriched.csv:1993,arn:aws:iam::123837392027:user/bert-jan,aws_service,DescribeAvailabilityZones,0
invictus_enriched.csv:1994,arn:aws:iam::123837392027:user/bert-jan,aws_service,DescribeVpcs,0
invictus_enriched.csv:1995,arn:aws:iam::123837392027:user/bert-jan,aws_service,DescribeSnapshots,0
invictus_enriched.csv:1996,arn:aws:iam::123837392027:user/bert-jan,stratus-red-team-ec2lui-role-wuzemnoeqa,ListRolePolicies,0
invictus_enriched.csv:1997,arn:aws:iam::123837392027:user/bert-jan,vpc-06fe1a64761a0f720,DescribeVpcAttribute,0
invictus_enriched.csv:1998,arn:aws:iam::123837392027:user/bert-jan,aws_service,DescribeVpcClassicLink,0
invictus_enriched.csv:1999,arn:aws:iam::123837392027:user/bert-jan,aws_service,DescribeVolumes,0
invictus_enriched.csv:2000,arn:aws:iam::123837392027:user/bert-jan,aws_service,DescribeVpcs,0
invictus_enriched.csv:2001,arn:aws:iam::123837392027:user/bert-jan,aws_service,DescribeVpcClassicLink,0
invictus_enriched.csv:2002,arn:aws:iam::123837392027:user/bert-jan,aws_service,DescribeVpcClassicLinkDnsSupport,0
invictus_enriched.csv:2003,arn:aws:iam::123837392027:user/bert-jan,aws_service,DescribeRouteTables,0
invictus_enriched.csv:2004,arn:aws:iam::123837392027:user/bert-jan,aws_service,DescribeSecurityGroups,0
invictus_enriched.csv:2005,arn:aws:iam::123837392027:user/bert-jan,vpc-098ff30ff74b36f73,DescribeVpcAttribute,0
invictus_enriched.csv:2006,arn:aws:iam::123837392027:user/bert-jan,vpc-098ff30ff74b36f73,DescribeVpcAttribute,0
invictus_enriched.csv:2007,arn:aws:iam::123837392027:user/bert-jan,arn:aws:iam::123837392027:policy/stratus-red-team-ec2lui-policy-wuzemnoeqa,ListEntitiesForPolicy,0
invictus_enriched.csv:2008,arn:aws:iam::123837392027:user/bert-jan,vpc-0e568b18707c87afa,DescribeVpcAttribute,0
invictus_enriched.csv:2009,arn:aws:iam::123837392027:user/bert-jan,vpc-04ae35a334cd7ef4f,DescribeVpcAttribute,0
invictus_enriched.csv:2010,arn:aws:iam::123837392027:user/bert-jan,vpc-098ff30ff74b36f73,DescribeVpcAttribute,0
invictus_enriched.csv:2011,arn:aws:iam::123837392027:user/bert-jan,aws_service,DescribeImages,0
invictus_enriched.csv:2012,arn:aws:iam::123837392027:user/bert-jan,aws_service,DescribeVpcClassicLinkDnsSupport,0
invictus_enriched.csv:2013,arn:aws:iam::123837392027:user/bert-jan,aws_service,GetUser,0
invictus_enriched.csv:2014,arn:aws:iam::123837392027:user/bert-jan,aws_service,DescribeNetworkAcls,0
invictus_enriched.csv:2015,arn:aws:iam::123837392027:user/bert-jan,stratus-red-team-ec2-enumerate-instance,GetInstanceProfile,0
invictus_enriched.csv:2016,arn:aws:iam::123837392027:user/bert-jan,aws_service,DescribeNetworkAcls,0
invictus_enriched.csv:2017,arn:aws:iam::123837392027:user/bert-jan,vpc-06fe1a64761a0f720,DescribeVpcAttribute,0
invictus_enriched.csv:2018,arn:aws:iam::123837392027:user/bert-jan,aws_service,DescribeNetworkAcls,0
invictus_enriched.csv:2019,arn:aws:iam::123837392027:user/bert-jan,aws_service,GetUser,0
invictus_enriched.csv:2020,arn:aws:iam::123837392027:user/bert-jan,arn:aws:iam::123837392027:policy/stratus-red-team-ec2lui-policy-wuzemnoeqa,GetPolicy,0
invictus_enriched.csv:2021,arn:aws:iam::123837392027:user/bert-jan,stratus-red-team-ec2lui-role-wuzemnoeqa,ListAttachedRolePolicies,0
invictus_enriched.csv:2022,arn:aws:iam::123837392027:user/bert-jan,aws_service,DescribeRouteTables,0
invictus_enriched.csv:2023,arn:aws:iam::123837392027:user/bert-jan,aws_service,DescribeRouteTables,0
invictus_enriched.csv:2024,arn:aws:iam::123837392027:user/bert-jan,aws_service,DescribeRouteTables,0
invictus_enriched.csv:2025,arn:aws:iam::123837392027:user/bert-jan,aws_service,DescribeRouteTables,0
invictus_enriched.csv:2026,arn:aws:iam::123837392027:user/bert-jan,aws_service,DescribeSubnets,0
invictus_enriched.csv:2027,arn:aws:iam::123837392027:user/bert-jan,aws_service,DescribeRouteTables,0
invictus_enriched.csv:2028,arn:aws:iam::123837392027:user/bert-jan,aws_service,DescribeNetworkAcls,0
invictus_enriched.csv:2029,arn:aws:iam::123837392027:user/bert-jan,aws_service,DescribeInternetGateways,0
invictus_enriched.csv:2030,arn:aws:iam::123837392027:user/bert-jan,ami-0aa1d83d0b0985c86,DeregisterImage,0
invictus_enriched.csv:2031,arn:aws:iam::123837392027:user/bert-jan,vpc-0e568b18707c87afa,DescribeVpcAttribute,0
invictus_enriched.csv:2032,arn:aws:iam::123837392027:user/bert-jan,aws_service,DescribeSecurityGroups,0
invictus_enriched.csv:2033,arn:aws:iam::123837392027:user/bert-jan,snap-083d3b857c13988bc,DeleteSnapshot,0
invictus_enriched.csv:2034,arn:aws:iam::123837392027:user/bert-jan,aws_service,DescribeRouteTables,0
invictus_enriched.csv:2035,arn:aws:iam::123837392027:user/bert-jan,aws_service,DescribeSecurityGroups,0
invictus_enriched.csv:2036,arn:aws:iam::123837392027:user/bert-jan,aws_service,DescribeRouteTables,0
invictus_enriched.csv:2037,arn:aws:iam::123837392027:user/bert-jan,aws_service,DescribeSubnets,0
invictus_enriched.csv:2038,arn:aws:iam::123837392027:user/bert-jan,aws_service,DescribeInternetGateways,0
invictus_enriched.csv:2039,arn:aws:iam::123837392027:user/bert-jan,aws_service,DescribeRouteTables,0
invictus_enriched.csv:2040,arn:aws:iam::123837392027:user/bert-jan,aws_service,DescribeInternetGateways,0
invictus_enriched.csv:2041,arn:aws:iam::123837392027:user/bert-jan,aws_service,DescribeNetworkInterfaces,0
invictus_enriched.csv:2042,arn:aws:iam::123837392027:user/bert-jan,aws_service,DescribeSubnets,0
invictus_enriched.csv:2043,arn:aws:iam::123837392027:user/bert-jan,aws_service,DescribeSubnets,0
invictus_enriched.csv:2044,arn:aws:iam::123837392027:user/bert-jan,aws_service,DescribeNatGateways,0
invictus_enriched.csv:2045,arn:aws:iam::123837392027:user/bert-jan,aws_service,GetUser,0
invictus_enriched.csv:2046,arn:aws:iam::123837392027:user/bert-jan,aws_service,DescribeVolumes,0
invictus_enriched.csv:2047,arn:aws:iam::123837392027:user/bert-jan,aws_service,DescribeSubnets,0
invictus_enriched.csv:2048,arn:aws:iam::123837392027:user/bert-jan,vol-0fc2e34e74650e145,DeleteVolume,0
invictus_enriched.csv:2049,arn:aws:iam::123837392027:user/bert-jan,aws_service,DescribeSecurityGroups,0
invictus_enriched.csv:2050,arn:aws:iam::123837392027:user/bert-jan,aws_service,DescribeNatGateways,0
invictus_enriched.csv:2051,arn:aws:iam::123837392027:user/bert-jan,aws_service,DescribeSecurityGroups,0
invictus_enriched.csv:2052,arn:aws:iam::123837392027:user/bert-jan,aws_service,DescribeNetworkInterfaces,0
invictus_enriched.csv:2053,arn:aws:iam::123837392027:user/bert-jan,stratus-red-team-ec2-enumerate-role,ListInstanceProfilesForRole,0
invictus_enriched.csv:2054,arn:aws:iam::123837392027:user/bert-jan,stratus-red-team-ec2lui-role-wuzemnoeqa,DeleteRole,0
invictus_enriched.csv:2055,arn:aws:iam::123837392027:user/bert-jan,stratus-red-team-ec2lui-role-wuzemnoeqa,ListAttachedRolePolicies,0
invictus_enriched.csv:2056,arn:aws:iam::123837392027:user/bert-jan,stratus-red-team-ec2lui-role-wuzemnoeqa,DetachRolePolicy,0
invictus_enriched.csv:2057,arn:aws:iam::123837392027:user/bert-jan,stratus-red-team-ec2lui-role-wuzemnoeqa,ListInstanceProfilesForRole,0
invictus_enriched.csv:2058,arn:aws:iam::123837392027:user/bert-jan,arn:aws:iam::123837392027:policy/stratus-red-team-ec2lui-policy-wuzemnoeqa,DeletePolicy,0
invictus_enriched.csv:2059,arn:aws:iam::123837392027:user/bert-jan,aws_service,GetUser,0
invictus_enriched.csv:2060,arn:aws:iam::123837392027:user/bert-jan,aws_service,GetUser,0
invictus_enriched.csv:2061,arn:aws:iam::123837392027:user/bert-jan,arn:aws:iam::123837392027:policy/stratus-red-team-ec2lui-policy-wuzemnoeqa,ListPolicyVersions,0
invictus_enriched.csv:2062,arn:aws:iam::123837392027:user/bert-jan,aws_service,DescribeNetworkInterfaces,0
invictus_enriched.csv:2063,arn:aws:iam::123837392027:user/bert-jan,igw-02a84e4222d62e16b,DetachInternetGateway,0
invictus_enriched.csv:2064,arn:aws:iam::123837392027:user/bert-jan,aws_service,DescribeAddresses,0
invictus_enriched.csv:2065,arn:aws:iam::123837392027:user/bert-jan,aws_service,DescribeNetworkInterfaces,0
invictus_enriched.csv:2066,arn:aws:iam::123837392027:user/bert-jan,aws_service,GetUser,0
invictus_enriched.csv:2067,arn:aws:iam::123837392027:user/bert-jan,rtbassoc-0b5181d9e08e92a46,DisassociateRouteTable,0
invictus_enriched.csv:2068,arn:aws:iam::123837392027:user/bert-jan,aws_service,DescribeRouteTables,0
invictus_enriched.csv:2069,arn:aws:iam::123837392027:user/bert-jan,aws_service,DescribeRouteTables,0
invictus_enriched.csv:2070,arn:aws:iam::123837392027:user/bert-jan,rtb-0ed5e6124f33c9db3,DeleteRouteTable,0
invictus_enriched.csv:2071,arn:aws:iam::123837392027:user/bert-jan,aws_service,DescribeRouteTables,0
invictus_enriched.csv:2072,arn:aws:iam::123837392027:user/bert-jan,aws_service,DescribeRouteTables,0
invictus_enriched.csv:2073,arn:aws:iam::123837392027:user/bert-jan,aws_service,DescribeRouteTables,0
invictus_enriched.csv:2074,arn:aws:iam::123837392027:user/bert-jan,aws_service,DescribeNetworkInterfaces,0
invictus_enriched.csv:2075,arn:aws:iam::123837392027:user/bert-jan,aws_service,DescribeNetworkInterfaces,0
invictus_enriched.csv:2076,arn:aws:iam::123837392027:user/bert-jan,aws_service,DescribeRouteTables,0
invictus_enriched.csv:2077,arn:aws:iam::123837392027:user/bert-jan,rtbassoc-030f9b163ce202d50,DisassociateRouteTable,0
invictus_enriched.csv:2078,arn:aws:iam::123837392027:user/bert-jan,rtb-08cbc80e25a39c743,DeleteRoute,0
invictus_enriched.csv:2079,arn:aws:iam::123837392027:user/bert-jan,aws_service,DescribeNetworkInterfaces,0
invictus_enriched.csv:2080,arn:aws:iam::123837392027:user/bert-jan,igw-0085514f9c3e68f60,DetachInternetGateway,0
invictus_enriched.csv:2081,arn:aws:iam::123837392027:user/bert-jan,stratus-red-team-ec2-enumerate-role,ListRolePolicies,0
invictus_enriched.csv:2082,arn:aws:iam::123837392027:user/bert-jan,aws_service,DescribeInternetGateways,0
invictus_enriched.csv:2083,arn:aws:iam::123837392027:user/bert-jan,aws_service,DescribeRouteTables,0
invictus_enriched.csv:2084,arn:aws:iam::123837392027:user/bert-jan,igw-02a84e4222d62e16b,DeleteInternetGateway,0
invictus_enriched.csv:2085,arn:aws:iam::123837392027:user/bert-jan,aws_service,DescribeRouteTables,0
invictus_enriched.csv:2086,arn:aws:iam::123837392027:user/bert-jan,subnet-0bb3caee4559a3df0,DeleteSubnet,0
invictus_enriched.csv:2087,arn:aws:iam::123837392027:user/bert-jan,sg-04cfb7a4712d75b00,DeleteSecurityGroup,0
invictus_enriched.csv:2088,arn:aws:iam::123837392027:user/bert-jan,subnet-01ed430875cff578d,DeleteSubnet,0
invictus_enriched.csv:2089,arn:aws:iam::123837392027:user/bert-jan,subnet-0afaf7ba0564cac3a,DeleteSubnet,0
invictus_enriched.csv:2090,arn:aws:iam::123837392027:user/bert-jan,aws_service,DescribeNetworkInterfaces,0
invictus_enriched.csv:2091,arn:aws:iam::123837392027:user/bert-jan,subnet-079fd43fc4ee35af7,DeleteSubnet,0
invictus_enriched.csv:2092,arn:aws:iam::123837392027:user/bert-jan,aws_service,DescribeNetworkInterfaces,0
invictus_enriched.csv:2093,arn:aws:iam::123837392027:user/bert-jan,aws_service,DescribeInternetGateways,0
invictus_enriched.csv:2094,arn:aws:iam::123837392027:user/bert-jan,eipalloc-08a083beb7e83dbc0,ReleaseAddress,0
invictus_enriched.csv:2095,arn:aws:iam::123837392027:user/bert-jan,aws_service,DescribeAddresses,0
invictus_enriched.csv:2096,arn:aws:iam::123837392027:user/bert-jan,eni-06b7a305fe9519d03,DeleteNetworkInterface,0
invictus_enriched.csv:2097,arn:aws:iam::123837392027:user/bert-jan,stratus-red-team-ec2-enumerate-role,DeleteRole,0
invictus_enriched.csv:2098,arn:aws:iam::123837392027:user/bert-jan,aws_service,DescribeImages,0
invictus_enriched.csv:2099,arn:aws:iam::123837392027:user/bert-jan,aws_service,DescribeAccountAttributes,0
invictus_enriched.csv:2100,arn:aws:iam::123837392027:user/bert-jan,aws_service,GetUser,0
invictus_enriched.csv:2101,arn:aws:iam::123837392027:user/bert-jan,aws_service,DescribeAvailabilityZones,0
invictus_enriched.csv:2102,arn:aws:iam::123837392027:user/bert-jan,aws_service,GetUser,0
invictus_enriched.csv:2103,arn:aws:iam::123837392027:user/bert-jan,10.0.0.0/16,CreateVpc,0
invictus_enriched.csv:2104,arn:aws:iam::123837392027:user/bert-jan,aws_service,GetUser,0
invictus_enriched.csv:2105,arn:aws:iam::123837392027:user/bert-jan,aws_service,DescribeAvailabilityZones,0
invictus_enriched.csv:2106,arn:aws:iam::123837392027:user/benjamin,eventTypeCategory,DescribeEventAggregates,0
invictus_enriched.csv:2107,arn:aws:iam::123837392027:user/benjamin,eventTypeCategory,DescribeEventAggregates,0
invictus_enriched.csv:2108,arn:aws:iam::123837392027:user/bert-jan,aws_service,ListNotificationHubs,0
invictus_enriched.csv:2109,arn:aws:iam::123837392027:user/bert-jan,eventTypeCategory,DescribeEventAggregates,0
invictus_enriched.csv:2110,arn:aws:iam::123837392027:user/bert-jan,eventTypeCategory,DescribeEventAggregates,0
invictus_enriched.csv:2111,arn:aws:iam::123837392027:user/bert-jan,eventTypeCategory,DescribeEventAggregates,0
invictus_enriched.csv:2112,arn:aws:iam::123837392027:user/bert-jan,aws_service,DescribeHub,0
invictus_enriched.csv:2113,arn:aws:iam::123837392027:user/bert-jan,eventTypeCategory,DescribeEventAggregates,0
invictus_enriched.csv:2114,arn:aws:iam::123837392027:user/bert-jan,eventTypeCategory,DescribeEventAggregates,0
invictus_enriched.csv:2115,arn:aws:iam::123837392027:user/bert-jan,eventTypeCategory,DescribeEventAggregates,0
invictus_enriched.csv:2116,arn:aws:iam::123837392027:user/bert-jan,MONTHLY,GetCostAndUsage,0
invictus_enriched.csv:2117,arn:aws:iam::123837392027:user/bert-jan,MONTHLY,GetCostForecast,0
invictus_enriched.csv:2118,arn:aws:iam::123837392027:user/bert-jan,100,ListApplications,0
invictus_enriched.csv:2119,arn:aws:iam::123837392027:user/bert-jan,eventTypeCategory,DescribeEventAggregates,0
invictus_enriched.csv:2120,arn:aws:iam::123837392027:user/bert-jan,eventTypeCategory,DescribeEventAggregates,0
invictus_enriched.csv:2121,arn:aws:iam::123837392027:user/bert-jan,aws_service,DescribeRegions,0
invictus_enriched.csv:2122,arn:aws:iam::123837392027:user/bert-jan,SELF,ListResources,0
invictus_enriched.csv:2123,arn:aws:iam::123837392027:user/bert-jan,AAMA-EFRSURBSGovVmd1Z0Q1NmU1UTc3SjRHazNFZHRwYW9ja2l1dFBLNEJiMVIvdVFqL2pBRVZjVUZoY25CcXpxbHVGYmJhdjJyaUFBQUFmakI4QmdrcWhraUc5dzBCQndhZ2J6QnRBZ0VBTUdnR0NTcUdTSWIzRFFFSEFUQWVCZ2xnaGtnQlpRTUVBUzR3RVFRTU15N1ZnK2dGZVRaZW1RSXlBZ0VRZ0RzNHdtamtrcXJKdHNNTmR5UTFTSkVRM2NwdXpMV0VnQWNpNXBFcnJJcnNYN1JLWGFtUjRWN0Q3dU9ESkRyRW5VZCsyVHBlcmpMOE9uRytrZz09khlzyxsSy58_3-6cTUXD6zf4KNh58uJ70T7TL3i1XSh2Ctda9YyAn7Uz7h7p6NdMuL80ybRQZrldAXRgIQvkpfawC_6PYfZRr56WWgnSvm1k-mR7q8yk5WG4nnaen5_qlAi0o0paXQmEsIiJQ5ebLBCKHJhfWDlS5fc8ZQRtVeXZy14F4UyPPoj4ZIwDoBh5m9oQ3BFRKvSu5LygVzHyK6bS3C7TmxHPmnXVyfaSQiQj3HrX,ListResources,0
invictus_enriched.csv:2124,arn:aws:iam::123837392027:user/bert-jan,AGGREGATOR,ListIndexes,0
invictus_enriched.csv:2125,arn:aws:iam::123837392027:user/bert-jan,aws_service,DescribeRegions,0
invictus_enriched.csv:2126,arn:aws:iam::123837392027:user/bert-jan,aws_service,DescribeVpcs,0
invictus_enriched.csv:2127,arn:aws:iam::123837392027:user/bert-jan,aws_service,DescribeAccountAttributes,0
invictus_enriched.csv:2128,arn:aws:iam::123837392027:user/bert-jan,aws_service,DescribeDhcpOptions,0
invictus_enriched.csv:2129,arn:aws:iam::123837392027:user/bert-jan,aws_service,DescribeVpnGateways,0
invictus_enriched.csv:2130,arn:aws:iam::123837392027:user/bert-jan,aws_service,DescribeInstances,0
invictus_enriched.csv:2131,arn:aws:iam::123837392027:user/bert-jan,aws_service,DescribeEgressOnlyInternetGateways,0
invictus_enriched.csv:2132,arn:aws:iam::123837392027:user/bert-jan,aws_service,DescribeInternetGateways,0
invictus_enriched.csv:2133,arn:aws:iam::123837392027:user/bert-jan,aws_service,DescribeNetworkAcls,0
invictus_enriched.csv:2134,arn:aws:iam::123837392027:user/bert-jan,aws_service,DescribeNatGateways,0
invictus_enriched.csv:2135,arn:aws:iam::123837392027:user/bert-jan,aws_service,DescribeSubnets,0
invictus_enriched.csv:2136,arn:aws:iam::123837392027:user/bert-jan,aws_service,DescribeVpnConnections,0
invictus_enriched.csv:2137,arn:aws:iam::123837392027:user/bert-jan,aws_service,DescribeAddresses,0
invictus_enriched.csv:2138,arn:aws:iam::123837392027:user/bert-jan,aws_service,DescribeSecurityGroups,0
invictus_enriched.csv:2139,arn:aws:iam::123837392027:user/bert-jan,aws_service,DescribeRouteTables,0
invictus_enriched.csv:2140,arn:aws:iam::123837392027:user/bert-jan,aws_service,DescribeCustomerGateways,0
invictus_enriched.csv:2141,arn:aws:iam::123837392027:user/bert-jan,aws_service,DescribeVpcEndpoints,0
invictus_enriched.csv:2142,arn:aws:iam::123837392027:user/bert-jan,aws_service,DescribeVpcEndpointServiceConfigurations,0
invictus_enriched.csv:2143,arn:aws:iam::123837392027:user/bert-jan,aws_service,DescribeVpcPeeringConnections,0
invictus_enriched.csv:2144,arn:aws:iam::123837392027:user/bert-jan,eventTypeCategory,DescribeEventAggregates,0
invictus_enriched.csv:2145,arn:aws:iam::123837392027:user/bert-jan,eventTypeCategory,DescribeEventAggregates,0
invictus_enriched.csv:2146,arn:aws:iam::123837392027:user/bert-jan,aws_service,DescribeNetworkAcls,0
invictus_enriched.csv:2147,arn:aws:iam::123837392027:user/bert-jan,aws_service,DescribeVpcs,0
invictus_enriched.csv:2148,arn:aws:iam::123837392027:user/bert-jan,aws_service,DescribeDhcpOptions,0
invictus_enriched.csv:2149,arn:aws:iam::123837392027:user/bert-jan,aws_service,DescribeAccountAttributes,0
invictus_enriched.csv:2150,arn:aws:iam::123837392027:user/bert-jan,aws_service,DescribeRouteTables,0
invictus_enriched.csv:2151,arn:aws:iam::123837392027:user/bert-jan,aws_service,ListNotificationHubs,0
invictus_enriched.csv:2152,arn:aws:iam::123837392027:user/bert-jan,aws_service,DescribeInternetGateways,0
invictus_enriched.csv:2153,arn:aws:iam::123837392027:user/bert-jan,aws_service,DescribeVpcEndpoints,0
invictus_enriched.csv:2154,arn:aws:iam::123837392027:user/bert-jan,aws_service,DescribeEgressOnlyInternetGateways,0
invictus_enriched.csv:2155,arn:aws:iam::123837392027:user/bert-jan,aws_service,DescribeNetworkAcls,0
invictus_enriched.csv:2156,arn:aws:iam::123837392027:user/bert-jan,aws_service,DescribeVpcs,0
invictus_enriched.csv:2157,arn:aws:iam::123837392027:user/bert-jan,aws_service,DescribeEgressOnlyInternetGateways,0
invictus_enriched.csv:2158,arn:aws:iam::123837392027:user/bert-jan,aws_service,DescribeInternetGateways,0
invictus_enriched.csv:2159,arn:aws:iam::123837392027:user/bert-jan,aws_service,DescribeVpcs,0
invictus_enriched.csv:2160,arn:aws:iam::123837392027:user/bert-jan,aws_service,DescribeVpcs,0
invictus_enriched.csv:2161,arn:aws:iam::123837392027:user/bert-jan,vpc-098ff30ff74b36f73,DescribeVpcAttribute,0
invictus_enriched.csv:2162,arn:aws:iam::123837392027:user/bert-jan,vpc-098ff30ff74b36f73,ListFirewallRuleGroupAssociations,0
invictus_enriched.csv:2163,arn:aws:iam::123837392027:user/bert-jan,aws_service,DescribeSubnets,0
invictus_enriched.csv:2164,arn:aws:iam::123837392027:user/bert-jan,aws_service,DescribeNatGateways,0
invictus_enriched.csv:2165,arn:aws:iam::123837392027:user/bert-jan,aws_service,DescribeSubnets,0
invictus_enriched.csv:2166,arn:aws:iam::123837392027:user/bert-jan,vpc-098ff30ff74b36f73,DescribeVpcAttribute,0
invictus_enriched.csv:2167,arn:aws:iam::123837392027:user/bert-jan,aws_service,DescribeVpcEndpoints,0
invictus_enriched.csv:2168,arn:aws:iam::123837392027:user/bert-jan,aws_service,DescribeRouteTables,0
invictus_enriched.csv:2169,arn:aws:iam::123837392027:user/bert-jan,vpc-098ff30ff74b36f73,DescribeVpcAttribute,0
invictus_enriched.csv:2170,arn:aws:iam::123837392027:user/bert-jan,aws_service,DescribeNatGateways,0
invictus_enriched.csv:2171,arn:aws:iam::123837392027:user/bert-jan,aws_service,DescribeRouteTables,0
invictus_enriched.csv:2172,arn:aws:iam::123837392027:user/bert-jan,aws_service,DescribeRouteTables,0
invictus_enriched.csv:2173,arn:aws:iam::123837392027:user/bert-jan,aws_service,GetUser,0
invictus_enriched.csv:2174,arn:aws:iam::123837392027:user/bert-jan,aws_service,DescribeAvailabilityZones,0
invictus_enriched.csv:2175,arn:aws:iam::123837392027:user/bert-jan,aws_service,DescribeVpcs,0
invictus_enriched.csv:2176,arn:aws:iam::123837392027:user/bert-jan,aws_service,DescribeImages,0
invictus_enriched.csv:2177,arn:aws:iam::123837392027:user/bert-jan,aws_service,DescribeVpcClassicLink,0
invictus_enriched.csv:2178,arn:aws:iam::123837392027:user/bert-jan,aws_service,DescribeVpcClassicLinkDnsSupport,0
invictus_enriched.csv:2179,arn:aws:iam::123837392027:user/bert-jan,aws_service,DescribeAddresses,0
invictus_enriched.csv:2180,arn:aws:iam::123837392027:user/bert-jan,vpc-06fe1a64761a0f720,DescribeVpcAttribute,0
invictus_enriched.csv:2181,arn:aws:iam::123837392027:user/bert-jan,vpc-06fe1a64761a0f720,DescribeVpcAttribute,0
invictus_enriched.csv:2182,arn:aws:iam::123837392027:user/bert-jan,aws_service,DescribeNetworkAcls,0
invictus_enriched.csv:2183,arn:aws:iam::123837392027:user/bert-jan,aws_service,DescribeRouteTables,0
invictus_enriched.csv:2184,arn:aws:iam::123837392027:user/bert-jan,aws_service,DescribeSecurityGroups,0
invictus_enriched.csv:2185,arn:aws:iam::123837392027:user/bert-jan,aws_service,DescribeInternetGateways,0
invictus_enriched.csv:2186,arn:aws:iam::123837392027:user/bert-jan,aws_service,GetUser,0
invictus_enriched.csv:2187,arn:aws:iam::123837392027:user/bert-jan,vpc-06fe1a64761a0f720,DeleteVpc,0
invictus_enriched.csv:2188,arn:aws:iam::123837392027:user/bert-jan,aws_service,DescribeNetworkAcls,0
invictus_enriched.csv:2189,arn:aws:iam::123837392027:user/bert-jan,aws_service,DescribeVpcs,0
invictus_enriched.csv:2190,arn:aws:iam::123837392027:user/bert-jan,aws_service,DescribeRouteTables,0
invictus_enriched.csv:2191,arn:aws:iam::123837392027:user/bert-jan,aws_service,DescribeVpcs,0
invictus_enriched.csv:2192,arn:aws:iam::123837392027:user/bert-jan,aws_service,DescribeDhcpOptions,0
invictus_enriched.csv:2193,arn:aws:iam::123837392027:user/bert-jan,aws_service,DescribeDhcpOptions,0
invictus_enriched.csv:2194,arn:aws:iam::123837392027:user/bert-jan,aws_service,DescribeVpcs,0
invictus_enriched.csv:2195,arn:aws:iam::123837392027:user/bert-jan,aws_service,DescribeNetworkAcls,0
invictus_enriched.csv:2196,arn:aws:iam::123837392027:user/bert-jan,aws_service,DescribeVpcs,0
invictus_enriched.csv:2197,arn:aws:iam::123837392027:user/bert-jan,aws_service,DescribeRouteTables,0
invictus_enriched.csv:2198,arn:aws:iam::123837392027:user/bert-jan,aws_service,DescribeAccountAttributes,0
invictus_enriched.csv:2199,arn:aws:iam::123837392027:user/bert-jan,aws_service,DescribeAvailabilityZones,0
invictus_enriched.csv:2200,arn:aws:iam::123837392027:user/bert-jan,aws_service,GetUser,0
invictus_enriched.csv:2201,arn:aws:iam::123837392027:user/bert-jan,aws_service,GetUser,0
invictus_enriched.csv:2202,arn:aws:iam::123837392027:user/bert-jan,aws_service,DescribeVpcs,0
invictus_enriched.csv:2203,arn:aws:iam::123837392027:user/bert-jan,10.0.0.0/16,CreateVpc,0
invictus_enriched.csv:2204,arn:aws:iam::123837392027:user/bert-jan,aws_service,DescribeVpcClassicLink,0
invictus_enriched.csv:2205,arn:aws:iam::123837392027:user/bert-jan,aws_service,DescribeVpcClassicLinkDnsSupport,0
invictus_enriched.csv:2206,arn:aws:iam::123837392027:user/bert-jan,aws_service,DescribeVpcs,0
invictus_enriched.csv:2207,arn:aws:iam::123837392027:user/bert-jan,vpc-07b33857c7ad1c027,DescribeVpcAttribute,0
invictus_enriched.csv:2208,arn:aws:iam::123837392027:user/bert-jan,vpc-07b33857c7ad1c027,DescribeVpcAttribute,0
invictus_enriched.csv:2209,arn:aws:iam::123837392027:user/bert-jan,aws_service,DescribeNetworkAcls,0
invictus_enriched.csv:2210,arn:aws:iam::123837392027:user/bert-jan,aws_service,DescribeRouteTables,0
invictus_enriched.csv:2211,arn:aws:iam::123837392027:user/bert-jan,vpc-07b33857c7ad1c027,CreateSubnet,0
invictus_enriched.csv:2212,arn:aws:iam::123837392027:user/bert-jan,aws_service,DescribeSecurityGroups,0
invictus_enriched.csv:2213,arn:aws:iam::123837392027:user/bert-jan,vpc-07b33857c7ad1c027,CreateRouteTable,0
invictus_enriched.csv:2214,arn:aws:iam::123837392027:user/bert-jan,vpc-07b33857c7ad1c027,CreateSubnet,0
invictus_enriched.csv:2215,arn:aws:iam::123837392027:user/bert-jan,vpc-07b33857c7ad1c027,CreateRouteTable,0
invictus_enriched.csv:2216,arn:aws:iam::123837392027:user/bert-jan,aws_service,DescribeSubnets,0
invictus_enriched.csv:2217,arn:aws:iam::123837392027:user/bert-jan,aws_service,DescribeSubnets,0
invictus_enriched.csv:2218,arn:aws:iam::123837392027:user/bert-jan,aws_service,DescribeSubnets,0
invictus_enriched.csv:2219,arn:aws:iam::123837392027:user/bert-jan,aws_service,DescribeRouteTables,0
invictus_enriched.csv:2220,arn:aws:iam::123837392027:user/bert-jan,aws_service,DescribeSubnets,0
invictus_enriched.csv:2221,arn:aws:iam::123837392027:user/bert-jan,aws_service,DescribeRouteTables,0
invictus_enriched.csv:2222,arn:aws:iam::123837392027:user/bert-jan,aws_service,DescribeRouteTables,0
invictus_enriched.csv:2223,arn:aws:iam::123837392027:user/bert-jan,aws_service,DescribeRouteTables,0
invictus_enriched.csv:2224,arn:aws:iam::123837392027:user/bert-jan,rtb-01982f631c227e48f,AssociateRouteTable,0
invictus_enriched.csv:2225,arn:aws:iam::123837392027:user/bert-jan,aws_service,DescribeRouteTables,0
invictus_enriched.csv:2226,arn:aws:iam::123837392027:user/bert-jan,aws_service,DescribeRouteTables,0
invictus_enriched.csv:2227,arn:aws:iam::123837392027:user/bert-jan,rtb-026f5220869c79072,AssociateRouteTable,0
invictus_enriched.csv:2228,arn:aws:iam::123837392027:user/bert-jan,stratus-red-team-share-snap-vpc,CreateDBSubnetGroup,0
invictus_enriched.csv:2229,arn:aws:iam::123837392027:user/bert-jan,aws_service,DescribeRouteTables,0
invictus_enriched.csv:2230,arn:aws:iam::123837392027:user/bert-jan,arn:aws:rds:us-east-1:123837392027:subgrp:stratus-red-team-share-snap-vpc,ListTagsForResource,0
invictus_enriched.csv:2231,arn:aws:iam::123837392027:user/bert-jan,stratus-red-team-share-snap-vpc,DescribeDBSubnetGroups,0
invictus_enriched.csv:2232,arn:aws:iam::123837392027:user/bert-jan,aws_service,DescribeRouteTables,0
invictus_enriched.csv:2233,unknown_principal,arn:aws:iam::123837392027:role/aws-service-role/rds.amazonaws.com/AWSServiceRoleForRDS,AssumeRole,0
invictus_enriched.csv:2234,arn:aws:iam::123837392027:user/bert-jan,terraform-20230710121504061500000001,CreateDBInstance,0
invictus_enriched.csv:2235,arn:aws:iam::123837392027:user/bert-jan,terraform-20230710121504061500000001,DescribeDBInstances,0
invictus_enriched.csv:2236,arn:aws:iam::123837392027:user/bert-jan,terraform-20230710121504061500000001,DescribeDBInstances,0
invictus_enriched.csv:2237,arn:aws:iam::123837392027:user/bert-jan,terraform-20230710121504061500000001,DescribeDBInstances,0
invictus_enriched.csv:2238,unknown_principal,arn:aws:iam::123837392027:role/aws-service-role/rds.amazonaws.com/AWSServiceRoleForRDS,AssumeRole,0
invictus_enriched.csv:2239,arn:aws:sts::123837392027:assumed-role/AWSServiceRoleForRDS/SLRManagement,aws_service,DescribeVpcs,0
invictus_enriched.csv:2240,unknown_principal,arn:aws:iam::123837392027:role/aws-service-role/rds.amazonaws.com/AWSServiceRoleForRDS,AssumeRole,0
invictus_enriched.csv:2241,arn:aws:iam::123837392027:user/bert-jan,terraform-20230710121504061500000001,DescribeDBInstances,0
invictus_enriched.csv:2242,unknown_principal,arn:aws:iam::123837392027:role/aws-service-role/rds.amazonaws.com/AWSServiceRoleForRDS,AssumeRole,0
invictus_enriched.csv:2243,arn:aws:sts::123837392027:assumed-role/AWSServiceRoleForRDS/SLRManagement,aws_service,DescribeSubnets,0
invictus_enriched.csv:2244,unknown_principal,arn:aws:iam::123837392027:role/aws-service-role/rds.amazonaws.com/AWSServiceRoleForRDS,AssumeRole,0
invictus_enriched.csv:2245,unknown_principal,arn:aws:iam::123837392027:role/aws-service-role/rds.amazonaws.com/AWSServiceRoleForRDS,AssumeRole,0
invictus_enriched.csv:2246,arn:aws:sts::123837392027:assumed-role/AWSServiceRoleForRDS/SLRManagement,subnet-0c8a70cf4fd24084f,CreateNetworkInterface,0
invictus_enriched.csv:2247,unknown_principal,arn:aws:iam::123837392027:role/aws-service-role/rds.amazonaws.com/AWSServiceRoleForRDS,AssumeRole,0
invictus_enriched.csv:2248,arn:aws:iam::123837392027:user/bert-jan,terraform-20230710121504061500000001,DescribeDBInstances,0
invictus_enriched.csv:2249,arn:aws:iam::123837392027:user/bert-jan,terraform-20230710121504061500000001,DescribeDBInstances,0
invictus_enriched.csv:2250,arn:aws:iam::123837392027:user/bert-jan,terraform-20230710121504061500000001,DescribeDBInstances,0
invictus_enriched.csv:2251,arn:aws:iam::123837392027:user/bert-jan,terraform-20230710121504061500000001,DescribeDBInstances,0
invictus_enriched.csv:2252,arn:aws:iam::123837392027:user/bert-jan,terraform-20230710121504061500000001,DescribeDBInstances,0
invictus_enriched.csv:2253,arn:aws:iam::123837392027:user/bert-jan,terraform-20230710121504061500000001,DescribeDBInstances,0
invictus_enriched.csv:2254,arn:aws:iam::123837392027:user/bert-jan,terraform-20230710121504061500000001,DescribeDBInstances,0
invictus_enriched.csv:2255,arn:aws:iam::123837392027:user/bert-jan,terraform-20230710121504061500000001,DescribeDBInstances,0
invictus_enriched.csv:2256,arn:aws:iam::123837392027:user/bert-jan,terraform-20230710121504061500000001,DescribeDBInstances,0
invictus_enriched.csv:2257,arn:aws:iam::123837392027:user/benjamin,eventTypeCategory,DescribeEventAggregates,0
invictus_enriched.csv:2258,arn:aws:iam::123837392027:user/benjamin,eventTypeCategory,DescribeEventAggregates,0
invictus_enriched.csv:2259,arn:aws:iam::123837392027:user/bert-jan,terraform-20230710121504061500000001,DescribeDBInstances,0
invictus_enriched.csv:2260,arn:aws:iam::123837392027:user/bert-jan,terraform-20230710121504061500000001,DescribeDBInstances,0
invictus_enriched.csv:2261,arn:aws:iam::123837392027:user/bert-jan,terraform-20230710121504061500000001,DescribeDBInstances,0
invictus_enriched.csv:2262,arn:aws:iam::123837392027:user/bert-jan,terraform-20230710121504061500000001,DescribeDBInstances,0
invictus_enriched.csv:2263,arn:aws:iam::123837392027:user/bert-jan,eventTypeCategory,DescribeEventAggregates,0
invictus_enriched.csv:2264,arn:aws:iam::123837392027:user/bert-jan,eventTypeCategory,DescribeEventAggregates,0
invictus_enriched.csv:2265,arn:aws:iam::123837392027:user/bert-jan,terraform-20230710121504061500000001,DescribeDBInstances,0
invictus_enriched.csv:2266,unknown_principal,arn:aws:iam::123837392027:role/aws-service-role/rds.amazonaws.com/AWSServiceRoleForRDS,AssumeRole,0
invictus_enriched.csv:2267,arn:aws:iam::123837392027:user/bert-jan,terraform-20230710121504061500000001,DescribeDBInstances,0
invictus_enriched.csv:2268,arn:aws:iam::123837392027:user/bert-jan,terraform-20230710121504061500000001,DescribeDBInstances,0
invictus_enriched.csv:2269,arn:aws:iam::123837392027:user/bert-jan,terraform-20230710121504061500000001,DescribeDBInstances,0
invictus_enriched.csv:2270,arn:aws:iam::123837392027:user/bert-jan,terraform-20230710121504061500000001,DescribeDBInstances,0
invictus_enriched.csv:2271,arn:aws:iam::123837392027:user/bert-jan,terraform-20230710121504061500000001,DescribeDBInstances,0
invictus_enriched.csv:2272,arn:aws:iam::123837392027:user/bert-jan,terraform-20230710121504061500000001,DescribeDBInstances,0
invictus_enriched.csv:2273,arn:aws:iam::123837392027:user/bert-jan,terraform-20230710121504061500000001,DescribeDBInstances,0
invictus_enriched.csv:2274,arn:aws:iam::123837392027:user/bert-jan,arn:aws:rds:us-east-1:123837392027:db:terraform-20230710121504061500000001,ListTagsForResource,0
invictus_enriched.csv:2275,arn:aws:iam::123837392027:user/bert-jan,terraform-20230710121504061500000001,CreateDBSnapshot,0
invictus_enriched.csv:2276,arn:aws:iam::123837392027:user/bert-jan,exfiltration,DescribeDBSnapshots,0
invictus_enriched.csv:2277,arn:aws:iam::123837392027:user/bert-jan,exfiltration,DescribeDBSnapshots,0
invictus_enriched.csv:2278,arn:aws:iam::123837392027:user/bert-jan,exfiltration,DescribeDBSnapshots,0
invictus_enriched.csv:2279,arn:aws:iam::123837392027:user/bert-jan,exfiltration,DescribeDBSnapshots,0
invictus_enriched.csv:2280,arn:aws:iam::123837392027:user/bert-jan,exfiltration,DescribeDBSnapshots,0
invictus_enriched.csv:2281,arn:aws:iam::123837392027:user/bert-jan,exfiltration,DescribeDBSnapshots,0
invictus_enriched.csv:2282,arn:aws:iam::123837392027:user/bert-jan,exfiltration,DescribeDBSnapshots,0
invictus_enriched.csv:2283,arn:aws:iam::123837392027:user/bert-jan,exfiltration,DescribeDBSnapshots,0
invictus_enriched.csv:2284,arn:aws:iam::123837392027:user/bert-jan,exfiltration,DescribeDBSnapshots,0
invictus_enriched.csv:2285,arn:aws:iam::123837392027:user/bert-jan,exfiltration,DescribeDBSnapshots,0
invictus_enriched.csv:2286,arn:aws:iam::123837392027:user/bert-jan,exfiltration,DescribeDBSnapshots,0
invictus_enriched.csv:2287,arn:aws:iam::123837392027:user/bert-jan,exfiltration,DescribeDBSnapshots,0
invictus_enriched.csv:2288,arn:aws:iam::123837392027:user/bert-jan,exfiltration,DescribeDBSnapshots,0
invictus_enriched.csv:2289,arn:aws:iam::123837392027:user/bert-jan,arn:aws:rds:us-east-1:123837392027:snapshot:exfiltration,ListTagsForResource,0
invictus_enriched.csv:2290,arn:aws:iam::123837392027:user/bert-jan,exfiltration,ModifyDBSnapshotAttribute,0
invictus_enriched.csv:2291,arn:aws:iam::123837392027:user/bert-jan,aws_service,DescribeAccountAttributes,0
invictus_enriched.csv:2292,arn:aws:iam::123837392027:user/bert-jan,aws_service,GetUser,0
invictus_enriched.csv:2293,arn:aws:iam::123837392027:user/bert-jan,aws_service,GetUser,0
invictus_enriched.csv:2294,arn:aws:iam::123837392027:user/bert-jan,stratus-red-team-bdbp-lhfzvgcamn,GetBucketTagging,0
invictus_enriched.csv:2295,arn:aws:iam::123837392027:user/bert-jan,stratus-red-team-bdbp-lhfzvgcamn,CreateBucket,0
invictus_enriched.csv:2296,arn:aws:iam::123837392027:user/bert-jan,stratus-red-team-bdbp-lhfzvgcamn,PutBucketTagging,0
invictus_enriched.csv:2297,arn:aws:iam::123837392027:user/bert-jan,stratus-red-team-bdbp-lhfzvgcamn,GetBucketWebsite,0
invictus_enriched.csv:2298,arn:aws:iam::123837392027:user/bert-jan,stratus-red-team-bdbp-lhfzvgcamn,GetBucketAcl,0
invictus_enriched.csv:2299,arn:aws:iam::123837392027:user/bert-jan,stratus-red-team-bdbp-lhfzvgcamn,GetBucketCors,0
invictus_enriched.csv:2300,arn:aws:iam::123837392027:user/bert-jan,stratus-red-team-bdbp-lhfzvgcamn,GetAccelerateConfiguration,0
invictus_enriched.csv:2301,arn:aws:iam::123837392027:user/bert-jan,stratus-red-team-bdbp-lhfzvgcamn,GetBucketVersioning,0
invictus_enriched.csv:2302,arn:aws:iam::123837392027:user/bert-jan,stratus-red-team-bdbp-lhfzvgcamn,GetBucketRequestPayment,0
invictus_enriched.csv:2303,arn:aws:iam::123837392027:user/bert-jan,stratus-red-team-bdbp-lhfzvgcamn,GetBucketLogging,0
invictus_enriched.csv:2304,arn:aws:iam::123837392027:user/bert-jan,stratus-red-team-bdbp-lhfzvgcamn,GetBucketLifecycle,0
invictus_enriched.csv:2305,arn:aws:iam::123837392027:user/bert-jan,stratus-red-team-bdbp-lhfzvgcamn,GetBucketReplication,0
invictus_enriched.csv:2306,arn:aws:iam::123837392027:user/bert-jan,stratus-red-team-bdbp-lhfzvgcamn,GetBucketEncryption,0
invictus_enriched.csv:2307,arn:aws:iam::123837392027:user/bert-jan,stratus-red-team-bdbp-lhfzvgcamn,GetBucketObjectLockConfiguration,0
invictus_enriched.csv:2308,arn:aws:iam::123837392027:user/bert-jan,stratus-red-team-bdbp-lhfzvgcamn,GetBucketTagging,0
invictus_enriched.csv:2309,arn:aws:iam::123837392027:user/bert-jan,stratus-red-team-bdbp-lhfzvgcamn,PutBucketPolicy,1
invictus_enriched.csv:2310,arn:aws:iam::123837392027:user/benjamin,eventTypeCategory,DescribeEventAggregates,0
invictus_enriched.csv:2311,arn:aws:iam::123837392027:user/benjamin,eventTypeCategory,DescribeEventAggregates,0
invictus_enriched.csv:2312,arn:aws:iam::123837392027:user/bert-jan,aws_service,DescribeAccountAttributes,0
invictus_enriched.csv:2313,arn:aws:iam::123837392027:user/bert-jan,aws_service,GetUser,0
invictus_enriched.csv:2314,arn:aws:iam::123837392027:user/bert-jan,aws_service,GetCallerIdentity,0
invictus_enriched.csv:2315,arn:aws:iam::123837392027:user/bert-jan,stratus-red-team-nmfalu-gfjyeaypjt,GetUser,0
invictus_enriched.csv:2316,arn:aws:iam::123837392027:user/bert-jan,stratus-red-team-nmfalu-gfjyeaypjt,CreateUser,1
invictus_enriched.csv:2317,arn:aws:iam::123837392027:user/bert-jan,aws_service,GetUser,0
invictus_enriched.csv:2318,arn:aws:iam::123837392027:user/bert-jan,stratus-red-team-nmfalu-gfjyeaypjt,CreateLoginProfile,1
invictus_enriched.csv:2319,arn:aws:iam::123837392027:user/stratus-red-team-nmfalu-gfjyeaypjt,aws_service,ConsoleLogin,0
invictus_enriched.csv:2320,arn:aws:iam::123837392027:user/bert-jan,eventTypeCategory,DescribeEventAggregates,0
invictus_enriched.csv:2321,arn:aws:iam::123837392027:user/bert-jan,eventTypeCategory,DescribeEventAggregates,0
invictus_enriched.csv:2322,arn:aws:iam::123837392027:user/bert-jan,aws_service,DescribeAccountAttributes,0
invictus_enriched.csv:2323,arn:aws:iam::123837392027:user/bert-jan,aws_service,GetUser,0
invictus_enriched.csv:2324,arn:aws:iam::123837392027:user/bert-jan,aws_service,GetUser,0
invictus_enriched.csv:2325,arn:aws:iam::123837392027:user/bert-jan,stratus-red-team-backdoor-r-role,CreateRole,1
invictus_enriched.csv:2326,arn:aws:iam::123837392027:user/bert-jan,stratus-red-team-backdoor-r-role,GetRole,0
invictus_enriched.csv:2327,arn:aws:iam::123837392027:user/bert-jan,stratus-red-team-backdoor-r-role,ListAttachedRolePolicies,0
invictus_enriched.csv:2328,arn:aws:iam::123837392027:user/bert-jan,stratus-red-team-backdoor-r-role,ListRolePolicies,0
invictus_enriched.csv:2329,arn:aws:iam::123837392027:user/bert-jan,stratus-red-team-backdoor-r-role,ListAttachedRolePolicies,0
invictus_enriched.csv:2330,arn:aws:iam::123837392027:user/bert-jan,stratus-red-team-backdoor-r-role,AttachRolePolicy,1
invictus_enriched.csv:2331,arn:aws:iam::123837392027:user/bert-jan,stratus-red-team-backdoor-r-role,UpdateAssumeRolePolicy,1
invictus_enriched.csv:2332,arn:aws:iam::123837392027:user/bert-jan,aws_service,DescribeAccountAttributes,0
invictus_enriched.csv:2333,arn:aws:iam::123837392027:user/bert-jan,aws_service,GetUser,0
invictus_enriched.csv:2334,arn:aws:iam::123837392027:user/bert-jan,aws_service,GetUser,0
invictus_enriched.csv:2335,arn:aws:iam::123837392027:user/bert-jan,stratus-red-team-backdoor-u-user,CreateUser,1
invictus_enriched.csv:2336,arn:aws:iam::123837392027:user/bert-jan,stratus-red-team-backdoor-u-user,GetUser,0
invictus_enriched.csv:2337,arn:aws:iam::123837392027:user/bert-jan,stratus-red-team-backdoor-u-user,CreateAccessKey,1
invictus_enriched.csv:2338,arn:aws:iam::123837392027:user/bert-jan,malicious-iam-user,AttachUserPolicy,1
invictus_enriched.csv:2339,arn:aws:iam::123837392027:user/bert-jan,malicious-iam-user,CreateUser,1
invictus_enriched.csv:2340,arn:aws:iam::123837392027:user/bert-jan,aws_service,DescribeAccountAttributes,0
invictus_enriched.csv:2341,arn:aws:iam::123837392027:user/bert-jan,malicious-iam-user,CreateAccessKey,1
invictus_enriched.csv:2342,arn:aws:iam::123837392027:user/bert-jan,aws_service,DescribeAccountAttributes,0
invictus_enriched.csv:2343,arn:aws:iam::123837392027:user/bert-jan,aws_service,GetUser,0
invictus_enriched.csv:2344,arn:aws:iam::123837392027:user/bert-jan,aws_service,GetUser,0
invictus_enriched.csv:2345,arn:aws:iam::123837392027:user/bert-jan,stratus-red-team-login-profile-user,GetUser,0
invictus_enriched.csv:2346,arn:aws:iam::123837392027:user/bert-jan,stratus-red-team-login-profile-user,CreateUser,1
invictus_enriched.csv:2347,arn:aws:iam::123837392027:user/bert-jan,stratus-red-team-login-profile-user,CreateLoginProfile,1
invictus_enriched.csv:2348,arn:aws:iam::123837392027:user/bert-jan,aws_service,GetCallerIdentity,0
invictus_enriched.csv:2349,arn:aws:iam::123837392027:user/bert-jan,aws_service,DescribeAccountAttributes,0
invictus_enriched.csv:2350,arn:aws:iam::123837392027:user/bert-jan,aws_service,GetUser,0
invictus_enriched.csv:2351,arn:aws:iam::123837392027:user/bert-jan,stratus-red-team-backdoor-f-lambda,GetRole,0
invictus_enriched.csv:2352,arn:aws:iam::123837392027:user/bert-jan,stratus-red-team-backdoor-f-lambda,CreateRole,1
invictus_enriched.csv:2353,arn:aws:iam::123837392027:user/bert-jan,stratus-red-team-backdoor-f-bucket-ufamgrrnmw,CreateBucket,0
invictus_enriched.csv:2354,arn:aws:iam::123837392027:user/bert-jan,aws_service,GetUser,0
invictus_enriched.csv:2355,arn:aws:iam::123837392027:user/bert-jan,stratus-red-team-backdoor-f-bucket-ufamgrrnmw,GetBucketTagging,0
invictus_enriched.csv:2356,arn:aws:iam::123837392027:user/bert-jan,stratus-red-team-backdoor-f-lambda,ListRolePolicies,0
invictus_enriched.csv:2357,arn:aws:iam::123837392027:user/bert-jan,stratus-red-team-backdoor-f-bucket-ufamgrrnmw,PutBucketTagging,0
invictus_enriched.csv:2358,arn:aws:iam::123837392027:user/bert-jan,stratus-red-team-backdoor-f-bucket-ufamgrrnmw,GetBucketAcl,0
invictus_enriched.csv:2359,arn:aws:iam::123837392027:user/bert-jan,stratus-red-team-backdoor-f-lambda,ListAttachedRolePolicies,0
invictus_enriched.csv:2360,arn:aws:iam::123837392027:user/bert-jan,stratus-red-team-backdoor-f-bucket-ufamgrrnmw,GetBucketCors,0
invictus_enriched.csv:2361,arn:aws:iam::123837392027:user/bert-jan,stratus-red-team-backdoor-f-bucket-ufamgrrnmw,GetBucketWebsite,0
invictus_enriched.csv:2362,arn:aws:iam::123837392027:user/bert-jan,stratus-red-team-backdoor-f-bucket-ufamgrrnmw,GetBucketVersioning,0
invictus_enriched.csv:2363,arn:aws:iam::123837392027:user/bert-jan,stratus-red-team-backdoor-f-bucket-ufamgrrnmw,GetAccelerateConfiguration,0
invictus_enriched.csv:2364,arn:aws:iam::123837392027:user/bert-jan,stratus-red-team-backdoor-f-bucket-ufamgrrnmw,GetBucketLogging,0
invictus_enriched.csv:2365,arn:aws:iam::123837392027:user/bert-jan,stratus-red-team-backdoor-f-bucket-ufamgrrnmw,GetBucketRequestPayment,0
invictus_enriched.csv:2366,arn:aws:iam::123837392027:user/bert-jan,stratus-red-team-backdoor-f-bucket-ufamgrrnmw,GetBucketLifecycle,0
invictus_enriched.csv:2367,arn:aws:iam::123837392027:user/bert-jan,stratus-red-team-backdoor-f-bucket-ufamgrrnmw,GetBucketEncryption,0
invictus_enriched.csv:2368,arn:aws:iam::123837392027:user/bert-jan,stratus-red-team-backdoor-f-bucket-ufamgrrnmw,GetBucketReplication,0
invictus_enriched.csv:2369,arn:aws:iam::123837392027:user/bert-jan,stratus-red-team-backdoor-f-bucket-ufamgrrnmw,GetBucketObjectLockConfiguration,0
invictus_enriched.csv:2370,arn:aws:iam::123837392027:user/bert-jan,stratus-red-team-backdoor-f-bucket-ufamgrrnmw,GetBucketTagging,0
invictus_enriched.csv:2371,unknown_principal,arn:aws:iam::123837392027:role/stratus-red-team-backdoor-f-lambda,AssumeRole,0
invictus_enriched.csv:2372,arn:aws:iam::123837392027:user/bert-jan,stratus-red-team-backdoor-f-func,CreateFunction20150331,0
invictus_enriched.csv:2373,arn:aws:iam::123837392027:user/bert-jan,stratus-red-team-backdoor-f-func,GetFunction20150331v2,0
invictus_enriched.csv:2374,arn:aws:iam::123837392027:user/bert-jan,stratus-red-team-backdoor-f-func,GetFunction20150331v2,0
invictus_enriched.csv:2375,arn:aws:iam::123837392027:user/bert-jan,stratus-red-team-backdoor-f-func,GetFunctionCodeSigningConfig,0
invictus_enriched.csv:2376,arn:aws:iam::123837392027:user/bert-jan,stratus-red-team-backdoor-f-func,ListVersionsByFunction20150331,0
invictus_enriched.csv:2377,arn:aws:iam::123837392027:user/bert-jan,stratus-red-team-backdoor-f-func,AddPermission20150331v2,0
invictus_enriched.csv:2378,arn:aws:iam::123837392027:user/bert-jan,aws_service,DescribeAccountAttributes,0
invictus_enriched.csv:2379,arn:aws:iam::123837392027:user/bert-jan,aws_service,GetUser,0
invictus_enriched.csv:2380,arn:aws:iam::123837392027:user/bert-jan,stratus-red-team-olc-lambda-xhfgzaowxc,CreateRole,1
invictus_enriched.csv:2381,arn:aws:iam::123837392027:user/bert-jan,aws_service,GetUser,0
invictus_enriched.csv:2382,arn:aws:iam::123837392027:user/bert-jan,stratus-red-team-olc-bucket-xhfgzaowxc,CreateBucket,0
invictus_enriched.csv:2383,arn:aws:iam::123837392027:user/bert-jan,stratus-red-team-olc-lambda-xhfgzaowxc,ListAttachedRolePolicies,0
invictus_enriched.csv:2384,arn:aws:iam::123837392027:user/bert-jan,stratus-red-team-olc-lambda-xhfgzaowxc,ListRolePolicies,0
invictus_enriched.csv:2385,arn:aws:iam::123837392027:user/bert-jan,stratus-red-team-olc-bucket-xhfgzaowxc,GetBucketTagging,0
invictus_enriched.csv:2386,arn:aws:iam::123837392027:user/bert-jan,stratus-red-team-olc-lambda-xhfgzaowxc,GetRole,0
invictus_enriched.csv:2387,arn:aws:iam::123837392027:user/bert-jan,stratus-red-team-olc-bucket-xhfgzaowxc,GetAccelerateConfiguration,0
invictus_enriched.csv:2388,arn:aws:iam::123837392027:user/bert-jan,stratus-red-team-olc-bucket-xhfgzaowxc,GetBucketRequestPayment,0
invictus_enriched.csv:2389,arn:aws:iam::123837392027:user/bert-jan,stratus-red-team-olc-bucket-xhfgzaowxc,GetBucketVersioning,0
invictus_enriched.csv:2390,arn:aws:iam::123837392027:user/bert-jan,stratus-red-team-olc-bucket-xhfgzaowxc,GetBucketWebsite,0
invictus_enriched.csv:2391,arn:aws:iam::123837392027:user/bert-jan,stratus-red-team-olc-bucket-xhfgzaowxc,GetBucketAcl,0
invictus_enriched.csv:2392,arn:aws:iam::123837392027:user/bert-jan,stratus-red-team-olc-bucket-xhfgzaowxc,GetBucketPolicy,0
invictus_enriched.csv:2393,arn:aws:iam::123837392027:user/bert-jan,stratus-red-team-olc-bucket-xhfgzaowxc,PutBucketTagging,0
invictus_enriched.csv:2394,arn:aws:iam::123837392027:user/bert-jan,stratus-red-team-olc-bucket-xhfgzaowxc,GetBucketCors,0
invictus_enriched.csv:2395,arn:aws:iam::123837392027:user/bert-jan,stratus-red-team-olc-bucket-xhfgzaowxc,GetBucketLifecycle,0
invictus_enriched.csv:2396,arn:aws:iam::123837392027:user/bert-jan,stratus-red-team-olc-bucket-xhfgzaowxc,GetBucketObjectLockConfiguration,0
invictus_enriched.csv:2397,arn:aws:iam::123837392027:user/bert-jan,stratus-red-team-olc-bucket-xhfgzaowxc,GetBucketLogging,0
invictus_enriched.csv:2398,arn:aws:iam::123837392027:user/bert-jan,stratus-red-team-olc-bucket-xhfgzaowxc,GetBucketReplication,0
invictus_enriched.csv:2399,arn:aws:iam::123837392027:user/bert-jan,stratus-red-team-olc-bucket-xhfgzaowxc,GetBucketTagging,0
invictus_enriched.csv:2400,arn:aws:iam::123837392027:user/bert-jan,stratus-red-team-olc-bucket-xhfgzaowxc,GetBucketEncryption,0
invictus_enriched.csv:2401,arn:aws:iam::123837392027:user/bert-jan,stratus-red-team-olc-func-xhfgzaowxc,CreateFunction20150331,0
invictus_enriched.csv:2402,arn:aws:iam::123837392027:user/bert-jan,stratus-red-team-olc-func-xhfgzaowxc,CreateFunction20150331,0
invictus_enriched.csv:2403,arn:aws:iam::123837392027:user/bert-jan,stratus-red-team-olc-func-xhfgzaowxc,CreateFunction20150331,0
invictus_enriched.csv:2404,arn:aws:iam::123837392027:user/bert-jan,stratus-red-team-olc-func-xhfgzaowxc,CreateFunction20150331,0
invictus_enriched.csv:2405,arn:aws:iam::123837392027:user/bert-jan,stratus-red-team-olc-func-xhfgzaowxc,GetFunction20150331v2,0
invictus_enriched.csv:2406,arn:aws:iam::123837392027:user/bert-jan,stratus-red-team-olc-func-xhfgzaowxc,CreateFunction20150331,0
invictus_enriched.csv:2407,unknown_principal,arn:aws:iam::123837392027:role/stratus-red-team-olc-lambda-xhfgzaowxc,AssumeRole,0
invictus_enriched.csv:2408,arn:aws:iam::123837392027:user/bert-jan,stratus-red-team-olc-func-xhfgzaowxc,ListVersionsByFunction20150331,0
invictus_enriched.csv:2409,arn:aws:iam::123837392027:user/bert-jan,stratus-red-team-olc-func-xhfgzaowxc,GetFunction20150331v2,0
invictus_enriched.csv:2410,arn:aws:iam::123837392027:user/bert-jan,stratus-red-team-olc-func-xhfgzaowxc,GetFunction20150331v2,0
invictus_enriched.csv:2411,arn:aws:iam::123837392027:user/bert-jan,stratus-red-team-olc-func-xhfgzaowxc,GetFunctionCodeSigningConfig,0
invictus_enriched.csv:2412,arn:aws:iam::123837392027:user/bert-jan,arn:aws:lambda:us-east-1:123837392027:function:stratus-red-team-olc-func-xhfgzaowxc,UpdateFunctionCode20150331v2,0
invictus_enriched.csv:2413,arn:aws:iam::123837392027:user/bert-jan,aws_service,DescribeAccountAttributes,0
invictus_enriched.csv:2414,arn:aws:iam::123837392027:user/bert-jan,aws_service,GetUser,0
invictus_enriched.csv:2415,arn:aws:iam::123837392027:user/bert-jan,stratus-red-team-trust-anchor-role,CreateRole,1
invictus_enriched.csv:2416,arn:aws:iam::123837392027:user/bert-jan,aws_service,GetUser,0
invictus_enriched.csv:2417,arn:aws:iam::123837392027:user/bert-jan,stratus-red-team-trust-anchor-role,ListAttachedRolePolicies,0
invictus_enriched.csv:2418,arn:aws:iam::123837392027:user/bert-jan,stratus-red-team-trust-anchor-role,GetRole,0
invictus_enriched.csv:2419,arn:aws:iam::123837392027:user/bert-jan,stratus-red-team-trust-anchor-role,ListRolePolicies,0
invictus_enriched.csv:2420,unknown_principal,arn:aws:iam::123837392027:role/aws-service-role/rolesanywhere.amazonaws.com/AWSServiceRoleForRolesAnywhere,AssumeRole,0
invictus_enriched.csv:2421,arn:aws:iam::123837392027:user/bert-jan,malicious-rolesanywhere-profile,CreateProfile,0
invictus_enriched.csv:2422,arn:aws:iam::123837392027:user/bert-jan,malicious-rolesanywhere-trust-anchor,CreateTrustAnchor,0
invictus_enriched.csv:2423,unknown_principal,arn:aws:iam::123837392027:role/aws-service-role/rolesanywhere.amazonaws.com/AWSServiceRoleForRolesAnywhere,AssumeRole,0
invictus_enriched.csv:2424,unknown_principal,arn:aws:iam::123837392027:role/aws-service-role/rolesanywhere.amazonaws.com/AWSServiceRoleForRolesAnywhere,AssumeRole,0
invictus_enriched.csv:2425,unknown_principal,aws_service,CheckMfa,0
invictus_enriched.csv:2426,arn:aws:iam::123837392027:user/benjamin,eu-north-1,GetRegionOptStatus,0
invictus_enriched.csv:2427,arn:aws:iam::123837392027:user/bert-jan,aws_service,ConsoleLogin,0
invictus_enriched.csv:2428,arn:aws:iam::123837392027:user/bert-jan,aws_service,DescribeRegions,0
invictus_enriched.csv:2429,arn:aws:iam::123837392027:user/benjamin,aws_service,ListHostedZones,0
invictus_enriched.csv:2430,arn:aws:iam::123837392027:user/benjamin,aws_service,ListUsers,0
invictus_enriched.csv:2431,arn:aws:iam::123837392027:user/bert-jan,aws_service,DescribeDhcpOptions,0
invictus_enriched.csv:2432,arn:aws:iam::123837392027:user/bert-jan,aws_service,DescribeAccountAttributes,0
invictus_enriched.csv:2433,arn:aws:iam::123837392027:user/bert-jan,aws_service,DescribeNetworkAcls,0
invictus_enriched.csv:2434,arn:aws:iam::123837392027:user/bert-jan,aws_service,DescribeVpcs,0
invictus_enriched.csv:2435,arn:aws:iam::123837392027:user/bert-jan,aws_service,DescribeRouteTables,0
invictus_enriched.csv:2436,arn:aws:iam::123837392027:user/benjamin,eventTypeCategory,DescribeEventAggregates,0
invictus_enriched.csv:2437,arn:aws:iam::123837392027:user/benjamin,eventTypeCategory,DescribeEventAggregates,0
invictus_enriched.csv:2438,arn:aws:iam::123837392027:user/bert-jan,eventTypeCategory,DescribeEventAggregates,0
invictus_enriched.csv:2439,arn:aws:iam::123837392027:user/bert-jan,eventTypeCategory,DescribeEventAggregates,0
invictus_enriched.csv:2440,arn:aws:iam::123837392027:user/bert-jan,aws_service,DescribeRegions,0
invictus_enriched.csv:2441,arn:aws:iam::123837392027:user/bert-jan,aws_service,ListNotificationHubs,0
invictus_enriched.csv:2442,arn:aws:iam::123837392027:user/bert-jan,AGGREGATOR,ListIndexes,0
invictus_enriched.csv:2443,arn:aws:iam::123837392027:user/bert-jan,aws_service,DescribeInstances,0
invictus_enriched.csv:2444,arn:aws:iam::123837392027:user/bert-jan,aws_service,DescribeVolumes,0
invictus_enriched.csv:2445,arn:aws:iam::123837392027:user/bert-jan,aws_service,DescribeLoadBalancers,0
invictus_enriched.csv:2446,arn:aws:iam::123837392027:user/bert-jan,aws_service,DescribeVolumeStatus,0
invictus_enriched.csv:2447,arn:aws:iam::123837392027:user/bert-jan,aws_service,DescribeAccountAttributes,0
invictus_enriched.csv:2448,arn:aws:iam::123837392027:user/bert-jan,aws_service,DescribeInstanceStatus,0
invictus_enriched.csv:2449,arn:aws:iam::123837392027:user/bert-jan,aws_service,DescribeAutoScalingGroups,0
invictus_enriched.csv:2450,arn:aws:iam::123837392027:user/bert-jan,aws_service,DescribeAddresses,0
invictus_enriched.csv:2451,arn:aws:iam::123837392027:user/bert-jan,aws_service,DescribePlacementGroups,0
invictus_enriched.csv:2452,arn:aws:iam::123837392027:user/bert-jan,aws_service,DescribeKeyPairs,0
invictus_enriched.csv:2453,arn:aws:iam::123837392027:user/bert-jan,aws_service,DescribeLoadBalancers,0
invictus_enriched.csv:2454,arn:aws:iam::123837392027:user/bert-jan,aws_service,DescribeHosts,0
invictus_enriched.csv:2455,arn:aws:iam::123837392027:user/bert-jan,aws_service,DescribeAvailabilityZones,0
invictus_enriched.csv:2456,arn:aws:iam::123837392027:user/bert-jan,aws_service,DescribeSecurityGroups,0
invictus_enriched.csv:2457,arn:aws:iam::123837392027:user/bert-jan,aws_service,DescribeLaunchTemplates,0
invictus_enriched.csv:2458,arn:aws:iam::123837392027:user/bert-jan,aws_service,DescribeSnapshots,0
invictus_enriched.csv:2459,arn:aws:iam::123837392027:user/bert-jan,aws_service,ListNotificationHubs,0
invictus_enriched.csv:2460,arn:aws:iam::123837392027:user/bert-jan,eventTypeCategory,DescribeEventAggregates,0
invictus_enriched.csv:2461,arn:aws:iam::123837392027:user/bert-jan,eventTypeCategory,DescribeEventAggregates,0
invictus_enriched.csv:2462,arn:aws:iam::123837392027:user/bert-jan,aws_service,DescribeAddresses,0
invictus_enriched.csv:2463,arn:aws:iam::123837392027:user/bert-jan,aws_service,DescribeAddresses,0
invictus_enriched.csv:2464,arn:aws:iam::123837392027:user/bert-jan,aws_service,DescribeAddressesAttribute,0
invictus_enriched.csv:2465,arn:aws:iam::123837392027:user/bert-jan,aws_service,DescribeAddressTransfers,0
invictus_enriched.csv:2466,arn:aws:iam::123837392027:user/bert-jan,aws_service,DescribeNatGateways,0
invictus_enriched.csv:2467,arn:aws:iam::123837392027:user/bert-jan,aws_service,DescribeNatGateways,0
invictus_enriched.csv:2468,arn:aws:iam::123837392027:user/bert-jan,aws_service,DescribeTags,0
invictus_enriched.csv:2469,arn:aws:iam::123837392027:user/bert-jan,aws_service,DescribeAddressTransfers,0
invictus_enriched.csv:2470,arn:aws:iam::123837392027:user/bert-jan,aws_service,DescribeAddressesAttribute,0
invictus_enriched.csv:2471,arn:aws:iam::123837392027:user/bert-jan,aws_service,DescribeAddressesAttribute,0
invictus_enriched.csv:2472,arn:aws:iam::123837392027:user/bert-jan,aws_service,DescribeAddresses,0
invictus_enriched.csv:2473,arn:aws:iam::123837392027:user/bert-jan,aws_service,DescribeAddressTransfers,0
invictus_enriched.csv:2474,arn:aws:iam::123837392027:user/bert-jan,aws_service,DescribeAddressesAttribute,0
invictus_enriched.csv:2475,arn:aws:iam::123837392027:user/bert-jan,aws_service,DescribeAddresses,0
invictus_enriched.csv:2476,arn:aws:iam::123837392027:user/bert-jan,aws_service,DescribeNatGateways,0
invictus_enriched.csv:2477,arn:aws:iam::123837392027:user/bert-jan,aws_service,DescribeNatGateways,0
invictus_enriched.csv:2478,arn:aws:iam::123837392027:user/bert-jan,aws_service,DescribeAddressesAttribute,0
invictus_enriched.csv:2479,arn:aws:iam::123837392027:user/bert-jan,aws_service,DescribeAddresses,0
invictus_enriched.csv:2480,arn:aws:iam::123837392027:user/bert-jan,aws_service,DescribeAddressTransfers,0
invictus_enriched.csv:2481,arn:aws:iam::123837392027:user/bert-jan,aws_service,DescribeAddressTransfers,0
invictus_enriched.csv:2482,arn:aws:iam::123837392027:user/bert-jan,eipalloc-04cbfdaf4b48e92d5,ReleaseAddress,0
invictus_enriched.csv:2483,arn:aws:iam::123837392027:user/bert-jan,aws_service,DescribeAccountAttributes,0
invictus_enriched.csv:2484,arn:aws:iam::123837392027:user/bert-jan,aws_service,DescribeRecommendationGroups,0
invictus_enriched.csv:2485,arn:aws:iam::123837392027:user/bert-jan,aws_service,DescribeDBInstances,0
invictus_enriched.csv:2486,arn:aws:iam::123837392027:user/bert-jan,aws_service,DescribeAccountAttributes,0
invictus_enriched.csv:2487,arn:aws:iam::123837392027:user/bert-jan,aws_service,DescribeOptionGroups,0
invictus_enriched.csv:2488,arn:aws:iam::123837392027:user/bert-jan,aws_service,DescribeDBParameterGroups,0
invictus_enriched.csv:2489,arn:aws:iam::123837392027:user/bert-jan,aws_service,DescribeDBClusterParameterGroups,0
invictus_enriched.csv:2490,arn:aws:iam::123837392027:user/bert-jan,aws_service,DescribeEventSubscriptions,0
invictus_enriched.csv:2491,arn:aws:iam::123837392027:user/bert-jan,aws_service,DescribeAccountAttributes,0
invictus_enriched.csv:2492,arn:aws:iam::123837392027:user/bert-jan,aws_service,DescribeDBSnapshots,0
invictus_enriched.csv:2493,arn:aws:iam::123837392027:user/bert-jan,aws_service,DescribeDBClusterSnapshots,0
invictus_enriched.csv:2494,arn:aws:iam::123837392027:user/bert-jan,aws_service,DescribeDBInstances,0
invictus_enriched.csv:2495,arn:aws:iam::123837392027:user/bert-jan,aws_service,DescribeCertificates,0
invictus_enriched.csv:2496,arn:aws:iam::123837392027:user/bert-jan,aws_service,DescribeVpcs,0
invictus_enriched.csv:2497,arn:aws:iam::123837392027:user/bert-jan,aws_service,DescribeEvents,0
invictus_enriched.csv:2498,arn:aws:iam::123837392027:user/bert-jan,aws_service,ListNotificationHubs,0
invictus_enriched.csv:2499,arn:aws:iam::123837392027:user/bert-jan,eventTypeCategory,DescribeEventAggregates,0
invictus_enriched.csv:2500,arn:aws:iam::123837392027:user/bert-jan,eventTypeCategory,DescribeEventAggregates,0
invictus_enriched.csv:2501,arn:aws:iam::123837392027:user/bert-jan,aws_service,DescribeDBEngineVersions,0
invictus_enriched.csv:2502,arn:aws:iam::123837392027:user/bert-jan,aws_service,DescribeOrganization,0
invictus_enriched.csv:2503,arn:aws:iam::123837392027:user/bert-jan,stratus-red-team-backdoor-f-func,RemovePermission20150331v2,0
invictus_enriched.csv:2504,arn:aws:iam::123837392027:user/bert-jan,stratus-red-team-backdoor-r-role,UpdateAssumeRolePolicy,1
invictus_enriched.csv:2505,arn:aws:iam::123837392027:user/bert-jan,arn:aws:lambda:us-east-1:123837392027:function:stratus-red-team-olc-func-xhfgzaowxc,UpdateFunctionCode20150331v2,0
invictus_enriched.csv:2506,arn:aws:iam::123837392027:user/bert-jan,stratus-red-team-bdbp-lhfzvgcamn,DeleteBucketPolicy,1
invictus_enriched.csv:2507,arn:aws:iam::123837392027:user/bert-jan,aws_service,ListTrustAnchors,0
invictus_enriched.csv:2508,arn:aws:iam::123837392027:user/bert-jan,malicious-iam-user,ListAccessKeys,0
invictus_enriched.csv:2509,arn:aws:iam::123837392027:user/bert-jan,malicious-iam-user,DeleteAccessKey,0
invictus_enriched.csv:2510,arn:aws:iam::123837392027:user/bert-jan,malicious-iam-user,DetachUserPolicy,0
invictus_enriched.csv:2511,arn:aws:iam::123837392027:user/bert-jan,malicious-iam-user,DeleteUser,0
invictus_enriched.csv:2512,arn:aws:iam::123837392027:user/bert-jan,exfiltration,ModifyDBSnapshotAttribute,0
invictus_enriched.csv:2513,arn:aws:iam::123837392027:user/bert-jan,aws_service,ListProfiles,0
invictus_enriched.csv:2514,arn:aws:iam::123837392027:user/bert-jan,49e25ec3-bdfe-4150-8683-b4ea4ee85cfd,DeleteTrustAnchor,0
invictus_enriched.csv:2515,arn:aws:iam::123837392027:user/bert-jan,stratus-red-team-ct-stop-trail-qzbgnfqisx,StartLogging,0
invictus_enriched.csv:2516,arn:aws:iam::123837392027:user/bert-jan,stratus-red-team-backdoor-u-user,ListAccessKeys,0
invictus_enriched.csv:2517,arn:aws:iam::123837392027:user/bert-jan,ac4e09d1-a150-4924-bb76-23b00fa7c34a,DeleteProfile,0
invictus_enriched.csv:2518,arn:aws:iam::123837392027:user/bert-jan,stratus-red-team-backdoor-u-user,DeleteAccessKey,0
invictus_enriched.csv:2519,arn:aws:iam::123837392027:user/bert-jan,stratus-red-team-login-profile-user,DeleteLoginProfile,0
invictus_enriched.csv:2520,unknown_principal,arn:aws:iam::123837392027:role/aws-service-role/rolesanywhere.amazonaws.com/AWSServiceRoleForRolesAnywhere,AssumeRole,0
invictus_enriched.csv:2521,arn:aws:iam::123837392027:user/bert-jan,bWFyaWFkYgoxMC42LjE0,DescribeDBEngineVersions,0
invictus_enriched.csv:2522,unknown_principal,arn:aws:iam::123837392027:role/aws-service-role/rolesanywhere.amazonaws.com/AWSServiceRoleForRolesAnywhere,AssumeRole,0
invictus_enriched.csv:2523,arn:aws:iam::123837392027:user/bert-jan,custom-sqlserver-ee,DescribeDBEngineVersions,0
invictus_enriched.csv:2524,arn:aws:iam::123837392027:user/bert-jan,sqlserver-ex,DescribeDBEngineVersions,0
invictus_enriched.csv:2525,arn:aws:iam::123837392027:user/bert-jan,sqlserver-se,DescribeDBEngineVersions,0
invictus_enriched.csv:2526,arn:aws:iam::123837392027:user/bert-jan,docdb,DescribeDBEngineVersions,0
invictus_enriched.csv:2527,arn:aws:iam::123837392027:user/bert-jan,cG9zdGdyZXMKMTQuNw==,DescribeDBEngineVersions,0
invictus_enriched.csv:2528,arn:aws:iam::123837392027:user/bert-jan,aurora-mysql,DescribeDBEngineVersions,0
invictus_enriched.csv:2529,arn:aws:iam::123837392027:user/bert-jan,sqlserver-ee,DescribeDBEngineVersions,0
invictus_enriched.csv:2530,arn:aws:iam::123837392027:user/bert-jan,oracle-ee-cdb,DescribeDBEngineVersions,0
invictus_enriched.csv:2531,arn:aws:iam::123837392027:user/bert-jan,custom-sqlserver-se,DescribeDBEngineVersions,0
invictus_enriched.csv:2532,arn:aws:iam::123837392027:user/bert-jan,oracle-se2-cdb,DescribeDBEngineVersions,0
invictus_enriched.csv:2533,unknown_principal,arn:aws:iam::123837392027:role/aws-service-role/rolesanywhere.amazonaws.com/AWSServiceRoleForRolesAnywhere,AssumeRole,0
invictus_enriched.csv:2534,arn:aws:iam::123837392027:user/bert-jan,oracle-se2,DescribeDBEngineVersions,0
invictus_enriched.csv:2535,arn:aws:iam::123837392027:user/bert-jan,postgres,DescribeDBEngineVersions,0
invictus_enriched.csv:2536,arn:aws:iam::123837392027:user/bert-jan,custom-sqlserver-web,DescribeDBEngineVersions,0
invictus_enriched.csv:2537,arn:aws:iam::123837392027:user/bert-jan,mariadb,DescribeDBEngineVersions,0
invictus_enriched.csv:2538,arn:aws:iam::123837392027:user/bert-jan,mysql,DescribeDBEngineVersions,0
invictus_enriched.csv:2539,arn:aws:iam::123837392027:user/bert-jan,oracle-ee,DescribeDBEngineVersions,0
invictus_enriched.csv:2540,arn:aws:iam::123837392027:user/bert-jan,aws_service,DescribeBlueGreenDeployments,0
invictus_enriched.csv:2541,arn:aws:iam::123837392027:user/bert-jan,aurora-postgresql,DescribeDBEngineVersions,0
invictus_enriched.csv:2542,arn:aws:iam::123837392027:user/bert-jan,sqlserver-web,DescribeDBEngineVersions,0
invictus_enriched.csv:2543,arn:aws:iam::123837392027:user/bert-jan,aws_service,DescribeDBClusters,0
invictus_enriched.csv:2544,arn:aws:iam::123837392027:user/bert-jan,neptune,DescribeDBEngineVersions,0
invictus_enriched.csv:2545,arn:aws:iam::123837392027:user/bert-jan,REACTIVE,SearchInsights,0
invictus_enriched.csv:2546,arn:aws:iam::123837392027:user/bert-jan,aws_service,DescribePendingMaintenanceActions,0
invictus_enriched.csv:2547,arn:aws:iam::123837392027:user/bert-jan,aws_service,DescribeSecurityGroups,0
invictus_enriched.csv:2548,arn:aws:iam::123837392027:user/bert-jan,aws_service,GetUser,0
invictus_enriched.csv:2549,arn:aws:iam::123837392027:user/bert-jan,aws_service,DescribeSubnets,0
invictus_enriched.csv:2550,arn:aws:iam::123837392027:user/bert-jan,aws_service,DescribeAlarms,0
invictus_enriched.csv:2551,arn:aws:iam::123837392027:user/bert-jan,aws_service,GetUser,0
invictus_enriched.csv:2552,arn:aws:iam::123837392027:user/bert-jan,aws_service,DescribeDBInstances,0
invictus_enriched.csv:2553,arn:aws:iam::123837392027:user/bert-jan,PROACTIVE,SearchInsights,0
invictus_enriched.csv:2554,arn:aws:iam::123837392027:user/bert-jan,aws_service,DescribeGlobalClusters,0
invictus_enriched.csv:2555,arn:aws:iam::123837392027:user/bert-jan,6ec1aa76c9c3020a93af9e89a5a3a439,GetDetector,0
invictus_enriched.csv:2556,arn:aws:iam::123837392027:user/bert-jan,aws_service,DescribeRecommendations,0
invictus_enriched.csv:2557,arn:aws:iam::123837392027:user/bert-jan,6ec1aa76c9c3020a93af9e89a5a3a439,ListFindings,0
invictus_enriched.csv:2558,arn:aws:iam::123837392027:user/bert-jan,aws_service,DescribeRecommendations,0
invictus_enriched.csv:2559,arn:aws:iam::123837392027:user/bert-jan,AWS_TAGS,GetResourceCollection,0
invictus_enriched.csv:2560,arn:aws:iam::123837392027:user/bert-jan,aws_service,DescribeRecommendations,0
invictus_enriched.csv:2561,arn:aws:iam::123837392027:user/bert-jan,aws_service,ListDetectors,0
invictus_enriched.csv:2562,arn:aws:iam::123837392027:user/bert-jan,aws_service,DescribeDBInstances,0
invictus_enriched.csv:2563,arn:aws:iam::123837392027:user/bert-jan,AWS_CLOUD_FORMATION,GetResourceCollection,0
invictus_enriched.csv:2564,arn:aws:iam::123837392027:user/bert-jan,aws_service,DescribeRecommendationGroups,0
invictus_enriched.csv:2565,arn:aws:iam::123837392027:user/bert-jan,aws_service,DescribeRecommendations,0
invictus_enriched.csv:2566,arn:aws:iam::123837392027:user/bert-jan,db.t3.micro,DescribeOrderableDBInstanceOptions,0
invictus_enriched.csv:2567,arn:aws:iam::123837392027:user/bert-jan,6ec1aa76c9c3020a93af9e89a5a3a439,GetFindings,0
invictus_enriched.csv:2568,arn:aws:iam::123837392027:user/bert-jan,aws_service,DescribeAvailabilityZones,0
invictus_enriched.csv:2569,arn:aws:iam::123837392027:user/bert-jan,aws_service,DescribeVpcs,0
invictus_enriched.csv:2570,arn:aws:iam::123837392027:user/bert-jan,aws_service,GetUser,0
invictus_enriched.csv:2571,arn:aws:iam::123837392027:user/bert-jan,aws_service,DescribeVolumes,0
invictus_enriched.csv:2572,arn:aws:iam::123837392027:user/bert-jan,aws_service,GetUser,0
invictus_enriched.csv:2573,arn:aws:iam::123837392027:user/bert-jan,aws_service,GetUser,0
invictus_enriched.csv:2574,arn:aws:iam::123837392027:user/bert-jan,aws_service,GetUser,0
invictus_enriched.csv:2575,arn:aws:iam::123837392027:user/bert-jan,aws_service,GetUser,0
invictus_enriched.csv:2576,arn:aws:iam::123837392027:user/bert-jan,docdb,DescribeOrderableDBInstanceOptions,0
invictus_enriched.csv:2577,arn:aws:iam::123837392027:user/bert-jan,aws_service,DescribeAvailabilityZones,0
invictus_enriched.csv:2578,arn:aws:iam::123837392027:user/bert-jan,aws_service,GetUser,0
invictus_enriched.csv:2579,arn:aws:iam::123837392027:user/bert-jan,stratus-red-team-ec2-enumerate-role,GetRole,0
invictus_enriched.csv:2580,arn:aws:iam::123837392027:user/bert-jan,aws_service,DescribeImages,0
invictus_enriched.csv:2581,arn:aws:iam::123837392027:user/bert-jan,aws_service,DescribeSnapshots,0
invictus_enriched.csv:2582,arn:aws:iam::123837392027:user/bert-jan,aws_service,DescribeImages,0
invictus_enriched.csv:2583,arn:aws:iam::123837392027:user/bert-jan,aws_service,GetUser,0
invictus_enriched.csv:2584,arn:aws:iam::123837392027:user/bert-jan,aws_service,GetUser,0
invictus_enriched.csv:2585,arn:aws:iam::123837392027:user/bert-jan,aws_service,DescribeVpcClassicLink,0
invictus_enriched.csv:2586,arn:aws:iam::123837392027:user/bert-jan,aws_service,DescribeVpcClassicLinkDnsSupport,0
invictus_enriched.csv:2587,arn:aws:iam::123837392027:user/bert-jan,aurora-mysql,DescribeOrderableDBInstanceOptions,0
invictus_enriched.csv:2588,arn:aws:iam::123837392027:user/bert-jan,aws_service,DescribeVpcs,0
invictus_enriched.csv:2589,arn:aws:iam::123837392027:user/bert-jan,custom-sqlserver-ee,DescribeOrderableDBInstanceOptions,0
invictus_enriched.csv:2590,arn:aws:iam::123837392027:user/bert-jan,stratus-red-team-login-profile-user,GetUser,0
invictus_enriched.csv:2591,arn:aws:iam::123837392027:user/bert-jan,stratus-red-team-bdbp-lhfzvgcamn,GetBucketAcl,0
invictus_enriched.csv:2592,arn:aws:iam::123837392027:user/bert-jan,stratus-red-team-backdoor-f-bucket-ufamgrrnmw,GetBucketAcl,0
invictus_enriched.csv:2593,arn:aws:iam::123837392027:user/bert-jan,stratus-red-team-nmfalu-gfjyeaypjt,GetLoginProfile,0
invictus_enriched.csv:2594,arn:aws:iam::123837392027:user/bert-jan,aws_service,DescribeAvailabilityZones,0
invictus_enriched.csv:2595,arn:aws:iam::123837392027:user/bert-jan,vpc-04ae35a334cd7ef4f,DescribeVpcAttribute,0
invictus_enriched.csv:2596,arn:aws:iam::123837392027:user/bert-jan,stratus-red-team-backdoor-r-role,GetRole,0
invictus_enriched.csv:2597,arn:aws:iam::123837392027:user/bert-jan,aws_service,DescribeAddresses,0
invictus_enriched.csv:2598,arn:aws:iam::123837392027:user/bert-jan,stratus-red-team-backdoor-r-role,ListRolePolicies,0
invictus_enriched.csv:2599,arn:aws:iam::123837392027:user/bert-jan,stratus-red-team-nmfalu-gfjyeaypjt,GetUser,0
invictus_enriched.csv:2600,arn:aws:iam::123837392027:user/bert-jan,aws_service,DescribeVpcClassicLink,0
invictus_enriched.csv:2601,arn:aws:iam::123837392027:user/bert-jan,aws_service,DescribeVpcClassicLinkDnsSupport,0
invictus_enriched.csv:2602,arn:aws:iam::123837392027:user/bert-jan,vpc-0e568b18707c87afa,DescribeVpcAttribute,0
invictus_enriched.csv:2603,arn:aws:iam::123837392027:user/bert-jan,aws_service,DescribeVpcClassicLink,0
invictus_enriched.csv:2604,arn:aws:iam::123837392027:user/bert-jan,aws_service,DescribeVpcs,0
invictus_enriched.csv:2605,arn:aws:iam::123837392027:user/bert-jan,aws_service,GetCallerIdentity,0
invictus_enriched.csv:2606,arn:aws:iam::123837392027:user/bert-jan,stratus-red-team-backdoor-u-user,GetUser,0
invictus_enriched.csv:2607,arn:aws:iam::123837392027:user/bert-jan,aws_service,GetUser,0
invictus_enriched.csv:2608,arn:aws:iam::123837392027:user/bert-jan,stratus-red-team-backdoor-f-lambda,GetRole,0
invictus_enriched.csv:2609,arn:aws:iam::123837392027:user/bert-jan,vpc-0e568b18707c87afa,DescribeVpcAttribute,0
invictus_enriched.csv:2610,arn:aws:iam::123837392027:user/bert-jan,aws_service,DescribeVpcClassicLinkDnsSupport,0
invictus_enriched.csv:2611,arn:aws:iam::123837392027:user/bert-jan,stratus-red-team-backdoor-f-bucket-ufamgrrnmw,GetBucketWebsite,0
invictus_enriched.csv:2612,arn:aws:iam::123837392027:user/bert-jan,aws_service,DescribeRouteTables,0
invictus_enriched.csv:2613,arn:aws:iam::123837392027:user/bert-jan,vpc-07b33857c7ad1c027,DescribeVpcAttribute,0
invictus_enriched.csv:2614,arn:aws:iam::123837392027:user/bert-jan,stratus-red-team-backdoor-r-role,ListAttachedRolePolicies,0
invictus_enriched.csv:2615,arn:aws:iam::123837392027:user/bert-jan,aws_service,GetUser,0
invictus_enriched.csv:2616,arn:aws:iam::123837392027:user/bert-jan,stratus-red-team-backdoor-f-bucket-ufamgrrnmw,GetBucketVersioning,0
invictus_enriched.csv:2617,arn:aws:iam::123837392027:user/bert-jan,vpc-07b33857c7ad1c027,DescribeVpcAttribute,0
invictus_enriched.csv:2618,arn:aws:iam::123837392027:user/bert-jan,stratus-red-team-bdbp-lhfzvgcamn,GetBucketWebsite,0
invictus_enriched.csv:2619,arn:aws:iam::123837392027:user/bert-jan,aws_service,GetUser,0
invictus_enriched.csv:2620,arn:aws:iam::123837392027:user/bert-jan,stratus-red-team-backdoor-f-lambda,ListRolePolicies,0
invictus_enriched.csv:2621,arn:aws:iam::123837392027:user/bert-jan,stratus-red-team-login-profile-user,ListGroupsForUser,0
invictus_enriched.csv:2622,arn:aws:iam::123837392027:user/bert-jan,vpc-04ae35a334cd7ef4f,DescribeVpcAttribute,0
invictus_enriched.csv:2623,arn:aws:iam::123837392027:user/bert-jan,stratus-red-team-backdoor-f-bucket-ufamgrrnmw,GetBucketCors,0
invictus_enriched.csv:2624,arn:aws:iam::123837392027:user/bert-jan,stratus-red-team-bdbp-lhfzvgcamn,GetBucketVersioning,0
invictus_enriched.csv:2625,arn:aws:iam::123837392027:user/bert-jan,aws_service,DescribeNetworkAcls,0
invictus_enriched.csv:2626,arn:aws:iam::123837392027:user/bert-jan,stratus-red-team-backdoor-r-role,ListAttachedRolePolicies,0
invictus_enriched.csv:2627,arn:aws:iam::123837392027:user/bert-jan,aws_service,GetUser,0
invictus_enriched.csv:2628,arn:aws:iam::123837392027:user/bert-jan,stratus-red-team-bdbp-lhfzvgcamn,GetBucketCors,0
invictus_enriched.csv:2629,arn:aws:iam::123837392027:user/bert-jan,aws_service,GetUser,0
invictus_enriched.csv:2630,arn:aws:iam::123837392027:user/bert-jan,aws_service,DescribeNetworkAcls,0
invictus_enriched.csv:2631,arn:aws:iam::123837392027:user/bert-jan,stratus-red-team-backdoor-f-lambda,ListAttachedRolePolicies,0
invictus_enriched.csv:2632,arn:aws:iam::123837392027:user/bert-jan,vol-0a2e548958718390d,DeleteVolume,0
invictus_enriched.csv:2633,arn:aws:iam::123837392027:user/bert-jan,stratus-red-team-olc-lambda-xhfgzaowxc,GetRole,0
invictus_enriched.csv:2634,arn:aws:iam::123837392027:user/bert-jan,stratus-red-team-olc-lambda-xhfgzaowxc,ListRolePolicies,0
invictus_enriched.csv:2635,arn:aws:iam::123837392027:user/bert-jan,aws_service,GetCallerIdentity,0
invictus_enriched.csv:2636,arn:aws:iam::123837392027:user/bert-jan,stratus-red-team-backdoor-f-bucket-ufamgrrnmw,GetBucketRequestPayment,0
invictus_enriched.csv:2637,arn:aws:iam::123837392027:user/bert-jan,stratus-red-team-olc-bucket-xhfgzaowxc,GetBucketPolicy,0
invictus_enriched.csv:2638,arn:aws:iam::123837392027:user/bert-jan,stratus-red-team-bdbp-lhfzvgcamn,GetBucketRequestPayment,0
invictus_enriched.csv:2639,arn:aws:iam::123837392027:user/bert-jan,aws_service,DescribeRouteTables,0
invictus_enriched.csv:2640,arn:aws:iam::123837392027:user/bert-jan,stratus-red-team-backdoor-f-bucket-ufamgrrnmw,GetAccelerateConfiguration,0
invictus_enriched.csv:2641,arn:aws:iam::123837392027:user/bert-jan,stratus-red-team-nmfalu-gfjyeaypjt,ListGroupsForUser,0
invictus_enriched.csv:2642,arn:aws:iam::123837392027:user/bert-jan,stratus-red-team-login-profile-user,ListSSHPublicKeys,0
invictus_enriched.csv:2643,arn:aws:iam::123837392027:user/bert-jan,aws_service,DescribeNetworkAcls,0
invictus_enriched.csv:2644,arn:aws:iam::123837392027:user/bert-jan,stratus-red-team-login-profile-user,ListAccessKeys,0
invictus_enriched.csv:2645,arn:aws:iam::123837392027:user/bert-jan,stratus-red-team-nmfalu-gfjyeaypjt,ListAccessKeys,0
invictus_enriched.csv:2646,arn:aws:iam::123837392027:user/bert-jan,stratus-red-team-nmfalu-gfjyeaypjt,ListSSHPublicKeys,0
invictus_enriched.csv:2647,arn:aws:iam::123837392027:user/bert-jan,aws_service,DescribeImages,0
invictus_enriched.csv:2648,arn:aws:iam::123837392027:user/bert-jan,aws_service,DescribeSecurityGroups,0
invictus_enriched.csv:2649,arn:aws:iam::123837392027:user/bert-jan,aws_service,DescribeRouteTables,0
invictus_enriched.csv:2650,arn:aws:iam::123837392027:user/bert-jan,aws_service,DescribeSecurityGroups,0
invictus_enriched.csv:2651,arn:aws:iam::123837392027:user/bert-jan,aws_service,DescribeSecurityGroups,0
invictus_enriched.csv:2652,arn:aws:iam::123837392027:user/bert-jan,stratus-red-team-nmfalu-gfjyeaypjt,DeleteLoginProfile,0
invictus_enriched.csv:2653,arn:aws:iam::123837392027:user/bert-jan,stratus-red-team-bdbp-lhfzvgcamn,GetAccelerateConfiguration,0
invictus_enriched.csv:2654,arn:aws:iam::123837392027:user/bert-jan,stratus-red-team-backdoor-u-user,ListSSHPublicKeys,0
invictus_enriched.csv:2655,arn:aws:iam::123837392027:user/bert-jan,aws_service,GetUser,0
invictus_enriched.csv:2656,arn:aws:iam::123837392027:user/bert-jan,aws_service,GetUser,0
invictus_enriched.csv:2657,arn:aws:iam::123837392027:user/bert-jan,snap-01ee6be9876379b3b,DeleteSnapshot,0
invictus_enriched.csv:2658,arn:aws:iam::123837392027:user/bert-jan,stratus-red-team-backdoor-u-user,ListAccessKeys,0
invictus_enriched.csv:2659,arn:aws:iam::123837392027:user/bert-jan,vpc-098ff30ff74b36f73,DescribeVpcAttribute,0
invictus_enriched.csv:2660,arn:aws:iam::123837392027:user/bert-jan,vpc-098ff30ff74b36f73,DescribeVpcAttribute,0
invictus_enriched.csv:2661,arn:aws:iam::123837392027:user/bert-jan,aws_service,DescribeVpcClassicLinkDnsSupport,0
invictus_enriched.csv:2662,arn:aws:iam::123837392027:user/bert-jan,aws_service,GetUser,0
invictus_enriched.csv:2663,arn:aws:iam::123837392027:user/bert-jan,aws_service,DescribeVpcClassicLink,0
invictus_enriched.csv:2664,arn:aws:iam::123837392027:user/bert-jan,aws_service,GetUser,0
invictus_enriched.csv:2665,arn:aws:iam::123837392027:user/bert-jan,stratus-red-team-backdoor-u-user,ListGroupsForUser,0
invictus_enriched.csv:2666,arn:aws:iam::123837392027:user/bert-jan,aws_service,DescribeAvailabilityZones,0
invictus_enriched.csv:2667,arn:aws:iam::123837392027:user/bert-jan,stratus-red-team-trust-anchor-role,GetRole,0
invictus_enriched.csv:2668,arn:aws:iam::123837392027:user/bert-jan,stratus-red-team-trust-anchor-role,ListRolePolicies,0
invictus_enriched.csv:2669,arn:aws:iam::123837392027:user/bert-jan,stratus-red-team-trust-anchor-role,ListAttachedRolePolicies,0
invictus_enriched.csv:2670,arn:aws:iam::123837392027:user/bert-jan,aws_service,DescribeVpcs,0
invictus_enriched.csv:2671,arn:aws:iam::123837392027:user/bert-jan,stratus-red-team-backdoor-r-role,ListAttachedRolePolicies,0
invictus_enriched.csv:2672,arn:aws:iam::123837392027:user/bert-jan,stratus-red-team-login-profile-user,ListMFADevices,0
invictus_enriched.csv:2673,arn:aws:iam::123837392027:user/bert-jan,stratus-red-team-login-profile-user,DeleteLoginProfile,0
invictus_enriched.csv:2674,arn:aws:iam::123837392027:user/bert-jan,stratus-red-team-backdoor-u-user,ListMFADevices,0
invictus_enriched.csv:2675,arn:aws:iam::123837392027:user/bert-jan,stratus-red-team-backdoor-f-bucket-ufamgrrnmw,GetBucketReplication,0
invictus_enriched.csv:2676,arn:aws:iam::123837392027:user/bert-jan,Assigned,ListVirtualMFADevices,0
invictus_enriched.csv:2677,arn:aws:iam::123837392027:user/bert-jan,stratus-red-team-nmfalu-gfjyeaypjt,ListSigningCertificates,0
invictus_enriched.csv:2678,arn:aws:iam::123837392027:user/bert-jan,stratus-red-team-nmfalu-gfjyeaypjt,ListServiceSpecificCredentials,0
invictus_enriched.csv:2679,arn:aws:iam::123837392027:user/bert-jan,custom-sqlserver-web,DescribeOrderableDBInstanceOptions,0
invictus_enriched.csv:2680,arn:aws:iam::123837392027:user/bert-jan,aws_service,DescribeSubnets,0
invictus_enriched.csv:2681,arn:aws:iam::123837392027:user/bert-jan,stratus-red-team-nmfalu-gfjyeaypjt,DeleteLoginProfile,0
invictus_enriched.csv:2682,arn:aws:iam::123837392027:user/bert-jan,stratus-red-team-backdoor-r-role,ListInstanceProfilesForRole,0
invictus_enriched.csv:2683,arn:aws:iam::123837392027:user/bert-jan,Assigned,ListVirtualMFADevices,0
invictus_enriched.csv:2684,arn:aws:iam::123837392027:user/bert-jan,stratus-red-team-nmfalu-gfjyeaypjt,ListMFADevices,0
invictus_enriched.csv:2685,arn:aws:iam::123837392027:user/bert-jan,stratus-red-team-bdbp-lhfzvgcamn,GetBucketLogging,0
invictus_enriched.csv:2686,arn:aws:iam::123837392027:user/bert-jan,Assigned,ListVirtualMFADevices,0
invictus_enriched.csv:2687,arn:aws:iam::123837392027:user/bert-jan,aws_service,DescribeRouteTables,0
invictus_enriched.csv:2688,arn:aws:iam::123837392027:user/bert-jan,aws_service,DescribeSecurityGroups,0
invictus_enriched.csv:2689,arn:aws:iam::123837392027:user/bert-jan,aws_service,DescribeRouteTables,0
invictus_enriched.csv:2690,arn:aws:iam::123837392027:user/bert-jan,stratus-red-team-olc-bucket-xhfgzaowxc,GetBucketLogging,0
invictus_enriched.csv:2691,arn:aws:iam::123837392027:user/bert-jan,stratus-red-team-backdoor-r-role,DetachRolePolicy,0
invictus_enriched.csv:2692,arn:aws:iam::123837392027:user/bert-jan,aws_service,DescribeRouteTables,0
invictus_enriched.csv:2693,arn:aws:iam::123837392027:user/bert-jan,aws_service,DescribeNetworkAcls,0
invictus_enriched.csv:2694,arn:aws:iam::123837392027:user/bert-jan,stratus-red-team-olc-bucket-xhfgzaowxc,GetBucketLifecycle,0
invictus_enriched.csv:2695,arn:aws:iam::123837392027:user/bert-jan,aws_service,DescribeSecurityGroups,0
invictus_enriched.csv:2696,arn:aws:iam::123837392027:user/bert-jan,custom-sqlserver-se,DescribeOrderableDBInstanceOptions,0
invictus_enriched.csv:2697,arn:aws:iam::123837392027:user/bert-jan,neptune,DescribeOrderableDBInstanceOptions,0
invictus_enriched.csv:2698,arn:aws:iam::123837392027:user/bert-jan,aws_service,DescribeInternetGateways,0
invictus_enriched.csv:2699,arn:aws:iam::123837392027:user/bert-jan,vpc-098ff30ff74b36f73,DescribeVpcAttribute,0
invictus_enriched.csv:2700,arn:aws:iam::123837392027:user/bert-jan,aws_service,DescribeRouteTables,0
invictus_enriched.csv:2701,arn:aws:iam::123837392027:user/bert-jan,aws_service,DescribeSubnets,0
invictus_enriched.csv:2702,arn:aws:iam::123837392027:user/bert-jan,stratus-red-team-bdbp-lhfzvgcamn,GetBucketLifecycle,0
invictus_enriched.csv:2703,arn:aws:iam::123837392027:user/bert-jan,stratus-red-team-olc-bucket-xhfgzaowxc,GetBucketAcl,0
invictus_enriched.csv:2704,arn:aws:iam::123837392027:user/bert-jan,stratus-red-team-bdbp-lhfzvgcamn,GetBucketReplication,0
invictus_enriched.csv:2705,arn:aws:iam::123837392027:user/bert-jan,aws_service,DescribeInternetGateways,0
invictus_enriched.csv:2706,arn:aws:iam::123837392027:user/bert-jan,stratus-red-team-olc-bucket-xhfgzaowxc,GetBucketCors,0
invictus_enriched.csv:2707,arn:aws:iam::123837392027:user/bert-jan,stratus-red-team-backdoor-f-bucket-ufamgrrnmw,GetBucketLifecycle,0
invictus_enriched.csv:2708,arn:aws:iam::123837392027:user/bert-jan,stratus-red-team-nmfalu-gfjyeaypjt,DeleteUser,0
invictus_enriched.csv:2709,arn:aws:iam::123837392027:user/bert-jan,stratus-red-team-olc-lambda-xhfgzaowxc,ListAttachedRolePolicies,0
invictus_enriched.csv:2710,arn:aws:iam::123837392027:user/bert-jan,stratus-red-team-olc-bucket-xhfgzaowxc,GetBucketVersioning,0
invictus_enriched.csv:2711,arn:aws:iam::123837392027:user/bert-jan,aws_service,DescribeVolumes,0
invictus_enriched.csv:2712,arn:aws:iam::123837392027:user/bert-jan,stratus-red-team-olc-bucket-xhfgzaowxc,GetAccelerateConfiguration,0
invictus_enriched.csv:2713,arn:aws:iam::123837392027:user/bert-jan,stratus-red-team-olc-bucket-xhfgzaowxc,GetBucketEncryption,0
invictus_enriched.csv:2714,arn:aws:iam::123837392027:user/bert-jan,aws_service,DescribeSubnets,0
invictus_enriched.csv:2715,arn:aws:iam::123837392027:user/bert-jan,stratus-red-team-olc-bucket-xhfgzaowxc,GetBucketWebsite,0
invictus_enriched.csv:2716,arn:aws:iam::123837392027:user/bert-jan,aws_service,DescribeRouteTables,0
invictus_enriched.csv:2717,arn:aws:iam::123837392027:user/bert-jan,stratus-red-team-olc-bucket-xhfgzaowxc,GetBucketReplication,0
invictus_enriched.csv:2718,arn:aws:iam::123837392027:user/bert-jan,aws_service,DescribeSubnets,0
invictus_enriched.csv:2719,arn:aws:iam::123837392027:user/bert-jan,stratus-red-team-olc-bucket-xhfgzaowxc,GetBucketRequestPayment,0
invictus_enriched.csv:2720,arn:aws:iam::123837392027:user/bert-jan,aws_service,GetUser,0
invictus_enriched.csv:2721,arn:aws:iam::123837392027:user/bert-jan,stratus-red-team-backdoor-f-bucket-ufamgrrnmw,GetBucketLogging,0
invictus_enriched.csv:2722,arn:aws:iam::123837392027:user/bert-jan,stratus-red-team-bdbp-lhfzvgcamn,GetBucketObjectLockConfiguration,0
invictus_enriched.csv:2723,arn:aws:iam::123837392027:user/bert-jan,aws_service,GetUser,0
invictus_enriched.csv:2724,arn:aws:iam::123837392027:user/bert-jan,stratus-red-team-backdoor-u-user,DeleteUser,0
invictus_enriched.csv:2725,arn:aws:iam::123837392027:user/bert-jan,stratus-red-team-olc-func-xhfgzaowxc,ListVersionsByFunction20150331,0
invictus_enriched.csv:2726,arn:aws:iam::123837392027:user/bert-jan,igw-0085514f9c3e68f60,DeleteInternetGateway,0
invictus_enriched.csv:2727,arn:aws:iam::123837392027:user/bert-jan,stratus-red-team-backdoor-f-bucket-ufamgrrnmw,GetBucketObjectLockConfiguration,0
invictus_enriched.csv:2728,arn:aws:iam::123837392027:user/bert-jan,vpc-0e568b18707c87afa,DeleteVpc,0
invictus_enriched.csv:2729,arn:aws:iam::123837392027:user/bert-jan,stratus-red-team-trust-anchor-role,ListInstanceProfilesForRole,0
invictus_enriched.csv:2730,arn:aws:iam::123837392027:user/bert-jan,aws_service,DescribeNetworkInterfaces,0
invictus_enriched.csv:2731,arn:aws:iam::123837392027:user/bert-jan,stratus-red-team-login-profile-user,DeleteUser,0
invictus_enriched.csv:2732,arn:aws:iam::123837392027:user/bert-jan,stratus-red-team-backdoor-f-bucket-ufamgrrnmw,GetBucketEncryption,0
invictus_enriched.csv:2733,arn:aws:iam::123837392027:user/bert-jan,stratus-red-team-share-snap-vpc,DescribeDBSubnetGroups,0
invictus_enriched.csv:2734,arn:aws:iam::123837392027:user/bert-jan,aws_service,DescribeRouteTables,0
invictus_enriched.csv:2735,arn:aws:iam::123837392027:user/bert-jan,arn:aws:rds:us-east-1:123837392027:subgrp:stratus-red-team-share-snap-vpc,ListTagsForResource,0
invictus_enriched.csv:2736,arn:aws:iam::123837392027:user/bert-jan,stratus-red-team-backdoor-r-role,DeleteRole,0
invictus_enriched.csv:2737,arn:aws:iam::123837392027:user/bert-jan,stratus-red-team-backdoor-u-user,ListSigningCertificates,0
invictus_enriched.csv:2738,arn:aws:iam::123837392027:user/bert-jan,stratus-red-team-olc-bucket-xhfgzaowxc,GetBucketObjectLockConfiguration,0
invictus_enriched.csv:2739,arn:aws:iam::123837392027:user/bert-jan,stratus-red-team-login-profile-user,ListSigningCertificates,0
invictus_enriched.csv:2740,arn:aws:iam::123837392027:user/bert-jan,stratus-red-team-trust-anchor-role,DeleteRole,0
invictus_enriched.csv:2741,arn:aws:iam::123837392027:user/bert-jan,stratus-red-team-olc-bucket-xhfgzaowxc,GetBucketTagging,0
invictus_enriched.csv:2742,arn:aws:iam::123837392027:user/bert-jan,aws_service,DescribeRouteTables,0
invictus_enriched.csv:2743,arn:aws:iam::123837392027:user/bert-jan,stratus-red-team-backdoor-r-role,ListRolePolicies,0
invictus_enriched.csv:2744,arn:aws:iam::123837392027:user/bert-jan,stratus-red-team-backdoor-u-user,DeleteLoginProfile,0
invictus_enriched.csv:2745,arn:aws:iam::123837392027:user/bert-jan,stratus-red-team-bdbp-lhfzvgcamn,GetBucketEncryption,0
invictus_enriched.csv:2746,arn:aws:iam::123837392027:user/bert-jan,stratus-red-team-olc-func-xhfgzaowxc,GetFunction20150331v2,0
invictus_enriched.csv:2747,arn:aws:iam::123837392027:user/bert-jan,aws_service,GetUser,0
invictus_enriched.csv:2748,arn:aws:iam::123837392027:user/bert-jan,terraform-20230710121504061500000001,DescribeDBInstances,0
invictus_enriched.csv:2749,arn:aws:iam::123837392027:user/bert-jan,stratus-red-team-backdoor-f-bucket-ufamgrrnmw,GetBucketTagging,0
invictus_enriched.csv:2750,arn:aws:iam::123837392027:user/bert-jan,aws_service,DescribeRouteTables,0
invictus_enriched.csv:2751,arn:aws:iam::123837392027:user/bert-jan,aws_service,GetUser,0
invictus_enriched.csv:2752,arn:aws:iam::123837392027:user/bert-jan,stratus-red-team-bdbp-lhfzvgcamn,GetBucketTagging,0
invictus_enriched.csv:2753,arn:aws:iam::123837392027:user/bert-jan,stratus-red-team-olc-func-xhfgzaowxc,GetFunctionCodeSigningConfig,0
invictus_enriched.csv:2754,arn:aws:iam::123837392027:user/bert-jan,subnet-08752c8d74ae2c324,DeleteSubnet,0
invictus_enriched.csv:2755,arn:aws:iam::123837392027:user/bert-jan,arn:aws:rds:us-east-1:123837392027:db:terraform-20230710121504061500000001,ListTagsForResource,0
invictus_enriched.csv:2756,arn:aws:iam::123837392027:user/bert-jan,rtb-08cbc80e25a39c743,DeleteRouteTable,0
invictus_enriched.csv:2757,arn:aws:iam::123837392027:user/bert-jan,aws_service,DescribeInternetGateways,0
invictus_enriched.csv:2758,arn:aws:iam::123837392027:user/bert-jan,igw-0cb4064bb338cd209,DetachInternetGateway,0
invictus_enriched.csv:2759,arn:aws:iam::123837392027:user/bert-jan,aws_service,DescribeRouteTables,0
invictus_enriched.csv:2760,arn:aws:iam::123837392027:user/bert-jan,aws_service,GetUser,0
invictus_enriched.csv:2761,arn:aws:iam::123837392027:user/bert-jan,igw-0cb4064bb338cd209,DeleteInternetGateway,0
invictus_enriched.csv:2762,arn:aws:iam::123837392027:user/bert-jan,aws_service,DescribeRouteTables,0
invictus_enriched.csv:2763,arn:aws:iam::123837392027:user/bert-jan,vpc-04ae35a334cd7ef4f,DeleteVpc,0
invictus_enriched.csv:2764,arn:aws:iam::123837392027:user/bert-jan,stratus-red-team-backdoor-f-func,GetFunction20150331v2,0
invictus_enriched.csv:2765,arn:aws:iam::123837392027:user/bert-jan,aws_service,GetUser,0
invictus_enriched.csv:2766,arn:aws:iam::123837392027:user/bert-jan,stratus-red-team-bdbp-lhfzvgcamn,DeleteBucket,0
invictus_enriched.csv:2767,arn:aws:iam::123837392027:user/bert-jan,exfiltration,DescribeDBSnapshots,0
invictus_enriched.csv:2768,arn:aws:iam::123837392027:user/bert-jan,arn:aws:rds:us-east-1:123837392027:snapshot:exfiltration,ListTagsForResource,0
invictus_enriched.csv:2769,arn:aws:iam::123837392027:user/bert-jan,aws_service,GetUser,0
invictus_enriched.csv:2770,arn:aws:iam::123837392027:user/bert-jan,8.0.32,DescribeOrderableDBInstanceOptions,0
invictus_enriched.csv:2771,arn:aws:iam::123837392027:user/bert-jan,10.6.10,DescribeOrderableDBInstanceOptions,0
invictus_enriched.csv:2772,arn:aws:iam::123837392027:user/bert-jan,ZGIucjVkLjJ4bGFyZ2UKZ2VuZXJhbC1wdWJsaWMtbGljZW5zZQoxMC42LjEwClkKZ3Ay,DescribeOrderableDBInstanceOptions,0
invictus_enriched.csv:2773,arn:aws:iam::123837392027:user/bert-jan,ZGIubTZnLjR4bGFyZ2UKZ2VuZXJhbC1wdWJsaWMtbGljZW5zZQoxMC42LjEwClkKZ3Ay,DescribeOrderableDBInstanceOptions,0
invictus_enriched.csv:2774,arn:aws:iam::123837392027:user/bert-jan,stratus-red-team-backdoor-f-func,ListVersionsByFunction20150331,0
invictus_enriched.csv:2775,arn:aws:iam::123837392027:user/bert-jan,stratus-red-team-backdoor-f-func,GetFunctionCodeSigningConfig,0
invictus_enriched.csv:2776,arn:aws:iam::123837392027:user/bert-jan,stratus-red-team-olc-bucket-xhfgzaowxc,DeleteBucket,0
invictus_enriched.csv:2777,arn:aws:iam::123837392027:user/bert-jan,rtbassoc-009bfe8205f087dc9,DisassociateRouteTable,0
invictus_enriched.csv:2778,arn:aws:iam::123837392027:user/bert-jan,stratus-red-team-olc-func-xhfgzaowxc,DeleteFunction20150331,0
invictus_enriched.csv:2779,arn:aws:iam::123837392027:user/bert-jan,aws_service,DescribeVpcs,0
invictus_enriched.csv:2780,arn:aws:iam::123837392027:user/bert-jan,vpc-098ff30ff74b36f73,DeleteVpc,0
invictus_enriched.csv:2781,arn:aws:iam::123837392027:user/bert-jan,ZGIubTdnLmxhcmdlCmdlbmVyYWwtcHVibGljLWxpY2Vuc2UKMTAuNi4xMApZCmdwMg==,DescribeOrderableDBInstanceOptions,0
invictus_enriched.csv:2782,arn:aws:iam::123837392027:user/bert-jan,exfiltration,DeleteDBSnapshot,0
invictus_enriched.csv:2783,arn:aws:iam::123837392027:user/bert-jan,rtbassoc-035d111565cf1a1c0,DisassociateRouteTable,0
invictus_enriched.csv:2784,arn:aws:iam::123837392027:user/bert-jan,aurora-postgresql,DescribeOrderableDBInstanceOptions,0
invictus_enriched.csv:2785,arn:aws:iam::123837392027:user/bert-jan,stratus-red-team-olc-lambda-xhfgzaowxc,DeleteRole,0
invictus_enriched.csv:2786,arn:aws:iam::123837392027:user/bert-jan,stratus-red-team-olc-lambda-xhfgzaowxc,ListInstanceProfilesForRole,0
invictus_enriched.csv:2787,arn:aws:iam::123837392027:user/bert-jan,aws_service,DescribeDBInstances,0
invictus_enriched.csv:2788,arn:aws:iam::123837392027:user/bert-jan,aws_service,DescribeRouteTables,0
invictus_enriched.csv:2789,arn:aws:iam::123837392027:user/bert-jan,aws_service,DescribeRouteTables,0
invictus_enriched.csv:2790,arn:aws:iam::123837392027:user/bert-jan,ZGIucjZpLjMyeGxhcmdlCmdlbmVyYWwtcHVibGljLWxpY2Vuc2UKMTAuNi4xMApZCmdwMg==,DescribeOrderableDBInstanceOptions,0
invictus_enriched.csv:2791,arn:aws:iam::123837392027:user/bert-jan,ZGIucjZnLjh4bGFyZ2UKZ2VuZXJhbC1wdWJsaWMtbGljZW5zZQo4LjAuMzIKWQppbzE=,DescribeOrderableDBInstanceOptions,0
invictus_enriched.csv:2792,arn:aws:iam::123837392027:user/bert-jan,stratus-red-team-backdoor-f-func,DeleteFunction20150331,0
invictus_enriched.csv:2793,arn:aws:iam::123837392027:user/bert-jan,ZGIubTZnZC44eGxhcmdlCmdlbmVyYWwtcHVibGljLWxpY2Vuc2UKOC4wLjMyClkKZ3Az,DescribeOrderableDBInstanceOptions,0
invictus_enriched.csv:2794,arn:aws:iam::123837392027:user/bert-jan,ZGIucjQueGxhcmdlCmdlbmVyYWwtcHVibGljLWxpY2Vuc2UKOC4wLjMyClkKaW8x,DescribeOrderableDBInstanceOptions,0
invictus_enriched.csv:2795,arn:aws:iam::123837392027:user/bert-jan,ZGIudDIubWljcm8KZ2VuZXJhbC1wdWJsaWMtbGljZW5zZQo4LjAuMzIKWQpncDI=,DescribeOrderableDBInstanceOptions,0
invictus_enriched.csv:2796,arn:aws:iam::123837392027:user/bert-jan,ZGIueDJpZWRuLnhsYXJnZQpnZW5lcmFsLXB1YmxpYy1saWNlbnNlCjguMC4zMgpZCmdwMw==,DescribeOrderableDBInstanceOptions,0
invictus_enriched.csv:2797,arn:aws:iam::123837392027:user/bert-jan,aws_service,GetUser,0
invictus_enriched.csv:2798,arn:aws:iam::123837392027:user/bert-jan,terraform-20230710121504061500000001,DeleteDBInstance,0
invictus_enriched.csv:2799,arn:aws:iam::123837392027:user/bert-jan,aws_service,DescribeRouteTables,0
invictus_enriched.csv:2800,arn:aws:iam::123837392027:user/bert-jan,aws_service,DescribeRouteTables,0
invictus_enriched.csv:2801,arn:aws:iam::123837392027:user/bert-jan,terraform-20230710121504061500000001,DescribeDBInstances,0
invictus_enriched.csv:2802,arn:aws:iam::123837392027:user/bert-jan,terraform-20230710121504061500000001,DeleteDBInstance,0
invictus_enriched.csv:2803,arn:aws:iam::123837392027:user/bert-jan,ZGIudDRnLmxhcmdlCmdlbmVyYWwtcHVibGljLWxpY2Vuc2UKMTAuNi4xMApZCmdwMg==,DescribeOrderableDBInstanceOptions,0
invictus_enriched.csv:2804,arn:aws:iam::123837392027:user/bert-jan,stratus-red-team-backdoor-f-lambda,ListInstanceProfilesForRole,0
invictus_enriched.csv:2805,arn:aws:iam::123837392027:user/bert-jan,rtb-01982f631c227e48f,DeleteRouteTable,0
invictus_enriched.csv:2806,arn:aws:iam::123837392027:user/bert-jan,aws_service,DescribeRouteTables,0
invictus_enriched.csv:2807,arn:aws:iam::123837392027:user/bert-jan,stratus-red-team-backdoor-f-bucket-ufamgrrnmw,DeleteBucket,0
invictus_enriched.csv:2808,arn:aws:iam::123837392027:user/bert-jan,stratus-red-team-backdoor-f-lambda,ListRolePolicies,0
invictus_enriched.csv:2809,arn:aws:iam::123837392027:user/bert-jan,rtb-026f5220869c79072,DeleteRouteTable,0
invictus_enriched.csv:2810,arn:aws:iam::123837392027:user/bert-jan,aws_service,DescribeRouteTables,0
invictus_enriched.csv:2811,arn:aws:iam::123837392027:user/bert-jan,stratus-red-team-backdoor-f-lambda,DeleteRole,0
invictus_enriched.csv:2812,arn:aws:iam::123837392027:user/bert-jan,oracle-se2,DescribeOrderableDBInstanceOptions,0
invictus_enriched.csv:2813,arn:aws:iam::123837392027:user/bert-jan,ZGIucjViLjR4bGFyZ2UudHBjMi5tZW00eApicmluZy15b3VyLW93bi1saWNlbnNlCjE5LjAuMC4wLnJ1LTIwMjMtMDQucnVyLTIwMjMtMDQucjEKWQpncDI=,DescribeOrderableDBInstanceOptions,0
invictus_enriched.csv:2814,arn:aws:iam::123837392027:user/bert-jan,ZGIucjZpLjJ4bGFyZ2UKYnJpbmcteW91ci1vd24tbGljZW5zZQoxOS4wLjAuMC5ydS0yMDIzLTA0LnJ1ci0yMDIzLTA0LnIxClkKZ3Ay,DescribeOrderableDBInstanceOptions,0
invictus_enriched.csv:2815,arn:aws:iam::123837392027:user/bert-jan,ZGIueDJpZWRuLjMyeGxhcmdlCmJyaW5nLXlvdXItb3duLWxpY2Vuc2UKMTkuMC4wLjAucnUtMjAyMy0wNC5ydXItMjAyMy0wNC5yMQpZCmdwMg==,DescribeOrderableDBInstanceOptions,0
invictus_enriched.csv:2816,arn:aws:iam::123837392027:user/bert-jan,ZGIucjUuMTJ4bGFyZ2UKYnJpbmcteW91ci1vd24tbGljZW5zZQoxOS4wLjAuMC5ydS0yMDIzLTA0LnJ1ci0yMDIzLTA0LnIxClkKZ3Ay,DescribeOrderableDBInstanceOptions,0
invictus_enriched.csv:2817,arn:aws:iam::123837392027:user/bert-jan,19.0.0.0.ru-2023-04.rur-2023-04.r1,DescribeOrderableDBInstanceOptions,0
invictus_enriched.csv:2818,arn:aws:iam::123837392027:user/bert-jan,oracle-se2,DescribeOrderableDBInstanceOptions,0
invictus_enriched.csv:2819,arn:aws:iam::123837392027:user/bert-jan,19.0.0.0.ru-2023-04.rur-2023-04.r1,DescribeOrderableDBInstanceOptions,0
invictus_enriched.csv:2820,arn:aws:iam::123837392027:user/bert-jan,oracle-se2,DescribeOrderableDBInstanceOptions,0
invictus_enriched.csv:2821,arn:aws:iam::123837392027:user/bert-jan,ZGIucjUueGxhcmdlLnRwYzIubWVtMngKYnJpbmcteW91ci1vd24tbGljZW5zZQoxOS4wLjAuMC5ydS0yMDIzLTA0LnJ1ci0yMDIzLTA0LnIxClkKZ3Ay,DescribeOrderableDBInstanceOptions,0
invictus_enriched.csv:2822,arn:aws:iam::123837392027:user/bert-jan,ZGIucjUuNHhsYXJnZS50cGMyLm1lbTR4CmJyaW5nLXlvdXItb3duLWxpY2Vuc2UKMTkuMC4wLjAucnUtMjAyMy0wNC5ydXItMjAyMy0wNC5yMQpZCmdwMg==,DescribeOrderableDBInstanceOptions,0
invictus_enriched.csv:2823,arn:aws:iam::123837392027:user/bert-jan,sqlserver-ex,DescribeOrderableDBInstanceOptions,0
invictus_enriched.csv:2824,arn:aws:iam::123837392027:user/bert-jan,ZGIubTZpLjI0eGxhcmdlCnBvc3RncmVzcWwtbGljZW5zZQoxNC43ClkKaW8x,DescribeOrderableDBInstanceOptions,0
invictus_enriched.csv:2825,arn:aws:iam::123837392027:user/bert-jan,14.7,DescribeOrderableDBInstanceOptions,0
invictus_enriched.csv:2826,arn:aws:iam::123837392027:user/bert-jan,sqlserver-ee,DescribeOrderableDBInstanceOptions,0
invictus_enriched.csv:2827,arn:aws:iam::123837392027:user/bert-jan,ZGIucjZpLjh4bGFyZ2UKcG9zdGdyZXNxbC1saWNlbnNlCjE0LjcKWQpncDI=,DescribeOrderableDBInstanceOptions,0
invictus_enriched.csv:2828,arn:aws:iam::123837392027:user/bert-jan,ZGIueDJnLjR4bGFyZ2UKcG9zdGdyZXNxbC1saWNlbnNlCjE0LjcKWQpncDI=,DescribeOrderableDBInstanceOptions,0
invictus_enriched.csv:2829,arn:aws:iam::123837392027:user/bert-jan,ZGIucjViLjh4bGFyZ2UKcG9zdGdyZXNxbC1saWNlbnNlCjE0LjcKWQppbzE=,DescribeOrderableDBInstanceOptions,0
invictus_enriched.csv:2830,arn:aws:iam::123837392027:user/bert-jan,sqlserver-ee,DescribeOrderableDBInstanceOptions,0
invictus_enriched.csv:2831,arn:aws:iam::123837392027:user/bert-jan,sqlserver-ee,DescribeOrderableDBInstanceOptions,0
invictus_enriched.csv:2832,arn:aws:iam::123837392027:user/bert-jan,sqlserver-web,DescribeOrderableDBInstanceOptions,0
invictus_enriched.csv:2833,arn:aws:iam::123837392027:user/bert-jan,sqlserver-web,DescribeOrderableDBInstanceOptions,0
invictus_enriched.csv:2834,arn:aws:iam::123837392027:user/bert-jan,sqlserver-se,DescribeOrderableDBInstanceOptions,0
invictus_enriched.csv:2835,arn:aws:iam::123837392027:user/bert-jan,sqlserver-se,DescribeOrderableDBInstanceOptions,0
invictus_enriched.csv:2836,arn:aws:iam::123837392027:user/bert-jan,sqlserver-se,DescribeOrderableDBInstanceOptions,0
invictus_enriched.csv:2837,arn:aws:iam::123837392027:user/bert-jan,aws_service,DescribeDBInstances,0
invictus_enriched.csv:2838,arn:aws:iam::123837392027:user/bert-jan,aws_service,DescribeDBInstances,0
invictus_enriched.csv:2839,arn:aws:iam::123837392027:user/bert-jan,terraform-20230710121504061500000001,DescribeDBInstances,0
invictus_enriched.csv:2840,arn:aws:iam::123837392027:user/bert-jan,AGGREGATOR,ListIndexes,0
invictus_enriched.csv:2841,arn:aws:iam::123837392027:user/bert-jan,aws_service,DescribeTrails,0
invictus_enriched.csv:2842,arn:aws:iam::123837392027:user/bert-jan,s3-external-1.amazonaws.com,ListBuckets,0
invictus_enriched.csv:2843,arn:aws:iam::123837392027:user/bert-jan,aws_service,LookupEvents,0
invictus_enriched.csv:2844,arn:aws:iam::123837392027:user/bert-jan,insight,LookupEvents,0
invictus_enriched.csv:2845,arn:aws:iam::123837392027:user/bert-jan,cloudtrail.amazonaws.com,ListDelegatedAdministrators,0
invictus_enriched.csv:2846,arn:aws:iam::123837392027:user/bert-jan,aws_service,DescribeTrails,0
invictus_enriched.csv:2847,arn:aws:iam::123837392027:user/bert-jan,aws_service,DescribeOrganization,0
invictus_enriched.csv:2848,arn:aws:iam::123837392027:user/bert-jan,eventTypeCategory,DescribeEventAggregates,0
invictus_enriched.csv:2849,arn:aws:iam::123837392027:user/bert-jan,eventTypeCategory,DescribeEventAggregates,0
invictus_enriched.csv:2850,arn:aws:iam::123837392027:user/bert-jan,aws_service,ListNotificationHubs,0
invictus_enriched.csv:2851,arn:aws:iam::123837392027:user/bert-jan,aws_service,DescribeTrails,0
invictus_enriched.csv:2852,arn:aws:iam::123837392027:user/bert-jan,s3.amazonaws.com,ListBuckets,0
invictus_enriched.csv:2853,arn:aws:iam::123837392027:user/bert-jan,arn:aws:s3:us-east-1:123837392027:storage-lens/default-account-dashboard,GetStorageLensDashboardDataInternal,0
invictus_enriched.csv:2854,arn:aws:iam::123837392027:user/bert-jan,123837392027.s3-control.us-east-1.amazonaws.com,GetStorageLensConfiguration,0
invictus_enriched.csv:2855,arn:aws:iam::123837392027:user/bert-jan,arn:aws:s3:us-east-1:123837392027:storage-lens/default-account-dashboard,GetStorageLensDashboardDataInternal,0
invictus_enriched.csv:2856,arn:aws:iam::123837392027:user/bert-jan,123837392027.s3-control.us-east-1.amazonaws.com,GetStorageLensConfiguration,0
invictus_enriched.csv:2857,arn:aws:iam::123837392027:user/bert-jan,eventTypeCategory,DescribeEventAggregates,0
invictus_enriched.csv:2858,arn:aws:iam::123837392027:user/bert-jan,aws_service,ListNotificationHubs,0
invictus_enriched.csv:2859,arn:aws:iam::123837392027:user/bert-jan,eventTypeCategory,DescribeEventAggregates,0
invictus_enriched.csv:2860,arn:aws:iam::123837392027:user/bert-jan,invictus-aws-2022-10-27-quygr,ListAccessPoints,0
invictus_enriched.csv:2861,arn:aws:iam::123837392027:user/bert-jan,invictus-aws-2022-10-27-e0xdv,ListAccessPoints,0
invictus_enriched.csv:2862,arn:aws:iam::123837392027:user/bert-jan,baker221b-bucketssecuritylogsbef08b3e-13nrzhi7fcs7w,GetBucketPublicAccessBlock,0
invictus_enriched.csv:2863,arn:aws:iam::123837392027:user/bert-jan,invictus-aws-2022-10-27-8aukl,GetBucketPolicyStatus,0
invictus_enriched.csv:2864,arn:aws:iam::123837392027:user/bert-jan,invictus-aws-2022-10-27-8aukl,GetBucketPublicAccessBlock,0
invictus_enriched.csv:2865,arn:aws:iam::123837392027:user/bert-jan,invictus-aws-2022-10-27-8aukl,GetBucketAcl,0
invictus_enriched.csv:2866,arn:aws:iam::123837392027:user/bert-jan,config-bucket-123837392027,GetBucketAcl,0
invictus_enriched.csv:2867,arn:aws:iam::123837392027:user/bert-jan,baker221b-bucketsevidenceeeedc25d-1q9cl0tuy4gbm,GetBucketPublicAccessBlock,0
invictus_enriched.csv:2868,arn:aws:iam::123837392027:user/bert-jan,baker221b-bucketssecuritylogsbef08b3e-13nrzhi7fcs7w,GetBucketAcl,0
invictus_enriched.csv:2869,arn:aws:iam::123837392027:user/bert-jan,baker221b-bucketsevidenceeeedc25d-1q9cl0tuy4gbm,GetBucketAcl,0
invictus_enriched.csv:2870,arn:aws:iam::123837392027:user/bert-jan,cdktoolkit-stagingbucket-zbvx22khdave,ListAccessPoints,0
invictus_enriched.csv:2871,arn:aws:iam::123837392027:user/bert-jan,123837392027.s3-control.us-east-1.amazonaws.com,GetAccountPublicAccessBlock,0
invictus_enriched.csv:2872,arn:aws:iam::123837392027:user/bert-jan,invictus-aws-2022-09-28-pgd48,ListAccessPoints,0
invictus_enriched.csv:2873,arn:aws:iam::123837392027:user/bert-jan,config-bucket-123837392027,GetBucketPolicyStatus,0
invictus_enriched.csv:2874,arn:aws:iam::123837392027:user/bert-jan,baker221b-bucketsevidenceeeedc25d-1q9cl0tuy4gbm,GetBucketPolicyStatus,0
invictus_enriched.csv:2875,arn:aws:iam::123837392027:user/bert-jan,baker221b-bucketssecuritylogsbef08b3e-13nrzhi7fcs7w,GetBucketPolicyStatus,0
invictus_enriched.csv:2876,arn:aws:iam::123837392027:user/bert-jan,invictus-aws-2022-10-27-e0xdv,GetBucketAcl,0
invictus_enriched.csv:2877,arn:aws:iam::123837392027:user/bert-jan,baker221b-bucketssecuritylogsbef08b3e-13nrzhi7fcs7w,ListAccessPoints,0
invictus_enriched.csv:2878,arn:aws:iam::123837392027:user/bert-jan,invictus-aws-2022-10-27-quygr,GetBucketAcl,0
invictus_enriched.csv:2879,arn:aws:iam::123837392027:user/bert-jan,invictus-aws-2022-10-27-quygr,GetBucketPublicAccessBlock,0
invictus_enriched.csv:2880,arn:aws:iam::123837392027:user/bert-jan,invictus-aws-2022-10-27-quygr,GetBucketPolicyStatus,0
invictus_enriched.csv:2881,arn:aws:iam::123837392027:user/bert-jan,baker221b-bucketsevidenceeeedc25d-1q9cl0tuy4gbm,ListAccessPoints,0
invictus_enriched.csv:2882,arn:aws:iam::123837392027:user/bert-jan,config-bucket-123837392027,ListAccessPoints,0
invictus_enriched.csv:2883,arn:aws:iam::123837392027:user/bert-jan,invictus-aws-2022-10-27-8aukl,ListAccessPoints,0
invictus_enriched.csv:2884,arn:aws:iam::123837392027:user/bert-jan,cdktoolkit-stagingbucket-zbvx22khdave,GetBucketAcl,0
invictus_enriched.csv:2885,arn:aws:iam::123837392027:user/bert-jan,cdktoolkit-stagingbucket-zbvx22khdave,GetBucketPolicyStatus,0
invictus_enriched.csv:2886,arn:aws:iam::123837392027:user/bert-jan,cdktoolkit-stagingbucket-zbvx22khdave,GetBucketPublicAccessBlock,0
invictus_enriched.csv:2887,arn:aws:iam::123837392027:user/bert-jan,invictus-aws-2022-09-28-pgd48,GetBucketPublicAccessBlock,0
invictus_enriched.csv:2888,arn:aws:iam::123837392027:user/bert-jan,invictus-aws-2022-09-28-pgd48,GetBucketAcl,0
invictus_enriched.csv:2889,arn:aws:iam::123837392027:user/bert-jan,invictus-aws-2022-09-28-pgd48,GetBucketPolicyStatus,0
invictus_enriched.csv:2890,arn:aws:iam::123837392027:user/bert-jan,config-bucket-123837392027,GetBucketPublicAccessBlock,0
invictus_enriched.csv:2891,arn:aws:iam::123837392027:user/bert-jan,invictus-aws-2022-10-27-e0xdv,GetBucketPolicyStatus,0
invictus_enriched.csv:2892,arn:aws:iam::123837392027:user/bert-jan,invictus-aws-2022-10-27-e0xdv,GetBucketPublicAccessBlock,0
invictus_enriched.csv:2893,unknown_principal,arn:aws:iam::123837392027:role/aws-service-role/rds.amazonaws.com/AWSServiceRoleForRDS,AssumeRole,0
invictus_enriched.csv:2894,unknown_principal,arn:aws:iam::123837392027:role/aws-service-role/rds.amazonaws.com/AWSServiceRoleForRDS,AssumeRole,0
invictus_enriched.csv:2895,arn:aws:sts::123837392027:assumed-role/AWSServiceRoleForRDS/SLRManagement,eni-0938d805949b4e134,DeleteNetworkInterface,0
invictus_enriched.csv:2896,arn:aws:iam::123837392027:user/benjamin,eventTypeCategory,DescribeEventAggregates,0
invictus_enriched.csv:2897,arn:aws:iam::123837392027:user/benjamin,eventTypeCategory,DescribeEventAggregates,0
invictus_enriched.csv:2898,arn:aws:iam::123837392027:user/bert-jan,eventTypeCategory,DescribeEventAggregates,0
invictus_enriched.csv:2899,arn:aws:iam::123837392027:user/benjamin,eventTypeCategory,DescribeEventAggregates,0
