log_id,source_node,target_node,edge_type,label
0,arn:aws:iam::123837392027:user/benjamin,eu-north-1,GetRegionOptStatus,0
1,arn:aws:iam::123837392027:user/benjamin,baker221b-bucketsevidenceeeedc25d-1q9cl0tuy4gbm,GetBucketLogging,0
2,arn:aws:iam::123837392027:user/benjamin,baker221b-bucketsevidenceeeedc25d-1q9cl0tuy4gbm,GetBucketPolicy,0
3,arn:aws:iam::123837392027:user/benjamin,baker221b-bucketsevidenceeeedc25d-1q9cl0tuy4gbm,GetBucketAcl,0
4,arn:aws:iam::123837392027:user/benjamin,baker221b-bucketsevidenceeeedc25d-1q9cl0tuy4gbm,GetBucketLocation,0
5,arn:aws:iam::123837392027:user/benjamin,baker221b-bucketssecuritylogsbef08b3e-13nrzhi7fcs7w,GetBucketLogging,0
6,arn:aws:iam::123837392027:user/benjamin,baker221b-bucketssecuritylogsbef08b3e-13nrzhi7fcs7w,GetBucketPolicy,0
7,arn:aws:iam::123837392027:user/benjamin,baker221b-bucketssecuritylogsbef08b3e-13nrzhi7fcs7w,GetBucketAcl,0
8,arn:aws:iam::123837392027:user/benjamin,baker221b-bucketssecuritylogsbef08b3e-13nrzhi7fcs7w,GetBucketLocation,0
9,arn:aws:iam::123837392027:user/benjamin,cdktoolkit-stagingbucket-zbvx22khdave,GetBucketPolicy,0
10,arn:aws:iam::123837392027:user/benjamin,cdktoolkit-stagingbucket-zbvx22khdave,GetBucketLogging,0
11,arn:aws:iam::123837392027:user/benjamin,cdktoolkit-stagingbucket-zbvx22khdave,GetBucketLocation,0
12,arn:aws:iam::123837392027:user/benjamin,cdktoolkit-stagingbucket-zbvx22khdave,GetBucketAcl,0
13,arn:aws:iam::123837392027:user/benjamin,config-bucket-123837392027,GetBucketLogging,0
14,arn:aws:iam::123837392027:user/benjamin,config-bucket-123837392027,GetBucketAcl,0
15,arn:aws:iam::123837392027:user/benjamin,config-bucket-123837392027,GetBucketPolicy,0
16,arn:aws:iam::123837392027:user/benjamin,config-bucket-123837392027,GetBucketLocation,0
17,arn:aws:iam::123837392027:user/benjamin,s3.amazonaws.com,ListBuckets,0
18,arn:aws:iam::123837392027:user/benjamin,123837392027.s3-control.us-east-1.amazonaws.com,GetStorageLensConfiguration,0
19,arn:aws:iam::123837392027:user/benjamin,arn:aws:s3:us-east-1:123837392027:storage-lens/default-account-dashboard,GetStorageLensDashboardDataInternal,0
20,arn:aws:iam::123837392027:user/benjamin,arn:aws:s3:us-east-1:123837392027:storage-lens/default-account-dashboard,GetStorageLensDashboardDataInternal,0
21,arn:aws:iam::123837392027:user/benjamin,123837392027.s3-control.us-east-1.amazonaws.com,GetStorageLensConfiguration,0
22,arn:aws:iam::123837392027:user/benjamin,aws_service,ListNotificationHubs,0
23,arn:aws:iam::123837392027:user/benjamin,eventTypeCategory,DescribeEventAggregates,0
24,arn:aws:iam::123837392027:user/benjamin,eventTypeCategory,DescribeEventAggregates,0
25,arn:aws:iam::123837392027:user/benjamin,baker221b-bucketssecuritylogsbef08b3e-13nrzhi7fcs7w,GetBucketAcl,0
26,arn:aws:iam::123837392027:user/benjamin,baker221b-bucketssecuritylogsbef08b3e-13nrzhi7fcs7w,GetBucketPolicyStatus,0
27,arn:aws:iam::123837392027:user/benjamin,config-bucket-123837392027,ListAccessPoints,0
28,arn:aws:iam::123837392027:user/benjamin,invictus-aws-2022-10-27-quygr,ListAccessPoints,0
29,arn:aws:iam::123837392027:user/benjamin,cdktoolkit-stagingbucket-zbvx22khdave,GetBucketPolicyStatus,0
30,arn:aws:iam::123837392027:user/benjamin,cdktoolkit-stagingbucket-zbvx22khdave,GetBucketPublicAccessBlock,0
31,arn:aws:iam::123837392027:user/benjamin,cdktoolkit-stagingbucket-zbvx22khdave,GetBucketAcl,0
32,arn:aws:iam::123837392027:user/benjamin,invictus-aws-2022-10-27-e0xdv,GetBucketPublicAccessBlock,0
33,arn:aws:iam::123837392027:user/benjamin,baker221b-bucketsevidenceeeedc25d-1q9cl0tuy4gbm,ListAccessPoints,0
34,arn:aws:iam::123837392027:user/benjamin,invictus-aws-2022-10-27-8aukl,ListAccessPoints,0
35,arn:aws:iam::123837392027:user/benjamin,invictus-aws-2022-10-27-e0xdv,ListAccessPoints,0
36,arn:aws:iam::123837392027:user/benjamin,baker221b-bucketsevidenceeeedc25d-1q9cl0tuy4gbm,GetBucketAcl,0
37,arn:aws:iam::123837392027:user/benjamin,baker221b-bucketsevidenceeeedc25d-1q9cl0tuy4gbm,GetBucketPublicAccessBlock,0
38,arn:aws:iam::123837392027:user/benjamin,baker221b-bucketsevidenceeeedc25d-1q9cl0tuy4gbm,GetBucketPolicyStatus,0
39,arn:aws:iam::123837392027:user/benjamin,123837392027.s3-control.us-east-1.amazonaws.com,GetAccountPublicAccessBlock,0
40,arn:aws:iam::123837392027:user/benjamin,invictus-aws-2022-10-27-8aukl,GetBucketPolicyStatus,0
41,arn:aws:iam::123837392027:user/benjamin,invictus-aws-2022-10-27-8aukl,GetBucketAcl,0
42,arn:aws:iam::123837392027:user/benjamin,invictus-aws-2022-10-27-quygr,GetBucketPublicAccessBlock,0
43,arn:aws:iam::123837392027:user/benjamin,cdktoolkit-stagingbucket-zbvx22khdave,ListAccessPoints,0
44,arn:aws:iam::123837392027:user/benjamin,config-bucket-123837392027,GetBucketPublicAccessBlock,0
45,arn:aws:iam::123837392027:user/benjamin,invictus-aws-2022-10-27-e0xdv,GetBucketAcl,0
46,arn:aws:iam::123837392027:user/benjamin,baker221b-bucketssecuritylogsbef08b3e-13nrzhi7fcs7w,GetBucketPublicAccessBlock,0
47,arn:aws:iam::123837392027:user/benjamin,invictus-aws-2022-10-27-8aukl,GetBucketPublicAccessBlock,0
48,arn:aws:iam::123837392027:user/benjamin,config-bucket-123837392027,GetBucketPolicyStatus,0
49,arn:aws:iam::123837392027:user/benjamin,config-bucket-123837392027,GetBucketAcl,0
50,arn:aws:iam::123837392027:user/benjamin,invictus-aws-2022-10-27-quygr,GetBucketAcl,0
51,arn:aws:iam::123837392027:user/benjamin,invictus-aws-2022-09-28-pgd48,ListAccessPoints,0
52,arn:aws:iam::123837392027:user/benjamin,invictus-aws-2022-09-28-pgd48,GetBucketPublicAccessBlock,0
53,arn:aws:iam::123837392027:user/benjamin,invictus-aws-2022-09-28-pgd48,GetBucketPolicyStatus,0
54,arn:aws:iam::123837392027:user/benjamin,invictus-aws-2022-09-28-pgd48,GetBucketAcl,0
55,arn:aws:iam::123837392027:user/benjamin,invictus-aws-2022-10-27-e0xdv,GetBucketPolicyStatus,0
56,arn:aws:iam::123837392027:user/benjamin,invictus-aws-2022-10-27-quygr,GetBucketPolicyStatus,0
57,arn:aws:iam::123837392027:user/benjamin,baker221b-bucketssecuritylogsbef08b3e-13nrzhi7fcs7w,ListAccessPoints,0
58,arn:aws:iam::123837392027:user/benjamin,invictus-aws-2022-09-28-pgd48,GetBucketLogging,0
59,arn:aws:iam::123837392027:user/benjamin,invictus-aws-2022-09-28-pgd48,GetBucketPolicy,0
60,arn:aws:iam::123837392027:user/benjamin,invictus-aws-2022-09-28-pgd48,GetBucketLocation,0
61,arn:aws:iam::123837392027:user/benjamin,invictus-aws-2022-09-28-pgd48,GetBucketAcl,0
62,arn:aws:iam::123837392027:user/benjamin,invictus-aws-2022-10-27-8aukl,GetBucketLogging,0
63,arn:aws:iam::123837392027:user/benjamin,invictus-aws-2022-10-27-8aukl,GetBucketAcl,0
64,arn:aws:iam::123837392027:user/benjamin,invictus-aws-2022-10-27-8aukl,GetBucketPolicy,0
65,arn:aws:iam::123837392027:user/benjamin,invictus-aws-2022-10-27-8aukl,GetBucketLocation,0
66,arn:aws:iam::123837392027:user/benjamin,invictus-aws-2022-10-27-e0xdv,GetBucketPolicy,0
67,arn:aws:iam::123837392027:user/benjamin,invictus-aws-2022-10-27-e0xdv,GetBucketLogging,0
68,arn:aws:iam::123837392027:user/benjamin,invictus-aws-2022-10-27-e0xdv,GetBucketAcl,0
69,arn:aws:iam::123837392027:user/benjamin,invictus-aws-2022-10-27-e0xdv,GetBucketLocation,0
70,arn:aws:iam::123837392027:user/benjamin,invictus-aws-2022-10-27-quygr,GetBucketLogging,0
71,arn:aws:iam::123837392027:user/benjamin,invictus-aws-2022-10-27-quygr,GetBucketPolicy,0
72,arn:aws:iam::123837392027:user/benjamin,invictus-aws-2022-10-27-quygr,GetBucketAcl,0
73,arn:aws:iam::123837392027:user/benjamin,invictus-aws-2022-10-27-quygr,GetBucketLocation,0
74,arn:aws:iam::123837392027:user/benjamin,aws_service,ListHostedZones,0
75,arn:aws:iam::123837392027:user/benjamin,aws_service,GetAccountSummary,0
76,arn:aws:iam::123837392027:user/benjamin,aws_service,ListUsers,0
77,arn:aws:iam::123837392027:user/benjamin,aws_service,GetAccountAuthorizationDetails,0
78,arn:aws:iam::123837392027:user/benjamin,aws_service,ListSSHPublicKeys,0
79,arn:aws:iam::123837392027:user/benjamin,aws_service,ListMFADevices,0
80,arn:aws:iam::123837392027:user/benjamin,eventTypeCategory,DescribeEventAggregates,0
81,arn:aws:iam::123837392027:user/benjamin,eventTypeCategory,DescribeEventAggregates,0
82,arn:aws:iam::123837392027:user/benjamin,eventTypeCategory,DescribeEventAggregates,0
83,arn:aws:iam::123837392027:user/benjamin,eventTypeCategory,DescribeEventAggregates,0
84,arn:aws:iam::123837392027:user/bert-jan,aws_service,DescribeAccountAttributes,0
85,arn:aws:iam::123837392027:user/bert-jan,aws_service,GetCallerIdentity,0
86,arn:aws:iam::123837392027:user/bert-jan,aws_service,GetUser,0
87,arn:aws:iam::123837392027:user/bert-jan,stratus-red-team-ec2-get-password-data-role,CreateRole,1
88,arn:aws:iam::123837392027:user/bert-jan,aws_service,GetUser,0
89,arn:aws:iam::123837392027:user/bert-jan,stratus-red-team-ec2-get-password-data-role,PutRolePolicy,1
90,arn:aws:iam::123837392027:user/bert-jan,stratus-red-team-ec2-get-password-data-role,GetRole,0
91,arn:aws:iam::123837392027:user/bert-jan,stratus-red-team-ec2-get-password-data-role,ListAttachedRolePolicies,0
92,arn:aws:iam::123837392027:user/bert-jan,stratus-red-team-ec2-get-password-data-role,ListRolePolicies,0
93,arn:aws:iam::123837392027:user/bert-jan,stratus-red-team-ec2-get-password-data-role,GetRolePolicy,0
94,arn:aws:iam::123837392027:user/bert-jan,aws_service,AssumeRole,0
95,arn:aws:iam::123837392027:user/bert-jan,aws_service,AssumeRole,0
96,arn:aws:iam::123837392027:user/bert-jan,arn:aws:iam::123837392027:role/stratus-red-team-ec2-get-password-data-role,AssumeRole,0
97,arn:aws:iam::123837392027:user/bert-jan,aws_service,AssumeRole,0
98,arn:aws:sts::123837392027:assumed-role/stratus-red-team-ec2-get-password-data-role/aws-go-sdk-1688990082523310002,i-yo72hkw7elzv1ald,GetPasswordData,1
99,arn:aws:sts::123837392027:assumed-role/stratus-red-team-ec2-get-password-data-role/aws-go-sdk-1688990082523310002,i-i0cpawn0os061eh9,GetPasswordData,1
100,arn:aws:sts::123837392027:assumed-role/stratus-red-team-ec2-get-password-data-role/aws-go-sdk-1688990082523310002,i-cf6ffvclrtu9msqi,GetPasswordData,1
101,arn:aws:iam::123837392027:user/bert-jan,arn:aws:iam::123837392027:role/stratus-red-team-ec2-get-password-data-role,AssumeRole,0
102,arn:aws:sts::123837392027:assumed-role/stratus-red-team-ec2-get-password-data-role/aws-go-sdk-1688990082523310002,i-tfvyr9tlvlmkf9zj,GetPasswordData,1
103,arn:aws:sts::123837392027:assumed-role/stratus-red-team-ec2-get-password-data-role/aws-go-sdk-1688990082523310002,i-s57e8ko3wxa0uofh,GetPasswordData,1
104,arn:aws:sts::123837392027:assumed-role/stratus-red-team-ec2-get-password-data-role/aws-go-sdk-1688990082523310002,i-jm8nuzn9phc3d0sh,GetPasswordData,1
105,arn:aws:sts::123837392027:assumed-role/stratus-red-team-ec2-get-password-data-role/aws-go-sdk-1688990082523310002,i-ytpw6tvgd6btfgjo,GetPasswordData,1
106,arn:aws:sts::123837392027:assumed-role/stratus-red-team-ec2-get-password-data-role/aws-go-sdk-1688990082523310002,i-durz4ux740gjqvcm,GetPasswordData,1
107,arn:aws:sts::123837392027:assumed-role/stratus-red-team-ec2-get-password-data-role/aws-go-sdk-1688990082523310002,i-spvxfzvroh1nf8io,GetPasswordData,1
108,arn:aws:sts::123837392027:assumed-role/stratus-red-team-ec2-get-password-data-role/aws-go-sdk-1688990082523310002,i-c0gcna3ngc7agdrg,GetPasswordData,1
109,arn:aws:sts::123837392027:assumed-role/stratus-red-team-ec2-get-password-data-role/aws-go-sdk-1688990082523310002,i-mofepkigjpqejdm3,GetPasswordData,1
110,arn:aws:sts::123837392027:assumed-role/stratus-red-team-ec2-get-password-data-role/aws-go-sdk-1688990082523310002,i-lwnesitg7ty2bu65,GetPasswordData,1
111,arn:aws:sts::123837392027:assumed-role/stratus-red-team-ec2-get-password-data-role/aws-go-sdk-1688990082523310002,i-cki5fv977pyciy84,GetPasswordData,1
112,arn:aws:sts::123837392027:assumed-role/stratus-red-team-ec2-get-password-data-role/aws-go-sdk-1688990082523310002,i-0mi52t5mrw29rwat,GetPasswordData,1
113,arn:aws:sts::123837392027:assumed-role/stratus-red-team-ec2-get-password-data-role/aws-go-sdk-1688990082523310002,i-8py8wmkkftttj9l9,GetPasswordData,1
114,arn:aws:sts::123837392027:assumed-role/stratus-red-team-ec2-get-password-data-role/aws-go-sdk-1688990082523310002,i-h510jobx6pz17ui4,GetPasswordData,1
115,arn:aws:sts::123837392027:assumed-role/stratus-red-team-ec2-get-password-data-role/aws-go-sdk-1688990082523310002,i-cyumyy8iurswzksn,GetPasswordData,1
116,arn:aws:sts::123837392027:assumed-role/stratus-red-team-ec2-get-password-data-role/aws-go-sdk-1688990082523310002,i-6lud62vlx9ioybgs,GetPasswordData,1
117,arn:aws:sts::123837392027:assumed-role/stratus-red-team-ec2-get-password-data-role/aws-go-sdk-1688990082523310002,i-vn9csybgmpx91uuk,GetPasswordData,1
118,arn:aws:sts::123837392027:assumed-role/stratus-red-team-ec2-get-password-data-role/aws-go-sdk-1688990082523310002,i-su4p82rzjr5ppotj,GetPasswordData,1
119,arn:aws:sts::123837392027:assumed-role/stratus-red-team-ec2-get-password-data-role/aws-go-sdk-1688990082523310002,i-1qzhz52a8dbi6hnl,GetPasswordData,1
120,arn:aws:sts::123837392027:assumed-role/stratus-red-team-ec2-get-password-data-role/aws-go-sdk-1688990082523310002,i-zp53l4c48xqmrau3,GetPasswordData,1
121,arn:aws:sts::123837392027:assumed-role/stratus-red-team-ec2-get-password-data-role/aws-go-sdk-1688990082523310002,i-73odyengarc4to4y,GetPasswordData,1
122,arn:aws:sts::123837392027:assumed-role/stratus-red-team-ec2-get-password-data-role/aws-go-sdk-1688990082523310002,i-pif7tkkxs03bhl64,GetPasswordData,1
123,arn:aws:sts::123837392027:assumed-role/stratus-red-team-ec2-get-password-data-role/aws-go-sdk-1688990082523310002,i-6eb2h6dbe712mcvc,GetPasswordData,1
124,arn:aws:sts::123837392027:assumed-role/stratus-red-team-ec2-get-password-data-role/aws-go-sdk-1688990082523310002,i-1vd4ffbntfve83su,GetPasswordData,1
125,arn:aws:sts::123837392027:assumed-role/stratus-red-team-ec2-get-password-data-role/aws-go-sdk-1688990082523310002,i-u6e1xao5jqdvmyb2,GetPasswordData,1
126,arn:aws:sts::123837392027:assumed-role/stratus-red-team-ec2-get-password-data-role/aws-go-sdk-1688990082523310002,i-29j87l982uak5493,GetPasswordData,1
127,arn:aws:sts::123837392027:assumed-role/stratus-red-team-ec2-get-password-data-role/aws-go-sdk-1688990082523310002,i-l3hbwtbezd62leie,GetPasswordData,1
128,arn:aws:iam::123837392027:user/bert-jan,aws_service,DescribeAccountAttributes,0
129,arn:aws:iam::123837392027:user/bert-jan,aws_service,GetUser,0
130,arn:aws:iam::123837392027:user/bert-jan,aws_service,DescribeAvailabilityZones,0
131,arn:aws:iam::123837392027:user/bert-jan,aws_service,DescribeImages,0
132,arn:aws:iam::123837392027:user/bert-jan,aws_service,GetUser,0
133,arn:aws:iam::123837392027:user/bert-jan,stratus-red-team-ec2-steal-credentials-role,CreateRole,1
134,arn:aws:iam::123837392027:user/bert-jan,stratus-red-team-ec2-steal-credentials-role,PutRolePolicy,1
135,arn:aws:iam::123837392027:user/bert-jan,10.0.0.0/16,CreateVpc,0
136,arn:aws:iam::123837392027:user/bert-jan,aws_service,DescribeAddresses,0
137,arn:aws:iam::123837392027:user/bert-jan,stratus-red-team-ec2-steal-credentials-role,GetRole,0
138,arn:aws:iam::123837392027:user/bert-jan,vpc,AllocateAddress,0
139,arn:aws:iam::123837392027:user/bert-jan,aws_service,DescribeVpcs,0
140,arn:aws:iam::123837392027:user/bert-jan,aws_service,DescribeVpcClassicLink,0
141,arn:aws:iam::123837392027:user/bert-jan,aws_service,DescribeVpcs,0
142,arn:aws:iam::123837392027:user/bert-jan,stratus-red-team-ec2-steal-credentials-role,ListRolePolicies,0
143,arn:aws:iam::123837392027:user/bert-jan,vpc-06fe1a64761a0f720,DescribeVpcAttribute,0
144,arn:aws:iam::123837392027:user/bert-jan,vpc-06fe1a64761a0f720,DescribeVpcAttribute,0
145,arn:aws:iam::123837392027:user/bert-jan,stratus-red-team-ec2-steal-credentials-instance,CreateInstanceProfile,0
146,arn:aws:iam::123837392027:user/bert-jan,aws_service,DescribeVpcClassicLinkDnsSupport,0
147,arn:aws:iam::123837392027:user/bert-jan,stratus-red-team-ec2-steal-credentials-role,GetRolePolicy,0
148,arn:aws:iam::123837392027:user/bert-jan,stratus-red-team-ec2-steal-credentials-role,AttachRolePolicy,1
149,arn:aws:iam::123837392027:user/bert-jan,stratus-red-team-ec2-steal-credentials-role,ListAttachedRolePolicies,0
150,arn:aws:iam::123837392027:user/bert-jan,aws_service,DescribeNetworkAcls,0
151,arn:aws:iam::123837392027:user/bert-jan,stratus-red-team-ec2-steal-credentials-role,AddRoleToInstanceProfile,0
152,arn:aws:iam::123837392027:user/bert-jan,aws_service,DescribeRouteTables,0
153,arn:aws:iam::123837392027:user/bert-jan,stratus-red-team-ec2-steal-credentials-instance,GetInstanceProfile,0
154,arn:aws:iam::123837392027:user/bert-jan,stratus-red-team-ec2-steal-credentials-role,ListAttachedRolePolicies,0
155,arn:aws:iam::123837392027:user/bert-jan,aws_service,DescribeSecurityGroups,0
156,arn:aws:iam::123837392027:user/bert-jan,vpc-06fe1a64761a0f720,CreateRouteTable,0
157,arn:aws:iam::123837392027:user/bert-jan,stratus-red-team-ec2-steal-credentials-instance,TagInstanceProfile,0
158,arn:aws:iam::123837392027:user/bert-jan,aws_service,CreateInternetGateway,0
159,arn:aws:iam::123837392027:user/bert-jan,vpc-06fe1a64761a0f720,CreateRouteTable,0
160,arn:aws:iam::123837392027:user/bert-jan,vpc-06fe1a64761a0f720,CreateSubnet,0
161,arn:aws:iam::123837392027:user/bert-jan,aws_service,DescribeRouteTables,0
162,arn:aws:iam::123837392027:user/bert-jan,aws_service,DescribeRouteTables,0
163,arn:aws:iam::123837392027:user/bert-jan,vpc-06fe1a64761a0f720,CreateSubnet,0
164,arn:aws:iam::123837392027:user/bert-jan,aws_service,DescribeInternetGateways,0
165,arn:aws:iam::123837392027:user/bert-jan,aws_service,DescribeSubnets,0
166,arn:aws:iam::123837392027:user/bert-jan,aws_service,DescribeSubnets,0
167,arn:aws:iam::123837392027:user/bert-jan,aws_service,DescribeRouteTables,0
168,arn:aws:iam::123837392027:user/bert-jan,aws_service,DescribeRouteTables,0
169,arn:aws:iam::123837392027:user/bert-jan,aws_service,DescribeSubnets,0
170,arn:aws:iam::123837392027:user/bert-jan,aws_service,DescribeSubnets,0
171,arn:aws:iam::123837392027:user/bert-jan,igw-02a84e4222d62e16b,AttachInternetGateway,0
172,arn:aws:iam::123837392027:user/bert-jan,rtb-0c7c2f4aff3677054,AssociateRouteTable,0
173,arn:aws:iam::123837392027:user/bert-jan,aws_service,DescribeRouteTables,0
174,arn:aws:iam::123837392027:user/bert-jan,subnet-0ed352584ab4aa265,CreateNetworkInterface,0
175,arn:aws:iam::123837392027:user/bert-jan,rtb-0c7c2f4aff3677054,CreateRoute,0
176,arn:aws:iam::123837392027:user/bert-jan,aws_service,DescribeRouteTables,0
177,arn:aws:iam::123837392027:user/bert-jan,aws_service,DescribeInternetGateways,0
178,arn:aws:iam::123837392027:user/bert-jan,rtb-0d4916f528a90fa4e,AssociateRouteTable,0
179,arn:aws:iam::123837392027:user/bert-jan,aws_service,CreateNatGateway,0
180,arn:aws:iam::123837392027:user/bert-jan,aws_service,DescribeNatGateways,0
181,arn:aws:iam::123837392027:user/bert-jan,aws_service,DescribeNetworkInterfaces,0
182,arn:aws:iam::123837392027:user/bert-jan,aws_service,DescribeRouteTables,0
183,arn:aws:iam::123837392027:user/bert-jan,aws_service,DescribeNetworkInterfaces,0
184,arn:aws:iam::123837392027:user/bert-jan,aws_service,DescribeRouteTables,0
185,arn:aws:iam::123837392027:user/bert-jan,aws_service,DescribeRouteTables,0
186,arn:aws:iam::123837392027:user/bert-jan,aws_service,DescribeRouteTables,0
187,arn:aws:iam::123837392027:user/bert-jan,aws_service,DescribeNatGateways,0
188,arn:aws:iam::123837392027:user/bert-jan,t3.micro,RunInstances,0
189,arn:aws:iam::123837392027:user/bert-jan,aws_service,DescribeRouteTables,0
190,arn:aws:iam::123837392027:user/bert-jan,aws_service,DescribeNatGateways,0
191,arn:aws:iam::123837392027:user/bert-jan,aws_service,DescribeNatGateways,0
192,arn:aws:iam::123837392027:user/bert-jan,t3.micro,RunInstances,0
193,arn:aws:iam::123837392027:user/bert-jan,aws_service,DescribeNatGateways,0
194,arn:aws:iam::123837392027:user/bert-jan,t3.micro,RunInstances,0
195,,arn:aws:iam::123837392027:role/stratus-red-team-ec2-steal-credentials-role,AssumeRole,0
196,,arn:aws:iam::123837392027:role/stratus-red-team-ec2-steal-credentials-role,AssumeRole,0
197,arn:aws:iam::123837392027:user/bert-jan,aws_service,DescribeNatGateways,0
198,,aws_service,SharedSnapshotVolumeCreated,0
199,arn:aws:sts::123837392027:assumed-role/AWSServiceRoleForAmazonInspector2/MandoService2842426183934887787,aws_service,DescribeInstances,0
200,,arn:aws:iam::123837392027:role/aws-service-role/inspector2.amazonaws.com/AWSServiceRoleForAmazonInspector2,AssumeRole,0
201,,arn:aws:iam::123837392027:role/aws-service-role/inspector2.amazonaws.com/AWSServiceRoleForAmazonInspector2,AssumeRole,0
202,arn:aws:iam::123837392027:user/bert-jan,aws_service,DescribeNatGateways,0
203,arn:aws:iam::123837392027:user/bert-jan,aws_service,DescribeInstances,0
204,arn:aws:iam::123837392027:user/bert-jan,aws_service,DescribeTags,0
205,arn:aws:iam::123837392027:user/bert-jan,aws_service,DescribeInstances,0
206,arn:aws:iam::123837392027:user/bert-jan,i-0dbc91f429e48eeed,DescribeInstanceAttribute,0
207,arn:aws:iam::123837392027:user/bert-jan,aws_service,DescribeVpcs,0
208,arn:aws:iam::123837392027:user/bert-jan,i-0dbc91f429e48eeed,DescribeInstanceAttribute,0
209,arn:aws:iam::123837392027:user/bert-jan,aws_service,DescribeVolumes,0
210,arn:aws:iam::123837392027:user/bert-jan,aws_service,DescribeInstanceCreditSpecifications,0
211,arn:aws:iam::123837392027:user/bert-jan,i-0dbc91f429e48eeed,DescribeInstanceAttribute,0
212,arn:aws:iam::123837392027:user/bert-jan,aws_service,DescribeNatGateways,0
213,arn:aws:iam::123837392027:user/bert-jan,aws_service,DescribeNatGateways,0
214,arn:aws:iam::123837392027:user/bert-jan,aws_service,DescribeNatGateways,0
215,arn:aws:iam::123837392027:user/bert-jan,aws_service,DescribeNatGateways,0
216,arn:aws:iam::123837392027:user/bert-jan,aws_service,DescribeNatGateways,0
217,arn:aws:iam::123837392027:user/bert-jan,aws_service,DescribeNatGateways,0
218,arn:aws:iam::123837392027:user/bert-jan,aws_service,DescribeNatGateways,0
219,arn:aws:iam::123837392027:user/bert-jan,aws_service,DescribeNatGateways,0
220,arn:aws:iam::123837392027:user/bert-jan,aws_service,DescribeRouteTables,0
221,arn:aws:iam::123837392027:user/bert-jan,rtb-0d4916f528a90fa4e,CreateRoute,0
222,arn:aws:iam::123837392027:user/bert-jan,aws_service,DescribeRouteTables,0
223,arn:aws:iam::123837392027:user/bert-jan,aws_service,DescribeRouteTables,0
224,arn:aws:iam::123837392027:user/bert-jan,aws_service,DescribeInstanceInformation,0
225,arn:aws:iam::123837392027:user/bert-jan,aws_service,DescribeInstanceInformation,0
226,arn:aws:iam::123837392027:user/bert-jan,aws_service,DescribeInstanceInformation,0
227,arn:aws:iam::123837392027:user/bert-jan,aws_service,DescribeInstanceInformation,0
228,arn:aws:iam::123837392027:user/bert-jan,aws_service,DescribeInstanceInformation,0
229,arn:aws:iam::123837392027:user/bert-jan,aws_service,DescribeInstanceInformation,0
230,arn:aws:iam::123837392027:user/bert-jan,aws_service,DescribeInstanceInformation,0
231,arn:aws:iam::123837392027:user/bert-jan,aws_service,DescribeInstanceInformation,0
232,arn:aws:iam::123837392027:user/bert-jan,aws_service,DescribeInstanceInformation,0
233,arn:aws:iam::123837392027:user/bert-jan,aws_service,DescribeInstanceInformation,0
234,arn:aws:iam::123837392027:user/bert-jan,aws_service,DescribeInstanceInformation,0
235,arn:aws:iam::123837392027:user/bert-jan,aws_service,DescribeInstanceInformation,0
236,arn:aws:iam::123837392027:user/bert-jan,aws_service,DescribeInstanceInformation,0
237,arn:aws:iam::123837392027:user/bert-jan,aws_service,DescribeInstanceInformation,0
238,arn:aws:iam::123837392027:user/bert-jan,aws_service,DescribeInstanceInformation,0
239,arn:aws:iam::123837392027:user/bert-jan,aws_service,DescribeInstanceInformation,0
240,arn:aws:iam::123837392027:user/bert-jan,aws_service,DescribeInstanceInformation,0
241,arn:aws:iam::123837392027:user/bert-jan,aws_service,DescribeInstanceInformation,0
242,arn:aws:iam::123837392027:user/bert-jan,aws_service,DescribeInstanceInformation,0
243,arn:aws:iam::123837392027:user/bert-jan,aws_service,DescribeInstanceInformation,0
244,arn:aws:iam::123837392027:user/bert-jan,aws_service,DescribeInstanceInformation,0
245,arn:aws:iam::123837392027:user/bert-jan,aws_service,DescribeInstanceInformation,0
246,arn:aws:iam::123837392027:user/bert-jan,aws_service,DescribeInstanceInformation,0
247,arn:aws:iam::123837392027:user/bert-jan,aws_service,DescribeInstanceInformation,0
248,arn:aws:iam::123837392027:user/bert-jan,aws_service,DescribeInstanceInformation,0
249,arn:aws:iam::123837392027:user/bert-jan,aws_service,DescribeInstanceInformation,0
250,arn:aws:iam::123837392027:user/bert-jan,AWS-RunShellScript,SendCommand,0
251,arn:aws:iam::123837392027:user/bert-jan,i-0dbc91f429e48eeed,GetCommandInvocation,0
252,arn:aws:iam::123837392027:user/bert-jan,aws_service,DescribeInstanceInformation,0
253,arn:aws:sts::123837392027:assumed-role/stratus-red-team-ec2-steal-credentials-role/i-0dbc91f429e48eeed,i-0dbc91f429e48eeed,UpdateInstanceInformation,0
254,arn:aws:sts::123837392027:assumed-role/stratus-red-team-ec2-steal-credentials-role/i-0dbc91f429e48eeed,i-0dbc91f429e48eeed,UpdateInstanceInformation,0
255,arn:aws:iam::123837392027:user/bert-jan,i-0dbc91f429e48eeed,GetCommandInvocation,0
256,arn:aws:sts::123837392027:assumed-role/stratus-red-team-ec2-steal-credentials-role/i-0dbc91f429e48eeed,aws_service,DescribeInstances,0
257,arn:aws:sts::123837392027:assumed-role/stratus-red-team-ec2-steal-credentials-role/i-0dbc91f429e48eeed,aws_service,GetCallerIdentity,0
258,arn:aws:iam::123837392027:user/benjamin,eventTypeCategory,DescribeEventAggregates,0
259,arn:aws:iam::123837392027:user/benjamin,eventTypeCategory,DescribeEventAggregates,0
260,arn:aws:iam::123837392027:user/bert-jan,aws_service,DescribeAccountAttributes,0
261,arn:aws:sts::123837392027:assumed-role/stratus-red-team-ec2-steal-credentials-role/i-0dbc91f429e48eeed,i-0dbc91f429e48eeed,ListInstanceAssociations,0
262,arn:aws:sts::123837392027:assumed-role/stratus-red-team-ec2-steal-credentials-role/i-0dbc91f429e48eeed,AWS-GatherSoftwareInventory,GetDocument,0
263,arn:aws:sts::123837392027:assumed-role/stratus-red-team-ec2-steal-credentials-role/i-0dbc91f429e48eeed,i-0dbc91f429e48eeed,UpdateInstanceAssociationStatus,0
264,arn:aws:sts::123837392027:assumed-role/stratus-red-team-ec2-steal-credentials-role/i-0dbc91f429e48eeed,i-0dbc91f429e48eeed,UpdateInstanceAssociationStatus,0
265,arn:aws:iam::123837392027:user/bert-jan,aws_service,GetUser,0
266,arn:aws:iam::123837392027:user/bert-jan,stratus-red-team-retrieve-secret-4,CreateSecret,0
267,arn:aws:iam::123837392027:user/bert-jan,stratus-red-team-retrieve-secret-14,CreateSecret,0
268,arn:aws:iam::123837392027:user/bert-jan,arn:aws:secretsmanager:us-east-1:123837392027:secret:stratus-red-team-retrieve-secret-4-xehWok,DescribeSecret,0
269,arn:aws:iam::123837392027:user/bert-jan,arn:aws:secretsmanager:us-east-1:123837392027:secret:stratus-red-team-retrieve-secret-11-mekIRl,DescribeSecret,0
270,arn:aws:iam::123837392027:user/bert-jan,stratus-red-team-retrieve-secret-8,CreateSecret,0
271,arn:aws:iam::123837392027:user/bert-jan,stratus-red-team-retrieve-secret-2,CreateSecret,0
272,arn:aws:iam::123837392027:user/bert-jan,stratus-red-team-retrieve-secret-0,CreateSecret,0
273,arn:aws:iam::123837392027:user/bert-jan,arn:aws:secretsmanager:us-east-1:123837392027:secret:stratus-red-team-retrieve-secret-16-ZgthLn,DescribeSecret,0
274,arn:aws:iam::123837392027:user/bert-jan,stratus-red-team-retrieve-secret-10,CreateSecret,0
275,arn:aws:iam::123837392027:user/bert-jan,arn:aws:secretsmanager:us-east-1:123837392027:secret:stratus-red-team-retrieve-secret-17-QaRzei,DescribeSecret,0
276,arn:aws:iam::123837392027:user/bert-jan,arn:aws:secretsmanager:us-east-1:123837392027:secret:stratus-red-team-retrieve-secret-18-L0CnJd,DescribeSecret,0
277,arn:aws:iam::123837392027:user/bert-jan,arn:aws:secretsmanager:us-east-1:123837392027:secret:stratus-red-team-retrieve-secret-8-2aONLk,DescribeSecret,0
278,arn:aws:iam::123837392027:user/bert-jan,arn:aws:secretsmanager:us-east-1:123837392027:secret:stratus-red-team-retrieve-secret-14-ZgthLn,DescribeSecret,0
279,arn:aws:iam::123837392027:user/bert-jan,stratus-red-team-retrieve-secret-11,CreateSecret,0
280,arn:aws:iam::123837392027:user/bert-jan,arn:aws:secretsmanager:us-east-1:123837392027:secret:stratus-red-team-retrieve-secret-2-agquim,DescribeSecret,0
281,arn:aws:iam::123837392027:user/bert-jan,stratus-red-team-retrieve-secret-16,CreateSecret,0
282,arn:aws:iam::123837392027:user/bert-jan,arn:aws:secretsmanager:us-east-1:123837392027:secret:stratus-red-team-retrieve-secret-10-agquim,DescribeSecret,0
283,arn:aws:iam::123837392027:user/bert-jan,aws_service,GetUser,0
284,arn:aws:iam::123837392027:user/bert-jan,stratus-red-team-retrieve-secret-18,CreateSecret,0
285,arn:aws:iam::123837392027:user/bert-jan,arn:aws:secretsmanager:us-east-1:123837392027:secret:stratus-red-team-retrieve-secret-0-xehWok,DescribeSecret,0
286,arn:aws:iam::123837392027:user/bert-jan,stratus-red-team-retrieve-secret-17,CreateSecret,0
287,arn:aws:iam::123837392027:user/bert-jan,stratus-red-team-retrieve-secret-7,CreateSecret,0
288,arn:aws:iam::123837392027:user/bert-jan,stratus-red-team-retrieve-secret-1,CreateSecret,0
289,arn:aws:iam::123837392027:user/bert-jan,stratus-red-team-retrieve-secret-12,CreateSecret,0
290,arn:aws:iam::123837392027:user/bert-jan,arn:aws:secretsmanager:us-east-1:123837392027:secret:stratus-red-team-retrieve-secret-3-i1OGGG,DescribeSecret,0
291,arn:aws:iam::123837392027:user/bert-jan,stratus-red-team-retrieve-secret-13,CreateSecret,0
292,arn:aws:iam::123837392027:user/bert-jan,stratus-red-team-retrieve-secret-9,CreateSecret,0
293,arn:aws:iam::123837392027:user/bert-jan,arn:aws:secretsmanager:us-east-1:123837392027:secret:stratus-red-team-retrieve-secret-16-ZgthLn,GetResourcePolicy,0
294,arn:aws:iam::123837392027:user/bert-jan,arn:aws:secretsmanager:us-east-1:123837392027:secret:stratus-red-team-retrieve-secret-4-xehWok,GetResourcePolicy,0
295,arn:aws:iam::123837392027:user/bert-jan,arn:aws:secretsmanager:us-east-1:123837392027:secret:stratus-red-team-retrieve-secret-5-iugd0p,DescribeSecret,0
296,arn:aws:iam::123837392027:user/bert-jan,arn:aws:secretsmanager:us-east-1:123837392027:secret:stratus-red-team-retrieve-secret-8-2aONLk,GetResourcePolicy,0
297,arn:aws:iam::123837392027:user/bert-jan,arn:aws:secretsmanager:us-east-1:123837392027:secret:stratus-red-team-retrieve-secret-17-QaRzei,GetResourcePolicy,0
298,arn:aws:iam::123837392027:user/bert-jan,arn:aws:secretsmanager:us-east-1:123837392027:secret:stratus-red-team-retrieve-secret-10-agquim,GetResourcePolicy,0
299,arn:aws:iam::123837392027:user/bert-jan,arn:aws:secretsmanager:us-east-1:123837392027:secret:stratus-red-team-retrieve-secret-2-agquim,GetResourcePolicy,0
300,arn:aws:iam::123837392027:user/bert-jan,arn:aws:secretsmanager:us-east-1:123837392027:secret:stratus-red-team-retrieve-secret-18-L0CnJd,GetResourcePolicy,0
301,arn:aws:iam::123837392027:user/bert-jan,arn:aws:secretsmanager:us-east-1:123837392027:secret:stratus-red-team-retrieve-secret-14-ZgthLn,GetResourcePolicy,0
302,arn:aws:iam::123837392027:user/bert-jan,stratus-red-team-retrieve-secret-15,CreateSecret,0
303,arn:aws:iam::123837392027:user/bert-jan,arn:aws:secretsmanager:us-east-1:123837392027:secret:stratus-red-team-retrieve-secret-11-mekIRl,GetResourcePolicy,0
304,arn:aws:iam::123837392027:user/bert-jan,arn:aws:secretsmanager:us-east-1:123837392027:secret:stratus-red-team-retrieve-secret-19-0HEVow,DescribeSecret,0
305,arn:aws:iam::123837392027:user/bert-jan,stratus-red-team-retrieve-secret-5,CreateSecret,0
306,arn:aws:iam::123837392027:user/bert-jan,arn:aws:secretsmanager:us-east-1:123837392027:secret:stratus-red-team-retrieve-secret-12-mwz4gq,DescribeSecret,0
307,arn:aws:iam::123837392027:user/bert-jan,stratus-red-team-retrieve-secret-6,CreateSecret,0
308,arn:aws:iam::123837392027:user/bert-jan,arn:aws:secretsmanager:us-east-1:123837392027:secret:stratus-red-team-retrieve-secret-0-xehWok,GetResourcePolicy,0
309,arn:aws:iam::123837392027:user/bert-jan,stratus-red-team-retrieve-secret-19,CreateSecret,0
310,arn:aws:iam::123837392027:user/bert-jan,arn:aws:secretsmanager:us-east-1:123837392027:secret:stratus-red-team-retrieve-secret-6-fAVH0t,DescribeSecret,0
311,arn:aws:iam::123837392027:user/bert-jan,arn:aws:secretsmanager:us-east-1:123837392027:secret:stratus-red-team-retrieve-secret-1-ywtiPr,DescribeSecret,0
312,arn:aws:iam::123837392027:user/bert-jan,stratus-red-team-retrieve-secret-3,CreateSecret,0
313,arn:aws:iam::123837392027:user/bert-jan,arn:aws:secretsmanager:us-east-1:123837392027:secret:stratus-red-team-retrieve-secret-15-wL771x,DescribeSecret,0
314,arn:aws:iam::123837392027:user/bert-jan,alias/aws/secretsmanager,GenerateDataKey,0
315,arn:aws:iam::123837392027:user/bert-jan,arn:aws:secretsmanager:us-east-1:123837392027:secret:stratus-red-team-retrieve-secret-5-iugd0p,GetResourcePolicy,0
316,arn:aws:iam::123837392027:user/bert-jan,arn:aws:secretsmanager:us-east-1:123837392027:secret:stratus-red-team-retrieve-secret-9-7ChiHt,DescribeSecret,0
317,arn:aws:iam::123837392027:user/bert-jan,arn:aws:secretsmanager:us-east-1:123837392027:secret:stratus-red-team-retrieve-secret-7-nFvpuv,PutSecretValue,0
318,arn:aws:iam::123837392027:user/bert-jan,arn:aws:secretsmanager:us-east-1:123837392027:secret:stratus-red-team-retrieve-secret-15-wL771x,GetResourcePolicy,0
319,arn:aws:iam::123837392027:user/bert-jan,arn:aws:secretsmanager:us-east-1:123837392027:secret:stratus-red-team-retrieve-secret-9-7ChiHt,GetResourcePolicy,0
320,arn:aws:iam::123837392027:user/bert-jan,arn:aws:secretsmanager:us-east-1:123837392027:secret:stratus-red-team-retrieve-secret-6-fAVH0t,GetResourcePolicy,0
321,arn:aws:iam::123837392027:user/bert-jan,arn:aws:secretsmanager:us-east-1:123837392027:secret:stratus-red-team-retrieve-secret-3-i1OGGG,GetResourcePolicy,0
322,arn:aws:iam::123837392027:user/bert-jan,arn:aws:secretsmanager:us-east-1:123837392027:secret:stratus-red-team-retrieve-secret-13-nFvpuv,DescribeSecret,0
323,arn:aws:iam::123837392027:user/bert-jan,alias/aws/secretsmanager,GenerateDataKey,0
324,arn:aws:iam::123837392027:user/bert-jan,arn:aws:secretsmanager:us-east-1:123837392027:secret:stratus-red-team-retrieve-secret-14-ZgthLn,PutSecretValue,0
325,arn:aws:iam::123837392027:user/bert-jan,alias/aws/secretsmanager,GenerateDataKey,0
326,arn:aws:iam::123837392027:user/bert-jan,alias/aws/secretsmanager,GenerateDataKey,0
327,arn:aws:iam::123837392027:user/bert-jan,arn:aws:secretsmanager:us-east-1:123837392027:secret:stratus-red-team-retrieve-secret-7-nFvpuv,DescribeSecret,0
328,arn:aws:iam::123837392027:user/bert-jan,arn:aws:secretsmanager:us-east-1:123837392027:secret:stratus-red-team-retrieve-secret-1-ywtiPr,PutSecretValue,0
329,arn:aws:iam::123837392027:user/bert-jan,arn:aws:secretsmanager:us-east-1:123837392027:secret:stratus-red-team-retrieve-secret-13-nFvpuv,GetResourcePolicy,0
330,arn:aws:iam::123837392027:user/bert-jan,arn:aws:secretsmanager:us-east-1:123837392027:secret:stratus-red-team-retrieve-secret-7-nFvpuv,GetResourcePolicy,0
331,arn:aws:iam::123837392027:user/bert-jan,arn:aws:secretsmanager:us-east-1:123837392027:secret:stratus-red-team-retrieve-secret-1-ywtiPr,GetResourcePolicy,0
332,arn:aws:iam::123837392027:user/bert-jan,arn:aws:secretsmanager:us-east-1:123837392027:secret:stratus-red-team-retrieve-secret-18-L0CnJd,PutSecretValue,0
333,arn:aws:iam::123837392027:user/bert-jan,alias/aws/secretsmanager,GenerateDataKey,0
334,arn:aws:iam::123837392027:user/bert-jan,arn:aws:secretsmanager:us-east-1:123837392027:secret:stratus-red-team-retrieve-secret-12-mwz4gq,GetResourcePolicy,0
335,arn:aws:iam::123837392027:user/bert-jan,arn:aws:secretsmanager:us-east-1:123837392027:secret:stratus-red-team-retrieve-secret-8-2aONLk,PutSecretValue,0
336,arn:aws:iam::123837392027:user/bert-jan,arn:aws:secretsmanager:us-east-1:123837392027:secret:stratus-red-team-retrieve-secret-4-xehWok,PutSecretValue,0
337,arn:aws:iam::123837392027:user/bert-jan,alias/aws/secretsmanager,GenerateDataKey,0
338,arn:aws:iam::123837392027:user/bert-jan,alias/aws/secretsmanager,GenerateDataKey,0
339,arn:aws:iam::123837392027:user/bert-jan,arn:aws:secretsmanager:us-east-1:123837392027:secret:stratus-red-team-retrieve-secret-19-0HEVow,GetResourcePolicy,0
340,arn:aws:iam::123837392027:user/bert-jan,alias/aws/secretsmanager,GenerateDataKey,0
341,arn:aws:iam::123837392027:user/bert-jan,alias/aws/secretsmanager,GenerateDataKey,0
342,arn:aws:iam::123837392027:user/bert-jan,arn:aws:secretsmanager:us-east-1:123837392027:secret:stratus-red-team-retrieve-secret-16-ZgthLn,PutSecretValue,0
343,arn:aws:iam::123837392027:user/bert-jan,arn:aws:secretsmanager:us-east-1:123837392027:secret:stratus-red-team-retrieve-secret-15-wL771x,PutSecretValue,0
344,arn:aws:iam::123837392027:user/bert-jan,alias/aws/secretsmanager,GenerateDataKey,0
345,arn:aws:iam::123837392027:user/bert-jan,arn:aws:secretsmanager:us-east-1:123837392027:secret:stratus-red-team-retrieve-secret-0-xehWok,PutSecretValue,0
346,arn:aws:iam::123837392027:user/bert-jan,arn:aws:secretsmanager:us-east-1:123837392027:secret:stratus-red-team-retrieve-secret-6-fAVH0t,PutSecretValue,0
347,arn:aws:iam::123837392027:user/bert-jan,arn:aws:secretsmanager:us-east-1:123837392027:secret:stratus-red-team-retrieve-secret-8-2aONLk,GetSecretValue,1
348,arn:aws:iam::123837392027:user/bert-jan,arn:aws:secretsmanager:us-east-1:123837392027:secret:stratus-red-team-retrieve-secret-1-ywtiPr,GetSecretValue,1
349,arn:aws:iam::123837392027:user/bert-jan,arn:aws:secretsmanager:us-east-1:123837392027:secret:stratus-red-team-retrieve-secret-0-xehWok,GetSecretValue,1
350,arn:aws:iam::123837392027:user/bert-jan,arn:aws:secretsmanager:us-east-1:123837392027:secret:stratus-red-team-retrieve-secret-2-agquim,PutSecretValue,0
351,arn:aws:iam::123837392027:user/bert-jan,arn:aws:secretsmanager:us-east-1:123837392027:secret:stratus-red-team-retrieve-secret-16-ZgthLn,GetSecretValue,1
352,arn:aws:iam::123837392027:user/bert-jan,arn:aws:secretsmanager:us-east-1:123837392027:secret:stratus-red-team-retrieve-secret-7-nFvpuv,GetSecretValue,1
353,arn:aws:iam::123837392027:user/bert-jan,arn:aws:secretsmanager:us-east-1:123837392027:secret:stratus-red-team-retrieve-secret-15-wL771x,GetSecretValue,1
354,arn:aws:iam::123837392027:user/bert-jan,SYMMETRIC_DEFAULT,Decrypt,0
355,arn:aws:iam::123837392027:user/bert-jan,arn:aws:secretsmanager:us-east-1:123837392027:secret:stratus-red-team-retrieve-secret-11-mekIRl,PutSecretValue,0
356,arn:aws:iam::123837392027:user/bert-jan,arn:aws:secretsmanager:us-east-1:123837392027:secret:stratus-red-team-retrieve-secret-17-QaRzei,PutSecretValue,0
357,arn:aws:iam::123837392027:user/bert-jan,arn:aws:secretsmanager:us-east-1:123837392027:secret:stratus-red-team-retrieve-secret-14-ZgthLn,GetSecretValue,1
358,arn:aws:iam::123837392027:user/bert-jan,alias/aws/secretsmanager,GenerateDataKey,0
359,arn:aws:iam::123837392027:user/bert-jan,arn:aws:secretsmanager:us-east-1:123837392027:secret:stratus-red-team-retrieve-secret-11-mekIRl,GetSecretValue,1
360,arn:aws:iam::123837392027:user/bert-jan,SYMMETRIC_DEFAULT,Decrypt,0
361,arn:aws:iam::123837392027:user/bert-jan,arn:aws:secretsmanager:us-east-1:123837392027:secret:stratus-red-team-retrieve-secret-4-xehWok,GetSecretValue,1
362,arn:aws:iam::123837392027:user/bert-jan,alias/aws/secretsmanager,GenerateDataKey,0
363,arn:aws:iam::123837392027:user/bert-jan,SYMMETRIC_DEFAULT,Decrypt,0
364,arn:aws:iam::123837392027:user/bert-jan,arn:aws:secretsmanager:us-east-1:123837392027:secret:stratus-red-team-retrieve-secret-6-fAVH0t,GetSecretValue,1
365,arn:aws:iam::123837392027:user/bert-jan,arn:aws:secretsmanager:us-east-1:123837392027:secret:stratus-red-team-retrieve-secret-12-mwz4gq,PutSecretValue,0
366,arn:aws:iam::123837392027:user/bert-jan,arn:aws:secretsmanager:us-east-1:123837392027:secret:stratus-red-team-retrieve-secret-9-7ChiHt,PutSecretValue,0
367,arn:aws:iam::123837392027:user/bert-jan,SYMMETRIC_DEFAULT,Decrypt,0
368,arn:aws:iam::123837392027:user/bert-jan,arn:aws:secretsmanager:us-east-1:123837392027:secret:stratus-red-team-retrieve-secret-13-nFvpuv,GetSecretValue,1
369,arn:aws:iam::123837392027:user/bert-jan,SYMMETRIC_DEFAULT,Decrypt,0
370,arn:aws:iam::123837392027:user/bert-jan,SYMMETRIC_DEFAULT,Decrypt,0
371,arn:aws:iam::123837392027:user/bert-jan,alias/aws/secretsmanager,GenerateDataKey,0
372,arn:aws:iam::123837392027:user/bert-jan,arn:aws:secretsmanager:us-east-1:123837392027:secret:stratus-red-team-retrieve-secret-10-agquim,GetSecretValue,1
373,arn:aws:iam::123837392027:user/bert-jan,SYMMETRIC_DEFAULT,Decrypt,0
374,arn:aws:iam::123837392027:user/bert-jan,alias/aws/secretsmanager,GenerateDataKey,0
375,arn:aws:iam::123837392027:user/bert-jan,arn:aws:secretsmanager:us-east-1:123837392027:secret:stratus-red-team-retrieve-secret-3-i1OGGG,GetSecretValue,1
376,arn:aws:iam::123837392027:user/bert-jan,SYMMETRIC_DEFAULT,Decrypt,0
377,arn:aws:iam::123837392027:user/bert-jan,arn:aws:secretsmanager:us-east-1:123837392027:secret:stratus-red-team-retrieve-secret-18-L0CnJd,GetSecretValue,1
378,arn:aws:iam::123837392027:user/bert-jan,SYMMETRIC_DEFAULT,Decrypt,0
379,arn:aws:iam::123837392027:user/bert-jan,alias/aws/secretsmanager,GenerateDataKey,0
380,arn:aws:iam::123837392027:user/bert-jan,arn:aws:secretsmanager:us-east-1:123837392027:secret:stratus-red-team-retrieve-secret-19-0HEVow,PutSecretValue,0
381,arn:aws:iam::123837392027:user/bert-jan,arn:aws:secretsmanager:us-east-1:123837392027:secret:stratus-red-team-retrieve-secret-12-mwz4gq,GetSecretValue,1
382,arn:aws:iam::123837392027:user/bert-jan,SYMMETRIC_DEFAULT,Decrypt,0
383,arn:aws:iam::123837392027:user/bert-jan,SYMMETRIC_DEFAULT,Decrypt,0
384,arn:aws:iam::123837392027:user/bert-jan,SYMMETRIC_DEFAULT,Decrypt,0
385,arn:aws:iam::123837392027:user/bert-jan,SYMMETRIC_DEFAULT,Decrypt,0
386,arn:aws:iam::123837392027:user/bert-jan,SYMMETRIC_DEFAULT,Decrypt,0
387,arn:aws:iam::123837392027:user/bert-jan,alias/aws/secretsmanager,GenerateDataKey,0
388,arn:aws:iam::123837392027:user/bert-jan,SYMMETRIC_DEFAULT,Decrypt,0
389,arn:aws:iam::123837392027:user/bert-jan,alias/aws/secretsmanager,GenerateDataKey,0
390,arn:aws:iam::123837392027:user/bert-jan,arn:aws:secretsmanager:us-east-1:123837392027:secret:stratus-red-team-retrieve-secret-2-agquim,GetSecretValue,1
391,arn:aws:iam::123837392027:user/bert-jan,alias/aws/secretsmanager,GenerateDataKey,0
392,arn:aws:iam::123837392027:user/bert-jan,SYMMETRIC_DEFAULT,Decrypt,0
393,arn:aws:iam::123837392027:user/bert-jan,alias/aws/secretsmanager,GenerateDataKey,0
394,arn:aws:iam::123837392027:user/bert-jan,SYMMETRIC_DEFAULT,Decrypt,0
395,arn:aws:iam::123837392027:user/bert-jan,SYMMETRIC_DEFAULT,Decrypt,0
396,arn:aws:iam::123837392027:user/bert-jan,arn:aws:secretsmanager:us-east-1:123837392027:secret:stratus-red-team-retrieve-secret-9-7ChiHt,GetSecretValue,1
397,arn:aws:iam::123837392027:user/bert-jan,arn:aws:secretsmanager:us-east-1:123837392027:secret:stratus-red-team-retrieve-secret-13-nFvpuv,PutSecretValue,0
398,arn:aws:iam::123837392027:user/bert-jan,alias/aws/secretsmanager,GenerateDataKey,0
399,arn:aws:iam::123837392027:user/bert-jan,SYMMETRIC_DEFAULT,Decrypt,0
400,arn:aws:iam::123837392027:user/bert-jan,arn:aws:secretsmanager:us-east-1:123837392027:secret:stratus-red-team-retrieve-secret-17-QaRzei,GetSecretValue,1
401,arn:aws:iam::123837392027:user/bert-jan,arn:aws:secretsmanager:us-east-1:123837392027:secret:stratus-red-team-retrieve-secret-5-iugd0p,PutSecretValue,0
402,arn:aws:iam::123837392027:user/bert-jan,arn:aws:secretsmanager:us-east-1:123837392027:secret:stratus-red-team-retrieve-secret-10-agquim,PutSecretValue,0
403,arn:aws:iam::123837392027:user/bert-jan,SYMMETRIC_DEFAULT,Decrypt,0
404,arn:aws:iam::123837392027:user/bert-jan,arn:aws:secretsmanager:us-east-1:123837392027:secret:stratus-red-team-retrieve-secret-19-0HEVow,GetSecretValue,1
405,arn:aws:iam::123837392027:user/bert-jan,arn:aws:secretsmanager:us-east-1:123837392027:secret:stratus-red-team-retrieve-secret-5-iugd0p,GetSecretValue,1
406,arn:aws:iam::123837392027:user/bert-jan,arn:aws:secretsmanager:us-east-1:123837392027:secret:stratus-red-team-retrieve-secret-3-i1OGGG,PutSecretValue,0
407,arn:aws:iam::123837392027:user/bert-jan,aws_service,ListSecrets,0
408,arn:aws:iam::123837392027:user/bert-jan,arn:aws:secretsmanager:us-east-1:123837392027:secret:stratus-red-team-retrieve-secret-18-L0CnJd,GetSecretValue,1
409,arn:aws:iam::123837392027:user/bert-jan,SYMMETRIC_DEFAULT,Decrypt,0
410,arn:aws:iam::123837392027:user/bert-jan,SYMMETRIC_DEFAULT,Decrypt,0
411,arn:aws:iam::123837392027:user/bert-jan,arn:aws:secretsmanager:us-east-1:123837392027:secret:stratus-red-team-retrieve-secret-16-ZgthLn,GetSecretValue,1
412,arn:aws:iam::123837392027:user/bert-jan,arn:aws:secretsmanager:us-east-1:123837392027:secret:stratus-red-team-retrieve-secret-11-mekIRl,GetSecretValue,1
413,arn:aws:iam::123837392027:user/bert-jan,SYMMETRIC_DEFAULT,Decrypt,0
414,arn:aws:iam::123837392027:user/bert-jan,SYMMETRIC_DEFAULT,Decrypt,0
415,arn:aws:iam::123837392027:user/bert-jan,SYMMETRIC_DEFAULT,Decrypt,0
416,arn:aws:iam::123837392027:user/bert-jan,arn:aws:secretsmanager:us-east-1:123837392027:secret:stratus-red-team-retrieve-secret-0-xehWok,GetSecretValue,1
417,arn:aws:iam::123837392027:user/bert-jan,arn:aws:secretsmanager:us-east-1:123837392027:secret:stratus-red-team-retrieve-secret-4-xehWok,GetSecretValue,1
418,arn:aws:iam::123837392027:user/bert-jan,arn:aws:secretsmanager:us-east-1:123837392027:secret:stratus-red-team-retrieve-secret-14-ZgthLn,GetSecretValue,1
419,arn:aws:iam::123837392027:user/bert-jan,SYMMETRIC_DEFAULT,Decrypt,0
420,arn:aws:iam::123837392027:user/bert-jan,SYMMETRIC_DEFAULT,Decrypt,0
421,arn:aws:iam::123837392027:user/bert-jan,arn:aws:secretsmanager:us-east-1:123837392027:secret:stratus-red-team-retrieve-secret-8-2aONLk,GetSecretValue,1
422,arn:aws:iam::123837392027:user/bert-jan,arn:aws:secretsmanager:us-east-1:123837392027:secret:stratus-red-team-retrieve-secret-17-QaRzei,GetSecretValue,1
423,arn:aws:iam::123837392027:user/bert-jan,SYMMETRIC_DEFAULT,Decrypt,0
424,arn:aws:iam::123837392027:user/bert-jan,arn:aws:secretsmanager:us-east-1:123837392027:secret:stratus-red-team-retrieve-secret-2-agquim,GetSecretValue,1
425,arn:aws:iam::123837392027:user/bert-jan,arn:aws:secretsmanager:us-east-1:123837392027:secret:stratus-red-team-retrieve-secret-10-agquim,GetSecretValue,1
426,arn:aws:iam::123837392027:user/bert-jan,SYMMETRIC_DEFAULT,Decrypt,0
427,arn:aws:iam::123837392027:user/bert-jan,SYMMETRIC_DEFAULT,Decrypt,0
428,arn:aws:iam::123837392027:user/bert-jan,SYMMETRIC_DEFAULT,Decrypt,0
429,arn:aws:iam::123837392027:user/bert-jan,SYMMETRIC_DEFAULT,Decrypt,0
430,arn:aws:iam::123837392027:user/bert-jan,SYMMETRIC_DEFAULT,Decrypt,0
431,arn:aws:iam::123837392027:user/bert-jan,arn:aws:secretsmanager:us-east-1:123837392027:secret:stratus-red-team-retrieve-secret-19-0HEVow,GetSecretValue,1
432,arn:aws:iam::123837392027:user/bert-jan,arn:aws:secretsmanager:us-east-1:123837392027:secret:stratus-red-team-retrieve-secret-12-mwz4gq,GetSecretValue,1
433,arn:aws:iam::123837392027:user/bert-jan,arn:aws:secretsmanager:us-east-1:123837392027:secret:stratus-red-team-retrieve-secret-5-iugd0p,GetSecretValue,1
434,arn:aws:iam::123837392027:user/bert-jan,arn:aws:secretsmanager:us-east-1:123837392027:secret:stratus-red-team-retrieve-secret-13-nFvpuv,GetSecretValue,1
435,arn:aws:iam::123837392027:user/bert-jan,SYMMETRIC_DEFAULT,Decrypt,0
436,arn:aws:iam::123837392027:user/bert-jan,SYMMETRIC_DEFAULT,Decrypt,0
437,arn:aws:iam::123837392027:user/bert-jan,SYMMETRIC_DEFAULT,Decrypt,0
438,arn:aws:iam::123837392027:user/bert-jan,SYMMETRIC_DEFAULT,Decrypt,0
439,arn:aws:iam::123837392027:user/bert-jan,arn:aws:secretsmanager:us-east-1:123837392027:secret:stratus-red-team-retrieve-secret-1-ywtiPr,GetSecretValue,1
440,arn:aws:iam::123837392027:user/bert-jan,arn:aws:secretsmanager:us-east-1:123837392027:secret:stratus-red-team-retrieve-secret-3-i1OGGG,GetSecretValue,1
441,arn:aws:iam::123837392027:user/bert-jan,arn:aws:secretsmanager:us-east-1:123837392027:secret:stratus-red-team-retrieve-secret-15-wL771x,GetSecretValue,1
442,arn:aws:iam::123837392027:user/bert-jan,arn:aws:secretsmanager:us-east-1:123837392027:secret:stratus-red-team-retrieve-secret-6-fAVH0t,GetSecretValue,1
443,arn:aws:iam::123837392027:user/bert-jan,SYMMETRIC_DEFAULT,Decrypt,0
444,arn:aws:iam::123837392027:user/bert-jan,SYMMETRIC_DEFAULT,Decrypt,0
445,arn:aws:iam::123837392027:user/bert-jan,SYMMETRIC_DEFAULT,Decrypt,0
446,arn:aws:iam::123837392027:user/bert-jan,arn:aws:secretsmanager:us-east-1:123837392027:secret:stratus-red-team-retrieve-secret-9-7ChiHt,GetSecretValue,1
447,arn:aws:iam::123837392027:user/bert-jan,arn:aws:secretsmanager:us-east-1:123837392027:secret:stratus-red-team-retrieve-secret-7-nFvpuv,GetSecretValue,1
448,arn:aws:iam::123837392027:user/bert-jan,aws_service,DescribeAccountAttributes,0
449,arn:aws:iam::123837392027:user/bert-jan,aws_service,GetUser,0
450,arn:aws:iam::123837392027:user/bert-jan,aws_service,GetUser,0
451,arn:aws:iam::123837392027:user/bert-jan,aws_service,DescribeParameters,0
452,arn:aws:iam::123837392027:user/bert-jan,SYMMETRIC_DEFAULT,Decrypt,0
453,arn:aws:iam::123837392027:user/bert-jan,aws_service,DescribeParameters,0
454,arn:aws:iam::123837392027:user/bert-jan,alias/aws/ssm,Encrypt,0
455,arn:aws:iam::123837392027:user/bert-jan,/credentials/stratus-red-team/credentials-12,GetParameter,0
456,arn:aws:iam::123837392027:user/bert-jan,/credentials/stratus-red-team/credentials-6,PutParameter,0
457,arn:aws:iam::123837392027:user/bert-jan,/credentials/stratus-red-team/credentials-12,PutParameter,0
458,arn:aws:iam::123837392027:user/bert-jan,SYMMETRIC_DEFAULT,Decrypt,0
459,arn:aws:iam::123837392027:user/bert-jan,alias/aws/ssm,Encrypt,0
460,arn:aws:iam::123837392027:user/bert-jan,/credentials/stratus-red-team/credentials-5,GetParameter,0
461,arn:aws:iam::123837392027:user/bert-jan,alias/aws/ssm,Encrypt,0
462,arn:aws:iam::123837392027:user/bert-jan,SYMMETRIC_DEFAULT,Decrypt,0
463,arn:aws:iam::123837392027:user/bert-jan,aws_service,DescribeParameters,0
464,arn:aws:iam::123837392027:user/bert-jan,aws_service,DescribeParameters,0
465,arn:aws:iam::123837392027:user/bert-jan,/credentials/stratus-red-team/credentials-6,GetParameter,0
466,arn:aws:iam::123837392027:user/bert-jan,aws_service,DescribeParameters,0
467,arn:aws:iam::123837392027:user/bert-jan,/credentials/stratus-red-team/credentials-17,PutParameter,0
468,arn:aws:iam::123837392027:user/bert-jan,/credentials/stratus-red-team/credentials-22,PutParameter,0
469,arn:aws:iam::123837392027:user/bert-jan,/credentials/stratus-red-team/credentials-0,PutParameter,0
470,arn:aws:iam::123837392027:user/bert-jan,/credentials/stratus-red-team/credentials-2,PutParameter,0
471,arn:aws:iam::123837392027:user/bert-jan,/credentials/stratus-red-team/credentials-40,PutParameter,0
472,arn:aws:iam::123837392027:user/bert-jan,/credentials/stratus-red-team/credentials-34,PutParameter,0
473,arn:aws:iam::123837392027:user/bert-jan,SYMMETRIC_DEFAULT,Decrypt,0
474,arn:aws:iam::123837392027:user/bert-jan,SYMMETRIC_DEFAULT,Decrypt,0
475,arn:aws:iam::123837392027:user/bert-jan,/credentials/stratus-red-team/credentials-30,GetParameter,0
476,arn:aws:iam::123837392027:user/bert-jan,alias/aws/ssm,Encrypt,0
477,arn:aws:iam::123837392027:user/bert-jan,/credentials/stratus-red-team/credentials-17,GetParameter,0
478,arn:aws:iam::123837392027:user/bert-jan,/credentials/stratus-red-team/credentials-2,GetParameter,0
479,arn:aws:iam::123837392027:user/bert-jan,/credentials/stratus-red-team/credentials-34,GetParameter,0
480,arn:aws:iam::123837392027:user/bert-jan,SYMMETRIC_DEFAULT,Decrypt,0
481,arn:aws:iam::123837392027:user/bert-jan,alias/aws/ssm,Encrypt,0
482,arn:aws:iam::123837392027:user/bert-jan,SYMMETRIC_DEFAULT,Decrypt,0
483,arn:aws:iam::123837392027:user/bert-jan,/credentials/stratus-red-team/credentials-0,GetParameter,0
484,arn:aws:iam::123837392027:user/bert-jan,/credentials/stratus-red-team/credentials-5,PutParameter,0
485,arn:aws:iam::123837392027:user/bert-jan,/credentials/stratus-red-team/credentials-30,PutParameter,0
486,arn:aws:iam::123837392027:user/bert-jan,alias/aws/ssm,Encrypt,0
487,arn:aws:iam::123837392027:user/bert-jan,/credentials/stratus-red-team/credentials-22,GetParameter,0
488,arn:aws:iam::123837392027:user/bert-jan,alias/aws/ssm,Encrypt,0
489,arn:aws:iam::123837392027:user/bert-jan,/credentials/stratus-red-team/credentials-40,GetParameter,0
490,arn:aws:iam::123837392027:user/bert-jan,alias/aws/ssm,Encrypt,0
491,arn:aws:iam::123837392027:user/bert-jan,SYMMETRIC_DEFAULT,Decrypt,0
492,arn:aws:iam::123837392027:user/bert-jan,SYMMETRIC_DEFAULT,Decrypt,0
493,arn:aws:iam::123837392027:user/bert-jan,alias/aws/ssm,Encrypt,0
494,arn:aws:iam::123837392027:user/bert-jan,SYMMETRIC_DEFAULT,Decrypt,0
495,arn:aws:iam::123837392027:user/bert-jan,alias/aws/ssm,Encrypt,0
496,arn:aws:iam::123837392027:user/bert-jan,alias/aws/ssm,Encrypt,0
497,arn:aws:iam::123837392027:user/bert-jan,Parameter,ListTagsForResource,0
498,arn:aws:iam::123837392027:user/bert-jan,Parameter,ListTagsForResource,0
499,arn:aws:iam::123837392027:user/bert-jan,Parameter,ListTagsForResource,0
500,arn:aws:iam::123837392027:user/bert-jan,alias/aws/ssm,Encrypt,0
501,arn:aws:iam::123837392027:user/bert-jan,/credentials/stratus-red-team/credentials-10,PutParameter,0
502,arn:aws:iam::123837392027:user/bert-jan,Parameter,ListTagsForResource,0
503,arn:aws:iam::123837392027:user/bert-jan,aws_service,DescribeParameters,0
504,arn:aws:iam::123837392027:user/bert-jan,alias/aws/ssm,Encrypt,0
505,arn:aws:iam::123837392027:user/bert-jan,alias/aws/ssm,Encrypt,0
506,arn:aws:iam::123837392027:user/bert-jan,alias/aws/ssm,Encrypt,0
507,arn:aws:iam::123837392027:user/bert-jan,Parameter,ListTagsForResource,0
508,arn:aws:iam::123837392027:user/bert-jan,Parameter,ListTagsForResource,0
509,arn:aws:iam::123837392027:user/bert-jan,/credentials/stratus-red-team/credentials-8,PutParameter,0
510,arn:aws:iam::123837392027:user/bert-jan,aws_service,DescribeParameters,0
511,arn:aws:iam::123837392027:user/bert-jan,alias/aws/ssm,Encrypt,0
512,arn:aws:iam::123837392027:user/bert-jan,aws_service,DescribeParameters,0
513,arn:aws:iam::123837392027:user/bert-jan,/credentials/stratus-red-team/credentials-35,PutParameter,0
514,arn:aws:iam::123837392027:user/bert-jan,/credentials/stratus-red-team/credentials-31,PutParameter,0
515,arn:aws:iam::123837392027:user/bert-jan,/credentials/stratus-red-team/credentials-14,PutParameter,0
516,arn:aws:iam::123837392027:user/bert-jan,/credentials/stratus-red-team/credentials-41,PutParameter,0
517,arn:aws:iam::123837392027:user/bert-jan,aws_service,DescribeParameters,0
518,arn:aws:iam::123837392027:user/bert-jan,Parameter,ListTagsForResource,0
519,arn:aws:iam::123837392027:user/bert-jan,Parameter,ListTagsForResource,0
520,arn:aws:iam::123837392027:user/bert-jan,alias/aws/ssm,Encrypt,0
521,arn:aws:iam::123837392027:user/bert-jan,/credentials/stratus-red-team/credentials-23,PutParameter,0
522,arn:aws:iam::123837392027:user/bert-jan,alias/aws/ssm,Encrypt,0
523,arn:aws:iam::123837392027:user/bert-jan,/credentials/stratus-red-team/credentials-25,PutParameter,0
524,arn:aws:iam::123837392027:user/bert-jan,alias/aws/ssm,Encrypt,0
525,arn:aws:iam::123837392027:user/bert-jan,aws_service,DescribeParameters,0
526,arn:aws:iam::123837392027:user/bert-jan,/credentials/stratus-red-team/credentials-19,PutParameter,0
527,arn:aws:iam::123837392027:user/bert-jan,/credentials/stratus-red-team/credentials-7,PutParameter,0
528,arn:aws:iam::123837392027:user/bert-jan,Parameter,ListTagsForResource,0
529,arn:aws:iam::123837392027:user/bert-jan,Parameter,ListTagsForResource,0
530,arn:aws:iam::123837392027:user/bert-jan,alias/aws/ssm,Encrypt,0
531,arn:aws:iam::123837392027:user/bert-jan,/credentials/stratus-red-team/credentials-7,GetParameter,0
532,arn:aws:iam::123837392027:user/bert-jan,SYMMETRIC_DEFAULT,Decrypt,0
533,arn:aws:iam::123837392027:user/bert-jan,SYMMETRIC_DEFAULT,Decrypt,0
534,arn:aws:iam::123837392027:user/bert-jan,/credentials/stratus-red-team/credentials-10,GetParameter,0
535,arn:aws:iam::123837392027:user/bert-jan,SYMMETRIC_DEFAULT,Decrypt,0
536,arn:aws:iam::123837392027:user/bert-jan,/credentials/stratus-red-team/credentials-35,GetParameter,0
537,arn:aws:iam::123837392027:user/bert-jan,/credentials/stratus-red-team/credentials-19,GetParameter,0
538,arn:aws:iam::123837392027:user/bert-jan,aws_service,DescribeParameters,0
539,arn:aws:iam::123837392027:user/bert-jan,SYMMETRIC_DEFAULT,Decrypt,0
540,arn:aws:iam::123837392027:user/bert-jan,aws_service,DescribeParameters,0
541,arn:aws:iam::123837392027:user/bert-jan,/credentials/stratus-red-team/credentials-41,GetParameter,0
542,arn:aws:iam::123837392027:user/bert-jan,aws_service,DescribeParameters,0
543,arn:aws:iam::123837392027:user/bert-jan,/credentials/stratus-red-team/credentials-14,GetParameter,0
544,arn:aws:iam::123837392027:user/bert-jan,SYMMETRIC_DEFAULT,Decrypt,0
545,arn:aws:iam::123837392027:user/bert-jan,aws_service,DescribeParameters,0
546,arn:aws:iam::123837392027:user/bert-jan,aws_service,DescribeParameters,0
547,arn:aws:iam::123837392027:user/bert-jan,aws_service,DescribeParameters,0
548,arn:aws:iam::123837392027:user/bert-jan,/credentials/stratus-red-team/credentials-31,GetParameter,0
549,arn:aws:iam::123837392027:user/bert-jan,aws_service,DescribeParameters,0
550,arn:aws:iam::123837392027:user/bert-jan,SYMMETRIC_DEFAULT,Decrypt,0
551,arn:aws:iam::123837392027:user/bert-jan,/credentials/stratus-red-team/credentials-25,GetParameter,0
552,arn:aws:iam::123837392027:user/bert-jan,aws_service,DescribeParameters,0
553,arn:aws:iam::123837392027:user/bert-jan,/credentials/stratus-red-team/credentials-8,GetParameter,0
554,arn:aws:iam::123837392027:user/bert-jan,/credentials/stratus-red-team/credentials-23,GetParameter,0
555,arn:aws:iam::123837392027:user/bert-jan,SYMMETRIC_DEFAULT,Decrypt,0
556,arn:aws:iam::123837392027:user/bert-jan,aws_service,DescribeParameters,0
557,arn:aws:iam::123837392027:user/bert-jan,aws_service,DescribeParameters,0
558,arn:aws:iam::123837392027:user/bert-jan,SYMMETRIC_DEFAULT,Decrypt,0
559,arn:aws:iam::123837392027:user/bert-jan,SYMMETRIC_DEFAULT,Decrypt,0
560,arn:aws:iam::123837392027:user/bert-jan,SYMMETRIC_DEFAULT,Decrypt,0
561,arn:aws:iam::123837392027:user/bert-jan,Parameter,ListTagsForResource,0
562,arn:aws:iam::123837392027:user/bert-jan,aws_service,PutParameter,0
563,arn:aws:iam::123837392027:user/bert-jan,aws_service,PutParameter,0
564,arn:aws:iam::123837392027:user/bert-jan,Parameter,ListTagsForResource,0
565,arn:aws:iam::123837392027:user/bert-jan,Parameter,ListTagsForResource,0
566,arn:aws:iam::123837392027:user/bert-jan,Parameter,ListTagsForResource,0
567,arn:aws:iam::123837392027:user/bert-jan,Parameter,ListTagsForResource,0
568,arn:aws:iam::123837392027:user/bert-jan,aws_service,PutParameter,0
569,arn:aws:iam::123837392027:user/bert-jan,aws_service,PutParameter,0
570,arn:aws:iam::123837392027:user/bert-jan,aws_service,PutParameter,0
571,arn:aws:iam::123837392027:user/bert-jan,aws_service,PutParameter,0
572,arn:aws:iam::123837392027:user/bert-jan,Parameter,ListTagsForResource,0
573,arn:aws:sts::123837392027:assumed-role/stratus-red-team-ec2-steal-credentials-role/i-0dbc91f429e48eeed,i-0dbc91f429e48eeed,UpdateInstanceAssociationStatus,0
574,arn:aws:sts::123837392027:assumed-role/stratus-red-team-ec2-steal-credentials-role/i-0dbc91f429e48eeed,i-0dbc91f429e48eeed,PutInventory,0
575,arn:aws:iam::123837392027:user/bert-jan,Parameter,ListTagsForResource,0
576,arn:aws:iam::123837392027:user/bert-jan,aws_service,PutParameter,0
577,arn:aws:iam::123837392027:user/bert-jan,Parameter,ListTagsForResource,0
578,arn:aws:sts::123837392027:assumed-role/stratus-red-team-ec2-steal-credentials-role/i-0dbc91f429e48eeed,i-0dbc91f429e48eeed,UpdateInstanceAssociationStatus,0
579,arn:aws:sts::123837392027:assumed-role/stratus-red-team-ec2-steal-credentials-role/i-0dbc91f429e48eeed,i-0dbc91f429e48eeed,PutComplianceItems,0
580,arn:aws:iam::123837392027:user/bert-jan,aws_service,PutParameter,0
581,arn:aws:iam::123837392027:user/bert-jan,aws_service,PutParameter,0
582,arn:aws:iam::123837392027:user/bert-jan,Parameter,ListTagsForResource,0
583,arn:aws:iam::123837392027:user/bert-jan,aws_service,PutParameter,0
584,arn:aws:iam::123837392027:user/bert-jan,Parameter,ListTagsForResource,0
585,arn:aws:iam::123837392027:user/bert-jan,aws_service,PutParameter,0
586,arn:aws:iam::123837392027:user/bert-jan,alias/aws/ssm,Encrypt,0
587,arn:aws:iam::123837392027:user/bert-jan,/credentials/stratus-red-team/credentials-39,PutParameter,0
588,arn:aws:iam::123837392027:user/bert-jan,SYMMETRIC_DEFAULT,Decrypt,0
589,arn:aws:iam::123837392027:user/bert-jan,aws_service,PutParameter,0
590,arn:aws:iam::123837392027:user/bert-jan,alias/aws/ssm,Encrypt,0
591,arn:aws:iam::123837392027:user/bert-jan,/credentials/stratus-red-team/credentials-16,PutParameter,0
592,arn:aws:iam::123837392027:user/bert-jan,aws_service,PutParameter,0
593,arn:aws:iam::123837392027:user/bert-jan,/credentials/stratus-red-team/credentials-39,GetParameter,0
594,arn:aws:iam::123837392027:user/bert-jan,/credentials/stratus-red-team/credentials-4,GetParameter,0
595,arn:aws:iam::123837392027:user/bert-jan,/credentials/stratus-red-team/credentials-4,PutParameter,0
596,arn:aws:iam::123837392027:user/bert-jan,aws_service,PutParameter,0
597,arn:aws:iam::123837392027:user/bert-jan,alias/aws/ssm,Encrypt,0
598,arn:aws:iam::123837392027:user/bert-jan,alias/aws/ssm,Encrypt,0
599,arn:aws:iam::123837392027:user/bert-jan,/credentials/stratus-red-team/credentials-3,PutParameter,0
600,arn:aws:iam::123837392027:user/bert-jan,SYMMETRIC_DEFAULT,Decrypt,0
601,arn:aws:iam::123837392027:user/bert-jan,aws_service,PutParameter,0
602,arn:aws:iam::123837392027:user/bert-jan,aws_service,PutParameter,0
603,arn:aws:iam::123837392027:user/bert-jan,aws_service,DescribeParameters,0
604,arn:aws:iam::123837392027:user/bert-jan,Parameter,ListTagsForResource,0
605,arn:aws:iam::123837392027:user/bert-jan,Parameter,ListTagsForResource,0
606,arn:aws:iam::123837392027:user/bert-jan,/credentials/stratus-red-team/credentials-16,GetParameter,0
607,arn:aws:iam::123837392027:user/bert-jan,Parameter,ListTagsForResource,0
608,arn:aws:iam::123837392027:user/bert-jan,/credentials/stratus-red-team/credentials-3,GetParameter,0
609,arn:aws:iam::123837392027:user/bert-jan,SYMMETRIC_DEFAULT,Decrypt,0
610,arn:aws:iam::123837392027:user/bert-jan,Parameter,ListTagsForResource,0
611,arn:aws:iam::123837392027:user/bert-jan,aws_service,DescribeParameters,0
612,arn:aws:iam::123837392027:user/bert-jan,SYMMETRIC_DEFAULT,Decrypt,0
613,arn:aws:iam::123837392027:user/bert-jan,aws_service,DescribeParameters,0
614,arn:aws:iam::123837392027:user/bert-jan,aws_service,DescribeParameters,0
615,arn:aws:iam::123837392027:user/bert-jan,alias/aws/ssm,Encrypt,0
616,arn:aws:iam::123837392027:user/bert-jan,/credentials/stratus-red-team/credentials-27,GetParameter,0
617,arn:aws:iam::123837392027:user/bert-jan,SYMMETRIC_DEFAULT,Decrypt,0
618,arn:aws:iam::123837392027:user/bert-jan,SYMMETRIC_DEFAULT,Decrypt,0
619,arn:aws:iam::123837392027:user/bert-jan,alias/aws/ssm,Encrypt,0
620,arn:aws:iam::123837392027:user/bert-jan,/credentials/stratus-red-team/credentials-18,PutParameter,0
621,arn:aws:iam::123837392027:user/bert-jan,/credentials/stratus-red-team/credentials-13,GetParameter,0
622,arn:aws:iam::123837392027:user/bert-jan,/credentials/stratus-red-team/credentials-21,GetParameter,0
623,arn:aws:iam::123837392027:user/bert-jan,/credentials/stratus-red-team/credentials-13,PutParameter,0
624,arn:aws:iam::123837392027:user/bert-jan,/credentials/stratus-red-team/credentials-15,GetParameter,0
625,arn:aws:iam::123837392027:user/bert-jan,alias/aws/ssm,Encrypt,0
626,arn:aws:iam::123837392027:user/bert-jan,SYMMETRIC_DEFAULT,Decrypt,0
627,arn:aws:iam::123837392027:user/bert-jan,/credentials/stratus-red-team/credentials-27,PutParameter,0
628,arn:aws:iam::123837392027:user/bert-jan,/credentials/stratus-red-team/credentials-21,PutParameter,0
629,arn:aws:iam::123837392027:user/bert-jan,aws_service,PutParameter,0
630,arn:aws:iam::123837392027:user/bert-jan,/credentials/stratus-red-team/credentials-18,GetParameter,0
631,arn:aws:iam::123837392027:user/bert-jan,alias/aws/ssm,Encrypt,0
632,arn:aws:iam::123837392027:user/bert-jan,SYMMETRIC_DEFAULT,Decrypt,0
633,arn:aws:iam::123837392027:user/bert-jan,SYMMETRIC_DEFAULT,Decrypt,0
634,arn:aws:iam::123837392027:user/bert-jan,aws_service,PutParameter,0
635,arn:aws:iam::123837392027:user/bert-jan,aws_service,PutParameter,0
636,arn:aws:iam::123837392027:user/bert-jan,alias/aws/ssm,Encrypt,0
637,arn:aws:iam::123837392027:user/bert-jan,SYMMETRIC_DEFAULT,Decrypt,0
638,arn:aws:iam::123837392027:user/bert-jan,alias/aws/ssm,Encrypt,0
639,arn:aws:iam::123837392027:user/bert-jan,/credentials/stratus-red-team/credentials-15,PutParameter,0
640,arn:aws:iam::123837392027:user/bert-jan,aws_service,PutParameter,0
641,arn:aws:iam::123837392027:user/bert-jan,/credentials/stratus-red-team/credentials-33,PutParameter,0
642,arn:aws:iam::123837392027:user/bert-jan,/credentials/stratus-red-team/credentials-33,GetParameter,0
643,arn:aws:iam::123837392027:user/bert-jan,/credentials/stratus-red-team/credentials-24,PutParameter,0
644,arn:aws:iam::123837392027:user/bert-jan,aws_service,PutParameter,0
645,arn:aws:iam::123837392027:user/bert-jan,alias/aws/ssm,Encrypt,0
646,arn:aws:iam::123837392027:user/bert-jan,aws_service,DescribeParameters,0
647,arn:aws:iam::123837392027:user/bert-jan,aws_service,DescribeParameters,0
648,arn:aws:iam::123837392027:user/bert-jan,aws_service,DescribeParameters,0
649,arn:aws:iam::123837392027:user/bert-jan,aws_service,DescribeParameters,0
650,arn:aws:iam::123837392027:user/bert-jan,alias/aws/ssm,Encrypt,0
651,arn:aws:iam::123837392027:user/bert-jan,Parameter,ListTagsForResource,0
652,arn:aws:iam::123837392027:user/bert-jan,Parameter,ListTagsForResource,0
653,arn:aws:iam::123837392027:user/bert-jan,aws_service,DescribeParameters,0
654,arn:aws:iam::123837392027:user/bert-jan,/credentials/stratus-red-team/credentials-32,PutParameter,0
655,arn:aws:iam::123837392027:user/bert-jan,/credentials/stratus-red-team/credentials-29,PutParameter,0
656,arn:aws:iam::123837392027:user/bert-jan,aws_service,PutParameter,0
657,arn:aws:iam::123837392027:user/bert-jan,alias/aws/ssm,Encrypt,0
658,arn:aws:iam::123837392027:user/bert-jan,Parameter,ListTagsForResource,0
659,arn:aws:iam::123837392027:user/bert-jan,aws_service,DescribeParameters,0
660,arn:aws:iam::123837392027:user/bert-jan,Parameter,ListTagsForResource,0
661,arn:aws:iam::123837392027:user/bert-jan,Parameter,ListTagsForResource,0
662,arn:aws:iam::123837392027:user/bert-jan,Parameter,ListTagsForResource,0
663,arn:aws:iam::123837392027:user/bert-jan,alias/aws/ssm,Encrypt,0
664,arn:aws:iam::123837392027:user/bert-jan,aws_service,DescribeParameters,0
665,arn:aws:iam::123837392027:user/bert-jan,/credentials/stratus-red-team/credentials-36,GetParameter,0
666,arn:aws:iam::123837392027:user/bert-jan,aws_service,PutParameter,0
667,arn:aws:iam::123837392027:user/bert-jan,/credentials/stratus-red-team/credentials-24,GetParameter,0
668,arn:aws:iam::123837392027:user/bert-jan,/credentials/stratus-red-team/credentials-36,PutParameter,0
669,arn:aws:iam::123837392027:user/bert-jan,SYMMETRIC_DEFAULT,Decrypt,0
670,arn:aws:iam::123837392027:user/bert-jan,SYMMETRIC_DEFAULT,Decrypt,0
671,arn:aws:iam::123837392027:user/bert-jan,/credentials/stratus-red-team/credentials-32,GetParameter,0
672,arn:aws:iam::123837392027:user/bert-jan,aws_service,DescribeParameters,0
673,arn:aws:iam::123837392027:user/bert-jan,aws_service,PutParameter,0
674,arn:aws:iam::123837392027:user/bert-jan,/credentials/stratus-red-team/credentials-29,GetParameter,0
675,arn:aws:iam::123837392027:user/bert-jan,SYMMETRIC_DEFAULT,Decrypt,0
676,arn:aws:iam::123837392027:user/bert-jan,aws_service,DescribeParameters,0
677,arn:aws:iam::123837392027:user/bert-jan,SYMMETRIC_DEFAULT,Decrypt,0
678,arn:aws:iam::123837392027:user/bert-jan,aws_service,DescribeParameters,0
679,arn:aws:iam::123837392027:user/bert-jan,SYMMETRIC_DEFAULT,Decrypt,0
680,arn:aws:iam::123837392027:user/bert-jan,/credentials/stratus-red-team/credentials-38,GetParameter,0
681,arn:aws:iam::123837392027:user/bert-jan,Parameter,ListTagsForResource,0
682,arn:aws:iam::123837392027:user/bert-jan,alias/aws/ssm,Encrypt,0
683,arn:aws:iam::123837392027:user/bert-jan,alias/aws/ssm,Encrypt,0
684,arn:aws:iam::123837392027:user/bert-jan,Parameter,ListTagsForResource,0
685,arn:aws:iam::123837392027:user/bert-jan,/credentials/stratus-red-team/credentials-1,PutParameter,0
686,arn:aws:iam::123837392027:user/bert-jan,/credentials/stratus-red-team/credentials-38,PutParameter,0
687,arn:aws:iam::123837392027:user/bert-jan,Parameter,ListTagsForResource,0
688,arn:aws:iam::123837392027:user/bert-jan,Parameter,ListTagsForResource,0
689,arn:aws:iam::123837392027:user/bert-jan,/credentials/stratus-red-team/credentials-37,GetParameter,0
690,arn:aws:iam::123837392027:user/bert-jan,alias/aws/ssm,Encrypt,0
691,arn:aws:iam::123837392027:user/bert-jan,SYMMETRIC_DEFAULT,Decrypt,0
692,arn:aws:iam::123837392027:user/bert-jan,/credentials/stratus-red-team/credentials-37,PutParameter,0
693,arn:aws:iam::123837392027:user/bert-jan,/credentials/stratus-red-team/credentials-28,PutParameter,0
694,arn:aws:iam::123837392027:user/bert-jan,Parameter,ListTagsForResource,0
695,arn:aws:iam::123837392027:user/bert-jan,Parameter,ListTagsForResource,0
696,arn:aws:iam::123837392027:user/bert-jan,Parameter,ListTagsForResource,0
697,arn:aws:iam::123837392027:user/bert-jan,SYMMETRIC_DEFAULT,Decrypt,0
698,arn:aws:iam::123837392027:user/bert-jan,SYMMETRIC_DEFAULT,Decrypt,0
699,arn:aws:iam::123837392027:user/bert-jan,alias/aws/ssm,Encrypt,0
700,arn:aws:iam::123837392027:user/bert-jan,aws_service,DescribeParameters,0
701,arn:aws:iam::123837392027:user/bert-jan,/credentials/stratus-red-team/credentials-28,GetParameter,0
702,arn:aws:iam::123837392027:user/bert-jan,SYMMETRIC_DEFAULT,Decrypt,0
703,arn:aws:iam::123837392027:user/bert-jan,/credentials/stratus-red-team/credentials-11,GetParameter,0
704,arn:aws:iam::123837392027:user/bert-jan,SYMMETRIC_DEFAULT,Decrypt,0
705,arn:aws:iam::123837392027:user/bert-jan,/credentials/stratus-red-team/credentials-26,GetParameter,0
706,arn:aws:iam::123837392027:user/bert-jan,aws_service,DescribeParameters,0
707,arn:aws:iam::123837392027:user/bert-jan,/credentials/stratus-red-team/credentials-11,PutParameter,0
708,arn:aws:iam::123837392027:user/bert-jan,alias/aws/ssm,Encrypt,0
709,arn:aws:iam::123837392027:user/bert-jan,/credentials/stratus-red-team/credentials-26,PutParameter,0
710,arn:aws:iam::123837392027:user/bert-jan,aws_service,DescribeParameters,0
711,arn:aws:iam::123837392027:user/bert-jan,alias/aws/ssm,Encrypt,0
712,arn:aws:iam::123837392027:user/bert-jan,/credentials/stratus-red-team/credentials-20,PutParameter,0
713,arn:aws:iam::123837392027:user/bert-jan,/credentials/stratus-red-team/credentials-1,GetParameter,0
714,arn:aws:iam::123837392027:user/bert-jan,/credentials/stratus-red-team/credentials-20,GetParameter,0
715,arn:aws:iam::123837392027:user/bert-jan,aws_service,DescribeParameters,0
716,arn:aws:iam::123837392027:user/bert-jan,SYMMETRIC_DEFAULT,Decrypt,0
717,arn:aws:iam::123837392027:user/bert-jan,alias/aws/ssm,Encrypt,0
718,arn:aws:iam::123837392027:user/bert-jan,aws_service,DescribeParameters,0
719,arn:aws:iam::123837392027:user/bert-jan,aws_service,DescribeParameters,0
720,arn:aws:iam::123837392027:user/bert-jan,aws_service,DescribeParameters,0
721,arn:aws:iam::123837392027:user/bert-jan,aws_service,DescribeParameters,0
722,arn:aws:iam::123837392027:user/bert-jan,Parameter,ListTagsForResource,0
723,arn:aws:iam::123837392027:user/bert-jan,Parameter,ListTagsForResource,0
724,arn:aws:iam::123837392027:user/bert-jan,Parameter,ListTagsForResource,0
725,arn:aws:iam::123837392027:user/bert-jan,aws_service,PutParameter,0
726,arn:aws:iam::123837392027:user/bert-jan,Parameter,ListTagsForResource,0
727,arn:aws:iam::123837392027:user/bert-jan,alias/aws/ssm,Encrypt,0
728,arn:aws:iam::123837392027:user/bert-jan,aws_service,DescribeParameters,0
729,arn:aws:iam::123837392027:user/bert-jan,SYMMETRIC_DEFAULT,Decrypt,0
730,arn:aws:iam::123837392027:user/bert-jan,/credentials/stratus-red-team/credentials-9,PutParameter,0
731,arn:aws:iam::123837392027:user/bert-jan,/credentials/stratus-red-team/credentials-9,GetParameter,0
732,arn:aws:iam::123837392027:user/bert-jan,Parameter,ListTagsForResource,0
733,arn:aws:iam::123837392027:user/bert-jan,SYMMETRIC_DEFAULT,Decrypt,0
734,arn:aws:iam::123837392027:user/bert-jan,SYMMETRIC_DEFAULT,Decrypt,0
735,arn:aws:iam::123837392027:user/bert-jan,aws_service,GetParameters,0
736,arn:aws:iam::123837392027:user/bert-jan,SYMMETRIC_DEFAULT,Decrypt,0
737,arn:aws:iam::123837392027:user/bert-jan,SYMMETRIC_DEFAULT,Decrypt,0
738,arn:aws:iam::123837392027:user/bert-jan,SYMMETRIC_DEFAULT,Decrypt,0
739,arn:aws:iam::123837392027:user/bert-jan,SYMMETRIC_DEFAULT,Decrypt,0
740,arn:aws:iam::123837392027:user/bert-jan,SYMMETRIC_DEFAULT,Decrypt,0
741,arn:aws:iam::123837392027:user/bert-jan,SYMMETRIC_DEFAULT,Decrypt,0
742,arn:aws:iam::123837392027:user/bert-jan,SYMMETRIC_DEFAULT,Decrypt,0
743,arn:aws:iam::123837392027:user/bert-jan,SYMMETRIC_DEFAULT,Decrypt,0
744,arn:aws:iam::123837392027:user/bert-jan,SYMMETRIC_DEFAULT,Decrypt,0
745,arn:aws:iam::123837392027:user/bert-jan,SYMMETRIC_DEFAULT,Decrypt,0
746,arn:aws:iam::123837392027:user/bert-jan,SYMMETRIC_DEFAULT,Decrypt,0
747,arn:aws:iam::123837392027:user/bert-jan,SYMMETRIC_DEFAULT,Decrypt,0
748,arn:aws:iam::123837392027:user/bert-jan,SYMMETRIC_DEFAULT,Decrypt,0
749,arn:aws:iam::123837392027:user/bert-jan,SYMMETRIC_DEFAULT,Decrypt,0
750,arn:aws:iam::123837392027:user/bert-jan,SYMMETRIC_DEFAULT,Decrypt,0
751,arn:aws:iam::123837392027:user/bert-jan,AAEAASOszR5OBQ4RDciQegOaCl6Zq8rrJIxfnEcfNL/Ewge/AAAAAGSr8mPsv80kHuiSIHxVshJUMtXQoPHxkvZFBz1WzlVHSM37sNKja344OydoFrxGTyHjKxKa+4zBdCjog5HJhnnP5kXewwsCb206xirvHT2aLFq/I0dTKd+YcwC+xN8yJCmR15W5o8+q+xOzYnJ3r2yOnS45AMu0kz6reaneUvnAoOBwj6PgyogUkmkiZgOJzpTxOnQgesT/d2Fs8OSsW/cdhphIB6N/8yptjrgrjrAdXdqZibQB3MAuhZRh3mZPMXgi/VpbeG6qLS5WppEj1OfikloZ0Zp5EhnPydTOOmI37ZlhZFc/b5X6sSYTi+df2/RXTeah096HvrK3z0mIIS0GVu4TwH0ugt3fNlW1WXNP/x3eVffyAQPDeocjDlL8XECE8GRpFD1V3VJvjQ2AJfDbMXvmhItKnhfPBlMZXOA6yr4oAvr88/acdOD7RRc4+4ji9bkY9TXXc6tPJJuydQvKl/XkzpNcTDUMk3YPTKUI79rN8q6e+YAXTTWCXMT2MGEf4jXlt/h9fAV2t3YjQ03Howy/rgbgjBYEd5jb2MiU4OoN/OUuTmw/51KmqZCBTpM3mAxZRsF/AJC52S3EU9fkAowUPzfX8mSTFosMS/dfUvcSITRfnd7KX5WubIDgaELeraALTABGaCvpsyVLYTr5KmpmHsVgE83exL23f+dZBl6OJA==,DescribeParameters,0
752,arn:aws:iam::123837392027:user/bert-jan,AAEAAbwQk+7AJvg2ZAp3PkimvgnsksUOA0Tk+N58wvEOBay3AAAAAGSr8mMb8wYSF2oKESnNvZIz4NbR8/MCNuyL7Zq+UA/Awo9ekIeqDbA1L/WxKvlK4JYh1boqLo832q37cz6TR+3u2G48O1520tgRsqP1h5juXkyokz2UV+Y0Ij9ruKpFv6VOQDCJPWFtbRN8mWTdj62AnslQb2ma8Y3oQ4NmD1xRUi4TBDI/WJYBGHwLAh9KSqTT7TBNZbanWNeNK5FUZtw17BA22NnQo+AwY0ZGNQwCn5mjHEU6LDMPGmXIuWRjW3uB8/ATabL+kAI6JTHFjqsHi5Rtk0eI1wJypz9Unpg8GNeoUy3gz+yC7RObAa+DISNr+zpuyhhs0PO7qBHGLHt9IH9JRYyq2VQY5ErnBj0SSWYjg61KePHPr5Uv0sAcNoPp+pkfoNh/eFqWEwdoT0UlMBpE5c+2wF/ZVsawt+vOUdRMp/uamNE8JotWpnFrblj5DKAsxp0BdvUqB+6vKgY5r1WOdrtzXD9jVL9jr77+JVzV6YsheiHwqJg8q0as9qzePl+XqXGEDcIXkhkoulffcwnAjb/cH9pKc6rfGbv08EVmSYljkt7JR9wY9zDDyAwU4we9h40YGowfp9oGveQGuO0EADiDAWkqMF9wyXzBWERzipWHjRyxdM8LU5hgGO5ya5pD8+mjeBzLE/sCxz8pjA6bL/a4vbVolKjlrchaBeSi4Q==,DescribeParameters,0
753,arn:aws:iam::123837392027:user/bert-jan,SYMMETRIC_DEFAULT,Decrypt,0
754,arn:aws:iam::123837392027:user/bert-jan,SYMMETRIC_DEFAULT,Decrypt,0
755,arn:aws:iam::123837392027:user/bert-jan,aws_service,DescribeParameters,0
756,arn:aws:iam::123837392027:user/bert-jan,SYMMETRIC_DEFAULT,Decrypt,0
757,arn:aws:iam::123837392027:user/bert-jan,aws_service,GetParameters,0
758,arn:aws:iam::123837392027:user/bert-jan,SYMMETRIC_DEFAULT,Decrypt,0
759,arn:aws:iam::123837392027:user/bert-jan,SYMMETRIC_DEFAULT,Decrypt,0
760,arn:aws:iam::123837392027:user/bert-jan,SYMMETRIC_DEFAULT,Decrypt,0
761,arn:aws:iam::123837392027:user/bert-jan,SYMMETRIC_DEFAULT,Decrypt,0
762,arn:aws:iam::123837392027:user/bert-jan,aws_service,GetParameters,0
763,arn:aws:iam::123837392027:user/bert-jan,SYMMETRIC_DEFAULT,Decrypt,0
764,arn:aws:iam::123837392027:user/bert-jan,SYMMETRIC_DEFAULT,Decrypt,0
765,arn:aws:iam::123837392027:user/bert-jan,SYMMETRIC_DEFAULT,Decrypt,0
766,arn:aws:iam::123837392027:user/bert-jan,SYMMETRIC_DEFAULT,Decrypt,0
767,arn:aws:iam::123837392027:user/bert-jan,SYMMETRIC_DEFAULT,Decrypt,0
768,arn:aws:iam::123837392027:user/bert-jan,SYMMETRIC_DEFAULT,Decrypt,0
769,arn:aws:iam::123837392027:user/bert-jan,SYMMETRIC_DEFAULT,Decrypt,0
770,arn:aws:iam::123837392027:user/bert-jan,SYMMETRIC_DEFAULT,Decrypt,0
771,arn:aws:iam::123837392027:user/bert-jan,AAEAAclp8UFCJ7dny493eHEd80U02QjHYLN3Zos8k76vioy6AAAAAGSr8mMX5g/G6u27xNLExCcVqI3GqorjWAm9Jxfvr22QMWPU+aSsHHcPSxVy0aL9N2f8dfZQVntYKkXmMYew8ouo6VEFpV00O6ifG9rSuXjR9QmBWHRmvpI+bqrVdC/LZpmU5ZycCYB021XDBNZf5bbhCReDsydPT+OF2a4OSaQkdstk0qWAF+LnBY5m8innGKZqUfdvVDSQUmDM3ejzT2taG31gUU97Jyo5GV2OgWlNsxdm6JzcNXclOmbXCZRqCq8ZY2+2dTvq9ww0gQOkyOTVrV+7eDipoc+2/4Xf3aJlpsDb7xuHyVvSb0tioo7FnSepaGyHHSPiVgNj7feEf+TYtF6knj9J81Yk231YRgyDtIJCMLB2WnQN7L88wKaYl/hPQTaHyOC10b+5TR8h/wrVgdN6901dOXndK0eTtjf5ydgBJX/I0UGPfvVJLNMExJnMRWk2Nd+oxbgSg075w8IEVJyOAlfDP1gABv3lzUOrFjQf+BOub63MzqxjQZfRmrHlBUrVgUc8OUN+/bdp3ExMSR2HLa3avAtWHlWiFwMx18cgV/xfhqeD4aXua7r4b0VJX6z9CMzsMZ6t5X3NGQgQiVAob1/LEOymS7EJ2B3tPE0sk+kfKSBGyW0uDZjO+n1zttslNa7VfgAZVYiksd2VNyGziM15cv5NcVanS9MkcmJHvQ==,DescribeParameters,0
772,arn:aws:iam::123837392027:user/bert-jan,SYMMETRIC_DEFAULT,Decrypt,0
773,arn:aws:iam::123837392027:user/bert-jan,SYMMETRIC_DEFAULT,Decrypt,0
774,arn:aws:iam::123837392027:user/bert-jan,SYMMETRIC_DEFAULT,Decrypt,0
775,arn:aws:iam::123837392027:user/bert-jan,SYMMETRIC_DEFAULT,Decrypt,0
776,arn:aws:iam::123837392027:user/bert-jan,SYMMETRIC_DEFAULT,Decrypt,0
777,arn:aws:iam::123837392027:user/bert-jan,SYMMETRIC_DEFAULT,Decrypt,0
778,arn:aws:iam::123837392027:user/bert-jan,SYMMETRIC_DEFAULT,Decrypt,0
779,arn:aws:iam::123837392027:user/bert-jan,SYMMETRIC_DEFAULT,Decrypt,0
780,arn:aws:iam::123837392027:user/bert-jan,AAEAAZijLmnGzrCRJTMi2oNft3Q/mk513Tj3ShwWaULIw/kCAAAAAGSr8mQXAqRA8gyWCXktje6ZSLk007u9h2PPWx3wY236thQrXY1/smJtBEUmCKXAN6c0h4Wll2eNU/O4pTdscScaTfLq7/8yb4W+iH4Cw72rGMB5s7BqTHt8QAhB0g012V1cMhx22VfZg+TmJyyYyH7Uy8xsxqaMq7cPnEHm6FsBSB2ZI1qINpvhTd9xYucUhDXy+866+k3ITNPHBpQiy4NsOHo8FzS3RzGMkGts2J1Rd0K4RnNsYpygckjkDy8GM3hn55LEMg3N1FITVoPs4YuCuDSY8nvcYG+oS/QLAmyti8HemqfbTY+O8YyfB0pVpO43iVwawKu9/bP0mnr2zxLsR/cBF+xa12lkJrzNV8h4hcZ0+jTsbIaQjtCuG2PxTqxWXiRsICM/66JLdbdIjb4WsRSFwo3gl9PJkD1JtGj5py9zYStUrW/dahIJ7ynt50OwNBmiaw9kgdetXXoRHQI3f/c6g3G01nAId3YZwnZ5zSM2dIlrz/wVv8urlCmUYSRWYMcsggefPfCyUw5r9MeOu+KF2sbbrdoigUqnBt4Yq0O/R3O6v8/j4qWLtpkrZEWpxxnqhT61taRp2Vct28n8/IFkvUbQ+U4+I++TDfSnB28HjnVgRYET2kJB58Jsg77e53E69hXJzDmEIRvHp0zUIsMsW6oYxuTXmEwLqR7Gepyw2w==,DescribeParameters,0
781,arn:aws:iam::123837392027:user/bert-jan,aws_service,GetParameters,0
782,arn:aws:iam::123837392027:user/bert-jan,aws_service,GetParameters,0
783,arn:aws:iam::123837392027:user/bert-jan,SYMMETRIC_DEFAULT,Decrypt,0
784,arn:aws:iam::123837392027:user/bert-jan,SYMMETRIC_DEFAULT,Decrypt,0
785,arn:aws:iam::123837392027:user/bert-jan,aws_service,DescribeAccountAttributes,0
786,arn:aws:iam::123837392027:user/bert-jan,aws_service,DescribeAccountAttributes,0
787,arn:aws:iam::123837392027:user/bert-jan,stratus-red-team-cloudtraild-trail-aueolsaccp,DeleteTrail,1
788,arn:aws:iam::123837392027:user/bert-jan,aws_service,DescribeAccountAttributes,0
789,arn:aws:iam::123837392027:user/bert-jan,aws_service,GetUser,0
790,arn:aws:iam::123837392027:user/bert-jan,aws_service,DescribeAccountAttributes,0
791,arn:aws:iam::123837392027:user/bert-jan,aws_service,GetUser,0
792,arn:aws:iam::123837392027:user/bert-jan,aws_service,GetUser,0
793,arn:aws:iam::123837392027:user/bert-jan,stratus-red-team-ctes-bucket-qyxyekjbtk,CreateBucket,0
794,arn:aws:iam::123837392027:user/bert-jan,stratus-red-team-ctes-bucket-qyxyekjbtk,GetBucketTagging,0
795,arn:aws:iam::123837392027:user/bert-jan,stratus-red-team-ctes-bucket-qyxyekjbtk,PutBucketPolicy,1
796,arn:aws:iam::123837392027:user/bert-jan,stratus-red-team-ctes-bucket-qyxyekjbtk,PutBucketTagging,0
797,arn:aws:iam::123837392027:user/bert-jan,stratus-red-team-ctes-bucket-qyxyekjbtk,GetBucketPolicy,0
798,arn:aws:iam::123837392027:user/bert-jan,stratus-red-team-ctes-bucket-qyxyekjbtk,GetBucketAcl,0
799,arn:aws:iam::123837392027:user/bert-jan,stratus-red-team-ctes-bucket-qyxyekjbtk,GetBucketWebsite,0
800,arn:aws:iam::123837392027:user/bert-jan,stratus-red-team-ctes-bucket-qyxyekjbtk,GetBucketCors,0
801,arn:aws:iam::123837392027:user/bert-jan,stratus-red-team-ctes-bucket-qyxyekjbtk,GetAccelerateConfiguration,0
802,arn:aws:iam::123837392027:user/bert-jan,stratus-red-team-ctes-bucket-qyxyekjbtk,GetBucketVersioning,0
803,arn:aws:iam::123837392027:user/bert-jan,stratus-red-team-ctes-bucket-qyxyekjbtk,GetBucketLogging,0
804,arn:aws:iam::123837392027:user/bert-jan,stratus-red-team-ctes-bucket-qyxyekjbtk,GetBucketLifecycle,0
805,arn:aws:iam::123837392027:user/bert-jan,stratus-red-team-ctes-bucket-qyxyekjbtk,GetBucketRequestPayment,0
806,arn:aws:iam::123837392027:user/bert-jan,stratus-red-team-ctes-bucket-qyxyekjbtk,GetBucketReplication,0
807,arn:aws:iam::123837392027:user/bert-jan,stratus-red-team-ctes-bucket-qyxyekjbtk,GetBucketEncryption,0
808,arn:aws:iam::123837392027:user/bert-jan,stratus-red-team-ctes-bucket-qyxyekjbtk,GetBucketObjectLockConfiguration,0
809,arn:aws:iam::123837392027:user/bert-jan,stratus-red-team-ctes-bucket-qyxyekjbtk,GetBucketTagging,0
810,,stratus-red-team-ctes-bucket-qyxyekjbtk,GetBucketAcl,0
811,arn:aws:iam::123837392027:user/bert-jan,stratus-red-team-ctes-trail-qyxyekjbtk,CreateTrail,0
812,arn:aws:iam::123837392027:user/bert-jan,stratus-red-team-ctes-trail-qyxyekjbtk,StartLogging,0
813,arn:aws:iam::123837392027:user/bert-jan,aws_service,ListTags,0
814,arn:aws:iam::123837392027:user/bert-jan,aws_service,DescribeTrails,0
815,arn:aws:iam::123837392027:user/bert-jan,stratus-red-team-ctes-trail-qyxyekjbtk,GetTrailStatus,0
816,arn:aws:iam::123837392027:user/bert-jan,stratus-red-team-ctes-trail-qyxyekjbtk,GetEventSelectors,0
817,arn:aws:iam::123837392027:user/bert-jan,stratus-red-team-ctes-trail-qyxyekjbtk,PutEventSelectors,1
818,arn:aws:iam::123837392027:user/bert-jan,aws_service,DescribeAccountAttributes,0
819,arn:aws:iam::123837392027:user/bert-jan,aws_service,GetUser,0
820,arn:aws:iam::123837392027:user/bert-jan,stratus-red-team-ctlr-bucket-zqfsvooxqj,CreateBucket,0
821,arn:aws:iam::123837392027:user/bert-jan,aws_service,GetUser,0
822,arn:aws:iam::123837392027:user/bert-jan,stratus-red-team-ctlr-bucket-zqfsvooxqj,GetBucketTagging,0
823,arn:aws:iam::123837392027:user/bert-jan,stratus-red-team-ctlr-bucket-zqfsvooxqj,PutBucketTagging,0
824,arn:aws:iam::123837392027:user/bert-jan,stratus-red-team-ctlr-bucket-zqfsvooxqj,PutBucketPolicy,1
825,arn:aws:iam::123837392027:user/bert-jan,stratus-red-team-ctlr-bucket-zqfsvooxqj,GetBucketCors,0
826,arn:aws:iam::123837392027:user/bert-jan,stratus-red-team-ctlr-bucket-zqfsvooxqj,GetBucketPolicy,0
827,arn:aws:iam::123837392027:user/bert-jan,stratus-red-team-ctlr-bucket-zqfsvooxqj,GetBucketAcl,0
828,arn:aws:iam::123837392027:user/bert-jan,stratus-red-team-ctlr-bucket-zqfsvooxqj,GetBucketWebsite,0
829,arn:aws:iam::123837392027:user/bert-jan,stratus-red-team-ctlr-bucket-zqfsvooxqj,GetBucketVersioning,0
830,arn:aws:iam::123837392027:user/bert-jan,stratus-red-team-ctlr-bucket-zqfsvooxqj,GetBucketRequestPayment,0
831,arn:aws:iam::123837392027:user/bert-jan,stratus-red-team-ctlr-bucket-zqfsvooxqj,GetAccelerateConfiguration,0
832,arn:aws:iam::123837392027:user/bert-jan,stratus-red-team-ctlr-bucket-zqfsvooxqj,GetBucketLogging,0
833,arn:aws:iam::123837392027:user/bert-jan,stratus-red-team-ctlr-bucket-zqfsvooxqj,GetBucketLifecycle,0
834,arn:aws:iam::123837392027:user/bert-jan,stratus-red-team-ctlr-bucket-zqfsvooxqj,GetBucketReplication,0
835,arn:aws:iam::123837392027:user/bert-jan,stratus-red-team-ctlr-bucket-zqfsvooxqj,GetBucketEncryption,0
836,arn:aws:iam::123837392027:user/bert-jan,stratus-red-team-ctlr-bucket-zqfsvooxqj,GetBucketObjectLockConfiguration,0
837,arn:aws:iam::123837392027:user/bert-jan,stratus-red-team-ctlr-bucket-zqfsvooxqj,GetBucketTagging,0
838,,stratus-red-team-ctlr-bucket-zqfsvooxqj,GetBucketAcl,0
839,arn:aws:iam::123837392027:user/bert-jan,stratus-red-team-ctlr-trail-zqfsvooxqj,CreateTrail,0
840,arn:aws:iam::123837392027:user/bert-jan,stratus-red-team-ctlr-trail-zqfsvooxqj,StartLogging,0
841,arn:aws:iam::123837392027:user/bert-jan,aws_service,DescribeTrails,0
842,arn:aws:iam::123837392027:user/bert-jan,stratus-red-team-ctlr-trail-zqfsvooxqj,GetEventSelectors,0
843,arn:aws:iam::123837392027:user/bert-jan,stratus-red-team-ctlr-trail-zqfsvooxqj,GetTrailStatus,0
844,arn:aws:iam::123837392027:user/bert-jan,aws_service,ListTags,0
845,arn:aws:iam::123837392027:user/bert-jan,stratus-red-team-ctlr-bucket-zqfsvooxqj,PutBucketLifecycle,0
846,arn:aws:iam::123837392027:user/bert-jan,aws_service,DescribeAccountAttributes,0
847,arn:aws:iam::123837392027:user/bert-jan,stratus-red-team-ct-stop-trail-qzbgnfqisx,StopLogging,1
848,arn:aws:iam::123837392027:user/bert-jan,aws_service,DescribeAccountAttributes,0
849,arn:aws:iam::123837392027:user/bert-jan,stratus-red-team-ct-stop-trail-qzbgnfqisx,StopLogging,1
850,arn:aws:iam::123837392027:user/bert-jan,stratus-red-team-ct-stop-trail-qzbgnfqisx,StopLogging,1
851,arn:aws:iam::123837392027:user/bert-jan,aws_service,DescribeAccountAttributes,0
852,arn:aws:iam::123837392027:user/bert-jan,aws_service,DescribeAccountAttributes,0
853,arn:aws:iam::123837392027:user/bert-jan,aws_service,GetUser,0
854,arn:aws:iam::123837392027:user/bert-jan,aws_service,GetUser,0
855,arn:aws:iam::123837392027:user/bert-jan,aws_service,GetCallerIdentity,0
856,arn:aws:iam::123837392027:user/bert-jan,stratus-red-team-leave-org-role,CreateRole,1
857,arn:aws:iam::123837392027:user/bert-jan,stratus-red-team-leave-org-role,PutRolePolicy,1
858,arn:aws:iam::123837392027:user/bert-jan,stratus-red-team-leave-org-role,ListRolePolicies,0
859,arn:aws:iam::123837392027:user/bert-jan,stratus-red-team-leave-org-role,GetRole,0
860,arn:aws:iam::123837392027:user/bert-jan,stratus-red-team-leave-org-role,GetRolePolicy,0
861,arn:aws:iam::123837392027:user/bert-jan,stratus-red-team-leave-org-role,ListAttachedRolePolicies,0
862,arn:aws:iam::123837392027:user/benjamin,eu-north-1,GetRegionOptStatus,0
863,arn:aws:iam::123837392027:user/bert-jan,aws_service,AssumeRole,0
864,arn:aws:iam::123837392027:user/bert-jan,aws_service,AssumeRole,0
865,arn:aws:iam::123837392027:user/bert-jan,aws_service,AssumeRole,0
866,arn:aws:sts::123837392027:assumed-role/stratus-red-team-ec2-steal-credentials-role/i-0dbc91f429e48eeed,i-0dbc91f429e48eeed,UpdateInstanceInformation,0
867,arn:aws:iam::123837392027:user/bert-jan,arn:aws:iam::123837392027:role/stratus-red-team-leave-org-role,AssumeRole,0
868,arn:aws:iam::123837392027:user/bert-jan,arn:aws:iam::123837392027:role/stratus-red-team-leave-org-role,AssumeRole,0
869,arn:aws:sts::123837392027:assumed-role/stratus-red-team-leave-org-role/aws-go-sdk-1688990515440126480,aws_service,LeaveOrganization,0
870,arn:aws:iam::123837392027:user/bert-jan,aws_service,DescribeAccountAttributes,0
871,arn:aws:iam::123837392027:user/bert-jan,aws_service,GetUser,0
872,arn:aws:iam::123837392027:user/bert-jan,aws_service,GetUser,0
873,arn:aws:iam::123837392027:user/bert-jan,10.0.0.0/16,CreateVpc,0
874,arn:aws:iam::123837392027:user/bert-jan,stratus-red-team-remove-flow-logs-role,CreateRole,1
875,arn:aws:iam::123837392027:user/bert-jan,stratus-red-team-remove-flow-logs-role,GetRole,0
876,arn:aws:iam::123837392027:user/bert-jan,/stratus-red-team/vpc-flow-logs,DescribeLogGroups,0
877,arn:aws:iam::123837392027:user/bert-jan,/stratus-red-team/vpc-flow-logs,CreateLogGroup,0
878,arn:aws:iam::123837392027:user/bert-jan,aws_service,DescribeVpcs,0
879,arn:aws:iam::123837392027:user/bert-jan,stratus-red-team-remove-flow-logs-role,ListRolePolicies,0
880,arn:aws:iam::123837392027:user/bert-jan,aws_service,DescribeVpcs,0
881,arn:aws:iam::123837392027:user/bert-jan,stratus-red-team-remove-flow-logs-role,ListAttachedRolePolicies,0
882,arn:aws:iam::123837392027:user/bert-jan,aws_service,DescribeVpcClassicLink,0
883,arn:aws:iam::123837392027:user/bert-jan,/stratus-red-team/vpc-flow-logs,ListTagsLogGroup,0
884,arn:aws:iam::123837392027:user/bert-jan,aws_service,DescribeVpcClassicLinkDnsSupport,0
885,arn:aws:iam::123837392027:user/bert-jan,stratus-red-team-remove-flow-logs-role,GetRolePolicy,0
886,arn:aws:iam::123837392027:user/bert-jan,stratus-red-team-remove-flow-logs-role,PutRolePolicy,1
887,arn:aws:iam::123837392027:user/bert-jan,vpc-0255d384b4b458b46,DescribeVpcAttribute,0
888,arn:aws:iam::123837392027:user/bert-jan,vpc-0255d384b4b458b46,DescribeVpcAttribute,0
889,arn:aws:iam::123837392027:user/bert-jan,aws_service,DescribeNetworkAcls,0
890,arn:aws:iam::123837392027:user/bert-jan,aws_service,DescribeSecurityGroups,0
891,arn:aws:iam::123837392027:user/bert-jan,aws_service,DescribeRouteTables,0
892,arn:aws:iam::123837392027:user/bert-jan,aws_service,CreateFlowLogs,0
893,arn:aws:iam::123837392027:user/bert-jan,aws_service,DescribeFlowLogs,0
894,arn:aws:iam::123837392027:user/bert-jan,aws_service,DeleteFlowLogs,0
895,arn:aws:iam::123837392027:user/bert-jan,aws_service,DescribeAccountAttributes,0
896,arn:aws:iam::123837392027:user/bert-jan,aws_service,GetUser,0
897,arn:aws:iam::123837392027:user/bert-jan,aws_service,GetUser,0
898,arn:aws:iam::123837392027:user/bert-jan,aws_service,GetCallerIdentity,0
899,arn:aws:iam::123837392027:user/benjamin,eventTypeCategory,DescribeEventAggregates,0
900,arn:aws:iam::123837392027:user/benjamin,eventTypeCategory,DescribeEventAggregates,0
901,arn:aws:iam::123837392027:user/bert-jan,stratus-red-team-get-usr-data-role,PutRolePolicy,1
902,arn:aws:iam::123837392027:user/bert-jan,stratus-red-team-get-usr-data-role,CreateRole,1
903,arn:aws:iam::123837392027:user/bert-jan,stratus-red-team-get-usr-data-role,GetRole,0
904,arn:aws:iam::123837392027:user/bert-jan,stratus-red-team-get-usr-data-role,ListRolePolicies,0
905,arn:aws:iam::123837392027:user/bert-jan,stratus-red-team-get-usr-data-role,GetRolePolicy,0
906,arn:aws:iam::123837392027:user/bert-jan,stratus-red-team-get-usr-data-role,ListAttachedRolePolicies,0
907,arn:aws:iam::123837392027:user/bert-jan,aws_service,AssumeRole,0
908,arn:aws:iam::123837392027:user/bert-jan,aws_service,AssumeRole,0
909,arn:aws:iam::123837392027:user/bert-jan,aws_service,AssumeRole,0
910,arn:aws:iam::123837392027:user/bert-jan,arn:aws:iam::123837392027:role/stratus-red-team-get-usr-data-role,AssumeRole,0
911,arn:aws:iam::123837392027:user/bert-jan,arn:aws:iam::123837392027:role/stratus-red-team-get-usr-data-role,AssumeRole,0
912,arn:aws:sts::123837392027:assumed-role/stratus-red-team-get-usr-data-role/aws-go-sdk-1688990565286187801,i-0963a2e8,DescribeInstanceAttribute,0
913,arn:aws:sts::123837392027:assumed-role/stratus-red-team-get-usr-data-role/aws-go-sdk-1688990565286187801,i-77cae250,DescribeInstanceAttribute,0
914,arn:aws:sts::123837392027:assumed-role/stratus-red-team-get-usr-data-role/aws-go-sdk-1688990565286187801,i-4dc512df,DescribeInstanceAttribute,0
915,arn:aws:sts::123837392027:assumed-role/stratus-red-team-get-usr-data-role/aws-go-sdk-1688990565286187801,i-8d582f7b,DescribeInstanceAttribute,0
916,arn:aws:sts::123837392027:assumed-role/stratus-red-team-get-usr-data-role/aws-go-sdk-1688990565286187801,i-ee5be736,DescribeInstanceAttribute,0
917,arn:aws:sts::123837392027:assumed-role/stratus-red-team-get-usr-data-role/aws-go-sdk-1688990565286187801,i-8107c9c0,DescribeInstanceAttribute,0
918,arn:aws:sts::123837392027:assumed-role/stratus-red-team-get-usr-data-role/aws-go-sdk-1688990565286187801,i-f2a41e93,DescribeInstanceAttribute,0
919,arn:aws:sts::123837392027:assumed-role/stratus-red-team-get-usr-data-role/aws-go-sdk-1688990565286187801,i-34d324a6,DescribeInstanceAttribute,0
920,arn:aws:sts::123837392027:assumed-role/stratus-red-team-get-usr-data-role/aws-go-sdk-1688990565286187801,i-0c40acb1,DescribeInstanceAttribute,0
921,arn:aws:sts::123837392027:assumed-role/stratus-red-team-get-usr-data-role/aws-go-sdk-1688990565286187801,i-7a1dfe61,DescribeInstanceAttribute,0
922,arn:aws:sts::123837392027:assumed-role/stratus-red-team-get-usr-data-role/aws-go-sdk-1688990565286187801,i-dc4c8f63,DescribeInstanceAttribute,0
923,arn:aws:sts::123837392027:assumed-role/stratus-red-team-get-usr-data-role/aws-go-sdk-1688990565286187801,i-7d8e8548,DescribeInstanceAttribute,0
924,arn:aws:sts::123837392027:assumed-role/stratus-red-team-get-usr-data-role/aws-go-sdk-1688990565286187801,i-0a34046d,DescribeInstanceAttribute,0
925,arn:aws:sts::123837392027:assumed-role/stratus-red-team-get-usr-data-role/aws-go-sdk-1688990565286187801,i-867d08fc,DescribeInstanceAttribute,0
926,arn:aws:sts::123837392027:assumed-role/stratus-red-team-get-usr-data-role/aws-go-sdk-1688990565286187801,i-65903502,DescribeInstanceAttribute,0
927,arn:aws:iam::123837392027:user/bert-jan,aws_service,DescribeAccountAttributes,0
928,arn:aws:iam::123837392027:user/bert-jan,aws_service,GetUser,0
929,arn:aws:iam::123837392027:user/bert-jan,aws_service,DescribeImages,0
930,arn:aws:iam::123837392027:user/bert-jan,aws_service,DescribeAvailabilityZones,0
931,arn:aws:iam::123837392027:user/bert-jan,aws_service,GetUser,0
932,arn:aws:iam::123837392027:user/bert-jan,vpc,AllocateAddress,0
933,arn:aws:iam::123837392027:user/bert-jan,10.0.0.0/16,CreateVpc,0
934,arn:aws:iam::123837392027:user/bert-jan,stratus-red-team-ec2-enumerate-role,GetRole,0
935,arn:aws:iam::123837392027:user/bert-jan,stratus-red-team-ec2-enumerate-role,CreateRole,1
936,arn:aws:iam::123837392027:user/bert-jan,aws_service,DescribeVpcs,0
937,arn:aws:iam::123837392027:user/bert-jan,stratus-red-team-ec2-enumerate-role,ListRolePolicies,0
938,arn:aws:iam::123837392027:user/bert-jan,aws_service,DescribeAddresses,0
939,arn:aws:iam::123837392027:user/bert-jan,aws_service,DescribeVpcs,0
940,arn:aws:iam::123837392027:user/bert-jan,stratus-red-team-ec2-enumerate-role,ListAttachedRolePolicies,0
941,arn:aws:iam::123837392027:user/bert-jan,stratus-red-team-ec2-enumerate-role,ListAttachedRolePolicies,0
942,arn:aws:iam::123837392027:user/bert-jan,aws_service,DescribeVpcClassicLink,0
943,arn:aws:iam::123837392027:user/bert-jan,stratus-red-team-ec2-enumerate-instance,CreateInstanceProfile,0
944,arn:aws:iam::123837392027:user/bert-jan,aws_service,DescribeVpcClassicLinkDnsSupport,0
945,arn:aws:iam::123837392027:user/bert-jan,stratus-red-team-ec2-enumerate-instance,GetInstanceProfile,0
946,arn:aws:iam::123837392027:user/bert-jan,stratus-red-team-ec2-enumerate-role,AttachRolePolicy,1
947,arn:aws:iam::123837392027:user/bert-jan,vpc-04ae35a334cd7ef4f,DescribeVpcAttribute,0
948,arn:aws:iam::123837392027:user/bert-jan,vpc-04ae35a334cd7ef4f,DescribeVpcAttribute,0
949,arn:aws:iam::123837392027:user/bert-jan,stratus-red-team-ec2-enumerate-role,AddRoleToInstanceProfile,0
950,arn:aws:iam::123837392027:user/bert-jan,stratus-red-team-ec2-enumerate-instance,TagInstanceProfile,0
951,arn:aws:iam::123837392027:user/bert-jan,aws_service,DescribeNetworkAcls,0
952,arn:aws:iam::123837392027:user/bert-jan,aws_service,DescribeSecurityGroups,0
953,arn:aws:iam::123837392027:user/bert-jan,aws_service,DescribeRouteTables,0
954,arn:aws:iam::123837392027:user/bert-jan,aws_service,DescribeRouteTables,0
955,arn:aws:iam::123837392027:user/bert-jan,aws_service,DescribeSubnets,0
956,arn:aws:iam::123837392027:user/bert-jan,aws_service,DescribeRouteTables,0
957,arn:aws:iam::123837392027:user/bert-jan,aws_service,DescribeSubnets,0
958,arn:aws:iam::123837392027:user/bert-jan,aws_service,CreateInternetGateway,0
959,arn:aws:iam::123837392027:user/bert-jan,igw-0085514f9c3e68f60,AttachInternetGateway,0
960,arn:aws:iam::123837392027:user/bert-jan,vpc-04ae35a334cd7ef4f,CreateRouteTable,0
961,arn:aws:iam::123837392027:user/bert-jan,vpc-04ae35a334cd7ef4f,CreateRouteTable,0
962,arn:aws:iam::123837392027:user/bert-jan,vpc-04ae35a334cd7ef4f,CreateSubnet,0
963,arn:aws:iam::123837392027:user/bert-jan,vpc-04ae35a334cd7ef4f,CreateSubnet,0
964,arn:aws:iam::123837392027:user/bert-jan,aws_service,DescribeSubnets,0
965,arn:aws:iam::123837392027:user/bert-jan,aws_service,DescribeSubnets,0
966,arn:aws:iam::123837392027:user/bert-jan,rtb-01a1e48796093c514,AssociateRouteTable,0
967,arn:aws:iam::123837392027:user/bert-jan,aws_service,DescribeRouteTables,0
968,arn:aws:iam::123837392027:user/bert-jan,rtb-08838187a84b2f5bf,AssociateRouteTable,0
969,arn:aws:iam::123837392027:user/bert-jan,aws_service,DescribeInternetGateways,0
970,arn:aws:iam::123837392027:user/bert-jan,aws_service,DescribeRouteTables,0
971,arn:aws:iam::123837392027:user/bert-jan,aws_service,DescribeInternetGateways,0
972,arn:aws:iam::123837392027:user/bert-jan,aws_service,DescribeRouteTables,0
973,arn:aws:iam::123837392027:user/bert-jan,aws_service,DescribeNatGateways,0
974,arn:aws:iam::123837392027:user/bert-jan,subnet-08752c8d74ae2c324,CreateNetworkInterface,0
975,arn:aws:iam::123837392027:user/bert-jan,aws_service,DescribeRouteTables,0
976,arn:aws:iam::123837392027:user/bert-jan,aws_service,DescribeNetworkInterfaces,0
977,arn:aws:iam::123837392027:user/bert-jan,aws_service,CreateNatGateway,0
978,arn:aws:iam::123837392027:user/bert-jan,aws_service,DescribeRouteTables,0
979,arn:aws:iam::123837392027:user/bert-jan,aws_service,DescribeRouteTables,0
980,arn:aws:iam::123837392027:user/bert-jan,rtb-01a1e48796093c514,CreateRoute,0
981,arn:aws:iam::123837392027:user/bert-jan,aws_service,DescribeRouteTables,0
982,arn:aws:iam::123837392027:user/bert-jan,aws_service,DescribeNetworkInterfaces,0
983,arn:aws:iam::123837392027:user/bert-jan,aws_service,DescribeRouteTables,0
984,arn:aws:iam::123837392027:user/bert-jan,aws_service,DescribeRouteTables,0
985,arn:aws:iam::123837392027:user/bert-jan,aws_service,DescribeNatGateways,0
986,arn:aws:iam::123837392027:user/bert-jan,t3.micro,RunInstances,0
987,arn:aws:iam::123837392027:user/bert-jan,aws_service,DescribeNatGateways,0
988,arn:aws:iam::123837392027:user/bert-jan,aws_service,DescribeNatGateways,0
989,arn:aws:iam::123837392027:user/bert-jan,t3.micro,RunInstances,0
990,arn:aws:iam::123837392027:user/bert-jan,aws_service,DescribeNatGateways,0
991,arn:aws:iam::123837392027:user/bert-jan,t3.micro,RunInstances,0
992,,arn:aws:iam::123837392027:role/stratus-red-team-ec2-enumerate-role,AssumeRole,0
993,,arn:aws:iam::123837392027:role/stratus-red-team-ec2-enumerate-role,AssumeRole,0
994,,aws_service,SharedSnapshotVolumeCreated,0
995,arn:aws:iam::123837392027:user/bert-jan,aws_service,DescribeNatGateways,0
996,arn:aws:iam::123837392027:user/bert-jan,aws_service,DescribeNatGateways,0
997,arn:aws:iam::123837392027:user/bert-jan,aws_service,DescribeInstances,0
998,arn:aws:iam::123837392027:user/bert-jan,aws_service,DescribeTags,0
999,arn:aws:iam::123837392027:user/bert-jan,aws_service,DescribeInstances,0
1000,arn:aws:iam::123837392027:user/bert-jan,i-05c30218156bcc246,DescribeInstanceAttribute,0
1001,arn:aws:iam::123837392027:user/bert-jan,aws_service,DescribeVpcs,0
1002,arn:aws:iam::123837392027:user/bert-jan,aws_service,DescribeVolumes,0
1003,arn:aws:iam::123837392027:user/bert-jan,i-05c30218156bcc246,DescribeInstanceAttribute,0
1004,arn:aws:iam::123837392027:user/bert-jan,aws_service,DescribeInstanceCreditSpecifications,0
1005,arn:aws:iam::123837392027:user/bert-jan,i-05c30218156bcc246,DescribeInstanceAttribute,0
1006,arn:aws:iam::123837392027:user/bert-jan,aws_service,DescribeNatGateways,0
1007,arn:aws:iam::123837392027:user/bert-jan,aws_service,DescribeNatGateways,0
1008,arn:aws:iam::123837392027:user/bert-jan,aws_service,DescribeNatGateways,0
1009,,arn:aws:iam::123837392027:role/aws-service-role/inspector2.amazonaws.com/AWSServiceRoleForAmazonInspector2,AssumeRole,0
1010,,arn:aws:iam::123837392027:role/aws-service-role/inspector2.amazonaws.com/AWSServiceRoleForAmazonInspector2,AssumeRole,0
1011,arn:aws:sts::123837392027:assumed-role/AWSServiceRoleForAmazonInspector2/MandoService364061179539770931,aws_service,DescribeInstances,0
1012,arn:aws:iam::123837392027:user/bert-jan,aws_service,DescribeNatGateways,0
1013,arn:aws:iam::123837392027:user/bert-jan,aws_service,DescribeNatGateways,0
1014,arn:aws:iam::123837392027:user/bert-jan,aws_service,DescribeNatGateways,0
1015,arn:aws:iam::123837392027:user/bert-jan,aws_service,DescribeNatGateways,0
1016,arn:aws:iam::123837392027:user/bert-jan,aws_service,DescribeNatGateways,0
1017,arn:aws:iam::123837392027:user/bert-jan,aws_service,DescribeNatGateways,0
1018,arn:aws:iam::123837392027:user/bert-jan,aws_service,DescribeNatGateways,0
1019,arn:aws:iam::123837392027:user/bert-jan,rtb-08838187a84b2f5bf,CreateRoute,0
1020,arn:aws:iam::123837392027:user/bert-jan,aws_service,DescribeRouteTables,0
1021,arn:aws:iam::123837392027:user/bert-jan,aws_service,DescribeRouteTables,0
1022,arn:aws:iam::123837392027:user/bert-jan,aws_service,DescribeRouteTables,0
1023,arn:aws:iam::123837392027:user/bert-jan,AWS-RunShellScript,SendCommand,0
1024,arn:aws:sts::123837392027:assumed-role/stratus-red-team-ec2-enumerate-role/i-05c30218156bcc246,i-05c30218156bcc246,UpdateInstanceInformation,0
1025,arn:aws:sts::123837392027:assumed-role/stratus-red-team-ec2-enumerate-role/i-05c30218156bcc246,i-05c30218156bcc246,UpdateInstanceInformation,0
1026,arn:aws:sts::123837392027:assumed-role/stratus-red-team-ec2-enumerate-role/i-05c30218156bcc246,i-05c30218156bcc246,UpdateInstanceAssociationStatus,0
1027,arn:aws:sts::123837392027:assumed-role/stratus-red-team-ec2-enumerate-role/i-05c30218156bcc246,i-05c30218156bcc246,UpdateInstanceAssociationStatus,0
1028,arn:aws:sts::123837392027:assumed-role/stratus-red-team-ec2-enumerate-role/i-05c30218156bcc246,i-05c30218156bcc246,PutComplianceItems,0
1029,arn:aws:sts::123837392027:assumed-role/stratus-red-team-ec2-enumerate-role/i-05c30218156bcc246,i-05c30218156bcc246,PutInventory,0
1030,arn:aws:sts::123837392027:assumed-role/stratus-red-team-ec2-enumerate-role/i-05c30218156bcc246,i-05c30218156bcc246,UpdateInstanceAssociationStatus,0
1031,arn:aws:iam::123837392027:user/bert-jan,aws_service,DescribeAccountAttributes,0
1032,arn:aws:iam::123837392027:user/bert-jan,aws_service,GetCallerIdentity,0
1033,arn:aws:iam::123837392027:user/bert-jan,aws_service,GetUser,0
1034,arn:aws:iam::123837392027:user/bert-jan,aws_service,DescribeAvailabilityZones,0
1035,arn:aws:iam::123837392027:user/bert-jan,aws_service,DescribeImages,0
1036,arn:aws:iam::123837392027:user/bert-jan,stratus-red-team-ec2lui-role-pcccexdthk,ListAttachedRolePolicies,0
1037,arn:aws:iam::123837392027:user/bert-jan,arn:aws:iam::123837392027:policy/stratus-red-team-ec2lui-policy-pcccexdthk,GetPolicy,0
1038,arn:aws:iam::123837392027:user/bert-jan,stratus-red-team-ec2lui-role-pcccexdthk,CreateRole,1
1039,arn:aws:iam::123837392027:user/bert-jan,arn:aws:iam::123837392027:policy/stratus-red-team-ec2lui-policy-pcccexdthk,GetPolicyVersion,0
1040,arn:aws:iam::123837392027:user/bert-jan,10.0.0.0/16,CreateVpc,0
1041,arn:aws:iam::123837392027:user/bert-jan,stratus-red-team-ec2lui-policy-pcccexdthk,CreatePolicy,0
1042,arn:aws:iam::123837392027:user/bert-jan,aws_service,GetUser,0
1043,arn:aws:iam::123837392027:user/bert-jan,stratus-red-team-ec2lui-role-pcccexdthk,ListRolePolicies,0
1044,arn:aws:iam::123837392027:user/bert-jan,stratus-red-team-ec2lui-role-pcccexdthk,GetRole,0
1045,arn:aws:iam::123837392027:user/bert-jan,aws_service,DescribeVpcs,0
1046,arn:aws:iam::123837392027:user/bert-jan,aws_service,DescribeVpcs,0
1047,arn:aws:iam::123837392027:user/bert-jan,vpc-0fa94f40db415f317,DescribeVpcAttribute,0
1048,arn:aws:iam::123837392027:user/bert-jan,arn:aws:iam::123837392027:policy/stratus-red-team-ec2lui-policy-pcccexdthk,GetPolicy,0
1049,arn:aws:iam::123837392027:user/bert-jan,arn:aws:iam::123837392027:policy/stratus-red-team-ec2lui-policy-pcccexdthk,ListEntitiesForPolicy,0
1050,arn:aws:iam::123837392027:user/bert-jan,stratus-red-team-ec2lui-role-pcccexdthk,AttachRolePolicy,1
1051,arn:aws:iam::123837392027:user/bert-jan,vpc-0fa94f40db415f317,DescribeVpcAttribute,0
1052,arn:aws:iam::123837392027:user/bert-jan,vpc-0fa94f40db415f317,DescribeVpcAttribute,0
1053,arn:aws:iam::123837392027:user/bert-jan,aws_service,DescribeVpcClassicLinkDnsSupport,0
1054,arn:aws:iam::123837392027:user/bert-jan,aws_service,DescribeVpcClassicLink,0
1055,arn:aws:iam::123837392027:user/bert-jan,vpc-0fa94f40db415f317,CreateRouteTable,0
1056,arn:aws:iam::123837392027:user/bert-jan,vpc-0fa94f40db415f317,CreateRouteTable,0
1057,arn:aws:iam::123837392027:user/bert-jan,igw-040b2274c4a167722,AttachInternetGateway,0
1058,arn:aws:iam::123837392027:user/bert-jan,aws_service,DescribeNetworkAcls,0
1059,arn:aws:iam::123837392027:user/bert-jan,aws_service,DescribeRouteTables,0
1060,arn:aws:iam::123837392027:user/bert-jan,aws_service,DescribeSecurityGroups,0
1061,arn:aws:iam::123837392027:user/bert-jan,aws_service,CreateInternetGateway,0
1062,arn:aws:iam::123837392027:user/bert-jan,vpc-0fa94f40db415f317,CreateSubnet,0
1063,arn:aws:iam::123837392027:user/bert-jan,aws_service,DescribeInternetGateways,0
1064,arn:aws:iam::123837392027:user/bert-jan,rtb-06711e8f3a624506d,AssociateRouteTable,0
1065,arn:aws:iam::123837392027:user/bert-jan,aws_service,DescribeRouteTables,0
1066,arn:aws:iam::123837392027:user/bert-jan,aws_service,DescribeSubnets,0
1067,arn:aws:iam::123837392027:user/bert-jan,aws_service,DescribeSubnets,0
1068,arn:aws:iam::123837392027:user/bert-jan,vpc-0fa94f40db415f317,CreateSubnet,0
1069,arn:aws:iam::123837392027:user/bert-jan,aws_service,DescribeRouteTables,0
1070,arn:aws:iam::123837392027:user/bert-jan,aws_service,DescribeInternetGateways,0
1071,arn:aws:iam::123837392027:user/bert-jan,aws_service,DescribeRouteTables,0
1072,arn:aws:iam::123837392027:user/bert-jan,aws_service,DescribeRouteTables,0
1073,arn:aws:iam::123837392027:user/bert-jan,aws_service,DescribeRouteTables,0
1074,arn:aws:iam::123837392027:user/bert-jan,aws_service,DescribeRouteTables,0
1075,arn:aws:iam::123837392027:user/bert-jan,aws_service,DescribeRouteTables,0
1076,arn:aws:iam::123837392027:user/bert-jan,rtb-0906d1e2f52ebe9b0,AssociateRouteTable,0
1077,arn:aws:iam::123837392027:user/bert-jan,aws_service,DescribeRouteTables,0
1078,arn:aws:iam::123837392027:user/bert-jan,aws_service,DescribeSubnets,0
1079,arn:aws:iam::123837392027:user/bert-jan,aws_service,DescribeRouteTables,0
1080,arn:aws:iam::123837392027:user/bert-jan,aws_service,DescribeSubnets,0
1081,arn:aws:iam::123837392027:user/bert-jan,rtb-06711e8f3a624506d,CreateRoute,0
1082,arn:aws:iam::123837392027:user/bert-jan,aws_service,DescribeRouteTables,0
1083,arn:aws:iam::123837392027:user/bert-jan,aws_service,DescribeRouteTables,0
1084,arn:aws:iam::123837392027:user/bert-jan,aws_service,DescribeRouteTables,0
1085,arn:aws:iam::123837392027:user/bert-jan,aws_service,DescribeRouteTables,0
1086,arn:aws:iam::123837392027:user/bert-jan,aws_service,AssumeRole,0
1087,arn:aws:iam::123837392027:user/bert-jan,aws_service,AssumeRole,0
1088,arn:aws:iam::123837392027:user/bert-jan,arn:aws:iam::123837392027:role/stratus-red-team-ec2lui-role-pcccexdthk,AssumeRole,0
1089,arn:aws:iam::123837392027:user/bert-jan,arn:aws:iam::123837392027:role/stratus-red-team-ec2lui-role-pcccexdthk,AssumeRole,0
1090,arn:aws:sts::123837392027:assumed-role/stratus-red-team-ec2lui-role-pcccexdthk/aws-go-sdk-1688990797103471741,p2.xlarge,RunInstances,0
1091,arn:aws:sts::123837392027:assumed-role/stratus-red-team-ec2-steal-credentials-role/i-0dbc91f429e48eeed,i-0dbc91f429e48eeed,UpdateInstanceInformation,0
1092,arn:aws:sts::123837392027:assumed-role/stratus-red-team-ec2-enumerate-role/i-05c30218156bcc246,i-05c30218156bcc246,UpdateInstanceInformation,0
1093,,stratus-red-team-ctlr-bucket-zqfsvooxqj,GetBucketAcl,0
1094,arn:aws:iam::123837392027:user/bert-jan,aws_service,DescribeAccountAttributes,0
1095,,stratus-red-team-ctlr-bucket-zqfsvooxqj,GetBucketAcl,0
1096,,stratus-red-team-ctlr-bucket-zqfsvooxqj,GetBucketAcl,0
1097,arn:aws:iam::123837392027:user/bert-jan,aws_service,DescribeImages,0
1098,arn:aws:iam::123837392027:user/bert-jan,aws_service,GetUser,0
1099,arn:aws:iam::123837392027:user/bert-jan,aws_service,GetUser,0
1100,arn:aws:iam::123837392027:user/bert-jan,stratus-red-team-usr-data-role,CreateRole,1
1101,arn:aws:iam::123837392027:user/bert-jan,10.0.0.0/16,CreateVpc,0
1102,arn:aws:iam::123837392027:user/bert-jan,aws_service,DescribeAddresses,0
1103,arn:aws:iam::123837392027:user/bert-jan,vpc,AllocateAddress,0
1104,arn:aws:iam::123837392027:user/bert-jan,stratus-red-team-usr-data-role,GetRole,0
1105,arn:aws:iam::123837392027:user/bert-jan,stratus-red-team-usr-data-role,ListRolePolicies,0
1106,arn:aws:iam::123837392027:user/bert-jan,stratus-red-team-usr-data-role,ListAttachedRolePolicies,0
1107,arn:aws:iam::123837392027:user/bert-jan,stratus-red-team-usr-data-instance,GetInstanceProfile,0
1108,arn:aws:iam::123837392027:user/bert-jan,stratus-red-team-usr-data-role,ListAttachedRolePolicies,0
1109,arn:aws:iam::123837392027:user/bert-jan,stratus-red-team-usr-data-instance,CreateInstanceProfile,0
1110,arn:aws:iam::123837392027:user/bert-jan,stratus-red-team-usr-data-role,AttachRolePolicy,1
1111,arn:aws:iam::123837392027:user/bert-jan,stratus-red-team-usr-data-role,AddRoleToInstanceProfile,0
1112,arn:aws:iam::123837392027:user/bert-jan,stratus-red-team-usr-data-instance,TagInstanceProfile,0
1113,arn:aws:iam::123837392027:user/bert-jan,aws_service,DescribeImages,0
1114,arn:aws:iam::123837392027:user/bert-jan,aws_service,DescribeAvailabilityZones,0
1115,arn:aws:iam::123837392027:user/bert-jan,stratus-red-team-usr-data-role,GetRole,0
1116,arn:aws:iam::123837392027:user/bert-jan,aws_service,GetUser,0
1117,arn:aws:iam::123837392027:user/bert-jan,stratus-red-team-usr-data-role,ListAttachedRolePolicies,0
1118,arn:aws:iam::123837392027:user/bert-jan,stratus-red-team-usr-data-role,ListRolePolicies,0
1119,arn:aws:iam::123837392027:user/bert-jan,aws_service,DescribeAddresses,0
1120,arn:aws:iam::123837392027:user/bert-jan,stratus-red-team-usr-data-role,ListAttachedRolePolicies,0
1121,arn:aws:iam::123837392027:user/bert-jan,stratus-red-team-usr-data-instance,GetInstanceProfile,0
1122,arn:aws:iam::123837392027:user/bert-jan,stratus-red-team-usr-data-role,GetRole,0
1123,arn:aws:iam::123837392027:user/bert-jan,aws_service,DescribeAddresses,0
1124,arn:aws:iam::123837392027:user/bert-jan,aws_service,GetUser,0
1125,arn:aws:iam::123837392027:user/bert-jan,stratus-red-team-usr-data-role,RemoveRoleFromInstanceProfile,0
1126,arn:aws:iam::123837392027:user/bert-jan,stratus-red-team-usr-data-role,DetachRolePolicy,0
1127,arn:aws:iam::123837392027:user/bert-jan,stratus-red-team-usr-data-role,ListInstanceProfilesForRole,0
1128,arn:aws:iam::123837392027:user/bert-jan,stratus-red-team-usr-data-role,ListAttachedRolePolicies,0
1129,arn:aws:iam::123837392027:user/bert-jan,eipalloc-09d58d8a1fc361502,ReleaseAddress,0
1130,arn:aws:iam::123837392027:user/bert-jan,stratus-red-team-usr-data-instance,DeleteInstanceProfile,0
1131,arn:aws:iam::123837392027:user/bert-jan,stratus-red-team-usr-data-role,DeleteRole,0
1132,arn:aws:iam::123837392027:user/bert-jan,stratus-red-team-usr-data-role,ListRolePolicies,0
1133,,stratus-red-team-ctlr-bucket-zqfsvooxqj,GetBucketAcl,0
1134,arn:aws:sts::123837392027:assumed-role/stratus-red-team-ec2-steal-credentials-role/i-0dbc91f429e48eeed,i-0dbc91f429e48eeed,ListInstanceAssociations,0
1135,arn:aws:iam::123837392027:user/benjamin,eventTypeCategory,DescribeEventAggregates,0
1136,arn:aws:iam::123837392027:user/benjamin,eventTypeCategory,DescribeEventAggregates,0
1137,arn:aws:iam::123837392027:user/bert-jan,stratus-red-team-ctes-trail-qyxyekjbtk,PutEventSelectors,1
1138,arn:aws:iam::123837392027:user/bert-jan,stratus-red-team-ctlr-bucket-zqfsvooxqj,DeleteBucketLifecycle,0
1139,arn:aws:iam::123837392027:user/bert-jan,stratus-red-team-ct-stop-trail-qzbgnfqisx,StartLogging,0
1140,arn:aws:iam::123837392027:user/bert-jan,aws_service,GetUser,0
1141,arn:aws:iam::123837392027:user/bert-jan,aws_service,GetUser,0
1142,arn:aws:iam::123837392027:user/bert-jan,aws_service,GetUser,0
1143,arn:aws:iam::123837392027:user/bert-jan,aws_service,GetUser,0
1144,arn:aws:iam::123837392027:user/bert-jan,aws_service,DescribeVpcs,0
1145,arn:aws:iam::123837392027:user/bert-jan,stratus-red-team-ec2-get-password-data-role,GetRole,0
1146,arn:aws:iam::123837392027:user/bert-jan,SYMMETRIC_DEFAULT,Decrypt,0
1147,arn:aws:iam::123837392027:user/bert-jan,/credentials/stratus-red-team/credentials-36,GetParameter,0
1148,arn:aws:iam::123837392027:user/bert-jan,arn:aws:secretsmanager:us-east-1:123837392027:secret:stratus-red-team-retrieve-secret-14-ZgthLn,DescribeSecret,0
1149,arn:aws:iam::123837392027:user/bert-jan,SYMMETRIC_DEFAULT,Decrypt,0
1150,arn:aws:iam::123837392027:user/bert-jan,arn:aws:secretsmanager:us-east-1:123837392027:secret:stratus-red-team-retrieve-secret-10-agquim,DescribeSecret,0
1151,arn:aws:iam::123837392027:user/bert-jan,/credentials/stratus-red-team/credentials-25,GetParameter,0
1152,arn:aws:iam::123837392027:user/bert-jan,/credentials/stratus-red-team/credentials-21,GetParameter,0
1153,arn:aws:iam::123837392027:user/bert-jan,SYMMETRIC_DEFAULT,Decrypt,0
1154,arn:aws:iam::123837392027:user/bert-jan,arn:aws:secretsmanager:us-east-1:123837392027:secret:stratus-red-team-retrieve-secret-19-0HEVow,DescribeSecret,0
1155,arn:aws:iam::123837392027:user/bert-jan,/credentials/stratus-red-team/credentials-17,GetParameter,0
1156,arn:aws:iam::123837392027:user/bert-jan,aws_service,GetUser,0
1157,arn:aws:iam::123837392027:user/bert-jan,aws_service,GetUser,0
1158,arn:aws:iam::123837392027:user/bert-jan,SYMMETRIC_DEFAULT,Decrypt,0
1159,arn:aws:iam::123837392027:user/bert-jan,/stratus-red-team/vpc-flow-logs,DescribeLogGroups,0
1160,arn:aws:iam::123837392027:user/bert-jan,aws_service,GetUser,0
1161,arn:aws:iam::123837392027:user/bert-jan,arn:aws:secretsmanager:us-east-1:123837392027:secret:stratus-red-team-retrieve-secret-11-mekIRl,DescribeSecret,0
1162,arn:aws:iam::123837392027:user/bert-jan,aws_service,DescribeImages,0
1163,arn:aws:iam::123837392027:user/bert-jan,stratus-red-team-remove-flow-logs-role,GetRole,0
1164,arn:aws:iam::123837392027:user/bert-jan,/credentials/stratus-red-team/credentials-18,GetParameter,0
1165,arn:aws:iam::123837392027:user/bert-jan,/credentials/stratus-red-team/credentials-32,GetParameter,0
1166,arn:aws:iam::123837392027:user/bert-jan,/credentials/stratus-red-team/credentials-2,GetParameter,0
1167,arn:aws:iam::123837392027:user/bert-jan,stratus-red-team-ec2-enumerate-role,GetRole,0
1168,arn:aws:iam::123837392027:user/bert-jan,arn:aws:secretsmanager:us-east-1:123837392027:secret:stratus-red-team-retrieve-secret-16-ZgthLn,DescribeSecret,0
1169,arn:aws:iam::123837392027:user/bert-jan,aws_service,DescribeVpcClassicLink,0
1170,arn:aws:iam::123837392027:user/bert-jan,aws_service,DescribeVpcs,0
1171,arn:aws:iam::123837392027:user/bert-jan,SYMMETRIC_DEFAULT,Decrypt,0
1172,arn:aws:iam::123837392027:user/bert-jan,aws_service,GetUser,0
1173,arn:aws:iam::123837392027:user/bert-jan,aws_service,GetCallerIdentity,0
1174,arn:aws:iam::123837392027:user/bert-jan,arn:aws:secretsmanager:us-east-1:123837392027:secret:stratus-red-team-retrieve-secret-18-L0CnJd,DescribeSecret,0
1175,arn:aws:iam::123837392027:user/bert-jan,aws_service,GetCallerIdentity,0
1176,arn:aws:iam::123837392027:user/bert-jan,/credentials/stratus-red-team/credentials-33,GetParameter,0
1177,arn:aws:iam::123837392027:user/bert-jan,aws_service,GetUser,0
1178,arn:aws:iam::123837392027:user/bert-jan,aws_service,GetUser,0
1179,arn:aws:iam::123837392027:user/bert-jan,aws_service,DescribeAvailabilityZones,0
1180,arn:aws:iam::123837392027:user/bert-jan,SYMMETRIC_DEFAULT,Decrypt,0
1181,arn:aws:iam::123837392027:user/bert-jan,SYMMETRIC_DEFAULT,Decrypt,0
1182,arn:aws:iam::123837392027:user/bert-jan,arn:aws:secretsmanager:us-east-1:123837392027:secret:stratus-red-team-retrieve-secret-4-xehWok,DescribeSecret,0
1183,arn:aws:iam::123837392027:user/bert-jan,/credentials/stratus-red-team/credentials-15,GetParameter,0
1184,arn:aws:iam::123837392027:user/bert-jan,/stratus-red-team/vpc-flow-logs,ListTagsLogGroup,0
1185,arn:aws:iam::123837392027:user/bert-jan,aws_service,GetUser,0
1186,arn:aws:iam::123837392027:user/bert-jan,stratus-red-team-get-usr-data-role,GetRole,0
1187,arn:aws:iam::123837392027:user/bert-jan,SYMMETRIC_DEFAULT,Decrypt,0
1188,arn:aws:iam::123837392027:user/bert-jan,aws_service,GetCallerIdentity,0
1189,arn:aws:iam::123837392027:user/bert-jan,/credentials/stratus-red-team/credentials-22,GetParameter,0
1190,arn:aws:iam::123837392027:user/bert-jan,SYMMETRIC_DEFAULT,Decrypt,0
1191,arn:aws:iam::123837392027:user/bert-jan,arn:aws:secretsmanager:us-east-1:123837392027:secret:stratus-red-team-retrieve-secret-5-iugd0p,DescribeSecret,0
1192,arn:aws:iam::123837392027:user/bert-jan,arn:aws:secretsmanager:us-east-1:123837392027:secret:stratus-red-team-retrieve-secret-5-iugd0p,GetResourcePolicy,0
1193,arn:aws:iam::123837392027:user/bert-jan,arn:aws:secretsmanager:us-east-1:123837392027:secret:stratus-red-team-retrieve-secret-3-i1OGGG,GetResourcePolicy,0
1194,arn:aws:iam::123837392027:user/bert-jan,Parameter,ListTagsForResource,0
1195,arn:aws:iam::123837392027:user/bert-jan,aws_service,DescribeParameters,0
1196,arn:aws:iam::123837392027:user/bert-jan,arn:aws:secretsmanager:us-east-1:123837392027:secret:stratus-red-team-retrieve-secret-19-0HEVow,GetResourcePolicy,0
1197,arn:aws:iam::123837392027:user/bert-jan,stratus-red-team-ec2-enumerate-role,ListRolePolicies,0
1198,arn:aws:iam::123837392027:user/bert-jan,arn:aws:secretsmanager:us-east-1:123837392027:secret:stratus-red-team-retrieve-secret-18-L0CnJd,GetResourcePolicy,0
1199,arn:aws:iam::123837392027:user/bert-jan,aws_service,DescribeVpcClassicLink,0
1200,arn:aws:iam::123837392027:user/bert-jan,Parameter,ListTagsForResource,0
1201,arn:aws:iam::123837392027:user/bert-jan,stratus-red-team-ec2-get-password-data-role,GetRolePolicy,0
1202,arn:aws:iam::123837392027:user/bert-jan,Parameter,ListTagsForResource,0
1203,arn:aws:iam::123837392027:user/bert-jan,aws_service,DescribeParameters,0
1204,arn:aws:iam::123837392027:user/bert-jan,aws_service,DescribeParameters,0
1205,arn:aws:iam::123837392027:user/bert-jan,stratus-red-team-get-usr-data-role,ListRolePolicies,0
1206,arn:aws:iam::123837392027:user/bert-jan,stratus-red-team-remove-flow-logs-role,ListAttachedRolePolicies,0
1207,arn:aws:iam::123837392027:user/bert-jan,stratus-red-team-ec2-steal-credentials-role,ListRolePolicies,0
1208,arn:aws:iam::123837392027:user/bert-jan,stratus-red-team-ctlr-bucket-zqfsvooxqj,GetBucketPolicy,0
1209,arn:aws:iam::123837392027:user/bert-jan,stratus-red-team-leave-org-role,ListRolePolicies,0
1210,arn:aws:iam::123837392027:user/bert-jan,arn:aws:secretsmanager:us-east-1:123837392027:secret:stratus-red-team-retrieve-secret-14-ZgthLn,GetResourcePolicy,0
1211,arn:aws:iam::123837392027:user/bert-jan,arn:aws:secretsmanager:us-east-1:123837392027:secret:stratus-red-team-retrieve-secret-12-mwz4gq,GetResourcePolicy,0
1212,arn:aws:iam::123837392027:user/bert-jan,arn:aws:secretsmanager:us-east-1:123837392027:secret:stratus-red-team-retrieve-secret-15-wL771x,GetResourcePolicy,0
1213,arn:aws:iam::123837392027:user/bert-jan,arn:aws:secretsmanager:us-east-1:123837392027:secret:stratus-red-team-retrieve-secret-3-i1OGGG,DescribeSecret,0
1214,arn:aws:iam::123837392027:user/bert-jan,arn:aws:secretsmanager:us-east-1:123837392027:secret:stratus-red-team-retrieve-secret-4-xehWok,GetResourcePolicy,0
1215,arn:aws:iam::123837392027:user/bert-jan,arn:aws:secretsmanager:us-east-1:123837392027:secret:stratus-red-team-retrieve-secret-7-nFvpuv,GetResourcePolicy,0
1216,arn:aws:iam::123837392027:user/bert-jan,aws_service,DescribeVpcClassicLinkDnsSupport,0
1217,arn:aws:iam::123837392027:user/bert-jan,aws_service,DescribeParameters,0
1218,arn:aws:iam::123837392027:user/bert-jan,aws_service,DescribeAddresses,0
1219,arn:aws:iam::123837392027:user/bert-jan,arn:aws:secretsmanager:us-east-1:123837392027:secret:stratus-red-team-retrieve-secret-6-fAVH0t,DescribeSecret,0
1220,arn:aws:iam::123837392027:user/bert-jan,arn:aws:secretsmanager:us-east-1:123837392027:secret:stratus-red-team-retrieve-secret-9-7ChiHt,GetResourcePolicy,0
1221,arn:aws:iam::123837392027:user/bert-jan,arn:aws:secretsmanager:us-east-1:123837392027:secret:stratus-red-team-retrieve-secret-1-ywtiPr,GetResourcePolicy,0
1222,arn:aws:iam::123837392027:user/bert-jan,aws_service,DescribeVpcClassicLinkDnsSupport,0
1223,arn:aws:iam::123837392027:user/bert-jan,stratus-red-team-ec2-enumerate-role,ListAttachedRolePolicies,0
1224,arn:aws:iam::123837392027:user/bert-jan,vpc-0255d384b4b458b46,DescribeVpcAttribute,0
1225,arn:aws:iam::123837392027:user/bert-jan,Parameter,ListTagsForResource,0
1226,arn:aws:iam::123837392027:user/bert-jan,stratus-red-team-ec2-steal-credentials-role,GetRole,0
1227,arn:aws:iam::123837392027:user/bert-jan,stratus-red-team-remove-flow-logs-role,GetRolePolicy,0
1228,arn:aws:iam::123837392027:user/bert-jan,aws_service,DescribeAvailabilityZones,0
1229,arn:aws:iam::123837392027:user/bert-jan,aws_service,GetUser,0
1230,arn:aws:iam::123837392027:user/bert-jan,aws_service,DescribeVpcClassicLink,0
1231,arn:aws:iam::123837392027:user/bert-jan,Parameter,ListTagsForResource,0
1232,arn:aws:iam::123837392027:user/bert-jan,Parameter,ListTagsForResource,0
1233,arn:aws:iam::123837392027:user/bert-jan,Parameter,ListTagsForResource,0
1234,arn:aws:iam::123837392027:user/bert-jan,aws_service,DescribeParameters,0
1235,arn:aws:iam::123837392027:user/bert-jan,aws_service,DescribeParameters,0
1236,arn:aws:iam::123837392027:user/bert-jan,arn:aws:secretsmanager:us-east-1:123837392027:secret:stratus-red-team-retrieve-secret-17-QaRzei,GetResourcePolicy,0
1237,arn:aws:iam::123837392027:user/bert-jan,stratus-red-team-ctes-bucket-qyxyekjbtk,GetBucketPolicy,0
1238,arn:aws:iam::123837392027:user/bert-jan,aws_service,DescribeAddresses,0
1239,arn:aws:iam::123837392027:user/bert-jan,arn:aws:secretsmanager:us-east-1:123837392027:secret:stratus-red-team-retrieve-secret-13-nFvpuv,GetResourcePolicy,0
1240,arn:aws:iam::123837392027:user/bert-jan,stratus-red-team-ctlr-bucket-zqfsvooxqj,GetBucketAcl,0
1241,arn:aws:iam::123837392027:user/bert-jan,arn:aws:secretsmanager:us-east-1:123837392027:secret:stratus-red-team-retrieve-secret-2-agquim,GetResourcePolicy,0
1242,arn:aws:iam::123837392027:user/bert-jan,arn:aws:secretsmanager:us-east-1:123837392027:secret:stratus-red-team-retrieve-secret-1-ywtiPr,DescribeSecret,0
1243,arn:aws:iam::123837392027:user/bert-jan,stratus-red-team-get-usr-data-role,GetRolePolicy,0
1244,arn:aws:iam::123837392027:user/bert-jan,arn:aws:secretsmanager:us-east-1:123837392027:secret:stratus-red-team-retrieve-secret-6-fAVH0t,GetResourcePolicy,0
1245,arn:aws:iam::123837392027:user/bert-jan,arn:aws:secretsmanager:us-east-1:123837392027:secret:stratus-red-team-retrieve-secret-0-xehWok,GetResourcePolicy,0
1246,arn:aws:iam::123837392027:user/bert-jan,arn:aws:secretsmanager:us-east-1:123837392027:secret:stratus-red-team-retrieve-secret-9-7ChiHt,DescribeSecret,0
1247,arn:aws:iam::123837392027:user/bert-jan,arn:aws:secretsmanager:us-east-1:123837392027:secret:stratus-red-team-retrieve-secret-8-2aONLk,GetResourcePolicy,0
1248,arn:aws:iam::123837392027:user/bert-jan,aws_service,DescribeParameters,0
1249,arn:aws:iam::123837392027:user/bert-jan,aws_service,DescribeParameters,0
1250,arn:aws:iam::123837392027:user/bert-jan,arn:aws:secretsmanager:us-east-1:123837392027:secret:stratus-red-team-retrieve-secret-10-agquim,GetResourcePolicy,0
1251,arn:aws:iam::123837392027:user/bert-jan,Parameter,ListTagsForResource,0
1252,arn:aws:iam::123837392027:user/bert-jan,aws_service,DescribeParameters,0
1253,arn:aws:iam::123837392027:user/bert-jan,Parameter,ListTagsForResource,0
1254,arn:aws:iam::123837392027:user/bert-jan,arn:aws:secretsmanager:us-east-1:123837392027:secret:stratus-red-team-retrieve-secret-0-xehWok,DescribeSecret,0
1255,arn:aws:iam::123837392027:user/bert-jan,arn:aws:secretsmanager:us-east-1:123837392027:secret:stratus-red-team-retrieve-secret-11-mekIRl,GetResourcePolicy,0
1256,arn:aws:iam::123837392027:user/bert-jan,stratus-red-team-leave-org-role,GetRole,0
1257,arn:aws:iam::123837392027:user/bert-jan,Parameter,ListTagsForResource,0
1258,arn:aws:iam::123837392027:user/bert-jan,aws_service,DescribeImages,0
1259,arn:aws:iam::123837392027:user/bert-jan,arn:aws:secretsmanager:us-east-1:123837392027:secret:stratus-red-team-retrieve-secret-13-nFvpuv,DescribeSecret,0
1260,arn:aws:iam::123837392027:user/bert-jan,arn:aws:secretsmanager:us-east-1:123837392027:secret:stratus-red-team-retrieve-secret-7-nFvpuv,DescribeSecret,0
1261,arn:aws:iam::123837392027:user/bert-jan,arn:aws:secretsmanager:us-east-1:123837392027:secret:stratus-red-team-retrieve-secret-17-QaRzei,DescribeSecret,0
1262,arn:aws:iam::123837392027:user/bert-jan,vpc-0fa94f40db415f317,DescribeVpcAttribute,0
1263,arn:aws:iam::123837392027:user/bert-jan,aws_service,DescribeVpcClassicLinkDnsSupport,0
1264,arn:aws:iam::123837392027:user/bert-jan,stratus-red-team-ec2-enumerate-role,GetRole,0
1265,arn:aws:iam::123837392027:user/bert-jan,stratus-red-team-leave-org-role,GetRolePolicy,0
1266,arn:aws:iam::123837392027:user/bert-jan,stratus-red-team-get-usr-data-role,ListAttachedRolePolicies,0
1267,arn:aws:iam::123837392027:user/bert-jan,vpc-0fa94f40db415f317,DescribeVpcAttribute,0
1268,arn:aws:iam::123837392027:user/bert-jan,stratus-red-team-ec2-steal-credentials-role,ListAttachedRolePolicies,0
1269,arn:aws:iam::123837392027:user/bert-jan,arn:aws:secretsmanager:us-east-1:123837392027:secret:stratus-red-team-retrieve-secret-15-wL771x,GetSecretValue,1
1270,arn:aws:iam::123837392027:user/bert-jan,SYMMETRIC_DEFAULT,Decrypt,0
1271,arn:aws:iam::123837392027:user/bert-jan,arn:aws:secretsmanager:us-east-1:123837392027:secret:stratus-red-team-retrieve-secret-14-ZgthLn,GetSecretValue,1
1272,arn:aws:iam::123837392027:user/bert-jan,Parameter,ListTagsForResource,0
1273,arn:aws:iam::123837392027:user/bert-jan,SYMMETRIC_DEFAULT,Decrypt,0
1274,arn:aws:iam::123837392027:user/bert-jan,/credentials/stratus-red-team/credentials-39,GetParameter,0
1275,arn:aws:iam::123837392027:user/bert-jan,Parameter,ListTagsForResource,0
1276,arn:aws:iam::123837392027:user/bert-jan,arn:aws:secretsmanager:us-east-1:123837392027:secret:stratus-red-team-retrieve-secret-2-agquim,GetSecretValue,1
1277,arn:aws:iam::123837392027:user/bert-jan,SYMMETRIC_DEFAULT,Decrypt,0
1278,arn:aws:iam::123837392027:user/bert-jan,SYMMETRIC_DEFAULT,Decrypt,0
1279,arn:aws:iam::123837392027:user/bert-jan,vpc-0fa94f40db415f317,DescribeVpcAttribute,0
1280,arn:aws:iam::123837392027:user/bert-jan,aws_service,DescribeVpcClassicLink,0
1281,arn:aws:iam::123837392027:user/bert-jan,aws_service,DescribeParameters,0
1282,arn:aws:iam::123837392027:user/bert-jan,SYMMETRIC_DEFAULT,Decrypt,0
1283,arn:aws:iam::123837392027:user/bert-jan,stratus-red-team-remove-flow-logs-role,GetRolePolicy,0
1284,arn:aws:iam::123837392027:user/bert-jan,arn:aws:iam::123837392027:policy/stratus-red-team-ec2lui-policy-pcccexdthk,GetPolicy,0
1285,arn:aws:iam::123837392027:user/bert-jan,aws_service,DescribeParameters,0
1286,arn:aws:iam::123837392027:user/bert-jan,arn:aws:iam::123837392027:policy/stratus-red-team-ec2lui-policy-pcccexdthk,GetPolicyVersion,0
1287,arn:aws:iam::123837392027:user/bert-jan,arn:aws:secretsmanager:us-east-1:123837392027:secret:stratus-red-team-retrieve-secret-7-nFvpuv,GetSecretValue,1
1288,arn:aws:iam::123837392027:user/bert-jan,aws_service,DescribeVpcClassicLinkDnsSupport,0
1289,arn:aws:iam::123837392027:user/bert-jan,SYMMETRIC_DEFAULT,Decrypt,0
1290,arn:aws:iam::123837392027:user/bert-jan,aws_service,DescribeAvailabilityZones,0
1291,arn:aws:iam::123837392027:user/bert-jan,arn:aws:secretsmanager:us-east-1:123837392027:secret:stratus-red-team-retrieve-secret-9-7ChiHt,GetSecretValue,1
1292,arn:aws:iam::123837392027:user/bert-jan,/credentials/stratus-red-team/credentials-40,GetParameter,0
1293,arn:aws:iam::123837392027:user/bert-jan,arn:aws:secretsmanager:us-east-1:123837392027:secret:stratus-red-team-retrieve-secret-10-agquim,GetSecretValue,1
1294,arn:aws:iam::123837392027:user/bert-jan,arn:aws:secretsmanager:us-east-1:123837392027:secret:stratus-red-team-retrieve-secret-17-QaRzei,GetSecretValue,1
1295,arn:aws:iam::123837392027:user/bert-jan,stratus-red-team-ec2lui-role-pcccexdthk,GetRole,0
1296,arn:aws:iam::123837392027:user/bert-jan,stratus-red-team-ec2lui-role-pcccexdthk,ListRolePolicies,0
1297,arn:aws:iam::123837392027:user/bert-jan,stratus-red-team-ec2lui-role-pcccexdthk,ListAttachedRolePolicies,0
1298,arn:aws:iam::123837392027:user/bert-jan,arn:aws:iam::123837392027:policy/stratus-red-team-ec2lui-policy-pcccexdthk,GetPolicy,0
1299,arn:aws:iam::123837392027:user/bert-jan,arn:aws:iam::123837392027:policy/stratus-red-team-ec2lui-policy-pcccexdthk,ListEntitiesForPolicy,0
1300,arn:aws:iam::123837392027:user/bert-jan,/credentials/stratus-red-team/credentials-1,GetParameter,0
1301,arn:aws:iam::123837392027:user/bert-jan,stratus-red-team-ctes-bucket-qyxyekjbtk,GetBucketCors,0
1302,arn:aws:iam::123837392027:user/bert-jan,aws_service,DescribeParameters,0
1303,arn:aws:iam::123837392027:user/bert-jan,stratus-red-team-ctes-bucket-qyxyekjbtk,GetBucketAcl,0
1304,arn:aws:iam::123837392027:user/bert-jan,stratus-red-team-ec2-enumerate-role,ListAttachedRolePolicies,0
1305,arn:aws:iam::123837392027:user/bert-jan,arn:aws:secretsmanager:us-east-1:123837392027:secret:stratus-red-team-retrieve-secret-4-xehWok,GetSecretValue,1
1306,arn:aws:iam::123837392027:user/bert-jan,aws_service,DescribeVpcs,0
1307,arn:aws:iam::123837392027:user/bert-jan,aws_service,DescribeParameters,0
1308,arn:aws:iam::123837392027:user/bert-jan,arn:aws:secretsmanager:us-east-1:123837392027:secret:stratus-red-team-retrieve-secret-16-ZgthLn,GetSecretValue,1
1309,arn:aws:iam::123837392027:user/bert-jan,/credentials/stratus-red-team/credentials-7,GetParameter,0
1310,arn:aws:iam::123837392027:user/bert-jan,/credentials/stratus-red-team/credentials-31,GetParameter,0
1311,arn:aws:iam::123837392027:user/bert-jan,aws_service,GetCallerIdentity,0
1312,arn:aws:iam::123837392027:user/bert-jan,arn:aws:secretsmanager:us-east-1:123837392027:secret:stratus-red-team-retrieve-secret-11-mekIRl,GetSecretValue,1
1313,arn:aws:iam::123837392027:user/bert-jan,/credentials/stratus-red-team/credentials-13,GetParameter,0
1314,arn:aws:iam::123837392027:user/bert-jan,vpc-0255d384b4b458b46,DescribeVpcAttribute,0
1315,arn:aws:iam::123837392027:user/bert-jan,stratus-red-team-ec2-get-password-data-role,ListAttachedRolePolicies,0
1316,arn:aws:iam::123837392027:user/bert-jan,Parameter,ListTagsForResource,0
1317,arn:aws:iam::123837392027:user/bert-jan,arn:aws:secretsmanager:us-east-1:123837392027:secret:stratus-red-team-retrieve-secret-3-i1OGGG,GetSecretValue,1
1318,arn:aws:iam::123837392027:user/bert-jan,arn:aws:secretsmanager:us-east-1:123837392027:secret:stratus-red-team-retrieve-secret-12-mwz4gq,GetSecretValue,1
1319,arn:aws:iam::123837392027:user/bert-jan,arn:aws:secretsmanager:us-east-1:123837392027:secret:stratus-red-team-retrieve-secret-5-iugd0p,GetSecretValue,1
1320,arn:aws:iam::123837392027:user/bert-jan,vpc-06fe1a64761a0f720,DescribeVpcAttribute,0
1321,arn:aws:iam::123837392027:user/bert-jan,stratus-red-team-ctlr-bucket-zqfsvooxqj,GetBucketCors,0
1322,arn:aws:iam::123837392027:user/bert-jan,Parameter,ListTagsForResource,0
1323,arn:aws:iam::123837392027:user/bert-jan,arn:aws:secretsmanager:us-east-1:123837392027:secret:stratus-red-team-retrieve-secret-19-0HEVow,GetSecretValue,1
1324,arn:aws:iam::123837392027:user/bert-jan,Parameter,ListTagsForResource,0
1325,arn:aws:iam::123837392027:user/bert-jan,arn:aws:secretsmanager:us-east-1:123837392027:secret:stratus-red-team-retrieve-secret-0-xehWok,GetSecretValue,1
1326,arn:aws:iam::123837392027:user/bert-jan,stratus-red-team-ec2-enumerate-instance,GetInstanceProfile,0
1327,arn:aws:iam::123837392027:user/bert-jan,/credentials/stratus-red-team/credentials-16,GetParameter,0
1328,arn:aws:iam::123837392027:user/bert-jan,SYMMETRIC_DEFAULT,Decrypt,0
1329,arn:aws:iam::123837392027:user/bert-jan,SYMMETRIC_DEFAULT,Decrypt,0
1330,arn:aws:iam::123837392027:user/bert-jan,SYMMETRIC_DEFAULT,Decrypt,0
1331,arn:aws:iam::123837392027:user/bert-jan,SYMMETRIC_DEFAULT,Decrypt,0
1332,arn:aws:iam::123837392027:user/bert-jan,aws_service,DescribeImages,0
1333,arn:aws:iam::123837392027:user/bert-jan,aws_service,DescribeParameters,0
1334,arn:aws:iam::123837392027:user/bert-jan,aws_service,DescribeParameters,0
1335,arn:aws:iam::123837392027:user/bert-jan,aws_service,DescribeParameters,0
1336,arn:aws:iam::123837392027:user/bert-jan,SYMMETRIC_DEFAULT,Decrypt,0
1337,arn:aws:iam::123837392027:user/bert-jan,stratus-red-team-ctes-bucket-qyxyekjbtk,GetBucketWebsite,0
1338,arn:aws:iam::123837392027:user/bert-jan,vpc-04ae35a334cd7ef4f,DescribeVpcAttribute,0
1339,arn:aws:iam::123837392027:user/bert-jan,SYMMETRIC_DEFAULT,Decrypt,0
1340,arn:aws:iam::123837392027:user/bert-jan,SYMMETRIC_DEFAULT,Decrypt,0
1341,arn:aws:iam::123837392027:user/bert-jan,SYMMETRIC_DEFAULT,Decrypt,0
1342,arn:aws:iam::123837392027:user/bert-jan,arn:aws:secretsmanager:us-east-1:123837392027:secret:stratus-red-team-retrieve-secret-6-fAVH0t,GetSecretValue,1
1343,arn:aws:iam::123837392027:user/bert-jan,SYMMETRIC_DEFAULT,Decrypt,0
1344,arn:aws:iam::123837392027:user/bert-jan,arn:aws:secretsmanager:us-east-1:123837392027:secret:stratus-red-team-retrieve-secret-1-ywtiPr,GetSecretValue,1
1345,arn:aws:iam::123837392027:user/bert-jan,SYMMETRIC_DEFAULT,Decrypt,0
1346,arn:aws:iam::123837392027:user/bert-jan,stratus-red-team-ctlr-bucket-zqfsvooxqj,GetBucketWebsite,0
1347,arn:aws:iam::123837392027:user/bert-jan,SYMMETRIC_DEFAULT,Decrypt,0
1348,arn:aws:iam::123837392027:user/bert-jan,aws_service,DescribeNetworkAcls,0
1349,arn:aws:iam::123837392027:user/bert-jan,aws_service,DescribeParameters,0
1350,arn:aws:iam::123837392027:user/bert-jan,SYMMETRIC_DEFAULT,Decrypt,0
1351,arn:aws:iam::123837392027:user/bert-jan,SYMMETRIC_DEFAULT,Decrypt,0
1352,arn:aws:iam::123837392027:user/bert-jan,SYMMETRIC_DEFAULT,Decrypt,0
1353,arn:aws:iam::123837392027:user/bert-jan,/credentials/stratus-red-team/credentials-35,GetParameter,0
1354,arn:aws:iam::123837392027:user/bert-jan,stratus-red-team-leave-org-role,ListAttachedRolePolicies,0
1355,arn:aws:iam::123837392027:user/bert-jan,Parameter,ListTagsForResource,0
1356,arn:aws:iam::123837392027:user/bert-jan,Parameter,ListTagsForResource,0
1357,arn:aws:iam::123837392027:user/bert-jan,arn:aws:secretsmanager:us-east-1:123837392027:secret:stratus-red-team-retrieve-secret-13-nFvpuv,GetSecretValue,1
1358,arn:aws:iam::123837392027:user/bert-jan,SYMMETRIC_DEFAULT,Decrypt,0
1359,arn:aws:iam::123837392027:user/bert-jan,arn:aws:secretsmanager:us-east-1:123837392027:secret:stratus-red-team-retrieve-secret-18-L0CnJd,GetSecretValue,1
1360,arn:aws:iam::123837392027:user/bert-jan,aws_service,DescribeParameters,0
1361,arn:aws:iam::123837392027:user/bert-jan,SYMMETRIC_DEFAULT,Decrypt,0
1362,arn:aws:iam::123837392027:user/bert-jan,Parameter,ListTagsForResource,0
1363,arn:aws:iam::123837392027:user/bert-jan,/credentials/stratus-red-team/credentials-28,GetParameter,0
1364,arn:aws:iam::123837392027:user/bert-jan,vpc-06fe1a64761a0f720,DescribeVpcAttribute,0
1365,arn:aws:iam::123837392027:user/bert-jan,stratus-red-team-ec2-steal-credentials-role,GetRolePolicy,0
1366,arn:aws:iam::123837392027:user/bert-jan,SYMMETRIC_DEFAULT,Decrypt,0
1367,arn:aws:iam::123837392027:user/bert-jan,arn:aws:secretsmanager:us-east-1:123837392027:secret:stratus-red-team-retrieve-secret-8-2aONLk,GetSecretValue,1
1368,arn:aws:iam::123837392027:user/bert-jan,Parameter,ListTagsForResource,0
1369,arn:aws:iam::123837392027:user/bert-jan,SYMMETRIC_DEFAULT,Decrypt,0
1370,arn:aws:iam::123837392027:user/bert-jan,vpc-04ae35a334cd7ef4f,DescribeVpcAttribute,0
1371,arn:aws:iam::123837392027:user/bert-jan,Parameter,ListTagsForResource,0
1372,arn:aws:iam::123837392027:user/bert-jan,aws_service,DescribeRouteTables,0
1373,arn:aws:iam::123837392027:user/bert-jan,aws_service,DescribeSecurityGroups,0
1374,arn:aws:iam::123837392027:user/bert-jan,stratus-red-team-ctlr-bucket-zqfsvooxqj,GetBucketVersioning,0
1375,arn:aws:iam::123837392027:user/bert-jan,SYMMETRIC_DEFAULT,Decrypt,0
1376,arn:aws:iam::123837392027:user/bert-jan,stratus-red-team-ctes-bucket-qyxyekjbtk,GetAccelerateConfiguration,0
1377,arn:aws:iam::123837392027:user/bert-jan,stratus-red-team-ctlr-bucket-zqfsvooxqj,GetBucketRequestPayment,0
1378,arn:aws:iam::123837392027:user/bert-jan,aws_service,DescribeSubnets,0
1379,arn:aws:iam::123837392027:user/bert-jan,/credentials/stratus-red-team/credentials-19,GetParameter,0
1380,arn:aws:iam::123837392027:user/bert-jan,SYMMETRIC_DEFAULT,Decrypt,0
1381,arn:aws:iam::123837392027:user/bert-jan,/credentials/stratus-red-team/credentials-37,GetParameter,0
1382,arn:aws:iam::123837392027:user/bert-jan,SYMMETRIC_DEFAULT,Decrypt,0
1383,arn:aws:iam::123837392027:user/bert-jan,SYMMETRIC_DEFAULT,Decrypt,0
1384,arn:aws:iam::123837392027:user/bert-jan,/credentials/stratus-red-team/credentials-30,GetParameter,0
1385,arn:aws:iam::123837392027:user/bert-jan,aws_service,DescribeRouteTables,0
1386,arn:aws:iam::123837392027:user/bert-jan,aws_service,GetUser,0
1387,arn:aws:iam::123837392027:user/bert-jan,stratus-red-team-ec2-get-password-data-role,ListInstanceProfilesForRole,0
1388,arn:aws:iam::123837392027:user/bert-jan,aws_service,GetUser,0
1389,arn:aws:iam::123837392027:user/bert-jan,aws_service,DescribeParameters,0
1390,arn:aws:iam::123837392027:user/bert-jan,/credentials/stratus-red-team/credentials-6,GetParameter,0
1391,arn:aws:iam::123837392027:user/bert-jan,SYMMETRIC_DEFAULT,Decrypt,0
1392,arn:aws:iam::123837392027:user/bert-jan,aws_service,DescribeSecurityGroups,0
1393,arn:aws:iam::123837392027:user/bert-jan,aws_service,DescribeParameters,0
1394,arn:aws:iam::123837392027:user/bert-jan,aws_service,DescribeRouteTables,0
1395,arn:aws:iam::123837392027:user/bert-jan,/credentials/stratus-red-team/credentials-14,GetParameter,0
1396,arn:aws:iam::123837392027:user/bert-jan,SYMMETRIC_DEFAULT,Decrypt,0
1397,arn:aws:iam::123837392027:user/bert-jan,SYMMETRIC_DEFAULT,Decrypt,0
1398,arn:aws:iam::123837392027:user/bert-jan,aws_service,DescribeParameters,0
1399,arn:aws:iam::123837392027:user/bert-jan,aws_service,DescribeParameters,0
1400,arn:aws:iam::123837392027:user/bert-jan,stratus-red-team-get-usr-data-role,ListInstanceProfilesForRole,0
1401,arn:aws:iam::123837392027:user/bert-jan,aws_service,DescribeNetworkAcls,0
1402,arn:aws:iam::123837392027:user/bert-jan,aws_service,DescribeSubnets,0
1403,arn:aws:iam::123837392027:user/bert-jan,aws_service,DescribeParameters,0
1404,arn:aws:iam::123837392027:user/bert-jan,aws_service,DescribeParameters,0
1405,arn:aws:iam::123837392027:user/bert-jan,/credentials/stratus-red-team/credentials-24,GetParameter,0
1406,arn:aws:iam::123837392027:user/bert-jan,aws_service,DescribeRouteTables,0
1407,arn:aws:iam::123837392027:user/bert-jan,aws_service,DescribeParameters,0
1408,arn:aws:iam::123837392027:user/bert-jan,aws_service,DescribeRouteTables,0
1409,arn:aws:iam::123837392027:user/bert-jan,aws_service,DescribeInternetGateways,0
1410,arn:aws:iam::123837392027:user/bert-jan,/credentials/stratus-red-team/credentials-11,GetParameter,0
1411,arn:aws:iam::123837392027:user/bert-jan,aws_service,DescribeSecurityGroups,0
1412,arn:aws:iam::123837392027:user/bert-jan,aws_service,GetUser,0
1413,arn:aws:iam::123837392027:user/bert-jan,aws_service,DescribeRouteTables,0
1414,arn:aws:iam::123837392027:user/bert-jan,aws_service,DescribeNetworkAcls,0
1415,arn:aws:iam::123837392027:user/bert-jan,aws_service,DescribeParameters,0
1416,arn:aws:iam::123837392027:user/bert-jan,stratus-red-team-ec2-steal-credentials-instance,GetInstanceProfile,0
1417,arn:aws:iam::123837392027:user/bert-jan,aws_service,DescribeNetworkAcls,0
1418,arn:aws:iam::123837392027:user/bert-jan,aws_service,DescribeRouteTables,0
1419,arn:aws:iam::123837392027:user/bert-jan,stratus-red-team-ec2-steal-credentials-role,GetRole,0
1420,arn:aws:iam::123837392027:user/bert-jan,aws_service,DescribeRouteTables,0
1421,arn:aws:iam::123837392027:user/bert-jan,SYMMETRIC_DEFAULT,Decrypt,0
1422,arn:aws:iam::123837392027:user/bert-jan,/credentials/stratus-red-team/credentials-5,GetParameter,0
1423,arn:aws:iam::123837392027:user/bert-jan,stratus-red-team-ctes-bucket-qyxyekjbtk,GetBucketVersioning,0
1424,arn:aws:iam::123837392027:user/bert-jan,stratus-red-team-ctlr-bucket-zqfsvooxqj,GetAccelerateConfiguration,0
1425,arn:aws:iam::123837392027:user/bert-jan,SYMMETRIC_DEFAULT,Decrypt,0
1426,arn:aws:iam::123837392027:user/bert-jan,aws_service,DescribeParameters,0
1427,arn:aws:iam::123837392027:user/bert-jan,aws_service,DescribeParameters,0
1428,arn:aws:iam::123837392027:user/bert-jan,/credentials/stratus-red-team/credentials-29,GetParameter,0
1429,arn:aws:iam::123837392027:user/bert-jan,aws_service,GetUser,0
1430,arn:aws:iam::123837392027:user/bert-jan,aws_service,DescribeRouteTables,0
1431,arn:aws:iam::123837392027:user/bert-jan,aws_service,DescribeFlowLogs,0
1432,arn:aws:iam::123837392027:user/bert-jan,stratus-red-team-ec2-get-password-data-role,DeleteRolePolicy,0
1433,arn:aws:iam::123837392027:user/bert-jan,arn:aws:secretsmanager:us-east-1:123837392027:secret:stratus-red-team-retrieve-secret-17-QaRzei,DeleteSecret,0
1434,arn:aws:iam::123837392027:user/bert-jan,stratus-red-team-ctes-bucket-qyxyekjbtk,GetBucketLifecycle,0
1435,arn:aws:iam::123837392027:user/bert-jan,aws_service,DescribeSecurityGroups,0
1436,arn:aws:iam::123837392027:user/bert-jan,aws_service,DescribeInternetGateways,0
1437,arn:aws:iam::123837392027:user/bert-jan,arn:aws:secretsmanager:us-east-1:123837392027:secret:stratus-red-team-retrieve-secret-9-7ChiHt,DeleteSecret,0
1438,arn:aws:iam::123837392027:user/bert-jan,aws_service,DescribeRouteTables,0
1439,arn:aws:iam::123837392027:user/bert-jan,stratus-red-team-leave-org-role,ListRolePolicies,0
1440,arn:aws:iam::123837392027:user/bert-jan,arn:aws:secretsmanager:us-east-1:123837392027:secret:stratus-red-team-retrieve-secret-1-ywtiPr,DeleteSecret,0
1441,arn:aws:iam::123837392027:user/bert-jan,arn:aws:secretsmanager:us-east-1:123837392027:secret:stratus-red-team-retrieve-secret-18-L0CnJd,DeleteSecret,0
1442,arn:aws:iam::123837392027:user/bert-jan,arn:aws:secretsmanager:us-east-1:123837392027:secret:stratus-red-team-retrieve-secret-12-mwz4gq,DeleteSecret,0
1443,arn:aws:iam::123837392027:user/bert-jan,aws_service,DescribeRouteTables,0
1444,arn:aws:iam::123837392027:user/bert-jan,arn:aws:secretsmanager:us-east-1:123837392027:secret:stratus-red-team-retrieve-secret-0-xehWok,DeleteSecret,0
1445,arn:aws:iam::123837392027:user/bert-jan,aws_service,DescribeSubnets,0
1446,,stratus-red-team-ctlr-bucket-zqfsvooxqj,GetBucketAcl,0
1447,arn:aws:iam::123837392027:user/bert-jan,stratus-red-team-get-usr-data-role,ListRolePolicies,0
1448,arn:aws:iam::123837392027:user/bert-jan,aws_service,DescribeParameters,0
1449,arn:aws:iam::123837392027:user/bert-jan,arn:aws:secretsmanager:us-east-1:123837392027:secret:stratus-red-team-retrieve-secret-19-0HEVow,DeleteSecret,0
1450,arn:aws:iam::123837392027:user/bert-jan,arn:aws:secretsmanager:us-east-1:123837392027:secret:stratus-red-team-retrieve-secret-7-nFvpuv,DeleteSecret,0
1451,arn:aws:iam::123837392027:user/bert-jan,arn:aws:secretsmanager:us-east-1:123837392027:secret:stratus-red-team-retrieve-secret-11-mekIRl,DeleteSecret,0
1452,arn:aws:iam::123837392027:user/bert-jan,aws_service,DescribeInternetGateways,0
1453,arn:aws:iam::123837392027:user/bert-jan,aws_service,DescribeNetworkInterfaces,0
1454,arn:aws:iam::123837392027:user/bert-jan,stratus-red-team-ec2-get-password-data-role,DeleteRole,0
1455,arn:aws:iam::123837392027:user/bert-jan,aws_service,DescribeRouteTables,0
1456,arn:aws:iam::123837392027:user/bert-jan,aws_service,DescribeParameters,0
1457,arn:aws:iam::123837392027:user/bert-jan,aws_service,GetUser,0
1458,arn:aws:iam::123837392027:user/bert-jan,aws_service,DescribeRouteTables,0
1459,arn:aws:iam::123837392027:user/bert-jan,stratus-red-team-leave-org-role,ListInstanceProfilesForRole,0
1460,arn:aws:iam::123837392027:user/bert-jan,aws_service,DescribeSubnets,0
1461,arn:aws:iam::123837392027:user/bert-jan,stratus-red-team-ctes-bucket-qyxyekjbtk,GetBucketRequestPayment,0
1462,arn:aws:iam::123837392027:user/bert-jan,arn:aws:secretsmanager:us-east-1:123837392027:secret:stratus-red-team-retrieve-secret-10-agquim,DeleteSecret,0
1463,arn:aws:iam::123837392027:user/bert-jan,aws_service,DescribeSubnets,0
1464,arn:aws:iam::123837392027:user/bert-jan,aws_service,DescribeNatGateways,0
1465,arn:aws:iam::123837392027:user/bert-jan,stratus-red-team-ctlr-bucket-zqfsvooxqj,GetBucketLifecycle,0
1466,arn:aws:iam::123837392027:user/bert-jan,aws_service,DescribeParameters,0
1467,arn:aws:iam::123837392027:user/bert-jan,arn:aws:secretsmanager:us-east-1:123837392027:secret:stratus-red-team-retrieve-secret-3-i1OGGG,DeleteSecret,0
1468,arn:aws:iam::123837392027:user/bert-jan,aws_service,DescribeSubnets,0
1469,arn:aws:iam::123837392027:user/bert-jan,aws_service,DescribeParameters,0
1470,arn:aws:iam::123837392027:user/bert-jan,aws_service,DescribeRouteTables,0
1471,arn:aws:iam::123837392027:user/bert-jan,arn:aws:secretsmanager:us-east-1:123837392027:secret:stratus-red-team-retrieve-secret-4-xehWok,DeleteSecret,0
1472,arn:aws:iam::123837392027:user/bert-jan,stratus-red-team-get-usr-data-role,DeleteRolePolicy,0
1473,arn:aws:iam::123837392027:user/bert-jan,arn:aws:secretsmanager:us-east-1:123837392027:secret:stratus-red-team-retrieve-secret-5-iugd0p,DeleteSecret,0
1474,arn:aws:iam::123837392027:user/bert-jan,stratus-red-team-ctes-bucket-qyxyekjbtk,GetBucketLogging,0
1475,arn:aws:iam::123837392027:user/bert-jan,arn:aws:secretsmanager:us-east-1:123837392027:secret:stratus-red-team-retrieve-secret-15-wL771x,DeleteSecret,0
1476,arn:aws:iam::123837392027:user/bert-jan,stratus-red-team-ctlr-bucket-zqfsvooxqj,GetBucketLogging,0
1477,arn:aws:iam::123837392027:user/bert-jan,arn:aws:secretsmanager:us-east-1:123837392027:secret:stratus-red-team-retrieve-secret-8-2aONLk,DeleteSecret,0
1478,arn:aws:iam::123837392027:user/bert-jan,aws_service,DescribeParameters,0
1479,arn:aws:iam::123837392027:user/bert-jan,arn:aws:secretsmanager:us-east-1:123837392027:secret:stratus-red-team-retrieve-secret-2-agquim,DeleteSecret,0
1480,arn:aws:iam::123837392027:user/bert-jan,stratus-red-team-get-usr-data-role,DeleteRole,0
1481,arn:aws:iam::123837392027:user/bert-jan,aws_service,DescribeParameters,0
1482,arn:aws:iam::123837392027:user/bert-jan,arn:aws:secretsmanager:us-east-1:123837392027:secret:stratus-red-team-retrieve-secret-14-ZgthLn,DeleteSecret,0
1483,arn:aws:iam::123837392027:user/bert-jan,aws_service,DescribeParameters,0
1484,arn:aws:iam::123837392027:user/bert-jan,aws_service,DescribeRouteTables,0
1485,arn:aws:iam::123837392027:user/bert-jan,aws_service,DescribeRouteTables,0
1486,arn:aws:iam::123837392027:user/bert-jan,aws_service,DescribeRouteTables,0
1487,arn:aws:iam::123837392027:user/bert-jan,aws_service,DescribeParameters,0
1488,arn:aws:iam::123837392027:user/bert-jan,vpc-0255d384b4b458b46,DeleteVpc,0
1489,arn:aws:iam::123837392027:user/bert-jan,stratus-red-team-ec2lui-role-pcccexdthk,DetachRolePolicy,0
1490,arn:aws:iam::123837392027:user/bert-jan,aws_service,DescribeInstances,0
1491,arn:aws:iam::123837392027:user/bert-jan,aws_service,DescribeRouteTables,0
1492,arn:aws:iam::123837392027:user/bert-jan,stratus-red-team-ctes-bucket-qyxyekjbtk,GetBucketObjectLockConfiguration,0
1493,arn:aws:iam::123837392027:user/bert-jan,aws_service,GetUser,0
1494,arn:aws:iam::123837392027:user/bert-jan,/stratus-red-team/vpc-flow-logs,DeleteLogGroup,0
1495,arn:aws:iam::123837392027:user/bert-jan,aws_service,DescribeNetworkInterfaces,0
1496,arn:aws:iam::123837392027:user/bert-jan,aws_service,DescribeTags,0
1497,arn:aws:iam::123837392027:user/bert-jan,aws_service,DescribeRouteTables,0
1498,arn:aws:iam::123837392027:user/bert-jan,stratus-red-team-remove-flow-logs-role,DeleteRolePolicy,0
1499,arn:aws:iam::123837392027:user/bert-jan,aws_service,DescribeParameters,0
1500,arn:aws:iam::123837392027:user/bert-jan,stratus-red-team-ctes-bucket-qyxyekjbtk,GetBucketReplication,0
1501,arn:aws:iam::123837392027:user/bert-jan,aws_service,DescribeRouteTables,0
1502,arn:aws:iam::123837392027:user/bert-jan,stratus-red-team-ctlr-bucket-zqfsvooxqj,GetBucketObjectLockConfiguration,0
1503,arn:aws:iam::123837392027:user/bert-jan,aws_service,DescribeNatGateways,0
1504,arn:aws:iam::123837392027:user/bert-jan,stratus-red-team-ctes-bucket-qyxyekjbtk,GetBucketEncryption,0
1505,arn:aws:iam::123837392027:user/bert-jan,stratus-red-team-ctlr-bucket-zqfsvooxqj,GetBucketEncryption,0
1506,arn:aws:iam::123837392027:user/bert-jan,stratus-red-team-remove-flow-logs-role,ListInstanceProfilesForRole,0
1507,arn:aws:iam::123837392027:user/bert-jan,aws_service,DescribeInstances,0
1508,arn:aws:iam::123837392027:user/bert-jan,aws_service,DescribeRouteTables,0
1509,arn:aws:iam::123837392027:user/bert-jan,stratus-red-team-leave-org-role,DeleteRole,0
1510,arn:aws:iam::123837392027:user/bert-jan,arn:aws:iam::123837392027:policy/stratus-red-team-ec2lui-policy-pcccexdthk,ListPolicyVersions,0
1511,arn:aws:iam::123837392027:user/bert-jan,aws_service,DescribeParameters,0
1512,arn:aws:iam::123837392027:user/bert-jan,stratus-red-team-remove-flow-logs-role,ListRolePolicies,0
1513,arn:aws:iam::123837392027:user/bert-jan,aws_service,DescribeTags,0
1514,arn:aws:iam::123837392027:user/bert-jan,aws_service,DescribeParameters,0
1515,arn:aws:iam::123837392027:user/bert-jan,stratus-red-team-ec2lui-role-pcccexdthk,DeleteRole,0
1516,arn:aws:iam::123837392027:user/bert-jan,stratus-red-team-ctlr-bucket-zqfsvooxqj,GetBucketTagging,0
1517,arn:aws:iam::123837392027:user/bert-jan,stratus-red-team-ec2lui-role-pcccexdthk,ListAttachedRolePolicies,0
1518,arn:aws:iam::123837392027:user/bert-jan,aws_service,DescribeParameters,0
1519,arn:aws:iam::123837392027:user/bert-jan,aws_service,DescribeRouteTables,0
1520,arn:aws:iam::123837392027:user/bert-jan,arn:aws:iam::123837392027:policy/stratus-red-team-ec2lui-policy-pcccexdthk,DeletePolicy,0
1521,arn:aws:iam::123837392027:user/bert-jan,aws_service,DescribeParameters,0
1522,arn:aws:iam::123837392027:user/bert-jan,aws_service,DescribeRouteTables,0
1523,arn:aws:iam::123837392027:user/bert-jan,aws_service,DescribeParameters,0
1524,arn:aws:iam::123837392027:user/bert-jan,aws_service,DescribeParameters,0
1525,arn:aws:iam::123837392027:user/bert-jan,aws_service,DescribeRouteTables,0
1526,arn:aws:iam::123837392027:user/bert-jan,stratus-red-team-ec2lui-role-pcccexdthk,ListInstanceProfilesForRole,0
1527,arn:aws:iam::123837392027:user/bert-jan,rtb-06711e8f3a624506d,DeleteRouteTable,0
1528,arn:aws:iam::123837392027:user/bert-jan,rtbassoc-0d88381fe24e7a995,DisassociateRouteTable,0
1529,arn:aws:iam::123837392027:user/bert-jan,aws_service,DescribeNetworkInterfaces,0
1530,arn:aws:iam::123837392027:user/bert-jan,aws_service,DescribeRouteTables,0
1531,arn:aws:iam::123837392027:user/bert-jan,Parameter,ListTagsForResource,0
1532,arn:aws:iam::123837392027:user/bert-jan,Parameter,ListTagsForResource,0
1533,arn:aws:iam::123837392027:user/bert-jan,aws_service,DescribeInternetGateways,0
1534,arn:aws:iam::123837392027:user/bert-jan,stratus-red-team-remove-flow-logs-role,DeleteRole,0
1535,arn:aws:iam::123837392027:user/bert-jan,subnet-096553f59d783f082,DeleteSubnet,0
1536,arn:aws:iam::123837392027:user/bert-jan,aws_service,DescribeParameters,0
1537,arn:aws:iam::123837392027:user/bert-jan,aws_service,DescribeRouteTables,0
1538,arn:aws:iam::123837392027:user/bert-jan,rtb-0906d1e2f52ebe9b0,DeleteRouteTable,0
1539,arn:aws:iam::123837392027:user/bert-jan,aws_service,DescribeVpcs,0
1540,arn:aws:iam::123837392027:user/bert-jan,aws_service,DescribeRouteTables,0
1541,arn:aws:iam::123837392027:user/bert-jan,stratus-red-team-ctes-bucket-qyxyekjbtk,GetBucketTagging,0
1542,arn:aws:iam::123837392027:user/bert-jan,rtb-06711e8f3a624506d,DeleteRoute,0
1543,arn:aws:iam::123837392027:user/bert-jan,aws_service,DescribeNetworkInterfaces,0
1544,arn:aws:iam::123837392027:user/bert-jan,Parameter,ListTagsForResource,0
1545,arn:aws:iam::123837392027:user/bert-jan,SYMMETRIC_DEFAULT,Decrypt,0
1546,arn:aws:iam::123837392027:user/bert-jan,Parameter,ListTagsForResource,0
1547,arn:aws:iam::123837392027:user/bert-jan,aws_service,DescribeVolumes,0
1548,arn:aws:iam::123837392027:user/bert-jan,SYMMETRIC_DEFAULT,Decrypt,0
1549,arn:aws:iam::123837392027:user/bert-jan,aws_service,DescribeVolumes,0
1550,arn:aws:iam::123837392027:user/bert-jan,Parameter,ListTagsForResource,0
1551,arn:aws:iam::123837392027:user/bert-jan,aws_service,DescribeParameters,0
1552,arn:aws:iam::123837392027:user/bert-jan,/credentials/stratus-red-team/credentials-23,GetParameter,0
1553,arn:aws:iam::123837392027:user/bert-jan,aws_service,DescribeTrails,0
1554,arn:aws:iam::123837392027:user/bert-jan,SYMMETRIC_DEFAULT,Decrypt,0
1555,arn:aws:iam::123837392027:user/bert-jan,/credentials/stratus-red-team/credentials-12,GetParameter,0
1556,arn:aws:iam::123837392027:user/bert-jan,aws_service,ListTags,0
1557,arn:aws:iam::123837392027:user/bert-jan,SYMMETRIC_DEFAULT,Decrypt,0
1558,arn:aws:iam::123837392027:user/bert-jan,/credentials/stratus-red-team/credentials-8,GetParameter,0
1559,arn:aws:iam::123837392027:user/bert-jan,Parameter,ListTagsForResource,0
1560,arn:aws:iam::123837392027:user/bert-jan,stratus-red-team-ctes-trail-qyxyekjbtk,GetTrailStatus,0
1561,arn:aws:iam::123837392027:user/bert-jan,aws_service,DescribeTrails,0
1562,arn:aws:iam::123837392027:user/bert-jan,aws_service,DescribeParameters,0
1563,arn:aws:iam::123837392027:user/bert-jan,Parameter,ListTagsForResource,0
1564,arn:aws:iam::123837392027:user/bert-jan,aws_service,DescribeRouteTables,0
1565,arn:aws:iam::123837392027:user/bert-jan,aws_service,DescribeParameters,0
1566,arn:aws:iam::123837392027:user/bert-jan,/credentials/stratus-red-team/credentials-26,GetParameter,0
1567,arn:aws:iam::123837392027:user/bert-jan,/credentials/stratus-red-team/credentials-41,GetParameter,0
1568,arn:aws:iam::123837392027:user/bert-jan,/credentials/stratus-red-team/credentials-10,GetParameter,0
1569,arn:aws:iam::123837392027:user/bert-jan,/credentials/stratus-red-team/credentials-27,GetParameter,0
1570,arn:aws:iam::123837392027:user/bert-jan,aws_service,DescribeParameters,0
1571,arn:aws:iam::123837392027:user/bert-jan,aws_service,ListTags,0
1572,arn:aws:iam::123837392027:user/bert-jan,SYMMETRIC_DEFAULT,Decrypt,0
1573,arn:aws:iam::123837392027:user/bert-jan,SYMMETRIC_DEFAULT,Decrypt,0
1574,arn:aws:iam::123837392027:user/bert-jan,vpc-0fa94f40db415f317,DeleteVpc,0
1575,arn:aws:iam::123837392027:user/bert-jan,Parameter,ListTagsForResource,0
1576,arn:aws:iam::123837392027:user/bert-jan,i-05c30218156bcc246,DescribeInstanceAttribute,0
1577,arn:aws:iam::123837392027:user/bert-jan,subnet-01cccb722afa6dea3,DeleteSubnet,0
1578,arn:aws:iam::123837392027:user/bert-jan,aws_service,DescribeRouteTables,0
1579,arn:aws:iam::123837392027:user/bert-jan,/credentials/stratus-red-team/credentials-3,GetParameter,0
1580,arn:aws:iam::123837392027:user/bert-jan,aws_service,DescribeParameters,0
1581,arn:aws:iam::123837392027:user/bert-jan,igw-040b2274c4a167722,DeleteInternetGateway,0
1582,arn:aws:iam::123837392027:user/bert-jan,aws_service,DescribeRouteTables,0
1583,arn:aws:iam::123837392027:user/bert-jan,Parameter,ListTagsForResource,0
1584,arn:aws:iam::123837392027:user/bert-jan,SYMMETRIC_DEFAULT,Decrypt,0
1585,arn:aws:iam::123837392027:user/bert-jan,SYMMETRIC_DEFAULT,Decrypt,0
1586,arn:aws:iam::123837392027:user/bert-jan,Parameter,ListTagsForResource,0
1587,arn:aws:iam::123837392027:user/bert-jan,SYMMETRIC_DEFAULT,Decrypt,0
1588,arn:aws:iam::123837392027:user/bert-jan,/credentials/stratus-red-team/credentials-4,GetParameter,0
1589,arn:aws:iam::123837392027:user/bert-jan,/credentials/stratus-red-team/credentials-9,GetParameter,0
1590,arn:aws:iam::123837392027:user/bert-jan,SYMMETRIC_DEFAULT,Decrypt,0
1591,arn:aws:iam::123837392027:user/bert-jan,aws_service,DescribeParameters,0
1592,arn:aws:iam::123837392027:user/bert-jan,stratus-red-team-ctlr-trail-zqfsvooxqj,GetEventSelectors,0
1593,arn:aws:iam::123837392027:user/bert-jan,SYMMETRIC_DEFAULT,Decrypt,0
1594,arn:aws:iam::123837392027:user/bert-jan,aws_service,DescribeParameters,0
1595,arn:aws:iam::123837392027:user/bert-jan,aws_service,DescribeInstanceCreditSpecifications,0
1596,arn:aws:iam::123837392027:user/bert-jan,aws_service,DescribeParameters,0
1597,arn:aws:iam::123837392027:user/bert-jan,aws_service,DescribeParameters,0
1598,arn:aws:iam::123837392027:user/bert-jan,aws_service,DescribeParameters,0
1599,arn:aws:iam::123837392027:user/bert-jan,aws_service,DescribeVpcs,0
1600,arn:aws:iam::123837392027:user/bert-jan,i-05c30218156bcc246,DescribeInstanceAttribute,0
1601,arn:aws:iam::123837392027:user/bert-jan,/credentials/stratus-red-team/credentials-34,GetParameter,0
1602,arn:aws:iam::123837392027:user/bert-jan,aws_service,DescribeParameters,0
1603,arn:aws:iam::123837392027:user/bert-jan,aws_service,DescribeParameters,0
1604,arn:aws:iam::123837392027:user/bert-jan,i-0dbc91f429e48eeed,DescribeInstanceAttribute,0
1605,arn:aws:iam::123837392027:user/bert-jan,stratus-red-team-ctes-trail-qyxyekjbtk,GetEventSelectors,0
1606,arn:aws:iam::123837392027:user/bert-jan,aws_service,DescribeParameters,0
1607,arn:aws:iam::123837392027:user/bert-jan,i-0dbc91f429e48eeed,DescribeInstanceAttribute,0
1608,arn:aws:iam::123837392027:user/bert-jan,aws_service,DescribeParameters,0
1609,arn:aws:iam::123837392027:user/bert-jan,stratus-red-team-ctes-trail-qyxyekjbtk,DeleteTrail,1
1610,arn:aws:iam::123837392027:user/bert-jan,aws_service,DescribeParameters,0
1611,arn:aws:iam::123837392027:user/bert-jan,aws_service,GetUser,0
1612,arn:aws:iam::123837392027:user/bert-jan,/credentials/stratus-red-team/credentials-0,GetParameter,0
1613,arn:aws:iam::123837392027:user/bert-jan,aws_service,DescribeParameters,0
1614,arn:aws:iam::123837392027:user/bert-jan,aws_service,GetUser,0
1615,arn:aws:iam::123837392027:user/bert-jan,Parameter,ListTagsForResource,0
1616,arn:aws:iam::123837392027:user/bert-jan,SYMMETRIC_DEFAULT,Decrypt,0
1617,arn:aws:iam::123837392027:user/bert-jan,aws_service,DescribeParameters,0
1618,arn:aws:iam::123837392027:user/bert-jan,aws_service,DescribeParameters,0
1619,arn:aws:iam::123837392027:user/bert-jan,aws_service,DescribeParameters,0
1620,arn:aws:iam::123837392027:user/bert-jan,aws_service,DescribeInstanceCreditSpecifications,0
1621,arn:aws:iam::123837392027:user/bert-jan,Parameter,ListTagsForResource,0
1622,arn:aws:iam::123837392027:user/bert-jan,aws_service,DescribeParameters,0
1623,arn:aws:iam::123837392027:user/bert-jan,Parameter,ListTagsForResource,0
1624,arn:aws:iam::123837392027:user/bert-jan,Parameter,ListTagsForResource,0
1625,arn:aws:iam::123837392027:user/bert-jan,aws_service,DescribeParameters,0
1626,,aws_service,EndSecretVersionDelete,0
1627,,aws_service,StartSecretVersionDelete,0
1628,arn:aws:iam::123837392027:user/bert-jan,aws_service,DescribeParameters,0
1629,arn:aws:iam::123837392027:user/bert-jan,aws_service,GetUser,0
1630,arn:aws:iam::123837392027:user/bert-jan,stratus-red-team-ctlr-trail-zqfsvooxqj,DeleteTrail,1
1631,arn:aws:iam::123837392027:user/bert-jan,aws_service,DescribeParameters,0
1632,arn:aws:iam::123837392027:user/bert-jan,aws_service,DescribeParameters,0
1633,arn:aws:iam::123837392027:user/bert-jan,stratus-red-team-ec2-steal-credentials-role,DetachRolePolicy,0
1634,arn:aws:iam::123837392027:user/bert-jan,stratus-red-team-ctlr-bucket-zqfsvooxqj,DeleteBucket,0
1635,arn:aws:iam::123837392027:user/bert-jan,rtbassoc-0b911e98f29251a51,DisassociateRouteTable,0
1636,arn:aws:iam::123837392027:user/bert-jan,aws_service,DescribeRouteTables,0
1637,arn:aws:iam::123837392027:user/bert-jan,i-05c30218156bcc246,ModifyInstanceAttribute,0
1638,arn:aws:iam::123837392027:user/bert-jan,rtbassoc-0239fd3312c79a700,DisassociateRouteTable,0
1639,arn:aws:iam::123837392027:user/bert-jan,aws_service,TerminateInstances,0
1640,arn:aws:iam::123837392027:user/bert-jan,rtbassoc-06c42ea03f0967f18,DisassociateRouteTable,0
1641,arn:aws:iam::123837392027:user/bert-jan,stratus-red-team-ctes-bucket-qyxyekjbtk,DeleteBucket,0
1642,arn:aws:iam::123837392027:user/bert-jan,rtb-08838187a84b2f5bf,DeleteRoute,0
1643,arn:aws:iam::123837392027:user/bert-jan,aws_service,DescribeParameters,0
1644,arn:aws:iam::123837392027:user/bert-jan,aws_service,GetUser,0
1645,arn:aws:iam::123837392027:user/bert-jan,aws_service,DescribeRouteTables,0
1646,arn:aws:iam::123837392027:user/bert-jan,aws_service,DescribeRouteTables,0
1647,arn:aws:iam::123837392027:user/bert-jan,rtbassoc-000d4a90bd5c12cfb,DisassociateRouteTable,0
1648,arn:aws:iam::123837392027:user/bert-jan,rtb-01a1e48796093c514,DeleteRoute,0
1649,arn:aws:iam::123837392027:user/bert-jan,aws_service,DescribeRouteTables,0
1650,arn:aws:iam::123837392027:user/bert-jan,i-0dbc91f429e48eeed,ModifyInstanceAttribute,0
1651,arn:aws:iam::123837392027:user/bert-jan,rtb-0d4916f528a90fa4e,DeleteRoute,0
1652,arn:aws:iam::123837392027:user/bert-jan,aws_service,DescribeParameters,0
1653,arn:aws:iam::123837392027:user/bert-jan,aws_service,DescribeRouteTables,0
1654,arn:aws:iam::123837392027:user/bert-jan,aws_service,DescribeParameters,0
1655,arn:aws:iam::123837392027:user/bert-jan,aws_service,DescribeRouteTables,0
1656,arn:aws:iam::123837392027:user/bert-jan,aws_service,DescribeRouteTables,0
1657,arn:aws:iam::123837392027:user/bert-jan,Parameter,ListTagsForResource,0
1658,arn:aws:iam::123837392027:user/bert-jan,aws_service,DeleteNatGateway,0
1659,arn:aws:iam::123837392027:user/bert-jan,aws_service,DescribeRouteTables,0
1660,arn:aws:iam::123837392027:user/bert-jan,aws_service,DescribeRouteTables,0
1661,arn:aws:iam::123837392027:user/bert-jan,aws_service,DescribeRouteTables,0
1662,arn:aws:iam::123837392027:user/bert-jan,aws_service,TerminateInstances,0
1663,arn:aws:iam::123837392027:user/bert-jan,aws_service,DescribeRouteTables,0
1664,arn:aws:iam::123837392027:user/bert-jan,aws_service,DescribeRouteTables,0
1665,arn:aws:iam::123837392027:user/bert-jan,stratus-red-team-ctes-bucket-qyxyekjbtk,DeleteBucket,0
1666,arn:aws:iam::123837392027:user/bert-jan,Parameter,ListTagsForResource,0
1667,arn:aws:iam::123837392027:user/bert-jan,Parameter,ListTagsForResource,0
1668,arn:aws:iam::123837392027:user/bert-jan,aws_service,DescribeRouteTables,0
1669,arn:aws:iam::123837392027:user/bert-jan,aws_service,DescribeRouteTables,0
1670,arn:aws:iam::123837392027:user/bert-jan,Parameter,ListTagsForResource,0
1671,arn:aws:iam::123837392027:user/bert-jan,aws_service,DescribeRouteTables,0
1672,arn:aws:iam::123837392027:user/bert-jan,aws_service,DeleteNatGateway,0
1673,arn:aws:iam::123837392027:user/bert-jan,aws_service,DescribeParameters,0
1674,,aws_service,StartSecretVersionDelete,0
1675,,aws_service,EndSecretVersionDelete,0
1676,arn:aws:iam::123837392027:user/bert-jan,rtb-0c7c2f4aff3677054,DeleteRouteTable,0
1677,arn:aws:iam::123837392027:user/bert-jan,rtb-01a1e48796093c514,DeleteRouteTable,0
1678,arn:aws:iam::123837392027:user/bert-jan,aws_service,DescribeRouteTables,0
1679,arn:aws:iam::123837392027:user/bert-jan,rtb-0d4916f528a90fa4e,DeleteRouteTable,0
1680,arn:aws:iam::123837392027:user/bert-jan,aws_service,DescribeRouteTables,0
1681,arn:aws:iam::123837392027:user/bert-jan,aws_service,DescribeRouteTables,0
1682,arn:aws:iam::123837392027:user/bert-jan,rtb-08838187a84b2f5bf,DeleteRouteTable,0
1683,,aws_service,EndSecretVersionDelete,0
1684,,aws_service,EndSecretVersionDelete,0
1685,arn:aws:iam::123837392027:user/bert-jan,aws_service,DescribeParameters,0
1686,,aws_service,StartSecretVersionDelete,0
1687,arn:aws:iam::123837392027:user/bert-jan,aws_service,DescribeRouteTables,0
1688,,aws_service,StartSecretVersionDelete,0
1689,arn:aws:iam::123837392027:user/bert-jan,Parameter,ListTagsForResource,0
1690,,aws_service,EndSecretVersionDelete,0
1691,,stratus-red-team-ctlr-bucket-zqfsvooxqj,GetBucketAcl,0
1692,arn:aws:iam::123837392027:user/bert-jan,stratus-red-team-ctlr-bucket-zqfsvooxqj,DeleteBucket,0
1693,,aws_service,StartSecretVersionDelete,0
1694,,aws_service,EndSecretVersionDelete,0
1695,arn:aws:iam::123837392027:user/bert-jan,stratus-red-team-ctlr-bucket-zqfsvooxqj,DeleteBucket,0
1696,arn:aws:iam::123837392027:user/bert-jan,Parameter,ListTagsForResource,0
1697,arn:aws:iam::123837392027:user/bert-jan,aws_service,DescribeParameters,0
1698,,aws_service,StartSecretVersionDelete,0
1699,arn:aws:iam::123837392027:user/bert-jan,aws_service,GetUser,0
1700,arn:aws:iam::123837392027:user/bert-jan,/credentials/stratus-red-team/credentials-39,DeleteParameter,0
1701,arn:aws:iam::123837392027:user/bert-jan,/credentials/stratus-red-team/credentials-23,DeleteParameter,0
1702,arn:aws:iam::123837392027:user/bert-jan,/credentials/stratus-red-team/credentials-11,DeleteParameter,0
1703,,aws_service,EndSecretVersionDelete,0
1704,arn:aws:iam::123837392027:user/bert-jan,/credentials/stratus-red-team/credentials-16,DeleteParameter,0
1705,arn:aws:iam::123837392027:user/bert-jan,/credentials/stratus-red-team/credentials-41,DeleteParameter,0
1706,arn:aws:iam::123837392027:user/bert-jan,/credentials/stratus-red-team/credentials-8,DeleteParameter,0
1707,arn:aws:iam::123837392027:user/bert-jan,/credentials/stratus-red-team/credentials-22,DeleteParameter,0
1708,arn:aws:iam::123837392027:user/bert-jan,/credentials/stratus-red-team/credentials-34,DeleteParameter,0
1709,arn:aws:iam::123837392027:user/bert-jan,/credentials/stratus-red-team/credentials-12,DeleteParameter,0
1710,arn:aws:iam::123837392027:user/bert-jan,/credentials/stratus-red-team/credentials-6,DeleteParameter,0
1711,arn:aws:iam::123837392027:user/bert-jan,/credentials/stratus-red-team/credentials-27,DeleteParameter,0
1712,arn:aws:iam::123837392027:user/bert-jan,/credentials/stratus-red-team/credentials-24,DeleteParameter,0
1713,arn:aws:iam::123837392027:user/bert-jan,/credentials/stratus-red-team/credentials-3,DeleteParameter,0
1714,arn:aws:iam::123837392027:user/bert-jan,/credentials/stratus-red-team/credentials-40,DeleteParameter,0
1715,arn:aws:iam::123837392027:user/bert-jan,/credentials/stratus-red-team/credentials-33,DeleteParameter,0
1716,arn:aws:iam::123837392027:user/bert-jan,/credentials/stratus-red-team/credentials-1,DeleteParameter,0
1717,arn:aws:iam::123837392027:user/bert-jan,/credentials/stratus-red-team/credentials-2,DeleteParameter,0
1718,arn:aws:iam::123837392027:user/bert-jan,/credentials/stratus-red-team/credentials-37,DeleteParameter,0
1719,arn:aws:iam::123837392027:user/bert-jan,/credentials/stratus-red-team/credentials-4,DeleteParameter,0
1720,arn:aws:iam::123837392027:user/bert-jan,/credentials/stratus-red-team/credentials-25,DeleteParameter,0
1721,,aws_service,StartSecretVersionDelete,0
1722,arn:aws:iam::123837392027:user/bert-jan,aws_service,DeleteParameter,0
1723,arn:aws:iam::123837392027:user/bert-jan,aws_service,DeleteParameter,0
1724,arn:aws:iam::123837392027:user/bert-jan,aws_service,DeleteParameter,0
1725,arn:aws:iam::123837392027:user/bert-jan,aws_service,DeleteParameter,0
1726,arn:aws:iam::123837392027:user/bert-jan,aws_service,DeleteParameter,0
1727,arn:aws:iam::123837392027:user/bert-jan,aws_service,DeleteParameter,0
1728,arn:aws:iam::123837392027:user/bert-jan,aws_service,DeleteParameter,0
1729,arn:aws:iam::123837392027:user/bert-jan,aws_service,DeleteParameter,0
1730,arn:aws:iam::123837392027:user/bert-jan,aws_service,DeleteParameter,0
1731,,aws_service,EndSecretVersionDelete,0
1732,arn:aws:iam::123837392027:user/bert-jan,aws_service,DeleteParameter,0
1733,arn:aws:iam::123837392027:user/bert-jan,aws_service,DeleteParameter,0
1734,arn:aws:iam::123837392027:user/bert-jan,aws_service,DeleteParameter,0
1735,arn:aws:iam::123837392027:user/bert-jan,aws_service,DeleteParameter,0
1736,,aws_service,StartSecretVersionDelete,0
1737,arn:aws:iam::123837392027:user/bert-jan,aws_service,DeleteParameter,0
1738,arn:aws:iam::123837392027:user/bert-jan,aws_service,DeleteParameter,0
1739,,aws_service,EndSecretVersionDelete,0
1740,,aws_service,StartSecretVersionDelete,0
1741,arn:aws:iam::123837392027:user/bert-jan,aws_service,DeleteParameter,0
1742,arn:aws:iam::123837392027:user/bert-jan,aws_service,DeleteParameter,0
1743,arn:aws:iam::123837392027:user/bert-jan,aws_service,DeleteParameter,0
1744,arn:aws:iam::123837392027:user/bert-jan,aws_service,DeleteParameter,0
1745,arn:aws:iam::123837392027:user/bert-jan,aws_service,DeleteParameter,0
1746,arn:aws:iam::123837392027:user/bert-jan,aws_service,DeleteParameter,0
1747,,aws_service,StartSecretVersionDelete,0
1748,arn:aws:iam::123837392027:user/bert-jan,aws_service,DeleteParameter,0
1749,,aws_service,EndSecretVersionDelete,0
1750,arn:aws:iam::123837392027:user/bert-jan,aws_service,DescribeInstances,0
1751,arn:aws:iam::123837392027:user/bert-jan,aws_service,DeleteParameter,0
1752,arn:aws:iam::123837392027:user/bert-jan,aws_service,DeleteParameter,0
1753,arn:aws:iam::123837392027:user/bert-jan,aws_service,DescribeInstances,0
1754,arn:aws:iam::123837392027:user/bert-jan,aws_service,DeleteParameter,0
1755,arn:aws:iam::123837392027:user/bert-jan,/credentials/stratus-red-team/credentials-17,DeleteParameter,0
1756,arn:aws:iam::123837392027:user/bert-jan,/credentials/stratus-red-team/credentials-36,DeleteParameter,0
1757,arn:aws:iam::123837392027:user/bert-jan,aws_service,DeleteParameter,0
1758,arn:aws:iam::123837392027:user/bert-jan,aws_service,DeleteParameter,0
1759,arn:aws:iam::123837392027:user/bert-jan,aws_service,DescribeNatGateways,0
1760,arn:aws:iam::123837392027:user/bert-jan,/credentials/stratus-red-team/credentials-19,DeleteParameter,0
1761,arn:aws:iam::123837392027:user/bert-jan,aws_service,DescribeNatGateways,0
1762,arn:aws:iam::123837392027:user/bert-jan,/credentials/stratus-red-team/credentials-31,DeleteParameter,0
1763,,aws_service,EndSecretVersionDelete,0
1764,,aws_service,StartSecretVersionDelete,0
1765,arn:aws:iam::123837392027:user/bert-jan,/credentials/stratus-red-team/credentials-30,DeleteParameter,0
1766,,aws_service,EndSecretVersionDelete,0
1767,arn:aws:iam::123837392027:user/bert-jan,aws_service,DeleteParameter,0
1768,arn:aws:iam::123837392027:user/bert-jan,/credentials/stratus-red-team/credentials-29,DeleteParameter,0
1769,arn:aws:iam::123837392027:user/bert-jan,/credentials/stratus-red-team/credentials-7,DeleteParameter,0
1770,arn:aws:iam::123837392027:user/bert-jan,/credentials/stratus-red-team/credentials-18,DeleteParameter,0
1771,,aws_service,StartSecretVersionDelete,0
1772,arn:aws:iam::123837392027:user/bert-jan,aws_service,DeleteParameter,0
1773,arn:aws:iam::123837392027:user/bert-jan,/credentials/stratus-red-team/credentials-26,DeleteParameter,0
1774,arn:aws:iam::123837392027:user/bert-jan,aws_service,DeleteParameter,0
1775,arn:aws:iam::123837392027:user/bert-jan,/credentials/stratus-red-team/credentials-38,DeleteParameter,0
1776,arn:aws:iam::123837392027:user/bert-jan,/credentials/stratus-red-team/credentials-20,DeleteParameter,0
1777,arn:aws:iam::123837392027:user/bert-jan,/credentials/stratus-red-team/credentials-28,DeleteParameter,0
1778,arn:aws:iam::123837392027:user/bert-jan,aws_service,DescribeInstances,0
1779,arn:aws:iam::123837392027:user/bert-jan,aws_service,DeleteParameter,0
1780,arn:aws:iam::123837392027:user/bert-jan,aws_service,DeleteParameter,0
1781,arn:aws:iam::123837392027:user/bert-jan,aws_service,DeleteParameter,0
1782,arn:aws:iam::123837392027:user/bert-jan,aws_service,DeleteParameter,0
1783,arn:aws:iam::123837392027:user/bert-jan,aws_service,DeleteParameter,0
1784,arn:aws:iam::123837392027:user/bert-jan,aws_service,DeleteParameter,0
1785,arn:aws:iam::123837392027:user/bert-jan,aws_service,DeleteParameter,0
1786,arn:aws:iam::123837392027:user/bert-jan,aws_service,DescribeInstances,0
1787,arn:aws:iam::123837392027:user/bert-jan,aws_service,DeleteParameter,0
1788,,aws_service,StartSecretVersionDelete,0
1789,,aws_service,EndSecretVersionDelete,0
1790,,aws_service,StartSecretVersionDelete,0
1791,,aws_service,EndSecretVersionDelete,0
1792,,aws_service,EndSecretVersionDelete,0
1793,,aws_service,StartSecretVersionDelete,0
1794,arn:aws:iam::123837392027:user/bert-jan,/credentials/stratus-red-team/credentials-13,DeleteParameter,0
1795,arn:aws:iam::123837392027:user/bert-jan,/credentials/stratus-red-team/credentials-0,DeleteParameter,0
1796,arn:aws:iam::123837392027:user/bert-jan,/credentials/stratus-red-team/credentials-15,DeleteParameter,0
1797,arn:aws:iam::123837392027:user/bert-jan,/credentials/stratus-red-team/credentials-21,DeleteParameter,0
1798,,aws_service,EndSecretVersionDelete,0
1799,,aws_service,StartSecretVersionDelete,0
1800,,aws_service,StartSecretVersionDelete,0
1801,arn:aws:iam::123837392027:user/bert-jan,/credentials/stratus-red-team/credentials-5,DeleteParameter,0
1802,arn:aws:iam::123837392027:user/bert-jan,aws_service,DescribeInstances,0
1803,,aws_service,EndSecretVersionDelete,0
1804,,aws_service,StartSecretVersionDelete,0
1805,,aws_service,EndSecretVersionDelete,0
1806,,aws_service,StartSecretVersionDelete,0
1807,,aws_service,EndSecretVersionDelete,0
1808,arn:aws:iam::123837392027:user/bert-jan,/credentials/stratus-red-team/credentials-9,DeleteParameter,0
1809,arn:aws:iam::123837392027:user/bert-jan,/credentials/stratus-red-team/credentials-35,DeleteParameter,0
1810,arn:aws:iam::123837392027:user/bert-jan,aws_service,DescribeNatGateways,0
1811,,aws_service,EndSecretVersionDelete,0
1812,arn:aws:iam::123837392027:user/bert-jan,aws_service,DescribeNatGateways,0
1813,arn:aws:iam::123837392027:user/bert-jan,/credentials/stratus-red-team/credentials-14,DeleteParameter,0
1814,,aws_service,StartSecretVersionDelete,0
1815,arn:aws:iam::123837392027:user/bert-jan,aws_service,DescribeInstances,0
1816,arn:aws:iam::123837392027:user/bert-jan,aws_service,DescribeInstances,0
1817,arn:aws:iam::123837392027:user/bert-jan,stratus-red-team-ec2-steal-credentials-role,RemoveRoleFromInstanceProfile,0
1818,arn:aws:iam::123837392027:user/bert-jan,stratus-red-team-ec2-steal-credentials-instance,DeleteInstanceProfile,0
1819,arn:aws:iam::123837392027:user/bert-jan,aws_service,DescribeNatGateways,0
1820,arn:aws:iam::123837392027:user/bert-jan,stratus-red-team-ec2-steal-credentials-role,ListAttachedRolePolicies,0
1821,arn:aws:iam::123837392027:user/bert-jan,aws_service,DescribeNatGateways,0
1822,arn:aws:iam::123837392027:user/bert-jan,eni-076fa9fb98a2500a7,DeleteNetworkInterface,0
1823,arn:aws:iam::123837392027:user/bert-jan,stratus-red-team-ec2-steal-credentials-role,ListInstanceProfilesForRole,0
1824,arn:aws:iam::123837392027:user/bert-jan,aws_service,DescribeNetworkInterfaces,0
1825,arn:aws:iam::123837392027:user/bert-jan,stratus-red-team-ec2-steal-credentials-role,ListRolePolicies,0
1826,arn:aws:iam::123837392027:user/bert-jan,stratus-red-team-ec2-steal-credentials-role,DeleteRolePolicy,0
1827,arn:aws:iam::123837392027:user/bert-jan,subnet-0ed352584ab4aa265,DeleteSubnet,0
1828,arn:aws:iam::123837392027:user/bert-jan,stratus-red-team-ec2-steal-credentials-role,DeleteRole,0
1829,arn:aws:iam::123837392027:user/bert-jan,aws_service,DescribeInstances,0
1830,arn:aws:iam::123837392027:user/bert-jan,aws_service,DescribeNatGateways,0
1831,arn:aws:iam::123837392027:user/bert-jan,aws_service,DescribeNatGateways,0
1832,arn:aws:iam::123837392027:user/bert-jan,aws_service,DescribeNatGateways,0
1833,arn:aws:iam::123837392027:user/bert-jan,aws_service,DescribeNatGateways,0
1834,arn:aws:iam::123837392027:user/bert-jan,eni-attach-02aca13293a6fe1b9,DetachNetworkInterface,0
1835,arn:aws:iam::123837392027:user/bert-jan,stratus-red-team-ec2-enumerate-role,RemoveRoleFromInstanceProfile,0
1836,arn:aws:iam::123837392027:user/bert-jan,aws_service,DescribeInstances,0
1837,arn:aws:iam::123837392027:user/bert-jan,aws_service,DescribeNatGateways,0
1838,arn:aws:iam::123837392027:user/bert-jan,stratus-red-team-ec2-enumerate-instance,DeleteInstanceProfile,0
1839,arn:aws:iam::123837392027:user/bert-jan,aws_service,DescribeAccountAttributes,0
1840,arn:aws:iam::123837392027:user/bert-jan,aws_service,GetUser,0
1841,arn:aws:iam::123837392027:user/bert-jan,aws_service,DescribeImages,0
1842,arn:aws:iam::123837392027:user/bert-jan,aws_service,DescribeAvailabilityZones,0
1843,arn:aws:iam::123837392027:user/bert-jan,aws_service,GetCallerIdentity,0
1844,arn:aws:iam::123837392027:user/bert-jan,"{""Statement"":[{""Action"":[""ec2:DescribeInstances""],""Effect"":""Allow"",""Resource"":""*""}],""Version"":""2012-10-17""}",CreatePolicy,0
1845,arn:aws:iam::123837392027:user/bert-jan,stratus-red-team-ec2lui-role-wuzemnoeqa,ListAttachedRolePolicies,0
1846,arn:aws:iam::123837392027:user/bert-jan,stratus-red-team-ec2lui-role-wuzemnoeqa,GetRole,0
1847,arn:aws:iam::123837392027:user/bert-jan,stratus-red-team-ec2lui-role-wuzemnoeqa,CreateRole,1
1848,arn:aws:iam::123837392027:user/bert-jan,aws_service,GetUser,0
1849,arn:aws:iam::123837392027:user/bert-jan,arn:aws:iam::123837392027:policy/stratus-red-team-ec2lui-policy-wuzemnoeqa,GetPolicyVersion,0
1850,arn:aws:iam::123837392027:user/bert-jan,arn:aws:iam::123837392027:policy/stratus-red-team-ec2lui-policy-wuzemnoeqa,GetPolicy,0
1851,arn:aws:iam::123837392027:user/bert-jan,10.0.0.0/16,CreateVpc,0
1852,arn:aws:iam::123837392027:user/bert-jan,stratus-red-team-ec2lui-role-wuzemnoeqa,ListRolePolicies,0
1853,arn:aws:iam::123837392027:user/bert-jan,arn:aws:iam::123837392027:policy/stratus-red-team-ec2lui-policy-wuzemnoeqa,GetPolicy,0
1854,arn:aws:iam::123837392027:user/bert-jan,vpc-098ff30ff74b36f73,DescribeVpcAttribute,0
1855,arn:aws:iam::123837392027:user/bert-jan,vpc-098ff30ff74b36f73,DescribeVpcAttribute,0
1856,arn:aws:iam::123837392027:user/bert-jan,arn:aws:iam::123837392027:policy/stratus-red-team-ec2lui-policy-wuzemnoeqa,ListEntitiesForPolicy,0
1857,arn:aws:iam::123837392027:user/bert-jan,vpc-098ff30ff74b36f73,DescribeVpcAttribute,0
1858,arn:aws:iam::123837392027:user/bert-jan,aws_service,DescribeVpcClassicLinkDnsSupport,0
1859,arn:aws:iam::123837392027:user/bert-jan,aws_service,DescribeVpcs,0
1860,arn:aws:iam::123837392027:user/bert-jan,aws_service,DescribeVpcs,0
1861,arn:aws:iam::123837392027:user/bert-jan,aws_service,DescribeVpcClassicLink,0
1862,arn:aws:iam::123837392027:user/bert-jan,stratus-red-team-ec2lui-role-wuzemnoeqa,AttachRolePolicy,1
1863,arn:aws:iam::123837392027:user/bert-jan,vpc-098ff30ff74b36f73,CreateRouteTable,0
1864,arn:aws:iam::123837392027:user/bert-jan,vpc-098ff30ff74b36f73,CreateRouteTable,0
1865,arn:aws:iam::123837392027:user/bert-jan,aws_service,CreateInternetGateway,0
1866,arn:aws:iam::123837392027:user/bert-jan,aws_service,DescribeSecurityGroups,0
1867,arn:aws:iam::123837392027:user/bert-jan,aws_service,DescribeNetworkAcls,0
1868,arn:aws:iam::123837392027:user/bert-jan,aws_service,DescribeRouteTables,0
1869,arn:aws:iam::123837392027:user/bert-jan,aws_service,DescribeRouteTables,0
1870,arn:aws:iam::123837392027:user/bert-jan,aws_service,DescribeSubnets,0
1871,arn:aws:iam::123837392027:user/bert-jan,vpc-098ff30ff74b36f73,CreateSubnet,0
1872,arn:aws:iam::123837392027:user/bert-jan,aws_service,DescribeRouteTables,0
1873,arn:aws:iam::123837392027:user/bert-jan,aws_service,DescribeRouteTables,0
1874,arn:aws:iam::123837392027:user/bert-jan,rtb-08cbc80e25a39c743,AssociateRouteTable,0
1875,arn:aws:iam::123837392027:user/bert-jan,aws_service,DescribeRouteTables,0
1876,arn:aws:iam::123837392027:user/bert-jan,rtb-08cbc80e25a39c743,CreateRoute,0
1877,arn:aws:iam::123837392027:user/bert-jan,aws_service,DescribeRouteTables,0
1878,arn:aws:iam::123837392027:user/bert-jan,aws_service,DescribeSubnets,0
1879,arn:aws:iam::123837392027:user/bert-jan,aws_service,DescribeRouteTables,0
1880,arn:aws:iam::123837392027:user/bert-jan,aws_service,DescribeRouteTables,0
1881,arn:aws:iam::123837392027:user/bert-jan,aws_service,DescribeRouteTables,0
1882,arn:aws:iam::123837392027:user/bert-jan,aws_service,DescribeInternetGateways,0
1883,arn:aws:iam::123837392027:user/bert-jan,aws_service,DescribeSubnets,0
1884,arn:aws:iam::123837392027:user/bert-jan,aws_service,DescribeSubnets,0
1885,arn:aws:iam::123837392027:user/bert-jan,vpc-098ff30ff74b36f73,CreateSubnet,0
1886,arn:aws:iam::123837392027:user/bert-jan,aws_service,DescribeInternetGateways,0
1887,arn:aws:iam::123837392027:user/bert-jan,igw-0cb4064bb338cd209,AttachInternetGateway,0
1888,arn:aws:iam::123837392027:user/bert-jan,rtb-0ed5e6124f33c9db3,AssociateRouteTable,0
1889,arn:aws:iam::123837392027:user/bert-jan,aws_service,DescribeRouteTables,0
1890,arn:aws:iam::123837392027:user/bert-jan,aws_service,DescribeRouteTables,0
1891,arn:aws:iam::123837392027:user/bert-jan,aws_service,DescribeRouteTables,0
1892,arn:aws:iam::123837392027:user/bert-jan,aws_service,DescribeRouteTables,0
1893,arn:aws:iam::123837392027:user/bert-jan,aws_service,DescribeRouteTables,0
1894,arn:aws:iam::123837392027:user/bert-jan,aws_service,AssumeRole,0
1895,arn:aws:iam::123837392027:user/bert-jan,aws_service,AssumeRole,0
1896,arn:aws:iam::123837392027:user/bert-jan,arn:aws:iam::123837392027:role/stratus-red-team-ec2lui-role-wuzemnoeqa,AssumeRole,0
1897,arn:aws:iam::123837392027:user/bert-jan,arn:aws:iam::123837392027:role/stratus-red-team-ec2lui-role-wuzemnoeqa,AssumeRole,0
1898,arn:aws:sts::123837392027:assumed-role/stratus-red-team-ec2lui-role-wuzemnoeqa/aws-go-sdk-1688990966084647983,p2.xlarge,RunInstances,0
1899,arn:aws:iam::123837392027:user/bert-jan,aws_service,DescribeAccountAttributes,0
1900,arn:aws:iam::123837392027:user/bert-jan,aws_service,GetUser,0
1901,arn:aws:iam::123837392027:user/bert-jan,aws_service,GetUser,0
1902,arn:aws:iam::123837392027:user/bert-jan,aws_service,DescribeVpcs,0
1903,arn:aws:iam::123837392027:user/bert-jan,10.0.0.0/16,CreateVpc,0
1904,arn:aws:iam::123837392027:user/bert-jan,aws_service,DescribeVpcClassicLink,0
1905,arn:aws:iam::123837392027:user/bert-jan,aws_service,DescribeVpcs,0
1906,arn:aws:iam::123837392027:user/bert-jan,vpc-0e568b18707c87afa,DescribeVpcAttribute,0
1907,arn:aws:iam::123837392027:user/bert-jan,aws_service,DescribeVpcClassicLinkDnsSupport,0
1908,arn:aws:iam::123837392027:user/bert-jan,vpc-0e568b18707c87afa,DescribeVpcAttribute,0
1909,arn:aws:iam::123837392027:user/bert-jan,aws_service,DescribeNetworkAcls,0
1910,arn:aws:iam::123837392027:user/bert-jan,aws_service,DescribeRouteTables,0
1911,arn:aws:iam::123837392027:user/bert-jan,aws_service,DescribeSecurityGroups,0
1912,arn:aws:iam::123837392027:user/bert-jan,aws_service,DescribeSecurityGroups,0
1913,arn:aws:iam::123837392027:user/bert-jan,stratus-red-team-open-sg-sg,CreateSecurityGroup,0
1914,arn:aws:iam::123837392027:user/bert-jan,aws_service,DescribeSecurityGroups,0
1915,arn:aws:iam::123837392027:user/bert-jan,aws_service,DescribeSecurityGroups,0
1916,arn:aws:iam::123837392027:user/bert-jan,sg-04cfb7a4712d75b00,RevokeSecurityGroupEgress,0
1917,arn:aws:iam::123837392027:user/bert-jan,aws_service,DescribeSecurityGroups,0
1918,arn:aws:iam::123837392027:user/bert-jan,sg-04cfb7a4712d75b00,RevokeSecurityGroupEgress,0
1919,arn:aws:iam::123837392027:user/bert-jan,sg-04cfb7a4712d75b00,AuthorizeSecurityGroupIngress,0
1920,arn:aws:iam::123837392027:user/bert-jan,aws_service,DescribeSecurityGroups,0
1921,arn:aws:iam::123837392027:user/bert-jan,sg-04cfb7a4712d75b00,AuthorizeSecurityGroupEgress,0
1922,arn:aws:iam::123837392027:user/bert-jan,sg-04cfb7a4712d75b00,AuthorizeSecurityGroupIngress,0
1923,arn:aws:iam::123837392027:user/bert-jan,aws_service,DescribeAccountAttributes,0
1924,arn:aws:iam::123837392027:user/bert-jan,aws_service,DescribeAvailabilityZones,0
1925,arn:aws:iam::123837392027:user/bert-jan,aws_service,GetUser,0
1926,arn:aws:iam::123837392027:user/bert-jan,aws_service,GetUser,0
1927,arn:aws:iam::123837392027:user/bert-jan,1,CreateVolume,0
1928,arn:aws:iam::123837392027:user/bert-jan,aws_service,DescribeVolumes,0
1929,arn:aws:iam::123837392027:user/bert-jan,vol-0a2e548958718390d,CreateSnapshot,0
1930,arn:aws:iam::123837392027:user/bert-jan,aws_service,DescribeVolumes,0
1931,arn:aws:iam::123837392027:user/bert-jan,aws_service,DescribeSnapshots,0
1932,arn:aws:iam::123837392027:user/bert-jan,aws_service,DescribeSnapshots,0
1933,arn:aws:iam::123837392027:user/bert-jan,aws_service,DescribeSnapshots,0
1934,arn:aws:iam::123837392027:user/bert-jan,stratus-red-team-share-ami-ami,RegisterImage,0
1935,arn:aws:iam::123837392027:user/bert-jan,aws_service,CreateTags,0
1936,arn:aws:iam::123837392027:user/bert-jan,aws_service,DescribeImages,0
1937,arn:aws:iam::123837392027:user/bert-jan,aws_service,DescribeImages,0
1938,arn:aws:iam::123837392027:user/bert-jan,ami-0aa1d83d0b0985c86,ModifyImageAttribute,0
1939,arn:aws:iam::123837392027:user/bert-jan,aws_service,DescribeAccountAttributes,0
1940,arn:aws:iam::123837392027:user/bert-jan,aws_service,GetUser,0
1941,arn:aws:iam::123837392027:user/bert-jan,aws_service,GetUser,0
1942,arn:aws:iam::123837392027:user/bert-jan,aws_service,DescribeAvailabilityZones,0
1943,arn:aws:iam::123837392027:user/bert-jan,1,CreateVolume,0
1944,arn:aws:iam::123837392027:user/bert-jan,aws_service,DescribeVolumes,0
1945,arn:aws:iam::123837392027:user/bert-jan,aws_service,DescribeVolumes,0
1946,arn:aws:iam::123837392027:user/bert-jan,vol-0fc2e34e74650e145,CreateSnapshot,0
1947,arn:aws:iam::123837392027:user/bert-jan,aws_service,DescribeSnapshots,0
1948,arn:aws:iam::123837392027:user/bert-jan,aws_service,DescribeSnapshots,0
1949,arn:aws:iam::123837392027:user/bert-jan,snap-083d3b857c13988bc,ModifySnapshotAttribute,0
1950,arn:aws:iam::123837392027:user/bert-jan,aws_service,DescribeAccountAttributes,0
1951,arn:aws:iam::123837392027:user/bert-jan,aws_service,GetUser,0
1952,arn:aws:iam::123837392027:user/bert-jan,aws_service,DescribeAvailabilityZones,0
1953,arn:aws:iam::123837392027:user/bert-jan,aws_service,GetUser,0
1954,arn:aws:iam::123837392027:user/bert-jan,10.0.0.0/16,CreateVpc,0
1955,arn:aws:iam::123837392027:user/bert-jan,aws_service,GetUser,0
1956,arn:aws:iam::123837392027:user/bert-jan,aws_service,DescribeAvailabilityZones,0
1957,arn:aws:iam::123837392027:user/bert-jan,ami-0aa1d83d0b0985c86,ModifyImageAttribute,0
1958,arn:aws:iam::123837392027:user/bert-jan,snap-083d3b857c13988bc,ModifySnapshotAttribute,0
1959,arn:aws:iam::123837392027:user/bert-jan,sg-04cfb7a4712d75b00,RevokeSecurityGroupIngress,0
1960,arn:aws:iam::123837392027:user/bert-jan,stratus-red-team-ct-stop-trail-qzbgnfqisx,StartLogging,0
1961,arn:aws:iam::123837392027:user/bert-jan,aws_service,GetUser,0
1962,arn:aws:iam::123837392027:user/bert-jan,aws_service,GetUser,0
1963,arn:aws:iam::123837392027:user/bert-jan,stratus-red-team-ec2-enumerate-role,GetRole,0
1964,arn:aws:iam::123837392027:user/bert-jan,aws_service,GetUser,0
1965,arn:aws:iam::123837392027:user/bert-jan,aws_service,DescribeVpcClassicLink,0
1966,arn:aws:iam::123837392027:user/bert-jan,aws_service,DescribeVpcClassicLink,0
1967,arn:aws:iam::123837392027:user/bert-jan,aws_service,DescribeAddresses,0
1968,arn:aws:iam::123837392027:user/bert-jan,aws_service,DescribeAvailabilityZones,0
1969,arn:aws:iam::123837392027:user/bert-jan,aws_service,DescribeAddresses,0
1970,arn:aws:iam::123837392027:user/bert-jan,aws_service,DescribeAvailabilityZones,0
1971,arn:aws:iam::123837392027:user/bert-jan,aws_service,GetUser,0
1972,arn:aws:iam::123837392027:user/bert-jan,aws_service,DescribeVpcs,0
1973,arn:aws:iam::123837392027:user/bert-jan,aws_service,DescribeImages,0
1974,arn:aws:iam::123837392027:user/bert-jan,aws_service,DescribeImages,0
1975,arn:aws:iam::123837392027:user/bert-jan,aws_service,DescribeAvailabilityZones,0
1976,arn:aws:iam::123837392027:user/bert-jan,aws_service,GetUser,0
1977,arn:aws:iam::123837392027:user/bert-jan,aws_service,GetUser,0
1978,arn:aws:iam::123837392027:user/bert-jan,aws_service,DescribeVpcs,0
1979,arn:aws:iam::123837392027:user/bert-jan,aws_service,DescribeImages,0
1980,arn:aws:iam::123837392027:user/bert-jan,arn:aws:iam::123837392027:policy/stratus-red-team-ec2lui-policy-wuzemnoeqa,GetPolicyVersion,0
1981,arn:aws:iam::123837392027:user/bert-jan,aws_service,DescribeVpcClassicLinkDnsSupport,0
1982,arn:aws:iam::123837392027:user/bert-jan,stratus-red-team-ec2-enumerate-role,ListRolePolicies,0
1983,arn:aws:iam::123837392027:user/bert-jan,aws_service,DescribeSnapshots,0
1984,arn:aws:iam::123837392027:user/bert-jan,stratus-red-team-ec2-enumerate-role,ListAttachedRolePolicies,0
1985,arn:aws:iam::123837392027:user/bert-jan,arn:aws:iam::123837392027:policy/stratus-red-team-ec2lui-policy-wuzemnoeqa,GetPolicy,0
1986,arn:aws:iam::123837392027:user/bert-jan,stratus-red-team-ec2lui-role-wuzemnoeqa,GetRole,0
1987,arn:aws:iam::123837392027:user/bert-jan,aws_service,GetUser,0
1988,arn:aws:iam::123837392027:user/bert-jan,aws_service,DescribeAvailabilityZones,0
1989,arn:aws:iam::123837392027:user/bert-jan,aws_service,DescribeVolumes,0
1990,arn:aws:iam::123837392027:user/bert-jan,aws_service,GetCallerIdentity,0
1991,arn:aws:iam::123837392027:user/bert-jan,aws_service,DescribeVpcClassicLinkDnsSupport,0
1992,arn:aws:iam::123837392027:user/bert-jan,vpc-04ae35a334cd7ef4f,DescribeVpcAttribute,0
1993,arn:aws:iam::123837392027:user/bert-jan,aws_service,DescribeAvailabilityZones,0
1994,arn:aws:iam::123837392027:user/bert-jan,aws_service,DescribeVpcs,0
1995,arn:aws:iam::123837392027:user/bert-jan,aws_service,DescribeSnapshots,0
1996,arn:aws:iam::123837392027:user/bert-jan,stratus-red-team-ec2lui-role-wuzemnoeqa,ListRolePolicies,0
1997,arn:aws:iam::123837392027:user/bert-jan,vpc-06fe1a64761a0f720,DescribeVpcAttribute,0
1998,arn:aws:iam::123837392027:user/bert-jan,aws_service,DescribeVpcClassicLink,0
1999,arn:aws:iam::123837392027:user/bert-jan,aws_service,DescribeVolumes,0
2000,arn:aws:iam::123837392027:user/bert-jan,aws_service,DescribeVpcs,0
2001,arn:aws:iam::123837392027:user/bert-jan,aws_service,DescribeVpcClassicLink,0
2002,arn:aws:iam::123837392027:user/bert-jan,aws_service,DescribeVpcClassicLinkDnsSupport,0
2003,arn:aws:iam::123837392027:user/bert-jan,aws_service,DescribeRouteTables,0
2004,arn:aws:iam::123837392027:user/bert-jan,aws_service,DescribeSecurityGroups,0
2005,arn:aws:iam::123837392027:user/bert-jan,vpc-098ff30ff74b36f73,DescribeVpcAttribute,0
2006,arn:aws:iam::123837392027:user/bert-jan,vpc-098ff30ff74b36f73,DescribeVpcAttribute,0
2007,arn:aws:iam::123837392027:user/bert-jan,arn:aws:iam::123837392027:policy/stratus-red-team-ec2lui-policy-wuzemnoeqa,ListEntitiesForPolicy,0
2008,arn:aws:iam::123837392027:user/bert-jan,vpc-0e568b18707c87afa,DescribeVpcAttribute,0
2009,arn:aws:iam::123837392027:user/bert-jan,vpc-04ae35a334cd7ef4f,DescribeVpcAttribute,0
2010,arn:aws:iam::123837392027:user/bert-jan,vpc-098ff30ff74b36f73,DescribeVpcAttribute,0
2011,arn:aws:iam::123837392027:user/bert-jan,aws_service,DescribeImages,0
2012,arn:aws:iam::123837392027:user/bert-jan,aws_service,DescribeVpcClassicLinkDnsSupport,0
2013,arn:aws:iam::123837392027:user/bert-jan,aws_service,GetUser,0
2014,arn:aws:iam::123837392027:user/bert-jan,aws_service,DescribeNetworkAcls,0
2015,arn:aws:iam::123837392027:user/bert-jan,stratus-red-team-ec2-enumerate-instance,GetInstanceProfile,0
2016,arn:aws:iam::123837392027:user/bert-jan,aws_service,DescribeNetworkAcls,0
2017,arn:aws:iam::123837392027:user/bert-jan,vpc-06fe1a64761a0f720,DescribeVpcAttribute,0
2018,arn:aws:iam::123837392027:user/bert-jan,aws_service,DescribeNetworkAcls,0
2019,arn:aws:iam::123837392027:user/bert-jan,aws_service,GetUser,0
2020,arn:aws:iam::123837392027:user/bert-jan,arn:aws:iam::123837392027:policy/stratus-red-team-ec2lui-policy-wuzemnoeqa,GetPolicy,0
2021,arn:aws:iam::123837392027:user/bert-jan,stratus-red-team-ec2lui-role-wuzemnoeqa,ListAttachedRolePolicies,0
2022,arn:aws:iam::123837392027:user/bert-jan,aws_service,DescribeRouteTables,0
2023,arn:aws:iam::123837392027:user/bert-jan,aws_service,DescribeRouteTables,0
2024,arn:aws:iam::123837392027:user/bert-jan,aws_service,DescribeRouteTables,0
2025,arn:aws:iam::123837392027:user/bert-jan,aws_service,DescribeRouteTables,0
2026,arn:aws:iam::123837392027:user/bert-jan,aws_service,DescribeSubnets,0
2027,arn:aws:iam::123837392027:user/bert-jan,aws_service,DescribeRouteTables,0
2028,arn:aws:iam::123837392027:user/bert-jan,aws_service,DescribeNetworkAcls,0
2029,arn:aws:iam::123837392027:user/bert-jan,aws_service,DescribeInternetGateways,0
2030,arn:aws:iam::123837392027:user/bert-jan,ami-0aa1d83d0b0985c86,DeregisterImage,0
2031,arn:aws:iam::123837392027:user/bert-jan,vpc-0e568b18707c87afa,DescribeVpcAttribute,0
2032,arn:aws:iam::123837392027:user/bert-jan,aws_service,DescribeSecurityGroups,0
2033,arn:aws:iam::123837392027:user/bert-jan,snap-083d3b857c13988bc,DeleteSnapshot,0
2034,arn:aws:iam::123837392027:user/bert-jan,aws_service,DescribeRouteTables,0
2035,arn:aws:iam::123837392027:user/bert-jan,aws_service,DescribeSecurityGroups,0
2036,arn:aws:iam::123837392027:user/bert-jan,aws_service,DescribeRouteTables,0
2037,arn:aws:iam::123837392027:user/bert-jan,aws_service,DescribeSubnets,0
2038,arn:aws:iam::123837392027:user/bert-jan,aws_service,DescribeInternetGateways,0
2039,arn:aws:iam::123837392027:user/bert-jan,aws_service,DescribeRouteTables,0
2040,arn:aws:iam::123837392027:user/bert-jan,aws_service,DescribeInternetGateways,0
2041,arn:aws:iam::123837392027:user/bert-jan,aws_service,DescribeNetworkInterfaces,0
2042,arn:aws:iam::123837392027:user/bert-jan,aws_service,DescribeSubnets,0
2043,arn:aws:iam::123837392027:user/bert-jan,aws_service,DescribeSubnets,0
2044,arn:aws:iam::123837392027:user/bert-jan,aws_service,DescribeNatGateways,0
2045,arn:aws:iam::123837392027:user/bert-jan,aws_service,GetUser,0
2046,arn:aws:iam::123837392027:user/bert-jan,aws_service,DescribeVolumes,0
2047,arn:aws:iam::123837392027:user/bert-jan,aws_service,DescribeSubnets,0
2048,arn:aws:iam::123837392027:user/bert-jan,vol-0fc2e34e74650e145,DeleteVolume,0
2049,arn:aws:iam::123837392027:user/bert-jan,aws_service,DescribeSecurityGroups,0
2050,arn:aws:iam::123837392027:user/bert-jan,aws_service,DescribeNatGateways,0
2051,arn:aws:iam::123837392027:user/bert-jan,aws_service,DescribeSecurityGroups,0
2052,arn:aws:iam::123837392027:user/bert-jan,aws_service,DescribeNetworkInterfaces,0
2053,arn:aws:iam::123837392027:user/bert-jan,stratus-red-team-ec2-enumerate-role,ListInstanceProfilesForRole,0
2054,arn:aws:iam::123837392027:user/bert-jan,stratus-red-team-ec2lui-role-wuzemnoeqa,DeleteRole,0
2055,arn:aws:iam::123837392027:user/bert-jan,stratus-red-team-ec2lui-role-wuzemnoeqa,ListAttachedRolePolicies,0
2056,arn:aws:iam::123837392027:user/bert-jan,stratus-red-team-ec2lui-role-wuzemnoeqa,DetachRolePolicy,0
2057,arn:aws:iam::123837392027:user/bert-jan,stratus-red-team-ec2lui-role-wuzemnoeqa,ListInstanceProfilesForRole,0
2058,arn:aws:iam::123837392027:user/bert-jan,arn:aws:iam::123837392027:policy/stratus-red-team-ec2lui-policy-wuzemnoeqa,DeletePolicy,0
2059,arn:aws:iam::123837392027:user/bert-jan,aws_service,GetUser,0
2060,arn:aws:iam::123837392027:user/bert-jan,aws_service,GetUser,0
2061,arn:aws:iam::123837392027:user/bert-jan,arn:aws:iam::123837392027:policy/stratus-red-team-ec2lui-policy-wuzemnoeqa,ListPolicyVersions,0
2062,arn:aws:iam::123837392027:user/bert-jan,aws_service,DescribeNetworkInterfaces,0
2063,arn:aws:iam::123837392027:user/bert-jan,igw-02a84e4222d62e16b,DetachInternetGateway,0
2064,arn:aws:iam::123837392027:user/bert-jan,aws_service,DescribeAddresses,0
2065,arn:aws:iam::123837392027:user/bert-jan,aws_service,DescribeNetworkInterfaces,0
2066,arn:aws:iam::123837392027:user/bert-jan,aws_service,GetUser,0
2067,arn:aws:iam::123837392027:user/bert-jan,rtbassoc-0b5181d9e08e92a46,DisassociateRouteTable,0
2068,arn:aws:iam::123837392027:user/bert-jan,aws_service,DescribeRouteTables,0
2069,arn:aws:iam::123837392027:user/bert-jan,aws_service,DescribeRouteTables,0
2070,arn:aws:iam::123837392027:user/bert-jan,rtb-0ed5e6124f33c9db3,DeleteRouteTable,0
2071,arn:aws:iam::123837392027:user/bert-jan,aws_service,DescribeRouteTables,0
2072,arn:aws:iam::123837392027:user/bert-jan,aws_service,DescribeRouteTables,0
2073,arn:aws:iam::123837392027:user/bert-jan,aws_service,DescribeRouteTables,0
2074,arn:aws:iam::123837392027:user/bert-jan,aws_service,DescribeNetworkInterfaces,0
2075,arn:aws:iam::123837392027:user/bert-jan,aws_service,DescribeNetworkInterfaces,0
2076,arn:aws:iam::123837392027:user/bert-jan,aws_service,DescribeRouteTables,0
2077,arn:aws:iam::123837392027:user/bert-jan,rtbassoc-030f9b163ce202d50,DisassociateRouteTable,0
2078,arn:aws:iam::123837392027:user/bert-jan,rtb-08cbc80e25a39c743,DeleteRoute,0
2079,arn:aws:iam::123837392027:user/bert-jan,aws_service,DescribeNetworkInterfaces,0
2080,arn:aws:iam::123837392027:user/bert-jan,igw-0085514f9c3e68f60,DetachInternetGateway,0
2081,arn:aws:iam::123837392027:user/bert-jan,stratus-red-team-ec2-enumerate-role,ListRolePolicies,0
2082,arn:aws:iam::123837392027:user/bert-jan,aws_service,DescribeInternetGateways,0
2083,arn:aws:iam::123837392027:user/bert-jan,aws_service,DescribeRouteTables,0
2084,arn:aws:iam::123837392027:user/bert-jan,igw-02a84e4222d62e16b,DeleteInternetGateway,0
2085,arn:aws:iam::123837392027:user/bert-jan,aws_service,DescribeRouteTables,0
2086,arn:aws:iam::123837392027:user/bert-jan,subnet-0bb3caee4559a3df0,DeleteSubnet,0
2087,arn:aws:iam::123837392027:user/bert-jan,sg-04cfb7a4712d75b00,DeleteSecurityGroup,0
2088,arn:aws:iam::123837392027:user/bert-jan,subnet-01ed430875cff578d,DeleteSubnet,0
2089,arn:aws:iam::123837392027:user/bert-jan,subnet-0afaf7ba0564cac3a,DeleteSubnet,0
2090,arn:aws:iam::123837392027:user/bert-jan,aws_service,DescribeNetworkInterfaces,0
2091,arn:aws:iam::123837392027:user/bert-jan,subnet-079fd43fc4ee35af7,DeleteSubnet,0
2092,arn:aws:iam::123837392027:user/bert-jan,aws_service,DescribeNetworkInterfaces,0
2093,arn:aws:iam::123837392027:user/bert-jan,aws_service,DescribeInternetGateways,0
2094,arn:aws:iam::123837392027:user/bert-jan,eipalloc-08a083beb7e83dbc0,ReleaseAddress,0
2095,arn:aws:iam::123837392027:user/bert-jan,aws_service,DescribeAddresses,0
2096,arn:aws:iam::123837392027:user/bert-jan,eni-06b7a305fe9519d03,DeleteNetworkInterface,0
2097,arn:aws:iam::123837392027:user/bert-jan,stratus-red-team-ec2-enumerate-role,DeleteRole,0
2098,arn:aws:iam::123837392027:user/bert-jan,aws_service,DescribeImages,0
2099,arn:aws:iam::123837392027:user/bert-jan,aws_service,DescribeAccountAttributes,0
2100,arn:aws:iam::123837392027:user/bert-jan,aws_service,GetUser,0
2101,arn:aws:iam::123837392027:user/bert-jan,aws_service,DescribeAvailabilityZones,0
2102,arn:aws:iam::123837392027:user/bert-jan,aws_service,GetUser,0
2103,arn:aws:iam::123837392027:user/bert-jan,10.0.0.0/16,CreateVpc,0
2104,arn:aws:iam::123837392027:user/bert-jan,aws_service,GetUser,0
2105,arn:aws:iam::123837392027:user/bert-jan,aws_service,DescribeAvailabilityZones,0
2106,arn:aws:iam::123837392027:user/benjamin,eventTypeCategory,DescribeEventAggregates,0
2107,arn:aws:iam::123837392027:user/benjamin,eventTypeCategory,DescribeEventAggregates,0
2108,arn:aws:iam::123837392027:user/bert-jan,aws_service,ListNotificationHubs,0
2109,arn:aws:iam::123837392027:user/bert-jan,eventTypeCategory,DescribeEventAggregates,0
2110,arn:aws:iam::123837392027:user/bert-jan,eventTypeCategory,DescribeEventAggregates,0
2111,arn:aws:iam::123837392027:user/bert-jan,eventTypeCategory,DescribeEventAggregates,0
2112,arn:aws:iam::123837392027:user/bert-jan,aws_service,DescribeHub,0
2113,arn:aws:iam::123837392027:user/bert-jan,eventTypeCategory,DescribeEventAggregates,0
2114,arn:aws:iam::123837392027:user/bert-jan,eventTypeCategory,DescribeEventAggregates,0
2115,arn:aws:iam::123837392027:user/bert-jan,eventTypeCategory,DescribeEventAggregates,0
2116,arn:aws:iam::123837392027:user/bert-jan,MONTHLY,GetCostAndUsage,0
2117,arn:aws:iam::123837392027:user/bert-jan,MONTHLY,GetCostForecast,0
2118,arn:aws:iam::123837392027:user/bert-jan,100,ListApplications,0
2119,arn:aws:iam::123837392027:user/bert-jan,eventTypeCategory,DescribeEventAggregates,0
2120,arn:aws:iam::123837392027:user/bert-jan,eventTypeCategory,DescribeEventAggregates,0
2121,arn:aws:iam::123837392027:user/bert-jan,aws_service,DescribeRegions,0
2122,arn:aws:iam::123837392027:user/bert-jan,SELF,ListResources,0
2123,arn:aws:iam::123837392027:user/bert-jan,AAMA-EFRSURBSGovVmd1Z0Q1NmU1UTc3SjRHazNFZHRwYW9ja2l1dFBLNEJiMVIvdVFqL2pBRVZjVUZoY25CcXpxbHVGYmJhdjJyaUFBQUFmakI4QmdrcWhraUc5dzBCQndhZ2J6QnRBZ0VBTUdnR0NTcUdTSWIzRFFFSEFUQWVCZ2xnaGtnQlpRTUVBUzR3RVFRTU15N1ZnK2dGZVRaZW1RSXlBZ0VRZ0RzNHdtamtrcXJKdHNNTmR5UTFTSkVRM2NwdXpMV0VnQWNpNXBFcnJJcnNYN1JLWGFtUjRWN0Q3dU9ESkRyRW5VZCsyVHBlcmpMOE9uRytrZz09khlzyxsSy58_3-6cTUXD6zf4KNh58uJ70T7TL3i1XSh2Ctda9YyAn7Uz7h7p6NdMuL80ybRQZrldAXRgIQvkpfawC_6PYfZRr56WWgnSvm1k-mR7q8yk5WG4nnaen5_qlAi0o0paXQmEsIiJQ5ebLBCKHJhfWDlS5fc8ZQRtVeXZy14F4UyPPoj4ZIwDoBh5m9oQ3BFRKvSu5LygVzHyK6bS3C7TmxHPmnXVyfaSQiQj3HrX,ListResources,0
2124,arn:aws:iam::123837392027:user/bert-jan,AGGREGATOR,ListIndexes,0
2125,arn:aws:iam::123837392027:user/bert-jan,aws_service,DescribeRegions,0
2126,arn:aws:iam::123837392027:user/bert-jan,aws_service,DescribeVpcs,0
2127,arn:aws:iam::123837392027:user/bert-jan,aws_service,DescribeAccountAttributes,0
2128,arn:aws:iam::123837392027:user/bert-jan,aws_service,DescribeDhcpOptions,0
2129,arn:aws:iam::123837392027:user/bert-jan,aws_service,DescribeVpnGateways,0
2130,arn:aws:iam::123837392027:user/bert-jan,aws_service,DescribeInstances,0
2131,arn:aws:iam::123837392027:user/bert-jan,aws_service,DescribeEgressOnlyInternetGateways,0
2132,arn:aws:iam::123837392027:user/bert-jan,aws_service,DescribeInternetGateways,0
2133,arn:aws:iam::123837392027:user/bert-jan,aws_service,DescribeNetworkAcls,0
2134,arn:aws:iam::123837392027:user/bert-jan,aws_service,DescribeNatGateways,0
2135,arn:aws:iam::123837392027:user/bert-jan,aws_service,DescribeSubnets,0
2136,arn:aws:iam::123837392027:user/bert-jan,aws_service,DescribeVpnConnections,0
2137,arn:aws:iam::123837392027:user/bert-jan,aws_service,DescribeAddresses,0
2138,arn:aws:iam::123837392027:user/bert-jan,aws_service,DescribeSecurityGroups,0
2139,arn:aws:iam::123837392027:user/bert-jan,aws_service,DescribeRouteTables,0
2140,arn:aws:iam::123837392027:user/bert-jan,aws_service,DescribeCustomerGateways,0
2141,arn:aws:iam::123837392027:user/bert-jan,aws_service,DescribeVpcEndpoints,0
2142,arn:aws:iam::123837392027:user/bert-jan,aws_service,DescribeVpcEndpointServiceConfigurations,0
2143,arn:aws:iam::123837392027:user/bert-jan,aws_service,DescribeVpcPeeringConnections,0
2144,arn:aws:iam::123837392027:user/bert-jan,eventTypeCategory,DescribeEventAggregates,0
2145,arn:aws:iam::123837392027:user/bert-jan,eventTypeCategory,DescribeEventAggregates,0
2146,arn:aws:iam::123837392027:user/bert-jan,aws_service,DescribeNetworkAcls,0
2147,arn:aws:iam::123837392027:user/bert-jan,aws_service,DescribeVpcs,0
2148,arn:aws:iam::123837392027:user/bert-jan,aws_service,DescribeDhcpOptions,0
2149,arn:aws:iam::123837392027:user/bert-jan,aws_service,DescribeAccountAttributes,0
2150,arn:aws:iam::123837392027:user/bert-jan,aws_service,DescribeRouteTables,0
2151,arn:aws:iam::123837392027:user/bert-jan,aws_service,ListNotificationHubs,0
2152,arn:aws:iam::123837392027:user/bert-jan,aws_service,DescribeInternetGateways,0
2153,arn:aws:iam::123837392027:user/bert-jan,aws_service,DescribeVpcEndpoints,0
2154,arn:aws:iam::123837392027:user/bert-jan,aws_service,DescribeEgressOnlyInternetGateways,0
2155,arn:aws:iam::123837392027:user/bert-jan,aws_service,DescribeNetworkAcls,0
2156,arn:aws:iam::123837392027:user/bert-jan,aws_service,DescribeVpcs,0
2157,arn:aws:iam::123837392027:user/bert-jan,aws_service,DescribeEgressOnlyInternetGateways,0
2158,arn:aws:iam::123837392027:user/bert-jan,aws_service,DescribeInternetGateways,0
2159,arn:aws:iam::123837392027:user/bert-jan,aws_service,DescribeVpcs,0
2160,arn:aws:iam::123837392027:user/bert-jan,aws_service,DescribeVpcs,0
2161,arn:aws:iam::123837392027:user/bert-jan,vpc-098ff30ff74b36f73,DescribeVpcAttribute,0
2162,arn:aws:iam::123837392027:user/bert-jan,vpc-098ff30ff74b36f73,ListFirewallRuleGroupAssociations,0
2163,arn:aws:iam::123837392027:user/bert-jan,aws_service,DescribeSubnets,0
2164,arn:aws:iam::123837392027:user/bert-jan,aws_service,DescribeNatGateways,0
2165,arn:aws:iam::123837392027:user/bert-jan,aws_service,DescribeSubnets,0
2166,arn:aws:iam::123837392027:user/bert-jan,vpc-098ff30ff74b36f73,DescribeVpcAttribute,0
2167,arn:aws:iam::123837392027:user/bert-jan,aws_service,DescribeVpcEndpoints,0
2168,arn:aws:iam::123837392027:user/bert-jan,aws_service,DescribeRouteTables,0
2169,arn:aws:iam::123837392027:user/bert-jan,vpc-098ff30ff74b36f73,DescribeVpcAttribute,0
2170,arn:aws:iam::123837392027:user/bert-jan,aws_service,DescribeNatGateways,0
2171,arn:aws:iam::123837392027:user/bert-jan,aws_service,DescribeRouteTables,0
2172,arn:aws:iam::123837392027:user/bert-jan,aws_service,DescribeRouteTables,0
2173,arn:aws:iam::123837392027:user/bert-jan,aws_service,GetUser,0
2174,arn:aws:iam::123837392027:user/bert-jan,aws_service,DescribeAvailabilityZones,0
2175,arn:aws:iam::123837392027:user/bert-jan,aws_service,DescribeVpcs,0
2176,arn:aws:iam::123837392027:user/bert-jan,aws_service,DescribeImages,0
2177,arn:aws:iam::123837392027:user/bert-jan,aws_service,DescribeVpcClassicLink,0
2178,arn:aws:iam::123837392027:user/bert-jan,aws_service,DescribeVpcClassicLinkDnsSupport,0
2179,arn:aws:iam::123837392027:user/bert-jan,aws_service,DescribeAddresses,0
2180,arn:aws:iam::123837392027:user/bert-jan,vpc-06fe1a64761a0f720,DescribeVpcAttribute,0
2181,arn:aws:iam::123837392027:user/bert-jan,vpc-06fe1a64761a0f720,DescribeVpcAttribute,0
2182,arn:aws:iam::123837392027:user/bert-jan,aws_service,DescribeNetworkAcls,0
2183,arn:aws:iam::123837392027:user/bert-jan,aws_service,DescribeRouteTables,0
2184,arn:aws:iam::123837392027:user/bert-jan,aws_service,DescribeSecurityGroups,0
2185,arn:aws:iam::123837392027:user/bert-jan,aws_service,DescribeInternetGateways,0
2186,arn:aws:iam::123837392027:user/bert-jan,aws_service,GetUser,0
2187,arn:aws:iam::123837392027:user/bert-jan,vpc-06fe1a64761a0f720,DeleteVpc,0
2188,arn:aws:iam::123837392027:user/bert-jan,aws_service,DescribeNetworkAcls,0
2189,arn:aws:iam::123837392027:user/bert-jan,aws_service,DescribeVpcs,0
2190,arn:aws:iam::123837392027:user/bert-jan,aws_service,DescribeRouteTables,0
2191,arn:aws:iam::123837392027:user/bert-jan,aws_service,DescribeVpcs,0
2192,arn:aws:iam::123837392027:user/bert-jan,aws_service,DescribeDhcpOptions,0
2193,arn:aws:iam::123837392027:user/bert-jan,aws_service,DescribeDhcpOptions,0
2194,arn:aws:iam::123837392027:user/bert-jan,aws_service,DescribeVpcs,0
2195,arn:aws:iam::123837392027:user/bert-jan,aws_service,DescribeNetworkAcls,0
2196,arn:aws:iam::123837392027:user/bert-jan,aws_service,DescribeVpcs,0
2197,arn:aws:iam::123837392027:user/bert-jan,aws_service,DescribeRouteTables,0
2198,arn:aws:iam::123837392027:user/bert-jan,aws_service,DescribeAccountAttributes,0
2199,arn:aws:iam::123837392027:user/bert-jan,aws_service,DescribeAvailabilityZones,0
2200,arn:aws:iam::123837392027:user/bert-jan,aws_service,GetUser,0
2201,arn:aws:iam::123837392027:user/bert-jan,aws_service,GetUser,0
2202,arn:aws:iam::123837392027:user/bert-jan,aws_service,DescribeVpcs,0
2203,arn:aws:iam::123837392027:user/bert-jan,10.0.0.0/16,CreateVpc,0
2204,arn:aws:iam::123837392027:user/bert-jan,aws_service,DescribeVpcClassicLink,0
2205,arn:aws:iam::123837392027:user/bert-jan,aws_service,DescribeVpcClassicLinkDnsSupport,0
2206,arn:aws:iam::123837392027:user/bert-jan,aws_service,DescribeVpcs,0
2207,arn:aws:iam::123837392027:user/bert-jan,vpc-07b33857c7ad1c027,DescribeVpcAttribute,0
2208,arn:aws:iam::123837392027:user/bert-jan,vpc-07b33857c7ad1c027,DescribeVpcAttribute,0
2209,arn:aws:iam::123837392027:user/bert-jan,aws_service,DescribeNetworkAcls,0
2210,arn:aws:iam::123837392027:user/bert-jan,aws_service,DescribeRouteTables,0
2211,arn:aws:iam::123837392027:user/bert-jan,vpc-07b33857c7ad1c027,CreateSubnet,0
2212,arn:aws:iam::123837392027:user/bert-jan,aws_service,DescribeSecurityGroups,0
2213,arn:aws:iam::123837392027:user/bert-jan,vpc-07b33857c7ad1c027,CreateRouteTable,0
2214,arn:aws:iam::123837392027:user/bert-jan,vpc-07b33857c7ad1c027,CreateSubnet,0
2215,arn:aws:iam::123837392027:user/bert-jan,vpc-07b33857c7ad1c027,CreateRouteTable,0
2216,arn:aws:iam::123837392027:user/bert-jan,aws_service,DescribeSubnets,0
2217,arn:aws:iam::123837392027:user/bert-jan,aws_service,DescribeSubnets,0
2218,arn:aws:iam::123837392027:user/bert-jan,aws_service,DescribeSubnets,0
2219,arn:aws:iam::123837392027:user/bert-jan,aws_service,DescribeRouteTables,0
2220,arn:aws:iam::123837392027:user/bert-jan,aws_service,DescribeSubnets,0
2221,arn:aws:iam::123837392027:user/bert-jan,aws_service,DescribeRouteTables,0
2222,arn:aws:iam::123837392027:user/bert-jan,aws_service,DescribeRouteTables,0
2223,arn:aws:iam::123837392027:user/bert-jan,aws_service,DescribeRouteTables,0
2224,arn:aws:iam::123837392027:user/bert-jan,rtb-01982f631c227e48f,AssociateRouteTable,0
2225,arn:aws:iam::123837392027:user/bert-jan,aws_service,DescribeRouteTables,0
2226,arn:aws:iam::123837392027:user/bert-jan,aws_service,DescribeRouteTables,0
2227,arn:aws:iam::123837392027:user/bert-jan,rtb-026f5220869c79072,AssociateRouteTable,0
2228,arn:aws:iam::123837392027:user/bert-jan,stratus-red-team-share-snap-vpc,CreateDBSubnetGroup,0
2229,arn:aws:iam::123837392027:user/bert-jan,aws_service,DescribeRouteTables,0
2230,arn:aws:iam::123837392027:user/bert-jan,arn:aws:rds:us-east-1:123837392027:subgrp:stratus-red-team-share-snap-vpc,ListTagsForResource,0
2231,arn:aws:iam::123837392027:user/bert-jan,stratus-red-team-share-snap-vpc,DescribeDBSubnetGroups,0
2232,arn:aws:iam::123837392027:user/bert-jan,aws_service,DescribeRouteTables,0
2233,,arn:aws:iam::123837392027:role/aws-service-role/rds.amazonaws.com/AWSServiceRoleForRDS,AssumeRole,0
2234,arn:aws:iam::123837392027:user/bert-jan,terraform-20230710121504061500000001,CreateDBInstance,0
2235,arn:aws:iam::123837392027:user/bert-jan,terraform-20230710121504061500000001,DescribeDBInstances,0
2236,arn:aws:iam::123837392027:user/bert-jan,terraform-20230710121504061500000001,DescribeDBInstances,0
2237,arn:aws:iam::123837392027:user/bert-jan,terraform-20230710121504061500000001,DescribeDBInstances,0
2238,,arn:aws:iam::123837392027:role/aws-service-role/rds.amazonaws.com/AWSServiceRoleForRDS,AssumeRole,0
2239,arn:aws:sts::123837392027:assumed-role/AWSServiceRoleForRDS/SLRManagement,aws_service,DescribeVpcs,0
2240,,arn:aws:iam::123837392027:role/aws-service-role/rds.amazonaws.com/AWSServiceRoleForRDS,AssumeRole,0
2241,arn:aws:iam::123837392027:user/bert-jan,terraform-20230710121504061500000001,DescribeDBInstances,0
2242,,arn:aws:iam::123837392027:role/aws-service-role/rds.amazonaws.com/AWSServiceRoleForRDS,AssumeRole,0
2243,arn:aws:sts::123837392027:assumed-role/AWSServiceRoleForRDS/SLRManagement,aws_service,DescribeSubnets,0
2244,,arn:aws:iam::123837392027:role/aws-service-role/rds.amazonaws.com/AWSServiceRoleForRDS,AssumeRole,0
2245,,arn:aws:iam::123837392027:role/aws-service-role/rds.amazonaws.com/AWSServiceRoleForRDS,AssumeRole,0
2246,arn:aws:sts::123837392027:assumed-role/AWSServiceRoleForRDS/SLRManagement,subnet-0c8a70cf4fd24084f,CreateNetworkInterface,0
2247,,arn:aws:iam::123837392027:role/aws-service-role/rds.amazonaws.com/AWSServiceRoleForRDS,AssumeRole,0
2248,arn:aws:iam::123837392027:user/bert-jan,terraform-20230710121504061500000001,DescribeDBInstances,0
2249,arn:aws:iam::123837392027:user/bert-jan,terraform-20230710121504061500000001,DescribeDBInstances,0
2250,arn:aws:iam::123837392027:user/bert-jan,terraform-20230710121504061500000001,DescribeDBInstances,0
2251,arn:aws:iam::123837392027:user/bert-jan,terraform-20230710121504061500000001,DescribeDBInstances,0
2252,arn:aws:iam::123837392027:user/bert-jan,terraform-20230710121504061500000001,DescribeDBInstances,0
2253,arn:aws:iam::123837392027:user/bert-jan,terraform-20230710121504061500000001,DescribeDBInstances,0
2254,arn:aws:iam::123837392027:user/bert-jan,terraform-20230710121504061500000001,DescribeDBInstances,0
2255,arn:aws:iam::123837392027:user/bert-jan,terraform-20230710121504061500000001,DescribeDBInstances,0
2256,arn:aws:iam::123837392027:user/bert-jan,terraform-20230710121504061500000001,DescribeDBInstances,0
2257,arn:aws:iam::123837392027:user/benjamin,eventTypeCategory,DescribeEventAggregates,0
2258,arn:aws:iam::123837392027:user/benjamin,eventTypeCategory,DescribeEventAggregates,0
2259,arn:aws:iam::123837392027:user/bert-jan,terraform-20230710121504061500000001,DescribeDBInstances,0
2260,arn:aws:iam::123837392027:user/bert-jan,terraform-20230710121504061500000001,DescribeDBInstances,0
2261,arn:aws:iam::123837392027:user/bert-jan,terraform-20230710121504061500000001,DescribeDBInstances,0
2262,arn:aws:iam::123837392027:user/bert-jan,terraform-20230710121504061500000001,DescribeDBInstances,0
2263,arn:aws:iam::123837392027:user/bert-jan,eventTypeCategory,DescribeEventAggregates,0
2264,arn:aws:iam::123837392027:user/bert-jan,eventTypeCategory,DescribeEventAggregates,0
2265,arn:aws:iam::123837392027:user/bert-jan,terraform-20230710121504061500000001,DescribeDBInstances,0
2266,,arn:aws:iam::123837392027:role/aws-service-role/rds.amazonaws.com/AWSServiceRoleForRDS,AssumeRole,0
2267,arn:aws:iam::123837392027:user/bert-jan,terraform-20230710121504061500000001,DescribeDBInstances,0
2268,arn:aws:iam::123837392027:user/bert-jan,terraform-20230710121504061500000001,DescribeDBInstances,0
2269,arn:aws:iam::123837392027:user/bert-jan,terraform-20230710121504061500000001,DescribeDBInstances,0
2270,arn:aws:iam::123837392027:user/bert-jan,terraform-20230710121504061500000001,DescribeDBInstances,0
2271,arn:aws:iam::123837392027:user/bert-jan,terraform-20230710121504061500000001,DescribeDBInstances,0
2272,arn:aws:iam::123837392027:user/bert-jan,terraform-20230710121504061500000001,DescribeDBInstances,0
2273,arn:aws:iam::123837392027:user/bert-jan,terraform-20230710121504061500000001,DescribeDBInstances,0
2274,arn:aws:iam::123837392027:user/bert-jan,arn:aws:rds:us-east-1:123837392027:db:terraform-20230710121504061500000001,ListTagsForResource,0
2275,arn:aws:iam::123837392027:user/bert-jan,terraform-20230710121504061500000001,CreateDBSnapshot,0
2276,arn:aws:iam::123837392027:user/bert-jan,exfiltration,DescribeDBSnapshots,0
2277,arn:aws:iam::123837392027:user/bert-jan,exfiltration,DescribeDBSnapshots,0
2278,arn:aws:iam::123837392027:user/bert-jan,exfiltration,DescribeDBSnapshots,0
2279,arn:aws:iam::123837392027:user/bert-jan,exfiltration,DescribeDBSnapshots,0
2280,arn:aws:iam::123837392027:user/bert-jan,exfiltration,DescribeDBSnapshots,0
2281,arn:aws:iam::123837392027:user/bert-jan,exfiltration,DescribeDBSnapshots,0
2282,arn:aws:iam::123837392027:user/bert-jan,exfiltration,DescribeDBSnapshots,0
2283,arn:aws:iam::123837392027:user/bert-jan,exfiltration,DescribeDBSnapshots,0
2284,arn:aws:iam::123837392027:user/bert-jan,exfiltration,DescribeDBSnapshots,0
2285,arn:aws:iam::123837392027:user/bert-jan,exfiltration,DescribeDBSnapshots,0
2286,arn:aws:iam::123837392027:user/bert-jan,exfiltration,DescribeDBSnapshots,0
2287,arn:aws:iam::123837392027:user/bert-jan,exfiltration,DescribeDBSnapshots,0
2288,arn:aws:iam::123837392027:user/bert-jan,exfiltration,DescribeDBSnapshots,0
2289,arn:aws:iam::123837392027:user/bert-jan,arn:aws:rds:us-east-1:123837392027:snapshot:exfiltration,ListTagsForResource,0
2290,arn:aws:iam::123837392027:user/bert-jan,exfiltration,ModifyDBSnapshotAttribute,0
2291,arn:aws:iam::123837392027:user/bert-jan,aws_service,DescribeAccountAttributes,0
2292,arn:aws:iam::123837392027:user/bert-jan,aws_service,GetUser,0
2293,arn:aws:iam::123837392027:user/bert-jan,aws_service,GetUser,0
2294,arn:aws:iam::123837392027:user/bert-jan,stratus-red-team-bdbp-lhfzvgcamn,GetBucketTagging,0
2295,arn:aws:iam::123837392027:user/bert-jan,stratus-red-team-bdbp-lhfzvgcamn,CreateBucket,0
2296,arn:aws:iam::123837392027:user/bert-jan,stratus-red-team-bdbp-lhfzvgcamn,PutBucketTagging,0
2297,arn:aws:iam::123837392027:user/bert-jan,stratus-red-team-bdbp-lhfzvgcamn,GetBucketWebsite,0
2298,arn:aws:iam::123837392027:user/bert-jan,stratus-red-team-bdbp-lhfzvgcamn,GetBucketAcl,0
2299,arn:aws:iam::123837392027:user/bert-jan,stratus-red-team-bdbp-lhfzvgcamn,GetBucketCors,0
2300,arn:aws:iam::123837392027:user/bert-jan,stratus-red-team-bdbp-lhfzvgcamn,GetAccelerateConfiguration,0
2301,arn:aws:iam::123837392027:user/bert-jan,stratus-red-team-bdbp-lhfzvgcamn,GetBucketVersioning,0
2302,arn:aws:iam::123837392027:user/bert-jan,stratus-red-team-bdbp-lhfzvgcamn,GetBucketRequestPayment,0
2303,arn:aws:iam::123837392027:user/bert-jan,stratus-red-team-bdbp-lhfzvgcamn,GetBucketLogging,0
2304,arn:aws:iam::123837392027:user/bert-jan,stratus-red-team-bdbp-lhfzvgcamn,GetBucketLifecycle,0
2305,arn:aws:iam::123837392027:user/bert-jan,stratus-red-team-bdbp-lhfzvgcamn,GetBucketReplication,0
2306,arn:aws:iam::123837392027:user/bert-jan,stratus-red-team-bdbp-lhfzvgcamn,GetBucketEncryption,0
2307,arn:aws:iam::123837392027:user/bert-jan,stratus-red-team-bdbp-lhfzvgcamn,GetBucketObjectLockConfiguration,0
2308,arn:aws:iam::123837392027:user/bert-jan,stratus-red-team-bdbp-lhfzvgcamn,GetBucketTagging,0
2309,arn:aws:iam::123837392027:user/bert-jan,stratus-red-team-bdbp-lhfzvgcamn,PutBucketPolicy,1
2310,arn:aws:iam::123837392027:user/benjamin,eventTypeCategory,DescribeEventAggregates,0
2311,arn:aws:iam::123837392027:user/benjamin,eventTypeCategory,DescribeEventAggregates,0
2312,arn:aws:iam::123837392027:user/bert-jan,aws_service,DescribeAccountAttributes,0
2313,arn:aws:iam::123837392027:user/bert-jan,aws_service,GetUser,0
2314,arn:aws:iam::123837392027:user/bert-jan,aws_service,GetCallerIdentity,0
2315,arn:aws:iam::123837392027:user/bert-jan,stratus-red-team-nmfalu-gfjyeaypjt,GetUser,0
2316,arn:aws:iam::123837392027:user/bert-jan,stratus-red-team-nmfalu-gfjyeaypjt,CreateUser,1
2317,arn:aws:iam::123837392027:user/bert-jan,aws_service,GetUser,0
2318,arn:aws:iam::123837392027:user/bert-jan,stratus-red-team-nmfalu-gfjyeaypjt,CreateLoginProfile,1
2319,arn:aws:iam::123837392027:user/stratus-red-team-nmfalu-gfjyeaypjt,aws_service,ConsoleLogin,0
2320,arn:aws:iam::123837392027:user/bert-jan,eventTypeCategory,DescribeEventAggregates,0
2321,arn:aws:iam::123837392027:user/bert-jan,eventTypeCategory,DescribeEventAggregates,0
2322,arn:aws:iam::123837392027:user/bert-jan,aws_service,DescribeAccountAttributes,0
2323,arn:aws:iam::123837392027:user/bert-jan,aws_service,GetUser,0
2324,arn:aws:iam::123837392027:user/bert-jan,aws_service,GetUser,0
2325,arn:aws:iam::123837392027:user/bert-jan,stratus-red-team-backdoor-r-role,CreateRole,1
2326,arn:aws:iam::123837392027:user/bert-jan,stratus-red-team-backdoor-r-role,GetRole,0
2327,arn:aws:iam::123837392027:user/bert-jan,stratus-red-team-backdoor-r-role,ListAttachedRolePolicies,0
2328,arn:aws:iam::123837392027:user/bert-jan,stratus-red-team-backdoor-r-role,ListRolePolicies,0
2329,arn:aws:iam::123837392027:user/bert-jan,stratus-red-team-backdoor-r-role,ListAttachedRolePolicies,0
2330,arn:aws:iam::123837392027:user/bert-jan,stratus-red-team-backdoor-r-role,AttachRolePolicy,1
2331,arn:aws:iam::123837392027:user/bert-jan,stratus-red-team-backdoor-r-role,UpdateAssumeRolePolicy,1
2332,arn:aws:iam::123837392027:user/bert-jan,aws_service,DescribeAccountAttributes,0
2333,arn:aws:iam::123837392027:user/bert-jan,aws_service,GetUser,0
2334,arn:aws:iam::123837392027:user/bert-jan,aws_service,GetUser,0
2335,arn:aws:iam::123837392027:user/bert-jan,stratus-red-team-backdoor-u-user,CreateUser,1
2336,arn:aws:iam::123837392027:user/bert-jan,stratus-red-team-backdoor-u-user,GetUser,0
2337,arn:aws:iam::123837392027:user/bert-jan,stratus-red-team-backdoor-u-user,CreateAccessKey,1
2338,arn:aws:iam::123837392027:user/bert-jan,malicious-iam-user,AttachUserPolicy,1
2339,arn:aws:iam::123837392027:user/bert-jan,malicious-iam-user,CreateUser,1
2340,arn:aws:iam::123837392027:user/bert-jan,aws_service,DescribeAccountAttributes,0
2341,arn:aws:iam::123837392027:user/bert-jan,malicious-iam-user,CreateAccessKey,1
2342,arn:aws:iam::123837392027:user/bert-jan,aws_service,DescribeAccountAttributes,0
2343,arn:aws:iam::123837392027:user/bert-jan,aws_service,GetUser,0
2344,arn:aws:iam::123837392027:user/bert-jan,aws_service,GetUser,0
2345,arn:aws:iam::123837392027:user/bert-jan,stratus-red-team-login-profile-user,GetUser,0
2346,arn:aws:iam::123837392027:user/bert-jan,stratus-red-team-login-profile-user,CreateUser,1
2347,arn:aws:iam::123837392027:user/bert-jan,stratus-red-team-login-profile-user,CreateLoginProfile,1
2348,arn:aws:iam::123837392027:user/bert-jan,aws_service,GetCallerIdentity,0
2349,arn:aws:iam::123837392027:user/bert-jan,aws_service,DescribeAccountAttributes,0
2350,arn:aws:iam::123837392027:user/bert-jan,aws_service,GetUser,0
2351,arn:aws:iam::123837392027:user/bert-jan,stratus-red-team-backdoor-f-lambda,GetRole,0
2352,arn:aws:iam::123837392027:user/bert-jan,stratus-red-team-backdoor-f-lambda,CreateRole,1
2353,arn:aws:iam::123837392027:user/bert-jan,stratus-red-team-backdoor-f-bucket-ufamgrrnmw,CreateBucket,0
2354,arn:aws:iam::123837392027:user/bert-jan,aws_service,GetUser,0
2355,arn:aws:iam::123837392027:user/bert-jan,stratus-red-team-backdoor-f-bucket-ufamgrrnmw,GetBucketTagging,0
2356,arn:aws:iam::123837392027:user/bert-jan,stratus-red-team-backdoor-f-lambda,ListRolePolicies,0
2357,arn:aws:iam::123837392027:user/bert-jan,stratus-red-team-backdoor-f-bucket-ufamgrrnmw,PutBucketTagging,0
2358,arn:aws:iam::123837392027:user/bert-jan,stratus-red-team-backdoor-f-bucket-ufamgrrnmw,GetBucketAcl,0
2359,arn:aws:iam::123837392027:user/bert-jan,stratus-red-team-backdoor-f-lambda,ListAttachedRolePolicies,0
2360,arn:aws:iam::123837392027:user/bert-jan,stratus-red-team-backdoor-f-bucket-ufamgrrnmw,GetBucketCors,0
2361,arn:aws:iam::123837392027:user/bert-jan,stratus-red-team-backdoor-f-bucket-ufamgrrnmw,GetBucketWebsite,0
2362,arn:aws:iam::123837392027:user/bert-jan,stratus-red-team-backdoor-f-bucket-ufamgrrnmw,GetBucketVersioning,0
2363,arn:aws:iam::123837392027:user/bert-jan,stratus-red-team-backdoor-f-bucket-ufamgrrnmw,GetAccelerateConfiguration,0
2364,arn:aws:iam::123837392027:user/bert-jan,stratus-red-team-backdoor-f-bucket-ufamgrrnmw,GetBucketLogging,0
2365,arn:aws:iam::123837392027:user/bert-jan,stratus-red-team-backdoor-f-bucket-ufamgrrnmw,GetBucketRequestPayment,0
2366,arn:aws:iam::123837392027:user/bert-jan,stratus-red-team-backdoor-f-bucket-ufamgrrnmw,GetBucketLifecycle,0
2367,arn:aws:iam::123837392027:user/bert-jan,stratus-red-team-backdoor-f-bucket-ufamgrrnmw,GetBucketEncryption,0
2368,arn:aws:iam::123837392027:user/bert-jan,stratus-red-team-backdoor-f-bucket-ufamgrrnmw,GetBucketReplication,0
2369,arn:aws:iam::123837392027:user/bert-jan,stratus-red-team-backdoor-f-bucket-ufamgrrnmw,GetBucketObjectLockConfiguration,0
2370,arn:aws:iam::123837392027:user/bert-jan,stratus-red-team-backdoor-f-bucket-ufamgrrnmw,GetBucketTagging,0
2371,,arn:aws:iam::123837392027:role/stratus-red-team-backdoor-f-lambda,AssumeRole,0
2372,arn:aws:iam::123837392027:user/bert-jan,stratus-red-team-backdoor-f-func,CreateFunction20150331,0
2373,arn:aws:iam::123837392027:user/bert-jan,stratus-red-team-backdoor-f-func,GetFunction20150331v2,0
2374,arn:aws:iam::123837392027:user/bert-jan,stratus-red-team-backdoor-f-func,GetFunction20150331v2,0
2375,arn:aws:iam::123837392027:user/bert-jan,stratus-red-team-backdoor-f-func,GetFunctionCodeSigningConfig,0
2376,arn:aws:iam::123837392027:user/bert-jan,stratus-red-team-backdoor-f-func,ListVersionsByFunction20150331,0
2377,arn:aws:iam::123837392027:user/bert-jan,stratus-red-team-backdoor-f-func,AddPermission20150331v2,0
2378,arn:aws:iam::123837392027:user/bert-jan,aws_service,DescribeAccountAttributes,0
2379,arn:aws:iam::123837392027:user/bert-jan,aws_service,GetUser,0
2380,arn:aws:iam::123837392027:user/bert-jan,stratus-red-team-olc-lambda-xhfgzaowxc,CreateRole,1
2381,arn:aws:iam::123837392027:user/bert-jan,aws_service,GetUser,0
2382,arn:aws:iam::123837392027:user/bert-jan,stratus-red-team-olc-bucket-xhfgzaowxc,CreateBucket,0
2383,arn:aws:iam::123837392027:user/bert-jan,stratus-red-team-olc-lambda-xhfgzaowxc,ListAttachedRolePolicies,0
2384,arn:aws:iam::123837392027:user/bert-jan,stratus-red-team-olc-lambda-xhfgzaowxc,ListRolePolicies,0
2385,arn:aws:iam::123837392027:user/bert-jan,stratus-red-team-olc-bucket-xhfgzaowxc,GetBucketTagging,0
2386,arn:aws:iam::123837392027:user/bert-jan,stratus-red-team-olc-lambda-xhfgzaowxc,GetRole,0
2387,arn:aws:iam::123837392027:user/bert-jan,stratus-red-team-olc-bucket-xhfgzaowxc,GetAccelerateConfiguration,0
2388,arn:aws:iam::123837392027:user/bert-jan,stratus-red-team-olc-bucket-xhfgzaowxc,GetBucketRequestPayment,0
2389,arn:aws:iam::123837392027:user/bert-jan,stratus-red-team-olc-bucket-xhfgzaowxc,GetBucketVersioning,0
2390,arn:aws:iam::123837392027:user/bert-jan,stratus-red-team-olc-bucket-xhfgzaowxc,GetBucketWebsite,0
2391,arn:aws:iam::123837392027:user/bert-jan,stratus-red-team-olc-bucket-xhfgzaowxc,GetBucketAcl,0
2392,arn:aws:iam::123837392027:user/bert-jan,stratus-red-team-olc-bucket-xhfgzaowxc,GetBucketPolicy,0
2393,arn:aws:iam::123837392027:user/bert-jan,stratus-red-team-olc-bucket-xhfgzaowxc,PutBucketTagging,0
2394,arn:aws:iam::123837392027:user/bert-jan,stratus-red-team-olc-bucket-xhfgzaowxc,GetBucketCors,0
2395,arn:aws:iam::123837392027:user/bert-jan,stratus-red-team-olc-bucket-xhfgzaowxc,GetBucketLifecycle,0
2396,arn:aws:iam::123837392027:user/bert-jan,stratus-red-team-olc-bucket-xhfgzaowxc,GetBucketObjectLockConfiguration,0
2397,arn:aws:iam::123837392027:user/bert-jan,stratus-red-team-olc-bucket-xhfgzaowxc,GetBucketLogging,0
2398,arn:aws:iam::123837392027:user/bert-jan,stratus-red-team-olc-bucket-xhfgzaowxc,GetBucketReplication,0
2399,arn:aws:iam::123837392027:user/bert-jan,stratus-red-team-olc-bucket-xhfgzaowxc,GetBucketTagging,0
2400,arn:aws:iam::123837392027:user/bert-jan,stratus-red-team-olc-bucket-xhfgzaowxc,GetBucketEncryption,0
2401,arn:aws:iam::123837392027:user/bert-jan,stratus-red-team-olc-func-xhfgzaowxc,CreateFunction20150331,0
2402,arn:aws:iam::123837392027:user/bert-jan,stratus-red-team-olc-func-xhfgzaowxc,CreateFunction20150331,0
2403,arn:aws:iam::123837392027:user/bert-jan,stratus-red-team-olc-func-xhfgzaowxc,CreateFunction20150331,0
2404,arn:aws:iam::123837392027:user/bert-jan,stratus-red-team-olc-func-xhfgzaowxc,CreateFunction20150331,0
2405,arn:aws:iam::123837392027:user/bert-jan,stratus-red-team-olc-func-xhfgzaowxc,GetFunction20150331v2,0
2406,arn:aws:iam::123837392027:user/bert-jan,stratus-red-team-olc-func-xhfgzaowxc,CreateFunction20150331,0
2407,,arn:aws:iam::123837392027:role/stratus-red-team-olc-lambda-xhfgzaowxc,AssumeRole,0
2408,arn:aws:iam::123837392027:user/bert-jan,stratus-red-team-olc-func-xhfgzaowxc,ListVersionsByFunction20150331,0
2409,arn:aws:iam::123837392027:user/bert-jan,stratus-red-team-olc-func-xhfgzaowxc,GetFunction20150331v2,0
2410,arn:aws:iam::123837392027:user/bert-jan,stratus-red-team-olc-func-xhfgzaowxc,GetFunction20150331v2,0
2411,arn:aws:iam::123837392027:user/bert-jan,stratus-red-team-olc-func-xhfgzaowxc,GetFunctionCodeSigningConfig,0
2412,arn:aws:iam::123837392027:user/bert-jan,arn:aws:lambda:us-east-1:123837392027:function:stratus-red-team-olc-func-xhfgzaowxc,UpdateFunctionCode20150331v2,0
2413,arn:aws:iam::123837392027:user/bert-jan,aws_service,DescribeAccountAttributes,0
2414,arn:aws:iam::123837392027:user/bert-jan,aws_service,GetUser,0
2415,arn:aws:iam::123837392027:user/bert-jan,stratus-red-team-trust-anchor-role,CreateRole,1
2416,arn:aws:iam::123837392027:user/bert-jan,aws_service,GetUser,0
2417,arn:aws:iam::123837392027:user/bert-jan,stratus-red-team-trust-anchor-role,ListAttachedRolePolicies,0
2418,arn:aws:iam::123837392027:user/bert-jan,stratus-red-team-trust-anchor-role,GetRole,0
2419,arn:aws:iam::123837392027:user/bert-jan,stratus-red-team-trust-anchor-role,ListRolePolicies,0
2420,,arn:aws:iam::123837392027:role/aws-service-role/rolesanywhere.amazonaws.com/AWSServiceRoleForRolesAnywhere,AssumeRole,0
2421,arn:aws:iam::123837392027:user/bert-jan,malicious-rolesanywhere-profile,CreateProfile,0
2422,arn:aws:iam::123837392027:user/bert-jan,malicious-rolesanywhere-trust-anchor,CreateTrustAnchor,0
2423,,arn:aws:iam::123837392027:role/aws-service-role/rolesanywhere.amazonaws.com/AWSServiceRoleForRolesAnywhere,AssumeRole,0
2424,,arn:aws:iam::123837392027:role/aws-service-role/rolesanywhere.amazonaws.com/AWSServiceRoleForRolesAnywhere,AssumeRole,0
2425,,aws_service,CheckMfa,0
2426,arn:aws:iam::123837392027:user/benjamin,eu-north-1,GetRegionOptStatus,0
2427,arn:aws:iam::123837392027:user/bert-jan,aws_service,ConsoleLogin,0
2428,arn:aws:iam::123837392027:user/bert-jan,aws_service,DescribeRegions,0
2429,arn:aws:iam::123837392027:user/benjamin,aws_service,ListHostedZones,0
2430,arn:aws:iam::123837392027:user/benjamin,aws_service,ListUsers,0
2431,arn:aws:iam::123837392027:user/bert-jan,aws_service,DescribeDhcpOptions,0
2432,arn:aws:iam::123837392027:user/bert-jan,aws_service,DescribeAccountAttributes,0
2433,arn:aws:iam::123837392027:user/bert-jan,aws_service,DescribeNetworkAcls,0
2434,arn:aws:iam::123837392027:user/bert-jan,aws_service,DescribeVpcs,0
2435,arn:aws:iam::123837392027:user/bert-jan,aws_service,DescribeRouteTables,0
2436,arn:aws:iam::123837392027:user/benjamin,eventTypeCategory,DescribeEventAggregates,0
2437,arn:aws:iam::123837392027:user/benjamin,eventTypeCategory,DescribeEventAggregates,0
2438,arn:aws:iam::123837392027:user/bert-jan,eventTypeCategory,DescribeEventAggregates,0
2439,arn:aws:iam::123837392027:user/bert-jan,eventTypeCategory,DescribeEventAggregates,0
2440,arn:aws:iam::123837392027:user/bert-jan,aws_service,DescribeRegions,0
2441,arn:aws:iam::123837392027:user/bert-jan,aws_service,ListNotificationHubs,0
2442,arn:aws:iam::123837392027:user/bert-jan,AGGREGATOR,ListIndexes,0
2443,arn:aws:iam::123837392027:user/bert-jan,aws_service,DescribeInstances,0
2444,arn:aws:iam::123837392027:user/bert-jan,aws_service,DescribeVolumes,0
2445,arn:aws:iam::123837392027:user/bert-jan,aws_service,DescribeLoadBalancers,0
2446,arn:aws:iam::123837392027:user/bert-jan,aws_service,DescribeVolumeStatus,0
2447,arn:aws:iam::123837392027:user/bert-jan,aws_service,DescribeAccountAttributes,0
2448,arn:aws:iam::123837392027:user/bert-jan,aws_service,DescribeInstanceStatus,0
2449,arn:aws:iam::123837392027:user/bert-jan,aws_service,DescribeAutoScalingGroups,0
2450,arn:aws:iam::123837392027:user/bert-jan,aws_service,DescribeAddresses,0
2451,arn:aws:iam::123837392027:user/bert-jan,aws_service,DescribePlacementGroups,0
2452,arn:aws:iam::123837392027:user/bert-jan,aws_service,DescribeKeyPairs,0
2453,arn:aws:iam::123837392027:user/bert-jan,aws_service,DescribeLoadBalancers,0
2454,arn:aws:iam::123837392027:user/bert-jan,aws_service,DescribeHosts,0
2455,arn:aws:iam::123837392027:user/bert-jan,aws_service,DescribeAvailabilityZones,0
2456,arn:aws:iam::123837392027:user/bert-jan,aws_service,DescribeSecurityGroups,0
2457,arn:aws:iam::123837392027:user/bert-jan,aws_service,DescribeLaunchTemplates,0
2458,arn:aws:iam::123837392027:user/bert-jan,aws_service,DescribeSnapshots,0
2459,arn:aws:iam::123837392027:user/bert-jan,aws_service,ListNotificationHubs,0
2460,arn:aws:iam::123837392027:user/bert-jan,eventTypeCategory,DescribeEventAggregates,0
2461,arn:aws:iam::123837392027:user/bert-jan,eventTypeCategory,DescribeEventAggregates,0
2462,arn:aws:iam::123837392027:user/bert-jan,aws_service,DescribeAddresses,0
2463,arn:aws:iam::123837392027:user/bert-jan,aws_service,DescribeAddresses,0
2464,arn:aws:iam::123837392027:user/bert-jan,aws_service,DescribeAddressesAttribute,0
2465,arn:aws:iam::123837392027:user/bert-jan,aws_service,DescribeAddressTransfers,0
2466,arn:aws:iam::123837392027:user/bert-jan,aws_service,DescribeNatGateways,0
2467,arn:aws:iam::123837392027:user/bert-jan,aws_service,DescribeNatGateways,0
2468,arn:aws:iam::123837392027:user/bert-jan,aws_service,DescribeTags,0
2469,arn:aws:iam::123837392027:user/bert-jan,aws_service,DescribeAddressTransfers,0
2470,arn:aws:iam::123837392027:user/bert-jan,aws_service,DescribeAddressesAttribute,0
2471,arn:aws:iam::123837392027:user/bert-jan,aws_service,DescribeAddressesAttribute,0
2472,arn:aws:iam::123837392027:user/bert-jan,aws_service,DescribeAddresses,0
2473,arn:aws:iam::123837392027:user/bert-jan,aws_service,DescribeAddressTransfers,0
2474,arn:aws:iam::123837392027:user/bert-jan,aws_service,DescribeAddressesAttribute,0
2475,arn:aws:iam::123837392027:user/bert-jan,aws_service,DescribeAddresses,0
2476,arn:aws:iam::123837392027:user/bert-jan,aws_service,DescribeNatGateways,0
2477,arn:aws:iam::123837392027:user/bert-jan,aws_service,DescribeNatGateways,0
2478,arn:aws:iam::123837392027:user/bert-jan,aws_service,DescribeAddressesAttribute,0
2479,arn:aws:iam::123837392027:user/bert-jan,aws_service,DescribeAddresses,0
2480,arn:aws:iam::123837392027:user/bert-jan,aws_service,DescribeAddressTransfers,0
2481,arn:aws:iam::123837392027:user/bert-jan,aws_service,DescribeAddressTransfers,0
2482,arn:aws:iam::123837392027:user/bert-jan,eipalloc-04cbfdaf4b48e92d5,ReleaseAddress,0
2483,arn:aws:iam::123837392027:user/bert-jan,aws_service,DescribeAccountAttributes,0
2484,arn:aws:iam::123837392027:user/bert-jan,aws_service,DescribeRecommendationGroups,0
2485,arn:aws:iam::123837392027:user/bert-jan,aws_service,DescribeDBInstances,0
2486,arn:aws:iam::123837392027:user/bert-jan,aws_service,DescribeAccountAttributes,0
2487,arn:aws:iam::123837392027:user/bert-jan,aws_service,DescribeOptionGroups,0
2488,arn:aws:iam::123837392027:user/bert-jan,aws_service,DescribeDBParameterGroups,0
2489,arn:aws:iam::123837392027:user/bert-jan,aws_service,DescribeDBClusterParameterGroups,0
2490,arn:aws:iam::123837392027:user/bert-jan,aws_service,DescribeEventSubscriptions,0
2491,arn:aws:iam::123837392027:user/bert-jan,aws_service,DescribeAccountAttributes,0
2492,arn:aws:iam::123837392027:user/bert-jan,aws_service,DescribeDBSnapshots,0
2493,arn:aws:iam::123837392027:user/bert-jan,aws_service,DescribeDBClusterSnapshots,0
2494,arn:aws:iam::123837392027:user/bert-jan,aws_service,DescribeDBInstances,0
2495,arn:aws:iam::123837392027:user/bert-jan,aws_service,DescribeCertificates,0
2496,arn:aws:iam::123837392027:user/bert-jan,aws_service,DescribeVpcs,0
2497,arn:aws:iam::123837392027:user/bert-jan,aws_service,DescribeEvents,0
2498,arn:aws:iam::123837392027:user/bert-jan,aws_service,ListNotificationHubs,0
2499,arn:aws:iam::123837392027:user/bert-jan,eventTypeCategory,DescribeEventAggregates,0
2500,arn:aws:iam::123837392027:user/bert-jan,eventTypeCategory,DescribeEventAggregates,0
2501,arn:aws:iam::123837392027:user/bert-jan,aws_service,DescribeDBEngineVersions,0
2502,arn:aws:iam::123837392027:user/bert-jan,aws_service,DescribeOrganization,0
2503,arn:aws:iam::123837392027:user/bert-jan,stratus-red-team-backdoor-f-func,RemovePermission20150331v2,0
2504,arn:aws:iam::123837392027:user/bert-jan,stratus-red-team-backdoor-r-role,UpdateAssumeRolePolicy,1
2505,arn:aws:iam::123837392027:user/bert-jan,arn:aws:lambda:us-east-1:123837392027:function:stratus-red-team-olc-func-xhfgzaowxc,UpdateFunctionCode20150331v2,0
2506,arn:aws:iam::123837392027:user/bert-jan,stratus-red-team-bdbp-lhfzvgcamn,DeleteBucketPolicy,1
2507,arn:aws:iam::123837392027:user/bert-jan,aws_service,ListTrustAnchors,0
2508,arn:aws:iam::123837392027:user/bert-jan,malicious-iam-user,ListAccessKeys,0
2509,arn:aws:iam::123837392027:user/bert-jan,malicious-iam-user,DeleteAccessKey,0
2510,arn:aws:iam::123837392027:user/bert-jan,malicious-iam-user,DetachUserPolicy,0
2511,arn:aws:iam::123837392027:user/bert-jan,malicious-iam-user,DeleteUser,0
2512,arn:aws:iam::123837392027:user/bert-jan,exfiltration,ModifyDBSnapshotAttribute,0
2513,arn:aws:iam::123837392027:user/bert-jan,aws_service,ListProfiles,0
2514,arn:aws:iam::123837392027:user/bert-jan,49e25ec3-bdfe-4150-8683-b4ea4ee85cfd,DeleteTrustAnchor,0
2515,arn:aws:iam::123837392027:user/bert-jan,stratus-red-team-ct-stop-trail-qzbgnfqisx,StartLogging,0
2516,arn:aws:iam::123837392027:user/bert-jan,stratus-red-team-backdoor-u-user,ListAccessKeys,0
2517,arn:aws:iam::123837392027:user/bert-jan,ac4e09d1-a150-4924-bb76-23b00fa7c34a,DeleteProfile,0
2518,arn:aws:iam::123837392027:user/bert-jan,stratus-red-team-backdoor-u-user,DeleteAccessKey,0
2519,arn:aws:iam::123837392027:user/bert-jan,stratus-red-team-login-profile-user,DeleteLoginProfile,0
2520,,arn:aws:iam::123837392027:role/aws-service-role/rolesanywhere.amazonaws.com/AWSServiceRoleForRolesAnywhere,AssumeRole,0
2521,arn:aws:iam::123837392027:user/bert-jan,bWFyaWFkYgoxMC42LjE0,DescribeDBEngineVersions,0
2522,,arn:aws:iam::123837392027:role/aws-service-role/rolesanywhere.amazonaws.com/AWSServiceRoleForRolesAnywhere,AssumeRole,0
2523,arn:aws:iam::123837392027:user/bert-jan,custom-sqlserver-ee,DescribeDBEngineVersions,0
2524,arn:aws:iam::123837392027:user/bert-jan,sqlserver-ex,DescribeDBEngineVersions,0
2525,arn:aws:iam::123837392027:user/bert-jan,sqlserver-se,DescribeDBEngineVersions,0
2526,arn:aws:iam::123837392027:user/bert-jan,docdb,DescribeDBEngineVersions,0
2527,arn:aws:iam::123837392027:user/bert-jan,cG9zdGdyZXMKMTQuNw==,DescribeDBEngineVersions,0
2528,arn:aws:iam::123837392027:user/bert-jan,aurora-mysql,DescribeDBEngineVersions,0
2529,arn:aws:iam::123837392027:user/bert-jan,sqlserver-ee,DescribeDBEngineVersions,0
2530,arn:aws:iam::123837392027:user/bert-jan,oracle-ee-cdb,DescribeDBEngineVersions,0
2531,arn:aws:iam::123837392027:user/bert-jan,custom-sqlserver-se,DescribeDBEngineVersions,0
2532,arn:aws:iam::123837392027:user/bert-jan,oracle-se2-cdb,DescribeDBEngineVersions,0
2533,,arn:aws:iam::123837392027:role/aws-service-role/rolesanywhere.amazonaws.com/AWSServiceRoleForRolesAnywhere,AssumeRole,0
2534,arn:aws:iam::123837392027:user/bert-jan,oracle-se2,DescribeDBEngineVersions,0
2535,arn:aws:iam::123837392027:user/bert-jan,postgres,DescribeDBEngineVersions,0
2536,arn:aws:iam::123837392027:user/bert-jan,custom-sqlserver-web,DescribeDBEngineVersions,0
2537,arn:aws:iam::123837392027:user/bert-jan,mariadb,DescribeDBEngineVersions,0
2538,arn:aws:iam::123837392027:user/bert-jan,mysql,DescribeDBEngineVersions,0
2539,arn:aws:iam::123837392027:user/bert-jan,oracle-ee,DescribeDBEngineVersions,0
2540,arn:aws:iam::123837392027:user/bert-jan,aws_service,DescribeBlueGreenDeployments,0
2541,arn:aws:iam::123837392027:user/bert-jan,aurora-postgresql,DescribeDBEngineVersions,0
2542,arn:aws:iam::123837392027:user/bert-jan,sqlserver-web,DescribeDBEngineVersions,0
2543,arn:aws:iam::123837392027:user/bert-jan,aws_service,DescribeDBClusters,0
2544,arn:aws:iam::123837392027:user/bert-jan,neptune,DescribeDBEngineVersions,0
2545,arn:aws:iam::123837392027:user/bert-jan,REACTIVE,SearchInsights,0
2546,arn:aws:iam::123837392027:user/bert-jan,aws_service,DescribePendingMaintenanceActions,0
2547,arn:aws:iam::123837392027:user/bert-jan,aws_service,DescribeSecurityGroups,0
2548,arn:aws:iam::123837392027:user/bert-jan,aws_service,GetUser,0
2549,arn:aws:iam::123837392027:user/bert-jan,aws_service,DescribeSubnets,0
2550,arn:aws:iam::123837392027:user/bert-jan,aws_service,DescribeAlarms,0
2551,arn:aws:iam::123837392027:user/bert-jan,aws_service,GetUser,0
2552,arn:aws:iam::123837392027:user/bert-jan,aws_service,DescribeDBInstances,0
2553,arn:aws:iam::123837392027:user/bert-jan,PROACTIVE,SearchInsights,0
2554,arn:aws:iam::123837392027:user/bert-jan,aws_service,DescribeGlobalClusters,0
2555,arn:aws:iam::123837392027:user/bert-jan,6ec1aa76c9c3020a93af9e89a5a3a439,GetDetector,0
2556,arn:aws:iam::123837392027:user/bert-jan,aws_service,DescribeRecommendations,0
2557,arn:aws:iam::123837392027:user/bert-jan,6ec1aa76c9c3020a93af9e89a5a3a439,ListFindings,0
2558,arn:aws:iam::123837392027:user/bert-jan,aws_service,DescribeRecommendations,0
2559,arn:aws:iam::123837392027:user/bert-jan,AWS_TAGS,GetResourceCollection,0
2560,arn:aws:iam::123837392027:user/bert-jan,aws_service,DescribeRecommendations,0
2561,arn:aws:iam::123837392027:user/bert-jan,aws_service,ListDetectors,0
2562,arn:aws:iam::123837392027:user/bert-jan,aws_service,DescribeDBInstances,0
2563,arn:aws:iam::123837392027:user/bert-jan,AWS_CLOUD_FORMATION,GetResourceCollection,0
2564,arn:aws:iam::123837392027:user/bert-jan,aws_service,DescribeRecommendationGroups,0
2565,arn:aws:iam::123837392027:user/bert-jan,aws_service,DescribeRecommendations,0
2566,arn:aws:iam::123837392027:user/bert-jan,db.t3.micro,DescribeOrderableDBInstanceOptions,0
2567,arn:aws:iam::123837392027:user/bert-jan,6ec1aa76c9c3020a93af9e89a5a3a439,GetFindings,0
2568,arn:aws:iam::123837392027:user/bert-jan,aws_service,DescribeAvailabilityZones,0
2569,arn:aws:iam::123837392027:user/bert-jan,aws_service,DescribeVpcs,0
2570,arn:aws:iam::123837392027:user/bert-jan,aws_service,GetUser,0
2571,arn:aws:iam::123837392027:user/bert-jan,aws_service,DescribeVolumes,0
2572,arn:aws:iam::123837392027:user/bert-jan,aws_service,GetUser,0
2573,arn:aws:iam::123837392027:user/bert-jan,aws_service,GetUser,0
2574,arn:aws:iam::123837392027:user/bert-jan,aws_service,GetUser,0
2575,arn:aws:iam::123837392027:user/bert-jan,aws_service,GetUser,0
2576,arn:aws:iam::123837392027:user/bert-jan,docdb,DescribeOrderableDBInstanceOptions,0
2577,arn:aws:iam::123837392027:user/bert-jan,aws_service,DescribeAvailabilityZones,0
2578,arn:aws:iam::123837392027:user/bert-jan,aws_service,GetUser,0
2579,arn:aws:iam::123837392027:user/bert-jan,stratus-red-team-ec2-enumerate-role,GetRole,0
2580,arn:aws:iam::123837392027:user/bert-jan,aws_service,DescribeImages,0
2581,arn:aws:iam::123837392027:user/bert-jan,aws_service,DescribeSnapshots,0
2582,arn:aws:iam::123837392027:user/bert-jan,aws_service,DescribeImages,0
2583,arn:aws:iam::123837392027:user/bert-jan,aws_service,GetUser,0
2584,arn:aws:iam::123837392027:user/bert-jan,aws_service,GetUser,0
2585,arn:aws:iam::123837392027:user/bert-jan,aws_service,DescribeVpcClassicLink,0
2586,arn:aws:iam::123837392027:user/bert-jan,aws_service,DescribeVpcClassicLinkDnsSupport,0
2587,arn:aws:iam::123837392027:user/bert-jan,aurora-mysql,DescribeOrderableDBInstanceOptions,0
2588,arn:aws:iam::123837392027:user/bert-jan,aws_service,DescribeVpcs,0
2589,arn:aws:iam::123837392027:user/bert-jan,custom-sqlserver-ee,DescribeOrderableDBInstanceOptions,0
2590,arn:aws:iam::123837392027:user/bert-jan,stratus-red-team-login-profile-user,GetUser,0
2591,arn:aws:iam::123837392027:user/bert-jan,stratus-red-team-bdbp-lhfzvgcamn,GetBucketAcl,0
2592,arn:aws:iam::123837392027:user/bert-jan,stratus-red-team-backdoor-f-bucket-ufamgrrnmw,GetBucketAcl,0
2593,arn:aws:iam::123837392027:user/bert-jan,stratus-red-team-nmfalu-gfjyeaypjt,GetLoginProfile,0
2594,arn:aws:iam::123837392027:user/bert-jan,aws_service,DescribeAvailabilityZones,0
2595,arn:aws:iam::123837392027:user/bert-jan,vpc-04ae35a334cd7ef4f,DescribeVpcAttribute,0
2596,arn:aws:iam::123837392027:user/bert-jan,stratus-red-team-backdoor-r-role,GetRole,0
2597,arn:aws:iam::123837392027:user/bert-jan,aws_service,DescribeAddresses,0
2598,arn:aws:iam::123837392027:user/bert-jan,stratus-red-team-backdoor-r-role,ListRolePolicies,0
2599,arn:aws:iam::123837392027:user/bert-jan,stratus-red-team-nmfalu-gfjyeaypjt,GetUser,0
2600,arn:aws:iam::123837392027:user/bert-jan,aws_service,DescribeVpcClassicLink,0
2601,arn:aws:iam::123837392027:user/bert-jan,aws_service,DescribeVpcClassicLinkDnsSupport,0
2602,arn:aws:iam::123837392027:user/bert-jan,vpc-0e568b18707c87afa,DescribeVpcAttribute,0
2603,arn:aws:iam::123837392027:user/bert-jan,aws_service,DescribeVpcClassicLink,0
2604,arn:aws:iam::123837392027:user/bert-jan,aws_service,DescribeVpcs,0
2605,arn:aws:iam::123837392027:user/bert-jan,aws_service,GetCallerIdentity,0
2606,arn:aws:iam::123837392027:user/bert-jan,stratus-red-team-backdoor-u-user,GetUser,0
2607,arn:aws:iam::123837392027:user/bert-jan,aws_service,GetUser,0
2608,arn:aws:iam::123837392027:user/bert-jan,stratus-red-team-backdoor-f-lambda,GetRole,0
2609,arn:aws:iam::123837392027:user/bert-jan,vpc-0e568b18707c87afa,DescribeVpcAttribute,0
2610,arn:aws:iam::123837392027:user/bert-jan,aws_service,DescribeVpcClassicLinkDnsSupport,0
2611,arn:aws:iam::123837392027:user/bert-jan,stratus-red-team-backdoor-f-bucket-ufamgrrnmw,GetBucketWebsite,0
2612,arn:aws:iam::123837392027:user/bert-jan,aws_service,DescribeRouteTables,0
2613,arn:aws:iam::123837392027:user/bert-jan,vpc-07b33857c7ad1c027,DescribeVpcAttribute,0
2614,arn:aws:iam::123837392027:user/bert-jan,stratus-red-team-backdoor-r-role,ListAttachedRolePolicies,0
2615,arn:aws:iam::123837392027:user/bert-jan,aws_service,GetUser,0
2616,arn:aws:iam::123837392027:user/bert-jan,stratus-red-team-backdoor-f-bucket-ufamgrrnmw,GetBucketVersioning,0
2617,arn:aws:iam::123837392027:user/bert-jan,vpc-07b33857c7ad1c027,DescribeVpcAttribute,0
2618,arn:aws:iam::123837392027:user/bert-jan,stratus-red-team-bdbp-lhfzvgcamn,GetBucketWebsite,0
2619,arn:aws:iam::123837392027:user/bert-jan,aws_service,GetUser,0
2620,arn:aws:iam::123837392027:user/bert-jan,stratus-red-team-backdoor-f-lambda,ListRolePolicies,0
2621,arn:aws:iam::123837392027:user/bert-jan,stratus-red-team-login-profile-user,ListGroupsForUser,0
2622,arn:aws:iam::123837392027:user/bert-jan,vpc-04ae35a334cd7ef4f,DescribeVpcAttribute,0
2623,arn:aws:iam::123837392027:user/bert-jan,stratus-red-team-backdoor-f-bucket-ufamgrrnmw,GetBucketCors,0
2624,arn:aws:iam::123837392027:user/bert-jan,stratus-red-team-bdbp-lhfzvgcamn,GetBucketVersioning,0
2625,arn:aws:iam::123837392027:user/bert-jan,aws_service,DescribeNetworkAcls,0
2626,arn:aws:iam::123837392027:user/bert-jan,stratus-red-team-backdoor-r-role,ListAttachedRolePolicies,0
2627,arn:aws:iam::123837392027:user/bert-jan,aws_service,GetUser,0
2628,arn:aws:iam::123837392027:user/bert-jan,stratus-red-team-bdbp-lhfzvgcamn,GetBucketCors,0
2629,arn:aws:iam::123837392027:user/bert-jan,aws_service,GetUser,0
2630,arn:aws:iam::123837392027:user/bert-jan,aws_service,DescribeNetworkAcls,0
2631,arn:aws:iam::123837392027:user/bert-jan,stratus-red-team-backdoor-f-lambda,ListAttachedRolePolicies,0
2632,arn:aws:iam::123837392027:user/bert-jan,vol-0a2e548958718390d,DeleteVolume,0
2633,arn:aws:iam::123837392027:user/bert-jan,stratus-red-team-olc-lambda-xhfgzaowxc,GetRole,0
2634,arn:aws:iam::123837392027:user/bert-jan,stratus-red-team-olc-lambda-xhfgzaowxc,ListRolePolicies,0
2635,arn:aws:iam::123837392027:user/bert-jan,aws_service,GetCallerIdentity,0
2636,arn:aws:iam::123837392027:user/bert-jan,stratus-red-team-backdoor-f-bucket-ufamgrrnmw,GetBucketRequestPayment,0
2637,arn:aws:iam::123837392027:user/bert-jan,stratus-red-team-olc-bucket-xhfgzaowxc,GetBucketPolicy,0
2638,arn:aws:iam::123837392027:user/bert-jan,stratus-red-team-bdbp-lhfzvgcamn,GetBucketRequestPayment,0
2639,arn:aws:iam::123837392027:user/bert-jan,aws_service,DescribeRouteTables,0
2640,arn:aws:iam::123837392027:user/bert-jan,stratus-red-team-backdoor-f-bucket-ufamgrrnmw,GetAccelerateConfiguration,0
2641,arn:aws:iam::123837392027:user/bert-jan,stratus-red-team-nmfalu-gfjyeaypjt,ListGroupsForUser,0
2642,arn:aws:iam::123837392027:user/bert-jan,stratus-red-team-login-profile-user,ListSSHPublicKeys,0
2643,arn:aws:iam::123837392027:user/bert-jan,aws_service,DescribeNetworkAcls,0
2644,arn:aws:iam::123837392027:user/bert-jan,stratus-red-team-login-profile-user,ListAccessKeys,0
2645,arn:aws:iam::123837392027:user/bert-jan,stratus-red-team-nmfalu-gfjyeaypjt,ListAccessKeys,0
2646,arn:aws:iam::123837392027:user/bert-jan,stratus-red-team-nmfalu-gfjyeaypjt,ListSSHPublicKeys,0
2647,arn:aws:iam::123837392027:user/bert-jan,aws_service,DescribeImages,0
2648,arn:aws:iam::123837392027:user/bert-jan,aws_service,DescribeSecurityGroups,0
2649,arn:aws:iam::123837392027:user/bert-jan,aws_service,DescribeRouteTables,0
2650,arn:aws:iam::123837392027:user/bert-jan,aws_service,DescribeSecurityGroups,0
2651,arn:aws:iam::123837392027:user/bert-jan,aws_service,DescribeSecurityGroups,0
2652,arn:aws:iam::123837392027:user/bert-jan,stratus-red-team-nmfalu-gfjyeaypjt,DeleteLoginProfile,0
2653,arn:aws:iam::123837392027:user/bert-jan,stratus-red-team-bdbp-lhfzvgcamn,GetAccelerateConfiguration,0
2654,arn:aws:iam::123837392027:user/bert-jan,stratus-red-team-backdoor-u-user,ListSSHPublicKeys,0
2655,arn:aws:iam::123837392027:user/bert-jan,aws_service,GetUser,0
2656,arn:aws:iam::123837392027:user/bert-jan,aws_service,GetUser,0
2657,arn:aws:iam::123837392027:user/bert-jan,snap-01ee6be9876379b3b,DeleteSnapshot,0
2658,arn:aws:iam::123837392027:user/bert-jan,stratus-red-team-backdoor-u-user,ListAccessKeys,0
2659,arn:aws:iam::123837392027:user/bert-jan,vpc-098ff30ff74b36f73,DescribeVpcAttribute,0
2660,arn:aws:iam::123837392027:user/bert-jan,vpc-098ff30ff74b36f73,DescribeVpcAttribute,0
2661,arn:aws:iam::123837392027:user/bert-jan,aws_service,DescribeVpcClassicLinkDnsSupport,0
2662,arn:aws:iam::123837392027:user/bert-jan,aws_service,GetUser,0
2663,arn:aws:iam::123837392027:user/bert-jan,aws_service,DescribeVpcClassicLink,0
2664,arn:aws:iam::123837392027:user/bert-jan,aws_service,GetUser,0
2665,arn:aws:iam::123837392027:user/bert-jan,stratus-red-team-backdoor-u-user,ListGroupsForUser,0
2666,arn:aws:iam::123837392027:user/bert-jan,aws_service,DescribeAvailabilityZones,0
2667,arn:aws:iam::123837392027:user/bert-jan,stratus-red-team-trust-anchor-role,GetRole,0
2668,arn:aws:iam::123837392027:user/bert-jan,stratus-red-team-trust-anchor-role,ListRolePolicies,0
2669,arn:aws:iam::123837392027:user/bert-jan,stratus-red-team-trust-anchor-role,ListAttachedRolePolicies,0
2670,arn:aws:iam::123837392027:user/bert-jan,aws_service,DescribeVpcs,0
2671,arn:aws:iam::123837392027:user/bert-jan,stratus-red-team-backdoor-r-role,ListAttachedRolePolicies,0
2672,arn:aws:iam::123837392027:user/bert-jan,stratus-red-team-login-profile-user,ListMFADevices,0
2673,arn:aws:iam::123837392027:user/bert-jan,stratus-red-team-login-profile-user,DeleteLoginProfile,0
2674,arn:aws:iam::123837392027:user/bert-jan,stratus-red-team-backdoor-u-user,ListMFADevices,0
2675,arn:aws:iam::123837392027:user/bert-jan,stratus-red-team-backdoor-f-bucket-ufamgrrnmw,GetBucketReplication,0
2676,arn:aws:iam::123837392027:user/bert-jan,Assigned,ListVirtualMFADevices,0
2677,arn:aws:iam::123837392027:user/bert-jan,stratus-red-team-nmfalu-gfjyeaypjt,ListSigningCertificates,0
2678,arn:aws:iam::123837392027:user/bert-jan,stratus-red-team-nmfalu-gfjyeaypjt,ListServiceSpecificCredentials,0
2679,arn:aws:iam::123837392027:user/bert-jan,custom-sqlserver-web,DescribeOrderableDBInstanceOptions,0
2680,arn:aws:iam::123837392027:user/bert-jan,aws_service,DescribeSubnets,0
2681,arn:aws:iam::123837392027:user/bert-jan,stratus-red-team-nmfalu-gfjyeaypjt,DeleteLoginProfile,0
2682,arn:aws:iam::123837392027:user/bert-jan,stratus-red-team-backdoor-r-role,ListInstanceProfilesForRole,0
2683,arn:aws:iam::123837392027:user/bert-jan,Assigned,ListVirtualMFADevices,0
2684,arn:aws:iam::123837392027:user/bert-jan,stratus-red-team-nmfalu-gfjyeaypjt,ListMFADevices,0
2685,arn:aws:iam::123837392027:user/bert-jan,stratus-red-team-bdbp-lhfzvgcamn,GetBucketLogging,0
2686,arn:aws:iam::123837392027:user/bert-jan,Assigned,ListVirtualMFADevices,0
2687,arn:aws:iam::123837392027:user/bert-jan,aws_service,DescribeRouteTables,0
2688,arn:aws:iam::123837392027:user/bert-jan,aws_service,DescribeSecurityGroups,0
2689,arn:aws:iam::123837392027:user/bert-jan,aws_service,DescribeRouteTables,0
2690,arn:aws:iam::123837392027:user/bert-jan,stratus-red-team-olc-bucket-xhfgzaowxc,GetBucketLogging,0
2691,arn:aws:iam::123837392027:user/bert-jan,stratus-red-team-backdoor-r-role,DetachRolePolicy,0
2692,arn:aws:iam::123837392027:user/bert-jan,aws_service,DescribeRouteTables,0
2693,arn:aws:iam::123837392027:user/bert-jan,aws_service,DescribeNetworkAcls,0
2694,arn:aws:iam::123837392027:user/bert-jan,stratus-red-team-olc-bucket-xhfgzaowxc,GetBucketLifecycle,0
2695,arn:aws:iam::123837392027:user/bert-jan,aws_service,DescribeSecurityGroups,0
2696,arn:aws:iam::123837392027:user/bert-jan,custom-sqlserver-se,DescribeOrderableDBInstanceOptions,0
2697,arn:aws:iam::123837392027:user/bert-jan,neptune,DescribeOrderableDBInstanceOptions,0
2698,arn:aws:iam::123837392027:user/bert-jan,aws_service,DescribeInternetGateways,0
2699,arn:aws:iam::123837392027:user/bert-jan,vpc-098ff30ff74b36f73,DescribeVpcAttribute,0
2700,arn:aws:iam::123837392027:user/bert-jan,aws_service,DescribeRouteTables,0
2701,arn:aws:iam::123837392027:user/bert-jan,aws_service,DescribeSubnets,0
2702,arn:aws:iam::123837392027:user/bert-jan,stratus-red-team-bdbp-lhfzvgcamn,GetBucketLifecycle,0
2703,arn:aws:iam::123837392027:user/bert-jan,stratus-red-team-olc-bucket-xhfgzaowxc,GetBucketAcl,0
2704,arn:aws:iam::123837392027:user/bert-jan,stratus-red-team-bdbp-lhfzvgcamn,GetBucketReplication,0
2705,arn:aws:iam::123837392027:user/bert-jan,aws_service,DescribeInternetGateways,0
2706,arn:aws:iam::123837392027:user/bert-jan,stratus-red-team-olc-bucket-xhfgzaowxc,GetBucketCors,0
2707,arn:aws:iam::123837392027:user/bert-jan,stratus-red-team-backdoor-f-bucket-ufamgrrnmw,GetBucketLifecycle,0
2708,arn:aws:iam::123837392027:user/bert-jan,stratus-red-team-nmfalu-gfjyeaypjt,DeleteUser,0
2709,arn:aws:iam::123837392027:user/bert-jan,stratus-red-team-olc-lambda-xhfgzaowxc,ListAttachedRolePolicies,0
2710,arn:aws:iam::123837392027:user/bert-jan,stratus-red-team-olc-bucket-xhfgzaowxc,GetBucketVersioning,0
2711,arn:aws:iam::123837392027:user/bert-jan,aws_service,DescribeVolumes,0
2712,arn:aws:iam::123837392027:user/bert-jan,stratus-red-team-olc-bucket-xhfgzaowxc,GetAccelerateConfiguration,0
2713,arn:aws:iam::123837392027:user/bert-jan,stratus-red-team-olc-bucket-xhfgzaowxc,GetBucketEncryption,0
2714,arn:aws:iam::123837392027:user/bert-jan,aws_service,DescribeSubnets,0
2715,arn:aws:iam::123837392027:user/bert-jan,stratus-red-team-olc-bucket-xhfgzaowxc,GetBucketWebsite,0
2716,arn:aws:iam::123837392027:user/bert-jan,aws_service,DescribeRouteTables,0
2717,arn:aws:iam::123837392027:user/bert-jan,stratus-red-team-olc-bucket-xhfgzaowxc,GetBucketReplication,0
2718,arn:aws:iam::123837392027:user/bert-jan,aws_service,DescribeSubnets,0
2719,arn:aws:iam::123837392027:user/bert-jan,stratus-red-team-olc-bucket-xhfgzaowxc,GetBucketRequestPayment,0
2720,arn:aws:iam::123837392027:user/bert-jan,aws_service,GetUser,0
2721,arn:aws:iam::123837392027:user/bert-jan,stratus-red-team-backdoor-f-bucket-ufamgrrnmw,GetBucketLogging,0
2722,arn:aws:iam::123837392027:user/bert-jan,stratus-red-team-bdbp-lhfzvgcamn,GetBucketObjectLockConfiguration,0
2723,arn:aws:iam::123837392027:user/bert-jan,aws_service,GetUser,0
2724,arn:aws:iam::123837392027:user/bert-jan,stratus-red-team-backdoor-u-user,DeleteUser,0
2725,arn:aws:iam::123837392027:user/bert-jan,stratus-red-team-olc-func-xhfgzaowxc,ListVersionsByFunction20150331,0
2726,arn:aws:iam::123837392027:user/bert-jan,igw-0085514f9c3e68f60,DeleteInternetGateway,0
2727,arn:aws:iam::123837392027:user/bert-jan,stratus-red-team-backdoor-f-bucket-ufamgrrnmw,GetBucketObjectLockConfiguration,0
2728,arn:aws:iam::123837392027:user/bert-jan,vpc-0e568b18707c87afa,DeleteVpc,0
2729,arn:aws:iam::123837392027:user/bert-jan,stratus-red-team-trust-anchor-role,ListInstanceProfilesForRole,0
2730,arn:aws:iam::123837392027:user/bert-jan,aws_service,DescribeNetworkInterfaces,0
2731,arn:aws:iam::123837392027:user/bert-jan,stratus-red-team-login-profile-user,DeleteUser,0
2732,arn:aws:iam::123837392027:user/bert-jan,stratus-red-team-backdoor-f-bucket-ufamgrrnmw,GetBucketEncryption,0
2733,arn:aws:iam::123837392027:user/bert-jan,stratus-red-team-share-snap-vpc,DescribeDBSubnetGroups,0
2734,arn:aws:iam::123837392027:user/bert-jan,aws_service,DescribeRouteTables,0
2735,arn:aws:iam::123837392027:user/bert-jan,arn:aws:rds:us-east-1:123837392027:subgrp:stratus-red-team-share-snap-vpc,ListTagsForResource,0
2736,arn:aws:iam::123837392027:user/bert-jan,stratus-red-team-backdoor-r-role,DeleteRole,0
2737,arn:aws:iam::123837392027:user/bert-jan,stratus-red-team-backdoor-u-user,ListSigningCertificates,0
2738,arn:aws:iam::123837392027:user/bert-jan,stratus-red-team-olc-bucket-xhfgzaowxc,GetBucketObjectLockConfiguration,0
2739,arn:aws:iam::123837392027:user/bert-jan,stratus-red-team-login-profile-user,ListSigningCertificates,0
2740,arn:aws:iam::123837392027:user/bert-jan,stratus-red-team-trust-anchor-role,DeleteRole,0
2741,arn:aws:iam::123837392027:user/bert-jan,stratus-red-team-olc-bucket-xhfgzaowxc,GetBucketTagging,0
2742,arn:aws:iam::123837392027:user/bert-jan,aws_service,DescribeRouteTables,0
2743,arn:aws:iam::123837392027:user/bert-jan,stratus-red-team-backdoor-r-role,ListRolePolicies,0
2744,arn:aws:iam::123837392027:user/bert-jan,stratus-red-team-backdoor-u-user,DeleteLoginProfile,0
2745,arn:aws:iam::123837392027:user/bert-jan,stratus-red-team-bdbp-lhfzvgcamn,GetBucketEncryption,0
2746,arn:aws:iam::123837392027:user/bert-jan,stratus-red-team-olc-func-xhfgzaowxc,GetFunction20150331v2,0
2747,arn:aws:iam::123837392027:user/bert-jan,aws_service,GetUser,0
2748,arn:aws:iam::123837392027:user/bert-jan,terraform-20230710121504061500000001,DescribeDBInstances,0
2749,arn:aws:iam::123837392027:user/bert-jan,stratus-red-team-backdoor-f-bucket-ufamgrrnmw,GetBucketTagging,0
2750,arn:aws:iam::123837392027:user/bert-jan,aws_service,DescribeRouteTables,0
2751,arn:aws:iam::123837392027:user/bert-jan,aws_service,GetUser,0
2752,arn:aws:iam::123837392027:user/bert-jan,stratus-red-team-bdbp-lhfzvgcamn,GetBucketTagging,0
2753,arn:aws:iam::123837392027:user/bert-jan,stratus-red-team-olc-func-xhfgzaowxc,GetFunctionCodeSigningConfig,0
2754,arn:aws:iam::123837392027:user/bert-jan,subnet-08752c8d74ae2c324,DeleteSubnet,0
2755,arn:aws:iam::123837392027:user/bert-jan,arn:aws:rds:us-east-1:123837392027:db:terraform-20230710121504061500000001,ListTagsForResource,0
2756,arn:aws:iam::123837392027:user/bert-jan,rtb-08cbc80e25a39c743,DeleteRouteTable,0
2757,arn:aws:iam::123837392027:user/bert-jan,aws_service,DescribeInternetGateways,0
2758,arn:aws:iam::123837392027:user/bert-jan,igw-0cb4064bb338cd209,DetachInternetGateway,0
2759,arn:aws:iam::123837392027:user/bert-jan,aws_service,DescribeRouteTables,0
2760,arn:aws:iam::123837392027:user/bert-jan,aws_service,GetUser,0
2761,arn:aws:iam::123837392027:user/bert-jan,igw-0cb4064bb338cd209,DeleteInternetGateway,0
2762,arn:aws:iam::123837392027:user/bert-jan,aws_service,DescribeRouteTables,0
2763,arn:aws:iam::123837392027:user/bert-jan,vpc-04ae35a334cd7ef4f,DeleteVpc,0
2764,arn:aws:iam::123837392027:user/bert-jan,stratus-red-team-backdoor-f-func,GetFunction20150331v2,0
2765,arn:aws:iam::123837392027:user/bert-jan,aws_service,GetUser,0
2766,arn:aws:iam::123837392027:user/bert-jan,stratus-red-team-bdbp-lhfzvgcamn,DeleteBucket,0
2767,arn:aws:iam::123837392027:user/bert-jan,exfiltration,DescribeDBSnapshots,0
2768,arn:aws:iam::123837392027:user/bert-jan,arn:aws:rds:us-east-1:123837392027:snapshot:exfiltration,ListTagsForResource,0
2769,arn:aws:iam::123837392027:user/bert-jan,aws_service,GetUser,0
2770,arn:aws:iam::123837392027:user/bert-jan,8.0.32,DescribeOrderableDBInstanceOptions,0
2771,arn:aws:iam::123837392027:user/bert-jan,10.6.10,DescribeOrderableDBInstanceOptions,0
2772,arn:aws:iam::123837392027:user/bert-jan,ZGIucjVkLjJ4bGFyZ2UKZ2VuZXJhbC1wdWJsaWMtbGljZW5zZQoxMC42LjEwClkKZ3Ay,DescribeOrderableDBInstanceOptions,0
2773,arn:aws:iam::123837392027:user/bert-jan,ZGIubTZnLjR4bGFyZ2UKZ2VuZXJhbC1wdWJsaWMtbGljZW5zZQoxMC42LjEwClkKZ3Ay,DescribeOrderableDBInstanceOptions,0
2774,arn:aws:iam::123837392027:user/bert-jan,stratus-red-team-backdoor-f-func,ListVersionsByFunction20150331,0
2775,arn:aws:iam::123837392027:user/bert-jan,stratus-red-team-backdoor-f-func,GetFunctionCodeSigningConfig,0
2776,arn:aws:iam::123837392027:user/bert-jan,stratus-red-team-olc-bucket-xhfgzaowxc,DeleteBucket,0
2777,arn:aws:iam::123837392027:user/bert-jan,rtbassoc-009bfe8205f087dc9,DisassociateRouteTable,0
2778,arn:aws:iam::123837392027:user/bert-jan,stratus-red-team-olc-func-xhfgzaowxc,DeleteFunction20150331,0
2779,arn:aws:iam::123837392027:user/bert-jan,aws_service,DescribeVpcs,0
2780,arn:aws:iam::123837392027:user/bert-jan,vpc-098ff30ff74b36f73,DeleteVpc,0
2781,arn:aws:iam::123837392027:user/bert-jan,ZGIubTdnLmxhcmdlCmdlbmVyYWwtcHVibGljLWxpY2Vuc2UKMTAuNi4xMApZCmdwMg==,DescribeOrderableDBInstanceOptions,0
2782,arn:aws:iam::123837392027:user/bert-jan,exfiltration,DeleteDBSnapshot,0
2783,arn:aws:iam::123837392027:user/bert-jan,rtbassoc-035d111565cf1a1c0,DisassociateRouteTable,0
2784,arn:aws:iam::123837392027:user/bert-jan,aurora-postgresql,DescribeOrderableDBInstanceOptions,0
2785,arn:aws:iam::123837392027:user/bert-jan,stratus-red-team-olc-lambda-xhfgzaowxc,DeleteRole,0
2786,arn:aws:iam::123837392027:user/bert-jan,stratus-red-team-olc-lambda-xhfgzaowxc,ListInstanceProfilesForRole,0
2787,arn:aws:iam::123837392027:user/bert-jan,aws_service,DescribeDBInstances,0
2788,arn:aws:iam::123837392027:user/bert-jan,aws_service,DescribeRouteTables,0
2789,arn:aws:iam::123837392027:user/bert-jan,aws_service,DescribeRouteTables,0
2790,arn:aws:iam::123837392027:user/bert-jan,ZGIucjZpLjMyeGxhcmdlCmdlbmVyYWwtcHVibGljLWxpY2Vuc2UKMTAuNi4xMApZCmdwMg==,DescribeOrderableDBInstanceOptions,0
2791,arn:aws:iam::123837392027:user/bert-jan,ZGIucjZnLjh4bGFyZ2UKZ2VuZXJhbC1wdWJsaWMtbGljZW5zZQo4LjAuMzIKWQppbzE=,DescribeOrderableDBInstanceOptions,0
2792,arn:aws:iam::123837392027:user/bert-jan,stratus-red-team-backdoor-f-func,DeleteFunction20150331,0
2793,arn:aws:iam::123837392027:user/bert-jan,ZGIubTZnZC44eGxhcmdlCmdlbmVyYWwtcHVibGljLWxpY2Vuc2UKOC4wLjMyClkKZ3Az,DescribeOrderableDBInstanceOptions,0
2794,arn:aws:iam::123837392027:user/bert-jan,ZGIucjQueGxhcmdlCmdlbmVyYWwtcHVibGljLWxpY2Vuc2UKOC4wLjMyClkKaW8x,DescribeOrderableDBInstanceOptions,0
2795,arn:aws:iam::123837392027:user/bert-jan,ZGIudDIubWljcm8KZ2VuZXJhbC1wdWJsaWMtbGljZW5zZQo4LjAuMzIKWQpncDI=,DescribeOrderableDBInstanceOptions,0
2796,arn:aws:iam::123837392027:user/bert-jan,ZGIueDJpZWRuLnhsYXJnZQpnZW5lcmFsLXB1YmxpYy1saWNlbnNlCjguMC4zMgpZCmdwMw==,DescribeOrderableDBInstanceOptions,0
2797,arn:aws:iam::123837392027:user/bert-jan,aws_service,GetUser,0
2798,arn:aws:iam::123837392027:user/bert-jan,terraform-20230710121504061500000001,DeleteDBInstance,0
2799,arn:aws:iam::123837392027:user/bert-jan,aws_service,DescribeRouteTables,0
2800,arn:aws:iam::123837392027:user/bert-jan,aws_service,DescribeRouteTables,0
2801,arn:aws:iam::123837392027:user/bert-jan,terraform-20230710121504061500000001,DescribeDBInstances,0
2802,arn:aws:iam::123837392027:user/bert-jan,terraform-20230710121504061500000001,DeleteDBInstance,0
2803,arn:aws:iam::123837392027:user/bert-jan,ZGIudDRnLmxhcmdlCmdlbmVyYWwtcHVibGljLWxpY2Vuc2UKMTAuNi4xMApZCmdwMg==,DescribeOrderableDBInstanceOptions,0
2804,arn:aws:iam::123837392027:user/bert-jan,stratus-red-team-backdoor-f-lambda,ListInstanceProfilesForRole,0
2805,arn:aws:iam::123837392027:user/bert-jan,rtb-01982f631c227e48f,DeleteRouteTable,0
2806,arn:aws:iam::123837392027:user/bert-jan,aws_service,DescribeRouteTables,0
2807,arn:aws:iam::123837392027:user/bert-jan,stratus-red-team-backdoor-f-bucket-ufamgrrnmw,DeleteBucket,0
2808,arn:aws:iam::123837392027:user/bert-jan,stratus-red-team-backdoor-f-lambda,ListRolePolicies,0
2809,arn:aws:iam::123837392027:user/bert-jan,rtb-026f5220869c79072,DeleteRouteTable,0
2810,arn:aws:iam::123837392027:user/bert-jan,aws_service,DescribeRouteTables,0
2811,arn:aws:iam::123837392027:user/bert-jan,stratus-red-team-backdoor-f-lambda,DeleteRole,0
2812,arn:aws:iam::123837392027:user/bert-jan,oracle-se2,DescribeOrderableDBInstanceOptions,0
2813,arn:aws:iam::123837392027:user/bert-jan,ZGIucjViLjR4bGFyZ2UudHBjMi5tZW00eApicmluZy15b3VyLW93bi1saWNlbnNlCjE5LjAuMC4wLnJ1LTIwMjMtMDQucnVyLTIwMjMtMDQucjEKWQpncDI=,DescribeOrderableDBInstanceOptions,0
2814,arn:aws:iam::123837392027:user/bert-jan,ZGIucjZpLjJ4bGFyZ2UKYnJpbmcteW91ci1vd24tbGljZW5zZQoxOS4wLjAuMC5ydS0yMDIzLTA0LnJ1ci0yMDIzLTA0LnIxClkKZ3Ay,DescribeOrderableDBInstanceOptions,0
2815,arn:aws:iam::123837392027:user/bert-jan,ZGIueDJpZWRuLjMyeGxhcmdlCmJyaW5nLXlvdXItb3duLWxpY2Vuc2UKMTkuMC4wLjAucnUtMjAyMy0wNC5ydXItMjAyMy0wNC5yMQpZCmdwMg==,DescribeOrderableDBInstanceOptions,0
2816,arn:aws:iam::123837392027:user/bert-jan,ZGIucjUuMTJ4bGFyZ2UKYnJpbmcteW91ci1vd24tbGljZW5zZQoxOS4wLjAuMC5ydS0yMDIzLTA0LnJ1ci0yMDIzLTA0LnIxClkKZ3Ay,DescribeOrderableDBInstanceOptions,0
2817,arn:aws:iam::123837392027:user/bert-jan,19.0.0.0.ru-2023-04.rur-2023-04.r1,DescribeOrderableDBInstanceOptions,0
2818,arn:aws:iam::123837392027:user/bert-jan,oracle-se2,DescribeOrderableDBInstanceOptions,0
2819,arn:aws:iam::123837392027:user/bert-jan,19.0.0.0.ru-2023-04.rur-2023-04.r1,DescribeOrderableDBInstanceOptions,0
2820,arn:aws:iam::123837392027:user/bert-jan,oracle-se2,DescribeOrderableDBInstanceOptions,0
2821,arn:aws:iam::123837392027:user/bert-jan,ZGIucjUueGxhcmdlLnRwYzIubWVtMngKYnJpbmcteW91ci1vd24tbGljZW5zZQoxOS4wLjAuMC5ydS0yMDIzLTA0LnJ1ci0yMDIzLTA0LnIxClkKZ3Ay,DescribeOrderableDBInstanceOptions,0
2822,arn:aws:iam::123837392027:user/bert-jan,ZGIucjUuNHhsYXJnZS50cGMyLm1lbTR4CmJyaW5nLXlvdXItb3duLWxpY2Vuc2UKMTkuMC4wLjAucnUtMjAyMy0wNC5ydXItMjAyMy0wNC5yMQpZCmdwMg==,DescribeOrderableDBInstanceOptions,0
2823,arn:aws:iam::123837392027:user/bert-jan,sqlserver-ex,DescribeOrderableDBInstanceOptions,0
2824,arn:aws:iam::123837392027:user/bert-jan,ZGIubTZpLjI0eGxhcmdlCnBvc3RncmVzcWwtbGljZW5zZQoxNC43ClkKaW8x,DescribeOrderableDBInstanceOptions,0
2825,arn:aws:iam::123837392027:user/bert-jan,14.7,DescribeOrderableDBInstanceOptions,0
2826,arn:aws:iam::123837392027:user/bert-jan,sqlserver-ee,DescribeOrderableDBInstanceOptions,0
2827,arn:aws:iam::123837392027:user/bert-jan,ZGIucjZpLjh4bGFyZ2UKcG9zdGdyZXNxbC1saWNlbnNlCjE0LjcKWQpncDI=,DescribeOrderableDBInstanceOptions,0
2828,arn:aws:iam::123837392027:user/bert-jan,ZGIueDJnLjR4bGFyZ2UKcG9zdGdyZXNxbC1saWNlbnNlCjE0LjcKWQpncDI=,DescribeOrderableDBInstanceOptions,0
2829,arn:aws:iam::123837392027:user/bert-jan,ZGIucjViLjh4bGFyZ2UKcG9zdGdyZXNxbC1saWNlbnNlCjE0LjcKWQppbzE=,DescribeOrderableDBInstanceOptions,0
2830,arn:aws:iam::123837392027:user/bert-jan,sqlserver-ee,DescribeOrderableDBInstanceOptions,0
2831,arn:aws:iam::123837392027:user/bert-jan,sqlserver-ee,DescribeOrderableDBInstanceOptions,0
2832,arn:aws:iam::123837392027:user/bert-jan,sqlserver-web,DescribeOrderableDBInstanceOptions,0
2833,arn:aws:iam::123837392027:user/bert-jan,sqlserver-web,DescribeOrderableDBInstanceOptions,0
2834,arn:aws:iam::123837392027:user/bert-jan,sqlserver-se,DescribeOrderableDBInstanceOptions,0
2835,arn:aws:iam::123837392027:user/bert-jan,sqlserver-se,DescribeOrderableDBInstanceOptions,0
2836,arn:aws:iam::123837392027:user/bert-jan,sqlserver-se,DescribeOrderableDBInstanceOptions,0
2837,arn:aws:iam::123837392027:user/bert-jan,aws_service,DescribeDBInstances,0
2838,arn:aws:iam::123837392027:user/bert-jan,aws_service,DescribeDBInstances,0
2839,arn:aws:iam::123837392027:user/bert-jan,terraform-20230710121504061500000001,DescribeDBInstances,0
2840,arn:aws:iam::123837392027:user/bert-jan,AGGREGATOR,ListIndexes,0
2841,arn:aws:iam::123837392027:user/bert-jan,aws_service,DescribeTrails,0
2842,arn:aws:iam::123837392027:user/bert-jan,s3-external-1.amazonaws.com,ListBuckets,0
2843,arn:aws:iam::123837392027:user/bert-jan,aws_service,LookupEvents,0
2844,arn:aws:iam::123837392027:user/bert-jan,insight,LookupEvents,0
2845,arn:aws:iam::123837392027:user/bert-jan,cloudtrail.amazonaws.com,ListDelegatedAdministrators,0
2846,arn:aws:iam::123837392027:user/bert-jan,aws_service,DescribeTrails,0
2847,arn:aws:iam::123837392027:user/bert-jan,aws_service,DescribeOrganization,0
2848,arn:aws:iam::123837392027:user/bert-jan,eventTypeCategory,DescribeEventAggregates,0
2849,arn:aws:iam::123837392027:user/bert-jan,eventTypeCategory,DescribeEventAggregates,0
2850,arn:aws:iam::123837392027:user/bert-jan,aws_service,ListNotificationHubs,0
2851,arn:aws:iam::123837392027:user/bert-jan,aws_service,DescribeTrails,0
2852,arn:aws:iam::123837392027:user/bert-jan,s3.amazonaws.com,ListBuckets,0
2853,arn:aws:iam::123837392027:user/bert-jan,arn:aws:s3:us-east-1:123837392027:storage-lens/default-account-dashboard,GetStorageLensDashboardDataInternal,0
2854,arn:aws:iam::123837392027:user/bert-jan,123837392027.s3-control.us-east-1.amazonaws.com,GetStorageLensConfiguration,0
2855,arn:aws:iam::123837392027:user/bert-jan,arn:aws:s3:us-east-1:123837392027:storage-lens/default-account-dashboard,GetStorageLensDashboardDataInternal,0
2856,arn:aws:iam::123837392027:user/bert-jan,123837392027.s3-control.us-east-1.amazonaws.com,GetStorageLensConfiguration,0
2857,arn:aws:iam::123837392027:user/bert-jan,eventTypeCategory,DescribeEventAggregates,0
2858,arn:aws:iam::123837392027:user/bert-jan,aws_service,ListNotificationHubs,0
2859,arn:aws:iam::123837392027:user/bert-jan,eventTypeCategory,DescribeEventAggregates,0
2860,arn:aws:iam::123837392027:user/bert-jan,invictus-aws-2022-10-27-quygr,ListAccessPoints,0
2861,arn:aws:iam::123837392027:user/bert-jan,invictus-aws-2022-10-27-e0xdv,ListAccessPoints,0
2862,arn:aws:iam::123837392027:user/bert-jan,baker221b-bucketssecuritylogsbef08b3e-13nrzhi7fcs7w,GetBucketPublicAccessBlock,0
2863,arn:aws:iam::123837392027:user/bert-jan,invictus-aws-2022-10-27-8aukl,GetBucketPolicyStatus,0
2864,arn:aws:iam::123837392027:user/bert-jan,invictus-aws-2022-10-27-8aukl,GetBucketPublicAccessBlock,0
2865,arn:aws:iam::123837392027:user/bert-jan,invictus-aws-2022-10-27-8aukl,GetBucketAcl,0
2866,arn:aws:iam::123837392027:user/bert-jan,config-bucket-123837392027,GetBucketAcl,0
2867,arn:aws:iam::123837392027:user/bert-jan,baker221b-bucketsevidenceeeedc25d-1q9cl0tuy4gbm,GetBucketPublicAccessBlock,0
2868,arn:aws:iam::123837392027:user/bert-jan,baker221b-bucketssecuritylogsbef08b3e-13nrzhi7fcs7w,GetBucketAcl,0
2869,arn:aws:iam::123837392027:user/bert-jan,baker221b-bucketsevidenceeeedc25d-1q9cl0tuy4gbm,GetBucketAcl,0
2870,arn:aws:iam::123837392027:user/bert-jan,cdktoolkit-stagingbucket-zbvx22khdave,ListAccessPoints,0
2871,arn:aws:iam::123837392027:user/bert-jan,123837392027.s3-control.us-east-1.amazonaws.com,GetAccountPublicAccessBlock,0
2872,arn:aws:iam::123837392027:user/bert-jan,invictus-aws-2022-09-28-pgd48,ListAccessPoints,0
2873,arn:aws:iam::123837392027:user/bert-jan,config-bucket-123837392027,GetBucketPolicyStatus,0
2874,arn:aws:iam::123837392027:user/bert-jan,baker221b-bucketsevidenceeeedc25d-1q9cl0tuy4gbm,GetBucketPolicyStatus,0
2875,arn:aws:iam::123837392027:user/bert-jan,baker221b-bucketssecuritylogsbef08b3e-13nrzhi7fcs7w,GetBucketPolicyStatus,0
2876,arn:aws:iam::123837392027:user/bert-jan,invictus-aws-2022-10-27-e0xdv,GetBucketAcl,0
2877,arn:aws:iam::123837392027:user/bert-jan,baker221b-bucketssecuritylogsbef08b3e-13nrzhi7fcs7w,ListAccessPoints,0
2878,arn:aws:iam::123837392027:user/bert-jan,invictus-aws-2022-10-27-quygr,GetBucketAcl,0
2879,arn:aws:iam::123837392027:user/bert-jan,invictus-aws-2022-10-27-quygr,GetBucketPublicAccessBlock,0
2880,arn:aws:iam::123837392027:user/bert-jan,invictus-aws-2022-10-27-quygr,GetBucketPolicyStatus,0
2881,arn:aws:iam::123837392027:user/bert-jan,baker221b-bucketsevidenceeeedc25d-1q9cl0tuy4gbm,ListAccessPoints,0
2882,arn:aws:iam::123837392027:user/bert-jan,config-bucket-123837392027,ListAccessPoints,0
2883,arn:aws:iam::123837392027:user/bert-jan,invictus-aws-2022-10-27-8aukl,ListAccessPoints,0
2884,arn:aws:iam::123837392027:user/bert-jan,cdktoolkit-stagingbucket-zbvx22khdave,GetBucketAcl,0
2885,arn:aws:iam::123837392027:user/bert-jan,cdktoolkit-stagingbucket-zbvx22khdave,GetBucketPolicyStatus,0
2886,arn:aws:iam::123837392027:user/bert-jan,cdktoolkit-stagingbucket-zbvx22khdave,GetBucketPublicAccessBlock,0
2887,arn:aws:iam::123837392027:user/bert-jan,invictus-aws-2022-09-28-pgd48,GetBucketPublicAccessBlock,0
2888,arn:aws:iam::123837392027:user/bert-jan,invictus-aws-2022-09-28-pgd48,GetBucketAcl,0
2889,arn:aws:iam::123837392027:user/bert-jan,invictus-aws-2022-09-28-pgd48,GetBucketPolicyStatus,0
2890,arn:aws:iam::123837392027:user/bert-jan,config-bucket-123837392027,GetBucketPublicAccessBlock,0
2891,arn:aws:iam::123837392027:user/bert-jan,invictus-aws-2022-10-27-e0xdv,GetBucketPolicyStatus,0
2892,arn:aws:iam::123837392027:user/bert-jan,invictus-aws-2022-10-27-e0xdv,GetBucketPublicAccessBlock,0
2893,,arn:aws:iam::123837392027:role/aws-service-role/rds.amazonaws.com/AWSServiceRoleForRDS,AssumeRole,0
2894,,arn:aws:iam::123837392027:role/aws-service-role/rds.amazonaws.com/AWSServiceRoleForRDS,AssumeRole,0
2895,arn:aws:sts::123837392027:assumed-role/AWSServiceRoleForRDS/SLRManagement,eni-0938d805949b4e134,DeleteNetworkInterface,0
2896,arn:aws:iam::123837392027:user/benjamin,eventTypeCategory,DescribeEventAggregates,0
2897,arn:aws:iam::123837392027:user/benjamin,eventTypeCategory,DescribeEventAggregates,0
2898,arn:aws:iam::123837392027:user/bert-jan,eventTypeCategory,DescribeEventAggregates,0
2899,arn:aws:iam::123837392027:user/benjamin,eventTypeCategory,DescribeEventAggregates,0
