log_id,no_mfa,mfa_absent,principal_type_prior_risk,principal_type_idx,has_access_key,action_velocity,is_new_action,session_duration_normalized,events_per_minute_normalized,time_sin,time_cos,is_weekend,is_off_hours,action_risk_prior,event_name_idx,event_source_idx,is_write_action,read_only_absent,has_error,is_access_denied,is_iam_event,is_recon_action,is_defense_evasion,is_get_caller_identity,is_malicious_user_agent,is_public_ip,params_length_normalized,targets_sensitive_resource,is_non_default_region,is_create_key,is_secrets_or_kms,is_permission_modification,policy_statement_count_normalized,has_wildcard_action,has_wildcard_resource,privileged_action_reach,label
invictus_enriched.csv:0,0,1,0.8,2,1,0.0,1,0.0,0.1,0.258819045102521,-0.9659258262890682,0,0,0.1,1,0,0,0,0,0,0,1,0,0,0,0,0.037333333333333336,0,0,0,0,0,0.0,0,0,0.0,0
invictus_enriched.csv:1,0,1,0.8,2,1,0.9986111111111111,1,0.001388888888888889,1.0,0.258819045102521,-0.9659258262890682,0,0,0.1,2,4,0,0,0,0,0,1,0,0,0,0,0.22133333333333333,0,0,0,0,0,0.0,0,0,0.0,0
invictus_enriched.csv:2,0,1,0.8,2,1,1.0,1,0.001388888888888889,1.0,0.258819045102521,-0.9659258262890682,0,0,0.1,3,4,0,0,0,0,0,1,0,0,0,0,0.22,0,0,0,0,0,0.0,0,0,0.0,0
invictus_enriched.csv:3,0,1,0.8,2,1,0.9997222222222222,1,0.0016666666666666668,1.0,0.258819045102521,-0.9659258262890682,0,0,0.1,4,4,0,0,0,0,0,1,0,0,0,0,0.216,0,0,0,0,0,0.0,0,0,0.0,0
invictus_enriched.csv:4,0,1,0.8,2,1,1.0,1,0.0016666666666666668,1.0,0.258819045102521,-0.9659258262890682,0,0,0.1,5,4,0,0,0,0,0,1,0,0,0,0,0.15866666666666668,0,0,0,0,0,0.0,0,0,0.0,0
invictus_enriched.csv:5,0,1,0.8,2,1,0.9994444444444445,0,0.0022222222222222222,1.0,0.258819045102521,-0.9659258262890682,0,0,0.1,2,4,0,0,0,0,0,1,0,0,0,0,0.232,0,0,0,0,0,0.0,0,0,0.0,0
invictus_enriched.csv:6,0,1,0.8,2,1,1.0,0,0.0022222222222222222,1.0,0.258819045102521,-0.9659258262890682,0,0,0.1,3,4,0,0,0,0,0,1,0,0,0,0,0.23066666666666666,0,0,0,0,0,0.0,0,0,0.0,0
invictus_enriched.csv:7,0,1,0.8,2,1,1.0,0,0.0022222222222222222,1.0,0.258819045102521,-0.9659258262890682,0,0,0.1,4,4,0,0,0,0,0,1,0,0,0,0,0.22666666666666666,0,0,0,0,0,0.0,0,0,0.0,0
invictus_enriched.csv:8,0,1,0.8,2,1,1.0,0,0.0022222222222222222,1.0,0.258819045102521,-0.9659258262890682,0,0,0.1,5,4,0,0,0,0,0,1,0,0,0,0,0.164,0,0,0,0,0,0.0,0,0,0.0,0
invictus_enriched.csv:9,0,1,0.8,2,1,0.9991666666666666,0,0.0030555555555555557,1.0,0.258819045102521,-0.9659258262890682,0,0,0.1,3,4,0,0,0,0,0,1,0,0,0,0,0.19333333333333333,0,0,0,0,0,0.0,0,0,0.0,0
invictus_enriched.csv:10,0,1,0.8,2,1,1.0,0,0.0030555555555555557,1.0,0.258819045102521,-0.9659258262890682,0,0,0.1,2,4,0,0,0,0,0,1,0,0,0,0,0.19466666666666665,0,0,0,0,0,0.0,0,0,0.0,0
invictus_enriched.csv:11,0,1,0.8,2,1,1.0,0,0.0030555555555555557,1.0,0.258819045102521,-0.9659258262890682,0,0,0.1,5,4,0,0,0,0,0,1,0,0,0,0,0.14533333333333334,0,0,0,0,0,0.0,0,0,0.0,0
invictus_enriched.csv:12,0,1,0.8,2,1,1.0,0,0.0030555555555555557,1.0,0.258819045102521,-0.9659258262890682,0,0,0.1,4,4,0,0,0,0,0,1,0,0,0,0,0.18933333333333333,0,0,0,0,0,0.0,0,0,0.0,0
invictus_enriched.csv:13,0,1,0.8,2,1,0.9997222222222222,0,0.0033333333333333335,1.0,0.258819045102521,-0.9659258262890682,0,0,0.1,2,4,0,0,0,0,0,1,0,0,0,0,0.16533333333333333,0,0,0,0,0,0.0,0,0,0.0,0
invictus_enriched.csv:14,0,1,0.8,2,1,0.9997222222222222,0,0.003611111111111111,1.0,0.258819045102521,-0.9659258262890682,0,0,0.1,4,4,0,0,0,0,0,1,0,0,0,0,0.16,0,0,0,0,0,0.0,0,0,0.0,0
invictus_enriched.csv:15,0,1,0.8,2,1,1.0,0,0.003611111111111111,1.0,0.258819045102521,-0.9659258262890682,0,0,0.1,3,4,0,0,0,0,0,1,0,0,0,0,0.164,0,0,0,0,0,0.0,0,0,0.0,0
invictus_enriched.csv:16,0,1,0.8,2,1,1.0,0,0.003611111111111111,1.0,0.258819045102521,-0.9659258262890682,0,0,0.1,5,4,0,0,0,0,0,1,0,0,0,0,0.13066666666666665,0,0,0,0,0,0.0,0,0,0.0,0
invictus_enriched.csv:17,0,0,0.8,2,1,0.9991666666666666,1,0.0044444444444444444,1.0,0.258819045102521,-0.9659258262890682,0,0,0.2,6,4,0,0,0,0,0,1,0,0,0,0,0.037333333333333336,0,0,0,0,0,0.0,0,0,0.0,0
invictus_enriched.csv:18,0,0,0.8,2,1,0.9997222222222222,1,0.004722222222222222,1.0,0.258819045102521,-0.9659258262890682,0,0,0.1,7,4,0,0,0,0,0,1,0,0,0,0,0.07866666666666666,0,0,0,0,0,0.0,0,0,0.0,0
invictus_enriched.csv:19,0,0,0.8,2,1,1.0,1,0.004722222222222222,1.0,0.258819045102521,-0.9659258262890682,0,0,0.1,8,4,0,0,0,0,0,1,0,0,0,1,0.128,0,0,0,0,0,0.0,0,0,0.0,0
invictus_enriched.csv:20,0,0,0.8,2,1,0.9997222222222222,0,0.005,1.0,0.258819045102521,-0.9659258262890682,0,0,0.1,8,4,0,0,0,0,0,1,0,0,0,1,0.128,0,0,0,0,0,0.0,0,0,0.0,0
invictus_enriched.csv:21,0,0,0.8,2,1,1.0,0,0.005,1.0,0.258819045102521,-0.9659258262890682,0,0,0.1,7,4,0,0,0,0,0,1,0,0,0,1,0.07866666666666666,0,0,0,0,0,0.0,0,0,0.0,0
invictus_enriched.csv:22,0,0,0.8,2,1,0.9994444444444445,1,0.005555555555555556,1.0,0.258819045102521,-0.9659258262890682,0,0,0.1,9,0,0,0,0,0,0,1,0,0,0,0,0.0026666666666666666,0,0,0,0,0,0.0,0,0,0.0,0
invictus_enriched.csv:23,0,0,0.8,2,1,1.0,1,0.005555555555555556,1.0,0.258819045102521,-0.9659258262890682,0,0,0.1,10,0,0,0,0,0,0,1,0,0,0,1,0.196,0,0,0,0,0,0.0,0,0,0.0,0
invictus_enriched.csv:24,0,0,0.8,2,1,1.0,0,0.005555555555555556,1.0,0.258819045102521,-0.9659258262890682,0,0,0.1,10,0,0,0,0,0,0,1,0,0,0,0,0.19466666666666665,0,0,0,0,0,0.0,0,0,0.0,0
invictus_enriched.csv:25,0,0,0.8,2,1,0.9983333333333333,0,0.007222222222222222,1.0,0.258819045102521,-0.9659258262890682,0,0,0.1,4,4,0,0,0,0,0,1,0,0,0,0,0.22666666666666666,0,0,0,0,0,0.0,0,0,0.0,0
invictus_enriched.csv:26,0,0,0.8,2,1,1.0,1,0.007222222222222222,1.0,0.258819045102521,-0.9659258262890682,0,0,0.1,11,4,0,0,0,0,0,1,0,0,0,0,0.23866666666666667,0,0,0,0,0,0.0,0,0,0.0,0
invictus_enriched.csv:27,0,0,0.8,2,1,1.0,1,0.007222222222222222,1.0,0.258819045102521,-0.9659258262890682,0,0,0.1,12,4,0,0,0,0,0,1,0,0,0,0,0.15733333333333333,0,0,0,0,0,0.0,0,0,0.0,0
invictus_enriched.csv:28,0,0,0.8,2,1,1.0,0,0.007222222222222222,1.0,0.258819045102521,-0.9659258262890682,0,0,0.1,12,4,0,0,0,0,0,1,0,0,0,0,0.16133333333333333,0,0,0,0,0,0.0,0,0,0.0,0
invictus_enriched.csv:29,0,0,0.8,2,1,1.0,0,0.007222222222222222,1.0,0.258819045102521,-0.9659258262890682,0,0,0.1,11,4,0,0,0,0,0,1,0,0,0,0,0.20133333333333334,0,0,0,0,0,0.0,0,0,0.0,0
invictus_enriched.csv:30,0,0,0.8,2,1,1.0,1,0.007222222222222222,1.0,0.258819045102521,-0.9659258262890682,0,0,0.1,13,4,0,0,0,0,0,1,0,0,0,0,0.208,0,0,0,0,0,0.0,0,0,0.0,0
invictus_enriched.csv:31,0,0,0.8,2,1,1.0,0,0.007222222222222222,1.0,0.258819045102521,-0.9659258262890682,0,0,0.1,4,4,0,0,0,0,0,1,0,0,0,0,0.18933333333333333,0,0,0,0,0,0.0,0,0,0.0,0
invictus_enriched.csv:32,0,0,0.8,2,1,1.0,0,0.007222222222222222,1.0,0.258819045102521,-0.9659258262890682,0,0,0.1,13,4,0,0,1,0,0,1,0,0,0,0,0.18666666666666668,0,0,0,0,0,0.0,0,0,0.0,0
invictus_enriched.csv:33,0,0,0.8,2,1,1.0,0,0.007222222222222222,1.0,0.258819045102521,-0.9659258262890682,0,0,0.1,12,4,0,0,0,0,0,1,0,0,0,0,0.18533333333333332,0,0,0,0,0,0.0,0,0,0.0,0
invictus_enriched.csv:34,0,0,0.8,2,1,1.0,0,0.007222222222222222,1.0,0.258819045102521,-0.9659258262890682,0,0,0.1,12,4,0,0,0,0,0,1,0,0,0,0,0.16133333333333333,0,0,0,0,0,0.0,0,0,0.0,0
invictus_enriched.csv:35,0,0,0.8,2,1,1.0,0,0.007222222222222222,1.0,0.258819045102521,-0.9659258262890682,0,0,0.1,12,4,0,0,0,0,0,1,0,0,0,0,0.16133333333333333,0,0,0,0,0,0.0,0,0,0.0,0
invictus_enriched.csv:36,0,0,0.8,2,1,1.0,0,0.007222222222222222,1.0,0.258819045102521,-0.9659258262890682,0,0,0.1,4,4,0,0,0,0,0,1,0,0,0,0,0.216,0,0,0,0,0,0.0,0,0,0.0,0
invictus_enriched.csv:37,0,0,0.8,2,1,1.0,0,0.007222222222222222,1.0,0.258819045102521,-0.9659258262890682,0,0,0.1,13,4,0,0,0,0,0,1,0,0,0,0,0.23466666666666666,0,0,0,0,0,0.0,0,0,0.0,0
invictus_enriched.csv:38,0,0,0.8,2,1,1.0,0,0.007222222222222222,1.0,0.258819045102521,-0.9659258262890682,0,0,0.1,11,4,0,0,0,0,0,1,0,0,0,0,0.228,0,0,0,0,0,0.0,0,0,0.0,0
invictus_enriched.csv:39,0,0,0.8,2,1,1.0,1,0.007222222222222222,1.0,0.258819045102521,-0.9659258262890682,0,0,0.1,14,4,0,0,1,0,0,1,0,0,0,0,0.07866666666666666,0,0,0,0,0,0.0,0,0,0.0,0
invictus_enriched.csv:40,0,0,0.8,2,1,1.0,0,0.007222222222222222,1.0,0.258819045102521,-0.9659258262890682,0,0,0.1,11,4,0,0,1,0,0,1,0,0,0,0,0.18,0,0,0,0,0,0.0,0,0,0.0,0
invictus_enriched.csv:41,0,0,0.8,2,1,1.0,0,0.007222222222222222,1.0,0.258819045102521,-0.9659258262890682,0,0,0.1,4,4,0,0,0,0,0,1,0,0,0,0,0.168,0,0,0,0,0,0.0,0,0,0.0,0
invictus_enriched.csv:42,0,0,0.8,2,1,1.0,0,0.007222222222222222,1.0,0.258819045102521,-0.9659258262890682,0,0,0.1,13,4,0,0,1,0,0,1,0,0,0,0,0.18666666666666668,0,0,0,0,0,0.0,0,0,0.0,0
invictus_enriched.csv:43,0,0,0.8,2,1,1.0,0,0.007222222222222222,1.0,0.258819045102521,-0.9659258262890682,0,0,0.1,12,4,0,0,0,0,0,1,0,0,0,0,0.172,0,0,0,0,0,0.0,0,0,0.0,0
invictus_enriched.csv:44,0,0,0.8,2,1,1.0,0,0.007222222222222222,1.0,0.258819045102521,-0.9659258262890682,0,0,0.1,13,4,0,0,1,0,0,1,0,0,0,0,0.17866666666666667,0,0,0,0,0,0.0,0,0,0.0,0
invictus_enriched.csv:45,0,0,0.8,2,1,1.0,0,0.007222222222222222,1.0,0.258819045102521,-0.9659258262890682,0,0,0.1,4,4,0,0,0,0,0,1,0,0,0,0,0.168,0,0,0,0,0,0.0,0,0,0.0,0
invictus_enriched.csv:46,0,0,0.8,2,1,1.0,0,0.007222222222222222,1.0,0.258819045102521,-0.9659258262890682,0,0,0.1,13,4,0,0,0,0,0,1,0,0,0,0,0.24533333333333332,0,0,0,0,0,0.0,0,0,0.0,0
invictus_enriched.csv:47,0,0,0.8,2,1,1.0,0,0.007222222222222222,1.0,0.258819045102521,-0.9659258262890682,0,0,0.1,13,4,0,0,1,0,0,1,0,0,0,0,0.18666666666666668,0,0,0,0,0,0.0,0,0,0.0,0
invictus_enriched.csv:48,0,0,0.8,2,1,1.0,0,0.007222222222222222,1.0,0.258819045102521,-0.9659258262890682,0,0,0.1,11,4,0,0,0,0,0,1,0,0,0,0,0.172,0,0,0,0,0,0.0,0,0,0.0,0
invictus_enriched.csv:49,0,0,0.8,2,1,1.0,0,0.007222222222222222,1.0,0.258819045102521,-0.9659258262890682,0,0,0.1,4,4,0,0,0,0,0,1,0,0,0,0,0.16,0,0,0,0,0,0.0,0,0,0.0,0
invictus_enriched.csv:50,0,0,0.8,2,1,1.0,0,0.007222222222222222,1.0,0.258819045102521,-0.9659258262890682,0,0,0.1,4,4,0,0,0,0,0,1,0,0,0,0,0.168,0,0,0,0,0,0.0,0,0,0.0,0
invictus_enriched.csv:51,0,0,0.8,2,1,1.0,0,0.007222222222222222,1.0,0.258819045102521,-0.9659258262890682,0,0,0.1,12,4,0,0,0,0,0,1,0,0,0,0,0.16133333333333333,0,0,0,0,0,0.0,0,0,0.0,0
invictus_enriched.csv:52,0,0,0.8,2,1,1.0,0,0.007222222222222222,1.0,0.258819045102521,-0.9659258262890682,0,0,0.1,13,4,0,0,1,0,0,1,0,0,0,0,0.18666666666666668,0,0,0,0,0,0.0,0,0,0.0,0
invictus_enriched.csv:53,0,0,0.8,2,1,1.0,0,0.007222222222222222,1.0,0.258819045102521,-0.9659258262890682,0,0,0.1,11,4,0,0,1,0,0,1,0,0,0,0,0.18,0,0,0,0,0,0.0,0,0,0.0,0
invictus_enriched.csv:54,0,0,0.8,2,1,1.0,0,0.007222222222222222,1.0,0.258819045102521,-0.9659258262890682,0,0,0.1,4,4,0,0,0,0,0,1,0,0,0,0,0.168,0,0,0,0,0,0.0,0,0,0.0,0
invictus_enriched.csv:55,0,0,0.8,2,1,1.0,0,0.007222222222222222,1.0,0.258819045102521,-0.9659258262890682,0,0,0.1,11,4,0,0,1,0,0,1,0,0,0,0,0.18,0,0,0,0,0,0.0,0,0,0.0,0
invictus_enriched.csv:56,0,0,0.8,2,1,1.0,0,0.007222222222222222,1.0,0.258819045102521,-0.9659258262890682,0,0,0.1,11,4,0,0,1,0,0,1,0,0,0,0,0.18,0,0,0,0,0,0.0,0,0,0.0,0
invictus_enriched.csv:57,0,0,0.8,2,1,1.0,0,0.007222222222222222,1.0,0.258819045102521,-0.9659258262890682,0,0,0.1,12,4,0,0,0,0,0,1,0,0,0,0,0.19066666666666668,0,0,0,0,0,0.0,0,0,0.0,0
invictus_enriched.csv:58,0,1,0.8,2,1,0.9961111111111111,0,0.011111111111111112,1.0,0.258819045102521,-0.9659258262890682,0,0,0.1,2,4,0,0,0,0,0,1,0,0,0,0,0.17333333333333334,0,0,0,0,0,0.0,0,0,0.0,0
invictus_enriched.csv:59,0,1,0.8,2,1,0.9997222222222222,0,0.01138888888888889,1.0,0.258819045102521,-0.9659258262890682,0,0,0.1,3,4,0,0,1,0,0,1,0,0,0,0,0.172,0,0,0,0,0,0.0,0,0,0.0,0
invictus_enriched.csv:60,0,1,0.8,2,1,1.0,0,0.01138888888888889,1.0,0.258819045102521,-0.9659258262890682,0,0,0.1,5,4,0,0,0,0,0,1,0,0,0,0,0.13466666666666666,0,0,0,0,0,0.0,0,0,0.0,0
invictus_enriched.csv:61,0,1,0.8,2,1,1.0,0,0.01138888888888889,1.0,0.258819045102521,-0.9659258262890682,0,0,0.1,4,4,0,0,0,0,0,1,0,0,0,0,0.168,0,0,0,0,0,0.0,0,0,0.0,0
invictus_enriched.csv:62,0,1,0.8,2,1,0.9977777777777778,0,0.01361111111111111,1.0,0.258819045102521,-0.9659258262890682,0,0,0.1,2,4,0,0,0,0,0,1,0,0,0,0,0.17333333333333334,0,0,0,0,0,0.0,0,0,0.0,0
invictus_enriched.csv:63,0,1,0.8,2,1,1.0,0,0.01361111111111111,1.0,0.258819045102521,-0.9659258262890682,0,0,0.1,4,4,0,0,0,0,0,1,0,0,0,0,0.168,0,0,0,0,0,0.0,0,0,0.0,0
invictus_enriched.csv:64,0,1,0.8,2,1,1.0,0,0.01361111111111111,1.0,0.258819045102521,-0.9659258262890682,0,0,0.1,3,4,0,0,1,0,0,1,0,0,0,0,0.172,0,0,0,0,0,0.0,0,0,0.0,0
invictus_enriched.csv:65,0,1,0.8,2,1,0.9997222222222222,0,0.013888888888888888,1.0,0.258819045102521,-0.9659258262890682,0,0,0.1,5,4,0,0,0,0,0,1,0,0,0,0,0.13466666666666666,0,0,0,0,0,0.0,0,0,0.0,0
invictus_enriched.csv:66,0,1,0.8,2,1,0.9991666666666666,0,0.014722222222222222,1.0,0.258819045102521,-0.9659258262890682,0,0,0.1,3,4,0,0,1,0,0,1,0,0,0,0,0.172,0,0,0,0,0,0.0,0,0,0.0,0
invictus_enriched.csv:67,0,1,0.8,2,1,1.0,0,0.014722222222222222,1.0,0.258819045102521,-0.9659258262890682,0,0,0.1,2,4,0,0,0,0,0,1,0,0,0,0,0.17333333333333334,0,0,0,0,0,0.0,0,0,0.0,0
invictus_enriched.csv:68,0,1,0.8,2,1,1.0,0,0.014722222222222222,1.0,0.258819045102521,-0.9659258262890682,0,0,0.1,4,4,0,0,0,0,0,1,0,0,0,0,0.168,0,0,0,0,0,0.0,0,0,0.0,0
invictus_enriched.csv:69,0,1,0.8,2,1,1.0,0,0.014722222222222222,1.0,0.258819045102521,-0.9659258262890682,0,0,0.1,5,4,0,0,0,0,0,1,0,0,0,0,0.13466666666666666,0,0,0,0,0,0.0,0,0,0.0,0
invictus_enriched.csv:70,0,1,0.8,2,1,0.9986111111111111,0,0.01611111111111111,1.0,0.258819045102521,-0.9659258262890682,0,0,0.1,2,4,0,0,0,0,0,1,0,0,0,0,0.17333333333333334,0,0,0,0,0,0.0,0,0,0.0,0
invictus_enriched.csv:71,0,1,0.8,2,1,1.0,0,0.01611111111111111,1.0,0.258819045102521,-0.9659258262890682,0,0,0.1,3,4,0,0,1,0,0,1,0,0,0,0,0.172,0,0,0,0,0,0.0,0,0,0.0,0
invictus_enriched.csv:72,0,1,0.8,2,1,0.9997222222222222,0,0.01638888888888889,1.0,0.258819045102521,-0.9659258262890682,0,0,0.1,4,4,0,0,0,0,0,1,0,0,0,0,0.168,0,0,0,0,0,0.0,0,0,0.0,0
invictus_enriched.csv:73,0,1,0.8,2,1,0.9997222222222222,0,0.016666666666666666,1.0,0.258819045102521,-0.9659258262890682,0,0,0.1,5,4,0,0,0,0,0,1,0,0,0,0,0.13466666666666666,0,0,0,0,0,0.0,0,0,0.0,0
invictus_enriched.csv:74,0,1,0.8,2,1,0.9961111111111111,1,0.020555555555555556,1.0,0.258819045102521,-0.9659258262890682,0,0,0.1,15,0,0,0,0,0,0,1,0,0,0,0,0.0026666666666666666,0,0,0,0,0,0.0,0,0,0.0,0
invictus_enriched.csv:75,0,1,0.8,2,1,0.9997222222222222,1,0.020833333333333332,1.0,0.258819045102521,-0.9659258262890682,0,0,0.1,16,1,0,0,0,0,1,1,0,0,0,0,0.0026666666666666666,0,0,0,0,0,0.0,0,0,0.0,0
invictus_enriched.csv:76,0,1,0.8,2,1,1.0,1,0.020833333333333332,1.0,0.258819045102521,-0.9659258262890682,0,0,0.2,17,1,0,0,0,0,1,1,0,0,0,0,0.0026666666666666666,0,0,0,0,0,0.0,0,0,0.0,0
invictus_enriched.csv:77,0,1,0.8,2,1,0.9997222222222222,1,0.021111111111111112,1.0,0.258819045102521,-0.9659258262890682,0,0,0.4,18,1,0,0,0,0,1,1,0,0,0,0,0.0026666666666666666,0,0,0,0,0,0.0,0,0,0.0,0
invictus_enriched.csv:78,0,1,0.8,2,1,0.9997222222222222,1,0.021388888888888888,1.0,0.258819045102521,-0.9659258262890682,0,0,0.1,19,1,0,0,0,0,1,1,0,0,0,0,0.0026666666666666666,0,0,0,0,0,0.0,0,0,0.0,0
invictus_enriched.csv:79,0,1,0.8,2,1,1.0,1,0.021388888888888888,1.0,0.258819045102521,-0.9659258262890682,0,0,0.1,20,1,0,0,0,0,1,1,0,0,0,0,0.0026666666666666666,0,0,0,0,0,0.0,0,0,0.0,0
invictus_enriched.csv:80,0,0,0.8,2,1,0.9322222222222222,0,0.08916666666666667,1.0,0.258819045102521,-0.9659258262890682,0,0,0.1,10,0,0,0,0,0,0,1,0,0,0,1,0.196,0,0,0,0,0,0.0,0,0,0.0,0
invictus_enriched.csv:81,0,0,0.8,2,1,1.0,0,0.08916666666666667,1.0,0.258819045102521,-0.9659258262890682,0,0,0.1,10,0,0,0,0,0,0,1,0,0,0,0,0.19466666666666665,0,0,0,0,0,0.0,0,0,0.0,0
invictus_enriched.csv:82,0,0,0.8,2,1,0.9163888888888889,0,0.17277777777777778,0.8006430868167203,0.258819045102521,-0.9659258262890682,0,0,0.1,10,0,0,0,0,0,0,1,0,0,0,0,0.19466666666666665,0,0,0,0,0,0.0,0,0,0.0,0
invictus_enriched.csv:83,0,0,0.8,2,1,1.0,0,0.17277777777777778,0.810289389067524,0.258819045102521,-0.9659258262890682,0,0,0.1,10,0,0,0,0,0,0,1,0,0,0,1,0.196,0,0,0,0,0,0.0,0,0,0.0,0
invictus_enriched.csv:84,0,1,0.8,2,1,0.0,1,0.0,0.1,0.258819045102521,-0.9659258262890682,0,0,0.1,21,3,0,0,0,0,0,1,0,0,0,0,0.064,0,0,0,0,0,0.0,0,0,0.0,0
invictus_enriched.csv:85,0,1,0.8,2,1,0.9986111111111111,1,0.001388888888888889,1.0,0.258819045102521,-0.9659258262890682,0,0,0.2,22,2,0,0,0,0,0,1,0,1,0,0,0.0026666666666666666,0,0,0,0,0,0.0,0,0,0.0,0
invictus_enriched.csv:86,0,1,0.8,2,1,1.0,1,0.001388888888888889,1.0,0.258819045102521,-0.9659258262890682,0,0,0.1,23,1,0,0,0,0,1,1,0,0,0,0,0.0026666666666666666,0,0,0,0,0,0.0,0,0,0.0,0
invictus_enriched.csv:87,0,1,0.8,2,1,0.9997222222222222,1,0.0016666666666666668,1.0,0.258819045102521,-0.9659258262890682,0,0,0.7,24,1,1,0,0,0,1,0,0,0,0,0,0.4866666666666667,0,0,0,0,0,0.2,0,0,0.6,1
invictus_enriched.csv:88,0,1,0.8,2,1,1.0,0,0.0016666666666666668,1.0,0.258819045102521,-0.9659258262890682,0,0,0.1,23,1,0,0,0,0,1,1,0,0,0,0,0.0026666666666666666,0,0,0,0,0,0.0,0,0,0.0,0
invictus_enriched.csv:89,0,1,0.8,2,1,1.0,1,0.0016666666666666668,1.0,0.258819045102521,-0.9659258262890682,0,0,0.1,25,1,1,0,0,0,1,0,0,0,0,0,0.30533333333333335,0,0,0,0,1,0.2,0,1,0.0,1
invictus_enriched.csv:90,0,1,0.8,2,1,0.9997222222222222,1,0.0019444444444444444,1.0,0.258819045102521,-0.9659258262890682,0,0,0.1,26,1,0,0,0,0,1,1,0,0,0,0,0.07866666666666666,0,0,0,0,0,0.0,0,0,0.0,0
invictus_enriched.csv:91,0,1,0.8,2,1,0.9997222222222222,1,0.0022222222222222222,1.0,0.258819045102521,-0.9659258262890682,0,0,0.1,27,1,0,0,0,0,1,1,0,0,0,0,0.07866666666666666,0,0,0,0,1,0.0,0,0,0.0,0
invictus_enriched.csv:92,0,1,0.8,2,1,1.0,1,0.0022222222222222222,1.0,0.258819045102521,-0.9659258262890682,0,0,0.1,28,1,0,0,0,0,1,1,0,0,0,0,0.07866666666666666,0,0,0,0,0,0.0,0,0,0.0,0
invictus_enriched.csv:93,0,1,0.8,2,1,1.0,1,0.0022222222222222222,1.0,0.258819045102521,-0.9659258262890682,0,0,0.1,29,1,0,0,0,0,1,1,0,0,0,0,0.12,0,0,0,0,0,0.0,0,0,0.0,0
invictus_enriched.csv:94,0,1,0.8,2,1,0.9997222222222222,1,0.0025,1.0,0.258819045102521,-0.9659258262890682,0,0,0.6,30,2,0,0,1,1,0,0,0,0,0,0,0.0026666666666666666,0,0,0,0,0,0.0,0,0,0.0,0
invictus_enriched.csv:95,0,1,0.8,2,1,0.9994444444444445,0,0.0030555555555555557,1.0,0.258819045102521,-0.9659258262890682,0,0,0.6,30,2,0,0,1,1,0,0,0,0,0,0,0.0026666666666666666,0,0,0,0,0,0.0,0,0,0.0,0
invictus_enriched.csv:96,0,1,0.8,2,1,0.9991666666666666,0,0.0038888888888888888,1.0,0.258819045102521,-0.9659258262890682,0,0,0.6,30,2,0,0,0,0,0,0,0,0,0,0,0.22133333333333333,0,0,0,0,0,0.0,0,0,0.0,0
invictus_enriched.csv:97,0,1,0.8,2,1,1.0,0,0.0038888888888888888,1.0,0.258819045102521,-0.9659258262890682,0,0,0.6,30,2,0,0,1,1,0,0,0,0,0,0,0.0026666666666666666,0,0,0,0,0,0.0,0,0,0.0,0
invictus_enriched.csv:98,1,0,0.5,3,1,0.0,1,0.0,0.1,0.258819045102521,-0.9659258262890682,0,0,0.1,31,3,0,0,1,0,0,1,0,0,0,0,0.048,0,0,0,0,0,0.0,0,0,0.0,1
invictus_enriched.csv:99,1,0,0.5,3,1,1.0,0,0.0,1.0,0.258819045102521,-0.9659258262890682,0,0,0.1,31,3,0,0,1,0,0,1,0,0,0,0,0.048,0,0,0,0,0,0.0,0,0,0.0,1
invictus_enriched.csv:100,1,0,0.5,3,1,1.0,0,0.0,1.0,0.258819045102521,-0.9659258262890682,0,0,0.1,31,3,0,0,1,0,0,1,0,0,0,0,0.048,0,0,0,0,0,0.0,0,0,0.0,1
invictus_enriched.csv:101,0,1,0.8,2,1,1.0,0,0.0038888888888888888,1.0,0.258819045102521,-0.9659258262890682,0,0,0.6,30,2,0,0,0,0,0,0,0,0,0,0,0.22133333333333333,0,0,0,0,0,0.0,0,0,0.0,0
invictus_enriched.csv:102,1,0,0.5,3,1,1.0,0,0.0,1.0,0.258819045102521,-0.9659258262890682,0,0,0.1,31,3,0,0,1,0,0,1,0,0,0,0,0.048,0,0,0,0,0,0.0,0,0,0.0,1
invictus_enriched.csv:103,1,0,0.5,3,1,0.9997222222222222,0,0.0002777777777777778,1.0,0.258819045102521,-0.9659258262890682,0,0,0.1,31,3,0,0,1,0,0,1,0,0,0,0,0.048,0,0,0,0,0,0.0,0,0,0.0,1
invictus_enriched.csv:104,1,0,0.5,3,1,1.0,0,0.0002777777777777778,1.0,0.258819045102521,-0.9659258262890682,0,0,0.1,31,3,0,0,1,0,0,1,0,0,0,0,0.048,0,0,0,0,0,0.0,0,0,0.0,1
invictus_enriched.csv:105,1,0,0.5,3,1,1.0,0,0.0002777777777777778,1.0,0.258819045102521,-0.9659258262890682,0,0,0.1,31,3,0,0,1,0,0,1,0,0,0,0,0.048,0,0,0,0,0,0.0,0,0,0.0,1
invictus_enriched.csv:106,1,0,0.5,3,1,1.0,0,0.0002777777777777778,1.0,0.258819045102521,-0.9659258262890682,0,0,0.1,31,3,0,0,1,0,0,1,0,0,0,0,0.048,0,0,0,0,0,0.0,0,0,0.0,1
invictus_enriched.csv:107,1,0,0.5,3,1,1.0,0,0.0002777777777777778,1.0,0.258819045102521,-0.9659258262890682,0,0,0.1,31,3,0,0,1,0,0,1,0,0,0,0,0.048,0,0,0,0,0,0.0,0,0,0.0,1
invictus_enriched.csv:108,1,0,0.5,3,1,1.0,0,0.0002777777777777778,1.0,0.258819045102521,-0.9659258262890682,0,0,0.1,31,3,0,0,1,0,0,1,0,0,0,0,0.048,0,0,0,0,0,0.0,0,0,0.0,1
invictus_enriched.csv:109,1,0,0.5,3,1,1.0,0,0.0002777777777777778,1.0,0.258819045102521,-0.9659258262890682,0,0,0.1,31,3,0,0,1,0,0,1,0,0,0,0,0.048,0,0,0,0,0,0.0,0,0,0.0,1
invictus_enriched.csv:110,1,0,0.5,3,1,1.0,0,0.0002777777777777778,1.0,0.258819045102521,-0.9659258262890682,0,0,0.1,31,3,0,0,1,0,0,1,0,0,0,0,0.048,0,0,0,0,0,0.0,0,0,0.0,1
invictus_enriched.csv:111,1,0,0.5,3,1,1.0,0,0.0002777777777777778,1.0,0.258819045102521,-0.9659258262890682,0,0,0.1,31,3,0,0,1,0,0,1,0,0,0,0,0.048,0,0,0,0,0,0.0,0,0,0.0,1
invictus_enriched.csv:112,1,0,0.5,3,1,0.9997222222222222,0,0.0005555555555555556,1.0,0.258819045102521,-0.9659258262890682,0,0,0.1,31,3,0,0,1,0,0,1,0,0,0,0,0.048,0,0,0,0,0,0.0,0,0,0.0,1
invictus_enriched.csv:113,1,0,0.5,3,1,1.0,0,0.0005555555555555556,1.0,0.258819045102521,-0.9659258262890682,0,0,0.1,31,3,0,0,1,0,0,1,0,0,0,0,0.048,0,0,0,0,0,0.0,0,0,0.0,1
invictus_enriched.csv:114,1,0,0.5,3,1,1.0,0,0.0005555555555555556,1.0,0.258819045102521,-0.9659258262890682,0,0,0.1,31,3,0,0,1,0,0,1,0,0,0,0,0.048,0,0,0,0,0,0.0,0,0,0.0,1
invictus_enriched.csv:115,1,0,0.5,3,1,1.0,0,0.0005555555555555556,1.0,0.258819045102521,-0.9659258262890682,0,0,0.1,31,3,0,0,1,0,0,1,0,0,0,0,0.048,0,0,0,0,0,0.0,0,0,0.0,1
invictus_enriched.csv:116,1,0,0.5,3,1,1.0,0,0.0005555555555555556,1.0,0.258819045102521,-0.9659258262890682,0,0,0.1,31,3,0,0,1,0,0,1,0,0,0,0,0.048,0,0,0,0,0,0.0,0,0,0.0,1
invictus_enriched.csv:117,1,0,0.5,3,1,1.0,0,0.0005555555555555556,1.0,0.258819045102521,-0.9659258262890682,0,0,0.1,31,3,0,0,1,0,0,1,0,0,0,0,0.048,0,0,0,0,0,0.0,0,0,0.0,1
invictus_enriched.csv:118,1,0,0.5,3,1,1.0,0,0.0005555555555555556,1.0,0.258819045102521,-0.9659258262890682,0,0,0.1,31,3,0,0,1,0,0,1,0,0,0,0,0.048,0,0,0,0,0,0.0,0,0,0.0,1
invictus_enriched.csv:119,1,0,0.5,3,1,1.0,0,0.0005555555555555556,1.0,0.258819045102521,-0.9659258262890682,0,0,0.1,31,3,0,0,1,0,0,1,0,0,0,0,0.048,0,0,0,0,0,0.0,0,0,0.0,1
invictus_enriched.csv:120,1,0,0.5,3,1,1.0,0,0.0005555555555555556,1.0,0.258819045102521,-0.9659258262890682,0,0,0.1,31,3,0,0,1,0,0,1,0,0,0,0,0.048,0,0,0,0,0,0.0,0,0,0.0,1
invictus_enriched.csv:121,1,0,0.5,3,1,0.9997222222222222,0,0.0008333333333333334,1.0,0.258819045102521,-0.9659258262890682,0,0,0.1,31,3,0,0,1,0,0,1,0,0,0,0,0.048,0,0,0,0,0,0.0,0,0,0.0,1
invictus_enriched.csv:122,1,0,0.5,3,1,1.0,0,0.0008333333333333334,1.0,0.258819045102521,-0.9659258262890682,0,0,0.1,31,3,0,0,1,0,0,1,0,0,0,0,0.048,0,0,0,0,0,0.0,0,0,0.0,1
invictus_enriched.csv:123,1,0,0.5,3,1,1.0,0,0.0008333333333333334,1.0,0.258819045102521,-0.9659258262890682,0,0,0.1,31,3,0,0,1,0,0,1,0,0,0,0,0.048,0,0,0,0,0,0.0,0,0,0.0,1
invictus_enriched.csv:124,1,0,0.5,3,1,1.0,0,0.0008333333333333334,1.0,0.258819045102521,-0.9659258262890682,0,0,0.1,31,3,0,0,1,0,0,1,0,0,0,0,0.048,0,0,0,0,0,0.0,0,0,0.0,1
invictus_enriched.csv:125,1,0,0.5,3,1,1.0,0,0.0008333333333333334,1.0,0.258819045102521,-0.9659258262890682,0,0,0.1,31,3,0,0,1,0,0,1,0,0,0,0,0.048,0,0,0,0,0,0.0,0,0,0.0,1
invictus_enriched.csv:126,1,0,0.5,3,1,1.0,0,0.0008333333333333334,1.0,0.258819045102521,-0.9659258262890682,0,0,0.1,31,3,0,0,1,0,0,1,0,0,0,0,0.048,0,0,0,0,0,0.0,0,0,0.0,1
invictus_enriched.csv:127,1,0,0.5,3,1,1.0,0,0.0008333333333333334,1.0,0.258819045102521,-0.9659258262890682,0,0,0.1,31,3,0,0,1,0,0,1,0,0,0,0,0.048,0,0,0,0,0,0.0,0,0,0.0,1
invictus_enriched.csv:128,0,1,0.8,2,1,0.9961111111111111,0,0.0077777777777777776,1.0,0.258819045102521,-0.9659258262890682,0,0,0.1,21,3,0,0,0,0,0,1,0,0,0,0,0.064,0,0,0,0,0,0.0,0,0,0.0,0
invictus_enriched.csv:129,0,1,0.8,2,1,0.9986111111111111,0,0.009166666666666667,1.0,0.258819045102521,-0.9659258262890682,0,0,0.1,23,1,0,0,0,0,1,1,0,0,0,0,0.0026666666666666666,0,0,0,0,0,0.0,0,0,0.0,0
invictus_enriched.csv:130,0,1,0.8,2,1,1.0,1,0.009166666666666667,1.0,0.258819045102521,-0.9659258262890682,0,0,0.1,32,3,0,0,0,0,0,1,0,0,0,0,0.2,0,0,0,0,0,0.0,0,0,0.0,0
invictus_enriched.csv:131,0,1,0.8,2,1,1.0,1,0.009166666666666667,1.0,0.258819045102521,-0.9659258262890682,0,0,0.1,33,3,0,0,0,0,0,1,0,0,0,0,0.26266666666666666,0,0,0,0,0,0.0,0,0,0.0,0
invictus_enriched.csv:132,0,1,0.8,2,1,0.9997222222222222,0,0.009444444444444445,1.0,0.258819045102521,-0.9659258262890682,0,0,0.1,23,1,0,0,0,0,1,1,0,0,0,0,0.0026666666666666666,0,0,0,0,0,0.0,0,0,0.0,0
invictus_enriched.csv:133,0,1,0.8,2,1,0.9997222222222222,0,0.009722222222222222,1.0,0.258819045102521,-0.9659258262890682,0,0,0.7,24,1,1,0,0,0,1,0,0,0,0,0,0.6426666666666667,0,0,0,0,0,0.2,0,0,0.6,1
invictus_enriched.csv:134,0,1,0.8,2,1,1.0,0,0.009722222222222222,1.0,0.258819045102521,-0.9659258262890682,0,0,0.1,25,1,1,0,0,0,1,0,0,0,0,0,0.412,0,0,0,0,1,0.2,0,1,0.0,1
invictus_enriched.csv:135,0,1,0.8,2,1,1.0,1,0.009722222222222222,1.0,0.258819045102521,-0.9659258262890682,0,0,0.1,34,3,1,0,0,0,0,0,0,0,0,0,0.37733333333333335,0,0,0,0,0,0.0,0,0,0.0,0
invictus_enriched.csv:136,0,1,0.8,2,1,1.0,1,0.009722222222222222,1.0,0.258819045102521,-0.9659258262890682,0,0,0.1,35,3,0,0,0,0,0,1,0,0,0,0,0.15733333333333333,0,0,0,0,0,0.0,0,0,0.0,0
invictus_enriched.csv:137,0,1,0.8,2,1,1.0,0,0.009722222222222222,1.0,0.258819045102521,-0.9659258262890682,0,0,0.1,26,1,0,0,0,0,1,1,0,0,0,0,0.07866666666666666,0,0,0,0,0,0.0,0,0,0.0,0
invictus_enriched.csv:138,0,1,0.8,2,1,1.0,1,0.009722222222222222,1.0,0.258819045102521,-0.9659258262890682,0,0,0.1,36,3,1,0,0,0,0,0,0,0,0,0,0.296,0,0,0,0,0,0.0,0,0,0.0,0
invictus_enriched.csv:139,0,1,0.8,2,1,1.0,1,0.009722222222222222,1.0,0.258819045102521,-0.9659258262890682,0,0,0.1,37,3,0,0,0,0,0,1,0,0,0,0,0.10133333333333333,0,0,0,0,0,0.0,0,0,0.0,0
invictus_enriched.csv:140,0,1,0.8,2,1,0.9997222222222222,1,0.01,1.0,0.258819045102521,-0.9659258262890682,0,0,0.1,38,3,0,0,0,0,0,1,0,0,0,0,0.1,0,0,0,0,0,0.0,0,0,0.0,0
invictus_enriched.csv:141,0,1,0.8,2,1,1.0,0,0.01,1.0,0.258819045102521,-0.9659258262890682,0,0,0.1,37,3,0,0,0,0,0,1,0,0,0,0,0.10133333333333333,0,0,0,0,0,0.0,0,0,0.0,0
invictus_enriched.csv:142,0,1,0.8,2,1,1.0,0,0.01,1.0,0.258819045102521,-0.9659258262890682,0,0,0.1,28,1,0,0,0,0,1,1,0,0,0,0,0.07866666666666666,0,0,0,0,0,0.0,0,0,0.0,0
invictus_enriched.csv:143,0,1,0.8,2,1,0.9997222222222222,1,0.010277777777777778,1.0,0.258819045102521,-0.9659258262890682,0,0,0.1,39,3,0,0,0,0,0,1,0,0,0,0,0.04533333333333334,0,0,0,0,0,0.0,0,0,0.0,0
invictus_enriched.csv:144,0,1,0.8,2,1,1.0,0,0.010277777777777778,1.0,0.258819045102521,-0.9659258262890682,0,0,0.1,39,3,0,0,0,0,0,1,0,0,0,0,0.04533333333333334,0,0,0,0,0,0.0,0,0,0.0,0
invictus_enriched.csv:145,0,1,0.8,2,1,1.0,1,0.010277777777777778,1.0,0.258819045102521,-0.9659258262890682,0,0,0.1,40,1,1,0,0,0,1,0,0,0,0,0,0.188,0,0,0,0,0,0.0,0,0,0.0,0
invictus_enriched.csv:146,0,1,0.8,2,1,1.0,1,0.010277777777777778,1.0,0.258819045102521,-0.9659258262890682,0,0,0.1,41,3,0,0,0,0,0,1,0,0,0,0,0.13733333333333334,0,0,0,0,0,0.0,0,0,0.0,0
invictus_enriched.csv:147,0,1,0.8,2,1,1.0,0,0.010277777777777778,1.0,0.258819045102521,-0.9659258262890682,0,0,0.1,29,1,0,0,0,0,1,1,0,0,0,0,0.11066666666666666,0,0,0,0,0,0.0,0,0,0.0,0
invictus_enriched.csv:148,0,1,0.8,2,1,1.0,1,0.010277777777777778,1.0,0.258819045102521,-0.9659258262890682,0,0,0.1,42,1,1,0,0,0,1,0,0,0,0,0,0.17066666666666666,0,0,0,0,1,0.0,0,0,0.0,1
invictus_enriched.csv:149,0,1,0.8,2,1,1.0,0,0.010277777777777778,1.0,0.258819045102521,-0.9659258262890682,0,0,0.1,27,1,0,0,0,0,1,1,0,0,0,0,0.07866666666666666,0,0,0,0,1,0.0,0,0,0.0,0
invictus_enriched.csv:150,0,1,0.8,2,1,0.9997222222222222,1,0.010555555555555556,1.0,0.258819045102521,-0.9659258262890682,0,0,0.1,43,3,0,0,0,0,0,1,0,0,0,0,0.26,0,0,0,0,0,0.0,0,0,0.0,0
invictus_enriched.csv:151,0,1,0.8,2,1,1.0,1,0.010555555555555556,1.0,0.258819045102521,-0.9659258262890682,0,0,0.1,44,1,1,0,0,0,1,0,0,0,0,0,0.17733333333333334,0,0,0,0,0,0.0,0,0,0.0,0
invictus_enriched.csv:152,0,1,0.8,2,1,1.0,1,0.010555555555555556,1.0,0.258819045102521,-0.9659258262890682,0,0,0.1,45,3,0,0,0,0,0,1,0,0,0,0,0.272,0,0,0,0,0,0.0,0,0,0.0,0
invictus_enriched.csv:153,0,1,0.8,2,1,1.0,1,0.010555555555555556,1.0,0.258819045102521,-0.9659258262890682,0,0,0.1,46,1,0,0,0,0,1,1,0,0,0,0,0.09866666666666667,0,0,0,0,0,0.0,0,0,0.0,0
invictus_enriched.csv:154,0,1,0.8,2,1,1.0,0,0.010555555555555556,1.0,0.258819045102521,-0.9659258262890682,0,0,0.1,27,1,0,0,0,0,1,1,0,0,0,0,0.07866666666666666,0,0,0,0,1,0.0,0,0,0.0,0
invictus_enriched.csv:155,0,1,0.8,2,1,0.9997222222222222,1,0.010833333333333334,1.0,0.258819045102521,-0.9659258262890682,0,0,0.1,47,3,0,0,0,0,0,1,0,0,0,0,0.304,0,0,0,0,0,0.0,0,0,0.0,0
invictus_enriched.csv:156,0,1,0.8,2,1,1.0,1,0.010833333333333334,1.0,0.258819045102521,-0.9659258262890682,0,0,0.1,48,3,1,0,0,0,0,0,0,0,0,0,0.33066666666666666,0,0,0,0,0,0.0,0,0,0.0,0
invictus_enriched.csv:157,0,1,0.8,2,1,1.0,1,0.010833333333333334,1.0,0.258819045102521,-0.9659258262890682,0,0,0.1,49,1,1,0,0,0,1,0,0,0,0,0,0.17066666666666666,0,0,0,0,0,0.0,0,0,0.0,0
invictus_enriched.csv:158,0,1,0.8,2,1,1.0,1,0.010833333333333334,1.0,0.258819045102521,-0.9659258262890682,0,0,0.1,50,3,1,0,0,0,0,0,0,0,0,0,0.26666666666666666,0,0,0,0,0,0.0,0,0,0.0,0
invictus_enriched.csv:159,0,1,0.8,2,1,1.0,0,0.010833333333333334,1.0,0.258819045102521,-0.9659258262890682,0,0,0.1,48,3,1,0,0,0,0,0,0,0,0,0,0.31466666666666665,0,0,0,0,0,0.0,0,0,0.0,0
invictus_enriched.csv:160,0,1,0.8,2,1,0.9997222222222222,1,0.011111111111111112,1.0,0.258819045102521,-0.9659258262890682,0,0,0.1,51,3,1,0,0,0,0,0,0,0,0,0,0.4066666666666667,0,0,0,0,0,0.0,0,0,0.0,0
invictus_enriched.csv:161,0,1,0.8,2,1,1.0,0,0.011111111111111112,1.0,0.258819045102521,-0.9659258262890682,0,0,0.1,45,3,0,0,0,0,0,1,0,0,0,0,0.12266666666666666,0,0,0,0,0,0.0,0,0,0.0,0
invictus_enriched.csv:162,0,1,0.8,2,1,1.0,0,0.011111111111111112,1.0,0.258819045102521,-0.9659258262890682,0,0,0.1,45,3,0,0,0,0,0,1,0,0,0,0,0.12266666666666666,0,0,0,0,0,0.0,0,0,0.0,0
invictus_enriched.csv:163,0,1,0.8,2,1,1.0,0,0.011111111111111112,1.0,0.258819045102521,-0.9659258262890682,0,0,0.1,51,3,1,0,0,0,0,0,0,0,0,0,0.408,0,0,0,0,0,0.0,0,0,0.0,0
invictus_enriched.csv:164,0,1,0.8,2,1,1.0,1,0.011111111111111112,1.0,0.258819045102521,-0.9659258262890682,0,0,0.1,52,3,0,0,0,0,0,1,0,0,0,0,0.136,0,0,0,0,0,0.0,0,0,0.0,0
invictus_enriched.csv:165,0,1,0.8,2,1,1.0,1,0.011111111111111112,1.0,0.258819045102521,-0.9659258262890682,0,0,0.1,53,3,0,0,0,0,0,1,0,0,0,0,0.11333333333333333,0,0,0,0,0,0.0,0,0,0.0,0
invictus_enriched.csv:166,0,1,0.8,2,1,1.0,0,0.011111111111111112,1.0,0.258819045102521,-0.9659258262890682,0,0,0.1,53,3,0,0,0,0,0,1,0,0,0,0,0.11333333333333333,0,0,0,0,0,0.0,0,0,0.0,0
invictus_enriched.csv:167,0,1,0.8,2,1,1.0,0,0.011111111111111112,1.0,0.258819045102521,-0.9659258262890682,0,0,0.1,45,3,0,0,0,0,0,1,0,0,0,0,0.12266666666666666,0,0,0,0,0,0.0,0,0,0.0,0
invictus_enriched.csv:168,0,1,0.8,2,1,1.0,0,0.011111111111111112,1.0,0.258819045102521,-0.9659258262890682,0,0,0.1,45,3,0,0,0,0,0,1,0,0,0,0,0.12266666666666666,0,0,0,0,0,0.0,0,0,0.0,0
invictus_enriched.csv:169,0,1,0.8,2,1,1.0,0,0.011111111111111112,1.0,0.258819045102521,-0.9659258262890682,0,0,0.1,53,3,0,0,0,0,0,1,0,0,0,0,0.11333333333333333,0,0,0,0,0,0.0,0,0,0.0,0
invictus_enriched.csv:170,0,1,0.8,2,1,1.0,0,0.011111111111111112,1.0,0.258819045102521,-0.9659258262890682,0,0,0.1,53,3,0,0,0,0,0,1,0,0,0,0,0.11333333333333333,0,0,0,0,0,0.0,0,0,0.0,0
invictus_enriched.csv:171,0,1,0.8,2,1,1.0,1,0.011111111111111112,1.0,0.258819045102521,-0.9659258262890682,0,0,0.1,54,3,1,0,0,0,0,0,0,0,0,0,0.10666666666666667,0,0,0,0,1,0.0,0,0,0.0,0
invictus_enriched.csv:172,0,1,0.8,2,1,0.9997222222222222,1,0.01138888888888889,1.0,0.258819045102521,-0.9659258262890682,0,0,0.1,55,3,1,0,0,0,0,0,0,0,0,0,0.108,0,0,0,0,0,0.0,0,0,0.0,0
invictus_enriched.csv:173,0,1,0.8,2,1,1.0,0,0.01138888888888889,1.0,0.258819045102521,-0.9659258262890682,0,0,0.1,45,3,0,0,0,0,0,1,0,0,0,0,0.22266666666666668,0,0,0,0,0,0.0,0,0,0.0,0
invictus_enriched.csv:174,0,1,0.8,2,1,1.0,1,0.01138888888888889,1.0,0.258819045102521,-0.9659258262890682,0,0,0.1,56,3,1,0,0,0,0,0,0,0,0,0,0.44,0,0,0,0,0,0.0,0,0,0.0,0
invictus_enriched.csv:175,0,1,0.8,2,1,1.0,1,0.01138888888888889,1.0,0.258819045102521,-0.9659258262890682,0,0,0.1,57,3,1,0,0,0,0,0,0,0,0,0,0.15466666666666667,0,0,0,0,0,0.0,0,0,0.0,0
invictus_enriched.csv:176,0,1,0.8,2,1,1.0,0,0.01138888888888889,1.0,0.258819045102521,-0.9659258262890682,0,0,0.1,45,3,0,0,0,0,0,1,0,0,0,0,0.22266666666666668,0,0,0,0,0,0.0,0,0,0.0,0
invictus_enriched.csv:177,0,1,0.8,2,1,1.0,0,0.01138888888888889,1.0,0.258819045102521,-0.9659258262890682,0,0,0.1,52,3,0,0,0,0,0,1,0,0,0,0,0.136,0,0,0,0,0,0.0,0,0,0.0,0
invictus_enriched.csv:178,0,1,0.8,2,1,1.0,0,0.01138888888888889,1.0,0.258819045102521,-0.9659258262890682,0,0,0.1,55,3,1,0,0,0,0,0,0,0,0,0,0.108,0,0,0,0,0,0.0,0,0,0.0,0
invictus_enriched.csv:179,0,1,0.8,2,1,1.0,1,0.01138888888888889,1.0,0.258819045102521,-0.9659258262890682,0,0,0.1,58,3,1,0,0,0,0,0,0,0,0,0,0.5546666666666666,0,0,0,0,0,0.0,0,0,0.0,0
invictus_enriched.csv:180,0,1,0.8,2,1,0.9997222222222222,1,0.011666666666666667,1.0,0.258819045102521,-0.9659258262890682,0,0,0.1,59,3,0,0,0,0,0,1,0,0,0,0,0.128,0,0,0,0,0,0.0,0,0,0.0,0
invictus_enriched.csv:181,0,1,0.8,2,1,1.0,1,0.011666666666666667,1.0,0.258819045102521,-0.9659258262890682,0,0,0.1,60,3,0,0,0,0,0,1,0,0,0,0,0.13866666666666666,0,0,0,0,0,0.0,0,0,0.0,0
invictus_enriched.csv:182,0,1,0.8,2,1,1.0,0,0.011666666666666667,1.0,0.258819045102521,-0.9659258262890682,0,0,0.1,45,3,0,0,0,0,0,1,0,0,0,0,0.22266666666666668,0,0,0,0,0,0.0,0,0,0.0,0
invictus_enriched.csv:183,0,1,0.8,2,1,1.0,0,0.011666666666666667,1.0,0.258819045102521,-0.9659258262890682,0,0,0.1,60,3,0,0,0,0,0,1,0,0,0,0,0.13866666666666666,0,0,0,0,0,0.0,0,0,0.0,0
invictus_enriched.csv:184,0,1,0.8,2,1,1.0,0,0.011666666666666667,1.0,0.258819045102521,-0.9659258262890682,0,0,0.1,45,3,0,0,0,0,0,1,0,0,0,0,0.12266666666666666,0,0,0,0,0,0.0,0,0,0.0,0
invictus_enriched.csv:185,0,1,0.8,2,1,1.0,0,0.011666666666666667,1.0,0.258819045102521,-0.9659258262890682,0,0,0.1,45,3,0,0,0,0,0,1,0,0,0,0,0.12266666666666666,0,0,0,0,0,0.0,0,0,0.0,0
invictus_enriched.csv:186,0,1,0.8,2,1,1.0,0,0.011666666666666667,1.0,0.258819045102521,-0.9659258262890682,0,0,0.1,45,3,0,0,0,0,0,1,0,0,0,0,0.22266666666666668,0,0,0,0,0,0.0,0,0,0.0,0
invictus_enriched.csv:187,0,1,0.8,2,1,1.0,0,0.011666666666666667,1.0,0.258819045102521,-0.9659258262890682,0,0,0.1,59,3,0,0,0,0,0,1,0,0,0,0,0.128,0,0,0,0,0,0.0,0,0,0.0,0
invictus_enriched.csv:188,0,1,0.8,2,1,0.9997222222222222,1,0.011944444444444445,1.0,0.258819045102521,-0.9659258262890682,0,0,0.1,61,3,1,0,1,0,0,0,0,0,0,0,1.0,0,0,0,0,0,0.0,0,0,0.0,0
invictus_enriched.csv:189,0,1,0.8,2,1,1.0,0,0.011944444444444445,1.0,0.258819045102521,-0.9659258262890682,0,0,0.1,45,3,0,0,0,0,0,1,0,0,0,0,0.12266666666666666,0,0,0,0,0,0.0,0,0,0.0,0
invictus_enriched.csv:190,0,1,0.8,2,1,1.0,0,0.011944444444444445,1.0,0.258819045102521,-0.9659258262890682,0,0,0.1,59,3,0,0,0,0,0,1,0,0,0,0,0.128,0,0,0,0,0,0.0,0,0,0.0,0
invictus_enriched.csv:191,0,1,0.8,2,1,0.9997222222222222,0,0.012222222222222223,1.0,0.258819045102521,-0.9659258262890682,0,0,0.1,59,3,0,0,0,0,0,1,0,0,0,0,0.128,0,0,0,0,0,0.0,0,0,0.0,0
invictus_enriched.csv:192,0,1,0.8,2,1,0.9997222222222222,0,0.0125,1.0,0.258819045102521,-0.9659258262890682,0,0,0.1,61,3,1,0,1,0,0,0,0,0,0,0,1.0,0,0,0,0,0,0.0,0,0,0.0,0
invictus_enriched.csv:193,0,1,0.8,2,1,0.9997222222222222,0,0.012777777777777779,1.0,0.258819045102521,-0.9659258262890682,0,0,0.1,59,3,0,0,0,0,0,1,0,0,0,0,0.128,0,0,0,0,0,0.0,0,0,0.0,0
invictus_enriched.csv:194,0,1,0.8,2,1,0.9994444444444445,0,0.013333333333333334,1.0,0.258819045102521,-0.9659258262890682,0,0,0.1,61,3,1,0,0,0,0,0,0,0,0,0,1.0,0,0,0,0,0,0.0,0,0,0.0,0
invictus_enriched.csv:195,0,1,0.1,6,0,0.0,1,0.0,0.1,0.258819045102521,-0.9659258262890682,0,0,0.6,30,2,0,0,0,0,0,0,0,0,0,1,0.17466666666666666,0,0,0,0,0,0.0,0,0,0.0,0
invictus_enriched.csv:196,0,1,0.1,6,0,1.0,0,0.0,1.0,0.258819045102521,-0.9659258262890682,0,0,0.6,30,2,0,0,0,0,0,0,0,0,0,1,0.17466666666666666,0,0,0,0,0,0.0,0,0,0.0,0
invictus_enriched.csv:197,0,1,0.8,2,1,0.9994444444444445,0,0.013888888888888888,1.0,0.258819045102521,-0.9659258262890682,0,0,0.1,59,3,0,0,0,0,0,1,0,0,0,0,0.128,0,0,0,0,0,0.0,0,0,0.0,0
invictus_enriched.csv:198,0,1,0.3,0,0,0.9997222222222222,1,0.0002777777777777778,1.0,0.258819045102521,-0.9659258262890682,0,0,0.1,62,3,1,0,0,0,0,0,0,0,0,1,0.0026666666666666666,0,0,0,0,0,0.0,0,0,0.0,0
invictus_enriched.csv:199,1,0,0.5,3,0,0.0,1,0.0,0.1,0.258819045102521,-0.9659258262890682,0,0,0.2,63,3,0,0,0,0,0,1,0,0,0,1,0.2613333333333333,0,0,0,0,0,0.0,0,0,0.0,0
invictus_enriched.csv:200,0,1,0.1,6,0,0.9997222222222222,0,0.0005555555555555556,1.0,0.258819045102521,-0.9659258262890682,0,0,0.6,30,2,0,0,0,0,0,0,0,0,0,1,0.26666666666666666,0,0,0,0,0,0.0,0,0,0.0,0
invictus_enriched.csv:201,0,1,0.1,6,0,1.0,0,0.0005555555555555556,1.0,0.258819045102521,-0.9659258262890682,0,0,0.6,30,2,0,0,0,0,0,0,0,0,0,1,0.268,0,0,0,0,0,0.0,0,0,0.0,0
invictus_enriched.csv:202,0,1,0.8,2,1,0.9980555555555556,0,0.015833333333333335,1.0,0.258819045102521,-0.9659258262890682,0,0,0.1,59,3,0,0,0,0,0,1,0,0,0,0,0.128,0,0,0,0,0,0.0,0,0,0.0,0
invictus_enriched.csv:203,0,1,0.8,2,1,0.9997222222222222,1,0.01611111111111111,1.0,0.258819045102521,-0.9659258262890682,0,0,0.2,63,3,0,0,0,0,0,1,0,0,0,0,0.11333333333333333,0,0,0,0,0,0.0,0,0,0.0,0
invictus_enriched.csv:204,0,1,0.8,2,1,0.9997222222222222,1,0.01638888888888889,1.0,0.258819045102521,-0.9659258262890682,0,0,0.1,64,3,0,0,0,0,0,1,0,0,0,0,0.25466666666666665,0,0,0,0,0,0.0,0,0,0.0,0
invictus_enriched.csv:205,0,1,0.8,2,1,1.0,0,0.01638888888888889,1.0,0.258819045102521,-0.9659258262890682,0,0,0.2,63,3,0,0,0,0,0,1,0,0,0,0,0.11333333333333333,0,0,0,0,0,0.0,0,0,0.0,0
invictus_enriched.csv:206,0,1,0.8,2,1,0.9997222222222222,1,0.016666666666666666,1.0,0.258819045102521,-0.9659258262890682,0,0,0.1,65,3,0,0,0,0,0,1,0,0,0,0,0.116,0,0,0,0,0,0.0,0,0,0.0,0
invictus_enriched.csv:207,0,1,0.8,2,1,1.0,0,0.016666666666666666,1.0,0.258819045102521,-0.9659258262890682,0,0,0.1,37,3,0,0,0,0,0,1,0,0,0,0,0.10133333333333333,0,0,0,0,0,0.0,0,0,0.0,0
invictus_enriched.csv:208,0,1,0.8,2,1,0.9997222222222222,0,0.016944444444444446,1.0,0.258819045102521,-0.9659258262890682,0,0,0.1,65,3,0,0,0,0,0,1,0,0,0,0,0.1,0,0,0,0,0,0.0,0,0,0.0,0
invictus_enriched.csv:209,0,1,0.8,2,1,1.0,1,0.016944444444444446,1.0,0.258819045102521,-0.9659258262890682,0,0,0.1,66,3,0,0,0,0,0,1,0,0,0,0,0.10933333333333334,0,0,0,0,0,0.0,0,0,0.0,0
invictus_enriched.csv:210,0,1,0.8,2,1,0.9997222222222222,1,0.017222222222222222,1.0,0.258819045102521,-0.9659258262890682,0,0,0.1,67,3,0,0,0,0,0,1,0,0,0,0,0.14533333333333334,0,0,0,0,0,0.0,0,0,0.0,0
invictus_enriched.csv:211,0,1,0.8,2,1,1.0,0,0.017222222222222222,1.0,0.258819045102521,-0.9659258262890682,0,0,0.1,65,3,0,0,0,0,0,1,0,0,0,0,0.08266666666666667,0,0,0,0,0,0.0,0,0,0.0,0
invictus_enriched.csv:212,0,1,0.8,2,1,0.9986111111111111,0,0.01861111111111111,1.0,0.258819045102521,-0.9659258262890682,0,0,0.1,59,3,0,0,0,0,0,1,0,0,0,0,0.128,0,0,0,0,0,0.0,0,0,0.0,0
invictus_enriched.csv:213,0,1,0.8,2,1,0.9969444444444444,0,0.021666666666666667,1.0,0.258819045102521,-0.9659258262890682,0,0,0.1,59,3,0,0,0,0,0,1,0,0,0,0,0.128,0,0,0,0,0,0.0,0,0,0.0,0
invictus_enriched.csv:214,0,1,0.8,2,1,0.9972222222222222,0,0.024444444444444446,1.0,0.258819045102521,-0.9659258262890682,0,0,0.1,59,3,0,0,0,0,0,1,0,0,0,0,0.128,0,0,0,0,0,0.0,0,0,0.0,0
invictus_enriched.csv:215,0,1,0.8,2,1,0.9969444444444444,0,0.0275,1.0,0.258819045102521,-0.9659258262890682,0,0,0.1,59,3,0,0,0,0,0,1,0,0,0,0,0.128,0,0,0,0,0,0.0,0,0,0.0,0
invictus_enriched.csv:216,0,1,0.8,2,1,0.9972222222222222,0,0.03027777777777778,1.0,0.258819045102521,-0.9659258262890682,0,0,0.1,59,3,0,0,0,0,0,1,0,0,0,0,0.128,0,0,0,0,0,0.0,0,0,0.0,0
invictus_enriched.csv:217,0,1,0.8,2,1,0.9969444444444444,0,0.03333333333333333,1.0,0.258819045102521,-0.9659258262890682,0,0,0.1,59,3,0,0,0,0,0,1,0,0,0,0,0.128,0,0,0,0,0,0.0,0,0,0.0,0
invictus_enriched.csv:218,0,1,0.8,2,1,0.9972222222222222,0,0.03611111111111111,1.0,0.258819045102521,-0.9659258262890682,0,0,0.1,59,3,0,0,0,0,0,1,0,0,0,0,0.128,0,0,0,0,0,0.0,0,0,0.0,0
invictus_enriched.csv:219,0,1,0.8,2,1,0.9997222222222222,0,0.03638888888888889,1.0,0.258819045102521,-0.9659258262890682,0,0,0.1,59,3,0,0,0,0,0,1,0,0,0,0,0.128,0,0,0,0,0,0.0,0,0,0.0,0
invictus_enriched.csv:220,0,1,0.8,2,1,0.9997222222222222,0,0.03666666666666667,1.0,0.258819045102521,-0.9659258262890682,0,0,0.1,45,3,0,0,0,0,0,1,0,0,0,0,0.12266666666666666,0,0,0,0,0,0.0,0,0,0.0,0
invictus_enriched.csv:221,0,1,0.8,2,1,1.0,0,0.03666666666666667,1.0,0.258819045102521,-0.9659258262890682,0,0,0.1,57,3,1,0,0,0,0,0,0,0,0,0,0.15866666666666668,0,0,0,0,0,0.0,0,0,0.0,0
invictus_enriched.csv:222,0,1,0.8,2,1,0.9997222222222222,0,0.036944444444444446,1.0,0.258819045102521,-0.9659258262890682,0,0,0.1,45,3,0,0,0,0,0,1,0,0,0,0,0.12266666666666666,0,0,0,0,0,0.0,0,0,0.0,0
invictus_enriched.csv:223,0,1,0.8,2,1,1.0,0,0.036944444444444446,1.0,0.258819045102521,-0.9659258262890682,0,0,0.1,45,3,0,0,0,0,0,1,0,0,0,0,0.12266666666666666,0,0,0,0,0,0.0,0,0,0.0,0
invictus_enriched.csv:224,0,1,0.8,2,1,0.9997222222222222,1,0.03722222222222222,1.0,0.258819045102521,-0.9659258262890682,0,0,0.1,68,6,0,0,0,0,0,1,0,0,0,0,0.096,0,0,0,0,0,0.0,0,0,0.0,0
invictus_enriched.csv:225,0,1,0.8,2,1,0.9997222222222222,0,0.0375,1.0,0.258819045102521,-0.9659258262890682,0,0,0.1,68,6,0,0,0,0,0,1,0,0,0,0,0.096,0,0,0,0,0,0.0,0,0,0.0,0
invictus_enriched.csv:226,0,1,0.8,2,1,0.9997222222222222,0,0.03777777777777778,1.0,0.258819045102521,-0.9659258262890682,0,0,0.1,68,6,0,0,0,0,0,1,0,0,0,0,0.096,0,0,0,0,0,0.0,0,0,0.0,0
invictus_enriched.csv:227,0,1,0.8,2,1,0.9997222222222222,0,0.03805555555555556,1.0,0.258819045102521,-0.9659258262890682,0,0,0.1,68,6,0,0,0,0,0,1,0,0,0,0,0.096,0,0,0,0,0,0.0,0,0,0.0,0
invictus_enriched.csv:228,0,1,0.8,2,1,0.9997222222222222,0,0.03833333333333333,1.0,0.258819045102521,-0.9659258262890682,0,0,0.1,68,6,0,0,0,0,0,1,0,0,0,0,0.096,0,0,0,0,0,0.0,0,0,0.0,0
invictus_enriched.csv:229,0,1,0.8,2,1,0.9994444444444445,0,0.03888888888888889,1.0,0.258819045102521,-0.9659258262890682,0,0,0.1,68,6,0,0,0,0,0,1,0,0,0,0,0.096,0,0,0,0,0,0.0,0,0,0.0,0
invictus_enriched.csv:230,0,1,0.8,2,1,0.9997222222222222,0,0.03916666666666667,1.0,0.258819045102521,-0.9659258262890682,0,0,0.1,68,6,0,0,0,0,0,1,0,0,0,0,0.096,0,0,0,0,0,0.0,0,0,0.0,0
invictus_enriched.csv:231,0,1,0.8,2,1,0.9997222222222222,0,0.03944444444444444,1.0,0.258819045102521,-0.9659258262890682,0,0,0.1,68,6,0,0,0,0,0,1,0,0,0,0,0.096,0,0,0,0,0,0.0,0,0,0.0,0
invictus_enriched.csv:232,0,1,0.8,2,1,0.9997222222222222,0,0.03972222222222222,1.0,0.258819045102521,-0.9659258262890682,0,0,0.1,68,6,0,0,0,0,0,1,0,0,0,0,0.096,0,0,0,0,0,0.0,0,0,0.0,0
invictus_enriched.csv:233,0,1,0.8,2,1,0.9997222222222222,0,0.04,1.0,0.258819045102521,-0.9659258262890682,0,0,0.1,68,6,0,0,0,0,0,1,0,0,0,0,0.096,0,0,0,0,0,0.0,0,0,0.0,0
invictus_enriched.csv:234,0,1,0.8,2,1,0.9997222222222222,0,0.04027777777777778,1.0,0.258819045102521,-0.9659258262890682,0,0,0.1,68,6,0,0,0,0,0,1,0,0,0,0,0.096,0,0,0,0,0,0.0,0,0,0.0,0
invictus_enriched.csv:235,0,1,0.8,2,1,0.9997222222222222,0,0.04055555555555555,1.0,0.258819045102521,-0.9659258262890682,0,0,0.1,68,6,0,0,0,0,0,1,0,0,0,0,0.096,0,0,0,0,0,0.0,0,0,0.0,0
invictus_enriched.csv:236,0,1,0.8,2,1,0.9997222222222222,0,0.04083333333333333,1.0,0.258819045102521,-0.9659258262890682,0,0,0.1,68,6,0,0,0,0,0,1,0,0,0,0,0.096,0,0,0,0,0,0.0,0,0,0.0,0
invictus_enriched.csv:237,0,1,0.8,2,1,0.9997222222222222,0,0.04111111111111111,1.0,0.258819045102521,-0.9659258262890682,0,0,0.1,68,6,0,0,0,0,0,1,0,0,0,0,0.096,0,0,0,0,0,0.0,0,0,0.0,0
invictus_enriched.csv:238,0,1,0.8,2,1,0.9994444444444445,0,0.041666666666666664,1.0,0.258819045102521,-0.9659258262890682,0,0,0.1,68,6,0,0,0,0,0,1,0,0,0,0,0.096,0,0,0,0,0,0.0,0,0,0.0,0
invictus_enriched.csv:239,0,1,0.8,2,1,0.9997222222222222,0,0.041944444444444444,1.0,0.258819045102521,-0.9659258262890682,0,0,0.1,68,6,0,0,0,0,0,1,0,0,0,0,0.096,0,0,0,0,0,0.0,0,0,0.0,0
invictus_enriched.csv:240,0,1,0.8,2,1,0.9997222222222222,0,0.042222222222222223,1.0,0.258819045102521,-0.9659258262890682,0,0,0.1,68,6,0,0,0,0,0,1,0,0,0,0,0.096,0,0,0,0,0,0.0,0,0,0.0,0
invictus_enriched.csv:241,0,1,0.8,2,1,0.9997222222222222,0,0.0425,1.0,0.258819045102521,-0.9659258262890682,0,0,0.1,68,6,0,0,0,0,0,1,0,0,0,0,0.096,0,0,0,0,0,0.0,0,0,0.0,0
invictus_enriched.csv:242,0,1,0.8,2,1,0.9997222222222222,0,0.042777777777777776,1.0,0.258819045102521,-0.9659258262890682,0,0,0.1,68,6,0,0,0,0,0,1,0,0,0,0,0.096,0,0,0,0,0,0.0,0,0,0.0,0
invictus_enriched.csv:243,0,1,0.8,2,1,0.9997222222222222,0,0.043055555555555555,1.0,0.258819045102521,-0.9659258262890682,0,0,0.1,68,6,0,0,0,0,0,1,0,0,0,0,0.096,0,0,0,0,0,0.0,0,0,0.0,0
invictus_enriched.csv:244,0,1,0.8,2,1,0.9997222222222222,0,0.043333333333333335,1.0,0.258819045102521,-0.9659258262890682,0,0,0.1,68,6,0,0,0,0,0,1,0,0,0,0,0.096,0,0,0,0,0,0.0,0,0,0.0,0
invictus_enriched.csv:245,0,1,0.8,2,1,0.9997222222222222,0,0.043611111111111114,1.0,0.258819045102521,-0.9659258262890682,0,0,0.1,68,6,0,0,0,0,0,1,0,0,0,0,0.096,0,0,0,0,0,0.0,0,0,0.0,0
invictus_enriched.csv:246,0,1,0.8,2,1,0.9997222222222222,0,0.04388888888888889,1.0,0.258819045102521,-0.9659258262890682,0,0,0.1,68,6,0,0,0,0,0,1,0,0,0,0,0.096,0,0,0,0,0,0.0,0,0,0.0,0
invictus_enriched.csv:247,0,1,0.8,2,1,0.9997222222222222,0,0.04416666666666667,1.0,0.258819045102521,-0.9659258262890682,0,0,0.1,68,6,0,0,0,0,0,1,0,0,0,0,0.096,0,0,0,0,0,0.0,0,0,0.0,0
invictus_enriched.csv:248,0,1,0.8,2,1,0.9994444444444445,0,0.04472222222222222,1.0,0.258819045102521,-0.9659258262890682,0,0,0.1,68,6,0,0,0,0,0,1,0,0,0,0,0.096,0,0,0,0,0,0.0,0,0,0.0,0
invictus_enriched.csv:249,0,1,0.8,2,1,0.9997222222222222,0,0.045,1.0,0.258819045102521,-0.9659258262890682,0,0,0.1,68,6,0,0,0,0,0,1,0,0,0,0,0.096,0,0,0,0,0,0.0,0,0,0.0,0
invictus_enriched.csv:250,0,1,0.8,2,1,0.9997222222222222,1,0.04527777777777778,1.0,0.258819045102521,-0.9659258262890682,0,0,0.8,69,6,1,0,0,0,0,0,0,0,0,0,0.19733333333333333,0,0,0,0,0,0.0,0,0,0.0,0
invictus_enriched.csv:251,0,1,0.8,2,1,1.0,1,0.04527777777777778,1.0,0.258819045102521,-0.9659258262890682,0,0,0.1,70,6,0,0,1,0,0,1,0,0,0,0,0.12,0,0,0,0,0,0.0,0,0,0.0,0
invictus_enriched.csv:252,0,1,0.8,2,1,1.0,0,0.04527777777777778,1.0,0.258819045102521,-0.9659258262890682,0,0,0.1,68,6,0,0,0,0,0,1,0,0,0,0,0.096,0,0,0,0,0,0.0,0,0,0.0,0
invictus_enriched.csv:253,1,0,0.5,3,1,0.0,1,0.0,0.1,0.258819045102521,-0.9659258262890682,0,0,0.1,71,6,1,0,0,0,0,0,0,0,0,1,0.36933333333333335,0,0,0,0,0,0.0,0,0,0.0,0
invictus_enriched.csv:254,1,0,0.5,3,1,1.0,0,0.0,1.0,0.258819045102521,-0.9659258262890682,0,0,0.1,71,6,1,0,0,0,0,0,0,0,0,1,0.16666666666666666,0,0,0,0,0,0.0,0,0,0.0,0
invictus_enriched.csv:255,0,1,0.8,2,1,0.9986111111111111,0,0.04666666666666667,1.0,0.258819045102521,-0.9659258262890682,0,0,0.1,70,6,0,0,0,0,0,1,0,0,0,0,0.12,0,0,0,0,0,0.0,0,0,0.0,0
invictus_enriched.csv:256,1,0,0.5,3,1,0.9983333333333333,1,0.0016666666666666668,1.0,0.258819045102521,-0.9659258262890682,0,0,0.2,63,3,0,0,0,0,0,1,0,0,0,0,0.04933333333333333,0,0,0,0,0,0.0,0,0,0.0,0
invictus_enriched.csv:257,1,0,0.5,3,1,1.0,1,0.0016666666666666668,1.0,0.258819045102521,-0.9659258262890682,0,0,0.2,22,2,0,0,0,0,0,1,0,1,0,0,0.0026666666666666666,0,0,0,0,0,0.0,0,0,0.0,0
invictus_enriched.csv:258,0,0,0.8,2,1,0.9163888888888889,0,0.2563888888888889,0.552546045503792,0.258819045102521,-0.9659258262890682,0,0,0.1,10,0,0,0,0,0,0,1,0,0,0,1,0.196,0,0,0,0,0,0.0,0,0,0.0,0
invictus_enriched.csv:259,0,0,0.8,2,1,1.0,0,0.2563888888888889,0.5590465872156013,0.258819045102521,-0.9659258262890682,0,0,0.1,10,0,0,0,0,0,0,1,0,0,0,0,0.19466666666666665,0,0,0,0,0,0.0,0,0,0.0,0
invictus_enriched.csv:260,0,1,0.8,2,1,0.9944444444444445,0,0.052222222222222225,1.0,0.258819045102521,-0.9659258262890682,0,0,0.1,21,3,0,0,0,0,0,1,0,0,0,0,0.064,0,0,0,0,0,0.0,0,0,0.0,0
invictus_enriched.csv:261,1,0,0.5,3,1,0.9936111111111111,1,0.008055555555555555,1.0,0.258819045102521,-0.9659258262890682,0,0,0.1,72,6,0,0,0,0,0,1,0,0,0,1,0.07333333333333333,0,0,0,0,0,0.0,0,0,0.0,0
invictus_enriched.csv:262,1,0,0.5,3,1,1.0,1,0.008055555555555555,1.0,0.258819045102521,-0.9659258262890682,0,0,0.1,73,6,0,0,0,0,0,1,0,0,0,1,0.084,0,0,0,0,0,0.0,0,0,0.0,0
invictus_enriched.csv:263,1,0,0.5,3,1,1.0,1,0.008055555555555555,1.0,0.258819045102521,-0.9659258262890682,0,0,0.1,74,6,1,0,0,0,0,0,0,0,0,1,0.3293333333333333,0,0,0,0,0,0.0,0,0,0.0,0
invictus_enriched.csv:264,1,0,0.5,3,1,1.0,0,0.008055555555555555,1.0,0.258819045102521,-0.9659258262890682,0,0,0.1,74,6,1,0,0,0,0,0,0,0,0,1,0.32666666666666666,0,0,0,0,0,0.0,0,0,0.0,0
invictus_enriched.csv:265,0,1,0.8,2,1,0.9986111111111111,0,0.05361111111111111,1.0,0.258819045102521,-0.9659258262890682,0,0,0.1,23,1,0,0,0,0,1,1,0,0,0,0,0.0026666666666666666,0,0,0,0,0,0.0,0,0,0.0,0
invictus_enriched.csv:266,0,1,0.8,2,1,0.9997222222222222,1,0.05388888888888889,1.0,0.258819045102521,-0.9659258262890682,0,0,0.1,75,5,1,0,0,0,0,0,0,0,0,0,0.22,0,0,0,1,0,0.0,0,0,0.0,0
invictus_enriched.csv:267,0,1,0.8,2,1,1.0,0,0.05388888888888889,1.0,0.258819045102521,-0.9659258262890682,0,0,0.1,75,5,1,0,0,0,0,0,0,0,0,0,0.22133333333333333,0,0,0,1,0,0.0,0,0,0.0,0
invictus_enriched.csv:268,0,1,0.8,2,1,1.0,1,0.05388888888888889,1.0,0.258819045102521,-0.9659258262890682,0,0,0.1,76,5,0,0,0,0,0,1,0,0,0,0,0.14666666666666667,0,0,0,1,0,0.0,0,0,0.0,0
invictus_enriched.csv:269,0,1,0.8,2,1,1.0,0,0.05388888888888889,1.0,0.258819045102521,-0.9659258262890682,0,0,0.1,76,5,0,0,0,0,0,1,0,0,0,0,0.148,0,0,0,1,0,0.0,0,0,0.0,0
invictus_enriched.csv:270,0,1,0.8,2,1,1.0,0,0.05388888888888889,1.0,0.258819045102521,-0.9659258262890682,0,0,0.1,75,5,1,0,0,0,0,0,0,0,0,0,0.22,0,0,0,1,0,0.0,0,0,0.0,0
invictus_enriched.csv:271,0,1,0.8,2,1,1.0,0,0.05388888888888889,1.0,0.258819045102521,-0.9659258262890682,0,0,0.1,75,5,1,0,0,0,0,0,0,0,0,0,0.22,0,0,0,1,0,0.0,0,0,0.0,0
invictus_enriched.csv:272,0,1,0.8,2,1,1.0,0,0.05388888888888889,1.0,0.258819045102521,-0.9659258262890682,0,0,0.1,75,5,1,0,0,0,0,0,0,0,0,0,0.22,0,0,0,1,0,0.0,0,0,0.0,0
invictus_enriched.csv:273,0,1,0.8,2,1,1.0,0,0.05388888888888889,1.0,0.258819045102521,-0.9659258262890682,0,0,0.1,76,5,0,0,0,0,0,1,0,0,0,0,0.148,0,0,0,1,0,0.0,0,0,0.0,0
invictus_enriched.csv:274,0,1,0.8,2,1,1.0,0,0.05388888888888889,1.0,0.258819045102521,-0.9659258262890682,0,0,0.1,75,5,1,0,0,0,0,0,0,0,0,0,0.22133333333333333,0,0,0,1,0,0.0,0,0,0.0,0
invictus_enriched.csv:275,0,1,0.8,2,1,1.0,0,0.05388888888888889,1.0,0.258819045102521,-0.9659258262890682,0,0,0.1,76,5,0,0,0,0,0,1,0,0,0,0,0.148,0,0,0,1,0,0.0,0,0,0.0,0
invictus_enriched.csv:276,0,1,0.8,2,1,1.0,0,0.05388888888888889,1.0,0.258819045102521,-0.9659258262890682,0,0,0.1,76,5,0,0,0,0,0,1,0,0,0,0,0.148,0,0,0,1,0,0.0,0,0,0.0,0
invictus_enriched.csv:277,0,1,0.8,2,1,1.0,0,0.05388888888888889,1.0,0.258819045102521,-0.9659258262890682,0,0,0.1,76,5,0,0,0,0,0,1,0,0,0,0,0.14666666666666667,0,0,0,1,0,0.0,0,0,0.0,0
invictus_enriched.csv:278,0,1,0.8,2,1,1.0,0,0.05388888888888889,1.0,0.258819045102521,-0.9659258262890682,0,0,0.1,76,5,0,0,0,0,0,1,0,0,0,0,0.148,0,0,0,1,0,0.0,0,0,0.0,0
invictus_enriched.csv:279,0,1,0.8,2,1,1.0,0,0.05388888888888889,1.0,0.258819045102521,-0.9659258262890682,0,0,0.1,75,5,1,0,0,0,0,0,0,0,0,0,0.22133333333333333,0,0,0,1,0,0.0,0,0,0.0,0
invictus_enriched.csv:280,0,1,0.8,2,1,1.0,0,0.05388888888888889,1.0,0.258819045102521,-0.9659258262890682,0,0,0.1,76,5,0,0,0,0,0,1,0,0,0,0,0.14666666666666667,0,0,0,1,0,0.0,0,0,0.0,0
invictus_enriched.csv:281,0,1,0.8,2,1,1.0,0,0.05388888888888889,1.0,0.258819045102521,-0.9659258262890682,0,0,0.1,75,5,1,0,0,0,0,0,0,0,0,0,0.22133333333333333,0,0,0,1,0,0.0,0,0,0.0,0
invictus_enriched.csv:282,0,1,0.8,2,1,1.0,0,0.05388888888888889,1.0,0.258819045102521,-0.9659258262890682,0,0,0.1,76,5,0,0,0,0,0,1,0,0,0,0,0.148,0,0,0,1,0,0.0,0,0,0.0,0
invictus_enriched.csv:283,0,1,0.8,2,1,1.0,0,0.05388888888888889,1.0,0.258819045102521,-0.9659258262890682,0,0,0.1,23,1,0,0,0,0,1,1,0,0,0,0,0.0026666666666666666,0,0,0,0,0,0.0,0,0,0.0,0
invictus_enriched.csv:284,0,1,0.8,2,1,1.0,0,0.05388888888888889,1.0,0.258819045102521,-0.9659258262890682,0,0,0.1,75,5,1,0,0,0,0,0,0,0,0,0,0.22133333333333333,0,0,0,1,0,0.0,0,0,0.0,0
invictus_enriched.csv:285,0,1,0.8,2,1,1.0,0,0.05388888888888889,1.0,0.258819045102521,-0.9659258262890682,0,0,0.1,76,5,0,0,0,0,0,1,0,0,0,0,0.14666666666666667,0,0,0,1,0,0.0,0,0,0.0,0
invictus_enriched.csv:286,0,1,0.8,2,1,1.0,0,0.05388888888888889,1.0,0.258819045102521,-0.9659258262890682,0,0,0.1,75,5,1,0,0,0,0,0,0,0,0,0,0.22133333333333333,0,0,0,1,0,0.0,0,0,0.0,0
invictus_enriched.csv:287,0,1,0.8,2,1,0.9997222222222222,0,0.05416666666666667,1.0,0.258819045102521,-0.9659258262890682,0,0,0.1,75,5,1,0,0,0,0,0,0,0,0,0,0.22,0,0,0,1,0,0.0,0,0,0.0,0
invictus_enriched.csv:288,0,1,0.8,2,1,1.0,0,0.05416666666666667,1.0,0.258819045102521,-0.9659258262890682,0,0,0.1,75,5,1,0,0,0,0,0,0,0,0,0,0.22,0,0,0,1,0,0.0,0,0,0.0,0
invictus_enriched.csv:289,0,1,0.8,2,1,1.0,0,0.05416666666666667,1.0,0.258819045102521,-0.9659258262890682,0,0,0.1,75,5,1,0,0,0,0,0,0,0,0,0,0.22133333333333333,0,0,0,1,0,0.0,0,0,0.0,0
invictus_enriched.csv:290,0,1,0.8,2,1,1.0,0,0.05416666666666667,1.0,0.258819045102521,-0.9659258262890682,0,0,0.1,76,5,0,0,0,0,0,1,0,0,0,0,0.14666666666666667,0,0,0,1,0,0.0,0,0,0.0,0
invictus_enriched.csv:291,0,1,0.8,2,1,1.0,0,0.05416666666666667,1.0,0.258819045102521,-0.9659258262890682,0,0,0.1,75,5,1,0,0,0,0,0,0,0,0,0,0.22133333333333333,0,0,0,1,0,0.0,0,0,0.0,0
invictus_enriched.csv:292,0,1,0.8,2,1,1.0,0,0.05416666666666667,1.0,0.258819045102521,-0.9659258262890682,0,0,0.1,75,5,1,0,0,0,0,0,0,0,0,0,0.22,0,0,0,1,0,0.0,0,0,0.0,0
invictus_enriched.csv:293,0,1,0.8,2,1,1.0,1,0.05416666666666667,1.0,0.258819045102521,-0.9659258262890682,0,0,0.1,77,5,0,0,0,0,0,1,0,0,0,0,0.148,0,0,0,1,0,0.0,0,0,0.0,0
invictus_enriched.csv:294,0,1,0.8,2,1,1.0,0,0.05416666666666667,1.0,0.258819045102521,-0.9659258262890682,0,0,0.1,77,5,0,0,0,0,0,1,0,0,0,0,0.14666666666666667,0,0,0,1,0,0.0,0,0,0.0,0
invictus_enriched.csv:295,0,1,0.8,2,1,1.0,0,0.05416666666666667,1.0,0.258819045102521,-0.9659258262890682,0,0,0.1,76,5,0,0,0,0,0,1,0,0,0,0,0.14666666666666667,0,0,0,1,0,0.0,0,0,0.0,0
invictus_enriched.csv:296,0,1,0.8,2,1,1.0,0,0.05416666666666667,1.0,0.258819045102521,-0.9659258262890682,0,0,0.1,77,5,0,0,0,0,0,1,0,0,0,0,0.14666666666666667,0,0,0,1,0,0.0,0,0,0.0,0
invictus_enriched.csv:297,0,1,0.8,2,1,1.0,0,0.05416666666666667,1.0,0.258819045102521,-0.9659258262890682,0,0,0.1,77,5,0,0,0,0,0,1,0,0,0,0,0.148,0,0,0,1,0,0.0,0,0,0.0,0
invictus_enriched.csv:298,0,1,0.8,2,1,1.0,0,0.05416666666666667,1.0,0.258819045102521,-0.9659258262890682,0,0,0.1,77,5,0,0,0,0,0,1,0,0,0,0,0.148,0,0,0,1,0,0.0,0,0,0.0,0
invictus_enriched.csv:299,0,1,0.8,2,1,1.0,0,0.05416666666666667,1.0,0.258819045102521,-0.9659258262890682,0,0,0.1,77,5,0,0,0,0,0,1,0,0,0,0,0.14666666666666667,0,0,0,1,0,0.0,0,0,0.0,0
invictus_enriched.csv:300,0,1,0.8,2,1,1.0,0,0.05416666666666667,1.0,0.258819045102521,-0.9659258262890682,0,0,0.1,77,5,0,0,0,0,0,1,0,0,0,0,0.148,0,0,0,1,0,0.0,0,0,0.0,0
invictus_enriched.csv:301,0,1,0.8,2,1,1.0,0,0.05416666666666667,1.0,0.258819045102521,-0.9659258262890682,0,0,0.1,77,5,0,0,0,0,0,1,0,0,0,0,0.148,0,0,0,1,0,0.0,0,0,0.0,0
invictus_enriched.csv:302,0,1,0.8,2,1,1.0,0,0.05416666666666667,1.0,0.258819045102521,-0.9659258262890682,0,0,0.1,75,5,1,0,0,0,0,0,0,0,0,0,0.22133333333333333,0,0,0,1,0,0.0,0,0,0.0,0
invictus_enriched.csv:303,0,1,0.8,2,1,1.0,0,0.05416666666666667,1.0,0.258819045102521,-0.9659258262890682,0,0,0.1,77,5,0,0,0,0,0,1,0,0,0,0,0.148,0,0,0,1,0,0.0,0,0,0.0,0
invictus_enriched.csv:304,0,1,0.8,2,1,1.0,0,0.05416666666666667,1.0,0.258819045102521,-0.9659258262890682,0,0,0.1,76,5,0,0,0,0,0,1,0,0,0,0,0.148,0,0,0,1,0,0.0,0,0,0.0,0
invictus_enriched.csv:305,0,1,0.8,2,1,1.0,0,0.05416666666666667,1.0,0.258819045102521,-0.9659258262890682,0,0,0.1,75,5,1,0,0,0,0,0,0,0,0,0,0.22,0,0,0,1,0,0.0,0,0,0.0,0
invictus_enriched.csv:306,0,1,0.8,2,1,1.0,0,0.05416666666666667,1.0,0.258819045102521,-0.9659258262890682,0,0,0.1,76,5,0,0,0,0,0,1,0,0,0,0,0.148,0,0,0,1,0,0.0,0,0,0.0,0
invictus_enriched.csv:307,0,1,0.8,2,1,1.0,0,0.05416666666666667,1.0,0.258819045102521,-0.9659258262890682,0,0,0.1,75,5,1,0,0,0,0,0,0,0,0,0,0.22,0,0,0,1,0,0.0,0,0,0.0,0
invictus_enriched.csv:308,0,1,0.8,2,1,1.0,0,0.05416666666666667,1.0,0.258819045102521,-0.9659258262890682,0,0,0.1,77,5,0,0,0,0,0,1,0,0,0,0,0.14666666666666667,0,0,0,1,0,0.0,0,0,0.0,0
invictus_enriched.csv:309,0,1,0.8,2,1,1.0,0,0.05416666666666667,1.0,0.258819045102521,-0.9659258262890682,0,0,0.1,75,5,1,0,0,0,0,0,0,0,0,0,0.22133333333333333,0,0,0,1,0,0.0,0,0,0.0,0
invictus_enriched.csv:310,0,1,0.8,2,1,1.0,0,0.05416666666666667,1.0,0.258819045102521,-0.9659258262890682,0,0,0.1,76,5,0,0,0,0,0,1,0,0,0,0,0.14666666666666667,0,0,0,1,0,0.0,0,0,0.0,0
invictus_enriched.csv:311,0,1,0.8,2,1,1.0,0,0.05416666666666667,1.0,0.258819045102521,-0.9659258262890682,0,0,0.1,76,5,0,0,0,0,0,1,0,0,0,0,0.14666666666666667,0,0,0,1,0,0.0,0,0,0.0,0
invictus_enriched.csv:312,0,1,0.8,2,1,1.0,0,0.05416666666666667,1.0,0.258819045102521,-0.9659258262890682,0,0,0.1,75,5,1,0,0,0,0,0,0,0,0,0,0.22,0,0,0,1,0,0.0,0,0,0.0,0
invictus_enriched.csv:313,0,1,0.8,2,1,1.0,0,0.05416666666666667,1.0,0.258819045102521,-0.9659258262890682,0,0,0.1,76,5,0,0,0,0,0,1,0,0,0,0,0.148,0,0,0,1,0,0.0,0,0,0.0,0
invictus_enriched.csv:314,1,0,0.8,2,1,0.9997222222222222,1,0.05444444444444444,1.0,0.258819045102521,-0.9659258262890682,0,0,0.1,78,9,0,0,0,0,0,0,0,0,0,1,0.3373333333333333,0,0,0,1,0,0.0,0,0,0.0,0
invictus_enriched.csv:315,0,1,0.8,2,1,1.0,0,0.05444444444444444,1.0,0.258819045102521,-0.9659258262890682,0,0,0.1,77,5,0,0,0,0,0,1,0,0,0,0,0.14666666666666667,0,0,0,1,0,0.0,0,0,0.0,0
invictus_enriched.csv:316,0,1,0.8,2,1,1.0,0,0.05444444444444444,1.0,0.258819045102521,-0.9659258262890682,0,0,0.1,76,5,0,0,0,0,0,1,0,0,0,0,0.14666666666666667,0,0,0,1,0,0.0,0,0,0.0,0
invictus_enriched.csv:317,0,1,0.8,2,1,1.0,1,0.05444444444444444,1.0,0.258819045102521,-0.9659258262890682,0,0,0.1,79,5,1,0,0,0,0,0,0,0,0,0,0.22933333333333333,0,0,0,1,1,0.0,0,0,0.0,0
invictus_enriched.csv:318,0,1,0.8,2,1,1.0,0,0.05444444444444444,1.0,0.258819045102521,-0.9659258262890682,0,0,0.1,77,5,0,0,0,0,0,1,0,0,0,0,0.148,0,0,0,1,0,0.0,0,0,0.0,0
invictus_enriched.csv:319,0,1,0.8,2,1,1.0,0,0.05444444444444444,1.0,0.258819045102521,-0.9659258262890682,0,0,0.1,77,5,0,0,0,0,0,1,0,0,0,0,0.14666666666666667,0,0,0,1,0,0.0,0,0,0.0,0
invictus_enriched.csv:320,0,1,0.8,2,1,1.0,0,0.05444444444444444,1.0,0.258819045102521,-0.9659258262890682,0,0,0.1,77,5,0,0,0,0,0,1,0,0,0,0,0.14666666666666667,0,0,0,1,0,0.0,0,0,0.0,0
invictus_enriched.csv:321,0,1,0.8,2,1,1.0,0,0.05444444444444444,1.0,0.258819045102521,-0.9659258262890682,0,0,0.1,77,5,0,0,0,0,0,1,0,0,0,0,0.14666666666666667,0,0,0,1,0,0.0,0,0,0.0,0
invictus_enriched.csv:322,0,1,0.8,2,1,1.0,0,0.05444444444444444,1.0,0.258819045102521,-0.9659258262890682,0,0,0.1,76,5,0,0,0,0,0,1,0,0,0,0,0.148,0,0,0,1,0,0.0,0,0,0.0,0
invictus_enriched.csv:323,1,0,0.8,2,1,1.0,0,0.05444444444444444,1.0,0.258819045102521,-0.9659258262890682,0,0,0.1,78,9,0,0,0,0,0,0,0,0,0,1,0.3373333333333333,0,0,0,1,0,0.0,0,0,0.0,0
invictus_enriched.csv:324,0,1,0.8,2,1,1.0,0,0.05444444444444444,1.0,0.258819045102521,-0.9659258262890682,0,0,0.1,79,5,1,0,0,0,0,0,0,0,0,0,0.23066666666666666,0,0,0,1,1,0.0,0,0,0.0,0
invictus_enriched.csv:325,1,0,0.8,2,1,1.0,0,0.05444444444444444,1.0,0.258819045102521,-0.9659258262890682,0,0,0.1,78,9,0,0,0,0,0,0,0,0,0,1,0.3373333333333333,0,0,0,1,0,0.0,0,0,0.0,0
invictus_enriched.csv:326,1,0,0.8,2,1,1.0,0,0.05444444444444444,1.0,0.258819045102521,-0.9659258262890682,0,0,0.1,78,9,0,0,0,0,0,0,0,0,0,1,0.336,0,0,0,1,0,0.0,0,0,0.0,0
invictus_enriched.csv:327,0,1,0.8,2,1,1.0,0,0.05444444444444444,1.0,0.258819045102521,-0.9659258262890682,0,0,0.1,76,5,0,0,0,0,0,1,0,0,0,0,0.14666666666666667,0,0,0,1,0,0.0,0,0,0.0,0
invictus_enriched.csv:328,0,1,0.8,2,1,1.0,0,0.05444444444444444,1.0,0.258819045102521,-0.9659258262890682,0,0,0.1,79,5,1,0,0,0,0,0,0,0,0,0,0.22933333333333333,0,0,0,1,1,0.0,0,0,0.0,0
invictus_enriched.csv:329,0,1,0.8,2,1,1.0,0,0.05444444444444444,1.0,0.258819045102521,-0.9659258262890682,0,0,0.1,77,5,0,0,0,0,0,1,0,0,0,0,0.148,0,0,0,1,0,0.0,0,0,0.0,0
invictus_enriched.csv:330,0,1,0.8,2,1,1.0,0,0.05444444444444444,1.0,0.258819045102521,-0.9659258262890682,0,0,0.1,77,5,0,0,0,0,0,1,0,0,0,0,0.14666666666666667,0,0,0,1,0,0.0,0,0,0.0,0
invictus_enriched.csv:331,0,1,0.8,2,1,1.0,0,0.05444444444444444,1.0,0.258819045102521,-0.9659258262890682,0,0,0.1,77,5,0,0,0,0,0,1,0,0,0,0,0.14666666666666667,0,0,0,1,0,0.0,0,0,0.0,0
invictus_enriched.csv:332,0,1,0.8,2,1,1.0,0,0.05444444444444444,1.0,0.258819045102521,-0.9659258262890682,0,0,0.1,79,5,1,0,0,0,0,0,0,0,0,0,0.23066666666666666,0,0,0,1,1,0.0,0,0,0.0,0
invictus_enriched.csv:333,1,0,0.8,2,1,1.0,0,0.05444444444444444,1.0,0.258819045102521,-0.9659258262890682,0,0,0.1,78,9,0,0,0,0,0,0,0,0,0,1,0.336,0,0,0,1,0,0.0,0,0,0.0,0
invictus_enriched.csv:334,0,1,0.8,2,1,1.0,0,0.05444444444444444,1.0,0.258819045102521,-0.9659258262890682,0,0,0.1,77,5,0,0,0,0,0,1,0,0,0,0,0.148,0,0,0,1,0,0.0,0,0,0.0,0
invictus_enriched.csv:335,0,1,0.8,2,1,1.0,0,0.05444444444444444,1.0,0.258819045102521,-0.9659258262890682,0,0,0.1,79,5,1,0,0,0,0,0,0,0,0,0,0.22933333333333333,0,0,0,1,1,0.0,0,0,0.0,0
invictus_enriched.csv:336,0,1,0.8,2,1,1.0,0,0.05444444444444444,1.0,0.258819045102521,-0.9659258262890682,0,0,0.1,79,5,1,0,0,0,0,0,0,0,0,0,0.22933333333333333,0,0,0,1,1,0.0,0,0,0.0,0
invictus_enriched.csv:337,1,0,0.8,2,1,1.0,0,0.05444444444444444,1.0,0.258819045102521,-0.9659258262890682,0,0,0.1,78,9,0,0,0,0,0,0,0,0,0,1,0.336,0,0,0,1,0,0.0,0,0,0.0,0
invictus_enriched.csv:338,1,0,0.8,2,1,1.0,0,0.05444444444444444,1.0,0.258819045102521,-0.9659258262890682,0,0,0.1,78,9,0,0,0,0,0,0,0,0,0,1,0.336,0,0,0,1,0,0.0,0,0,0.0,0
invictus_enriched.csv:339,0,1,0.8,2,1,1.0,0,0.05444444444444444,1.0,0.258819045102521,-0.9659258262890682,0,0,0.1,77,5,0,0,0,0,0,1,0,0,0,0,0.148,0,0,0,1,0,0.0,0,0,0.0,0
invictus_enriched.csv:340,1,0,0.8,2,1,1.0,0,0.05444444444444444,1.0,0.258819045102521,-0.9659258262890682,0,0,0.1,78,9,0,0,0,0,0,0,0,0,0,1,0.336,0,0,0,1,0,0.0,0,0,0.0,0
invictus_enriched.csv:341,1,0,0.8,2,1,1.0,0,0.05444444444444444,1.0,0.258819045102521,-0.9659258262890682,0,0,0.1,78,9,0,0,0,0,0,0,0,0,0,1,0.336,0,0,0,1,0,0.0,0,0,0.0,0
invictus_enriched.csv:342,0,1,0.8,2,1,1.0,0,0.05444444444444444,1.0,0.258819045102521,-0.9659258262890682,0,0,0.1,79,5,1,0,0,0,0,0,0,0,0,0,0.23066666666666666,0,0,0,1,1,0.0,0,0,0.0,0
invictus_enriched.csv:343,0,1,0.8,2,1,1.0,0,0.05444444444444444,1.0,0.258819045102521,-0.9659258262890682,0,0,0.1,79,5,1,0,0,0,0,0,0,0,0,0,0.23066666666666666,0,0,0,1,1,0.0,0,0,0.0,0
invictus_enriched.csv:344,1,0,0.8,2,1,1.0,0,0.05444444444444444,1.0,0.258819045102521,-0.9659258262890682,0,0,0.1,78,9,0,0,0,0,0,0,0,0,0,1,0.3373333333333333,0,0,0,1,0,0.0,0,0,0.0,0
invictus_enriched.csv:345,0,1,0.8,2,1,1.0,0,0.05444444444444444,1.0,0.258819045102521,-0.9659258262890682,0,0,0.1,79,5,1,0,0,0,0,0,0,0,0,0,0.22933333333333333,0,0,0,1,1,0.0,0,0,0.0,0
invictus_enriched.csv:346,0,1,0.8,2,1,1.0,0,0.05444444444444444,1.0,0.258819045102521,-0.9659258262890682,0,0,0.1,79,5,1,0,0,0,0,0,0,0,0,0,0.22933333333333333,0,0,0,1,1,0.0,0,0,0.0,0
invictus_enriched.csv:347,0,1,0.8,2,1,0.9997222222222222,1,0.05472222222222222,1.0,0.258819045102521,-0.9659258262890682,0,0,0.8,80,5,0,0,0,0,0,1,0,0,0,0,0.21733333333333332,0,0,0,1,0,0.0,0,0,0.0,1
invictus_enriched.csv:348,0,1,0.8,2,1,1.0,0,0.05472222222222222,1.0,0.258819045102521,-0.9659258262890682,0,0,0.8,80,5,0,0,0,0,0,1,0,0,0,0,0.21733333333333332,0,0,0,1,0,0.0,0,0,0.0,1
invictus_enriched.csv:349,0,1,0.8,2,1,1.0,0,0.05472222222222222,1.0,0.258819045102521,-0.9659258262890682,0,0,0.8,80,5,0,0,0,0,0,1,0,0,0,0,0.21733333333333332,0,0,0,1,0,0.0,0,0,0.0,1
invictus_enriched.csv:350,0,1,0.8,2,1,1.0,0,0.05472222222222222,1.0,0.258819045102521,-0.9659258262890682,0,0,0.1,79,5,1,0,0,0,0,0,0,0,0,0,0.22933333333333333,0,0,0,1,1,0.0,0,0,0.0,0
invictus_enriched.csv:351,0,1,0.8,2,1,1.0,0,0.05472222222222222,1.0,0.258819045102521,-0.9659258262890682,0,0,0.8,80,5,0,0,0,0,0,1,0,0,0,0,0.21866666666666668,0,0,0,1,0,0.0,0,0,0.0,1
invictus_enriched.csv:352,0,1,0.8,2,1,1.0,0,0.05472222222222222,1.0,0.258819045102521,-0.9659258262890682,0,0,0.8,80,5,0,0,0,0,0,1,0,0,0,0,0.21733333333333332,0,0,0,1,0,0.0,0,0,0.0,1
invictus_enriched.csv:353,0,1,0.8,2,1,1.0,0,0.05472222222222222,1.0,0.258819045102521,-0.9659258262890682,0,0,0.8,80,5,0,0,0,0,0,1,0,0,0,0,0.21866666666666668,0,0,0,1,0,0.0,0,0,0.0,1
invictus_enriched.csv:354,1,0,0.8,2,1,1.0,1,0.05472222222222222,1.0,0.258819045102521,-0.9659258262890682,0,0,0.7,81,9,0,0,0,0,0,0,0,0,0,1,0.316,0,0,0,1,0,0.0,0,0,0.0,0
invictus_enriched.csv:355,0,1,0.8,2,1,1.0,0,0.05472222222222222,1.0,0.258819045102521,-0.9659258262890682,0,0,0.1,79,5,1,0,0,0,0,0,0,0,0,0,0.23066666666666666,0,0,0,1,1,0.0,0,0,0.0,0
invictus_enriched.csv:356,0,1,0.8,2,1,1.0,0,0.05472222222222222,1.0,0.258819045102521,-0.9659258262890682,0,0,0.1,79,5,1,0,0,0,0,0,0,0,0,0,0.23066666666666666,0,0,0,1,1,0.0,0,0,0.0,0
invictus_enriched.csv:357,0,1,0.8,2,1,1.0,0,0.05472222222222222,1.0,0.258819045102521,-0.9659258262890682,0,0,0.8,80,5,0,0,0,0,0,1,0,0,0,0,0.21866666666666668,0,0,0,1,0,0.0,0,0,0.0,1
invictus_enriched.csv:358,1,0,0.8,2,1,1.0,0,0.05472222222222222,1.0,0.258819045102521,-0.9659258262890682,0,0,0.1,78,9,0,0,0,0,0,0,0,0,0,1,0.3373333333333333,0,0,0,1,0,0.0,0,0,0.0,0
invictus_enriched.csv:359,0,1,0.8,2,1,1.0,0,0.05472222222222222,1.0,0.258819045102521,-0.9659258262890682,0,0,0.8,80,5,0,0,0,0,0,1,0,0,0,0,0.21866666666666668,0,0,0,1,0,0.0,0,0,0.0,1
invictus_enriched.csv:360,1,0,0.8,2,1,1.0,0,0.05472222222222222,1.0,0.258819045102521,-0.9659258262890682,0,0,0.7,81,9,0,0,0,0,0,0,0,0,0,1,0.316,0,0,0,1,0,0.0,0,0,0.0,0
invictus_enriched.csv:361,0,1,0.8,2,1,1.0,0,0.05472222222222222,1.0,0.258819045102521,-0.9659258262890682,0,0,0.8,80,5,0,0,0,0,0,1,0,0,0,0,0.21733333333333332,0,0,0,1,0,0.0,0,0,0.0,1
invictus_enriched.csv:362,1,0,0.8,2,1,1.0,0,0.05472222222222222,1.0,0.258819045102521,-0.9659258262890682,0,0,0.1,78,9,0,0,0,0,0,0,0,0,0,1,0.3373333333333333,0,0,0,1,0,0.0,0,0,0.0,0
invictus_enriched.csv:363,1,0,0.8,2,1,1.0,0,0.05472222222222222,1.0,0.258819045102521,-0.9659258262890682,0,0,0.7,81,9,0,0,0,0,0,0,0,0,0,1,0.31733333333333336,0,0,0,1,0,0.0,0,0,0.0,0
invictus_enriched.csv:364,0,1,0.8,2,1,1.0,0,0.05472222222222222,1.0,0.258819045102521,-0.9659258262890682,0,0,0.8,80,5,0,0,0,0,0,1,0,0,0,0,0.21733333333333332,0,0,0,1,0,0.0,0,0,0.0,1
invictus_enriched.csv:365,0,1,0.8,2,1,1.0,0,0.05472222222222222,1.0,0.258819045102521,-0.9659258262890682,0,0,0.1,79,5,1,0,0,0,0,0,0,0,0,0,0.23066666666666666,0,0,0,1,1,0.0,0,0,0.0,0
invictus_enriched.csv:366,0,1,0.8,2,1,1.0,0,0.05472222222222222,1.0,0.258819045102521,-0.9659258262890682,0,0,0.1,79,5,1,0,0,0,0,0,0,0,0,0,0.22933333333333333,0,0,0,1,1,0.0,0,0,0.0,0
invictus_enriched.csv:367,1,0,0.8,2,1,1.0,0,0.05472222222222222,1.0,0.258819045102521,-0.9659258262890682,0,0,0.7,81,9,0,0,0,0,0,0,0,0,0,1,0.31733333333333336,0,0,0,1,0,0.0,0,0,0.0,0
invictus_enriched.csv:368,0,1,0.8,2,1,1.0,0,0.05472222222222222,1.0,0.258819045102521,-0.9659258262890682,0,0,0.8,80,5,0,0,0,0,0,1,0,0,0,0,0.21866666666666668,0,0,0,1,0,0.0,0,0,0.0,1
invictus_enriched.csv:369,1,0,0.8,2,1,1.0,0,0.05472222222222222,1.0,0.258819045102521,-0.9659258262890682,0,0,0.7,81,9,0,0,0,0,0,0,0,0,0,1,0.31733333333333336,0,0,0,1,0,0.0,0,0,0.0,0
invictus_enriched.csv:370,1,0,0.8,2,1,1.0,0,0.05472222222222222,1.0,0.258819045102521,-0.9659258262890682,0,0,0.7,81,9,0,0,0,0,0,0,0,0,0,1,0.31733333333333336,0,0,0,1,0,0.0,0,0,0.0,0
invictus_enriched.csv:371,1,0,0.8,2,1,1.0,0,0.05472222222222222,1.0,0.258819045102521,-0.9659258262890682,0,0,0.1,78,9,0,0,0,0,0,0,0,0,0,1,0.336,0,0,0,1,0,0.0,0,0,0.0,0
invictus_enriched.csv:372,0,1,0.8,2,1,1.0,0,0.05472222222222222,1.0,0.258819045102521,-0.9659258262890682,0,0,0.8,80,5,0,0,0,0,0,1,0,0,0,0,0.21866666666666668,0,0,0,1,0,0.0,0,0,0.0,1
invictus_enriched.csv:373,1,0,0.8,2,1,1.0,0,0.05472222222222222,1.0,0.258819045102521,-0.9659258262890682,0,0,0.7,81,9,0,0,0,0,0,0,0,0,0,1,0.316,0,0,0,1,0,0.0,0,0,0.0,0
invictus_enriched.csv:374,1,0,0.8,2,1,1.0,0,0.05472222222222222,1.0,0.258819045102521,-0.9659258262890682,0,0,0.1,78,9,0,0,0,0,0,0,0,0,0,1,0.336,0,0,0,1,0,0.0,0,0,0.0,0
invictus_enriched.csv:375,0,1,0.8,2,1,1.0,0,0.05472222222222222,1.0,0.258819045102521,-0.9659258262890682,0,0,0.8,80,5,0,0,0,0,0,1,0,0,0,0,0.21733333333333332,0,0,0,1,0,0.0,0,0,0.0,1
invictus_enriched.csv:376,1,0,0.8,2,1,1.0,0,0.05472222222222222,1.0,0.258819045102521,-0.9659258262890682,0,0,0.7,81,9,0,0,0,0,0,0,0,0,0,1,0.31733333333333336,0,0,0,1,0,0.0,0,0,0.0,0
invictus_enriched.csv:377,0,1,0.8,2,1,1.0,0,0.05472222222222222,1.0,0.258819045102521,-0.9659258262890682,0,0,0.8,80,5,0,0,0,0,0,1,0,0,0,0,0.21866666666666668,0,0,0,1,0,0.0,0,0,0.0,1
invictus_enriched.csv:378,1,0,0.8,2,1,1.0,0,0.05472222222222222,1.0,0.258819045102521,-0.9659258262890682,0,0,0.7,81,9,0,0,0,0,0,0,0,0,0,1,0.316,0,0,0,1,0,0.0,0,0,0.0,0
invictus_enriched.csv:379,1,0,0.8,2,1,1.0,0,0.05472222222222222,1.0,0.258819045102521,-0.9659258262890682,0,0,0.1,78,9,0,0,0,0,0,0,0,0,0,1,0.3373333333333333,0,0,0,1,0,0.0,0,0,0.0,0
invictus_enriched.csv:380,0,1,0.8,2,1,1.0,0,0.05472222222222222,1.0,0.258819045102521,-0.9659258262890682,0,0,0.1,79,5,1,0,0,0,0,0,0,0,0,0,0.23066666666666666,0,0,0,1,1,0.0,0,0,0.0,0
invictus_enriched.csv:381,0,1,0.8,2,1,1.0,0,0.05472222222222222,1.0,0.258819045102521,-0.9659258262890682,0,0,0.8,80,5,0,0,0,0,0,1,0,0,0,0,0.21866666666666668,0,0,0,1,0,0.0,0,0,0.0,1
invictus_enriched.csv:382,1,0,0.8,2,1,1.0,0,0.05472222222222222,1.0,0.258819045102521,-0.9659258262890682,0,0,0.7,81,9,0,0,0,0,0,0,0,0,0,1,0.31733333333333336,0,0,0,1,0,0.0,0,0,0.0,0
invictus_enriched.csv:383,1,0,0.8,2,1,1.0,0,0.05472222222222222,1.0,0.258819045102521,-0.9659258262890682,0,0,0.7,81,9,0,0,0,0,0,0,0,0,0,1,0.316,0,0,0,1,0,0.0,0,0,0.0,0
invictus_enriched.csv:384,1,0,0.8,2,1,1.0,0,0.05472222222222222,1.0,0.258819045102521,-0.9659258262890682,0,0,0.7,81,9,0,0,0,0,0,0,0,0,0,1,0.31733333333333336,0,0,0,1,0,0.0,0,0,0.0,0
invictus_enriched.csv:385,1,0,0.8,2,1,1.0,0,0.05472222222222222,1.0,0.258819045102521,-0.9659258262890682,0,0,0.7,81,9,0,0,0,0,0,0,0,0,0,1,0.31733333333333336,0,0,0,1,0,0.0,0,0,0.0,0
invictus_enriched.csv:386,1,0,0.8,2,1,1.0,0,0.05472222222222222,1.0,0.258819045102521,-0.9659258262890682,0,0,0.7,81,9,0,0,0,0,0,0,0,0,0,1,0.316,0,0,0,1,0,0.0,0,0,0.0,0
invictus_enriched.csv:387,1,0,0.8,2,1,1.0,0,0.05472222222222222,1.0,0.258819045102521,-0.9659258262890682,0,0,0.1,78,9,0,0,0,0,0,0,0,0,0,1,0.336,0,0,0,1,0,0.0,0,0,0.0,0
invictus_enriched.csv:388,1,0,0.8,2,1,1.0,0,0.05472222222222222,1.0,0.258819045102521,-0.9659258262890682,0,0,0.7,81,9,0,0,0,0,0,0,0,0,0,1,0.316,0,0,0,1,0,0.0,0,0,0.0,0
invictus_enriched.csv:389,1,0,0.8,2,1,1.0,0,0.05472222222222222,1.0,0.258819045102521,-0.9659258262890682,0,0,0.1,78,9,0,0,0,0,0,0,0,0,0,1,0.336,0,0,0,1,0,0.0,0,0,0.0,0
invictus_enriched.csv:390,0,1,0.8,2,1,1.0,0,0.05472222222222222,1.0,0.258819045102521,-0.9659258262890682,0,0,0.8,80,5,0,0,0,0,0,1,0,0,0,0,0.21733333333333332,0,0,0,1,0,0.0,0,0,0.0,1
invictus_enriched.csv:391,1,0,0.8,2,1,1.0,0,0.05472222222222222,1.0,0.258819045102521,-0.9659258262890682,0,0,0.1,78,9,0,0,0,0,0,0,0,0,0,1,0.3373333333333333,0,0,0,1,0,0.0,0,0,0.0,0
invictus_enriched.csv:392,1,0,0.8,2,1,1.0,0,0.05472222222222222,1.0,0.258819045102521,-0.9659258262890682,0,0,0.7,81,9,0,0,0,0,0,0,0,0,0,1,0.316,0,0,0,1,0,0.0,0,0,0.0,0
invictus_enriched.csv:393,1,0,0.8,2,1,1.0,0,0.05472222222222222,1.0,0.258819045102521,-0.9659258262890682,0,0,0.1,78,9,0,0,0,0,0,0,0,0,0,1,0.3373333333333333,0,0,0,1,0,0.0,0,0,0.0,0
invictus_enriched.csv:394,1,0,0.8,2,1,1.0,0,0.05472222222222222,1.0,0.258819045102521,-0.9659258262890682,0,0,0.7,81,9,0,0,0,0,0,0,0,0,0,1,0.31733333333333336,0,0,0,1,0,0.0,0,0,0.0,0
invictus_enriched.csv:395,1,0,0.8,2,1,1.0,0,0.05472222222222222,1.0,0.258819045102521,-0.9659258262890682,0,0,0.7,81,9,0,0,0,0,0,0,0,0,0,1,0.31733333333333336,0,0,0,1,0,0.0,0,0,0.0,0
invictus_enriched.csv:396,0,1,0.8,2,1,1.0,0,0.05472222222222222,1.0,0.258819045102521,-0.9659258262890682,0,0,0.8,80,5,0,0,0,0,0,1,0,0,0,0,0.21733333333333332,0,0,0,1,0,0.0,0,0,0.0,1
invictus_enriched.csv:397,0,1,0.8,2,1,1.0,0,0.05472222222222222,1.0,0.258819045102521,-0.9659258262890682,0,0,0.1,79,5,1,0,0,0,0,0,0,0,0,0,0.23066666666666666,0,0,0,1,1,0.0,0,0,0.0,0
invictus_enriched.csv:398,1,0,0.8,2,1,1.0,0,0.05472222222222222,1.0,0.258819045102521,-0.9659258262890682,0,0,0.1,78,9,0,0,0,0,0,0,0,0,0,1,0.3373333333333333,0,0,0,1,0,0.0,0,0,0.0,0
invictus_enriched.csv:399,1,0,0.8,2,1,1.0,0,0.05472222222222222,1.0,0.258819045102521,-0.9659258262890682,0,0,0.7,81,9,0,0,0,0,0,0,0,0,0,1,0.316,0,0,0,1,0,0.0,0,0,0.0,0
invictus_enriched.csv:400,0,1,0.8,2,1,1.0,0,0.05472222222222222,1.0,0.258819045102521,-0.9659258262890682,0,0,0.8,80,5,0,0,0,0,0,1,0,0,0,0,0.21866666666666668,0,0,0,1,0,0.0,0,0,0.0,1
invictus_enriched.csv:401,0,1,0.8,2,1,1.0,0,0.05472222222222222,1.0,0.258819045102521,-0.9659258262890682,0,0,0.1,79,5,1,0,0,0,0,0,0,0,0,0,0.22933333333333333,0,0,0,1,1,0.0,0,0,0.0,0
invictus_enriched.csv:402,0,1,0.8,2,1,1.0,0,0.05472222222222222,1.0,0.258819045102521,-0.9659258262890682,0,0,0.1,79,5,1,0,0,0,0,0,0,0,0,0,0.23066666666666666,0,0,0,1,1,0.0,0,0,0.0,0
invictus_enriched.csv:403,1,0,0.8,2,1,1.0,0,0.05472222222222222,1.0,0.258819045102521,-0.9659258262890682,0,0,0.7,81,9,0,0,0,0,0,0,0,0,0,1,0.316,0,0,0,1,0,0.0,0,0,0.0,0
invictus_enriched.csv:404,0,1,0.8,2,1,1.0,0,0.05472222222222222,1.0,0.258819045102521,-0.9659258262890682,0,0,0.8,80,5,0,0,0,0,0,1,0,0,0,0,0.21866666666666668,0,0,0,1,0,0.0,0,0,0.0,1
invictus_enriched.csv:405,0,1,0.8,2,1,1.0,0,0.05472222222222222,1.0,0.258819045102521,-0.9659258262890682,0,0,0.8,80,5,0,0,0,0,0,1,0,0,0,0,0.21733333333333332,0,0,0,1,0,0.0,0,0,0.0,1
invictus_enriched.csv:406,0,1,0.8,2,1,1.0,0,0.05472222222222222,1.0,0.258819045102521,-0.9659258262890682,0,0,0.1,79,5,1,0,0,0,0,0,0,0,0,0,0.22933333333333333,0,0,0,1,1,0.0,0,0,0.0,0
invictus_enriched.csv:407,0,1,0.8,2,1,0.9997222222222222,1,0.055,1.0,0.258819045102521,-0.9659258262890682,0,0,0.1,82,5,0,0,0,0,0,1,0,0,0,0,0.10933333333333334,0,0,0,1,0,0.0,0,0,0.0,0
invictus_enriched.csv:408,0,1,0.8,2,1,1.0,0,0.055,1.0,0.258819045102521,-0.9659258262890682,0,0,0.8,80,5,0,0,0,0,0,1,0,0,0,0,0.148,0,0,0,1,0,0.0,0,0,0.0,1
invictus_enriched.csv:409,1,0,0.8,2,1,1.0,0,0.055,1.0,0.258819045102521,-0.9659258262890682,0,0,0.7,81,9,0,0,0,0,0,0,0,0,0,1,0.31733333333333336,0,0,0,1,0,0.0,0,0,0.0,0
invictus_enriched.csv:410,1,0,0.8,2,1,0.9997222222222222,0,0.05527777777777778,1.0,0.258819045102521,-0.9659258262890682,0,0,0.7,81,9,0,0,0,0,0,0,0,0,0,1,0.31733333333333336,0,0,0,1,0,0.0,0,0,0.0,0
invictus_enriched.csv:411,0,1,0.8,2,1,1.0,0,0.05527777777777778,1.0,0.258819045102521,-0.9659258262890682,0,0,0.8,80,5,0,0,0,0,0,1,0,0,0,0,0.148,0,0,0,1,0,0.0,0,0,0.0,1
invictus_enriched.csv:412,0,1,0.8,2,1,1.0,0,0.05527777777777778,1.0,0.258819045102521,-0.9659258262890682,0,0,0.8,80,5,0,0,0,0,0,1,0,0,0,0,0.148,0,0,0,1,0,0.0,0,0,0.0,1
invictus_enriched.csv:413,1,0,0.8,2,1,1.0,0,0.05527777777777778,1.0,0.258819045102521,-0.9659258262890682,0,0,0.7,81,9,0,0,0,0,0,0,0,0,0,1,0.31733333333333336,0,0,0,1,0,0.0,0,0,0.0,0
invictus_enriched.csv:414,1,0,0.8,2,1,1.0,0,0.05527777777777778,1.0,0.258819045102521,-0.9659258262890682,0,0,0.7,81,9,0,0,0,0,0,0,0,0,0,1,0.316,0,0,0,1,0,0.0,0,0,0.0,0
invictus_enriched.csv:415,1,0,0.8,2,1,1.0,0,0.05527777777777778,1.0,0.258819045102521,-0.9659258262890682,0,0,0.7,81,9,0,0,0,0,0,0,0,0,0,1,0.316,0,0,0,1,0,0.0,0,0,0.0,0
invictus_enriched.csv:416,0,1,0.8,2,1,1.0,0,0.05527777777777778,1.0,0.258819045102521,-0.9659258262890682,0,0,0.8,80,5,0,0,0,0,0,1,0,0,0,0,0.14666666666666667,0,0,0,1,0,0.0,0,0,0.0,1
invictus_enriched.csv:417,0,1,0.8,2,1,1.0,0,0.05527777777777778,1.0,0.258819045102521,-0.9659258262890682,0,0,0.8,80,5,0,0,0,0,0,1,0,0,0,0,0.14666666666666667,0,0,0,1,0,0.0,0,0,0.0,1
invictus_enriched.csv:418,0,1,0.8,2,1,1.0,0,0.05527777777777778,1.0,0.258819045102521,-0.9659258262890682,0,0,0.8,80,5,0,0,0,0,0,1,0,0,0,0,0.148,0,0,0,1,0,0.0,0,0,0.0,1
invictus_enriched.csv:419,1,0,0.8,2,1,1.0,0,0.05527777777777778,1.0,0.258819045102521,-0.9659258262890682,0,0,0.7,81,9,0,0,0,0,0,0,0,0,0,1,0.31733333333333336,0,0,0,1,0,0.0,0,0,0.0,0
invictus_enriched.csv:420,1,0,0.8,2,1,1.0,0,0.05527777777777778,1.0,0.258819045102521,-0.9659258262890682,0,0,0.7,81,9,0,0,0,0,0,0,0,0,0,1,0.31733333333333336,0,0,0,1,0,0.0,0,0,0.0,0
invictus_enriched.csv:421,0,1,0.8,2,1,1.0,0,0.05527777777777778,1.0,0.258819045102521,-0.9659258262890682,0,0,0.8,80,5,0,0,0,0,0,1,0,0,0,0,0.14666666666666667,0,0,0,1,0,0.0,0,0,0.0,1
invictus_enriched.csv:422,0,1,0.8,2,1,1.0,0,0.05527777777777778,1.0,0.258819045102521,-0.9659258262890682,0,0,0.8,80,5,0,0,0,0,0,1,0,0,0,0,0.148,0,0,0,1,0,0.0,0,0,0.0,1
invictus_enriched.csv:423,1,0,0.8,2,1,1.0,0,0.05527777777777778,1.0,0.258819045102521,-0.9659258262890682,0,0,0.7,81,9,0,0,0,0,0,0,0,0,0,1,0.316,0,0,0,1,0,0.0,0,0,0.0,0
invictus_enriched.csv:424,0,1,0.8,2,1,1.0,0,0.05527777777777778,1.0,0.258819045102521,-0.9659258262890682,0,0,0.8,80,5,0,0,0,0,0,1,0,0,0,0,0.14666666666666667,0,0,0,1,0,0.0,0,0,0.0,1
invictus_enriched.csv:425,0,1,0.8,2,1,1.0,0,0.05527777777777778,1.0,0.258819045102521,-0.9659258262890682,0,0,0.8,80,5,0,0,0,0,0,1,0,0,0,0,0.148,0,0,0,1,0,0.0,0,0,0.0,1
invictus_enriched.csv:426,1,0,0.8,2,1,1.0,0,0.05527777777777778,1.0,0.258819045102521,-0.9659258262890682,0,0,0.7,81,9,0,0,0,0,0,0,0,0,0,1,0.316,0,0,0,1,0,0.0,0,0,0.0,0
invictus_enriched.csv:427,1,0,0.8,2,1,1.0,0,0.05527777777777778,1.0,0.258819045102521,-0.9659258262890682,0,0,0.7,81,9,0,0,0,0,0,0,0,0,0,1,0.31733333333333336,0,0,0,1,0,0.0,0,0,0.0,0
invictus_enriched.csv:428,1,0,0.8,2,1,0.9997222222222222,0,0.05555555555555555,1.0,0.258819045102521,-0.9659258262890682,0,0,0.7,81,9,0,0,0,0,0,0,0,0,0,1,0.316,0,0,0,1,0,0.0,0,0,0.0,0
invictus_enriched.csv:429,1,0,0.8,2,1,1.0,0,0.05555555555555555,1.0,0.258819045102521,-0.9659258262890682,0,0,0.7,81,9,0,0,0,0,0,0,0,0,0,1,0.316,0,0,0,1,0,0.0,0,0,0.0,0
invictus_enriched.csv:430,1,0,0.8,2,1,1.0,0,0.05555555555555555,1.0,0.258819045102521,-0.9659258262890682,0,0,0.7,81,9,0,0,0,0,0,0,0,0,0,1,0.316,0,0,0,1,0,0.0,0,0,0.0,0
invictus_enriched.csv:431,0,1,0.8,2,1,1.0,0,0.05555555555555555,1.0,0.258819045102521,-0.9659258262890682,0,0,0.8,80,5,0,0,0,0,0,1,0,0,0,0,0.148,0,0,0,1,0,0.0,0,0,0.0,1
invictus_enriched.csv:432,0,1,0.8,2,1,1.0,0,0.05555555555555555,1.0,0.258819045102521,-0.9659258262890682,0,0,0.8,80,5,0,0,0,0,0,1,0,0,0,0,0.148,0,0,0,1,0,0.0,0,0,0.0,1
invictus_enriched.csv:433,0,1,0.8,2,1,1.0,0,0.05555555555555555,1.0,0.258819045102521,-0.9659258262890682,0,0,0.8,80,5,0,0,0,0,0,1,0,0,0,0,0.14666666666666667,0,0,0,1,0,0.0,0,0,0.0,1
invictus_enriched.csv:434,0,1,0.8,2,1,1.0,0,0.05555555555555555,1.0,0.258819045102521,-0.9659258262890682,0,0,0.8,80,5,0,0,0,0,0,1,0,0,0,0,0.148,0,0,0,1,0,0.0,0,0,0.0,1
invictus_enriched.csv:435,1,0,0.8,2,1,1.0,0,0.05555555555555555,1.0,0.258819045102521,-0.9659258262890682,0,0,0.7,81,9,0,0,0,0,0,0,0,0,0,1,0.316,0,0,0,1,0,0.0,0,0,0.0,0
invictus_enriched.csv:436,1,0,0.8,2,1,1.0,0,0.05555555555555555,1.0,0.258819045102521,-0.9659258262890682,0,0,0.7,81,9,0,0,0,0,0,0,0,0,0,1,0.31733333333333336,0,0,0,1,0,0.0,0,0,0.0,0
invictus_enriched.csv:437,1,0,0.8,2,1,1.0,0,0.05555555555555555,1.0,0.258819045102521,-0.9659258262890682,0,0,0.7,81,9,0,0,0,0,0,0,0,0,0,1,0.31733333333333336,0,0,0,1,0,0.0,0,0,0.0,0
invictus_enriched.csv:438,1,0,0.8,2,1,1.0,0,0.05555555555555555,1.0,0.258819045102521,-0.9659258262890682,0,0,0.7,81,9,0,0,0,0,0,0,0,0,0,1,0.31733333333333336,0,0,0,1,0,0.0,0,0,0.0,0
invictus_enriched.csv:439,0,1,0.8,2,1,1.0,0,0.05555555555555555,1.0,0.258819045102521,-0.9659258262890682,0,0,0.8,80,5,0,0,0,0,0,1,0,0,0,0,0.14666666666666667,0,0,0,1,0,0.0,0,0,0.0,1
invictus_enriched.csv:440,0,1,0.8,2,1,1.0,0,0.05555555555555555,1.0,0.258819045102521,-0.9659258262890682,0,0,0.8,80,5,0,0,0,0,0,1,0,0,0,0,0.14666666666666667,0,0,0,1,0,0.0,0,0,0.0,1
invictus_enriched.csv:441,0,1,0.8,2,1,1.0,0,0.05555555555555555,1.0,0.258819045102521,-0.9659258262890682,0,0,0.8,80,5,0,0,0,0,0,1,0,0,0,0,0.148,0,0,0,1,0,0.0,0,0,0.0,1
invictus_enriched.csv:442,0,1,0.8,2,1,1.0,0,0.05555555555555555,1.0,0.258819045102521,-0.9659258262890682,0,0,0.8,80,5,0,0,0,0,0,1,0,0,0,0,0.14666666666666667,0,0,0,1,0,0.0,0,0,0.0,1
invictus_enriched.csv:443,1,0,0.8,2,1,1.0,0,0.05555555555555555,1.0,0.258819045102521,-0.9659258262890682,0,0,0.7,81,9,0,0,0,0,0,0,0,0,0,1,0.31733333333333336,0,0,0,1,0,0.0,0,0,0.0,0
invictus_enriched.csv:444,1,0,0.8,2,1,0.9997222222222222,0,0.05583333333333333,1.0,0.258819045102521,-0.9659258262890682,0,0,0.7,81,9,0,0,0,0,0,0,0,0,0,1,0.316,0,0,0,1,0,0.0,0,0,0.0,0
invictus_enriched.csv:445,1,0,0.8,2,1,1.0,0,0.05583333333333333,1.0,0.258819045102521,-0.9659258262890682,0,0,0.7,81,9,0,0,0,0,0,0,0,0,0,1,0.316,0,0,0,1,0,0.0,0,0,0.0,0
invictus_enriched.csv:446,0,1,0.8,2,1,1.0,0,0.05583333333333333,1.0,0.258819045102521,-0.9659258262890682,0,0,0.8,80,5,0,0,0,0,0,1,0,0,0,0,0.14666666666666667,0,0,0,1,0,0.0,0,0,0.0,1
invictus_enriched.csv:447,0,1,0.8,2,1,1.0,0,0.05583333333333333,1.0,0.258819045102521,-0.9659258262890682,0,0,0.8,80,5,0,0,0,0,0,1,0,0,0,0,0.14666666666666667,0,0,0,1,0,0.0,0,0,0.0,1
invictus_enriched.csv:448,0,1,0.8,2,1,0.9975,0,0.058333333333333334,1.0,0.258819045102521,-0.9659258262890682,0,0,0.1,21,3,0,0,0,0,0,1,0,0,0,0,0.064,0,0,0,0,0,0.0,0,0,0.0,0
invictus_enriched.csv:449,0,1,0.8,2,1,0.9986111111111111,0,0.059722222222222225,1.0,0.258819045102521,-0.9659258262890682,0,0,0.1,23,1,0,0,0,0,1,1,0,0,0,0,0.0026666666666666666,0,0,0,0,0,0.0,0,0,0.0,0
invictus_enriched.csv:450,0,1,0.8,2,1,0.9997222222222222,0,0.06,1.0,0.258819045102521,-0.9659258262890682,0,0,0.1,23,1,0,0,0,0,1,1,0,0,0,0,0.0026666666666666666,0,0,0,0,0,0.0,0,0,0.0,0
invictus_enriched.csv:451,0,1,0.8,2,1,0.9997222222222222,1,0.06027777777777778,1.0,0.258819045102521,-0.9659258262890682,0,0,0.1,83,6,0,0,0,0,0,1,0,0,0,0,0.18133333333333335,0,0,0,0,0,0.0,0,0,0.0,0
invictus_enriched.csv:452,1,0,0.8,2,1,1.0,0,0.06027777777777778,1.0,0.258819045102521,-0.9659258262890682,0,0,0.7,81,9,0,0,0,0,0,0,0,0,0,1,0.23466666666666666,0,0,0,1,0,0.0,0,0,0.0,0
invictus_enriched.csv:453,0,1,0.8,2,1,1.0,0,0.06027777777777778,1.0,0.258819045102521,-0.9659258262890682,0,0,0.1,83,6,0,0,0,0,0,1,0,0,0,0,0.18,0,0,0,0,0,0.0,0,0,0.0,0
invictus_enriched.csv:454,1,0,0.8,2,1,1.0,1,0.06027777777777778,1.0,0.258819045102521,-0.9659258262890682,0,0,0.1,84,9,0,0,0,0,0,0,0,0,0,1,0.268,0,0,0,1,0,0.0,0,0,0.0,0
invictus_enriched.csv:455,0,1,0.8,2,1,1.0,1,0.06027777777777778,1.0,0.258819045102521,-0.9659258262890682,0,0,0.1,85,6,0,0,0,0,0,1,0,0,0,0,0.10666666666666667,0,0,0,0,0,0.0,0,0,0.0,0
invictus_enriched.csv:456,0,1,0.8,2,1,1.0,1,0.06027777777777778,1.0,0.258819045102521,-0.9659258262890682,0,0,0.1,86,6,1,0,0,0,0,0,0,0,0,0,0.31733333333333336,0,0,0,0,1,0.0,0,0,0.0,0
invictus_enriched.csv:457,0,1,0.8,2,1,1.0,0,0.06027777777777778,1.0,0.258819045102521,-0.9659258262890682,0,0,0.1,86,6,1,0,0,0,0,0,0,0,0,0,0.31866666666666665,0,0,0,0,1,0.0,0,0,0.0,0
invictus_enriched.csv:458,1,0,0.8,2,1,1.0,0,0.06027777777777778,1.0,0.258819045102521,-0.9659258262890682,0,0,0.7,81,9,0,0,0,0,0,0,0,0,0,1,0.23466666666666666,0,0,0,1,0,0.0,0,0,0.0,0
invictus_enriched.csv:459,1,0,0.8,2,1,1.0,0,0.06027777777777778,1.0,0.258819045102521,-0.9659258262890682,0,0,0.1,84,9,0,0,0,0,0,0,0,0,0,1,0.268,0,0,0,1,0,0.0,0,0,0.0,0
invictus_enriched.csv:460,0,1,0.8,2,1,1.0,0,0.06027777777777778,1.0,0.258819045102521,-0.9659258262890682,0,0,0.1,85,6,0,0,0,0,0,1,0,0,0,0,0.10533333333333333,0,0,0,0,0,0.0,0,0,0.0,0
invictus_enriched.csv:461,1,0,0.8,2,1,1.0,0,0.06027777777777778,1.0,0.258819045102521,-0.9659258262890682,0,0,0.1,84,9,0,0,0,0,0,0,0,0,0,1,0.2693333333333333,0,0,0,1,0,0.0,0,0,0.0,0
invictus_enriched.csv:462,1,0,0.8,2,1,1.0,0,0.06027777777777778,1.0,0.258819045102521,-0.9659258262890682,0,0,0.7,81,9,0,0,0,0,0,0,0,0,0,1,0.23466666666666666,0,0,0,1,0,0.0,0,0,0.0,0
invictus_enriched.csv:463,0,1,0.8,2,1,1.0,0,0.06027777777777778,1.0,0.258819045102521,-0.9659258262890682,0,0,0.1,83,6,0,0,0,0,0,1,0,0,0,0,0.18133333333333335,0,0,0,0,0,0.0,0,0,0.0,0
invictus_enriched.csv:464,0,1,0.8,2,1,1.0,0,0.06027777777777778,1.0,0.258819045102521,-0.9659258262890682,0,0,0.1,83,6,0,0,0,0,0,1,0,0,0,0,0.18133333333333335,0,0,0,0,0,0.0,0,0,0.0,0
invictus_enriched.csv:465,0,1,0.8,2,1,1.0,0,0.06027777777777778,1.0,0.258819045102521,-0.9659258262890682,0,0,0.1,85,6,0,0,0,0,0,1,0,0,0,0,0.10533333333333333,0,0,0,0,0,0.0,0,0,0.0,0
invictus_enriched.csv:466,0,1,0.8,2,1,1.0,0,0.06027777777777778,1.0,0.258819045102521,-0.9659258262890682,0,0,0.1,83,6,0,0,0,0,0,1,0,0,0,0,0.18,0,0,0,0,0,0.0,0,0,0.0,0
invictus_enriched.csv:467,0,1,0.8,2,1,1.0,0,0.06027777777777778,1.0,0.258819045102521,-0.9659258262890682,0,0,0.1,86,6,1,0,0,0,0,0,0,0,0,0,0.31866666666666665,0,0,0,0,1,0.0,0,0,0.0,0
invictus_enriched.csv:468,0,1,0.8,2,1,1.0,0,0.06027777777777778,1.0,0.258819045102521,-0.9659258262890682,0,0,0.1,86,6,1,0,0,0,0,0,0,0,0,0,0.31866666666666665,0,0,0,0,1,0.0,0,0,0.0,0
invictus_enriched.csv:469,0,1,0.8,2,1,1.0,0,0.06027777777777778,1.0,0.258819045102521,-0.9659258262890682,0,0,0.1,86,6,1,0,0,0,0,0,0,0,0,0,0.31733333333333336,0,0,0,0,1,0.0,0,0,0.0,0
invictus_enriched.csv:470,0,1,0.8,2,1,1.0,0,0.06027777777777778,1.0,0.258819045102521,-0.9659258262890682,0,0,0.1,86,6,1,0,0,0,0,0,0,0,0,0,0.31733333333333336,0,0,0,0,1,0.0,0,0,0.0,0
invictus_enriched.csv:471,0,1,0.8,2,1,1.0,0,0.06027777777777778,1.0,0.258819045102521,-0.9659258262890682,0,0,0.1,86,6,1,0,0,0,0,0,0,0,0,0,0.31866666666666665,0,0,0,0,1,0.0,0,0,0.0,0
invictus_enriched.csv:472,0,1,0.8,2,1,1.0,0,0.06027777777777778,1.0,0.258819045102521,-0.9659258262890682,0,0,0.1,86,6,1,0,0,0,0,0,0,0,0,0,0.31866666666666665,0,0,0,0,1,0.0,0,0,0.0,0
invictus_enriched.csv:473,1,0,0.8,2,1,1.0,0,0.06027777777777778,1.0,0.258819045102521,-0.9659258262890682,0,0,0.7,81,9,0,0,0,0,0,0,0,0,0,1,0.23333333333333334,0,0,0,1,0,0.0,0,0,0.0,0
invictus_enriched.csv:474,1,0,0.8,2,1,1.0,0,0.06027777777777778,1.0,0.258819045102521,-0.9659258262890682,0,0,0.7,81,9,0,0,0,0,0,0,0,0,0,1,0.23333333333333334,0,0,0,1,0,0.0,0,0,0.0,0
invictus_enriched.csv:475,0,1,0.8,2,1,1.0,0,0.06027777777777778,1.0,0.258819045102521,-0.9659258262890682,0,0,0.1,85,6,0,0,0,0,0,1,0,0,0,0,0.10666666666666667,0,0,0,0,0,0.0,0,0,0.0,0
invictus_enriched.csv:476,1,0,0.8,2,1,1.0,0,0.06027777777777778,1.0,0.258819045102521,-0.9659258262890682,0,0,0.1,84,9,0,0,0,0,0,0,0,0,0,1,0.2693333333333333,0,0,0,1,0,0.0,0,0,0.0,0
invictus_enriched.csv:477,0,1,0.8,2,1,1.0,0,0.06027777777777778,1.0,0.258819045102521,-0.9659258262890682,0,0,0.1,85,6,0,0,0,0,0,1,0,0,0,0,0.10666666666666667,0,0,0,0,0,0.0,0,0,0.0,0
invictus_enriched.csv:478,0,1,0.8,2,1,1.0,0,0.06027777777777778,1.0,0.258819045102521,-0.9659258262890682,0,0,0.1,85,6,0,0,0,0,0,1,0,0,0,0,0.10533333333333333,0,0,0,0,0,0.0,0,0,0.0,0
invictus_enriched.csv:479,0,1,0.8,2,1,1.0,0,0.06027777777777778,1.0,0.258819045102521,-0.9659258262890682,0,0,0.1,85,6,0,0,0,0,0,1,0,0,0,0,0.10666666666666667,0,0,0,0,0,0.0,0,0,0.0,0
invictus_enriched.csv:480,1,0,0.8,2,1,1.0,0,0.06027777777777778,1.0,0.258819045102521,-0.9659258262890682,0,0,0.7,81,9,0,0,0,0,0,0,0,0,0,1,0.23466666666666666,0,0,0,1,0,0.0,0,0,0.0,0
invictus_enriched.csv:481,1,0,0.8,2,1,1.0,0,0.06027777777777778,1.0,0.258819045102521,-0.9659258262890682,0,0,0.1,84,9,0,0,0,0,0,0,0,0,0,1,0.268,0,0,0,1,0,0.0,0,0,0.0,0
invictus_enriched.csv:482,1,0,0.8,2,1,1.0,0,0.06027777777777778,1.0,0.258819045102521,-0.9659258262890682,0,0,0.7,81,9,0,0,0,0,0,0,0,0,0,1,0.23333333333333334,0,0,0,1,0,0.0,0,0,0.0,0
invictus_enriched.csv:483,0,1,0.8,2,1,1.0,0,0.06027777777777778,1.0,0.258819045102521,-0.9659258262890682,0,0,0.1,85,6,0,0,0,0,0,1,0,0,0,0,0.10533333333333333,0,0,0,0,0,0.0,0,0,0.0,0
invictus_enriched.csv:484,0,1,0.8,2,1,1.0,0,0.06027777777777778,1.0,0.258819045102521,-0.9659258262890682,0,0,0.1,86,6,1,0,0,0,0,0,0,0,0,0,0.31733333333333336,0,0,0,0,1,0.0,0,0,0.0,0
invictus_enriched.csv:485,0,1,0.8,2,1,1.0,0,0.06027777777777778,1.0,0.258819045102521,-0.9659258262890682,0,0,0.1,86,6,1,0,0,0,0,0,0,0,0,0,0.31866666666666665,0,0,0,0,1,0.0,0,0,0.0,0
invictus_enriched.csv:486,1,0,0.8,2,1,1.0,0,0.06027777777777778,1.0,0.258819045102521,-0.9659258262890682,0,0,0.1,84,9,0,0,0,0,0,0,0,0,0,1,0.2693333333333333,0,0,0,1,0,0.0,0,0,0.0,0
invictus_enriched.csv:487,0,1,0.8,2,1,1.0,0,0.06027777777777778,1.0,0.258819045102521,-0.9659258262890682,0,0,0.1,85,6,0,0,0,0,0,1,0,0,0,0,0.10666666666666667,0,0,0,0,0,0.0,0,0,0.0,0
invictus_enriched.csv:488,1,0,0.8,2,1,1.0,0,0.06027777777777778,1.0,0.258819045102521,-0.9659258262890682,0,0,0.1,84,9,0,0,0,0,0,0,0,0,0,1,0.2693333333333333,0,0,0,1,0,0.0,0,0,0.0,0
invictus_enriched.csv:489,0,1,0.8,2,1,1.0,0,0.06027777777777778,1.0,0.258819045102521,-0.9659258262890682,0,0,0.1,85,6,0,0,0,0,0,1,0,0,0,0,0.10666666666666667,0,0,0,0,0,0.0,0,0,0.0,0
invictus_enriched.csv:490,1,0,0.8,2,1,1.0,0,0.06027777777777778,1.0,0.258819045102521,-0.9659258262890682,0,0,0.1,84,9,0,0,0,0,0,0,0,0,0,1,0.2693333333333333,0,0,0,1,0,0.0,0,0,0.0,0
invictus_enriched.csv:491,1,0,0.8,2,1,1.0,0,0.06027777777777778,1.0,0.258819045102521,-0.9659258262890682,0,0,0.7,81,9,0,0,0,0,0,0,0,0,0,1,0.23466666666666666,0,0,0,1,0,0.0,0,0,0.0,0
invictus_enriched.csv:492,1,0,0.8,2,1,1.0,0,0.06027777777777778,1.0,0.258819045102521,-0.9659258262890682,0,0,0.7,81,9,0,0,0,0,0,0,0,0,0,1,0.23466666666666666,0,0,0,1,0,0.0,0,0,0.0,0
invictus_enriched.csv:493,1,0,0.8,2,1,1.0,0,0.06027777777777778,1.0,0.258819045102521,-0.9659258262890682,0,0,0.1,84,9,0,0,0,0,0,0,0,0,0,1,0.2693333333333333,0,0,0,1,0,0.0,0,0,0.0,0
invictus_enriched.csv:494,1,0,0.8,2,1,1.0,0,0.06027777777777778,1.0,0.258819045102521,-0.9659258262890682,0,0,0.7,81,9,0,0,0,0,0,0,0,0,0,1,0.23333333333333334,0,0,0,1,0,0.0,0,0,0.0,0
invictus_enriched.csv:495,1,0,0.8,2,1,1.0,0,0.06027777777777778,1.0,0.258819045102521,-0.9659258262890682,0,0,0.1,84,9,0,0,0,0,0,0,0,0,0,1,0.268,0,0,0,1,0,0.0,0,0,0.0,0
invictus_enriched.csv:496,1,0,0.8,2,1,0.9997222222222222,0,0.06055555555555556,1.0,0.258819045102521,-0.9659258262890682,0,0,0.1,84,9,0,0,0,0,0,0,0,0,0,1,0.2693333333333333,0,0,0,1,0,0.0,0,0,0.0,0
invictus_enriched.csv:497,0,1,0.8,2,1,1.0,1,0.06055555555555556,1.0,0.258819045102521,-0.9659258262890682,0,0,0.1,87,6,0,0,0,0,0,1,0,0,0,0,0.12133333333333333,0,0,0,0,0,0.0,0,0,0.0,0
invictus_enriched.csv:498,0,1,0.8,2,1,1.0,0,0.06055555555555556,1.0,0.258819045102521,-0.9659258262890682,0,0,0.1,87,6,0,0,0,0,0,1,0,0,0,0,0.12133333333333333,0,0,0,0,0,0.0,0,0,0.0,0
invictus_enriched.csv:499,0,1,0.8,2,1,1.0,0,0.06055555555555556,1.0,0.258819045102521,-0.9659258262890682,0,0,0.1,87,6,0,0,0,0,0,1,0,0,0,0,0.12,0,0,0,0,0,0.0,0,0,0.0,0
invictus_enriched.csv:500,1,0,0.8,2,1,1.0,0,0.06055555555555556,1.0,0.258819045102521,-0.9659258262890682,0,0,0.1,84,9,0,0,0,0,0,0,0,0,0,1,0.2693333333333333,0,0,0,1,0,0.0,0,0,0.0,0
invictus_enriched.csv:501,0,1,0.8,2,1,1.0,0,0.06055555555555556,1.0,0.258819045102521,-0.9659258262890682,0,0,0.1,86,6,1,0,0,0,0,0,0,0,0,0,0.31866666666666665,0,0,0,0,1,0.0,0,0,0.0,0
invictus_enriched.csv:502,0,1,0.8,2,1,1.0,0,0.06055555555555556,1.0,0.258819045102521,-0.9659258262890682,0,0,0.1,87,6,0,0,0,0,0,1,0,0,0,0,0.12133333333333333,0,0,0,0,0,0.0,0,0,0.0,0
invictus_enriched.csv:503,0,1,0.8,2,1,1.0,0,0.06055555555555556,1.0,0.258819045102521,-0.9659258262890682,0,0,0.1,83,6,0,0,0,0,0,1,0,0,0,0,0.18133333333333335,0,0,0,0,0,0.0,0,0,0.0,0
invictus_enriched.csv:504,1,0,0.8,2,1,1.0,0,0.06055555555555556,1.0,0.258819045102521,-0.9659258262890682,0,0,0.1,84,9,0,0,0,0,0,0,0,0,0,1,0.268,0,0,0,1,0,0.0,0,0,0.0,0
invictus_enriched.csv:505,1,0,0.8,2,1,1.0,0,0.06055555555555556,1.0,0.258819045102521,-0.9659258262890682,0,0,0.1,84,9,0,0,0,0,0,0,0,0,0,1,0.268,0,0,0,1,0,0.0,0,0,0.0,0
invictus_enriched.csv:506,1,0,0.8,2,1,1.0,0,0.06055555555555556,1.0,0.258819045102521,-0.9659258262890682,0,0,0.1,84,9,0,0,0,0,0,0,0,0,0,1,0.2693333333333333,0,0,0,1,0,0.0,0,0,0.0,0
invictus_enriched.csv:507,0,1,0.8,2,1,1.0,0,0.06055555555555556,1.0,0.258819045102521,-0.9659258262890682,0,0,0.1,87,6,0,0,0,0,0,1,0,0,0,0,0.12,0,0,0,0,0,0.0,0,0,0.0,0
invictus_enriched.csv:508,0,1,0.8,2,1,1.0,0,0.06055555555555556,1.0,0.258819045102521,-0.9659258262890682,0,0,0.1,87,6,0,0,0,0,0,1,0,0,0,0,0.12,0,0,0,0,0,0.0,0,0,0.0,0
invictus_enriched.csv:509,0,1,0.8,2,1,1.0,0,0.06055555555555556,1.0,0.258819045102521,-0.9659258262890682,0,0,0.1,86,6,1,0,0,0,0,0,0,0,0,0,0.31733333333333336,0,0,0,0,1,0.0,0,0,0.0,0
invictus_enriched.csv:510,0,1,0.8,2,1,1.0,0,0.06055555555555556,1.0,0.258819045102521,-0.9659258262890682,0,0,0.1,83,6,0,0,0,0,0,1,0,0,0,0,0.18,0,0,0,0,0,0.0,0,0,0.0,0
invictus_enriched.csv:511,1,0,0.8,2,1,1.0,0,0.06055555555555556,1.0,0.258819045102521,-0.9659258262890682,0,0,0.1,84,9,0,0,0,0,0,0,0,0,0,1,0.2693333333333333,0,0,0,1,0,0.0,0,0,0.0,0
invictus_enriched.csv:512,0,1,0.8,2,1,1.0,0,0.06055555555555556,1.0,0.258819045102521,-0.9659258262890682,0,0,0.1,83,6,0,0,0,0,0,1,0,0,0,0,0.18133333333333335,0,0,0,0,0,0.0,0,0,0.0,0
invictus_enriched.csv:513,0,1,0.8,2,1,1.0,0,0.06055555555555556,1.0,0.258819045102521,-0.9659258262890682,0,0,0.1,86,6,1,0,0,0,0,0,0,0,0,0,0.31866666666666665,0,0,0,0,1,0.0,0,0,0.0,0
invictus_enriched.csv:514,0,1,0.8,2,1,1.0,0,0.06055555555555556,1.0,0.258819045102521,-0.9659258262890682,0,0,0.1,86,6,1,0,0,0,0,0,0,0,0,0,0.31866666666666665,0,0,0,0,1,0.0,0,0,0.0,0
invictus_enriched.csv:515,0,1,0.8,2,1,1.0,0,0.06055555555555556,1.0,0.258819045102521,-0.9659258262890682,0,0,0.1,86,6,1,0,0,0,0,0,0,0,0,0,0.31866666666666665,0,0,0,0,1,0.0,0,0,0.0,0
invictus_enriched.csv:516,0,1,0.8,2,1,1.0,0,0.06055555555555556,1.0,0.258819045102521,-0.9659258262890682,0,0,0.1,86,6,1,0,0,0,0,0,0,0,0,0,0.31866666666666665,0,0,0,0,1,0.0,0,0,0.0,0
invictus_enriched.csv:517,0,1,0.8,2,1,1.0,0,0.06055555555555556,1.0,0.258819045102521,-0.9659258262890682,0,0,0.1,83,6,0,0,0,0,0,1,0,0,0,0,0.18133333333333335,0,0,0,0,0,0.0,0,0,0.0,0
invictus_enriched.csv:518,0,1,0.8,2,1,1.0,0,0.06055555555555556,1.0,0.258819045102521,-0.9659258262890682,0,0,0.1,87,6,0,0,0,0,0,1,0,0,0,0,0.12133333333333333,0,0,0,0,0,0.0,0,0,0.0,0
invictus_enriched.csv:519,0,1,0.8,2,1,1.0,0,0.06055555555555556,1.0,0.258819045102521,-0.9659258262890682,0,0,0.1,87,6,0,0,0,0,0,1,0,0,0,0,0.12,0,0,0,0,0,0.0,0,0,0.0,0
invictus_enriched.csv:520,1,0,0.8,2,1,1.0,0,0.06055555555555556,1.0,0.258819045102521,-0.9659258262890682,0,0,0.1,84,9,0,0,0,0,0,0,0,0,0,1,0.2693333333333333,0,0,0,1,0,0.0,0,0,0.0,0
invictus_enriched.csv:521,0,1,0.8,2,1,1.0,0,0.06055555555555556,1.0,0.258819045102521,-0.9659258262890682,0,0,0.1,86,6,1,0,0,0,0,0,0,0,0,0,0.31866666666666665,0,0,0,0,1,0.0,0,0,0.0,0
invictus_enriched.csv:522,1,0,0.8,2,1,1.0,0,0.06055555555555556,1.0,0.258819045102521,-0.9659258262890682,0,0,0.1,84,9,0,0,0,0,0,0,0,0,0,1,0.2693333333333333,0,0,0,1,0,0.0,0,0,0.0,0
invictus_enriched.csv:523,0,1,0.8,2,1,1.0,0,0.06055555555555556,1.0,0.258819045102521,-0.9659258262890682,0,0,0.1,86,6,1,0,0,0,0,0,0,0,0,0,0.31866666666666665,0,0,0,0,1,0.0,0,0,0.0,0
invictus_enriched.csv:524,1,0,0.8,2,1,1.0,0,0.06055555555555556,1.0,0.258819045102521,-0.9659258262890682,0,0,0.1,84,9,0,0,0,0,0,0,0,0,0,1,0.2693333333333333,0,0,0,1,0,0.0,0,0,0.0,0
invictus_enriched.csv:525,0,1,0.8,2,1,1.0,0,0.06055555555555556,1.0,0.258819045102521,-0.9659258262890682,0,0,0.1,83,6,0,0,0,0,0,1,0,0,0,0,0.18,0,0,0,0,0,0.0,0,0,0.0,0
invictus_enriched.csv:526,0,1,0.8,2,1,1.0,0,0.06055555555555556,1.0,0.258819045102521,-0.9659258262890682,0,0,0.1,86,6,1,0,0,0,0,0,0,0,0,0,0.31866666666666665,0,0,0,0,1,0.0,0,0,0.0,0
invictus_enriched.csv:527,0,1,0.8,2,1,1.0,0,0.06055555555555556,1.0,0.258819045102521,-0.9659258262890682,0,0,0.1,86,6,1,0,0,0,0,0,0,0,0,0,0.31733333333333336,0,0,0,0,1,0.0,0,0,0.0,0
invictus_enriched.csv:528,0,1,0.8,2,1,1.0,0,0.06055555555555556,1.0,0.258819045102521,-0.9659258262890682,0,0,0.1,87,6,0,0,0,0,0,1,0,0,0,0,0.12133333333333333,0,0,0,0,0,0.0,0,0,0.0,0
invictus_enriched.csv:529,0,1,0.8,2,1,1.0,0,0.06055555555555556,1.0,0.258819045102521,-0.9659258262890682,0,0,0.1,87,6,0,0,0,0,0,1,0,0,0,0,0.12133333333333333,0,0,0,0,0,0.0,0,0,0.0,0
invictus_enriched.csv:530,1,0,0.8,2,1,1.0,0,0.06055555555555556,1.0,0.258819045102521,-0.9659258262890682,0,0,0.1,84,9,0,0,0,0,0,0,0,0,0,1,0.2693333333333333,0,0,0,1,0,0.0,0,0,0.0,0
invictus_enriched.csv:531,0,1,0.8,2,1,0.9997222222222222,0,0.060833333333333336,1.0,0.258819045102521,-0.9659258262890682,0,0,0.1,85,6,0,0,0,0,0,1,0,0,0,0,0.10533333333333333,0,0,0,0,0,0.0,0,0,0.0,0
invictus_enriched.csv:532,1,0,0.8,2,1,1.0,0,0.060833333333333336,1.0,0.258819045102521,-0.9659258262890682,0,0,0.7,81,9,0,0,0,0,0,0,0,0,0,1,0.23466666666666666,0,0,0,1,0,0.0,0,0,0.0,0
invictus_enriched.csv:533,1,0,0.8,2,1,1.0,0,0.060833333333333336,1.0,0.258819045102521,-0.9659258262890682,0,0,0.7,81,9,0,0,0,0,0,0,0,0,0,1,0.23466666666666666,0,0,0,1,0,0.0,0,0,0.0,0
invictus_enriched.csv:534,0,1,0.8,2,1,1.0,0,0.060833333333333336,1.0,0.258819045102521,-0.9659258262890682,0,0,0.1,85,6,0,0,0,0,0,1,0,0,0,0,0.10666666666666667,0,0,0,0,0,0.0,0,0,0.0,0
invictus_enriched.csv:535,1,0,0.8,2,1,1.0,0,0.060833333333333336,1.0,0.258819045102521,-0.9659258262890682,0,0,0.7,81,9,0,0,0,0,0,0,0,0,0,1,0.23466666666666666,0,0,0,1,0,0.0,0,0,0.0,0
invictus_enriched.csv:536,0,1,0.8,2,1,1.0,0,0.060833333333333336,1.0,0.258819045102521,-0.9659258262890682,0,0,0.1,85,6,0,0,0,0,0,1,0,0,0,0,0.10666666666666667,0,0,0,0,0,0.0,0,0,0.0,0
invictus_enriched.csv:537,0,1,0.8,2,1,1.0,0,0.060833333333333336,1.0,0.258819045102521,-0.9659258262890682,0,0,0.1,85,6,0,0,0,0,0,1,0,0,0,0,0.10666666666666667,0,0,0,0,0,0.0,0,0,0.0,0
invictus_enriched.csv:538,0,1,0.8,2,1,1.0,0,0.060833333333333336,1.0,0.258819045102521,-0.9659258262890682,0,0,0.1,83,6,0,0,0,0,0,1,0,0,0,0,0.18133333333333335,0,0,0,0,0,0.0,0,0,0.0,0
invictus_enriched.csv:539,1,0,0.8,2,1,1.0,0,0.060833333333333336,1.0,0.258819045102521,-0.9659258262890682,0,0,0.7,81,9,0,0,0,0,0,0,0,0,0,1,0.23466666666666666,0,0,0,1,0,0.0,0,0,0.0,0
invictus_enriched.csv:540,0,1,0.8,2,1,1.0,0,0.060833333333333336,1.0,0.258819045102521,-0.9659258262890682,0,0,0.1,83,6,0,0,0,0,0,1,0,0,0,0,0.18133333333333335,0,0,0,0,0,0.0,0,0,0.0,0
invictus_enriched.csv:541,0,1,0.8,2,1,1.0,0,0.060833333333333336,1.0,0.258819045102521,-0.9659258262890682,0,0,0.1,85,6,0,0,0,0,0,1,0,0,0,0,0.10666666666666667,0,0,0,0,0,0.0,0,0,0.0,0
invictus_enriched.csv:542,0,1,0.8,2,1,1.0,0,0.060833333333333336,1.0,0.258819045102521,-0.9659258262890682,0,0,0.1,83,6,0,0,0,0,0,1,0,0,0,0,0.18133333333333335,0,0,0,0,0,0.0,0,0,0.0,0
invictus_enriched.csv:543,0,1,0.8,2,1,1.0,0,0.060833333333333336,1.0,0.258819045102521,-0.9659258262890682,0,0,0.1,85,6,0,0,0,0,0,1,0,0,0,0,0.10666666666666667,0,0,0,0,0,0.0,0,0,0.0,0
invictus_enriched.csv:544,1,0,0.8,2,1,1.0,0,0.060833333333333336,1.0,0.258819045102521,-0.9659258262890682,0,0,0.7,81,9,0,0,0,0,0,0,0,0,0,1,0.23466666666666666,0,0,0,1,0,0.0,0,0,0.0,0
invictus_enriched.csv:545,0,1,0.8,2,1,1.0,0,0.060833333333333336,1.0,0.258819045102521,-0.9659258262890682,0,0,0.1,83,6,0,0,0,0,0,1,0,0,0,0,0.18133333333333335,0,0,0,0,0,0.0,0,0,0.0,0
invictus_enriched.csv:546,0,1,0.8,2,1,1.0,0,0.060833333333333336,1.0,0.258819045102521,-0.9659258262890682,0,0,0.1,83,6,0,0,0,0,0,1,0,0,0,0,0.18133333333333335,0,0,0,0,0,0.0,0,0,0.0,0
invictus_enriched.csv:547,0,1,0.8,2,1,1.0,0,0.060833333333333336,1.0,0.258819045102521,-0.9659258262890682,0,0,0.1,83,6,0,0,0,0,0,1,0,0,0,0,0.18,0,0,0,0,0,0.0,0,0,0.0,0
invictus_enriched.csv:548,0,1,0.8,2,1,1.0,0,0.060833333333333336,1.0,0.258819045102521,-0.9659258262890682,0,0,0.1,85,6,0,0,0,0,0,1,0,0,0,0,0.10666666666666667,0,0,0,0,0,0.0,0,0,0.0,0
invictus_enriched.csv:549,0,1,0.8,2,1,1.0,0,0.060833333333333336,1.0,0.258819045102521,-0.9659258262890682,0,0,0.1,83,6,0,0,0,0,0,1,0,0,0,0,0.18133333333333335,0,0,0,0,0,0.0,0,0,0.0,0
invictus_enriched.csv:550,1,0,0.8,2,1,1.0,0,0.060833333333333336,1.0,0.258819045102521,-0.9659258262890682,0,0,0.7,81,9,0,0,0,0,0,0,0,0,0,1,0.23466666666666666,0,0,0,1,0,0.0,0,0,0.0,0
invictus_enriched.csv:551,0,1,0.8,2,1,1.0,0,0.060833333333333336,1.0,0.258819045102521,-0.9659258262890682,0,0,0.1,85,6,0,0,0,0,0,1,0,0,0,0,0.10666666666666667,0,0,0,0,0,0.0,0,0,0.0,0
invictus_enriched.csv:552,0,1,0.8,2,1,1.0,0,0.060833333333333336,1.0,0.258819045102521,-0.9659258262890682,0,0,0.1,83,6,0,0,0,0,0,1,0,0,0,0,0.18133333333333335,0,0,0,0,0,0.0,0,0,0.0,0
invictus_enriched.csv:553,0,1,0.8,2,1,1.0,0,0.060833333333333336,1.0,0.258819045102521,-0.9659258262890682,0,0,0.1,85,6,0,0,0,0,0,1,0,0,0,0,0.10533333333333333,0,0,0,0,0,0.0,0,0,0.0,0
invictus_enriched.csv:554,0,1,0.8,2,1,1.0,0,0.060833333333333336,1.0,0.258819045102521,-0.9659258262890682,0,0,0.1,85,6,0,0,0,0,0,1,0,0,0,0,0.10666666666666667,0,0,0,0,0,0.0,0,0,0.0,0
invictus_enriched.csv:555,1,0,0.8,2,1,1.0,0,0.060833333333333336,1.0,0.258819045102521,-0.9659258262890682,0,0,0.7,81,9,0,0,0,0,0,0,0,0,0,1,0.23466666666666666,0,0,0,1,0,0.0,0,0,0.0,0
invictus_enriched.csv:556,0,1,0.8,2,1,1.0,0,0.060833333333333336,1.0,0.258819045102521,-0.9659258262890682,0,0,0.1,83,6,0,0,0,0,0,1,0,0,0,0,0.18,0,0,0,0,0,0.0,0,0,0.0,0
invictus_enriched.csv:557,0,1,0.8,2,1,1.0,0,0.060833333333333336,1.0,0.258819045102521,-0.9659258262890682,0,0,0.1,83,6,0,0,0,0,0,1,0,0,0,0,0.18133333333333335,0,0,0,0,0,0.0,0,0,0.0,0
invictus_enriched.csv:558,1,0,0.8,2,1,1.0,0,0.060833333333333336,1.0,0.258819045102521,-0.9659258262890682,0,0,0.7,81,9,0,0,0,0,0,0,0,0,0,1,0.23466666666666666,0,0,0,1,0,0.0,0,0,0.0,0
invictus_enriched.csv:559,1,0,0.8,2,1,1.0,0,0.060833333333333336,1.0,0.258819045102521,-0.9659258262890682,0,0,0.7,81,9,0,0,0,0,0,0,0,0,0,1,0.23333333333333334,0,0,0,1,0,0.0,0,0,0.0,0
invictus_enriched.csv:560,1,0,0.8,2,1,1.0,0,0.060833333333333336,1.0,0.258819045102521,-0.9659258262890682,0,0,0.7,81,9,0,0,0,0,0,0,0,0,0,1,0.23333333333333334,0,0,0,1,0,0.0,0,0,0.0,0
invictus_enriched.csv:561,0,1,0.8,2,1,0.9997222222222222,0,0.06111111111111111,1.0,0.258819045102521,-0.9659258262890682,0,0,0.1,87,6,0,0,0,0,0,1,0,0,0,0,0.12,0,0,0,0,0,0.0,0,0,0.0,0
invictus_enriched.csv:562,0,1,0.8,2,1,1.0,0,0.06111111111111111,1.0,0.258819045102521,-0.9659258262890682,0,0,0.1,86,6,1,0,1,0,0,0,0,0,0,0,0.0026666666666666666,0,0,0,0,1,0.0,0,0,0.0,0
invictus_enriched.csv:563,0,1,0.8,2,1,1.0,0,0.06111111111111111,1.0,0.258819045102521,-0.9659258262890682,0,0,0.1,86,6,1,0,1,0,0,0,0,0,0,0,0.0026666666666666666,0,0,0,0,1,0.0,0,0,0.0,0
invictus_enriched.csv:564,0,1,0.8,2,1,1.0,0,0.06111111111111111,1.0,0.258819045102521,-0.9659258262890682,0,0,0.1,87,6,0,0,0,0,0,1,0,0,0,0,0.12133333333333333,0,0,0,0,0,0.0,0,0,0.0,0
invictus_enriched.csv:565,0,1,0.8,2,1,1.0,0,0.06111111111111111,1.0,0.258819045102521,-0.9659258262890682,0,0,0.1,87,6,0,0,0,0,0,1,0,0,0,0,0.12133333333333333,0,0,0,0,0,0.0,0,0,0.0,0
invictus_enriched.csv:566,0,1,0.8,2,1,1.0,0,0.06111111111111111,1.0,0.258819045102521,-0.9659258262890682,0,0,0.1,87,6,0,0,0,0,0,1,0,0,0,0,0.12133333333333333,0,0,0,0,0,0.0,0,0,0.0,0
invictus_enriched.csv:567,0,1,0.8,2,1,1.0,0,0.06111111111111111,1.0,0.258819045102521,-0.9659258262890682,0,0,0.1,87,6,0,0,0,0,0,1,0,0,0,0,0.12133333333333333,0,0,0,0,0,0.0,0,0,0.0,0
invictus_enriched.csv:568,0,1,0.8,2,1,1.0,0,0.06111111111111111,1.0,0.258819045102521,-0.9659258262890682,0,0,0.1,86,6,1,0,1,0,0,0,0,0,0,0,0.0026666666666666666,0,0,0,0,1,0.0,0,0,0.0,0
invictus_enriched.csv:569,0,1,0.8,2,1,1.0,0,0.06111111111111111,1.0,0.258819045102521,-0.9659258262890682,0,0,0.1,86,6,1,0,1,0,0,0,0,0,0,0,0.0026666666666666666,0,0,0,0,1,0.0,0,0,0.0,0
invictus_enriched.csv:570,0,1,0.8,2,1,1.0,0,0.06111111111111111,1.0,0.258819045102521,-0.9659258262890682,0,0,0.1,86,6,1,0,1,0,0,0,0,0,0,0,0.0026666666666666666,0,0,0,0,1,0.0,0,0,0.0,0
invictus_enriched.csv:571,0,1,0.8,2,1,1.0,0,0.06111111111111111,1.0,0.258819045102521,-0.9659258262890682,0,0,0.1,86,6,1,0,1,0,0,0,0,0,0,0,0.0026666666666666666,0,0,0,0,1,0.0,0,0,0.0,0
invictus_enriched.csv:572,0,1,0.8,2,1,1.0,0,0.06111111111111111,1.0,0.258819045102521,-0.9659258262890682,0,0,0.1,87,6,0,0,0,0,0,1,0,0,0,0,0.12133333333333333,0,0,0,0,0,0.0,0,0,0.0,0
invictus_enriched.csv:573,1,0,0.5,3,1,0.9922222222222222,0,0.015833333333333335,0.9473684210526316,0.258819045102521,-0.9659258262890682,0,0,0.1,74,6,1,0,0,0,0,0,0,0,0,1,0.39466666666666667,0,0,0,0,0,0.0,0,0,0.0,0
invictus_enriched.csv:574,1,0,0.5,3,1,1.0,1,0.015833333333333335,1.0,0.258819045102521,-0.9659258262890682,0,0,0.1,88,6,1,0,0,0,0,0,0,0,0,1,1.0,0,0,0,0,1,0.0,0,0,0.0,0
invictus_enriched.csv:575,0,1,0.8,2,1,1.0,0,0.06111111111111111,1.0,0.258819045102521,-0.9659258262890682,0,0,0.1,87,6,0,0,0,0,0,1,0,0,0,0,0.12133333333333333,0,0,0,0,0,0.0,0,0,0.0,0
invictus_enriched.csv:576,0,1,0.8,2,1,1.0,0,0.06111111111111111,1.0,0.258819045102521,-0.9659258262890682,0,0,0.1,86,6,1,0,1,0,0,0,0,0,0,0,0.0026666666666666666,0,0,0,0,1,0.0,0,0,0.0,0
invictus_enriched.csv:577,0,1,0.8,2,1,1.0,0,0.06111111111111111,1.0,0.258819045102521,-0.9659258262890682,0,0,0.1,87,6,0,0,0,0,0,1,0,0,0,0,0.12133333333333333,0,0,0,0,0,0.0,0,0,0.0,0
invictus_enriched.csv:578,1,0,0.5,3,1,1.0,0,0.015833333333333335,1.0,0.258819045102521,-0.9659258262890682,0,0,0.1,74,6,1,0,0,0,0,0,0,0,0,1,0.39866666666666667,0,0,0,0,0,0.0,0,0,0.0,0
invictus_enriched.csv:579,1,0,0.5,3,1,1.0,1,0.015833333333333335,1.0,0.258819045102521,-0.9659258262890682,0,0,0.1,89,6,1,0,0,0,0,0,0,0,0,1,0.6213333333333333,0,0,0,0,1,0.0,0,0,0.0,0
invictus_enriched.csv:580,0,1,0.8,2,1,1.0,0,0.06111111111111111,1.0,0.258819045102521,-0.9659258262890682,0,0,0.1,86,6,1,0,1,0,0,0,0,0,0,0,0.0026666666666666666,0,0,0,0,1,0.0,0,0,0.0,0
invictus_enriched.csv:581,0,1,0.8,2,1,1.0,0,0.06111111111111111,1.0,0.258819045102521,-0.9659258262890682,0,0,0.1,86,6,1,0,1,0,0,0,0,0,0,0,0.0026666666666666666,0,0,0,0,1,0.0,0,0,0.0,0
invictus_enriched.csv:582,0,1,0.8,2,1,1.0,0,0.06111111111111111,1.0,0.258819045102521,-0.9659258262890682,0,0,0.1,87,6,0,0,0,0,0,1,0,0,0,0,0.12,0,0,0,0,0,0.0,0,0,0.0,0
invictus_enriched.csv:583,0,1,0.8,2,1,1.0,0,0.06111111111111111,1.0,0.258819045102521,-0.9659258262890682,0,0,0.1,86,6,1,0,1,0,0,0,0,0,0,0,0.0026666666666666666,0,0,0,0,1,0.0,0,0,0.0,0
invictus_enriched.csv:584,0,1,0.8,2,1,1.0,0,0.06111111111111111,1.0,0.258819045102521,-0.9659258262890682,0,0,0.1,87,6,0,0,0,0,0,1,0,0,0,0,0.12133333333333333,0,0,0,0,0,0.0,0,0,0.0,0
invictus_enriched.csv:585,0,1,0.8,2,1,0.9997222222222222,0,0.06138888888888889,1.0,0.258819045102521,-0.9659258262890682,0,0,0.1,86,6,1,0,1,0,0,0,0,0,0,0,0.0026666666666666666,0,0,0,0,1,0.0,0,0,0.0,0
invictus_enriched.csv:586,1,0,0.8,2,1,1.0,0,0.06138888888888889,1.0,0.258819045102521,-0.9659258262890682,0,0,0.1,84,9,0,0,0,0,0,0,0,0,0,1,0.2693333333333333,0,0,0,1,0,0.0,0,0,0.0,0
invictus_enriched.csv:587,0,1,0.8,2,1,1.0,0,0.06138888888888889,1.0,0.258819045102521,-0.9659258262890682,0,0,0.1,86,6,1,0,0,0,0,0,0,0,0,0,0.31866666666666665,0,0,0,0,1,0.0,0,0,0.0,0
invictus_enriched.csv:588,1,0,0.8,2,1,1.0,0,0.06138888888888889,1.0,0.258819045102521,-0.9659258262890682,0,0,0.7,81,9,0,0,0,0,0,0,0,0,0,1,0.23466666666666666,0,0,0,1,0,0.0,0,0,0.0,0
invictus_enriched.csv:589,0,1,0.8,2,1,1.0,0,0.06138888888888889,1.0,0.258819045102521,-0.9659258262890682,0,0,0.1,86,6,1,0,1,0,0,0,0,0,0,0,0.0026666666666666666,0,0,0,0,1,0.0,0,0,0.0,0
invictus_enriched.csv:590,1,0,0.8,2,1,1.0,0,0.06138888888888889,1.0,0.258819045102521,-0.9659258262890682,0,0,0.1,84,9,0,0,0,0,0,0,0,0,0,1,0.268,0,0,0,1,0,0.0,0,0,0.0,0
invictus_enriched.csv:591,0,1,0.8,2,1,1.0,0,0.06138888888888889,1.0,0.258819045102521,-0.9659258262890682,0,0,0.1,86,6,1,0,0,0,0,0,0,0,0,0,0.31866666666666665,0,0,0,0,1,0.0,0,0,0.0,0
invictus_enriched.csv:592,0,1,0.8,2,1,1.0,0,0.06138888888888889,1.0,0.258819045102521,-0.9659258262890682,0,0,0.1,86,6,1,0,1,0,0,0,0,0,0,0,0.0026666666666666666,0,0,0,0,1,0.0,0,0,0.0,0
invictus_enriched.csv:593,0,1,0.8,2,1,1.0,0,0.06138888888888889,1.0,0.258819045102521,-0.9659258262890682,0,0,0.1,85,6,0,0,0,0,0,1,0,0,0,0,0.10666666666666667,0,0,0,0,0,0.0,0,0,0.0,0
invictus_enriched.csv:594,0,1,0.8,2,1,1.0,0,0.06138888888888889,1.0,0.258819045102521,-0.9659258262890682,0,0,0.1,85,6,0,0,0,0,0,1,0,0,0,0,0.10533333333333333,0,0,0,0,0,0.0,0,0,0.0,0
invictus_enriched.csv:595,0,1,0.8,2,1,1.0,0,0.06138888888888889,1.0,0.258819045102521,-0.9659258262890682,0,0,0.1,86,6,1,0,0,0,0,0,0,0,0,0,0.31733333333333336,0,0,0,0,1,0.0,0,0,0.0,0
invictus_enriched.csv:596,0,1,0.8,2,1,1.0,0,0.06138888888888889,1.0,0.258819045102521,-0.9659258262890682,0,0,0.1,86,6,1,0,1,0,0,0,0,0,0,0,0.0026666666666666666,0,0,0,0,1,0.0,0,0,0.0,0
invictus_enriched.csv:597,1,0,0.8,2,1,1.0,0,0.06138888888888889,1.0,0.258819045102521,-0.9659258262890682,0,0,0.1,84,9,0,0,0,0,0,0,0,0,0,1,0.2693333333333333,0,0,0,1,0,0.0,0,0,0.0,0
invictus_enriched.csv:598,1,0,0.8,2,1,1.0,0,0.06138888888888889,1.0,0.258819045102521,-0.9659258262890682,0,0,0.1,84,9,0,0,0,0,0,0,0,0,0,1,0.268,0,0,0,1,0,0.0,0,0,0.0,0
invictus_enriched.csv:599,0,1,0.8,2,1,1.0,0,0.06138888888888889,1.0,0.258819045102521,-0.9659258262890682,0,0,0.1,86,6,1,0,0,0,0,0,0,0,0,0,0.31733333333333336,0,0,0,0,1,0.0,0,0,0.0,0
invictus_enriched.csv:600,1,0,0.8,2,1,1.0,0,0.06138888888888889,1.0,0.258819045102521,-0.9659258262890682,0,0,0.7,81,9,0,0,0,0,0,0,0,0,0,1,0.23333333333333334,0,0,0,1,0,0.0,0,0,0.0,0
invictus_enriched.csv:601,0,1,0.8,2,1,1.0,0,0.06138888888888889,1.0,0.258819045102521,-0.9659258262890682,0,0,0.1,86,6,1,0,1,0,0,0,0,0,0,0,0.0026666666666666666,0,0,0,0,1,0.0,0,0,0.0,0
invictus_enriched.csv:602,0,1,0.8,2,1,1.0,0,0.06138888888888889,1.0,0.258819045102521,-0.9659258262890682,0,0,0.1,86,6,1,0,1,0,0,0,0,0,0,0,0.0026666666666666666,0,0,0,0,1,0.0,0,0,0.0,0
invictus_enriched.csv:603,0,1,0.8,2,1,0.9997222222222222,0,0.06166666666666667,1.0,0.258819045102521,-0.9659258262890682,0,0,0.1,83,6,0,0,0,0,0,1,0,0,0,0,0.18133333333333335,0,0,0,0,0,0.0,0,0,0.0,0
invictus_enriched.csv:604,0,1,0.8,2,1,1.0,0,0.06166666666666667,1.0,0.258819045102521,-0.9659258262890682,0,0,0.1,87,6,0,0,0,0,0,1,0,0,0,0,0.12133333333333333,0,0,0,0,0,0.0,0,0,0.0,0
invictus_enriched.csv:605,0,1,0.8,2,1,1.0,0,0.06166666666666667,1.0,0.258819045102521,-0.9659258262890682,0,0,0.1,87,6,0,0,0,0,0,1,0,0,0,0,0.12,0,0,0,0,0,0.0,0,0,0.0,0
invictus_enriched.csv:606,0,1,0.8,2,1,1.0,0,0.06166666666666667,1.0,0.258819045102521,-0.9659258262890682,0,0,0.1,85,6,0,0,0,0,0,1,0,0,0,0,0.10666666666666667,0,0,0,0,0,0.0,0,0,0.0,0
invictus_enriched.csv:607,0,1,0.8,2,1,1.0,0,0.06166666666666667,1.0,0.258819045102521,-0.9659258262890682,0,0,0.1,87,6,0,0,0,0,0,1,0,0,0,0,0.12,0,0,0,0,0,0.0,0,0,0.0,0
invictus_enriched.csv:608,0,1,0.8,2,1,1.0,0,0.06166666666666667,1.0,0.258819045102521,-0.9659258262890682,0,0,0.1,85,6,0,0,0,0,0,1,0,0,0,0,0.10533333333333333,0,0,0,0,0,0.0,0,0,0.0,0
invictus_enriched.csv:609,1,0,0.8,2,1,1.0,0,0.06166666666666667,1.0,0.258819045102521,-0.9659258262890682,0,0,0.7,81,9,0,0,0,0,0,0,0,0,0,1,0.23333333333333334,0,0,0,1,0,0.0,0,0,0.0,0
invictus_enriched.csv:610,0,1,0.8,2,1,1.0,0,0.06166666666666667,1.0,0.258819045102521,-0.9659258262890682,0,0,0.1,87,6,0,0,0,0,0,1,0,0,0,0,0.12133333333333333,0,0,0,0,0,0.0,0,0,0.0,0
invictus_enriched.csv:611,0,1,0.8,2,1,1.0,0,0.06166666666666667,1.0,0.258819045102521,-0.9659258262890682,0,0,0.1,83,6,0,0,0,0,0,1,0,0,0,0,0.18,0,0,0,0,0,0.0,0,0,0.0,0
invictus_enriched.csv:612,1,0,0.8,2,1,1.0,0,0.06166666666666667,1.0,0.258819045102521,-0.9659258262890682,0,0,0.7,81,9,0,0,0,0,0,0,0,0,0,1,0.23466666666666666,0,0,0,1,0,0.0,0,0,0.0,0
invictus_enriched.csv:613,0,1,0.8,2,1,1.0,0,0.06166666666666667,1.0,0.258819045102521,-0.9659258262890682,0,0,0.1,83,6,0,0,0,0,0,1,0,0,0,0,0.18,0,0,0,0,0,0.0,0,0,0.0,0
invictus_enriched.csv:614,0,1,0.8,2,1,1.0,0,0.06166666666666667,1.0,0.258819045102521,-0.9659258262890682,0,0,0.1,83,6,0,0,0,0,0,1,0,0,0,0,0.18133333333333335,0,0,0,0,0,0.0,0,0,0.0,0
invictus_enriched.csv:615,1,0,0.8,2,1,0.9997222222222222,0,0.06194444444444445,1.0,0.258819045102521,-0.9659258262890682,0,0,0.1,84,9,0,0,0,0,0,0,0,0,0,1,0.2693333333333333,0,0,0,1,0,0.0,0,0,0.0,0
invictus_enriched.csv:616,0,1,0.8,2,1,1.0,0,0.06194444444444445,1.0,0.258819045102521,-0.9659258262890682,0,0,0.1,85,6,0,0,0,0,0,1,0,0,0,0,0.10666666666666667,0,0,0,0,0,0.0,0,0,0.0,0
invictus_enriched.csv:617,1,0,0.8,2,1,1.0,0,0.06194444444444445,1.0,0.258819045102521,-0.9659258262890682,0,0,0.7,81,9,0,0,0,0,0,0,0,0,0,1,0.23466666666666666,0,0,0,1,0,0.0,0,0,0.0,0
invictus_enriched.csv:618,1,0,0.8,2,1,1.0,0,0.06194444444444445,1.0,0.258819045102521,-0.9659258262890682,0,0,0.7,81,9,0,0,0,0,0,0,0,0,0,1,0.23466666666666666,0,0,0,1,0,0.0,0,0,0.0,0
invictus_enriched.csv:619,1,0,0.8,2,1,1.0,0,0.06194444444444445,1.0,0.258819045102521,-0.9659258262890682,0,0,0.1,84,9,0,0,0,0,0,0,0,0,0,1,0.2693333333333333,0,0,0,1,0,0.0,0,0,0.0,0
invictus_enriched.csv:620,0,1,0.8,2,1,1.0,0,0.06194444444444445,1.0,0.258819045102521,-0.9659258262890682,0,0,0.1,86,6,1,0,0,0,0,0,0,0,0,0,0.31866666666666665,0,0,0,0,1,0.0,0,0,0.0,0
invictus_enriched.csv:621,0,1,0.8,2,1,1.0,0,0.06194444444444445,1.0,0.258819045102521,-0.9659258262890682,0,0,0.1,85,6,0,0,0,0,0,1,0,0,0,0,0.10666666666666667,0,0,0,0,0,0.0,0,0,0.0,0
invictus_enriched.csv:622,0,1,0.8,2,1,1.0,0,0.06194444444444445,1.0,0.258819045102521,-0.9659258262890682,0,0,0.1,85,6,0,0,0,0,0,1,0,0,0,0,0.10666666666666667,0,0,0,0,0,0.0,0,0,0.0,0
invictus_enriched.csv:623,0,1,0.8,2,1,1.0,0,0.06194444444444445,1.0,0.258819045102521,-0.9659258262890682,0,0,0.1,86,6,1,0,0,0,0,0,0,0,0,0,0.31866666666666665,0,0,0,0,1,0.0,0,0,0.0,0
invictus_enriched.csv:624,0,1,0.8,2,1,1.0,0,0.06194444444444445,1.0,0.258819045102521,-0.9659258262890682,0,0,0.1,85,6,0,0,0,0,0,1,0,0,0,0,0.10666666666666667,0,0,0,0,0,0.0,0,0,0.0,0
invictus_enriched.csv:625,1,0,0.8,2,1,1.0,0,0.06194444444444445,1.0,0.258819045102521,-0.9659258262890682,0,0,0.1,84,9,0,0,0,0,0,0,0,0,0,1,0.2693333333333333,0,0,0,1,0,0.0,0,0,0.0,0
invictus_enriched.csv:626,1,0,0.8,2,1,1.0,0,0.06194444444444445,1.0,0.258819045102521,-0.9659258262890682,0,0,0.7,81,9,0,0,0,0,0,0,0,0,0,1,0.23466666666666666,0,0,0,1,0,0.0,0,0,0.0,0
invictus_enriched.csv:627,0,1,0.8,2,1,1.0,0,0.06194444444444445,1.0,0.258819045102521,-0.9659258262890682,0,0,0.1,86,6,1,0,0,0,0,0,0,0,0,0,0.31866666666666665,0,0,0,0,1,0.0,0,0,0.0,0
invictus_enriched.csv:628,0,1,0.8,2,1,1.0,0,0.06194444444444445,1.0,0.258819045102521,-0.9659258262890682,0,0,0.1,86,6,1,0,0,0,0,0,0,0,0,0,0.31866666666666665,0,0,0,0,1,0.0,0,0,0.0,0
invictus_enriched.csv:629,0,1,0.8,2,1,1.0,0,0.06194444444444445,1.0,0.258819045102521,-0.9659258262890682,0,0,0.1,86,6,1,0,1,0,0,0,0,0,0,0,0.0026666666666666666,0,0,0,0,1,0.0,0,0,0.0,0
invictus_enriched.csv:630,0,1,0.8,2,1,1.0,0,0.06194444444444445,1.0,0.258819045102521,-0.9659258262890682,0,0,0.1,85,6,0,0,0,0,0,1,0,0,0,0,0.10666666666666667,0,0,0,0,0,0.0,0,0,0.0,0
invictus_enriched.csv:631,1,0,0.8,2,1,1.0,0,0.06194444444444445,1.0,0.258819045102521,-0.9659258262890682,0,0,0.1,84,9,0,0,0,0,0,0,0,0,0,1,0.2693333333333333,0,0,0,1,0,0.0,0,0,0.0,0
invictus_enriched.csv:632,1,0,0.8,2,1,1.0,0,0.06194444444444445,1.0,0.258819045102521,-0.9659258262890682,0,0,0.7,81,9,0,0,0,0,0,0,0,0,0,1,0.23466666666666666,0,0,0,1,0,0.0,0,0,0.0,0
invictus_enriched.csv:633,1,0,0.8,2,1,1.0,0,0.06194444444444445,1.0,0.258819045102521,-0.9659258262890682,0,0,0.7,81,9,0,0,0,0,0,0,0,0,0,1,0.23466666666666666,0,0,0,1,0,0.0,0,0,0.0,0
invictus_enriched.csv:634,0,1,0.8,2,1,1.0,0,0.06194444444444445,1.0,0.258819045102521,-0.9659258262890682,0,0,0.1,86,6,1,0,1,0,0,0,0,0,0,0,0.0026666666666666666,0,0,0,0,1,0.0,0,0,0.0,0
invictus_enriched.csv:635,0,1,0.8,2,1,1.0,0,0.06194444444444445,1.0,0.258819045102521,-0.9659258262890682,0,0,0.1,86,6,1,0,1,0,0,0,0,0,0,0,0.0026666666666666666,0,0,0,0,1,0.0,0,0,0.0,0
invictus_enriched.csv:636,1,0,0.8,2,1,1.0,0,0.06194444444444445,1.0,0.258819045102521,-0.9659258262890682,0,0,0.1,84,9,0,0,0,0,0,0,0,0,0,1,0.2693333333333333,0,0,0,1,0,0.0,0,0,0.0,0
invictus_enriched.csv:637,1,0,0.8,2,1,1.0,0,0.06194444444444445,1.0,0.258819045102521,-0.9659258262890682,0,0,0.7,81,9,0,0,0,0,0,0,0,0,0,1,0.23466666666666666,0,0,0,1,0,0.0,0,0,0.0,0
invictus_enriched.csv:638,1,0,0.8,2,1,1.0,0,0.06194444444444445,1.0,0.258819045102521,-0.9659258262890682,0,0,0.1,84,9,0,0,0,0,0,0,0,0,0,1,0.2693333333333333,0,0,0,1,0,0.0,0,0,0.0,0
invictus_enriched.csv:639,0,1,0.8,2,1,1.0,0,0.06194444444444445,1.0,0.258819045102521,-0.9659258262890682,0,0,0.1,86,6,1,0,0,0,0,0,0,0,0,0,0.31866666666666665,0,0,0,0,1,0.0,0,0,0.0,0
invictus_enriched.csv:640,0,1,0.8,2,1,1.0,0,0.06194444444444445,1.0,0.258819045102521,-0.9659258262890682,0,0,0.1,86,6,1,0,1,0,0,0,0,0,0,0,0.0026666666666666666,0,0,0,0,1,0.0,0,0,0.0,0
invictus_enriched.csv:641,0,1,0.8,2,1,1.0,0,0.06194444444444445,1.0,0.258819045102521,-0.9659258262890682,0,0,0.1,86,6,1,0,0,0,0,0,0,0,0,0,0.31866666666666665,0,0,0,0,1,0.0,0,0,0.0,0
invictus_enriched.csv:642,0,1,0.8,2,1,1.0,0,0.06194444444444445,1.0,0.258819045102521,-0.9659258262890682,0,0,0.1,85,6,0,0,0,0,0,1,0,0,0,0,0.10666666666666667,0,0,0,0,0,0.0,0,0,0.0,0
invictus_enriched.csv:643,0,1,0.8,2,1,0.9997222222222222,0,0.06222222222222222,1.0,0.258819045102521,-0.9659258262890682,0,0,0.1,86,6,1,0,0,0,0,0,0,0,0,0,0.31866666666666665,0,0,0,0,1,0.0,0,0,0.0,0
invictus_enriched.csv:644,0,1,0.8,2,1,1.0,0,0.06222222222222222,1.0,0.258819045102521,-0.9659258262890682,0,0,0.1,86,6,1,0,1,0,0,0,0,0,0,0,0.0026666666666666666,0,0,0,0,1,0.0,0,0,0.0,0
invictus_enriched.csv:645,1,0,0.8,2,1,1.0,0,0.06222222222222222,1.0,0.258819045102521,-0.9659258262890682,0,0,0.1,84,9,0,0,0,0,0,0,0,0,0,1,0.2693333333333333,0,0,0,1,0,0.0,0,0,0.0,0
invictus_enriched.csv:646,0,1,0.8,2,1,1.0,0,0.06222222222222222,1.0,0.258819045102521,-0.9659258262890682,0,0,0.1,83,6,0,0,0,0,0,1,0,0,0,0,0.18133333333333335,0,0,0,0,0,0.0,0,0,0.0,0
invictus_enriched.csv:647,0,1,0.8,2,1,1.0,0,0.06222222222222222,1.0,0.258819045102521,-0.9659258262890682,0,0,0.1,83,6,0,0,0,0,0,1,0,0,0,0,0.18133333333333335,0,0,0,0,0,0.0,0,0,0.0,0
invictus_enriched.csv:648,0,1,0.8,2,1,1.0,0,0.06222222222222222,1.0,0.258819045102521,-0.9659258262890682,0,0,0.1,83,6,0,0,0,0,0,1,0,0,0,0,0.18133333333333335,0,0,0,0,0,0.0,0,0,0.0,0
invictus_enriched.csv:649,0,1,0.8,2,1,1.0,0,0.06222222222222222,1.0,0.258819045102521,-0.9659258262890682,0,0,0.1,83,6,0,0,0,0,0,1,0,0,0,0,0.18133333333333335,0,0,0,0,0,0.0,0,0,0.0,0
invictus_enriched.csv:650,1,0,0.8,2,1,1.0,0,0.06222222222222222,1.0,0.258819045102521,-0.9659258262890682,0,0,0.1,84,9,0,0,0,0,0,0,0,0,0,1,0.2693333333333333,0,0,0,1,0,0.0,0,0,0.0,0
invictus_enriched.csv:651,0,1,0.8,2,1,1.0,0,0.06222222222222222,1.0,0.258819045102521,-0.9659258262890682,0,0,0.1,87,6,0,0,0,0,0,1,0,0,0,0,0.12133333333333333,0,0,0,0,0,0.0,0,0,0.0,0
invictus_enriched.csv:652,0,1,0.8,2,1,1.0,0,0.06222222222222222,1.0,0.258819045102521,-0.9659258262890682,0,0,0.1,87,6,0,0,0,0,0,1,0,0,0,0,0.12133333333333333,0,0,0,0,0,0.0,0,0,0.0,0
invictus_enriched.csv:653,0,1,0.8,2,1,1.0,0,0.06222222222222222,1.0,0.258819045102521,-0.9659258262890682,0,0,0.1,83,6,0,0,0,0,0,1,0,0,0,0,0.18133333333333335,0,0,0,0,0,0.0,0,0,0.0,0
invictus_enriched.csv:654,0,1,0.8,2,1,1.0,0,0.06222222222222222,1.0,0.258819045102521,-0.9659258262890682,0,0,0.1,86,6,1,0,0,0,0,0,0,0,0,0,0.31866666666666665,0,0,0,0,1,0.0,0,0,0.0,0
invictus_enriched.csv:655,0,1,0.8,2,1,1.0,0,0.06222222222222222,1.0,0.258819045102521,-0.9659258262890682,0,0,0.1,86,6,1,0,0,0,0,0,0,0,0,0,0.31866666666666665,0,0,0,0,1,0.0,0,0,0.0,0
invictus_enriched.csv:656,0,1,0.8,2,1,1.0,0,0.06222222222222222,1.0,0.258819045102521,-0.9659258262890682,0,0,0.1,86,6,1,0,1,0,0,0,0,0,0,0,0.0026666666666666666,0,0,0,0,1,0.0,0,0,0.0,0
invictus_enriched.csv:657,1,0,0.8,2,1,1.0,0,0.06222222222222222,1.0,0.258819045102521,-0.9659258262890682,0,0,0.1,84,9,0,0,0,0,0,0,0,0,0,1,0.2693333333333333,0,0,0,1,0,0.0,0,0,0.0,0
invictus_enriched.csv:658,0,1,0.8,2,1,1.0,0,0.06222222222222222,1.0,0.258819045102521,-0.9659258262890682,0,0,0.1,87,6,0,0,0,0,0,1,0,0,0,0,0.12133333333333333,0,0,0,0,0,0.0,0,0,0.0,0
invictus_enriched.csv:659,0,1,0.8,2,1,1.0,0,0.06222222222222222,1.0,0.258819045102521,-0.9659258262890682,0,0,0.1,83,6,0,0,0,0,0,1,0,0,0,0,0.18133333333333335,0,0,0,0,0,0.0,0,0,0.0,0
invictus_enriched.csv:660,0,1,0.8,2,1,1.0,0,0.06222222222222222,1.0,0.258819045102521,-0.9659258262890682,0,0,0.1,87,6,0,0,0,0,0,1,0,0,0,0,0.12133333333333333,0,0,0,0,0,0.0,0,0,0.0,0
invictus_enriched.csv:661,0,1,0.8,2,1,1.0,0,0.06222222222222222,1.0,0.258819045102521,-0.9659258262890682,0,0,0.1,87,6,0,0,0,0,0,1,0,0,0,0,0.12133333333333333,0,0,0,0,0,0.0,0,0,0.0,0
invictus_enriched.csv:662,0,1,0.8,2,1,1.0,0,0.06222222222222222,1.0,0.258819045102521,-0.9659258262890682,0,0,0.1,87,6,0,0,0,0,0,1,0,0,0,0,0.12133333333333333,0,0,0,0,0,0.0,0,0,0.0,0
invictus_enriched.csv:663,1,0,0.8,2,1,1.0,0,0.06222222222222222,1.0,0.258819045102521,-0.9659258262890682,0,0,0.1,84,9,0,0,0,0,0,0,0,0,0,1,0.2693333333333333,0,0,0,1,0,0.0,0,0,0.0,0
invictus_enriched.csv:664,0,1,0.8,2,1,0.9997222222222222,0,0.0625,1.0,0.258819045102521,-0.9659258262890682,0,0,0.1,83,6,0,0,0,0,0,1,0,0,0,0,0.18133333333333335,0,0,0,0,0,0.0,0,0,0.0,0
invictus_enriched.csv:665,0,1,0.8,2,1,1.0,0,0.0625,1.0,0.258819045102521,-0.9659258262890682,0,0,0.1,85,6,0,0,0,0,0,1,0,0,0,0,0.10666666666666667,0,0,0,0,0,0.0,0,0,0.0,0
invictus_enriched.csv:666,0,1,0.8,2,1,1.0,0,0.0625,1.0,0.258819045102521,-0.9659258262890682,0,0,0.1,86,6,1,0,1,0,0,0,0,0,0,0,0.0026666666666666666,0,0,0,0,1,0.0,0,0,0.0,0
invictus_enriched.csv:667,0,1,0.8,2,1,1.0,0,0.0625,1.0,0.258819045102521,-0.9659258262890682,0,0,0.1,85,6,0,0,0,0,0,1,0,0,0,0,0.10666666666666667,0,0,0,0,0,0.0,0,0,0.0,0
invictus_enriched.csv:668,0,1,0.8,2,1,1.0,0,0.0625,1.0,0.258819045102521,-0.9659258262890682,0,0,0.1,86,6,1,0,0,0,0,0,0,0,0,0,0.31866666666666665,0,0,0,0,1,0.0,0,0,0.0,0
invictus_enriched.csv:669,1,0,0.8,2,1,1.0,0,0.0625,1.0,0.258819045102521,-0.9659258262890682,0,0,0.7,81,9,0,0,0,0,0,0,0,0,0,1,0.23466666666666666,0,0,0,1,0,0.0,0,0,0.0,0
invictus_enriched.csv:670,1,0,0.8,2,1,1.0,0,0.0625,1.0,0.258819045102521,-0.9659258262890682,0,0,0.7,81,9,0,0,0,0,0,0,0,0,0,1,0.23466666666666666,0,0,0,1,0,0.0,0,0,0.0,0
invictus_enriched.csv:671,0,1,0.8,2,1,1.0,0,0.0625,1.0,0.258819045102521,-0.9659258262890682,0,0,0.1,85,6,0,0,0,0,0,1,0,0,0,0,0.10666666666666667,0,0,0,0,0,0.0,0,0,0.0,0
invictus_enriched.csv:672,0,1,0.8,2,1,1.0,0,0.0625,1.0,0.258819045102521,-0.9659258262890682,0,0,0.1,83,6,0,0,0,0,0,1,0,0,0,0,0.18133333333333335,0,0,0,0,0,0.0,0,0,0.0,0
invictus_enriched.csv:673,0,1,0.8,2,1,1.0,0,0.0625,1.0,0.258819045102521,-0.9659258262890682,0,0,0.1,86,6,1,0,1,0,0,0,0,0,0,0,0.0026666666666666666,0,0,0,0,1,0.0,0,0,0.0,0
invictus_enriched.csv:674,0,1,0.8,2,1,1.0,0,0.0625,1.0,0.258819045102521,-0.9659258262890682,0,0,0.1,85,6,0,0,0,0,0,1,0,0,0,0,0.10666666666666667,0,0,0,0,0,0.0,0,0,0.0,0
invictus_enriched.csv:675,1,0,0.8,2,1,1.0,0,0.0625,1.0,0.258819045102521,-0.9659258262890682,0,0,0.7,81,9,0,0,0,0,0,0,0,0,0,1,0.23466666666666666,0,0,0,1,0,0.0,0,0,0.0,0
invictus_enriched.csv:676,0,1,0.8,2,1,1.0,0,0.0625,1.0,0.258819045102521,-0.9659258262890682,0,0,0.1,83,6,0,0,0,0,0,1,0,0,0,0,0.18133333333333335,0,0,0,0,0,0.0,0,0,0.0,0
invictus_enriched.csv:677,1,0,0.8,2,1,1.0,0,0.0625,1.0,0.258819045102521,-0.9659258262890682,0,0,0.7,81,9,0,0,0,0,0,0,0,0,0,1,0.23466666666666666,0,0,0,1,0,0.0,0,0,0.0,0
invictus_enriched.csv:678,0,1,0.8,2,1,1.0,0,0.0625,1.0,0.258819045102521,-0.9659258262890682,0,0,0.1,83,6,0,0,0,0,0,1,0,0,0,0,0.18133333333333335,0,0,0,0,0,0.0,0,0,0.0,0
invictus_enriched.csv:679,1,0,0.8,2,1,0.9997222222222222,0,0.06277777777777778,1.0,0.258819045102521,-0.9659258262890682,0,0,0.7,81,9,0,0,0,0,0,0,0,0,0,1,0.23466666666666666,0,0,0,1,0,0.0,0,0,0.0,0
invictus_enriched.csv:680,0,1,0.8,2,1,1.0,0,0.06277777777777778,1.0,0.258819045102521,-0.9659258262890682,0,0,0.1,85,6,0,0,0,0,0,1,0,0,0,0,0.10666666666666667,0,0,0,0,0,0.0,0,0,0.0,0
invictus_enriched.csv:681,0,1,0.8,2,1,1.0,0,0.06277777777777778,1.0,0.258819045102521,-0.9659258262890682,0,0,0.1,87,6,0,0,0,0,0,1,0,0,0,0,0.12133333333333333,0,0,0,0,0,0.0,0,0,0.0,0
invictus_enriched.csv:682,1,0,0.8,2,1,1.0,0,0.06277777777777778,1.0,0.258819045102521,-0.9659258262890682,0,0,0.1,84,9,0,0,0,0,0,0,0,0,0,1,0.2693333333333333,0,0,0,1,0,0.0,0,0,0.0,0
invictus_enriched.csv:683,1,0,0.8,2,1,1.0,0,0.06277777777777778,1.0,0.258819045102521,-0.9659258262890682,0,0,0.1,84,9,0,0,0,0,0,0,0,0,0,1,0.268,0,0,0,1,0,0.0,0,0,0.0,0
invictus_enriched.csv:684,0,1,0.8,2,1,1.0,0,0.06277777777777778,1.0,0.258819045102521,-0.9659258262890682,0,0,0.1,87,6,0,0,0,0,0,1,0,0,0,0,0.12133333333333333,0,0,0,0,0,0.0,0,0,0.0,0
invictus_enriched.csv:685,0,1,0.8,2,1,1.0,0,0.06277777777777778,1.0,0.258819045102521,-0.9659258262890682,0,0,0.1,86,6,1,0,0,0,0,0,0,0,0,0,0.31733333333333336,0,0,0,0,1,0.0,0,0,0.0,0
invictus_enriched.csv:686,0,1,0.8,2,1,1.0,0,0.06277777777777778,1.0,0.258819045102521,-0.9659258262890682,0,0,0.1,86,6,1,0,0,0,0,0,0,0,0,0,0.31866666666666665,0,0,0,0,1,0.0,0,0,0.0,0
invictus_enriched.csv:687,0,1,0.8,2,1,1.0,0,0.06277777777777778,1.0,0.258819045102521,-0.9659258262890682,0,0,0.1,87,6,0,0,0,0,0,1,0,0,0,0,0.12133333333333333,0,0,0,0,0,0.0,0,0,0.0,0
invictus_enriched.csv:688,0,1,0.8,2,1,1.0,0,0.06277777777777778,1.0,0.258819045102521,-0.9659258262890682,0,0,0.1,87,6,0,0,0,0,0,1,0,0,0,0,0.12133333333333333,0,0,0,0,0,0.0,0,0,0.0,0
invictus_enriched.csv:689,0,1,0.8,2,1,1.0,0,0.06277777777777778,1.0,0.258819045102521,-0.9659258262890682,0,0,0.1,85,6,0,0,0,0,0,1,0,0,0,0,0.10666666666666667,0,0,0,0,0,0.0,0,0,0.0,0
invictus_enriched.csv:690,1,0,0.8,2,1,1.0,0,0.06277777777777778,1.0,0.258819045102521,-0.9659258262890682,0,0,0.1,84,9,0,0,0,0,0,0,0,0,0,1,0.2693333333333333,0,0,0,1,0,0.0,0,0,0.0,0
invictus_enriched.csv:691,1,0,0.8,2,1,1.0,0,0.06277777777777778,1.0,0.258819045102521,-0.9659258262890682,0,0,0.7,81,9,0,0,0,0,0,0,0,0,0,1,0.23466666666666666,0,0,0,1,0,0.0,0,0,0.0,0
invictus_enriched.csv:692,0,1,0.8,2,1,1.0,0,0.06277777777777778,1.0,0.258819045102521,-0.9659258262890682,0,0,0.1,86,6,1,0,0,0,0,0,0,0,0,0,0.31866666666666665,0,0,0,0,1,0.0,0,0,0.0,0
invictus_enriched.csv:693,0,1,0.8,2,1,0.9997222222222222,0,0.06305555555555556,1.0,0.258819045102521,-0.9659258262890682,0,0,0.1,86,6,1,0,0,0,0,0,0,0,0,0,0.31866666666666665,0,0,0,0,1,0.0,0,0,0.0,0
invictus_enriched.csv:694,0,1,0.8,2,1,1.0,0,0.06305555555555556,1.0,0.258819045102521,-0.9659258262890682,0,0,0.1,87,6,0,0,0,0,0,1,0,0,0,0,0.12133333333333333,0,0,0,0,0,0.0,0,0,0.0,0
invictus_enriched.csv:695,0,1,0.8,2,1,1.0,0,0.06305555555555556,1.0,0.258819045102521,-0.9659258262890682,0,0,0.1,87,6,0,0,0,0,0,1,0,0,0,0,0.12,0,0,0,0,0,0.0,0,0,0.0,0
invictus_enriched.csv:696,0,1,0.8,2,1,1.0,0,0.06305555555555556,1.0,0.258819045102521,-0.9659258262890682,0,0,0.1,87,6,0,0,0,0,0,1,0,0,0,0,0.12133333333333333,0,0,0,0,0,0.0,0,0,0.0,0
invictus_enriched.csv:697,1,0,0.8,2,1,1.0,0,0.06305555555555556,1.0,0.258819045102521,-0.9659258262890682,0,0,0.7,81,9,0,0,0,0,0,0,0,0,0,1,0.23466666666666666,0,0,0,1,0,0.0,0,0,0.0,0
invictus_enriched.csv:698,1,0,0.8,2,1,1.0,0,0.06305555555555556,1.0,0.258819045102521,-0.9659258262890682,0,0,0.7,81,9,0,0,0,0,0,0,0,0,0,1,0.23466666666666666,0,0,0,1,0,0.0,0,0,0.0,0
invictus_enriched.csv:699,1,0,0.8,2,1,1.0,0,0.06305555555555556,1.0,0.258819045102521,-0.9659258262890682,0,0,0.1,84,9,0,0,0,0,0,0,0,0,0,1,0.2693333333333333,0,0,0,1,0,0.0,0,0,0.0,0
invictus_enriched.csv:700,0,1,0.8,2,1,1.0,0,0.06305555555555556,1.0,0.258819045102521,-0.9659258262890682,0,0,0.1,83,6,0,0,0,0,0,1,0,0,0,0,0.18133333333333335,0,0,0,0,0,0.0,0,0,0.0,0
invictus_enriched.csv:701,0,1,0.8,2,1,1.0,0,0.06305555555555556,1.0,0.258819045102521,-0.9659258262890682,0,0,0.1,85,6,0,0,0,0,0,1,0,0,0,0,0.10666666666666667,0,0,0,0,0,0.0,0,0,0.0,0
invictus_enriched.csv:702,1,0,0.8,2,1,1.0,0,0.06305555555555556,1.0,0.258819045102521,-0.9659258262890682,0,0,0.7,81,9,0,0,0,0,0,0,0,0,0,1,0.23466666666666666,0,0,0,1,0,0.0,0,0,0.0,0
invictus_enriched.csv:703,0,1,0.8,2,1,1.0,0,0.06305555555555556,1.0,0.258819045102521,-0.9659258262890682,0,0,0.1,85,6,0,0,0,0,0,1,0,0,0,0,0.10666666666666667,0,0,0,0,0,0.0,0,0,0.0,0
invictus_enriched.csv:704,1,0,0.8,2,1,1.0,0,0.06305555555555556,1.0,0.258819045102521,-0.9659258262890682,0,0,0.7,81,9,0,0,0,0,0,0,0,0,0,1,0.23333333333333334,0,0,0,1,0,0.0,0,0,0.0,0
invictus_enriched.csv:705,0,1,0.8,2,1,1.0,0,0.06305555555555556,1.0,0.258819045102521,-0.9659258262890682,0,0,0.1,85,6,0,0,0,0,0,1,0,0,0,0,0.10666666666666667,0,0,0,0,0,0.0,0,0,0.0,0
invictus_enriched.csv:706,0,1,0.8,2,1,1.0,0,0.06305555555555556,1.0,0.258819045102521,-0.9659258262890682,0,0,0.1,83,6,0,0,1,0,0,1,0,0,0,0,0.0026666666666666666,0,0,0,0,0,0.0,0,0,0.0,0
invictus_enriched.csv:707,0,1,0.8,2,1,1.0,0,0.06305555555555556,1.0,0.258819045102521,-0.9659258262890682,0,0,0.1,86,6,1,0,0,0,0,0,0,0,0,0,0.31866666666666665,0,0,0,0,1,0.0,0,0,0.0,0
invictus_enriched.csv:708,1,0,0.8,2,1,1.0,0,0.06305555555555556,1.0,0.258819045102521,-0.9659258262890682,0,0,0.1,84,9,0,0,0,0,0,0,0,0,0,1,0.2693333333333333,0,0,0,1,0,0.0,0,0,0.0,0
invictus_enriched.csv:709,0,1,0.8,2,1,1.0,0,0.06305555555555556,1.0,0.258819045102521,-0.9659258262890682,0,0,0.1,86,6,1,0,0,0,0,0,0,0,0,0,0.31866666666666665,0,0,0,0,1,0.0,0,0,0.0,0
invictus_enriched.csv:710,0,1,0.8,2,1,1.0,0,0.06305555555555556,1.0,0.258819045102521,-0.9659258262890682,0,0,0.1,83,6,0,0,0,0,0,1,0,0,0,0,0.18,0,0,0,0,0,0.0,0,0,0.0,0
invictus_enriched.csv:711,1,0,0.8,2,1,1.0,0,0.06305555555555556,1.0,0.258819045102521,-0.9659258262890682,0,0,0.1,84,9,0,0,0,0,0,0,0,0,0,1,0.2693333333333333,0,0,0,1,0,0.0,0,0,0.0,0
invictus_enriched.csv:712,0,1,0.8,2,1,1.0,0,0.06305555555555556,1.0,0.258819045102521,-0.9659258262890682,0,0,0.1,86,6,1,0,0,0,0,0,0,0,0,0,0.31866666666666665,0,0,0,0,1,0.0,0,0,0.0,0
invictus_enriched.csv:713,0,1,0.8,2,1,1.0,0,0.06305555555555556,1.0,0.258819045102521,-0.9659258262890682,0,0,0.1,85,6,0,0,0,0,0,1,0,0,0,0,0.10533333333333333,0,0,0,0,0,0.0,0,0,0.0,0
invictus_enriched.csv:714,0,1,0.8,2,1,1.0,0,0.06305555555555556,1.0,0.258819045102521,-0.9659258262890682,0,0,0.1,85,6,0,0,0,0,0,1,0,0,0,0,0.10666666666666667,0,0,0,0,0,0.0,0,0,0.0,0
invictus_enriched.csv:715,0,1,0.8,2,1,1.0,0,0.06305555555555556,1.0,0.258819045102521,-0.9659258262890682,0,0,0.1,83,6,0,0,0,0,0,1,0,0,0,0,0.18133333333333335,0,0,0,0,0,0.0,0,0,0.0,0
invictus_enriched.csv:716,1,0,0.8,2,1,1.0,0,0.06305555555555556,1.0,0.258819045102521,-0.9659258262890682,0,0,0.7,81,9,0,0,0,0,0,0,0,0,0,1,0.23466666666666666,0,0,0,1,0,0.0,0,0,0.0,0
invictus_enriched.csv:717,1,0,0.8,2,1,1.0,0,0.06305555555555556,1.0,0.258819045102521,-0.9659258262890682,0,0,0.1,84,9,0,0,0,0,0,0,0,0,0,1,0.2693333333333333,0,0,0,1,0,0.0,0,0,0.0,0
invictus_enriched.csv:718,0,1,0.8,2,1,0.9997222222222222,0,0.06333333333333334,1.0,0.258819045102521,-0.9659258262890682,0,0,0.1,83,6,0,0,0,0,0,1,0,0,0,0,0.18133333333333335,0,0,0,0,0,0.0,0,0,0.0,0
invictus_enriched.csv:719,0,1,0.8,2,1,1.0,0,0.06333333333333334,1.0,0.258819045102521,-0.9659258262890682,0,0,0.1,83,6,0,0,0,0,0,1,0,0,0,0,0.18133333333333335,0,0,0,0,0,0.0,0,0,0.0,0
invictus_enriched.csv:720,0,1,0.8,2,1,1.0,0,0.06333333333333334,1.0,0.258819045102521,-0.9659258262890682,0,0,0.1,83,6,0,0,0,0,0,1,0,0,0,0,0.18133333333333335,0,0,0,0,0,0.0,0,0,0.0,0
invictus_enriched.csv:721,0,1,0.8,2,1,1.0,0,0.06333333333333334,1.0,0.258819045102521,-0.9659258262890682,0,0,0.1,83,6,0,0,0,0,0,1,0,0,0,0,0.18133333333333335,0,0,0,0,0,0.0,0,0,0.0,0
invictus_enriched.csv:722,0,1,0.8,2,1,1.0,0,0.06333333333333334,1.0,0.258819045102521,-0.9659258262890682,0,0,0.1,87,6,0,0,0,0,0,1,0,0,0,0,0.12133333333333333,0,0,0,0,0,0.0,0,0,0.0,0
invictus_enriched.csv:723,0,1,0.8,2,1,1.0,0,0.06333333333333334,1.0,0.258819045102521,-0.9659258262890682,0,0,0.1,87,6,0,0,0,0,0,1,0,0,0,0,0.12133333333333333,0,0,0,0,0,0.0,0,0,0.0,0
invictus_enriched.csv:724,0,1,0.8,2,1,1.0,0,0.06333333333333334,1.0,0.258819045102521,-0.9659258262890682,0,0,0.1,87,6,0,0,0,0,0,1,0,0,0,0,0.12133333333333333,0,0,0,0,0,0.0,0,0,0.0,0
invictus_enriched.csv:725,0,1,0.8,2,1,1.0,0,0.06333333333333334,1.0,0.258819045102521,-0.9659258262890682,0,0,0.1,86,6,1,0,1,0,0,0,0,0,0,0,0.0026666666666666666,0,0,0,0,1,0.0,0,0,0.0,0
invictus_enriched.csv:726,0,1,0.8,2,1,0.9997222222222222,0,0.0636111111111111,1.0,0.258819045102521,-0.9659258262890682,0,0,0.1,87,6,0,0,0,0,0,1,0,0,0,0,0.12133333333333333,0,0,0,0,0,0.0,0,0,0.0,0
invictus_enriched.csv:727,1,0,0.8,2,1,0.9994444444444445,0,0.06416666666666666,1.0,0.258819045102521,-0.9659258262890682,0,0,0.1,84,9,0,0,0,0,0,0,0,0,0,1,0.268,0,0,0,1,0,0.0,0,0,0.0,0
invictus_enriched.csv:728,0,1,0.8,2,1,0.9997222222222222,0,0.06444444444444444,1.0,0.258819045102521,-0.9659258262890682,0,0,0.1,83,6,0,0,0,0,0,1,0,0,0,0,0.18,0,0,0,0,0,0.0,0,0,0.0,0
invictus_enriched.csv:729,1,0,0.8,2,1,1.0,0,0.06444444444444444,1.0,0.258819045102521,-0.9659258262890682,0,0,0.7,81,9,0,0,0,0,0,0,0,0,0,1,0.23333333333333334,0,0,0,1,0,0.0,0,0,0.0,0
invictus_enriched.csv:730,0,1,0.8,2,1,1.0,0,0.06444444444444444,1.0,0.258819045102521,-0.9659258262890682,0,0,0.1,86,6,1,0,0,0,0,0,0,0,0,0,0.31733333333333336,0,0,0,0,1,0.0,0,0,0.0,0
invictus_enriched.csv:731,0,1,0.8,2,1,1.0,0,0.06444444444444444,1.0,0.258819045102521,-0.9659258262890682,0,0,0.1,85,6,0,0,0,0,0,1,0,0,0,0,0.10533333333333333,0,0,0,0,0,0.0,0,0,0.0,0
invictus_enriched.csv:732,0,1,0.8,2,1,0.9997222222222222,0,0.06472222222222222,1.0,0.258819045102521,-0.9659258262890682,0,0,0.1,87,6,0,0,0,0,0,1,0,0,0,0,0.12,0,0,0,0,0,0.0,0,0,0.0,0
invictus_enriched.csv:733,1,0,0.8,2,1,0.9997222222222222,0,0.065,1.0,0.258819045102521,-0.9659258262890682,0,0,0.7,81,9,0,0,0,0,0,0,0,0,0,1,0.23466666666666666,0,0,0,1,0,0.0,0,0,0.0,0
invictus_enriched.csv:734,1,0,0.8,2,1,1.0,0,0.065,1.0,0.258819045102521,-0.9659258262890682,0,0,0.7,81,9,0,0,0,0,0,0,0,0,0,1,0.23466666666666666,0,0,0,1,0,0.0,0,0,0.0,0
invictus_enriched.csv:735,0,1,0.8,2,1,1.0,1,0.065,1.0,0.258819045102521,-0.9659258262890682,0,0,0.1,90,6,0,0,0,0,0,1,0,0,0,0,0.684,0,0,0,0,0,0.0,0,0,0.0,0
invictus_enriched.csv:736,1,0,0.8,2,1,1.0,0,0.065,1.0,0.258819045102521,-0.9659258262890682,0,0,0.7,81,9,0,0,0,0,0,0,0,0,0,1,0.23466666666666666,0,0,0,1,0,0.0,0,0,0.0,0
invictus_enriched.csv:737,1,0,0.8,2,1,1.0,0,0.065,1.0,0.258819045102521,-0.9659258262890682,0,0,0.7,81,9,0,0,0,0,0,0,0,0,0,1,0.23466666666666666,0,0,0,1,0,0.0,0,0,0.0,0
invictus_enriched.csv:738,1,0,0.8,2,1,1.0,0,0.065,1.0,0.258819045102521,-0.9659258262890682,0,0,0.7,81,9,0,0,0,0,0,0,0,0,0,1,0.23466666666666666,0,0,0,1,0,0.0,0,0,0.0,0
invictus_enriched.csv:739,1,0,0.8,2,1,1.0,0,0.065,1.0,0.258819045102521,-0.9659258262890682,0,0,0.7,81,9,0,0,0,0,0,0,0,0,0,1,0.23333333333333334,0,0,0,1,0,0.0,0,0,0.0,0
invictus_enriched.csv:740,1,0,0.8,2,1,1.0,0,0.065,1.0,0.258819045102521,-0.9659258262890682,0,0,0.7,81,9,0,0,0,0,0,0,0,0,0,1,0.23466666666666666,0,0,0,1,0,0.0,0,0,0.0,0
invictus_enriched.csv:741,1,0,0.8,2,1,1.0,0,0.065,1.0,0.258819045102521,-0.9659258262890682,0,0,0.7,81,9,0,0,0,0,0,0,0,0,0,1,0.23466666666666666,0,0,0,1,0,0.0,0,0,0.0,0
invictus_enriched.csv:742,1,0,0.8,2,1,1.0,0,0.065,1.0,0.258819045102521,-0.9659258262890682,0,0,0.7,81,9,0,0,0,0,0,0,0,0,0,1,0.23466666666666666,0,0,0,1,0,0.0,0,0,0.0,0
invictus_enriched.csv:743,1,0,0.8,2,1,1.0,0,0.065,1.0,0.258819045102521,-0.9659258262890682,0,0,0.7,81,9,0,0,0,0,0,0,0,0,0,1,0.23466666666666666,0,0,0,1,0,0.0,0,0,0.0,0
invictus_enriched.csv:744,1,0,0.8,2,1,1.0,0,0.065,1.0,0.258819045102521,-0.9659258262890682,0,0,0.7,81,9,0,0,0,0,0,0,0,0,0,1,0.23466666666666666,0,0,0,1,0,0.0,0,0,0.0,0
invictus_enriched.csv:745,1,0,0.8,2,1,1.0,0,0.065,1.0,0.258819045102521,-0.9659258262890682,0,0,0.7,81,9,0,0,0,0,0,0,0,0,0,1,0.23466666666666666,0,0,0,1,0,0.0,0,0,0.0,0
invictus_enriched.csv:746,1,0,0.8,2,1,1.0,0,0.065,1.0,0.258819045102521,-0.9659258262890682,0,0,0.7,81,9,0,0,0,0,0,0,0,0,0,1,0.23466666666666666,0,0,0,1,0,0.0,0,0,0.0,0
invictus_enriched.csv:747,1,0,0.8,2,1,1.0,0,0.065,1.0,0.258819045102521,-0.9659258262890682,0,0,0.7,81,9,0,0,0,0,0,0,0,0,0,1,0.23466666666666666,0,0,0,1,0,0.0,0,0,0.0,0
invictus_enriched.csv:748,1,0,0.8,2,1,1.0,0,0.065,1.0,0.258819045102521,-0.9659258262890682,0,0,0.7,81,9,0,0,0,0,0,0,0,0,0,1,0.23466666666666666,0,0,0,1,0,0.0,0,0,0.0,0
invictus_enriched.csv:749,1,0,0.8,2,1,1.0,0,0.065,1.0,0.258819045102521,-0.9659258262890682,0,0,0.7,81,9,0,0,0,0,0,0,0,0,0,1,0.23466666666666666,0,0,0,1,0,0.0,0,0,0.0,0
invictus_enriched.csv:750,1,0,0.8,2,1,1.0,0,0.065,1.0,0.258819045102521,-0.9659258262890682,0,0,0.7,81,9,0,0,0,0,0,0,0,0,0,1,0.23466666666666666,0,0,0,1,0,0.0,0,0,0.0,0
invictus_enriched.csv:751,0,1,0.8,2,1,1.0,0,0.065,1.0,0.258819045102521,-0.9659258262890682,0,0,0.1,83,6,0,0,0,0,0,1,0,0,0,0,1.0,0,0,0,0,0,0.0,0,0,0.0,0
invictus_enriched.csv:752,0,1,0.8,2,1,1.0,0,0.065,1.0,0.258819045102521,-0.9659258262890682,0,0,0.1,83,6,0,0,0,0,0,1,0,0,0,0,1.0,0,0,0,0,0,0.0,0,0,0.0,0
invictus_enriched.csv:753,1,0,0.8,2,1,1.0,0,0.065,1.0,0.258819045102521,-0.9659258262890682,0,0,0.7,81,9,0,0,0,0,0,0,0,0,0,1,0.23333333333333334,0,0,0,1,0,0.0,0,0,0.0,0
invictus_enriched.csv:754,1,0,0.8,2,1,1.0,0,0.065,1.0,0.258819045102521,-0.9659258262890682,0,0,0.7,81,9,0,0,0,0,0,0,0,0,0,1,0.23466666666666666,0,0,0,1,0,0.0,0,0,0.0,0
invictus_enriched.csv:755,0,1,0.8,2,1,1.0,0,0.065,1.0,0.258819045102521,-0.9659258262890682,0,0,0.1,83,6,0,0,0,0,0,1,0,0,0,0,0.04666666666666667,0,0,0,0,0,0.0,0,0,0.0,0
invictus_enriched.csv:756,1,0,0.8,2,1,1.0,0,0.065,1.0,0.258819045102521,-0.9659258262890682,0,0,0.7,81,9,0,0,0,0,0,0,0,0,0,1,0.23333333333333334,0,0,0,1,0,0.0,0,0,0.0,0
invictus_enriched.csv:757,0,1,0.8,2,1,1.0,0,0.065,1.0,0.258819045102521,-0.9659258262890682,0,0,0.1,90,6,0,0,0,0,0,1,0,0,0,0,0.6826666666666666,0,0,0,0,0,0.0,0,0,0.0,0
invictus_enriched.csv:758,1,0,0.8,2,1,1.0,0,0.065,1.0,0.258819045102521,-0.9659258262890682,0,0,0.7,81,9,0,0,0,0,0,0,0,0,0,1,0.23466666666666666,0,0,0,1,0,0.0,0,0,0.0,0
invictus_enriched.csv:759,1,0,0.8,2,1,1.0,0,0.065,1.0,0.258819045102521,-0.9659258262890682,0,0,0.7,81,9,0,0,0,0,0,0,0,0,0,1,0.23466666666666666,0,0,0,1,0,0.0,0,0,0.0,0
invictus_enriched.csv:760,1,0,0.8,2,1,1.0,0,0.065,1.0,0.258819045102521,-0.9659258262890682,0,0,0.7,81,9,0,0,0,0,0,0,0,0,0,1,0.23333333333333334,0,0,0,1,0,0.0,0,0,0.0,0
invictus_enriched.csv:761,1,0,0.8,2,1,1.0,0,0.065,1.0,0.258819045102521,-0.9659258262890682,0,0,0.7,81,9,0,0,0,0,0,0,0,0,0,1,0.23466666666666666,0,0,0,1,0,0.0,0,0,0.0,0
invictus_enriched.csv:762,0,1,0.8,2,1,1.0,0,0.065,1.0,0.258819045102521,-0.9659258262890682,0,0,0.1,90,6,0,0,0,0,0,1,0,0,0,0,0.684,0,0,0,0,0,0.0,0,0,0.0,0
invictus_enriched.csv:763,1,0,0.8,2,1,1.0,0,0.065,1.0,0.258819045102521,-0.9659258262890682,0,0,0.7,81,9,0,0,0,0,0,0,0,0,0,1,0.23333333333333334,0,0,0,1,0,0.0,0,0,0.0,0
invictus_enriched.csv:764,1,0,0.8,2,1,1.0,0,0.065,1.0,0.258819045102521,-0.9659258262890682,0,0,0.7,81,9,0,0,0,0,0,0,0,0,0,1,0.23333333333333334,0,0,0,1,0,0.0,0,0,0.0,0
invictus_enriched.csv:765,1,0,0.8,2,1,1.0,0,0.065,1.0,0.258819045102521,-0.9659258262890682,0,0,0.7,81,9,0,0,0,0,0,0,0,0,0,1,0.23466666666666666,0,0,0,1,0,0.0,0,0,0.0,0
invictus_enriched.csv:766,1,0,0.8,2,1,1.0,0,0.065,1.0,0.258819045102521,-0.9659258262890682,0,0,0.7,81,9,0,0,0,0,0,0,0,0,0,1,0.23466666666666666,0,0,0,1,0,0.0,0,0,0.0,0
invictus_enriched.csv:767,1,0,0.8,2,1,1.0,0,0.065,1.0,0.258819045102521,-0.9659258262890682,0,0,0.7,81,9,0,0,0,0,0,0,0,0,0,1,0.23466666666666666,0,0,0,1,0,0.0,0,0,0.0,0
invictus_enriched.csv:768,1,0,0.8,2,1,1.0,0,0.065,1.0,0.258819045102521,-0.9659258262890682,0,0,0.7,81,9,0,0,0,0,0,0,0,0,0,1,0.23333333333333334,0,0,0,1,0,0.0,0,0,0.0,0
invictus_enriched.csv:769,1,0,0.8,2,1,0.9997222222222222,0,0.06527777777777778,1.0,0.258819045102521,-0.9659258262890682,0,0,0.7,81,9,0,0,0,0,0,0,0,0,0,1,0.23466666666666666,0,0,0,1,0,0.0,0,0,0.0,0
invictus_enriched.csv:770,1,0,0.8,2,1,1.0,0,0.06527777777777778,1.0,0.258819045102521,-0.9659258262890682,0,0,0.7,81,9,0,0,0,0,0,0,0,0,0,1,0.23466666666666666,0,0,0,1,0,0.0,0,0,0.0,0
invictus_enriched.csv:771,0,1,0.8,2,1,1.0,0,0.06527777777777778,1.0,0.258819045102521,-0.9659258262890682,0,0,0.1,83,6,0,0,0,0,0,1,0,0,0,0,1.0,0,0,0,0,0,0.0,0,0,0.0,0
invictus_enriched.csv:772,1,0,0.8,2,1,1.0,0,0.06527777777777778,1.0,0.258819045102521,-0.9659258262890682,0,0,0.7,81,9,0,0,0,0,0,0,0,0,0,1,0.23333333333333334,0,0,0,1,0,0.0,0,0,0.0,0
invictus_enriched.csv:773,1,0,0.8,2,1,1.0,0,0.06527777777777778,1.0,0.258819045102521,-0.9659258262890682,0,0,0.7,81,9,0,0,0,0,0,0,0,0,0,1,0.23466666666666666,0,0,0,1,0,0.0,0,0,0.0,0
invictus_enriched.csv:774,1,0,0.8,2,1,1.0,0,0.06527777777777778,1.0,0.258819045102521,-0.9659258262890682,0,0,0.7,81,9,0,0,0,0,0,0,0,0,0,1,0.23466666666666666,0,0,0,1,0,0.0,0,0,0.0,0
invictus_enriched.csv:775,1,0,0.8,2,1,1.0,0,0.06527777777777778,1.0,0.258819045102521,-0.9659258262890682,0,0,0.7,81,9,0,0,0,0,0,0,0,0,0,1,0.23333333333333334,0,0,0,1,0,0.0,0,0,0.0,0
invictus_enriched.csv:776,1,0,0.8,2,1,1.0,0,0.06527777777777778,1.0,0.258819045102521,-0.9659258262890682,0,0,0.7,81,9,0,0,0,0,0,0,0,0,0,1,0.23466666666666666,0,0,0,1,0,0.0,0,0,0.0,0
invictus_enriched.csv:777,1,0,0.8,2,1,1.0,0,0.06527777777777778,1.0,0.258819045102521,-0.9659258262890682,0,0,0.7,81,9,0,0,0,0,0,0,0,0,0,1,0.23466666666666666,0,0,0,1,0,0.0,0,0,0.0,0
invictus_enriched.csv:778,1,0,0.8,2,1,1.0,0,0.06527777777777778,1.0,0.258819045102521,-0.9659258262890682,0,0,0.7,81,9,0,0,0,0,0,0,0,0,0,1,0.23333333333333334,0,0,0,1,0,0.0,0,0,0.0,0
invictus_enriched.csv:779,1,0,0.8,2,1,1.0,0,0.06527777777777778,1.0,0.258819045102521,-0.9659258262890682,0,0,0.7,81,9,0,0,0,0,0,0,0,0,0,1,0.23466666666666666,0,0,0,1,0,0.0,0,0,0.0,0
invictus_enriched.csv:780,0,1,0.8,2,1,1.0,0,0.06527777777777778,1.0,0.258819045102521,-0.9659258262890682,0,0,0.1,83,6,0,0,0,0,0,1,0,0,0,0,1.0,0,0,0,0,0,0.0,0,0,0.0,0
invictus_enriched.csv:781,0,1,0.8,2,1,1.0,0,0.06527777777777778,1.0,0.258819045102521,-0.9659258262890682,0,0,0.1,90,6,0,0,0,0,0,1,0,0,0,0,0.6826666666666666,0,0,0,0,0,0.0,0,0,0.0,0
invictus_enriched.csv:782,0,1,0.8,2,1,1.0,0,0.06527777777777778,1.0,0.258819045102521,-0.9659258262890682,0,0,0.1,90,6,0,0,0,0,0,1,0,0,0,0,0.17466666666666666,0,0,0,0,0,0.0,0,0,0.0,0
invictus_enriched.csv:783,1,0,0.8,2,1,1.0,0,0.06527777777777778,1.0,0.258819045102521,-0.9659258262890682,0,0,0.7,81,9,0,0,0,0,0,0,0,0,0,1,0.23466666666666666,0,0,0,1,0,0.0,0,0,0.0,0
invictus_enriched.csv:784,1,0,0.8,2,1,1.0,0,0.06527777777777778,1.0,0.258819045102521,-0.9659258262890682,0,0,0.7,81,9,0,0,0,0,0,0,0,0,0,1,0.23466666666666666,0,0,0,1,0,0.0,0,0,0.0,0
invictus_enriched.csv:785,0,1,0.8,2,1,0.9975,0,0.06777777777777778,1.0,0.258819045102521,-0.9659258262890682,0,0,0.1,21,3,0,0,0,0,0,1,0,0,0,0,0.064,0,0,0,0,0,0.0,0,0,0.0,0
invictus_enriched.csv:786,0,1,0.8,2,1,0.9972222222222222,0,0.07055555555555555,1.0,0.258819045102521,-0.9659258262890682,0,0,0.1,21,3,0,0,0,0,0,1,0,0,0,0,0.064,0,0,0,0,0,0.0,0,0,0.0,0
invictus_enriched.csv:787,0,1,0.8,2,1,0.9958333333333333,1,0.07472222222222222,1.0,0.258819045102521,-0.9659258262890682,0,0,1.0,91,7,1,0,1,0,0,0,1,0,0,0,0.076,0,0,0,0,0,0.0,0,0,0.0,1
invictus_enriched.csv:788,0,1,0.8,2,1,1.0,0,0.07472222222222222,1.0,0.258819045102521,-0.9659258262890682,0,0,0.1,21,3,0,0,0,0,0,1,0,0,0,0,0.064,0,0,0,0,0,0.0,0,0,0.0,0
invictus_enriched.csv:789,0,1,0.8,2,1,0.9938888888888889,0,0.08083333333333333,1.0,0.258819045102521,-0.9659258262890682,0,0,0.1,23,1,0,0,0,0,1,1,0,0,0,0,0.0026666666666666666,0,0,0,0,0,0.0,0,0,0.0,0
invictus_enriched.csv:790,0,1,0.8,2,1,0.9925,0,0.08833333333333333,1.0,0.258819045102521,-0.9659258262890682,0,0,0.1,21,3,0,0,0,0,0,1,0,0,0,0,0.064,0,0,0,0,0,0.0,0,0,0.0,0
invictus_enriched.csv:791,0,1,0.8,2,1,0.9986111111111111,0,0.08972222222222222,1.0,0.258819045102521,-0.9659258262890682,0,0,0.1,23,1,0,0,0,0,1,1,0,0,0,0,0.0026666666666666666,0,0,0,0,0,0.0,0,0,0.0,0
invictus_enriched.csv:792,0,1,0.8,2,1,1.0,0,0.08972222222222222,1.0,0.258819045102521,-0.9659258262890682,0,0,0.1,23,1,0,0,0,0,1,1,0,0,0,0,0.0026666666666666666,0,0,0,0,0,0.0,0,0,0.0,0
invictus_enriched.csv:793,0,1,0.8,2,1,0.9997222222222222,1,0.09,1.0,0.258819045102521,-0.9659258262890682,0,0,0.1,92,4,1,0,0,0,0,0,0,0,0,0,0.19866666666666666,0,0,0,0,0,0.0,0,0,0.0,0
invictus_enriched.csv:794,0,1,0.8,2,1,1.0,1,0.09,1.0,0.258819045102521,-0.9659258262890682,0,0,0.1,93,4,0,0,1,0,0,1,0,0,0,0,0.18666666666666668,0,0,0,0,0,0.0,0,0,0.0,0
invictus_enriched.csv:795,0,1,0.8,2,1,0.9997222222222222,1,0.09027777777777778,1.0,0.258819045102521,-0.9659258262890682,0,0,0.1,94,4,1,0,0,0,0,0,0,0,0,0,0.9053333333333333,0,0,0,0,1,0.0,0,0,0.0,1
invictus_enriched.csv:796,0,1,0.8,2,1,1.0,1,0.09027777777777778,1.0,0.258819045102521,-0.9659258262890682,0,0,0.1,95,4,1,0,0,0,0,0,0,0,0,0,0.3546666666666667,0,0,0,0,1,0.0,0,0,0.0,0
invictus_enriched.csv:797,0,1,0.8,2,1,0.9997222222222222,1,0.09055555555555556,1.0,0.258819045102521,-0.9659258262890682,0,0,0.1,3,4,0,0,0,0,0,1,0,0,0,0,0.18533333333333332,0,0,0,0,0,0.0,0,0,0.0,0
invictus_enriched.csv:798,0,1,0.8,2,1,0.9997222222222222,1,0.09083333333333334,1.0,1.2246467991473532e-16,-1.0,0,0,0.1,4,4,0,0,0,0,0,1,0,0,0,0,0.18133333333333335,0,0,0,0,0,0.0,0,0,0.0,0
invictus_enriched.csv:799,0,1,0.8,2,1,1.0,1,0.09083333333333334,1.0,1.2246467991473532e-16,-1.0,0,0,0.1,96,4,0,0,1,0,0,1,0,0,0,0,0.18666666666666668,0,0,0,0,0,0.0,0,0,0.0,0
invictus_enriched.csv:800,0,1,0.8,2,1,1.0,1,0.09083333333333334,1.0,1.2246467991473532e-16,-1.0,0,0,0.1,97,4,0,0,1,0,0,1,0,0,0,0,0.18266666666666667,0,0,0,0,0,0.0,0,0,0.0,0
invictus_enriched.csv:801,0,1,0.8,2,1,0.9997222222222222,1,0.09111111111111111,1.0,1.2246467991473532e-16,-1.0,0,0,0.1,98,4,0,0,0,0,0,1,0,0,0,0,0.19066666666666668,0,0,0,0,0,0.0,0,0,0.0,0
invictus_enriched.csv:802,0,1,0.8,2,1,1.0,1,0.09111111111111111,1.0,1.2246467991473532e-16,-1.0,0,0,0.1,99,4,0,0,0,0,0,1,0,0,0,0,0.19066666666666668,0,0,0,0,0,0.0,0,0,0.0,0
invictus_enriched.csv:803,0,1,0.8,2,1,0.9997222222222222,1,0.0913888888888889,1.0,1.2246467991473532e-16,-1.0,0,0,0.1,2,4,0,0,0,0,0,1,0,0,0,0,0.18666666666666668,0,0,0,0,0,0.0,0,0,0.0,0
invictus_enriched.csv:804,0,1,0.8,2,1,1.0,1,0.0913888888888889,1.0,1.2246467991473532e-16,-1.0,0,0,0.1,100,4,0,0,1,0,0,1,0,0,0,0,0.18933333333333333,0,0,0,0,0,0.0,0,0,0.0,0
invictus_enriched.csv:805,0,1,0.8,2,1,1.0,1,0.0913888888888889,1.0,1.2246467991473532e-16,-1.0,0,0,0.1,101,4,0,0,0,0,0,1,0,0,0,0,0.196,0,0,0,0,0,0.0,0,0,0.0,0
invictus_enriched.csv:806,0,1,0.8,2,1,0.9997222222222222,1,0.09166666666666666,1.0,1.2246467991473532e-16,-1.0,0,0,0.1,102,4,0,0,1,0,0,1,0,0,0,0,0.192,0,0,0,0,0,0.0,0,0,0.0,0
invictus_enriched.csv:807,0,1,0.8,2,1,1.0,1,0.09166666666666666,1.0,1.2246467991473532e-16,-1.0,0,0,0.1,103,4,0,0,0,0,0,1,0,0,0,0,0.19066666666666668,0,0,0,0,0,0.0,0,0,0.0,0
invictus_enriched.csv:808,0,1,0.8,2,1,0.9997222222222222,1,0.09194444444444444,1.0,1.2246467991473532e-16,-1.0,0,0,0.1,104,4,0,0,1,0,0,1,0,0,0,0,0.192,0,0,0,0,0,0.0,0,0,0.0,0
invictus_enriched.csv:809,0,1,0.8,2,1,0.9997222222222222,0,0.09222222222222222,1.0,1.2246467991473532e-16,-1.0,0,0,0.1,93,4,0,0,0,0,0,1,0,0,0,0,0.18666666666666668,0,0,0,0,0,0.0,0,0,0.0,0
invictus_enriched.csv:810,0,1,0.1,6,0,0.9219444444444445,1,0.07861111111111112,0.127208480565371,1.2246467991473532e-16,-1.0,0,0,0.1,4,4,0,0,0,0,0,1,0,0,0,1,0.19466666666666665,0,0,0,0,0,0.0,0,0,0.0,0
invictus_enriched.csv:811,0,1,0.8,2,1,1.0,1,0.09222222222222222,1.0,1.2246467991473532e-16,-1.0,0,0,0.1,105,7,1,0,0,0,0,0,0,0,0,0,0.27066666666666667,0,0,0,0,0,0.0,0,0,0.0,0
invictus_enriched.csv:812,0,1,0.8,2,1,1.0,1,0.09222222222222222,1.0,1.2246467991473532e-16,-1.0,0,0,0.1,106,7,1,0,0,0,0,0,0,0,0,0,0.06666666666666667,0,0,0,0,0,0.0,0,0,0.0,0
invictus_enriched.csv:813,0,1,0.8,2,1,0.9997222222222222,1,0.0925,1.0,1.2246467991473532e-16,-1.0,0,0,0.1,107,7,0,0,0,0,0,1,0,0,0,0,0.14666666666666667,0,0,0,0,0,0.0,0,0,0.0,0
invictus_enriched.csv:814,0,1,0.8,2,1,1.0,1,0.0925,1.0,1.2246467991473532e-16,-1.0,0,0,0.1,108,7,0,0,0,0,0,1,0,0,0,0,0.08133333333333333,0,0,0,0,0,0.0,0,0,0.0,0
invictus_enriched.csv:815,0,1,0.8,2,1,0.9997222222222222,1,0.09277777777777778,1.0,1.2246467991473532e-16,-1.0,0,0,0.1,109,7,0,0,0,0,0,1,0,0,0,0,0.06666666666666667,0,0,0,0,0,0.0,0,0,0.0,0
invictus_enriched.csv:816,0,1,0.8,2,1,1.0,1,0.09277777777777778,1.0,1.2246467991473532e-16,-1.0,0,0,0.1,110,7,0,0,0,0,0,1,0,0,0,0,0.07333333333333333,0,0,0,0,0,0.0,0,0,0.0,0
invictus_enriched.csv:817,0,1,0.8,2,1,0.9997222222222222,1,0.09305555555555556,1.0,1.2246467991473532e-16,-1.0,0,0,0.1,111,7,1,0,0,0,0,0,0,0,0,0,0.384,0,0,0,0,1,0.0,0,0,0.0,1
invictus_enriched.csv:818,0,1,0.8,2,1,0.9972222222222222,0,0.09583333333333334,1.0,1.2246467991473532e-16,-1.0,0,0,0.1,21,3,0,0,0,0,0,1,0,0,0,0,0.064,0,0,0,0,0,0.0,0,0,0.0,0
invictus_enriched.csv:819,0,1,0.8,2,1,0.9988888888888889,0,0.09694444444444444,1.0,1.2246467991473532e-16,-1.0,0,0,0.1,23,1,0,0,0,0,1,1,0,0,0,0,0.0026666666666666666,0,0,0,0,0,0.0,0,0,0.0,0
invictus_enriched.csv:820,0,1,0.8,2,1,0.9997222222222222,0,0.09722222222222222,1.0,1.2246467991473532e-16,-1.0,0,0,0.1,92,4,1,0,0,0,0,0,0,0,0,0,0.19866666666666666,0,0,0,0,0,0.0,0,0,0.0,0
invictus_enriched.csv:821,0,1,0.8,2,1,1.0,0,0.09722222222222222,1.0,1.2246467991473532e-16,-1.0,0,0,0.1,23,1,0,0,0,0,1,1,0,0,0,0,0.0026666666666666666,0,0,0,0,0,0.0,0,0,0.0,0
invictus_enriched.csv:822,0,1,0.8,2,1,0.9997222222222222,0,0.0975,1.0,1.2246467991473532e-16,-1.0,0,0,0.1,93,4,0,0,1,0,0,1,0,0,0,0,0.18666666666666668,0,0,0,0,0,0.0,0,0,0.0,0
invictus_enriched.csv:823,0,1,0.8,2,1,1.0,0,0.0975,1.0,1.2246467991473532e-16,-1.0,0,0,0.1,95,4,1,0,0,0,0,0,0,0,0,0,0.3546666666666667,0,0,0,0,1,0.0,0,0,0.0,0
invictus_enriched.csv:824,0,1,0.8,2,1,0.9997222222222222,0,0.09777777777777778,1.0,1.2246467991473532e-16,-1.0,0,0,0.1,94,4,1,0,0,0,0,0,0,0,0,0,0.9053333333333333,0,0,0,0,1,0.0,0,0,0.0,1
invictus_enriched.csv:825,0,1,0.8,2,1,0.9997222222222222,0,0.09805555555555556,1.0,1.2246467991473532e-16,-1.0,0,0,0.1,97,4,0,0,1,0,0,1,0,0,0,0,0.18266666666666667,0,0,0,0,0,0.0,0,0,0.0,0
invictus_enriched.csv:826,0,1,0.8,2,1,1.0,0,0.09805555555555556,1.0,1.2246467991473532e-16,-1.0,0,0,0.1,3,4,0,0,0,0,0,1,0,0,0,0,0.18533333333333332,0,0,0,0,0,0.0,0,0,0.0,0
invictus_enriched.csv:827,0,1,0.8,2,1,1.0,0,0.09805555555555556,1.0,1.2246467991473532e-16,-1.0,0,0,0.1,4,4,0,0,0,0,0,1,0,0,0,0,0.18133333333333335,0,0,0,0,0,0.0,0,0,0.0,0
invictus_enriched.csv:828,0,1,0.8,2,1,0.9997222222222222,0,0.09833333333333333,1.0,1.2246467991473532e-16,-1.0,0,0,0.1,96,4,0,0,1,0,0,1,0,0,0,0,0.18666666666666668,0,0,0,0,0,0.0,0,0,0.0,0
invictus_enriched.csv:829,0,1,0.8,2,1,1.0,0,0.09833333333333333,1.0,1.2246467991473532e-16,-1.0,0,0,0.1,99,4,0,0,0,0,0,1,0,0,0,0,0.19066666666666668,0,0,0,0,0,0.0,0,0,0.0,0
invictus_enriched.csv:830,0,1,0.8,2,1,0.9997222222222222,0,0.09861111111111111,1.0,1.2246467991473532e-16,-1.0,0,0,0.1,101,4,0,0,0,0,0,1,0,0,0,0,0.196,0,0,0,0,0,0.0,0,0,0.0,0
invictus_enriched.csv:831,0,1,0.8,2,1,1.0,0,0.09861111111111111,1.0,1.2246467991473532e-16,-1.0,0,0,0.1,98,4,0,0,0,0,0,1,0,0,0,0,0.19066666666666668,0,0,0,0,0,0.0,0,0,0.0,0
invictus_enriched.csv:832,0,1,0.8,2,1,1.0,0,0.09861111111111111,1.0,1.2246467991473532e-16,-1.0,0,0,0.1,2,4,0,0,0,0,0,1,0,0,0,0,0.18666666666666668,0,0,0,0,0,0.0,0,0,0.0,0
invictus_enriched.csv:833,0,1,0.8,2,1,0.9997222222222222,0,0.09888888888888889,1.0,1.2246467991473532e-16,-1.0,0,0,0.1,100,4,0,0,1,0,0,1,0,0,0,0,0.18933333333333333,0,0,0,0,0,0.0,0,0,0.0,0
invictus_enriched.csv:834,0,1,0.8,2,1,1.0,0,0.09888888888888889,1.0,1.2246467991473532e-16,-1.0,0,0,0.1,102,4,0,0,1,0,0,1,0,0,0,0,0.192,0,0,0,0,0,0.0,0,0,0.0,0
invictus_enriched.csv:835,0,1,0.8,2,1,0.9997222222222222,0,0.09916666666666667,1.0,1.2246467991473532e-16,-1.0,0,0,0.1,103,4,0,0,0,0,0,1,0,0,0,0,0.19066666666666668,0,0,0,0,0,0.0,0,0,0.0,0
invictus_enriched.csv:836,0,1,0.8,2,1,1.0,0,0.09916666666666667,1.0,1.2246467991473532e-16,-1.0,0,0,0.1,104,4,0,0,1,0,0,1,0,0,0,0,0.192,0,0,0,0,0,0.0,0,0,0.0,0
invictus_enriched.csv:837,0,1,0.8,2,1,0.9997222222222222,0,0.09944444444444445,1.0,1.2246467991473532e-16,-1.0,0,0,0.1,93,4,0,0,0,0,0,1,0,0,0,0,0.18666666666666668,0,0,0,0,0,0.0,0,0,0.0,0
invictus_enriched.csv:838,0,1,0.1,6,0,0.9927777777777778,0,0.08583333333333333,0.13592233009708737,1.2246467991473532e-16,-1.0,0,0,0.1,4,4,0,0,0,0,0,1,0,0,0,1,0.19466666666666665,0,0,0,0,0,0.0,0,0,0.0,0
invictus_enriched.csv:839,0,1,0.8,2,1,1.0,0,0.09944444444444445,1.0,1.2246467991473532e-16,-1.0,0,0,0.1,105,7,1,0,0,0,0,0,0,0,0,0,0.27066666666666667,0,0,0,0,0,0.0,0,0,0.0,0
invictus_enriched.csv:840,0,1,0.8,2,1,0.9997222222222222,0,0.09972222222222223,1.0,1.2246467991473532e-16,-1.0,0,0,0.1,106,7,1,0,0,0,0,0,0,0,0,0,0.06666666666666667,0,0,0,0,0,0.0,0,0,0.0,0
invictus_enriched.csv:841,0,1,0.8,2,1,1.0,0,0.09972222222222223,1.0,1.2246467991473532e-16,-1.0,0,0,0.1,108,7,0,0,0,0,0,1,0,0,0,0,0.08133333333333333,0,0,0,0,0,0.0,0,0,0.0,0
invictus_enriched.csv:842,0,1,0.8,2,1,0.9997222222222222,0,0.1,1.0,1.2246467991473532e-16,-1.0,0,0,0.1,110,7,0,0,0,0,0,1,0,0,0,0,0.07333333333333333,0,0,0,0,0,0.0,0,0,0.0,0
invictus_enriched.csv:843,0,1,0.8,2,1,1.0,0,0.1,1.0,1.2246467991473532e-16,-1.0,0,0,0.1,109,7,0,0,0,0,0,1,0,0,0,0,0.06666666666666667,0,0,0,0,0,0.0,0,0,0.0,0
invictus_enriched.csv:844,0,1,0.8,2,1,1.0,0,0.1,1.0,1.2246467991473532e-16,-1.0,0,0,0.1,107,7,0,0,0,0,0,1,0,0,0,0,0.14666666666666667,0,0,0,0,0,0.0,0,0,0.0,0
invictus_enriched.csv:845,0,1,0.8,2,1,0.9994444444444445,1,0.10055555555555555,1.0,1.2246467991473532e-16,-1.0,0,0,0.1,112,4,1,0,0,0,0,0,0,0,0,0,0.4786666666666667,0,0,0,0,1,0.0,0,0,0.0,0
invictus_enriched.csv:846,0,1,0.8,2,1,0.9983333333333333,0,0.10222222222222223,1.0,1.2246467991473532e-16,-1.0,0,0,0.1,21,3,0,0,0,0,0,1,0,0,0,0,0.064,0,0,0,0,0,0.0,0,0,0.0,0
invictus_enriched.csv:847,0,1,0.8,2,1,0.9997222222222222,1,0.1025,1.0,1.2246467991473532e-16,-1.0,0,0,1.0,113,7,1,0,1,0,0,0,1,0,0,0,0.07066666666666667,0,0,0,0,0,0.0,0,0,0.0,1
invictus_enriched.csv:848,0,1,0.8,2,1,0.9888888888888889,0,0.11361111111111111,1.0,1.2246467991473532e-16,-1.0,0,0,0.1,21,3,0,0,0,0,0,1,0,0,0,0,0.064,0,0,0,0,0,0.0,0,0,0.0,0
invictus_enriched.csv:849,0,1,0.8,2,1,0.9997222222222222,0,0.11388888888888889,1.0,1.2246467991473532e-16,-1.0,0,0,1.0,113,7,1,0,1,0,0,0,1,0,0,0,0.07066666666666667,0,0,0,0,0,0.0,0,0,0.0,1
invictus_enriched.csv:850,0,1,0.8,2,1,0.9988888888888889,0,0.115,1.0,1.2246467991473532e-16,-1.0,0,0,1.0,113,7,1,0,1,0,0,0,1,0,0,0,0.07066666666666667,0,0,0,0,0,0.0,0,0,0.0,1
invictus_enriched.csv:851,0,1,0.8,2,1,1.0,0,0.115,1.0,1.2246467991473532e-16,-1.0,0,0,0.1,21,3,0,0,0,0,0,1,0,0,0,0,0.064,0,0,0,0,0,0.0,0,0,0.0,0
invictus_enriched.csv:852,0,1,0.8,2,1,0.9947222222222222,0,0.12027777777777778,1.0,1.2246467991473532e-16,-1.0,0,0,0.1,21,3,0,0,0,0,0,1,0,0,0,0,0.064,0,0,0,0,0,0.0,0,0,0.0,0
invictus_enriched.csv:853,0,1,0.8,2,1,0.9988888888888889,0,0.1213888888888889,1.0,1.2246467991473532e-16,-1.0,0,0,0.1,23,1,0,0,0,0,1,1,0,0,0,0,0.0026666666666666666,0,0,0,0,0,0.0,0,0,0.0,0
invictus_enriched.csv:854,0,1,0.8,2,1,0.9997222222222222,0,0.12166666666666667,1.0,1.2246467991473532e-16,-1.0,0,0,0.1,23,1,0,0,0,0,1,1,0,0,0,0,0.0026666666666666666,0,0,0,0,0,0.0,0,0,0.0,0
invictus_enriched.csv:855,0,1,0.8,2,1,1.0,0,0.12166666666666667,1.0,1.2246467991473532e-16,-1.0,0,0,0.2,22,2,0,0,0,0,0,1,0,1,0,0,0.0026666666666666666,0,0,0,0,0,0.0,0,0,0.0,0
invictus_enriched.csv:856,0,1,0.8,2,1,0.9997222222222222,0,0.12194444444444444,1.0,1.2246467991473532e-16,-1.0,0,0,0.7,24,1,1,0,0,0,1,0,0,0,0,0,0.4706666666666667,0,0,0,0,0,0.2,0,0,0.6,1
invictus_enriched.csv:857,0,1,0.8,2,1,1.0,0,0.12194444444444444,1.0,1.2246467991473532e-16,-1.0,0,0,0.1,25,1,1,0,0,0,1,0,0,0,0,0,0.28933333333333333,0,0,0,0,1,0.2,0,1,0.0,1
invictus_enriched.csv:858,0,1,0.8,2,1,0.9997222222222222,0,0.12222222222222222,1.0,1.2246467991473532e-16,-1.0,0,0,0.1,28,1,0,0,0,0,1,1,0,0,0,0,0.06266666666666666,0,0,0,0,0,0.0,0,0,0.0,0
invictus_enriched.csv:859,0,1,0.8,2,1,1.0,0,0.12222222222222222,1.0,1.2246467991473532e-16,-1.0,0,0,0.1,26,1,0,0,0,0,1,1,0,0,0,0,0.06266666666666666,0,0,0,0,0,0.0,0,0,0.0,0
invictus_enriched.csv:860,0,1,0.8,2,1,0.9997222222222222,0,0.1225,1.0,1.2246467991473532e-16,-1.0,0,0,0.1,29,1,0,0,0,0,1,1,0,0,0,0,0.104,0,0,0,0,0,0.0,0,0,0.0,0
invictus_enriched.csv:861,0,1,0.8,2,1,1.0,0,0.1225,1.0,1.2246467991473532e-16,-1.0,0,0,0.1,27,1,0,0,0,0,1,1,0,0,0,0,0.06266666666666666,0,0,0,0,1,0.0,0,0,0.0,0
invictus_enriched.csv:862,0,1,0.8,2,1,0.9297222222222222,0,0.32666666666666666,0.44387755102040816,1.2246467991473532e-16,-1.0,0,0,0.1,1,0,0,0,0,0,0,1,0,0,0,0,0.037333333333333336,0,0,0,0,0,0.0,0,0,0.0,0
invictus_enriched.csv:863,0,1,0.8,2,1,0.9997222222222222,0,0.12277777777777778,1.0,1.2246467991473532e-16,-1.0,0,0,0.6,30,2,0,0,1,1,0,0,0,0,0,0,0.0026666666666666666,0,0,0,0,0,0.0,0,0,0.0,0
invictus_enriched.csv:864,0,1,0.8,2,1,0.9997222222222222,0,0.12305555555555556,1.0,1.2246467991473532e-16,-1.0,0,0,0.6,30,2,0,0,1,1,0,0,0,0,0,0,0.0026666666666666666,0,0,0,0,0,0.0,0,0,0.0,0
invictus_enriched.csv:865,0,1,0.8,2,1,0.9991666666666666,0,0.1238888888888889,1.0,1.2246467991473532e-16,-1.0,0,0,0.6,30,2,0,0,1,1,0,0,0,0,0,0,0.0026666666666666666,0,0,0,0,0,0.0,0,0,0.0,0
invictus_enriched.csv:866,1,0,0.5,3,1,0.9366666666666666,0,0.07916666666666666,0.2736842105263158,1.2246467991473532e-16,-1.0,0,0,0.1,71,6,1,0,0,0,0,0,0,0,0,1,0.36933333333333335,0,0,0,0,0,0.0,0,0,0.0,0
invictus_enriched.csv:867,0,1,0.8,2,1,0.9986111111111111,0,0.12527777777777777,1.0,1.2246467991473532e-16,-1.0,0,0,0.6,30,2,0,0,0,0,0,0,0,0,0,0,0.20533333333333334,0,0,0,0,0,0.0,0,0,0.0,0
invictus_enriched.csv:868,0,1,0.8,2,1,1.0,0,0.12527777777777777,1.0,1.2246467991473532e-16,-1.0,0,0,0.6,30,2,0,0,0,0,0,0,0,0,0,0,0.20533333333333334,0,0,0,0,0,0.0,0,0,0.0,0
invictus_enriched.csv:869,1,0,0.5,3,1,0.0,1,0.0,0.1,1.2246467991473532e-16,-1.0,0,0,0.1,114,0,1,0,1,1,0,0,0,0,0,0,0.0026666666666666666,0,0,0,0,0,0.0,0,0,0.0,0
invictus_enriched.csv:870,0,1,0.8,2,1,0.9969444444444444,0,0.12833333333333333,1.0,1.2246467991473532e-16,-1.0,0,0,0.1,21,3,0,0,0,0,0,1,0,0,0,0,0.064,0,0,0,0,0,0.0,0,0,0.0,0
invictus_enriched.csv:871,0,1,0.8,2,1,0.9988888888888889,0,0.12944444444444445,1.0,1.2246467991473532e-16,-1.0,0,0,0.1,23,1,0,0,0,0,1,1,0,0,0,0,0.0026666666666666666,0,0,0,0,0,0.0,0,0,0.0,0
invictus_enriched.csv:872,0,1,0.8,2,1,1.0,0,0.12944444444444445,1.0,1.2246467991473532e-16,-1.0,0,0,0.1,23,1,0,0,0,0,1,1,0,0,0,0,0.0026666666666666666,0,0,0,0,0,0.0,0,0,0.0,0
invictus_enriched.csv:873,0,1,0.8,2,1,0.9997222222222222,0,0.1297222222222222,1.0,1.2246467991473532e-16,-1.0,0,0,0.1,34,3,1,0,0,0,0,0,0,0,0,0,0.2813333333333333,0,0,0,0,0,0.0,0,0,0.0,0
invictus_enriched.csv:874,0,1,0.8,2,1,1.0,0,0.1297222222222222,1.0,1.2246467991473532e-16,-1.0,0,0,0.7,24,1,1,0,0,0,1,0,0,0,0,0,0.5813333333333334,0,0,0,0,0,0.2,0,0,0.6,1
invictus_enriched.csv:875,0,1,0.8,2,1,1.0,0,0.1297222222222222,1.0,1.2246467991473532e-16,-1.0,0,0,0.1,26,1,0,0,0,0,1,1,0,0,0,0,0.072,0,0,0,0,0,0.0,0,0,0.0,0
invictus_enriched.csv:876,0,1,0.8,2,1,1.0,1,0.1297222222222222,1.0,1.2246467991473532e-16,-1.0,0,0,0.1,115,0,0,0,0,0,0,1,0,0,0,0,0.076,0,0,0,0,0,0.0,0,0,0.0,0
invictus_enriched.csv:877,0,1,0.8,2,1,1.0,1,0.1297222222222222,1.0,1.2246467991473532e-16,-1.0,0,0,0.1,116,0,1,0,0,0,0,0,0,0,0,0,0.116,0,0,0,0,0,0.0,0,0,0.0,0
invictus_enriched.csv:878,0,1,0.8,2,1,0.9997222222222222,0,0.13,1.0,1.2246467991473532e-16,-1.0,0,0,0.1,37,3,0,0,0,0,0,1,0,0,0,0,0.10133333333333333,0,0,0,0,0,0.0,0,0,0.0,0
invictus_enriched.csv:879,0,1,0.8,2,1,1.0,0,0.13,1.0,1.2246467991473532e-16,-1.0,0,0,0.1,28,1,0,0,0,0,1,1,0,0,0,0,0.072,0,0,0,0,0,0.0,0,0,0.0,0
invictus_enriched.csv:880,0,1,0.8,2,1,1.0,0,0.13,1.0,1.2246467991473532e-16,-1.0,0,0,0.1,37,3,0,0,0,0,0,1,0,0,0,0,0.10133333333333333,0,0,0,0,0,0.0,0,0,0.0,0
invictus_enriched.csv:881,0,1,0.8,2,1,1.0,0,0.13,1.0,1.2246467991473532e-16,-1.0,0,0,0.1,27,1,0,0,0,0,1,1,0,0,0,0,0.072,0,0,0,0,1,0.0,0,0,0.0,0
invictus_enriched.csv:882,0,1,0.8,2,1,1.0,0,0.13,1.0,1.2246467991473532e-16,-1.0,0,0,0.1,38,3,0,0,0,0,0,1,0,0,0,0,0.1,0,0,0,0,0,0.0,0,0,0.0,0
invictus_enriched.csv:883,0,1,0.8,2,1,1.0,1,0.13,1.0,1.2246467991473532e-16,-1.0,0,0,0.1,117,0,0,0,0,0,0,1,0,0,0,0,0.068,0,0,0,0,0,0.0,0,0,0.0,0
invictus_enriched.csv:884,0,1,0.8,2,1,0.9997222222222222,0,0.13027777777777777,1.0,1.2246467991473532e-16,-1.0,0,0,0.1,41,3,0,0,0,0,0,1,0,0,0,0,0.13733333333333334,0,0,0,0,0,0.0,0,0,0.0,0
invictus_enriched.csv:885,0,1,0.8,2,1,1.0,0,0.13027777777777777,1.0,1.2246467991473532e-16,-1.0,0,0,0.1,29,1,0,0,0,0,1,1,0,0,0,0,0.14933333333333335,0,0,0,0,0,0.0,0,0,0.0,0
invictus_enriched.csv:886,0,1,0.8,2,1,1.0,0,0.13027777777777777,1.0,1.2246467991473532e-16,-1.0,0,0,0.1,25,1,1,0,0,0,1,0,0,0,0,0,0.632,0,0,0,0,1,0.2,0,1,0.0,1
invictus_enriched.csv:887,0,1,0.8,2,1,1.0,0,0.13027777777777777,1.0,1.2246467991473532e-16,-1.0,0,0,0.1,39,3,0,0,0,0,0,1,0,0,0,0,0.04533333333333334,0,0,0,0,0,0.0,0,0,0.0,0
invictus_enriched.csv:888,0,1,0.8,2,1,0.9997222222222222,0,0.13055555555555556,1.0,1.2246467991473532e-16,-1.0,0,0,0.1,39,3,0,0,0,0,0,1,0,0,0,0,0.04533333333333334,0,0,0,0,0,0.0,0,0,0.0,0
invictus_enriched.csv:889,0,1,0.8,2,1,1.0,0,0.13055555555555556,1.0,1.2246467991473532e-16,-1.0,0,0,0.1,43,3,0,0,0,0,0,1,0,0,0,0,0.26,0,0,0,0,0,0.0,0,0,0.0,0
invictus_enriched.csv:890,0,1,0.8,2,1,0.9997222222222222,0,0.13083333333333333,1.0,1.2246467991473532e-16,-1.0,0,0,0.1,47,3,0,0,0,0,0,1,0,0,0,0,0.304,0,0,0,0,0,0.0,0,0,0.0,0
invictus_enriched.csv:891,0,1,0.8,2,1,1.0,0,0.13083333333333333,1.0,1.2246467991473532e-16,-1.0,0,0,0.1,45,3,0,0,0,0,0,1,0,0,0,0,0.272,0,0,0,0,0,0.0,0,0,0.0,0
invictus_enriched.csv:892,0,1,0.8,2,1,0.9997222222222222,1,0.13111111111111112,1.0,1.2246467991473532e-16,-1.0,0,0,0.1,118,3,1,0,0,0,0,0,0,0,0,0,0.7106666666666667,0,0,0,0,0,0.0,0,0,0.0,0
invictus_enriched.csv:893,0,1,0.8,2,1,1.0,1,0.13111111111111112,1.0,1.2246467991473532e-16,-1.0,0,0,0.1,119,3,0,0,0,0,0,1,0,0,0,0,0.11866666666666667,0,0,0,0,0,0.0,0,0,0.0,0
invictus_enriched.csv:894,0,1,0.8,2,1,0.9997222222222222,1,0.1313888888888889,1.0,1.2246467991473532e-16,-1.0,0,0,0.8,120,3,1,0,0,0,0,0,0,0,0,0,0.116,0,0,0,0,0,0.0,0,0,0.0,0
invictus_enriched.csv:895,0,1,0.8,2,1,0.9972222222222222,0,0.13416666666666666,1.0,1.2246467991473532e-16,-1.0,0,0,0.1,21,3,0,0,0,0,0,1,0,0,0,0,0.064,0,0,0,0,0,0.0,0,0,0.0,0
invictus_enriched.csv:896,0,1,0.8,2,1,0.9988888888888889,0,0.13527777777777777,1.0,1.2246467991473532e-16,-1.0,0,0,0.1,23,1,0,0,0,0,1,1,0,0,0,0,0.0026666666666666666,0,0,0,0,0,0.0,0,0,0.0,0
invictus_enriched.csv:897,0,1,0.8,2,1,0.9997222222222222,0,0.13555555555555557,1.0,1.2246467991473532e-16,-1.0,0,0,0.1,23,1,0,0,0,0,1,1,0,0,0,0,0.0026666666666666666,0,0,0,0,0,0.0,0,0,0.0,0
invictus_enriched.csv:898,0,1,0.8,2,1,1.0,0,0.13555555555555557,1.0,1.2246467991473532e-16,-1.0,0,0,0.2,22,2,0,0,0,0,0,1,0,1,0,0,0.0026666666666666666,0,0,0,0,0,0.0,0,0,0.0,0
invictus_enriched.csv:899,0,0,0.8,2,1,0.9866666666666667,0,0.34,0.4313725490196079,1.2246467991473532e-16,-1.0,0,0,0.1,10,0,0,0,0,0,0,1,0,0,0,0,0.19466666666666665,0,0,0,0,0,0.0,0,0,0.0,0
invictus_enriched.csv:900,0,0,0.8,2,1,1.0,0,0.34,0.43627450980392163,1.2246467991473532e-16,-1.0,0,0,0.1,10,0,0,0,0,0,0,1,0,0,0,1,0.196,0,0,0,0,0,0.0,0,0,0.0,0
invictus_enriched.csv:901,0,1,0.8,2,1,0.9997222222222222,0,0.13583333333333333,1.0,1.2246467991473532e-16,-1.0,0,0,0.1,25,1,1,0,0,0,1,0,0,0,0,0,0.304,0,0,0,0,1,0.2,0,1,0.0,1
invictus_enriched.csv:902,0,1,0.8,2,1,1.0,0,0.13583333333333333,1.0,1.2246467991473532e-16,-1.0,0,0,0.7,24,1,1,0,0,0,1,0,0,0,0,0,0.4746666666666667,0,0,0,0,0,0.2,0,0,0.6,1
invictus_enriched.csv:903,0,1,0.8,2,1,0.9997222222222222,0,0.1361111111111111,1.0,1.2246467991473532e-16,-1.0,0,0,0.1,26,1,0,0,0,0,1,1,0,0,0,0,0.06666666666666667,0,0,0,0,0,0.0,0,0,0.0,0
invictus_enriched.csv:904,0,1,0.8,2,1,1.0,0,0.1361111111111111,1.0,1.2246467991473532e-16,-1.0,0,0,0.1,28,1,0,0,0,0,1,1,0,0,0,0,0.06666666666666667,0,0,0,0,0,0.0,0,0,0.0,0
invictus_enriched.csv:905,0,1,0.8,2,1,0.9997222222222222,0,0.1363888888888889,1.0,1.2246467991473532e-16,-1.0,0,0,0.1,29,1,0,0,0,0,1,1,0,0,0,0,0.108,0,0,0,0,0,0.0,0,0,0.0,0
invictus_enriched.csv:906,0,1,0.8,2,1,1.0,0,0.1363888888888889,1.0,1.2246467991473532e-16,-1.0,0,0,0.1,27,1,0,0,0,0,1,1,0,0,0,0,0.06666666666666667,0,0,0,0,1,0.0,0,0,0.0,0
invictus_enriched.csv:907,0,1,0.8,2,1,0.9997222222222222,0,0.13666666666666666,1.0,1.2246467991473532e-16,-1.0,0,0,0.6,30,2,0,0,1,1,0,0,0,0,0,0,0.0026666666666666666,0,0,0,0,0,0.0,0,0,0.0,0
invictus_enriched.csv:908,0,1,0.8,2,1,0.9997222222222222,0,0.13694444444444445,1.0,1.2246467991473532e-16,-1.0,0,0,0.6,30,2,0,0,1,1,0,0,0,0,0,0,0.0026666666666666666,0,0,0,0,0,0.0,0,0,0.0,0
invictus_enriched.csv:909,0,1,0.8,2,1,0.9991666666666666,0,0.13777777777777778,1.0,1.2246467991473532e-16,-1.0,0,0,0.6,30,2,0,0,1,1,0,0,0,0,0,0,0.0026666666666666666,0,0,0,0,0,0.0,0,0,0.0,0
invictus_enriched.csv:910,0,1,0.8,2,1,0.9986111111111111,0,0.13916666666666666,1.0,1.2246467991473532e-16,-1.0,0,0,0.6,30,2,0,0,0,0,0,0,0,0,0,0,0.20933333333333334,0,0,0,0,0,0.0,0,0,0.0,0
invictus_enriched.csv:911,0,1,0.8,2,1,1.0,0,0.13916666666666666,1.0,1.2246467991473532e-16,-1.0,0,0,0.6,30,2,0,0,0,0,0,0,0,0,0,0,0.20933333333333334,0,0,0,0,0,0.0,0,0,0.0,0
invictus_enriched.csv:912,1,0,0.5,3,1,0.0,1,0.0,0.1,1.2246467991473532e-16,-1.0,0,0,0.1,65,3,0,0,1,0,0,1,0,0,0,0,0.07066666666666667,0,0,0,0,0,0.0,0,0,0.0,0
invictus_enriched.csv:913,1,0,0.5,3,1,1.0,0,0.0,1.0,1.2246467991473532e-16,-1.0,0,0,0.1,65,3,0,0,1,0,0,1,0,0,0,0,0.07066666666666667,0,0,0,0,0,0.0,0,0,0.0,0
invictus_enriched.csv:914,1,0,0.5,3,1,1.0,0,0.0,1.0,1.2246467991473532e-16,-1.0,0,0,0.1,65,3,0,0,1,0,0,1,0,0,0,0,0.07066666666666667,0,0,0,0,0,0.0,0,0,0.0,0
invictus_enriched.csv:915,1,0,0.5,3,1,1.0,0,0.0,1.0,1.2246467991473532e-16,-1.0,0,0,0.1,65,3,0,0,1,0,0,1,0,0,0,0,0.07066666666666667,0,0,0,0,0,0.0,0,0,0.0,0
invictus_enriched.csv:916,1,0,0.5,3,1,1.0,0,0.0,1.0,1.2246467991473532e-16,-1.0,0,0,0.1,65,3,0,0,1,0,0,1,0,0,0,0,0.07066666666666667,0,0,0,0,0,0.0,0,0,0.0,0
invictus_enriched.csv:917,1,0,0.5,3,1,1.0,0,0.0,1.0,1.2246467991473532e-16,-1.0,0,0,0.1,65,3,0,0,1,0,0,1,0,0,0,0,0.07066666666666667,0,0,0,0,0,0.0,0,0,0.0,0
invictus_enriched.csv:918,1,0,0.5,3,1,0.9997222222222222,0,0.0002777777777777778,1.0,1.2246467991473532e-16,-1.0,0,0,0.1,65,3,0,0,1,0,0,1,0,0,0,0,0.07066666666666667,0,0,0,0,0,0.0,0,0,0.0,0
invictus_enriched.csv:919,1,0,0.5,3,1,1.0,0,0.0002777777777777778,1.0,1.2246467991473532e-16,-1.0,0,0,0.1,65,3,0,0,1,0,0,1,0,0,0,0,0.07066666666666667,0,0,0,0,0,0.0,0,0,0.0,0
invictus_enriched.csv:920,1,0,0.5,3,1,1.0,0,0.0002777777777777778,1.0,1.2246467991473532e-16,-1.0,0,0,0.1,65,3,0,0,1,0,0,1,0,0,0,0,0.07066666666666667,0,0,0,0,0,0.0,0,0,0.0,0
invictus_enriched.csv:921,1,0,0.5,3,1,1.0,0,0.0002777777777777778,1.0,1.2246467991473532e-16,-1.0,0,0,0.1,65,3,0,0,1,0,0,1,0,0,0,0,0.07066666666666667,0,0,0,0,0,0.0,0,0,0.0,0
invictus_enriched.csv:922,1,0,0.5,3,1,1.0,0,0.0002777777777777778,1.0,1.2246467991473532e-16,-1.0,0,0,0.1,65,3,0,0,1,0,0,1,0,0,0,0,0.07066666666666667,0,0,0,0,0,0.0,0,0,0.0,0
invictus_enriched.csv:923,1,0,0.5,3,1,0.9997222222222222,0,0.0005555555555555556,1.0,1.2246467991473532e-16,-1.0,0,0,0.1,65,3,0,0,1,0,0,1,0,0,0,0,0.07066666666666667,0,0,0,0,0,0.0,0,0,0.0,0
invictus_enriched.csv:924,1,0,0.5,3,1,1.0,0,0.0005555555555555556,1.0,1.2246467991473532e-16,-1.0,0,0,0.1,65,3,0,0,1,0,0,1,0,0,0,0,0.07066666666666667,0,0,0,0,0,0.0,0,0,0.0,0
invictus_enriched.csv:925,1,0,0.5,3,1,1.0,0,0.0005555555555555556,1.0,1.2246467991473532e-16,-1.0,0,0,0.1,65,3,0,0,1,0,0,1,0,0,0,0,0.07066666666666667,0,0,0,0,0,0.0,0,0,0.0,0
invictus_enriched.csv:926,1,0,0.5,3,1,1.0,0,0.0005555555555555556,1.0,1.2246467991473532e-16,-1.0,0,0,0.1,65,3,0,0,1,0,0,1,0,0,0,0,0.07066666666666667,0,0,0,0,0,0.0,0,0,0.0,0
invictus_enriched.csv:927,0,1,0.8,2,1,0.9972222222222222,0,0.14194444444444446,1.0,1.2246467991473532e-16,-1.0,0,0,0.1,21,3,0,0,0,0,0,1,0,0,0,0,0.064,0,0,0,0,0,0.0,0,0,0.0,0
invictus_enriched.csv:928,0,1,0.8,2,1,0.9986111111111111,0,0.14333333333333334,1.0,1.2246467991473532e-16,-1.0,0,0,0.1,23,1,0,0,0,0,1,1,0,0,0,0,0.0026666666666666666,0,0,0,0,0,0.0,0,0,0.0,0
invictus_enriched.csv:929,0,1,0.8,2,1,0.9997222222222222,0,0.1436111111111111,1.0,1.2246467991473532e-16,-1.0,0,0,0.1,33,3,0,0,0,0,0,1,0,0,0,0,0.26266666666666666,0,0,0,0,0,0.0,0,0,0.0,0
invictus_enriched.csv:930,0,1,0.8,2,1,1.0,0,0.1436111111111111,1.0,1.2246467991473532e-16,-1.0,0,0,0.1,32,3,0,0,0,0,0,1,0,0,0,0,0.2,0,0,0,0,0,0.0,0,0,0.0,0
invictus_enriched.csv:931,0,1,0.8,2,1,0.9997222222222222,0,0.1438888888888889,1.0,1.2246467991473532e-16,-1.0,0,0,0.1,23,1,0,0,0,0,1,1,0,0,0,0,0.0026666666666666666,0,0,0,0,0,0.0,0,0,0.0,0
invictus_enriched.csv:932,0,1,0.8,2,1,1.0,0,0.1438888888888889,1.0,1.2246467991473532e-16,-1.0,0,0,0.1,36,3,1,0,0,0,0,0,0,0,0,0,0.2853333333333333,0,0,0,0,0,0.0,0,0,0.0,0
invictus_enriched.csv:933,0,1,0.8,2,1,1.0,0,0.1438888888888889,1.0,1.2246467991473532e-16,-1.0,0,0,0.1,34,3,1,0,0,0,0,0,0,0,0,0,0.36666666666666664,0,0,0,0,0,0.0,0,0,0.0,0
invictus_enriched.csv:934,0,1,0.8,2,1,1.0,0,0.1438888888888889,1.0,1.2246467991473532e-16,-1.0,0,0,0.1,26,1,0,0,0,0,1,1,0,0,0,0,0.068,0,0,0,0,0,0.0,0,0,0.0,0
invictus_enriched.csv:935,0,1,0.8,2,1,1.0,0,0.1438888888888889,1.0,1.2246467991473532e-16,-1.0,0,0,0.7,24,1,1,0,0,0,1,0,0,0,0,0,0.632,0,0,0,0,0,0.2,0,0,0.6,1
invictus_enriched.csv:936,0,1,0.8,2,1,0.9997222222222222,0,0.14416666666666667,1.0,1.2246467991473532e-16,-1.0,0,0,0.1,37,3,0,0,0,0,0,1,0,0,0,0,0.10133333333333333,0,0,0,0,0,0.0,0,0,0.0,0
invictus_enriched.csv:937,0,1,0.8,2,1,1.0,0,0.14416666666666667,1.0,1.2246467991473532e-16,-1.0,0,0,0.1,28,1,0,0,0,0,1,1,0,0,0,0,0.068,0,0,0,0,0,0.0,0,0,0.0,0
invictus_enriched.csv:938,0,1,0.8,2,1,1.0,0,0.14416666666666667,1.0,1.2246467991473532e-16,-1.0,0,0,0.1,35,3,0,0,0,0,0,1,0,0,0,0,0.15733333333333333,0,0,0,0,0,0.0,0,0,0.0,0
invictus_enriched.csv:939,0,1,0.8,2,1,1.0,0,0.14416666666666667,1.0,1.2246467991473532e-16,-1.0,0,0,0.1,37,3,0,0,0,0,0,1,0,0,0,0,0.10133333333333333,0,0,0,0,0,0.0,0,0,0.0,0
invictus_enriched.csv:940,0,1,0.8,2,1,0.9997222222222222,0,0.14444444444444443,1.0,1.2246467991473532e-16,-1.0,0,0,0.1,27,1,0,0,0,0,1,1,0,0,0,0,0.068,0,0,0,0,1,0.0,0,0,0.0,0
invictus_enriched.csv:941,0,1,0.8,2,1,1.0,0,0.14444444444444443,1.0,1.2246467991473532e-16,-1.0,0,0,0.1,27,1,0,0,0,0,1,1,0,0,0,0,0.068,0,0,0,0,1,0.0,0,0,0.0,0
invictus_enriched.csv:942,0,1,0.8,2,1,1.0,0,0.14444444444444443,1.0,1.2246467991473532e-16,-1.0,0,0,0.1,38,3,0,0,0,0,0,1,0,0,0,0,0.1,0,0,0,0,0,0.0,0,0,0.0,0
invictus_enriched.csv:943,0,1,0.8,2,1,1.0,0,0.14444444444444443,1.0,1.2246467991473532e-16,-1.0,0,0,0.1,40,1,1,0,0,0,1,0,0,0,0,0,0.17733333333333334,0,0,0,0,0,0.0,0,0,0.0,0
invictus_enriched.csv:944,0,1,0.8,2,1,1.0,0,0.14444444444444443,1.0,1.2246467991473532e-16,-1.0,0,0,0.1,41,3,0,0,0,0,0,1,0,0,0,0,0.13733333333333334,0,0,0,0,0,0.0,0,0,0.0,0
invictus_enriched.csv:945,0,1,0.8,2,1,1.0,0,0.14444444444444443,1.0,1.2246467991473532e-16,-1.0,0,0,0.1,46,1,0,0,0,0,1,1,0,0,0,0,0.088,0,0,0,0,0,0.0,0,0,0.0,0
invictus_enriched.csv:946,0,1,0.8,2,1,1.0,0,0.14444444444444443,1.0,1.2246467991473532e-16,-1.0,0,0,0.1,42,1,1,0,0,0,1,0,0,0,0,0,0.16,0,0,0,0,1,0.0,0,0,0.0,1
invictus_enriched.csv:947,0,1,0.8,2,1,1.0,0,0.14444444444444443,1.0,1.2246467991473532e-16,-1.0,0,0,0.1,39,3,0,0,0,0,0,1,0,0,0,0,0.04533333333333334,0,0,0,0,0,0.0,0,0,0.0,0
invictus_enriched.csv:948,0,1,0.8,2,1,0.9997222222222222,0,0.14472222222222222,1.0,1.2246467991473532e-16,-1.0,0,0,0.1,39,3,0,0,0,0,0,1,0,0,0,0,0.04533333333333334,0,0,0,0,0,0.0,0,0,0.0,0
invictus_enriched.csv:949,0,1,0.8,2,1,1.0,0,0.14472222222222222,1.0,1.2246467991473532e-16,-1.0,0,0,0.1,44,1,1,0,0,0,1,0,0,0,0,0,0.156,0,0,0,0,0,0.0,0,0,0.0,0
invictus_enriched.csv:950,0,1,0.8,2,1,1.0,0,0.14472222222222222,1.0,1.2246467991473532e-16,-1.0,0,0,0.1,49,1,1,0,0,0,1,0,0,0,0,0,0.16,0,0,0,0,0,0.0,0,0,0.0,0
invictus_enriched.csv:951,0,1,0.8,2,1,1.0,0,0.14472222222222222,1.0,1.2246467991473532e-16,-1.0,0,0,0.1,43,3,0,0,0,0,0,1,0,0,0,0,0.26,0,0,0,0,0,0.0,0,0,0.0,0
invictus_enriched.csv:952,0,1,0.8,2,1,0.9997222222222222,0,0.145,1.0,1.2246467991473532e-16,-1.0,0,0,0.1,47,3,0,0,0,0,0,1,0,0,0,0,0.304,0,0,0,0,0,0.0,0,0,0.0,0
invictus_enriched.csv:953,0,1,0.8,2,1,1.0,0,0.145,1.0,1.2246467991473532e-16,-1.0,0,0,0.1,45,3,0,0,0,0,0,1,0,0,0,0,0.272,0,0,0,0,0,0.0,0,0,0.0,0
invictus_enriched.csv:954,0,1,0.8,2,1,0.9997222222222222,0,0.14527777777777778,1.0,1.2246467991473532e-16,-1.0,0,0,0.1,45,3,0,0,0,0,0,1,0,0,0,0,0.12266666666666666,0,0,0,0,0,0.0,0,0,0.0,0
invictus_enriched.csv:955,0,1,0.8,2,1,1.0,0,0.14527777777777778,1.0,1.2246467991473532e-16,-1.0,0,0,0.1,53,3,0,0,0,0,0,1,0,0,0,0,0.11333333333333333,0,0,0,0,0,0.0,0,0,0.0,0
invictus_enriched.csv:956,0,1,0.8,2,1,1.0,0,0.14527777777777778,1.0,1.2246467991473532e-16,-1.0,0,0,0.1,45,3,0,0,0,0,0,1,0,0,0,0,0.12266666666666666,0,0,0,0,0,0.0,0,0,0.0,0
invictus_enriched.csv:957,0,1,0.8,2,1,1.0,0,0.14527777777777778,1.0,1.2246467991473532e-16,-1.0,0,0,0.1,53,3,0,0,0,0,0,1,0,0,0,0,0.11333333333333333,0,0,0,0,0,0.0,0,0,0.0,0
invictus_enriched.csv:958,0,1,0.8,2,1,1.0,0,0.14527777777777778,1.0,1.2246467991473532e-16,-1.0,0,0,0.1,50,3,1,0,0,0,0,0,0,0,0,0,0.256,0,0,0,0,0,0.0,0,0,0.0,0
invictus_enriched.csv:959,0,1,0.8,2,1,1.0,0,0.14527777777777778,1.0,1.2246467991473532e-16,-1.0,0,0,0.1,54,3,1,0,0,0,0,0,0,0,0,0,0.10666666666666667,0,0,0,0,1,0.0,0,0,0.0,0
invictus_enriched.csv:960,0,1,0.8,2,1,1.0,0,0.14527777777777778,1.0,1.2246467991473532e-16,-1.0,0,0,0.1,48,3,1,0,0,0,0,0,0,0,0,0,0.304,0,0,0,0,0,0.0,0,0,0.0,0
invictus_enriched.csv:961,0,1,0.8,2,1,1.0,0,0.14527777777777778,1.0,1.2246467991473532e-16,-1.0,0,0,0.1,48,3,1,0,0,0,0,0,0,0,0,0,0.32,0,0,0,0,0,0.0,0,0,0.0,0
invictus_enriched.csv:962,0,1,0.8,2,1,1.0,0,0.14527777777777778,1.0,1.2246467991473532e-16,-1.0,0,0,0.1,51,3,1,0,0,0,0,0,0,0,0,0,0.3973333333333333,0,0,0,0,0,0.0,0,0,0.0,0
invictus_enriched.csv:963,0,1,0.8,2,1,1.0,0,0.14527777777777778,1.0,1.2246467991473532e-16,-1.0,0,0,0.1,51,3,1,0,0,0,0,0,0,0,0,0,0.396,0,0,0,0,0,0.0,0,0,0.0,0
invictus_enriched.csv:964,0,1,0.8,2,1,0.9997222222222222,0,0.14555555555555555,1.0,1.2246467991473532e-16,-1.0,0,0,0.1,53,3,0,0,0,0,0,1,0,0,0,0,0.11333333333333333,0,0,0,0,0,0.0,0,0,0.0,0
invictus_enriched.csv:965,0,1,0.8,2,1,1.0,0,0.14555555555555555,1.0,1.2246467991473532e-16,-1.0,0,0,0.1,53,3,0,0,0,0,0,1,0,0,0,0,0.11333333333333333,0,0,0,0,0,0.0,0,0,0.0,0
invictus_enriched.csv:966,0,1,0.8,2,1,1.0,0,0.14555555555555555,1.0,1.2246467991473532e-16,-1.0,0,0,0.1,55,3,1,0,0,0,0,0,0,0,0,0,0.108,0,0,0,0,0,0.0,0,0,0.0,0
invictus_enriched.csv:967,0,1,0.8,2,1,1.0,0,0.14555555555555555,1.0,1.2246467991473532e-16,-1.0,0,0,0.1,45,3,0,0,0,0,0,1,0,0,0,0,0.12266666666666666,0,0,0,0,0,0.0,0,0,0.0,0
invictus_enriched.csv:968,0,1,0.8,2,1,1.0,0,0.14555555555555555,1.0,1.2246467991473532e-16,-1.0,0,0,0.1,55,3,1,0,0,0,0,0,0,0,0,0,0.108,0,0,0,0,0,0.0,0,0,0.0,0
invictus_enriched.csv:969,0,1,0.8,2,1,1.0,0,0.14555555555555555,1.0,1.2246467991473532e-16,-1.0,0,0,0.1,52,3,0,0,0,0,0,1,0,0,0,0,0.136,0,0,0,0,0,0.0,0,0,0.0,0
invictus_enriched.csv:970,0,1,0.8,2,1,1.0,0,0.14555555555555555,1.0,1.2246467991473532e-16,-1.0,0,0,0.1,45,3,0,0,0,0,0,1,0,0,0,0,0.12266666666666666,0,0,0,0,0,0.0,0,0,0.0,0
invictus_enriched.csv:971,0,1,0.8,2,1,1.0,0,0.14555555555555555,1.0,1.2246467991473532e-16,-1.0,0,0,0.1,52,3,0,0,0,0,0,1,0,0,0,0,0.136,0,0,0,0,0,0.0,0,0,0.0,0
invictus_enriched.csv:972,0,1,0.8,2,1,0.9997222222222222,0,0.14583333333333334,1.0,1.2246467991473532e-16,-1.0,0,0,0.1,45,3,0,0,0,0,0,1,0,0,0,0,0.22266666666666668,0,0,0,0,0,0.0,0,0,0.0,0
invictus_enriched.csv:973,0,1,0.8,2,1,1.0,0,0.14583333333333334,1.0,1.2246467991473532e-16,-1.0,0,0,0.1,59,3,0,0,0,0,0,1,0,0,0,0,0.128,0,0,0,0,0,0.0,0,0,0.0,0
invictus_enriched.csv:974,0,1,0.8,2,1,1.0,0,0.14583333333333334,1.0,1.2246467991473532e-16,-1.0,0,0,0.1,56,3,1,0,0,0,0,0,0,0,0,0,0.44,0,0,0,0,0,0.0,0,0,0.0,0
invictus_enriched.csv:975,0,1,0.8,2,1,1.0,0,0.14583333333333334,1.0,1.2246467991473532e-16,-1.0,0,0,0.1,45,3,0,0,0,0,0,1,0,0,0,0,0.22266666666666668,0,0,0,0,0,0.0,0,0,0.0,0
invictus_enriched.csv:976,0,1,0.8,2,1,1.0,0,0.14583333333333334,1.0,1.2246467991473532e-16,-1.0,0,0,0.1,60,3,0,0,0,0,0,1,0,0,0,0,0.13866666666666666,0,0,0,0,0,0.0,0,0,0.0,0
invictus_enriched.csv:977,0,1,0.8,2,1,1.0,0,0.14583333333333334,1.0,1.2246467991473532e-16,-1.0,0,0,0.1,58,3,1,0,0,0,0,0,0,0,0,0,0.544,0,0,0,0,0,0.0,0,0,0.0,0
invictus_enriched.csv:978,0,1,0.8,2,1,1.0,0,0.14583333333333334,1.0,1.2246467991473532e-16,-1.0,0,0,0.1,45,3,0,0,0,0,0,1,0,0,0,0,0.22266666666666668,0,0,0,0,0,0.0,0,0,0.0,0
invictus_enriched.csv:979,0,1,0.8,2,1,1.0,0,0.14583333333333334,1.0,1.2246467991473532e-16,-1.0,0,0,0.1,45,3,0,0,0,0,0,1,0,0,0,0,0.12266666666666666,0,0,0,0,0,0.0,0,0,0.0,0
invictus_enriched.csv:980,0,1,0.8,2,1,1.0,0,0.14583333333333334,1.0,1.2246467991473532e-16,-1.0,0,0,0.1,57,3,1,0,0,0,0,0,0,0,0,0,0.15466666666666667,0,0,0,0,0,0.0,0,0,0.0,0
invictus_enriched.csv:981,0,1,0.8,2,1,1.0,0,0.14583333333333334,1.0,1.2246467991473532e-16,-1.0,0,0,0.1,45,3,0,0,0,0,0,1,0,0,0,0,0.22266666666666668,0,0,0,0,0,0.0,0,0,0.0,0
invictus_enriched.csv:982,0,1,0.8,2,1,0.9997222222222222,0,0.1461111111111111,1.0,1.2246467991473532e-16,-1.0,0,0,0.1,60,3,0,0,0,0,0,1,0,0,0,0,0.13866666666666666,0,0,0,0,0,0.0,0,0,0.0,0
invictus_enriched.csv:983,0,1,0.8,2,1,1.0,0,0.1461111111111111,1.0,1.2246467991473532e-16,-1.0,0,0,0.1,45,3,0,0,0,0,0,1,0,0,0,0,0.12266666666666666,0,0,0,0,0,0.0,0,0,0.0,0
invictus_enriched.csv:984,0,1,0.8,2,1,1.0,0,0.1461111111111111,1.0,1.2246467991473532e-16,-1.0,0,0,0.1,45,3,0,0,0,0,0,1,0,0,0,0,0.12266666666666666,0,0,0,0,0,0.0,0,0,0.0,0
invictus_enriched.csv:985,0,1,0.8,2,1,1.0,0,0.1461111111111111,1.0,1.2246467991473532e-16,-1.0,0,0,0.1,59,3,0,0,0,0,0,1,0,0,0,0,0.128,0,0,0,0,0,0.0,0,0,0.0,0
invictus_enriched.csv:986,0,1,0.8,2,1,0.9997222222222222,0,0.1463888888888889,1.0,1.2246467991473532e-16,-1.0,0,0,0.1,61,3,1,0,1,0,0,0,0,0,0,0,0.9933333333333333,0,0,0,0,0,0.0,0,0,0.0,0
invictus_enriched.csv:987,0,1,0.8,2,1,1.0,0,0.1463888888888889,1.0,1.2246467991473532e-16,-1.0,0,0,0.1,59,3,0,0,0,0,0,1,0,0,0,0,0.128,0,0,0,0,0,0.0,0,0,0.0,0
invictus_enriched.csv:988,0,1,0.8,2,1,0.9997222222222222,0,0.14666666666666667,1.0,1.2246467991473532e-16,-1.0,0,0,0.1,59,3,0,0,0,0,0,1,0,0,0,0,0.128,0,0,0,0,0,0.0,0,0,0.0,0
invictus_enriched.csv:989,0,1,0.8,2,1,1.0,0,0.14666666666666667,1.0,1.2246467991473532e-16,-1.0,0,0,0.1,61,3,1,0,1,0,0,0,0,0,0,0,0.9933333333333333,0,0,0,0,0,0.0,0,0,0.0,0
invictus_enriched.csv:990,0,1,0.8,2,1,0.9994444444444445,0,0.14722222222222223,1.0,1.2246467991473532e-16,-1.0,0,0,0.1,59,3,0,0,0,0,0,1,0,0,0,0,0.128,0,0,0,0,0,0.0,0,0,0.0,0
invictus_enriched.csv:991,0,1,0.8,2,1,0.9997222222222222,0,0.1475,1.0,1.2246467991473532e-16,-1.0,0,0,0.1,61,3,1,0,0,0,0,0,0,0,0,0,0.9933333333333333,0,0,0,0,0,0.0,0,0,0.0,0
invictus_enriched.csv:992,0,1,0.1,6,0,0.9516666666666667,0,0.13416666666666666,0.09937888198757763,1.2246467991473532e-16,-1.0,0,0,0.6,30,2,0,0,0,0,0,0,0,0,0,1,0.164,0,0,0,0,0,0.0,0,0,0.0,0
invictus_enriched.csv:993,0,1,0.1,6,0,1.0,0,0.13416666666666666,0.11180124223602483,1.2246467991473532e-16,-1.0,0,0,0.6,30,2,0,0,0,0,0,0,0,0,0,1,0.164,0,0,0,0,0,0.0,0,0,0.0,0
invictus_enriched.csv:994,0,1,0.3,0,0,0.9997222222222222,0,0.13444444444444445,0.12396694214876033,1.2246467991473532e-16,-1.0,0,0,0.1,62,3,1,0,0,0,0,0,0,0,0,1,0.0026666666666666666,0,0,0,0,0,0.0,0,0,0.0,0
invictus_enriched.csv:995,0,1,0.8,2,1,0.9994444444444445,0,0.14805555555555555,1.0,1.2246467991473532e-16,-1.0,0,0,0.1,59,3,0,0,0,0,0,1,0,0,0,0,0.128,0,0,0,0,0,0.0,0,0,0.0,0
invictus_enriched.csv:996,0,1,0.8,2,1,0.9980555555555556,0,0.15,1.0,1.2246467991473532e-16,-1.0,0,0,0.1,59,3,0,0,0,0,0,1,0,0,0,0,0.128,0,0,0,0,0,0.0,0,0,0.0,0
invictus_enriched.csv:997,0,1,0.8,2,1,0.9997222222222222,0,0.1502777777777778,1.0,1.2246467991473532e-16,-1.0,0,0,0.2,63,3,0,0,0,0,0,1,0,0,0,0,0.11333333333333333,0,0,0,0,0,0.0,0,0,0.0,0
invictus_enriched.csv:998,0,1,0.8,2,1,0.9997222222222222,0,0.15055555555555555,1.0,1.2246467991473532e-16,-1.0,0,0,0.1,64,3,0,0,0,0,0,1,0,0,0,0,0.25466666666666665,0,0,0,0,0,0.0,0,0,0.0,0
invictus_enriched.csv:999,0,1,0.8,2,1,1.0,0,0.15055555555555555,1.0,1.2246467991473532e-16,-1.0,0,0,0.2,63,3,0,0,0,0,0,1,0,0,0,0,0.11333333333333333,0,0,0,0,0,0.0,0,0,0.0,0
invictus_enriched.csv:1000,0,1,0.8,2,1,0.9997222222222222,0,0.15083333333333335,1.0,1.2246467991473532e-16,-1.0,0,0,0.1,65,3,0,0,0,0,0,1,0,0,0,0,0.116,0,0,0,0,0,0.0,0,0,0.0,0
invictus_enriched.csv:1001,0,1,0.8,2,1,1.0,0,0.15083333333333335,1.0,1.2246467991473532e-16,-1.0,0,0,0.1,37,3,0,0,0,0,0,1,0,0,0,0,0.10133333333333333,0,0,0,0,0,0.0,0,0,0.0,0
invictus_enriched.csv:1002,0,1,0.8,2,1,0.9997222222222222,0,0.1511111111111111,1.0,1.2246467991473532e-16,-1.0,0,0,0.1,66,3,0,0,0,0,0,1,0,0,0,0,0.10933333333333334,0,0,0,0,0,0.0,0,0,0.0,0
invictus_enriched.csv:1003,0,1,0.8,2,1,1.0,0,0.1511111111111111,1.0,1.2246467991473532e-16,-1.0,0,0,0.1,65,3,0,0,0,0,0,1,0,0,0,0,0.1,0,0,0,0,0,0.0,0,0,0.0,0
invictus_enriched.csv:1004,0,1,0.8,2,1,0.9997222222222222,0,0.15138888888888888,1.0,1.2246467991473532e-16,-1.0,0,0,0.1,67,3,0,0,0,0,0,1,0,0,0,0,0.14533333333333334,0,0,0,0,0,0.0,0,0,0.0,0
invictus_enriched.csv:1005,0,1,0.8,2,1,1.0,0,0.15138888888888888,1.0,1.2246467991473532e-16,-1.0,0,0,0.1,65,3,0,0,0,0,0,1,0,0,0,0,0.08266666666666667,0,0,0,0,0,0.0,0,0,0.0,0
invictus_enriched.csv:1006,0,1,0.8,2,1,0.9983333333333333,0,0.15305555555555556,1.0,1.2246467991473532e-16,-1.0,0,0,0.1,59,3,0,0,0,0,0,1,0,0,0,0,0.128,0,0,0,0,0,0.0,0,0,0.0,0
invictus_enriched.csv:1007,0,1,0.8,2,1,0.9972222222222222,0,0.15583333333333332,1.0,1.2246467991473532e-16,-1.0,0,0,0.1,59,3,0,0,0,0,0,1,0,0,0,0,0.128,0,0,0,0,0,0.0,0,0,0.0,0
invictus_enriched.csv:1008,0,1,0.8,2,1,0.9969444444444444,0,0.15888888888888889,1.0,1.2246467991473532e-16,-1.0,0,0,0.1,59,3,0,0,0,0,0,1,0,0,0,0,0.128,0,0,0,0,0,0.0,0,0,0.0,0
invictus_enriched.csv:1009,0,1,0.1,6,0,0.9877777777777778,0,0.14666666666666667,0.125,1.2246467991473532e-16,-1.0,0,0,0.6,30,2,0,0,0,0,0,0,0,0,0,1,0.2653333333333333,0,0,0,0,0,0.0,0,0,0.0,0
invictus_enriched.csv:1010,0,1,0.1,6,0,1.0,0,0.14666666666666667,0.13636363636363635,1.2246467991473532e-16,-1.0,0,0,0.6,30,2,0,0,0,0,0,0,0,0,0,1,0.26666666666666666,0,0,0,0,0,0.0,0,0,0.0,0
invictus_enriched.csv:1011,1,0,0.5,3,0,0.0,1,0.0,0.1,1.2246467991473532e-16,-1.0,0,0,0.2,63,3,0,0,0,0,0,1,0,0,0,1,0.2613333333333333,0,0,0,0,0,0.0,0,0,0.0,0
invictus_enriched.csv:1012,0,1,0.8,2,1,0.9972222222222222,0,0.16166666666666665,1.0,1.2246467991473532e-16,-1.0,0,0,0.1,59,3,0,0,0,0,0,1,0,0,0,0,0.128,0,0,0,0,0,0.0,0,0,0.0,0
invictus_enriched.csv:1013,0,1,0.8,2,1,0.9969444444444444,0,0.16472222222222221,1.0,1.2246467991473532e-16,-1.0,0,0,0.1,59,3,0,0,0,0,0,1,0,0,0,0,0.128,0,0,0,0,0,0.0,0,0,0.0,0
invictus_enriched.csv:1014,0,1,0.8,2,1,0.9972222222222222,0,0.1675,1.0,1.2246467991473532e-16,-1.0,0,0,0.1,59,3,0,0,0,0,0,1,0,0,0,0,0.128,0,0,0,0,0,0.0,0,0,0.0,0
invictus_enriched.csv:1015,0,1,0.8,2,1,0.9969444444444444,0,0.17055555555555554,1.0,1.2246467991473532e-16,-1.0,0,0,0.1,59,3,0,0,0,0,0,1,0,0,0,0,0.128,0,0,0,0,0,0.0,0,0,0.0,0
invictus_enriched.csv:1016,0,1,0.8,2,1,0.9972222222222222,0,0.17333333333333334,1.0,1.2246467991473532e-16,-1.0,0,0,0.1,59,3,0,0,0,0,0,1,0,0,0,0,0.128,0,0,0,0,0,0.0,0,0,0.0,0
invictus_enriched.csv:1017,0,1,0.8,2,1,0.9969444444444444,0,0.1763888888888889,1.0,1.2246467991473532e-16,-1.0,0,0,0.1,59,3,0,0,0,0,0,1,0,0,0,0,0.128,0,0,0,0,0,0.0,0,0,0.0,0
invictus_enriched.csv:1018,0,1,0.8,2,1,1.0,0,0.1763888888888889,1.0,1.2246467991473532e-16,-1.0,0,0,0.1,59,3,0,0,0,0,0,1,0,0,0,0,0.128,0,0,0,0,0,0.0,0,0,0.0,0
invictus_enriched.csv:1019,0,1,0.8,2,1,0.9997222222222222,0,0.17666666666666667,1.0,1.2246467991473532e-16,-1.0,0,0,0.1,57,3,1,0,0,0,0,0,0,0,0,0,0.15866666666666668,0,0,0,0,0,0.0,0,0,0.0,0
invictus_enriched.csv:1020,0,1,0.8,2,1,0.9997222222222222,0,0.17694444444444443,1.0,1.2246467991473532e-16,-1.0,0,0,0.1,45,3,0,0,0,0,0,1,0,0,0,0,0.12266666666666666,0,0,0,0,0,0.0,0,0,0.0,0
invictus_enriched.csv:1021,0,1,0.8,2,1,1.0,0,0.17694444444444443,1.0,1.2246467991473532e-16,-1.0,0,0,0.1,45,3,0,0,0,0,0,1,0,0,0,0,0.12266666666666666,0,0,0,0,0,0.0,0,0,0.0,0
invictus_enriched.csv:1022,0,1,0.8,2,1,0.9997222222222222,0,0.17722222222222223,1.0,1.2246467991473532e-16,-1.0,0,0,0.1,45,3,0,0,0,0,0,1,0,0,0,0,0.12266666666666666,0,0,0,0,0,0.0,0,0,0.0,0
invictus_enriched.csv:1023,0,1,0.8,2,1,0.9997222222222222,0,0.1775,1.0,1.2246467991473532e-16,-1.0,0,0,0.8,69,6,1,0,1,0,0,0,0,0,0,0,0.19733333333333333,0,0,0,0,0,0.0,0,0,0.0,0
invictus_enriched.csv:1024,1,0,0.5,3,1,0.0,1,0.0,0.1,1.2246467991473532e-16,-1.0,0,0,0.1,71,6,1,0,0,0,0,0,0,0,0,1,0.16666666666666666,0,0,0,0,0,0.0,0,0,0.0,0
invictus_enriched.csv:1025,1,0,0.5,3,1,0.9997222222222222,0,0.0002777777777777778,1.0,1.2246467991473532e-16,-1.0,0,0,0.1,71,6,1,0,0,0,0,0,0,0,0,1,0.36933333333333335,0,0,0,0,0,0.0,0,0,0.0,0
invictus_enriched.csv:1026,1,0,0.5,3,1,0.9958333333333333,1,0.0044444444444444444,1.0,1.2246467991473532e-16,-1.0,0,0,0.1,74,6,1,0,0,0,0,0,0,0,0,1,0.32666666666666666,0,0,0,0,0,0.0,0,0,0.0,0
invictus_enriched.csv:1027,1,0,0.5,3,1,1.0,0,0.0044444444444444444,1.0,1.2246467991473532e-16,-1.0,0,0,0.1,74,6,1,0,0,0,0,0,0,0,0,1,0.3293333333333333,0,0,0,0,0,0.0,0,0,0.0,0
invictus_enriched.csv:1028,1,0,0.5,3,1,0.9936111111111111,1,0.010833333333333334,0.7692307692307692,1.2246467991473532e-16,-1.0,0,0,0.1,89,6,1,0,0,0,0,0,0,0,0,1,0.6213333333333333,0,0,0,0,1,0.0,0,0,0.0,0
invictus_enriched.csv:1029,1,0,0.5,3,1,1.0,1,0.010833333333333334,0.923076923076923,1.2246467991473532e-16,-1.0,0,0,0.1,88,6,1,0,0,0,0,0,0,0,0,1,1.0,0,0,0,0,1,0.0,0,0,0.0,0
invictus_enriched.csv:1030,1,0,0.5,3,1,1.0,0,0.010833333333333334,1.0,1.2246467991473532e-16,-1.0,0,0,0.1,74,6,1,0,0,0,0,0,0,0,0,1,0.39466666666666667,0,0,0,0,0,0.0,0,0,0.0,0
invictus_enriched.csv:1031,0,1,0.8,2,1,0.9802777777777778,0,0.19722222222222222,1.0,1.2246467991473532e-16,-1.0,0,0,0.1,21,3,0,0,0,0,0,1,0,0,0,0,0.064,0,0,0,0,0,0.0,0,0,0.0,0
invictus_enriched.csv:1032,0,1,0.8,2,1,0.9980555555555556,0,0.19916666666666666,1.0,1.2246467991473532e-16,-1.0,0,0,0.2,22,2,0,0,0,0,0,1,0,1,0,0,0.0026666666666666666,0,0,0,0,0,0.0,0,0,0.0,0
invictus_enriched.csv:1033,0,1,0.8,2,1,1.0,0,0.19916666666666666,1.0,1.2246467991473532e-16,-1.0,0,0,0.1,23,1,0,0,0,0,1,1,0,0,0,0,0.0026666666666666666,0,0,0,0,0,0.0,0,0,0.0,0
invictus_enriched.csv:1034,0,1,0.8,2,1,0.9997222222222222,0,0.19944444444444445,1.0,1.2246467991473532e-16,-1.0,0,0,0.1,32,3,0,0,0,0,0,1,0,0,0,0,0.2,0,0,0,0,0,0.0,0,0,0.0,0
invictus_enriched.csv:1035,0,1,0.8,2,1,1.0,0,0.19944444444444445,1.0,1.2246467991473532e-16,-1.0,0,0,0.1,33,3,0,0,0,0,0,1,0,0,0,0,0.3,0,0,0,0,0,0.0,0,0,0.0,0
invictus_enriched.csv:1036,0,1,0.8,2,1,0.9997222222222222,0,0.19972222222222222,1.0,1.2246467991473532e-16,-1.0,0,0,0.1,27,1,0,0,0,0,1,1,0,0,0,0,0.07333333333333333,0,0,0,0,1,0.0,0,0,0.0,0
invictus_enriched.csv:1037,0,1,0.8,2,1,1.0,1,0.19972222222222222,1.0,1.2246467991473532e-16,-1.0,0,0,0.1,121,1,0,0,0,0,1,1,0,0,0,0,0.12133333333333333,0,0,0,0,0,0.0,0,0,0.0,0
invictus_enriched.csv:1038,0,1,0.8,2,1,1.0,0,0.19972222222222222,1.0,1.2246467991473532e-16,-1.0,0,0,0.7,24,1,1,0,0,0,1,0,0,0,0,0,0.5013333333333333,0,0,0,0,0,0.2,0,0,0.6,1
invictus_enriched.csv:1039,0,1,0.8,2,1,1.0,1,0.19972222222222222,1.0,1.2246467991473532e-16,-1.0,0,0,0.1,122,1,0,0,0,0,1,1,0,0,0,0,0.14666666666666667,0,0,0,0,0,0.0,0,0,0.0,0
invictus_enriched.csv:1040,0,1,0.8,2,1,1.0,0,0.19972222222222222,1.0,1.2246467991473532e-16,-1.0,0,0,0.1,34,3,1,0,0,0,0,0,0,0,0,0,0.35733333333333334,0,0,0,0,0,0.0,0,0,0.0,0
invictus_enriched.csv:1041,0,1,0.8,2,1,1.0,1,0.19972222222222222,1.0,1.2246467991473532e-16,-1.0,0,0,0.1,123,1,1,0,0,0,1,0,0,0,0,0,0.3893333333333333,0,0,0,0,0,0.2,0,1,0.0,0
invictus_enriched.csv:1042,0,1,0.8,2,1,1.0,0,0.19972222222222222,1.0,1.2246467991473532e-16,-1.0,0,0,0.1,23,1,0,0,0,0,1,1,0,0,0,0,0.0026666666666666666,0,0,0,0,0,0.0,0,0,0.0,0
invictus_enriched.csv:1043,0,1,0.8,2,1,1.0,0,0.19972222222222222,1.0,1.2246467991473532e-16,-1.0,0,0,0.1,28,1,0,0,0,0,1,1,0,0,0,0,0.07333333333333333,0,0,0,0,0,0.0,0,0,0.0,0
invictus_enriched.csv:1044,0,1,0.8,2,1,1.0,0,0.19972222222222222,1.0,1.2246467991473532e-16,-1.0,0,0,0.1,26,1,0,0,0,0,1,1,0,0,0,0,0.07333333333333333,0,0,0,0,0,0.0,0,0,0.0,0
invictus_enriched.csv:1045,0,1,0.8,2,1,0.9997222222222222,0,0.2,1.0,1.2246467991473532e-16,-1.0,0,0,0.1,37,3,0,0,0,0,0,1,0,0,0,0,0.10133333333333333,0,0,0,0,0,0.0,0,0,0.0,0
invictus_enriched.csv:1046,0,1,0.8,2,1,1.0,0,0.2,1.0,1.2246467991473532e-16,-1.0,0,0,0.1,37,3,0,0,0,0,0,1,0,0,0,0,0.10133333333333333,0,0,0,0,0,0.0,0,0,0.0,0
invictus_enriched.csv:1047,0,1,0.8,2,1,1.0,0,0.2,1.0,1.2246467991473532e-16,-1.0,0,0,0.1,39,3,0,0,0,0,0,1,0,0,0,0,0.04533333333333334,0,0,0,0,0,0.0,0,0,0.0,0
invictus_enriched.csv:1048,0,1,0.8,2,1,1.0,0,0.2,1.0,1.2246467991473532e-16,-1.0,0,0,0.1,121,1,0,0,0,0,1,1,0,0,0,0,0.12133333333333333,0,0,0,0,0,0.0,0,0,0.0,0
invictus_enriched.csv:1049,0,1,0.8,2,1,1.0,1,0.2,1.0,1.2246467991473532e-16,-1.0,0,0,0.1,124,1,0,0,0,0,1,1,0,0,0,0,0.12133333333333333,0,0,0,0,0,0.0,0,0,0.0,0
invictus_enriched.csv:1050,0,1,0.8,2,1,1.0,0,0.2,1.0,1.2246467991473532e-16,-1.0,0,0,0.1,42,1,1,0,0,0,1,0,0,0,0,0,0.19466666666666665,0,0,0,0,1,0.0,0,0,0.0,1
invictus_enriched.csv:1051,0,1,0.8,2,1,1.0,0,0.2,1.0,1.2246467991473532e-16,-1.0,0,0,0.1,39,3,0,0,0,0,0,1,0,0,0,0,0.04533333333333334,0,0,0,0,0,0.0,0,0,0.0,0
invictus_enriched.csv:1052,0,1,0.8,2,1,1.0,0,0.2,1.0,1.2246467991473532e-16,-1.0,0,0,0.1,39,3,0,0,0,0,0,1,0,0,0,0,0.04533333333333334,0,0,0,0,0,0.0,0,0,0.0,0
invictus_enriched.csv:1053,0,1,0.8,2,1,1.0,0,0.2,1.0,1.2246467991473532e-16,-1.0,0,0,0.1,41,3,0,0,0,0,0,1,0,0,0,0,0.13733333333333334,0,0,0,0,0,0.0,0,0,0.0,0
invictus_enriched.csv:1054,0,1,0.8,2,1,1.0,0,0.2,1.0,1.2246467991473532e-16,-1.0,0,0,0.1,38,3,0,0,0,0,0,1,0,0,0,0,0.1,0,0,0,0,0,0.0,0,0,0.0,0
invictus_enriched.csv:1055,0,1,0.8,2,1,0.9997222222222222,0,0.20027777777777778,1.0,1.2246467991473532e-16,-1.0,0,0,0.1,48,3,1,0,0,0,0,0,0,0,0,0,0.2946666666666667,0,0,0,0,0,0.0,0,0,0.0,0
invictus_enriched.csv:1056,0,1,0.8,2,1,1.0,0,0.20027777777777778,1.0,1.2246467991473532e-16,-1.0,0,0,0.1,48,3,1,0,0,0,0,0,0,0,0,0,0.31066666666666665,0,0,0,0,0,0.0,0,0,0.0,0
invictus_enriched.csv:1057,0,1,0.8,2,1,1.0,0,0.20027777777777778,1.0,1.2246467991473532e-16,-1.0,0,0,0.1,54,3,1,0,0,0,0,0,0,0,0,0,0.10666666666666667,0,0,0,0,1,0.0,0,0,0.0,0
invictus_enriched.csv:1058,0,1,0.8,2,1,1.0,0,0.20027777777777778,1.0,1.2246467991473532e-16,-1.0,0,0,0.1,43,3,0,0,0,0,0,1,0,0,0,0,0.26,0,0,0,0,0,0.0,0,0,0.0,0
invictus_enriched.csv:1059,0,1,0.8,2,1,1.0,0,0.20027777777777778,1.0,1.2246467991473532e-16,-1.0,0,0,0.1,45,3,0,0,0,0,0,1,0,0,0,0,0.272,0,0,0,0,0,0.0,0,0,0.0,0
invictus_enriched.csv:1060,0,1,0.8,2,1,1.0,0,0.20027777777777778,1.0,1.2246467991473532e-16,-1.0,0,0,0.1,47,3,0,0,0,0,0,1,0,0,0,0,0.304,0,0,0,0,0,0.0,0,0,0.0,0
invictus_enriched.csv:1061,0,1,0.8,2,1,1.0,0,0.20027777777777778,1.0,1.2246467991473532e-16,-1.0,0,0,0.1,50,3,1,0,0,0,0,0,0,0,0,0,0.24666666666666667,0,0,0,0,0,0.0,0,0,0.0,0
invictus_enriched.csv:1062,0,1,0.8,2,1,1.0,0,0.20027777777777778,1.0,1.2246467991473532e-16,-1.0,0,0,0.1,51,3,1,0,0,0,0,0,0,0,0,0,0.38666666666666666,0,0,0,0,0,0.0,0,0,0.0,0
invictus_enriched.csv:1063,0,1,0.8,2,1,0.9997222222222222,0,0.20055555555555554,1.0,1.2246467991473532e-16,-1.0,0,0,0.1,52,3,0,0,0,0,0,1,0,0,0,0,0.136,0,0,0,0,0,0.0,0,0,0.0,0
invictus_enriched.csv:1064,0,1,0.8,2,1,1.0,0,0.20055555555555554,1.0,1.2246467991473532e-16,-1.0,0,0,0.1,55,3,1,0,0,0,0,0,0,0,0,0,0.108,0,0,0,0,0,0.0,0,0,0.0,0
invictus_enriched.csv:1065,0,1,0.8,2,1,1.0,0,0.20055555555555554,1.0,1.2246467991473532e-16,-1.0,0,0,0.1,45,3,0,0,0,0,0,1,0,0,0,0,0.22266666666666668,0,0,0,0,0,0.0,0,0,0.0,0
invictus_enriched.csv:1066,0,1,0.8,2,1,1.0,0,0.20055555555555554,1.0,1.2246467991473532e-16,-1.0,0,0,0.1,53,3,0,0,0,0,0,1,0,0,0,0,0.11333333333333333,0,0,0,0,0,0.0,0,0,0.0,0
invictus_enriched.csv:1067,0,1,0.8,2,1,1.0,0,0.20055555555555554,1.0,1.2246467991473532e-16,-1.0,0,0,0.1,53,3,0,0,0,0,0,1,0,0,0,0,0.11333333333333333,0,0,0,0,0,0.0,0,0,0.0,0
invictus_enriched.csv:1068,0,1,0.8,2,1,1.0,0,0.20055555555555554,1.0,1.2246467991473532e-16,-1.0,0,0,0.1,51,3,1,0,0,0,0,0,0,0,0,0,0.388,0,0,0,0,0,0.0,0,0,0.0,0
invictus_enriched.csv:1069,0,1,0.8,2,1,1.0,0,0.20055555555555554,1.0,1.2246467991473532e-16,-1.0,0,0,0.1,45,3,0,0,0,0,0,1,0,0,0,0,0.12266666666666666,0,0,0,0,0,0.0,0,0,0.0,0
invictus_enriched.csv:1070,0,1,0.8,2,1,1.0,0,0.20055555555555554,1.0,1.2246467991473532e-16,-1.0,0,0,0.1,52,3,0,0,0,0,0,1,0,0,0,0,0.136,0,0,0,0,0,0.0,0,0,0.0,0
invictus_enriched.csv:1071,0,1,0.8,2,1,1.0,0,0.20055555555555554,1.0,1.2246467991473532e-16,-1.0,0,0,0.1,45,3,0,0,0,0,0,1,0,0,0,0,0.12266666666666666,0,0,0,0,0,0.0,0,0,0.0,0
invictus_enriched.csv:1072,0,1,0.8,2,1,1.0,0,0.20055555555555554,1.0,1.2246467991473532e-16,-1.0,0,0,0.1,45,3,0,0,0,0,0,1,0,0,0,0,0.12266666666666666,0,0,0,0,0,0.0,0,0,0.0,0
invictus_enriched.csv:1073,0,1,0.8,2,1,1.0,0,0.20055555555555554,1.0,1.2246467991473532e-16,-1.0,0,0,0.1,45,3,0,0,0,0,0,1,0,0,0,0,0.12266666666666666,0,0,0,0,0,0.0,0,0,0.0,0
invictus_enriched.csv:1074,0,1,0.8,2,1,1.0,0,0.20055555555555554,1.0,1.2246467991473532e-16,-1.0,0,0,0.1,45,3,0,0,0,0,0,1,0,0,0,0,0.12266666666666666,0,0,0,0,0,0.0,0,0,0.0,0
invictus_enriched.csv:1075,0,1,0.8,2,1,1.0,0,0.20055555555555554,1.0,1.2246467991473532e-16,-1.0,0,0,0.1,45,3,0,0,0,0,0,1,0,0,0,0,0.12266666666666666,0,0,0,0,0,0.0,0,0,0.0,0
invictus_enriched.csv:1076,0,1,0.8,2,1,1.0,0,0.20055555555555554,1.0,1.2246467991473532e-16,-1.0,0,0,0.1,55,3,1,0,0,0,0,0,0,0,0,0,0.108,0,0,0,0,0,0.0,0,0,0.0,0
invictus_enriched.csv:1077,0,1,0.8,2,1,1.0,0,0.20055555555555554,1.0,1.2246467991473532e-16,-1.0,0,0,0.1,45,3,0,0,0,0,0,1,0,0,0,0,0.22266666666666668,0,0,0,0,0,0.0,0,0,0.0,0
invictus_enriched.csv:1078,0,1,0.8,2,1,1.0,0,0.20055555555555554,1.0,1.2246467991473532e-16,-1.0,0,0,0.1,53,3,0,0,0,0,0,1,0,0,0,0,0.11333333333333333,0,0,0,0,0,0.0,0,0,0.0,0
invictus_enriched.csv:1079,0,1,0.8,2,1,1.0,0,0.20055555555555554,1.0,1.2246467991473532e-16,-1.0,0,0,0.1,45,3,0,0,0,0,0,1,0,0,0,0,0.12266666666666666,0,0,0,0,0,0.0,0,0,0.0,0
invictus_enriched.csv:1080,0,1,0.8,2,1,1.0,0,0.20055555555555554,1.0,1.2246467991473532e-16,-1.0,0,0,0.1,53,3,0,0,0,0,0,1,0,0,0,0,0.11333333333333333,0,0,0,0,0,0.0,0,0,0.0,0
invictus_enriched.csv:1081,0,1,0.8,2,1,1.0,0,0.20055555555555554,1.0,1.2246467991473532e-16,-1.0,0,0,0.1,57,3,1,0,0,0,0,0,0,0,0,0,0.15466666666666667,0,0,0,0,0,0.0,0,0,0.0,0
invictus_enriched.csv:1082,0,1,0.8,2,1,0.9997222222222222,0,0.20083333333333334,1.0,1.2246467991473532e-16,-1.0,0,0,0.1,45,3,0,0,0,0,0,1,0,0,0,0,0.12266666666666666,0,0,0,0,0,0.0,0,0,0.0,0
invictus_enriched.csv:1083,0,1,0.8,2,1,1.0,0,0.20083333333333334,1.0,1.2246467991473532e-16,-1.0,0,0,0.1,45,3,0,0,0,0,0,1,0,0,0,0,0.22266666666666668,0,0,0,0,0,0.0,0,0,0.0,0
invictus_enriched.csv:1084,0,1,0.8,2,1,1.0,0,0.20083333333333334,1.0,1.2246467991473532e-16,-1.0,0,0,0.1,45,3,0,0,0,0,0,1,0,0,0,0,0.12266666666666666,0,0,0,0,0,0.0,0,0,0.0,0
invictus_enriched.csv:1085,0,1,0.8,2,1,1.0,0,0.20083333333333334,1.0,1.2246467991473532e-16,-1.0,0,0,0.1,45,3,0,0,0,0,0,1,0,0,0,0,0.22266666666666668,0,0,0,0,0,0.0,0,0,0.0,0
invictus_enriched.csv:1086,0,1,0.8,2,1,0.9997222222222222,0,0.2011111111111111,1.0,1.2246467991473532e-16,-1.0,0,0,0.6,30,2,0,0,1,1,0,0,0,0,0,0,0.0026666666666666666,0,0,0,0,0,0.0,0,0,0.0,0
invictus_enriched.csv:1087,0,1,0.8,2,1,0.9997222222222222,0,0.2013888888888889,1.0,1.2246467991473532e-16,-1.0,0,0,0.6,30,2,0,0,1,1,0,0,0,0,0,0,0.0026666666666666666,0,0,0,0,0,0.0,0,0,0.0,0
invictus_enriched.csv:1088,0,1,0.8,2,1,0.9991666666666666,0,0.20222222222222222,1.0,1.2246467991473532e-16,-1.0,0,0,0.6,30,2,0,0,0,0,0,0,0,0,0,0,0.216,0,0,0,0,0,0.0,0,0,0.0,0
invictus_enriched.csv:1089,0,1,0.8,2,1,1.0,0,0.20222222222222222,1.0,1.2246467991473532e-16,-1.0,0,0,0.6,30,2,0,0,0,0,0,0,0,0,0,0,0.216,0,0,0,0,0,0.0,0,0,0.0,0
invictus_enriched.csv:1090,1,0,0.5,3,1,0.0,1,0.0,0.1,1.2246467991473532e-16,-1.0,0,0,0.1,61,3,1,0,1,0,0,0,0,0,0,0,0.452,0,0,0,0,0,0.0,0,0,0.0,0
invictus_enriched.csv:1091,1,0,0.5,3,1,0.9166666666666666,0,0.1625,0.14358974358974358,1.2246467991473532e-16,-1.0,0,0,0.1,71,6,1,0,0,0,0,0,0,0,0,1,0.36933333333333335,0,0,0,0,0,0.0,0,0,0.0,0
invictus_enriched.csv:1092,1,0,0.5,3,1,0.98,0,0.030833333333333334,0.43243243243243235,1.2246467991473532e-16,-1.0,0,0,0.1,71,6,1,0,0,0,0,0,0,0,0,1,0.36933333333333335,0,0,0,0,0,0.0,0,0,0.0,0
invictus_enriched.csv:1093,0,1,0.1,6,0,0.9508333333333333,0,0.19583333333333333,0.11063829787234043,1.2246467991473532e-16,-1.0,0,0,0.1,4,4,0,0,0,0,0,1,0,0,0,1,0.19466666666666665,0,0,0,0,0,0.0,0,0,0.0,0
invictus_enriched.csv:1094,0,1,0.8,2,1,0.9925,0,0.20972222222222223,1.0,1.2246467991473532e-16,-1.0,0,0,0.1,21,3,0,0,0,0,0,1,0,0,0,0,0.064,0,0,0,0,0,0.0,0,0,0.0,0
invictus_enriched.csv:1095,0,1,0.1,6,0,0.9988888888888889,0,0.19694444444444445,0.11847672778561354,1.2246467991473532e-16,-1.0,0,0,0.1,4,4,0,0,0,0,0,1,0,0,0,1,0.19466666666666665,0,0,0,0,0,0.0,0,0,0.0,0
invictus_enriched.csv:1096,0,1,0.1,6,0,0.9997222222222222,0,0.19722222222222222,0.1267605633802817,1.2246467991473532e-16,-1.0,0,0,0.1,4,4,0,0,0,0,0,1,0,0,0,1,0.19466666666666665,0,0,0,0,0,0.0,0,0,0.0,0
invictus_enriched.csv:1097,0,1,0.8,2,1,0.9986111111111111,0,0.2111111111111111,1.0,1.2246467991473532e-16,-1.0,0,0,0.1,33,3,0,0,0,0,0,1,0,0,0,0,0.26266666666666666,0,0,0,0,0,0.0,0,0,0.0,0
invictus_enriched.csv:1098,0,1,0.8,2,1,1.0,0,0.2111111111111111,1.0,1.2246467991473532e-16,-1.0,0,0,0.1,23,1,0,0,0,0,1,1,0,0,0,0,0.0026666666666666666,0,0,0,0,0,0.0,0,0,0.0,0
invictus_enriched.csv:1099,0,1,0.8,2,1,0.9997222222222222,0,0.21138888888888888,1.0,1.2246467991473532e-16,-1.0,0,0,0.1,23,1,0,0,0,0,1,1,0,0,0,0,0.0026666666666666666,0,0,0,0,0,0.0,0,0,0.0,0
invictus_enriched.csv:1100,0,1,0.8,2,1,1.0,0,0.21138888888888888,1.0,1.2246467991473532e-16,-1.0,0,0,0.7,24,1,1,0,0,0,1,0,0,0,0,0,0.6253333333333333,0,0,0,0,0,0.2,0,0,0.6,1
invictus_enriched.csv:1101,0,1,0.8,2,1,1.0,0,0.21138888888888888,1.0,1.2246467991473532e-16,-1.0,0,0,0.1,34,3,1,0,1,0,0,0,0,0,0,0,0.36,0,0,0,0,0,0.0,0,0,0.0,0
invictus_enriched.csv:1102,0,1,0.8,2,1,0.9997222222222222,0,0.21166666666666667,1.0,1.2246467991473532e-16,-1.0,0,0,0.1,35,3,0,0,0,0,0,1,0,0,0,0,0.15733333333333333,0,0,0,0,0,0.0,0,0,0.0,0
invictus_enriched.csv:1103,0,1,0.8,2,1,1.0,0,0.21166666666666667,1.0,1.2246467991473532e-16,-1.0,0,0,0.1,36,3,1,0,0,0,0,0,0,0,0,0,0.2786666666666667,0,0,0,0,0,0.0,0,0,0.0,0
invictus_enriched.csv:1104,0,1,0.8,2,1,1.0,0,0.21166666666666667,1.0,1.2246467991473532e-16,-1.0,0,0,0.1,26,1,0,0,0,0,1,1,0,0,0,0,0.06133333333333333,0,0,0,0,0,0.0,0,0,0.0,0
invictus_enriched.csv:1105,0,1,0.8,2,1,0.9997222222222222,0,0.21194444444444444,1.0,1.2246467991473532e-16,-1.0,0,0,0.1,28,1,0,0,0,0,1,1,0,0,0,0,0.06133333333333333,0,0,0,0,0,0.0,0,0,0.0,0
invictus_enriched.csv:1106,0,1,0.8,2,1,1.0,0,0.21194444444444444,1.0,1.2246467991473532e-16,-1.0,0,0,0.1,27,1,0,0,0,0,1,1,0,0,0,0,0.06133333333333333,0,0,0,0,1,0.0,0,0,0.0,0
invictus_enriched.csv:1107,0,1,0.8,2,1,0.9997222222222222,0,0.21222222222222223,1.0,1.2246467991473532e-16,-1.0,0,0,0.1,46,1,0,0,0,0,1,1,0,0,0,0,0.08133333333333333,0,0,0,0,0,0.0,0,0,0.0,0
invictus_enriched.csv:1108,0,1,0.8,2,1,1.0,0,0.21222222222222223,1.0,1.2246467991473532e-16,-1.0,0,0,0.1,27,1,0,0,0,0,1,1,0,0,0,0,0.06133333333333333,0,0,0,0,1,0.0,0,0,0.0,0
invictus_enriched.csv:1109,0,1,0.8,2,1,1.0,0,0.21222222222222223,1.0,1.2246467991473532e-16,-1.0,0,0,0.1,40,1,1,0,0,0,1,0,0,0,0,0,0.17066666666666666,0,0,0,0,0,0.0,0,0,0.0,0
invictus_enriched.csv:1110,0,1,0.8,2,1,1.0,0,0.21222222222222223,1.0,1.2246467991473532e-16,-1.0,0,0,0.1,42,1,1,0,0,0,1,0,0,0,0,0,0.15333333333333332,0,0,0,0,1,0.0,0,0,0.0,1
invictus_enriched.csv:1111,0,1,0.8,2,1,1.0,0,0.21222222222222223,1.0,1.2246467991473532e-16,-1.0,0,0,0.1,44,1,1,0,0,0,1,0,0,0,0,0,0.14266666666666666,0,0,0,0,0,0.0,0,0,0.0,0
invictus_enriched.csv:1112,0,1,0.8,2,1,0.9997222222222222,0,0.2125,1.0,1.2246467991473532e-16,-1.0,0,0,0.1,49,1,1,0,0,0,1,0,0,0,0,0,0.15333333333333332,0,0,0,0,0,0.0,0,0,0.0,0
invictus_enriched.csv:1113,0,1,0.8,2,1,0.9994444444444445,0,0.21305555555555555,1.0,1.2246467991473532e-16,-1.0,0,0,0.1,33,3,0,0,0,0,0,1,0,0,0,0,0.26266666666666666,0,0,0,0,0,0.0,0,0,0.0,0
invictus_enriched.csv:1114,0,1,0.8,2,1,1.0,0,0.21305555555555555,1.0,1.2246467991473532e-16,-1.0,0,0,0.1,32,3,0,0,0,0,0,1,0,0,0,0,0.2,0,0,0,0,0,0.0,0,0,0.0,0
invictus_enriched.csv:1115,0,1,0.8,2,1,1.0,0,0.21305555555555555,1.0,1.2246467991473532e-16,-1.0,0,0,0.1,26,1,0,0,0,0,1,1,0,0,0,0,0.06133333333333333,0,0,0,0,0,0.0,0,0,0.0,0
invictus_enriched.csv:1116,0,1,0.8,2,1,1.0,0,0.21305555555555555,1.0,1.2246467991473532e-16,-1.0,0,0,0.1,23,1,0,0,0,0,1,1,0,0,0,0,0.0026666666666666666,0,0,0,0,0,0.0,0,0,0.0,0
invictus_enriched.csv:1117,0,1,0.8,2,1,0.9997222222222222,0,0.21333333333333335,1.0,1.2246467991473532e-16,-1.0,0,0,0.1,27,1,0,0,0,0,1,1,0,0,0,0,0.06133333333333333,0,0,0,0,1,0.0,0,0,0.0,0
invictus_enriched.csv:1118,0,1,0.8,2,1,1.0,0,0.21333333333333335,1.0,1.2246467991473532e-16,-1.0,0,0,0.1,28,1,0,0,0,0,1,1,0,0,0,0,0.06133333333333333,0,0,0,0,0,0.0,0,0,0.0,0
invictus_enriched.csv:1119,0,1,0.8,2,1,1.0,0,0.21333333333333335,1.0,1.2246467991473532e-16,-1.0,0,0,0.1,35,3,0,0,0,0,0,1,0,0,0,0,0.15733333333333333,0,0,0,0,0,0.0,0,0,0.0,0
invictus_enriched.csv:1120,0,1,0.8,2,1,1.0,0,0.21333333333333335,1.0,1.2246467991473532e-16,-1.0,0,0,0.1,27,1,0,0,0,0,1,1,0,0,0,0,0.06133333333333333,0,0,0,0,1,0.0,0,0,0.0,0
invictus_enriched.csv:1121,0,1,0.8,2,1,0.9997222222222222,0,0.2136111111111111,1.0,1.2246467991473532e-16,-1.0,0,0,0.1,46,1,0,0,0,0,1,1,0,0,0,0,0.08133333333333333,0,0,0,0,0,0.0,0,0,0.0,0
invictus_enriched.csv:1122,0,1,0.8,2,1,1.0,0,0.2136111111111111,1.0,1.2246467991473532e-16,-1.0,0,0,0.1,26,1,0,0,0,0,1,1,0,0,0,0,0.06133333333333333,0,0,0,0,0,0.0,0,0,0.0,0
invictus_enriched.csv:1123,0,1,0.8,2,1,0.9997222222222222,0,0.21388888888888888,1.0,1.2246467991473532e-16,-1.0,0,0,0.1,35,3,0,0,0,0,0,1,0,0,0,0,0.15733333333333333,0,0,0,0,0,0.0,0,0,0.0,0
invictus_enriched.csv:1124,0,1,0.8,2,1,1.0,0,0.21388888888888888,1.0,1.2246467991473532e-16,-1.0,0,0,0.1,23,1,0,0,0,0,1,1,0,0,0,0,0.0026666666666666666,0,0,0,0,0,0.0,0,0,0.0,0
invictus_enriched.csv:1125,0,1,0.8,2,1,1.0,1,0.21388888888888888,1.0,1.2246467991473532e-16,-1.0,0,0,0.1,125,1,1,0,0,0,1,0,0,0,0,0,0.14266666666666666,0,0,0,0,0,0.0,0,0,0.0,0
invictus_enriched.csv:1126,0,1,0.8,2,1,1.0,1,0.21388888888888888,1.0,1.2246467991473532e-16,-1.0,0,0,0.1,126,1,1,0,0,0,1,0,0,0,0,0,0.15333333333333332,0,0,0,0,0,0.0,0,0,0.0,0
invictus_enriched.csv:1127,0,1,0.8,2,1,0.9997222222222222,1,0.21416666666666667,1.0,1.2246467991473532e-16,-1.0,0,0,0.1,127,1,0,0,0,0,1,1,0,0,0,0,0.06133333333333333,0,0,0,0,0,0.0,0,0,0.0,0
invictus_enriched.csv:1128,0,1,0.8,2,1,1.0,0,0.21416666666666667,1.0,1.2246467991473532e-16,-1.0,0,0,0.1,27,1,0,0,0,0,1,1,0,0,0,0,0.06133333333333333,0,0,0,0,1,0.0,0,0,0.0,0
invictus_enriched.csv:1129,0,1,0.8,2,1,1.0,1,0.21416666666666667,1.0,1.2246467991473532e-16,-1.0,0,0,0.1,128,3,1,0,0,0,0,0,0,0,0,0,0.108,0,0,0,0,0,0.0,0,0,0.0,0
invictus_enriched.csv:1130,0,1,0.8,2,1,1.0,1,0.21416666666666667,1.0,1.2246467991473532e-16,-1.0,0,0,0.1,129,1,1,0,0,0,1,0,0,0,0,0,0.08133333333333333,0,0,0,0,0,0.0,0,0,0.0,0
invictus_enriched.csv:1131,0,1,0.8,2,1,0.9997222222222222,1,0.21444444444444444,1.0,1.2246467991473532e-16,-1.0,0,0,0.1,130,1,1,0,0,0,1,0,0,0,0,0,0.06133333333333333,0,0,0,0,0,0.0,0,0,0.0,0
invictus_enriched.csv:1132,0,1,0.8,2,1,1.0,0,0.21444444444444444,1.0,1.2246467991473532e-16,-1.0,0,0,0.1,28,1,0,0,0,0,1,1,0,0,0,0,0.06133333333333333,0,0,0,0,0,0.0,0,0,0.0,0
invictus_enriched.csv:1133,0,1,0.1,6,0,0.9944444444444445,0,0.20277777777777778,0.1315068493150685,1.2246467991473532e-16,-1.0,0,0,0.1,4,4,0,0,0,0,0,1,0,0,0,1,0.19466666666666665,0,0,0,0,0,0.0,0,0,0.0,0
invictus_enriched.csv:1134,1,0,0.5,3,1,0.9894444444444445,0,0.17305555555555555,0.14446227929373998,1.2246467991473532e-16,-1.0,0,0,0.1,72,6,0,0,0,0,0,1,0,0,0,1,0.07333333333333333,0,0,0,0,0,0.0,0,0,0.0,0
invictus_enriched.csv:1135,0,0,0.8,2,1,0.9163888888888889,0,0.4236111111111111,0.3540983606557377,1.2246467991473532e-16,-1.0,0,0,0.1,10,0,0,0,0,0,0,1,0,0,0,1,0.196,0,0,0,0,0,0.0,0,0,0.0,0
invictus_enriched.csv:1136,0,0,0.8,2,1,1.0,0,0.4236111111111111,0.35803278688524587,1.2246467991473532e-16,-1.0,0,0,0.1,10,0,0,0,0,0,0,1,0,0,0,0,0.19466666666666665,0,0,0,0,0,0.0,0,0,0.0,0
invictus_enriched.csv:1137,0,1,0.8,2,1,0.9933333333333333,0,0.22111111111111112,1.0,1.2246467991473532e-16,-1.0,0,0,0.1,111,7,1,0,0,0,0,0,0,0,0,0,0.256,0,0,0,0,1,0.0,0,0,0.0,1
invictus_enriched.csv:1138,0,1,0.8,2,1,1.0,1,0.22111111111111112,1.0,1.2246467991473532e-16,-1.0,0,0,0.1,131,4,1,0,0,0,0,0,0,0,0,0,0.20266666666666666,0,0,0,0,0,0.0,0,0,0.0,0
invictus_enriched.csv:1139,0,1,0.8,2,1,1.0,0,0.22111111111111112,1.0,1.2246467991473532e-16,-1.0,0,0,0.1,106,7,1,0,1,0,0,0,0,0,0,0,0.07066666666666667,0,0,0,0,0,0.0,0,0,0.0,0
invictus_enriched.csv:1140,0,1,0.8,2,1,0.9986111111111111,0,0.2225,1.0,1.2246467991473532e-16,-1.0,0,0,0.1,23,1,0,0,0,0,1,1,0,0,0,0,0.0026666666666666666,0,0,0,0,0,0.0,0,0,0.0,0
invictus_enriched.csv:1141,0,1,0.8,2,1,1.0,0,0.2225,1.0,1.2246467991473532e-16,-1.0,0,0,0.1,23,1,0,0,0,0,1,1,0,0,0,0,0.0026666666666666666,0,0,0,0,0,0.0,0,0,0.0,0
invictus_enriched.csv:1142,0,1,0.8,2,1,1.0,0,0.2225,1.0,1.2246467991473532e-16,-1.0,0,0,0.1,23,1,0,0,0,0,1,1,0,0,0,0,0.0026666666666666666,0,0,0,0,0,0.0,0,0,0.0,0
invictus_enriched.csv:1143,0,1,0.8,2,1,1.0,0,0.2225,1.0,1.2246467991473532e-16,-1.0,0,0,0.1,23,1,0,0,0,0,1,1,0,0,0,0,0.0026666666666666666,0,0,0,0,0,0.0,0,0,0.0,0
invictus_enriched.csv:1144,0,1,0.8,2,1,0.9997222222222222,0,0.22277777777777777,1.0,1.2246467991473532e-16,-1.0,0,0,0.1,37,3,0,0,0,0,0,1,0,0,0,0,0.10133333333333333,0,0,0,0,0,0.0,0,0,0.0,0
invictus_enriched.csv:1145,0,1,0.8,2,1,1.0,0,0.22277777777777777,1.0,1.2246467991473532e-16,-1.0,0,0,0.1,26,1,0,0,0,0,1,1,0,0,0,0,0.07866666666666666,0,0,0,0,0,0.0,0,0,0.0,0
invictus_enriched.csv:1146,1,0,0.8,2,1,1.0,0,0.22277777777777777,1.0,1.2246467991473532e-16,-1.0,0,0,0.7,81,9,0,0,0,0,0,0,0,0,0,1,0.23466666666666666,0,0,0,1,0,0.0,0,0,0.0,0
invictus_enriched.csv:1147,0,1,0.8,2,1,1.0,0,0.22277777777777777,1.0,1.2246467991473532e-16,-1.0,0,0,0.1,85,6,0,0,0,0,0,1,0,0,0,0,0.10666666666666667,0,0,0,0,0,0.0,0,0,0.0,0
invictus_enriched.csv:1148,0,1,0.8,2,1,1.0,0,0.22277777777777777,1.0,1.2246467991473532e-16,-1.0,0,0,0.1,76,5,0,0,0,0,0,1,0,0,0,0,0.148,0,0,0,1,0,0.0,0,0,0.0,0
invictus_enriched.csv:1149,1,0,0.8,2,1,1.0,0,0.22277777777777777,1.0,1.2246467991473532e-16,-1.0,0,0,0.7,81,9,0,0,0,0,0,0,0,0,0,1,0.23466666666666666,0,0,0,1,0,0.0,0,0,0.0,0
invictus_enriched.csv:1150,0,1,0.8,2,1,1.0,0,0.22277777777777777,1.0,1.2246467991473532e-16,-1.0,0,0,0.1,76,5,0,0,0,0,0,1,0,0,0,0,0.148,0,0,0,1,0,0.0,0,0,0.0,0
invictus_enriched.csv:1151,0,1,0.8,2,1,1.0,0,0.22277777777777777,1.0,1.2246467991473532e-16,-1.0,0,0,0.1,85,6,0,0,0,0,0,1,0,0,0,0,0.10666666666666667,0,0,0,0,0,0.0,0,0,0.0,0
invictus_enriched.csv:1152,0,1,0.8,2,1,1.0,0,0.22277777777777777,1.0,1.2246467991473532e-16,-1.0,0,0,0.1,85,6,0,0,0,0,0,1,0,0,0,0,0.10666666666666667,0,0,0,0,0,0.0,0,0,0.0,0
invictus_enriched.csv:1153,1,0,0.8,2,1,1.0,0,0.22277777777777777,1.0,1.2246467991473532e-16,-1.0,0,0,0.7,81,9,0,0,0,0,0,0,0,0,0,1,0.23466666666666666,0,0,0,1,0,0.0,0,0,0.0,0
invictus_enriched.csv:1154,0,1,0.8,2,1,1.0,0,0.22277777777777777,1.0,1.2246467991473532e-16,-1.0,0,0,0.1,76,5,0,0,0,0,0,1,0,0,0,0,0.148,0,0,0,1,0,0.0,0,0,0.0,0
invictus_enriched.csv:1155,0,1,0.8,2,1,1.0,0,0.22277777777777777,1.0,1.2246467991473532e-16,-1.0,0,0,0.1,85,6,0,0,0,0,0,1,0,0,0,0,0.10666666666666667,0,0,0,0,0,0.0,0,0,0.0,0
invictus_enriched.csv:1156,0,1,0.8,2,1,1.0,0,0.22277777777777777,1.0,1.2246467991473532e-16,-1.0,0,0,0.1,23,1,0,0,0,0,1,1,0,0,0,0,0.0026666666666666666,0,0,0,0,0,0.0,0,0,0.0,0
invictus_enriched.csv:1157,0,1,0.8,2,1,1.0,0,0.22277777777777777,1.0,1.2246467991473532e-16,-1.0,0,0,0.1,23,1,0,0,0,0,1,1,0,0,0,0,0.0026666666666666666,0,0,0,0,0,0.0,0,0,0.0,0
invictus_enriched.csv:1158,1,0,0.8,2,1,1.0,0,0.22277777777777777,1.0,1.2246467991473532e-16,-1.0,0,0,0.7,81,9,0,0,0,0,0,0,0,0,0,1,0.23466666666666666,0,0,0,1,0,0.0,0,0,0.0,0
invictus_enriched.csv:1159,0,1,0.8,2,1,1.0,0,0.22277777777777777,1.0,1.2246467991473532e-16,-1.0,0,0,0.1,115,0,0,0,0,0,0,1,0,0,0,0,0.076,0,0,0,0,0,0.0,0,0,0.0,0
invictus_enriched.csv:1160,0,1,0.8,2,1,1.0,0,0.22277777777777777,1.0,1.2246467991473532e-16,-1.0,0,0,0.1,23,1,0,0,0,0,1,1,0,0,0,0,0.0026666666666666666,0,0,0,0,0,0.0,0,0,0.0,0
invictus_enriched.csv:1161,0,1,0.8,2,1,1.0,0,0.22277777777777777,1.0,1.2246467991473532e-16,-1.0,0,0,0.1,76,5,0,0,0,0,0,1,0,0,0,0,0.148,0,0,0,1,0,0.0,0,0,0.0,0
invictus_enriched.csv:1162,0,1,0.8,2,1,1.0,0,0.22277777777777777,1.0,1.2246467991473532e-16,-1.0,0,0,0.1,33,3,0,0,0,0,0,1,0,0,0,0,0.26266666666666666,0,0,0,0,0,0.0,0,0,0.0,0
invictus_enriched.csv:1163,0,1,0.8,2,1,1.0,0,0.22277777777777777,1.0,1.2246467991473532e-16,-1.0,0,0,0.1,26,1,0,0,0,0,1,1,0,0,0,0,0.072,0,0,0,0,0,0.0,0,0,0.0,0
invictus_enriched.csv:1164,0,1,0.8,2,1,1.0,0,0.22277777777777777,1.0,1.2246467991473532e-16,-1.0,0,0,0.1,85,6,0,0,0,0,0,1,0,0,0,0,0.10666666666666667,0,0,0,0,0,0.0,0,0,0.0,0
invictus_enriched.csv:1165,0,1,0.8,2,1,1.0,0,0.22277777777777777,1.0,1.2246467991473532e-16,-1.0,0,0,0.1,85,6,0,0,0,0,0,1,0,0,0,0,0.10666666666666667,0,0,0,0,0,0.0,0,0,0.0,0
invictus_enriched.csv:1166,0,1,0.8,2,1,1.0,0,0.22277777777777777,1.0,1.2246467991473532e-16,-1.0,0,0,0.1,85,6,0,0,0,0,0,1,0,0,0,0,0.10533333333333333,0,0,0,0,0,0.0,0,0,0.0,0
invictus_enriched.csv:1167,0,1,0.8,2,1,1.0,0,0.22277777777777777,1.0,1.2246467991473532e-16,-1.0,0,0,0.1,26,1,0,0,0,0,1,1,0,0,0,0,0.068,0,0,0,0,0,0.0,0,0,0.0,0
invictus_enriched.csv:1168,0,1,0.8,2,1,1.0,0,0.22277777777777777,1.0,1.2246467991473532e-16,-1.0,0,0,0.1,76,5,0,0,0,0,0,1,0,0,0,0,0.148,0,0,0,1,0,0.0,0,0,0.0,0
invictus_enriched.csv:1169,0,1,0.8,2,1,1.0,0,0.22277777777777777,1.0,1.2246467991473532e-16,-1.0,0,0,0.1,38,3,0,0,0,0,0,1,0,0,0,0,0.1,0,0,0,0,0,0.0,0,0,0.0,0
invictus_enriched.csv:1170,0,1,0.8,2,1,1.0,0,0.22277777777777777,1.0,1.2246467991473532e-16,-1.0,0,0,0.1,37,3,0,0,0,0,0,1,0,0,0,0,0.10133333333333333,0,0,0,0,0,0.0,0,0,0.0,0
invictus_enriched.csv:1171,1,0,0.8,2,1,1.0,0,0.22277777777777777,1.0,1.2246467991473532e-16,-1.0,0,0,0.7,81,9,0,0,0,0,0,0,0,0,0,1,0.23466666666666666,0,0,0,1,0,0.0,0,0,0.0,0
invictus_enriched.csv:1172,0,1,0.8,2,1,1.0,0,0.22277777777777777,1.0,1.2246467991473532e-16,-1.0,0,0,0.1,23,1,0,0,0,0,1,1,0,0,0,0,0.0026666666666666666,0,0,0,0,0,0.0,0,0,0.0,0
invictus_enriched.csv:1173,0,1,0.8,2,1,1.0,0,0.22277777777777777,1.0,1.2246467991473532e-16,-1.0,0,0,0.2,22,2,0,0,0,0,0,1,0,1,0,0,0.0026666666666666666,0,0,0,0,0,0.0,0,0,0.0,0
invictus_enriched.csv:1174,0,1,0.8,2,1,1.0,0,0.22277777777777777,1.0,1.2246467991473532e-16,-1.0,0,0,0.1,76,5,0,0,0,0,0,1,0,0,0,0,0.148,0,0,0,1,0,0.0,0,0,0.0,0
invictus_enriched.csv:1175,0,1,0.8,2,1,1.0,0,0.22277777777777777,1.0,1.2246467991473532e-16,-1.0,0,0,0.2,22,2,0,0,0,0,0,1,0,1,0,0,0.0026666666666666666,0,0,0,0,0,0.0,0,0,0.0,0
invictus_enriched.csv:1176,0,1,0.8,2,1,1.0,0,0.22277777777777777,1.0,1.2246467991473532e-16,-1.0,0,0,0.1,85,6,0,0,0,0,0,1,0,0,0,0,0.10666666666666667,0,0,0,0,0,0.0,0,0,0.0,0
invictus_enriched.csv:1177,0,1,0.8,2,1,1.0,0,0.22277777777777777,1.0,1.2246467991473532e-16,-1.0,0,0,0.1,23,1,0,0,0,0,1,1,0,0,0,0,0.0026666666666666666,0,0,0,0,0,0.0,0,0,0.0,0
invictus_enriched.csv:1178,0,1,0.8,2,1,1.0,0,0.22277777777777777,1.0,1.2246467991473532e-16,-1.0,0,0,0.1,23,1,0,0,0,0,1,1,0,0,0,0,0.0026666666666666666,0,0,0,0,0,0.0,0,0,0.0,0
invictus_enriched.csv:1179,0,1,0.8,2,1,1.0,0,0.22277777777777777,1.0,1.2246467991473532e-16,-1.0,0,0,0.1,32,3,0,0,0,0,0,1,0,0,0,0,0.2,0,0,0,0,0,0.0,0,0,0.0,0
invictus_enriched.csv:1180,1,0,0.8,2,1,1.0,0,0.22277777777777777,1.0,1.2246467991473532e-16,-1.0,0,0,0.7,81,9,0,0,0,0,0,0,0,0,0,1,0.23466666666666666,0,0,0,1,0,0.0,0,0,0.0,0
invictus_enriched.csv:1181,1,0,0.8,2,1,1.0,0,0.22277777777777777,1.0,1.2246467991473532e-16,-1.0,0,0,0.7,81,9,0,0,0,0,0,0,0,0,0,1,0.23333333333333334,0,0,0,1,0,0.0,0,0,0.0,0
invictus_enriched.csv:1182,0,1,0.8,2,1,1.0,0,0.22277777777777777,1.0,1.2246467991473532e-16,-1.0,0,0,0.1,76,5,0,0,0,0,0,1,0,0,0,0,0.14666666666666667,0,0,0,1,0,0.0,0,0,0.0,0
invictus_enriched.csv:1183,0,1,0.8,2,1,1.0,0,0.22277777777777777,1.0,1.2246467991473532e-16,-1.0,0,0,0.1,85,6,0,0,0,0,0,1,0,0,0,0,0.10666666666666667,0,0,0,0,0,0.0,0,0,0.0,0
invictus_enriched.csv:1184,0,1,0.8,2,1,1.0,0,0.22277777777777777,1.0,1.2246467991473532e-16,-1.0,0,0,0.1,117,0,0,0,0,0,0,1,0,0,0,0,0.068,0,0,0,0,0,0.0,0,0,0.0,0
invictus_enriched.csv:1185,0,1,0.8,2,1,1.0,0,0.22277777777777777,1.0,1.2246467991473532e-16,-1.0,0,0,0.1,23,1,0,0,0,0,1,1,0,0,0,0,0.0026666666666666666,0,0,0,0,0,0.0,0,0,0.0,0
invictus_enriched.csv:1186,0,1,0.8,2,1,1.0,0,0.22277777777777777,1.0,1.2246467991473532e-16,-1.0,0,0,0.1,26,1,0,0,0,0,1,1,0,0,0,0,0.06666666666666667,0,0,0,0,0,0.0,0,0,0.0,0
invictus_enriched.csv:1187,1,0,0.8,2,1,1.0,0,0.22277777777777777,1.0,1.2246467991473532e-16,-1.0,0,0,0.7,81,9,0,0,0,0,0,0,0,0,0,1,0.23466666666666666,0,0,0,1,0,0.0,0,0,0.0,0
invictus_enriched.csv:1188,0,1,0.8,2,1,1.0,0,0.22277777777777777,1.0,1.2246467991473532e-16,-1.0,0,0,0.2,22,2,0,0,0,0,0,1,0,1,0,0,0.0026666666666666666,0,0,0,0,0,0.0,0,0,0.0,0
invictus_enriched.csv:1189,0,1,0.8,2,1,1.0,0,0.22277777777777777,1.0,1.2246467991473532e-16,-1.0,0,0,0.1,85,6,0,0,0,0,0,1,0,0,0,0,0.10666666666666667,0,0,0,0,0,0.0,0,0,0.0,0
invictus_enriched.csv:1190,1,0,0.8,2,1,1.0,0,0.22277777777777777,1.0,1.2246467991473532e-16,-1.0,0,0,0.7,81,9,0,0,0,0,0,0,0,0,0,1,0.23466666666666666,0,0,0,1,0,0.0,0,0,0.0,0
invictus_enriched.csv:1191,0,1,0.8,2,1,0.9997222222222222,0,0.22305555555555556,1.0,1.2246467991473532e-16,-1.0,0,0,0.1,76,5,0,0,0,0,0,1,0,0,0,0,0.14666666666666667,0,0,0,1,0,0.0,0,0,0.0,0
invictus_enriched.csv:1192,0,1,0.8,2,1,1.0,0,0.22305555555555556,1.0,1.2246467991473532e-16,-1.0,0,0,0.1,77,5,0,0,0,0,0,1,0,0,0,0,0.14666666666666667,0,0,0,1,0,0.0,0,0,0.0,0
invictus_enriched.csv:1193,0,1,0.8,2,1,1.0,0,0.22305555555555556,1.0,1.2246467991473532e-16,-1.0,0,0,0.1,77,5,0,0,0,0,0,1,0,0,0,0,0.14666666666666667,0,0,0,1,0,0.0,0,0,0.0,0
invictus_enriched.csv:1194,0,1,0.8,2,1,1.0,0,0.22305555555555556,1.0,1.2246467991473532e-16,-1.0,0,0,0.1,87,6,0,0,0,0,0,1,0,0,0,0,0.12133333333333333,0,0,0,0,0,0.0,0,0,0.0,0
invictus_enriched.csv:1195,0,1,0.8,2,1,1.0,0,0.22305555555555556,1.0,1.2246467991473532e-16,-1.0,0,0,0.1,83,6,0,0,0,0,0,1,0,0,0,0,0.18133333333333335,0,0,0,0,0,0.0,0,0,0.0,0
invictus_enriched.csv:1196,0,1,0.8,2,1,1.0,0,0.22305555555555556,1.0,1.2246467991473532e-16,-1.0,0,0,0.1,77,5,0,0,0,0,0,1,0,0,0,0,0.148,0,0,0,1,0,0.0,0,0,0.0,0
invictus_enriched.csv:1197,0,1,0.8,2,1,1.0,0,0.22305555555555556,1.0,1.2246467991473532e-16,-1.0,0,0,0.1,28,1,0,0,0,0,1,1,0,0,0,0,0.068,0,0,0,0,0,0.0,0,0,0.0,0
invictus_enriched.csv:1198,0,1,0.8,2,1,1.0,0,0.22305555555555556,1.0,1.2246467991473532e-16,-1.0,0,0,0.1,77,5,0,0,0,0,0,1,0,0,0,0,0.148,0,0,0,1,0,0.0,0,0,0.0,0
invictus_enriched.csv:1199,0,1,0.8,2,1,1.0,0,0.22305555555555556,1.0,1.2246467991473532e-16,-1.0,0,0,0.1,38,3,0,0,0,0,0,1,0,0,0,0,0.1,0,0,0,0,0,0.0,0,0,0.0,0
invictus_enriched.csv:1200,0,1,0.8,2,1,1.0,0,0.22305555555555556,1.0,1.2246467991473532e-16,-1.0,0,0,0.1,87,6,0,0,0,0,0,1,0,0,0,0,0.12133333333333333,0,0,0,0,0,0.0,0,0,0.0,0
invictus_enriched.csv:1201,0,1,0.8,2,1,1.0,0,0.22305555555555556,1.0,1.2246467991473532e-16,-1.0,0,0,0.1,29,1,0,0,0,0,1,1,0,0,0,0,0.12,0,0,0,0,0,0.0,0,0,0.0,0
invictus_enriched.csv:1202,0,1,0.8,2,1,1.0,0,0.22305555555555556,1.0,1.2246467991473532e-16,-1.0,0,0,0.1,87,6,0,0,0,0,0,1,0,0,0,0,0.12133333333333333,0,0,0,0,0,0.0,0,0,0.0,0
invictus_enriched.csv:1203,0,1,0.8,2,1,1.0,0,0.22305555555555556,1.0,1.2246467991473532e-16,-1.0,0,0,0.1,83,6,0,0,0,0,0,1,0,0,0,0,0.18,0,0,0,0,0,0.0,0,0,0.0,0
invictus_enriched.csv:1204,0,1,0.8,2,1,1.0,0,0.22305555555555556,1.0,1.2246467991473532e-16,-1.0,0,0,0.1,83,6,0,0,0,0,0,1,0,0,0,0,0.18133333333333335,0,0,0,0,0,0.0,0,0,0.0,0
invictus_enriched.csv:1205,0,1,0.8,2,1,1.0,0,0.22305555555555556,1.0,1.2246467991473532e-16,-1.0,0,0,0.1,28,1,0,0,0,0,1,1,0,0,0,0,0.06666666666666667,0,0,0,0,0,0.0,0,0,0.0,0
invictus_enriched.csv:1206,0,1,0.8,2,1,1.0,0,0.22305555555555556,1.0,1.2246467991473532e-16,-1.0,0,0,0.1,27,1,0,0,0,0,1,1,0,0,0,0,0.072,0,0,0,0,1,0.0,0,0,0.0,0
invictus_enriched.csv:1207,0,1,0.8,2,1,1.0,0,0.22305555555555556,1.0,1.2246467991473532e-16,-1.0,0,0,0.1,28,1,0,0,0,0,1,1,0,0,0,0,0.07866666666666666,0,0,0,0,0,0.0,0,0,0.0,0
invictus_enriched.csv:1208,0,1,0.8,2,1,1.0,0,0.22305555555555556,1.0,1.2246467991473532e-16,-1.0,0,0,0.1,3,4,0,0,0,0,0,1,0,0,0,0,0.18533333333333332,0,0,0,0,0,0.0,0,0,0.0,0
invictus_enriched.csv:1209,0,1,0.8,2,1,1.0,0,0.22305555555555556,1.0,1.2246467991473532e-16,-1.0,0,0,0.1,28,1,0,0,0,0,1,1,0,0,0,0,0.06266666666666666,0,0,0,0,0,0.0,0,0,0.0,0
invictus_enriched.csv:1210,0,1,0.8,2,1,1.0,0,0.22305555555555556,1.0,1.2246467991473532e-16,-1.0,0,0,0.1,77,5,0,0,0,0,0,1,0,0,0,0,0.148,0,0,0,1,0,0.0,0,0,0.0,0
invictus_enriched.csv:1211,0,1,0.8,2,1,1.0,0,0.22305555555555556,1.0,1.2246467991473532e-16,-1.0,0,0,0.1,77,5,0,0,0,0,0,1,0,0,0,0,0.148,0,0,0,1,0,0.0,0,0,0.0,0
invictus_enriched.csv:1212,0,1,0.8,2,1,1.0,0,0.22305555555555556,1.0,1.2246467991473532e-16,-1.0,0,0,0.1,77,5,0,0,0,0,0,1,0,0,0,0,0.148,0,0,0,1,0,0.0,0,0,0.0,0
invictus_enriched.csv:1213,0,1,0.8,2,1,1.0,0,0.22305555555555556,1.0,1.2246467991473532e-16,-1.0,0,0,0.1,76,5,0,0,0,0,0,1,0,0,0,0,0.14666666666666667,0,0,0,1,0,0.0,0,0,0.0,0
invictus_enriched.csv:1214,0,1,0.8,2,1,1.0,0,0.22305555555555556,1.0,1.2246467991473532e-16,-1.0,0,0,0.1,77,5,0,0,0,0,0,1,0,0,0,0,0.14666666666666667,0,0,0,1,0,0.0,0,0,0.0,0
invictus_enriched.csv:1215,0,1,0.8,2,1,1.0,0,0.22305555555555556,1.0,1.2246467991473532e-16,-1.0,0,0,0.1,77,5,0,0,0,0,0,1,0,0,0,0,0.14666666666666667,0,0,0,1,0,0.0,0,0,0.0,0
invictus_enriched.csv:1216,0,1,0.8,2,1,1.0,0,0.22305555555555556,1.0,1.2246467991473532e-16,-1.0,0,0,0.1,41,3,0,0,0,0,0,1,0,0,0,0,0.13733333333333334,0,0,0,0,0,0.0,0,0,0.0,0
invictus_enriched.csv:1217,0,1,0.8,2,1,1.0,0,0.22305555555555556,1.0,1.2246467991473532e-16,-1.0,0,0,0.1,83,6,0,0,0,0,0,1,0,0,0,0,0.18133333333333335,0,0,0,0,0,0.0,0,0,0.0,0
invictus_enriched.csv:1218,0,1,0.8,2,1,1.0,0,0.22305555555555556,1.0,1.2246467991473532e-16,-1.0,0,0,0.1,35,3,0,0,0,0,0,1,0,0,0,0,0.15733333333333333,0,0,0,0,0,0.0,0,0,0.0,0
invictus_enriched.csv:1219,0,1,0.8,2,1,1.0,0,0.22305555555555556,1.0,1.2246467991473532e-16,-1.0,0,0,0.1,76,5,0,0,0,0,0,1,0,0,0,0,0.14666666666666667,0,0,0,1,0,0.0,0,0,0.0,0
invictus_enriched.csv:1220,0,1,0.8,2,1,1.0,0,0.22305555555555556,1.0,1.2246467991473532e-16,-1.0,0,0,0.1,77,5,0,0,0,0,0,1,0,0,0,0,0.14666666666666667,0,0,0,1,0,0.0,0,0,0.0,0
invictus_enriched.csv:1221,0,1,0.8,2,1,1.0,0,0.22305555555555556,1.0,1.2246467991473532e-16,-1.0,0,0,0.1,77,5,0,0,0,0,0,1,0,0,0,0,0.14666666666666667,0,0,0,1,0,0.0,0,0,0.0,0
invictus_enriched.csv:1222,0,1,0.8,2,1,1.0,0,0.22305555555555556,1.0,1.2246467991473532e-16,-1.0,0,0,0.1,41,3,0,0,0,0,0,1,0,0,0,0,0.13733333333333334,0,0,0,0,0,0.0,0,0,0.0,0
invictus_enriched.csv:1223,0,1,0.8,2,1,1.0,0,0.22305555555555556,1.0,1.2246467991473532e-16,-1.0,0,0,0.1,27,1,0,0,0,0,1,1,0,0,0,0,0.068,0,0,0,0,1,0.0,0,0,0.0,0
invictus_enriched.csv:1224,0,1,0.8,2,1,1.0,0,0.22305555555555556,1.0,1.2246467991473532e-16,-1.0,0,0,0.1,39,3,0,0,0,0,0,1,0,0,0,0,0.04533333333333334,0,0,0,0,0,0.0,0,0,0.0,0
invictus_enriched.csv:1225,0,1,0.8,2,1,1.0,0,0.22305555555555556,1.0,1.2246467991473532e-16,-1.0,0,0,0.1,87,6,0,0,0,0,0,1,0,0,0,0,0.12133333333333333,0,0,0,0,0,0.0,0,0,0.0,0
invictus_enriched.csv:1226,0,1,0.8,2,1,1.0,0,0.22305555555555556,1.0,1.2246467991473532e-16,-1.0,0,0,0.1,26,1,0,0,0,0,1,1,0,0,0,0,0.07866666666666666,0,0,0,0,0,0.0,0,0,0.0,0
invictus_enriched.csv:1227,0,1,0.8,2,1,1.0,0,0.22305555555555556,1.0,1.2246467991473532e-16,-1.0,0,0,0.1,29,1,0,0,0,0,1,1,0,0,0,0,0.14933333333333335,0,0,0,0,0,0.0,0,0,0.0,0
invictus_enriched.csv:1228,0,1,0.8,2,1,1.0,0,0.22305555555555556,1.0,1.2246467991473532e-16,-1.0,0,0,0.1,32,3,0,0,0,0,0,1,0,0,0,0,0.2,0,0,0,0,0,0.0,0,0,0.0,0
invictus_enriched.csv:1229,0,1,0.8,2,1,1.0,0,0.22305555555555556,1.0,1.2246467991473532e-16,-1.0,0,0,0.1,23,1,0,0,0,0,1,1,0,0,0,0,0.0026666666666666666,0,0,0,0,0,0.0,0,0,0.0,0
invictus_enriched.csv:1230,0,1,0.8,2,1,1.0,0,0.22305555555555556,1.0,1.2246467991473532e-16,-1.0,0,0,0.1,38,3,0,0,0,0,0,1,0,0,0,0,0.1,0,0,0,0,0,0.0,0,0,0.0,0
invictus_enriched.csv:1231,0,1,0.8,2,1,1.0,0,0.22305555555555556,1.0,1.2246467991473532e-16,-1.0,0,0,0.1,87,6,0,0,0,0,0,1,0,0,0,0,0.12,0,0,0,0,0,0.0,0,0,0.0,0
invictus_enriched.csv:1232,0,1,0.8,2,1,1.0,0,0.22305555555555556,1.0,1.2246467991473532e-16,-1.0,0,0,0.1,87,6,0,0,0,0,0,1,0,0,0,0,0.12133333333333333,0,0,0,0,0,0.0,0,0,0.0,0
invictus_enriched.csv:1233,0,1,0.8,2,1,1.0,0,0.22305555555555556,1.0,1.2246467991473532e-16,-1.0,0,0,0.1,87,6,0,0,0,0,0,1,0,0,0,0,0.12133333333333333,0,0,0,0,0,0.0,0,0,0.0,0
invictus_enriched.csv:1234,0,1,0.8,2,1,1.0,0,0.22305555555555556,1.0,1.2246467991473532e-16,-1.0,0,0,0.1,83,6,0,0,0,0,0,1,0,0,0,0,0.18133333333333335,0,0,0,0,0,0.0,0,0,0.0,0
invictus_enriched.csv:1235,0,1,0.8,2,1,1.0,0,0.22305555555555556,1.0,1.2246467991473532e-16,-1.0,0,0,0.1,83,6,0,0,0,0,0,1,0,0,0,0,0.18133333333333335,0,0,0,0,0,0.0,0,0,0.0,0
invictus_enriched.csv:1236,0,1,0.8,2,1,1.0,0,0.22305555555555556,1.0,1.2246467991473532e-16,-1.0,0,0,0.1,77,5,0,0,0,0,0,1,0,0,0,0,0.148,0,0,0,1,0,0.0,0,0,0.0,0
invictus_enriched.csv:1237,0,1,0.8,2,1,1.0,0,0.22305555555555556,1.0,1.2246467991473532e-16,-1.0,0,0,0.1,3,4,0,0,0,0,0,1,0,0,0,0,0.18533333333333332,0,0,0,0,0,0.0,0,0,0.0,0
invictus_enriched.csv:1238,0,1,0.8,2,1,1.0,0,0.22305555555555556,1.0,1.2246467991473532e-16,-1.0,0,0,0.1,35,3,0,0,0,0,0,1,0,0,0,0,0.15733333333333333,0,0,0,0,0,0.0,0,0,0.0,0
invictus_enriched.csv:1239,0,1,0.8,2,1,1.0,0,0.22305555555555556,1.0,1.2246467991473532e-16,-1.0,0,0,0.1,77,5,0,0,0,0,0,1,0,0,0,0,0.148,0,0,0,1,0,0.0,0,0,0.0,0
invictus_enriched.csv:1240,0,1,0.8,2,1,1.0,0,0.22305555555555556,1.0,1.2246467991473532e-16,-1.0,0,0,0.1,4,4,0,0,0,0,0,1,0,0,0,0,0.18133333333333335,0,0,0,0,0,0.0,0,0,0.0,0
invictus_enriched.csv:1241,0,1,0.8,2,1,1.0,0,0.22305555555555556,1.0,1.2246467991473532e-16,-1.0,0,0,0.1,77,5,0,0,0,0,0,1,0,0,0,0,0.14666666666666667,0,0,0,1,0,0.0,0,0,0.0,0
invictus_enriched.csv:1242,0,1,0.8,2,1,1.0,0,0.22305555555555556,1.0,1.2246467991473532e-16,-1.0,0,0,0.1,76,5,0,0,0,0,0,1,0,0,0,0,0.14666666666666667,0,0,0,1,0,0.0,0,0,0.0,0
invictus_enriched.csv:1243,0,1,0.8,2,1,1.0,0,0.22305555555555556,1.0,1.2246467991473532e-16,-1.0,0,0,0.1,29,1,0,0,0,0,1,1,0,0,0,0,0.108,0,0,0,0,0,0.0,0,0,0.0,0
invictus_enriched.csv:1244,0,1,0.8,2,1,1.0,0,0.22305555555555556,1.0,1.2246467991473532e-16,-1.0,0,0,0.1,77,5,0,0,0,0,0,1,0,0,0,0,0.14666666666666667,0,0,0,1,0,0.0,0,0,0.0,0
invictus_enriched.csv:1245,0,1,0.8,2,1,1.0,0,0.22305555555555556,1.0,1.2246467991473532e-16,-1.0,0,0,0.1,77,5,0,0,0,0,0,1,0,0,0,0,0.14666666666666667,0,0,0,1,0,0.0,0,0,0.0,0
invictus_enriched.csv:1246,0,1,0.8,2,1,1.0,0,0.22305555555555556,1.0,1.2246467991473532e-16,-1.0,0,0,0.1,76,5,0,0,0,0,0,1,0,0,0,0,0.14666666666666667,0,0,0,1,0,0.0,0,0,0.0,0
invictus_enriched.csv:1247,0,1,0.8,2,1,1.0,0,0.22305555555555556,1.0,1.2246467991473532e-16,-1.0,0,0,0.1,77,5,0,0,0,0,0,1,0,0,0,0,0.14666666666666667,0,0,0,1,0,0.0,0,0,0.0,0
invictus_enriched.csv:1248,0,1,0.8,2,1,1.0,0,0.22305555555555556,1.0,1.2246467991473532e-16,-1.0,0,0,0.1,83,6,0,0,0,0,0,1,0,0,0,0,0.18133333333333335,0,0,0,0,0,0.0,0,0,0.0,0
invictus_enriched.csv:1249,0,1,0.8,2,1,1.0,0,0.22305555555555556,1.0,1.2246467991473532e-16,-1.0,0,0,0.1,83,6,0,0,0,0,0,1,0,0,0,0,0.18133333333333335,0,0,0,0,0,0.0,0,0,0.0,0
invictus_enriched.csv:1250,0,1,0.8,2,1,1.0,0,0.22305555555555556,1.0,1.2246467991473532e-16,-1.0,0,0,0.1,77,5,0,0,0,0,0,1,0,0,0,0,0.148,0,0,0,1,0,0.0,0,0,0.0,0
invictus_enriched.csv:1251,0,1,0.8,2,1,1.0,0,0.22305555555555556,1.0,1.2246467991473532e-16,-1.0,0,0,0.1,87,6,0,0,0,0,0,1,0,0,0,0,0.12133333333333333,0,0,0,0,0,0.0,0,0,0.0,0
invictus_enriched.csv:1252,0,1,0.8,2,1,1.0,0,0.22305555555555556,1.0,1.2246467991473532e-16,-1.0,0,0,0.1,83,6,0,0,0,0,0,1,0,0,0,0,0.18133333333333335,0,0,0,0,0,0.0,0,0,0.0,0
invictus_enriched.csv:1253,0,1,0.8,2,1,1.0,0,0.22305555555555556,1.0,1.2246467991473532e-16,-1.0,0,0,0.1,87,6,0,0,0,0,0,1,0,0,0,0,0.12133333333333333,0,0,0,0,0,0.0,0,0,0.0,0
invictus_enriched.csv:1254,0,1,0.8,2,1,1.0,0,0.22305555555555556,1.0,1.2246467991473532e-16,-1.0,0,0,0.1,76,5,0,0,0,0,0,1,0,0,0,0,0.14666666666666667,0,0,0,1,0,0.0,0,0,0.0,0
invictus_enriched.csv:1255,0,1,0.8,2,1,1.0,0,0.22305555555555556,1.0,1.2246467991473532e-16,-1.0,0,0,0.1,77,5,0,0,0,0,0,1,0,0,0,0,0.148,0,0,0,1,0,0.0,0,0,0.0,0
invictus_enriched.csv:1256,0,1,0.8,2,1,1.0,0,0.22305555555555556,1.0,1.2246467991473532e-16,-1.0,0,0,0.1,26,1,0,0,0,0,1,1,0,0,0,0,0.06266666666666666,0,0,0,0,0,0.0,0,0,0.0,0
invictus_enriched.csv:1257,0,1,0.8,2,1,1.0,0,0.22305555555555556,1.0,1.2246467991473532e-16,-1.0,0,0,0.1,87,6,0,0,0,0,0,1,0,0,0,0,0.12133333333333333,0,0,0,0,0,0.0,0,0,0.0,0
invictus_enriched.csv:1258,0,1,0.8,2,1,1.0,0,0.22305555555555556,1.0,1.2246467991473532e-16,-1.0,0,0,0.1,33,3,0,0,0,0,0,1,0,0,0,0,0.26266666666666666,0,0,0,0,0,0.0,0,0,0.0,0
invictus_enriched.csv:1259,0,1,0.8,2,1,1.0,0,0.22305555555555556,1.0,1.2246467991473532e-16,-1.0,0,0,0.1,76,5,0,0,0,0,0,1,0,0,0,0,0.148,0,0,0,1,0,0.0,0,0,0.0,0
invictus_enriched.csv:1260,0,1,0.8,2,1,1.0,0,0.22305555555555556,1.0,1.2246467991473532e-16,-1.0,0,0,0.1,76,5,0,0,0,0,0,1,0,0,0,0,0.14666666666666667,0,0,0,1,0,0.0,0,0,0.0,0
invictus_enriched.csv:1261,0,1,0.8,2,1,1.0,0,0.22305555555555556,1.0,1.2246467991473532e-16,-1.0,0,0,0.1,76,5,0,0,0,0,0,1,0,0,0,0,0.148,0,0,0,1,0,0.0,0,0,0.0,0
invictus_enriched.csv:1262,0,1,0.8,2,1,0.9997222222222222,0,0.22333333333333333,1.0,1.2246467991473532e-16,-1.0,0,0,0.1,39,3,0,0,0,0,0,1,0,0,0,0,0.04533333333333334,0,0,0,0,0,0.0,0,0,0.0,0
invictus_enriched.csv:1263,0,1,0.8,2,1,1.0,0,0.22333333333333333,1.0,1.2246467991473532e-16,-1.0,0,0,0.1,41,3,0,0,0,0,0,1,0,0,0,0,0.13733333333333334,0,0,0,0,0,0.0,0,0,0.0,0
invictus_enriched.csv:1264,0,1,0.8,2,1,1.0,0,0.22333333333333333,1.0,1.2246467991473532e-16,-1.0,0,0,0.1,26,1,0,0,0,0,1,1,0,0,0,0,0.068,0,0,0,0,0,0.0,0,0,0.0,0
invictus_enriched.csv:1265,0,1,0.8,2,1,1.0,0,0.22333333333333333,1.0,1.2246467991473532e-16,-1.0,0,0,0.1,29,1,0,0,0,0,1,1,0,0,0,0,0.104,0,0,0,0,0,0.0,0,0,0.0,0
invictus_enriched.csv:1266,0,1,0.8,2,1,1.0,0,0.22333333333333333,1.0,1.2246467991473532e-16,-1.0,0,0,0.1,27,1,0,0,0,0,1,1,0,0,0,0,0.06666666666666667,0,0,0,0,1,0.0,0,0,0.0,0
invictus_enriched.csv:1267,0,1,0.8,2,1,1.0,0,0.22333333333333333,1.0,1.2246467991473532e-16,-1.0,0,0,0.1,39,3,0,0,0,0,0,1,0,0,0,0,0.04533333333333334,0,0,0,0,0,0.0,0,0,0.0,0
invictus_enriched.csv:1268,0,1,0.8,2,1,1.0,0,0.22333333333333333,1.0,1.2246467991473532e-16,-1.0,0,0,0.1,27,1,0,0,0,0,1,1,0,0,0,0,0.07866666666666666,0,0,0,0,1,0.0,0,0,0.0,0
invictus_enriched.csv:1269,0,1,0.8,2,1,1.0,0,0.22333333333333333,1.0,1.2246467991473532e-16,-1.0,0,0,0.8,80,5,0,0,0,0,0,1,0,0,0,0,0.21866666666666668,0,0,0,1,0,0.0,0,0,0.0,1
invictus_enriched.csv:1270,1,0,0.8,2,1,1.0,0,0.22333333333333333,1.0,1.2246467991473532e-16,-1.0,0,0,0.7,81,9,0,0,0,0,0,0,0,0,0,1,0.316,0,0,0,1,0,0.0,0,0,0.0,0
invictus_enriched.csv:1271,0,1,0.8,2,1,1.0,0,0.22333333333333333,1.0,1.2246467991473532e-16,-1.0,0,0,0.8,80,5,0,0,0,0,0,1,0,0,0,0,0.21866666666666668,0,0,0,1,0,0.0,0,0,0.0,1
invictus_enriched.csv:1272,0,1,0.8,2,1,1.0,0,0.22333333333333333,1.0,1.2246467991473532e-16,-1.0,0,0,0.1,87,6,0,0,0,0,0,1,0,0,0,0,0.12,0,0,0,0,0,0.0,0,0,0.0,0
invictus_enriched.csv:1273,1,0,0.8,2,1,1.0,0,0.22333333333333333,1.0,1.2246467991473532e-16,-1.0,0,0,0.7,81,9,0,0,0,0,0,0,0,0,0,1,0.316,0,0,0,1,0,0.0,0,0,0.0,0
invictus_enriched.csv:1274,0,1,0.8,2,1,1.0,0,0.22333333333333333,1.0,1.2246467991473532e-16,-1.0,0,0,0.1,85,6,0,0,0,0,0,1,0,0,0,0,0.10666666666666667,0,0,0,0,0,0.0,0,0,0.0,0
invictus_enriched.csv:1275,0,1,0.8,2,1,1.0,0,0.22333333333333333,1.0,1.2246467991473532e-16,-1.0,0,0,0.1,87,6,0,0,0,0,0,1,0,0,0,0,0.12133333333333333,0,0,0,0,0,0.0,0,0,0.0,0
invictus_enriched.csv:1276,0,1,0.8,2,1,1.0,0,0.22333333333333333,1.0,1.2246467991473532e-16,-1.0,0,0,0.8,80,5,0,0,0,0,0,1,0,0,0,0,0.21733333333333332,0,0,0,1,0,0.0,0,0,0.0,1
invictus_enriched.csv:1277,1,0,0.8,2,1,1.0,0,0.22333333333333333,1.0,1.2246467991473532e-16,-1.0,0,0,0.7,81,9,0,0,0,0,0,0,0,0,0,1,0.23466666666666666,0,0,0,1,0,0.0,0,0,0.0,0
invictus_enriched.csv:1278,1,0,0.8,2,1,1.0,0,0.22333333333333333,1.0,1.2246467991473532e-16,-1.0,0,0,0.7,81,9,0,0,0,0,0,0,0,0,0,1,0.23466666666666666,0,0,0,1,0,0.0,0,0,0.0,0
invictus_enriched.csv:1279,0,1,0.8,2,1,1.0,0,0.22333333333333333,1.0,1.2246467991473532e-16,-1.0,0,0,0.1,39,3,0,0,0,0,0,1,0,0,0,0,0.04533333333333334,0,0,0,0,0,0.0,0,0,0.0,0
invictus_enriched.csv:1280,0,1,0.8,2,1,1.0,0,0.22333333333333333,1.0,1.2246467991473532e-16,-1.0,0,0,0.1,38,3,0,0,0,0,0,1,0,0,0,0,0.1,0,0,0,0,0,0.0,0,0,0.0,0
invictus_enriched.csv:1281,0,1,0.8,2,1,1.0,0,0.22333333333333333,1.0,1.2246467991473532e-16,-1.0,0,0,0.1,83,6,0,0,0,0,0,1,0,0,0,0,0.18133333333333335,0,0,0,0,0,0.0,0,0,0.0,0
invictus_enriched.csv:1282,1,0,0.8,2,1,1.0,0,0.22333333333333333,1.0,1.2246467991473532e-16,-1.0,0,0,0.7,81,9,0,0,0,0,0,0,0,0,0,1,0.31733333333333336,0,0,0,1,0,0.0,0,0,0.0,0
invictus_enriched.csv:1283,0,1,0.8,2,1,1.0,0,0.22333333333333333,1.0,1.2246467991473532e-16,-1.0,0,0,0.1,29,1,0,0,0,0,1,1,0,0,0,0,0.14933333333333335,0,0,0,0,0,0.0,0,0,0.0,0
invictus_enriched.csv:1284,0,1,0.8,2,1,1.0,0,0.22333333333333333,1.0,1.2246467991473532e-16,-1.0,0,0,0.1,121,1,0,0,0,0,1,1,0,0,0,0,0.12133333333333333,0,0,0,0,0,0.0,0,0,0.0,0
invictus_enriched.csv:1285,0,1,0.8,2,1,1.0,0,0.22333333333333333,1.0,1.2246467991473532e-16,-1.0,0,0,0.1,83,6,0,0,0,0,0,1,0,0,0,0,0.18133333333333335,0,0,0,0,0,0.0,0,0,0.0,0
invictus_enriched.csv:1286,0,1,0.8,2,1,1.0,0,0.22333333333333333,1.0,1.2246467991473532e-16,-1.0,0,0,0.1,122,1,0,0,0,0,1,1,0,0,0,0,0.14666666666666667,0,0,0,0,0,0.0,0,0,0.0,0
invictus_enriched.csv:1287,0,1,0.8,2,1,1.0,0,0.22333333333333333,1.0,1.2246467991473532e-16,-1.0,0,0,0.8,80,5,0,0,0,0,0,1,0,0,0,0,0.21733333333333332,0,0,0,1,0,0.0,0,0,0.0,1
invictus_enriched.csv:1288,0,1,0.8,2,1,1.0,0,0.22333333333333333,1.0,1.2246467991473532e-16,-1.0,0,0,0.1,41,3,0,0,0,0,0,1,0,0,0,0,0.13733333333333334,0,0,0,0,0,0.0,0,0,0.0,0
invictus_enriched.csv:1289,1,0,0.8,2,1,1.0,0,0.22333333333333333,1.0,1.2246467991473532e-16,-1.0,0,0,0.7,81,9,0,0,0,0,0,0,0,0,0,1,0.31733333333333336,0,0,0,1,0,0.0,0,0,0.0,0
invictus_enriched.csv:1290,0,1,0.8,2,1,1.0,0,0.22333333333333333,1.0,1.2246467991473532e-16,-1.0,0,0,0.1,32,3,0,0,0,0,0,1,0,0,0,0,0.2,0,0,0,0,0,0.0,0,0,0.0,0
invictus_enriched.csv:1291,0,1,0.8,2,1,1.0,0,0.22333333333333333,1.0,1.2246467991473532e-16,-1.0,0,0,0.8,80,5,0,0,0,0,0,1,0,0,0,0,0.21733333333333332,0,0,0,1,0,0.0,0,0,0.0,1
invictus_enriched.csv:1292,0,1,0.8,2,1,1.0,0,0.22333333333333333,1.0,1.2246467991473532e-16,-1.0,0,0,0.1,85,6,0,0,0,0,0,1,0,0,0,0,0.10666666666666667,0,0,0,0,0,0.0,0,0,0.0,0
invictus_enriched.csv:1293,0,1,0.8,2,1,1.0,0,0.22333333333333333,1.0,1.2246467991473532e-16,-1.0,0,0,0.8,80,5,0,0,0,0,0,1,0,0,0,0,0.21866666666666668,0,0,0,1,0,0.0,0,0,0.0,1
invictus_enriched.csv:1294,0,1,0.8,2,1,1.0,0,0.22333333333333333,1.0,1.2246467991473532e-16,-1.0,0,0,0.8,80,5,0,0,0,0,0,1,0,0,0,0,0.21866666666666668,0,0,0,1,0,0.0,0,0,0.0,1
invictus_enriched.csv:1295,0,1,0.8,2,1,1.0,0,0.22333333333333333,1.0,1.2246467991473532e-16,-1.0,0,0,0.1,26,1,0,0,0,0,1,1,0,0,0,0,0.07333333333333333,0,0,0,0,0,0.0,0,0,0.0,0
invictus_enriched.csv:1296,0,1,0.8,2,1,1.0,0,0.22333333333333333,1.0,1.2246467991473532e-16,-1.0,0,0,0.1,28,1,0,0,0,0,1,1,0,0,0,0,0.07333333333333333,0,0,0,0,0,0.0,0,0,0.0,0
invictus_enriched.csv:1297,0,1,0.8,2,1,1.0,0,0.22333333333333333,1.0,1.2246467991473532e-16,-1.0,0,0,0.1,27,1,0,0,0,0,1,1,0,0,0,0,0.07333333333333333,0,0,0,0,1,0.0,0,0,0.0,0
invictus_enriched.csv:1298,0,1,0.8,2,1,1.0,0,0.22333333333333333,1.0,1.2246467991473532e-16,-1.0,0,0,0.1,121,1,0,0,0,0,1,1,0,0,0,0,0.12133333333333333,0,0,0,0,0,0.0,0,0,0.0,0
invictus_enriched.csv:1299,0,1,0.8,2,1,1.0,0,0.22333333333333333,1.0,1.2246467991473532e-16,-1.0,0,0,0.1,124,1,0,0,0,0,1,1,0,0,0,0,0.12133333333333333,0,0,0,0,0,0.0,0,0,0.0,0
invictus_enriched.csv:1300,0,1,0.8,2,1,1.0,0,0.22333333333333333,1.0,1.2246467991473532e-16,-1.0,0,0,0.1,85,6,0,0,0,0,0,1,0,0,0,0,0.10533333333333333,0,0,0,0,0,0.0,0,0,0.0,0
invictus_enriched.csv:1301,0,1,0.8,2,1,1.0,0,0.22333333333333333,1.0,1.2246467991473532e-16,-1.0,0,0,0.1,97,4,0,0,1,0,0,1,0,0,0,0,0.18266666666666667,0,0,0,0,0,0.0,0,0,0.0,0
invictus_enriched.csv:1302,0,1,0.8,2,1,1.0,0,0.22333333333333333,1.0,1.2246467991473532e-16,-1.0,0,0,0.1,83,6,0,0,0,0,0,1,0,0,0,0,0.18133333333333335,0,0,0,0,0,0.0,0,0,0.0,0
invictus_enriched.csv:1303,0,1,0.8,2,1,1.0,0,0.22333333333333333,1.0,1.2246467991473532e-16,-1.0,0,0,0.1,4,4,0,0,0,0,0,1,0,0,0,0,0.18133333333333335,0,0,0,0,0,0.0,0,0,0.0,0
invictus_enriched.csv:1304,0,1,0.8,2,1,1.0,0,0.22333333333333333,1.0,1.2246467991473532e-16,-1.0,0,0,0.1,27,1,0,0,0,0,1,1,0,0,0,0,0.068,0,0,0,0,1,0.0,0,0,0.0,0
invictus_enriched.csv:1305,0,1,0.8,2,1,1.0,0,0.22333333333333333,1.0,1.2246467991473532e-16,-1.0,0,0,0.8,80,5,0,0,0,0,0,1,0,0,0,0,0.21733333333333332,0,0,0,1,0,0.0,0,0,0.0,1
invictus_enriched.csv:1306,0,1,0.8,2,1,1.0,0,0.22333333333333333,1.0,1.2246467991473532e-16,-1.0,0,0,0.1,37,3,0,0,0,0,0,1,0,0,0,0,0.10133333333333333,0,0,0,0,0,0.0,0,0,0.0,0
invictus_enriched.csv:1307,0,1,0.8,2,1,1.0,0,0.22333333333333333,1.0,1.2246467991473532e-16,-1.0,0,0,0.1,83,6,0,0,0,0,0,1,0,0,0,0,0.18133333333333335,0,0,0,0,0,0.0,0,0,0.0,0
invictus_enriched.csv:1308,0,1,0.8,2,1,1.0,0,0.22333333333333333,1.0,1.2246467991473532e-16,-1.0,0,0,0.8,80,5,0,0,0,0,0,1,0,0,0,0,0.21866666666666668,0,0,0,1,0,0.0,0,0,0.0,1
invictus_enriched.csv:1309,0,1,0.8,2,1,1.0,0,0.22333333333333333,1.0,1.2246467991473532e-16,-1.0,0,0,0.1,85,6,0,0,0,0,0,1,0,0,0,0,0.10533333333333333,0,0,0,0,0,0.0,0,0,0.0,0
invictus_enriched.csv:1310,0,1,0.8,2,1,1.0,0,0.22333333333333333,1.0,1.2246467991473532e-16,-1.0,0,0,0.1,85,6,0,0,0,0,0,1,0,0,0,0,0.10666666666666667,0,0,0,0,0,0.0,0,0,0.0,0
invictus_enriched.csv:1311,0,1,0.8,2,1,1.0,0,0.22333333333333333,1.0,1.2246467991473532e-16,-1.0,0,0,0.2,22,2,0,0,0,0,0,1,0,1,0,0,0.0026666666666666666,0,0,0,0,0,0.0,0,0,0.0,0
invictus_enriched.csv:1312,0,1,0.8,2,1,1.0,0,0.22333333333333333,1.0,1.2246467991473532e-16,-1.0,0,0,0.8,80,5,0,0,0,0,0,1,0,0,0,0,0.21866666666666668,0,0,0,1,0,0.0,0,0,0.0,1
invictus_enriched.csv:1313,0,1,0.8,2,1,1.0,0,0.22333333333333333,1.0,1.2246467991473532e-16,-1.0,0,0,0.1,85,6,0,0,0,0,0,1,0,0,0,0,0.10666666666666667,0,0,0,0,0,0.0,0,0,0.0,0
invictus_enriched.csv:1314,0,1,0.8,2,1,1.0,0,0.22333333333333333,1.0,1.2246467991473532e-16,-1.0,0,0,0.1,39,3,0,0,0,0,0,1,0,0,0,0,0.04533333333333334,0,0,0,0,0,0.0,0,0,0.0,0
invictus_enriched.csv:1315,0,1,0.8,2,1,1.0,0,0.22333333333333333,1.0,1.2246467991473532e-16,-1.0,0,0,0.1,27,1,0,0,0,0,1,1,0,0,0,0,0.07866666666666666,0,0,0,0,1,0.0,0,0,0.0,0
invictus_enriched.csv:1316,0,1,0.8,2,1,1.0,0,0.22333333333333333,1.0,1.2246467991473532e-16,-1.0,0,0,0.1,87,6,0,0,0,0,0,1,0,0,0,0,0.12133333333333333,0,0,0,0,0,0.0,0,0,0.0,0
invictus_enriched.csv:1317,0,1,0.8,2,1,1.0,0,0.22333333333333333,1.0,1.2246467991473532e-16,-1.0,0,0,0.8,80,5,0,0,0,0,0,1,0,0,0,0,0.21733333333333332,0,0,0,1,0,0.0,0,0,0.0,1
invictus_enriched.csv:1318,0,1,0.8,2,1,1.0,0,0.22333333333333333,1.0,1.2246467991473532e-16,-1.0,0,0,0.8,80,5,0,0,0,0,0,1,0,0,0,0,0.21866666666666668,0,0,0,1,0,0.0,0,0,0.0,1
invictus_enriched.csv:1319,0,1,0.8,2,1,1.0,0,0.22333333333333333,1.0,1.2246467991473532e-16,-1.0,0,0,0.8,80,5,0,0,0,0,0,1,0,0,0,0,0.21733333333333332,0,0,0,1,0,0.0,0,0,0.0,1
invictus_enriched.csv:1320,0,1,0.8,2,1,1.0,0,0.22333333333333333,1.0,1.2246467991473532e-16,-1.0,0,0,0.1,39,3,0,0,0,0,0,1,0,0,0,0,0.04533333333333334,0,0,0,0,0,0.0,0,0,0.0,0
invictus_enriched.csv:1321,0,1,0.8,2,1,1.0,0,0.22333333333333333,1.0,1.2246467991473532e-16,-1.0,0,0,0.1,97,4,0,0,1,0,0,1,0,0,0,0,0.18266666666666667,0,0,0,0,0,0.0,0,0,0.0,0
invictus_enriched.csv:1322,0,1,0.8,2,1,1.0,0,0.22333333333333333,1.0,1.2246467991473532e-16,-1.0,0,0,0.1,87,6,0,0,0,0,0,1,0,0,0,0,0.12133333333333333,0,0,0,0,0,0.0,0,0,0.0,0
invictus_enriched.csv:1323,0,1,0.8,2,1,1.0,0,0.22333333333333333,1.0,1.2246467991473532e-16,-1.0,0,0,0.8,80,5,0,0,0,0,0,1,0,0,0,0,0.21866666666666668,0,0,0,1,0,0.0,0,0,0.0,1
invictus_enriched.csv:1324,0,1,0.8,2,1,1.0,0,0.22333333333333333,1.0,1.2246467991473532e-16,-1.0,0,0,0.1,87,6,0,0,0,0,0,1,0,0,0,0,0.12133333333333333,0,0,0,0,0,0.0,0,0,0.0,0
invictus_enriched.csv:1325,0,1,0.8,2,1,1.0,0,0.22333333333333333,1.0,1.2246467991473532e-16,-1.0,0,0,0.8,80,5,0,0,0,0,0,1,0,0,0,0,0.21733333333333332,0,0,0,1,0,0.0,0,0,0.0,1
invictus_enriched.csv:1326,0,1,0.8,2,1,1.0,0,0.22333333333333333,1.0,1.2246467991473532e-16,-1.0,0,0,0.1,46,1,0,0,0,0,1,1,0,0,0,0,0.088,0,0,0,0,0,0.0,0,0,0.0,0
invictus_enriched.csv:1327,0,1,0.8,2,1,1.0,0,0.22333333333333333,1.0,1.2246467991473532e-16,-1.0,0,0,0.1,85,6,0,0,0,0,0,1,0,0,0,0,0.10666666666666667,0,0,0,0,0,0.0,0,0,0.0,0
invictus_enriched.csv:1328,1,0,0.8,2,1,1.0,0,0.22333333333333333,1.0,1.2246467991473532e-16,-1.0,0,0,0.7,81,9,0,0,0,0,0,0,0,0,0,1,0.316,0,0,0,1,0,0.0,0,0,0.0,0
invictus_enriched.csv:1329,1,0,0.8,2,1,1.0,0,0.22333333333333333,1.0,1.2246467991473532e-16,-1.0,0,0,0.7,81,9,0,0,0,0,0,0,0,0,0,1,0.316,0,0,0,1,0,0.0,0,0,0.0,0
invictus_enriched.csv:1330,1,0,0.8,2,1,1.0,0,0.22333333333333333,1.0,1.2246467991473532e-16,-1.0,0,0,0.7,81,9,0,0,0,0,0,0,0,0,0,1,0.31733333333333336,0,0,0,1,0,0.0,0,0,0.0,0
invictus_enriched.csv:1331,1,0,0.8,2,1,1.0,0,0.22333333333333333,1.0,1.2246467991473532e-16,-1.0,0,0,0.7,81,9,0,0,0,0,0,0,0,0,0,1,0.31733333333333336,0,0,0,1,0,0.0,0,0,0.0,0
invictus_enriched.csv:1332,0,1,0.8,2,1,1.0,0,0.22333333333333333,1.0,1.2246467991473532e-16,-1.0,0,0,0.1,33,3,0,0,0,0,0,1,0,0,0,0,0.3,0,0,0,0,0,0.0,0,0,0.0,0
invictus_enriched.csv:1333,0,1,0.8,2,1,1.0,0,0.22333333333333333,1.0,1.2246467991473532e-16,-1.0,0,0,0.1,83,6,0,0,0,0,0,1,0,0,0,0,0.18,0,0,0,0,0,0.0,0,0,0.0,0
invictus_enriched.csv:1334,0,1,0.8,2,1,1.0,0,0.22333333333333333,1.0,1.2246467991473532e-16,-1.0,0,0,0.1,83,6,0,0,0,0,0,1,0,0,0,0,0.18133333333333335,0,0,0,0,0,0.0,0,0,0.0,0
invictus_enriched.csv:1335,0,1,0.8,2,1,1.0,0,0.22333333333333333,1.0,1.2246467991473532e-16,-1.0,0,0,0.1,83,6,0,0,0,0,0,1,0,0,0,0,0.18133333333333335,0,0,0,0,0,0.0,0,0,0.0,0
invictus_enriched.csv:1336,1,0,0.8,2,1,1.0,0,0.22333333333333333,1.0,1.2246467991473532e-16,-1.0,0,0,0.7,81,9,0,0,0,0,0,0,0,0,0,1,0.316,0,0,0,1,0,0.0,0,0,0.0,0
invictus_enriched.csv:1337,0,1,0.8,2,1,1.0,0,0.22333333333333333,1.0,1.2246467991473532e-16,-1.0,0,0,0.1,96,4,0,0,1,0,0,1,0,0,0,0,0.18666666666666668,0,0,0,0,0,0.0,0,0,0.0,0
invictus_enriched.csv:1338,0,1,0.8,2,1,1.0,0,0.22333333333333333,1.0,1.2246467991473532e-16,-1.0,0,0,0.1,39,3,0,0,0,0,0,1,0,0,0,0,0.04533333333333334,0,0,0,0,0,0.0,0,0,0.0,0
invictus_enriched.csv:1339,1,0,0.8,2,1,1.0,0,0.22333333333333333,1.0,1.2246467991473532e-16,-1.0,0,0,0.7,81,9,0,0,0,0,0,0,0,0,0,1,0.316,0,0,0,1,0,0.0,0,0,0.0,0
invictus_enriched.csv:1340,1,0,0.8,2,1,1.0,0,0.22333333333333333,1.0,1.2246467991473532e-16,-1.0,0,0,0.7,81,9,0,0,0,0,0,0,0,0,0,1,0.31733333333333336,0,0,0,1,0,0.0,0,0,0.0,0
invictus_enriched.csv:1341,1,0,0.8,2,1,1.0,0,0.22333333333333333,1.0,1.2246467991473532e-16,-1.0,0,0,0.7,81,9,0,0,0,0,0,0,0,0,0,1,0.23466666666666666,0,0,0,1,0,0.0,0,0,0.0,0
invictus_enriched.csv:1342,0,1,0.8,2,1,1.0,0,0.22333333333333333,1.0,1.2246467991473532e-16,-1.0,0,0,0.8,80,5,0,0,0,0,0,1,0,0,0,0,0.21733333333333332,0,0,0,1,0,0.0,0,0,0.0,1
invictus_enriched.csv:1343,1,0,0.8,2,1,1.0,0,0.22333333333333333,1.0,1.2246467991473532e-16,-1.0,0,0,0.7,81,9,0,0,0,0,0,0,0,0,0,1,0.31733333333333336,0,0,0,1,0,0.0,0,0,0.0,0
invictus_enriched.csv:1344,0,1,0.8,2,1,1.0,0,0.22333333333333333,1.0,1.2246467991473532e-16,-1.0,0,0,0.8,80,5,0,0,0,0,0,1,0,0,0,0,0.21733333333333332,0,0,0,1,0,0.0,0,0,0.0,1
invictus_enriched.csv:1345,1,0,0.8,2,1,1.0,0,0.22333333333333333,1.0,1.2246467991473532e-16,-1.0,0,0,0.7,81,9,0,0,0,0,0,0,0,0,0,1,0.316,0,0,0,1,0,0.0,0,0,0.0,0
invictus_enriched.csv:1346,0,1,0.8,2,1,1.0,0,0.22333333333333333,1.0,1.2246467991473532e-16,-1.0,0,0,0.1,96,4,0,0,1,0,0,1,0,0,0,0,0.18666666666666668,0,0,0,0,0,0.0,0,0,0.0,0
invictus_enriched.csv:1347,1,0,0.8,2,1,1.0,0,0.22333333333333333,1.0,1.2246467991473532e-16,-1.0,0,0,0.7,81,9,0,0,0,0,0,0,0,0,0,1,0.23333333333333334,0,0,0,1,0,0.0,0,0,0.0,0
invictus_enriched.csv:1348,0,1,0.8,2,1,1.0,0,0.22333333333333333,1.0,1.2246467991473532e-16,-1.0,0,0,0.1,43,3,0,0,0,0,0,1,0,0,0,0,0.26,0,0,0,0,0,0.0,0,0,0.0,0
invictus_enriched.csv:1349,0,1,0.8,2,1,1.0,0,0.22333333333333333,1.0,1.2246467991473532e-16,-1.0,0,0,0.1,83,6,0,0,0,0,0,1,0,0,0,0,0.18133333333333335,0,0,0,0,0,0.0,0,0,0.0,0
invictus_enriched.csv:1350,1,0,0.8,2,1,1.0,0,0.22333333333333333,1.0,1.2246467991473532e-16,-1.0,0,0,0.7,81,9,0,0,0,0,0,0,0,0,0,1,0.23466666666666666,0,0,0,1,0,0.0,0,0,0.0,0
invictus_enriched.csv:1351,1,0,0.8,2,1,1.0,0,0.22333333333333333,1.0,1.2246467991473532e-16,-1.0,0,0,0.7,81,9,0,0,0,0,0,0,0,0,0,1,0.316,0,0,0,1,0,0.0,0,0,0.0,0
invictus_enriched.csv:1352,1,0,0.8,2,1,1.0,0,0.22333333333333333,1.0,1.2246467991473532e-16,-1.0,0,0,0.7,81,9,0,0,0,0,0,0,0,0,0,1,0.23466666666666666,0,0,0,1,0,0.0,0,0,0.0,0
invictus_enriched.csv:1353,0,1,0.8,2,1,1.0,0,0.22333333333333333,1.0,1.2246467991473532e-16,-1.0,0,0,0.1,85,6,0,0,0,0,0,1,0,0,0,0,0.10666666666666667,0,0,0,0,0,0.0,0,0,0.0,0
invictus_enriched.csv:1354,0,1,0.8,2,1,1.0,0,0.22333333333333333,1.0,1.2246467991473532e-16,-1.0,0,0,0.1,27,1,0,0,0,0,1,1,0,0,0,0,0.06266666666666666,0,0,0,0,1,0.0,0,0,0.0,0
invictus_enriched.csv:1355,0,1,0.8,2,1,1.0,0,0.22333333333333333,1.0,1.2246467991473532e-16,-1.0,0,0,0.1,87,6,0,0,0,0,0,1,0,0,0,0,0.12133333333333333,0,0,0,0,0,0.0,0,0,0.0,0
invictus_enriched.csv:1356,0,1,0.8,2,1,1.0,0,0.22333333333333333,1.0,1.2246467991473532e-16,-1.0,0,0,0.1,87,6,0,0,0,0,0,1,0,0,0,0,0.12133333333333333,0,0,0,0,0,0.0,0,0,0.0,0
invictus_enriched.csv:1357,0,1,0.8,2,1,1.0,0,0.22333333333333333,1.0,1.2246467991473532e-16,-1.0,0,0,0.8,80,5,0,0,0,0,0,1,0,0,0,0,0.21866666666666668,0,0,0,1,0,0.0,0,0,0.0,1
invictus_enriched.csv:1358,1,0,0.8,2,1,1.0,0,0.22333333333333333,1.0,1.2246467991473532e-16,-1.0,0,0,0.7,81,9,0,0,0,0,0,0,0,0,0,1,0.31733333333333336,0,0,0,1,0,0.0,0,0,0.0,0
invictus_enriched.csv:1359,0,1,0.8,2,1,1.0,0,0.22333333333333333,1.0,1.2246467991473532e-16,-1.0,0,0,0.8,80,5,0,0,0,0,0,1,0,0,0,0,0.21866666666666668,0,0,0,1,0,0.0,0,0,0.0,1
invictus_enriched.csv:1360,0,1,0.8,2,1,1.0,0,0.22333333333333333,1.0,1.2246467991473532e-16,-1.0,0,0,0.1,83,6,0,0,0,0,0,1,0,0,0,0,0.18,0,0,0,0,0,0.0,0,0,0.0,0
invictus_enriched.csv:1361,1,0,0.8,2,1,1.0,0,0.22333333333333333,1.0,1.2246467991473532e-16,-1.0,0,0,0.7,81,9,0,0,0,0,0,0,0,0,0,1,0.23333333333333334,0,0,0,1,0,0.0,0,0,0.0,0
invictus_enriched.csv:1362,0,1,0.8,2,1,1.0,0,0.22333333333333333,1.0,1.2246467991473532e-16,-1.0,0,0,0.1,87,6,0,0,0,0,0,1,0,0,0,0,0.12133333333333333,0,0,0,0,0,0.0,0,0,0.0,0
invictus_enriched.csv:1363,0,1,0.8,2,1,1.0,0,0.22333333333333333,1.0,1.2246467991473532e-16,-1.0,0,0,0.1,85,6,0,0,0,0,0,1,0,0,0,0,0.10666666666666667,0,0,0,0,0,0.0,0,0,0.0,0
invictus_enriched.csv:1364,0,1,0.8,2,1,1.0,0,0.22333333333333333,1.0,1.2246467991473532e-16,-1.0,0,0,0.1,39,3,0,0,0,0,0,1,0,0,0,0,0.04533333333333334,0,0,0,0,0,0.0,0,0,0.0,0
invictus_enriched.csv:1365,0,1,0.8,2,1,1.0,0,0.22333333333333333,1.0,1.2246467991473532e-16,-1.0,0,0,0.1,29,1,0,0,0,0,1,1,0,0,0,0,0.11066666666666666,0,0,0,0,0,0.0,0,0,0.0,0
invictus_enriched.csv:1366,1,0,0.8,2,1,1.0,0,0.22333333333333333,1.0,1.2246467991473532e-16,-1.0,0,0,0.7,81,9,0,0,0,0,0,0,0,0,0,1,0.23466666666666666,0,0,0,1,0,0.0,0,0,0.0,0
invictus_enriched.csv:1367,0,1,0.8,2,1,1.0,0,0.22333333333333333,1.0,1.2246467991473532e-16,-1.0,0,0,0.8,80,5,0,0,0,0,0,1,0,0,0,0,0.21733333333333332,0,0,0,1,0,0.0,0,0,0.0,1
invictus_enriched.csv:1368,0,1,0.8,2,1,1.0,0,0.22333333333333333,1.0,1.2246467991473532e-16,-1.0,0,0,0.1,87,6,0,0,0,0,0,1,0,0,0,0,0.12,0,0,0,0,0,0.0,0,0,0.0,0
invictus_enriched.csv:1369,1,0,0.8,2,1,1.0,0,0.22333333333333333,1.0,1.2246467991473532e-16,-1.0,0,0,0.7,81,9,0,0,0,0,0,0,0,0,0,1,0.31733333333333336,0,0,0,1,0,0.0,0,0,0.0,0
invictus_enriched.csv:1370,0,1,0.8,2,1,1.0,0,0.22333333333333333,1.0,1.2246467991473532e-16,-1.0,0,0,0.1,39,3,0,0,0,0,0,1,0,0,0,0,0.04533333333333334,0,0,0,0,0,0.0,0,0,0.0,0
invictus_enriched.csv:1371,0,1,0.8,2,1,1.0,0,0.22333333333333333,1.0,1.2246467991473532e-16,-1.0,0,0,0.1,87,6,0,0,0,0,0,1,0,0,0,0,0.12133333333333333,0,0,0,0,0,0.0,0,0,0.0,0
invictus_enriched.csv:1372,0,1,0.8,2,1,0.9997222222222222,0,0.22361111111111112,1.0,1.2246467991473532e-16,-1.0,0,0,0.1,45,3,0,0,0,0,0,1,0,0,0,0,0.22266666666666668,0,0,0,0,0,0.0,0,0,0.0,0
invictus_enriched.csv:1373,0,1,0.8,2,1,1.0,0,0.22361111111111112,1.0,1.2246467991473532e-16,-1.0,0,0,0.1,47,3,0,0,0,0,0,1,0,0,0,0,0.304,0,0,0,0,0,0.0,0,0,0.0,0
invictus_enriched.csv:1374,0,1,0.8,2,1,1.0,0,0.22361111111111112,1.0,1.2246467991473532e-16,-1.0,0,0,0.1,99,4,0,0,0,0,0,1,0,0,0,0,0.19066666666666668,0,0,0,0,0,0.0,0,0,0.0,0
invictus_enriched.csv:1375,1,0,0.8,2,1,1.0,0,0.22361111111111112,1.0,1.2246467991473532e-16,-1.0,0,0,0.7,81,9,0,0,0,0,0,0,0,0,0,1,0.23333333333333334,0,0,0,1,0,0.0,0,0,0.0,0
invictus_enriched.csv:1376,0,1,0.8,2,1,1.0,0,0.22361111111111112,1.0,1.2246467991473532e-16,-1.0,0,0,0.1,98,4,0,0,0,0,0,1,0,0,0,0,0.19066666666666668,0,0,0,0,0,0.0,0,0,0.0,0
invictus_enriched.csv:1377,0,1,0.8,2,1,1.0,0,0.22361111111111112,1.0,1.2246467991473532e-16,-1.0,0,0,0.1,101,4,0,0,0,0,0,1,0,0,0,0,0.196,0,0,0,0,0,0.0,0,0,0.0,0
invictus_enriched.csv:1378,0,1,0.8,2,1,1.0,0,0.22361111111111112,1.0,1.2246467991473532e-16,-1.0,0,0,0.1,53,3,0,0,0,0,0,1,0,0,0,0,0.11333333333333333,0,0,0,0,0,0.0,0,0,0.0,0
invictus_enriched.csv:1379,0,1,0.8,2,1,1.0,0,0.22361111111111112,1.0,1.2246467991473532e-16,-1.0,0,0,0.1,85,6,0,0,0,0,0,1,0,0,0,0,0.10666666666666667,0,0,0,0,0,0.0,0,0,0.0,0
invictus_enriched.csv:1380,1,0,0.8,2,1,1.0,0,0.22361111111111112,1.0,1.2246467991473532e-16,-1.0,0,0,0.7,81,9,0,0,0,0,0,0,0,0,0,1,0.23466666666666666,0,0,0,1,0,0.0,0,0,0.0,0
invictus_enriched.csv:1381,0,1,0.8,2,1,1.0,0,0.22361111111111112,1.0,1.2246467991473532e-16,-1.0,0,0,0.1,85,6,0,0,0,0,0,1,0,0,0,0,0.10666666666666667,0,0,0,0,0,0.0,0,0,0.0,0
invictus_enriched.csv:1382,1,0,0.8,2,1,1.0,0,0.22361111111111112,1.0,1.2246467991473532e-16,-1.0,0,0,0.7,81,9,0,0,0,0,0,0,0,0,0,1,0.23466666666666666,0,0,0,1,0,0.0,0,0,0.0,0
invictus_enriched.csv:1383,1,0,0.8,2,1,1.0,0,0.22361111111111112,1.0,1.2246467991473532e-16,-1.0,0,0,0.7,81,9,0,0,0,0,0,0,0,0,0,1,0.23466666666666666,0,0,0,1,0,0.0,0,0,0.0,0
invictus_enriched.csv:1384,0,1,0.8,2,1,1.0,0,0.22361111111111112,1.0,1.2246467991473532e-16,-1.0,0,0,0.1,85,6,0,0,0,0,0,1,0,0,0,0,0.10666666666666667,0,0,0,0,0,0.0,0,0,0.0,0
invictus_enriched.csv:1385,0,1,0.8,2,1,1.0,0,0.22361111111111112,1.0,1.2246467991473532e-16,-1.0,0,0,0.1,45,3,0,0,0,0,0,1,0,0,0,0,0.272,0,0,0,0,0,0.0,0,0,0.0,0
invictus_enriched.csv:1386,0,1,0.8,2,1,1.0,0,0.22361111111111112,1.0,1.2246467991473532e-16,-1.0,0,0,0.1,23,1,0,0,0,0,1,1,0,0,0,0,0.0026666666666666666,0,0,0,0,0,0.0,0,0,0.0,0
invictus_enriched.csv:1387,0,1,0.8,2,1,1.0,0,0.22361111111111112,1.0,1.2246467991473532e-16,-1.0,0,0,0.1,127,1,0,0,0,0,1,1,0,0,0,0,0.07866666666666666,0,0,0,0,0,0.0,0,0,0.0,0
invictus_enriched.csv:1388,0,1,0.8,2,1,1.0,0,0.22361111111111112,1.0,1.2246467991473532e-16,-1.0,0,0,0.1,23,1,0,0,0,0,1,1,0,0,0,0,0.0026666666666666666,0,0,0,0,0,0.0,0,0,0.0,0
invictus_enriched.csv:1389,0,1,0.8,2,1,1.0,0,0.22361111111111112,1.0,1.2246467991473532e-16,-1.0,0,0,0.1,83,6,0,0,1,0,0,1,0,0,0,0,0.0026666666666666666,0,0,0,0,0,0.0,0,0,0.0,0
invictus_enriched.csv:1390,0,1,0.8,2,1,1.0,0,0.22361111111111112,1.0,1.2246467991473532e-16,-1.0,0,0,0.1,85,6,0,0,0,0,0,1,0,0,0,0,0.10533333333333333,0,0,0,0,0,0.0,0,0,0.0,0
invictus_enriched.csv:1391,1,0,0.8,2,1,1.0,0,0.22361111111111112,1.0,1.2246467991473532e-16,-1.0,0,0,0.7,81,9,0,0,0,0,0,0,0,0,0,1,0.23466666666666666,0,0,0,1,0,0.0,0,0,0.0,0
invictus_enriched.csv:1392,0,1,0.8,2,1,1.0,0,0.22361111111111112,1.0,1.2246467991473532e-16,-1.0,0,0,0.1,47,3,0,0,0,0,0,1,0,0,0,0,0.304,0,0,0,0,0,0.0,0,0,0.0,0
invictus_enriched.csv:1393,0,1,0.8,2,1,1.0,0,0.22361111111111112,1.0,1.2246467991473532e-16,-1.0,0,0,0.1,83,6,0,0,1,0,0,1,0,0,0,0,0.0026666666666666666,0,0,0,0,0,0.0,0,0,0.0,0
invictus_enriched.csv:1394,0,1,0.8,2,1,1.0,0,0.22361111111111112,1.0,1.2246467991473532e-16,-1.0,0,0,0.1,45,3,0,0,0,0,0,1,0,0,0,0,0.272,0,0,0,0,0,0.0,0,0,0.0,0
invictus_enriched.csv:1395,0,1,0.8,2,1,1.0,0,0.22361111111111112,1.0,1.2246467991473532e-16,-1.0,0,0,0.1,85,6,0,0,0,0,0,1,0,0,0,0,0.10666666666666667,0,0,0,0,0,0.0,0,0,0.0,0
invictus_enriched.csv:1396,1,0,0.8,2,1,1.0,0,0.22361111111111112,1.0,1.2246467991473532e-16,-1.0,0,0,0.7,81,9,0,0,0,0,0,0,0,0,0,1,0.23466666666666666,0,0,0,1,0,0.0,0,0,0.0,0
invictus_enriched.csv:1397,1,0,0.8,2,1,1.0,0,0.22361111111111112,1.0,1.2246467991473532e-16,-1.0,0,0,0.7,81,9,0,0,0,0,0,0,0,0,0,1,0.23466666666666666,0,0,0,1,0,0.0,0,0,0.0,0
invictus_enriched.csv:1398,0,1,0.8,2,1,1.0,0,0.22361111111111112,1.0,1.2246467991473532e-16,-1.0,0,0,0.1,83,6,0,0,1,0,0,1,0,0,0,0,0.0026666666666666666,0,0,0,0,0,0.0,0,0,0.0,0
invictus_enriched.csv:1399,0,1,0.8,2,1,1.0,0,0.22361111111111112,1.0,1.2246467991473532e-16,-1.0,0,0,0.1,83,6,0,0,1,0,0,1,0,0,0,0,0.0026666666666666666,0,0,0,0,0,0.0,0,0,0.0,0
invictus_enriched.csv:1400,0,1,0.8,2,1,1.0,0,0.22361111111111112,1.0,1.2246467991473532e-16,-1.0,0,0,0.1,127,1,0,0,0,0,1,1,0,0,0,0,0.06666666666666667,0,0,0,0,0,0.0,0,0,0.0,0
invictus_enriched.csv:1401,0,1,0.8,2,1,1.0,0,0.22361111111111112,1.0,1.2246467991473532e-16,-1.0,0,0,0.1,43,3,0,0,0,0,0,1,0,0,0,0,0.26,0,0,0,0,0,0.0,0,0,0.0,0
invictus_enriched.csv:1402,0,1,0.8,2,1,1.0,0,0.22361111111111112,1.0,1.2246467991473532e-16,-1.0,0,0,0.1,53,3,0,0,0,0,0,1,0,0,0,0,0.11333333333333333,0,0,0,0,0,0.0,0,0,0.0,0
invictus_enriched.csv:1403,0,1,0.8,2,1,1.0,0,0.22361111111111112,1.0,1.2246467991473532e-16,-1.0,0,0,0.1,83,6,0,0,1,0,0,1,0,0,0,0,0.0026666666666666666,0,0,0,0,0,0.0,0,0,0.0,0
invictus_enriched.csv:1404,0,1,0.8,2,1,1.0,0,0.22361111111111112,1.0,1.2246467991473532e-16,-1.0,0,0,0.1,83,6,0,0,1,0,0,1,0,0,0,0,0.0026666666666666666,0,0,0,0,0,0.0,0,0,0.0,0
invictus_enriched.csv:1405,0,1,0.8,2,1,1.0,0,0.22361111111111112,1.0,1.2246467991473532e-16,-1.0,0,0,0.1,85,6,0,0,0,0,0,1,0,0,0,0,0.10666666666666667,0,0,0,0,0,0.0,0,0,0.0,0
invictus_enriched.csv:1406,0,1,0.8,2,1,1.0,0,0.22361111111111112,1.0,1.2246467991473532e-16,-1.0,0,0,0.1,45,3,0,0,0,0,0,1,0,0,0,0,0.12266666666666666,0,0,0,0,0,0.0,0,0,0.0,0
invictus_enriched.csv:1407,0,1,0.8,2,1,1.0,0,0.22361111111111112,1.0,1.2246467991473532e-16,-1.0,0,0,0.1,83,6,0,0,1,0,0,1,0,0,0,0,0.0026666666666666666,0,0,0,0,0,0.0,0,0,0.0,0
invictus_enriched.csv:1408,0,1,0.8,2,1,1.0,0,0.22361111111111112,1.0,1.2246467991473532e-16,-1.0,0,0,0.1,45,3,0,0,0,0,0,1,0,0,0,0,0.12266666666666666,0,0,0,0,0,0.0,0,0,0.0,0
invictus_enriched.csv:1409,0,1,0.8,2,1,1.0,0,0.22361111111111112,1.0,1.2246467991473532e-16,-1.0,0,0,0.1,52,3,0,0,0,0,0,1,0,0,0,0,0.136,0,0,0,0,0,0.0,0,0,0.0,0
invictus_enriched.csv:1410,0,1,0.8,2,1,1.0,0,0.22361111111111112,1.0,1.2246467991473532e-16,-1.0,0,0,0.1,85,6,0,0,0,0,0,1,0,0,0,0,0.10666666666666667,0,0,0,0,0,0.0,0,0,0.0,0
invictus_enriched.csv:1411,0,1,0.8,2,1,1.0,0,0.22361111111111112,1.0,1.2246467991473532e-16,-1.0,0,0,0.1,47,3,0,0,0,0,0,1,0,0,0,0,0.304,0,0,0,0,0,0.0,0,0,0.0,0
invictus_enriched.csv:1412,0,1,0.8,2,1,1.0,0,0.22361111111111112,1.0,1.2246467991473532e-16,-1.0,0,0,0.1,23,1,0,0,0,0,1,1,0,0,0,0,0.0026666666666666666,0,0,0,0,0,0.0,0,0,0.0,0
invictus_enriched.csv:1413,0,1,0.8,2,1,1.0,0,0.22361111111111112,1.0,1.2246467991473532e-16,-1.0,0,0,0.1,45,3,0,0,0,0,0,1,0,0,0,0,0.272,0,0,0,0,0,0.0,0,0,0.0,0
invictus_enriched.csv:1414,0,1,0.8,2,1,1.0,0,0.22361111111111112,1.0,1.2246467991473532e-16,-1.0,0,0,0.1,43,3,0,0,0,0,0,1,0,0,0,0,0.26,0,0,0,0,0,0.0,0,0,0.0,0
invictus_enriched.csv:1415,0,1,0.8,2,1,1.0,0,0.22361111111111112,1.0,1.2246467991473532e-16,-1.0,0,0,0.1,83,6,0,0,1,0,0,1,0,0,0,0,0.0026666666666666666,0,0,0,0,0,0.0,0,0,0.0,0
invictus_enriched.csv:1416,0,1,0.8,2,1,1.0,0,0.22361111111111112,1.0,1.2246467991473532e-16,-1.0,0,0,0.1,46,1,0,0,0,0,1,1,0,0,0,0,0.09866666666666667,0,0,0,0,0,0.0,0,0,0.0,0
invictus_enriched.csv:1417,0,1,0.8,2,1,1.0,0,0.22361111111111112,1.0,1.2246467991473532e-16,-1.0,0,0,0.1,43,3,0,0,0,0,0,1,0,0,0,0,0.26,0,0,0,0,0,0.0,0,0,0.0,0
invictus_enriched.csv:1418,0,1,0.8,2,1,1.0,0,0.22361111111111112,1.0,1.2246467991473532e-16,-1.0,0,0,0.1,45,3,0,0,0,0,0,1,0,0,0,0,0.22266666666666668,0,0,0,0,0,0.0,0,0,0.0,0
invictus_enriched.csv:1419,0,1,0.8,2,1,1.0,0,0.22361111111111112,1.0,1.2246467991473532e-16,-1.0,0,0,0.1,26,1,0,0,0,0,1,1,0,0,0,0,0.07866666666666666,0,0,0,0,0,0.0,0,0,0.0,0
invictus_enriched.csv:1420,0,1,0.8,2,1,1.0,0,0.22361111111111112,1.0,1.2246467991473532e-16,-1.0,0,0,0.1,45,3,0,0,0,0,0,1,0,0,0,0,0.12266666666666666,0,0,0,0,0,0.0,0,0,0.0,0
invictus_enriched.csv:1421,1,0,0.8,2,1,1.0,0,0.22361111111111112,1.0,1.2246467991473532e-16,-1.0,0,0,0.7,81,9,0,0,0,0,0,0,0,0,0,1,0.23466666666666666,0,0,0,1,0,0.0,0,0,0.0,0
invictus_enriched.csv:1422,0,1,0.8,2,1,1.0,0,0.22361111111111112,1.0,1.2246467991473532e-16,-1.0,0,0,0.1,85,6,0,0,0,0,0,1,0,0,0,0,0.10533333333333333,0,0,0,0,0,0.0,0,0,0.0,0
invictus_enriched.csv:1423,0,1,0.8,2,1,1.0,0,0.22361111111111112,1.0,1.2246467991473532e-16,-1.0,0,0,0.1,99,4,0,0,0,0,0,1,0,0,0,0,0.19066666666666668,0,0,0,0,0,0.0,0,0,0.0,0
invictus_enriched.csv:1424,0,1,0.8,2,1,1.0,0,0.22361111111111112,1.0,1.2246467991473532e-16,-1.0,0,0,0.1,98,4,0,0,0,0,0,1,0,0,0,0,0.19066666666666668,0,0,0,0,0,0.0,0,0,0.0,0
invictus_enriched.csv:1425,1,0,0.8,2,1,1.0,0,0.22361111111111112,1.0,1.2246467991473532e-16,-1.0,0,0,0.7,81,9,0,0,0,0,0,0,0,0,0,1,0.23466666666666666,0,0,0,1,0,0.0,0,0,0.0,0
invictus_enriched.csv:1426,0,1,0.8,2,1,1.0,0,0.22361111111111112,1.0,1.2246467991473532e-16,-1.0,0,0,0.1,83,6,0,0,1,0,0,1,0,0,0,0,0.0026666666666666666,0,0,0,0,0,0.0,0,0,0.0,0
invictus_enriched.csv:1427,0,1,0.8,2,1,1.0,0,0.22361111111111112,1.0,1.2246467991473532e-16,-1.0,0,0,0.1,83,6,0,0,1,0,0,1,0,0,0,0,0.0026666666666666666,0,0,0,0,0,0.0,0,0,0.0,0
invictus_enriched.csv:1428,0,1,0.8,2,1,1.0,0,0.22361111111111112,1.0,1.2246467991473532e-16,-1.0,0,0,0.1,85,6,0,0,0,0,0,1,0,0,0,0,0.10666666666666667,0,0,0,0,0,0.0,0,0,0.0,0
invictus_enriched.csv:1429,0,1,0.8,2,1,1.0,0,0.22361111111111112,1.0,1.2246467991473532e-16,-1.0,0,0,0.1,23,1,0,0,0,0,1,1,0,0,0,0,0.0026666666666666666,0,0,0,0,0,0.0,0,0,0.0,0
invictus_enriched.csv:1430,0,1,0.8,2,1,1.0,0,0.22361111111111112,1.0,1.2246467991473532e-16,-1.0,0,0,0.1,45,3,0,0,0,0,0,1,0,0,0,0,0.272,0,0,0,0,0,0.0,0,0,0.0,0
invictus_enriched.csv:1431,0,1,0.8,2,1,1.0,0,0.22361111111111112,1.0,1.2246467991473532e-16,-1.0,0,0,0.1,119,3,0,0,0,0,0,1,0,0,0,0,0.11866666666666667,0,0,0,0,0,0.0,0,0,0.0,0
invictus_enriched.csv:1432,0,1,0.8,2,1,0.9997222222222222,1,0.2238888888888889,1.0,1.2246467991473532e-16,-1.0,0,0,0.1,132,1,1,0,0,0,1,0,0,0,0,0,0.12,0,0,0,0,0,0.0,0,0,0.0,0
invictus_enriched.csv:1433,0,1,0.8,2,1,1.0,1,0.2238888888888889,1.0,1.2246467991473532e-16,-1.0,0,0,0.1,133,5,1,0,0,0,0,0,0,0,0,0,0.196,0,0,0,1,0,0.0,0,0,0.0,0
invictus_enriched.csv:1434,0,1,0.8,2,1,1.0,0,0.2238888888888889,1.0,1.2246467991473532e-16,-1.0,0,0,0.1,100,4,0,0,1,0,0,1,0,0,0,0,0.18933333333333333,0,0,0,0,0,0.0,0,0,0.0,0
invictus_enriched.csv:1435,0,1,0.8,2,1,1.0,0,0.2238888888888889,1.0,1.2246467991473532e-16,-1.0,0,0,0.1,47,3,0,0,0,0,0,1,0,0,0,0,0.304,0,0,0,0,0,0.0,0,0,0.0,0
invictus_enriched.csv:1436,0,1,0.8,2,1,1.0,0,0.2238888888888889,1.0,1.2246467991473532e-16,-1.0,0,0,0.1,52,3,0,0,0,0,0,1,0,0,0,0,0.136,0,0,0,0,0,0.0,0,0,0.0,0
invictus_enriched.csv:1437,0,1,0.8,2,1,1.0,0,0.2238888888888889,1.0,1.2246467991473532e-16,-1.0,0,0,0.1,133,5,1,0,0,0,0,0,0,0,0,0,0.19466666666666665,0,0,0,1,0,0.0,0,0,0.0,0
invictus_enriched.csv:1438,0,1,0.8,2,1,1.0,0,0.2238888888888889,1.0,1.2246467991473532e-16,-1.0,0,0,0.1,45,3,0,0,0,0,0,1,0,0,0,0,0.12266666666666666,0,0,0,0,0,0.0,0,0,0.0,0
invictus_enriched.csv:1439,0,1,0.8,2,1,1.0,0,0.2238888888888889,1.0,1.2246467991473532e-16,-1.0,0,0,0.1,28,1,0,0,0,0,1,1,0,0,0,0,0.06266666666666666,0,0,0,0,0,0.0,0,0,0.0,0
invictus_enriched.csv:1440,0,1,0.8,2,1,1.0,0,0.2238888888888889,1.0,1.2246467991473532e-16,-1.0,0,0,0.1,133,5,1,0,0,0,0,0,0,0,0,0,0.19466666666666665,0,0,0,1,0,0.0,0,0,0.0,0
invictus_enriched.csv:1441,0,1,0.8,2,1,1.0,0,0.2238888888888889,1.0,1.2246467991473532e-16,-1.0,0,0,0.1,133,5,1,0,0,0,0,0,0,0,0,0,0.196,0,0,0,1,0,0.0,0,0,0.0,0
invictus_enriched.csv:1442,0,1,0.8,2,1,1.0,0,0.2238888888888889,1.0,1.2246467991473532e-16,-1.0,0,0,0.1,133,5,1,0,0,0,0,0,0,0,0,0,0.196,0,0,0,1,0,0.0,0,0,0.0,0
invictus_enriched.csv:1443,0,1,0.8,2,1,1.0,0,0.2238888888888889,1.0,1.2246467991473532e-16,-1.0,0,0,0.1,45,3,0,0,0,0,0,1,0,0,0,0,0.12266666666666666,0,0,0,0,0,0.0,0,0,0.0,0
invictus_enriched.csv:1444,0,1,0.8,2,1,1.0,0,0.2238888888888889,1.0,1.2246467991473532e-16,-1.0,0,0,0.1,133,5,1,0,0,0,0,0,0,0,0,0,0.19466666666666665,0,0,0,1,0,0.0,0,0,0.0,0
invictus_enriched.csv:1445,0,1,0.8,2,1,1.0,0,0.2238888888888889,1.0,1.2246467991473532e-16,-1.0,0,0,0.1,53,3,0,0,0,0,0,1,0,0,0,0,0.11333333333333333,0,0,0,0,0,0.0,0,0,0.0,0
invictus_enriched.csv:1446,0,1,0.1,6,0,0.9925,0,0.21027777777777779,0.13474240422721268,1.2246467991473532e-16,-1.0,0,0,0.1,4,4,0,0,0,0,0,1,0,0,0,1,0.19466666666666665,0,0,0,0,0,0.0,0,0,0.0,0
invictus_enriched.csv:1447,0,1,0.8,2,1,1.0,0,0.2238888888888889,1.0,1.2246467991473532e-16,-1.0,0,0,0.1,28,1,0,0,0,0,1,1,0,0,0,0,0.06666666666666667,0,0,0,0,0,0.0,0,0,0.0,0
invictus_enriched.csv:1448,0,1,0.8,2,1,1.0,0,0.2238888888888889,1.0,1.2246467991473532e-16,-1.0,0,0,0.1,83,6,0,0,1,0,0,1,0,0,0,0,0.0026666666666666666,0,0,0,0,0,0.0,0,0,0.0,0
invictus_enriched.csv:1449,0,1,0.8,2,1,1.0,0,0.2238888888888889,1.0,1.2246467991473532e-16,-1.0,0,0,0.1,133,5,1,0,0,0,0,0,0,0,0,0,0.196,0,0,0,1,0,0.0,0,0,0.0,0
invictus_enriched.csv:1450,0,1,0.8,2,1,1.0,0,0.2238888888888889,1.0,1.2246467991473532e-16,-1.0,0,0,0.1,133,5,1,0,0,0,0,0,0,0,0,0,0.19466666666666665,0,0,0,1,0,0.0,0,0,0.0,0
invictus_enriched.csv:1451,0,1,0.8,2,1,1.0,0,0.2238888888888889,1.0,1.2246467991473532e-16,-1.0,0,0,0.1,133,5,1,0,0,0,0,0,0,0,0,0,0.196,0,0,0,1,0,0.0,0,0,0.0,0
invictus_enriched.csv:1452,0,1,0.8,2,1,1.0,0,0.2238888888888889,1.0,1.2246467991473532e-16,-1.0,0,0,0.1,52,3,0,0,0,0,0,1,0,0,0,0,0.136,0,0,0,0,0,0.0,0,0,0.0,0
invictus_enriched.csv:1453,0,1,0.8,2,1,1.0,0,0.2238888888888889,1.0,1.2246467991473532e-16,-1.0,0,0,0.1,60,3,0,0,0,0,0,1,0,0,0,0,0.13866666666666666,0,0,0,0,0,0.0,0,0,0.0,0
invictus_enriched.csv:1454,0,1,0.8,2,1,1.0,0,0.2238888888888889,1.0,1.2246467991473532e-16,-1.0,0,0,0.1,130,1,1,0,0,0,1,0,0,0,0,0,0.07866666666666666,0,0,0,0,0,0.0,0,0,0.0,0
invictus_enriched.csv:1455,0,1,0.8,2,1,1.0,0,0.2238888888888889,1.0,1.2246467991473532e-16,-1.0,0,0,0.1,45,3,0,0,0,0,0,1,0,0,0,0,0.22266666666666668,0,0,0,0,0,0.0,0,0,0.0,0
invictus_enriched.csv:1456,0,1,0.8,2,1,1.0,0,0.2238888888888889,1.0,1.2246467991473532e-16,-1.0,0,0,0.1,83,6,0,0,1,0,0,1,0,0,0,0,0.0026666666666666666,0,0,0,0,0,0.0,0,0,0.0,0
invictus_enriched.csv:1457,0,1,0.8,2,1,1.0,0,0.2238888888888889,1.0,1.2246467991473532e-16,-1.0,0,0,0.1,23,1,0,0,0,0,1,1,0,0,0,0,0.0026666666666666666,0,0,0,0,0,0.0,0,0,0.0,0
invictus_enriched.csv:1458,0,1,0.8,2,1,1.0,0,0.2238888888888889,1.0,1.2246467991473532e-16,-1.0,0,0,0.1,45,3,0,0,0,0,0,1,0,0,0,0,0.12266666666666666,0,0,0,0,0,0.0,0,0,0.0,0
invictus_enriched.csv:1459,0,1,0.8,2,1,1.0,0,0.2238888888888889,1.0,1.2246467991473532e-16,-1.0,0,0,0.1,127,1,0,0,0,0,1,1,0,0,0,0,0.06266666666666666,0,0,0,0,0,0.0,0,0,0.0,0
invictus_enriched.csv:1460,0,1,0.8,2,1,1.0,0,0.2238888888888889,1.0,1.2246467991473532e-16,-1.0,0,0,0.1,53,3,0,0,0,0,0,1,0,0,0,0,0.11333333333333333,0,0,0,0,0,0.0,0,0,0.0,0
invictus_enriched.csv:1461,0,1,0.8,2,1,1.0,0,0.2238888888888889,1.0,1.2246467991473532e-16,-1.0,0,0,0.1,101,4,0,0,0,0,0,1,0,0,0,0,0.196,0,0,0,0,0,0.0,0,0,0.0,0
invictus_enriched.csv:1462,0,1,0.8,2,1,1.0,0,0.2238888888888889,1.0,1.2246467991473532e-16,-1.0,0,0,0.1,133,5,1,0,0,0,0,0,0,0,0,0,0.196,0,0,0,1,0,0.0,0,0,0.0,0
invictus_enriched.csv:1463,0,1,0.8,2,1,1.0,0,0.2238888888888889,1.0,1.2246467991473532e-16,-1.0,0,0,0.1,53,3,0,0,0,0,0,1,0,0,0,0,0.11333333333333333,0,0,0,0,0,0.0,0,0,0.0,0
invictus_enriched.csv:1464,0,1,0.8,2,1,1.0,0,0.2238888888888889,1.0,1.2246467991473532e-16,-1.0,0,0,0.1,59,3,0,0,0,0,0,1,0,0,0,0,0.128,0,0,0,0,0,0.0,0,0,0.0,0
invictus_enriched.csv:1465,0,1,0.8,2,1,1.0,0,0.2238888888888889,1.0,1.2246467991473532e-16,-1.0,0,0,0.1,100,4,0,0,1,0,0,1,0,0,0,0,0.18933333333333333,0,0,0,0,0,0.0,0,0,0.0,0
invictus_enriched.csv:1466,0,1,0.8,2,1,1.0,0,0.2238888888888889,1.0,1.2246467991473532e-16,-1.0,0,0,0.1,83,6,0,0,1,0,0,1,0,0,0,0,0.0026666666666666666,0,0,0,0,0,0.0,0,0,0.0,0
invictus_enriched.csv:1467,0,1,0.8,2,1,1.0,0,0.2238888888888889,1.0,1.2246467991473532e-16,-1.0,0,0,0.1,133,5,1,0,0,0,0,0,0,0,0,0,0.19466666666666665,0,0,0,1,0,0.0,0,0,0.0,0
invictus_enriched.csv:1468,0,1,0.8,2,1,1.0,0,0.2238888888888889,1.0,1.2246467991473532e-16,-1.0,0,0,0.1,53,3,0,0,0,0,0,1,0,0,0,0,0.11333333333333333,0,0,0,0,0,0.0,0,0,0.0,0
invictus_enriched.csv:1469,0,1,0.8,2,1,1.0,0,0.2238888888888889,1.0,1.2246467991473532e-16,-1.0,0,0,0.1,83,6,0,0,1,0,0,1,0,0,0,0,0.0026666666666666666,0,0,0,0,0,0.0,0,0,0.0,0
invictus_enriched.csv:1470,0,1,0.8,2,1,1.0,0,0.2238888888888889,1.0,1.2246467991473532e-16,-1.0,0,0,0.1,45,3,0,0,0,0,0,1,0,0,0,0,0.22266666666666668,0,0,0,0,0,0.0,0,0,0.0,0
invictus_enriched.csv:1471,0,1,0.8,2,1,1.0,0,0.2238888888888889,1.0,1.2246467991473532e-16,-1.0,0,0,0.1,133,5,1,0,0,0,0,0,0,0,0,0,0.19466666666666665,0,0,0,1,0,0.0,0,0,0.0,0
invictus_enriched.csv:1472,0,1,0.8,2,1,1.0,0,0.2238888888888889,1.0,1.2246467991473532e-16,-1.0,0,0,0.1,132,1,1,0,0,0,1,0,0,0,0,0,0.108,0,0,0,0,0,0.0,0,0,0.0,0
invictus_enriched.csv:1473,0,1,0.8,2,1,1.0,0,0.2238888888888889,1.0,1.2246467991473532e-16,-1.0,0,0,0.1,133,5,1,0,0,0,0,0,0,0,0,0,0.19466666666666665,0,0,0,1,0,0.0,0,0,0.0,0
invictus_enriched.csv:1474,0,1,0.8,2,1,1.0,0,0.2238888888888889,1.0,1.2246467991473532e-16,-1.0,0,0,0.1,2,4,0,0,0,0,0,1,0,0,0,0,0.18666666666666668,0,0,0,0,0,0.0,0,0,0.0,0
invictus_enriched.csv:1475,0,1,0.8,2,1,1.0,0,0.2238888888888889,1.0,1.2246467991473532e-16,-1.0,0,0,0.1,133,5,1,0,0,0,0,0,0,0,0,0,0.196,0,0,0,1,0,0.0,0,0,0.0,0
invictus_enriched.csv:1476,0,1,0.8,2,1,1.0,0,0.2238888888888889,1.0,1.2246467991473532e-16,-1.0,0,0,0.1,2,4,0,0,0,0,0,1,0,0,0,0,0.18666666666666668,0,0,0,0,0,0.0,0,0,0.0,0
invictus_enriched.csv:1477,0,1,0.8,2,1,1.0,0,0.2238888888888889,1.0,1.2246467991473532e-16,-1.0,0,0,0.1,133,5,1,0,0,0,0,0,0,0,0,0,0.19466666666666665,0,0,0,1,0,0.0,0,0,0.0,0
invictus_enriched.csv:1478,0,1,0.8,2,1,1.0,0,0.2238888888888889,1.0,1.2246467991473532e-16,-1.0,0,0,0.1,83,6,0,0,1,0,0,1,0,0,0,0,0.0026666666666666666,0,0,0,0,0,0.0,0,0,0.0,0
invictus_enriched.csv:1479,0,1,0.8,2,1,1.0,0,0.2238888888888889,1.0,1.2246467991473532e-16,-1.0,0,0,0.1,133,5,1,0,0,0,0,0,0,0,0,0,0.19466666666666665,0,0,0,1,0,0.0,0,0,0.0,0
invictus_enriched.csv:1480,0,1,0.8,2,1,1.0,0,0.2238888888888889,1.0,1.2246467991473532e-16,-1.0,0,0,0.1,130,1,1,0,0,0,1,0,0,0,0,0,0.06666666666666667,0,0,0,0,0,0.0,0,0,0.0,0
invictus_enriched.csv:1481,0,1,0.8,2,1,1.0,0,0.2238888888888889,1.0,1.2246467991473532e-16,-1.0,0,0,0.1,83,6,0,0,1,0,0,1,0,0,0,0,0.0026666666666666666,0,0,0,0,0,0.0,0,0,0.0,0
invictus_enriched.csv:1482,0,1,0.8,2,1,1.0,0,0.2238888888888889,1.0,1.2246467991473532e-16,-1.0,0,0,0.1,133,5,1,0,0,0,0,0,0,0,0,0,0.196,0,0,0,1,0,0.0,0,0,0.0,0
invictus_enriched.csv:1483,0,1,0.8,2,1,1.0,0,0.2238888888888889,1.0,1.2246467991473532e-16,-1.0,0,0,0.1,83,6,0,0,1,0,0,1,0,0,0,0,0.0026666666666666666,0,0,0,0,0,0.0,0,0,0.0,0
invictus_enriched.csv:1484,0,1,0.8,2,1,1.0,0,0.2238888888888889,1.0,1.2246467991473532e-16,-1.0,0,0,0.1,45,3,0,0,0,0,0,1,0,0,0,0,0.12266666666666666,0,0,0,0,0,0.0,0,0,0.0,0
invictus_enriched.csv:1485,0,1,0.8,2,1,1.0,0,0.2238888888888889,1.0,1.2246467991473532e-16,-1.0,0,0,0.1,45,3,0,0,0,0,0,1,0,0,0,0,0.12266666666666666,0,0,0,0,0,0.0,0,0,0.0,0
invictus_enriched.csv:1486,0,1,0.8,2,1,0.9997222222222222,0,0.22416666666666665,1.0,1.2246467991473532e-16,-1.0,0,0,0.1,45,3,0,0,0,0,0,1,0,0,0,0,0.12266666666666666,0,0,0,0,0,0.0,0,0,0.0,0
invictus_enriched.csv:1487,0,1,0.8,2,1,1.0,0,0.22416666666666665,1.0,1.2246467991473532e-16,-1.0,0,0,0.1,83,6,0,0,1,0,0,1,0,0,0,0,0.0026666666666666666,0,0,0,0,0,0.0,0,0,0.0,0
invictus_enriched.csv:1488,0,1,0.8,2,1,1.0,1,0.22416666666666665,1.0,1.2246467991473532e-16,-1.0,0,0,0.1,134,3,1,0,0,0,0,0,0,0,0,0,0.04533333333333334,0,0,0,0,0,0.0,0,0,0.0,0
invictus_enriched.csv:1489,0,1,0.8,2,1,1.0,0,0.22416666666666665,1.0,1.2246467991473532e-16,-1.0,0,0,0.1,126,1,1,0,0,0,1,0,0,0,0,0,0.19466666666666665,0,0,0,0,0,0.0,0,0,0.0,0
invictus_enriched.csv:1490,0,1,0.8,2,1,1.0,0,0.22416666666666665,1.0,1.2246467991473532e-16,-1.0,0,0,0.2,63,3,0,0,0,0,0,1,0,0,0,0,0.11333333333333333,0,0,0,0,0,0.0,0,0,0.0,0
invictus_enriched.csv:1491,0,1,0.8,2,1,1.0,0,0.22416666666666665,1.0,1.2246467991473532e-16,-1.0,0,0,0.1,45,3,0,0,0,0,0,1,0,0,0,0,0.22266666666666668,0,0,0,0,0,0.0,0,0,0.0,0
invictus_enriched.csv:1492,0,1,0.8,2,1,1.0,0,0.22416666666666665,1.0,1.2246467991473532e-16,-1.0,0,0,0.1,104,4,0,0,1,0,0,1,0,0,0,0,0.192,0,0,0,0,0,0.0,0,0,0.0,0
invictus_enriched.csv:1493,0,1,0.8,2,1,1.0,0,0.22416666666666665,1.0,1.2246467991473532e-16,-1.0,0,0,0.1,23,1,0,0,0,0,1,1,0,0,0,0,0.0026666666666666666,0,0,0,0,0,0.0,0,0,0.0,0
invictus_enriched.csv:1494,0,1,0.8,2,1,1.0,1,0.22416666666666665,1.0,1.2246467991473532e-16,-1.0,0,0,0.1,135,0,1,0,0,0,0,0,0,0,0,0,0.068,0,0,0,0,0,0.0,0,0,0.0,0
invictus_enriched.csv:1495,0,1,0.8,2,1,1.0,0,0.22416666666666665,1.0,1.2246467991473532e-16,-1.0,0,0,0.1,60,3,0,0,0,0,0,1,0,0,0,0,0.13866666666666666,0,0,0,0,0,0.0,0,0,0.0,0
invictus_enriched.csv:1496,0,1,0.8,2,1,1.0,0,0.22416666666666665,1.0,1.2246467991473532e-16,-1.0,0,0,0.1,64,3,0,0,0,0,0,1,0,0,0,0,0.25466666666666665,0,0,0,0,0,0.0,0,0,0.0,0
invictus_enriched.csv:1497,0,1,0.8,2,1,1.0,0,0.22416666666666665,1.0,1.2246467991473532e-16,-1.0,0,0,0.1,45,3,0,0,0,0,0,1,0,0,0,0,0.12266666666666666,0,0,0,0,0,0.0,0,0,0.0,0
invictus_enriched.csv:1498,0,1,0.8,2,1,1.0,0,0.22416666666666665,1.0,1.2246467991473532e-16,-1.0,0,0,0.1,132,1,1,0,0,0,1,0,0,0,0,0,0.14933333333333335,0,0,0,0,0,0.0,0,0,0.0,0
invictus_enriched.csv:1499,0,1,0.8,2,1,1.0,0,0.22416666666666665,1.0,1.2246467991473532e-16,-1.0,0,0,0.1,83,6,0,0,1,0,0,1,0,0,0,0,0.0026666666666666666,0,0,0,0,0,0.0,0,0,0.0,0
invictus_enriched.csv:1500,0,1,0.8,2,1,1.0,0,0.22416666666666665,1.0,1.2246467991473532e-16,-1.0,0,0,0.1,102,4,0,0,1,0,0,1,0,0,0,0,0.192,0,0,0,0,0,0.0,0,0,0.0,0
invictus_enriched.csv:1501,0,1,0.8,2,1,1.0,0,0.22416666666666665,1.0,1.2246467991473532e-16,-1.0,0,0,0.1,45,3,0,0,0,0,0,1,0,0,0,0,0.12266666666666666,0,0,0,0,0,0.0,0,0,0.0,0
invictus_enriched.csv:1502,0,1,0.8,2,1,1.0,0,0.22416666666666665,1.0,1.2246467991473532e-16,-1.0,0,0,0.1,104,4,0,0,1,0,0,1,0,0,0,0,0.192,0,0,0,0,0,0.0,0,0,0.0,0
invictus_enriched.csv:1503,0,1,0.8,2,1,1.0,0,0.22416666666666665,1.0,1.2246467991473532e-16,-1.0,0,0,0.1,59,3,0,0,0,0,0,1,0,0,0,0,0.128,0,0,0,0,0,0.0,0,0,0.0,0
invictus_enriched.csv:1504,0,1,0.8,2,1,1.0,0,0.22416666666666665,1.0,1.2246467991473532e-16,-1.0,0,0,0.1,103,4,0,0,0,0,0,1,0,0,0,0,0.19066666666666668,0,0,0,0,0,0.0,0,0,0.0,0
invictus_enriched.csv:1505,0,1,0.8,2,1,1.0,0,0.22416666666666665,1.0,1.2246467991473532e-16,-1.0,0,0,0.1,103,4,0,0,0,0,0,1,0,0,0,0,0.19066666666666668,0,0,0,0,0,0.0,0,0,0.0,0
invictus_enriched.csv:1506,0,1,0.8,2,1,1.0,0,0.22416666666666665,1.0,1.2246467991473532e-16,-1.0,0,0,0.1,127,1,0,0,0,0,1,1,0,0,0,0,0.072,0,0,0,0,0,0.0,0,0,0.0,0
invictus_enriched.csv:1507,0,1,0.8,2,1,1.0,0,0.22416666666666665,1.0,1.2246467991473532e-16,-1.0,0,0,0.2,63,3,0,0,0,0,0,1,0,0,0,0,0.11333333333333333,0,0,0,0,0,0.0,0,0,0.0,0
invictus_enriched.csv:1508,0,1,0.8,2,1,1.0,0,0.22416666666666665,1.0,1.2246467991473532e-16,-1.0,0,0,0.1,45,3,0,0,0,0,0,1,0,0,0,0,0.22266666666666668,0,0,0,0,0,0.0,0,0,0.0,0
invictus_enriched.csv:1509,0,1,0.8,2,1,1.0,0,0.22416666666666665,1.0,1.2246467991473532e-16,-1.0,0,0,0.1,130,1,1,0,0,0,1,0,0,0,0,0,0.06266666666666666,0,0,0,0,0,0.0,0,0,0.0,0
invictus_enriched.csv:1510,0,1,0.8,2,1,0.9997222222222222,1,0.22444444444444445,1.0,1.2246467991473532e-16,-1.0,0,0,0.1,136,1,0,0,0,0,1,1,0,0,0,0,0.12133333333333333,0,0,0,0,0,0.0,0,0,0.0,0
invictus_enriched.csv:1511,0,1,0.8,2,1,1.0,0,0.22444444444444445,1.0,1.2246467991473532e-16,-1.0,0,0,0.1,83,6,0,0,0,0,0,1,0,0,0,0,0.18,0,0,0,0,0,0.0,0,0,0.0,0
invictus_enriched.csv:1512,0,1,0.8,2,1,1.0,0,0.22444444444444445,1.0,1.2246467991473532e-16,-1.0,0,0,0.1,28,1,0,0,0,0,1,1,0,0,0,0,0.072,0,0,0,0,0,0.0,0,0,0.0,0
invictus_enriched.csv:1513,0,1,0.8,2,1,1.0,0,0.22444444444444445,1.0,1.2246467991473532e-16,-1.0,0,0,0.1,64,3,0,0,0,0,0,1,0,0,0,0,0.25466666666666665,0,0,0,0,0,0.0,0,0,0.0,0
invictus_enriched.csv:1514,0,1,0.8,2,1,1.0,0,0.22444444444444445,1.0,1.2246467991473532e-16,-1.0,0,0,0.1,83,6,0,0,0,0,0,1,0,0,0,0,0.18133333333333335,0,0,0,0,0,0.0,0,0,0.0,0
invictus_enriched.csv:1515,0,1,0.8,2,1,1.0,0,0.22444444444444445,1.0,1.2246467991473532e-16,-1.0,0,0,0.1,130,1,1,0,0,0,1,0,0,0,0,0,0.07333333333333333,0,0,0,0,0,0.0,0,0,0.0,0
invictus_enriched.csv:1516,0,1,0.8,2,1,1.0,0,0.22444444444444445,1.0,1.2246467991473532e-16,-1.0,0,0,0.1,93,4,0,0,0,0,0,1,0,0,0,0,0.18666666666666668,0,0,0,0,0,0.0,0,0,0.0,0
invictus_enriched.csv:1517,0,1,0.8,2,1,1.0,0,0.22444444444444445,1.0,1.2246467991473532e-16,-1.0,0,0,0.1,27,1,0,0,0,0,1,1,0,0,0,0,0.07333333333333333,0,0,0,0,1,0.0,0,0,0.0,0
invictus_enriched.csv:1518,0,1,0.8,2,1,1.0,0,0.22444444444444445,1.0,1.2246467991473532e-16,-1.0,0,0,0.1,83,6,0,0,0,0,0,1,0,0,0,0,0.18,0,0,0,0,0,0.0,0,0,0.0,0
invictus_enriched.csv:1519,0,1,0.8,2,1,1.0,0,0.22444444444444445,1.0,1.2246467991473532e-16,-1.0,0,0,0.1,45,3,0,0,0,0,0,1,0,0,0,0,0.22266666666666668,0,0,0,0,0,0.0,0,0,0.0,0
invictus_enriched.csv:1520,0,1,0.8,2,1,1.0,1,0.22444444444444445,1.0,1.2246467991473532e-16,-1.0,0,0,0.1,137,1,1,0,0,0,1,0,0,0,0,0,0.12133333333333333,0,0,0,0,0,0.0,0,0,0.0,0
invictus_enriched.csv:1521,0,1,0.8,2,1,1.0,0,0.22444444444444445,1.0,1.2246467991473532e-16,-1.0,0,0,0.1,83,6,0,0,0,0,0,1,0,0,0,0,0.18133333333333335,0,0,0,0,0,0.0,0,0,0.0,0
invictus_enriched.csv:1522,0,1,0.8,2,1,1.0,0,0.22444444444444445,1.0,1.2246467991473532e-16,-1.0,0,0,0.1,45,3,0,0,0,0,0,1,0,0,0,0,0.12266666666666666,0,0,0,0,0,0.0,0,0,0.0,0
invictus_enriched.csv:1523,0,1,0.8,2,1,1.0,0,0.22444444444444445,1.0,1.2246467991473532e-16,-1.0,0,0,0.1,83,6,0,0,0,0,0,1,0,0,0,0,0.18133333333333335,0,0,0,0,0,0.0,0,0,0.0,0
invictus_enriched.csv:1524,0,1,0.8,2,1,1.0,0,0.22444444444444445,1.0,1.2246467991473532e-16,-1.0,0,0,0.1,83,6,0,0,0,0,0,1,0,0,0,0,0.18133333333333335,0,0,0,0,0,0.0,0,0,0.0,0
invictus_enriched.csv:1525,0,1,0.8,2,1,1.0,0,0.22444444444444445,1.0,1.2246467991473532e-16,-1.0,0,0,0.1,45,3,0,0,0,0,0,1,0,0,0,0,0.12266666666666666,0,0,0,0,0,0.0,0,0,0.0,0
invictus_enriched.csv:1526,0,1,0.8,2,1,1.0,0,0.22444444444444445,1.0,1.2246467991473532e-16,-1.0,0,0,0.1,127,1,0,0,0,0,1,1,0,0,0,0,0.07333333333333333,0,0,0,0,0,0.0,0,0,0.0,0
invictus_enriched.csv:1527,0,1,0.8,2,1,1.0,1,0.22444444444444445,1.0,1.2246467991473532e-16,-1.0,0,0,0.1,138,3,1,0,0,0,0,0,0,0,0,0,0.05466666666666667,0,0,0,0,0,0.0,0,0,0.0,0
invictus_enriched.csv:1528,0,1,0.8,2,1,1.0,1,0.22444444444444445,1.0,1.2246467991473532e-16,-1.0,0,0,0.1,139,3,1,0,0,0,0,0,0,0,0,0,0.06266666666666666,0,0,0,0,0,0.0,0,0,0.0,0
invictus_enriched.csv:1529,0,1,0.8,2,1,1.0,0,0.22444444444444445,1.0,1.2246467991473532e-16,-1.0,0,0,0.1,60,3,0,0,0,0,0,1,0,0,0,0,0.18933333333333333,0,0,0,0,0,0.0,0,0,0.0,0
invictus_enriched.csv:1530,0,1,0.8,2,1,1.0,0,0.22444444444444445,1.0,1.2246467991473532e-16,-1.0,0,0,0.1,45,3,0,0,0,0,0,1,0,0,0,0,0.12266666666666666,0,0,0,0,0,0.0,0,0,0.0,0
invictus_enriched.csv:1531,0,1,0.8,2,1,1.0,0,0.22444444444444445,1.0,1.2246467991473532e-16,-1.0,0,0,0.1,87,6,0,0,0,0,0,1,0,0,0,0,0.12,0,0,0,0,0,0.0,0,0,0.0,0
invictus_enriched.csv:1532,0,1,0.8,2,1,1.0,0,0.22444444444444445,1.0,1.2246467991473532e-16,-1.0,0,0,0.1,87,6,0,0,0,0,0,1,0,0,0,0,0.12133333333333333,0,0,0,0,0,0.0,0,0,0.0,0
invictus_enriched.csv:1533,0,1,0.8,2,1,1.0,0,0.22444444444444445,1.0,1.2246467991473532e-16,-1.0,0,0,0.1,52,3,0,0,0,0,0,1,0,0,0,0,0.136,0,0,0,0,0,0.0,0,0,0.0,0
invictus_enriched.csv:1534,0,1,0.8,2,1,1.0,0,0.22444444444444445,1.0,1.2246467991473532e-16,-1.0,0,0,0.1,130,1,1,0,0,0,1,0,0,0,0,0,0.072,0,0,0,0,0,0.0,0,0,0.0,0
invictus_enriched.csv:1535,0,1,0.8,2,1,1.0,1,0.22444444444444445,1.0,1.2246467991473532e-16,-1.0,0,0,0.1,140,3,1,0,0,0,0,0,0,0,0,0,0.05333333333333334,0,0,0,0,0,0.0,0,0,0.0,0
invictus_enriched.csv:1536,0,1,0.8,2,1,1.0,0,0.22444444444444445,1.0,1.2246467991473532e-16,-1.0,0,0,0.1,83,6,0,0,0,0,0,1,0,0,0,0,0.18133333333333335,0,0,0,0,0,0.0,0,0,0.0,0
invictus_enriched.csv:1537,0,1,0.8,2,1,1.0,0,0.22444444444444445,1.0,1.2246467991473532e-16,-1.0,0,0,0.1,45,3,0,0,1,0,0,1,0,0,0,0,0.12266666666666666,0,0,0,0,0,0.0,0,0,0.0,0
invictus_enriched.csv:1538,0,1,0.8,2,1,1.0,0,0.22444444444444445,1.0,1.2246467991473532e-16,-1.0,0,0,0.1,138,3,1,0,0,0,0,0,0,0,0,0,0.05466666666666667,0,0,0,0,0,0.0,0,0,0.0,0
invictus_enriched.csv:1539,0,1,0.8,2,1,1.0,0,0.22444444444444445,1.0,1.2246467991473532e-16,-1.0,0,0,0.1,37,3,0,0,0,0,0,1,0,0,0,0,0.10133333333333333,0,0,0,0,0,0.0,0,0,0.0,0
invictus_enriched.csv:1540,0,1,0.8,2,1,1.0,0,0.22444444444444445,1.0,1.2246467991473532e-16,-1.0,0,0,0.1,45,3,0,0,0,0,0,1,0,0,0,0,0.12266666666666666,0,0,0,0,0,0.0,0,0,0.0,0
invictus_enriched.csv:1541,0,1,0.8,2,1,1.0,0,0.22444444444444445,1.0,1.2246467991473532e-16,-1.0,0,0,0.1,93,4,0,0,0,0,0,1,0,0,0,0,0.18666666666666668,0,0,0,0,0,0.0,0,0,0.0,0
invictus_enriched.csv:1542,0,1,0.8,2,1,1.0,1,0.22444444444444445,1.0,1.2246467991473532e-16,-1.0,0,0,0.1,141,3,1,0,0,0,0,0,0,0,0,0,0.104,0,0,0,0,0,0.0,0,0,0.0,0
invictus_enriched.csv:1543,0,1,0.8,2,1,1.0,0,0.22444444444444445,1.0,1.2246467991473532e-16,-1.0,0,0,0.1,60,3,0,0,0,0,0,1,0,0,0,0,0.30133333333333334,0,0,0,0,0,0.0,0,0,0.0,0
invictus_enriched.csv:1544,0,1,0.8,2,1,0.9997222222222222,0,0.2247222222222222,1.0,1.2246467991473532e-16,-1.0,0,0,0.1,87,6,0,0,0,0,0,1,0,0,0,0,0.12,0,0,0,0,0,0.0,0,0,0.0,0
invictus_enriched.csv:1545,1,0,0.8,2,1,1.0,0,0.2247222222222222,1.0,1.2246467991473532e-16,-1.0,0,0,0.7,81,9,0,0,0,0,0,0,0,0,0,1,0.23466666666666666,0,0,0,1,0,0.0,0,0,0.0,0
invictus_enriched.csv:1546,0,1,0.8,2,1,1.0,0,0.2247222222222222,1.0,1.2246467991473532e-16,-1.0,0,0,0.1,87,6,0,0,0,0,0,1,0,0,0,0,0.12133333333333333,0,0,0,0,0,0.0,0,0,0.0,0
invictus_enriched.csv:1547,0,1,0.8,2,1,1.0,0,0.2247222222222222,1.0,1.2246467991473532e-16,-1.0,0,0,0.1,66,3,0,0,0,0,0,1,0,0,0,0,0.10933333333333334,0,0,0,0,0,0.0,0,0,0.0,0
invictus_enriched.csv:1548,1,0,0.8,2,1,1.0,0,0.2247222222222222,1.0,1.2246467991473532e-16,-1.0,0,0,0.7,81,9,0,0,0,0,0,0,0,0,0,1,0.23333333333333334,0,0,0,1,0,0.0,0,0,0.0,0
invictus_enriched.csv:1549,0,1,0.8,2,1,1.0,0,0.2247222222222222,1.0,1.2246467991473532e-16,-1.0,0,0,0.1,66,3,0,0,0,0,0,1,0,0,0,0,0.10933333333333334,0,0,0,0,0,0.0,0,0,0.0,0
invictus_enriched.csv:1550,0,1,0.8,2,1,1.0,0,0.2247222222222222,1.0,1.2246467991473532e-16,-1.0,0,0,0.1,87,6,0,0,0,0,0,1,0,0,0,0,0.12133333333333333,0,0,0,0,0,0.0,0,0,0.0,0
invictus_enriched.csv:1551,0,1,0.8,2,1,1.0,0,0.2247222222222222,1.0,1.2246467991473532e-16,-1.0,0,0,0.1,83,6,0,0,1,0,0,1,0,0,0,0,0.0026666666666666666,0,0,0,0,0,0.0,0,0,0.0,0
invictus_enriched.csv:1552,0,1,0.8,2,1,1.0,0,0.2247222222222222,1.0,1.2246467991473532e-16,-1.0,0,0,0.1,85,6,0,0,0,0,0,1,0,0,0,0,0.10666666666666667,0,0,0,0,0,0.0,0,0,0.0,0
invictus_enriched.csv:1553,0,1,0.8,2,1,1.0,0,0.2247222222222222,1.0,1.2246467991473532e-16,-1.0,0,0,0.1,108,7,0,0,0,0,0,1,0,0,0,0,0.08133333333333333,0,0,0,0,0,0.0,0,0,0.0,0
invictus_enriched.csv:1554,1,0,0.8,2,1,1.0,0,0.2247222222222222,1.0,1.2246467991473532e-16,-1.0,0,0,0.7,81,9,0,0,0,0,0,0,0,0,0,1,0.23466666666666666,0,0,0,1,0,0.0,0,0,0.0,0
invictus_enriched.csv:1555,0,1,0.8,2,1,1.0,0,0.2247222222222222,1.0,1.2246467991473532e-16,-1.0,0,0,0.1,85,6,0,0,0,0,0,1,0,0,0,0,0.10666666666666667,0,0,0,0,0,0.0,0,0,0.0,0
invictus_enriched.csv:1556,0,1,0.8,2,1,1.0,0,0.2247222222222222,1.0,1.2246467991473532e-16,-1.0,0,0,0.1,107,7,0,0,0,0,0,1,0,0,0,0,0.14666666666666667,0,0,0,0,0,0.0,0,0,0.0,0
invictus_enriched.csv:1557,1,0,0.8,2,1,1.0,0,0.2247222222222222,1.0,1.2246467991473532e-16,-1.0,0,0,0.7,81,9,0,0,0,0,0,0,0,0,0,1,0.23333333333333334,0,0,0,1,0,0.0,0,0,0.0,0
invictus_enriched.csv:1558,0,1,0.8,2,1,1.0,0,0.2247222222222222,1.0,1.2246467991473532e-16,-1.0,0,0,0.1,85,6,0,0,0,0,0,1,0,0,0,0,0.10533333333333333,0,0,0,0,0,0.0,0,0,0.0,0
invictus_enriched.csv:1559,0,1,0.8,2,1,1.0,0,0.2247222222222222,1.0,1.2246467991473532e-16,-1.0,0,0,0.1,87,6,0,0,0,0,0,1,0,0,0,0,0.12133333333333333,0,0,0,0,0,0.0,0,0,0.0,0
invictus_enriched.csv:1560,0,1,0.8,2,1,1.0,0,0.2247222222222222,1.0,1.2246467991473532e-16,-1.0,0,0,0.1,109,7,0,0,0,0,0,1,0,0,0,0,0.06666666666666667,0,0,0,0,0,0.0,0,0,0.0,0
invictus_enriched.csv:1561,0,1,0.8,2,1,1.0,0,0.2247222222222222,1.0,1.2246467991473532e-16,-1.0,0,0,0.1,108,7,0,0,0,0,0,1,0,0,0,0,0.08133333333333333,0,0,0,0,0,0.0,0,0,0.0,0
invictus_enriched.csv:1562,0,1,0.8,2,1,1.0,0,0.2247222222222222,1.0,1.2246467991473532e-16,-1.0,0,0,0.1,83,6,0,0,1,0,0,1,0,0,0,0,0.0026666666666666666,0,0,0,0,0,0.0,0,0,0.0,0
invictus_enriched.csv:1563,0,1,0.8,2,1,1.0,0,0.2247222222222222,1.0,1.2246467991473532e-16,-1.0,0,0,0.1,87,6,0,0,0,0,0,1,0,0,0,0,0.12133333333333333,0,0,0,0,0,0.0,0,0,0.0,0
invictus_enriched.csv:1564,0,1,0.8,2,1,1.0,0,0.2247222222222222,1.0,1.2246467991473532e-16,-1.0,0,0,0.1,45,3,0,0,1,0,0,1,0,0,0,0,0.12266666666666666,0,0,0,0,0,0.0,0,0,0.0,0
invictus_enriched.csv:1565,0,1,0.8,2,1,1.0,0,0.2247222222222222,1.0,1.2246467991473532e-16,-1.0,0,0,0.1,83,6,0,0,1,0,0,1,0,0,0,0,0.0026666666666666666,0,0,0,0,0,0.0,0,0,0.0,0
invictus_enriched.csv:1566,0,1,0.8,2,1,1.0,0,0.2247222222222222,1.0,1.2246467991473532e-16,-1.0,0,0,0.1,85,6,0,0,0,0,0,1,0,0,0,0,0.10666666666666667,0,0,0,0,0,0.0,0,0,0.0,0
invictus_enriched.csv:1567,0,1,0.8,2,1,1.0,0,0.2247222222222222,1.0,1.2246467991473532e-16,-1.0,0,0,0.1,85,6,0,0,0,0,0,1,0,0,0,0,0.10666666666666667,0,0,0,0,0,0.0,0,0,0.0,0
invictus_enriched.csv:1568,0,1,0.8,2,1,1.0,0,0.2247222222222222,1.0,1.2246467991473532e-16,-1.0,0,0,0.1,85,6,0,0,0,0,0,1,0,0,0,0,0.10666666666666667,0,0,0,0,0,0.0,0,0,0.0,0
invictus_enriched.csv:1569,0,1,0.8,2,1,1.0,0,0.2247222222222222,1.0,1.2246467991473532e-16,-1.0,0,0,0.1,85,6,0,0,0,0,0,1,0,0,0,0,0.10666666666666667,0,0,0,0,0,0.0,0,0,0.0,0
invictus_enriched.csv:1570,0,1,0.8,2,1,1.0,0,0.2247222222222222,1.0,1.2246467991473532e-16,-1.0,0,0,0.1,83,6,0,0,0,0,0,1,0,0,0,0,0.18133333333333335,0,0,0,0,0,0.0,0,0,0.0,0
invictus_enriched.csv:1571,0,1,0.8,2,1,1.0,0,0.2247222222222222,1.0,1.2246467991473532e-16,-1.0,0,0,0.1,107,7,0,0,0,0,0,1,0,0,0,0,0.14666666666666667,0,0,0,0,0,0.0,0,0,0.0,0
invictus_enriched.csv:1572,1,0,0.8,2,1,1.0,0,0.2247222222222222,1.0,1.2246467991473532e-16,-1.0,0,0,0.7,81,9,0,0,0,0,0,0,0,0,0,1,0.23466666666666666,0,0,0,1,0,0.0,0,0,0.0,0
invictus_enriched.csv:1573,1,0,0.8,2,1,1.0,0,0.2247222222222222,1.0,1.2246467991473532e-16,-1.0,0,0,0.7,81,9,0,0,0,0,0,0,0,0,0,1,0.23333333333333334,0,0,0,1,0,0.0,0,0,0.0,0
invictus_enriched.csv:1574,0,1,0.8,2,1,1.0,0,0.2247222222222222,1.0,1.2246467991473532e-16,-1.0,0,0,0.1,134,3,1,0,0,0,0,0,0,0,0,0,0.04533333333333334,0,0,0,0,0,0.0,0,0,0.0,0
invictus_enriched.csv:1575,0,1,0.8,2,1,1.0,0,0.2247222222222222,1.0,1.2246467991473532e-16,-1.0,0,0,0.1,87,6,0,0,0,0,0,1,0,0,0,0,0.12133333333333333,0,0,0,0,0,0.0,0,0,0.0,0
invictus_enriched.csv:1576,0,1,0.8,2,1,1.0,0,0.2247222222222222,1.0,1.2246467991473532e-16,-1.0,0,0,0.1,65,3,0,0,0,0,0,1,0,0,0,0,0.1,0,0,0,0,0,0.0,0,0,0.0,0
invictus_enriched.csv:1577,0,1,0.8,2,1,1.0,0,0.2247222222222222,1.0,1.2246467991473532e-16,-1.0,0,0,0.1,140,3,1,0,0,0,0,0,0,0,0,0,0.05333333333333334,0,0,0,0,0,0.0,0,0,0.0,0
invictus_enriched.csv:1578,0,1,0.8,2,1,1.0,0,0.2247222222222222,1.0,1.2246467991473532e-16,-1.0,0,0,0.1,45,3,0,0,1,0,0,1,0,0,0,0,0.12266666666666666,0,0,0,0,0,0.0,0,0,0.0,0
invictus_enriched.csv:1579,0,1,0.8,2,1,1.0,0,0.2247222222222222,1.0,1.2246467991473532e-16,-1.0,0,0,0.1,85,6,0,0,0,0,0,1,0,0,0,0,0.10533333333333333,0,0,0,0,0,0.0,0,0,0.0,0
invictus_enriched.csv:1580,0,1,0.8,2,1,1.0,0,0.2247222222222222,1.0,1.2246467991473532e-16,-1.0,0,0,0.1,83,6,0,0,0,0,0,1,0,0,0,0,0.18133333333333335,0,0,0,0,0,0.0,0,0,0.0,0
invictus_enriched.csv:1581,0,1,0.8,2,1,1.0,1,0.2247222222222222,1.0,1.2246467991473532e-16,-1.0,0,0,0.1,142,3,1,0,0,0,0,0,0,0,0,0,0.06133333333333333,0,0,0,0,0,0.0,0,0,0.0,0
invictus_enriched.csv:1582,0,1,0.8,2,1,1.0,0,0.2247222222222222,1.0,1.2246467991473532e-16,-1.0,0,0,0.1,45,3,0,0,1,0,0,1,0,0,0,0,0.12266666666666666,0,0,0,0,0,0.0,0,0,0.0,0
invictus_enriched.csv:1583,0,1,0.8,2,1,1.0,0,0.2247222222222222,1.0,1.2246467991473532e-16,-1.0,0,0,0.1,87,6,0,0,0,0,0,1,0,0,0,0,0.12133333333333333,0,0,0,0,0,0.0,0,0,0.0,0
invictus_enriched.csv:1584,1,0,0.8,2,1,1.0,0,0.2247222222222222,1.0,1.2246467991473532e-16,-1.0,0,0,0.7,81,9,0,0,0,0,0,0,0,0,0,1,0.23466666666666666,0,0,0,1,0,0.0,0,0,0.0,0
invictus_enriched.csv:1585,1,0,0.8,2,1,1.0,0,0.2247222222222222,1.0,1.2246467991473532e-16,-1.0,0,0,0.7,81,9,0,0,0,0,0,0,0,0,0,1,0.23466666666666666,0,0,0,1,0,0.0,0,0,0.0,0
invictus_enriched.csv:1586,0,1,0.8,2,1,1.0,0,0.2247222222222222,1.0,1.2246467991473532e-16,-1.0,0,0,0.1,87,6,0,0,0,0,0,1,0,0,0,0,0.12133333333333333,0,0,0,0,0,0.0,0,0,0.0,0
invictus_enriched.csv:1587,1,0,0.8,2,1,1.0,0,0.2247222222222222,1.0,1.2246467991473532e-16,-1.0,0,0,0.7,81,9,0,0,0,0,0,0,0,0,0,1,0.23333333333333334,0,0,0,1,0,0.0,0,0,0.0,0
invictus_enriched.csv:1588,0,1,0.8,2,1,1.0,0,0.2247222222222222,1.0,1.2246467991473532e-16,-1.0,0,0,0.1,85,6,0,0,0,0,0,1,0,0,0,0,0.10533333333333333,0,0,0,0,0,0.0,0,0,0.0,0
invictus_enriched.csv:1589,0,1,0.8,2,1,1.0,0,0.2247222222222222,1.0,1.2246467991473532e-16,-1.0,0,0,0.1,85,6,0,0,0,0,0,1,0,0,0,0,0.10533333333333333,0,0,0,0,0,0.0,0,0,0.0,0
invictus_enriched.csv:1590,1,0,0.8,2,1,1.0,0,0.2247222222222222,1.0,1.2246467991473532e-16,-1.0,0,0,0.7,81,9,0,0,0,0,0,0,0,0,0,1,0.23466666666666666,0,0,0,1,0,0.0,0,0,0.0,0
invictus_enriched.csv:1591,0,1,0.8,2,1,0.9997222222222222,0,0.225,1.0,1.2246467991473532e-16,-1.0,0,0,0.1,83,6,0,0,1,0,0,1,0,0,0,0,0.0026666666666666666,0,0,0,0,0,0.0,0,0,0.0,0
invictus_enriched.csv:1592,0,1,0.8,2,1,1.0,0,0.225,1.0,1.2246467991473532e-16,-1.0,0,0,0.1,110,7,0,0,0,0,0,1,0,0,0,0,0.07333333333333333,0,0,0,0,0,0.0,0,0,0.0,0
invictus_enriched.csv:1593,1,0,0.8,2,1,1.0,0,0.225,1.0,1.2246467991473532e-16,-1.0,0,0,0.7,81,9,0,0,0,0,0,0,0,0,0,1,0.23466666666666666,0,0,0,1,0,0.0,0,0,0.0,0
invictus_enriched.csv:1594,0,1,0.8,2,1,1.0,0,0.225,1.0,1.2246467991473532e-16,-1.0,0,0,0.1,83,6,0,0,1,0,0,1,0,0,0,0,0.0026666666666666666,0,0,0,0,0,0.0,0,0,0.0,0
invictus_enriched.csv:1595,0,1,0.8,2,1,1.0,0,0.225,1.0,1.2246467991473532e-16,-1.0,0,0,0.1,67,3,0,0,0,0,0,1,0,0,0,0,0.14533333333333334,0,0,0,0,0,0.0,0,0,0.0,0
invictus_enriched.csv:1596,0,1,0.8,2,1,1.0,0,0.225,1.0,1.2246467991473532e-16,-1.0,0,0,0.1,83,6,0,0,1,0,0,1,0,0,0,0,0.0026666666666666666,0,0,0,0,0,0.0,0,0,0.0,0
invictus_enriched.csv:1597,0,1,0.8,2,1,1.0,0,0.225,1.0,1.2246467991473532e-16,-1.0,0,0,0.1,83,6,0,0,1,0,0,1,0,0,0,0,0.0026666666666666666,0,0,0,0,0,0.0,0,0,0.0,0
invictus_enriched.csv:1598,0,1,0.8,2,1,1.0,0,0.225,1.0,1.2246467991473532e-16,-1.0,0,0,0.1,83,6,0,0,1,0,0,1,0,0,0,0,0.0026666666666666666,0,0,0,0,0,0.0,0,0,0.0,0
invictus_enriched.csv:1599,0,1,0.8,2,1,1.0,0,0.225,1.0,1.2246467991473532e-16,-1.0,0,0,0.1,37,3,0,0,1,0,0,1,0,0,0,0,0.10133333333333333,0,0,0,0,0,0.0,0,0,0.0,0
invictus_enriched.csv:1600,0,1,0.8,2,1,1.0,0,0.225,1.0,1.2246467991473532e-16,-1.0,0,0,0.1,65,3,0,0,0,0,0,1,0,0,0,0,0.08266666666666667,0,0,0,0,0,0.0,0,0,0.0,0
invictus_enriched.csv:1601,0,1,0.8,2,1,1.0,0,0.225,1.0,1.2246467991473532e-16,-1.0,0,0,0.1,85,6,0,0,0,0,0,1,0,0,0,0,0.10666666666666667,0,0,0,0,0,0.0,0,0,0.0,0
invictus_enriched.csv:1602,0,1,0.8,2,1,1.0,0,0.225,1.0,1.2246467991473532e-16,-1.0,0,0,0.1,83,6,0,0,1,0,0,1,0,0,0,0,0.0026666666666666666,0,0,0,0,0,0.0,0,0,0.0,0
invictus_enriched.csv:1603,0,1,0.8,2,1,1.0,0,0.225,1.0,1.2246467991473532e-16,-1.0,0,0,0.1,83,6,0,0,1,0,0,1,0,0,0,0,0.0026666666666666666,0,0,0,0,0,0.0,0,0,0.0,0
invictus_enriched.csv:1604,0,1,0.8,2,1,1.0,0,0.225,1.0,1.2246467991473532e-16,-1.0,0,0,0.1,65,3,0,0,0,0,0,1,0,0,0,0,0.08266666666666667,0,0,0,0,0,0.0,0,0,0.0,0
invictus_enriched.csv:1605,0,1,0.8,2,1,1.0,0,0.225,1.0,1.2246467991473532e-16,-1.0,0,0,0.1,110,7,0,0,0,0,0,1,0,0,0,0,0.07333333333333333,0,0,0,0,0,0.0,0,0,0.0,0
invictus_enriched.csv:1606,0,1,0.8,2,1,1.0,0,0.225,1.0,1.2246467991473532e-16,-1.0,0,0,0.1,83,6,0,0,1,0,0,1,0,0,0,0,0.0026666666666666666,0,0,0,0,0,0.0,0,0,0.0,0
invictus_enriched.csv:1607,0,1,0.8,2,1,1.0,0,0.225,1.0,1.2246467991473532e-16,-1.0,0,0,0.1,65,3,0,0,0,0,0,1,0,0,0,0,0.1,0,0,0,0,0,0.0,0,0,0.0,0
invictus_enriched.csv:1608,0,1,0.8,2,1,1.0,0,0.225,1.0,1.2246467991473532e-16,-1.0,0,0,0.1,83,6,0,0,1,0,0,1,0,0,0,0,0.0026666666666666666,0,0,0,0,0,0.0,0,0,0.0,0
invictus_enriched.csv:1609,0,1,0.8,2,1,0.9997222222222222,0,0.22527777777777777,1.0,1.2246467991473532e-16,-1.0,0,0,1.0,91,7,1,0,0,0,0,0,1,0,0,0,0.06666666666666667,0,0,0,0,0,0.0,0,0,0.0,1
invictus_enriched.csv:1610,0,1,0.8,2,1,1.0,0,0.22527777777777777,1.0,1.2246467991473532e-16,-1.0,0,0,0.1,83,6,0,0,1,0,0,1,0,0,0,0,0.0026666666666666666,0,0,0,0,0,0.0,0,0,0.0,0
invictus_enriched.csv:1611,0,1,0.8,2,1,1.0,0,0.22527777777777777,1.0,1.2246467991473532e-16,-1.0,0,0,0.1,23,1,0,0,0,0,1,1,0,0,0,0,0.0026666666666666666,0,0,0,0,0,0.0,0,0,0.0,0
invictus_enriched.csv:1612,0,1,0.8,2,1,1.0,0,0.22527777777777777,1.0,1.2246467991473532e-16,-1.0,0,0,0.1,85,6,0,0,0,0,0,1,0,0,0,0,0.10533333333333333,0,0,0,0,0,0.0,0,0,0.0,0
invictus_enriched.csv:1613,0,1,0.8,2,1,1.0,0,0.22527777777777777,1.0,1.2246467991473532e-16,-1.0,0,0,0.1,83,6,0,0,0,0,0,1,0,0,0,0,0.18,0,0,0,0,0,0.0,0,0,0.0,0
invictus_enriched.csv:1614,0,1,0.8,2,1,1.0,0,0.22527777777777777,1.0,1.2246467991473532e-16,-1.0,0,0,0.1,23,1,0,0,0,0,1,1,0,0,0,0,0.0026666666666666666,0,0,0,0,0,0.0,0,0,0.0,0
invictus_enriched.csv:1615,0,1,0.8,2,1,1.0,0,0.22527777777777777,1.0,1.2246467991473532e-16,-1.0,0,0,0.1,87,6,0,0,0,0,0,1,0,0,0,0,0.12,0,0,0,0,0,0.0,0,0,0.0,0
invictus_enriched.csv:1616,1,0,0.8,2,1,1.0,0,0.22527777777777777,1.0,1.2246467991473532e-16,-1.0,0,0,0.7,81,9,0,0,0,0,0,0,0,0,0,1,0.23333333333333334,0,0,0,1,0,0.0,0,0,0.0,0
invictus_enriched.csv:1617,0,1,0.8,2,1,1.0,0,0.22527777777777777,1.0,1.2246467991473532e-16,-1.0,0,0,0.1,83,6,0,0,0,0,0,1,0,0,0,0,0.18,0,0,0,0,0,0.0,0,0,0.0,0
invictus_enriched.csv:1618,0,1,0.8,2,1,1.0,0,0.22527777777777777,1.0,1.2246467991473532e-16,-1.0,0,0,0.1,83,6,0,0,1,0,0,1,0,0,0,0,0.0026666666666666666,0,0,0,0,0,0.0,0,0,0.0,0
invictus_enriched.csv:1619,0,1,0.8,2,1,1.0,0,0.22527777777777777,1.0,1.2246467991473532e-16,-1.0,0,0,0.1,83,6,0,0,1,0,0,1,0,0,0,0,0.0026666666666666666,0,0,0,0,0,0.0,0,0,0.0,0
invictus_enriched.csv:1620,0,1,0.8,2,1,1.0,0,0.22527777777777777,1.0,1.2246467991473532e-16,-1.0,0,0,0.1,67,3,0,0,0,0,0,1,0,0,0,0,0.14533333333333334,0,0,0,0,0,0.0,0,0,0.0,0
invictus_enriched.csv:1621,0,1,0.8,2,1,1.0,0,0.22527777777777777,1.0,1.2246467991473532e-16,-1.0,0,0,0.1,87,6,0,0,0,0,0,1,0,0,0,0,0.12,0,0,0,0,0,0.0,0,0,0.0,0
invictus_enriched.csv:1622,0,1,0.8,2,1,1.0,0,0.22527777777777777,1.0,1.2246467991473532e-16,-1.0,0,0,0.1,83,6,0,0,0,0,0,1,0,0,0,0,0.18133333333333335,0,0,0,0,0,0.0,0,0,0.0,0
invictus_enriched.csv:1623,0,1,0.8,2,1,1.0,0,0.22527777777777777,1.0,1.2246467991473532e-16,-1.0,0,0,0.1,87,6,0,0,0,0,0,1,0,0,0,0,0.12,0,0,0,0,0,0.0,0,0,0.0,0
invictus_enriched.csv:1624,0,1,0.8,2,1,1.0,0,0.22527777777777777,1.0,1.2246467991473532e-16,-1.0,0,0,0.1,87,6,0,0,0,0,0,1,0,0,0,0,0.12133333333333333,0,0,0,0,0,0.0,0,0,0.0,0
invictus_enriched.csv:1625,0,1,0.8,2,1,1.0,0,0.22527777777777777,1.0,1.2246467991473532e-16,-1.0,0,0,0.1,83,6,0,0,0,0,0,1,0,0,0,0,0.18,0,0,0,0,0,0.0,0,0,0.0,0
invictus_enriched.csv:1626,0,1,0.3,0,0,0.9986111111111111,1,0.21166666666666667,0.14173228346456695,1.2246467991473532e-16,-1.0,0,0,0.1,143,5,1,0,0,0,0,0,0,0,0,1,0.0026666666666666666,0,0,0,1,0,0.0,0,0,0.0,0
invictus_enriched.csv:1627,0,1,0.3,0,0,1.0,1,0.21166666666666667,0.14960629921259844,1.2246467991473532e-16,-1.0,0,0,0.1,144,5,1,0,0,0,0,0,0,0,0,1,0.0026666666666666666,0,0,0,1,0,0.0,0,0,0.0,0
invictus_enriched.csv:1628,0,1,0.8,2,1,1.0,0,0.22527777777777777,1.0,1.2246467991473532e-16,-1.0,0,0,0.1,83,6,0,0,1,0,0,1,0,0,0,0,0.0026666666666666666,0,0,0,0,0,0.0,0,0,0.0,0
invictus_enriched.csv:1629,0,1,0.8,2,1,1.0,0,0.22527777777777777,1.0,1.2246467991473532e-16,-1.0,0,0,0.1,23,1,0,0,0,0,1,1,0,0,0,0,0.0026666666666666666,0,0,0,0,0,0.0,0,0,0.0,0
invictus_enriched.csv:1630,0,1,0.8,2,1,1.0,0,0.22527777777777777,1.0,1.2246467991473532e-16,-1.0,0,0,1.0,91,7,1,0,0,0,0,0,1,0,0,0,0.06666666666666667,0,0,0,0,0,0.0,0,0,0.0,1
invictus_enriched.csv:1631,0,1,0.8,2,1,0.9997222222222222,0,0.22555555555555556,1.0,1.2246467991473532e-16,-1.0,0,0,0.1,83,6,0,0,0,0,0,1,0,0,0,0,0.18133333333333335,0,0,0,0,0,0.0,0,0,0.0,0
invictus_enriched.csv:1632,0,1,0.8,2,1,1.0,0,0.22555555555555556,1.0,1.2246467991473532e-16,-1.0,0,0,0.1,83,6,0,0,0,0,0,1,0,0,0,0,0.18133333333333335,0,0,0,0,0,0.0,0,0,0.0,0
invictus_enriched.csv:1633,0,1,0.8,2,1,1.0,0,0.22555555555555556,1.0,1.2246467991473532e-16,-1.0,0,0,0.1,126,1,1,0,0,0,1,0,0,0,0,0,0.17066666666666666,0,0,0,0,0,0.0,0,0,0.0,0
invictus_enriched.csv:1634,0,1,0.8,2,1,1.0,1,0.22555555555555556,1.0,1.2246467991473532e-16,-1.0,0,0,0.1,145,4,1,0,1,0,0,0,0,0,0,0,0.16666666666666666,0,0,0,0,0,0.0,0,0,0.0,0
invictus_enriched.csv:1635,0,1,0.8,2,1,1.0,0,0.22555555555555556,1.0,1.2246467991473532e-16,-1.0,0,0,0.1,139,3,1,0,0,0,0,0,0,0,0,0,0.06266666666666666,0,0,0,0,0,0.0,0,0,0.0,0
invictus_enriched.csv:1636,0,1,0.8,2,1,1.0,0,0.22555555555555556,1.0,1.2246467991473532e-16,-1.0,0,0,0.1,45,3,0,0,0,0,0,1,0,0,0,0,0.22266666666666668,0,0,0,0,0,0.0,0,0,0.0,0
invictus_enriched.csv:1637,0,1,0.8,2,1,1.0,1,0.22555555555555556,1.0,1.2246467991473532e-16,-1.0,0,0,0.1,146,3,1,0,0,0,0,0,0,0,0,0,0.10666666666666667,0,0,0,0,0,0.0,0,0,0.0,0
invictus_enriched.csv:1638,0,1,0.8,2,1,1.0,0,0.22555555555555556,1.0,1.2246467991473532e-16,-1.0,0,0,0.1,139,3,1,0,0,0,0,0,0,0,0,0,0.06266666666666666,0,0,0,0,0,0.0,0,0,0.0,0
invictus_enriched.csv:1639,0,1,0.8,2,1,1.0,1,0.22555555555555556,1.0,1.2246467991473532e-16,-1.0,0,0,0.1,147,3,1,0,0,0,0,0,0,0,0,0,0.09066666666666667,0,0,0,0,0,0.0,0,0,0.0,0
invictus_enriched.csv:1640,0,1,0.8,2,1,1.0,0,0.22555555555555556,1.0,1.2246467991473532e-16,-1.0,0,0,0.1,139,3,1,0,0,0,0,0,0,0,0,0,0.06266666666666666,0,0,0,0,0,0.0,0,0,0.0,0
invictus_enriched.csv:1641,0,1,0.8,2,1,1.0,0,0.22555555555555556,1.0,1.2246467991473532e-16,-1.0,0,0,0.1,145,4,1,0,1,0,0,0,0,0,0,0,0.16666666666666666,0,0,0,0,0,0.0,0,0,0.0,0
invictus_enriched.csv:1642,0,1,0.8,2,1,1.0,0,0.22555555555555556,1.0,1.2246467991473532e-16,-1.0,0,0,0.1,141,3,1,0,0,0,0,0,0,0,0,0,0.104,0,0,0,0,0,0.0,0,0,0.0,0
invictus_enriched.csv:1643,0,1,0.8,2,1,1.0,0,0.22555555555555556,1.0,1.2246467991473532e-16,-1.0,0,0,0.1,83,6,0,0,1,0,0,1,0,0,0,0,0.0026666666666666666,0,0,0,0,0,0.0,0,0,0.0,0
invictus_enriched.csv:1644,0,1,0.8,2,1,1.0,0,0.22555555555555556,1.0,1.2246467991473532e-16,-1.0,0,0,0.1,23,1,0,0,0,0,1,1,0,0,0,0,0.0026666666666666666,0,0,0,0,0,0.0,0,0,0.0,0
invictus_enriched.csv:1645,0,1,0.8,2,1,1.0,0,0.22555555555555556,1.0,1.2246467991473532e-16,-1.0,0,0,0.1,45,3,0,0,0,0,0,1,0,0,0,0,0.12266666666666666,0,0,0,0,0,0.0,0,0,0.0,0
invictus_enriched.csv:1646,0,1,0.8,2,1,1.0,0,0.22555555555555556,1.0,1.2246467991473532e-16,-1.0,0,0,0.1,45,3,0,0,0,0,0,1,0,0,0,0,0.12266666666666666,0,0,0,0,0,0.0,0,0,0.0,0
invictus_enriched.csv:1647,0,1,0.8,2,1,1.0,0,0.22555555555555556,1.0,1.2246467991473532e-16,-1.0,0,0,0.1,139,3,1,0,0,0,0,0,0,0,0,0,0.06266666666666666,0,0,0,0,0,0.0,0,0,0.0,0
invictus_enriched.csv:1648,0,1,0.8,2,1,1.0,0,0.22555555555555556,1.0,1.2246467991473532e-16,-1.0,0,0,0.1,141,3,1,0,0,0,0,0,0,0,0,0,0.104,0,0,0,0,0,0.0,0,0,0.0,0
invictus_enriched.csv:1649,0,1,0.8,2,1,1.0,0,0.22555555555555556,1.0,1.2246467991473532e-16,-1.0,0,0,0.1,45,3,0,0,0,0,0,1,0,0,0,0,0.22266666666666668,0,0,0,0,0,0.0,0,0,0.0,0
invictus_enriched.csv:1650,0,1,0.8,2,1,1.0,0,0.22555555555555556,1.0,1.2246467991473532e-16,-1.0,0,0,0.1,146,3,1,0,0,0,0,0,0,0,0,0,0.10666666666666667,0,0,0,0,0,0.0,0,0,0.0,0
invictus_enriched.csv:1651,0,1,0.8,2,1,1.0,0,0.22555555555555556,1.0,1.2246467991473532e-16,-1.0,0,0,0.1,141,3,1,0,0,0,0,0,0,0,0,0,0.104,0,0,0,0,0,0.0,0,0,0.0,0
invictus_enriched.csv:1652,0,1,0.8,2,1,1.0,0,0.22555555555555556,1.0,1.2246467991473532e-16,-1.0,0,0,0.1,83,6,0,0,1,0,0,1,0,0,0,0,0.0026666666666666666,0,0,0,0,0,0.0,0,0,0.0,0
invictus_enriched.csv:1653,0,1,0.8,2,1,0.9997222222222222,0,0.22583333333333333,1.0,1.2246467991473532e-16,-1.0,0,0,0.1,45,3,0,0,0,0,0,1,0,0,0,0,0.12266666666666666,0,0,0,0,0,0.0,0,0,0.0,0
invictus_enriched.csv:1654,0,1,0.8,2,1,1.0,0,0.22583333333333333,1.0,1.2246467991473532e-16,-1.0,0,0,0.1,83,6,0,0,0,0,0,1,0,0,0,0,0.18133333333333335,0,0,0,0,0,0.0,0,0,0.0,0
invictus_enriched.csv:1655,0,1,0.8,2,1,1.0,0,0.22583333333333333,1.0,1.2246467991473532e-16,-1.0,0,0,0.1,45,3,0,0,0,0,0,1,0,0,0,0,0.22266666666666668,0,0,0,0,0,0.0,0,0,0.0,0
invictus_enriched.csv:1656,0,1,0.8,2,1,1.0,0,0.22583333333333333,1.0,1.2246467991473532e-16,-1.0,0,0,0.1,45,3,0,0,0,0,0,1,0,0,0,0,0.12266666666666666,0,0,0,0,0,0.0,0,0,0.0,0
invictus_enriched.csv:1657,0,1,0.8,2,1,1.0,0,0.22583333333333333,1.0,1.2246467991473532e-16,-1.0,0,0,0.1,87,6,0,0,0,0,0,1,0,0,0,0,0.12133333333333333,0,0,0,0,0,0.0,0,0,0.0,0
invictus_enriched.csv:1658,0,1,0.8,2,1,1.0,1,0.22583333333333333,1.0,1.2246467991473532e-16,-1.0,0,0,0.1,148,3,1,0,0,0,0,0,0,0,0,0,0.09333333333333334,0,0,0,0,0,0.0,0,0,0.0,0
invictus_enriched.csv:1659,0,1,0.8,2,1,1.0,0,0.22583333333333333,1.0,1.2246467991473532e-16,-1.0,0,0,0.1,45,3,0,0,0,0,0,1,0,0,0,0,0.12266666666666666,0,0,0,0,0,0.0,0,0,0.0,0
invictus_enriched.csv:1660,0,1,0.8,2,1,1.0,0,0.22583333333333333,1.0,1.2246467991473532e-16,-1.0,0,0,0.1,45,3,0,0,0,0,0,1,0,0,0,0,0.12266666666666666,0,0,0,0,0,0.0,0,0,0.0,0
invictus_enriched.csv:1661,0,1,0.8,2,1,1.0,0,0.22583333333333333,1.0,1.2246467991473532e-16,-1.0,0,0,0.1,45,3,0,0,0,0,0,1,0,0,0,0,0.12266666666666666,0,0,0,0,0,0.0,0,0,0.0,0
invictus_enriched.csv:1662,0,1,0.8,2,1,1.0,0,0.22583333333333333,1.0,1.2246467991473532e-16,-1.0,0,0,0.1,147,3,1,0,0,0,0,0,0,0,0,0,0.09066666666666667,0,0,0,0,0,0.0,0,0,0.0,0
invictus_enriched.csv:1663,0,1,0.8,2,1,1.0,0,0.22583333333333333,1.0,1.2246467991473532e-16,-1.0,0,0,0.1,45,3,0,0,0,0,0,1,0,0,0,0,0.12266666666666666,0,0,0,0,0,0.0,0,0,0.0,0
invictus_enriched.csv:1664,0,1,0.8,2,1,1.0,0,0.22583333333333333,1.0,1.2246467991473532e-16,-1.0,0,0,0.1,45,3,0,0,0,0,0,1,0,0,0,0,0.22266666666666668,0,0,0,0,0,0.0,0,0,0.0,0
invictus_enriched.csv:1665,0,1,0.8,2,1,1.0,0,0.22583333333333333,1.0,1.2246467991473532e-16,-1.0,0,0,0.1,145,4,1,0,0,0,0,0,0,0,0,0,0.16666666666666666,0,0,0,0,0,0.0,0,0,0.0,0
invictus_enriched.csv:1666,0,1,0.8,2,1,1.0,0,0.22583333333333333,1.0,1.2246467991473532e-16,-1.0,0,0,0.1,87,6,0,0,0,0,0,1,0,0,0,0,0.12,0,0,0,0,0,0.0,0,0,0.0,0
invictus_enriched.csv:1667,0,1,0.8,2,1,1.0,0,0.22583333333333333,1.0,1.2246467991473532e-16,-1.0,0,0,0.1,87,6,0,0,0,0,0,1,0,0,0,0,0.12133333333333333,0,0,0,0,0,0.0,0,0,0.0,0
invictus_enriched.csv:1668,0,1,0.8,2,1,1.0,0,0.22583333333333333,1.0,1.2246467991473532e-16,-1.0,0,0,0.1,45,3,0,0,0,0,0,1,0,0,0,0,0.12266666666666666,0,0,0,0,0,0.0,0,0,0.0,0
invictus_enriched.csv:1669,0,1,0.8,2,1,1.0,0,0.22583333333333333,1.0,1.2246467991473532e-16,-1.0,0,0,0.1,45,3,0,0,0,0,0,1,0,0,0,0,0.12266666666666666,0,0,0,0,0,0.0,0,0,0.0,0
invictus_enriched.csv:1670,0,1,0.8,2,1,0.9997222222222222,0,0.22611111111111112,1.0,1.2246467991473532e-16,-1.0,0,0,0.1,87,6,0,0,0,0,0,1,0,0,0,0,0.12,0,0,0,0,0,0.0,0,0,0.0,0
invictus_enriched.csv:1671,0,1,0.8,2,1,1.0,0,0.22611111111111112,1.0,1.2246467991473532e-16,-1.0,0,0,0.1,45,3,0,0,0,0,0,1,0,0,0,0,0.12266666666666666,0,0,0,0,0,0.0,0,0,0.0,0
invictus_enriched.csv:1672,0,1,0.8,2,1,1.0,0,0.22611111111111112,1.0,1.2246467991473532e-16,-1.0,0,0,0.1,148,3,1,0,0,0,0,0,0,0,0,0,0.09333333333333334,0,0,0,0,0,0.0,0,0,0.0,0
invictus_enriched.csv:1673,0,1,0.8,2,1,1.0,0,0.22611111111111112,1.0,1.2246467991473532e-16,-1.0,0,0,0.1,83,6,0,0,1,0,0,1,0,0,0,0,0.0026666666666666666,0,0,0,0,0,0.0,0,0,0.0,0
invictus_enriched.csv:1674,0,1,0.3,0,0,0.9991666666666666,0,0.2125,0.1568627450980392,1.2246467991473532e-16,-1.0,0,0,0.1,144,5,1,0,0,0,0,0,0,0,0,1,0.0026666666666666666,0,0,0,1,0,0.0,0,0,0.0,0
invictus_enriched.csv:1675,0,1,0.3,0,0,1.0,0,0.2125,0.16470588235294117,1.2246467991473532e-16,-1.0,0,0,0.1,143,5,1,0,0,0,0,0,0,0,0,1,0.0026666666666666666,0,0,0,1,0,0.0,0,0,0.0,0
invictus_enriched.csv:1676,0,1,0.8,2,1,1.0,0,0.22611111111111112,1.0,1.2246467991473532e-16,-1.0,0,0,0.1,138,3,1,0,0,0,0,0,0,0,0,0,0.05466666666666667,0,0,0,0,0,0.0,0,0,0.0,0
invictus_enriched.csv:1677,0,1,0.8,2,1,1.0,0,0.22611111111111112,1.0,1.2246467991473532e-16,-1.0,0,0,0.1,138,3,1,0,0,0,0,0,0,0,0,0,0.05466666666666667,0,0,0,0,0,0.0,0,0,0.0,0
invictus_enriched.csv:1678,0,1,0.8,2,1,1.0,0,0.22611111111111112,1.0,1.2246467991473532e-16,-1.0,0,0,0.1,45,3,0,0,1,0,0,1,0,0,0,0,0.12266666666666666,0,0,0,0,0,0.0,0,0,0.0,0
invictus_enriched.csv:1679,0,1,0.8,2,1,1.0,0,0.22611111111111112,1.0,1.2246467991473532e-16,-1.0,0,0,0.1,138,3,1,0,0,0,0,0,0,0,0,0,0.05466666666666667,0,0,0,0,0,0.0,0,0,0.0,0
invictus_enriched.csv:1680,0,1,0.8,2,1,1.0,0,0.22611111111111112,1.0,1.2246467991473532e-16,-1.0,0,0,0.1,45,3,0,0,0,0,0,1,0,0,0,0,0.12266666666666666,0,0,0,0,0,0.0,0,0,0.0,0
invictus_enriched.csv:1681,0,1,0.8,2,1,1.0,0,0.22611111111111112,1.0,1.2246467991473532e-16,-1.0,0,0,0.1,45,3,0,0,1,0,0,1,0,0,0,0,0.12266666666666666,0,0,0,0,0,0.0,0,0,0.0,0
invictus_enriched.csv:1682,0,1,0.8,2,1,1.0,0,0.22611111111111112,1.0,1.2246467991473532e-16,-1.0,0,0,0.1,138,3,1,0,0,0,0,0,0,0,0,0,0.05466666666666667,0,0,0,0,0,0.0,0,0,0.0,0
invictus_enriched.csv:1683,0,1,0.3,0,0,0.9997222222222222,0,0.2127777777777778,0.17232375979112272,1.2246467991473532e-16,-1.0,0,0,0.1,143,5,1,0,0,0,0,0,0,0,0,1,0.0026666666666666666,0,0,0,1,0,0.0,0,0,0.0,0
invictus_enriched.csv:1684,0,1,0.3,0,0,1.0,0,0.2127777777777778,0.18015665796344646,1.2246467991473532e-16,-1.0,0,0,0.1,143,5,1,0,0,0,0,0,0,0,0,1,0.0026666666666666666,0,0,0,1,0,0.0,0,0,0.0,0
invictus_enriched.csv:1685,0,1,0.8,2,1,0.9997222222222222,0,0.2263888888888889,1.0,1.2246467991473532e-16,-1.0,0,0,0.1,83,6,0,0,0,0,0,1,0,0,0,0,0.18133333333333335,0,0,0,0,0,0.0,0,0,0.0,0
invictus_enriched.csv:1686,0,1,0.3,0,0,1.0,0,0.2127777777777778,0.18798955613577023,1.2246467991473532e-16,-1.0,0,0,0.1,144,5,1,0,0,0,0,0,0,0,0,1,0.0026666666666666666,0,0,0,1,0,0.0,0,0,0.0,0
invictus_enriched.csv:1687,0,1,0.8,2,1,1.0,0,0.2263888888888889,1.0,1.2246467991473532e-16,-1.0,0,0,0.1,45,3,0,0,1,0,0,1,0,0,0,0,0.12266666666666666,0,0,0,0,0,0.0,0,0,0.0,0
invictus_enriched.csv:1688,0,1,0.3,0,0,1.0,0,0.2127777777777778,0.19582245430809397,1.2246467991473532e-16,-1.0,0,0,0.1,144,5,1,0,0,0,0,0,0,0,0,1,0.0026666666666666666,0,0,0,1,0,0.0,0,0,0.0,0
invictus_enriched.csv:1689,0,1,0.8,2,1,0.9997222222222222,0,0.22666666666666666,1.0,1.2246467991473532e-16,-1.0,0,0,0.1,87,6,0,0,0,0,0,1,0,0,0,0,0.12133333333333333,0,0,0,0,0,0.0,0,0,0.0,0
invictus_enriched.csv:1690,0,1,0.3,0,0,0.9997222222222222,0,0.21305555555555555,0.20338983050847456,1.2246467991473532e-16,-1.0,0,0,0.1,143,5,1,0,0,0,0,0,0,0,0,1,0.0026666666666666666,0,0,0,1,0,0.0,0,0,0.0,0
invictus_enriched.csv:1691,0,1,0.1,6,0,1.0,0,0.21305555555555555,0.21121251629726207,1.2246467991473532e-16,-1.0,0,0,0.1,4,4,0,0,0,0,0,1,0,0,0,1,0.19466666666666665,0,0,0,0,0,0.0,0,0,0.0,0
invictus_enriched.csv:1692,0,1,0.8,2,1,1.0,0,0.22666666666666666,1.0,1.2246467991473532e-16,-1.0,0,0,0.1,145,4,1,0,1,0,0,0,0,0,0,0,0.16666666666666666,0,0,0,0,0,0.0,0,0,0.0,0
invictus_enriched.csv:1693,0,1,0.3,0,0,1.0,0,0.21305555555555555,0.21903520208604954,1.2246467991473532e-16,-1.0,0,0,0.1,144,5,1,0,0,0,0,0,0,0,0,1,0.0026666666666666666,0,0,0,1,0,0.0,0,0,0.0,0
invictus_enriched.csv:1694,0,1,0.3,0,0,0.9997222222222222,0,0.21333333333333335,0.2265625,1.2246467991473532e-16,-1.0,0,0,0.1,143,5,1,0,0,0,0,0,0,0,0,1,0.0026666666666666666,0,0,0,1,0,0.0,0,0,0.0,0
invictus_enriched.csv:1695,0,1,0.8,2,1,0.9997222222222222,0,0.22694444444444445,1.0,1.2246467991473532e-16,-1.0,0,0,0.1,145,4,1,0,0,0,0,0,0,0,0,0,0.16666666666666666,0,0,0,0,0,0.0,0,0,0.0,0
invictus_enriched.csv:1696,0,1,0.8,2,1,1.0,0,0.22694444444444445,1.0,1.2246467991473532e-16,-1.0,0,0,0.1,87,6,0,0,0,0,0,1,0,0,0,0,0.12133333333333333,0,0,0,0,0,0.0,0,0,0.0,0
invictus_enriched.csv:1697,0,1,0.8,2,1,1.0,0,0.22694444444444445,1.0,1.2246467991473532e-16,-1.0,0,0,0.1,83,6,0,0,0,0,0,1,0,0,0,0,0.18133333333333335,0,0,0,0,0,0.0,0,0,0.0,0
invictus_enriched.csv:1698,0,1,0.3,0,0,1.0,0,0.21333333333333335,0.234375,1.2246467991473532e-16,-1.0,0,0,0.1,144,5,1,0,0,0,0,0,0,0,0,1,0.0026666666666666666,0,0,0,1,0,0.0,0,0,0.0,0
invictus_enriched.csv:1699,0,1,0.8,2,1,0.9997222222222222,0,0.22722222222222221,1.0,1.2246467991473532e-16,-1.0,0,0,0.1,23,1,0,0,0,0,1,1,0,0,0,0,0.0026666666666666666,0,0,0,0,0,0.0,0,0,0.0,0
invictus_enriched.csv:1700,0,1,0.8,2,1,0.9997222222222222,1,0.2275,1.0,1.2246467991473532e-16,-1.0,0,0,0.1,149,6,1,0,0,0,0,0,0,0,0,0,0.07466666666666667,0,0,0,0,0,0.0,0,0,0.0,0
invictus_enriched.csv:1701,0,1,0.8,2,1,1.0,0,0.2275,1.0,1.2246467991473532e-16,-1.0,0,0,0.1,149,6,1,0,0,0,0,0,0,0,0,0,0.07466666666666667,0,0,0,0,0,0.0,0,0,0.0,0
invictus_enriched.csv:1702,0,1,0.8,2,1,1.0,0,0.2275,1.0,1.2246467991473532e-16,-1.0,0,0,0.1,149,6,1,0,0,0,0,0,0,0,0,0,0.07466666666666667,0,0,0,0,0,0.0,0,0,0.0,0
invictus_enriched.csv:1703,0,1,0.3,0,0,0.9994444444444445,0,0.21388888888888888,0.24155844155844153,1.2246467991473532e-16,-1.0,0,0,0.1,143,5,1,0,0,0,0,0,0,0,0,1,0.0026666666666666666,0,0,0,1,0,0.0,0,0,0.0,0
invictus_enriched.csv:1704,0,1,0.8,2,1,1.0,0,0.2275,1.0,1.2246467991473532e-16,-1.0,0,0,0.1,149,6,1,0,0,0,0,0,0,0,0,0,0.07466666666666667,0,0,0,0,0,0.0,0,0,0.0,0
invictus_enriched.csv:1705,0,1,0.8,2,1,1.0,0,0.2275,1.0,1.2246467991473532e-16,-1.0,0,0,0.1,149,6,1,0,0,0,0,0,0,0,0,0,0.07466666666666667,0,0,0,0,0,0.0,0,0,0.0,0
invictus_enriched.csv:1706,0,1,0.8,2,1,1.0,0,0.2275,1.0,1.2246467991473532e-16,-1.0,0,0,0.1,149,6,1,0,0,0,0,0,0,0,0,0,0.07333333333333333,0,0,0,0,0,0.0,0,0,0.0,0
invictus_enriched.csv:1707,0,1,0.8,2,1,1.0,0,0.2275,1.0,1.2246467991473532e-16,-1.0,0,0,0.1,149,6,1,0,0,0,0,0,0,0,0,0,0.07466666666666667,0,0,0,0,0,0.0,0,0,0.0,0
invictus_enriched.csv:1708,0,1,0.8,2,1,1.0,0,0.2275,1.0,1.2246467991473532e-16,-1.0,0,0,0.1,149,6,1,0,0,0,0,0,0,0,0,0,0.07466666666666667,0,0,0,0,0,0.0,0,0,0.0,0
invictus_enriched.csv:1709,0,1,0.8,2,1,1.0,0,0.2275,1.0,1.2246467991473532e-16,-1.0,0,0,0.1,149,6,1,0,0,0,0,0,0,0,0,0,0.07466666666666667,0,0,0,0,0,0.0,0,0,0.0,0
invictus_enriched.csv:1710,0,1,0.8,2,1,1.0,0,0.2275,1.0,1.2246467991473532e-16,-1.0,0,0,0.1,149,6,1,0,0,0,0,0,0,0,0,0,0.07333333333333333,0,0,0,0,0,0.0,0,0,0.0,0
invictus_enriched.csv:1711,0,1,0.8,2,1,1.0,0,0.2275,1.0,1.2246467991473532e-16,-1.0,0,0,0.1,149,6,1,0,0,0,0,0,0,0,0,0,0.07466666666666667,0,0,0,0,0,0.0,0,0,0.0,0
invictus_enriched.csv:1712,0,1,0.8,2,1,1.0,0,0.2275,1.0,1.2246467991473532e-16,-1.0,0,0,0.1,149,6,1,0,0,0,0,0,0,0,0,0,0.07466666666666667,0,0,0,0,0,0.0,0,0,0.0,0
invictus_enriched.csv:1713,0,1,0.8,2,1,1.0,0,0.2275,1.0,1.2246467991473532e-16,-1.0,0,0,0.1,149,6,1,0,0,0,0,0,0,0,0,0,0.07333333333333333,0,0,0,0,0,0.0,0,0,0.0,0
invictus_enriched.csv:1714,0,1,0.8,2,1,1.0,0,0.2275,1.0,1.2246467991473532e-16,-1.0,0,0,0.1,149,6,1,0,0,0,0,0,0,0,0,0,0.07466666666666667,0,0,0,0,0,0.0,0,0,0.0,0
invictus_enriched.csv:1715,0,1,0.8,2,1,1.0,0,0.2275,1.0,1.2246467991473532e-16,-1.0,0,0,0.1,149,6,1,0,0,0,0,0,0,0,0,0,0.07466666666666667,0,0,0,0,0,0.0,0,0,0.0,0
invictus_enriched.csv:1716,0,1,0.8,2,1,1.0,0,0.2275,1.0,1.2246467991473532e-16,-1.0,0,0,0.1,149,6,1,0,0,0,0,0,0,0,0,0,0.07333333333333333,0,0,0,0,0,0.0,0,0,0.0,0
invictus_enriched.csv:1717,0,1,0.8,2,1,1.0,0,0.2275,1.0,1.2246467991473532e-16,-1.0,0,0,0.1,149,6,1,0,0,0,0,0,0,0,0,0,0.07333333333333333,0,0,0,0,0,0.0,0,0,0.0,0
invictus_enriched.csv:1718,0,1,0.8,2,1,1.0,0,0.2275,1.0,1.2246467991473532e-16,-1.0,0,0,0.1,149,6,1,0,0,0,0,0,0,0,0,0,0.07466666666666667,0,0,0,0,0,0.0,0,0,0.0,0
invictus_enriched.csv:1719,0,1,0.8,2,1,1.0,0,0.2275,1.0,1.2246467991473532e-16,-1.0,0,0,0.1,149,6,1,0,0,0,0,0,0,0,0,0,0.07333333333333333,0,0,0,0,0,0.0,0,0,0.0,0
invictus_enriched.csv:1720,0,1,0.8,2,1,1.0,0,0.2275,1.0,1.2246467991473532e-16,-1.0,0,0,0.1,149,6,1,0,0,0,0,0,0,0,0,0,0.07466666666666667,0,0,0,0,0,0.0,0,0,0.0,0
invictus_enriched.csv:1721,0,1,0.3,0,0,1.0,0,0.21388888888888888,0.24935064935064935,1.2246467991473532e-16,-1.0,0,0,0.1,144,5,1,0,0,0,0,0,0,0,0,1,0.0026666666666666666,0,0,0,1,0,0.0,0,0,0.0,0
invictus_enriched.csv:1722,0,1,0.8,2,1,0.9997222222222222,0,0.22777777777777777,1.0,1.2246467991473532e-16,-1.0,0,0,0.1,149,6,1,0,1,0,0,0,0,0,0,0,0.0026666666666666666,0,0,0,0,0,0.0,0,0,0.0,0
invictus_enriched.csv:1723,0,1,0.8,2,1,1.0,0,0.22777777777777777,1.0,1.2246467991473532e-16,-1.0,0,0,0.1,149,6,1,0,1,0,0,0,0,0,0,0,0.0026666666666666666,0,0,0,0,0,0.0,0,0,0.0,0
invictus_enriched.csv:1724,0,1,0.8,2,1,1.0,0,0.22777777777777777,1.0,1.2246467991473532e-16,-1.0,0,0,0.1,149,6,1,0,1,0,0,0,0,0,0,0,0.0026666666666666666,0,0,0,0,0,0.0,0,0,0.0,0
invictus_enriched.csv:1725,0,1,0.8,2,1,1.0,0,0.22777777777777777,1.0,1.2246467991473532e-16,-1.0,0,0,0.1,149,6,1,0,1,0,0,0,0,0,0,0,0.0026666666666666666,0,0,0,0,0,0.0,0,0,0.0,0
invictus_enriched.csv:1726,0,1,0.8,2,1,1.0,0,0.22777777777777777,1.0,1.2246467991473532e-16,-1.0,0,0,0.1,149,6,1,0,1,0,0,0,0,0,0,0,0.0026666666666666666,0,0,0,0,0,0.0,0,0,0.0,0
invictus_enriched.csv:1727,0,1,0.8,2,1,1.0,0,0.22777777777777777,1.0,1.2246467991473532e-16,-1.0,0,0,0.1,149,6,1,0,1,0,0,0,0,0,0,0,0.0026666666666666666,0,0,0,0,0,0.0,0,0,0.0,0
invictus_enriched.csv:1728,0,1,0.8,2,1,1.0,0,0.22777777777777777,1.0,1.2246467991473532e-16,-1.0,0,0,0.1,149,6,1,0,1,0,0,0,0,0,0,0,0.0026666666666666666,0,0,0,0,0,0.0,0,0,0.0,0
invictus_enriched.csv:1729,0,1,0.8,2,1,1.0,0,0.22777777777777777,1.0,1.2246467991473532e-16,-1.0,0,0,0.1,149,6,1,0,1,0,0,0,0,0,0,0,0.0026666666666666666,0,0,0,0,0,0.0,0,0,0.0,0
invictus_enriched.csv:1730,0,1,0.8,2,1,1.0,0,0.22777777777777777,1.0,1.2246467991473532e-16,-1.0,0,0,0.1,149,6,1,0,1,0,0,0,0,0,0,0,0.0026666666666666666,0,0,0,0,0,0.0,0,0,0.0,0
invictus_enriched.csv:1731,0,1,0.3,0,0,0.9994444444444445,0,0.21444444444444444,0.2564766839378238,1.2246467991473532e-16,-1.0,0,0,0.1,143,5,1,0,0,0,0,0,0,0,0,1,0.0026666666666666666,0,0,0,1,0,0.0,0,0,0.0,0
invictus_enriched.csv:1732,0,1,0.8,2,1,0.9997222222222222,0,0.22805555555555557,1.0,1.2246467991473532e-16,-1.0,0,0,0.1,149,6,1,0,1,0,0,0,0,0,0,0,0.0026666666666666666,0,0,0,0,0,0.0,0,0,0.0,0
invictus_enriched.csv:1733,0,1,0.8,2,1,1.0,0,0.22805555555555557,1.0,1.2246467991473532e-16,-1.0,0,0,0.1,149,6,1,0,1,0,0,0,0,0,0,0,0.0026666666666666666,0,0,0,0,0,0.0,0,0,0.0,0
invictus_enriched.csv:1734,0,1,0.8,2,1,1.0,0,0.22805555555555557,1.0,1.2246467991473532e-16,-1.0,0,0,0.1,149,6,1,0,1,0,0,0,0,0,0,0,0.0026666666666666666,0,0,0,0,0,0.0,0,0,0.0,0
invictus_enriched.csv:1735,0,1,0.8,2,1,1.0,0,0.22805555555555557,1.0,1.2246467991473532e-16,-1.0,0,0,0.1,149,6,1,0,1,0,0,0,0,0,0,0,0.0026666666666666666,0,0,0,0,0,0.0,0,0,0.0,0
invictus_enriched.csv:1736,0,1,0.3,0,0,1.0,0,0.21444444444444444,0.26424870466321243,1.2246467991473532e-16,-1.0,0,0,0.1,144,5,1,0,0,0,0,0,0,0,0,1,0.0026666666666666666,0,0,0,1,0,0.0,0,0,0.0,0
invictus_enriched.csv:1737,0,1,0.8,2,1,1.0,0,0.22805555555555557,1.0,1.2246467991473532e-16,-1.0,0,0,0.1,149,6,1,0,1,0,0,0,0,0,0,0,0.0026666666666666666,0,0,0,0,0,0.0,0,0,0.0,0
invictus_enriched.csv:1738,0,1,0.8,2,1,1.0,0,0.22805555555555557,1.0,1.2246467991473532e-16,-1.0,0,0,0.1,149,6,1,0,1,0,0,0,0,0,0,0,0.0026666666666666666,0,0,0,0,0,0.0,0,0,0.0,0
invictus_enriched.csv:1739,0,1,0.3,0,0,1.0,0,0.21444444444444444,0.272020725388601,1.2246467991473532e-16,-1.0,0,0,0.1,143,5,1,0,0,0,0,0,0,0,0,1,0.0026666666666666666,0,0,0,1,0,0.0,0,0,0.0,0
invictus_enriched.csv:1740,0,1,0.3,0,0,1.0,0,0.21444444444444444,0.27979274611398963,1.2246467991473532e-16,-1.0,0,0,0.1,144,5,1,0,0,0,0,0,0,0,0,1,0.0026666666666666666,0,0,0,1,0,0.0,0,0,0.0,0
invictus_enriched.csv:1741,0,1,0.8,2,1,1.0,0,0.22805555555555557,1.0,1.2246467991473532e-16,-1.0,0,0,0.1,149,6,1,0,1,0,0,0,0,0,0,0,0.0026666666666666666,0,0,0,0,0,0.0,0,0,0.0,0
invictus_enriched.csv:1742,0,1,0.8,2,1,1.0,0,0.22805555555555557,1.0,1.2246467991473532e-16,-1.0,0,0,0.1,149,6,1,0,1,0,0,0,0,0,0,0,0.0026666666666666666,0,0,0,0,0,0.0,0,0,0.0,0
invictus_enriched.csv:1743,0,1,0.8,2,1,1.0,0,0.22805555555555557,1.0,1.2246467991473532e-16,-1.0,0,0,0.1,149,6,1,0,1,0,0,0,0,0,0,0,0.0026666666666666666,0,0,0,0,0,0.0,0,0,0.0,0
invictus_enriched.csv:1744,0,1,0.8,2,1,0.9997222222222222,0,0.22833333333333333,1.0,1.2246467991473532e-16,-1.0,0,0,0.1,149,6,1,0,1,0,0,0,0,0,0,0,0.0026666666666666666,0,0,0,0,0,0.0,0,0,0.0,0
invictus_enriched.csv:1745,0,1,0.8,2,1,1.0,0,0.22833333333333333,1.0,1.2246467991473532e-16,-1.0,0,0,0.1,149,6,1,0,1,0,0,0,0,0,0,0,0.0026666666666666666,0,0,0,0,0,0.0,0,0,0.0,0
invictus_enriched.csv:1746,0,1,0.8,2,1,1.0,0,0.22833333333333333,1.0,1.2246467991473532e-16,-1.0,0,0,0.1,149,6,1,0,1,0,0,0,0,0,0,0,0.0026666666666666666,0,0,0,0,0,0.0,0,0,0.0,0
invictus_enriched.csv:1747,0,1,0.3,0,0,0.9994444444444445,0,0.215,0.28682170542635654,1.2246467991473532e-16,-1.0,0,0,0.1,144,5,1,0,0,0,0,0,0,0,0,1,0.0026666666666666666,0,0,0,1,0,0.0,0,0,0.0,0
invictus_enriched.csv:1748,0,1,0.8,2,1,0.9997222222222222,0,0.2286111111111111,1.0,1.2246467991473532e-16,-1.0,0,0,0.1,149,6,1,0,1,0,0,0,0,0,0,0,0.0026666666666666666,0,0,0,0,0,0.0,0,0,0.0,0
invictus_enriched.csv:1749,0,1,0.3,0,0,1.0,0,0.215,0.2945736434108527,1.2246467991473532e-16,-1.0,0,0,0.1,143,5,1,0,0,0,0,0,0,0,0,1,0.0026666666666666666,0,0,0,1,0,0.0,0,0,0.0,0
invictus_enriched.csv:1750,0,1,0.8,2,1,1.0,0,0.2286111111111111,1.0,1.2246467991473532e-16,-1.0,0,0,0.2,63,3,0,0,0,0,0,1,0,0,0,0,0.11333333333333333,0,0,0,0,0,0.0,0,0,0.0,0
invictus_enriched.csv:1751,0,1,0.8,2,1,1.0,0,0.2286111111111111,1.0,1.2246467991473532e-16,-1.0,0,0,0.1,149,6,1,0,1,0,0,0,0,0,0,0,0.0026666666666666666,0,0,0,0,0,0.0,0,0,0.0,0
invictus_enriched.csv:1752,0,1,0.8,2,1,1.0,0,0.2286111111111111,1.0,1.2246467991473532e-16,-1.0,0,0,0.1,149,6,1,0,1,0,0,0,0,0,0,0,0.0026666666666666666,0,0,0,0,0,0.0,0,0,0.0,0
invictus_enriched.csv:1753,0,1,0.8,2,1,1.0,0,0.2286111111111111,1.0,1.2246467991473532e-16,-1.0,0,0,0.2,63,3,0,0,0,0,0,1,0,0,0,0,0.11333333333333333,0,0,0,0,0,0.0,0,0,0.0,0
invictus_enriched.csv:1754,0,1,0.8,2,1,1.0,0,0.2286111111111111,1.0,1.2246467991473532e-16,-1.0,0,0,0.1,149,6,1,0,1,0,0,0,0,0,0,0,0.0026666666666666666,0,0,0,0,0,0.0,0,0,0.0,0
invictus_enriched.csv:1755,0,1,0.8,2,1,1.0,0,0.2286111111111111,1.0,1.2246467991473532e-16,-1.0,0,0,0.1,149,6,1,0,0,0,0,0,0,0,0,0,0.07466666666666667,0,0,0,0,0,0.0,0,0,0.0,0
invictus_enriched.csv:1756,0,1,0.8,2,1,1.0,0,0.2286111111111111,1.0,1.2246467991473532e-16,-1.0,0,0,0.1,149,6,1,0,0,0,0,0,0,0,0,0,0.07466666666666667,0,0,0,0,0,0.0,0,0,0.0,0
invictus_enriched.csv:1757,0,1,0.8,2,1,1.0,0,0.2286111111111111,1.0,1.2246467991473532e-16,-1.0,0,0,0.1,149,6,1,0,1,0,0,0,0,0,0,0,0.0026666666666666666,0,0,0,0,0,0.0,0,0,0.0,0
invictus_enriched.csv:1758,0,1,0.8,2,1,1.0,0,0.2286111111111111,1.0,1.2246467991473532e-16,-1.0,0,0,0.1,149,6,1,0,1,0,0,0,0,0,0,0,0.0026666666666666666,0,0,0,0,0,0.0,0,0,0.0,0
invictus_enriched.csv:1759,0,1,0.8,2,1,0.9997222222222222,0,0.2288888888888889,1.0,1.2246467991473532e-16,-1.0,0,0,0.1,59,3,0,0,0,0,0,1,0,0,0,0,0.128,0,0,0,0,0,0.0,0,0,0.0,0
invictus_enriched.csv:1760,0,1,0.8,2,1,1.0,0,0.2288888888888889,1.0,1.2246467991473532e-16,-1.0,0,0,0.1,149,6,1,0,0,0,0,0,0,0,0,0,0.07466666666666667,0,0,0,0,0,0.0,0,0,0.0,0
invictus_enriched.csv:1761,0,1,0.8,2,1,1.0,0,0.2288888888888889,1.0,1.2246467991473532e-16,-1.0,0,0,0.1,59,3,0,0,0,0,0,1,0,0,0,0,0.128,0,0,0,0,0,0.0,0,0,0.0,0
invictus_enriched.csv:1762,0,1,0.8,2,1,1.0,0,0.2288888888888889,1.0,1.2246467991473532e-16,-1.0,0,0,0.1,149,6,1,0,0,0,0,0,0,0,0,0,0.07466666666666667,0,0,0,0,0,0.0,0,0,0.0,0
invictus_enriched.csv:1763,0,1,0.3,0,0,0.9994444444444445,0,0.21555555555555556,0.3015463917525773,1.2246467991473532e-16,-1.0,0,0,0.1,143,5,1,0,0,0,0,0,0,0,0,1,0.0026666666666666666,0,0,0,1,0,0.0,0,0,0.0,0
invictus_enriched.csv:1764,0,1,0.3,0,0,1.0,0,0.21555555555555556,0.30927835051546393,1.2246467991473532e-16,-1.0,0,0,0.1,144,5,1,0,0,0,0,0,0,0,0,1,0.0026666666666666666,0,0,0,1,0,0.0,0,0,0.0,0
invictus_enriched.csv:1765,0,1,0.8,2,1,0.9997222222222222,0,0.22916666666666666,1.0,1.2246467991473532e-16,-1.0,0,0,0.1,149,6,1,0,0,0,0,0,0,0,0,0,0.07466666666666667,0,0,0,0,0,0.0,0,0,0.0,0
invictus_enriched.csv:1766,0,1,0.3,0,0,1.0,0,0.21555555555555556,0.3170103092783505,1.2246467991473532e-16,-1.0,0,0,0.1,143,5,1,0,0,0,0,0,0,0,0,1,0.0026666666666666666,0,0,0,1,0,0.0,0,0,0.0,0
invictus_enriched.csv:1767,0,1,0.8,2,1,1.0,0,0.22916666666666666,1.0,1.2246467991473532e-16,-1.0,0,0,0.1,149,6,1,0,1,0,0,0,0,0,0,0,0.0026666666666666666,0,0,0,0,0,0.0,0,0,0.0,0
invictus_enriched.csv:1768,0,1,0.8,2,1,1.0,0,0.22916666666666666,1.0,1.2246467991473532e-16,-1.0,0,0,0.1,149,6,1,0,0,0,0,0,0,0,0,0,0.07466666666666667,0,0,0,0,0,0.0,0,0,0.0,0
invictus_enriched.csv:1769,0,1,0.8,2,1,1.0,0,0.22916666666666666,1.0,1.2246467991473532e-16,-1.0,0,0,0.1,149,6,1,0,0,0,0,0,0,0,0,0,0.07333333333333333,0,0,0,0,0,0.0,0,0,0.0,0
invictus_enriched.csv:1770,0,1,0.8,2,1,1.0,0,0.22916666666666666,1.0,1.2246467991473532e-16,-1.0,0,0,0.1,149,6,1,0,0,0,0,0,0,0,0,0,0.07466666666666667,0,0,0,0,0,0.0,0,0,0.0,0
invictus_enriched.csv:1771,0,1,0.3,0,0,1.0,0,0.21555555555555556,0.3247422680412371,1.2246467991473532e-16,-1.0,0,0,0.1,144,5,1,0,0,0,0,0,0,0,0,1,0.0026666666666666666,0,0,0,1,0,0.0,0,0,0.0,0
invictus_enriched.csv:1772,0,1,0.8,2,1,0.9997222222222222,0,0.22944444444444445,1.0,1.2246467991473532e-16,-1.0,0,0,0.1,149,6,1,0,1,0,0,0,0,0,0,0,0.0026666666666666666,0,0,0,0,0,0.0,0,0,0.0,0
invictus_enriched.csv:1773,0,1,0.8,2,1,1.0,0,0.22944444444444445,1.0,1.2246467991473532e-16,-1.0,0,0,0.1,149,6,1,0,0,0,0,0,0,0,0,0,0.07466666666666667,0,0,0,0,0,0.0,0,0,0.0,0
invictus_enriched.csv:1774,0,1,0.8,2,1,1.0,0,0.22944444444444445,1.0,1.2246467991473532e-16,-1.0,0,0,0.1,149,6,1,0,1,0,0,0,0,0,0,0,0.0026666666666666666,0,0,0,0,0,0.0,0,0,0.0,0
invictus_enriched.csv:1775,0,1,0.8,2,1,1.0,0,0.22944444444444445,1.0,1.2246467991473532e-16,-1.0,0,0,0.1,149,6,1,0,0,0,0,0,0,0,0,0,0.07466666666666667,0,0,0,0,0,0.0,0,0,0.0,0
invictus_enriched.csv:1776,0,1,0.8,2,1,1.0,0,0.22944444444444445,1.0,1.2246467991473532e-16,-1.0,0,0,0.1,149,6,1,0,0,0,0,0,0,0,0,0,0.07466666666666667,0,0,0,0,0,0.0,0,0,0.0,0
invictus_enriched.csv:1777,0,1,0.8,2,1,1.0,0,0.22944444444444445,1.0,1.2246467991473532e-16,-1.0,0,0,0.1,149,6,1,0,0,0,0,0,0,0,0,0,0.07466666666666667,0,0,0,0,0,0.0,0,0,0.0,0
invictus_enriched.csv:1778,0,1,0.8,2,1,1.0,0,0.22944444444444445,1.0,1.2246467991473532e-16,-1.0,0,0,0.2,63,3,0,0,0,0,0,1,0,0,0,0,0.11333333333333333,0,0,0,0,0,0.0,0,0,0.0,0
invictus_enriched.csv:1779,0,1,0.8,2,1,1.0,0,0.22944444444444445,1.0,1.2246467991473532e-16,-1.0,0,0,0.1,149,6,1,0,1,0,0,0,0,0,0,0,0.0026666666666666666,0,0,0,0,0,0.0,0,0,0.0,0
invictus_enriched.csv:1780,0,1,0.8,2,1,1.0,0,0.22944444444444445,1.0,1.2246467991473532e-16,-1.0,0,0,0.1,149,6,1,0,1,0,0,0,0,0,0,0,0.0026666666666666666,0,0,0,0,0,0.0,0,0,0.0,0
invictus_enriched.csv:1781,0,1,0.8,2,1,1.0,0,0.22944444444444445,1.0,1.2246467991473532e-16,-1.0,0,0,0.1,149,6,1,0,1,0,0,0,0,0,0,0,0.0026666666666666666,0,0,0,0,0,0.0,0,0,0.0,0
invictus_enriched.csv:1782,0,1,0.8,2,1,0.9997222222222222,0,0.22972222222222222,1.0,1.2246467991473532e-16,-1.0,0,0,0.1,149,6,1,0,1,0,0,0,0,0,0,0,0.0026666666666666666,0,0,0,0,0,0.0,0,0,0.0,0
invictus_enriched.csv:1783,0,1,0.8,2,1,1.0,0,0.22972222222222222,1.0,1.2246467991473532e-16,-1.0,0,0,0.1,149,6,1,0,1,0,0,0,0,0,0,0,0.0026666666666666666,0,0,0,0,0,0.0,0,0,0.0,0
invictus_enriched.csv:1784,0,1,0.8,2,1,1.0,0,0.22972222222222222,1.0,1.2246467991473532e-16,-1.0,0,0,0.1,149,6,1,0,1,0,0,0,0,0,0,0,0.0026666666666666666,0,0,0,0,0,0.0,0,0,0.0,0
invictus_enriched.csv:1785,0,1,0.8,2,1,1.0,0,0.22972222222222222,1.0,1.2246467991473532e-16,-1.0,0,0,0.1,149,6,1,0,1,0,0,0,0,0,0,0,0.0026666666666666666,0,0,0,0,0,0.0,0,0,0.0,0
invictus_enriched.csv:1786,0,1,0.8,2,1,1.0,0,0.22972222222222222,1.0,1.2246467991473532e-16,-1.0,0,0,0.2,63,3,0,0,0,0,0,1,0,0,0,0,0.11333333333333333,0,0,0,0,0,0.0,0,0,0.0,0
invictus_enriched.csv:1787,0,1,0.8,2,1,1.0,0,0.22972222222222222,1.0,1.2246467991473532e-16,-1.0,0,0,0.1,149,6,1,0,1,0,0,0,0,0,0,0,0.0026666666666666666,0,0,0,0,0,0.0,0,0,0.0,0
invictus_enriched.csv:1788,0,1,0.3,0,0,0.9991666666666666,0,0.21638888888888888,0.33119383825417203,1.2246467991473532e-16,-1.0,0,0,0.1,144,5,1,0,0,0,0,0,0,0,0,1,0.0026666666666666666,0,0,0,1,0,0.0,0,0,0.0,0
invictus_enriched.csv:1789,0,1,0.3,0,0,1.0,0,0.21638888888888888,0.3388960205391528,1.2246467991473532e-16,-1.0,0,0,0.1,143,5,1,0,0,0,0,0,0,0,0,1,0.0026666666666666666,0,0,0,1,0,0.0,0,0,0.0,0
invictus_enriched.csv:1790,0,1,0.3,0,0,1.0,0,0.21638888888888888,0.34659820282413356,1.2246467991473532e-16,-1.0,0,0,0.1,144,5,1,0,0,0,0,0,0,0,0,1,0.0026666666666666666,0,0,0,1,0,0.0,0,0,0.0,0
invictus_enriched.csv:1791,0,1,0.3,0,0,1.0,0,0.21638888888888888,0.35430038510911427,1.2246467991473532e-16,-1.0,0,0,0.1,143,5,1,0,0,0,0,0,0,0,0,1,0.0026666666666666666,0,0,0,1,0,0.0,0,0,0.0,0
invictus_enriched.csv:1792,0,1,0.3,0,0,0.9997222222222222,0,0.21666666666666667,0.36153846153846153,1.2246467991473532e-16,-1.0,0,0,0.1,143,5,1,0,0,0,0,0,0,0,0,1,0.0026666666666666666,0,0,0,1,0,0.0,0,0,0.0,0
invictus_enriched.csv:1793,0,1,0.3,0,0,1.0,0,0.21666666666666667,0.36923076923076925,1.2246467991473532e-16,-1.0,0,0,0.1,144,5,1,0,0,0,0,0,0,0,0,1,0.0026666666666666666,0,0,0,1,0,0.0,0,0,0.0,0
invictus_enriched.csv:1794,0,1,0.8,2,1,0.9994444444444445,0,0.23027777777777778,1.0,1.2246467991473532e-16,-1.0,0,0,0.1,149,6,1,0,0,0,0,0,0,0,0,0,0.07466666666666667,0,0,0,0,0,0.0,0,0,0.0,0
invictus_enriched.csv:1795,0,1,0.8,2,1,1.0,0,0.23027777777777778,1.0,1.2246467991473532e-16,-1.0,0,0,0.1,149,6,1,0,0,0,0,0,0,0,0,0,0.07333333333333333,0,0,0,0,0,0.0,0,0,0.0,0
invictus_enriched.csv:1796,0,1,0.8,2,1,1.0,0,0.23027777777777778,1.0,1.2246467991473532e-16,-1.0,0,0,0.1,149,6,1,0,0,0,0,0,0,0,0,0,0.07466666666666667,0,0,0,0,0,0.0,0,0,0.0,0
invictus_enriched.csv:1797,0,1,0.8,2,1,0.9997222222222222,0,0.23055555555555557,1.0,1.2246467991473532e-16,-1.0,0,0,0.1,149,6,1,0,0,0,0,0,0,0,0,0,0.07466666666666667,0,0,0,0,0,0.0,0,0,0.0,0
invictus_enriched.csv:1798,0,1,0.3,0,0,0.9994444444444445,0,0.21722222222222223,0.3759590792838875,1.2246467991473532e-16,-1.0,0,0,0.1,143,5,1,0,0,0,0,0,0,0,0,1,0.0026666666666666666,0,0,0,1,0,0.0,0,0,0.0,0
invictus_enriched.csv:1799,0,1,0.3,0,0,1.0,0,0.21722222222222223,0.3836317135549872,1.2246467991473532e-16,-1.0,0,0,0.1,144,5,1,0,0,0,0,0,0,0,0,1,0.0026666666666666666,0,0,0,1,0,0.0,0,0,0.0,0
invictus_enriched.csv:1800,0,1,0.3,0,0,0.9997222222222222,0,0.2175,0.3908045977011494,1.2246467991473532e-16,-1.0,0,0,0.1,144,5,1,0,0,0,0,0,0,0,0,1,0.0026666666666666666,0,0,0,1,0,0.0,0,0,0.0,0
invictus_enriched.csv:1801,0,1,0.8,2,1,0.9991666666666666,0,0.2313888888888889,1.0,1.2246467991473532e-16,-1.0,0,0,0.1,149,6,1,0,0,0,0,0,0,0,0,0,0.07333333333333333,0,0,0,0,0,0.0,0,0,0.0,0
invictus_enriched.csv:1802,0,1,0.8,2,1,1.0,0,0.2313888888888889,1.0,1.2246467991473532e-16,-1.0,0,0,0.2,63,3,0,0,0,0,0,1,0,0,0,0,0.11333333333333333,0,0,0,0,0,0.0,0,0,0.0,0
invictus_enriched.csv:1803,0,1,0.3,0,0,0.9997222222222222,0,0.21777777777777776,0.3979591836734694,1.2246467991473532e-16,-1.0,0,0,0.1,143,5,1,0,0,0,0,0,0,0,0,1,0.0026666666666666666,0,0,0,1,0,0.0,0,0,0.0,0
invictus_enriched.csv:1804,0,1,0.3,0,0,1.0,0,0.21777777777777776,0.40561224489795916,1.2246467991473532e-16,-1.0,0,0,0.1,144,5,1,0,0,0,0,0,0,0,0,1,0.0026666666666666666,0,0,0,1,0,0.0,0,0,0.0,0
invictus_enriched.csv:1805,0,1,0.3,0,0,1.0,0,0.21777777777777776,0.413265306122449,1.2246467991473532e-16,-1.0,0,0,0.1,143,5,1,0,0,0,0,0,0,0,0,1,0.0026666666666666666,0,0,0,1,0,0.0,0,0,0.0,0
invictus_enriched.csv:1806,0,1,0.3,0,0,1.0,0,0.21777777777777776,0.4209183673469388,1.2246467991473532e-16,-1.0,0,0,0.1,144,5,1,0,0,0,0,0,0,0,0,1,0.0026666666666666666,0,0,0,1,0,0.0,0,0,0.0,0
invictus_enriched.csv:1807,0,1,0.3,0,0,1.0,0,0.21777777777777776,0.42857142857142855,1.2246467991473532e-16,-1.0,0,0,0.1,143,5,1,0,0,0,0,0,0,0,0,1,0.0026666666666666666,0,0,0,1,0,0.0,0,0,0.0,0
invictus_enriched.csv:1808,0,1,0.8,2,1,1.0,0,0.2313888888888889,1.0,1.2246467991473532e-16,-1.0,0,0,0.1,149,6,1,0,0,0,0,0,0,0,0,0,0.07333333333333333,0,0,0,0,0,0.0,0,0,0.0,0
invictus_enriched.csv:1809,0,1,0.8,2,1,1.0,0,0.2313888888888889,1.0,1.2246467991473532e-16,-1.0,0,0,0.1,149,6,1,0,0,0,0,0,0,0,0,0,0.07466666666666667,0,0,0,0,0,0.0,0,0,0.0,0
invictus_enriched.csv:1810,0,1,0.8,2,1,0.9997222222222222,0,0.23166666666666666,1.0,1.2246467991473532e-16,-1.0,0,0,0.1,59,3,0,0,0,0,0,1,0,0,0,0,0.128,0,0,0,0,0,0.0,0,0,0.0,0
invictus_enriched.csv:1811,0,1,0.3,0,0,0.9997222222222222,0,0.21805555555555556,0.4356687898089172,1.2246467991473532e-16,-1.0,0,0,0.1,143,5,1,0,0,0,0,0,0,0,0,1,0.0026666666666666666,0,0,0,1,0,0.0,0,0,0.0,0
invictus_enriched.csv:1812,0,1,0.8,2,1,1.0,0,0.23166666666666666,1.0,1.2246467991473532e-16,-1.0,0,0,0.1,59,3,0,0,0,0,0,1,0,0,0,0,0.128,0,0,0,0,0,0.0,0,0,0.0,0
invictus_enriched.csv:1813,0,1,0.8,2,1,1.0,0,0.23166666666666666,1.0,1.2246467991473532e-16,-1.0,0,0,0.1,149,6,1,0,0,0,0,0,0,0,0,0,0.07466666666666667,0,0,0,0,0,0.0,0,0,0.0,0
invictus_enriched.csv:1814,0,1,0.3,0,0,1.0,0,0.21805555555555556,0.44331210191082804,1.2246467991473532e-16,-1.0,0,0,0.1,144,5,1,0,0,0,0,0,0,0,0,1,0.0026666666666666666,0,0,0,1,0,0.0,0,0,0.0,0
invictus_enriched.csv:1815,0,1,0.8,2,1,0.9975,0,0.23416666666666666,1.0,1.2246467991473532e-16,-1.0,0,0,0.2,63,3,0,0,0,0,0,1,0,0,0,0,0.11333333333333333,0,0,0,0,0,0.0,0,0,0.0,0
invictus_enriched.csv:1816,0,1,0.8,2,1,0.9997222222222222,0,0.23444444444444446,1.0,1.2246467991473532e-16,-1.0,0,0,0.2,63,3,0,0,0,0,0,1,0,0,0,0,0.11333333333333333,0,0,0,0,0,0.0,0,0,0.0,0
invictus_enriched.csv:1817,0,1,0.8,2,1,1.0,0,0.23444444444444446,1.0,1.2246467991473532e-16,-1.0,0,0,0.1,125,1,1,0,0,0,1,0,0,0,0,0,0.17733333333333334,0,0,0,0,0,0.0,0,0,0.0,0
invictus_enriched.csv:1818,0,1,0.8,2,1,1.0,0,0.23444444444444446,1.0,1.2246467991473532e-16,-1.0,0,0,0.1,129,1,1,0,0,0,1,0,0,0,0,0,0.09866666666666667,0,0,0,0,0,0.0,0,0,0.0,0
invictus_enriched.csv:1819,0,1,0.8,2,1,1.0,0,0.23444444444444446,1.0,1.2246467991473532e-16,-1.0,0,0,0.1,59,3,0,0,0,0,0,1,0,0,0,0,0.128,0,0,0,0,0,0.0,0,0,0.0,0
invictus_enriched.csv:1820,0,1,0.8,2,1,0.9997222222222222,0,0.23472222222222222,1.0,1.2246467991473532e-16,-1.0,0,0,0.1,27,1,0,0,0,0,1,1,0,0,0,0,0.07866666666666666,0,0,0,0,1,0.0,0,0,0.0,0
invictus_enriched.csv:1821,0,1,0.8,2,1,1.0,0,0.23472222222222222,1.0,1.2246467991473532e-16,-1.0,0,0,0.1,59,3,0,0,0,0,0,1,0,0,0,0,0.128,0,0,0,0,0,0.0,0,0,0.0,0
invictus_enriched.csv:1822,0,1,0.8,2,1,1.0,1,0.23472222222222222,1.0,1.2246467991473532e-16,-1.0,0,0,0.1,150,3,1,0,0,0,0,0,0,0,0,0,0.06266666666666666,0,0,0,0,0,0.0,0,0,0.0,0
invictus_enriched.csv:1823,0,1,0.8,2,1,1.0,0,0.23472222222222222,1.0,1.2246467991473532e-16,-1.0,0,0,0.1,127,1,0,0,0,0,1,1,0,0,0,0,0.07866666666666666,0,0,0,0,0,0.0,0,0,0.0,0
invictus_enriched.csv:1824,0,1,0.8,2,1,1.0,0,0.23472222222222222,1.0,1.2246467991473532e-16,-1.0,0,0,0.1,60,3,0,0,0,0,0,1,0,0,0,0,0.30133333333333334,0,0,0,0,0,0.0,0,0,0.0,0
invictus_enriched.csv:1825,0,1,0.8,2,1,0.9997222222222222,0,0.235,1.0,1.2246467991473532e-16,-1.0,0,0,0.1,28,1,0,0,0,0,1,1,0,0,0,0,0.07866666666666666,0,0,0,0,0,0.0,0,0,0.0,0
invictus_enriched.csv:1826,0,1,0.8,2,1,1.0,0,0.235,1.0,1.2246467991473532e-16,-1.0,0,0,0.1,132,1,1,0,0,0,1,0,0,0,0,0,0.11066666666666666,0,0,0,0,0,0.0,0,0,0.0,0
invictus_enriched.csv:1827,0,1,0.8,2,1,1.0,0,0.235,1.0,1.2246467991473532e-16,-1.0,0,0,0.1,140,3,1,0,0,0,0,0,0,0,0,0,0.05333333333333334,0,0,0,0,0,0.0,0,0,0.0,0
invictus_enriched.csv:1828,0,1,0.8,2,1,1.0,0,0.235,1.0,1.2246467991473532e-16,-1.0,0,0,0.1,130,1,1,0,0,0,1,0,0,0,0,0,0.07866666666666666,0,0,0,0,0,0.0,0,0,0.0,0
invictus_enriched.csv:1829,0,1,0.8,2,1,0.9977777777777778,0,0.23722222222222222,1.0,1.2246467991473532e-16,-1.0,0,0,0.2,63,3,0,0,0,0,0,1,0,0,0,0,0.11333333333333333,0,0,0,0,0,0.0,0,0,0.0,0
invictus_enriched.csv:1830,0,1,0.8,2,1,0.9997222222222222,0,0.2375,1.0,1.2246467991473532e-16,-1.0,0,0,0.1,59,3,0,0,0,0,0,1,0,0,0,0,0.128,0,0,0,0,0,0.0,0,0,0.0,0
invictus_enriched.csv:1831,0,1,0.8,2,1,1.0,0,0.2375,1.0,1.2246467991473532e-16,-1.0,0,0,0.1,59,3,0,0,0,0,0,1,0,0,0,0,0.128,0,0,0,0,0,0.0,0,0,0.0,0
invictus_enriched.csv:1832,0,1,0.8,2,1,0.9972222222222222,0,0.24027777777777778,1.0,1.2246467991473532e-16,-1.0,0,0,0.1,59,3,0,0,0,0,0,1,0,0,0,0,0.128,0,0,0,0,0,0.0,0,0,0.0,0
invictus_enriched.csv:1833,0,1,0.8,2,1,0.9997222222222222,0,0.24055555555555555,1.0,1.2246467991473532e-16,-1.0,0,0,0.1,59,3,0,0,0,0,0,1,0,0,0,0,0.128,0,0,0,0,0,0.0,0,0,0.0,0
invictus_enriched.csv:1834,0,1,0.8,2,1,0.9975,1,0.24305555555555555,1.0,1.2246467991473532e-16,-1.0,0,0,0.1,151,3,1,0,1,0,0,0,0,0,0,0,0.084,0,0,0,0,0,0.0,0,0,0.0,0
invictus_enriched.csv:1835,0,1,0.8,2,1,1.0,0,0.24305555555555555,1.0,1.2246467991473532e-16,-1.0,0,0,0.1,125,1,1,0,0,0,1,0,0,0,0,0,0.156,0,0,0,0,0,0.0,0,0,0.0,0
invictus_enriched.csv:1836,0,1,0.8,2,1,1.0,0,0.24305555555555555,1.0,1.2246467991473532e-16,-1.0,0,0,0.2,63,3,0,0,0,0,0,1,0,0,0,0,0.11333333333333333,0,0,0,0,0,0.0,0,0,0.0,0
invictus_enriched.csv:1837,0,1,0.8,2,1,0.9997222222222222,0,0.24333333333333335,1.0,1.2246467991473532e-16,-1.0,0,0,0.1,59,3,0,0,0,0,0,1,0,0,0,0,0.128,0,0,0,0,0,0.0,0,0,0.0,0
invictus_enriched.csv:1838,0,1,0.8,2,1,1.0,0,0.24333333333333335,1.0,1.2246467991473532e-16,-1.0,0,0,0.1,129,1,1,0,0,0,1,0,0,0,0,0,0.088,0,0,0,0,0,0.0,0,0,0.0,0
invictus_enriched.csv:1839,0,1,0.8,2,1,0.9991666666666666,0,0.24416666666666667,1.0,1.2246467991473532e-16,-1.0,0,0,0.1,21,3,0,0,0,0,0,1,0,0,0,0,0.064,0,0,0,0,0,0.0,0,0,0.0,0
invictus_enriched.csv:1840,0,1,0.8,2,1,0.9980555555555556,0,0.2461111111111111,1.0,1.2246467991473532e-16,-1.0,0,0,0.1,23,1,0,0,0,0,1,1,0,0,0,0,0.0026666666666666666,0,0,0,0,0,0.0,0,0,0.0,0
invictus_enriched.csv:1841,0,1,0.8,2,1,0.9997222222222222,0,0.24638888888888888,1.0,1.2246467991473532e-16,-1.0,0,0,0.1,33,3,0,0,0,0,0,1,0,0,0,0,0.3,0,0,0,0,0,0.0,0,0,0.0,0
invictus_enriched.csv:1842,0,1,0.8,2,1,1.0,0,0.24638888888888888,1.0,1.2246467991473532e-16,-1.0,0,0,0.1,32,3,0,0,0,0,0,1,0,0,0,0,0.2,0,0,0,0,0,0.0,0,0,0.0,0
invictus_enriched.csv:1843,0,1,0.8,2,1,1.0,0,0.24638888888888888,1.0,1.2246467991473532e-16,-1.0,0,0,0.2,22,2,0,0,0,0,0,1,0,1,0,0,0.0026666666666666666,0,0,0,0,0,0.0,0,0,0.0,0
invictus_enriched.csv:1844,0,1,0.8,2,1,0.9997222222222222,0,0.24666666666666667,1.0,1.2246467991473532e-16,-1.0,0,0,0.1,123,1,1,0,0,0,1,0,0,0,0,0,0.3893333333333333,0,0,0,0,0,0.2,0,1,0.0,0
invictus_enriched.csv:1845,0,1,0.8,2,1,1.0,0,0.24666666666666667,1.0,1.2246467991473532e-16,-1.0,0,0,0.1,27,1,0,0,0,0,1,1,0,0,0,0,0.07333333333333333,0,0,0,0,1,0.0,0,0,0.0,0
invictus_enriched.csv:1846,0,1,0.8,2,1,1.0,0,0.24666666666666667,1.0,1.2246467991473532e-16,-1.0,0,0,0.1,26,1,0,0,0,0,1,1,0,0,0,0,0.07333333333333333,0,0,0,0,0,0.0,0,0,0.0,0
invictus_enriched.csv:1847,0,1,0.8,2,1,1.0,0,0.24666666666666667,1.0,1.2246467991473532e-16,-1.0,0,0,0.7,24,1,1,0,0,0,1,0,0,0,0,0,0.5013333333333333,0,0,0,0,0,0.2,0,0,0.6,1
invictus_enriched.csv:1848,0,1,0.8,2,1,1.0,0,0.24666666666666667,1.0,1.2246467991473532e-16,-1.0,0,0,0.1,23,1,0,0,0,0,1,1,0,0,0,0,0.0026666666666666666,0,0,0,0,0,0.0,0,0,0.0,0
invictus_enriched.csv:1849,0,1,0.8,2,1,1.0,0,0.24666666666666667,1.0,1.2246467991473532e-16,-1.0,0,0,0.1,122,1,0,0,0,0,1,1,0,0,0,0,0.14666666666666667,0,0,0,0,0,0.0,0,0,0.0,0
invictus_enriched.csv:1850,0,1,0.8,2,1,1.0,0,0.24666666666666667,1.0,1.2246467991473532e-16,-1.0,0,0,0.1,121,1,0,0,0,0,1,1,0,0,0,0,0.12133333333333333,0,0,0,0,0,0.0,0,0,0.0,0
invictus_enriched.csv:1851,0,1,0.8,2,1,1.0,0,0.24666666666666667,1.0,1.2246467991473532e-16,-1.0,0,0,0.1,34,3,1,0,0,0,0,0,0,0,0,0,0.35733333333333334,0,0,0,0,0,0.0,0,0,0.0,0
invictus_enriched.csv:1852,0,1,0.8,2,1,1.0,0,0.24666666666666667,1.0,1.2246467991473532e-16,-1.0,0,0,0.1,28,1,0,0,0,0,1,1,0,0,0,0,0.07333333333333333,0,0,0,0,0,0.0,0,0,0.0,0
invictus_enriched.csv:1853,0,1,0.8,2,1,0.9997222222222222,0,0.24694444444444444,1.0,1.2246467991473532e-16,-1.0,0,0,0.1,121,1,0,0,0,0,1,1,0,0,0,0,0.12133333333333333,0,0,0,0,0,0.0,0,0,0.0,0
invictus_enriched.csv:1854,0,1,0.8,2,1,1.0,0,0.24694444444444444,1.0,1.2246467991473532e-16,-1.0,0,0,0.1,39,3,0,0,0,0,0,1,0,0,0,0,0.04533333333333334,0,0,0,0,0,0.0,0,0,0.0,0
invictus_enriched.csv:1855,0,1,0.8,2,1,1.0,0,0.24694444444444444,1.0,1.2246467991473532e-16,-1.0,0,0,0.1,39,3,0,0,0,0,0,1,0,0,0,0,0.04533333333333334,0,0,0,0,0,0.0,0,0,0.0,0
invictus_enriched.csv:1856,0,1,0.8,2,1,1.0,0,0.24694444444444444,1.0,1.2246467991473532e-16,-1.0,0,0,0.1,124,1,0,0,0,0,1,1,0,0,0,0,0.12133333333333333,0,0,0,0,0,0.0,0,0,0.0,0
invictus_enriched.csv:1857,0,1,0.8,2,1,1.0,0,0.24694444444444444,1.0,1.2246467991473532e-16,-1.0,0,0,0.1,39,3,0,0,0,0,0,1,0,0,0,0,0.04533333333333334,0,0,0,0,0,0.0,0,0,0.0,0
invictus_enriched.csv:1858,0,1,0.8,2,1,1.0,0,0.24694444444444444,1.0,1.2246467991473532e-16,-1.0,0,0,0.1,41,3,0,0,0,0,0,1,0,0,0,0,0.13733333333333334,0,0,0,0,0,0.0,0,0,0.0,0
invictus_enriched.csv:1859,0,1,0.8,2,1,1.0,0,0.24694444444444444,1.0,1.2246467991473532e-16,-1.0,0,0,0.1,37,3,0,0,0,0,0,1,0,0,0,0,0.10133333333333333,0,0,0,0,0,0.0,0,0,0.0,0
invictus_enriched.csv:1860,0,1,0.8,2,1,1.0,0,0.24694444444444444,1.0,1.2246467991473532e-16,-1.0,0,0,0.1,37,3,0,0,0,0,0,1,0,0,0,0,0.10133333333333333,0,0,0,0,0,0.0,0,0,0.0,0
invictus_enriched.csv:1861,0,1,0.8,2,1,1.0,0,0.24694444444444444,1.0,1.2246467991473532e-16,-1.0,0,0,0.1,38,3,0,0,0,0,0,1,0,0,0,0,0.1,0,0,0,0,0,0.0,0,0,0.0,0
invictus_enriched.csv:1862,0,1,0.8,2,1,1.0,0,0.24694444444444444,1.0,1.2246467991473532e-16,-1.0,0,0,0.1,42,1,1,0,0,0,1,0,0,0,0,0,0.19466666666666665,0,0,0,0,1,0.0,0,0,0.0,1
invictus_enriched.csv:1863,0,1,0.8,2,1,0.9997222222222222,0,0.24722222222222223,1.0,1.2246467991473532e-16,-1.0,0,0,0.1,48,3,1,0,0,0,0,0,0,0,0,0,0.2946666666666667,0,0,0,0,0,0.0,0,0,0.0,0
invictus_enriched.csv:1864,0,1,0.8,2,1,1.0,0,0.24722222222222223,1.0,1.2246467991473532e-16,-1.0,0,0,0.1,48,3,1,0,0,0,0,0,0,0,0,0,0.31066666666666665,0,0,0,0,0,0.0,0,0,0.0,0
invictus_enriched.csv:1865,0,1,0.8,2,1,1.0,0,0.24722222222222223,1.0,1.2246467991473532e-16,-1.0,0,0,0.1,50,3,1,0,0,0,0,0,0,0,0,0,0.24666666666666667,0,0,0,0,0,0.0,0,0,0.0,0
invictus_enriched.csv:1866,0,1,0.8,2,1,1.0,0,0.24722222222222223,1.0,1.2246467991473532e-16,-1.0,0,0,0.1,47,3,0,0,0,0,0,1,0,0,0,0,0.304,0,0,0,0,0,0.0,0,0,0.0,0
invictus_enriched.csv:1867,0,1,0.8,2,1,1.0,0,0.24722222222222223,1.0,1.2246467991473532e-16,-1.0,0,0,0.1,43,3,0,0,0,0,0,1,0,0,0,0,0.26,0,0,0,0,0,0.0,0,0,0.0,0
invictus_enriched.csv:1868,0,1,0.8,2,1,1.0,0,0.24722222222222223,1.0,1.2246467991473532e-16,-1.0,0,0,0.1,45,3,0,0,0,0,0,1,0,0,0,0,0.272,0,0,0,0,0,0.0,0,0,0.0,0
invictus_enriched.csv:1869,0,1,0.8,2,1,0.9997222222222222,0,0.2475,1.0,1.2246467991473532e-16,-1.0,0,0,0.1,45,3,0,0,0,0,0,1,0,0,0,0,0.22266666666666668,0,0,0,0,0,0.0,0,0,0.0,0
invictus_enriched.csv:1870,0,1,0.8,2,1,1.0,0,0.2475,1.0,1.2246467991473532e-16,-1.0,0,0,0.1,53,3,0,0,0,0,0,1,0,0,0,0,0.11333333333333333,0,0,0,0,0,0.0,0,0,0.0,0
invictus_enriched.csv:1871,0,1,0.8,2,1,1.0,0,0.2475,1.0,1.2246467991473532e-16,-1.0,0,0,0.1,51,3,1,0,0,0,0,0,0,0,0,0,0.38666666666666666,0,0,0,0,0,0.0,0,0,0.0,0
invictus_enriched.csv:1872,0,1,0.8,2,1,1.0,0,0.2475,1.0,1.2246467991473532e-16,-1.0,0,0,0.1,45,3,0,0,0,0,0,1,0,0,0,0,0.12266666666666666,0,0,0,0,0,0.0,0,0,0.0,0
invictus_enriched.csv:1873,0,1,0.8,2,1,1.0,0,0.2475,1.0,1.2246467991473532e-16,-1.0,0,0,0.1,45,3,0,0,0,0,0,1,0,0,0,0,0.12266666666666666,0,0,0,0,0,0.0,0,0,0.0,0
invictus_enriched.csv:1874,0,1,0.8,2,1,1.0,0,0.2475,1.0,1.2246467991473532e-16,-1.0,0,0,0.1,55,3,1,0,0,0,0,0,0,0,0,0,0.108,0,0,0,0,0,0.0,0,0,0.0,0
invictus_enriched.csv:1875,0,1,0.8,2,1,1.0,0,0.2475,1.0,1.2246467991473532e-16,-1.0,0,0,0.1,45,3,0,0,0,0,0,1,0,0,0,0,0.12266666666666666,0,0,0,0,0,0.0,0,0,0.0,0
invictus_enriched.csv:1876,0,1,0.8,2,1,1.0,0,0.2475,1.0,1.2246467991473532e-16,-1.0,0,0,0.1,57,3,1,0,0,0,0,0,0,0,0,0,0.15466666666666667,0,0,0,0,0,0.0,0,0,0.0,0
invictus_enriched.csv:1877,0,1,0.8,2,1,1.0,0,0.2475,1.0,1.2246467991473532e-16,-1.0,0,0,0.1,45,3,0,0,0,0,0,1,0,0,0,0,0.12266666666666666,0,0,0,0,0,0.0,0,0,0.0,0
invictus_enriched.csv:1878,0,1,0.8,2,1,1.0,0,0.2475,1.0,1.2246467991473532e-16,-1.0,0,0,0.1,53,3,0,0,0,0,0,1,0,0,0,0,0.11333333333333333,0,0,0,0,0,0.0,0,0,0.0,0
invictus_enriched.csv:1879,0,1,0.8,2,1,1.0,0,0.2475,1.0,1.2246467991473532e-16,-1.0,0,0,0.1,45,3,0,0,0,0,0,1,0,0,0,0,0.12266666666666666,0,0,0,0,0,0.0,0,0,0.0,0
invictus_enriched.csv:1880,0,1,0.8,2,1,1.0,0,0.2475,1.0,1.2246467991473532e-16,-1.0,0,0,0.1,45,3,0,0,0,0,0,1,0,0,0,0,0.12266666666666666,0,0,0,0,0,0.0,0,0,0.0,0
invictus_enriched.csv:1881,0,1,0.8,2,1,1.0,0,0.2475,1.0,1.2246467991473532e-16,-1.0,0,0,0.1,45,3,0,0,0,0,0,1,0,0,0,0,0.12266666666666666,0,0,0,0,0,0.0,0,0,0.0,0
invictus_enriched.csv:1882,0,1,0.8,2,1,1.0,0,0.2475,1.0,1.2246467991473532e-16,-1.0,0,0,0.1,52,3,0,0,0,0,0,1,0,0,0,0,0.136,0,0,0,0,0,0.0,0,0,0.0,0
invictus_enriched.csv:1883,0,1,0.8,2,1,1.0,0,0.2475,1.0,1.2246467991473532e-16,-1.0,0,0,0.1,53,3,0,0,0,0,0,1,0,0,0,0,0.11333333333333333,0,0,0,0,0,0.0,0,0,0.0,0
invictus_enriched.csv:1884,0,1,0.8,2,1,1.0,0,0.2475,1.0,1.2246467991473532e-16,-1.0,0,0,0.1,53,3,0,0,0,0,0,1,0,0,0,0,0.11333333333333333,0,0,0,0,0,0.0,0,0,0.0,0
invictus_enriched.csv:1885,0,1,0.8,2,1,1.0,0,0.2475,1.0,1.2246467991473532e-16,-1.0,0,0,0.1,51,3,1,0,0,0,0,0,0,0,0,0,0.388,0,0,0,0,0,0.0,0,0,0.0,0
invictus_enriched.csv:1886,0,1,0.8,2,1,1.0,0,0.2475,1.0,1.2246467991473532e-16,-1.0,0,0,0.1,52,3,0,0,0,0,0,1,0,0,0,0,0.136,0,0,0,0,0,0.0,0,0,0.0,0
invictus_enriched.csv:1887,0,1,0.8,2,1,1.0,0,0.2475,1.0,1.2246467991473532e-16,-1.0,0,0,0.1,54,3,1,0,0,0,0,0,0,0,0,0,0.10666666666666667,0,0,0,0,1,0.0,0,0,0.0,0
invictus_enriched.csv:1888,0,1,0.8,2,1,1.0,0,0.2475,1.0,1.2246467991473532e-16,-1.0,0,0,0.1,55,3,1,0,0,0,0,0,0,0,0,0,0.108,0,0,0,0,0,0.0,0,0,0.0,0
invictus_enriched.csv:1889,0,1,0.8,2,1,1.0,0,0.2475,1.0,1.2246467991473532e-16,-1.0,0,0,0.1,45,3,0,0,0,0,0,1,0,0,0,0,0.22266666666666668,0,0,0,0,0,0.0,0,0,0.0,0
invictus_enriched.csv:1890,0,1,0.8,2,1,0.9997222222222222,0,0.2477777777777778,1.0,1.2246467991473532e-16,-1.0,0,0,0.1,45,3,0,0,0,0,0,1,0,0,0,0,0.22266666666666668,0,0,0,0,0,0.0,0,0,0.0,0
invictus_enriched.csv:1891,0,1,0.8,2,1,1.0,0,0.2477777777777778,1.0,1.2246467991473532e-16,-1.0,0,0,0.1,45,3,0,0,0,0,0,1,0,0,0,0,0.12266666666666666,0,0,0,0,0,0.0,0,0,0.0,0
invictus_enriched.csv:1892,0,1,0.8,2,1,1.0,0,0.2477777777777778,1.0,1.2246467991473532e-16,-1.0,0,0,0.1,45,3,0,0,0,0,0,1,0,0,0,0,0.12266666666666666,0,0,0,0,0,0.0,0,0,0.0,0
invictus_enriched.csv:1893,0,1,0.8,2,1,1.0,0,0.2477777777777778,1.0,1.2246467991473532e-16,-1.0,0,0,0.1,45,3,0,0,0,0,0,1,0,0,0,0,0.22266666666666668,0,0,0,0,0,0.0,0,0,0.0,0
invictus_enriched.csv:1894,0,1,0.8,2,1,0.9997222222222222,0,0.24805555555555556,1.0,1.2246467991473532e-16,-1.0,0,0,0.6,30,2,0,0,1,1,0,0,0,0,0,0,0.0026666666666666666,0,0,0,0,0,0.0,0,0,0.0,0
invictus_enriched.csv:1895,0,1,0.8,2,1,0.9997222222222222,0,0.24833333333333332,1.0,1.2246467991473532e-16,-1.0,0,0,0.6,30,2,0,0,1,1,0,0,0,0,0,0,0.0026666666666666666,0,0,0,0,0,0.0,0,0,0.0,0
invictus_enriched.csv:1896,0,1,0.8,2,1,0.9991666666666666,0,0.24916666666666668,1.0,1.2246467991473532e-16,-1.0,0,0,0.6,30,2,0,0,0,0,0,0,0,0,0,0,0.216,0,0,0,0,0,0.0,0,0,0.0,0
invictus_enriched.csv:1897,0,1,0.8,2,1,1.0,0,0.24916666666666668,1.0,1.2246467991473532e-16,-1.0,0,0,0.6,30,2,0,0,0,0,0,0,0,0,0,0,0.216,0,0,0,0,0,0.0,0,0,0.0,0
invictus_enriched.csv:1898,1,0,0.5,3,1,0.0,1,0.0,0.1,1.2246467991473532e-16,-1.0,0,0,0.1,61,3,1,0,1,0,0,0,0,0,0,0,0.452,0,0,0,0,0,0.0,0,0,0.0,0
invictus_enriched.csv:1899,0,1,0.8,2,1,0.9944444444444445,0,0.25472222222222224,1.0,1.2246467991473532e-16,-1.0,0,0,0.1,21,3,0,0,0,0,0,1,0,0,0,0,0.064,0,0,0,0,0,0.0,0,0,0.0,0
invictus_enriched.csv:1900,0,1,0.8,2,1,0.9988888888888889,0,0.25583333333333336,1.0,1.2246467991473532e-16,-1.0,0,0,0.1,23,1,0,0,0,0,1,1,0,0,0,0,0.0026666666666666666,0,0,0,0,0,0.0,0,0,0.0,0
invictus_enriched.csv:1901,0,1,0.8,2,1,0.9997222222222222,0,0.2561111111111111,1.0,1.2246467991473532e-16,-1.0,0,0,0.1,23,1,0,0,0,0,1,1,0,0,0,0,0.0026666666666666666,0,0,0,0,0,0.0,0,0,0.0,0
invictus_enriched.csv:1902,0,1,0.8,2,1,0.9997222222222222,0,0.2563888888888889,1.0,1.2246467991473532e-16,-1.0,0,0,0.1,37,3,0,0,0,0,0,1,0,0,0,0,0.10133333333333333,0,0,0,0,0,0.0,0,0,0.0,0
invictus_enriched.csv:1903,0,1,0.8,2,1,1.0,0,0.2563888888888889,1.0,1.2246467991473532e-16,-1.0,0,0,0.1,34,3,1,0,0,0,0,0,0,0,0,0,0.344,0,0,0,0,0,0.0,0,0,0.0,0
invictus_enriched.csv:1904,0,1,0.8,2,1,0.9997222222222222,0,0.25666666666666665,1.0,1.2246467991473532e-16,-1.0,0,0,0.1,38,3,0,0,0,0,0,1,0,0,0,0,0.1,0,0,0,0,0,0.0,0,0,0.0,0
invictus_enriched.csv:1905,0,1,0.8,2,1,1.0,0,0.25666666666666665,1.0,1.2246467991473532e-16,-1.0,0,0,0.1,37,3,0,0,0,0,0,1,0,0,0,0,0.10133333333333333,0,0,0,0,0,0.0,0,0,0.0,0
invictus_enriched.csv:1906,0,1,0.8,2,1,0.9997222222222222,0,0.2569444444444444,1.0,1.2246467991473532e-16,-1.0,0,0,0.1,39,3,0,0,0,0,0,1,0,0,0,0,0.04533333333333334,0,0,0,0,0,0.0,0,0,0.0,0
invictus_enriched.csv:1907,0,1,0.8,2,1,1.0,0,0.2569444444444444,1.0,1.2246467991473532e-16,-1.0,0,0,0.1,41,3,0,0,0,0,0,1,0,0,0,0,0.13733333333333334,0,0,0,0,0,0.0,0,0,0.0,0
invictus_enriched.csv:1908,0,1,0.8,2,1,0.9997222222222222,0,0.25722222222222224,1.0,1.2246467991473532e-16,-1.0,0,0,0.1,39,3,0,0,0,0,0,1,0,0,0,0,0.04533333333333334,0,0,0,0,0,0.0,0,0,0.0,0
invictus_enriched.csv:1909,0,1,0.8,2,1,1.0,0,0.25722222222222224,1.0,1.2246467991473532e-16,-1.0,0,0,0.1,43,3,0,0,0,0,0,1,0,0,0,0,0.26,0,0,0,0,0,0.0,0,0,0.0,0
invictus_enriched.csv:1910,0,1,0.8,2,1,0.9997222222222222,0,0.2575,1.0,1.2246467991473532e-16,-1.0,0,0,0.1,45,3,0,0,0,0,0,1,0,0,0,0,0.272,0,0,0,0,0,0.0,0,0,0.0,0
invictus_enriched.csv:1911,0,1,0.8,2,1,1.0,0,0.2575,1.0,1.2246467991473532e-16,-1.0,0,0,0.1,47,3,0,0,0,0,0,1,0,0,0,0,0.304,0,0,0,0,0,0.0,0,0,0.0,0
invictus_enriched.csv:1912,0,1,0.8,2,1,0.9997222222222222,0,0.2577777777777778,1.0,1.2246467991473532e-16,-1.0,0,0,0.1,47,3,0,0,0,0,0,1,0,0,0,0,0.15066666666666667,0,0,0,0,0,0.0,0,0,0.0,0
invictus_enriched.csv:1913,0,1,0.8,2,1,1.0,1,0.2577777777777778,1.0,1.2246467991473532e-16,-1.0,0,0,0.1,152,3,1,0,0,0,0,0,0,0,0,0,0.41333333333333333,0,0,0,0,0,0.0,0,0,0.0,0
invictus_enriched.csv:1914,0,1,0.8,2,1,0.9997222222222222,0,0.25805555555555554,1.0,1.2246467991473532e-16,-1.0,0,0,0.1,47,3,0,0,0,0,0,1,0,0,0,0,0.15066666666666667,0,0,0,0,0,0.0,0,0,0.0,0
invictus_enriched.csv:1915,0,1,0.8,2,1,1.0,0,0.25805555555555554,1.0,1.2246467991473532e-16,-1.0,0,0,0.1,47,3,0,0,0,0,0,1,0,0,0,0,0.15066666666666667,0,0,0,0,0,0.0,0,0,0.0,0
invictus_enriched.csv:1916,0,1,0.8,2,1,0.9997222222222222,1,0.25833333333333336,1.0,1.2246467991473532e-16,-1.0,0,0,0.1,153,3,1,0,0,0,0,0,0,0,0,0,0.2906666666666667,0,0,0,0,0,0.0,0,0,0.0,0
invictus_enriched.csv:1917,0,1,0.8,2,1,0.9997222222222222,0,0.2586111111111111,1.0,1.2246467991473532e-16,-1.0,0,0,0.1,47,3,0,0,0,0,0,1,0,0,0,0,0.15066666666666667,0,0,0,0,0,0.0,0,0,0.0,0
invictus_enriched.csv:1918,0,1,0.8,2,1,1.0,0,0.2586111111111111,1.0,1.2246467991473532e-16,-1.0,0,0,0.1,153,3,1,0,1,0,0,0,0,0,0,0,0.2866666666666667,0,0,0,0,0,0.0,0,0,0.0,0
invictus_enriched.csv:1919,0,1,0.8,2,1,0.9997222222222222,1,0.2588888888888889,1.0,1.2246467991473532e-16,-1.0,0,0,0.1,154,3,1,0,0,0,0,0,0,0,0,0,0.3453333333333333,0,0,0,0,0,0.0,0,0,0.0,0
invictus_enriched.csv:1920,0,1,0.8,2,1,0.9997222222222222,0,0.25916666666666666,1.0,1.2246467991473532e-16,-1.0,0,0,0.1,47,3,0,0,0,0,0,1,0,0,0,0,0.15066666666666667,0,0,0,0,0,0.0,0,0,0.0,0
invictus_enriched.csv:1921,0,1,0.8,2,1,1.0,1,0.25916666666666666,1.0,1.2246467991473532e-16,-1.0,0,0,0.1,155,3,1,0,0,0,0,0,0,0,0,0,0.2946666666666667,0,0,0,0,0,0.0,0,0,0.0,0
invictus_enriched.csv:1922,0,1,0.8,2,1,0.9994444444444445,0,0.25972222222222224,1.0,1.2246467991473532e-16,-1.0,0,0,0.1,154,3,1,0,0,0,0,0,0,0,0,0,0.17333333333333334,0,0,0,0,0,0.0,0,0,0.0,0
invictus_enriched.csv:1923,0,1,0.8,2,1,0.9969444444444444,0,0.2627777777777778,1.0,1.2246467991473532e-16,-1.0,0,0,0.1,21,3,0,0,0,0,0,1,0,0,0,0,0.064,0,0,0,0,0,0.0,0,0,0.0,0
invictus_enriched.csv:1924,0,1,0.8,2,1,0.9988888888888889,0,0.2638888888888889,1.0,1.2246467991473532e-16,-1.0,0,0,0.1,32,3,0,0,0,0,0,1,0,0,0,0,0.2,0,0,0,0,0,0.0,0,0,0.0,0
invictus_enriched.csv:1925,0,1,0.8,2,1,1.0,0,0.2638888888888889,1.0,1.2246467991473532e-16,-1.0,0,0,0.1,23,1,0,0,0,0,1,1,0,0,0,0,0.0026666666666666666,0,0,0,0,0,0.0,0,0,0.0,0
invictus_enriched.csv:1926,0,1,0.8,2,1,0.9997222222222222,0,0.26416666666666666,1.0,1.2246467991473532e-16,-1.0,0,0,0.1,23,1,0,0,0,0,1,1,0,0,0,0,0.0026666666666666666,0,0,0,0,0,0.0,0,0,0.0,0
invictus_enriched.csv:1927,0,1,0.8,2,1,0.9997222222222222,1,0.2644444444444444,1.0,1.2246467991473532e-16,-1.0,0,0,0.1,156,3,1,0,0,0,0,0,0,0,0,0,0.35733333333333334,0,0,0,0,0,0.0,0,0,0.0,0
invictus_enriched.csv:1928,0,1,0.8,2,1,0.9972222222222222,0,0.26722222222222225,1.0,1.2246467991473532e-16,-1.0,0,0,0.1,66,3,0,0,0,0,0,1,0,0,0,0,0.10933333333333334,0,0,0,0,0,0.0,0,0,0.0,0
invictus_enriched.csv:1929,0,1,0.8,2,1,0.9997222222222222,1,0.2675,1.0,1.2246467991473532e-16,-1.0,0,0,0.1,157,3,1,0,0,0,0,0,0,0,0,0,0.20933333333333334,0,0,0,0,0,0.0,0,0,0.0,0
invictus_enriched.csv:1930,0,1,0.8,2,1,1.0,0,0.2675,1.0,1.2246467991473532e-16,-1.0,0,0,0.1,66,3,0,0,0,0,0,1,0,0,0,0,0.10933333333333334,0,0,0,0,0,0.0,0,0,0.0,0
invictus_enriched.csv:1931,0,1,0.8,2,1,0.9997222222222222,1,0.2677777777777778,1.0,1.2246467991473532e-16,-1.0,0,0,0.1,158,3,0,0,0,0,0,1,0,0,0,0,0.168,0,0,0,0,0,0.0,0,0,0.0,0
invictus_enriched.csv:1932,0,1,0.8,2,1,0.9958333333333333,0,0.27194444444444443,1.0,1.2246467991473532e-16,-1.0,0,0,0.1,158,3,0,0,0,0,0,1,0,0,0,0,0.168,0,0,0,0,0,0.0,0,0,0.0,0
invictus_enriched.csv:1933,0,1,0.8,2,1,0.9997222222222222,0,0.2722222222222222,1.0,1.2246467991473532e-16,-1.0,0,0,0.1,158,3,0,0,0,0,0,1,0,0,0,0,0.168,0,0,0,0,0,0.0,0,0,0.0,0
invictus_enriched.csv:1934,0,1,0.8,2,1,1.0,1,0.2722222222222222,1.0,1.2246467991473532e-16,-1.0,0,0,0.1,159,3,1,0,0,0,0,0,0,0,0,0,0.44533333333333336,0,0,0,0,0,0.0,0,0,0.0,0
invictus_enriched.csv:1935,0,1,0.8,2,1,0.9997222222222222,1,0.2725,1.0,1.2246467991473532e-16,-1.0,0,0,0.1,160,3,1,0,0,0,0,0,0,0,0,0,0.18266666666666667,0,0,0,0,0,0.0,0,0,0.0,0
invictus_enriched.csv:1936,0,1,0.8,2,1,0.9986111111111111,0,0.2738888888888889,1.0,1.2246467991473532e-16,-1.0,0,0,0.1,33,3,0,0,0,0,0,1,0,0,0,0,0.16133333333333333,0,0,0,0,0,0.0,0,0,0.0,0
invictus_enriched.csv:1937,0,1,0.8,2,1,0.9997222222222222,0,0.27416666666666667,1.0,1.2246467991473532e-16,-1.0,0,0,0.1,33,3,0,0,0,0,0,1,0,0,0,0,0.16133333333333333,0,0,0,0,0,0.0,0,0,0.0,0
invictus_enriched.csv:1938,0,1,0.8,2,1,0.9997222222222222,1,0.27444444444444444,1.0,1.2246467991473532e-16,-1.0,0,0,0.1,161,3,1,0,0,0,0,0,0,0,0,0,0.19066666666666668,0,0,0,0,0,0.0,0,0,0.0,0
invictus_enriched.csv:1939,0,1,0.8,2,1,0.9977777777777778,0,0.27666666666666667,1.0,1.2246467991473532e-16,-1.0,0,0,0.1,21,3,0,0,0,0,0,1,0,0,0,0,0.064,0,0,0,0,0,0.0,0,0,0.0,0
invictus_enriched.csv:1940,0,1,0.8,2,1,0.9988888888888889,0,0.2777777777777778,1.0,1.2246467991473532e-16,-1.0,0,0,0.1,23,1,0,0,0,0,1,1,0,0,0,0,0.0026666666666666666,0,0,0,0,0,0.0,0,0,0.0,0
invictus_enriched.csv:1941,0,1,0.8,2,1,0.9997222222222222,0,0.27805555555555556,1.0,1.2246467991473532e-16,-1.0,0,0,0.1,23,1,0,0,0,0,1,1,0,0,0,0,0.0026666666666666666,0,0,0,0,0,0.0,0,0,0.0,0
invictus_enriched.csv:1942,0,1,0.8,2,1,1.0,0,0.27805555555555556,1.0,1.2246467991473532e-16,-1.0,0,0,0.1,32,3,0,0,0,0,0,1,0,0,0,0,0.2,0,0,0,0,0,0.0,0,0,0.0,0
invictus_enriched.csv:1943,0,1,0.8,2,1,0.9997222222222222,0,0.2783333333333333,1.0,1.2246467991473532e-16,-1.0,0,0,0.1,156,3,1,0,0,0,0,0,0,0,0,0,0.344,0,0,0,0,0,0.0,0,0,0.0,0
invictus_enriched.csv:1944,0,1,0.8,2,1,0.9972222222222222,0,0.2811111111111111,1.0,1.2246467991473532e-16,-1.0,0,0,0.1,66,3,0,0,0,0,0,1,0,0,0,0,0.10933333333333334,0,0,0,0,0,0.0,0,0,0.0,0
invictus_enriched.csv:1945,0,1,0.8,2,1,0.9997222222222222,0,0.2813888888888889,1.0,1.2246467991473532e-16,-1.0,0,0,0.1,66,3,0,0,0,0,0,1,0,0,0,0,0.10933333333333334,0,0,0,0,0,0.0,0,0,0.0,0
invictus_enriched.csv:1946,0,1,0.8,2,1,0.9997222222222222,0,0.2816666666666667,1.0,1.2246467991473532e-16,-1.0,0,0,0.1,157,3,1,0,0,0,0,0,0,0,0,0,0.20933333333333334,0,0,0,0,0,0.0,0,0,0.0,0
invictus_enriched.csv:1947,0,1,0.8,2,1,1.0,0,0.2816666666666667,1.0,1.2246467991473532e-16,-1.0,0,0,0.1,158,3,0,0,0,0,0,1,0,0,0,0,0.168,0,0,0,0,0,0.0,0,0,0.0,0
invictus_enriched.csv:1948,0,1,0.8,2,1,1.0,0,0.2816666666666667,1.0,1.2246467991473532e-16,-1.0,0,0,0.1,158,3,0,0,0,0,0,1,0,0,0,0,0.168,0,0,0,0,0,0.0,0,0,0.0,0
invictus_enriched.csv:1949,0,1,0.8,2,1,0.9997222222222222,1,0.28194444444444444,1.0,1.2246467991473532e-16,-1.0,0,0,0.1,162,3,1,0,0,0,0,0,0,0,0,0,0.21466666666666667,0,0,0,0,0,0.0,0,0,0.0,0
invictus_enriched.csv:1950,0,1,0.8,2,1,0.9969444444444444,0,0.285,1.0,1.2246467991473532e-16,-1.0,0,0,0.1,21,3,0,0,0,0,0,1,0,0,0,0,0.064,0,0,0,0,0,0.0,0,0,0.0,0
invictus_enriched.csv:1951,0,1,0.8,2,1,0.9983333333333333,0,0.2866666666666667,1.0,1.2246467991473532e-16,-1.0,0,0,0.1,23,1,0,0,0,0,1,1,0,0,0,0,0.0026666666666666666,0,0,0,0,0,0.0,0,0,0.0,0
invictus_enriched.csv:1952,0,1,0.8,2,1,1.0,0,0.2866666666666667,1.0,1.2246467991473532e-16,-1.0,0,0,0.1,32,3,0,0,0,0,0,1,0,0,0,0,0.2,0,0,0,0,0,0.0,0,0,0.0,0
invictus_enriched.csv:1953,0,1,0.8,2,1,0.9997222222222222,0,0.28694444444444445,1.0,1.2246467991473532e-16,-1.0,0,0,0.1,23,1,0,0,0,0,1,1,0,0,0,0,0.0026666666666666666,0,0,0,0,0,0.0,0,0,0.0,0
invictus_enriched.csv:1954,0,1,0.8,2,1,0.9997222222222222,0,0.2872222222222222,1.0,1.2246467991473532e-16,-1.0,0,0,0.1,34,3,1,0,1,0,0,0,0,0,0,0,0.3626666666666667,0,0,0,0,0,0.0,0,0,0.0,0
invictus_enriched.csv:1955,0,1,0.8,2,1,0.9994444444444445,0,0.2877777777777778,1.0,1.2246467991473532e-16,-1.0,0,0,0.1,23,1,0,0,0,0,1,1,0,0,0,0,0.0026666666666666666,0,0,0,0,0,0.0,0,0,0.0,0
invictus_enriched.csv:1956,0,1,0.8,2,1,1.0,0,0.2877777777777778,1.0,1.2246467991473532e-16,-1.0,0,0,0.1,32,3,0,0,0,0,0,1,0,0,0,0,0.2,0,0,0,0,0,0.0,0,0,0.0,0
invictus_enriched.csv:1957,0,1,0.8,2,1,0.9977777777777778,0,0.29,1.0,1.2246467991473532e-16,-1.0,0,0,0.1,161,3,1,0,0,0,0,0,0,0,0,0,0.19466666666666665,0,0,0,0,0,0.0,0,0,0.0,0
invictus_enriched.csv:1958,0,1,0.8,2,1,1.0,0,0.29,1.0,1.2246467991473532e-16,-1.0,0,0,0.1,162,3,1,0,0,0,0,0,0,0,0,0,0.21866666666666668,0,0,0,0,0,0.0,0,0,0.0,0
invictus_enriched.csv:1959,0,1,0.8,2,1,1.0,1,0.29,1.0,1.2246467991473532e-16,-1.0,0,0,0.1,163,3,1,0,0,0,0,0,0,0,0,0,0.17333333333333334,0,0,0,0,0,0.0,0,0,0.0,0
invictus_enriched.csv:1960,0,1,0.8,2,1,1.0,0,0.29,1.0,1.2246467991473532e-16,-1.0,0,0,0.1,106,7,1,0,1,0,0,0,0,0,0,0,0.07066666666666667,0,0,0,0,0,0.0,0,0,0.0,0
invictus_enriched.csv:1961,0,1,0.8,2,1,0.9994444444444445,0,0.29055555555555557,1.0,1.2246467991473532e-16,-1.0,0,0,0.1,23,1,0,0,0,0,1,1,0,0,0,0,0.0026666666666666666,0,0,0,0,0,0.0,0,0,0.0,0
invictus_enriched.csv:1962,0,1,0.8,2,1,1.0,0,0.29055555555555557,1.0,1.2246467991473532e-16,-1.0,0,0,0.1,23,1,0,0,0,0,1,1,0,0,0,0,0.0026666666666666666,0,0,0,0,0,0.0,0,0,0.0,0
invictus_enriched.csv:1963,0,1,0.8,2,1,0.9997222222222222,0,0.29083333333333333,1.0,1.2246467991473532e-16,-1.0,0,0,0.1,26,1,0,0,0,0,1,1,0,0,0,0,0.068,0,0,0,0,0,0.0,0,0,0.0,0
invictus_enriched.csv:1964,0,1,0.8,2,1,1.0,0,0.29083333333333333,1.0,1.2246467991473532e-16,-1.0,0,0,0.1,23,1,0,0,0,0,1,1,0,0,0,0,0.0026666666666666666,0,0,0,0,0,0.0,0,0,0.0,0
invictus_enriched.csv:1965,0,1,0.8,2,1,1.0,0,0.29083333333333333,1.0,1.2246467991473532e-16,-1.0,0,0,0.1,38,3,0,0,0,0,0,1,0,0,0,0,0.1,0,0,0,0,0,0.0,0,0,0.0,0
invictus_enriched.csv:1966,0,1,0.8,2,1,1.0,0,0.29083333333333333,1.0,1.2246467991473532e-16,-1.0,0,0,0.1,38,3,0,0,0,0,0,1,0,0,0,0,0.1,0,0,0,0,0,0.0,0,0,0.0,0
invictus_enriched.csv:1967,0,1,0.8,2,1,1.0,0,0.29083333333333333,1.0,1.2246467991473532e-16,-1.0,0,0,0.1,35,3,0,0,0,0,0,1,0,0,0,0,0.15733333333333333,0,0,0,0,0,0.0,0,0,0.0,0
invictus_enriched.csv:1968,0,1,0.8,2,1,1.0,0,0.29083333333333333,1.0,1.2246467991473532e-16,-1.0,0,0,0.1,32,3,0,0,0,0,0,1,0,0,0,0,0.2,0,0,0,0,0,0.0,0,0,0.0,0
invictus_enriched.csv:1969,0,1,0.8,2,1,1.0,0,0.29083333333333333,1.0,1.2246467991473532e-16,-1.0,0,0,0.1,35,3,0,0,0,0,0,1,0,0,0,0,0.15733333333333333,0,0,0,0,0,0.0,0,0,0.0,0
invictus_enriched.csv:1970,0,1,0.8,2,1,1.0,0,0.29083333333333333,1.0,1.2246467991473532e-16,-1.0,0,0,0.1,32,3,0,0,0,0,0,1,0,0,0,0,0.2,0,0,0,0,0,0.0,0,0,0.0,0
invictus_enriched.csv:1971,0,1,0.8,2,1,1.0,0,0.29083333333333333,1.0,1.2246467991473532e-16,-1.0,0,0,0.1,23,1,0,0,0,0,1,1,0,0,0,0,0.0026666666666666666,0,0,0,0,0,0.0,0,0,0.0,0
invictus_enriched.csv:1972,0,1,0.8,2,1,1.0,0,0.29083333333333333,1.0,1.2246467991473532e-16,-1.0,0,0,0.1,37,3,0,0,0,0,0,1,0,0,0,0,0.10133333333333333,0,0,0,0,0,0.0,0,0,0.0,0
invictus_enriched.csv:1973,0,1,0.8,2,1,1.0,0,0.29083333333333333,1.0,1.2246467991473532e-16,-1.0,0,0,0.1,33,3,0,0,0,0,0,1,0,0,0,0,0.26266666666666666,0,0,0,0,0,0.0,0,0,0.0,0
invictus_enriched.csv:1974,0,1,0.8,2,1,1.0,0,0.29083333333333333,1.0,1.2246467991473532e-16,-1.0,0,0,0.1,33,3,0,0,0,0,0,1,0,0,0,0,0.26266666666666666,0,0,0,0,0,0.0,0,0,0.0,0
invictus_enriched.csv:1975,0,1,0.8,2,1,1.0,0,0.29083333333333333,1.0,1.2246467991473532e-16,-1.0,0,0,0.1,32,3,0,0,0,0,0,1,0,0,0,0,0.2,0,0,0,0,0,0.0,0,0,0.0,0
invictus_enriched.csv:1976,0,1,0.8,2,1,1.0,0,0.29083333333333333,1.0,1.2246467991473532e-16,-1.0,0,0,0.1,23,1,0,0,0,0,1,1,0,0,0,0,0.0026666666666666666,0,0,0,0,0,0.0,0,0,0.0,0
invictus_enriched.csv:1977,0,1,0.8,2,1,1.0,0,0.29083333333333333,1.0,1.2246467991473532e-16,-1.0,0,0,0.1,23,1,0,0,0,0,1,1,0,0,0,0,0.0026666666666666666,0,0,0,0,0,0.0,0,0,0.0,0
invictus_enriched.csv:1978,0,1,0.8,2,1,1.0,0,0.29083333333333333,1.0,1.2246467991473532e-16,-1.0,0,0,0.1,37,3,0,0,0,0,0,1,0,0,0,0,0.10133333333333333,0,0,0,0,0,0.0,0,0,0.0,0
invictus_enriched.csv:1979,0,1,0.8,2,1,0.9997222222222222,0,0.2911111111111111,1.0,1.2246467991473532e-16,-1.0,0,0,0.1,33,3,0,0,0,0,0,1,0,0,0,0,0.3,0,0,0,0,0,0.0,0,0,0.0,0
invictus_enriched.csv:1980,0,1,0.8,2,1,1.0,0,0.2911111111111111,1.0,1.2246467991473532e-16,-1.0,0,0,0.1,122,1,0,0,0,0,1,1,0,0,0,0,0.14666666666666667,0,0,0,0,0,0.0,0,0,0.0,0
invictus_enriched.csv:1981,0,1,0.8,2,1,1.0,0,0.2911111111111111,1.0,1.2246467991473532e-16,-1.0,0,0,0.1,41,3,0,0,0,0,0,1,0,0,0,0,0.13733333333333334,0,0,0,0,0,0.0,0,0,0.0,0
invictus_enriched.csv:1982,0,1,0.8,2,1,1.0,0,0.2911111111111111,1.0,1.2246467991473532e-16,-1.0,0,0,0.1,28,1,0,0,0,0,1,1,0,0,0,0,0.068,0,0,0,0,0,0.0,0,0,0.0,0
invictus_enriched.csv:1983,0,1,0.8,2,1,1.0,0,0.2911111111111111,1.0,1.2246467991473532e-16,-1.0,0,0,0.1,158,3,0,0,0,0,0,1,0,0,0,0,0.168,0,0,0,0,0,0.0,0,0,0.0,0
invictus_enriched.csv:1984,0,1,0.8,2,1,1.0,0,0.2911111111111111,1.0,1.2246467991473532e-16,-1.0,0,0,0.1,27,1,0,0,0,0,1,1,0,0,0,0,0.068,0,0,0,0,1,0.0,0,0,0.0,0
invictus_enriched.csv:1985,0,1,0.8,2,1,1.0,0,0.2911111111111111,1.0,1.2246467991473532e-16,-1.0,0,0,0.1,121,1,0,0,0,0,1,1,0,0,0,0,0.12133333333333333,0,0,0,0,0,0.0,0,0,0.0,0
invictus_enriched.csv:1986,0,1,0.8,2,1,1.0,0,0.2911111111111111,1.0,1.2246467991473532e-16,-1.0,0,0,0.1,26,1,0,0,0,0,1,1,0,0,0,0,0.07333333333333333,0,0,0,0,0,0.0,0,0,0.0,0
invictus_enriched.csv:1987,0,1,0.8,2,1,1.0,0,0.2911111111111111,1.0,1.2246467991473532e-16,-1.0,0,0,0.1,23,1,0,0,0,0,1,1,0,0,0,0,0.0026666666666666666,0,0,0,0,0,0.0,0,0,0.0,0
invictus_enriched.csv:1988,0,1,0.8,2,1,1.0,0,0.2911111111111111,1.0,1.2246467991473532e-16,-1.0,0,0,0.1,32,3,0,0,0,0,0,1,0,0,0,0,0.2,0,0,0,0,0,0.0,0,0,0.0,0
invictus_enriched.csv:1989,0,1,0.8,2,1,1.0,0,0.2911111111111111,1.0,1.2246467991473532e-16,-1.0,0,0,0.1,66,3,0,0,0,0,0,1,0,0,0,0,0.10933333333333334,0,0,0,0,0,0.0,0,0,0.0,0
invictus_enriched.csv:1990,0,1,0.8,2,1,1.0,0,0.2911111111111111,1.0,1.2246467991473532e-16,-1.0,0,0,0.2,22,2,0,0,0,0,0,1,0,1,0,0,0.0026666666666666666,0,0,0,0,0,0.0,0,0,0.0,0
invictus_enriched.csv:1991,0,1,0.8,2,1,1.0,0,0.2911111111111111,1.0,1.2246467991473532e-16,-1.0,0,0,0.1,41,3,0,0,0,0,0,1,0,0,0,0,0.13733333333333334,0,0,0,0,0,0.0,0,0,0.0,0
invictus_enriched.csv:1992,0,1,0.8,2,1,1.0,0,0.2911111111111111,1.0,1.2246467991473532e-16,-1.0,0,0,0.1,39,3,0,0,0,0,0,1,0,0,0,0,0.04533333333333334,0,0,0,0,0,0.0,0,0,0.0,0
invictus_enriched.csv:1993,0,1,0.8,2,1,1.0,0,0.2911111111111111,1.0,1.2246467991473532e-16,-1.0,0,0,0.1,32,3,0,0,0,0,0,1,0,0,0,0,0.2,0,0,0,0,0,0.0,0,0,0.0,0
invictus_enriched.csv:1994,0,1,0.8,2,1,1.0,0,0.2911111111111111,1.0,1.2246467991473532e-16,-1.0,0,0,0.1,37,3,0,0,0,0,0,1,0,0,0,0,0.10133333333333333,0,0,0,0,0,0.0,0,0,0.0,0
invictus_enriched.csv:1995,0,1,0.8,2,1,1.0,0,0.2911111111111111,1.0,1.2246467991473532e-16,-1.0,0,0,0.1,158,3,0,0,0,0,0,1,0,0,0,0,0.168,0,0,0,0,0,0.0,0,0,0.0,0
invictus_enriched.csv:1996,0,1,0.8,2,1,1.0,0,0.2911111111111111,1.0,1.2246467991473532e-16,-1.0,0,0,0.1,28,1,0,0,0,0,1,1,0,0,0,0,0.07333333333333333,0,0,0,0,0,0.0,0,0,0.0,0
invictus_enriched.csv:1997,0,1,0.8,2,1,1.0,0,0.2911111111111111,1.0,1.2246467991473532e-16,-1.0,0,0,0.1,39,3,0,0,0,0,0,1,0,0,0,0,0.04533333333333334,0,0,0,0,0,0.0,0,0,0.0,0
invictus_enriched.csv:1998,0,1,0.8,2,1,1.0,0,0.2911111111111111,1.0,1.2246467991473532e-16,-1.0,0,0,0.1,38,3,0,0,0,0,0,1,0,0,0,0,0.1,0,0,0,0,0,0.0,0,0,0.0,0
invictus_enriched.csv:1999,0,1,0.8,2,1,1.0,0,0.2911111111111111,1.0,1.2246467991473532e-16,-1.0,0,0,0.1,66,3,0,0,0,0,0,1,0,0,0,0,0.10933333333333334,0,0,0,0,0,0.0,0,0,0.0,0
invictus_enriched.csv:2000,0,1,0.8,2,1,1.0,0,0.2911111111111111,1.0,1.2246467991473532e-16,-1.0,0,0,0.1,37,3,0,0,0,0,0,1,0,0,0,0,0.10133333333333333,0,0,0,0,0,0.0,0,0,0.0,0
invictus_enriched.csv:2001,0,1,0.8,2,1,1.0,0,0.2911111111111111,1.0,1.2246467991473532e-16,-1.0,0,0,0.1,38,3,0,0,0,0,0,1,0,0,0,0,0.1,0,0,0,0,0,0.0,0,0,0.0,0
invictus_enriched.csv:2002,0,1,0.8,2,1,1.0,0,0.2911111111111111,1.0,1.2246467991473532e-16,-1.0,0,0,0.1,41,3,0,0,0,0,0,1,0,0,0,0,0.13733333333333334,0,0,0,0,0,0.0,0,0,0.0,0
invictus_enriched.csv:2003,0,1,0.8,2,1,0.9997222222222222,0,0.29138888888888886,1.0,1.2246467991473532e-16,-1.0,0,0,0.1,45,3,0,0,0,0,0,1,0,0,0,0,0.272,0,0,0,0,0,0.0,0,0,0.0,0
invictus_enriched.csv:2004,0,1,0.8,2,1,1.0,0,0.29138888888888886,1.0,1.2246467991473532e-16,-1.0,0,0,0.1,47,3,0,0,0,0,0,1,0,0,0,0,0.304,0,0,0,0,0,0.0,0,0,0.0,0
invictus_enriched.csv:2005,0,1,0.8,2,1,1.0,0,0.29138888888888886,1.0,1.2246467991473532e-16,-1.0,0,0,0.1,39,3,0,0,0,0,0,1,0,0,0,0,0.04533333333333334,0,0,0,0,0,0.0,0,0,0.0,0
invictus_enriched.csv:2006,0,1,0.8,2,1,1.0,0,0.29138888888888886,1.0,1.2246467991473532e-16,-1.0,0,0,0.1,39,3,0,0,0,0,0,1,0,0,0,0,0.04533333333333334,0,0,0,0,0,0.0,0,0,0.0,0
invictus_enriched.csv:2007,0,1,0.8,2,1,1.0,0,0.29138888888888886,1.0,1.2246467991473532e-16,-1.0,0,0,0.1,124,1,0,0,0,0,1,1,0,0,0,0,0.12133333333333333,0,0,0,0,0,0.0,0,0,0.0,0
invictus_enriched.csv:2008,0,1,0.8,2,1,1.0,0,0.29138888888888886,1.0,1.2246467991473532e-16,-1.0,0,0,0.1,39,3,0,0,0,0,0,1,0,0,0,0,0.04533333333333334,0,0,0,0,0,0.0,0,0,0.0,0
invictus_enriched.csv:2009,0,1,0.8,2,1,1.0,0,0.29138888888888886,1.0,1.2246467991473532e-16,-1.0,0,0,0.1,39,3,0,0,0,0,0,1,0,0,0,0,0.04533333333333334,0,0,0,0,0,0.0,0,0,0.0,0
invictus_enriched.csv:2010,0,1,0.8,2,1,1.0,0,0.29138888888888886,1.0,1.2246467991473532e-16,-1.0,0,0,0.1,39,3,0,0,0,0,0,1,0,0,0,0,0.04533333333333334,0,0,0,0,0,0.0,0,0,0.0,0
invictus_enriched.csv:2011,0,1,0.8,2,1,1.0,0,0.29138888888888886,1.0,1.2246467991473532e-16,-1.0,0,0,0.1,33,3,0,0,0,0,0,1,0,0,0,0,0.16133333333333333,0,0,0,0,0,0.0,0,0,0.0,0
invictus_enriched.csv:2012,0,1,0.8,2,1,1.0,0,0.29138888888888886,1.0,1.2246467991473532e-16,-1.0,0,0,0.1,41,3,0,0,0,0,0,1,0,0,0,0,0.13733333333333334,0,0,0,0,0,0.0,0,0,0.0,0
invictus_enriched.csv:2013,0,1,0.8,2,1,1.0,0,0.29138888888888886,1.0,1.2246467991473532e-16,-1.0,0,0,0.1,23,1,0,0,0,0,1,1,0,0,0,0,0.0026666666666666666,0,0,0,0,0,0.0,0,0,0.0,0
invictus_enriched.csv:2014,0,1,0.8,2,1,1.0,0,0.29138888888888886,1.0,1.2246467991473532e-16,-1.0,0,0,0.1,43,3,0,0,0,0,0,1,0,0,0,0,0.26,0,0,0,0,0,0.0,0,0,0.0,0
invictus_enriched.csv:2015,0,1,0.8,2,1,1.0,0,0.29138888888888886,1.0,1.2246467991473532e-16,-1.0,0,0,0.1,46,1,0,0,1,0,1,1,0,0,0,0,0.088,0,0,0,0,0,0.0,0,0,0.0,0
invictus_enriched.csv:2016,0,1,0.8,2,1,1.0,0,0.29138888888888886,1.0,1.2246467991473532e-16,-1.0,0,0,0.1,43,3,0,0,0,0,0,1,0,0,0,0,0.26,0,0,0,0,0,0.0,0,0,0.0,0
invictus_enriched.csv:2017,0,1,0.8,2,1,1.0,0,0.29138888888888886,1.0,1.2246467991473532e-16,-1.0,0,0,0.1,39,3,0,0,0,0,0,1,0,0,0,0,0.04533333333333334,0,0,0,0,0,0.0,0,0,0.0,0
invictus_enriched.csv:2018,0,1,0.8,2,1,1.0,0,0.29138888888888886,1.0,1.2246467991473532e-16,-1.0,0,0,0.1,43,3,0,0,0,0,0,1,0,0,0,0,0.26,0,0,0,0,0,0.0,0,0,0.0,0
invictus_enriched.csv:2019,0,1,0.8,2,1,1.0,0,0.29138888888888886,1.0,1.2246467991473532e-16,-1.0,0,0,0.1,23,1,0,0,0,0,1,1,0,0,0,0,0.0026666666666666666,0,0,0,0,0,0.0,0,0,0.0,0
invictus_enriched.csv:2020,0,1,0.8,2,1,1.0,0,0.29138888888888886,1.0,1.2246467991473532e-16,-1.0,0,0,0.1,121,1,0,0,0,0,1,1,0,0,0,0,0.12133333333333333,0,0,0,0,0,0.0,0,0,0.0,0
invictus_enriched.csv:2021,0,1,0.8,2,1,1.0,0,0.29138888888888886,1.0,1.2246467991473532e-16,-1.0,0,0,0.1,27,1,0,0,0,0,1,1,0,0,0,0,0.07333333333333333,0,0,0,0,1,0.0,0,0,0.0,0
invictus_enriched.csv:2022,0,1,0.8,2,1,0.9997222222222222,0,0.2916666666666667,1.0,1.2246467991473532e-16,-1.0,0,0,0.1,45,3,0,0,0,0,0,1,0,0,0,0,0.12266666666666666,0,0,0,0,0,0.0,0,0,0.0,0
invictus_enriched.csv:2023,0,1,0.8,2,1,1.0,0,0.2916666666666667,1.0,1.2246467991473532e-16,-1.0,0,0,0.1,45,3,0,0,0,0,0,1,0,0,0,0,0.12266666666666666,0,0,0,0,0,0.0,0,0,0.0,0
invictus_enriched.csv:2024,0,1,0.8,2,1,1.0,0,0.2916666666666667,1.0,1.2246467991473532e-16,-1.0,0,0,0.1,45,3,0,0,0,0,0,1,0,0,0,0,0.22266666666666668,0,0,0,0,0,0.0,0,0,0.0,0
invictus_enriched.csv:2025,0,1,0.8,2,1,1.0,0,0.2916666666666667,1.0,1.2246467991473532e-16,-1.0,0,0,0.1,45,3,0,0,0,0,0,1,0,0,0,0,0.12266666666666666,0,0,0,0,0,0.0,0,0,0.0,0
invictus_enriched.csv:2026,0,1,0.8,2,1,1.0,0,0.2916666666666667,1.0,1.2246467991473532e-16,-1.0,0,0,0.1,53,3,0,0,0,0,0,1,0,0,0,0,0.11333333333333333,0,0,0,0,0,0.0,0,0,0.0,0
invictus_enriched.csv:2027,0,1,0.8,2,1,1.0,0,0.2916666666666667,1.0,1.2246467991473532e-16,-1.0,0,0,0.1,45,3,0,0,0,0,0,1,0,0,0,0,0.272,0,0,0,0,0,0.0,0,0,0.0,0
invictus_enriched.csv:2028,0,1,0.8,2,1,1.0,0,0.2916666666666667,1.0,1.2246467991473532e-16,-1.0,0,0,0.1,43,3,0,0,0,0,0,1,0,0,0,0,0.26,0,0,0,0,0,0.0,0,0,0.0,0
invictus_enriched.csv:2029,0,1,0.8,2,1,1.0,0,0.2916666666666667,1.0,1.2246467991473532e-16,-1.0,0,0,0.1,52,3,0,0,0,0,0,1,0,0,0,0,0.136,0,0,0,0,0,0.0,0,0,0.0,0
invictus_enriched.csv:2030,0,1,0.8,2,1,1.0,1,0.2916666666666667,1.0,1.2246467991473532e-16,-1.0,0,0,0.1,164,3,1,0,0,0,0,0,0,0,0,0,0.048,0,0,0,0,0,0.0,0,0,0.0,0
invictus_enriched.csv:2031,0,1,0.8,2,1,1.0,0,0.2916666666666667,1.0,1.2246467991473532e-16,-1.0,0,0,0.1,39,3,0,0,0,0,0,1,0,0,0,0,0.04533333333333334,0,0,0,0,0,0.0,0,0,0.0,0
invictus_enriched.csv:2032,0,1,0.8,2,1,1.0,0,0.2916666666666667,1.0,1.2246467991473532e-16,-1.0,0,0,0.1,47,3,0,0,0,0,0,1,0,0,0,0,0.304,0,0,0,0,0,0.0,0,0,0.0,0
invictus_enriched.csv:2033,0,1,0.8,2,1,1.0,1,0.2916666666666667,1.0,1.2246467991473532e-16,-1.0,0,0,0.1,165,3,1,0,0,0,0,0,0,0,0,0,0.07466666666666667,0,0,0,0,0,0.0,0,0,0.0,0
invictus_enriched.csv:2034,0,1,0.8,2,1,1.0,0,0.2916666666666667,1.0,1.2246467991473532e-16,-1.0,0,0,0.1,45,3,0,0,0,0,0,1,0,0,0,0,0.272,0,0,0,0,0,0.0,0,0,0.0,0
invictus_enriched.csv:2035,0,1,0.8,2,1,1.0,0,0.2916666666666667,1.0,1.2246467991473532e-16,-1.0,0,0,0.1,47,3,0,0,0,0,0,1,0,0,0,0,0.304,0,0,0,0,0,0.0,0,0,0.0,0
invictus_enriched.csv:2036,0,1,0.8,2,1,1.0,0,0.2916666666666667,1.0,1.2246467991473532e-16,-1.0,0,0,0.1,45,3,0,0,0,0,0,1,0,0,0,0,0.22266666666666668,0,0,0,0,0,0.0,0,0,0.0,0
invictus_enriched.csv:2037,0,1,0.8,2,1,1.0,0,0.2916666666666667,1.0,1.2246467991473532e-16,-1.0,0,0,0.1,53,3,0,0,0,0,0,1,0,0,0,0,0.11333333333333333,0,0,0,0,0,0.0,0,0,0.0,0
invictus_enriched.csv:2038,0,1,0.8,2,1,0.9997222222222222,0,0.29194444444444445,1.0,1.2246467991473532e-16,-1.0,0,0,0.1,52,3,0,0,0,0,0,1,0,0,0,0,0.136,0,0,0,0,0,0.0,0,0,0.0,0
invictus_enriched.csv:2039,0,1,0.8,2,1,1.0,0,0.29194444444444445,1.0,1.2246467991473532e-16,-1.0,0,0,0.1,45,3,0,0,0,0,0,1,0,0,0,0,0.272,0,0,0,0,0,0.0,0,0,0.0,0
invictus_enriched.csv:2040,0,1,0.8,2,1,1.0,0,0.29194444444444445,1.0,1.2246467991473532e-16,-1.0,0,0,0.1,52,3,0,0,0,0,0,1,0,0,0,0,0.136,0,0,0,0,0,0.0,0,0,0.0,0
invictus_enriched.csv:2041,0,1,0.8,2,1,1.0,0,0.29194444444444445,1.0,1.2246467991473532e-16,-1.0,0,0,0.1,60,3,0,0,0,0,0,1,0,0,0,0,0.13866666666666666,0,0,0,0,0,0.0,0,0,0.0,0
invictus_enriched.csv:2042,0,1,0.8,2,1,1.0,0,0.29194444444444445,1.0,1.2246467991473532e-16,-1.0,0,0,0.1,53,3,0,0,0,0,0,1,0,0,0,0,0.11333333333333333,0,0,0,0,0,0.0,0,0,0.0,0
invictus_enriched.csv:2043,0,1,0.8,2,1,1.0,0,0.29194444444444445,1.0,1.2246467991473532e-16,-1.0,0,0,0.1,53,3,0,0,0,0,0,1,0,0,0,0,0.11333333333333333,0,0,0,0,0,0.0,0,0,0.0,0
invictus_enriched.csv:2044,0,1,0.8,2,1,1.0,0,0.29194444444444445,1.0,1.2246467991473532e-16,-1.0,0,0,0.1,59,3,0,0,0,0,0,1,0,0,0,0,0.128,0,0,0,0,0,0.0,0,0,0.0,0
invictus_enriched.csv:2045,0,1,0.8,2,1,1.0,0,0.29194444444444445,1.0,1.2246467991473532e-16,-1.0,0,0,0.1,23,1,0,0,0,0,1,1,0,0,0,0,0.0026666666666666666,0,0,0,0,0,0.0,0,0,0.0,0
invictus_enriched.csv:2046,0,1,0.8,2,1,1.0,0,0.29194444444444445,1.0,1.2246467991473532e-16,-1.0,0,0,0.1,66,3,0,0,1,0,0,1,0,0,0,0,0.10933333333333334,0,0,0,0,0,0.0,0,0,0.0,0
invictus_enriched.csv:2047,0,1,0.8,2,1,1.0,0,0.29194444444444445,1.0,1.2246467991473532e-16,-1.0,0,0,0.1,53,3,0,0,0,0,0,1,0,0,0,0,0.11333333333333333,0,0,0,0,0,0.0,0,0,0.0,0
invictus_enriched.csv:2048,0,1,0.8,2,1,1.0,1,0.29194444444444445,1.0,1.2246467991473532e-16,-1.0,0,0,0.1,166,3,1,0,0,0,0,0,0,0,0,0,0.08933333333333333,0,0,0,0,0,0.0,0,0,0.0,0
invictus_enriched.csv:2049,0,1,0.8,2,1,1.0,0,0.29194444444444445,1.0,1.2246467991473532e-16,-1.0,0,0,0.1,47,3,0,0,0,0,0,1,0,0,0,0,0.304,0,0,0,0,0,0.0,0,0,0.0,0
invictus_enriched.csv:2050,0,1,0.8,2,1,1.0,0,0.29194444444444445,1.0,1.2246467991473532e-16,-1.0,0,0,0.1,59,3,0,0,0,0,0,1,0,0,0,0,0.128,0,0,0,0,0,0.0,0,0,0.0,0
invictus_enriched.csv:2051,0,1,0.8,2,1,1.0,0,0.29194444444444445,1.0,1.2246467991473532e-16,-1.0,0,0,0.1,47,3,0,0,0,0,0,1,0,0,0,0,0.15066666666666667,0,0,0,0,0,0.0,0,0,0.0,0
invictus_enriched.csv:2052,0,1,0.8,2,1,0.9997222222222222,0,0.2922222222222222,1.0,1.2246467991473532e-16,-1.0,0,0,0.1,60,3,0,0,0,0,0,1,0,0,0,0,0.30133333333333334,0,0,0,0,0,0.0,0,0,0.0,0
invictus_enriched.csv:2053,0,1,0.8,2,1,1.0,0,0.2922222222222222,1.0,1.2246467991473532e-16,-1.0,0,0,0.1,127,1,0,0,0,0,1,1,0,0,0,0,0.068,0,0,0,0,0,0.0,0,0,0.0,0
invictus_enriched.csv:2054,0,1,0.8,2,1,1.0,0,0.2922222222222222,1.0,1.2246467991473532e-16,-1.0,0,0,0.1,130,1,1,0,0,0,1,0,0,0,0,0,0.07333333333333333,0,0,0,0,0,0.0,0,0,0.0,0
invictus_enriched.csv:2055,0,1,0.8,2,1,1.0,0,0.2922222222222222,1.0,1.2246467991473532e-16,-1.0,0,0,0.1,27,1,0,0,0,0,1,1,0,0,0,0,0.07333333333333333,0,0,0,0,1,0.0,0,0,0.0,0
invictus_enriched.csv:2056,0,1,0.8,2,1,1.0,0,0.2922222222222222,1.0,1.2246467991473532e-16,-1.0,0,0,0.1,126,1,1,0,0,0,1,0,0,0,0,0,0.19466666666666665,0,0,0,0,0,0.0,0,0,0.0,0
invictus_enriched.csv:2057,0,1,0.8,2,1,1.0,0,0.2922222222222222,1.0,1.2246467991473532e-16,-1.0,0,0,0.1,127,1,0,0,0,0,1,1,0,0,0,0,0.07333333333333333,0,0,0,0,0,0.0,0,0,0.0,0
invictus_enriched.csv:2058,0,1,0.8,2,1,1.0,0,0.2922222222222222,1.0,1.2246467991473532e-16,-1.0,0,0,0.1,137,1,1,0,0,0,1,0,0,0,0,0,0.12133333333333333,0,0,0,0,0,0.0,0,0,0.0,0
invictus_enriched.csv:2059,0,1,0.8,2,1,1.0,0,0.2922222222222222,1.0,1.2246467991473532e-16,-1.0,0,0,0.1,23,1,0,0,0,0,1,1,0,0,0,0,0.0026666666666666666,0,0,0,0,0,0.0,0,0,0.0,0
invictus_enriched.csv:2060,0,1,0.8,2,1,1.0,0,0.2922222222222222,1.0,1.2246467991473532e-16,-1.0,0,0,0.1,23,1,0,0,0,0,1,1,0,0,0,0,0.0026666666666666666,0,0,0,0,0,0.0,0,0,0.0,0
invictus_enriched.csv:2061,0,1,0.8,2,1,1.0,0,0.2922222222222222,1.0,1.2246467991473532e-16,-1.0,0,0,0.1,136,1,0,0,0,0,1,1,0,0,0,0,0.12133333333333333,0,0,0,0,0,0.0,0,0,0.0,0
invictus_enriched.csv:2062,0,1,0.8,2,1,1.0,0,0.2922222222222222,1.0,1.2246467991473532e-16,-1.0,0,0,0.1,60,3,0,0,0,0,0,1,0,0,0,0,0.18933333333333333,0,0,0,0,0,0.0,0,0,0.0,0
invictus_enriched.csv:2063,0,1,0.8,2,1,1.0,1,0.2922222222222222,1.0,1.2246467991473532e-16,-1.0,0,0,0.1,167,3,1,0,0,0,0,0,0,0,0,0,0.10666666666666667,0,0,0,0,0,0.0,0,0,0.0,0
invictus_enriched.csv:2064,0,1,0.8,2,1,1.0,0,0.2922222222222222,1.0,1.2246467991473532e-16,-1.0,0,0,0.1,35,3,0,0,0,0,0,1,0,0,0,0,0.15733333333333333,0,0,0,0,0,0.0,0,0,0.0,0
invictus_enriched.csv:2065,0,1,0.8,2,1,1.0,0,0.2922222222222222,1.0,1.2246467991473532e-16,-1.0,0,0,0.1,60,3,0,0,0,0,0,1,0,0,0,0,0.30133333333333334,0,0,0,0,0,0.0,0,0,0.0,0
invictus_enriched.csv:2066,0,1,0.8,2,1,1.0,0,0.2922222222222222,1.0,1.2246467991473532e-16,-1.0,0,0,0.1,23,1,0,0,0,0,1,1,0,0,0,0,0.0026666666666666666,0,0,0,0,0,0.0,0,0,0.0,0
invictus_enriched.csv:2067,0,1,0.8,2,1,1.0,0,0.2922222222222222,1.0,1.2246467991473532e-16,-1.0,0,0,0.1,139,3,1,0,0,0,0,0,0,0,0,0,0.06266666666666666,0,0,0,0,0,0.0,0,0,0.0,0
invictus_enriched.csv:2068,0,1,0.8,2,1,1.0,0,0.2922222222222222,1.0,1.2246467991473532e-16,-1.0,0,0,0.1,45,3,0,0,0,0,0,1,0,0,0,0,0.22266666666666668,0,0,0,0,0,0.0,0,0,0.0,0
invictus_enriched.csv:2069,0,1,0.8,2,1,1.0,0,0.2922222222222222,1.0,1.2246467991473532e-16,-1.0,0,0,0.1,45,3,0,0,1,0,0,1,0,0,0,0,0.12266666666666666,0,0,0,0,0,0.0,0,0,0.0,0
invictus_enriched.csv:2070,0,1,0.8,2,1,1.0,0,0.2922222222222222,1.0,1.2246467991473532e-16,-1.0,0,0,0.1,138,3,1,0,0,0,0,0,0,0,0,0,0.05466666666666667,0,0,0,0,0,0.0,0,0,0.0,0
invictus_enriched.csv:2071,0,1,0.8,2,1,1.0,0,0.2922222222222222,1.0,1.2246467991473532e-16,-1.0,0,0,0.1,45,3,0,0,0,0,0,1,0,0,0,0,0.12266666666666666,0,0,0,0,0,0.0,0,0,0.0,0
invictus_enriched.csv:2072,0,1,0.8,2,1,1.0,0,0.2922222222222222,1.0,1.2246467991473532e-16,-1.0,0,0,0.1,45,3,0,0,0,0,0,1,0,0,0,0,0.12266666666666666,0,0,0,0,0,0.0,0,0,0.0,0
invictus_enriched.csv:2073,0,1,0.8,2,1,1.0,0,0.2922222222222222,1.0,1.2246467991473532e-16,-1.0,0,0,0.1,45,3,0,0,0,0,0,1,0,0,0,0,0.12266666666666666,0,0,0,0,0,0.0,0,0,0.0,0
invictus_enriched.csv:2074,0,1,0.8,2,1,1.0,0,0.2922222222222222,1.0,1.2246467991473532e-16,-1.0,0,0,0.1,60,3,0,0,0,0,0,1,0,0,0,0,0.30133333333333334,0,0,0,0,0,0.0,0,0,0.0,0
invictus_enriched.csv:2075,0,1,0.8,2,1,1.0,0,0.2922222222222222,1.0,1.2246467991473532e-16,-1.0,0,0,0.1,60,3,0,0,0,0,0,1,0,0,0,0,0.30133333333333334,0,0,0,0,0,0.0,0,0,0.0,0
invictus_enriched.csv:2076,0,1,0.8,2,1,1.0,0,0.2922222222222222,1.0,1.2246467991473532e-16,-1.0,0,0,0.1,45,3,0,0,0,0,0,1,0,0,0,0,0.22266666666666668,0,0,0,0,0,0.0,0,0,0.0,0
invictus_enriched.csv:2077,0,1,0.8,2,1,1.0,0,0.2922222222222222,1.0,1.2246467991473532e-16,-1.0,0,0,0.1,139,3,1,0,0,0,0,0,0,0,0,0,0.06266666666666666,0,0,0,0,0,0.0,0,0,0.0,0
invictus_enriched.csv:2078,0,1,0.8,2,1,1.0,0,0.2922222222222222,1.0,1.2246467991473532e-16,-1.0,0,0,0.1,141,3,1,0,0,0,0,0,0,0,0,0,0.104,0,0,0,0,0,0.0,0,0,0.0,0
invictus_enriched.csv:2079,0,1,0.8,2,1,1.0,0,0.2922222222222222,1.0,1.2246467991473532e-16,-1.0,0,0,0.1,60,3,0,0,0,0,0,1,0,0,0,0,0.18933333333333333,0,0,0,0,0,0.0,0,0,0.0,0
invictus_enriched.csv:2080,0,1,0.8,2,1,0.9997222222222222,0,0.2925,1.0,1.2246467991473532e-16,-1.0,0,0,0.1,167,3,1,0,0,0,0,0,0,0,0,0,0.10666666666666667,0,0,0,0,0,0.0,0,0,0.0,0
invictus_enriched.csv:2081,0,1,0.8,2,1,1.0,0,0.2925,1.0,1.2246467991473532e-16,-1.0,0,0,0.1,28,1,0,0,0,0,1,1,0,0,0,0,0.068,0,0,0,0,0,0.0,0,0,0.0,0
invictus_enriched.csv:2082,0,1,0.8,2,1,1.0,0,0.2925,1.0,1.2246467991473532e-16,-1.0,0,0,0.1,52,3,0,0,0,0,0,1,0,0,0,0,0.136,0,0,0,0,0,0.0,0,0,0.0,0
invictus_enriched.csv:2083,0,1,0.8,2,1,1.0,0,0.2925,1.0,1.2246467991473532e-16,-1.0,0,0,0.1,45,3,0,0,0,0,0,1,0,0,0,0,0.12266666666666666,0,0,0,0,0,0.0,0,0,0.0,0
invictus_enriched.csv:2084,0,1,0.8,2,1,1.0,0,0.2925,1.0,1.2246467991473532e-16,-1.0,0,0,0.1,142,3,1,0,0,0,0,0,0,0,0,0,0.06133333333333333,0,0,0,0,0,0.0,0,0,0.0,0
invictus_enriched.csv:2085,0,1,0.8,2,1,1.0,0,0.2925,1.0,1.2246467991473532e-16,-1.0,0,0,0.1,45,3,0,0,1,0,0,1,0,0,0,0,0.12266666666666666,0,0,0,0,0,0.0,0,0,0.0,0
invictus_enriched.csv:2086,0,1,0.8,2,1,1.0,0,0.2925,1.0,1.2246467991473532e-16,-1.0,0,0,0.1,140,3,1,0,0,0,0,0,0,0,0,0,0.05333333333333334,0,0,0,0,0,0.0,0,0,0.0,0
invictus_enriched.csv:2087,0,1,0.8,2,1,1.0,1,0.2925,1.0,1.2246467991473532e-16,-1.0,0,0,0.1,168,3,1,0,0,0,0,0,0,0,0,0,0.04666666666666667,0,0,0,0,0,0.0,0,0,0.0,0
invictus_enriched.csv:2088,0,1,0.8,2,1,1.0,0,0.2925,1.0,1.2246467991473532e-16,-1.0,0,0,0.1,140,3,1,0,0,0,0,0,0,0,0,0,0.05333333333333334,0,0,0,0,0,0.0,0,0,0.0,0
invictus_enriched.csv:2089,0,1,0.8,2,1,1.0,0,0.2925,1.0,1.2246467991473532e-16,-1.0,0,0,0.1,140,3,1,0,0,0,0,0,0,0,0,0,0.05333333333333334,0,0,0,0,0,0.0,0,0,0.0,0
invictus_enriched.csv:2090,0,1,0.8,2,1,1.0,0,0.2925,1.0,1.2246467991473532e-16,-1.0,0,0,0.1,60,3,0,0,0,0,0,1,0,0,0,0,0.2946666666666667,0,0,0,0,0,0.0,0,0,0.0,0
invictus_enriched.csv:2091,0,1,0.8,2,1,1.0,0,0.2925,1.0,1.2246467991473532e-16,-1.0,0,0,0.1,140,3,1,0,0,0,0,0,0,0,0,0,0.05333333333333334,0,0,0,0,0,0.0,0,0,0.0,0
invictus_enriched.csv:2092,0,1,0.8,2,1,1.0,0,0.2925,1.0,1.2246467991473532e-16,-1.0,0,0,0.1,60,3,0,0,0,0,0,1,0,0,0,0,0.30133333333333334,0,0,0,0,0,0.0,0,0,0.0,0
invictus_enriched.csv:2093,0,1,0.8,2,1,1.0,0,0.2925,1.0,1.2246467991473532e-16,-1.0,0,0,0.1,52,3,0,0,0,0,0,1,0,0,0,0,0.136,0,0,0,0,0,0.0,0,0,0.0,0
invictus_enriched.csv:2094,0,1,0.8,2,1,1.0,0,0.2925,1.0,1.2246467991473532e-16,-1.0,0,0,0.1,128,3,1,0,0,0,0,0,0,0,0,0,0.108,0,0,0,0,0,0.0,0,0,0.0,0
invictus_enriched.csv:2095,0,1,0.8,2,1,1.0,0,0.2925,1.0,1.2246467991473532e-16,-1.0,0,0,0.1,35,3,0,0,0,0,0,1,0,0,0,0,0.15733333333333333,0,0,0,0,0,0.0,0,0,0.0,0
invictus_enriched.csv:2096,0,1,0.8,2,1,1.0,0,0.2925,1.0,1.2246467991473532e-16,-1.0,0,0,0.1,150,3,1,0,0,0,0,0,0,0,0,0,0.06266666666666666,0,0,0,0,0,0.0,0,0,0.0,0
invictus_enriched.csv:2097,0,1,0.8,2,1,1.0,0,0.2925,1.0,1.2246467991473532e-16,-1.0,0,0,0.1,130,1,1,0,0,0,1,0,0,0,0,0,0.068,0,0,0,0,0,0.0,0,0,0.0,0
invictus_enriched.csv:2098,0,1,0.8,2,1,0.9994444444444445,0,0.29305555555555557,1.0,1.2246467991473532e-16,-1.0,0,0,0.1,33,3,0,0,0,0,0,1,0,0,0,0,0.16133333333333333,0,0,0,0,0,0.0,0,0,0.0,0
invictus_enriched.csv:2099,0,1,0.8,2,1,1.0,0,0.29305555555555557,1.0,1.2246467991473532e-16,-1.0,0,0,0.1,21,3,0,0,0,0,0,1,0,0,0,0,0.064,0,0,0,0,0,0.0,0,0,0.0,0
invictus_enriched.csv:2100,0,1,0.8,2,1,0.9994444444444445,0,0.2936111111111111,1.0,1.2246467991473532e-16,-1.0,0,0,0.1,23,1,0,0,0,0,1,1,0,0,0,0,0.0026666666666666666,0,0,0,0,0,0.0,0,0,0.0,0
invictus_enriched.csv:2101,0,1,0.8,2,1,1.0,0,0.2936111111111111,1.0,1.2246467991473532e-16,-1.0,0,0,0.1,32,3,0,0,0,0,0,1,0,0,0,0,0.2,0,0,0,0,0,0.0,0,0,0.0,0
invictus_enriched.csv:2102,0,1,0.8,2,1,0.9997222222222222,0,0.29388888888888887,1.0,1.2246467991473532e-16,-1.0,0,0,0.1,23,1,0,0,0,0,1,1,0,0,0,0,0.0026666666666666666,0,0,0,0,0,0.0,0,0,0.0,0
invictus_enriched.csv:2103,0,1,0.8,2,1,0.9997222222222222,0,0.2941666666666667,1.0,1.2246467991473532e-16,-1.0,0,0,0.1,34,3,1,0,1,0,0,0,0,0,0,0,0.3626666666666667,0,0,0,0,0,0.0,0,0,0.0,0
invictus_enriched.csv:2104,0,1,0.8,2,1,0.9994444444444445,0,0.2947222222222222,1.0,1.2246467991473532e-16,-1.0,0,0,0.1,23,1,0,0,0,0,1,1,0,0,0,0,0.0026666666666666666,0,0,0,0,0,0.0,0,0,0.0,0
invictus_enriched.csv:2105,0,1,0.8,2,1,1.0,0,0.2947222222222222,1.0,1.2246467991473532e-16,-1.0,0,0,0.1,32,3,0,0,0,0,0,1,0,0,0,0,0.2,0,0,0,0,0,0.0,0,0,0.0,0
invictus_enriched.csv:2106,0,0,0.8,2,1,0.9163888888888889,0,0.5072222222222222,0.3023001095290252,1.2246467991473532e-16,-1.0,0,0,0.1,10,0,0,0,0,0,0,1,0,0,0,0,0.19466666666666665,0,0,0,0,0,0.0,0,0,0.0,0
invictus_enriched.csv:2107,0,0,0.8,2,1,1.0,0,0.5072222222222222,0.30558598028477546,1.2246467991473532e-16,-1.0,0,0,0.1,10,0,0,0,0,0,0,1,0,0,0,1,0.196,0,0,0,0,0,0.0,0,0,0.0,0
invictus_enriched.csv:2108,0,0,0.8,2,1,0.9816666666666667,1,0.31305555555555553,1.0,1.2246467991473532e-16,-1.0,0,0,0.1,9,0,0,0,0,0,0,1,0,0,0,0,0.0026666666666666666,0,0,0,0,0,0.0,0,0,0.0,0
invictus_enriched.csv:2109,0,0,0.8,2,1,1.0,1,0.31305555555555553,1.0,1.2246467991473532e-16,-1.0,0,0,0.1,10,0,0,0,0,0,0,1,0,0,0,0,0.19466666666666665,0,0,0,0,0,0.0,0,0,0.0,0
invictus_enriched.csv:2110,0,0,0.8,2,1,1.0,0,0.31305555555555553,1.0,1.2246467991473532e-16,-1.0,0,0,0.1,10,0,0,0,0,0,0,1,0,0,0,1,0.196,0,0,0,0,0,0.0,0,0,0.0,0
invictus_enriched.csv:2111,0,0,0.8,2,1,0.9997222222222222,0,0.31333333333333335,1.0,1.2246467991473532e-16,-1.0,0,0,0.1,10,0,0,0,0,0,0,1,0,0,0,0,0.24266666666666667,0,0,0,0,0,0.0,0,0,0.0,0
invictus_enriched.csv:2112,0,0,0.8,2,1,1.0,1,0.31333333333333335,1.0,1.2246467991473532e-16,-1.0,0,0,0.1,169,0,0,0,1,0,0,1,0,0,0,0,0.0026666666666666666,0,0,0,0,0,0.0,0,0,0.0,0
invictus_enriched.csv:2113,0,0,0.8,2,1,1.0,0,0.31333333333333335,1.0,1.2246467991473532e-16,-1.0,0,0,0.1,10,0,0,0,0,0,0,1,0,0,0,1,0.244,0,0,0,0,0,0.0,0,0,0.0,0
invictus_enriched.csv:2114,0,0,0.8,2,1,1.0,0,0.31333333333333335,1.0,1.2246467991473532e-16,-1.0,0,0,0.1,10,0,0,0,0,0,0,1,0,0,0,0,0.224,0,0,0,0,0,0.0,0,0,0.0,0
invictus_enriched.csv:2115,0,0,0.8,2,1,1.0,0,0.31333333333333335,1.0,1.2246467991473532e-16,-1.0,0,0,0.1,10,0,0,0,0,0,0,1,0,0,0,1,0.22533333333333333,0,0,0,0,0,0.0,0,0,0.0,0
invictus_enriched.csv:2116,0,0,0.8,2,1,1.0,1,0.31333333333333335,1.0,1.2246467991473532e-16,-1.0,0,0,0.1,170,0,0,0,1,1,0,1,0,0,0,0,0.43066666666666664,0,0,0,0,0,0.0,0,0,0.0,0
invictus_enriched.csv:2117,0,0,0.8,2,1,1.0,1,0.31333333333333335,1.0,1.2246467991473532e-16,-1.0,0,0,0.1,171,0,0,0,1,1,0,1,0,0,0,0,0.36133333333333334,0,0,0,0,0,0.0,0,0,0.0,0
invictus_enriched.csv:2118,0,0,0.8,2,1,1.0,1,0.31333333333333335,1.0,1.2246467991473532e-16,-1.0,0,0,0.1,172,0,0,0,0,0,0,1,0,0,0,0,0.028,0,0,0,0,0,0.0,0,0,0.0,0
invictus_enriched.csv:2119,0,0,0.8,2,1,1.0,0,0.31333333333333335,1.0,1.2246467991473532e-16,-1.0,0,0,0.1,10,0,0,0,0,0,0,1,0,0,0,1,0.25466666666666665,0,0,0,0,0,0.0,0,0,0.0,0
invictus_enriched.csv:2120,0,0,0.8,2,1,1.0,0,0.31333333333333335,1.0,1.2246467991473532e-16,-1.0,0,0,0.1,10,0,0,0,0,0,0,1,0,0,0,0,0.25333333333333335,0,0,0,0,0,0.0,0,0,0.0,0
invictus_enriched.csv:2121,0,0,0.8,2,1,1.0,1,0.31333333333333335,1.0,1.2246467991473532e-16,-1.0,0,0,0.1,173,3,0,0,0,0,0,1,0,0,0,0,0.04933333333333333,0,0,0,0,0,0.0,0,0,0.0,0
invictus_enriched.csv:2122,0,0,0.8,2,1,0.9997222222222222,1,0.3136111111111111,1.0,1.2246467991473532e-16,-1.0,0,0,0.1,174,0,0,0,0,0,0,1,0,0,0,0,0.12133333333333333,0,0,0,0,0,0.0,0,0,0.0,0
invictus_enriched.csv:2123,0,0,0.8,2,1,1.0,0,0.3136111111111111,1.0,1.2246467991473532e-16,-1.0,0,0,0.1,174,0,0,0,0,0,0,1,0,0,0,0,0.912,0,0,0,0,0,0.0,0,0,0.0,0
invictus_enriched.csv:2124,0,0,0.8,2,1,1.0,1,0.3136111111111111,1.0,1.2246467991473532e-16,-1.0,0,0,0.1,175,0,0,0,0,0,0,1,0,0,0,0,0.029333333333333333,0,0,0,0,0,0.0,0,0,0.0,0
invictus_enriched.csv:2125,0,0,0.8,2,1,0.9994444444444445,0,0.31416666666666665,1.0,1.2246467991473532e-16,-1.0,0,0,0.1,173,3,0,0,0,0,0,1,0,0,0,0,0.02266666666666667,0,0,0,0,0,0.0,0,0,0.0,0
invictus_enriched.csv:2126,0,0,0.8,2,1,0.9994444444444445,0,0.31472222222222224,1.0,1.2246467991473532e-16,-1.0,0,0,0.1,37,3,0,0,0,0,0,1,0,0,0,0,0.068,0,0,0,0,0,0.0,0,0,0.0,0
invictus_enriched.csv:2127,0,0,0.8,2,1,1.0,0,0.31472222222222224,1.0,1.2246467991473532e-16,-1.0,0,0,0.1,21,3,0,0,0,0,0,1,0,0,0,0,0.132,0,0,0,0,0,0.0,0,0,0.0,0
invictus_enriched.csv:2128,0,0,0.8,2,1,0.9997222222222222,1,0.315,1.0,1.2246467991473532e-16,-1.0,0,0,0.1,176,3,0,0,0,0,0,1,0,0,0,0,0.07866666666666666,0,0,0,0,0,0.0,0,0,0.0,0
invictus_enriched.csv:2129,0,0,0.8,2,1,1.0,1,0.315,1.0,1.2246467991473532e-16,-1.0,0,0,0.1,177,3,0,0,0,0,0,1,0,0,0,0,0.050666666666666665,0,0,0,0,0,0.0,0,0,0.0,0
invictus_enriched.csv:2130,0,0,0.8,2,1,1.0,0,0.315,1.0,1.2246467991473532e-16,-1.0,0,0,0.2,63,3,0,0,0,0,0,1,0,0,0,0,0.19466666666666665,0,0,0,0,0,0.0,0,0,0.0,0
invictus_enriched.csv:2131,0,0,0.8,2,1,1.0,1,0.315,1.0,1.2246467991473532e-16,-1.0,0,0,0.1,178,3,0,0,0,0,0,1,0,0,0,0,0.088,0,0,0,0,0,0.0,0,0,0.0,0
invictus_enriched.csv:2132,0,0,0.8,2,1,1.0,0,0.315,1.0,1.2246467991473532e-16,-1.0,0,0,0.1,52,3,0,0,0,0,0,1,0,0,0,0,0.08666666666666667,0,0,0,0,0,0.0,0,0,0.0,0
invictus_enriched.csv:2133,0,0,0.8,2,1,1.0,0,0.315,1.0,1.2246467991473532e-16,-1.0,0,0,0.1,43,3,0,0,0,0,0,1,0,0,0,0,0.08,0,0,0,0,0,0.0,0,0,0.0,0
invictus_enriched.csv:2134,0,0,0.8,2,1,1.0,0,0.315,1.0,1.2246467991473532e-16,-1.0,0,0,0.1,59,3,0,0,0,0,0,1,0,0,0,0,0.06933333333333333,0,0,0,0,0,0.0,0,0,0.0,0
invictus_enriched.csv:2135,0,0,0.8,2,1,1.0,0,0.315,1.0,1.2246467991473532e-16,-1.0,0,0,0.1,53,3,0,0,0,0,0,1,0,0,0,0,0.072,0,0,0,0,0,0.0,0,0,0.0,0
invictus_enriched.csv:2136,0,0,0.8,2,1,1.0,1,0.315,1.0,1.2246467991473532e-16,-1.0,0,0,0.1,179,3,0,0,0,0,0,1,0,0,0,0,0.05466666666666667,0,0,0,0,0,0.0,0,0,0.0,0
invictus_enriched.csv:2137,0,0,0.8,2,1,1.0,0,0.315,1.0,1.2246467991473532e-16,-1.0,0,0,0.1,35,3,0,0,0,0,0,1,0,0,0,0,0.08133333333333333,0,0,0,0,0,0.0,0,0,0.0,0
invictus_enriched.csv:2138,0,0,0.8,2,1,1.0,0,0.315,1.0,1.2246467991473532e-16,-1.0,0,0,0.1,47,3,0,0,0,0,0,1,0,0,0,0,0.116,0,0,0,0,0,0.0,0,0,0.0,0
invictus_enriched.csv:2139,0,0,0.8,2,1,1.0,0,0.315,1.0,1.2246467991473532e-16,-1.0,0,0,0.1,45,3,0,0,0,0,0,1,0,0,0,0,0.07866666666666666,0,0,0,0,0,0.0,0,0,0.0,0
invictus_enriched.csv:2140,0,0,0.8,2,1,1.0,1,0.315,1.0,1.2246467991473532e-16,-1.0,0,0,0.1,180,3,0,0,0,0,0,1,0,0,0,0,0.05733333333333333,0,0,0,0,0,0.0,0,0,0.0,0
invictus_enriched.csv:2141,0,0,0.8,2,1,1.0,1,0.315,1.0,1.2246467991473532e-16,-1.0,0,0,0.1,181,3,0,0,0,0,0,1,0,0,0,0,0.07066666666666667,0,0,0,0,0,0.0,0,0,0.0,0
invictus_enriched.csv:2142,0,0,0.8,2,1,1.0,1,0.315,1.0,1.2246467991473532e-16,-1.0,0,0,0.1,182,3,0,0,0,0,0,1,0,0,0,0,0.09733333333333333,0,0,0,0,0,0.0,0,0,0.0,0
invictus_enriched.csv:2143,0,0,0.8,2,1,1.0,1,0.315,1.0,1.2246467991473532e-16,-1.0,0,0,0.1,183,3,0,0,0,0,0,1,0,0,0,0,0.09333333333333334,0,0,0,0,0,0.0,0,0,0.0,0
invictus_enriched.csv:2144,0,0,0.8,2,1,0.9994444444444445,0,0.31555555555555553,1.0,1.2246467991473532e-16,-1.0,0,0,0.1,10,0,0,0,0,0,0,1,0,0,0,0,0.19466666666666665,0,0,0,0,0,0.0,0,0,0.0,0
invictus_enriched.csv:2145,0,0,0.8,2,1,1.0,0,0.31555555555555553,1.0,1.2246467991473532e-16,-1.0,0,0,0.1,10,0,0,0,0,0,0,1,0,0,0,1,0.196,0,0,0,0,0,0.0,0,0,0.0,0
invictus_enriched.csv:2146,0,0,0.8,2,1,0.9997222222222222,0,0.31583333333333335,1.0,1.2246467991473532e-16,-1.0,0,0,0.1,43,3,0,0,0,0,0,1,0,0,0,0,0.08,0,0,0,0,0,0.0,0,0,0.0,0
invictus_enriched.csv:2147,0,0,0.8,2,1,1.0,0,0.31583333333333335,1.0,1.2246467991473532e-16,-1.0,0,0,0.1,37,3,0,0,0,0,0,1,0,0,0,0,0.068,0,0,0,0,0,0.0,0,0,0.0,0
invictus_enriched.csv:2148,0,0,0.8,2,1,1.0,0,0.31583333333333335,1.0,1.2246467991473532e-16,-1.0,0,0,0.1,176,3,0,0,0,0,0,1,0,0,0,0,0.07866666666666666,0,0,0,0,0,0.0,0,0,0.0,0
invictus_enriched.csv:2149,0,0,0.8,2,1,1.0,0,0.31583333333333335,1.0,1.2246467991473532e-16,-1.0,0,0,0.1,21,3,0,0,0,0,0,1,0,0,0,0,0.17733333333333334,0,0,0,0,0,0.0,0,0,0.0,0
invictus_enriched.csv:2150,0,0,0.8,2,1,1.0,0,0.31583333333333335,1.0,1.2246467991473532e-16,-1.0,0,0,0.1,45,3,0,0,0,0,0,1,0,0,0,0,0.07866666666666666,0,0,0,0,0,0.0,0,0,0.0,0
invictus_enriched.csv:2151,0,0,0.8,2,1,1.0,0,0.31583333333333335,1.0,1.2246467991473532e-16,-1.0,0,0,0.1,9,0,0,0,0,0,0,1,0,0,0,0,0.0026666666666666666,0,0,0,0,0,0.0,0,0,0.0,0
invictus_enriched.csv:2152,0,0,0.8,2,1,0.9994444444444445,0,0.3163888888888889,1.0,1.2246467991473532e-16,-1.0,0,0,0.1,52,3,0,0,0,0,0,1,0,0,0,0,0.19466666666666665,0,0,0,0,0,0.0,0,0,0.0,0
invictus_enriched.csv:2153,0,0,0.8,2,1,1.0,0,0.3163888888888889,1.0,1.2246467991473532e-16,-1.0,0,0,0.1,181,3,0,0,0,0,0,1,0,0,0,0,0.17333333333333334,0,0,0,0,0,0.0,0,0,0.0,0
invictus_enriched.csv:2154,0,0,0.8,2,1,1.0,0,0.3163888888888889,1.0,1.2246467991473532e-16,-1.0,0,0,0.1,178,3,0,0,0,0,0,1,0,0,0,0,0.06533333333333333,0,0,0,0,0,0.0,0,0,0.0,0
invictus_enriched.csv:2155,0,0,0.8,2,1,1.0,0,0.3163888888888889,1.0,1.2246467991473532e-16,-1.0,0,0,0.1,43,3,0,0,0,0,0,1,0,0,0,0,0.2866666666666667,0,0,0,0,0,0.0,0,0,0.0,0
invictus_enriched.csv:2156,0,0,0.8,2,1,1.0,0,0.3163888888888889,1.0,1.2246467991473532e-16,-1.0,0,0,0.1,37,3,0,0,0,0,0,1,0,0,0,0,0.10133333333333333,0,0,0,0,0,0.0,0,0,0.0,0
invictus_enriched.csv:2157,0,0,0.8,2,1,1.0,0,0.3163888888888889,1.0,1.2246467991473532e-16,-1.0,0,0,0.1,178,3,0,0,0,0,0,1,0,0,0,0,0.06533333333333333,0,0,0,0,0,0.0,0,0,0.0,0
invictus_enriched.csv:2158,0,0,0.8,2,1,1.0,0,0.3163888888888889,1.0,1.2246467991473532e-16,-1.0,0,0,0.1,52,3,0,0,0,0,0,1,0,0,0,0,0.19466666666666665,0,0,0,0,0,0.0,0,0,0.0,0
invictus_enriched.csv:2159,0,0,0.8,2,1,1.0,0,0.3163888888888889,1.0,1.2246467991473532e-16,-1.0,0,0,0.1,37,3,0,0,0,0,0,1,0,0,0,0,0.10133333333333333,0,0,0,0,0,0.0,0,0,0.0,0
invictus_enriched.csv:2160,0,0,0.8,2,1,1.0,0,0.3163888888888889,1.0,1.2246467991473532e-16,-1.0,0,0,0.1,37,3,0,0,0,0,0,1,0,0,0,0,0.10133333333333333,0,0,0,0,0,0.0,0,0,0.0,0
invictus_enriched.csv:2161,0,0,0.8,2,1,1.0,0,0.3163888888888889,1.0,1.2246467991473532e-16,-1.0,0,0,0.1,39,3,0,0,0,0,0,1,0,0,0,0,0.04533333333333334,0,0,0,0,0,0.0,0,0,0.0,0
invictus_enriched.csv:2162,0,0,0.8,2,1,1.0,1,0.3163888888888889,1.0,1.2246467991473532e-16,-1.0,0,0,0.1,184,0,0,0,0,0,0,1,0,0,0,0,0.07066666666666667,0,0,0,0,0,0.0,0,0,0.0,0
invictus_enriched.csv:2163,0,0,0.8,2,1,1.0,0,0.3163888888888889,1.0,1.2246467991473532e-16,-1.0,0,0,0.1,53,3,0,0,0,0,0,1,0,0,0,0,0.16533333333333333,0,0,0,0,0,0.0,0,0,0.0,0
invictus_enriched.csv:2164,0,0,0.8,2,1,1.0,0,0.3163888888888889,1.0,1.2246467991473532e-16,-1.0,0,0,0.1,59,3,0,0,0,0,0,1,0,0,0,0,0.172,0,0,0,0,0,0.0,0,0,0.0,0
invictus_enriched.csv:2165,0,0,0.8,2,1,1.0,0,0.3163888888888889,1.0,1.2246467991473532e-16,-1.0,0,0,0.1,53,3,0,0,0,0,0,1,0,0,0,0,0.16533333333333333,0,0,0,0,0,0.0,0,0,0.0,0
invictus_enriched.csv:2166,0,0,0.8,2,1,1.0,0,0.3163888888888889,1.0,1.2246467991473532e-16,-1.0,0,0,0.1,39,3,0,0,0,0,0,1,0,0,0,0,0.04533333333333334,0,0,0,0,0,0.0,0,0,0.0,0
invictus_enriched.csv:2167,0,0,0.8,2,1,1.0,0,0.3163888888888889,1.0,1.2246467991473532e-16,-1.0,0,0,0.1,181,3,0,0,0,0,0,1,0,0,0,0,0.17333333333333334,0,0,0,0,0,0.0,0,0,0.0,0
invictus_enriched.csv:2168,0,0,0.8,2,1,1.0,0,0.3163888888888889,1.0,1.2246467991473532e-16,-1.0,0,0,0.1,45,3,0,0,0,0,0,1,0,0,0,0,0.17333333333333334,0,0,0,0,0,0.0,0,0,0.0,0
invictus_enriched.csv:2169,0,0,0.8,2,1,1.0,0,0.3163888888888889,1.0,1.2246467991473532e-16,-1.0,0,0,0.1,39,3,0,0,0,0,0,1,0,0,0,0,0.04533333333333334,0,0,0,0,0,0.0,0,0,0.0,0
invictus_enriched.csv:2170,0,0,0.8,2,1,1.0,0,0.3163888888888889,1.0,1.2246467991473532e-16,-1.0,0,0,0.1,59,3,0,0,0,0,0,1,0,0,0,0,0.172,0,0,0,0,0,0.0,0,0,0.0,0
invictus_enriched.csv:2171,0,0,0.8,2,1,1.0,0,0.3163888888888889,1.0,1.2246467991473532e-16,-1.0,0,0,0.1,45,3,0,0,0,0,0,1,0,0,0,0,0.29733333333333334,0,0,0,0,0,0.0,0,0,0.0,0
invictus_enriched.csv:2172,0,0,0.8,2,1,1.0,0,0.3163888888888889,1.0,1.2246467991473532e-16,-1.0,0,0,0.1,45,3,0,0,0,0,0,1,0,0,0,0,0.17333333333333334,0,0,0,0,0,0.0,0,0,0.0,0
invictus_enriched.csv:2173,0,1,0.8,2,1,0.9819444444444444,0,0.33444444444444443,1.0,1.2246467991473532e-16,-1.0,0,0,0.1,23,1,0,0,0,0,1,1,0,0,0,0,0.0026666666666666666,0,0,0,0,0,0.0,0,0,0.0,0
invictus_enriched.csv:2174,0,1,0.8,2,1,1.0,0,0.33444444444444443,1.0,1.2246467991473532e-16,-1.0,0,0,0.1,32,3,0,0,0,0,0,1,0,0,0,0,0.2,0,0,0,0,0,0.0,0,0,0.0,0
invictus_enriched.csv:2175,0,1,0.8,2,1,1.0,0,0.33444444444444443,1.0,1.2246467991473532e-16,-1.0,0,0,0.1,37,3,0,0,0,0,0,1,0,0,0,0,0.10133333333333333,0,0,0,0,0,0.0,0,0,0.0,0
invictus_enriched.csv:2176,0,1,0.8,2,1,0.9997222222222222,0,0.3347222222222222,1.0,1.2246467991473532e-16,-1.0,0,0,0.1,33,3,0,0,0,0,0,1,0,0,0,0,0.26266666666666666,0,0,0,0,0,0.0,0,0,0.0,0
invictus_enriched.csv:2177,0,1,0.8,2,1,1.0,0,0.3347222222222222,1.0,1.2246467991473532e-16,-1.0,0,0,0.1,38,3,0,0,0,0,0,1,0,0,0,0,0.1,0,0,0,0,0,0.0,0,0,0.0,0
invictus_enriched.csv:2178,0,1,0.8,2,1,1.0,0,0.3347222222222222,1.0,1.2246467991473532e-16,-1.0,0,0,0.1,41,3,0,0,0,0,0,1,0,0,0,0,0.13733333333333334,0,0,0,0,0,0.0,0,0,0.0,0
invictus_enriched.csv:2179,0,1,0.8,2,1,1.0,0,0.3347222222222222,1.0,1.2246467991473532e-16,-1.0,0,0,0.1,35,3,0,0,1,0,0,1,0,0,0,0,0.15733333333333333,0,0,0,0,0,0.0,0,0,0.0,0
invictus_enriched.csv:2180,0,1,0.8,2,1,0.9997222222222222,0,0.335,1.0,1.2246467991473532e-16,-1.0,0,0,0.1,39,3,0,0,0,0,0,1,0,0,0,0,0.04533333333333334,0,0,0,0,0,0.0,0,0,0.0,0
invictus_enriched.csv:2181,0,1,0.8,2,1,1.0,0,0.335,1.0,1.2246467991473532e-16,-1.0,0,0,0.1,39,3,0,0,0,0,0,1,0,0,0,0,0.04533333333333334,0,0,0,0,0,0.0,0,0,0.0,0
invictus_enriched.csv:2182,0,1,0.8,2,1,0.9997222222222222,0,0.3352777777777778,1.0,1.2246467991473532e-16,-1.0,0,0,0.1,43,3,0,0,0,0,0,1,0,0,0,0,0.26,0,0,0,0,0,0.0,0,0,0.0,0
invictus_enriched.csv:2183,0,1,0.8,2,1,1.0,0,0.3352777777777778,1.0,1.2246467991473532e-16,-1.0,0,0,0.1,45,3,0,0,0,0,0,1,0,0,0,0,0.272,0,0,0,0,0,0.0,0,0,0.0,0
invictus_enriched.csv:2184,0,1,0.8,2,1,0.9997222222222222,0,0.33555555555555555,1.0,1.2246467991473532e-16,-1.0,0,0,0.1,47,3,0,0,0,0,0,1,0,0,0,0,0.304,0,0,0,0,0,0.0,0,0,0.0,0
invictus_enriched.csv:2185,0,1,0.8,2,1,1.0,0,0.33555555555555555,1.0,1.2246467991473532e-16,-1.0,0,0,0.1,52,3,0,0,1,0,0,1,0,0,0,0,0.136,0,0,0,0,0,0.0,0,0,0.0,0
invictus_enriched.csv:2186,0,1,0.8,2,1,0.9997222222222222,0,0.3358333333333333,1.0,1.2246467991473532e-16,-1.0,0,0,0.1,23,1,0,0,0,0,1,1,0,0,0,0,0.0026666666666666666,0,0,0,0,0,0.0,0,0,0.0,0
invictus_enriched.csv:2187,0,1,0.8,2,1,0.9997222222222222,0,0.33611111111111114,1.0,1.2246467991473532e-16,-1.0,0,0,0.1,134,3,1,0,0,0,0,0,0,0,0,0,0.04533333333333334,0,0,0,0,0,0.0,0,0,0.0,0
invictus_enriched.csv:2188,0,0,0.8,2,1,0.9994444444444445,0,0.33666666666666667,1.0,1.2246467991473532e-16,-1.0,0,0,0.1,43,3,0,0,0,0,0,1,0,0,0,0,0.08,0,0,0,0,0,0.0,0,0,0.0,0
invictus_enriched.csv:2189,0,0,0.8,2,1,1.0,0,0.33666666666666667,1.0,1.2246467991473532e-16,-1.0,0,0,0.1,37,3,0,0,0,0,0,1,0,0,0,0,0.068,0,0,0,0,0,0.0,0,0,0.0,0
invictus_enriched.csv:2190,0,0,0.8,2,1,1.0,0,0.33666666666666667,1.0,1.2246467991473532e-16,-1.0,0,0,0.1,45,3,0,0,0,0,0,1,0,0,0,0,0.07866666666666666,0,0,0,0,0,0.0,0,0,0.0,0
invictus_enriched.csv:2191,0,0,0.8,2,1,1.0,0,0.33666666666666667,1.0,1.2246467991473532e-16,-1.0,0,0,0.1,37,3,0,0,0,0,0,1,0,0,0,0,0.068,0,0,0,0,0,0.0,0,0,0.0,0
invictus_enriched.csv:2192,0,0,0.8,2,1,1.0,0,0.33666666666666667,1.0,1.2246467991473532e-16,-1.0,0,0,0.1,176,3,0,0,0,0,0,1,0,0,0,0,0.07866666666666666,0,0,0,0,0,0.0,0,0,0.0,0
invictus_enriched.csv:2193,0,0,0.8,2,1,0.9994444444444445,0,0.3372222222222222,1.0,1.2246467991473532e-16,-1.0,0,0,0.1,176,3,0,0,0,0,0,1,0,0,0,0,0.07866666666666666,0,0,0,0,0,0.0,0,0,0.0,0
invictus_enriched.csv:2194,0,0,0.8,2,1,1.0,0,0.3372222222222222,1.0,1.2246467991473532e-16,-1.0,0,0,0.1,37,3,0,0,0,0,0,1,0,0,0,0,0.068,0,0,0,0,0,0.0,0,0,0.0,0
invictus_enriched.csv:2195,0,0,0.8,2,1,1.0,0,0.3372222222222222,1.0,1.2246467991473532e-16,-1.0,0,0,0.1,43,3,0,0,0,0,0,1,0,0,0,0,0.08,0,0,0,0,0,0.0,0,0,0.0,0
invictus_enriched.csv:2196,0,0,0.8,2,1,1.0,0,0.3372222222222222,1.0,1.2246467991473532e-16,-1.0,0,0,0.1,37,3,0,0,0,0,0,1,0,0,0,0,0.068,0,0,0,0,0,0.0,0,0,0.0,0
invictus_enriched.csv:2197,0,0,0.8,2,1,1.0,0,0.3372222222222222,1.0,1.2246467991473532e-16,-1.0,0,0,0.1,45,3,0,0,0,0,0,1,0,0,0,0,0.07866666666666666,0,0,0,0,0,0.0,0,0,0.0,0
invictus_enriched.csv:2198,0,1,0.8,2,1,0.9986111111111111,0,0.3386111111111111,1.0,1.2246467991473532e-16,-1.0,0,0,0.1,21,3,0,0,0,0,0,1,0,0,0,0,0.064,0,0,0,0,0,0.0,0,0,0.0,0
invictus_enriched.csv:2199,0,1,0.8,2,1,0.9994444444444445,0,0.33916666666666667,1.0,1.2246467991473532e-16,-1.0,0,0,0.1,32,3,0,0,0,0,0,1,0,0,0,0,0.2,0,0,0,0,0,0.0,0,0,0.0,0
invictus_enriched.csv:2200,0,1,0.8,2,1,1.0,0,0.33916666666666667,1.0,1.2246467991473532e-16,-1.0,0,0,0.1,23,1,0,0,0,0,1,1,0,0,0,0,0.0026666666666666666,0,0,0,0,0,0.0,0,0,0.0,0
invictus_enriched.csv:2201,0,1,0.8,2,1,0.9997222222222222,0,0.33944444444444444,1.0,1.2246467991473532e-16,-1.0,0,0,0.1,23,1,0,0,0,0,1,1,0,0,0,0,0.0026666666666666666,0,0,0,0,0,0.0,0,0,0.0,0
invictus_enriched.csv:2202,0,1,0.8,2,1,0.9997222222222222,0,0.3397222222222222,1.0,1.2246467991473532e-16,-1.0,0,0,0.1,37,3,0,0,0,0,0,1,0,0,0,0,0.10133333333333333,0,0,0,0,0,0.0,0,0,0.0,0
invictus_enriched.csv:2203,0,1,0.8,2,1,1.0,0,0.3397222222222222,1.0,1.2246467991473532e-16,-1.0,0,0,0.1,34,3,1,0,0,0,0,0,0,0,0,0,0.3626666666666667,0,0,0,0,0,0.0,0,0,0.0,0
invictus_enriched.csv:2204,0,1,0.8,2,1,0.9997222222222222,0,0.34,1.0,1.2246467991473532e-16,-1.0,0,0,0.1,38,3,0,0,0,0,0,1,0,0,0,0,0.1,0,0,0,0,0,0.0,0,0,0.0,0
invictus_enriched.csv:2205,0,1,0.8,2,1,1.0,0,0.34,1.0,1.2246467991473532e-16,-1.0,0,0,0.1,41,3,0,0,0,0,0,1,0,0,0,0,0.13733333333333334,0,0,0,0,0,0.0,0,0,0.0,0
invictus_enriched.csv:2206,0,1,0.8,2,1,1.0,0,0.34,1.0,1.2246467991473532e-16,-1.0,0,0,0.1,37,3,0,0,0,0,0,1,0,0,0,0,0.10133333333333333,0,0,0,0,0,0.0,0,0,0.0,0
invictus_enriched.csv:2207,0,1,0.8,2,1,0.9997222222222222,0,0.3402777777777778,1.0,1.2246467991473532e-16,-1.0,0,0,0.1,39,3,0,0,0,0,0,1,0,0,0,0,0.04533333333333334,0,0,0,0,0,0.0,0,0,0.0,0
invictus_enriched.csv:2208,0,1,0.8,2,1,1.0,0,0.3402777777777778,1.0,1.2246467991473532e-16,-1.0,0,0,0.1,39,3,0,0,0,0,0,1,0,0,0,0,0.04533333333333334,0,0,0,0,0,0.0,0,0,0.0,0
invictus_enriched.csv:2209,0,1,0.8,2,1,0.9997222222222222,0,0.34055555555555556,1.0,1.2246467991473532e-16,-1.0,0,0,0.1,43,3,0,0,0,0,0,1,0,0,0,0,0.26,0,0,0,0,0,0.0,0,0,0.0,0
invictus_enriched.csv:2210,0,1,0.8,2,1,1.0,0,0.34055555555555556,1.0,1.2246467991473532e-16,-1.0,0,0,0.1,45,3,0,0,0,0,0,1,0,0,0,0,0.272,0,0,0,0,0,0.0,0,0,0.0,0
invictus_enriched.csv:2211,0,1,0.8,2,1,0.9997222222222222,0,0.3408333333333333,1.0,1.2246467991473532e-16,-1.0,0,0,0.1,51,3,1,0,0,0,0,0,0,0,0,0,0.38533333333333336,0,0,0,0,0,0.0,0,0,0.0,0
invictus_enriched.csv:2212,0,1,0.8,2,1,1.0,0,0.3408333333333333,1.0,1.2246467991473532e-16,-1.0,0,0,0.1,47,3,0,0,0,0,0,1,0,0,0,0,0.304,0,0,0,0,0,0.0,0,0,0.0,0
invictus_enriched.csv:2213,0,1,0.8,2,1,1.0,0,0.3408333333333333,1.0,1.2246467991473532e-16,-1.0,0,0,0.1,48,3,1,0,0,0,0,0,0,0,0,0,0.316,0,0,0,0,0,0.0,0,0,0.0,0
invictus_enriched.csv:2214,0,1,0.8,2,1,1.0,0,0.3408333333333333,1.0,1.2246467991473532e-16,-1.0,0,0,0.1,51,3,1,0,0,0,0,0,0,0,0,0,0.38533333333333336,0,0,0,0,0,0.0,0,0,0.0,0
invictus_enriched.csv:2215,0,1,0.8,2,1,1.0,0,0.3408333333333333,1.0,1.2246467991473532e-16,-1.0,0,0,0.1,48,3,1,0,0,0,0,0,0,0,0,0,0.316,0,0,0,0,0,0.0,0,0,0.0,0
invictus_enriched.csv:2216,0,1,0.8,2,1,0.9997222222222222,0,0.3411111111111111,1.0,1.2246467991473532e-16,-1.0,0,0,0.1,53,3,0,0,0,0,0,1,0,0,0,0,0.11333333333333333,0,0,0,0,0,0.0,0,0,0.0,0
invictus_enriched.csv:2217,0,1,0.8,2,1,1.0,0,0.3411111111111111,1.0,1.2246467991473532e-16,-1.0,0,0,0.1,53,3,0,0,0,0,0,1,0,0,0,0,0.11333333333333333,0,0,0,0,0,0.0,0,0,0.0,0
invictus_enriched.csv:2218,0,1,0.8,2,1,1.0,0,0.3411111111111111,1.0,1.2246467991473532e-16,-1.0,0,0,0.1,53,3,0,0,0,0,0,1,0,0,0,0,0.11333333333333333,0,0,0,0,0,0.0,0,0,0.0,0
invictus_enriched.csv:2219,0,1,0.8,2,1,1.0,0,0.3411111111111111,1.0,1.2246467991473532e-16,-1.0,0,0,0.1,45,3,0,0,0,0,0,1,0,0,0,0,0.12266666666666666,0,0,0,0,0,0.0,0,0,0.0,0
invictus_enriched.csv:2220,0,1,0.8,2,1,1.0,0,0.3411111111111111,1.0,1.2246467991473532e-16,-1.0,0,0,0.1,53,3,0,0,0,0,0,1,0,0,0,0,0.11333333333333333,0,0,0,0,0,0.0,0,0,0.0,0
invictus_enriched.csv:2221,0,1,0.8,2,1,1.0,0,0.3411111111111111,1.0,1.2246467991473532e-16,-1.0,0,0,0.1,45,3,0,0,0,0,0,1,0,0,0,0,0.12266666666666666,0,0,0,0,0,0.0,0,0,0.0,0
invictus_enriched.csv:2222,0,1,0.8,2,1,1.0,0,0.3411111111111111,1.0,1.2246467991473532e-16,-1.0,0,0,0.1,45,3,0,0,0,0,0,1,0,0,0,0,0.12266666666666666,0,0,0,0,0,0.0,0,0,0.0,0
invictus_enriched.csv:2223,0,1,0.8,2,1,1.0,0,0.3411111111111111,1.0,1.2246467991473532e-16,-1.0,0,0,0.1,45,3,0,0,0,0,0,1,0,0,0,0,0.12266666666666666,0,0,0,0,0,0.0,0,0,0.0,0
invictus_enriched.csv:2224,0,1,0.8,2,1,0.9997222222222222,0,0.3413888888888889,1.0,1.2246467991473532e-16,-1.0,0,0,0.1,55,3,1,0,0,0,0,0,0,0,0,0,0.108,0,0,0,0,0,0.0,0,0,0.0,0
invictus_enriched.csv:2225,0,1,0.8,2,1,1.0,0,0.3413888888888889,1.0,1.2246467991473532e-16,-1.0,0,0,0.1,45,3,0,0,0,0,0,1,0,0,0,0,0.22266666666666668,0,0,0,0,0,0.0,0,0,0.0,0
invictus_enriched.csv:2226,0,1,0.8,2,1,1.0,0,0.3413888888888889,1.0,1.2246467991473532e-16,-1.0,0,0,0.1,45,3,0,0,0,0,0,1,0,0,0,0,0.22266666666666668,0,0,0,0,0,0.0,0,0,0.0,0
invictus_enriched.csv:2227,0,1,0.8,2,1,1.0,0,0.3413888888888889,1.0,1.2246467991473532e-16,-1.0,0,0,0.1,55,3,1,0,0,0,0,0,0,0,0,0,0.108,0,0,0,0,0,0.0,0,0,0.0,0
invictus_enriched.csv:2228,0,1,0.8,2,1,0.9997222222222222,1,0.3416666666666667,1.0,1.2246467991473532e-16,-1.0,0,0,0.1,185,0,1,0,0,0,0,0,0,0,0,0,0.44133333333333336,0,0,0,0,0,0.0,0,0,0.0,0
invictus_enriched.csv:2229,0,1,0.8,2,1,1.0,0,0.3416666666666667,1.0,1.2246467991473532e-16,-1.0,0,0,0.1,45,3,0,0,0,0,0,1,0,0,0,0,0.22266666666666668,0,0,0,0,0,0.0,0,0,0.0,0
invictus_enriched.csv:2230,0,1,0.8,2,1,1.0,0,0.3416666666666667,1.0,1.2246467991473532e-16,-1.0,0,0,0.1,87,0,0,0,0,0,0,1,0,0,0,0,0.124,0,0,0,0,0,0.0,0,0,0.0,0
invictus_enriched.csv:2231,0,1,0.8,2,1,1.0,1,0.3416666666666667,1.0,1.2246467991473532e-16,-1.0,0,0,0.1,186,0,0,0,0,0,0,1,0,0,0,0,0.07466666666666667,0,0,0,0,0,0.0,0,0,0.0,0
invictus_enriched.csv:2232,0,1,0.8,2,1,1.0,0,0.3416666666666667,1.0,1.2246467991473532e-16,-1.0,0,0,0.1,45,3,0,0,0,0,0,1,0,0,0,0,0.22266666666666668,0,0,0,0,0,0.0,0,0,0.0,0
invictus_enriched.csv:2233,0,1,0.1,6,0,0.8897222222222222,0,0.3283333333333333,0.29949238578680204,1.2246467991473532e-16,-1.0,0,0,0.6,30,2,0,0,0,0,0,0,0,0,0,1,1.0,0,0,0,0,0,0.0,0,0,0.0,0
invictus_enriched.csv:2234,0,1,0.8,2,1,0.9991666666666666,1,0.3425,1.0,1.2246467991473532e-16,-1.0,0,0,0.1,187,0,1,0,0,0,0,0,0,0,0,0,0.7626666666666667,0,0,0,0,0,0.0,0,0,0.0,0
invictus_enriched.csv:2235,0,1,0.8,2,1,0.9916666666666667,1,0.35083333333333333,1.0,1.2246467991473532e-16,-1.0,0,0,0.1,188,0,0,0,0,0,0,1,0,0,0,0,0.08533333333333333,0,0,0,0,0,0.0,0,0,0.0,0
invictus_enriched.csv:2236,0,1,0.8,2,1,0.9969444444444444,0,0.35388888888888886,1.0,1.2246467991473532e-16,-1.0,0,0,0.1,188,0,0,0,0,0,0,1,0,0,0,0,0.08533333333333333,0,0,0,0,0,0.0,0,0,0.0,0
invictus_enriched.csv:2237,0,1,0.8,2,1,0.9972222222222222,0,0.3566666666666667,1.0,1.2246467991473532e-16,-1.0,0,0,0.1,188,0,0,0,0,0,0,1,0,0,0,0,0.08533333333333333,0,0,0,0,0,0.0,0,0,0.0,0
invictus_enriched.csv:2238,0,1,0.1,6,0,0.9847222222222223,0,0.3436111111111111,0.29102667744543254,1.2246467991473532e-16,-1.0,0,0,0.6,30,2,0,0,0,0,0,0,0,0,0,1,1.0,0,0,0,0,0,0.0,0,0,0.0,0
invictus_enriched.csv:2239,1,0,0.5,3,0,0.0,1,0.0,0.1,1.2246467991473532e-16,-1.0,0,0,0.1,37,3,0,0,0,0,0,1,0,0,0,1,0.10133333333333333,0,0,0,0,0,0.0,0,0,0.0,0
invictus_enriched.csv:2240,0,1,0.1,6,0,1.0,0,0.3436111111111111,0.295877122069523,1.2246467991473532e-16,-1.0,0,0,0.6,30,2,0,0,0,0,0,0,0,0,0,1,1.0,0,0,0,0,0,0.0,0,0,0.0,0
invictus_enriched.csv:2241,0,1,0.8,2,1,0.9969444444444444,0,0.3597222222222222,1.0,1.2246467991473532e-16,-1.0,0,0,0.1,188,0,0,0,0,0,0,1,0,0,0,0,0.08533333333333333,0,0,0,0,0,0.0,0,0,0.0,0
invictus_enriched.csv:2242,0,1,0.1,6,0,0.9958333333333333,0,0.3477777777777778,0.2971246006389776,1.2246467991473532e-16,-1.0,0,0,0.6,30,2,0,0,0,0,0,0,0,0,0,1,1.0,0,0,0,0,0,0.0,0,0,0.0,0
invictus_enriched.csv:2243,1,0,0.5,3,0,0.9958333333333333,1,0.004166666666666667,0.8,1.2246467991473532e-16,-1.0,0,0,0.1,53,3,0,0,0,0,0,1,0,0,0,1,0.11333333333333333,0,0,0,0,0,0.0,0,0,0.0,0
invictus_enriched.csv:2244,0,1,0.1,6,0,1.0,0,0.3477777777777778,0.3019169329073482,1.2246467991473532e-16,-1.0,0,0,0.6,30,2,0,0,0,0,0,0,0,0,0,1,1.0,0,0,0,0,0,0.0,0,0,0.0,0
invictus_enriched.csv:2245,0,1,0.1,6,0,1.0,0,0.3477777777777778,0.30670926517571884,1.2246467991473532e-16,-1.0,0,0,0.6,30,2,0,0,0,0,0,0,0,0,0,1,1.0,0,0,0,0,0,0.0,0,0,0.0,0
invictus_enriched.csv:2246,1,0,0.5,3,0,0.9997222222222222,1,0.0044444444444444444,1.0,1.2246467991473532e-16,-1.0,0,0,0.1,56,3,1,0,0,0,0,0,0,0,0,1,0.292,0,0,0,0,0,0.0,0,0,0.0,0
invictus_enriched.csv:2247,0,1,0.1,6,0,0.9997222222222222,0,0.34805555555555556,0.3112529928172386,1.2246467991473532e-16,-1.0,0,0,0.6,30,2,0,0,0,0,0,0,0,0,0,1,1.0,0,0,0,0,0,0.0,0,0,0.0,0
invictus_enriched.csv:2248,0,1,0.8,2,1,0.9972222222222222,0,0.3625,1.0,1.2246467991473532e-16,-1.0,0,0,0.1,188,0,0,0,0,0,0,1,0,0,0,0,0.08533333333333333,0,0,0,0,0,0.0,0,0,0.0,0
invictus_enriched.csv:2249,0,1,0.8,2,1,0.9969444444444444,0,0.3655555555555556,1.0,1.2246467991473532e-16,-1.0,0,0,0.1,188,0,0,0,0,0,0,1,0,0,0,0,0.08533333333333333,0,0,0,0,0,0.0,0,0,0.0,0
invictus_enriched.csv:2250,0,1,0.8,2,1,0.9972222222222222,0,0.36833333333333335,1.0,1.2246467991473532e-16,-1.0,0,0,0.1,188,0,0,0,0,0,0,1,0,0,0,0,0.08533333333333333,0,0,0,0,0,0.0,0,0,0.0,0
invictus_enriched.csv:2251,0,1,0.8,2,1,0.9969444444444444,0,0.3713888888888889,1.0,1.2246467991473532e-16,-1.0,0,0,0.1,188,0,0,0,0,0,0,1,0,0,0,0,0.08533333333333333,0,0,0,0,0,0.0,0,0,0.0,0
invictus_enriched.csv:2252,0,1,0.8,2,1,0.9972222222222222,0,0.37416666666666665,1.0,1.2246467991473532e-16,-1.0,0,0,0.1,188,0,0,0,0,0,0,1,0,0,0,0,0.08533333333333333,0,0,0,0,0,0.0,0,0,0.0,0
invictus_enriched.csv:2253,0,1,0.8,2,1,0.9969444444444444,0,0.37722222222222224,1.0,1.2246467991473532e-16,-1.0,0,0,0.1,188,0,0,0,0,0,0,1,0,0,0,0,0.08533333333333333,0,0,0,0,0,0.0,0,0,0.0,0
invictus_enriched.csv:2254,0,1,0.8,2,1,0.9972222222222222,0,0.38,1.0,1.2246467991473532e-16,-1.0,0,0,0.1,188,0,0,0,0,0,0,1,0,0,0,0,0.08533333333333333,0,0,0,0,0,0.0,0,0,0.0,0
invictus_enriched.csv:2255,0,1,0.8,2,1,0.9969444444444444,0,0.38305555555555554,1.0,1.2246467991473532e-16,-1.0,0,0,0.1,188,0,0,0,0,0,0,1,0,0,0,0,0.08533333333333333,0,0,0,0,0,0.0,0,0,0.0,0
invictus_enriched.csv:2256,0,1,0.8,2,1,0.9972222222222222,0,0.3858333333333333,1.0,1.2246467991473532e-16,-1.0,0,0,0.1,188,0,0,0,0,0,0,1,0,0,0,0,0.08533333333333333,0,0,0,0,0,0.0,0,0,0.0,0
invictus_enriched.csv:2257,0,0,0.8,2,1,0.9161111111111111,0,0.5911111111111111,0.2650375939849624,1.2246467991473532e-16,-1.0,0,0,0.1,10,0,0,0,0,0,0,1,0,0,0,0,0.19466666666666665,0,0,0,0,0,0.0,0,0,0.0,0
invictus_enriched.csv:2258,0,0,0.8,2,1,1.0,0,0.5911111111111111,0.26785714285714285,1.2246467991473532e-16,-1.0,0,0,0.1,10,0,0,0,0,0,0,1,0,0,0,1,0.196,0,0,0,0,0,0.0,0,0,0.0,0
invictus_enriched.csv:2259,0,1,0.8,2,1,0.9969444444444444,0,0.3888888888888889,1.0,1.2246467991473532e-16,-1.0,0,0,0.1,188,0,0,0,0,0,0,1,0,0,0,0,0.08533333333333333,0,0,0,0,0,0.0,0,0,0.0,0
invictus_enriched.csv:2260,0,1,0.8,2,1,0.9972222222222222,0,0.39166666666666666,1.0,1.2246467991473532e-16,-1.0,0,0,0.1,188,0,0,0,0,0,0,1,0,0,0,0,0.08533333333333333,0,0,0,0,0,0.0,0,0,0.0,0
invictus_enriched.csv:2261,0,1,0.8,2,1,0.9969444444444444,0,0.3947222222222222,1.0,1.2246467991473532e-16,-1.0,0,0,0.1,188,0,0,0,0,0,0,1,0,0,0,0,0.08533333333333333,0,0,0,0,0,0.0,0,0,0.0,0
invictus_enriched.csv:2262,0,1,0.8,2,1,0.9972222222222222,0,0.3975,1.0,1.2246467991473532e-16,-1.0,0,0,0.1,188,0,0,0,0,0,0,1,0,0,0,0,0.08533333333333333,0,0,0,0,0,0.0,0,0,0.0,0
invictus_enriched.csv:2263,0,0,0.8,2,1,0.9983333333333333,0,0.39916666666666667,1.0,1.2246467991473532e-16,-1.0,0,0,0.1,10,0,0,0,0,0,0,1,0,0,0,1,0.196,0,0,0,0,0,0.0,0,0,0.0,0
invictus_enriched.csv:2264,0,0,0.8,2,1,1.0,0,0.39916666666666667,1.0,1.2246467991473532e-16,-1.0,0,0,0.1,10,0,0,0,0,0,0,1,0,0,0,0,0.19466666666666665,0,0,0,0,0,0.0,0,0,0.0,0
invictus_enriched.csv:2265,0,1,0.8,2,1,0.9986111111111111,0,0.40055555555555555,1.0,1.2246467991473532e-16,-1.0,0,0,0.1,188,0,0,0,0,0,0,1,0,0,0,0,0.08533333333333333,0,0,0,0,0,0.0,0,0,0.0,0
invictus_enriched.csv:2266,0,1,0.1,6,0,0.9594444444444444,0,0.38861111111111113,0.2830593280914939,1.2246467991473532e-16,-1.0,0,0,0.6,30,2,0,0,0,0,0,0,0,0,0,1,0.664,0,0,0,0,0,0.0,0,0,0.0,0
invictus_enriched.csv:2267,0,1,0.8,2,1,0.9972222222222222,0,0.4033333333333333,1.0,1.2246467991473532e-16,-1.0,0,0,0.1,188,0,0,0,0,0,0,1,0,0,0,0,0.08533333333333333,0,0,0,0,0,0.0,0,0,0.0,0
invictus_enriched.csv:2268,0,1,0.8,2,1,0.9969444444444444,0,0.4063888888888889,1.0,1.2246467991473532e-16,-1.0,0,0,0.1,188,0,0,0,0,0,0,1,0,0,0,0,0.08533333333333333,0,0,0,0,0,0.0,0,0,0.0,0
invictus_enriched.csv:2269,0,1,0.8,2,1,0.9972222222222222,0,0.4091666666666667,1.0,1.2246467991473532e-16,-1.0,0,0,0.1,188,0,0,0,0,0,0,1,0,0,0,0,0.08533333333333333,0,0,0,0,0,0.0,0,0,0.0,0
invictus_enriched.csv:2270,0,1,0.8,2,1,0.9969444444444444,0,0.4122222222222222,1.0,1.2246467991473532e-16,-1.0,0,0,0.1,188,0,0,0,0,0,0,1,0,0,0,0,0.08533333333333333,0,0,0,0,0,0.0,0,0,0.0,0
invictus_enriched.csv:2271,0,1,0.8,2,1,0.9972222222222222,0,0.415,1.0,1.2246467991473532e-16,-1.0,0,0,0.1,188,0,0,0,0,0,0,1,0,0,0,0,0.08533333333333333,0,0,0,0,0,0.0,0,0,0.0,0
invictus_enriched.csv:2272,0,1,0.8,2,1,0.9969444444444444,0,0.41805555555555557,1.0,1.2246467991473532e-16,-1.0,0,0,0.1,188,0,0,0,0,0,0,1,0,0,0,0,0.08533333333333333,0,0,0,0,0,0.0,0,0,0.0,0
invictus_enriched.csv:2273,0,1,0.8,2,1,1.0,0,0.41805555555555557,1.0,1.2246467991473532e-16,-1.0,0,0,0.1,188,0,0,0,0,0,0,1,0,0,0,0,0.08533333333333333,0,0,0,0,0,0.0,0,0,0.0,0
invictus_enriched.csv:2274,0,1,0.8,2,1,1.0,0,0.41805555555555557,1.0,1.2246467991473532e-16,-1.0,0,0,0.1,87,0,0,0,0,0,0,1,0,0,0,0,0.12533333333333332,0,0,0,0,0,0.0,0,0,0.0,0
invictus_enriched.csv:2275,0,1,0.8,2,1,0.9997222222222222,1,0.41833333333333333,1.0,1.2246467991473532e-16,-1.0,0,0,0.1,189,0,1,0,0,0,0,0,0,0,0,0,0.21066666666666667,0,0,0,0,0,0.0,0,0,0.0,0
invictus_enriched.csv:2276,0,1,0.8,2,1,0.9916666666666667,1,0.4266666666666667,1.0,1.2246467991473532e-16,-1.0,0,0,0.1,190,0,0,0,0,0,0,1,0,0,0,0,0.11733333333333333,0,0,0,0,0,0.0,0,0,0.0,0
invictus_enriched.csv:2277,0,1,0.8,2,1,0.9969444444444444,0,0.4297222222222222,1.0,1.2246467991473532e-16,-1.0,0,0,0.1,190,0,0,0,0,0,0,1,0,0,0,0,0.11733333333333333,0,0,0,0,0,0.0,0,0,0.0,0
invictus_enriched.csv:2278,0,1,0.8,2,1,0.9972222222222222,0,0.4325,1.0,1.2246467991473532e-16,-1.0,0,0,0.1,190,0,0,0,0,0,0,1,0,0,0,0,0.11733333333333333,0,0,0,0,0,0.0,0,0,0.0,0
invictus_enriched.csv:2279,0,1,0.8,2,1,0.9969444444444444,0,0.43555555555555553,1.0,1.2246467991473532e-16,-1.0,0,0,0.1,190,0,0,0,0,0,0,1,0,0,0,0,0.11733333333333333,0,0,0,0,0,0.0,0,0,0.0,0
invictus_enriched.csv:2280,0,1,0.8,2,1,0.9972222222222222,0,0.43833333333333335,1.0,1.2246467991473532e-16,-1.0,0,0,0.1,190,0,0,0,0,0,0,1,0,0,0,0,0.11733333333333333,0,0,0,0,0,0.0,0,0,0.0,0
invictus_enriched.csv:2281,0,1,0.8,2,1,0.9969444444444444,0,0.4413888888888889,1.0,1.2246467991473532e-16,-1.0,0,0,0.1,190,0,0,0,0,0,0,1,0,0,0,0,0.11733333333333333,0,0,0,0,0,0.0,0,0,0.0,0
invictus_enriched.csv:2282,0,1,0.8,2,1,0.9972222222222222,0,0.44416666666666665,1.0,1.2246467991473532e-16,-1.0,0,0,0.1,190,0,0,0,0,0,0,1,0,0,0,0,0.11733333333333333,0,0,0,0,0,0.0,0,0,0.0,0
invictus_enriched.csv:2283,0,1,0.8,2,1,0.9972222222222222,0,0.4469444444444444,1.0,1.2246467991473532e-16,-1.0,0,0,0.1,190,0,0,0,0,0,0,1,0,0,0,0,0.11733333333333333,0,0,0,0,0,0.0,0,0,0.0,0
invictus_enriched.csv:2284,0,1,0.8,2,1,0.9969444444444444,0,0.45,1.0,1.2246467991473532e-16,-1.0,0,0,0.1,190,0,0,0,0,0,0,1,0,0,0,0,0.11733333333333333,0,0,0,0,0,0.0,0,0,0.0,0
invictus_enriched.csv:2285,0,1,0.8,2,1,0.9972222222222222,0,0.4527777777777778,1.0,1.2246467991473532e-16,-1.0,0,0,0.1,190,0,0,0,0,0,0,1,0,0,0,0,0.11733333333333333,0,0,0,0,0,0.0,0,0,0.0,0
invictus_enriched.csv:2286,0,1,0.8,2,1,0.9969444444444444,0,0.4558333333333333,1.0,1.2246467991473532e-16,-1.0,0,0,0.1,190,0,0,0,0,0,0,1,0,0,0,0,0.11733333333333333,0,0,0,0,0,0.0,0,0,0.0,0
invictus_enriched.csv:2287,0,1,0.8,2,1,0.9972222222222222,0,0.45861111111111114,1.0,1.2246467991473532e-16,-1.0,0,0,0.1,190,0,0,0,0,0,0,1,0,0,0,0,0.11733333333333333,0,0,0,0,0,0.0,0,0,0.0,0
invictus_enriched.csv:2288,0,1,0.8,2,1,0.9997222222222222,0,0.4588888888888889,1.0,1.2246467991473532e-16,-1.0,0,0,0.1,190,0,0,0,0,0,0,1,0,0,0,0,0.11733333333333333,0,0,0,0,0,0.0,0,0,0.0,0
invictus_enriched.csv:2289,0,1,0.8,2,1,1.0,0,0.4588888888888889,1.0,1.2246467991473532e-16,-1.0,0,0,0.1,87,0,0,0,0,0,0,1,0,0,0,0,0.10133333333333333,0,0,0,0,0,0.0,0,0,0.0,0
invictus_enriched.csv:2290,0,1,0.8,2,1,0.9997222222222222,1,0.45916666666666667,1.0,1.2246467991473532e-16,-1.0,0,0,0.1,191,0,1,0,0,0,0,0,0,0,0,0,0.13466666666666666,0,0,0,0,0,0.0,0,0,0.0,0
invictus_enriched.csv:2291,0,1,0.8,2,1,0.9938888888888889,0,0.4652777777777778,1.0,1.2246467991473532e-16,-1.0,0,0,0.1,21,3,0,0,0,0,0,1,0,0,0,0,0.064,0,0,0,0,0,0.0,0,0,0.0,0
invictus_enriched.csv:2292,0,1,0.8,2,1,0.9986111111111111,0,0.4666666666666667,1.0,1.2246467991473532e-16,-1.0,0,0,0.1,23,1,0,0,0,0,1,1,0,0,0,0,0.0026666666666666666,0,0,0,0,0,0.0,0,0,0.0,0
invictus_enriched.csv:2293,0,1,0.8,2,1,1.0,0,0.4666666666666667,1.0,1.2246467991473532e-16,-1.0,0,0,0.1,23,1,0,0,0,0,1,1,0,0,0,0,0.0026666666666666666,0,0,0,0,0,0.0,0,0,0.0,0
invictus_enriched.csv:2294,0,1,0.8,2,1,0.9997222222222222,0,0.46694444444444444,1.0,1.2246467991473532e-16,-1.0,0,0,0.1,93,4,0,0,1,0,0,1,0,0,0,0,0.168,0,0,0,0,0,0.0,0,0,0.0,0
invictus_enriched.csv:2295,0,1,0.8,2,1,1.0,0,0.46694444444444444,1.0,1.2246467991473532e-16,-1.0,0,0,0.1,92,4,1,0,0,0,0,0,0,0,0,0,0.18,0,0,0,0,0,0.0,0,0,0.0,0
invictus_enriched.csv:2296,0,1,0.8,2,1,0.9997222222222222,0,0.4672222222222222,1.0,1.2246467991473532e-16,-1.0,0,0,0.1,95,4,1,0,0,0,0,0,0,0,0,0,0.336,0,0,0,0,1,0.0,0,0,0.0,0
invictus_enriched.csv:2297,0,1,0.8,2,1,0.9997222222222222,0,0.4675,1.0,1.2246467991473532e-16,-1.0,0,0,0.1,96,4,0,0,1,0,0,1,0,0,0,0,0.168,0,0,0,0,0,0.0,0,0,0.0,0
invictus_enriched.csv:2298,0,1,0.8,2,1,1.0,0,0.4675,1.0,1.2246467991473532e-16,-1.0,0,0,0.1,4,4,0,0,0,0,0,1,0,0,0,0,0.16266666666666665,0,0,0,0,0,0.0,0,0,0.0,0
invictus_enriched.csv:2299,0,1,0.8,2,1,1.0,0,0.4675,1.0,1.2246467991473532e-16,-1.0,0,0,0.1,97,4,0,0,1,0,0,1,0,0,0,0,0.164,0,0,0,0,0,0.0,0,0,0.0,0
invictus_enriched.csv:2300,0,1,0.8,2,1,0.9997222222222222,0,0.4677777777777778,1.0,1.2246467991473532e-16,-1.0,0,0,0.1,98,4,0,0,0,0,0,1,0,0,0,0,0.172,0,0,0,0,0,0.0,0,0,0.0,0
invictus_enriched.csv:2301,0,1,0.8,2,1,1.0,0,0.4677777777777778,1.0,1.2246467991473532e-16,-1.0,0,0,0.1,99,4,0,0,0,0,0,1,0,0,0,0,0.172,0,0,0,0,0,0.0,0,0,0.0,0
invictus_enriched.csv:2302,0,1,0.8,2,1,0.9997222222222222,0,0.46805555555555556,1.0,1.2246467991473532e-16,-1.0,0,0,0.1,101,4,0,0,0,0,0,1,0,0,0,0,0.17733333333333334,0,0,0,0,0,0.0,0,0,0.0,0
invictus_enriched.csv:2303,0,1,0.8,2,1,1.0,0,0.46805555555555556,1.0,1.2246467991473532e-16,-1.0,0,0,0.1,2,4,0,0,0,0,0,1,0,0,0,0,0.168,0,0,0,0,0,0.0,0,0,0.0,0
invictus_enriched.csv:2304,0,1,0.8,2,1,1.0,0,0.46805555555555556,1.0,1.2246467991473532e-16,-1.0,0,0,0.1,100,4,0,0,1,0,0,1,0,0,0,0,0.17066666666666666,0,0,0,0,0,0.0,0,0,0.0,0
invictus_enriched.csv:2305,0,1,0.8,2,1,0.9997222222222222,0,0.4683333333333333,1.0,1.2246467991473532e-16,-1.0,0,0,0.1,102,4,0,0,1,0,0,1,0,0,0,0,0.17333333333333334,0,0,0,0,0,0.0,0,0,0.0,0
invictus_enriched.csv:2306,0,1,0.8,2,1,1.0,0,0.4683333333333333,1.0,1.2246467991473532e-16,-1.0,0,0,0.1,103,4,0,0,0,0,0,1,0,0,0,0,0.172,0,0,0,0,0,0.0,0,0,0.0,0
invictus_enriched.csv:2307,0,1,0.8,2,1,0.9997222222222222,0,0.4686111111111111,1.0,1.2246467991473532e-16,-1.0,0,0,0.1,104,4,0,0,1,0,0,1,0,0,0,0,0.17333333333333334,0,0,0,0,0,0.0,0,0,0.0,0
invictus_enriched.csv:2308,0,1,0.8,2,1,1.0,0,0.4686111111111111,1.0,1.2246467991473532e-16,-1.0,0,0,0.1,93,4,0,0,0,0,0,1,0,0,0,0,0.168,0,0,0,0,0,0.0,0,0,0.0,0
invictus_enriched.csv:2309,0,1,0.8,2,1,0.9997222222222222,0,0.4688888888888889,1.0,1.2246467991473532e-16,-1.0,0,0,0.1,94,4,1,0,0,0,0,0,0,0,0,0,0.604,0,0,0,0,1,0.0,0,0,0.0,1
invictus_enriched.csv:2310,0,0,0.8,2,1,0.9163888888888889,0,0.6747222222222222,0.2371346233017703,1.2246467991473532e-16,-1.0,0,0,0.1,10,0,0,0,0,0,0,1,0,0,0,1,0.196,0,0,0,0,0,0.0,0,0,0.0,0
invictus_enriched.csv:2311,0,0,0.8,2,1,1.0,0,0.6747222222222222,0.2396047756278304,1.2246467991473532e-16,-1.0,0,0,0.1,10,0,0,0,0,0,0,1,0,0,0,0,0.19466666666666665,0,0,0,0,0,0.0,0,0,0.0,0
invictus_enriched.csv:2312,0,1,0.8,2,1,0.9952777777777778,0,0.4736111111111111,1.0,1.2246467991473532e-16,-1.0,0,0,0.1,21,3,0,0,0,0,0,1,0,0,0,0,0.064,0,0,0,0,0,0.0,0,0,0.0,0
invictus_enriched.csv:2313,0,1,0.8,2,1,0.9983333333333333,0,0.4752777777777778,1.0,1.2246467991473532e-16,-1.0,0,0,0.1,23,1,0,0,0,0,1,1,0,0,0,0,0.0026666666666666666,0,0,0,0,0,0.0,0,0,0.0,0
invictus_enriched.csv:2314,0,1,0.8,2,1,1.0,0,0.4752777777777778,1.0,1.2246467991473532e-16,-1.0,0,0,0.2,22,2,0,0,0,0,0,1,0,1,0,0,0.0026666666666666666,0,0,0,0,0,0.0,0,0,0.0,0
invictus_enriched.csv:2315,0,1,0.8,2,1,0.9997222222222222,0,0.47555555555555556,1.0,1.2246467991473532e-16,-1.0,0,0,0.1,23,1,0,0,0,0,1,1,0,0,0,0,0.06666666666666667,0,0,0,0,0,0.0,0,0,0.0,0
invictus_enriched.csv:2316,0,1,0.8,2,1,1.0,1,0.47555555555555556,1.0,1.2246467991473532e-16,-1.0,0,0,0.7,192,1,1,0,0,0,1,0,0,0,0,0,0.084,0,0,0,0,0,0.0,0,0,0.0,1
invictus_enriched.csv:2317,0,1,0.8,2,1,1.0,0,0.47555555555555556,1.0,1.2246467991473532e-16,-1.0,0,0,0.1,23,1,0,0,0,0,1,1,0,0,0,0,0.0026666666666666666,0,0,0,0,0,0.0,0,0,0.0,0
invictus_enriched.csv:2318,0,1,0.8,2,1,0.9997222222222222,1,0.47583333333333333,1.0,1.2246467991473532e-16,-1.0,0,0,0.8,193,1,1,0,0,0,1,0,0,0,0,0,0.10933333333333334,0,0,0,0,0,0.0,0,0,0.0,1
invictus_enriched.csv:2319,0,1,0.8,2,0,0.0,1,0.0,0.1,1.2246467991473532e-16,-1.0,0,0,0.1,194,0,1,0,0,0,0,0,0,0,0,0,0.0026666666666666666,0,0,0,0,0,0.0,0,0,0.0,0
invictus_enriched.csv:2320,0,0,0.8,2,1,0.9933333333333333,0,0.4825,1.0,1.2246467991473532e-16,-1.0,0,0,0.1,10,0,0,0,0,0,0,1,0,0,0,1,0.196,0,0,0,0,0,0.0,0,0,0.0,0
invictus_enriched.csv:2321,0,0,0.8,2,1,1.0,0,0.4825,1.0,1.2246467991473532e-16,-1.0,0,0,0.1,10,0,0,0,0,0,0,1,0,0,0,0,0.19466666666666665,0,0,0,0,0,0.0,0,0,0.0,0
invictus_enriched.csv:2322,0,1,0.8,2,1,0.9911111111111112,0,0.4913888888888889,1.0,1.2246467991473532e-16,-1.0,0,0,0.1,21,3,0,0,0,0,0,1,0,0,0,0,0.064,0,0,0,0,0,0.0,0,0,0.0,0
invictus_enriched.csv:2323,0,1,0.8,2,1,0.9988888888888889,0,0.4925,1.0,1.2246467991473532e-16,-1.0,0,0,0.1,23,1,0,0,0,0,1,1,0,0,0,0,0.0026666666666666666,0,0,0,0,0,0.0,0,0,0.0,0
invictus_enriched.csv:2324,0,1,0.8,2,1,0.9997222222222222,0,0.49277777777777776,1.0,1.2246467991473532e-16,-1.0,0,0,0.1,23,1,0,0,0,0,1,1,0,0,0,0,0.0026666666666666666,0,0,0,0,0,0.0,0,0,0.0,0
invictus_enriched.csv:2325,0,1,0.8,2,1,1.0,0,0.49277777777777776,1.0,1.2246467991473532e-16,-1.0,0,0,0.7,24,1,1,0,0,0,1,0,0,0,0,0,0.37466666666666665,0,0,0,0,0,0.2,0,0,0.6,1
invictus_enriched.csv:2326,0,1,0.8,2,1,0.9997222222222222,0,0.4930555555555556,1.0,1.2246467991473532e-16,-1.0,0,0,0.1,26,1,0,0,0,0,1,1,0,0,0,0,0.064,0,0,0,0,0,0.0,0,0,0.0,0
invictus_enriched.csv:2327,0,1,0.8,2,1,0.9997222222222222,0,0.49333333333333335,1.0,1.2246467991473532e-16,-1.0,0,0,0.1,27,1,0,0,0,0,1,1,0,0,0,0,0.064,0,0,0,0,1,0.0,0,0,0.0,0
invictus_enriched.csv:2328,0,1,0.8,2,1,1.0,0,0.49333333333333335,1.0,1.2246467991473532e-16,-1.0,0,0,0.1,28,1,0,0,0,0,1,1,0,0,0,0,0.064,0,0,0,0,0,0.0,0,0,0.0,0
invictus_enriched.csv:2329,0,1,0.8,2,1,0.9997222222222222,0,0.4936111111111111,1.0,1.2246467991473532e-16,-1.0,0,0,0.1,27,1,0,0,0,0,1,1,0,0,0,0,0.064,0,0,0,0,1,0.0,0,0,0.0,0
invictus_enriched.csv:2330,0,1,0.8,2,1,1.0,0,0.4936111111111111,1.0,1.2246467991473532e-16,-1.0,0,0,0.1,42,1,1,0,0,0,1,0,0,0,0,0,0.144,0,0,0,0,1,0.0,0,0,1.0,1
invictus_enriched.csv:2331,0,1,0.8,2,1,0.9997222222222222,1,0.4938888888888889,1.0,1.2246467991473532e-16,-1.0,0,0,1.0,195,1,1,0,0,0,1,0,0,0,0,0,0.6146666666666667,0,0,0,0,0,0.4,0,0,0.6,1
invictus_enriched.csv:2332,0,1,0.8,2,1,0.9969444444444444,0,0.49694444444444447,1.0,1.2246467991473532e-16,-1.0,0,0,0.1,21,3,0,0,0,0,0,1,0,0,0,0,0.064,0,0,0,0,0,0.0,0,0,0.0,0
invictus_enriched.csv:2333,0,1,0.8,2,1,0.9988888888888889,0,0.49805555555555553,1.0,1.2246467991473532e-16,-1.0,0,0,0.1,23,1,0,0,0,0,1,1,0,0,0,0,0.0026666666666666666,0,0,0,0,0,0.0,0,0,0.0,0
invictus_enriched.csv:2334,0,1,0.8,2,1,0.9997222222222222,0,0.49833333333333335,1.0,1.2246467991473532e-16,-1.0,0,0,0.1,23,1,0,0,0,0,1,1,0,0,0,0,0.0026666666666666666,0,0,0,0,0,0.0,0,0,0.0,0
invictus_enriched.csv:2335,0,1,0.8,2,1,0.9997222222222222,0,0.4986111111111111,1.0,1.2246467991473532e-16,-1.0,0,0,0.7,192,1,1,0,0,0,1,0,0,0,0,0,0.15333333333333332,0,0,0,0,0,0.0,0,0,0.0,1
invictus_enriched.csv:2336,0,1,0.8,2,1,1.0,0,0.4986111111111111,1.0,1.2246467991473532e-16,-1.0,0,0,0.1,23,1,0,0,0,0,1,1,0,0,0,0,0.064,0,0,0,0,0,0.0,0,0,0.0,0
invictus_enriched.csv:2337,0,1,0.8,2,1,0.9997222222222222,1,0.4988888888888889,1.0,1.2246467991473532e-16,-1.0,0,0,0.8,196,1,1,0,0,0,1,0,0,0,0,0,0.064,0,0,1,0,0,0.0,0,0,0.0,1
invictus_enriched.csv:2338,0,1,0.8,2,1,0.9944444444444445,1,0.5044444444444445,1.0,1.2246467991473532e-16,-1.0,0,0,1.0,197,1,1,0,0,0,1,0,0,0,0,0,0.12533333333333332,0,0,0,0,1,0.0,0,0,1.0,1
invictus_enriched.csv:2339,0,1,0.8,2,1,1.0,0,0.5044444444444445,1.0,1.2246467991473532e-16,-1.0,0,0,0.7,192,1,1,0,0,0,1,0,0,0,0,0,0.11733333333333333,0,0,0,0,0,0.0,0,0,0.0,1
invictus_enriched.csv:2340,0,1,0.8,2,1,1.0,0,0.5044444444444445,1.0,1.2246467991473532e-16,-1.0,0,0,0.1,21,3,0,0,0,0,0,1,0,0,0,0,0.064,0,0,0,0,0,0.0,0,0,0.0,0
invictus_enriched.csv:2341,0,1,0.8,2,1,0.9997222222222222,0,0.5047222222222222,1.0,1.2246467991473532e-16,-1.0,0,0,0.8,196,1,1,0,0,0,1,0,0,0,0,0,0.04533333333333334,0,0,1,0,0,0.0,0,0,0.0,1
invictus_enriched.csv:2342,0,1,0.8,2,1,0.9977777777777778,0,0.5069444444444444,1.0,1.2246467991473532e-16,-1.0,0,0,0.1,21,3,0,0,0,0,0,1,0,0,0,0,0.064,0,0,0,0,0,0.0,0,0,0.0,0
invictus_enriched.csv:2343,0,1,0.8,2,1,0.9988888888888889,0,0.5080555555555556,1.0,1.2246467991473532e-16,-1.0,0,0,0.1,23,1,0,0,0,0,1,1,0,0,0,0,0.0026666666666666666,0,0,0,0,0,0.0,0,0,0.0,0
invictus_enriched.csv:2344,0,1,0.8,2,1,0.9997222222222222,0,0.5083333333333333,1.0,1.2246467991473532e-16,-1.0,0,0,0.1,23,1,0,0,0,0,1,1,0,0,0,0,0.0026666666666666666,0,0,0,0,0,0.0,0,0,0.0,0
invictus_enriched.csv:2345,0,1,0.8,2,1,1.0,0,0.5083333333333333,1.0,1.2246467991473532e-16,-1.0,0,0,0.1,23,1,0,0,0,0,1,1,0,0,0,0,0.068,0,0,0,0,0,0.0,0,0,0.0,0
invictus_enriched.csv:2346,0,1,0.8,2,1,1.0,0,0.5083333333333333,1.0,1.2246467991473532e-16,-1.0,0,0,0.7,192,1,1,0,0,0,1,0,0,0,0,0,0.15733333333333333,0,0,0,0,0,0.0,0,0,0.0,1
invictus_enriched.csv:2347,0,1,0.8,2,1,0.9997222222222222,0,0.5086111111111111,1.0,1.2246467991473532e-16,-1.0,0,0,0.8,193,1,1,0,0,0,1,0,0,0,0,0,0.11066666666666666,0,0,0,0,0,0.0,0,0,0.0,1
invictus_enriched.csv:2348,0,1,0.8,2,1,0.9997222222222222,0,0.5088888888888888,1.0,1.2246467991473532e-16,-1.0,0,0,0.2,22,2,0,0,0,0,0,1,0,1,0,0,0.0026666666666666666,0,0,0,0,0,0.0,0,0,0.0,0
invictus_enriched.csv:2349,0,1,0.8,2,1,0.9963888888888889,0,0.5125,1.0,1.2246467991473532e-16,-1.0,0,0,0.1,21,3,0,0,0,0,0,1,0,0,0,0,0.064,0,0,0,0,0,0.0,0,0,0.0,0
invictus_enriched.csv:2350,0,1,0.8,2,1,0.9986111111111111,0,0.5138888888888888,1.0,1.2246467991473532e-16,-1.0,0,0,0.1,23,1,0,0,0,0,1,1,0,0,0,0,0.0026666666666666666,0,0,0,0,0,0.0,0,0,0.0,0
invictus_enriched.csv:2351,0,1,0.8,2,1,0.9997222222222222,0,0.5141666666666667,1.0,1.2246467991473532e-16,-1.0,0,0,0.1,26,1,0,0,0,0,1,1,0,0,0,0,0.06666666666666667,0,0,0,0,0,0.0,0,0,0.0,0
invictus_enriched.csv:2352,0,1,0.8,2,1,1.0,0,0.5141666666666667,1.0,1.2246467991473532e-16,-1.0,0,0,0.7,24,1,1,0,0,0,1,0,0,0,0,0,0.5666666666666667,0,0,0,0,0,0.2,0,0,0.6,1
invictus_enriched.csv:2353,0,1,0.8,2,1,1.0,0,0.5141666666666667,1.0,1.2246467991473532e-16,-1.0,0,0,0.1,92,4,1,0,0,0,0,0,0,0,0,0,0.21466666666666667,0,0,0,0,0,0.0,0,0,0.0,0
invictus_enriched.csv:2354,0,1,0.8,2,1,1.0,0,0.5141666666666667,1.0,1.2246467991473532e-16,-1.0,0,0,0.1,23,1,0,0,0,0,1,1,0,0,0,0,0.0026666666666666666,0,0,0,0,0,0.0,0,0,0.0,0
invictus_enriched.csv:2355,0,1,0.8,2,1,0.9997222222222222,0,0.5144444444444445,1.0,1.2246467991473532e-16,-1.0,0,0,0.1,93,4,0,0,1,0,0,1,0,0,0,0,0.20266666666666666,0,0,0,0,0,0.0,0,0,0.0,0
invictus_enriched.csv:2356,0,1,0.8,2,1,1.0,0,0.5144444444444445,1.0,1.2246467991473532e-16,-1.0,0,0,0.1,28,1,0,0,0,0,1,1,0,0,0,0,0.06666666666666667,0,0,0,0,0,0.0,0,0,0.0,0
invictus_enriched.csv:2357,0,1,0.8,2,1,1.0,0,0.5144444444444445,1.0,1.2246467991473532e-16,-1.0,0,0,0.1,95,4,1,0,0,0,0,0,0,0,0,0,0.37066666666666664,0,0,0,0,1,0.0,0,0,0.0,0
invictus_enriched.csv:2358,0,1,0.8,2,1,0.9997222222222222,0,0.5147222222222222,1.0,1.2246467991473532e-16,-1.0,0,0,0.1,4,4,0,0,0,0,0,1,0,0,0,0,0.19733333333333333,0,0,0,0,0,0.0,0,0,0.0,0
invictus_enriched.csv:2359,0,1,0.8,2,1,1.0,0,0.5147222222222222,1.0,1.2246467991473532e-16,-1.0,0,0,0.1,27,1,0,0,0,0,1,1,0,0,0,0,0.06666666666666667,0,0,0,0,1,0.0,0,0,0.0,0
invictus_enriched.csv:2360,0,1,0.8,2,1,1.0,0,0.5147222222222222,1.0,1.2246467991473532e-16,-1.0,0,0,0.1,97,4,0,0,1,0,0,1,0,0,0,0,0.19866666666666666,0,0,0,0,0,0.0,0,0,0.0,0
invictus_enriched.csv:2361,0,1,0.8,2,1,0.9997222222222222,0,0.515,1.0,1.2246467991473532e-16,-1.0,0,0,0.1,96,4,0,0,1,0,0,1,0,0,0,0,0.20266666666666666,0,0,0,0,0,0.0,0,0,0.0,0
invictus_enriched.csv:2362,0,1,0.8,2,1,1.0,0,0.515,1.0,1.2246467991473532e-16,-1.0,0,0,0.1,99,4,0,0,0,0,0,1,0,0,0,0,0.20666666666666667,0,0,0,0,0,0.0,0,0,0.0,0
invictus_enriched.csv:2363,0,1,0.8,2,1,1.0,0,0.515,1.0,1.2246467991473532e-16,-1.0,0,0,0.1,98,4,0,0,0,0,0,1,0,0,0,0,0.20666666666666667,0,0,0,0,0,0.0,0,0,0.0,0
invictus_enriched.csv:2364,0,1,0.8,2,1,0.9997222222222222,0,0.5152777777777777,1.0,1.2246467991473532e-16,-1.0,0,0,0.1,2,4,0,0,0,0,0,1,0,0,0,0,0.20266666666666666,0,0,0,0,0,0.0,0,0,0.0,0
invictus_enriched.csv:2365,0,1,0.8,2,1,1.0,0,0.5152777777777777,1.0,1.2246467991473532e-16,-1.0,0,0,0.1,101,4,0,0,0,0,0,1,0,0,0,0,0.212,0,0,0,0,0,0.0,0,0,0.0,0
invictus_enriched.csv:2366,0,1,0.8,2,1,0.9997222222222222,0,0.5155555555555555,1.0,1.2246467991473532e-16,-1.0,0,0,0.1,100,4,0,0,1,0,0,1,0,0,0,0,0.20533333333333334,0,0,0,0,0,0.0,0,0,0.0,0
invictus_enriched.csv:2367,0,1,0.8,2,1,1.0,0,0.5155555555555555,1.0,1.2246467991473532e-16,-1.0,0,0,0.1,103,4,0,0,0,0,0,1,0,0,0,0,0.20666666666666667,0,0,0,0,0,0.0,0,0,0.0,0
invictus_enriched.csv:2368,0,1,0.8,2,1,1.0,0,0.5155555555555555,1.0,1.2246467991473532e-16,-1.0,0,0,0.1,102,4,0,0,1,0,0,1,0,0,0,0,0.208,0,0,0,0,0,0.0,0,0,0.0,0
invictus_enriched.csv:2369,0,1,0.8,2,1,0.9997222222222222,0,0.5158333333333334,1.0,1.2246467991473532e-16,-1.0,0,0,0.1,104,4,0,0,1,0,0,1,0,0,0,0,0.208,0,0,0,0,0,0.0,0,0,0.0,0
invictus_enriched.csv:2370,0,1,0.8,2,1,0.9997222222222222,0,0.5161111111111111,1.0,1.2246467991473532e-16,-1.0,0,0,0.1,93,4,0,0,0,0,0,1,0,0,0,0,0.20266666666666666,0,0,0,0,0,0.0,0,0,0.0,0
invictus_enriched.csv:2371,0,1,0.1,6,0,0.8858333333333334,0,0.5027777777777778,0.22209944751381214,1.2246467991473532e-16,-1.0,0,0,0.6,30,2,0,0,0,0,0,0,0,0,0,1,0.17866666666666667,0,0,0,0,0,0.0,0,0,0.0,0
invictus_enriched.csv:2372,0,1,0.8,2,1,0.9994444444444445,1,0.5166666666666667,1.0,1.2246467991473532e-16,-1.0,0,0,0.1,198,8,1,0,0,0,0,0,0,0,0,0,0.5586666666666666,0,0,0,0,0,0.0,0,0,0.0,0
invictus_enriched.csv:2373,0,1,0.8,2,1,0.9986111111111111,1,0.5180555555555556,1.0,1.2246467991473532e-16,-1.0,0,0,0.1,199,8,0,0,0,0,0,1,0,0,0,0,0.06933333333333333,0,0,0,0,0,0.0,0,0,0.0,0
invictus_enriched.csv:2374,0,1,0.8,2,1,1.0,0,0.5180555555555556,1.0,1.2246467991473532e-16,-1.0,0,0,0.1,199,8,0,0,0,0,0,1,0,0,0,0,0.06933333333333333,0,0,0,0,0,0.0,0,0,0.0,0
invictus_enriched.csv:2375,0,1,0.8,2,1,0.9997222222222222,1,0.5183333333333333,1.0,1.2246467991473532e-16,-1.0,0,0,0.1,200,8,0,0,0,0,0,1,0,0,0,0,0.06933333333333333,0,0,0,0,0,0.0,0,0,0.0,0
invictus_enriched.csv:2376,0,1,0.8,2,1,1.0,1,0.5183333333333333,1.0,1.2246467991473532e-16,-1.0,0,0,0.1,201,8,0,0,0,0,0,1,0,0,0,0,0.09466666666666666,0,0,0,0,0,0.0,0,0,0.0,0
invictus_enriched.csv:2377,0,1,0.8,2,1,0.9997222222222222,1,0.5186111111111111,1.0,1.2246467991473532e-16,-1.0,0,0,0.1,202,8,1,0,0,0,0,0,0,0,0,0,0.176,0,0,0,0,0,0.0,0,0,0.0,0
invictus_enriched.csv:2378,0,1,0.8,2,1,0.9863888888888889,0,0.5322222222222223,1.0,1.2246467991473532e-16,-1.0,0,0,0.1,21,3,0,0,0,0,0,1,0,0,0,0,0.064,0,0,0,0,0,0.0,0,0,0.0,0
invictus_enriched.csv:2379,0,1,0.8,2,1,0.9980555555555556,0,0.5341666666666667,1.0,1.2246467991473532e-16,-1.0,0,0,0.1,23,1,0,0,0,0,1,1,0,0,0,0,0.0026666666666666666,0,0,0,0,0,0.0,0,0,0.0,0
invictus_enriched.csv:2380,0,1,0.8,2,1,0.9997222222222222,0,0.5344444444444445,1.0,1.2246467991473532e-16,-1.0,0,0,0.7,24,1,1,0,0,0,1,0,0,0,0,0,0.464,0,0,0,0,0,0.2,0,0,0.6,1
invictus_enriched.csv:2381,0,1,0.8,2,1,1.0,0,0.5344444444444445,1.0,1.2246467991473532e-16,-1.0,0,0,0.1,23,1,0,0,0,0,1,1,0,0,0,0,0.0026666666666666666,0,0,0,0,0,0.0,0,0,0.0,0
invictus_enriched.csv:2382,0,1,0.8,2,1,1.0,0,0.5344444444444445,1.0,1.2246467991473532e-16,-1.0,0,0,0.1,92,4,1,0,0,0,0,0,0,0,0,0,0.196,0,0,0,0,0,0.0,0,0,0.0,0
invictus_enriched.csv:2383,0,1,0.8,2,1,1.0,0,0.5344444444444445,1.0,1.2246467991473532e-16,-1.0,0,0,0.1,27,1,0,0,0,0,1,1,0,0,0,0,0.072,0,0,0,0,1,0.0,0,0,0.0,0
invictus_enriched.csv:2384,0,1,0.8,2,1,1.0,0,0.5344444444444445,1.0,1.2246467991473532e-16,-1.0,0,0,0.1,28,1,0,0,0,0,1,1,0,0,0,0,0.072,0,0,0,0,0,0.0,0,0,0.0,0
invictus_enriched.csv:2385,0,1,0.8,2,1,1.0,0,0.5344444444444445,1.0,1.2246467991473532e-16,-1.0,0,0,0.1,93,4,0,0,1,0,0,1,0,0,0,0,0.184,0,0,0,0,0,0.0,0,0,0.0,0
invictus_enriched.csv:2386,0,1,0.8,2,1,1.0,0,0.5344444444444445,1.0,1.2246467991473532e-16,-1.0,0,0,0.1,26,1,0,0,0,0,1,1,0,0,0,0,0.072,0,0,0,0,0,0.0,0,0,0.0,0
invictus_enriched.csv:2387,0,1,0.8,2,1,0.9997222222222222,0,0.5347222222222222,1.0,1.2246467991473532e-16,-1.0,0,0,0.1,98,4,0,0,0,0,0,1,0,0,0,0,0.188,0,0,0,0,0,0.0,0,0,0.0,0
invictus_enriched.csv:2388,0,1,0.8,2,1,1.0,0,0.5347222222222222,1.0,1.2246467991473532e-16,-1.0,0,0,0.1,101,4,0,0,0,0,0,1,0,0,0,0,0.19333333333333333,0,0,0,0,0,0.0,0,0,0.0,0
invictus_enriched.csv:2389,0,1,0.8,2,1,1.0,0,0.5347222222222222,1.0,1.2246467991473532e-16,-1.0,0,0,0.1,99,4,0,0,0,0,0,1,0,0,0,0,0.188,0,0,0,0,0,0.0,0,0,0.0,0
invictus_enriched.csv:2390,0,1,0.8,2,1,1.0,0,0.5347222222222222,1.0,1.2246467991473532e-16,-1.0,0,0,0.1,96,4,0,0,1,0,0,1,0,0,0,0,0.184,0,0,0,0,0,0.0,0,0,0.0,0
invictus_enriched.csv:2391,0,1,0.8,2,1,1.0,0,0.5347222222222222,1.0,1.2246467991473532e-16,-1.0,0,0,0.1,4,4,0,0,0,0,0,1,0,0,0,0,0.17866666666666667,0,0,0,0,0,0.0,0,0,0.0,0
invictus_enriched.csv:2392,0,1,0.8,2,1,1.0,0,0.5347222222222222,1.0,1.2246467991473532e-16,-1.0,0,0,0.1,3,4,0,0,1,0,0,1,0,0,0,0,0.18266666666666667,0,0,0,0,0,0.0,0,0,0.0,0
invictus_enriched.csv:2393,0,1,0.8,2,1,1.0,0,0.5347222222222222,1.0,1.2246467991473532e-16,-1.0,0,0,0.1,95,4,1,0,0,0,0,0,0,0,0,0,0.352,0,0,0,0,1,0.0,0,0,0.0,0
invictus_enriched.csv:2394,0,1,0.8,2,1,1.0,0,0.5347222222222222,1.0,1.2246467991473532e-16,-1.0,0,0,0.1,97,4,0,0,1,0,0,1,0,0,0,0,0.18,0,0,0,0,0,0.0,0,0,0.0,0
invictus_enriched.csv:2395,0,1,0.8,2,1,0.9997222222222222,0,0.535,1.0,1.2246467991473532e-16,-1.0,0,0,0.1,100,4,0,0,1,0,0,1,0,0,0,0,0.18666666666666668,0,0,0,0,0,0.0,0,0,0.0,0
invictus_enriched.csv:2396,0,1,0.8,2,1,1.0,0,0.535,1.0,1.2246467991473532e-16,-1.0,0,0,0.1,104,4,0,0,1,0,0,1,0,0,0,0,0.18933333333333333,0,0,0,0,0,0.0,0,0,0.0,0
invictus_enriched.csv:2397,0,1,0.8,2,1,1.0,0,0.535,1.0,1.2246467991473532e-16,-1.0,0,0,0.1,2,4,0,0,0,0,0,1,0,0,0,0,0.184,0,0,0,0,0,0.0,0,0,0.0,0
invictus_enriched.csv:2398,0,1,0.8,2,1,1.0,0,0.535,1.0,1.2246467991473532e-16,-1.0,0,0,0.1,102,4,0,0,1,0,0,1,0,0,0,0,0.18933333333333333,0,0,0,0,0,0.0,0,0,0.0,0
invictus_enriched.csv:2399,0,1,0.8,2,1,1.0,0,0.535,1.0,1.2246467991473532e-16,-1.0,0,0,0.1,93,4,0,0,0,0,0,1,0,0,0,0,0.184,0,0,0,0,0,0.0,0,0,0.0,0
invictus_enriched.csv:2400,0,1,0.8,2,1,1.0,0,0.535,1.0,1.2246467991473532e-16,-1.0,0,0,0.1,103,4,0,0,0,0,0,1,0,0,0,0,0.188,0,0,0,0,0,0.0,0,0,0.0,0
invictus_enriched.csv:2401,0,1,0.8,2,1,0.9997222222222222,0,0.5352777777777777,1.0,1.2246467991473532e-16,-1.0,0,0,0.1,198,8,1,0,1,0,0,0,0,0,0,0,0.5746666666666667,0,0,0,0,0,0.0,0,0,0.0,0
invictus_enriched.csv:2402,0,1,0.8,2,1,0.9997222222222222,0,0.5355555555555556,1.0,1.2246467991473532e-16,-1.0,0,0,0.1,198,8,1,0,1,0,0,0,0,0,0,0,0.5746666666666667,0,0,0,0,0,0.0,0,0,0.0,0
invictus_enriched.csv:2403,0,1,0.8,2,1,0.9997222222222222,0,0.5358333333333334,1.0,1.2246467991473532e-16,-1.0,0,0,0.1,198,8,1,0,1,0,0,0,0,0,0,0,0.5746666666666667,0,0,0,0,0,0.0,0,0,0.0,0
invictus_enriched.csv:2404,0,1,0.8,2,1,0.9994444444444445,0,0.5363888888888889,1.0,1.2246467991473532e-16,-1.0,0,0,0.1,198,8,1,0,1,0,0,0,0,0,0,0,0.5746666666666667,0,0,0,0,0,0.0,0,0,0.0,0
invictus_enriched.csv:2405,0,1,0.8,2,1,0.9986111111111111,0,0.5377777777777778,1.0,1.2246467991473532e-16,-1.0,0,0,0.1,199,8,0,0,0,0,0,1,0,0,0,0,0.07466666666666667,0,0,0,0,0,0.0,0,0,0.0,0
invictus_enriched.csv:2406,0,1,0.8,2,1,1.0,0,0.5377777777777778,1.0,1.2246467991473532e-16,-1.0,0,0,0.1,198,8,1,0,0,0,0,0,0,0,0,0,0.5746666666666667,0,0,0,0,0,0.0,0,0,0.0,0
invictus_enriched.csv:2407,0,1,0.1,6,0,0.9786111111111111,0,0.5241666666666667,0.21621621621621623,1.2246467991473532e-16,-1.0,0,0,0.6,30,2,0,0,0,0,0,0,0,0,0,1,0.184,0,0,0,0,0,0.0,0,0,0.0,0
invictus_enriched.csv:2408,0,1,0.8,2,1,0.9986111111111111,0,0.5391666666666667,1.0,1.2246467991473532e-16,-1.0,0,0,0.1,201,8,0,0,0,0,0,1,0,0,0,0,0.1,0,0,0,0,0,0.0,0,0,0.0,0
invictus_enriched.csv:2409,0,1,0.8,2,1,1.0,0,0.5391666666666667,1.0,1.2246467991473532e-16,-1.0,0,0,0.1,199,8,0,0,0,0,0,1,0,0,0,0,0.07466666666666667,0,0,0,0,0,0.0,0,0,0.0,0
invictus_enriched.csv:2410,0,1,0.8,2,1,1.0,0,0.5391666666666667,1.0,1.2246467991473532e-16,-1.0,0,0,0.1,199,8,0,0,0,0,0,1,0,0,0,0,0.07466666666666667,0,0,0,0,0,0.0,0,0,0.0,0
invictus_enriched.csv:2411,0,1,0.8,2,1,1.0,0,0.5391666666666667,1.0,1.2246467991473532e-16,-1.0,0,0,0.1,200,8,0,0,0,0,0,1,0,0,0,0,0.07466666666666667,0,0,0,0,0,0.0,0,0,0.0,0
invictus_enriched.csv:2412,0,1,0.8,2,1,0.9994444444444445,1,0.5397222222222222,1.0,1.2246467991473532e-16,-1.0,0,0,0.1,203,8,1,0,0,0,0,0,0,0,0,0,0.456,0,0,0,0,0,0.0,0,0,0.0,0
invictus_enriched.csv:2413,0,1,0.8,2,1,0.9977777777777778,0,0.5419444444444445,1.0,1.2246467991473532e-16,-1.0,0,0,0.1,21,3,0,0,0,0,0,1,0,0,0,0,0.064,0,0,0,0,0,0.0,0,0,0.0,0
invictus_enriched.csv:2414,0,1,0.8,2,1,0.9983333333333333,0,0.5436111111111112,1.0,1.2246467991473532e-16,-1.0,0,0,0.1,23,1,0,0,0,0,1,1,0,0,0,0,0.0026666666666666666,0,0,0,0,0,0.0,0,0,0.0,0
invictus_enriched.csv:2415,0,1,0.8,2,1,0.9997222222222222,0,0.5438888888888889,1.0,1.2246467991473532e-16,-1.0,0,0,0.7,24,1,1,0,0,0,1,0,0,0,0,0,0.508,0,0,0,0,0,0.2,0,0,0.6,1
invictus_enriched.csv:2416,0,1,0.8,2,1,1.0,0,0.5438888888888889,1.0,1.2246467991473532e-16,-1.0,0,0,0.1,23,1,0,0,0,0,1,1,0,0,0,0,0.0026666666666666666,0,0,0,0,0,0.0,0,0,0.0,0
invictus_enriched.csv:2417,0,1,0.8,2,1,1.0,0,0.5438888888888889,1.0,1.2246467991473532e-16,-1.0,0,0,0.1,27,1,0,0,0,0,1,1,0,0,0,0,0.06666666666666667,0,0,0,0,1,0.0,0,0,0.0,0
invictus_enriched.csv:2418,0,1,0.8,2,1,1.0,0,0.5438888888888889,1.0,1.2246467991473532e-16,-1.0,0,0,0.1,26,1,0,0,0,0,1,1,0,0,0,0,0.06666666666666667,0,0,0,0,0,0.0,0,0,0.0,0
invictus_enriched.csv:2419,0,1,0.8,2,1,1.0,0,0.5438888888888889,1.0,1.2246467991473532e-16,-1.0,0,0,0.1,28,1,0,0,0,0,1,1,0,0,0,0,0.06666666666666667,0,0,0,0,0,0.0,0,0,0.0,0
invictus_enriched.csv:2420,0,1,0.1,6,0,0.9933333333333333,0,0.5308333333333334,0.21664050235478807,1.2246467991473532e-16,-1.0,0,0,0.6,30,2,0,0,0,0,0,0,0,0,0,1,0.22933333333333333,0,0,0,0,0,0.0,0,0,0.0,0
invictus_enriched.csv:2421,0,1,0.8,2,1,0.9994444444444445,1,0.5444444444444444,1.0,1.2246467991473532e-16,-1.0,0,0,0.1,204,0,1,0,0,0,0,0,0,0,0,0,0.352,0,0,0,0,0,0.0,0,0,0.0,0
invictus_enriched.csv:2422,0,1,0.8,2,1,1.0,1,0.5444444444444444,1.0,1.2246467991473532e-16,-1.0,0,0,0.1,205,0,1,0,0,0,0,0,0,0,0,0,1.0,0,0,0,0,0,0.0,0,0,0.0,0
invictus_enriched.csv:2423,0,1,0.1,6,0,1.0,0,0.5308333333333334,0.21978021978021975,1.2246467991473532e-16,-1.0,0,0,0.6,30,2,0,0,0,0,0,0,0,0,0,1,0.22933333333333333,0,0,0,0,0,0.0,0,0,0.0,0
invictus_enriched.csv:2424,0,1,0.1,6,0,0.9986111111111111,0,0.5322222222222223,0.22233820459290188,1.2246467991473532e-16,-1.0,0,0,0.6,30,2,0,0,0,0,0,0,0,0,0,1,0.22933333333333333,0,0,0,0,0,0.0,0,0,0.0,0
invictus_enriched.csv:2425,0,1,0.8,2,0,0.9963888888888889,1,0.5358333333333334,0.22395023328149302,1.2246467991473532e-16,-1.0,0,0,0.1,206,0,1,0,0,0,0,0,0,0,0,0,0.0026666666666666666,0,0,0,0,0,0.0,0,0,0.0,0
invictus_enriched.csv:2426,0,1,0.8,2,1,0.9177777777777778,0,0.7569444444444444,0.2157798165137615,1.2246467991473532e-16,-1.0,0,0,0.1,1,0,0,0,0,0,0,1,0,0,0,0,0.037333333333333336,0,0,0,0,0,0.0,0,0,0.0,0
invictus_enriched.csv:2427,0,1,0.8,2,0,0.9911111111111112,1,0.5533333333333333,1.0,1.2246467991473532e-16,-1.0,0,0,0.1,194,0,1,0,0,0,0,0,0,0,0,0,0.0026666666666666666,0,0,0,0,0,0.0,0,0,0.0,0
invictus_enriched.csv:2428,0,0,0.8,2,1,1.0,0,0.5533333333333333,1.0,1.2246467991473532e-16,-1.0,0,0,0.1,173,3,0,0,0,0,0,1,0,0,0,0,0.02266666666666667,0,0,0,0,0,0.0,0,0,0.0,0
invictus_enriched.csv:2429,0,1,0.8,2,1,0.9994444444444445,0,0.7575,0.2178217821782178,1.2246467991473532e-16,-1.0,0,0,0.1,15,0,0,0,0,0,0,1,0,0,0,0,0.0026666666666666666,0,0,0,0,0,0.0,0,0,0.0,0
invictus_enriched.csv:2430,0,1,0.8,2,1,0.9997222222222222,0,0.7577777777777778,0.219941348973607,1.2246467991473532e-16,-1.0,0,0,0.2,17,1,0,0,0,0,1,1,0,0,0,0,0.0026666666666666666,0,0,0,0,0,0.0,0,0,0.0,0
invictus_enriched.csv:2431,0,0,0.8,2,1,0.9994444444444445,0,0.5538888888888889,1.0,1.2246467991473532e-16,-1.0,0,0,0.1,176,3,0,0,0,0,0,1,0,0,0,0,0.07866666666666666,0,0,0,0,0,0.0,0,0,0.0,0
invictus_enriched.csv:2432,0,0,0.8,2,1,1.0,0,0.5538888888888889,1.0,1.2246467991473532e-16,-1.0,0,0,0.1,21,3,0,0,0,0,0,1,0,0,0,0,0.17733333333333334,0,0,0,0,0,0.0,0,0,0.0,0
invictus_enriched.csv:2433,0,0,0.8,2,1,1.0,0,0.5538888888888889,1.0,1.2246467991473532e-16,-1.0,0,0,0.1,43,3,0,0,0,0,0,1,0,0,0,0,0.08,0,0,0,0,0,0.0,0,0,0.0,0
invictus_enriched.csv:2434,0,0,0.8,2,1,1.0,0,0.5538888888888889,1.0,1.2246467991473532e-16,-1.0,0,0,0.1,37,3,0,0,0,0,0,1,0,0,0,0,0.068,0,0,0,0,0,0.0,0,0,0.0,0
invictus_enriched.csv:2435,0,0,0.8,2,1,1.0,0,0.5538888888888889,1.0,1.2246467991473532e-16,-1.0,0,0,0.1,45,3,0,0,0,0,0,1,0,0,0,0,0.07866666666666666,0,0,0,0,0,0.0,0,0,0.0,0
invictus_enriched.csv:2436,0,0,0.8,2,1,0.9994444444444445,0,0.7583333333333333,0.221978021978022,1.2246467991473532e-16,-1.0,0,0,0.1,10,0,0,0,0,0,0,1,0,0,0,0,0.19466666666666665,0,0,0,0,0,0.0,0,0,0.0,0
invictus_enriched.csv:2437,0,0,0.8,2,1,1.0,0,0.7583333333333333,0.22417582417582418,1.2246467991473532e-16,-1.0,0,0,0.1,10,0,0,0,0,0,0,1,0,0,0,1,0.196,0,0,0,0,0,0.0,0,0,0.0,0
invictus_enriched.csv:2438,0,0,0.8,2,1,0.9994444444444445,0,0.5544444444444444,1.0,1.2246467991473532e-16,-1.0,0,0,0.1,10,0,0,0,0,0,0,1,0,0,0,1,0.196,0,0,0,0,0,0.0,0,0,0.0,0
invictus_enriched.csv:2439,0,0,0.8,2,1,1.0,0,0.5544444444444444,1.0,1.2246467991473532e-16,-1.0,0,0,0.1,10,0,0,0,0,0,0,1,0,0,0,0,0.19466666666666665,0,0,0,0,0,0.0,0,0,0.0,0
invictus_enriched.csv:2440,0,0,0.8,2,1,0.9997222222222222,0,0.5547222222222222,1.0,1.2246467991473532e-16,-1.0,0,0,0.1,173,3,0,0,0,0,0,1,0,0,0,0,0.04933333333333333,0,0,0,0,0,0.0,0,0,0.0,0
invictus_enriched.csv:2441,0,0,0.8,2,1,1.0,0,0.5547222222222222,1.0,1.2246467991473532e-16,-1.0,0,0,0.1,9,0,0,0,0,0,0,1,0,0,0,0,0.0026666666666666666,0,0,0,0,0,0.0,0,0,0.0,0
invictus_enriched.csv:2442,0,0,0.8,2,1,1.0,0,0.5547222222222222,1.0,1.2246467991473532e-16,-1.0,0,0,0.1,175,0,0,0,0,0,0,1,0,0,0,0,0.029333333333333333,0,0,0,0,0,0.0,0,0,0.0,0
invictus_enriched.csv:2443,0,0,0.8,2,1,0.9988888888888889,0,0.5558333333333333,1.0,1.2246467991473532e-16,-1.0,0,0,0.2,63,3,0,0,0,0,0,1,0,0,0,0,0.076,0,0,0,0,0,0.0,0,0,0.0,0
invictus_enriched.csv:2444,0,0,0.8,2,1,1.0,0,0.5558333333333333,1.0,1.2246467991473532e-16,-1.0,0,0,0.1,66,3,0,0,0,0,0,1,0,0,0,0,0.072,0,0,0,0,0,0.0,0,0,0.0,0
invictus_enriched.csv:2445,0,0,0.8,2,1,1.0,1,0.5558333333333333,1.0,1.2246467991473532e-16,-1.0,0,0,0.1,207,0,0,0,0,0,0,1,0,0,0,0,0.02266666666666667,0,0,0,0,0,0.0,0,0,0.0,0
invictus_enriched.csv:2446,0,0,0.8,2,1,1.0,1,0.5558333333333333,1.0,1.2246467991473532e-16,-1.0,0,0,0.1,208,3,0,0,0,0,0,1,0,0,0,0,0.072,0,0,0,0,0,0.0,0,0,0.0,0
invictus_enriched.csv:2447,0,0,0.8,2,1,1.0,0,0.5558333333333333,1.0,1.2246467991473532e-16,-1.0,0,0,0.1,21,3,0,0,0,0,0,1,0,0,0,0,0.064,0,0,0,0,0,0.0,0,0,0.0,0
invictus_enriched.csv:2448,0,0,0.8,2,1,1.0,1,0.5558333333333333,1.0,1.2246467991473532e-16,-1.0,0,0,0.1,209,3,0,0,0,0,0,1,0,0,0,0,0.116,0,0,0,0,0,0.0,0,0,0.0,0
invictus_enriched.csv:2449,0,0,0.8,2,1,1.0,1,0.5558333333333333,1.0,1.2246467991473532e-16,-1.0,0,0,0.1,210,0,0,0,0,0,0,1,0,0,0,0,0.025333333333333333,0,0,0,0,0,0.0,0,0,0.0,0
invictus_enriched.csv:2450,0,0,0.8,2,1,1.0,0,0.5558333333333333,1.0,1.2246467991473532e-16,-1.0,0,0,0.1,35,3,0,0,0,0,0,1,0,0,0,0,0.08133333333333333,0,0,0,0,0,0.0,0,0,0.0,0
invictus_enriched.csv:2451,0,0,0.8,2,1,1.0,1,0.5558333333333333,1.0,1.2246467991473532e-16,-1.0,0,0,0.1,211,3,0,0,0,0,0,1,0,0,0,0,0.092,0,0,0,0,0,0.0,0,0,0.0,0
invictus_enriched.csv:2452,0,0,0.8,2,1,1.0,1,0.5558333333333333,1.0,1.2246467991473532e-16,-1.0,0,0,0.1,212,3,0,0,0,0,0,1,0,0,0,0,0.104,0,0,0,0,0,0.0,0,0,0.0,0
invictus_enriched.csv:2453,0,0,0.8,2,1,1.0,0,0.5558333333333333,1.0,1.2246467991473532e-16,-1.0,0,0,0.1,207,0,0,0,0,0,0,1,0,0,0,0,0.02266666666666667,0,0,0,0,0,0.0,0,0,0.0,0
invictus_enriched.csv:2454,0,0,0.8,2,1,1.0,1,0.5558333333333333,1.0,1.2246467991473532e-16,-1.0,0,0,0.1,213,3,0,0,0,0,0,1,0,0,0,0,0.06,0,0,0,0,0,0.0,0,0,0.0,0
invictus_enriched.csv:2455,0,0,0.8,2,1,1.0,0,0.5558333333333333,1.0,1.2246467991473532e-16,-1.0,0,0,0.1,32,3,0,0,0,0,0,1,0,0,0,0,0.07466666666666667,0,0,0,0,0,0.0,0,0,0.0,0
invictus_enriched.csv:2456,0,0,0.8,2,1,1.0,0,0.5558333333333333,1.0,1.2246467991473532e-16,-1.0,0,0,0.1,47,3,0,0,0,0,0,1,0,0,0,0,0.116,0,0,0,0,0,0.0,0,0,0.0,0
invictus_enriched.csv:2457,0,0,0.8,2,1,1.0,1,0.5558333333333333,1.0,1.2246467991473532e-16,-1.0,0,0,0.1,214,3,0,0,0,0,0,1,0,0,0,0,0.07066666666666667,0,0,0,0,0,0.0,0,0,0.0,0
invictus_enriched.csv:2458,0,0,0.8,2,1,1.0,0,0.5558333333333333,1.0,1.2246467991473532e-16,-1.0,0,0,0.1,158,3,0,0,0,0,0,1,0,0,0,0,0.17466666666666666,0,0,0,0,0,0.0,0,0,0.0,0
invictus_enriched.csv:2459,0,0,0.8,2,1,0.9997222222222222,0,0.5561111111111111,1.0,1.2246467991473532e-16,-1.0,0,0,0.1,9,0,0,0,0,0,0,1,0,0,0,0,0.0026666666666666666,0,0,0,0,0,0.0,0,0,0.0,0
invictus_enriched.csv:2460,0,0,0.8,2,1,1.0,0,0.5561111111111111,1.0,1.2246467991473532e-16,-1.0,0,0,0.1,10,0,0,0,0,0,0,1,0,0,0,0,0.19466666666666665,0,0,0,0,0,0.0,0,0,0.0,0
invictus_enriched.csv:2461,0,0,0.8,2,1,1.0,0,0.5561111111111111,1.0,1.2246467991473532e-16,-1.0,0,0,0.1,10,0,0,0,0,0,0,1,0,0,0,1,0.196,0,0,0,0,0,0.0,0,0,0.0,0
invictus_enriched.csv:2462,0,0,0.8,2,1,0.9991666666666666,0,0.5569444444444445,1.0,1.2246467991473532e-16,-1.0,0,0,0.1,35,3,0,0,0,0,0,1,0,0,0,0,0.08133333333333333,0,0,0,0,0,0.0,0,0,0.0,0
invictus_enriched.csv:2463,0,0,0.8,2,1,1.0,0,0.5569444444444445,1.0,1.2246467991473532e-16,-1.0,0,0,0.1,35,3,0,0,0,0,0,1,0,0,0,0,0.08133333333333333,0,0,0,0,0,0.0,0,0,0.0,0
invictus_enriched.csv:2464,0,0,0.8,2,1,1.0,1,0.5569444444444445,1.0,1.2246467991473532e-16,-1.0,0,0,0.1,215,3,0,0,0,0,0,1,0,0,0,0,0.11466666666666667,0,0,0,0,0,0.0,0,0,0.0,0
invictus_enriched.csv:2465,0,0,0.8,2,1,1.0,1,0.5569444444444445,1.0,1.2246467991473532e-16,-1.0,0,0,0.1,216,3,0,0,0,0,0,1,0,0,0,0,0.07333333333333333,0,0,0,0,0,0.0,0,0,0.0,0
invictus_enriched.csv:2466,0,0,0.8,2,1,1.0,0,0.5569444444444445,1.0,1.2246467991473532e-16,-1.0,0,0,0.1,59,3,0,0,0,0,0,1,0,0,0,0,0.06933333333333333,0,0,0,0,0,0.0,0,0,0.0,0
invictus_enriched.csv:2467,0,0,0.8,2,1,1.0,0,0.5569444444444445,1.0,1.2246467991473532e-16,-1.0,0,0,0.1,59,3,0,0,0,0,0,1,0,0,0,0,0.06933333333333333,0,0,0,0,0,0.0,0,0,0.0,0
invictus_enriched.csv:2468,0,0,0.8,2,1,1.0,0,0.5569444444444445,1.0,1.2246467991473532e-16,-1.0,0,0,0.1,64,3,0,0,0,0,0,1,0,0,0,0,0.16266666666666665,0,0,0,0,0,0.0,0,0,0.0,0
invictus_enriched.csv:2469,0,0,0.8,2,1,1.0,0,0.5569444444444445,1.0,1.2246467991473532e-16,-1.0,0,0,0.1,216,3,0,0,0,0,0,1,0,0,0,0,0.07333333333333333,0,0,0,0,0,0.0,0,0,0.0,0
invictus_enriched.csv:2470,0,0,0.8,2,1,1.0,0,0.5569444444444445,1.0,1.2246467991473532e-16,-1.0,0,0,0.1,215,3,0,0,0,0,0,1,0,0,0,0,0.18133333333333335,0,0,0,0,0,0.0,0,0,0.0,0
invictus_enriched.csv:2471,0,0,0.8,2,1,1.0,0,0.5569444444444445,1.0,1.2246467991473532e-16,-1.0,0,0,0.1,215,3,0,0,0,0,0,1,0,0,0,0,0.11466666666666667,0,0,0,0,0,0.0,0,0,0.0,0
invictus_enriched.csv:2472,0,0,0.8,2,1,1.0,0,0.5569444444444445,1.0,1.2246467991473532e-16,-1.0,0,0,0.1,35,3,0,0,0,0,0,1,0,0,0,0,0.13333333333333333,0,0,0,0,0,0.0,0,0,0.0,0
invictus_enriched.csv:2473,0,0,0.8,2,1,1.0,0,0.5569444444444445,1.0,1.2246467991473532e-16,-1.0,0,0,0.1,216,3,0,0,0,0,0,1,0,0,0,0,0.14133333333333334,0,0,0,0,0,0.0,0,0,0.0,0
invictus_enriched.csv:2474,0,0,0.8,2,1,0.9972222222222222,0,0.5597222222222222,1.0,1.2246467991473532e-16,-1.0,0,0,0.1,215,3,0,0,0,0,0,1,0,0,0,0,0.11466666666666667,0,0,0,0,0,0.0,0,0,0.0,0
invictus_enriched.csv:2475,0,0,0.8,2,1,1.0,0,0.5597222222222222,1.0,1.2246467991473532e-16,-1.0,0,0,0.1,35,3,0,0,0,0,0,1,0,0,0,0,0.08133333333333333,0,0,0,0,0,0.0,0,0,0.0,0
invictus_enriched.csv:2476,0,0,0.8,2,1,1.0,0,0.5597222222222222,1.0,1.2246467991473532e-16,-1.0,0,0,0.1,59,3,0,0,0,0,0,1,0,0,0,0,0.06933333333333333,0,0,0,0,0,0.0,0,0,0.0,0
invictus_enriched.csv:2477,0,0,0.8,2,1,1.0,0,0.5597222222222222,1.0,1.2246467991473532e-16,-1.0,0,0,0.1,59,3,0,0,0,0,0,1,0,0,0,0,0.06933333333333333,0,0,0,0,0,0.0,0,0,0.0,0
invictus_enriched.csv:2478,0,0,0.8,2,1,1.0,0,0.5597222222222222,1.0,1.2246467991473532e-16,-1.0,0,0,0.1,215,3,0,0,0,0,0,1,0,0,0,0,0.11466666666666667,0,0,0,0,0,0.0,0,0,0.0,0
invictus_enriched.csv:2479,0,0,0.8,2,1,1.0,0,0.5597222222222222,1.0,1.2246467991473532e-16,-1.0,0,0,0.1,35,3,0,0,0,0,0,1,0,0,0,0,0.08133333333333333,0,0,0,0,0,0.0,0,0,0.0,0
invictus_enriched.csv:2480,0,0,0.8,2,1,1.0,0,0.5597222222222222,1.0,1.2246467991473532e-16,-1.0,0,0,0.1,216,3,0,0,0,0,0,1,0,0,0,0,0.07333333333333333,0,0,0,0,0,0.0,0,0,0.0,0
invictus_enriched.csv:2481,0,0,0.8,2,1,1.0,0,0.5597222222222222,1.0,1.2246467991473532e-16,-1.0,0,0,0.1,216,3,0,0,0,0,0,1,0,0,0,0,0.07333333333333333,0,0,0,0,0,0.0,0,0,0.0,0
invictus_enriched.csv:2482,0,0,0.8,2,1,1.0,0,0.5597222222222222,1.0,1.2246467991473532e-16,-1.0,0,0,0.1,128,3,1,0,0,0,0,0,0,0,0,0,0.108,0,0,0,0,0,0.0,0,0,0.0,0
invictus_enriched.csv:2483,0,0,0.8,2,1,0.9977777777777778,0,0.5619444444444445,1.0,1.2246467991473532e-16,-1.0,0,0,0.1,21,3,0,0,0,0,0,1,0,0,0,0,0.064,0,0,0,0,0,0.0,0,0,0.0,0
invictus_enriched.csv:2484,0,0,0.8,2,1,0.9994444444444445,1,0.5625,1.0,1.2246467991473532e-16,-1.0,0,0,0.1,217,0,0,0,0,0,0,1,0,0,0,0,0.22133333333333333,0,0,0,0,0,0.0,0,0,0.0,0
invictus_enriched.csv:2485,0,0,0.8,2,1,1.0,0,0.5625,1.0,1.2246467991473532e-16,-1.0,0,0,0.1,188,0,0,0,0,0,0,1,0,0,0,0,0.0026666666666666666,0,0,0,0,0,0.0,0,0,0.0,0
invictus_enriched.csv:2486,0,0,0.8,2,1,0.9997222222222222,0,0.5627777777777778,1.0,1.2246467991473532e-16,-1.0,0,0,0.1,21,3,0,0,0,0,0,1,0,0,0,0,0.064,0,0,0,0,0,0.0,0,0,0.0,0
invictus_enriched.csv:2487,0,0,0.8,2,1,1.0,1,0.5627777777777778,1.0,1.2246467991473532e-16,-1.0,0,0,0.1,218,0,0,0,0,0,0,1,0,0,0,0,0.0026666666666666666,0,0,0,0,0,0.0,0,0,0.0,0
invictus_enriched.csv:2488,0,0,0.8,2,1,1.0,1,0.5627777777777778,1.0,1.2246467991473532e-16,-1.0,0,0,0.1,219,0,0,0,0,0,0,1,0,0,0,0,0.0026666666666666666,0,0,0,0,0,0.0,0,0,0.0,0
invictus_enriched.csv:2489,0,0,0.8,2,1,1.0,1,0.5627777777777778,1.0,1.2246467991473532e-16,-1.0,0,0,0.1,220,0,0,0,0,0,0,1,0,0,0,0,0.0026666666666666666,0,0,0,0,0,0.0,0,0,0.0,0
invictus_enriched.csv:2490,0,0,0.8,2,1,1.0,1,0.5627777777777778,1.0,1.2246467991473532e-16,-1.0,0,0,0.1,221,0,0,0,0,0,0,1,0,0,0,0,0.0026666666666666666,0,0,0,0,0,0.0,0,0,0.0,0
invictus_enriched.csv:2491,0,0,0.8,2,1,1.0,0,0.5627777777777778,1.0,1.2246467991473532e-16,-1.0,0,0,0.1,21,0,0,0,0,0,0,1,0,0,0,0,0.0026666666666666666,0,0,0,0,0,0.0,0,0,0.0,0
invictus_enriched.csv:2492,0,0,0.8,2,1,1.0,0,0.5627777777777778,1.0,1.2246467991473532e-16,-1.0,0,0,0.1,190,0,0,0,0,0,0,1,0,0,0,0,0.064,0,0,0,0,0,0.0,0,0,0.0,0
invictus_enriched.csv:2493,0,0,0.8,2,1,1.0,1,0.5627777777777778,1.0,1.2246467991473532e-16,-1.0,0,0,0.1,222,0,0,0,0,0,0,1,0,0,0,0,0.064,0,0,0,0,0,0.0,0,0,0.0,0
invictus_enriched.csv:2494,0,0,0.8,2,1,1.0,0,0.5627777777777778,1.0,1.2246467991473532e-16,-1.0,0,0,0.1,188,0,0,0,0,0,0,1,0,0,0,0,0.0026666666666666666,0,0,0,0,0,0.0,0,0,0.0,0
invictus_enriched.csv:2495,0,0,0.8,2,1,1.0,1,0.5627777777777778,1.0,1.2246467991473532e-16,-1.0,0,0,0.1,223,0,0,0,0,0,0,1,0,0,0,0,0.0026666666666666666,0,0,0,0,0,0.0,0,0,0.0,0
invictus_enriched.csv:2496,0,0,0.8,2,1,1.0,0,0.5627777777777778,1.0,1.2246467991473532e-16,-1.0,0,0,0.1,37,3,0,0,0,0,0,1,0,0,0,0,0.04133333333333333,0,0,0,0,0,0.0,0,0,0.0,0
invictus_enriched.csv:2497,0,0,0.8,2,1,1.0,1,0.5627777777777778,1.0,1.2246467991473532e-16,-1.0,0,0,0.1,224,0,0,0,0,0,0,1,0,0,0,0,0.024,0,0,0,0,0,0.0,0,0,0.0,0
invictus_enriched.csv:2498,0,0,0.8,2,1,0.9997222222222222,0,0.5630555555555555,1.0,1.2246467991473532e-16,-1.0,0,0,0.1,9,0,0,0,0,0,0,1,0,0,0,0,0.0026666666666666666,0,0,0,0,0,0.0,0,0,0.0,0
invictus_enriched.csv:2499,0,0,0.8,2,1,1.0,0,0.5630555555555555,1.0,1.2246467991473532e-16,-1.0,0,0,0.1,10,0,0,0,0,0,0,1,0,0,0,0,0.19466666666666665,0,0,0,0,0,0.0,0,0,0.0,0
invictus_enriched.csv:2500,0,0,0.8,2,1,1.0,0,0.5630555555555555,1.0,1.2246467991473532e-16,-1.0,0,0,0.1,10,0,0,0,0,0,0,1,0,0,0,1,0.196,0,0,0,0,0,0.0,0,0,0.0,0
invictus_enriched.csv:2501,0,0,0.8,2,1,0.9997222222222222,1,0.5633333333333334,1.0,1.2246467991473532e-16,-1.0,0,0,0.1,225,0,0,0,0,0,0,1,0,0,0,0,0.07733333333333334,0,0,0,0,0,0.0,0,0,0.0,0
invictus_enriched.csv:2502,0,0,0.8,2,1,1.0,1,0.5633333333333334,1.0,1.2246467991473532e-16,-1.0,0,0,0.1,226,0,0,0,0,0,0,1,0,0,0,0,0.0026666666666666666,0,0,0,0,0,0.0,0,0,0.0,0
invictus_enriched.csv:2503,0,1,0.8,2,1,0.9991666666666666,1,0.5641666666666667,1.0,1.2246467991473532e-16,-1.0,0,0,0.1,227,8,1,0,0,0,0,0,0,0,0,0,0.10533333333333333,0,0,0,0,0,0.0,0,0,0.0,0
invictus_enriched.csv:2504,0,1,0.8,2,1,1.0,0,0.5641666666666667,1.0,1.2246467991473532e-16,-1.0,0,0,1.0,195,1,1,0,0,0,1,0,0,0,0,0,0.30666666666666664,0,0,0,0,0,0.2,0,0,0.6,1
invictus_enriched.csv:2505,0,1,0.8,2,1,1.0,0,0.5641666666666667,1.0,1.2246467991473532e-16,-1.0,0,0,0.1,203,8,1,0,0,0,0,0,0,0,0,0,0.5586666666666666,0,0,0,0,0,0.0,0,0,0.0,0
invictus_enriched.csv:2506,0,1,0.8,2,1,1.0,1,0.5641666666666667,1.0,1.2246467991473532e-16,-1.0,0,0,0.1,228,4,1,0,0,0,0,0,0,0,0,0,0.18,0,0,0,0,0,0.0,0,0,0.0,1
invictus_enriched.csv:2507,0,1,0.8,2,1,1.0,1,0.5641666666666667,1.0,1.2246467991473532e-16,-1.0,0,0,0.1,229,0,0,0,0,0,0,1,0,0,0,0,0.02266666666666667,0,0,0,0,0,0.0,0,0,0.0,0
invictus_enriched.csv:2508,0,1,0.8,2,1,1.0,1,0.5641666666666667,1.0,1.2246467991473532e-16,-1.0,0,0,0.1,230,1,0,0,0,0,1,1,0,0,0,0,0.04533333333333334,0,0,0,0,0,0.0,0,0,0.0,0
invictus_enriched.csv:2509,0,1,0.8,2,1,1.0,1,0.5641666666666667,1.0,1.2246467991473532e-16,-1.0,0,0,0.1,231,1,1,0,0,0,1,0,0,0,0,0,0.09733333333333333,0,0,0,0,0,0.0,0,0,0.0,0
invictus_enriched.csv:2510,0,1,0.8,2,1,1.0,1,0.5641666666666667,1.0,1.2246467991473532e-16,-1.0,0,0,0.1,232,1,1,0,0,0,1,0,0,0,0,0,0.12533333333333332,0,0,0,0,0,0.0,0,0,1.0,0
invictus_enriched.csv:2511,0,1,0.8,2,1,1.0,1,0.5641666666666667,1.0,1.2246467991473532e-16,-1.0,0,0,0.1,233,1,1,0,0,0,1,0,0,0,0,0,0.04533333333333334,0,0,0,0,0,0.0,0,0,0.0,0
invictus_enriched.csv:2512,0,1,0.8,2,1,1.0,0,0.5641666666666667,1.0,1.2246467991473532e-16,-1.0,0,0,0.1,191,0,1,0,0,0,0,0,0,0,0,0,0.13866666666666666,0,0,0,0,0,0.0,0,0,0.0,0
invictus_enriched.csv:2513,0,1,0.8,2,1,1.0,1,0.5641666666666667,1.0,1.2246467991473532e-16,-1.0,0,0,0.1,234,0,0,0,0,0,0,1,0,0,0,0,0.02266666666666667,0,0,0,0,0,0.0,0,0,0.0,0
invictus_enriched.csv:2514,0,1,0.8,2,1,1.0,1,0.5641666666666667,1.0,1.2246467991473532e-16,-1.0,0,0,0.1,235,0,1,0,0,0,0,0,0,0,0,0,0.076,0,0,0,0,0,0.0,0,0,0.0,0
invictus_enriched.csv:2515,0,1,0.8,2,1,1.0,0,0.5641666666666667,1.0,1.2246467991473532e-16,-1.0,0,0,0.1,106,7,1,0,1,0,0,0,0,0,0,0,0.07066666666666667,0,0,0,0,0,0.0,0,0,0.0,0
invictus_enriched.csv:2516,0,1,0.8,2,1,1.0,0,0.5641666666666667,1.0,1.2246467991473532e-16,-1.0,0,0,0.1,230,1,0,0,0,0,1,1,0,0,0,0,0.064,0,0,0,0,0,0.0,0,0,0.0,0
invictus_enriched.csv:2517,0,1,0.8,2,1,1.0,1,0.5641666666666667,1.0,1.2246467991473532e-16,-1.0,0,0,0.1,236,0,1,0,0,0,0,0,0,0,0,0,0.07066666666666667,0,0,0,0,0,0.0,0,0,0.0,0
invictus_enriched.csv:2518,0,1,0.8,2,1,1.0,0,0.5641666666666667,1.0,1.2246467991473532e-16,-1.0,0,0,0.1,231,1,1,0,0,0,1,0,0,0,0,0,0.116,0,0,0,0,0,0.0,0,0,0.0,0
invictus_enriched.csv:2519,0,1,0.8,2,1,1.0,1,0.5641666666666667,1.0,1.2246467991473532e-16,-1.0,0,0,0.1,237,1,1,0,0,0,1,0,0,0,0,0,0.068,0,0,0,0,0,0.0,0,0,0.0,0
invictus_enriched.csv:2520,0,1,0.1,6,0,0.985,0,0.5508333333333333,0.22087745839636916,1.2246467991473532e-16,-1.0,0,0,0.6,30,2,0,0,0,0,0,0,0,0,0,1,0.22933333333333333,0,0,0,0,0,0.0,0,0,0.0,0
invictus_enriched.csv:2521,0,0,0.8,2,1,0.9997222222222222,0,0.5644444444444444,1.0,1.2246467991473532e-16,-1.0,0,0,0.1,225,0,0,0,0,0,0,1,0,0,0,0,0.12266666666666666,0,0,0,0,0,0.0,0,0,0.0,0
invictus_enriched.csv:2522,0,1,0.1,6,0,1.0,0,0.5508333333333333,0.2239031770045386,1.2246467991473532e-16,-1.0,0,0,0.6,30,2,0,0,0,0,0,0,0,0,0,1,0.22933333333333333,0,0,0,0,0,0.0,0,0,0.0,0
invictus_enriched.csv:2523,0,0,0.8,2,1,0.9997222222222222,0,0.5647222222222222,1.0,1.2246467991473532e-16,-1.0,0,0,0.1,225,0,0,0,0,0,0,1,0,0,0,0,0.072,0,0,0,0,0,0.0,0,0,0.0,0
invictus_enriched.csv:2524,0,0,0.8,2,1,1.0,0,0.5647222222222222,1.0,1.2246467991473532e-16,-1.0,0,0,0.1,225,0,0,0,0,0,0,1,0,0,0,0,0.06266666666666666,0,0,0,0,0,0.0,0,0,0.0,0
invictus_enriched.csv:2525,0,0,0.8,2,1,1.0,0,0.5647222222222222,1.0,1.2246467991473532e-16,-1.0,0,0,0.1,225,0,0,0,0,0,0,1,0,0,0,0,0.06266666666666666,0,0,0,0,0,0.0,0,0,0.0,0
invictus_enriched.csv:2526,0,0,0.8,2,1,1.0,0,0.5647222222222222,1.0,1.2246467991473532e-16,-1.0,0,0,0.1,225,0,0,0,0,0,0,1,0,0,0,0,0.05333333333333334,0,0,0,0,0,0.0,0,0,0.0,0
invictus_enriched.csv:2527,0,0,0.8,2,1,1.0,0,0.5647222222222222,1.0,1.2246467991473532e-16,-1.0,0,0,0.1,225,0,0,0,0,0,0,1,0,0,0,0,0.12266666666666666,0,0,0,0,0,0.0,0,0,0.0,0
invictus_enriched.csv:2528,0,0,0.8,2,1,1.0,0,0.5647222222222222,1.0,1.2246467991473532e-16,-1.0,0,0,0.1,225,0,0,0,0,0,0,1,0,0,0,0,0.06266666666666666,0,0,0,0,0,0.0,0,0,0.0,0
invictus_enriched.csv:2529,0,0,0.8,2,1,1.0,0,0.5647222222222222,1.0,1.2246467991473532e-16,-1.0,0,0,0.1,225,0,0,0,0,0,0,1,0,0,0,0,0.06266666666666666,0,0,0,0,0,0.0,0,0,0.0,0
invictus_enriched.csv:2530,0,0,0.8,2,1,1.0,0,0.5647222222222222,1.0,1.2246467991473532e-16,-1.0,0,0,0.1,225,0,0,0,0,0,0,1,0,0,0,0,0.064,0,0,0,0,0,0.0,0,0,0.0,0
invictus_enriched.csv:2531,0,0,0.8,2,1,1.0,0,0.5647222222222222,1.0,1.2246467991473532e-16,-1.0,0,0,0.1,225,0,0,0,0,0,0,1,0,0,0,0,0.072,0,0,0,0,0,0.0,0,0,0.0,0
invictus_enriched.csv:2532,0,0,0.8,2,1,1.0,0,0.5647222222222222,1.0,1.2246467991473532e-16,-1.0,0,0,0.1,225,0,0,0,0,0,0,1,0,0,0,0,0.06533333333333333,0,0,0,0,0,0.0,0,0,0.0,0
invictus_enriched.csv:2533,0,1,0.1,6,0,0.9997222222222222,0,0.5511111111111111,0.22681451612903225,1.2246467991473532e-16,-1.0,0,0,0.6,30,2,0,0,0,0,0,0,0,0,0,1,0.22933333333333333,0,0,0,0,0,0.0,0,0,0.0,0
invictus_enriched.csv:2534,0,0,0.8,2,1,1.0,0,0.5647222222222222,1.0,1.2246467991473532e-16,-1.0,0,0,0.1,225,0,0,0,0,0,0,1,0,0,0,0,0.06,0,0,0,0,0,0.0,0,0,0.0,0
invictus_enriched.csv:2535,0,0,0.8,2,1,1.0,0,0.5647222222222222,1.0,1.2246467991473532e-16,-1.0,0,0,0.1,225,0,0,0,0,0,0,1,0,0,0,0,0.05733333333333333,0,0,0,0,0,0.0,0,0,0.0,0
invictus_enriched.csv:2536,0,0,0.8,2,1,1.0,0,0.5647222222222222,1.0,1.2246467991473532e-16,-1.0,0,0,0.1,225,0,0,0,0,0,0,1,0,0,0,0,0.07333333333333333,0,0,0,0,0,0.0,0,0,0.0,0
invictus_enriched.csv:2537,0,0,0.8,2,1,0.9997222222222222,0,0.565,1.0,1.2246467991473532e-16,-1.0,0,0,0.1,225,0,0,0,0,0,0,1,0,0,0,0,0.056,0,0,0,0,0,0.0,0,0,0.0,0
invictus_enriched.csv:2538,0,0,0.8,2,1,1.0,0,0.565,1.0,1.2246467991473532e-16,-1.0,0,0,0.1,225,0,0,0,0,0,0,1,0,0,0,0,0.05333333333333334,0,0,0,0,0,0.0,0,0,0.0,0
invictus_enriched.csv:2539,0,0,0.8,2,1,1.0,0,0.565,1.0,1.2246467991473532e-16,-1.0,0,0,0.1,225,0,0,0,0,0,0,1,0,0,0,0,0.058666666666666666,0,0,0,0,0,0.0,0,0,0.0,0
invictus_enriched.csv:2540,0,0,0.8,2,1,1.0,1,0.565,1.0,1.2246467991473532e-16,-1.0,0,0,0.1,238,0,0,0,0,0,0,1,0,0,0,0,0.0026666666666666666,0,0,0,0,0,0.0,0,0,0.0,0
invictus_enriched.csv:2541,0,0,0.8,2,1,1.0,0,0.565,1.0,1.2246467991473532e-16,-1.0,0,0,0.1,225,0,0,0,0,0,0,1,0,0,0,0,0.06933333333333333,0,0,0,0,0,0.0,0,0,0.0,0
invictus_enriched.csv:2542,0,0,0.8,2,1,1.0,0,0.565,1.0,1.2246467991473532e-16,-1.0,0,0,0.1,225,0,0,0,0,0,0,1,0,0,0,0,0.064,0,0,0,0,0,0.0,0,0,0.0,0
invictus_enriched.csv:2543,0,0,0.8,2,1,1.0,1,0.565,1.0,1.2246467991473532e-16,-1.0,0,0,0.1,239,0,0,0,0,0,0,1,0,0,0,0,0.030666666666666665,0,0,0,0,0,0.0,0,0,0.0,0
invictus_enriched.csv:2544,0,0,0.8,2,1,1.0,0,0.565,1.0,1.2246467991473532e-16,-1.0,0,0,0.1,225,0,0,0,0,0,0,1,0,0,0,0,0.056,0,0,0,0,0,0.0,0,0,0.0,0
invictus_enriched.csv:2545,0,0,0.8,2,1,0.9997222222222222,1,0.5652777777777778,1.0,1.2246467991473532e-16,-1.0,0,0,0.1,240,0,0,0,0,0,0,0,0,0,0,0,0.2786666666666667,0,0,0,0,0,0.0,0,0,0.0,0
invictus_enriched.csv:2546,0,0,0.8,2,1,1.0,1,0.5652777777777778,1.0,1.2246467991473532e-16,-1.0,0,0,0.1,241,0,0,0,0,0,0,1,0,0,0,0,0.0026666666666666666,0,0,0,0,0,0.0,0,0,0.0,0
invictus_enriched.csv:2547,0,0,0.8,2,1,1.0,0,0.5652777777777778,1.0,1.2246467991473532e-16,-1.0,0,0,0.1,47,3,0,0,0,0,0,1,0,0,0,0,0.08933333333333333,0,0,0,0,0,0.0,0,0,0.0,0
invictus_enriched.csv:2548,0,1,0.8,2,1,1.0,0,0.5652777777777778,1.0,1.2246467991473532e-16,-1.0,0,0,0.1,23,1,0,0,0,0,1,1,0,0,0,0,0.0026666666666666666,0,0,0,0,0,0.0,0,0,0.0,0
invictus_enriched.csv:2549,0,0,0.8,2,1,1.0,0,0.5652777777777778,1.0,1.2246467991473532e-16,-1.0,0,0,0.1,53,3,0,0,0,0,0,1,0,0,0,0,0.04533333333333334,0,0,0,0,0,0.0,0,0,0.0,0
invictus_enriched.csv:2550,0,0,0.8,2,1,1.0,1,0.5652777777777778,1.0,1.2246467991473532e-16,-1.0,0,0,0.1,242,0,0,0,0,0,0,1,0,0,0,0,0.025333333333333333,0,0,0,0,0,0.0,0,0,0.0,0
invictus_enriched.csv:2551,0,1,0.8,2,1,1.0,0,0.5652777777777778,1.0,1.2246467991473532e-16,-1.0,0,0,0.1,23,1,0,0,0,0,1,1,0,0,0,0,0.0026666666666666666,0,0,0,0,0,0.0,0,0,0.0,0
invictus_enriched.csv:2552,0,0,0.8,2,1,1.0,0,0.5652777777777778,1.0,1.2246467991473532e-16,-1.0,0,0,0.1,188,0,0,0,0,0,0,1,0,0,0,0,0.0026666666666666666,0,0,0,0,0,0.0,0,0,0.0,0
invictus_enriched.csv:2553,0,0,0.8,2,1,1.0,0,0.5652777777777778,1.0,1.2246467991473532e-16,-1.0,0,0,0.1,240,0,0,0,0,0,0,0,0,0,0,0,0.264,0,0,0,0,0,0.0,0,0,0.0,0
invictus_enriched.csv:2554,0,0,0.8,2,1,1.0,1,0.5652777777777778,1.0,1.2246467991473532e-16,-1.0,0,0,0.1,243,0,0,0,0,0,0,1,0,0,0,0,0.0026666666666666666,0,0,0,0,0,0.0,0,0,0.0,0
invictus_enriched.csv:2555,0,0,0.8,2,1,1.0,1,0.5652777777777778,1.0,1.2246467991473532e-16,-1.0,0,0,0.1,244,0,0,0,0,0,0,1,0,0,0,0,0.06666666666666667,0,0,0,0,0,0.0,0,0,0.0,0
invictus_enriched.csv:2556,0,0,0.8,2,1,1.0,1,0.5652777777777778,1.0,1.2246467991473532e-16,-1.0,0,0,0.1,245,0,0,0,0,0,0,1,0,0,0,0,0.31733333333333336,0,0,0,0,0,0.0,0,0,0.0,0
invictus_enriched.csv:2557,0,0,0.8,2,1,1.0,1,0.5652777777777778,1.0,1.2246467991473532e-16,-1.0,0,0,0.1,246,0,0,0,0,0,0,1,0,0,0,0,0.25333333333333335,0,0,0,0,0,0.0,0,0,0.0,0
invictus_enriched.csv:2558,0,0,0.8,2,1,1.0,0,0.5652777777777778,1.0,1.2246467991473532e-16,-1.0,0,0,0.1,245,0,0,0,0,0,0,1,0,0,0,0,0.30933333333333335,0,0,0,0,0,0.0,0,0,0.0,0
invictus_enriched.csv:2559,0,0,0.8,2,1,1.0,1,0.5652777777777778,1.0,1.2246467991473532e-16,-1.0,0,0,0.1,247,0,0,0,1,0,0,1,0,0,0,0,0.050666666666666665,0,0,0,0,0,0.0,0,0,0.0,0
invictus_enriched.csv:2560,0,0,0.8,2,1,1.0,0,0.5652777777777778,1.0,1.2246467991473532e-16,-1.0,0,0,0.1,245,0,0,0,0,0,0,1,0,0,0,0,0.30933333333333335,0,0,0,0,0,0.0,0,0,0.0,0
invictus_enriched.csv:2561,0,0,0.8,2,1,1.0,1,0.5652777777777778,1.0,1.2246467991473532e-16,-1.0,0,0,0.1,248,0,0,0,0,0,0,1,0,0,0,0,0.0026666666666666666,0,0,0,0,0,0.0,0,0,0.0,0
invictus_enriched.csv:2562,0,0,0.8,2,1,1.0,0,0.5652777777777778,1.0,1.2246467991473532e-16,-1.0,0,0,0.1,188,0,0,0,0,0,0,1,0,0,0,0,0.0026666666666666666,0,0,0,0,0,0.0,0,0,0.0,0
invictus_enriched.csv:2563,0,0,0.8,2,1,1.0,0,0.5652777777777778,1.0,1.2246467991473532e-16,-1.0,0,0,0.1,247,0,0,0,1,0,0,1,0,0,0,0,0.06533333333333333,0,0,0,0,0,0.0,0,0,0.0,0
invictus_enriched.csv:2564,0,0,0.8,2,1,1.0,0,0.5652777777777778,1.0,1.2246467991473532e-16,-1.0,0,0,0.1,217,0,0,0,0,0,0,1,0,0,0,0,0.22133333333333333,0,0,0,0,0,0.0,0,0,0.0,0
invictus_enriched.csv:2565,0,0,0.8,2,1,1.0,0,0.5652777777777778,1.0,1.2246467991473532e-16,-1.0,0,0,0.1,245,0,0,0,0,0,0,1,0,0,0,0,0.31733333333333336,0,0,0,0,0,0.0,0,0,0.0,0
invictus_enriched.csv:2566,0,0,0.8,2,1,0.9997222222222222,1,0.5655555555555556,1.0,1.2246467991473532e-16,-1.0,0,0,0.1,249,0,0,0,0,0,0,1,0,0,0,0,0.13333333333333333,0,0,0,0,0,0.0,0,0,0.0,0
invictus_enriched.csv:2567,0,0,0.8,2,1,1.0,1,0.5655555555555556,1.0,1.2246467991473532e-16,-1.0,0,0,0.1,250,0,0,0,0,0,0,1,0,0,0,0,0.09066666666666667,0,0,0,0,0,0.0,0,0,0.0,0
invictus_enriched.csv:2568,0,1,0.8,2,1,1.0,0,0.5655555555555556,1.0,1.2246467991473532e-16,-1.0,0,0,0.1,32,3,0,0,0,0,0,1,0,0,0,0,0.2,0,0,0,0,0,0.0,0,0,0.0,0
invictus_enriched.csv:2569,0,1,0.8,2,1,1.0,0,0.5655555555555556,1.0,1.2246467991473532e-16,-1.0,0,0,0.1,37,3,0,0,0,0,0,1,0,0,0,0,0.10133333333333333,0,0,0,0,0,0.0,0,0,0.0,0
invictus_enriched.csv:2570,0,1,0.8,2,1,1.0,0,0.5655555555555556,1.0,1.2246467991473532e-16,-1.0,0,0,0.1,23,1,0,0,0,0,1,1,0,0,0,0,0.0026666666666666666,0,0,0,0,0,0.0,0,0,0.0,0
invictus_enriched.csv:2571,0,1,0.8,2,1,1.0,0,0.5655555555555556,1.0,1.2246467991473532e-16,-1.0,0,0,0.1,66,3,0,0,0,0,0,1,0,0,0,0,0.10933333333333334,0,0,0,0,0,0.0,0,0,0.0,0
invictus_enriched.csv:2572,0,1,0.8,2,1,0.9997222222222222,0,0.5658333333333333,1.0,1.2246467991473532e-16,-1.0,0,0,0.1,23,1,0,0,0,0,1,1,0,0,0,0,0.0026666666666666666,0,0,0,0,0,0.0,0,0,0.0,0
invictus_enriched.csv:2573,0,1,0.8,2,1,1.0,0,0.5658333333333333,1.0,1.2246467991473532e-16,-1.0,0,0,0.1,23,1,0,0,0,0,1,1,0,0,0,0,0.0026666666666666666,0,0,0,0,0,0.0,0,0,0.0,0
invictus_enriched.csv:2574,0,1,0.8,2,1,1.0,0,0.5658333333333333,1.0,1.2246467991473532e-16,-1.0,0,0,0.1,23,1,0,0,0,0,1,1,0,0,0,0,0.0026666666666666666,0,0,0,0,0,0.0,0,0,0.0,0
invictus_enriched.csv:2575,0,1,0.8,2,1,1.0,0,0.5658333333333333,1.0,1.2246467991473532e-16,-1.0,0,0,0.1,23,1,0,0,0,0,1,1,0,0,0,0,0.0026666666666666666,0,0,0,0,0,0.0,0,0,0.0,0
invictus_enriched.csv:2576,0,0,0.8,2,1,1.0,0,0.5658333333333333,1.0,1.2246467991473532e-16,-1.0,0,0,0.1,249,0,0,0,0,0,0,1,0,0,0,0,0.07733333333333334,0,0,0,0,0,0.0,0,0,0.0,0
invictus_enriched.csv:2577,0,1,0.8,2,1,1.0,0,0.5658333333333333,1.0,1.2246467991473532e-16,-1.0,0,0,0.1,32,3,0,0,0,0,0,1,0,0,0,0,0.2,0,0,0,0,0,0.0,0,0,0.0,0
invictus_enriched.csv:2578,0,1,0.8,2,1,1.0,0,0.5658333333333333,1.0,1.2246467991473532e-16,-1.0,0,0,0.1,23,1,0,0,0,0,1,1,0,0,0,0,0.0026666666666666666,0,0,0,0,0,0.0,0,0,0.0,0
invictus_enriched.csv:2579,0,1,0.8,2,1,1.0,0,0.5658333333333333,1.0,1.2246467991473532e-16,-1.0,0,0,0.1,26,1,0,0,1,0,1,1,0,0,0,0,0.068,0,0,0,0,0,0.0,0,0,0.0,0
invictus_enriched.csv:2580,0,1,0.8,2,1,1.0,0,0.5658333333333333,1.0,1.2246467991473532e-16,-1.0,0,0,0.1,33,3,0,0,0,0,0,1,0,0,0,0,0.16133333333333333,0,0,0,0,0,0.0,0,0,0.0,0
invictus_enriched.csv:2581,0,1,0.8,2,1,1.0,0,0.5658333333333333,1.0,1.2246467991473532e-16,-1.0,0,0,0.1,158,3,0,0,0,0,0,1,0,0,0,0,0.168,0,0,0,0,0,0.0,0,0,0.0,0
invictus_enriched.csv:2582,0,1,0.8,2,1,1.0,0,0.5658333333333333,1.0,1.2246467991473532e-16,-1.0,0,0,0.1,33,3,0,0,0,0,0,1,0,0,0,0,0.26266666666666666,0,0,0,0,0,0.0,0,0,0.0,0
invictus_enriched.csv:2583,0,1,0.8,2,1,1.0,0,0.5658333333333333,1.0,1.2246467991473532e-16,-1.0,0,0,0.1,23,1,0,0,0,0,1,1,0,0,0,0,0.0026666666666666666,0,0,0,0,0,0.0,0,0,0.0,0
invictus_enriched.csv:2584,0,1,0.8,2,1,1.0,0,0.5658333333333333,1.0,1.2246467991473532e-16,-1.0,0,0,0.1,23,1,0,0,0,0,1,1,0,0,0,0,0.0026666666666666666,0,0,0,0,0,0.0,0,0,0.0,0
invictus_enriched.csv:2585,0,1,0.8,2,1,1.0,0,0.5658333333333333,1.0,1.2246467991473532e-16,-1.0,0,0,0.1,38,3,0,0,0,0,0,1,0,0,0,0,0.1,0,0,0,0,0,0.0,0,0,0.0,0
invictus_enriched.csv:2586,0,1,0.8,2,1,1.0,0,0.5658333333333333,1.0,1.2246467991473532e-16,-1.0,0,0,0.1,41,3,0,0,0,0,0,1,0,0,0,0,0.13733333333333334,0,0,0,0,0,0.0,0,0,0.0,0
invictus_enriched.csv:2587,0,0,0.8,2,1,1.0,0,0.5658333333333333,1.0,1.2246467991473532e-16,-1.0,0,0,0.1,249,0,0,0,0,0,0,1,0,0,0,0,0.11066666666666666,0,0,0,0,0,0.0,0,0,0.0,0
invictus_enriched.csv:2588,0,1,0.8,2,1,1.0,0,0.5658333333333333,1.0,1.2246467991473532e-16,-1.0,0,0,0.1,37,3,0,0,0,0,0,1,0,0,0,0,0.10133333333333333,0,0,0,0,0,0.0,0,0,0.0,0
invictus_enriched.csv:2589,0,0,0.8,2,1,1.0,0,0.5658333333333333,1.0,1.2246467991473532e-16,-1.0,0,0,0.1,249,0,0,0,0,0,0,1,0,0,0,0,0.10933333333333334,0,0,0,0,0,0.0,0,0,0.0,0
invictus_enriched.csv:2590,0,1,0.8,2,1,1.0,0,0.5658333333333333,1.0,1.2246467991473532e-16,-1.0,0,0,0.1,23,1,0,0,0,0,1,1,0,0,0,0,0.068,0,0,0,0,0,0.0,0,0,0.0,0
invictus_enriched.csv:2591,0,1,0.8,2,1,0.9997222222222222,0,0.5661111111111111,1.0,1.2246467991473532e-16,-1.0,0,0,0.1,4,4,0,0,0,0,0,1,0,0,0,0,0.16266666666666665,0,0,0,0,0,0.0,0,0,0.0,0
invictus_enriched.csv:2592,0,1,0.8,2,1,1.0,0,0.5661111111111111,1.0,1.2246467991473532e-16,-1.0,0,0,0.1,4,4,0,0,0,0,0,1,0,0,0,0,0.19733333333333333,0,0,0,0,0,0.0,0,0,0.0,0
invictus_enriched.csv:2593,0,1,0.8,2,1,1.0,1,0.5661111111111111,1.0,1.2246467991473532e-16,-1.0,0,0,0.1,251,1,0,0,0,0,1,1,0,0,0,0,0.06666666666666667,0,0,0,0,0,0.0,0,0,0.0,0
invictus_enriched.csv:2594,0,1,0.8,2,1,1.0,0,0.5661111111111111,1.0,1.2246467991473532e-16,-1.0,0,0,0.1,32,3,0,0,0,0,0,1,0,0,0,0,0.2,0,0,0,0,0,0.0,0,0,0.0,0
invictus_enriched.csv:2595,0,1,0.8,2,1,1.0,0,0.5661111111111111,1.0,1.2246467991473532e-16,-1.0,0,0,0.1,39,3,0,0,0,0,0,1,0,0,0,0,0.04533333333333334,0,0,0,0,0,0.0,0,0,0.0,0
invictus_enriched.csv:2596,0,1,0.8,2,1,1.0,0,0.5661111111111111,1.0,1.2246467991473532e-16,-1.0,0,0,0.1,26,1,0,0,0,0,1,1,0,0,0,0,0.064,0,0,0,0,0,0.0,0,0,0.0,0
invictus_enriched.csv:2597,0,1,0.8,2,1,1.0,0,0.5661111111111111,1.0,1.2246467991473532e-16,-1.0,0,0,0.1,35,3,0,0,1,0,0,1,0,0,0,0,0.15733333333333333,0,0,0,0,0,0.0,0,0,0.0,0
invictus_enriched.csv:2598,0,1,0.8,2,1,1.0,0,0.5661111111111111,1.0,1.2246467991473532e-16,-1.0,0,0,0.1,28,1,0,0,0,0,1,1,0,0,0,0,0.064,0,0,0,0,0,0.0,0,0,0.0,0
invictus_enriched.csv:2599,0,1,0.8,2,1,1.0,0,0.5661111111111111,1.0,1.2246467991473532e-16,-1.0,0,0,0.1,23,1,0,0,0,0,1,1,0,0,0,0,0.06666666666666667,0,0,0,0,0,0.0,0,0,0.0,0
invictus_enriched.csv:2600,0,1,0.8,2,1,1.0,0,0.5661111111111111,1.0,1.2246467991473532e-16,-1.0,0,0,0.1,38,3,0,0,0,0,0,1,0,0,0,0,0.1,0,0,0,0,0,0.0,0,0,0.0,0
invictus_enriched.csv:2601,0,1,0.8,2,1,1.0,0,0.5661111111111111,1.0,1.2246467991473532e-16,-1.0,0,0,0.1,41,3,0,0,0,0,0,1,0,0,0,0,0.13733333333333334,0,0,0,0,0,0.0,0,0,0.0,0
invictus_enriched.csv:2602,0,1,0.8,2,1,1.0,0,0.5661111111111111,1.0,1.2246467991473532e-16,-1.0,0,0,0.1,39,3,0,0,0,0,0,1,0,0,0,0,0.04533333333333334,0,0,0,0,0,0.0,0,0,0.0,0
invictus_enriched.csv:2603,0,1,0.8,2,1,1.0,0,0.5661111111111111,1.0,1.2246467991473532e-16,-1.0,0,0,0.1,38,3,0,0,0,0,0,1,0,0,0,0,0.1,0,0,0,0,0,0.0,0,0,0.0,0
invictus_enriched.csv:2604,0,1,0.8,2,1,1.0,0,0.5661111111111111,1.0,1.2246467991473532e-16,-1.0,0,0,0.1,37,3,0,0,0,0,0,1,0,0,0,0,0.10133333333333333,0,0,0,0,0,0.0,0,0,0.0,0
invictus_enriched.csv:2605,0,1,0.8,2,1,1.0,0,0.5661111111111111,1.0,1.2246467991473532e-16,-1.0,0,0,0.2,22,2,0,0,0,0,0,1,0,1,0,0,0.0026666666666666666,0,0,0,0,0,0.0,0,0,0.0,0
invictus_enriched.csv:2606,0,1,0.8,2,1,1.0,0,0.5661111111111111,1.0,1.2246467991473532e-16,-1.0,0,0,0.1,23,1,0,0,0,0,1,1,0,0,0,0,0.064,0,0,0,0,0,0.0,0,0,0.0,0
invictus_enriched.csv:2607,0,1,0.8,2,1,1.0,0,0.5661111111111111,1.0,1.2246467991473532e-16,-1.0,0,0,0.1,23,1,0,0,0,0,1,1,0,0,0,0,0.0026666666666666666,0,0,0,0,0,0.0,0,0,0.0,0
invictus_enriched.csv:2608,0,1,0.8,2,1,1.0,0,0.5661111111111111,1.0,1.2246467991473532e-16,-1.0,0,0,0.1,26,1,0,0,0,0,1,1,0,0,0,0,0.06666666666666667,0,0,0,0,0,0.0,0,0,0.0,0
invictus_enriched.csv:2609,0,1,0.8,2,1,1.0,0,0.5661111111111111,1.0,1.2246467991473532e-16,-1.0,0,0,0.1,39,3,0,0,0,0,0,1,0,0,0,0,0.04533333333333334,0,0,0,0,0,0.0,0,0,0.0,0
invictus_enriched.csv:2610,0,1,0.8,2,1,0.9997222222222222,0,0.5663888888888889,1.0,1.2246467991473532e-16,-1.0,0,0,0.1,41,3,0,0,0,0,0,1,0,0,0,0,0.13733333333333334,0,0,0,0,0,0.0,0,0,0.0,0
invictus_enriched.csv:2611,0,1,0.8,2,1,1.0,0,0.5663888888888889,1.0,1.2246467991473532e-16,-1.0,0,0,0.1,96,4,0,0,1,0,0,1,0,0,0,0,0.20266666666666666,0,0,0,0,0,0.0,0,0,0.0,0
invictus_enriched.csv:2612,0,1,0.8,2,1,1.0,0,0.5663888888888889,1.0,1.2246467991473532e-16,-1.0,0,0,0.1,45,3,0,0,0,0,0,1,0,0,0,0,0.272,0,0,0,0,0,0.0,0,0,0.0,0
invictus_enriched.csv:2613,0,1,0.8,2,1,1.0,0,0.5663888888888889,1.0,1.2246467991473532e-16,-1.0,0,0,0.1,39,3,0,0,0,0,0,1,0,0,0,0,0.04533333333333334,0,0,0,0,0,0.0,0,0,0.0,0
invictus_enriched.csv:2614,0,1,0.8,2,1,1.0,0,0.5663888888888889,1.0,1.2246467991473532e-16,-1.0,0,0,0.1,27,1,0,0,0,0,1,1,0,0,0,0,0.064,0,0,0,0,1,0.0,0,0,0.0,0
invictus_enriched.csv:2615,0,1,0.8,2,1,1.0,0,0.5663888888888889,1.0,1.2246467991473532e-16,-1.0,0,0,0.1,23,1,0,0,0,0,1,1,0,0,0,0,0.0026666666666666666,0,0,0,0,0,0.0,0,0,0.0,0
invictus_enriched.csv:2616,0,1,0.8,2,1,1.0,0,0.5663888888888889,1.0,1.2246467991473532e-16,-1.0,0,0,0.1,99,4,0,0,0,0,0,1,0,0,0,0,0.20666666666666667,0,0,0,0,0,0.0,0,0,0.0,0
invictus_enriched.csv:2617,0,1,0.8,2,1,1.0,0,0.5663888888888889,1.0,1.2246467991473532e-16,-1.0,0,0,0.1,39,3,0,0,0,0,0,1,0,0,0,0,0.04533333333333334,0,0,0,0,0,0.0,0,0,0.0,0
invictus_enriched.csv:2618,0,1,0.8,2,1,1.0,0,0.5663888888888889,1.0,1.2246467991473532e-16,-1.0,0,0,0.1,96,4,0,0,1,0,0,1,0,0,0,0,0.168,0,0,0,0,0,0.0,0,0,0.0,0
invictus_enriched.csv:2619,0,1,0.8,2,1,1.0,0,0.5663888888888889,1.0,1.2246467991473532e-16,-1.0,0,0,0.1,23,1,0,0,0,0,1,1,0,0,0,0,0.0026666666666666666,0,0,0,0,0,0.0,0,0,0.0,0
invictus_enriched.csv:2620,0,1,0.8,2,1,1.0,0,0.5663888888888889,1.0,1.2246467991473532e-16,-1.0,0,0,0.1,28,1,0,0,0,0,1,1,0,0,0,0,0.06666666666666667,0,0,0,0,0,0.0,0,0,0.0,0
invictus_enriched.csv:2621,0,1,0.8,2,1,1.0,1,0.5663888888888889,1.0,1.2246467991473532e-16,-1.0,0,0,0.1,252,1,0,0,0,0,1,1,0,0,0,0,0.068,0,0,0,0,0,0.0,0,0,0.0,0
invictus_enriched.csv:2622,0,1,0.8,2,1,1.0,0,0.5663888888888889,1.0,1.2246467991473532e-16,-1.0,0,0,0.1,39,3,0,0,0,0,0,1,0,0,0,0,0.04533333333333334,0,0,0,0,0,0.0,0,0,0.0,0
invictus_enriched.csv:2623,0,1,0.8,2,1,1.0,0,0.5663888888888889,1.0,1.2246467991473532e-16,-1.0,0,0,0.1,97,4,0,0,1,0,0,1,0,0,0,0,0.19866666666666666,0,0,0,0,0,0.0,0,0,0.0,0
invictus_enriched.csv:2624,0,1,0.8,2,1,1.0,0,0.5663888888888889,1.0,1.2246467991473532e-16,-1.0,0,0,0.1,99,4,0,0,0,0,0,1,0,0,0,0,0.172,0,0,0,0,0,0.0,0,0,0.0,0
invictus_enriched.csv:2625,0,1,0.8,2,1,1.0,0,0.5663888888888889,1.0,1.2246467991473532e-16,-1.0,0,0,0.1,43,3,0,0,0,0,0,1,0,0,0,0,0.26,0,0,0,0,0,0.0,0,0,0.0,0
invictus_enriched.csv:2626,0,1,0.8,2,1,1.0,0,0.5663888888888889,1.0,1.2246467991473532e-16,-1.0,0,0,0.1,27,1,0,0,0,0,1,1,0,0,0,0,0.064,0,0,0,0,1,0.0,0,0,0.0,0
invictus_enriched.csv:2627,0,1,0.8,2,1,1.0,0,0.5663888888888889,1.0,1.2246467991473532e-16,-1.0,0,0,0.1,23,1,0,0,0,0,1,1,0,0,0,0,0.0026666666666666666,0,0,0,0,0,0.0,0,0,0.0,0
invictus_enriched.csv:2628,0,1,0.8,2,1,1.0,0,0.5663888888888889,1.0,1.2246467991473532e-16,-1.0,0,0,0.1,97,4,0,0,1,0,0,1,0,0,0,0,0.164,0,0,0,0,0,0.0,0,0,0.0,0
invictus_enriched.csv:2629,0,1,0.8,2,1,1.0,0,0.5663888888888889,1.0,1.2246467991473532e-16,-1.0,0,0,0.1,23,1,0,0,0,0,1,1,0,0,0,0,0.0026666666666666666,0,0,0,0,0,0.0,0,0,0.0,0
invictus_enriched.csv:2630,0,1,0.8,2,1,1.0,0,0.5663888888888889,1.0,1.2246467991473532e-16,-1.0,0,0,0.1,43,3,0,0,0,0,0,1,0,0,0,0,0.26,0,0,0,0,0,0.0,0,0,0.0,0
invictus_enriched.csv:2631,0,1,0.8,2,1,1.0,0,0.5663888888888889,1.0,1.2246467991473532e-16,-1.0,0,0,0.1,27,1,0,0,0,0,1,1,0,0,0,0,0.06666666666666667,0,0,0,0,1,0.0,0,0,0.0,0
invictus_enriched.csv:2632,0,1,0.8,2,1,0.9997222222222222,0,0.5666666666666667,1.0,1.2246467991473532e-16,-1.0,0,0,0.1,166,3,1,0,0,0,0,0,0,0,0,0,0.08933333333333333,0,0,0,0,0,0.0,0,0,0.0,0
invictus_enriched.csv:2633,0,1,0.8,2,1,1.0,0,0.5666666666666667,1.0,1.2246467991473532e-16,-1.0,0,0,0.1,26,1,0,0,0,0,1,1,0,0,0,0,0.072,0,0,0,0,0,0.0,0,0,0.0,0
invictus_enriched.csv:2634,0,1,0.8,2,1,1.0,0,0.5666666666666667,1.0,1.2246467991473532e-16,-1.0,0,0,0.1,28,1,0,0,0,0,1,1,0,0,0,0,0.072,0,0,0,0,0,0.0,0,0,0.0,0
invictus_enriched.csv:2635,0,1,0.8,2,1,1.0,0,0.5666666666666667,1.0,1.2246467991473532e-16,-1.0,0,0,0.2,22,2,0,0,0,0,0,1,0,1,0,0,0.0026666666666666666,0,0,0,0,0,0.0,0,0,0.0,0
invictus_enriched.csv:2636,0,1,0.8,2,1,1.0,0,0.5666666666666667,1.0,1.2246467991473532e-16,-1.0,0,0,0.1,101,4,0,0,0,0,0,1,0,0,0,0,0.212,0,0,0,0,0,0.0,0,0,0.0,0
invictus_enriched.csv:2637,0,1,0.8,2,1,1.0,0,0.5666666666666667,1.0,1.2246467991473532e-16,-1.0,0,0,0.1,3,4,0,0,1,0,0,1,0,0,0,0,0.18266666666666667,0,0,0,0,0,0.0,0,0,0.0,0
invictus_enriched.csv:2638,0,1,0.8,2,1,1.0,0,0.5666666666666667,1.0,1.2246467991473532e-16,-1.0,0,0,0.1,101,4,0,0,0,0,0,1,0,0,0,0,0.17733333333333334,0,0,0,0,0,0.0,0,0,0.0,0
invictus_enriched.csv:2639,0,1,0.8,2,1,1.0,0,0.5666666666666667,1.0,1.2246467991473532e-16,-1.0,0,0,0.1,45,3,0,0,0,0,0,1,0,0,0,0,0.272,0,0,0,0,0,0.0,0,0,0.0,0
invictus_enriched.csv:2640,0,1,0.8,2,1,1.0,0,0.5666666666666667,1.0,1.2246467991473532e-16,-1.0,0,0,0.1,98,4,0,0,0,0,0,1,0,0,0,0,0.20666666666666667,0,0,0,0,0,0.0,0,0,0.0,0
invictus_enriched.csv:2641,0,1,0.8,2,1,1.0,0,0.5666666666666667,1.0,1.2246467991473532e-16,-1.0,0,0,0.1,252,1,0,0,0,0,1,1,0,0,0,0,0.06666666666666667,0,0,0,0,0,0.0,0,0,0.0,0
invictus_enriched.csv:2642,0,1,0.8,2,1,1.0,1,0.5666666666666667,1.0,1.2246467991473532e-16,-1.0,0,0,0.1,19,1,0,0,0,0,1,1,0,0,0,0,0.068,0,0,0,0,0,0.0,0,0,0.0,0
invictus_enriched.csv:2643,0,1,0.8,2,1,1.0,0,0.5666666666666667,1.0,1.2246467991473532e-16,-1.0,0,0,0.1,43,3,0,0,0,0,0,1,0,0,0,0,0.26,0,0,0,0,0,0.0,0,0,0.0,0
invictus_enriched.csv:2644,0,1,0.8,2,1,1.0,0,0.5666666666666667,1.0,1.2246467991473532e-16,-1.0,0,0,0.1,230,1,0,0,0,0,1,1,0,0,0,0,0.068,0,0,0,0,0,0.0,0,0,0.0,0
invictus_enriched.csv:2645,0,1,0.8,2,1,1.0,0,0.5666666666666667,1.0,1.2246467991473532e-16,-1.0,0,0,0.1,230,1,0,0,0,0,1,1,0,0,0,0,0.06666666666666667,0,0,0,0,0,0.0,0,0,0.0,0
invictus_enriched.csv:2646,0,1,0.8,2,1,1.0,0,0.5666666666666667,1.0,1.2246467991473532e-16,-1.0,0,0,0.1,19,1,0,0,0,0,1,1,0,0,0,0,0.06666666666666667,0,0,0,0,0,0.0,0,0,0.0,0
invictus_enriched.csv:2647,0,1,0.8,2,1,1.0,0,0.5666666666666667,1.0,1.2246467991473532e-16,-1.0,0,0,0.1,33,3,0,0,0,0,0,1,0,0,0,0,0.3,0,0,0,0,0,0.0,0,0,0.0,0
invictus_enriched.csv:2648,0,1,0.8,2,1,1.0,0,0.5666666666666667,1.0,1.2246467991473532e-16,-1.0,0,0,0.1,47,3,0,0,1,0,0,1,0,0,0,0,0.15066666666666667,0,0,0,0,0,0.0,0,0,0.0,0
invictus_enriched.csv:2649,0,1,0.8,2,1,1.0,0,0.5666666666666667,1.0,1.2246467991473532e-16,-1.0,0,0,0.1,45,3,0,0,0,0,0,1,0,0,0,0,0.272,0,0,0,0,0,0.0,0,0,0.0,0
invictus_enriched.csv:2650,0,1,0.8,2,1,1.0,0,0.5666666666666667,1.0,1.2246467991473532e-16,-1.0,0,0,0.1,47,3,0,0,0,0,0,1,0,0,0,0,0.304,0,0,0,0,0,0.0,0,0,0.0,0
invictus_enriched.csv:2651,0,1,0.8,2,1,1.0,0,0.5666666666666667,1.0,1.2246467991473532e-16,-1.0,0,0,0.1,47,3,0,0,0,0,0,1,0,0,0,0,0.304,0,0,0,0,0,0.0,0,0,0.0,0
invictus_enriched.csv:2652,0,1,0.8,2,1,1.0,0,0.5666666666666667,1.0,1.2246467991473532e-16,-1.0,0,0,0.1,237,1,1,0,0,0,1,0,0,0,0,0,0.06666666666666667,0,0,0,0,0,0.0,0,0,0.0,0
invictus_enriched.csv:2653,0,1,0.8,2,1,1.0,0,0.5666666666666667,1.0,1.2246467991473532e-16,-1.0,0,0,0.1,98,4,0,0,0,0,0,1,0,0,0,0,0.172,0,0,0,0,0,0.0,0,0,0.0,0
invictus_enriched.csv:2654,0,1,0.8,2,1,1.0,0,0.5666666666666667,1.0,1.2246467991473532e-16,-1.0,0,0,0.1,19,1,0,0,0,0,1,1,0,0,0,0,0.064,0,0,0,0,0,0.0,0,0,0.0,0
invictus_enriched.csv:2655,0,1,0.8,2,1,1.0,0,0.5666666666666667,1.0,1.2246467991473532e-16,-1.0,0,0,0.1,23,1,0,0,0,0,1,1,0,0,0,0,0.0026666666666666666,0,0,0,0,0,0.0,0,0,0.0,0
invictus_enriched.csv:2656,0,1,0.8,2,1,1.0,0,0.5666666666666667,1.0,1.2246467991473532e-16,-1.0,0,0,0.1,23,1,0,0,0,0,1,1,0,0,0,0,0.0026666666666666666,0,0,0,0,0,0.0,0,0,0.0,0
invictus_enriched.csv:2657,0,1,0.8,2,1,1.0,0,0.5666666666666667,1.0,1.2246467991473532e-16,-1.0,0,0,0.1,165,3,1,0,0,0,0,0,0,0,0,0,0.07466666666666667,0,0,0,0,0,0.0,0,0,0.0,0
invictus_enriched.csv:2658,0,1,0.8,2,1,1.0,0,0.5666666666666667,1.0,1.2246467991473532e-16,-1.0,0,0,0.1,230,1,0,0,0,0,1,1,0,0,0,0,0.064,0,0,0,0,0,0.0,0,0,0.0,0
invictus_enriched.csv:2659,0,1,0.8,2,1,1.0,0,0.5666666666666667,1.0,1.2246467991473532e-16,-1.0,0,0,0.1,39,3,0,0,0,0,0,1,0,0,0,0,0.04533333333333334,0,0,0,0,0,0.0,0,0,0.0,0
invictus_enriched.csv:2660,0,1,0.8,2,1,1.0,0,0.5666666666666667,1.0,1.2246467991473532e-16,-1.0,0,0,0.1,39,3,0,0,0,0,0,1,0,0,0,0,0.04533333333333334,0,0,0,0,0,0.0,0,0,0.0,0
invictus_enriched.csv:2661,0,1,0.8,2,1,1.0,0,0.5666666666666667,1.0,1.2246467991473532e-16,-1.0,0,0,0.1,41,3,0,0,0,0,0,1,0,0,0,0,0.13733333333333334,0,0,0,0,0,0.0,0,0,0.0,0
invictus_enriched.csv:2662,0,1,0.8,2,1,1.0,0,0.5666666666666667,1.0,1.2246467991473532e-16,-1.0,0,0,0.1,23,1,0,0,0,0,1,1,0,0,0,0,0.0026666666666666666,0,0,0,0,0,0.0,0,0,0.0,0
invictus_enriched.csv:2663,0,1,0.8,2,1,1.0,0,0.5666666666666667,1.0,1.2246467991473532e-16,-1.0,0,0,0.1,38,3,0,0,0,0,0,1,0,0,0,0,0.1,0,0,0,0,0,0.0,0,0,0.0,0
invictus_enriched.csv:2664,0,1,0.8,2,1,1.0,0,0.5666666666666667,1.0,1.2246467991473532e-16,-1.0,0,0,0.1,23,1,0,0,0,0,1,1,0,0,0,0,0.0026666666666666666,0,0,0,0,0,0.0,0,0,0.0,0
invictus_enriched.csv:2665,0,1,0.8,2,1,1.0,0,0.5666666666666667,1.0,1.2246467991473532e-16,-1.0,0,0,0.1,252,1,0,0,0,0,1,1,0,0,0,0,0.064,0,0,0,0,0,0.0,0,0,0.0,0
invictus_enriched.csv:2666,0,1,0.8,2,1,1.0,0,0.5666666666666667,1.0,1.2246467991473532e-16,-1.0,0,0,0.1,32,3,0,0,0,0,0,1,0,0,0,0,0.2,0,0,0,0,0,0.0,0,0,0.0,0
invictus_enriched.csv:2667,0,1,0.8,2,1,1.0,0,0.5666666666666667,1.0,1.2246467991473532e-16,-1.0,0,0,0.1,26,1,0,0,0,0,1,1,0,0,0,0,0.06666666666666667,0,0,0,0,0,0.0,0,0,0.0,0
invictus_enriched.csv:2668,0,1,0.8,2,1,1.0,0,0.5666666666666667,1.0,1.2246467991473532e-16,-1.0,0,0,0.1,28,1,0,0,0,0,1,1,0,0,0,0,0.06666666666666667,0,0,0,0,0,0.0,0,0,0.0,0
invictus_enriched.csv:2669,0,1,0.8,2,1,1.0,0,0.5666666666666667,1.0,1.2246467991473532e-16,-1.0,0,0,0.1,27,1,0,0,0,0,1,1,0,0,0,0,0.06666666666666667,0,0,0,0,1,0.0,0,0,0.0,0
invictus_enriched.csv:2670,0,1,0.8,2,1,1.0,0,0.5666666666666667,1.0,1.2246467991473532e-16,-1.0,0,0,0.1,37,3,0,0,0,0,0,1,0,0,0,0,0.10133333333333333,0,0,0,0,0,0.0,0,0,0.0,0
invictus_enriched.csv:2671,0,1,0.8,2,1,0.9997222222222222,0,0.5669444444444445,1.0,1.2246467991473532e-16,-1.0,0,0,0.1,27,1,0,0,0,0,1,1,0,0,0,0,0.064,0,0,0,0,1,0.0,0,0,0.0,0
invictus_enriched.csv:2672,0,1,0.8,2,1,1.0,1,0.5669444444444445,1.0,1.2246467991473532e-16,-1.0,0,0,0.1,20,1,0,0,0,0,1,1,0,0,0,0,0.068,0,0,0,0,0,0.0,0,0,0.0,0
invictus_enriched.csv:2673,0,1,0.8,2,1,1.0,0,0.5669444444444445,1.0,1.2246467991473532e-16,-1.0,0,0,0.1,237,1,1,0,1,0,1,0,0,0,0,0,0.068,0,0,0,0,0,0.0,0,0,0.0,0
invictus_enriched.csv:2674,0,1,0.8,2,1,1.0,0,0.5669444444444445,1.0,1.2246467991473532e-16,-1.0,0,0,0.1,20,1,0,0,0,0,1,1,0,0,0,0,0.064,0,0,0,0,0,0.0,0,0,0.0,0
invictus_enriched.csv:2675,0,1,0.8,2,1,1.0,0,0.5669444444444445,1.0,1.2246467991473532e-16,-1.0,0,0,0.1,102,4,0,0,1,0,0,1,0,0,0,0,0.208,0,0,0,0,0,0.0,0,0,0.0,0
invictus_enriched.csv:2676,0,1,0.8,2,1,1.0,1,0.5669444444444445,1.0,1.2246467991473532e-16,-1.0,0,0,0.1,253,1,0,0,0,0,1,1,0,0,0,0,0.042666666666666665,0,0,0,0,0,0.0,0,0,0.0,0
invictus_enriched.csv:2677,0,1,0.8,2,1,1.0,1,0.5669444444444445,1.0,1.2246467991473532e-16,-1.0,0,0,0.1,254,1,0,0,0,0,1,1,0,0,0,0,0.06666666666666667,0,0,0,0,0,0.0,0,0,0.0,0
invictus_enriched.csv:2678,0,1,0.8,2,1,1.0,1,0.5669444444444445,1.0,1.2246467991473532e-16,-1.0,0,0,0.1,255,1,0,0,0,0,1,1,0,0,0,0,0.06666666666666667,0,0,0,0,0,0.0,0,0,0.0,0
invictus_enriched.csv:2679,0,0,0.8,2,1,1.0,0,0.5669444444444445,1.0,1.2246467991473532e-16,-1.0,0,0,0.1,249,0,0,0,0,0,0,1,0,0,0,0,0.11066666666666666,0,0,0,0,0,0.0,0,0,0.0,0
invictus_enriched.csv:2680,0,1,0.8,2,1,1.0,0,0.5669444444444445,1.0,1.2246467991473532e-16,-1.0,0,0,0.1,53,3,0,0,1,0,0,1,0,0,0,0,0.11333333333333333,0,0,0,0,0,0.0,0,0,0.0,0
invictus_enriched.csv:2681,0,1,0.8,2,1,1.0,0,0.5669444444444445,1.0,1.2246467991473532e-16,-1.0,0,0,0.1,237,1,1,0,1,0,1,0,0,0,0,0,0.06666666666666667,0,0,0,0,0,0.0,0,0,0.0,0
invictus_enriched.csv:2682,0,1,0.8,2,1,1.0,0,0.5669444444444445,1.0,1.2246467991473532e-16,-1.0,0,0,0.1,127,1,0,0,0,0,1,1,0,0,0,0,0.064,0,0,0,0,0,0.0,0,0,0.0,0
invictus_enriched.csv:2683,0,1,0.8,2,1,1.0,0,0.5669444444444445,1.0,1.2246467991473532e-16,-1.0,0,0,0.1,253,1,0,0,0,0,1,1,0,0,0,0,0.042666666666666665,0,0,0,0,0,0.0,0,0,0.0,0
invictus_enriched.csv:2684,0,1,0.8,2,1,1.0,0,0.5669444444444445,1.0,1.2246467991473532e-16,-1.0,0,0,0.1,20,1,0,0,0,0,1,1,0,0,0,0,0.06666666666666667,0,0,0,0,0,0.0,0,0,0.0,0
invictus_enriched.csv:2685,0,1,0.8,2,1,1.0,0,0.5669444444444445,1.0,1.2246467991473532e-16,-1.0,0,0,0.1,2,4,0,0,0,0,0,1,0,0,0,0,0.168,0,0,0,0,0,0.0,0,0,0.0,0
invictus_enriched.csv:2686,0,1,0.8,2,1,1.0,0,0.5669444444444445,1.0,1.2246467991473532e-16,-1.0,0,0,0.1,253,1,0,0,0,0,1,1,0,0,0,0,0.042666666666666665,0,0,0,0,0,0.0,0,0,0.0,0
invictus_enriched.csv:2687,0,1,0.8,2,1,1.0,0,0.5669444444444445,1.0,1.2246467991473532e-16,-1.0,0,0,0.1,45,3,0,0,0,0,0,1,0,0,0,0,0.272,0,0,0,0,0,0.0,0,0,0.0,0
invictus_enriched.csv:2688,0,1,0.8,2,1,1.0,0,0.5669444444444445,1.0,1.2246467991473532e-16,-1.0,0,0,0.1,47,3,0,0,0,0,0,1,0,0,0,0,0.304,0,0,0,0,0,0.0,0,0,0.0,0
invictus_enriched.csv:2689,0,1,0.8,2,1,1.0,0,0.5669444444444445,1.0,1.2246467991473532e-16,-1.0,0,0,0.1,45,3,0,0,0,0,0,1,0,0,0,0,0.12266666666666666,0,0,0,0,0,0.0,0,0,0.0,0
invictus_enriched.csv:2690,0,1,0.8,2,1,1.0,0,0.5669444444444445,1.0,1.2246467991473532e-16,-1.0,0,0,0.1,2,4,0,0,0,0,0,1,0,0,0,0,0.184,0,0,0,0,0,0.0,0,0,0.0,0
invictus_enriched.csv:2691,0,1,0.8,2,1,1.0,0,0.5669444444444445,1.0,1.2246467991473532e-16,-1.0,0,0,0.1,126,1,1,0,0,0,1,0,0,0,0,0,0.144,0,0,0,0,0,0.0,0,0,1.0,0
invictus_enriched.csv:2692,0,1,0.8,2,1,1.0,0,0.5669444444444445,1.0,1.2246467991473532e-16,-1.0,0,0,0.1,45,3,0,0,0,0,0,1,0,0,0,0,0.12266666666666666,0,0,0,0,0,0.0,0,0,0.0,0
invictus_enriched.csv:2693,0,1,0.8,2,1,1.0,0,0.5669444444444445,1.0,1.2246467991473532e-16,-1.0,0,0,0.1,43,3,0,0,0,0,0,1,0,0,0,0,0.26,0,0,0,0,0,0.0,0,0,0.0,0
invictus_enriched.csv:2694,0,1,0.8,2,1,1.0,0,0.5669444444444445,1.0,1.2246467991473532e-16,-1.0,0,0,0.1,100,4,0,0,1,0,0,1,0,0,0,0,0.18666666666666668,0,0,0,0,0,0.0,0,0,0.0,0
invictus_enriched.csv:2695,0,1,0.8,2,1,1.0,0,0.5669444444444445,1.0,1.2246467991473532e-16,-1.0,0,0,0.1,47,3,0,0,0,0,0,1,0,0,0,0,0.304,0,0,0,0,0,0.0,0,0,0.0,0
invictus_enriched.csv:2696,0,0,0.8,2,1,1.0,0,0.5669444444444445,1.0,1.2246467991473532e-16,-1.0,0,0,0.1,249,0,0,0,0,0,0,1,0,0,0,0,0.10933333333333334,0,0,0,0,0,0.0,0,0,0.0,0
invictus_enriched.csv:2697,0,0,0.8,2,1,1.0,0,0.5669444444444445,1.0,1.2246467991473532e-16,-1.0,0,0,0.1,249,0,0,0,0,0,0,1,0,0,0,0,0.08266666666666667,0,0,0,0,0,0.0,0,0,0.0,0
invictus_enriched.csv:2698,0,1,0.8,2,1,1.0,0,0.5669444444444445,1.0,1.2246467991473532e-16,-1.0,0,0,0.1,52,3,0,0,0,0,0,1,0,0,0,0,0.136,0,0,0,0,0,0.0,0,0,0.0,0
invictus_enriched.csv:2699,0,1,0.8,2,1,1.0,0,0.5669444444444445,1.0,1.2246467991473532e-16,-1.0,0,0,0.1,39,3,0,0,0,0,0,1,0,0,0,0,0.04533333333333334,0,0,0,0,0,0.0,0,0,0.0,0
invictus_enriched.csv:2700,0,1,0.8,2,1,1.0,0,0.5669444444444445,1.0,1.2246467991473532e-16,-1.0,0,0,0.1,45,3,0,0,0,0,0,1,0,0,0,0,0.12266666666666666,0,0,0,0,0,0.0,0,0,0.0,0
invictus_enriched.csv:2701,0,1,0.8,2,1,1.0,0,0.5669444444444445,1.0,1.2246467991473532e-16,-1.0,0,0,0.1,53,3,0,0,0,0,0,1,0,0,0,0,0.11333333333333333,0,0,0,0,0,0.0,0,0,0.0,0
invictus_enriched.csv:2702,0,1,0.8,2,1,1.0,0,0.5669444444444445,1.0,1.2246467991473532e-16,-1.0,0,0,0.1,100,4,0,0,1,0,0,1,0,0,0,0,0.17066666666666666,0,0,0,0,0,0.0,0,0,0.0,0
invictus_enriched.csv:2703,0,1,0.8,2,1,1.0,0,0.5669444444444445,1.0,1.2246467991473532e-16,-1.0,0,0,0.1,4,4,0,0,0,0,0,1,0,0,0,0,0.17866666666666667,0,0,0,0,0,0.0,0,0,0.0,0
invictus_enriched.csv:2704,0,1,0.8,2,1,1.0,0,0.5669444444444445,1.0,1.2246467991473532e-16,-1.0,0,0,0.1,102,4,0,0,1,0,0,1,0,0,0,0,0.17333333333333334,0,0,0,0,0,0.0,0,0,0.0,0
invictus_enriched.csv:2705,0,1,0.8,2,1,1.0,0,0.5669444444444445,1.0,1.2246467991473532e-16,-1.0,0,0,0.1,52,3,0,0,0,0,0,1,0,0,0,0,0.136,0,0,0,0,0,0.0,0,0,0.0,0
invictus_enriched.csv:2706,0,1,0.8,2,1,1.0,0,0.5669444444444445,1.0,1.2246467991473532e-16,-1.0,0,0,0.1,97,4,0,0,1,0,0,1,0,0,0,0,0.18,0,0,0,0,0,0.0,0,0,0.0,0
invictus_enriched.csv:2707,0,1,0.8,2,1,1.0,0,0.5669444444444445,1.0,1.2246467991473532e-16,-1.0,0,0,0.1,100,4,0,0,1,0,0,1,0,0,0,0,0.20533333333333334,0,0,0,0,0,0.0,0,0,0.0,0
invictus_enriched.csv:2708,0,1,0.8,2,1,1.0,0,0.5669444444444445,1.0,1.2246467991473532e-16,-1.0,0,0,0.1,233,1,1,0,0,0,1,0,0,0,0,0,0.06666666666666667,0,0,0,0,0,0.0,0,0,0.0,0
invictus_enriched.csv:2709,0,1,0.8,2,1,1.0,0,0.5669444444444445,1.0,1.2246467991473532e-16,-1.0,0,0,0.1,27,1,0,0,0,0,1,1,0,0,0,0,0.072,0,0,0,0,1,0.0,0,0,0.0,0
invictus_enriched.csv:2710,0,1,0.8,2,1,1.0,0,0.5669444444444445,1.0,1.2246467991473532e-16,-1.0,0,0,0.1,99,4,0,0,0,0,0,1,0,0,0,0,0.188,0,0,0,0,0,0.0,0,0,0.0,0
invictus_enriched.csv:2711,0,1,0.8,2,1,1.0,0,0.5669444444444445,1.0,1.2246467991473532e-16,-1.0,0,0,0.1,66,3,0,0,1,0,0,1,0,0,0,0,0.10933333333333334,0,0,0,0,0,0.0,0,0,0.0,0
invictus_enriched.csv:2712,0,1,0.8,2,1,1.0,0,0.5669444444444445,1.0,1.2246467991473532e-16,-1.0,0,0,0.1,98,4,0,0,0,0,0,1,0,0,0,0,0.188,0,0,0,0,0,0.0,0,0,0.0,0
invictus_enriched.csv:2713,0,1,0.8,2,1,1.0,0,0.5669444444444445,1.0,1.2246467991473532e-16,-1.0,0,0,0.1,103,4,0,0,0,0,0,1,0,0,0,0,0.188,0,0,0,0,0,0.0,0,0,0.0,0
invictus_enriched.csv:2714,0,1,0.8,2,1,1.0,0,0.5669444444444445,1.0,1.2246467991473532e-16,-1.0,0,0,0.1,53,3,0,0,0,0,0,1,0,0,0,0,0.11333333333333333,0,0,0,0,0,0.0,0,0,0.0,0
invictus_enriched.csv:2715,0,1,0.8,2,1,1.0,0,0.5669444444444445,1.0,1.2246467991473532e-16,-1.0,0,0,0.1,96,4,0,0,1,0,0,1,0,0,0,0,0.184,0,0,0,0,0,0.0,0,0,0.0,0
invictus_enriched.csv:2716,0,1,0.8,2,1,1.0,0,0.5669444444444445,1.0,1.2246467991473532e-16,-1.0,0,0,0.1,45,3,0,0,0,0,0,1,0,0,0,0,0.12266666666666666,0,0,0,0,0,0.0,0,0,0.0,0
invictus_enriched.csv:2717,0,1,0.8,2,1,1.0,0,0.5669444444444445,1.0,1.2246467991473532e-16,-1.0,0,0,0.1,102,4,0,0,1,0,0,1,0,0,0,0,0.18933333333333333,0,0,0,0,0,0.0,0,0,0.0,0
invictus_enriched.csv:2718,0,1,0.8,2,1,1.0,0,0.5669444444444445,1.0,1.2246467991473532e-16,-1.0,0,0,0.1,53,3,0,0,0,0,0,1,0,0,0,0,0.11333333333333333,0,0,0,0,0,0.0,0,0,0.0,0
invictus_enriched.csv:2719,0,1,0.8,2,1,1.0,0,0.5669444444444445,1.0,1.2246467991473532e-16,-1.0,0,0,0.1,101,4,0,0,0,0,0,1,0,0,0,0,0.19333333333333333,0,0,0,0,0,0.0,0,0,0.0,0
invictus_enriched.csv:2720,0,1,0.8,2,1,1.0,0,0.5669444444444445,1.0,1.2246467991473532e-16,-1.0,0,0,0.1,23,1,0,0,0,0,1,1,0,0,0,0,0.0026666666666666666,0,0,0,0,0,0.0,0,0,0.0,0
invictus_enriched.csv:2721,0,1,0.8,2,1,1.0,0,0.5669444444444445,1.0,1.2246467991473532e-16,-1.0,0,0,0.1,2,4,0,0,0,0,0,1,0,0,0,0,0.20266666666666666,0,0,0,0,0,0.0,0,0,0.0,0
invictus_enriched.csv:2722,0,1,0.8,2,1,0.9997222222222222,0,0.5672222222222222,1.0,1.2246467991473532e-16,-1.0,0,0,0.1,104,4,0,0,1,0,0,1,0,0,0,0,0.17333333333333334,0,0,0,0,0,0.0,0,0,0.0,0
invictus_enriched.csv:2723,0,1,0.8,2,1,1.0,0,0.5672222222222222,1.0,1.2246467991473532e-16,-1.0,0,0,0.1,23,1,0,0,0,0,1,1,0,0,0,0,0.0026666666666666666,0,0,0,0,0,0.0,0,0,0.0,0
invictus_enriched.csv:2724,0,1,0.8,2,1,1.0,0,0.5672222222222222,1.0,1.2246467991473532e-16,-1.0,0,0,0.1,233,1,1,0,0,0,1,0,0,0,0,0,0.064,0,0,0,0,0,0.0,0,0,0.0,0
invictus_enriched.csv:2725,0,1,0.8,2,1,1.0,0,0.5672222222222222,1.0,1.2246467991473532e-16,-1.0,0,0,0.1,201,8,0,0,0,0,0,1,0,0,0,0,0.1,0,0,0,0,0,0.0,0,0,0.0,0
invictus_enriched.csv:2726,0,1,0.8,2,1,1.0,0,0.5672222222222222,1.0,1.2246467991473532e-16,-1.0,0,0,0.1,142,3,1,0,0,0,0,0,0,0,0,0,0.06133333333333333,0,0,0,0,0,0.0,0,0,0.0,0
invictus_enriched.csv:2727,0,1,0.8,2,1,1.0,0,0.5672222222222222,1.0,1.2246467991473532e-16,-1.0,0,0,0.1,104,4,0,0,1,0,0,1,0,0,0,0,0.208,0,0,0,0,0,0.0,0,0,0.0,0
invictus_enriched.csv:2728,0,1,0.8,2,1,1.0,0,0.5672222222222222,1.0,1.2246467991473532e-16,-1.0,0,0,0.1,134,3,1,0,0,0,0,0,0,0,0,0,0.04533333333333334,0,0,0,0,0,0.0,0,0,0.0,0
invictus_enriched.csv:2729,0,1,0.8,2,1,1.0,0,0.5672222222222222,1.0,1.2246467991473532e-16,-1.0,0,0,0.1,127,1,0,0,0,0,1,1,0,0,0,0,0.06666666666666667,0,0,0,0,0,0.0,0,0,0.0,0
invictus_enriched.csv:2730,0,1,0.8,2,1,1.0,0,0.5672222222222222,1.0,1.2246467991473532e-16,-1.0,0,0,0.1,60,3,0,0,0,0,0,1,0,0,0,0,0.30133333333333334,0,0,0,0,0,0.0,0,0,0.0,0
invictus_enriched.csv:2731,0,1,0.8,2,1,1.0,0,0.5672222222222222,1.0,1.2246467991473532e-16,-1.0,0,0,0.1,233,1,1,0,0,0,1,0,0,0,0,0,0.068,0,0,0,0,0,0.0,0,0,0.0,0
invictus_enriched.csv:2732,0,1,0.8,2,1,1.0,0,0.5672222222222222,1.0,1.2246467991473532e-16,-1.0,0,0,0.1,103,4,0,0,0,0,0,1,0,0,0,0,0.20666666666666667,0,0,0,0,0,0.0,0,0,0.0,0
invictus_enriched.csv:2733,0,1,0.8,2,1,1.0,0,0.5672222222222222,1.0,1.2246467991473532e-16,-1.0,0,0,0.1,186,0,0,0,0,0,0,1,0,0,0,0,0.07466666666666667,0,0,0,0,0,0.0,0,0,0.0,0
invictus_enriched.csv:2734,0,1,0.8,2,1,1.0,0,0.5672222222222222,1.0,1.2246467991473532e-16,-1.0,0,0,0.1,45,3,0,0,0,0,0,1,0,0,0,0,0.22266666666666668,0,0,0,0,0,0.0,0,0,0.0,0
invictus_enriched.csv:2735,0,1,0.8,2,1,1.0,0,0.5672222222222222,1.0,1.2246467991473532e-16,-1.0,0,0,0.1,87,0,0,0,0,0,0,1,0,0,0,0,0.124,0,0,0,0,0,0.0,0,0,0.0,0
invictus_enriched.csv:2736,0,1,0.8,2,1,1.0,0,0.5672222222222222,1.0,1.2246467991473532e-16,-1.0,0,0,0.1,130,1,1,0,0,0,1,0,0,0,0,0,0.064,0,0,0,0,0,0.0,0,0,0.0,0
invictus_enriched.csv:2737,0,1,0.8,2,1,1.0,0,0.5672222222222222,1.0,1.2246467991473532e-16,-1.0,0,0,0.1,254,1,0,0,0,0,1,1,0,0,0,0,0.064,0,0,0,0,0,0.0,0,0,0.0,0
invictus_enriched.csv:2738,0,1,0.8,2,1,1.0,0,0.5672222222222222,1.0,1.2246467991473532e-16,-1.0,0,0,0.1,104,4,0,0,1,0,0,1,0,0,0,0,0.18933333333333333,0,0,0,0,0,0.0,0,0,0.0,0
invictus_enriched.csv:2739,0,1,0.8,2,1,1.0,0,0.5672222222222222,1.0,1.2246467991473532e-16,-1.0,0,0,0.1,254,1,0,0,0,0,1,1,0,0,0,0,0.068,0,0,0,0,0,0.0,0,0,0.0,0
invictus_enriched.csv:2740,0,1,0.8,2,1,1.0,0,0.5672222222222222,1.0,1.2246467991473532e-16,-1.0,0,0,0.1,130,1,1,0,0,0,1,0,0,0,0,0,0.06666666666666667,0,0,0,0,0,0.0,0,0,0.0,0
invictus_enriched.csv:2741,0,1,0.8,2,1,1.0,0,0.5672222222222222,1.0,1.2246467991473532e-16,-1.0,0,0,0.1,93,4,0,0,0,0,0,1,0,0,0,0,0.184,0,0,0,0,0,0.0,0,0,0.0,0
invictus_enriched.csv:2742,0,1,0.8,2,1,1.0,0,0.5672222222222222,1.0,1.2246467991473532e-16,-1.0,0,0,0.1,45,3,0,0,0,0,0,1,0,0,0,0,0.22266666666666668,0,0,0,0,0,0.0,0,0,0.0,0
invictus_enriched.csv:2743,0,1,0.8,2,1,1.0,0,0.5672222222222222,1.0,1.2246467991473532e-16,-1.0,0,0,0.1,28,1,0,0,0,0,1,1,0,0,0,0,0.064,0,0,0,0,0,0.0,0,0,0.0,0
invictus_enriched.csv:2744,0,1,0.8,2,1,1.0,0,0.5672222222222222,1.0,1.2246467991473532e-16,-1.0,0,0,0.1,237,1,1,0,1,0,1,0,0,0,0,0,0.064,0,0,0,0,0,0.0,0,0,0.0,0
invictus_enriched.csv:2745,0,1,0.8,2,1,1.0,0,0.5672222222222222,1.0,1.2246467991473532e-16,-1.0,0,0,0.1,103,4,0,0,0,0,0,1,0,0,0,0,0.172,0,0,0,0,0,0.0,0,0,0.0,0
invictus_enriched.csv:2746,0,1,0.8,2,1,1.0,0,0.5672222222222222,1.0,1.2246467991473532e-16,-1.0,0,0,0.1,199,8,0,0,0,0,0,1,0,0,0,0,0.07466666666666667,0,0,0,0,0,0.0,0,0,0.0,0
invictus_enriched.csv:2747,0,1,0.8,2,1,1.0,0,0.5672222222222222,1.0,1.2246467991473532e-16,-1.0,0,0,0.1,23,1,0,0,0,0,1,1,0,0,0,0,0.0026666666666666666,0,0,0,0,0,0.0,0,0,0.0,0
invictus_enriched.csv:2748,0,1,0.8,2,1,0.9997222222222222,0,0.5675,1.0,1.2246467991473532e-16,-1.0,0,0,0.1,188,0,0,0,0,0,0,1,0,0,0,0,0.08533333333333333,0,0,0,0,0,0.0,0,0,0.0,0
invictus_enriched.csv:2749,0,1,0.8,2,1,1.0,0,0.5675,1.0,1.2246467991473532e-16,-1.0,0,0,0.1,93,4,0,0,0,0,0,1,0,0,0,0,0.20266666666666666,0,0,0,0,0,0.0,0,0,0.0,0
invictus_enriched.csv:2750,0,1,0.8,2,1,1.0,0,0.5675,1.0,1.2246467991473532e-16,-1.0,0,0,0.1,45,3,0,0,0,0,0,1,0,0,0,0,0.12266666666666666,0,0,0,0,0,0.0,0,0,0.0,0
invictus_enriched.csv:2751,0,1,0.8,2,1,1.0,0,0.5675,1.0,1.2246467991473532e-16,-1.0,0,0,0.1,23,1,0,0,0,0,1,1,0,0,0,0,0.0026666666666666666,0,0,0,0,0,0.0,0,0,0.0,0
invictus_enriched.csv:2752,0,1,0.8,2,1,1.0,0,0.5675,1.0,1.2246467991473532e-16,-1.0,0,0,0.1,93,4,0,0,0,0,0,1,0,0,0,0,0.168,0,0,0,0,0,0.0,0,0,0.0,0
invictus_enriched.csv:2753,0,1,0.8,2,1,1.0,0,0.5675,1.0,1.2246467991473532e-16,-1.0,0,0,0.1,200,8,0,0,0,0,0,1,0,0,0,0,0.07466666666666667,0,0,0,0,0,0.0,0,0,0.0,0
invictus_enriched.csv:2754,0,1,0.8,2,1,1.0,0,0.5675,1.0,1.2246467991473532e-16,-1.0,0,0,0.1,140,3,1,0,0,0,0,0,0,0,0,0,0.05333333333333334,0,0,0,0,0,0.0,0,0,0.0,0
invictus_enriched.csv:2755,0,1,0.8,2,1,1.0,0,0.5675,1.0,1.2246467991473532e-16,-1.0,0,0,0.1,87,0,0,0,0,0,0,1,0,0,0,0,0.12533333333333332,0,0,0,0,0,0.0,0,0,0.0,0
invictus_enriched.csv:2756,0,1,0.8,2,1,1.0,0,0.5675,1.0,1.2246467991473532e-16,-1.0,0,0,0.1,138,3,1,0,0,0,0,0,0,0,0,0,0.05466666666666667,0,0,0,0,0,0.0,0,0,0.0,0
invictus_enriched.csv:2757,0,1,0.8,2,1,1.0,0,0.5675,1.0,1.2246467991473532e-16,-1.0,0,0,0.1,52,3,0,0,0,0,0,1,0,0,0,0,0.136,0,0,0,0,0,0.0,0,0,0.0,0
invictus_enriched.csv:2758,0,1,0.8,2,1,1.0,0,0.5675,1.0,1.2246467991473532e-16,-1.0,0,0,0.1,167,3,1,0,0,0,0,0,0,0,0,0,0.10666666666666667,0,0,0,0,0,0.0,0,0,0.0,0
invictus_enriched.csv:2759,0,1,0.8,2,1,0.9997222222222222,0,0.5677777777777778,1.0,1.2246467991473532e-16,-1.0,0,0,0.1,45,3,0,0,1,0,0,1,0,0,0,0,0.12266666666666666,0,0,0,0,0,0.0,0,0,0.0,0
invictus_enriched.csv:2760,0,1,0.8,2,1,1.0,0,0.5677777777777778,1.0,1.2246467991473532e-16,-1.0,0,0,0.1,23,1,0,0,0,0,1,1,0,0,0,0,0.0026666666666666666,0,0,0,0,0,0.0,0,0,0.0,0
invictus_enriched.csv:2761,0,1,0.8,2,1,1.0,0,0.5677777777777778,1.0,1.2246467991473532e-16,-1.0,0,0,0.1,142,3,1,0,0,0,0,0,0,0,0,0,0.06133333333333333,0,0,0,0,0,0.0,0,0,0.0,0
invictus_enriched.csv:2762,0,1,0.8,2,1,1.0,0,0.5677777777777778,1.0,1.2246467991473532e-16,-1.0,0,0,0.1,45,3,0,0,1,0,0,1,0,0,0,0,0.12266666666666666,0,0,0,0,0,0.0,0,0,0.0,0
invictus_enriched.csv:2763,0,1,0.8,2,1,1.0,0,0.5677777777777778,1.0,1.2246467991473532e-16,-1.0,0,0,0.1,134,3,1,0,0,0,0,0,0,0,0,0,0.04533333333333334,0,0,0,0,0,0.0,0,0,0.0,0
invictus_enriched.csv:2764,0,1,0.8,2,1,1.0,0,0.5677777777777778,1.0,1.2246467991473532e-16,-1.0,0,0,0.1,199,8,0,0,0,0,0,1,0,0,0,0,0.06933333333333333,0,0,0,0,0,0.0,0,0,0.0,0
invictus_enriched.csv:2765,0,1,0.8,2,1,1.0,0,0.5677777777777778,1.0,1.2246467991473532e-16,-1.0,0,0,0.1,23,1,0,0,0,0,1,1,0,0,0,0,0.0026666666666666666,0,0,0,0,0,0.0,0,0,0.0,0
invictus_enriched.csv:2766,0,1,0.8,2,1,1.0,0,0.5677777777777778,1.0,1.2246467991473532e-16,-1.0,0,0,0.1,145,4,1,0,0,0,0,0,0,0,0,0,0.148,0,0,0,0,0,0.0,0,0,0.0,0
invictus_enriched.csv:2767,0,1,0.8,2,1,1.0,0,0.5677777777777778,1.0,1.2246467991473532e-16,-1.0,0,0,0.1,190,0,0,0,0,0,0,1,0,0,0,0,0.11733333333333333,0,0,0,0,0,0.0,0,0,0.0,0
invictus_enriched.csv:2768,0,1,0.8,2,1,1.0,0,0.5677777777777778,1.0,1.2246467991473532e-16,-1.0,0,0,0.1,87,0,0,0,0,0,0,1,0,0,0,0,0.10133333333333333,0,0,0,0,0,0.0,0,0,0.0,0
invictus_enriched.csv:2769,0,1,0.8,2,1,0.9997222222222222,0,0.5680555555555555,1.0,1.2246467991473532e-16,-1.0,0,0,0.1,23,1,0,0,0,0,1,1,0,0,0,0,0.0026666666666666666,0,0,0,0,0,0.0,0,0,0.0,0
invictus_enriched.csv:2770,0,0,0.8,2,1,1.0,0,0.5680555555555555,1.0,1.2246467991473532e-16,-1.0,0,0,0.1,249,0,0,0,0,0,0,1,0,0,0,0,0.07866666666666666,0,0,0,0,0,0.0,0,0,0.0,0
invictus_enriched.csv:2771,0,0,0.8,2,1,1.0,0,0.5680555555555555,1.0,1.2246467991473532e-16,-1.0,0,0,0.1,249,0,0,0,0,0,0,1,0,0,0,0,0.08266666666666667,0,0,0,0,0,0.0,0,0,0.0,0
invictus_enriched.csv:2772,0,0,0.8,2,1,1.0,0,0.5680555555555555,1.0,1.2246467991473532e-16,-1.0,0,0,0.1,249,0,0,0,0,0,0,1,0,0,0,0,0.192,0,0,0,0,0,0.0,0,0,0.0,0
invictus_enriched.csv:2773,0,0,0.8,2,1,1.0,0,0.5680555555555555,1.0,1.2246467991473532e-16,-1.0,0,0,0.1,249,0,0,0,0,0,0,1,0,0,0,0,0.192,0,0,0,0,0,0.0,0,0,0.0,0
invictus_enriched.csv:2774,0,1,0.8,2,1,1.0,0,0.5680555555555555,1.0,1.2246467991473532e-16,-1.0,0,0,0.1,201,8,0,0,0,0,0,1,0,0,0,0,0.09466666666666666,0,0,0,0,0,0.0,0,0,0.0,0
invictus_enriched.csv:2775,0,1,0.8,2,1,1.0,0,0.5680555555555555,1.0,1.2246467991473532e-16,-1.0,0,0,0.1,200,8,0,0,0,0,0,1,0,0,0,0,0.06933333333333333,0,0,0,0,0,0.0,0,0,0.0,0
invictus_enriched.csv:2776,0,1,0.8,2,1,1.0,0,0.5680555555555555,1.0,1.2246467991473532e-16,-1.0,0,0,0.1,145,4,1,0,0,0,0,0,0,0,0,0,0.164,0,0,0,0,0,0.0,0,0,0.0,0
invictus_enriched.csv:2777,0,1,0.8,2,1,1.0,0,0.5680555555555555,1.0,1.2246467991473532e-16,-1.0,0,0,0.1,139,3,1,0,0,0,0,0,0,0,0,0,0.06266666666666666,0,0,0,0,0,0.0,0,0,0.0,0
invictus_enriched.csv:2778,0,1,0.8,2,1,1.0,1,0.5680555555555555,1.0,1.2246467991473532e-16,-1.0,0,0,0.1,256,8,1,0,0,0,0,0,0,0,0,0,0.07466666666666667,0,0,0,0,0,0.0,0,0,0.0,0
invictus_enriched.csv:2779,0,1,0.8,2,1,1.0,0,0.5680555555555555,1.0,1.2246467991473532e-16,-1.0,0,0,0.1,37,3,0,0,1,0,0,1,0,0,0,0,0.10133333333333333,0,0,0,0,0,0.0,0,0,0.0,0
invictus_enriched.csv:2780,0,1,0.8,2,1,1.0,0,0.5680555555555555,1.0,1.2246467991473532e-16,-1.0,0,0,0.1,134,3,1,0,0,0,0,0,0,0,0,0,0.04533333333333334,0,0,0,0,0,0.0,0,0,0.0,0
invictus_enriched.csv:2781,0,0,0.8,2,1,1.0,0,0.5680555555555555,1.0,1.2246467991473532e-16,-1.0,0,0,0.1,249,0,0,0,0,0,0,1,0,0,0,0,0.192,0,0,0,0,0,0.0,0,0,0.0,0
invictus_enriched.csv:2782,0,1,0.8,2,1,1.0,1,0.5680555555555555,1.0,1.2246467991473532e-16,-1.0,0,0,0.1,257,0,1,0,0,0,0,0,0,0,0,0,0.05333333333333334,0,0,0,0,0,0.0,0,0,0.0,0
invictus_enriched.csv:2783,0,1,0.8,2,1,1.0,0,0.5680555555555555,1.0,1.2246467991473532e-16,-1.0,0,0,0.1,139,3,1,0,0,0,0,0,0,0,0,0,0.06266666666666666,0,0,0,0,0,0.0,0,0,0.0,0
invictus_enriched.csv:2784,0,0,0.8,2,1,1.0,0,0.5680555555555555,1.0,1.2246467991473532e-16,-1.0,0,0,0.1,249,0,0,0,0,0,0,1,0,0,0,0,0.092,0,0,0,0,0,0.0,0,0,0.0,0
invictus_enriched.csv:2785,0,1,0.8,2,1,1.0,0,0.5680555555555555,1.0,1.2246467991473532e-16,-1.0,0,0,0.1,130,1,1,0,0,0,1,0,0,0,0,0,0.072,0,0,0,0,0,0.0,0,0,0.0,0
invictus_enriched.csv:2786,0,1,0.8,2,1,1.0,0,0.5680555555555555,1.0,1.2246467991473532e-16,-1.0,0,0,0.1,127,1,0,0,0,0,1,1,0,0,0,0,0.072,0,0,0,0,0,0.0,0,0,0.0,0
invictus_enriched.csv:2787,0,0,0.8,2,1,0.9997222222222222,0,0.5683333333333334,1.0,1.2246467991473532e-16,-1.0,0,0,0.1,188,0,0,0,0,0,0,1,0,0,0,0,0.124,0,0,0,0,0,0.0,0,0,0.0,0
invictus_enriched.csv:2788,0,1,0.8,2,1,1.0,0,0.5683333333333334,1.0,1.2246467991473532e-16,-1.0,0,0,0.1,45,3,0,0,0,0,0,1,0,0,0,0,0.12266666666666666,0,0,0,0,0,0.0,0,0,0.0,0
invictus_enriched.csv:2789,0,1,0.8,2,1,1.0,0,0.5683333333333334,1.0,1.2246467991473532e-16,-1.0,0,0,0.1,45,3,0,0,0,0,0,1,0,0,0,0,0.22266666666666668,0,0,0,0,0,0.0,0,0,0.0,0
invictus_enriched.csv:2790,0,0,0.8,2,1,1.0,0,0.5683333333333334,1.0,1.2246467991473532e-16,-1.0,0,0,0.1,249,0,0,0,0,0,0,1,0,0,0,0,0.19733333333333333,0,0,0,0,0,0.0,0,0,0.0,0
invictus_enriched.csv:2791,0,0,0.8,2,1,1.0,0,0.5683333333333334,1.0,1.2246467991473532e-16,-1.0,0,0,0.1,249,0,0,0,0,0,0,1,0,0,0,0,0.188,0,0,0,0,0,0.0,0,0,0.0,0
invictus_enriched.csv:2792,0,1,0.8,2,1,1.0,0,0.5683333333333334,1.0,1.2246467991473532e-16,-1.0,0,0,0.1,256,8,1,0,0,0,0,0,0,0,0,0,0.06933333333333333,0,0,0,0,0,0.0,0,0,0.0,0
invictus_enriched.csv:2793,0,0,0.8,2,1,1.0,0,0.5683333333333334,1.0,1.2246467991473532e-16,-1.0,0,0,0.1,249,0,0,0,0,0,0,1,0,0,0,0,0.188,0,0,0,0,0,0.0,0,0,0.0,0
invictus_enriched.csv:2794,0,0,0.8,2,1,1.0,0,0.5683333333333334,1.0,1.2246467991473532e-16,-1.0,0,0,0.1,249,0,0,0,0,0,0,1,0,0,0,0,0.18266666666666667,0,0,0,0,0,0.0,0,0,0.0,0
invictus_enriched.csv:2795,0,0,0.8,2,1,1.0,0,0.5683333333333334,1.0,1.2246467991473532e-16,-1.0,0,0,0.1,249,0,0,0,0,0,0,1,0,0,0,0,0.18266666666666667,0,0,0,0,0,0.0,0,0,0.0,0
invictus_enriched.csv:2796,0,0,0.8,2,1,1.0,0,0.5683333333333334,1.0,1.2246467991473532e-16,-1.0,0,0,0.1,249,0,0,0,0,0,0,1,0,0,0,0,0.19333333333333333,0,0,0,0,0,0.0,0,0,0.0,0
invictus_enriched.csv:2797,0,1,0.8,2,1,1.0,0,0.5683333333333334,1.0,1.2246467991473532e-16,-1.0,0,0,0.1,23,1,0,0,0,0,1,1,0,0,0,0,0.0026666666666666666,0,0,0,0,0,0.0,0,0,0.0,0
invictus_enriched.csv:2798,0,1,0.8,2,1,1.0,1,0.5683333333333334,1.0,1.2246467991473532e-16,-1.0,0,0,0.1,258,0,1,0,1,0,0,0,0,0,0,0,0.164,0,0,0,0,0,0.0,0,0,0.0,0
invictus_enriched.csv:2799,0,1,0.8,2,1,1.0,0,0.5683333333333334,1.0,1.2246467991473532e-16,-1.0,0,0,0.1,45,3,0,0,0,0,0,1,0,0,0,0,0.22266666666666668,0,0,0,0,0,0.0,0,0,0.0,0
invictus_enriched.csv:2800,0,1,0.8,2,1,1.0,0,0.5683333333333334,1.0,1.2246467991473532e-16,-1.0,0,0,0.1,45,3,0,0,0,0,0,1,0,0,0,0,0.12266666666666666,0,0,0,0,0,0.0,0,0,0.0,0
invictus_enriched.csv:2801,0,0,0.8,2,1,1.0,0,0.5683333333333334,1.0,1.2246467991473532e-16,-1.0,0,0,0.1,188,0,0,0,0,0,0,1,0,0,0,0,0.08533333333333333,0,0,0,0,0,0.0,0,0,0.0,0
invictus_enriched.csv:2802,0,0,0.8,2,1,1.0,0,0.5683333333333334,1.0,1.2246467991473532e-16,-1.0,0,0,0.1,258,0,1,0,0,0,0,0,0,0,0,0,0.2693333333333333,0,0,0,0,0,0.0,0,0,0.0,0
invictus_enriched.csv:2803,0,0,0.8,2,1,1.0,0,0.5683333333333334,1.0,1.2246467991473532e-16,-1.0,0,0,0.1,249,0,0,0,0,0,0,1,0,0,0,0,0.192,0,0,0,0,0,0.0,0,0,0.0,0
invictus_enriched.csv:2804,0,1,0.8,2,1,0.9997222222222222,0,0.5686111111111111,1.0,1.2246467991473532e-16,-1.0,0,0,0.1,127,1,0,0,0,0,1,1,0,0,0,0,0.06666666666666667,0,0,0,0,0,0.0,0,0,0.0,0
invictus_enriched.csv:2805,0,1,0.8,2,1,1.0,0,0.5686111111111111,1.0,1.2246467991473532e-16,-1.0,0,0,0.1,138,3,1,0,0,0,0,0,0,0,0,0,0.05466666666666667,0,0,0,0,0,0.0,0,0,0.0,0
invictus_enriched.csv:2806,0,1,0.8,2,1,1.0,0,0.5686111111111111,1.0,1.2246467991473532e-16,-1.0,0,0,0.1,45,3,0,0,1,0,0,1,0,0,0,0,0.12266666666666666,0,0,0,0,0,0.0,0,0,0.0,0
invictus_enriched.csv:2807,0,1,0.8,2,1,1.0,0,0.5686111111111111,1.0,1.2246467991473532e-16,-1.0,0,0,0.1,145,4,1,0,0,0,0,0,0,0,0,0,0.18266666666666667,0,0,0,0,0,0.0,0,0,0.0,0
invictus_enriched.csv:2808,0,1,0.8,2,1,1.0,0,0.5686111111111111,1.0,1.2246467991473532e-16,-1.0,0,0,0.1,28,1,0,0,0,0,1,1,0,0,0,0,0.06666666666666667,0,0,0,0,0,0.0,0,0,0.0,0
invictus_enriched.csv:2809,0,1,0.8,2,1,1.0,0,0.5686111111111111,1.0,1.2246467991473532e-16,-1.0,0,0,0.1,138,3,1,0,0,0,0,0,0,0,0,0,0.05466666666666667,0,0,0,0,0,0.0,0,0,0.0,0
invictus_enriched.csv:2810,0,1,0.8,2,1,1.0,0,0.5686111111111111,1.0,1.2246467991473532e-16,-1.0,0,0,0.1,45,3,0,0,1,0,0,1,0,0,0,0,0.12266666666666666,0,0,0,0,0,0.0,0,0,0.0,0
invictus_enriched.csv:2811,0,1,0.8,2,1,0.9997222222222222,0,0.5688888888888889,1.0,1.2246467991473532e-16,-1.0,0,0,0.1,130,1,1,0,0,0,1,0,0,0,0,0,0.06666666666666667,0,0,0,0,0,0.0,0,0,0.0,0
invictus_enriched.csv:2812,0,0,0.8,2,1,0.9994444444444445,0,0.5694444444444444,1.0,1.2246467991473532e-16,-1.0,0,0,0.1,249,0,0,0,0,0,0,1,0,0,0,0,0.30133333333333334,0,0,0,0,0,0.0,0,0,0.0,0
invictus_enriched.csv:2813,0,0,0.8,2,1,1.0,0,0.5694444444444444,1.0,1.2246467991473532e-16,-1.0,0,0,0.1,249,0,0,0,0,0,0,1,0,0,0,0,0.30533333333333335,0,0,0,0,0,0.0,0,0,0.0,0
invictus_enriched.csv:2814,0,0,0.8,2,1,1.0,0,0.5694444444444444,1.0,1.2246467991473532e-16,-1.0,0,0,0.1,249,0,0,0,0,0,0,1,0,0,0,0,0.284,0,0,0,0,0,0.0,0,0,0.0,0
invictus_enriched.csv:2815,0,0,0.8,2,1,1.0,0,0.5694444444444444,1.0,1.2246467991473532e-16,-1.0,0,0,0.1,249,0,0,0,0,0,0,1,0,0,0,0,0.2946666666666667,0,0,0,0,0,0.0,0,0,0.0,0
invictus_enriched.csv:2816,0,0,0.8,2,1,1.0,0,0.5694444444444444,1.0,1.2246467991473532e-16,-1.0,0,0,0.1,249,0,0,0,0,0,0,1,0,0,0,0,0.284,0,0,0,0,0,0.0,0,0,0.0,0
invictus_enriched.csv:2817,0,0,0.8,2,1,1.0,0,0.5694444444444444,1.0,1.2246467991473532e-16,-1.0,0,0,0.1,249,0,0,0,0,0,0,1,0,0,0,0,0.12666666666666668,0,0,0,0,0,0.0,0,0,0.0,0
invictus_enriched.csv:2818,0,0,0.8,2,1,1.0,0,0.5694444444444444,1.0,1.2246467991473532e-16,-1.0,0,0,0.1,249,0,0,0,0,0,0,1,0,0,0,0,0.12266666666666666,0,0,0,0,0,0.0,0,0,0.0,0
invictus_enriched.csv:2819,0,0,0.8,2,1,1.0,0,0.5694444444444444,1.0,1.2246467991473532e-16,-1.0,0,0,0.1,249,0,0,0,0,0,0,1,0,0,0,0,0.128,0,0,0,0,0,0.0,0,0,0.0,0
invictus_enriched.csv:2820,0,0,0.8,2,1,1.0,0,0.5694444444444444,1.0,1.2246467991473532e-16,-1.0,0,0,0.1,249,0,0,0,0,0,0,1,0,0,0,0,0.296,0,0,0,0,0,0.0,0,0,0.0,0
invictus_enriched.csv:2821,0,0,0.8,2,1,0.9997222222222222,0,0.5697222222222222,1.0,1.2246467991473532e-16,-1.0,0,0,0.1,249,0,0,0,0,0,0,1,0,0,0,0,0.30133333333333334,0,0,0,0,0,0.0,0,0,0.0,0
invictus_enriched.csv:2822,0,0,0.8,2,1,1.0,0,0.5697222222222222,1.0,1.2246467991473532e-16,-1.0,0,0,0.1,249,0,0,0,0,0,0,1,0,0,0,0,0.30666666666666664,0,0,0,0,0,0.0,0,0,0.0,0
invictus_enriched.csv:2823,0,0,0.8,2,1,0.9994444444444445,0,0.5702777777777778,1.0,1.2246467991473532e-16,-1.0,0,0,0.1,249,0,0,0,0,0,0,1,0,0,0,0,0.1,0,0,0,0,0,0.0,0,0,0.0,0
invictus_enriched.csv:2824,0,0,0.8,2,1,0.9997222222222222,0,0.5705555555555556,1.0,1.2246467991473532e-16,-1.0,0,0,0.1,249,0,0,0,0,0,0,1,0,0,0,0,0.17866666666666667,0,0,0,0,0,0.0,0,0,0.0,0
invictus_enriched.csv:2825,0,0,0.8,2,1,1.0,0,0.5705555555555556,1.0,1.2246467991473532e-16,-1.0,0,0,0.1,249,0,0,0,0,0,0,1,0,0,0,0,0.08,0,0,0,0,0,0.0,0,0,0.0,0
invictus_enriched.csv:2826,0,0,0.8,2,1,1.0,0,0.5705555555555556,1.0,1.2246467991473532e-16,-1.0,0,0,0.1,249,0,0,0,0,0,0,1,0,0,0,0,0.1,0,0,0,0,0,0.0,0,0,0.0,0
invictus_enriched.csv:2827,0,0,0.8,2,1,0.9997222222222222,0,0.5708333333333333,1.0,1.2246467991473532e-16,-1.0,0,0,0.1,249,0,0,0,0,0,0,1,0,0,0,0,0.17866666666666667,0,0,0,0,0,0.0,0,0,0.0,0
invictus_enriched.csv:2828,0,0,0.8,2,1,1.0,0,0.5708333333333333,1.0,1.2246467991473532e-16,-1.0,0,0,0.1,249,0,0,0,0,0,0,1,0,0,0,0,0.17866666666666667,0,0,0,0,0,0.0,0,0,0.0,0
invictus_enriched.csv:2829,0,0,0.8,2,1,1.0,0,0.5708333333333333,1.0,1.2246467991473532e-16,-1.0,0,0,0.1,249,0,0,0,0,0,0,1,0,0,0,0,0.17866666666666667,0,0,0,0,0,0.0,0,0,0.0,0
invictus_enriched.csv:2830,0,0,0.8,2,1,1.0,0,0.5708333333333333,1.0,1.2246467991473532e-16,-1.0,0,0,0.1,249,0,0,0,0,0,0,1,0,0,0,0,0.21466666666666667,0,0,0,0,0,0.0,0,0,0.0,0
invictus_enriched.csv:2831,0,0,0.8,2,1,1.0,0,0.5708333333333333,1.0,1.2246467991473532e-16,-1.0,0,0,0.1,249,0,0,0,0,0,0,1,0,0,0,0,0.21466666666666667,0,0,0,0,0,0.0,0,0,0.0,0
invictus_enriched.csv:2832,0,0,0.8,2,1,0.9991666666666666,0,0.5716666666666667,1.0,1.2246467991473532e-16,-1.0,0,0,0.1,249,0,0,0,0,0,0,1,0,0,0,0,0.10133333333333333,0,0,0,0,0,0.0,0,0,0.0,0
invictus_enriched.csv:2833,0,0,0.8,2,1,1.0,0,0.5716666666666667,1.0,1.2246467991473532e-16,-1.0,0,0,0.1,249,0,0,0,0,0,0,1,0,0,0,0,0.216,0,0,0,0,0,0.0,0,0,0.0,0
invictus_enriched.csv:2834,0,0,0.8,2,1,1.0,0,0.5716666666666667,1.0,1.2246467991473532e-16,-1.0,0,0,0.1,249,0,0,0,0,0,0,1,0,0,0,0,0.1,0,0,0,0,0,0.0,0,0,0.0,0
invictus_enriched.csv:2835,0,0,0.8,2,1,0.9997222222222222,0,0.5719444444444445,1.0,1.2246467991473532e-16,-1.0,0,0,0.1,249,0,0,0,0,0,0,1,0,0,0,0,0.21466666666666667,0,0,0,0,0,0.0,0,0,0.0,0
invictus_enriched.csv:2836,0,0,0.8,2,1,1.0,0,0.5719444444444445,1.0,1.2246467991473532e-16,-1.0,0,0,0.1,249,0,0,0,0,0,0,1,0,0,0,0,0.21466666666666667,0,0,0,0,0,0.0,0,0,0.0,0
invictus_enriched.csv:2837,0,0,0.8,2,1,0.9994444444444445,0,0.5725,1.0,1.2246467991473532e-16,-1.0,0,0,0.1,188,0,0,0,0,0,0,1,0,0,0,0,0.124,0,0,0,0,0,0.0,0,0,0.0,0
invictus_enriched.csv:2838,0,0,0.8,2,1,0.9958333333333333,0,0.5766666666666667,1.0,1.2246467991473532e-16,-1.0,0,0,0.1,188,0,0,0,0,0,0,1,0,0,0,0,0.124,0,0,0,0,0,0.0,0,0,0.0,0
invictus_enriched.csv:2839,0,1,0.8,2,1,1.0,0,0.5766666666666667,1.0,1.2246467991473532e-16,-1.0,0,0,0.1,188,0,0,0,0,0,0,1,0,0,0,0,0.08533333333333333,0,0,0,0,0,0.0,0,0,0.0,0
invictus_enriched.csv:2840,0,0,0.8,2,1,0.9986111111111111,0,0.5780555555555555,1.0,1.2246467991473532e-16,-1.0,0,0,0.1,175,0,0,0,0,0,0,1,0,0,0,0,0.029333333333333333,0,0,0,0,0,0.0,0,0,0.0,0
invictus_enriched.csv:2841,0,0,0.8,2,1,0.9991666666666666,0,0.5788888888888889,1.0,1.2246467991473532e-16,-1.0,0,0,0.1,108,7,0,0,0,0,0,1,0,0,0,0,0.06666666666666667,0,0,0,0,0,0.0,0,0,0.0,0
invictus_enriched.csv:2842,0,0,0.8,2,1,1.0,1,0.5788888888888889,1.0,1.2246467991473532e-16,-1.0,0,0,0.2,6,4,0,0,0,0,0,1,0,0,0,0,0.052,0,0,0,0,0,0.0,0,0,0.0,0
invictus_enriched.csv:2843,0,0,0.8,2,1,0.9997222222222222,1,0.5791666666666667,1.0,1.2246467991473532e-16,-1.0,0,0,0.1,259,7,0,0,0,0,0,0,0,0,0,0,0.128,0,0,0,0,0,0.0,0,0,0.0,0
invictus_enriched.csv:2844,0,0,0.8,2,1,1.0,0,0.5791666666666667,1.0,1.2246467991473532e-16,-1.0,0,0,0.1,259,7,0,0,0,0,0,0,0,0,0,0,0.06133333333333333,0,0,0,0,0,0.0,0,0,0.0,0
invictus_enriched.csv:2845,0,0,0.8,2,1,1.0,1,0.5791666666666667,1.0,1.2246467991473532e-16,-1.0,0,0,0.1,260,0,0,0,0,0,0,1,0,0,0,0,0.064,0,0,0,0,0,0.0,0,0,0.0,0
invictus_enriched.csv:2846,0,0,0.8,2,1,1.0,0,0.5791666666666667,1.0,1.2246467991473532e-16,-1.0,0,0,0.1,108,7,0,0,0,0,0,1,0,0,0,0,0.06666666666666667,0,0,0,0,0,0.0,0,0,0.0,0
invictus_enriched.csv:2847,0,0,0.8,2,1,1.0,0,0.5791666666666667,1.0,1.2246467991473532e-16,-1.0,0,0,0.1,226,0,0,0,0,0,0,1,0,0,0,0,0.0026666666666666666,0,0,0,0,0,0.0,0,0,0.0,0
invictus_enriched.csv:2848,0,0,0.8,2,1,0.9997222222222222,0,0.5794444444444444,1.0,1.2246467991473532e-16,-1.0,0,0,0.1,10,0,0,0,0,0,0,1,0,0,0,0,0.19466666666666665,0,0,0,0,0,0.0,0,0,0.0,0
invictus_enriched.csv:2849,0,0,0.8,2,1,1.0,0,0.5794444444444444,1.0,1.2246467991473532e-16,-1.0,0,0,0.1,10,0,0,0,0,0,0,1,0,0,0,1,0.196,0,0,0,0,0,0.0,0,0,0.0,0
invictus_enriched.csv:2850,0,0,0.8,2,1,1.0,0,0.5794444444444444,1.0,1.2246467991473532e-16,-1.0,0,0,0.1,9,0,0,0,0,0,0,1,0,0,0,0,0.0026666666666666666,0,0,0,0,0,0.0,0,0,0.0,0
invictus_enriched.csv:2851,0,0,0.8,2,1,0.9997222222222222,0,0.5797222222222222,1.0,1.2246467991473532e-16,-1.0,0,0,0.1,108,7,0,0,0,0,0,1,0,0,0,0,0.06666666666666667,0,0,0,0,0,0.0,0,0,0.0,0
invictus_enriched.csv:2852,0,0,0.8,2,1,0.9936111111111111,0,0.5861111111111111,1.0,1.2246467991473532e-16,-1.0,0,0,0.2,6,4,0,0,0,0,0,1,0,0,0,0,0.037333333333333336,0,0,0,0,0,0.0,0,0,0.0,0
invictus_enriched.csv:2853,0,0,0.8,2,1,0.9997222222222222,1,0.5863888888888888,1.0,1.2246467991473532e-16,-1.0,0,0,0.1,8,4,0,0,0,0,0,1,0,0,0,1,0.128,0,0,0,0,0,0.0,0,0,0.0,0
invictus_enriched.csv:2854,0,0,0.8,2,1,1.0,1,0.5863888888888888,1.0,1.2246467991473532e-16,-1.0,0,0,0.1,7,4,0,0,0,0,0,1,0,0,0,0,0.07866666666666666,0,0,0,0,0,0.0,0,0,0.0,0
invictus_enriched.csv:2855,0,0,0.8,2,1,0.9997222222222222,0,0.5866666666666667,1.0,1.2246467991473532e-16,-1.0,0,0,0.1,8,4,0,0,0,0,0,1,0,0,0,1,0.128,0,0,0,0,0,0.0,0,0,0.0,0
invictus_enriched.csv:2856,0,0,0.8,2,1,1.0,0,0.5866666666666667,1.0,1.2246467991473532e-16,-1.0,0,0,0.1,7,4,0,0,0,0,0,1,0,0,0,1,0.07866666666666666,0,0,0,0,0,0.0,0,0,0.0,0
invictus_enriched.csv:2857,0,0,0.8,2,1,0.9997222222222222,0,0.5869444444444445,1.0,1.2246467991473532e-16,-1.0,0,0,0.1,10,0,0,0,0,0,0,1,0,0,0,1,0.196,0,0,0,0,0,0.0,0,0,0.0,0
invictus_enriched.csv:2858,0,0,0.8,2,1,1.0,0,0.5869444444444445,1.0,1.2246467991473532e-16,-1.0,0,0,0.1,9,0,0,0,0,0,0,1,0,0,0,0,0.0026666666666666666,0,0,0,0,0,0.0,0,0,0.0,0
invictus_enriched.csv:2859,0,0,0.8,2,1,1.0,0,0.5869444444444445,1.0,1.2246467991473532e-16,-1.0,0,0,0.1,10,0,0,0,0,0,0,1,0,0,0,0,0.19466666666666665,0,0,0,0,0,0.0,0,0,0.0,0
invictus_enriched.csv:2860,0,0,0.8,2,1,0.9994444444444445,1,0.5875,1.0,1.2246467991473532e-16,-1.0,0,0,0.1,12,4,0,0,0,0,0,1,0,0,0,0,0.16133333333333333,0,0,0,0,0,0.0,0,0,0.0,0
invictus_enriched.csv:2861,0,0,0.8,2,1,1.0,0,0.5875,1.0,1.2246467991473532e-16,-1.0,0,0,0.1,12,4,0,0,0,0,0,1,0,0,0,0,0.16133333333333333,0,0,0,0,0,0.0,0,0,0.0,0
invictus_enriched.csv:2862,0,0,0.8,2,1,1.0,1,0.5875,1.0,1.2246467991473532e-16,-1.0,0,0,0.1,13,4,0,0,0,0,0,1,0,0,0,0,0.24533333333333332,0,0,0,0,0,0.0,0,0,0.0,0
invictus_enriched.csv:2863,0,0,0.8,2,1,1.0,1,0.5875,1.0,1.2246467991473532e-16,-1.0,0,0,0.1,11,4,0,0,1,0,0,1,0,0,0,0,0.18,0,0,0,0,0,0.0,0,0,0.0,0
invictus_enriched.csv:2864,0,0,0.8,2,1,1.0,0,0.5875,1.0,1.2246467991473532e-16,-1.0,0,0,0.1,13,4,0,0,1,0,0,1,0,0,0,0,0.18666666666666668,0,0,0,0,0,0.0,0,0,0.0,0
invictus_enriched.csv:2865,0,0,0.8,2,1,1.0,0,0.5875,1.0,1.2246467991473532e-16,-1.0,0,0,0.1,4,4,0,0,0,0,0,1,0,0,0,0,0.168,0,0,0,0,0,0.0,0,0,0.0,0
invictus_enriched.csv:2866,0,0,0.8,2,1,1.0,0,0.5875,1.0,1.2246467991473532e-16,-1.0,0,0,0.1,4,4,0,0,0,0,0,1,0,0,0,0,0.16,0,0,0,0,0,0.0,0,0,0.0,0
invictus_enriched.csv:2867,0,0,0.8,2,1,1.0,0,0.5875,1.0,1.2246467991473532e-16,-1.0,0,0,0.1,13,4,0,0,0,0,0,1,0,0,0,0,0.23466666666666666,0,0,0,0,0,0.0,0,0,0.0,0
invictus_enriched.csv:2868,0,0,0.8,2,1,1.0,0,0.5875,1.0,1.2246467991473532e-16,-1.0,0,0,0.1,4,4,0,0,0,0,0,1,0,0,0,0,0.22666666666666666,0,0,0,0,0,0.0,0,0,0.0,0
invictus_enriched.csv:2869,0,0,0.8,2,1,1.0,0,0.5875,1.0,1.2246467991473532e-16,-1.0,0,0,0.1,4,4,0,0,0,0,0,1,0,0,0,0,0.216,0,0,0,0,0,0.0,0,0,0.0,0
invictus_enriched.csv:2870,0,0,0.8,2,1,1.0,0,0.5875,1.0,1.2246467991473532e-16,-1.0,0,0,0.1,12,4,0,0,0,0,0,1,0,0,0,0,0.172,0,0,0,0,0,0.0,0,0,0.0,0
invictus_enriched.csv:2871,0,0,0.8,2,1,1.0,1,0.5875,1.0,1.2246467991473532e-16,-1.0,0,0,0.1,14,4,0,0,1,0,0,1,0,0,0,0,0.07866666666666666,0,0,0,0,0,0.0,0,0,0.0,0
invictus_enriched.csv:2872,0,0,0.8,2,1,1.0,0,0.5875,1.0,1.2246467991473532e-16,-1.0,0,0,0.1,12,4,0,0,0,0,0,1,0,0,0,0,0.16133333333333333,0,0,0,0,0,0.0,0,0,0.0,0
invictus_enriched.csv:2873,0,0,0.8,2,1,1.0,0,0.5875,1.0,1.2246467991473532e-16,-1.0,0,0,0.1,11,4,0,0,0,0,0,1,0,0,0,0,0.172,0,0,0,0,0,0.0,0,0,0.0,0
invictus_enriched.csv:2874,0,0,0.8,2,1,1.0,0,0.5875,1.0,1.2246467991473532e-16,-1.0,0,0,0.1,11,4,0,0,0,0,0,1,0,0,0,0,0.228,0,0,0,0,0,0.0,0,0,0.0,0
invictus_enriched.csv:2875,0,0,0.8,2,1,1.0,0,0.5875,1.0,1.2246467991473532e-16,-1.0,0,0,0.1,11,4,0,0,0,0,0,1,0,0,0,0,0.23866666666666667,0,0,0,0,0,0.0,0,0,0.0,0
invictus_enriched.csv:2876,0,0,0.8,2,1,1.0,0,0.5875,1.0,1.2246467991473532e-16,-1.0,0,0,0.1,4,4,0,0,0,0,0,1,0,0,0,0,0.168,0,0,0,0,0,0.0,0,0,0.0,0
invictus_enriched.csv:2877,0,0,0.8,2,1,1.0,0,0.5875,1.0,1.2246467991473532e-16,-1.0,0,0,0.1,12,4,0,0,0,0,0,1,0,0,0,0,0.19066666666666668,0,0,0,0,0,0.0,0,0,0.0,0
invictus_enriched.csv:2878,0,0,0.8,2,1,1.0,0,0.5875,1.0,1.2246467991473532e-16,-1.0,0,0,0.1,4,4,0,0,0,0,0,1,0,0,0,0,0.168,0,0,0,0,0,0.0,0,0,0.0,0
invictus_enriched.csv:2879,0,0,0.8,2,1,1.0,0,0.5875,1.0,1.2246467991473532e-16,-1.0,0,0,0.1,13,4,0,0,1,0,0,1,0,0,0,0,0.18666666666666668,0,0,0,0,0,0.0,0,0,0.0,0
invictus_enriched.csv:2880,0,0,0.8,2,1,1.0,0,0.5875,1.0,1.2246467991473532e-16,-1.0,0,0,0.1,11,4,0,0,1,0,0,1,0,0,0,0,0.18,0,0,0,0,0,0.0,0,0,0.0,0
invictus_enriched.csv:2881,0,0,0.8,2,1,1.0,0,0.5875,1.0,1.2246467991473532e-16,-1.0,0,0,0.1,12,4,0,0,0,0,0,1,0,0,0,0,0.18533333333333332,0,0,0,0,0,0.0,0,0,0.0,0
invictus_enriched.csv:2882,0,0,0.8,2,1,1.0,0,0.5875,1.0,1.2246467991473532e-16,-1.0,0,0,0.1,12,4,0,0,0,0,0,1,0,0,0,0,0.15733333333333333,0,0,0,0,0,0.0,0,0,0.0,0
invictus_enriched.csv:2883,0,0,0.8,2,1,1.0,0,0.5875,1.0,1.2246467991473532e-16,-1.0,0,0,0.1,12,4,0,0,0,0,0,1,0,0,0,0,0.16133333333333333,0,0,0,0,0,0.0,0,0,0.0,0
invictus_enriched.csv:2884,0,0,0.8,2,1,1.0,0,0.5875,1.0,1.2246467991473532e-16,-1.0,0,0,0.1,4,4,0,0,0,0,0,1,0,0,0,0,0.18933333333333333,0,0,0,0,0,0.0,0,0,0.0,0
invictus_enriched.csv:2885,0,0,0.8,2,1,1.0,0,0.5875,1.0,1.2246467991473532e-16,-1.0,0,0,0.1,11,4,0,0,0,0,0,1,0,0,0,0,0.20133333333333334,0,0,0,0,0,0.0,0,0,0.0,0
invictus_enriched.csv:2886,0,0,0.8,2,1,1.0,0,0.5875,1.0,1.2246467991473532e-16,-1.0,0,0,0.1,13,4,0,0,0,0,0,1,0,0,0,0,0.208,0,0,0,0,0,0.0,0,0,0.0,0
invictus_enriched.csv:2887,0,0,0.8,2,1,1.0,0,0.5875,1.0,1.2246467991473532e-16,-1.0,0,0,0.1,13,4,0,0,1,0,0,1,0,0,0,0,0.18666666666666668,0,0,0,0,0,0.0,0,0,0.0,0
invictus_enriched.csv:2888,0,0,0.8,2,1,1.0,0,0.5875,1.0,1.2246467991473532e-16,-1.0,0,0,0.1,4,4,0,0,0,0,0,1,0,0,0,0,0.168,0,0,0,0,0,0.0,0,0,0.0,0
invictus_enriched.csv:2889,0,0,0.8,2,1,1.0,0,0.5875,1.0,1.2246467991473532e-16,-1.0,0,0,0.1,11,4,0,0,1,0,0,1,0,0,0,0,0.18,0,0,0,0,0,0.0,0,0,0.0,0
invictus_enriched.csv:2890,0,0,0.8,2,1,1.0,0,0.5875,1.0,1.2246467991473532e-16,-1.0,0,0,0.1,13,4,0,0,1,0,0,1,0,0,0,0,0.17866666666666667,0,0,0,0,0,0.0,0,0,0.0,0
invictus_enriched.csv:2891,0,0,0.8,2,1,1.0,0,0.5875,1.0,1.2246467991473532e-16,-1.0,0,0,0.1,11,4,0,0,1,0,0,1,0,0,0,0,0.18,0,0,0,0,0,0.0,0,0,0.0,0
invictus_enriched.csv:2892,0,0,0.8,2,1,1.0,0,0.5875,1.0,1.2246467991473532e-16,-1.0,0,0,0.1,13,4,0,0,1,0,0,1,0,0,0,0,0.18666666666666668,0,0,0,0,0,0.0,0,0,0.0,0
invictus_enriched.csv:2893,0,1,0.1,6,0,0.9405555555555556,0,0.6105555555555555,0.20746132848043675,1.2246467991473532e-16,-1.0,0,0,0.6,30,2,0,0,0,0,0,0,0,0,0,1,1.0,0,0,0,0,0,0.0,0,0,0.0,0
invictus_enriched.csv:2894,0,1,0.1,6,0,1.0,0,0.6105555555555555,0.21019108280254778,1.2246467991473532e-16,-1.0,0,0,0.6,30,2,0,0,0,0,0,0,0,0,0,1,1.0,0,0,0,0,0,0.0,0,0,0.0,0
invictus_enriched.csv:2895,1,0,0.5,3,0,0.7372222222222222,1,0.26722222222222225,0.024948024948024946,1.2246467991473532e-16,-1.0,0,0,0.1,150,3,1,0,0,0,0,0,0,0,0,1,0.06266666666666666,0,0,0,0,0,0.0,0,0,0.0,0
invictus_enriched.csv:2896,0,0,0.8,2,1,0.9163888888888889,0,0.8419444444444445,0.20389310458594526,1.2246467991473532e-16,-1.0,0,0,0.1,10,0,0,0,0,0,0,1,0,0,0,0,0.19466666666666665,0,0,0,0,0,0.0,0,0,0.0,0
invictus_enriched.csv:2897,0,0,0.8,2,1,1.0,0,0.8419444444444445,0.20587264929066315,1.2246467991473532e-16,-1.0,0,0,0.1,10,0,0,0,0,0,0,1,0,0,0,1,0.196,0,0,0,0,0,0.0,0,0,0.0,0
invictus_enriched.csv:2898,0,0,0.8,2,1,0.9172222222222222,0,0.6702777777777778,1.0,1.2246467991473532e-16,-1.0,0,0,0.1,10,0,0,0,0,0,0,1,0,0,0,1,0.196,0,0,0,0,0,0.0,0,0,0.0,0
invictus_enriched.csv:2899,0,0,0.8,2,1,0.9163888888888889,0,0.9255555555555556,0.18907563025210086,1.2246467991473532e-16,-1.0,0,0,0.1,10,0,0,0,0,0,0,1,0,0,0,1,0.196,0,0,0,0,0,0.0,0,0,0.0,0
