log_id,campaign_id,chain_name,attack_tactic,attack_technique_id,event_uid,parent_event_id,root_event_id,before_permissions,after_permissions,stage_index,hop_id,label
synthetic_cloudtrail.csv:0,,,,,,,,,,-1,-1,0
synthetic_cloudtrail.csv:1,,,,,,,,,,-1,-1,0
synthetic_cloudtrail.csv:2,,,,,,,,,,-1,-1,0
synthetic_cloudtrail.csv:3,,,,,,,,,,-1,-1,0
synthetic_cloudtrail.csv:4,,,,,,,,,,-1,-1,0
synthetic_cloudtrail.csv:5,,,,,,,,,,-1,-1,0
synthetic_cloudtrail.csv:6,,,,,,,,,,-1,-1,0
synthetic_cloudtrail.csv:7,,,,,,,,,,-1,-1,0
synthetic_cloudtrail.csv:8,,,,,,,,,,-1,-1,0
synthetic_cloudtrail.csv:9,,,,,,,,,,-1,-1,0
synthetic_cloudtrail.csv:10,,,,,,,,,,-1,-1,0
synthetic_cloudtrail.csv:11,,,,,,,,,,-1,-1,0
synthetic_cloudtrail.csv:12,,,,,,,,,,-1,-1,0
synthetic_cloudtrail.csv:13,,,,,,,,,,-1,-1,0
synthetic_cloudtrail.csv:14,,,,,,,,,,-1,-1,0
synthetic_cloudtrail.csv:15,,,,,,,,,,-1,-1,0
synthetic_cloudtrail.csv:16,,,,,,,,,,-1,-1,0
synthetic_cloudtrail.csv:17,,,,,,,,,,-1,-1,0
synthetic_cloudtrail.csv:18,,,,,,,,,,-1,-1,0
synthetic_cloudtrail.csv:19,,,,,,,,,,-1,-1,0
synthetic_cloudtrail.csv:20,,,,,,,,,,-1,-1,0
synthetic_cloudtrail.csv:21,,,,,,,,,,-1,-1,0
synthetic_cloudtrail.csv:22,,,,,,,,,,-1,-1,0
synthetic_cloudtrail.csv:23,,,,,,,,,,-1,-1,0
synthetic_cloudtrail.csv:24,,,,,,,,,,-1,-1,0
synthetic_cloudtrail.csv:25,,,,,,,,,,-1,-1,0
synthetic_cloudtrail.csv:26,,,,,,,,,,-1,-1,0
synthetic_cloudtrail.csv:27,,,,,,,,,,-1,-1,0
synthetic_cloudtrail.csv:28,,,,,,,,,,-1,-1,0
synthetic_cloudtrail.csv:29,,,,,,,,,,-1,-1,0
synthetic_cloudtrail.csv:30,,,,,,,,,,-1,-1,0
synthetic_cloudtrail.csv:31,,,,,,,,,,-1,-1,0
synthetic_cloudtrail.csv:32,,,,,,,,,,-1,-1,0
synthetic_cloudtrail.csv:33,,,,,,,,,,-1,-1,0
synthetic_cloudtrail.csv:34,,,,,,,,,,-1,-1,0
synthetic_cloudtrail.csv:35,,,,,,,,,,-1,-1,0
synthetic_cloudtrail.csv:36,,,,,,,,,,-1,-1,0
synthetic_cloudtrail.csv:37,,,,,,,,,,-1,-1,0
synthetic_cloudtrail.csv:38,,,,,,,,,,-1,-1,0
synthetic_cloudtrail.csv:39,,,,,,,,,,-1,-1,0
synthetic_cloudtrail.csv:40,,,,,,,,,,-1,-1,0
synthetic_cloudtrail.csv:41,,,,,,,,,,-1,-1,0
synthetic_cloudtrail.csv:42,,,,,,,,,,-1,-1,0
synthetic_cloudtrail.csv:43,,,,,,,,,,-1,-1,0
synthetic_cloudtrail.csv:44,,,,,,,,,,-1,-1,0
synthetic_cloudtrail.csv:45,camp-afinadynhlxk,secrets_manager_sweep,reconnaissance,secrets_manager_sweep,,,,,,-1,-1,0
synthetic_cloudtrail.csv:46,camp-bqwyufrmtmzk,secrets_manager_sweep,reconnaissance,secrets_manager_sweep,,,,,,-1,-1,0
synthetic_cloudtrail.csv:47,camp-bqwyufrmtmzk,secrets_manager_sweep,reconnaissance,secrets_manager_sweep,,,,,,-1,-1,0
synthetic_cloudtrail.csv:48,camp-bqwyufrmtmzk,secrets_manager_sweep,reconnaissance,secrets_manager_sweep,,,,,,-1,-1,0
synthetic_cloudtrail.csv:49,camp-bqwyufrmtmzk,secrets_manager_sweep,reconnaissance,secrets_manager_sweep,,,,,,-1,-1,0
synthetic_cloudtrail.csv:50,camp-afinadynhlxk,secrets_manager_sweep,reconnaissance,secrets_manager_sweep,,,,,,-1,-1,0
synthetic_cloudtrail.csv:51,camp-bqwyufrmtmzk,secrets_manager_sweep,reconnaissance,secrets_manager_sweep,,,,,,-1,-1,0
synthetic_cloudtrail.csv:52,camp-bqwyufrmtmzk,secrets_manager_sweep,credential-access,secrets_manager_sweep,evt-akifxleahlpw,,evt-akifxleahlpw,,,0,0,1
synthetic_cloudtrail.csv:53,camp-bqwyufrmtmzk,secrets_manager_sweep,credential-access,secrets_manager_sweep,evt-nmebeztwbjzx,evt-akifxleahlpw,evt-akifxleahlpw,,,1,0,1
synthetic_cloudtrail.csv:54,camp-bqwyufrmtmzk,secrets_manager_sweep,credential-access,secrets_manager_sweep,evt-qmpphutbkbnm,evt-nmebeztwbjzx,evt-akifxleahlpw,,,2,0,1
synthetic_cloudtrail.csv:55,camp-afinadynhlxk,secrets_manager_sweep,reconnaissance,secrets_manager_sweep,,,,,,-1,-1,0
synthetic_cloudtrail.csv:56,camp-afinadynhlxk,secrets_manager_sweep,credential-access,secrets_manager_sweep,evt-qlwrankndxxr,evt-keabuealujoj,evt-cdoqgglhlfcj,,,2,0,1
synthetic_cloudtrail.csv:57,camp-afinadynhlxk,secrets_manager_sweep,credential-access,secrets_manager_sweep,evt-keabuealujoj,evt-cdoqgglhlfcj,evt-cdoqgglhlfcj,,,1,0,1
synthetic_cloudtrail.csv:58,camp-afinadynhlxk,secrets_manager_sweep,reconnaissance,secrets_manager_sweep,,,,,,-1,-1,0
synthetic_cloudtrail.csv:59,camp-afinadynhlxk,secrets_manager_sweep,credential-access,secrets_manager_sweep,evt-cdoqgglhlfcj,,evt-cdoqgglhlfcj,,,0,0,1
synthetic_cloudtrail.csv:60,camp-bqwyufrmtmzk,secrets_manager_sweep,,secrets_manager_sweep,,,,,,-1,-1,0
synthetic_cloudtrail.csv:61,camp-bqwyufrmtmzk,secrets_manager_sweep,,secrets_manager_sweep,,,,,,-1,-1,0
synthetic_cloudtrail.csv:62,camp-bqwyufrmtmzk,secrets_manager_sweep,,secrets_manager_sweep,,,,,,-1,-1,0
synthetic_cloudtrail.csv:63,camp-afinadynhlxk,secrets_manager_sweep,,secrets_manager_sweep,,,,,,-1,-1,0
synthetic_cloudtrail.csv:64,camp-bqwyufrmtmzk,secrets_manager_sweep,,secrets_manager_sweep,,,,,,-1,-1,0
synthetic_cloudtrail.csv:65,camp-afinadynhlxk,secrets_manager_sweep,,secrets_manager_sweep,,,,,,-1,-1,0
synthetic_cloudtrail.csv:66,camp-bqwyufrmtmzk,secrets_manager_sweep,,secrets_manager_sweep,,,,,,-1,-1,0
synthetic_cloudtrail.csv:67,camp-afinadynhlxk,secrets_manager_sweep,,secrets_manager_sweep,,,,,,-1,-1,0
synthetic_cloudtrail.csv:68,camp-afinadynhlxk,secrets_manager_sweep,,secrets_manager_sweep,,,,,,-1,-1,0
synthetic_cloudtrail.csv:69,,,,,,,,,,-1,-1,0
synthetic_cloudtrail.csv:70,,,,,,,,,,-1,-1,0
synthetic_cloudtrail.csv:71,,,,,,,,,,-1,-1,0
synthetic_cloudtrail.csv:72,,,,,,,,,,-1,-1,0
synthetic_cloudtrail.csv:73,,,,,,,,,,-1,-1,0
synthetic_cloudtrail.csv:74,,,,,,,,,,-1,-1,0
synthetic_cloudtrail.csv:75,,,,,,,,,,-1,-1,0
synthetic_cloudtrail.csv:76,,,,,,,,,,-1,-1,0
synthetic_cloudtrail.csv:77,,,,,,,,,,-1,-1,0
synthetic_cloudtrail.csv:78,,,,,,,,,,-1,-1,0
synthetic_cloudtrail.csv:79,,,,,,,,,,-1,-1,0
synthetic_cloudtrail.csv:80,,,,,,,,,,-1,-1,0
synthetic_cloudtrail.csv:81,,,,,,,,,,-1,-1,0
synthetic_cloudtrail.csv:82,,,,,,,,,,-1,-1,0
synthetic_cloudtrail.csv:83,,,,,,,,,,-1,-1,0
synthetic_cloudtrail.csv:84,,,,,,,,,,-1,-1,0
synthetic_cloudtrail.csv:85,,,,,,,,,,-1,-1,0
synthetic_cloudtrail.csv:86,,,,,,,,,,-1,-1,0
synthetic_cloudtrail.csv:87,,,,,,,,,,-1,-1,0
synthetic_cloudtrail.csv:88,,,,,,,,,,-1,-1,0
synthetic_cloudtrail.csv:89,,,,,,,,,,-1,-1,0
synthetic_cloudtrail.csv:90,,,,,,,,,,-1,-1,0
synthetic_cloudtrail.csv:91,,,,,,,,,,-1,-1,0
synthetic_cloudtrail.csv:92,,,,,,,,,,-1,-1,0
synthetic_cloudtrail.csv:93,,,,,,,,,,-1,-1,0
synthetic_cloudtrail.csv:94,,,,,,,,,,-1,-1,0
synthetic_cloudtrail.csv:95,,,,,,,,,,-1,-1,0
synthetic_cloudtrail.csv:96,camp-qxbriyfcpgyy,ec2_credential_extraction,reconnaissance,ec2_credential_extraction,,,,,,-1,-1,0
synthetic_cloudtrail.csv:97,camp-qxbriyfcpgyy,ec2_credential_extraction,reconnaissance,ec2_credential_extraction,,,,,,-1,-1,0
synthetic_cloudtrail.csv:98,camp-qxbriyfcpgyy,ec2_credential_extraction,reconnaissance,ec2_credential_extraction,,,,,,-1,-1,0
synthetic_cloudtrail.csv:99,camp-qxbriyfcpgyy,ec2_credential_extraction,reconnaissance,ec2_credential_extraction,,,,,,-1,-1,0
synthetic_cloudtrail.csv:100,camp-qxbriyfcpgyy,ec2_credential_extraction,reconnaissance,ec2_credential_extraction,,,,,,-1,-1,0
synthetic_cloudtrail.csv:101,camp-qxbriyfcpgyy,ec2_credential_extraction,reconnaissance,ec2_credential_extraction,,,,,,-1,-1,0
synthetic_cloudtrail.csv:102,camp-qxbriyfcpgyy,ec2_credential_extraction,credential-access,ec2_credential_extraction,evt-hsjlehdyeizy,,evt-hsjlehdyeizy,,,0,0,1
synthetic_cloudtrail.csv:103,camp-qxbriyfcpgyy,ec2_credential_extraction,credential-access,ec2_credential_extraction,evt-pxtbaufppbvr,evt-hsjlehdyeizy,evt-hsjlehdyeizy,,,1,0,1
synthetic_cloudtrail.csv:104,camp-qxbriyfcpgyy,ec2_credential_extraction,,ec2_credential_extraction,,,,,,-1,-1,0
synthetic_cloudtrail.csv:105,camp-qxbriyfcpgyy,ec2_credential_extraction,,ec2_credential_extraction,,,,,,-1,-1,0
synthetic_cloudtrail.csv:106,camp-qxbriyfcpgyy,ec2_credential_extraction,,ec2_credential_extraction,,,,,,-1,-1,0
synthetic_cloudtrail.csv:107,camp-qxbriyfcpgyy,ec2_credential_extraction,,ec2_credential_extraction,,,,,,-1,-1,0
synthetic_cloudtrail.csv:108,camp-qxbriyfcpgyy,ec2_credential_extraction,,ec2_credential_extraction,,,,,,-1,-1,0
synthetic_cloudtrail.csv:109,,,,,,,,,,-1,-1,0
synthetic_cloudtrail.csv:110,,,,,,,,,,-1,-1,0
synthetic_cloudtrail.csv:111,,,,,,,,,,-1,-1,0
synthetic_cloudtrail.csv:112,,,,,,,,,,-1,-1,0
synthetic_cloudtrail.csv:113,,,,,,,,,,-1,-1,0
synthetic_cloudtrail.csv:114,,,,,,,,,,-1,-1,0
synthetic_cloudtrail.csv:115,,,,,,,,,,-1,-1,0
synthetic_cloudtrail.csv:116,,,,,,,,,,-1,-1,0
synthetic_cloudtrail.csv:117,,,,,,,,,,-1,-1,0
synthetic_cloudtrail.csv:118,,,,,,,,,,-1,-1,0
synthetic_cloudtrail.csv:119,,,,,,,,,,-1,-1,0
synthetic_cloudtrail.csv:120,,,,,,,,,,-1,-1,0
synthetic_cloudtrail.csv:121,,,,,,,,,,-1,-1,0
synthetic_cloudtrail.csv:122,,,,,,,,,,-1,-1,0
synthetic_cloudtrail.csv:123,,,,,,,,,,-1,-1,0
synthetic_cloudtrail.csv:124,,,,,,,,,,-1,-1,0
synthetic_cloudtrail.csv:125,,,,,,,,,,-1,-1,0
synthetic_cloudtrail.csv:126,,,,,,,,,,-1,-1,0
synthetic_cloudtrail.csv:127,,,,,,,,,,-1,-1,0
synthetic_cloudtrail.csv:128,,,,,,,,,,-1,-1,0
synthetic_cloudtrail.csv:129,,,,,,,,,,-1,-1,0
synthetic_cloudtrail.csv:130,,,,,,,,,,-1,-1,0
synthetic_cloudtrail.csv:131,,,,,,,,,,-1,-1,0
synthetic_cloudtrail.csv:132,camp-dlzrtssqwubi,create_role_attach_managed_policy,reconnaissance,create_role_attach_managed_policy,,,,,,-1,-1,0
synthetic_cloudtrail.csv:133,camp-dlzrtssqwubi,create_role_attach_managed_policy,reconnaissance,create_role_attach_managed_policy,,,,,,-1,-1,0
synthetic_cloudtrail.csv:134,camp-dlzrtssqwubi,create_role_attach_managed_policy,reconnaissance,create_role_attach_managed_policy,,,,,,-1,-1,0
synthetic_cloudtrail.csv:135,camp-dlzrtssqwubi,create_role_attach_managed_policy,persistence,create_role_attach_managed_policy,evt-gvrwgrvutiej,,evt-gvrwgrvutiej,,,0,0,1
synthetic_cloudtrail.csv:136,camp-dlzrtssqwubi,create_role_attach_managed_policy,privilege-escalation,create_role_attach_managed_policy,evt-bdocivmbvtfq,evt-gvrwgrvutiej,evt-gvrwgrvutiej,s3:GetObject;s3:ListBucket,*,1,0,1
synthetic_cloudtrail.csv:137,camp-dlzrtssqwubi,create_role_attach_managed_policy,,create_role_attach_managed_policy,,,,,,-1,-1,0
synthetic_cloudtrail.csv:138,camp-dlzrtssqwubi,create_role_attach_managed_policy,,create_role_attach_managed_policy,,,,,,-1,-1,0
synthetic_cloudtrail.csv:139,camp-dlzrtssqwubi,create_role_attach_managed_policy,,create_role_attach_managed_policy,,,,,,-1,-1,0
synthetic_cloudtrail.csv:140,,,,,,,,,,-1,-1,0
synthetic_cloudtrail.csv:141,,,,,,,,,,-1,-1,0
synthetic_cloudtrail.csv:142,,,,,,,,,,-1,-1,0
synthetic_cloudtrail.csv:143,,,,,,,,,,-1,-1,0
synthetic_cloudtrail.csv:144,,,,,,,,,,-1,-1,0
synthetic_cloudtrail.csv:145,,,,,,,,,,-1,-1,0
synthetic_cloudtrail.csv:146,,,,,,,,,,-1,-1,0
synthetic_cloudtrail.csv:147,,,,,,,,,,-1,-1,0
synthetic_cloudtrail.csv:148,,,,,,,,,,-1,-1,0
synthetic_cloudtrail.csv:149,,,,,,,,,,-1,-1,0
synthetic_cloudtrail.csv:150,,,,,,,,,,-1,-1,0
synthetic_cloudtrail.csv:151,,,,,,,,,,-1,-1,0
synthetic_cloudtrail.csv:152,,,,,,,,,,-1,-1,0
synthetic_cloudtrail.csv:153,,,,,,,,,,-1,-1,0
synthetic_cloudtrail.csv:154,,,,,,,,,,-1,-1,0
synthetic_cloudtrail.csv:155,,,,,,,,,,-1,-1,0
synthetic_cloudtrail.csv:156,,,,,,,,,,-1,-1,0
synthetic_cloudtrail.csv:157,,,,,,,,,,-1,-1,0
synthetic_cloudtrail.csv:158,,,,,,,,,,-1,-1,0
synthetic_cloudtrail.csv:159,,,,,,,,,,-1,-1,0
synthetic_cloudtrail.csv:160,,,,,,,,,,-1,-1,0
synthetic_cloudtrail.csv:161,,,,,,,,,,-1,-1,0
synthetic_cloudtrail.csv:162,,,,,,,,,,-1,-1,0
synthetic_cloudtrail.csv:163,,,,,,,,,,-1,-1,0
synthetic_cloudtrail.csv:164,,,,,,,,,,-1,-1,0
synthetic_cloudtrail.csv:165,,,,,,,,,,-1,-1,0
synthetic_cloudtrail.csv:166,,,,,,,,,,-1,-1,0
synthetic_cloudtrail.csv:167,,,,,,,,,,-1,-1,0
synthetic_cloudtrail.csv:168,,,,,,,,,,-1,-1,0
synthetic_cloudtrail.csv:169,,,,,,,,,,-1,-1,0
synthetic_cloudtrail.csv:170,,,,,,,,,,-1,-1,0
synthetic_cloudtrail.csv:171,,,,,,,,,,-1,-1,0
synthetic_cloudtrail.csv:172,,,,,,,,,,-1,-1,0
synthetic_cloudtrail.csv:173,,,,,,,,,,-1,-1,0
synthetic_cloudtrail.csv:174,,,,,,,,,,-1,-1,0
synthetic_cloudtrail.csv:175,,,,,,,,,,-1,-1,0
synthetic_cloudtrail.csv:176,,,,,,,,,,-1,-1,0
synthetic_cloudtrail.csv:177,,,,,,,,,,-1,-1,0
synthetic_cloudtrail.csv:178,,,,,,,,,,-1,-1,0
synthetic_cloudtrail.csv:179,,,,,,,,,,-1,-1,0
synthetic_cloudtrail.csv:180,,,,,,,,,,-1,-1,0
synthetic_cloudtrail.csv:181,,,,,,,,,,-1,-1,0
synthetic_cloudtrail.csv:182,,,,,,,,,,-1,-1,0
synthetic_cloudtrail.csv:183,,,,,,,,,,-1,-1,0
synthetic_cloudtrail.csv:184,,,,,,,,,,-1,-1,0
synthetic_cloudtrail.csv:185,,,,,,,,,,-1,-1,0
synthetic_cloudtrail.csv:186,,,,,,,,,,-1,-1,0
synthetic_cloudtrail.csv:187,,,,,,,,,,-1,-1,0
synthetic_cloudtrail.csv:188,,,,,,,,,,-1,-1,0
synthetic_cloudtrail.csv:189,,,,,,,,,,-1,-1,0
synthetic_cloudtrail.csv:190,,,,,,,,,,-1,-1,0
synthetic_cloudtrail.csv:191,,,,,,,,,,-1,-1,0
synthetic_cloudtrail.csv:192,,,,,,,,,,-1,-1,0
synthetic_cloudtrail.csv:193,,,,,,,,,,-1,-1,0
synthetic_cloudtrail.csv:194,,,,,,,,,,-1,-1,0
synthetic_cloudtrail.csv:195,,,,,,,,,,-1,-1,0
synthetic_cloudtrail.csv:196,,,,,,,,,,-1,-1,0
synthetic_cloudtrail.csv:197,camp-ggxutcawyvpt,ec2_credential_extraction,reconnaissance,ec2_credential_extraction,,,,,,-1,-1,0
synthetic_cloudtrail.csv:198,camp-ggxutcawyvpt,ec2_credential_extraction,reconnaissance,ec2_credential_extraction,,,,,,-1,-1,0
synthetic_cloudtrail.csv:199,camp-ggxutcawyvpt,ec2_credential_extraction,reconnaissance,ec2_credential_extraction,,,,,,-1,-1,0
synthetic_cloudtrail.csv:200,camp-ggxutcawyvpt,ec2_credential_extraction,reconnaissance,ec2_credential_extraction,,,,,,-1,-1,0
synthetic_cloudtrail.csv:201,camp-ggxutcawyvpt,ec2_credential_extraction,credential-access,ec2_credential_extraction,evt-wiwhdugooicf,,evt-wiwhdugooicf,,,0,0,1
synthetic_cloudtrail.csv:202,camp-ggxutcawyvpt,ec2_credential_extraction,credential-access,ec2_credential_extraction,evt-nwsshbeekwst,evt-wiwhdugooicf,evt-wiwhdugooicf,,,1,0,1
synthetic_cloudtrail.csv:203,camp-ggxutcawyvpt,ec2_credential_extraction,,ec2_credential_extraction,,,,,,-1,-1,0
synthetic_cloudtrail.csv:204,camp-ggxutcawyvpt,ec2_credential_extraction,,ec2_credential_extraction,,,,,,-1,-1,0
synthetic_cloudtrail.csv:205,camp-ggxutcawyvpt,ec2_credential_extraction,,ec2_credential_extraction,,,,,,-1,-1,0
synthetic_cloudtrail.csv:206,camp-ggxutcawyvpt,ec2_credential_extraction,,ec2_credential_extraction,,,,,,-1,-1,0
synthetic_cloudtrail.csv:207,camp-pdupghjfglkn,update_assume_role_policy,reconnaissance,update_assume_role_policy,,,,,,-1,-1,0
synthetic_cloudtrail.csv:208,camp-pdupghjfglkn,update_assume_role_policy,reconnaissance,update_assume_role_policy,,,,,,-1,-1,0
synthetic_cloudtrail.csv:209,camp-pdupghjfglkn,update_assume_role_policy,reconnaissance,update_assume_role_policy,,,,,,-1,-1,0
synthetic_cloudtrail.csv:210,camp-pdupghjfglkn,update_assume_role_policy,reconnaissance,update_assume_role_policy,,,,,,-1,-1,0
synthetic_cloudtrail.csv:211,camp-pdupghjfglkn,update_assume_role_policy,reconnaissance,update_assume_role_policy,,,,,,-1,-1,0
synthetic_cloudtrail.csv:212,camp-pdupghjfglkn,update_assume_role_policy,reconnaissance,update_assume_role_policy,,,,,,-1,-1,0
synthetic_cloudtrail.csv:213,camp-pdupghjfglkn,update_assume_role_policy,persistence,update_assume_role_policy,evt-vvblryabygfb,,evt-vvblryabygfb,,sts:AssumeRole/*,0,0,1
synthetic_cloudtrail.csv:214,camp-pdupghjfglkn,update_assume_role_policy,privilege-escalation,update_assume_role_policy,evt-hnrhvdpaqemz,evt-vvblryabygfb,evt-vvblryabygfb,,,1,0,1
synthetic_cloudtrail.csv:215,camp-pdupghjfglkn,update_assume_role_policy,credential-access,update_assume_role_policy,evt-hwtozkppbzbx,evt-hnrhvdpaqemz,evt-vvblryabygfb,,,2,1,1
synthetic_cloudtrail.csv:216,camp-pdupghjfglkn,update_assume_role_policy,,update_assume_role_policy,,,,,,-1,-1,0
synthetic_cloudtrail.csv:217,camp-pdupghjfglkn,update_assume_role_policy,,update_assume_role_policy,,,,,,-1,-1,0
synthetic_cloudtrail.csv:218,camp-pdupghjfglkn,update_assume_role_policy,,update_assume_role_policy,,,,,,-1,-1,0
synthetic_cloudtrail.csv:219,camp-zapqqdqpajil,assume_then_attach_admin,reconnaissance,assume_then_attach_admin,,,,,,-1,-1,0
synthetic_cloudtrail.csv:220,camp-zapqqdqpajil,assume_then_attach_admin,reconnaissance,assume_then_attach_admin,,,,,,-1,-1,0
synthetic_cloudtrail.csv:221,camp-zapqqdqpajil,assume_then_attach_admin,reconnaissance,assume_then_attach_admin,,,,,,-1,-1,0
synthetic_cloudtrail.csv:222,camp-zapqqdqpajil,assume_then_attach_admin,reconnaissance,assume_then_attach_admin,,,,,,-1,-1,0
synthetic_cloudtrail.csv:223,camp-zapqqdqpajil,assume_then_attach_admin,reconnaissance,assume_then_attach_admin,,,,,,-1,-1,0
synthetic_cloudtrail.csv:224,camp-zapqqdqpajil,assume_then_attach_admin,privilege-escalation,assume_then_attach_admin,evt-atfgyhplvvhc,,evt-atfgyhplvvhc,,,0,0,1
synthetic_cloudtrail.csv:225,camp-zapqqdqpajil,assume_then_attach_admin,privilege-escalation,assume_then_attach_admin,evt-lekkqiezonvy,evt-atfgyhplvvhc,evt-atfgyhplvvhc,s3:GetObject;s3:ListBucket,*,1,1,1
synthetic_cloudtrail.csv:226,camp-zapqqdqpajil,assume_then_attach_admin,privilege-escalation,assume_then_attach_admin,evt-kjshrpsffbzh,evt-lekkqiezonvy,evt-atfgyhplvvhc,s3:GetObject;s3:ListBucket,*,2,1,1
synthetic_cloudtrail.csv:227,camp-zapqqdqpajil,assume_then_attach_admin,,assume_then_attach_admin,,,,,,-1,-1,0
synthetic_cloudtrail.csv:228,camp-zapqqdqpajil,assume_then_attach_admin,,assume_then_attach_admin,,,,,,-1,-1,0
synthetic_cloudtrail.csv:229,camp-zapqqdqpajil,assume_then_attach_admin,,assume_then_attach_admin,,,,,,-1,-1,0
synthetic_cloudtrail.csv:230,camp-zapqqdqpajil,assume_then_attach_admin,,assume_then_attach_admin,,,,,,-1,-1,0
synthetic_cloudtrail.csv:231,,,,,,,,,,-1,-1,0
synthetic_cloudtrail.csv:232,,,,,,,,,,-1,-1,0
synthetic_cloudtrail.csv:233,,,,,,,,,,-1,-1,0
synthetic_cloudtrail.csv:234,,,,,,,,,,-1,-1,0
synthetic_cloudtrail.csv:235,,,,,,,,,,-1,-1,0
synthetic_cloudtrail.csv:236,,,,,,,,,,-1,-1,0
synthetic_cloudtrail.csv:237,,,,,,,,,,-1,-1,0
synthetic_cloudtrail.csv:238,,,,,,,,,,-1,-1,0
synthetic_cloudtrail.csv:239,,,,,,,,,,-1,-1,0
synthetic_cloudtrail.csv:240,,,,,,,,,,-1,-1,0
synthetic_cloudtrail.csv:241,,,,,,,,,,-1,-1,0
synthetic_cloudtrail.csv:242,,,,,,,,,,-1,-1,0
synthetic_cloudtrail.csv:243,,,,,,,,,,-1,-1,0
synthetic_cloudtrail.csv:244,,,,,,,,,,-1,-1,0
synthetic_cloudtrail.csv:245,,,,,,,,,,-1,-1,0
synthetic_cloudtrail.csv:246,,,,,,,,,,-1,-1,0
synthetic_cloudtrail.csv:247,,,,,,,,,,-1,-1,0
synthetic_cloudtrail.csv:248,,,,,,,,,,-1,-1,0
synthetic_cloudtrail.csv:249,,,,,,,,,,-1,-1,0
synthetic_cloudtrail.csv:250,,,,,,,,,,-1,-1,0
synthetic_cloudtrail.csv:251,camp-zwvjqfxfqqdp,ssm_parameter_harvest,reconnaissance,ssm_parameter_harvest,,,,,,-1,-1,0
synthetic_cloudtrail.csv:252,camp-zwvjqfxfqqdp,ssm_parameter_harvest,reconnaissance,ssm_parameter_harvest,,,,,,-1,-1,0
synthetic_cloudtrail.csv:253,camp-zwvjqfxfqqdp,ssm_parameter_harvest,reconnaissance,ssm_parameter_harvest,,,,,,-1,-1,0
synthetic_cloudtrail.csv:254,camp-zwvjqfxfqqdp,ssm_parameter_harvest,reconnaissance,ssm_parameter_harvest,,,,,,-1,-1,0
synthetic_cloudtrail.csv:255,camp-zwvjqfxfqqdp,ssm_parameter_harvest,reconnaissance,ssm_parameter_harvest,,,,,,-1,-1,0
synthetic_cloudtrail.csv:256,camp-zwvjqfxfqqdp,ssm_parameter_harvest,reconnaissance,ssm_parameter_harvest,,,,,,-1,-1,0
synthetic_cloudtrail.csv:257,camp-zwvjqfxfqqdp,ssm_parameter_harvest,reconnaissance,ssm_parameter_harvest,,,,,,-1,-1,0
synthetic_cloudtrail.csv:258,camp-zwvjqfxfqqdp,ssm_parameter_harvest,credential-access,ssm_parameter_harvest,evt-ulmtpbzahfyu,,evt-ulmtpbzahfyu,,,0,0,1
synthetic_cloudtrail.csv:259,camp-zwvjqfxfqqdp,ssm_parameter_harvest,credential-access,ssm_parameter_harvest,evt-zlekycsnivkq,evt-ulmtpbzahfyu,evt-ulmtpbzahfyu,,,1,0,1
synthetic_cloudtrail.csv:260,camp-zwvjqfxfqqdp,ssm_parameter_harvest,credential-access,ssm_parameter_harvest,evt-etygewytjmfx,evt-zlekycsnivkq,evt-ulmtpbzahfyu,,,2,0,1
synthetic_cloudtrail.csv:261,camp-zwvjqfxfqqdp,ssm_parameter_harvest,,ssm_parameter_harvest,,,,,,-1,-1,0
synthetic_cloudtrail.csv:262,camp-zwvjqfxfqqdp,ssm_parameter_harvest,,ssm_parameter_harvest,,,,,,-1,-1,0
synthetic_cloudtrail.csv:263,camp-piailviujfur,update_role_inline_policy,reconnaissance,update_role_inline_policy,,,,,,-1,-1,0
synthetic_cloudtrail.csv:264,camp-piailviujfur,update_role_inline_policy,reconnaissance,update_role_inline_policy,,,,,,-1,-1,0
synthetic_cloudtrail.csv:265,camp-piailviujfur,update_role_inline_policy,reconnaissance,update_role_inline_policy,,,,,,-1,-1,0
synthetic_cloudtrail.csv:266,camp-piailviujfur,update_role_inline_policy,reconnaissance,update_role_inline_policy,,,,,,-1,-1,0
synthetic_cloudtrail.csv:267,camp-piailviujfur,update_role_inline_policy,reconnaissance,update_role_inline_policy,,,,,,-1,-1,0
synthetic_cloudtrail.csv:268,camp-piailviujfur,update_role_inline_policy,reconnaissance,update_role_inline_policy,,,,,,-1,-1,0
synthetic_cloudtrail.csv:269,camp-piailviujfur,update_role_inline_policy,privilege-escalation,update_role_inline_policy,evt-xqucjepzeiem,,evt-xqucjepzeiem,s3:GetObject,iam:*;s3:*;sts:AssumeRole,0,0,1
synthetic_cloudtrail.csv:270,camp-piailviujfur,update_role_inline_policy,,update_role_inline_policy,,,,,,-1,-1,0
synthetic_cloudtrail.csv:271,camp-piailviujfur,update_role_inline_policy,,update_role_inline_policy,,,,,,-1,-1,0
synthetic_cloudtrail.csv:272,camp-piailviujfur,update_role_inline_policy,,update_role_inline_policy,,,,,,-1,-1,0
synthetic_cloudtrail.csv:273,camp-piailviujfur,update_role_inline_policy,,update_role_inline_policy,,,,,,-1,-1,0
synthetic_cloudtrail.csv:274,,,,,,,,,,-1,-1,0
synthetic_cloudtrail.csv:275,,,,,,,,,,-1,-1,0
synthetic_cloudtrail.csv:276,,,,,,,,,,-1,-1,0
synthetic_cloudtrail.csv:277,,,,,,,,,,-1,-1,0
synthetic_cloudtrail.csv:278,,,,,,,,,,-1,-1,0
synthetic_cloudtrail.csv:279,,,,,,,,,,-1,-1,0
synthetic_cloudtrail.csv:280,,,,,,,,,,-1,-1,0
synthetic_cloudtrail.csv:281,,,,,,,,,,-1,-1,0
synthetic_cloudtrail.csv:282,,,,,,,,,,-1,-1,0
synthetic_cloudtrail.csv:283,,,,,,,,,,-1,-1,0
synthetic_cloudtrail.csv:284,,,,,,,,,,-1,-1,0
synthetic_cloudtrail.csv:285,,,,,,,,,,-1,-1,0
synthetic_cloudtrail.csv:286,,,,,,,,,,-1,-1,0
synthetic_cloudtrail.csv:287,,,,,,,,,,-1,-1,0
synthetic_cloudtrail.csv:288,,,,,,,,,,-1,-1,0
synthetic_cloudtrail.csv:289,,,,,,,,,,-1,-1,0
synthetic_cloudtrail.csv:290,,,,,,,,,,-1,-1,0
synthetic_cloudtrail.csv:291,,,,,,,,,,-1,-1,0
synthetic_cloudtrail.csv:292,,,,,,,,,,-1,-1,0
synthetic_cloudtrail.csv:293,,,,,,,,,,-1,-1,0
synthetic_cloudtrail.csv:294,,,,,,,,,,-1,-1,0
synthetic_cloudtrail.csv:295,,,,,,,,,,-1,-1,0
synthetic_cloudtrail.csv:296,,,,,,,,,,-1,-1,0
synthetic_cloudtrail.csv:297,,,,,,,,,,-1,-1,0
synthetic_cloudtrail.csv:298,,,,,,,,,,-1,-1,0
synthetic_cloudtrail.csv:299,,,,,,,,,,-1,-1,0
synthetic_cloudtrail.csv:300,,,,,,,,,,-1,-1,0
synthetic_cloudtrail.csv:301,,,,,,,,,,-1,-1,0
synthetic_cloudtrail.csv:302,,,,,,,,,,-1,-1,0
synthetic_cloudtrail.csv:303,,,,,,,,,,-1,-1,0
synthetic_cloudtrail.csv:304,,,,,,,,,,-1,-1,0
synthetic_cloudtrail.csv:305,,,,,,,,,,-1,-1,0
synthetic_cloudtrail.csv:306,,,,,,,,,,-1,-1,0
synthetic_cloudtrail.csv:307,,,,,,,,,,-1,-1,0
synthetic_cloudtrail.csv:308,,,,,,,,,,-1,-1,0
synthetic_cloudtrail.csv:309,,,,,,,,,,-1,-1,0
synthetic_cloudtrail.csv:310,,,,,,,,,,-1,-1,0
synthetic_cloudtrail.csv:311,,,,,,,,,,-1,-1,0
synthetic_cloudtrail.csv:312,,,,,,,,,,-1,-1,0
synthetic_cloudtrail.csv:313,,,,,,,,,,-1,-1,0
synthetic_cloudtrail.csv:314,,,,,,,,,,-1,-1,0
synthetic_cloudtrail.csv:315,,,,,,,,,,-1,-1,0
synthetic_cloudtrail.csv:316,,,,,,,,,,-1,-1,0
synthetic_cloudtrail.csv:317,,,,,,,,,,-1,-1,0
synthetic_cloudtrail.csv:318,,,,,,,,,,-1,-1,0
synthetic_cloudtrail.csv:319,,,,,,,,,,-1,-1,0
synthetic_cloudtrail.csv:320,,,,,,,,,,-1,-1,0
synthetic_cloudtrail.csv:321,,,,,,,,,,-1,-1,0
synthetic_cloudtrail.csv:322,,,,,,,,,,-1,-1,0
synthetic_cloudtrail.csv:323,,,,,,,,,,-1,-1,0
synthetic_cloudtrail.csv:324,,,,,,,,,,-1,-1,0
synthetic_cloudtrail.csv:325,,,,,,,,,,-1,-1,0
synthetic_cloudtrail.csv:326,,,,,,,,,,-1,-1,0
synthetic_cloudtrail.csv:327,,,,,,,,,,-1,-1,0
synthetic_cloudtrail.csv:328,,,,,,,,,,-1,-1,0
synthetic_cloudtrail.csv:329,,,,,,,,,,-1,-1,0
synthetic_cloudtrail.csv:330,,,,,,,,,,-1,-1,0
synthetic_cloudtrail.csv:331,,,,,,,,,,-1,-1,0
synthetic_cloudtrail.csv:332,,,,,,,,,,-1,-1,0
synthetic_cloudtrail.csv:333,,,,,,,,,,-1,-1,0
synthetic_cloudtrail.csv:334,,,,,,,,,,-1,-1,0
synthetic_cloudtrail.csv:335,,,,,,,,,,-1,-1,0
synthetic_cloudtrail.csv:336,,,,,,,,,,-1,-1,0
synthetic_cloudtrail.csv:337,,,,,,,,,,-1,-1,0
synthetic_cloudtrail.csv:338,,,,,,,,,,-1,-1,0
synthetic_cloudtrail.csv:339,,,,,,,,,,-1,-1,0
synthetic_cloudtrail.csv:340,,,,,,,,,,-1,-1,0
synthetic_cloudtrail.csv:341,,,,,,,,,,-1,-1,0
synthetic_cloudtrail.csv:342,,,,,,,,,,-1,-1,0
synthetic_cloudtrail.csv:343,,,,,,,,,,-1,-1,0
synthetic_cloudtrail.csv:344,,,,,,,,,,-1,-1,0
synthetic_cloudtrail.csv:345,,,,,,,,,,-1,-1,0
synthetic_cloudtrail.csv:346,,,,,,,,,,-1,-1,0
synthetic_cloudtrail.csv:347,,,,,,,,,,-1,-1,0
synthetic_cloudtrail.csv:348,camp-qdctzrvtieuf,create_policy_version,reconnaissance,create_policy_version,,,,,,-1,-1,0
synthetic_cloudtrail.csv:349,camp-qdctzrvtieuf,create_policy_version,reconnaissance,create_policy_version,,,,,,-1,-1,0
synthetic_cloudtrail.csv:350,camp-qdctzrvtieuf,create_policy_version,reconnaissance,create_policy_version,,,,,,-1,-1,0
synthetic_cloudtrail.csv:351,camp-qdctzrvtieuf,create_policy_version,reconnaissance,create_policy_version,,,,,,-1,-1,0
synthetic_cloudtrail.csv:352,camp-qdctzrvtieuf,create_policy_version,reconnaissance,create_policy_version,,,,,,-1,-1,0
synthetic_cloudtrail.csv:353,camp-qdctzrvtieuf,create_policy_version,reconnaissance,create_policy_version,,,,,,-1,-1,0
synthetic_cloudtrail.csv:354,camp-qdctzrvtieuf,create_policy_version,privilege-escalation,create_policy_version,evt-xmjoziteocdm,,evt-xmjoziteocdm,s3:GetObject,iam:*;s3:*,0,0,1
synthetic_cloudtrail.csv:355,camp-qdctzrvtieuf,create_policy_version,privilege-escalation,create_policy_version,evt-fqjuoszvxzvz,evt-xmjoziteocdm,evt-xmjoziteocdm,,,1,0,1
synthetic_cloudtrail.csv:356,camp-qdctzrvtieuf,create_policy_version,,create_policy_version,,,,,,-1,-1,0
synthetic_cloudtrail.csv:357,camp-qdctzrvtieuf,create_policy_version,,create_policy_version,,,,,,-1,-1,0
synthetic_cloudtrail.csv:358,camp-qdctzrvtieuf,create_policy_version,,create_policy_version,,,,,,-1,-1,0
synthetic_cloudtrail.csv:359,camp-qdctzrvtieuf,create_policy_version,,create_policy_version,,,,,,-1,-1,0
synthetic_cloudtrail.csv:360,,,,,,,,,,-1,-1,0
synthetic_cloudtrail.csv:361,,,,,,,,,,-1,-1,0
synthetic_cloudtrail.csv:362,,,,,,,,,,-1,-1,0
synthetic_cloudtrail.csv:363,,,,,,,,,,-1,-1,0
synthetic_cloudtrail.csv:364,,,,,,,,,,-1,-1,0
synthetic_cloudtrail.csv:365,,,,,,,,,,-1,-1,0
synthetic_cloudtrail.csv:366,,,,,,,,,,-1,-1,0
synthetic_cloudtrail.csv:367,,,,,,,,,,-1,-1,0
synthetic_cloudtrail.csv:368,,,,,,,,,,-1,-1,0
synthetic_cloudtrail.csv:369,,,,,,,,,,-1,-1,0
synthetic_cloudtrail.csv:370,,,,,,,,,,-1,-1,0
synthetic_cloudtrail.csv:371,,,,,,,,,,-1,-1,0
synthetic_cloudtrail.csv:372,,,,,,,,,,-1,-1,0
synthetic_cloudtrail.csv:373,,,,,,,,,,-1,-1,0
synthetic_cloudtrail.csv:374,,,,,,,,,,-1,-1,0
synthetic_cloudtrail.csv:375,,,,,,,,,,-1,-1,0
synthetic_cloudtrail.csv:376,,,,,,,,,,-1,-1,0
synthetic_cloudtrail.csv:377,,,,,,,,,,-1,-1,0
synthetic_cloudtrail.csv:378,,,,,,,,,,-1,-1,0
synthetic_cloudtrail.csv:379,,,,,,,,,,-1,-1,0
synthetic_cloudtrail.csv:380,,,,,,,,,,-1,-1,0
synthetic_cloudtrail.csv:381,,,,,,,,,,-1,-1,0
synthetic_cloudtrail.csv:382,,,,,,,,,,-1,-1,0
synthetic_cloudtrail.csv:383,,,,,,,,,,-1,-1,0
synthetic_cloudtrail.csv:384,,,,,,,,,,-1,-1,0
synthetic_cloudtrail.csv:385,,,,,,,,,,-1,-1,0
synthetic_cloudtrail.csv:386,,,,,,,,,,-1,-1,0
synthetic_cloudtrail.csv:387,,,,,,,,,,-1,-1,0
synthetic_cloudtrail.csv:388,,,,,,,,,,-1,-1,0
synthetic_cloudtrail.csv:389,,,,,,,,,,-1,-1,0
synthetic_cloudtrail.csv:390,,,,,,,,,,-1,-1,0
synthetic_cloudtrail.csv:391,,,,,,,,,,-1,-1,0
synthetic_cloudtrail.csv:392,,,,,,,,,,-1,-1,0
synthetic_cloudtrail.csv:393,,,,,,,,,,-1,-1,0
synthetic_cloudtrail.csv:394,,,,,,,,,,-1,-1,0
synthetic_cloudtrail.csv:395,,,,,,,,,,-1,-1,0
synthetic_cloudtrail.csv:396,,,,,,,,,,-1,-1,0
synthetic_cloudtrail.csv:397,,,,,,,,,,-1,-1,0
synthetic_cloudtrail.csv:398,,,,,,,,,,-1,-1,0
synthetic_cloudtrail.csv:399,,,,,,,,,,-1,-1,0
synthetic_cloudtrail.csv:400,,,,,,,,,,-1,-1,0
synthetic_cloudtrail.csv:401,,,,,,,,,,-1,-1,0
synthetic_cloudtrail.csv:402,,,,,,,,,,-1,-1,0
synthetic_cloudtrail.csv:403,,,,,,,,,,-1,-1,0
synthetic_cloudtrail.csv:404,,,,,,,,,,-1,-1,0
synthetic_cloudtrail.csv:405,,,,,,,,,,-1,-1,0
synthetic_cloudtrail.csv:406,,,,,,,,,,-1,-1,0
synthetic_cloudtrail.csv:407,,,,,,,,,,-1,-1,0
synthetic_cloudtrail.csv:408,,,,,,,,,,-1,-1,0
synthetic_cloudtrail.csv:409,,,,,,,,,,-1,-1,0
synthetic_cloudtrail.csv:410,,,,,,,,,,-1,-1,0
synthetic_cloudtrail.csv:411,,,,,,,,,,-1,-1,0
synthetic_cloudtrail.csv:412,,,,,,,,,,-1,-1,0
synthetic_cloudtrail.csv:413,,,,,,,,,,-1,-1,0
synthetic_cloudtrail.csv:414,,,,,,,,,,-1,-1,0
synthetic_cloudtrail.csv:415,,,,,,,,,,-1,-1,0
synthetic_cloudtrail.csv:416,,,,,,,,,,-1,-1,0
synthetic_cloudtrail.csv:417,,,,,,,,,,-1,-1,0
synthetic_cloudtrail.csv:418,,,,,,,,,,-1,-1,0
synthetic_cloudtrail.csv:419,,,,,,,,,,-1,-1,0
synthetic_cloudtrail.csv:420,,,,,,,,,,-1,-1,0
synthetic_cloudtrail.csv:421,,,,,,,,,,-1,-1,0
synthetic_cloudtrail.csv:422,,,,,,,,,,-1,-1,0
synthetic_cloudtrail.csv:423,,,,,,,,,,-1,-1,0
synthetic_cloudtrail.csv:424,,,,,,,,,,-1,-1,0
synthetic_cloudtrail.csv:425,,,,,,,,,,-1,-1,0
synthetic_cloudtrail.csv:426,,,,,,,,,,-1,-1,0
synthetic_cloudtrail.csv:427,,,,,,,,,,-1,-1,0
synthetic_cloudtrail.csv:428,,,,,,,,,,-1,-1,0
synthetic_cloudtrail.csv:429,,,,,,,,,,-1,-1,0
synthetic_cloudtrail.csv:430,,,,,,,,,,-1,-1,0
synthetic_cloudtrail.csv:431,,,,,,,,,,-1,-1,0
synthetic_cloudtrail.csv:432,,,,,,,,,,-1,-1,0
synthetic_cloudtrail.csv:433,,,,,,,,,,-1,-1,0
synthetic_cloudtrail.csv:434,,,,,,,,,,-1,-1,0
synthetic_cloudtrail.csv:435,camp-kcrjinbwbupr,create_user_accesskey_policy,reconnaissance,create_user_accesskey_policy,,,,,,-1,-1,0
synthetic_cloudtrail.csv:436,camp-kcrjinbwbupr,create_user_accesskey_policy,reconnaissance,create_user_accesskey_policy,,,,,,-1,-1,0
synthetic_cloudtrail.csv:437,camp-kcrjinbwbupr,create_user_accesskey_policy,reconnaissance,create_user_accesskey_policy,,,,,,-1,-1,0
synthetic_cloudtrail.csv:438,camp-kcrjinbwbupr,create_user_accesskey_policy,persistence,create_user_accesskey_policy,evt-lmlahiejeryg,,evt-lmlahiejeryg,,,0,0,1
synthetic_cloudtrail.csv:439,camp-kcrjinbwbupr,create_user_accesskey_policy,privilege-escalation,create_user_accesskey_policy,evt-kckaijzxndbs,evt-lmlahiejeryg,evt-lmlahiejeryg,,,1,0,1
synthetic_cloudtrail.csv:440,camp-kcrjinbwbupr,create_user_accesskey_policy,privilege-escalation,create_user_accesskey_policy,evt-dwzhdnglnnaj,evt-kckaijzxndbs,evt-lmlahiejeryg,s3:GetObject;s3:ListBucket,*,2,0,1
synthetic_cloudtrail.csv:441,camp-kcrjinbwbupr,create_user_accesskey_policy,,create_user_accesskey_policy,,,,,,-1,-1,0
synthetic_cloudtrail.csv:442,camp-kcrjinbwbupr,create_user_accesskey_policy,,create_user_accesskey_policy,,,,,,-1,-1,0
synthetic_cloudtrail.csv:443,,,,,,,,,,-1,-1,0
synthetic_cloudtrail.csv:444,,,,,,,,,,-1,-1,0
synthetic_cloudtrail.csv:445,,,,,,,,,,-1,-1,0
synthetic_cloudtrail.csv:446,,,,,,,,,,-1,-1,0
synthetic_cloudtrail.csv:447,,,,,,,,,,-1,-1,0
synthetic_cloudtrail.csv:448,,,,,,,,,,-1,-1,0
synthetic_cloudtrail.csv:449,,,,,,,,,,-1,-1,0
synthetic_cloudtrail.csv:450,,,,,,,,,,-1,-1,0
synthetic_cloudtrail.csv:451,camp-hgtsmixuzleq,ec2_password_data,reconnaissance,ec2_password_data,,,,,,-1,-1,0
synthetic_cloudtrail.csv:452,camp-hgtsmixuzleq,ec2_password_data,reconnaissance,ec2_password_data,,,,,,-1,-1,0
synthetic_cloudtrail.csv:453,camp-hgtsmixuzleq,ec2_password_data,reconnaissance,ec2_password_data,,,,,,-1,-1,0
synthetic_cloudtrail.csv:454,camp-hgtsmixuzleq,ec2_password_data,reconnaissance,ec2_password_data,,,,,,-1,-1,0
synthetic_cloudtrail.csv:455,camp-hgtsmixuzleq,ec2_password_data,reconnaissance,ec2_password_data,,,,,,-1,-1,0
synthetic_cloudtrail.csv:456,camp-hgtsmixuzleq,ec2_password_data,reconnaissance,ec2_password_data,,,,,,-1,-1,0
synthetic_cloudtrail.csv:457,camp-hgtsmixuzleq,ec2_password_data,reconnaissance,ec2_password_data,,,,,,-1,-1,0
synthetic_cloudtrail.csv:458,camp-hgtsmixuzleq,ec2_password_data,reconnaissance,ec2_password_data,,,,,,-1,-1,0
synthetic_cloudtrail.csv:459,camp-hgtsmixuzleq,ec2_password_data,persistence,ec2_password_data,evt-cukspkyvdisk,,evt-cukspkyvdisk,,,0,0,1
synthetic_cloudtrail.csv:460,camp-hgtsmixuzleq,ec2_password_data,privilege-escalation,ec2_password_data,evt-padgxzlpesvm,evt-cukspkyvdisk,evt-cukspkyvdisk,s3:GetObject,iam:*;s3:*;sts:AssumeRole,1,0,1
synthetic_cloudtrail.csv:461,camp-hgtsmixuzleq,ec2_password_data,credential-access,ec2_password_data,evt-nupxgclmpwwz,evt-padgxzlpesvm,evt-cukspkyvdisk,,,2,0,1
synthetic_cloudtrail.csv:462,camp-hgtsmixuzleq,ec2_password_data,,ec2_password_data,,,,,,-1,-1,0
synthetic_cloudtrail.csv:463,camp-hgtsmixuzleq,ec2_password_data,,ec2_password_data,,,,,,-1,-1,0
synthetic_cloudtrail.csv:464,camp-hgtsmixuzleq,ec2_password_data,,ec2_password_data,,,,,,-1,-1,0
synthetic_cloudtrail.csv:465,camp-hgtsmixuzleq,ec2_password_data,,ec2_password_data,,,,,,-1,-1,0
synthetic_cloudtrail.csv:466,camp-hgtsmixuzleq,ec2_password_data,,ec2_password_data,,,,,,-1,-1,0
synthetic_cloudtrail.csv:467,,,,,,,,,,-1,-1,0
synthetic_cloudtrail.csv:468,,,,,,,,,,-1,-1,0
synthetic_cloudtrail.csv:469,,,,,,,,,,-1,-1,0
synthetic_cloudtrail.csv:470,,,,,,,,,,-1,-1,0
synthetic_cloudtrail.csv:471,,,,,,,,,,-1,-1,0
synthetic_cloudtrail.csv:472,,,,,,,,,,-1,-1,0
synthetic_cloudtrail.csv:473,,,,,,,,,,-1,-1,0
synthetic_cloudtrail.csv:474,,,,,,,,,,-1,-1,0
synthetic_cloudtrail.csv:475,,,,,,,,,,-1,-1,0
synthetic_cloudtrail.csv:476,,,,,,,,,,-1,-1,0
synthetic_cloudtrail.csv:477,,,,,,,,,,-1,-1,0
synthetic_cloudtrail.csv:478,,,,,,,,,,-1,-1,0
synthetic_cloudtrail.csv:479,camp-omvtbrezfowt,create_role_inline_policy,reconnaissance,create_role_inline_policy,,,,,,-1,-1,0
synthetic_cloudtrail.csv:480,camp-omvtbrezfowt,create_role_inline_policy,reconnaissance,create_role_inline_policy,,,,,,-1,-1,0
synthetic_cloudtrail.csv:481,camp-omvtbrezfowt,create_role_inline_policy,reconnaissance,create_role_inline_policy,,,,,,-1,-1,0
synthetic_cloudtrail.csv:482,camp-omvtbrezfowt,create_role_inline_policy,reconnaissance,create_role_inline_policy,,,,,,-1,-1,0
synthetic_cloudtrail.csv:483,,,,,,,,,,-1,-1,0
synthetic_cloudtrail.csv:484,,,,,,,,,,-1,-1,0
synthetic_cloudtrail.csv:485,,,,,,,,,,-1,-1,0
synthetic_cloudtrail.csv:486,camp-omvtbrezfowt,create_role_inline_policy,persistence,create_role_inline_policy,evt-gxbegojwenkp,,evt-gxbegojwenkp,,,0,0,1
synthetic_cloudtrail.csv:487,camp-omvtbrezfowt,create_role_inline_policy,privilege-escalation,create_role_inline_policy,evt-iptzjwqkijiq,evt-gxbegojwenkp,evt-gxbegojwenkp,s3:GetObject,iam:*;s3:*;sts:AssumeRole,1,0,1
synthetic_cloudtrail.csv:488,camp-omvtbrezfowt,create_role_inline_policy,,create_role_inline_policy,,,,,,-1,-1,0
synthetic_cloudtrail.csv:489,,,,,,,,,,-1,-1,0
synthetic_cloudtrail.csv:490,camp-omvtbrezfowt,create_role_inline_policy,,create_role_inline_policy,,,,,,-1,-1,0
synthetic_cloudtrail.csv:491,camp-omvtbrezfowt,create_role_inline_policy,,create_role_inline_policy,,,,,,-1,-1,0
synthetic_cloudtrail.csv:492,,,,,,,,,,-1,-1,0
synthetic_cloudtrail.csv:493,camp-omvtbrezfowt,create_role_inline_policy,,create_role_inline_policy,,,,,,-1,-1,0
synthetic_cloudtrail.csv:494,,,,,,,,,,-1,-1,0
synthetic_cloudtrail.csv:495,,,,,,,,,,-1,-1,0
synthetic_cloudtrail.csv:496,,,,,,,,,,-1,-1,0
synthetic_cloudtrail.csv:497,,,,,,,,,,-1,-1,0
synthetic_cloudtrail.csv:498,,,,,,,,,,-1,-1,0
synthetic_cloudtrail.csv:499,,,,,,,,,,-1,-1,0
synthetic_cloudtrail.csv:500,,,,,,,,,,-1,-1,0
synthetic_cloudtrail.csv:501,,,,,,,,,,-1,-1,0
synthetic_cloudtrail.csv:502,,,,,,,,,,-1,-1,0
synthetic_cloudtrail.csv:503,,,,,,,,,,-1,-1,0
synthetic_cloudtrail.csv:504,,,,,,,,,,-1,-1,0
synthetic_cloudtrail.csv:505,,,,,,,,,,-1,-1,0
synthetic_cloudtrail.csv:506,,,,,,,,,,-1,-1,0
synthetic_cloudtrail.csv:507,,,,,,,,,,-1,-1,0
synthetic_cloudtrail.csv:508,,,,,,,,,,-1,-1,0
synthetic_cloudtrail.csv:509,,,,,,,,,,-1,-1,0
synthetic_cloudtrail.csv:510,,,,,,,,,,-1,-1,0
synthetic_cloudtrail.csv:511,,,,,,,,,,-1,-1,0
synthetic_cloudtrail.csv:512,,,,,,,,,,-1,-1,0
synthetic_cloudtrail.csv:513,,,,,,,,,,-1,-1,0
synthetic_cloudtrail.csv:514,,,,,,,,,,-1,-1,0
synthetic_cloudtrail.csv:515,,,,,,,,,,-1,-1,0
synthetic_cloudtrail.csv:516,,,,,,,,,,-1,-1,0
synthetic_cloudtrail.csv:517,,,,,,,,,,-1,-1,0
synthetic_cloudtrail.csv:518,,,,,,,,,,-1,-1,0
synthetic_cloudtrail.csv:519,,,,,,,,,,-1,-1,0
synthetic_cloudtrail.csv:520,,,,,,,,,,-1,-1,0
synthetic_cloudtrail.csv:521,,,,,,,,,,-1,-1,0
synthetic_cloudtrail.csv:522,,,,,,,,,,-1,-1,0
synthetic_cloudtrail.csv:523,,,,,,,,,,-1,-1,0
synthetic_cloudtrail.csv:524,,,,,,,,,,-1,-1,0
synthetic_cloudtrail.csv:525,,,,,,,,,,-1,-1,0
synthetic_cloudtrail.csv:526,,,,,,,,,,-1,-1,0
synthetic_cloudtrail.csv:527,,,,,,,,,,-1,-1,0
synthetic_cloudtrail.csv:528,,,,,,,,,,-1,-1,0
synthetic_cloudtrail.csv:529,camp-fpugdamyconv,ec2_password_data,reconnaissance,ec2_password_data,,,,,,-1,-1,0
synthetic_cloudtrail.csv:530,,,,,,,,,,-1,-1,0
synthetic_cloudtrail.csv:531,camp-fpugdamyconv,ec2_password_data,reconnaissance,ec2_password_data,,,,,,-1,-1,0
synthetic_cloudtrail.csv:532,camp-fpugdamyconv,ec2_password_data,reconnaissance,ec2_password_data,,,,,,-1,-1,0
synthetic_cloudtrail.csv:533,camp-fpugdamyconv,ec2_password_data,persistence,ec2_password_data,evt-jsbsqxjwckzn,,evt-jsbsqxjwckzn,,,0,0,1
synthetic_cloudtrail.csv:534,camp-fpugdamyconv,ec2_password_data,privilege-escalation,ec2_password_data,evt-okilwmtzzbuo,evt-jsbsqxjwckzn,evt-jsbsqxjwckzn,s3:GetObject,iam:*;s3:*;sts:AssumeRole,1,0,1
synthetic_cloudtrail.csv:535,camp-fpugdamyconv,ec2_password_data,credential-access,ec2_password_data,evt-kyuhssxwufpu,evt-okilwmtzzbuo,evt-jsbsqxjwckzn,,,2,0,1
synthetic_cloudtrail.csv:536,,,,,,,,,,-1,-1,0
synthetic_cloudtrail.csv:537,camp-fpugdamyconv,ec2_password_data,,ec2_password_data,,,,,,-1,-1,0
synthetic_cloudtrail.csv:538,,,,,,,,,,-1,-1,0
synthetic_cloudtrail.csv:539,,,,,,,,,,-1,-1,0
synthetic_cloudtrail.csv:540,camp-fpugdamyconv,ec2_password_data,,ec2_password_data,,,,,,-1,-1,0
synthetic_cloudtrail.csv:541,,,,,,,,,,-1,-1,0
synthetic_cloudtrail.csv:542,camp-fpugdamyconv,ec2_password_data,,ec2_password_data,,,,,,-1,-1,0
synthetic_cloudtrail.csv:543,,,,,,,,,,-1,-1,0
synthetic_cloudtrail.csv:544,camp-fpugdamyconv,ec2_password_data,,ec2_password_data,,,,,,-1,-1,0
synthetic_cloudtrail.csv:545,,,,,,,,,,-1,-1,0
synthetic_cloudtrail.csv:546,,,,,,,,,,-1,-1,0
synthetic_cloudtrail.csv:547,,,,,,,,,,-1,-1,0
synthetic_cloudtrail.csv:548,,,,,,,,,,-1,-1,0
synthetic_cloudtrail.csv:549,,,,,,,,,,-1,-1,0
synthetic_cloudtrail.csv:550,,,,,,,,,,-1,-1,0
synthetic_cloudtrail.csv:551,,,,,,,,,,-1,-1,0
synthetic_cloudtrail.csv:552,,,,,,,,,,-1,-1,0
synthetic_cloudtrail.csv:553,,,,,,,,,,-1,-1,0
synthetic_cloudtrail.csv:554,,,,,,,,,,-1,-1,0
synthetic_cloudtrail.csv:555,camp-guxsbdrzqejm,assume_then_backdoor_key,reconnaissance,assume_then_backdoor_key,,,,,,-1,-1,0
synthetic_cloudtrail.csv:556,camp-guxsbdrzqejm,assume_then_backdoor_key,reconnaissance,assume_then_backdoor_key,,,,,,-1,-1,0
synthetic_cloudtrail.csv:557,camp-guxsbdrzqejm,assume_then_backdoor_key,reconnaissance,assume_then_backdoor_key,,,,,,-1,-1,0
synthetic_cloudtrail.csv:558,camp-guxsbdrzqejm,assume_then_backdoor_key,reconnaissance,assume_then_backdoor_key,,,,,,-1,-1,0
synthetic_cloudtrail.csv:559,camp-guxsbdrzqejm,assume_then_backdoor_key,reconnaissance,assume_then_backdoor_key,,,,,,-1,-1,0
synthetic_cloudtrail.csv:560,camp-guxsbdrzqejm,assume_then_backdoor_key,reconnaissance,assume_then_backdoor_key,,,,,,-1,-1,0
synthetic_cloudtrail.csv:561,camp-guxsbdrzqejm,assume_then_backdoor_key,reconnaissance,assume_then_backdoor_key,,,,,,-1,-1,0
synthetic_cloudtrail.csv:562,camp-guxsbdrzqejm,assume_then_backdoor_key,privilege-escalation,assume_then_backdoor_key,evt-tocblxgjfvnv,,evt-tocblxgjfvnv,,,0,0,1
synthetic_cloudtrail.csv:563,camp-guxsbdrzqejm,assume_then_backdoor_key,persistence,assume_then_backdoor_key,evt-hwndmqowathb,evt-tocblxgjfvnv,evt-tocblxgjfvnv,,,1,1,1
synthetic_cloudtrail.csv:564,camp-guxsbdrzqejm,assume_then_backdoor_key,privilege-escalation,assume_then_backdoor_key,evt-dmwclsuozvef,evt-hwndmqowathb,evt-tocblxgjfvnv,s3:GetObject,iam:*;s3:*;sts:AssumeRole,2,1,1
synthetic_cloudtrail.csv:565,camp-guxsbdrzqejm,assume_then_backdoor_key,,assume_then_backdoor_key,,,,,,-1,-1,0
synthetic_cloudtrail.csv:566,camp-guxsbdrzqejm,assume_then_backdoor_key,,assume_then_backdoor_key,,,,,,-1,-1,0
synthetic_cloudtrail.csv:567,camp-guxsbdrzqejm,assume_then_backdoor_key,,assume_then_backdoor_key,,,,,,-1,-1,0
synthetic_cloudtrail.csv:568,camp-guxsbdrzqejm,assume_then_backdoor_key,,assume_then_backdoor_key,,,,,,-1,-1,0
synthetic_cloudtrail.csv:569,,,,,,,,,,-1,-1,0
synthetic_cloudtrail.csv:570,,,,,,,,,,-1,-1,0
synthetic_cloudtrail.csv:571,,,,,,,,,,-1,-1,0
synthetic_cloudtrail.csv:572,,,,,,,,,,-1,-1,0
synthetic_cloudtrail.csv:573,,,,,,,,,,-1,-1,0
synthetic_cloudtrail.csv:574,,,,,,,,,,-1,-1,0
synthetic_cloudtrail.csv:575,,,,,,,,,,-1,-1,0
synthetic_cloudtrail.csv:576,,,,,,,,,,-1,-1,0
synthetic_cloudtrail.csv:577,,,,,,,,,,-1,-1,0
synthetic_cloudtrail.csv:578,,,,,,,,,,-1,-1,0
synthetic_cloudtrail.csv:579,,,,,,,,,,-1,-1,0
synthetic_cloudtrail.csv:580,,,,,,,,,,-1,-1,0
synthetic_cloudtrail.csv:581,,,,,,,,,,-1,-1,0
synthetic_cloudtrail.csv:582,,,,,,,,,,-1,-1,0
synthetic_cloudtrail.csv:583,,,,,,,,,,-1,-1,0
synthetic_cloudtrail.csv:584,,,,,,,,,,-1,-1,0
synthetic_cloudtrail.csv:585,,,,,,,,,,-1,-1,0
synthetic_cloudtrail.csv:586,,,,,,,,,,-1,-1,0
synthetic_cloudtrail.csv:587,,,,,,,,,,-1,-1,0
synthetic_cloudtrail.csv:588,,,,,,,,,,-1,-1,0
synthetic_cloudtrail.csv:589,,,,,,,,,,-1,-1,0
synthetic_cloudtrail.csv:590,,,,,,,,,,-1,-1,0
synthetic_cloudtrail.csv:591,,,,,,,,,,-1,-1,0
synthetic_cloudtrail.csv:592,,,,,,,,,,-1,-1,0
synthetic_cloudtrail.csv:593,,,,,,,,,,-1,-1,0
synthetic_cloudtrail.csv:594,,,,,,,,,,-1,-1,0
synthetic_cloudtrail.csv:595,,,,,,,,,,-1,-1,0
synthetic_cloudtrail.csv:596,,,,,,,,,,-1,-1,0
synthetic_cloudtrail.csv:597,,,,,,,,,,-1,-1,0
synthetic_cloudtrail.csv:598,,,,,,,,,,-1,-1,0
synthetic_cloudtrail.csv:599,,,,,,,,,,-1,-1,0
synthetic_cloudtrail.csv:600,,,,,,,,,,-1,-1,0
synthetic_cloudtrail.csv:601,,,,,,,,,,-1,-1,0
synthetic_cloudtrail.csv:602,camp-rbatydyzrehy,ec2_credential_extraction,reconnaissance,ec2_credential_extraction,,,,,,-1,-1,0
synthetic_cloudtrail.csv:603,camp-rbatydyzrehy,ec2_credential_extraction,reconnaissance,ec2_credential_extraction,,,,,,-1,-1,0
synthetic_cloudtrail.csv:604,camp-rbatydyzrehy,ec2_credential_extraction,reconnaissance,ec2_credential_extraction,,,,,,-1,-1,0
synthetic_cloudtrail.csv:605,camp-rbatydyzrehy,ec2_credential_extraction,reconnaissance,ec2_credential_extraction,,,,,,-1,-1,0
synthetic_cloudtrail.csv:606,camp-rbatydyzrehy,ec2_credential_extraction,credential-access,ec2_credential_extraction,evt-cbfaotgnkfsn,evt-jpkyxanbzwwn,evt-jpkyxanbzwwn,,,1,0,1
synthetic_cloudtrail.csv:607,camp-rbatydyzrehy,ec2_credential_extraction,reconnaissance,ec2_credential_extraction,,,,,,-1,-1,0
synthetic_cloudtrail.csv:608,camp-rbatydyzrehy,ec2_credential_extraction,credential-access,ec2_credential_extraction,evt-jpkyxanbzwwn,,evt-jpkyxanbzwwn,,,0,0,1
synthetic_cloudtrail.csv:609,camp-rbatydyzrehy,ec2_credential_extraction,,ec2_credential_extraction,,,,,,-1,-1,0
synthetic_cloudtrail.csv:610,camp-rbatydyzrehy,ec2_credential_extraction,,ec2_credential_extraction,,,,,,-1,-1,0
synthetic_cloudtrail.csv:611,,,,,,,,,,-1,-1,0
synthetic_cloudtrail.csv:612,,,,,,,,,,-1,-1,0
synthetic_cloudtrail.csv:613,,,,,,,,,,-1,-1,0
synthetic_cloudtrail.csv:614,,,,,,,,,,-1,-1,0
synthetic_cloudtrail.csv:615,,,,,,,,,,-1,-1,0
synthetic_cloudtrail.csv:616,,,,,,,,,,-1,-1,0
synthetic_cloudtrail.csv:617,,,,,,,,,,-1,-1,0
synthetic_cloudtrail.csv:618,,,,,,,,,,-1,-1,0
synthetic_cloudtrail.csv:619,,,,,,,,,,-1,-1,0
synthetic_cloudtrail.csv:620,,,,,,,,,,-1,-1,0
synthetic_cloudtrail.csv:621,,,,,,,,,,-1,-1,0
synthetic_cloudtrail.csv:622,,,,,,,,,,-1,-1,0
synthetic_cloudtrail.csv:623,,,,,,,,,,-1,-1,0
synthetic_cloudtrail.csv:624,,,,,,,,,,-1,-1,0
synthetic_cloudtrail.csv:625,,,,,,,,,,-1,-1,0
synthetic_cloudtrail.csv:626,,,,,,,,,,-1,-1,0
synthetic_cloudtrail.csv:627,,,,,,,,,,-1,-1,0
synthetic_cloudtrail.csv:628,,,,,,,,,,-1,-1,0
synthetic_cloudtrail.csv:629,,,,,,,,,,-1,-1,0
synthetic_cloudtrail.csv:630,,,,,,,,,,-1,-1,0
synthetic_cloudtrail.csv:631,,,,,,,,,,-1,-1,0
synthetic_cloudtrail.csv:632,,,,,,,,,,-1,-1,0
synthetic_cloudtrail.csv:633,,,,,,,,,,-1,-1,0
synthetic_cloudtrail.csv:634,,,,,,,,,,-1,-1,0
synthetic_cloudtrail.csv:635,,,,,,,,,,-1,-1,0
synthetic_cloudtrail.csv:636,,,,,,,,,,-1,-1,0
synthetic_cloudtrail.csv:637,,,,,,,,,,-1,-1,0
synthetic_cloudtrail.csv:638,,,,,,,,,,-1,-1,0
synthetic_cloudtrail.csv:639,,,,,,,,,,-1,-1,0
synthetic_cloudtrail.csv:640,,,,,,,,,,-1,-1,0
synthetic_cloudtrail.csv:641,,,,,,,,,,-1,-1,0
synthetic_cloudtrail.csv:642,,,,,,,,,,-1,-1,0
synthetic_cloudtrail.csv:643,,,,,,,,,,-1,-1,0
synthetic_cloudtrail.csv:644,,,,,,,,,,-1,-1,0
synthetic_cloudtrail.csv:645,,,,,,,,,,-1,-1,0
synthetic_cloudtrail.csv:646,,,,,,,,,,-1,-1,0
synthetic_cloudtrail.csv:647,,,,,,,,,,-1,-1,0
synthetic_cloudtrail.csv:648,,,,,,,,,,-1,-1,0
synthetic_cloudtrail.csv:649,,,,,,,,,,-1,-1,0
synthetic_cloudtrail.csv:650,,,,,,,,,,-1,-1,0
synthetic_cloudtrail.csv:651,,,,,,,,,,-1,-1,0
synthetic_cloudtrail.csv:652,,,,,,,,,,-1,-1,0
synthetic_cloudtrail.csv:653,,,,,,,,,,-1,-1,0
synthetic_cloudtrail.csv:654,,,,,,,,,,-1,-1,0
synthetic_cloudtrail.csv:655,,,,,,,,,,-1,-1,0
synthetic_cloudtrail.csv:656,,,,,,,,,,-1,-1,0
synthetic_cloudtrail.csv:657,,,,,,,,,,-1,-1,0
synthetic_cloudtrail.csv:658,,,,,,,,,,-1,-1,0
synthetic_cloudtrail.csv:659,,,,,,,,,,-1,-1,0
synthetic_cloudtrail.csv:660,,,,,,,,,,-1,-1,0
synthetic_cloudtrail.csv:661,,,,,,,,,,-1,-1,0
synthetic_cloudtrail.csv:662,,,,,,,,,,-1,-1,0
synthetic_cloudtrail.csv:663,,,,,,,,,,-1,-1,0
synthetic_cloudtrail.csv:664,,,,,,,,,,-1,-1,0
synthetic_cloudtrail.csv:665,,,,,,,,,,-1,-1,0
synthetic_cloudtrail.csv:666,,,,,,,,,,-1,-1,0
synthetic_cloudtrail.csv:667,,,,,,,,,,-1,-1,0
synthetic_cloudtrail.csv:668,,,,,,,,,,-1,-1,0
synthetic_cloudtrail.csv:669,,,,,,,,,,-1,-1,0
synthetic_cloudtrail.csv:670,,,,,,,,,,-1,-1,0
synthetic_cloudtrail.csv:671,camp-myaqatnciqfp,create_policy_version,reconnaissance,create_policy_version,,,,,,-1,-1,0
synthetic_cloudtrail.csv:672,camp-myaqatnciqfp,create_policy_version,reconnaissance,create_policy_version,,,,,,-1,-1,0
synthetic_cloudtrail.csv:673,camp-myaqatnciqfp,create_policy_version,reconnaissance,create_policy_version,,,,,,-1,-1,0
synthetic_cloudtrail.csv:674,camp-myaqatnciqfp,create_policy_version,reconnaissance,create_policy_version,,,,,,-1,-1,0
synthetic_cloudtrail.csv:675,camp-myaqatnciqfp,create_policy_version,reconnaissance,create_policy_version,,,,,,-1,-1,0
synthetic_cloudtrail.csv:676,camp-myaqatnciqfp,create_policy_version,reconnaissance,create_policy_version,,,,,,-1,-1,0
synthetic_cloudtrail.csv:677,camp-myaqatnciqfp,create_policy_version,reconnaissance,create_policy_version,,,,,,-1,-1,0
synthetic_cloudtrail.csv:678,camp-myaqatnciqfp,create_policy_version,privilege-escalation,create_policy_version,evt-uataizoskepr,,evt-uataizoskepr,s3:GetObject,iam:*;s3:*,0,0,1
synthetic_cloudtrail.csv:679,camp-myaqatnciqfp,create_policy_version,privilege-escalation,create_policy_version,evt-xbwgdgfvzrot,evt-uataizoskepr,evt-uataizoskepr,,,1,0,1
synthetic_cloudtrail.csv:680,camp-myaqatnciqfp,create_policy_version,,create_policy_version,,,,,,-1,-1,0
synthetic_cloudtrail.csv:681,camp-myaqatnciqfp,create_policy_version,,create_policy_version,,,,,,-1,-1,0
synthetic_cloudtrail.csv:682,,,,,,,,,,-1,-1,0
synthetic_cloudtrail.csv:683,,,,,,,,,,-1,-1,0
synthetic_cloudtrail.csv:684,,,,,,,,,,-1,-1,0
synthetic_cloudtrail.csv:685,,,,,,,,,,-1,-1,0
synthetic_cloudtrail.csv:686,,,,,,,,,,-1,-1,0
synthetic_cloudtrail.csv:687,,,,,,,,,,-1,-1,0
synthetic_cloudtrail.csv:688,,,,,,,,,,-1,-1,0
synthetic_cloudtrail.csv:689,,,,,,,,,,-1,-1,0
synthetic_cloudtrail.csv:690,,,,,,,,,,-1,-1,0
synthetic_cloudtrail.csv:691,,,,,,,,,,-1,-1,0
synthetic_cloudtrail.csv:692,,,,,,,,,,-1,-1,0
synthetic_cloudtrail.csv:693,,,,,,,,,,-1,-1,0
synthetic_cloudtrail.csv:694,,,,,,,,,,-1,-1,0
synthetic_cloudtrail.csv:695,,,,,,,,,,-1,-1,0
synthetic_cloudtrail.csv:696,,,,,,,,,,-1,-1,0
synthetic_cloudtrail.csv:697,,,,,,,,,,-1,-1,0
synthetic_cloudtrail.csv:698,,,,,,,,,,-1,-1,0
synthetic_cloudtrail.csv:699,,,,,,,,,,-1,-1,0
synthetic_cloudtrail.csv:700,,,,,,,,,,-1,-1,0
synthetic_cloudtrail.csv:701,,,,,,,,,,-1,-1,0
synthetic_cloudtrail.csv:702,,,,,,,,,,-1,-1,0
synthetic_cloudtrail.csv:703,,,,,,,,,,-1,-1,0
synthetic_cloudtrail.csv:704,,,,,,,,,,-1,-1,0
synthetic_cloudtrail.csv:705,,,,,,,,,,-1,-1,0
synthetic_cloudtrail.csv:706,,,,,,,,,,-1,-1,0
synthetic_cloudtrail.csv:707,,,,,,,,,,-1,-1,0
synthetic_cloudtrail.csv:708,,,,,,,,,,-1,-1,0
synthetic_cloudtrail.csv:709,,,,,,,,,,-1,-1,0
synthetic_cloudtrail.csv:710,,,,,,,,,,-1,-1,0
synthetic_cloudtrail.csv:711,,,,,,,,,,-1,-1,0
synthetic_cloudtrail.csv:712,,,,,,,,,,-1,-1,0
synthetic_cloudtrail.csv:713,,,,,,,,,,-1,-1,0
synthetic_cloudtrail.csv:714,,,,,,,,,,-1,-1,0
synthetic_cloudtrail.csv:715,,,,,,,,,,-1,-1,0
synthetic_cloudtrail.csv:716,,,,,,,,,,-1,-1,0
synthetic_cloudtrail.csv:717,,,,,,,,,,-1,-1,0
synthetic_cloudtrail.csv:718,,,,,,,,,,-1,-1,0
synthetic_cloudtrail.csv:719,,,,,,,,,,-1,-1,0
synthetic_cloudtrail.csv:720,,,,,,,,,,-1,-1,0
synthetic_cloudtrail.csv:721,,,,,,,,,,-1,-1,0
synthetic_cloudtrail.csv:722,,,,,,,,,,-1,-1,0
synthetic_cloudtrail.csv:723,,,,,,,,,,-1,-1,0
synthetic_cloudtrail.csv:724,,,,,,,,,,-1,-1,0
synthetic_cloudtrail.csv:725,,,,,,,,,,-1,-1,0
synthetic_cloudtrail.csv:726,,,,,,,,,,-1,-1,0
synthetic_cloudtrail.csv:727,,,,,,,,,,-1,-1,0
synthetic_cloudtrail.csv:728,,,,,,,,,,-1,-1,0
synthetic_cloudtrail.csv:729,,,,,,,,,,-1,-1,0
synthetic_cloudtrail.csv:730,,,,,,,,,,-1,-1,0
synthetic_cloudtrail.csv:731,,,,,,,,,,-1,-1,0
synthetic_cloudtrail.csv:732,camp-gslyduqtrygy,secrets_manager_sweep,reconnaissance,secrets_manager_sweep,,,,,,-1,-1,0
synthetic_cloudtrail.csv:733,camp-gslyduqtrygy,secrets_manager_sweep,reconnaissance,secrets_manager_sweep,,,,,,-1,-1,0
synthetic_cloudtrail.csv:734,camp-gslyduqtrygy,secrets_manager_sweep,reconnaissance,secrets_manager_sweep,,,,,,-1,-1,0
synthetic_cloudtrail.csv:735,camp-gslyduqtrygy,secrets_manager_sweep,reconnaissance,secrets_manager_sweep,,,,,,-1,-1,0
synthetic_cloudtrail.csv:736,camp-gslyduqtrygy,secrets_manager_sweep,credential-access,secrets_manager_sweep,evt-hakugsvdzujg,,evt-hakugsvdzujg,,,0,0,1
synthetic_cloudtrail.csv:737,camp-gslyduqtrygy,secrets_manager_sweep,credential-access,secrets_manager_sweep,evt-ksyxvdeyjqwu,evt-hakugsvdzujg,evt-hakugsvdzujg,,,1,0,1
synthetic_cloudtrail.csv:738,camp-gslyduqtrygy,secrets_manager_sweep,credential-access,secrets_manager_sweep,evt-tdhgopzjhnxk,evt-ksyxvdeyjqwu,evt-hakugsvdzujg,,,2,0,1
synthetic_cloudtrail.csv:739,camp-gslyduqtrygy,secrets_manager_sweep,,secrets_manager_sweep,,,,,,-1,-1,0
synthetic_cloudtrail.csv:740,camp-gslyduqtrygy,secrets_manager_sweep,,secrets_manager_sweep,,,,,,-1,-1,0
synthetic_cloudtrail.csv:741,camp-guvkmykaiueu,ssm_parameter_harvest,reconnaissance,ssm_parameter_harvest,,,,,,-1,-1,0
synthetic_cloudtrail.csv:742,camp-guvkmykaiueu,ssm_parameter_harvest,reconnaissance,ssm_parameter_harvest,,,,,,-1,-1,0
synthetic_cloudtrail.csv:743,camp-guvkmykaiueu,ssm_parameter_harvest,credential-access,ssm_parameter_harvest,evt-rmxfhbriekiy,,evt-rmxfhbriekiy,,,0,0,1
synthetic_cloudtrail.csv:744,camp-guvkmykaiueu,ssm_parameter_harvest,reconnaissance,ssm_parameter_harvest,,,,,,-1,-1,0
synthetic_cloudtrail.csv:745,camp-guvkmykaiueu,ssm_parameter_harvest,credential-access,ssm_parameter_harvest,evt-ekfzxvxyplqu,evt-rmxfhbriekiy,evt-rmxfhbriekiy,,,1,0,1
synthetic_cloudtrail.csv:746,camp-guvkmykaiueu,ssm_parameter_harvest,credential-access,ssm_parameter_harvest,evt-foqnjlbkdbht,evt-ekfzxvxyplqu,evt-rmxfhbriekiy,,,2,0,1
synthetic_cloudtrail.csv:747,camp-guvkmykaiueu,ssm_parameter_harvest,,ssm_parameter_harvest,,,,,,-1,-1,0
synthetic_cloudtrail.csv:748,camp-guvkmykaiueu,ssm_parameter_harvest,,ssm_parameter_harvest,,,,,,-1,-1,0
synthetic_cloudtrail.csv:749,camp-guvkmykaiueu,ssm_parameter_harvest,,ssm_parameter_harvest,,,,,,-1,-1,0
synthetic_cloudtrail.csv:750,camp-guvkmykaiueu,ssm_parameter_harvest,,ssm_parameter_harvest,,,,,,-1,-1,0
synthetic_cloudtrail.csv:751,camp-guvkmykaiueu,ssm_parameter_harvest,,ssm_parameter_harvest,,,,,,-1,-1,0
synthetic_cloudtrail.csv:752,,,,,,,,,,-1,-1,0
synthetic_cloudtrail.csv:753,,,,,,,,,,-1,-1,0
synthetic_cloudtrail.csv:754,,,,,,,,,,-1,-1,0
synthetic_cloudtrail.csv:755,,,,,,,,,,-1,-1,0
synthetic_cloudtrail.csv:756,,,,,,,,,,-1,-1,0
synthetic_cloudtrail.csv:757,,,,,,,,,,-1,-1,0
synthetic_cloudtrail.csv:758,,,,,,,,,,-1,-1,0
synthetic_cloudtrail.csv:759,,,,,,,,,,-1,-1,0
synthetic_cloudtrail.csv:760,,,,,,,,,,-1,-1,0
synthetic_cloudtrail.csv:761,,,,,,,,,,-1,-1,0
synthetic_cloudtrail.csv:762,,,,,,,,,,-1,-1,0
synthetic_cloudtrail.csv:763,,,,,,,,,,-1,-1,0
synthetic_cloudtrail.csv:764,,,,,,,,,,-1,-1,0
synthetic_cloudtrail.csv:765,,,,,,,,,,-1,-1,0
synthetic_cloudtrail.csv:766,,,,,,,,,,-1,-1,0
synthetic_cloudtrail.csv:767,,,,,,,,,,-1,-1,0
synthetic_cloudtrail.csv:768,,,,,,,,,,-1,-1,0
synthetic_cloudtrail.csv:769,,,,,,,,,,-1,-1,0
synthetic_cloudtrail.csv:770,,,,,,,,,,-1,-1,0
synthetic_cloudtrail.csv:771,,,,,,,,,,-1,-1,0
synthetic_cloudtrail.csv:772,,,,,,,,,,-1,-1,0
synthetic_cloudtrail.csv:773,,,,,,,,,,-1,-1,0
synthetic_cloudtrail.csv:774,,,,,,,,,,-1,-1,0
synthetic_cloudtrail.csv:775,,,,,,,,,,-1,-1,0
synthetic_cloudtrail.csv:776,,,,,,,,,,-1,-1,0
synthetic_cloudtrail.csv:777,,,,,,,,,,-1,-1,0
synthetic_cloudtrail.csv:778,,,,,,,,,,-1,-1,0
synthetic_cloudtrail.csv:779,,,,,,,,,,-1,-1,0
synthetic_cloudtrail.csv:780,,,,,,,,,,-1,-1,0
synthetic_cloudtrail.csv:781,,,,,,,,,,-1,-1,0
synthetic_cloudtrail.csv:782,,,,,,,,,,-1,-1,0
synthetic_cloudtrail.csv:783,,,,,,,,,,-1,-1,0
synthetic_cloudtrail.csv:784,,,,,,,,,,-1,-1,0
synthetic_cloudtrail.csv:785,,,,,,,,,,-1,-1,0
synthetic_cloudtrail.csv:786,,,,,,,,,,-1,-1,0
synthetic_cloudtrail.csv:787,,,,,,,,,,-1,-1,0
synthetic_cloudtrail.csv:788,,,,,,,,,,-1,-1,0
synthetic_cloudtrail.csv:789,camp-spjvghswdfit,create_role_inline_policy,reconnaissance,create_role_inline_policy,,,,,,-1,-1,0
synthetic_cloudtrail.csv:790,camp-spjvghswdfit,create_role_inline_policy,reconnaissance,create_role_inline_policy,,,,,,-1,-1,0
synthetic_cloudtrail.csv:791,camp-spjvghswdfit,create_role_inline_policy,reconnaissance,create_role_inline_policy,,,,,,-1,-1,0
synthetic_cloudtrail.csv:792,camp-spjvghswdfit,create_role_inline_policy,reconnaissance,create_role_inline_policy,,,,,,-1,-1,0
synthetic_cloudtrail.csv:793,camp-spjvghswdfit,create_role_inline_policy,reconnaissance,create_role_inline_policy,,,,,,-1,-1,0
synthetic_cloudtrail.csv:794,camp-spjvghswdfit,create_role_inline_policy,reconnaissance,create_role_inline_policy,,,,,,-1,-1,0
synthetic_cloudtrail.csv:795,camp-spjvghswdfit,create_role_inline_policy,reconnaissance,create_role_inline_policy,,,,,,-1,-1,0
synthetic_cloudtrail.csv:796,camp-spjvghswdfit,create_role_inline_policy,persistence,create_role_inline_policy,evt-fajkdbtxbzuv,,evt-fajkdbtxbzuv,,,0,0,1
synthetic_cloudtrail.csv:797,camp-spjvghswdfit,create_role_inline_policy,privilege-escalation,create_role_inline_policy,evt-dvlihcfslceg,evt-fajkdbtxbzuv,evt-fajkdbtxbzuv,s3:GetObject,iam:*;s3:*;sts:AssumeRole,1,0,1
synthetic_cloudtrail.csv:798,camp-spjvghswdfit,create_role_inline_policy,,create_role_inline_policy,,,,,,-1,-1,0
synthetic_cloudtrail.csv:799,camp-spjvghswdfit,create_role_inline_policy,,create_role_inline_policy,,,,,,-1,-1,0
synthetic_cloudtrail.csv:800,camp-spjvghswdfit,create_role_inline_policy,,create_role_inline_policy,,,,,,-1,-1,0
synthetic_cloudtrail.csv:801,,,,,,,,,,-1,-1,0
synthetic_cloudtrail.csv:802,,,,,,,,,,-1,-1,0
synthetic_cloudtrail.csv:803,,,,,,,,,,-1,-1,0
synthetic_cloudtrail.csv:804,,,,,,,,,,-1,-1,0
synthetic_cloudtrail.csv:805,,,,,,,,,,-1,-1,0
synthetic_cloudtrail.csv:806,,,,,,,,,,-1,-1,0
synthetic_cloudtrail.csv:807,,,,,,,,,,-1,-1,0
synthetic_cloudtrail.csv:808,camp-lrcpdmmzmwnt,ec2_credential_extraction,reconnaissance,ec2_credential_extraction,,,,,,-1,-1,0
synthetic_cloudtrail.csv:809,camp-lrcpdmmzmwnt,ec2_credential_extraction,reconnaissance,ec2_credential_extraction,,,,,,-1,-1,0
synthetic_cloudtrail.csv:810,camp-lrcpdmmzmwnt,ec2_credential_extraction,reconnaissance,ec2_credential_extraction,,,,,,-1,-1,0
synthetic_cloudtrail.csv:811,camp-lrcpdmmzmwnt,ec2_credential_extraction,reconnaissance,ec2_credential_extraction,,,,,,-1,-1,0
synthetic_cloudtrail.csv:812,camp-lrcpdmmzmwnt,ec2_credential_extraction,credential-access,ec2_credential_extraction,evt-zcczdllwqtje,evt-wttavxiqonxj,evt-wttavxiqonxj,,,1,0,1
synthetic_cloudtrail.csv:813,camp-lrcpdmmzmwnt,ec2_credential_extraction,credential-access,ec2_credential_extraction,evt-wttavxiqonxj,,evt-wttavxiqonxj,,,0,0,1
synthetic_cloudtrail.csv:814,camp-lrcpdmmzmwnt,ec2_credential_extraction,,ec2_credential_extraction,,,,,,-1,-1,0
synthetic_cloudtrail.csv:815,camp-lrcpdmmzmwnt,ec2_credential_extraction,,ec2_credential_extraction,,,,,,-1,-1,0
synthetic_cloudtrail.csv:816,camp-ovyrooxncdro,assume_then_attach_admin,reconnaissance,assume_then_attach_admin,,,,,,-1,-1,0
synthetic_cloudtrail.csv:817,camp-ovyrooxncdro,assume_then_attach_admin,reconnaissance,assume_then_attach_admin,,,,,,-1,-1,0
synthetic_cloudtrail.csv:818,camp-ovyrooxncdro,assume_then_attach_admin,reconnaissance,assume_then_attach_admin,,,,,,-1,-1,0
synthetic_cloudtrail.csv:819,camp-ovyrooxncdro,assume_then_attach_admin,privilege-escalation,assume_then_attach_admin,evt-oefakdiknusu,,evt-oefakdiknusu,,,0,0,1
synthetic_cloudtrail.csv:820,camp-ovyrooxncdro,assume_then_attach_admin,privilege-escalation,assume_then_attach_admin,evt-ukblghtgbzvq,evt-oefakdiknusu,evt-oefakdiknusu,s3:GetObject;s3:ListBucket,*,1,1,1
synthetic_cloudtrail.csv:821,camp-ovyrooxncdro,assume_then_attach_admin,privilege-escalation,assume_then_attach_admin,evt-qextdlyjnzer,evt-ukblghtgbzvq,evt-oefakdiknusu,s3:GetObject;s3:ListBucket,*,2,1,1
synthetic_cloudtrail.csv:822,camp-ovyrooxncdro,assume_then_attach_admin,,assume_then_attach_admin,,,,,,-1,-1,0
synthetic_cloudtrail.csv:823,camp-ovyrooxncdro,assume_then_attach_admin,,assume_then_attach_admin,,,,,,-1,-1,0
synthetic_cloudtrail.csv:824,,,,,,,,,,-1,-1,0
synthetic_cloudtrail.csv:825,,,,,,,,,,-1,-1,0
synthetic_cloudtrail.csv:826,,,,,,,,,,-1,-1,0
synthetic_cloudtrail.csv:827,,,,,,,,,,-1,-1,0
synthetic_cloudtrail.csv:828,,,,,,,,,,-1,-1,0
synthetic_cloudtrail.csv:829,,,,,,,,,,-1,-1,0
synthetic_cloudtrail.csv:830,,,,,,,,,,-1,-1,0
synthetic_cloudtrail.csv:831,,,,,,,,,,-1,-1,0
synthetic_cloudtrail.csv:832,,,,,,,,,,-1,-1,0
synthetic_cloudtrail.csv:833,,,,,,,,,,-1,-1,0
synthetic_cloudtrail.csv:834,,,,,,,,,,-1,-1,0
synthetic_cloudtrail.csv:835,,,,,,,,,,-1,-1,0
synthetic_cloudtrail.csv:836,,,,,,,,,,-1,-1,0
synthetic_cloudtrail.csv:837,,,,,,,,,,-1,-1,0
synthetic_cloudtrail.csv:838,,,,,,,,,,-1,-1,0
synthetic_cloudtrail.csv:839,,,,,,,,,,-1,-1,0
synthetic_cloudtrail.csv:840,,,,,,,,,,-1,-1,0
synthetic_cloudtrail.csv:841,,,,,,,,,,-1,-1,0
synthetic_cloudtrail.csv:842,,,,,,,,,,-1,-1,0
synthetic_cloudtrail.csv:843,,,,,,,,,,-1,-1,0
synthetic_cloudtrail.csv:844,,,,,,,,,,-1,-1,0
synthetic_cloudtrail.csv:845,,,,,,,,,,-1,-1,0
synthetic_cloudtrail.csv:846,,,,,,,,,,-1,-1,0
synthetic_cloudtrail.csv:847,,,,,,,,,,-1,-1,0
synthetic_cloudtrail.csv:848,,,,,,,,,,-1,-1,0
synthetic_cloudtrail.csv:849,,,,,,,,,,-1,-1,0
synthetic_cloudtrail.csv:850,,,,,,,,,,-1,-1,0
synthetic_cloudtrail.csv:851,,,,,,,,,,-1,-1,0
synthetic_cloudtrail.csv:852,,,,,,,,,,-1,-1,0
synthetic_cloudtrail.csv:853,,,,,,,,,,-1,-1,0
synthetic_cloudtrail.csv:854,,,,,,,,,,-1,-1,0
synthetic_cloudtrail.csv:855,,,,,,,,,,-1,-1,0
synthetic_cloudtrail.csv:856,,,,,,,,,,-1,-1,0
synthetic_cloudtrail.csv:857,,,,,,,,,,-1,-1,0
synthetic_cloudtrail.csv:858,,,,,,,,,,-1,-1,0
synthetic_cloudtrail.csv:859,,,,,,,,,,-1,-1,0
synthetic_cloudtrail.csv:860,camp-ghieolbcrthu,ssm_parameter_harvest,reconnaissance,ssm_parameter_harvest,,,,,,-1,-1,0
synthetic_cloudtrail.csv:861,camp-ghieolbcrthu,ssm_parameter_harvest,reconnaissance,ssm_parameter_harvest,,,,,,-1,-1,0
synthetic_cloudtrail.csv:862,camp-ghieolbcrthu,ssm_parameter_harvest,reconnaissance,ssm_parameter_harvest,,,,,,-1,-1,0
synthetic_cloudtrail.csv:863,camp-ghieolbcrthu,ssm_parameter_harvest,reconnaissance,ssm_parameter_harvest,,,,,,-1,-1,0
synthetic_cloudtrail.csv:864,camp-ghieolbcrthu,ssm_parameter_harvest,reconnaissance,ssm_parameter_harvest,,,,,,-1,-1,0
synthetic_cloudtrail.csv:865,camp-ghieolbcrthu,ssm_parameter_harvest,reconnaissance,ssm_parameter_harvest,,,,,,-1,-1,0
synthetic_cloudtrail.csv:866,camp-ghieolbcrthu,ssm_parameter_harvest,reconnaissance,ssm_parameter_harvest,,,,,,-1,-1,0
synthetic_cloudtrail.csv:867,camp-ghieolbcrthu,ssm_parameter_harvest,credential-access,ssm_parameter_harvest,evt-woobmzuamcov,evt-hrvvxdqqyrpg,evt-popaygzhwvlp,,,2,0,1
synthetic_cloudtrail.csv:868,camp-ghieolbcrthu,ssm_parameter_harvest,reconnaissance,ssm_parameter_harvest,,,,,,-1,-1,0
synthetic_cloudtrail.csv:869,camp-ghieolbcrthu,ssm_parameter_harvest,credential-access,ssm_parameter_harvest,evt-hrvvxdqqyrpg,evt-popaygzhwvlp,evt-popaygzhwvlp,,,1,0,1
synthetic_cloudtrail.csv:870,camp-ghieolbcrthu,ssm_parameter_harvest,credential-access,ssm_parameter_harvest,evt-popaygzhwvlp,,evt-popaygzhwvlp,,,0,0,1
synthetic_cloudtrail.csv:871,camp-ghieolbcrthu,ssm_parameter_harvest,,ssm_parameter_harvest,,,,,,-1,-1,0
synthetic_cloudtrail.csv:872,camp-ghieolbcrthu,ssm_parameter_harvest,,ssm_parameter_harvest,,,,,,-1,-1,0
synthetic_cloudtrail.csv:873,,,,,,,,,,-1,-1,0
synthetic_cloudtrail.csv:874,,,,,,,,,,-1,-1,0
synthetic_cloudtrail.csv:875,,,,,,,,,,-1,-1,0
synthetic_cloudtrail.csv:876,,,,,,,,,,-1,-1,0
synthetic_cloudtrail.csv:877,,,,,,,,,,-1,-1,0
synthetic_cloudtrail.csv:878,,,,,,,,,,-1,-1,0
synthetic_cloudtrail.csv:879,,,,,,,,,,-1,-1,0
synthetic_cloudtrail.csv:880,,,,,,,,,,-1,-1,0
synthetic_cloudtrail.csv:881,,,,,,,,,,-1,-1,0
synthetic_cloudtrail.csv:882,,,,,,,,,,-1,-1,0
synthetic_cloudtrail.csv:883,,,,,,,,,,-1,-1,0
synthetic_cloudtrail.csv:884,,,,,,,,,,-1,-1,0
synthetic_cloudtrail.csv:885,,,,,,,,,,-1,-1,0
synthetic_cloudtrail.csv:886,camp-hrcgsbkzrzua,secrets_manager_sweep,reconnaissance,secrets_manager_sweep,,,,,,-1,-1,0
synthetic_cloudtrail.csv:887,camp-hrcgsbkzrzua,secrets_manager_sweep,reconnaissance,secrets_manager_sweep,,,,,,-1,-1,0
synthetic_cloudtrail.csv:888,camp-hrcgsbkzrzua,secrets_manager_sweep,reconnaissance,secrets_manager_sweep,,,,,,-1,-1,0
synthetic_cloudtrail.csv:889,camp-hrcgsbkzrzua,secrets_manager_sweep,reconnaissance,secrets_manager_sweep,,,,,,-1,-1,0
synthetic_cloudtrail.csv:890,camp-hrcgsbkzrzua,secrets_manager_sweep,credential-access,secrets_manager_sweep,evt-wgbwgtvtpxfr,,evt-wgbwgtvtpxfr,,,0,0,1
synthetic_cloudtrail.csv:891,camp-hrcgsbkzrzua,secrets_manager_sweep,credential-access,secrets_manager_sweep,evt-jeeifmjkovkx,evt-wgbwgtvtpxfr,evt-wgbwgtvtpxfr,,,1,0,1
synthetic_cloudtrail.csv:892,camp-hrcgsbkzrzua,secrets_manager_sweep,credential-access,secrets_manager_sweep,evt-nheqljasvovj,evt-jeeifmjkovkx,evt-wgbwgtvtpxfr,,,2,0,1
synthetic_cloudtrail.csv:893,camp-hrcgsbkzrzua,secrets_manager_sweep,,secrets_manager_sweep,,,,,,-1,-1,0
synthetic_cloudtrail.csv:894,camp-hrcgsbkzrzua,secrets_manager_sweep,,secrets_manager_sweep,,,,,,-1,-1,0
synthetic_cloudtrail.csv:895,,,,,,,,,,-1,-1,0
synthetic_cloudtrail.csv:896,,,,,,,,,,-1,-1,0
synthetic_cloudtrail.csv:897,,,,,,,,,,-1,-1,0
synthetic_cloudtrail.csv:898,,,,,,,,,,-1,-1,0
synthetic_cloudtrail.csv:899,,,,,,,,,,-1,-1,0
synthetic_cloudtrail.csv:900,,,,,,,,,,-1,-1,0
synthetic_cloudtrail.csv:901,,,,,,,,,,-1,-1,0
synthetic_cloudtrail.csv:902,,,,,,,,,,-1,-1,0
synthetic_cloudtrail.csv:903,,,,,,,,,,-1,-1,0
synthetic_cloudtrail.csv:904,,,,,,,,,,-1,-1,0
synthetic_cloudtrail.csv:905,,,,,,,,,,-1,-1,0
synthetic_cloudtrail.csv:906,,,,,,,,,,-1,-1,0
synthetic_cloudtrail.csv:907,,,,,,,,,,-1,-1,0
synthetic_cloudtrail.csv:908,,,,,,,,,,-1,-1,0
synthetic_cloudtrail.csv:909,,,,,,,,,,-1,-1,0
synthetic_cloudtrail.csv:910,,,,,,,,,,-1,-1,0
synthetic_cloudtrail.csv:911,,,,,,,,,,-1,-1,0
synthetic_cloudtrail.csv:912,,,,,,,,,,-1,-1,0
synthetic_cloudtrail.csv:913,,,,,,,,,,-1,-1,0
synthetic_cloudtrail.csv:914,,,,,,,,,,-1,-1,0
synthetic_cloudtrail.csv:915,,,,,,,,,,-1,-1,0
synthetic_cloudtrail.csv:916,,,,,,,,,,-1,-1,0
synthetic_cloudtrail.csv:917,,,,,,,,,,-1,-1,0
synthetic_cloudtrail.csv:918,,,,,,,,,,-1,-1,0
synthetic_cloudtrail.csv:919,,,,,,,,,,-1,-1,0
synthetic_cloudtrail.csv:920,,,,,,,,,,-1,-1,0
synthetic_cloudtrail.csv:921,camp-pmxnldnngmhu,ec2_password_data,reconnaissance,ec2_password_data,,,,,,-1,-1,0
synthetic_cloudtrail.csv:922,camp-pmxnldnngmhu,ec2_password_data,reconnaissance,ec2_password_data,,,,,,-1,-1,0
synthetic_cloudtrail.csv:923,camp-pmxnldnngmhu,ec2_password_data,reconnaissance,ec2_password_data,,,,,,-1,-1,0
synthetic_cloudtrail.csv:924,camp-pmxnldnngmhu,ec2_password_data,reconnaissance,ec2_password_data,,,,,,-1,-1,0
synthetic_cloudtrail.csv:925,camp-pmxnldnngmhu,ec2_password_data,reconnaissance,ec2_password_data,,,,,,-1,-1,0
synthetic_cloudtrail.csv:926,camp-pmxnldnngmhu,ec2_password_data,reconnaissance,ec2_password_data,,,,,,-1,-1,0
synthetic_cloudtrail.csv:927,camp-pmxnldnngmhu,ec2_password_data,persistence,ec2_password_data,evt-zwjrvelnicey,,evt-zwjrvelnicey,,,0,0,1
synthetic_cloudtrail.csv:928,camp-pmxnldnngmhu,ec2_password_data,privilege-escalation,ec2_password_data,evt-jlcltzcthmpt,evt-zwjrvelnicey,evt-zwjrvelnicey,s3:GetObject,iam:*;s3:*;sts:AssumeRole,1,0,1
synthetic_cloudtrail.csv:929,camp-pmxnldnngmhu,ec2_password_data,credential-access,ec2_password_data,evt-zfzigzkdljvc,evt-jlcltzcthmpt,evt-zwjrvelnicey,,,2,0,1
synthetic_cloudtrail.csv:930,camp-pmxnldnngmhu,ec2_password_data,,ec2_password_data,,,,,,-1,-1,0
synthetic_cloudtrail.csv:931,camp-pmxnldnngmhu,ec2_password_data,,ec2_password_data,,,,,,-1,-1,0
synthetic_cloudtrail.csv:932,camp-pmxnldnngmhu,ec2_password_data,,ec2_password_data,,,,,,-1,-1,0
synthetic_cloudtrail.csv:933,camp-pmxnldnngmhu,ec2_password_data,,ec2_password_data,,,,,,-1,-1,0
synthetic_cloudtrail.csv:934,camp-pmxnldnngmhu,ec2_password_data,,ec2_password_data,,,,,,-1,-1,0
synthetic_cloudtrail.csv:935,,,,,,,,,,-1,-1,0
synthetic_cloudtrail.csv:936,,,,,,,,,,-1,-1,0
synthetic_cloudtrail.csv:937,,,,,,,,,,-1,-1,0
synthetic_cloudtrail.csv:938,,,,,,,,,,-1,-1,0
synthetic_cloudtrail.csv:939,,,,,,,,,,-1,-1,0
synthetic_cloudtrail.csv:940,,,,,,,,,,-1,-1,0
synthetic_cloudtrail.csv:941,,,,,,,,,,-1,-1,0
synthetic_cloudtrail.csv:942,,,,,,,,,,-1,-1,0
synthetic_cloudtrail.csv:943,,,,,,,,,,-1,-1,0
synthetic_cloudtrail.csv:944,,,,,,,,,,-1,-1,0
synthetic_cloudtrail.csv:945,,,,,,,,,,-1,-1,0
synthetic_cloudtrail.csv:946,,,,,,,,,,-1,-1,0
synthetic_cloudtrail.csv:947,,,,,,,,,,-1,-1,0
synthetic_cloudtrail.csv:948,,,,,,,,,,-1,-1,0
synthetic_cloudtrail.csv:949,,,,,,,,,,-1,-1,0
synthetic_cloudtrail.csv:950,,,,,,,,,,-1,-1,0
synthetic_cloudtrail.csv:951,,,,,,,,,,-1,-1,0
synthetic_cloudtrail.csv:952,,,,,,,,,,-1,-1,0
synthetic_cloudtrail.csv:953,,,,,,,,,,-1,-1,0
synthetic_cloudtrail.csv:954,,,,,,,,,,-1,-1,0
synthetic_cloudtrail.csv:955,,,,,,,,,,-1,-1,0
synthetic_cloudtrail.csv:956,,,,,,,,,,-1,-1,0
synthetic_cloudtrail.csv:957,,,,,,,,,,-1,-1,0
synthetic_cloudtrail.csv:958,,,,,,,,,,-1,-1,0
synthetic_cloudtrail.csv:959,,,,,,,,,,-1,-1,0
synthetic_cloudtrail.csv:960,,,,,,,,,,-1,-1,0
synthetic_cloudtrail.csv:961,,,,,,,,,,-1,-1,0
synthetic_cloudtrail.csv:962,,,,,,,,,,-1,-1,0
synthetic_cloudtrail.csv:963,,,,,,,,,,-1,-1,0
synthetic_cloudtrail.csv:964,,,,,,,,,,-1,-1,0
synthetic_cloudtrail.csv:965,,,,,,,,,,-1,-1,0
synthetic_cloudtrail.csv:966,,,,,,,,,,-1,-1,0
synthetic_cloudtrail.csv:967,,,,,,,,,,-1,-1,0
synthetic_cloudtrail.csv:968,,,,,,,,,,-1,-1,0
synthetic_cloudtrail.csv:969,,,,,,,,,,-1,-1,0
synthetic_cloudtrail.csv:970,,,,,,,,,,-1,-1,0
synthetic_cloudtrail.csv:971,,,,,,,,,,-1,-1,0
synthetic_cloudtrail.csv:972,,,,,,,,,,-1,-1,0
synthetic_cloudtrail.csv:973,,,,,,,,,,-1,-1,0
synthetic_cloudtrail.csv:974,,,,,,,,,,-1,-1,0
synthetic_cloudtrail.csv:975,,,,,,,,,,-1,-1,0
synthetic_cloudtrail.csv:976,,,,,,,,,,-1,-1,0
synthetic_cloudtrail.csv:977,,,,,,,,,,-1,-1,0
synthetic_cloudtrail.csv:978,,,,,,,,,,-1,-1,0
synthetic_cloudtrail.csv:979,,,,,,,,,,-1,-1,0
synthetic_cloudtrail.csv:980,,,,,,,,,,-1,-1,0
synthetic_cloudtrail.csv:981,,,,,,,,,,-1,-1,0
synthetic_cloudtrail.csv:982,camp-zeakuerwfodr,secrets_manager_sweep,reconnaissance,secrets_manager_sweep,,,,,,-1,-1,0
synthetic_cloudtrail.csv:983,camp-zeakuerwfodr,secrets_manager_sweep,reconnaissance,secrets_manager_sweep,,,,,,-1,-1,0
synthetic_cloudtrail.csv:984,camp-zeakuerwfodr,secrets_manager_sweep,reconnaissance,secrets_manager_sweep,,,,,,-1,-1,0
synthetic_cloudtrail.csv:985,camp-zeakuerwfodr,secrets_manager_sweep,reconnaissance,secrets_manager_sweep,,,,,,-1,-1,0
synthetic_cloudtrail.csv:986,camp-zeakuerwfodr,secrets_manager_sweep,reconnaissance,secrets_manager_sweep,,,,,,-1,-1,0
synthetic_cloudtrail.csv:987,camp-zeakuerwfodr,secrets_manager_sweep,reconnaissance,secrets_manager_sweep,,,,,,-1,-1,0
synthetic_cloudtrail.csv:988,camp-zeakuerwfodr,secrets_manager_sweep,reconnaissance,secrets_manager_sweep,,,,,,-1,-1,0
synthetic_cloudtrail.csv:989,camp-zeakuerwfodr,secrets_manager_sweep,credential-access,secrets_manager_sweep,evt-ilqmfrvxhsje,evt-lyxwmwzwythl,evt-lyxwmwzwythl,,,1,0,1
synthetic_cloudtrail.csv:990,camp-zeakuerwfodr,secrets_manager_sweep,credential-access,secrets_manager_sweep,evt-lyxwmwzwythl,,evt-lyxwmwzwythl,,,0,0,1
synthetic_cloudtrail.csv:991,camp-zeakuerwfodr,secrets_manager_sweep,reconnaissance,secrets_manager_sweep,,,,,,-1,-1,0
synthetic_cloudtrail.csv:992,camp-zeakuerwfodr,secrets_manager_sweep,credential-access,secrets_manager_sweep,evt-rythjmdrovui,evt-ilqmfrvxhsje,evt-lyxwmwzwythl,,,2,0,1
synthetic_cloudtrail.csv:993,camp-zeakuerwfodr,secrets_manager_sweep,,secrets_manager_sweep,,,,,,-1,-1,0
synthetic_cloudtrail.csv:994,camp-zeakuerwfodr,secrets_manager_sweep,,secrets_manager_sweep,,,,,,-1,-1,0
synthetic_cloudtrail.csv:995,camp-zeakuerwfodr,secrets_manager_sweep,,secrets_manager_sweep,,,,,,-1,-1,0
synthetic_cloudtrail.csv:996,camp-zeakuerwfodr,secrets_manager_sweep,,secrets_manager_sweep,,,,,,-1,-1,0
synthetic_cloudtrail.csv:997,,,,,,,,,,-1,-1,0
synthetic_cloudtrail.csv:998,,,,,,,,,,-1,-1,0
synthetic_cloudtrail.csv:999,,,,,,,,,,-1,-1,0
synthetic_cloudtrail.csv:1000,,,,,,,,,,-1,-1,0
synthetic_cloudtrail.csv:1001,,,,,,,,,,-1,-1,0
synthetic_cloudtrail.csv:1002,,,,,,,,,,-1,-1,0
synthetic_cloudtrail.csv:1003,,,,,,,,,,-1,-1,0
synthetic_cloudtrail.csv:1004,,,,,,,,,,-1,-1,0
synthetic_cloudtrail.csv:1005,,,,,,,,,,-1,-1,0
synthetic_cloudtrail.csv:1006,,,,,,,,,,-1,-1,0
synthetic_cloudtrail.csv:1007,,,,,,,,,,-1,-1,0
synthetic_cloudtrail.csv:1008,,,,,,,,,,-1,-1,0
synthetic_cloudtrail.csv:1009,,,,,,,,,,-1,-1,0
synthetic_cloudtrail.csv:1010,,,,,,,,,,-1,-1,0
synthetic_cloudtrail.csv:1011,,,,,,,,,,-1,-1,0
synthetic_cloudtrail.csv:1012,,,,,,,,,,-1,-1,0
synthetic_cloudtrail.csv:1013,camp-heukkchdrips,ssm_parameter_harvest,reconnaissance,ssm_parameter_harvest,,,,,,-1,-1,0
synthetic_cloudtrail.csv:1014,camp-heukkchdrips,ssm_parameter_harvest,reconnaissance,ssm_parameter_harvest,,,,,,-1,-1,0
synthetic_cloudtrail.csv:1015,camp-heukkchdrips,ssm_parameter_harvest,reconnaissance,ssm_parameter_harvest,,,,,,-1,-1,0
synthetic_cloudtrail.csv:1016,camp-heukkchdrips,ssm_parameter_harvest,reconnaissance,ssm_parameter_harvest,,,,,,-1,-1,0
synthetic_cloudtrail.csv:1017,camp-heukkchdrips,ssm_parameter_harvest,reconnaissance,ssm_parameter_harvest,,,,,,-1,-1,0
synthetic_cloudtrail.csv:1018,camp-heukkchdrips,ssm_parameter_harvest,credential-access,ssm_parameter_harvest,evt-kilyvuscbihi,,evt-kilyvuscbihi,,,0,0,1
synthetic_cloudtrail.csv:1019,camp-heukkchdrips,ssm_parameter_harvest,credential-access,ssm_parameter_harvest,evt-jxfkzyrilexa,evt-kilyvuscbihi,evt-kilyvuscbihi,,,1,0,1
synthetic_cloudtrail.csv:1020,camp-heukkchdrips,ssm_parameter_harvest,credential-access,ssm_parameter_harvest,evt-esvgsvdanrlj,evt-jxfkzyrilexa,evt-kilyvuscbihi,,,2,0,1
synthetic_cloudtrail.csv:1021,camp-heukkchdrips,ssm_parameter_harvest,reconnaissance,ssm_parameter_harvest,,,,,,-1,-1,0
synthetic_cloudtrail.csv:1022,camp-heukkchdrips,ssm_parameter_harvest,,ssm_parameter_harvest,,,,,,-1,-1,0
synthetic_cloudtrail.csv:1023,camp-heukkchdrips,ssm_parameter_harvest,,ssm_parameter_harvest,,,,,,-1,-1,0
synthetic_cloudtrail.csv:1024,camp-heukkchdrips,ssm_parameter_harvest,,ssm_parameter_harvest,,,,,,-1,-1,0
synthetic_cloudtrail.csv:1025,camp-heukkchdrips,ssm_parameter_harvest,,ssm_parameter_harvest,,,,,,-1,-1,0
synthetic_cloudtrail.csv:1026,camp-hctydzovecpk,ssm_parameter_harvest,reconnaissance,ssm_parameter_harvest,,,,,,-1,-1,0
synthetic_cloudtrail.csv:1027,camp-hctydzovecpk,ssm_parameter_harvest,reconnaissance,ssm_parameter_harvest,,,,,,-1,-1,0
synthetic_cloudtrail.csv:1028,camp-hctydzovecpk,ssm_parameter_harvest,reconnaissance,ssm_parameter_harvest,,,,,,-1,-1,0
synthetic_cloudtrail.csv:1029,camp-hctydzovecpk,ssm_parameter_harvest,credential-access,ssm_parameter_harvest,evt-ogxyirdezzxb,,evt-ogxyirdezzxb,,,0,0,1
synthetic_cloudtrail.csv:1030,camp-hctydzovecpk,ssm_parameter_harvest,credential-access,ssm_parameter_harvest,evt-sszvuvmeqnlo,evt-bjyacnjfiswk,evt-ogxyirdezzxb,,,2,0,1
synthetic_cloudtrail.csv:1031,camp-hctydzovecpk,ssm_parameter_harvest,credential-access,ssm_parameter_harvest,evt-bjyacnjfiswk,evt-ogxyirdezzxb,evt-ogxyirdezzxb,,,1,0,1
synthetic_cloudtrail.csv:1032,camp-hctydzovecpk,ssm_parameter_harvest,,ssm_parameter_harvest,,,,,,-1,-1,0
synthetic_cloudtrail.csv:1033,camp-hctydzovecpk,ssm_parameter_harvest,,ssm_parameter_harvest,,,,,,-1,-1,0
synthetic_cloudtrail.csv:1034,camp-hctydzovecpk,ssm_parameter_harvest,,ssm_parameter_harvest,,,,,,-1,-1,0
synthetic_cloudtrail.csv:1035,camp-hctydzovecpk,ssm_parameter_harvest,,ssm_parameter_harvest,,,,,,-1,-1,0
synthetic_cloudtrail.csv:1036,camp-hctydzovecpk,ssm_parameter_harvest,,ssm_parameter_harvest,,,,,,-1,-1,0
synthetic_cloudtrail.csv:1037,camp-skybdkvxjpig,ssm_parameter_harvest,reconnaissance,ssm_parameter_harvest,,,,,,-1,-1,0
synthetic_cloudtrail.csv:1038,camp-skybdkvxjpig,ssm_parameter_harvest,reconnaissance,ssm_parameter_harvest,,,,,,-1,-1,0
synthetic_cloudtrail.csv:1039,camp-skybdkvxjpig,ssm_parameter_harvest,reconnaissance,ssm_parameter_harvest,,,,,,-1,-1,0
synthetic_cloudtrail.csv:1040,camp-skybdkvxjpig,ssm_parameter_harvest,reconnaissance,ssm_parameter_harvest,,,,,,-1,-1,0
synthetic_cloudtrail.csv:1041,camp-skybdkvxjpig,ssm_parameter_harvest,reconnaissance,ssm_parameter_harvest,,,,,,-1,-1,0
synthetic_cloudtrail.csv:1042,camp-skybdkvxjpig,ssm_parameter_harvest,credential-access,ssm_parameter_harvest,evt-dqcgaesejsch,evt-pzyjnjyinxlq,evt-pzyjnjyinxlq,,,1,0,1
synthetic_cloudtrail.csv:1043,camp-skybdkvxjpig,ssm_parameter_harvest,credential-access,ssm_parameter_harvest,evt-pzyjnjyinxlq,,evt-pzyjnjyinxlq,,,0,0,1
synthetic_cloudtrail.csv:1044,camp-skybdkvxjpig,ssm_parameter_harvest,reconnaissance,ssm_parameter_harvest,,,,,,-1,-1,0
synthetic_cloudtrail.csv:1045,camp-skybdkvxjpig,ssm_parameter_harvest,credential-access,ssm_parameter_harvest,evt-tjuunyjflleg,evt-dqcgaesejsch,evt-pzyjnjyinxlq,,,2,0,1
synthetic_cloudtrail.csv:1046,camp-skybdkvxjpig,ssm_parameter_harvest,,ssm_parameter_harvest,,,,,,-1,-1,0
synthetic_cloudtrail.csv:1047,camp-skybdkvxjpig,ssm_parameter_harvest,,ssm_parameter_harvest,,,,,,-1,-1,0
synthetic_cloudtrail.csv:1048,camp-skybdkvxjpig,ssm_parameter_harvest,,ssm_parameter_harvest,,,,,,-1,-1,0
synthetic_cloudtrail.csv:1049,camp-skybdkvxjpig,ssm_parameter_harvest,,ssm_parameter_harvest,,,,,,-1,-1,0
synthetic_cloudtrail.csv:1050,camp-skybdkvxjpig,ssm_parameter_harvest,,ssm_parameter_harvest,,,,,,-1,-1,0
synthetic_cloudtrail.csv:1051,,,,,,,,,,-1,-1,0
synthetic_cloudtrail.csv:1052,,,,,,,,,,-1,-1,0
synthetic_cloudtrail.csv:1053,,,,,,,,,,-1,-1,0
synthetic_cloudtrail.csv:1054,,,,,,,,,,-1,-1,0
synthetic_cloudtrail.csv:1055,,,,,,,,,,-1,-1,0
synthetic_cloudtrail.csv:1056,,,,,,,,,,-1,-1,0
synthetic_cloudtrail.csv:1057,,,,,,,,,,-1,-1,0
synthetic_cloudtrail.csv:1058,,,,,,,,,,-1,-1,0
synthetic_cloudtrail.csv:1059,,,,,,,,,,-1,-1,0
synthetic_cloudtrail.csv:1060,,,,,,,,,,-1,-1,0
synthetic_cloudtrail.csv:1061,,,,,,,,,,-1,-1,0
synthetic_cloudtrail.csv:1062,,,,,,,,,,-1,-1,0
synthetic_cloudtrail.csv:1063,,,,,,,,,,-1,-1,0
synthetic_cloudtrail.csv:1064,camp-abymkwpbubck,assume_then_backdoor_key,reconnaissance,assume_then_backdoor_key,,,,,,-1,-1,0
synthetic_cloudtrail.csv:1065,camp-abymkwpbubck,assume_then_backdoor_key,reconnaissance,assume_then_backdoor_key,,,,,,-1,-1,0
synthetic_cloudtrail.csv:1066,camp-abymkwpbubck,assume_then_backdoor_key,reconnaissance,assume_then_backdoor_key,,,,,,-1,-1,0
synthetic_cloudtrail.csv:1067,camp-abymkwpbubck,assume_then_backdoor_key,reconnaissance,assume_then_backdoor_key,,,,,,-1,-1,0
synthetic_cloudtrail.csv:1068,camp-abymkwpbubck,assume_then_backdoor_key,reconnaissance,assume_then_backdoor_key,,,,,,-1,-1,0
synthetic_cloudtrail.csv:1069,camp-abymkwpbubck,assume_then_backdoor_key,reconnaissance,assume_then_backdoor_key,,,,,,-1,-1,0
synthetic_cloudtrail.csv:1070,camp-abymkwpbubck,assume_then_backdoor_key,privilege-escalation,assume_then_backdoor_key,evt-cqmvzcxdwdki,,evt-cqmvzcxdwdki,,,0,0,1
synthetic_cloudtrail.csv:1071,camp-abymkwpbubck,assume_then_backdoor_key,persistence,assume_then_backdoor_key,evt-fqjnpgwmtnqb,evt-cqmvzcxdwdki,evt-cqmvzcxdwdki,,,1,1,1
synthetic_cloudtrail.csv:1072,camp-abymkwpbubck,assume_then_backdoor_key,privilege-escalation,assume_then_backdoor_key,evt-hnjmabvlpfnp,evt-fqjnpgwmtnqb,evt-cqmvzcxdwdki,s3:GetObject,iam:*;s3:*;sts:AssumeRole,2,1,1
synthetic_cloudtrail.csv:1073,camp-abymkwpbubck,assume_then_backdoor_key,,assume_then_backdoor_key,,,,,,-1,-1,0
synthetic_cloudtrail.csv:1074,camp-abymkwpbubck,assume_then_backdoor_key,,assume_then_backdoor_key,,,,,,-1,-1,0
synthetic_cloudtrail.csv:1075,camp-abymkwpbubck,assume_then_backdoor_key,,assume_then_backdoor_key,,,,,,-1,-1,0
synthetic_cloudtrail.csv:1076,camp-abymkwpbubck,assume_then_backdoor_key,,assume_then_backdoor_key,,,,,,-1,-1,0
synthetic_cloudtrail.csv:1077,camp-abymkwpbubck,assume_then_backdoor_key,,assume_then_backdoor_key,,,,,,-1,-1,0
synthetic_cloudtrail.csv:1078,,,,,,,,,,-1,-1,0
synthetic_cloudtrail.csv:1079,,,,,,,,,,-1,-1,0
synthetic_cloudtrail.csv:1080,,,,,,,,,,-1,-1,0
synthetic_cloudtrail.csv:1081,,,,,,,,,,-1,-1,0
synthetic_cloudtrail.csv:1082,,,,,,,,,,-1,-1,0
synthetic_cloudtrail.csv:1083,,,,,,,,,,-1,-1,0
synthetic_cloudtrail.csv:1084,,,,,,,,,,-1,-1,0
synthetic_cloudtrail.csv:1085,,,,,,,,,,-1,-1,0
synthetic_cloudtrail.csv:1086,,,,,,,,,,-1,-1,0
synthetic_cloudtrail.csv:1087,,,,,,,,,,-1,-1,0
synthetic_cloudtrail.csv:1088,,,,,,,,,,-1,-1,0
synthetic_cloudtrail.csv:1089,,,,,,,,,,-1,-1,0
synthetic_cloudtrail.csv:1090,,,,,,,,,,-1,-1,0
synthetic_cloudtrail.csv:1091,,,,,,,,,,-1,-1,0
synthetic_cloudtrail.csv:1092,,,,,,,,,,-1,-1,0
synthetic_cloudtrail.csv:1093,,,,,,,,,,-1,-1,0
synthetic_cloudtrail.csv:1094,,,,,,,,,,-1,-1,0
synthetic_cloudtrail.csv:1095,,,,,,,,,,-1,-1,0
synthetic_cloudtrail.csv:1096,,,,,,,,,,-1,-1,0
synthetic_cloudtrail.csv:1097,,,,,,,,,,-1,-1,0
synthetic_cloudtrail.csv:1098,,,,,,,,,,-1,-1,0
synthetic_cloudtrail.csv:1099,,,,,,,,,,-1,-1,0
synthetic_cloudtrail.csv:1100,,,,,,,,,,-1,-1,0
synthetic_cloudtrail.csv:1101,,,,,,,,,,-1,-1,0
synthetic_cloudtrail.csv:1102,,,,,,,,,,-1,-1,0
synthetic_cloudtrail.csv:1103,,,,,,,,,,-1,-1,0
synthetic_cloudtrail.csv:1104,,,,,,,,,,-1,-1,0
synthetic_cloudtrail.csv:1105,,,,,,,,,,-1,-1,0
synthetic_cloudtrail.csv:1106,,,,,,,,,,-1,-1,0
synthetic_cloudtrail.csv:1107,,,,,,,,,,-1,-1,0
synthetic_cloudtrail.csv:1108,,,,,,,,,,-1,-1,0
synthetic_cloudtrail.csv:1109,,,,,,,,,,-1,-1,0
synthetic_cloudtrail.csv:1110,,,,,,,,,,-1,-1,0
synthetic_cloudtrail.csv:1111,,,,,,,,,,-1,-1,0
synthetic_cloudtrail.csv:1112,,,,,,,,,,-1,-1,0
synthetic_cloudtrail.csv:1113,,,,,,,,,,-1,-1,0
synthetic_cloudtrail.csv:1114,,,,,,,,,,-1,-1,0
synthetic_cloudtrail.csv:1115,,,,,,,,,,-1,-1,0
synthetic_cloudtrail.csv:1116,,,,,,,,,,-1,-1,0
synthetic_cloudtrail.csv:1117,,,,,,,,,,-1,-1,0
synthetic_cloudtrail.csv:1118,,,,,,,,,,-1,-1,0
synthetic_cloudtrail.csv:1119,,,,,,,,,,-1,-1,0
synthetic_cloudtrail.csv:1120,,,,,,,,,,-1,-1,0
synthetic_cloudtrail.csv:1121,,,,,,,,,,-1,-1,0
synthetic_cloudtrail.csv:1122,camp-koiihitcxaap,ssm_parameter_harvest,reconnaissance,ssm_parameter_harvest,,,,,,-1,-1,0
synthetic_cloudtrail.csv:1123,camp-koiihitcxaap,ssm_parameter_harvest,reconnaissance,ssm_parameter_harvest,,,,,,-1,-1,0
synthetic_cloudtrail.csv:1124,camp-koiihitcxaap,ssm_parameter_harvest,reconnaissance,ssm_parameter_harvest,,,,,,-1,-1,0
synthetic_cloudtrail.csv:1125,camp-koiihitcxaap,ssm_parameter_harvest,reconnaissance,ssm_parameter_harvest,,,,,,-1,-1,0
synthetic_cloudtrail.csv:1126,camp-koiihitcxaap,ssm_parameter_harvest,reconnaissance,ssm_parameter_harvest,,,,,,-1,-1,0
synthetic_cloudtrail.csv:1127,camp-koiihitcxaap,ssm_parameter_harvest,credential-access,ssm_parameter_harvest,evt-bmgzubuizcvk,,evt-bmgzubuizcvk,,,0,0,1
synthetic_cloudtrail.csv:1128,camp-koiihitcxaap,ssm_parameter_harvest,reconnaissance,ssm_parameter_harvest,,,,,,-1,-1,0
synthetic_cloudtrail.csv:1129,camp-koiihitcxaap,ssm_parameter_harvest,credential-access,ssm_parameter_harvest,evt-dpczaqkqckid,evt-bmgzubuizcvk,evt-bmgzubuizcvk,,,1,0,1
synthetic_cloudtrail.csv:1130,camp-koiihitcxaap,ssm_parameter_harvest,credential-access,ssm_parameter_harvest,evt-qtnudwdgjjar,evt-dpczaqkqckid,evt-bmgzubuizcvk,,,2,0,1
synthetic_cloudtrail.csv:1131,camp-koiihitcxaap,ssm_parameter_harvest,,ssm_parameter_harvest,,,,,,-1,-1,0
synthetic_cloudtrail.csv:1132,camp-koiihitcxaap,ssm_parameter_harvest,,ssm_parameter_harvest,,,,,,-1,-1,0
synthetic_cloudtrail.csv:1133,camp-koiihitcxaap,ssm_parameter_harvest,,ssm_parameter_harvest,,,,,,-1,-1,0
synthetic_cloudtrail.csv:1134,camp-koiihitcxaap,ssm_parameter_harvest,,ssm_parameter_harvest,,,,,,-1,-1,0
synthetic_cloudtrail.csv:1135,camp-koiihitcxaap,ssm_parameter_harvest,,ssm_parameter_harvest,,,,,,-1,-1,0
synthetic_cloudtrail.csv:1136,,,,,,,,,,-1,-1,0
synthetic_cloudtrail.csv:1137,,,,,,,,,,-1,-1,0
synthetic_cloudtrail.csv:1138,,,,,,,,,,-1,-1,0
synthetic_cloudtrail.csv:1139,,,,,,,,,,-1,-1,0
synthetic_cloudtrail.csv:1140,,,,,,,,,,-1,-1,0
synthetic_cloudtrail.csv:1141,,,,,,,,,,-1,-1,0
synthetic_cloudtrail.csv:1142,,,,,,,,,,-1,-1,0
synthetic_cloudtrail.csv:1143,,,,,,,,,,-1,-1,0
synthetic_cloudtrail.csv:1144,,,,,,,,,,-1,-1,0
synthetic_cloudtrail.csv:1145,,,,,,,,,,-1,-1,0
synthetic_cloudtrail.csv:1146,,,,,,,,,,-1,-1,0
synthetic_cloudtrail.csv:1147,,,,,,,,,,-1,-1,0
synthetic_cloudtrail.csv:1148,,,,,,,,,,-1,-1,0
synthetic_cloudtrail.csv:1149,,,,,,,,,,-1,-1,0
synthetic_cloudtrail.csv:1150,,,,,,,,,,-1,-1,0
synthetic_cloudtrail.csv:1151,,,,,,,,,,-1,-1,0
synthetic_cloudtrail.csv:1152,,,,,,,,,,-1,-1,0
synthetic_cloudtrail.csv:1153,,,,,,,,,,-1,-1,0
synthetic_cloudtrail.csv:1154,,,,,,,,,,-1,-1,0
synthetic_cloudtrail.csv:1155,,,,,,,,,,-1,-1,0
synthetic_cloudtrail.csv:1156,,,,,,,,,,-1,-1,0
synthetic_cloudtrail.csv:1157,,,,,,,,,,-1,-1,0
synthetic_cloudtrail.csv:1158,,,,,,,,,,-1,-1,0
synthetic_cloudtrail.csv:1159,,,,,,,,,,-1,-1,0
synthetic_cloudtrail.csv:1160,,,,,,,,,,-1,-1,0
synthetic_cloudtrail.csv:1161,,,,,,,,,,-1,-1,0
synthetic_cloudtrail.csv:1162,,,,,,,,,,-1,-1,0
synthetic_cloudtrail.csv:1163,,,,,,,,,,-1,-1,0
synthetic_cloudtrail.csv:1164,,,,,,,,,,-1,-1,0
synthetic_cloudtrail.csv:1165,,,,,,,,,,-1,-1,0
synthetic_cloudtrail.csv:1166,,,,,,,,,,-1,-1,0
synthetic_cloudtrail.csv:1167,,,,,,,,,,-1,-1,0
synthetic_cloudtrail.csv:1168,,,,,,,,,,-1,-1,0
synthetic_cloudtrail.csv:1169,,,,,,,,,,-1,-1,0
synthetic_cloudtrail.csv:1170,,,,,,,,,,-1,-1,0
synthetic_cloudtrail.csv:1171,camp-egvbbvtmoqhk,ec2_credential_extraction,reconnaissance,ec2_credential_extraction,,,,,,-1,-1,0
synthetic_cloudtrail.csv:1172,,,,,,,,,,-1,-1,0
synthetic_cloudtrail.csv:1173,camp-egvbbvtmoqhk,ec2_credential_extraction,reconnaissance,ec2_credential_extraction,,,,,,-1,-1,0
synthetic_cloudtrail.csv:1174,,,,,,,,,,-1,-1,0
synthetic_cloudtrail.csv:1175,camp-egvbbvtmoqhk,ec2_credential_extraction,reconnaissance,ec2_credential_extraction,,,,,,-1,-1,0
synthetic_cloudtrail.csv:1176,camp-egvbbvtmoqhk,ec2_credential_extraction,reconnaissance,ec2_credential_extraction,,,,,,-1,-1,0
synthetic_cloudtrail.csv:1177,,,,,,,,,,-1,-1,0
synthetic_cloudtrail.csv:1178,,,,,,,,,,-1,-1,0
synthetic_cloudtrail.csv:1179,camp-egvbbvtmoqhk,ec2_credential_extraction,reconnaissance,ec2_credential_extraction,,,,,,-1,-1,0
synthetic_cloudtrail.csv:1180,,,,,,,,,,-1,-1,0
synthetic_cloudtrail.csv:1181,,,,,,,,,,-1,-1,0
synthetic_cloudtrail.csv:1182,,,,,,,,,,-1,-1,0
synthetic_cloudtrail.csv:1183,camp-egvbbvtmoqhk,ec2_credential_extraction,reconnaissance,ec2_credential_extraction,,,,,,-1,-1,0
synthetic_cloudtrail.csv:1184,,,,,,,,,,-1,-1,0
synthetic_cloudtrail.csv:1185,camp-egvbbvtmoqhk,ec2_credential_extraction,reconnaissance,ec2_credential_extraction,,,,,,-1,-1,0
synthetic_cloudtrail.csv:1186,,,,,,,,,,-1,-1,0
synthetic_cloudtrail.csv:1187,camp-egvbbvtmoqhk,ec2_credential_extraction,credential-access,ec2_credential_extraction,evt-zdlcnfuogfpk,evt-klbsyuoiiibm,evt-klbsyuoiiibm,,,1,0,1
synthetic_cloudtrail.csv:1188,camp-egvbbvtmoqhk,ec2_credential_extraction,reconnaissance,ec2_credential_extraction,,,,,,-1,-1,0
synthetic_cloudtrail.csv:1189,camp-egvbbvtmoqhk,ec2_credential_extraction,credential-access,ec2_credential_extraction,evt-klbsyuoiiibm,,evt-klbsyuoiiibm,,,0,0,1
synthetic_cloudtrail.csv:1190,,,,,,,,,,-1,-1,0
synthetic_cloudtrail.csv:1191,,,,,,,,,,-1,-1,0
synthetic_cloudtrail.csv:1192,,,,,,,,,,-1,-1,0
synthetic_cloudtrail.csv:1193,camp-egvbbvtmoqhk,ec2_credential_extraction,,ec2_credential_extraction,,,,,,-1,-1,0
synthetic_cloudtrail.csv:1194,camp-egvbbvtmoqhk,ec2_credential_extraction,,ec2_credential_extraction,,,,,,-1,-1,0
synthetic_cloudtrail.csv:1195,camp-egvbbvtmoqhk,ec2_credential_extraction,,ec2_credential_extraction,,,,,,-1,-1,0
synthetic_cloudtrail.csv:1196,camp-egvbbvtmoqhk,ec2_credential_extraction,,ec2_credential_extraction,,,,,,-1,-1,0
synthetic_cloudtrail.csv:1197,,,,,,,,,,-1,-1,0
synthetic_cloudtrail.csv:1198,,,,,,,,,,-1,-1,0
synthetic_cloudtrail.csv:1199,,,,,,,,,,-1,-1,0
synthetic_cloudtrail.csv:1200,,,,,,,,,,-1,-1,0
synthetic_cloudtrail.csv:1201,,,,,,,,,,-1,-1,0
synthetic_cloudtrail.csv:1202,,,,,,,,,,-1,-1,0
synthetic_cloudtrail.csv:1203,,,,,,,,,,-1,-1,0
synthetic_cloudtrail.csv:1204,,,,,,,,,,-1,-1,0
synthetic_cloudtrail.csv:1205,,,,,,,,,,-1,-1,0
synthetic_cloudtrail.csv:1206,,,,,,,,,,-1,-1,0
synthetic_cloudtrail.csv:1207,,,,,,,,,,-1,-1,0
synthetic_cloudtrail.csv:1208,,,,,,,,,,-1,-1,0
synthetic_cloudtrail.csv:1209,,,,,,,,,,-1,-1,0
synthetic_cloudtrail.csv:1210,,,,,,,,,,-1,-1,0
synthetic_cloudtrail.csv:1211,,,,,,,,,,-1,-1,0
synthetic_cloudtrail.csv:1212,,,,,,,,,,-1,-1,0
synthetic_cloudtrail.csv:1213,,,,,,,,,,-1,-1,0
synthetic_cloudtrail.csv:1214,,,,,,,,,,-1,-1,0
synthetic_cloudtrail.csv:1215,,,,,,,,,,-1,-1,0
synthetic_cloudtrail.csv:1216,,,,,,,,,,-1,-1,0
synthetic_cloudtrail.csv:1217,,,,,,,,,,-1,-1,0
synthetic_cloudtrail.csv:1218,,,,,,,,,,-1,-1,0
synthetic_cloudtrail.csv:1219,,,,,,,,,,-1,-1,0
synthetic_cloudtrail.csv:1220,,,,,,,,,,-1,-1,0
synthetic_cloudtrail.csv:1221,,,,,,,,,,-1,-1,0
synthetic_cloudtrail.csv:1222,,,,,,,,,,-1,-1,0
synthetic_cloudtrail.csv:1223,,,,,,,,,,-1,-1,0
synthetic_cloudtrail.csv:1224,,,,,,,,,,-1,-1,0
synthetic_cloudtrail.csv:1225,,,,,,,,,,-1,-1,0
synthetic_cloudtrail.csv:1226,,,,,,,,,,-1,-1,0
synthetic_cloudtrail.csv:1227,,,,,,,,,,-1,-1,0
synthetic_cloudtrail.csv:1228,,,,,,,,,,-1,-1,0
synthetic_cloudtrail.csv:1229,,,,,,,,,,-1,-1,0
synthetic_cloudtrail.csv:1230,,,,,,,,,,-1,-1,0
synthetic_cloudtrail.csv:1231,,,,,,,,,,-1,-1,0
synthetic_cloudtrail.csv:1232,,,,,,,,,,-1,-1,0
synthetic_cloudtrail.csv:1233,,,,,,,,,,-1,-1,0
synthetic_cloudtrail.csv:1234,,,,,,,,,,-1,-1,0
synthetic_cloudtrail.csv:1235,,,,,,,,,,-1,-1,0
synthetic_cloudtrail.csv:1236,camp-gbksgfbljlvy,update_assume_role_policy,reconnaissance,update_assume_role_policy,,,,,,-1,-1,0
synthetic_cloudtrail.csv:1237,camp-gbksgfbljlvy,update_assume_role_policy,reconnaissance,update_assume_role_policy,,,,,,-1,-1,0
synthetic_cloudtrail.csv:1238,camp-gbksgfbljlvy,update_assume_role_policy,reconnaissance,update_assume_role_policy,,,,,,-1,-1,0
synthetic_cloudtrail.csv:1239,camp-gbksgfbljlvy,update_assume_role_policy,reconnaissance,update_assume_role_policy,,,,,,-1,-1,0
synthetic_cloudtrail.csv:1240,camp-gbksgfbljlvy,update_assume_role_policy,reconnaissance,update_assume_role_policy,,,,,,-1,-1,0
synthetic_cloudtrail.csv:1241,camp-gbksgfbljlvy,update_assume_role_policy,reconnaissance,update_assume_role_policy,,,,,,-1,-1,0
synthetic_cloudtrail.csv:1242,camp-gbksgfbljlvy,update_assume_role_policy,reconnaissance,update_assume_role_policy,,,,,,-1,-1,0
synthetic_cloudtrail.csv:1243,camp-gbksgfbljlvy,update_assume_role_policy,reconnaissance,update_assume_role_policy,,,,,,-1,-1,0
synthetic_cloudtrail.csv:1244,camp-gbksgfbljlvy,update_assume_role_policy,persistence,update_assume_role_policy,evt-wvjivrjztypi,,evt-wvjivrjztypi,,sts:AssumeRole/*,0,0,1
synthetic_cloudtrail.csv:1245,camp-gbksgfbljlvy,update_assume_role_policy,privilege-escalation,update_assume_role_policy,evt-xeazkicpadlt,evt-wvjivrjztypi,evt-wvjivrjztypi,,,1,0,1
synthetic_cloudtrail.csv:1246,camp-gbksgfbljlvy,update_assume_role_policy,credential-access,update_assume_role_policy,evt-dukxyyroretb,evt-xeazkicpadlt,evt-wvjivrjztypi,,,2,1,1
synthetic_cloudtrail.csv:1247,camp-gbksgfbljlvy,update_assume_role_policy,,update_assume_role_policy,,,,,,-1,-1,0
synthetic_cloudtrail.csv:1248,camp-gbksgfbljlvy,update_assume_role_policy,,update_assume_role_policy,,,,,,-1,-1,0
synthetic_cloudtrail.csv:1249,camp-gbksgfbljlvy,update_assume_role_policy,,update_assume_role_policy,,,,,,-1,-1,0
synthetic_cloudtrail.csv:1250,,,,,,,,,,-1,-1,0
synthetic_cloudtrail.csv:1251,,,,,,,,,,-1,-1,0
synthetic_cloudtrail.csv:1252,,,,,,,,,,-1,-1,0
synthetic_cloudtrail.csv:1253,,,,,,,,,,-1,-1,0
synthetic_cloudtrail.csv:1254,,,,,,,,,,-1,-1,0
synthetic_cloudtrail.csv:1255,,,,,,,,,,-1,-1,0
synthetic_cloudtrail.csv:1256,,,,,,,,,,-1,-1,0
synthetic_cloudtrail.csv:1257,,,,,,,,,,-1,-1,0
synthetic_cloudtrail.csv:1258,,,,,,,,,,-1,-1,0
synthetic_cloudtrail.csv:1259,,,,,,,,,,-1,-1,0
synthetic_cloudtrail.csv:1260,,,,,,,,,,-1,-1,0
synthetic_cloudtrail.csv:1261,,,,,,,,,,-1,-1,0
synthetic_cloudtrail.csv:1262,,,,,,,,,,-1,-1,0
synthetic_cloudtrail.csv:1263,,,,,,,,,,-1,-1,0
synthetic_cloudtrail.csv:1264,,,,,,,,,,-1,-1,0
synthetic_cloudtrail.csv:1265,,,,,,,,,,-1,-1,0
synthetic_cloudtrail.csv:1266,,,,,,,,,,-1,-1,0
synthetic_cloudtrail.csv:1267,,,,,,,,,,-1,-1,0
synthetic_cloudtrail.csv:1268,,,,,,,,,,-1,-1,0
synthetic_cloudtrail.csv:1269,,,,,,,,,,-1,-1,0
synthetic_cloudtrail.csv:1270,,,,,,,,,,-1,-1,0
synthetic_cloudtrail.csv:1271,,,,,,,,,,-1,-1,0
synthetic_cloudtrail.csv:1272,,,,,,,,,,-1,-1,0
synthetic_cloudtrail.csv:1273,,,,,,,,,,-1,-1,0
synthetic_cloudtrail.csv:1274,,,,,,,,,,-1,-1,0
synthetic_cloudtrail.csv:1275,,,,,,,,,,-1,-1,0
synthetic_cloudtrail.csv:1276,,,,,,,,,,-1,-1,0
synthetic_cloudtrail.csv:1277,,,,,,,,,,-1,-1,0
synthetic_cloudtrail.csv:1278,,,,,,,,,,-1,-1,0
synthetic_cloudtrail.csv:1279,,,,,,,,,,-1,-1,0
synthetic_cloudtrail.csv:1280,,,,,,,,,,-1,-1,0
synthetic_cloudtrail.csv:1281,,,,,,,,,,-1,-1,0
synthetic_cloudtrail.csv:1282,,,,,,,,,,-1,-1,0
synthetic_cloudtrail.csv:1283,,,,,,,,,,-1,-1,0
synthetic_cloudtrail.csv:1284,,,,,,,,,,-1,-1,0
synthetic_cloudtrail.csv:1285,,,,,,,,,,-1,-1,0
synthetic_cloudtrail.csv:1286,,,,,,,,,,-1,-1,0
synthetic_cloudtrail.csv:1287,camp-jlvrjnqaiamm,assume_then_attach_admin,reconnaissance,assume_then_attach_admin,,,,,,-1,-1,0
synthetic_cloudtrail.csv:1288,camp-jlvrjnqaiamm,assume_then_attach_admin,reconnaissance,assume_then_attach_admin,,,,,,-1,-1,0
synthetic_cloudtrail.csv:1289,camp-jlvrjnqaiamm,assume_then_attach_admin,reconnaissance,assume_then_attach_admin,,,,,,-1,-1,0
synthetic_cloudtrail.csv:1290,camp-jlvrjnqaiamm,assume_then_attach_admin,reconnaissance,assume_then_attach_admin,,,,,,-1,-1,0
synthetic_cloudtrail.csv:1291,camp-jlvrjnqaiamm,assume_then_attach_admin,reconnaissance,assume_then_attach_admin,,,,,,-1,-1,0
synthetic_cloudtrail.csv:1292,camp-jlvrjnqaiamm,assume_then_attach_admin,privilege-escalation,assume_then_attach_admin,evt-bnsoseabqyua,,evt-bnsoseabqyua,,,0,0,1
synthetic_cloudtrail.csv:1293,camp-jlvrjnqaiamm,assume_then_attach_admin,privilege-escalation,assume_then_attach_admin,evt-itphhpxufeoc,evt-bnsoseabqyua,evt-bnsoseabqyua,s3:GetObject;s3:ListBucket,*,1,1,1
synthetic_cloudtrail.csv:1294,camp-jlvrjnqaiamm,assume_then_attach_admin,privilege-escalation,assume_then_attach_admin,evt-sphofvudpelz,evt-itphhpxufeoc,evt-bnsoseabqyua,s3:GetObject;s3:ListBucket,*,2,1,1
synthetic_cloudtrail.csv:1295,camp-jlvrjnqaiamm,assume_then_attach_admin,,assume_then_attach_admin,,,,,,-1,-1,0
synthetic_cloudtrail.csv:1296,camp-jlvrjnqaiamm,assume_then_attach_admin,,assume_then_attach_admin,,,,,,-1,-1,0
synthetic_cloudtrail.csv:1297,,,,,,,,,,-1,-1,0
synthetic_cloudtrail.csv:1298,,,,,,,,,,-1,-1,0
synthetic_cloudtrail.csv:1299,,,,,,,,,,-1,-1,0
synthetic_cloudtrail.csv:1300,,,,,,,,,,-1,-1,0
synthetic_cloudtrail.csv:1301,,,,,,,,,,-1,-1,0
synthetic_cloudtrail.csv:1302,,,,,,,,,,-1,-1,0
synthetic_cloudtrail.csv:1303,,,,,,,,,,-1,-1,0
synthetic_cloudtrail.csv:1304,,,,,,,,,,-1,-1,0
synthetic_cloudtrail.csv:1305,,,,,,,,,,-1,-1,0
synthetic_cloudtrail.csv:1306,camp-bcxutilwafgu,assume_admin_then_backdoor_role,reconnaissance,assume_admin_then_backdoor_role,,,,,,-1,-1,0
synthetic_cloudtrail.csv:1307,camp-bcxutilwafgu,assume_admin_then_backdoor_role,reconnaissance,assume_admin_then_backdoor_role,,,,,,-1,-1,0
synthetic_cloudtrail.csv:1308,camp-bcxutilwafgu,assume_admin_then_backdoor_role,reconnaissance,assume_admin_then_backdoor_role,,,,,,-1,-1,0
synthetic_cloudtrail.csv:1309,camp-bcxutilwafgu,assume_admin_then_backdoor_role,reconnaissance,assume_admin_then_backdoor_role,,,,,,-1,-1,0
synthetic_cloudtrail.csv:1310,camp-bcxutilwafgu,assume_admin_then_backdoor_role,privilege-escalation,assume_admin_then_backdoor_role,evt-saommrztnucz,,evt-saommrztnucz,,,0,0,1
synthetic_cloudtrail.csv:1311,camp-bcxutilwafgu,assume_admin_then_backdoor_role,persistence,assume_admin_then_backdoor_role,evt-dcfrudswsagh,evt-saommrztnucz,evt-saommrztnucz,,,1,1,1
synthetic_cloudtrail.csv:1312,camp-bcxutilwafgu,assume_admin_then_backdoor_role,privilege-escalation,assume_admin_then_backdoor_role,evt-oqhnxlwnxiwh,evt-dcfrudswsagh,evt-saommrztnucz,s3:GetObject;s3:ListBucket,*,2,1,1
synthetic_cloudtrail.csv:1313,camp-bcxutilwafgu,assume_admin_then_backdoor_role,privilege-escalation,assume_admin_then_backdoor_role,evt-lvjqpmbsjgry,evt-oqhnxlwnxiwh,evt-saommrztnucz,,,3,1,1
synthetic_cloudtrail.csv:1314,camp-bcxutilwafgu,assume_admin_then_backdoor_role,credential-access,assume_admin_then_backdoor_role,evt-rbgmojgvphfu,evt-lvjqpmbsjgry,evt-saommrztnucz,,,4,2,1
synthetic_cloudtrail.csv:1315,camp-bcxutilwafgu,assume_admin_then_backdoor_role,,assume_admin_then_backdoor_role,,,,,,-1,-1,0
synthetic_cloudtrail.csv:1316,camp-bcxutilwafgu,assume_admin_then_backdoor_role,,assume_admin_then_backdoor_role,,,,,,-1,-1,0
synthetic_cloudtrail.csv:1317,camp-bcxutilwafgu,assume_admin_then_backdoor_role,,assume_admin_then_backdoor_role,,,,,,-1,-1,0
synthetic_cloudtrail.csv:1318,camp-bcxutilwafgu,assume_admin_then_backdoor_role,,assume_admin_then_backdoor_role,,,,,,-1,-1,0
synthetic_cloudtrail.csv:1319,camp-bcxutilwafgu,assume_admin_then_backdoor_role,,assume_admin_then_backdoor_role,,,,,,-1,-1,0
synthetic_cloudtrail.csv:1320,camp-nrahvltxaedj,add_user_to_admin_group,reconnaissance,add_user_to_admin_group,,,,,,-1,-1,0
synthetic_cloudtrail.csv:1321,camp-nrahvltxaedj,add_user_to_admin_group,reconnaissance,add_user_to_admin_group,,,,,,-1,-1,0
synthetic_cloudtrail.csv:1322,camp-nrahvltxaedj,add_user_to_admin_group,reconnaissance,add_user_to_admin_group,,,,,,-1,-1,0
synthetic_cloudtrail.csv:1323,camp-nrahvltxaedj,add_user_to_admin_group,privilege-escalation,add_user_to_admin_group,evt-hxjqbrvvdagu,,evt-hxjqbrvvdagu,,,0,0,1
synthetic_cloudtrail.csv:1324,camp-nrahvltxaedj,add_user_to_admin_group,,add_user_to_admin_group,,,,,,-1,-1,0
synthetic_cloudtrail.csv:1325,camp-nrahvltxaedj,add_user_to_admin_group,,add_user_to_admin_group,,,,,,-1,-1,0
synthetic_cloudtrail.csv:1326,camp-nrahvltxaedj,add_user_to_admin_group,,add_user_to_admin_group,,,,,,-1,-1,0
synthetic_cloudtrail.csv:1327,camp-nrahvltxaedj,add_user_to_admin_group,,add_user_to_admin_group,,,,,,-1,-1,0
synthetic_cloudtrail.csv:1328,camp-nrahvltxaedj,add_user_to_admin_group,,add_user_to_admin_group,,,,,,-1,-1,0
synthetic_cloudtrail.csv:1329,,,,,,,,,,-1,-1,0
synthetic_cloudtrail.csv:1330,,,,,,,,,,-1,-1,0
synthetic_cloudtrail.csv:1331,,,,,,,,,,-1,-1,0
synthetic_cloudtrail.csv:1332,,,,,,,,,,-1,-1,0
synthetic_cloudtrail.csv:1333,,,,,,,,,,-1,-1,0
synthetic_cloudtrail.csv:1334,,,,,,,,,,-1,-1,0
synthetic_cloudtrail.csv:1335,,,,,,,,,,-1,-1,0
synthetic_cloudtrail.csv:1336,,,,,,,,,,-1,-1,0
synthetic_cloudtrail.csv:1337,,,,,,,,,,-1,-1,0
synthetic_cloudtrail.csv:1338,,,,,,,,,,-1,-1,0
synthetic_cloudtrail.csv:1339,,,,,,,,,,-1,-1,0
synthetic_cloudtrail.csv:1340,,,,,,,,,,-1,-1,0
synthetic_cloudtrail.csv:1341,,,,,,,,,,-1,-1,0
synthetic_cloudtrail.csv:1342,,,,,,,,,,-1,-1,0
synthetic_cloudtrail.csv:1343,,,,,,,,,,-1,-1,0
synthetic_cloudtrail.csv:1344,,,,,,,,,,-1,-1,0
synthetic_cloudtrail.csv:1345,,,,,,,,,,-1,-1,0
synthetic_cloudtrail.csv:1346,,,,,,,,,,-1,-1,0
synthetic_cloudtrail.csv:1347,,,,,,,,,,-1,-1,0
synthetic_cloudtrail.csv:1348,,,,,,,,,,-1,-1,0
synthetic_cloudtrail.csv:1349,,,,,,,,,,-1,-1,0
synthetic_cloudtrail.csv:1350,,,,,,,,,,-1,-1,0
synthetic_cloudtrail.csv:1351,,,,,,,,,,-1,-1,0
synthetic_cloudtrail.csv:1352,,,,,,,,,,-1,-1,0
synthetic_cloudtrail.csv:1353,,,,,,,,,,-1,-1,0
synthetic_cloudtrail.csv:1354,,,,,,,,,,-1,-1,0
synthetic_cloudtrail.csv:1355,,,,,,,,,,-1,-1,0
synthetic_cloudtrail.csv:1356,,,,,,,,,,-1,-1,0
synthetic_cloudtrail.csv:1357,,,,,,,,,,-1,-1,0
synthetic_cloudtrail.csv:1358,,,,,,,,,,-1,-1,0
synthetic_cloudtrail.csv:1359,,,,,,,,,,-1,-1,0
synthetic_cloudtrail.csv:1360,,,,,,,,,,-1,-1,0
synthetic_cloudtrail.csv:1361,,,,,,,,,,-1,-1,0
synthetic_cloudtrail.csv:1362,,,,,,,,,,-1,-1,0
synthetic_cloudtrail.csv:1363,,,,,,,,,,-1,-1,0
synthetic_cloudtrail.csv:1364,,,,,,,,,,-1,-1,0
synthetic_cloudtrail.csv:1365,,,,,,,,,,-1,-1,0
synthetic_cloudtrail.csv:1366,,,,,,,,,,-1,-1,0
synthetic_cloudtrail.csv:1367,,,,,,,,,,-1,-1,0
synthetic_cloudtrail.csv:1368,,,,,,,,,,-1,-1,0
synthetic_cloudtrail.csv:1369,,,,,,,,,,-1,-1,0
synthetic_cloudtrail.csv:1370,,,,,,,,,,-1,-1,0
synthetic_cloudtrail.csv:1371,,,,,,,,,,-1,-1,0
synthetic_cloudtrail.csv:1372,,,,,,,,,,-1,-1,0
synthetic_cloudtrail.csv:1373,,,,,,,,,,-1,-1,0
synthetic_cloudtrail.csv:1374,,,,,,,,,,-1,-1,0
synthetic_cloudtrail.csv:1375,,,,,,,,,,-1,-1,0
synthetic_cloudtrail.csv:1376,,,,,,,,,,-1,-1,0
synthetic_cloudtrail.csv:1377,camp-tqporargswso,create_policy_version,reconnaissance,create_policy_version,,,,,,-1,-1,0
synthetic_cloudtrail.csv:1378,camp-tqporargswso,create_policy_version,reconnaissance,create_policy_version,,,,,,-1,-1,0
synthetic_cloudtrail.csv:1379,camp-tqporargswso,create_policy_version,reconnaissance,create_policy_version,,,,,,-1,-1,0
synthetic_cloudtrail.csv:1380,camp-tqporargswso,create_policy_version,privilege-escalation,create_policy_version,evt-yadublgrwqtc,,evt-yadublgrwqtc,s3:GetObject,iam:*;s3:*,0,0,1
synthetic_cloudtrail.csv:1381,camp-tqporargswso,create_policy_version,privilege-escalation,create_policy_version,evt-qmrbagxjmrnf,evt-yadublgrwqtc,evt-yadublgrwqtc,,,1,0,1
synthetic_cloudtrail.csv:1382,camp-tqporargswso,create_policy_version,,create_policy_version,,,,,,-1,-1,0
synthetic_cloudtrail.csv:1383,camp-tqporargswso,create_policy_version,,create_policy_version,,,,,,-1,-1,0
synthetic_cloudtrail.csv:1384,camp-tqporargswso,create_policy_version,,create_policy_version,,,,,,-1,-1,0
synthetic_cloudtrail.csv:1385,camp-tqporargswso,create_policy_version,,create_policy_version,,,,,,-1,-1,0
synthetic_cloudtrail.csv:1386,,,,,,,,,,-1,-1,0
synthetic_cloudtrail.csv:1387,,,,,,,,,,-1,-1,0
synthetic_cloudtrail.csv:1388,,,,,,,,,,-1,-1,0
synthetic_cloudtrail.csv:1389,,,,,,,,,,-1,-1,0
synthetic_cloudtrail.csv:1390,,,,,,,,,,-1,-1,0
synthetic_cloudtrail.csv:1391,,,,,,,,,,-1,-1,0
synthetic_cloudtrail.csv:1392,,,,,,,,,,-1,-1,0
synthetic_cloudtrail.csv:1393,,,,,,,,,,-1,-1,0
synthetic_cloudtrail.csv:1394,,,,,,,,,,-1,-1,0
synthetic_cloudtrail.csv:1395,,,,,,,,,,-1,-1,0
synthetic_cloudtrail.csv:1396,,,,,,,,,,-1,-1,0
synthetic_cloudtrail.csv:1397,,,,,,,,,,-1,-1,0
synthetic_cloudtrail.csv:1398,,,,,,,,,,-1,-1,0
synthetic_cloudtrail.csv:1399,,,,,,,,,,-1,-1,0
synthetic_cloudtrail.csv:1400,camp-cjabgnubizqw,ec2_credential_extraction,reconnaissance,ec2_credential_extraction,,,,,,-1,-1,0
synthetic_cloudtrail.csv:1401,camp-cjabgnubizqw,ec2_credential_extraction,reconnaissance,ec2_credential_extraction,,,,,,-1,-1,0
synthetic_cloudtrail.csv:1402,camp-cjabgnubizqw,ec2_credential_extraction,reconnaissance,ec2_credential_extraction,,,,,,-1,-1,0
synthetic_cloudtrail.csv:1403,camp-cjabgnubizqw,ec2_credential_extraction,reconnaissance,ec2_credential_extraction,,,,,,-1,-1,0
synthetic_cloudtrail.csv:1404,camp-cjabgnubizqw,ec2_credential_extraction,reconnaissance,ec2_credential_extraction,,,,,,-1,-1,0
synthetic_cloudtrail.csv:1405,camp-cjabgnubizqw,ec2_credential_extraction,credential-access,ec2_credential_extraction,evt-fsnagkowovza,,evt-fsnagkowovza,,,0,0,1
synthetic_cloudtrail.csv:1406,camp-cjabgnubizqw,ec2_credential_extraction,credential-access,ec2_credential_extraction,evt-vbgldjspqhmf,evt-fsnagkowovza,evt-fsnagkowovza,,,1,0,1
synthetic_cloudtrail.csv:1407,camp-cjabgnubizqw,ec2_credential_extraction,reconnaissance,ec2_credential_extraction,,,,,,-1,-1,0
synthetic_cloudtrail.csv:1408,camp-cjabgnubizqw,ec2_credential_extraction,,ec2_credential_extraction,,,,,,-1,-1,0
synthetic_cloudtrail.csv:1409,camp-cjabgnubizqw,ec2_credential_extraction,,ec2_credential_extraction,,,,,,-1,-1,0
synthetic_cloudtrail.csv:1410,camp-cjabgnubizqw,ec2_credential_extraction,,ec2_credential_extraction,,,,,,-1,-1,0
synthetic_cloudtrail.csv:1411,camp-cjabgnubizqw,ec2_credential_extraction,,ec2_credential_extraction,,,,,,-1,-1,0
synthetic_cloudtrail.csv:1412,,,,,,,,,,-1,-1,0
synthetic_cloudtrail.csv:1413,,,,,,,,,,-1,-1,0
synthetic_cloudtrail.csv:1414,,,,,,,,,,-1,-1,0
synthetic_cloudtrail.csv:1415,,,,,,,,,,-1,-1,0
synthetic_cloudtrail.csv:1416,,,,,,,,,,-1,-1,0
synthetic_cloudtrail.csv:1417,,,,,,,,,,-1,-1,0
synthetic_cloudtrail.csv:1418,,,,,,,,,,-1,-1,0
synthetic_cloudtrail.csv:1419,,,,,,,,,,-1,-1,0
synthetic_cloudtrail.csv:1420,,,,,,,,,,-1,-1,0
synthetic_cloudtrail.csv:1421,,,,,,,,,,-1,-1,0
synthetic_cloudtrail.csv:1422,,,,,,,,,,-1,-1,0
synthetic_cloudtrail.csv:1423,,,,,,,,,,-1,-1,0
synthetic_cloudtrail.csv:1424,,,,,,,,,,-1,-1,0
synthetic_cloudtrail.csv:1425,,,,,,,,,,-1,-1,0
synthetic_cloudtrail.csv:1426,,,,,,,,,,-1,-1,0
synthetic_cloudtrail.csv:1427,,,,,,,,,,-1,-1,0
synthetic_cloudtrail.csv:1428,,,,,,,,,,-1,-1,0
synthetic_cloudtrail.csv:1429,,,,,,,,,,-1,-1,0
synthetic_cloudtrail.csv:1430,,,,,,,,,,-1,-1,0
synthetic_cloudtrail.csv:1431,,,,,,,,,,-1,-1,0
synthetic_cloudtrail.csv:1432,,,,,,,,,,-1,-1,0
synthetic_cloudtrail.csv:1433,,,,,,,,,,-1,-1,0
synthetic_cloudtrail.csv:1434,,,,,,,,,,-1,-1,0
synthetic_cloudtrail.csv:1435,,,,,,,,,,-1,-1,0
synthetic_cloudtrail.csv:1436,,,,,,,,,,-1,-1,0
synthetic_cloudtrail.csv:1437,,,,,,,,,,-1,-1,0
synthetic_cloudtrail.csv:1438,,,,,,,,,,-1,-1,0
synthetic_cloudtrail.csv:1439,,,,,,,,,,-1,-1,0
synthetic_cloudtrail.csv:1440,camp-ucyegkeqbulx,ssm_parameter_harvest,reconnaissance,ssm_parameter_harvest,,,,,,-1,-1,0
synthetic_cloudtrail.csv:1441,camp-ucyegkeqbulx,ssm_parameter_harvest,reconnaissance,ssm_parameter_harvest,,,,,,-1,-1,0
synthetic_cloudtrail.csv:1442,camp-ucyegkeqbulx,ssm_parameter_harvest,credential-access,ssm_parameter_harvest,evt-utloxspaawqf,evt-alnrtimrpvxe,evt-lbqibokrmmkd,,,2,0,1
synthetic_cloudtrail.csv:1443,camp-ucyegkeqbulx,ssm_parameter_harvest,credential-access,ssm_parameter_harvest,evt-alnrtimrpvxe,evt-lbqibokrmmkd,evt-lbqibokrmmkd,,,1,0,1
synthetic_cloudtrail.csv:1444,camp-ucyegkeqbulx,ssm_parameter_harvest,credential-access,ssm_parameter_harvest,evt-lbqibokrmmkd,,evt-lbqibokrmmkd,,,0,0,1
synthetic_cloudtrail.csv:1445,camp-ucyegkeqbulx,ssm_parameter_harvest,reconnaissance,ssm_parameter_harvest,,,,,,-1,-1,0
synthetic_cloudtrail.csv:1446,camp-ucyegkeqbulx,ssm_parameter_harvest,,ssm_parameter_harvest,,,,,,-1,-1,0
synthetic_cloudtrail.csv:1447,camp-ucyegkeqbulx,ssm_parameter_harvest,,ssm_parameter_harvest,,,,,,-1,-1,0
synthetic_cloudtrail.csv:1448,camp-ucyegkeqbulx,ssm_parameter_harvest,,ssm_parameter_harvest,,,,,,-1,-1,0
synthetic_cloudtrail.csv:1449,camp-ucyegkeqbulx,ssm_parameter_harvest,,ssm_parameter_harvest,,,,,,-1,-1,0
synthetic_cloudtrail.csv:1450,camp-ucyegkeqbulx,ssm_parameter_harvest,,ssm_parameter_harvest,,,,,,-1,-1,0
synthetic_cloudtrail.csv:1451,camp-ocmpgjgboerv,update_role_inline_policy,reconnaissance,update_role_inline_policy,,,,,,-1,-1,0
synthetic_cloudtrail.csv:1452,camp-ocmpgjgboerv,update_role_inline_policy,reconnaissance,update_role_inline_policy,,,,,,-1,-1,0
synthetic_cloudtrail.csv:1453,camp-ocmpgjgboerv,update_role_inline_policy,reconnaissance,update_role_inline_policy,,,,,,-1,-1,0
synthetic_cloudtrail.csv:1454,camp-ocmpgjgboerv,update_role_inline_policy,reconnaissance,update_role_inline_policy,,,,,,-1,-1,0
synthetic_cloudtrail.csv:1455,camp-ocmpgjgboerv,update_role_inline_policy,reconnaissance,update_role_inline_policy,,,,,,-1,-1,0
synthetic_cloudtrail.csv:1456,camp-ocmpgjgboerv,update_role_inline_policy,reconnaissance,update_role_inline_policy,,,,,,-1,-1,0
synthetic_cloudtrail.csv:1457,camp-ocmpgjgboerv,update_role_inline_policy,reconnaissance,update_role_inline_policy,,,,,,-1,-1,0
synthetic_cloudtrail.csv:1458,camp-ocmpgjgboerv,update_role_inline_policy,reconnaissance,update_role_inline_policy,,,,,,-1,-1,0
synthetic_cloudtrail.csv:1459,camp-ocmpgjgboerv,update_role_inline_policy,privilege-escalation,update_role_inline_policy,evt-khcrtnbdvtlo,,evt-khcrtnbdvtlo,s3:GetObject,iam:*;s3:*;sts:AssumeRole,0,0,1
synthetic_cloudtrail.csv:1460,camp-ocmpgjgboerv,update_role_inline_policy,,update_role_inline_policy,,,,,,-1,-1,0
synthetic_cloudtrail.csv:1461,camp-ocmpgjgboerv,update_role_inline_policy,,update_role_inline_policy,,,,,,-1,-1,0
synthetic_cloudtrail.csv:1462,camp-ocmpgjgboerv,update_role_inline_policy,,update_role_inline_policy,,,,,,-1,-1,0
synthetic_cloudtrail.csv:1463,camp-ocmpgjgboerv,update_role_inline_policy,,update_role_inline_policy,,,,,,-1,-1,0
synthetic_cloudtrail.csv:1464,,,,,,,,,,-1,-1,0
synthetic_cloudtrail.csv:1465,,,,,,,,,,-1,-1,0
synthetic_cloudtrail.csv:1466,,,,,,,,,,-1,-1,0
synthetic_cloudtrail.csv:1467,,,,,,,,,,-1,-1,0
synthetic_cloudtrail.csv:1468,,,,,,,,,,-1,-1,0
synthetic_cloudtrail.csv:1469,,,,,,,,,,-1,-1,0
synthetic_cloudtrail.csv:1470,,,,,,,,,,-1,-1,0
synthetic_cloudtrail.csv:1471,,,,,,,,,,-1,-1,0
synthetic_cloudtrail.csv:1472,,,,,,,,,,-1,-1,0
synthetic_cloudtrail.csv:1473,,,,,,,,,,-1,-1,0
synthetic_cloudtrail.csv:1474,,,,,,,,,,-1,-1,0
synthetic_cloudtrail.csv:1475,,,,,,,,,,-1,-1,0
synthetic_cloudtrail.csv:1476,,,,,,,,,,-1,-1,0
synthetic_cloudtrail.csv:1477,,,,,,,,,,-1,-1,0
synthetic_cloudtrail.csv:1478,,,,,,,,,,-1,-1,0
synthetic_cloudtrail.csv:1479,,,,,,,,,,-1,-1,0
synthetic_cloudtrail.csv:1480,,,,,,,,,,-1,-1,0
synthetic_cloudtrail.csv:1481,,,,,,,,,,-1,-1,0
synthetic_cloudtrail.csv:1482,,,,,,,,,,-1,-1,0
synthetic_cloudtrail.csv:1483,,,,,,,,,,-1,-1,0
synthetic_cloudtrail.csv:1484,,,,,,,,,,-1,-1,0
synthetic_cloudtrail.csv:1485,,,,,,,,,,-1,-1,0
synthetic_cloudtrail.csv:1486,,,,,,,,,,-1,-1,0
synthetic_cloudtrail.csv:1487,,,,,,,,,,-1,-1,0
synthetic_cloudtrail.csv:1488,,,,,,,,,,-1,-1,0
synthetic_cloudtrail.csv:1489,,,,,,,,,,-1,-1,0
synthetic_cloudtrail.csv:1490,,,,,,,,,,-1,-1,0
synthetic_cloudtrail.csv:1491,,,,,,,,,,-1,-1,0
synthetic_cloudtrail.csv:1492,,,,,,,,,,-1,-1,0
synthetic_cloudtrail.csv:1493,,,,,,,,,,-1,-1,0
synthetic_cloudtrail.csv:1494,,,,,,,,,,-1,-1,0
synthetic_cloudtrail.csv:1495,,,,,,,,,,-1,-1,0
synthetic_cloudtrail.csv:1496,,,,,,,,,,-1,-1,0
synthetic_cloudtrail.csv:1497,,,,,,,,,,-1,-1,0
synthetic_cloudtrail.csv:1498,,,,,,,,,,-1,-1,0
synthetic_cloudtrail.csv:1499,,,,,,,,,,-1,-1,0
synthetic_cloudtrail.csv:1500,,,,,,,,,,-1,-1,0
synthetic_cloudtrail.csv:1501,,,,,,,,,,-1,-1,0
synthetic_cloudtrail.csv:1502,,,,,,,,,,-1,-1,0
synthetic_cloudtrail.csv:1503,camp-wojmqoifdxgl,ssm_parameter_harvest,reconnaissance,ssm_parameter_harvest,,,,,,-1,-1,0
synthetic_cloudtrail.csv:1504,camp-wojmqoifdxgl,ssm_parameter_harvest,reconnaissance,ssm_parameter_harvest,,,,,,-1,-1,0
synthetic_cloudtrail.csv:1505,camp-wojmqoifdxgl,ssm_parameter_harvest,reconnaissance,ssm_parameter_harvest,,,,,,-1,-1,0
synthetic_cloudtrail.csv:1506,camp-wojmqoifdxgl,ssm_parameter_harvest,reconnaissance,ssm_parameter_harvest,,,,,,-1,-1,0
synthetic_cloudtrail.csv:1507,camp-wojmqoifdxgl,ssm_parameter_harvest,credential-access,ssm_parameter_harvest,evt-wyytpminkxvu,evt-pfchvgxayfgf,evt-pfchvgxayfgf,,,1,0,1
synthetic_cloudtrail.csv:1508,camp-wojmqoifdxgl,ssm_parameter_harvest,credential-access,ssm_parameter_harvest,evt-gyaegrzunoic,evt-wyytpminkxvu,evt-pfchvgxayfgf,,,2,0,1
synthetic_cloudtrail.csv:1509,camp-wojmqoifdxgl,ssm_parameter_harvest,credential-access,ssm_parameter_harvest,evt-pfchvgxayfgf,,evt-pfchvgxayfgf,,,0,0,1
synthetic_cloudtrail.csv:1510,camp-wojmqoifdxgl,ssm_parameter_harvest,,ssm_parameter_harvest,,,,,,-1,-1,0
synthetic_cloudtrail.csv:1511,camp-wojmqoifdxgl,ssm_parameter_harvest,,ssm_parameter_harvest,,,,,,-1,-1,0
synthetic_cloudtrail.csv:1512,camp-wojmqoifdxgl,ssm_parameter_harvest,,ssm_parameter_harvest,,,,,,-1,-1,0
synthetic_cloudtrail.csv:1513,camp-wojmqoifdxgl,ssm_parameter_harvest,,ssm_parameter_harvest,,,,,,-1,-1,0
synthetic_cloudtrail.csv:1514,camp-wojmqoifdxgl,ssm_parameter_harvest,,ssm_parameter_harvest,,,,,,-1,-1,0
synthetic_cloudtrail.csv:1515,,,,,,,,,,-1,-1,0
synthetic_cloudtrail.csv:1516,,,,,,,,,,-1,-1,0
synthetic_cloudtrail.csv:1517,,,,,,,,,,-1,-1,0
synthetic_cloudtrail.csv:1518,,,,,,,,,,-1,-1,0
synthetic_cloudtrail.csv:1519,,,,,,,,,,-1,-1,0
synthetic_cloudtrail.csv:1520,,,,,,,,,,-1,-1,0
synthetic_cloudtrail.csv:1521,,,,,,,,,,-1,-1,0
synthetic_cloudtrail.csv:1522,,,,,,,,,,-1,-1,0
synthetic_cloudtrail.csv:1523,,,,,,,,,,-1,-1,0
synthetic_cloudtrail.csv:1524,,,,,,,,,,-1,-1,0
synthetic_cloudtrail.csv:1525,,,,,,,,,,-1,-1,0
synthetic_cloudtrail.csv:1526,,,,,,,,,,-1,-1,0
synthetic_cloudtrail.csv:1527,,,,,,,,,,-1,-1,0
synthetic_cloudtrail.csv:1528,,,,,,,,,,-1,-1,0
synthetic_cloudtrail.csv:1529,,,,,,,,,,-1,-1,0
synthetic_cloudtrail.csv:1530,,,,,,,,,,-1,-1,0
synthetic_cloudtrail.csv:1531,,,,,,,,,,-1,-1,0
synthetic_cloudtrail.csv:1532,,,,,,,,,,-1,-1,0
synthetic_cloudtrail.csv:1533,,,,,,,,,,-1,-1,0
synthetic_cloudtrail.csv:1534,,,,,,,,,,-1,-1,0
synthetic_cloudtrail.csv:1535,,,,,,,,,,-1,-1,0
synthetic_cloudtrail.csv:1536,,,,,,,,,,-1,-1,0
synthetic_cloudtrail.csv:1537,,,,,,,,,,-1,-1,0
synthetic_cloudtrail.csv:1538,,,,,,,,,,-1,-1,0
synthetic_cloudtrail.csv:1539,,,,,,,,,,-1,-1,0
synthetic_cloudtrail.csv:1540,,,,,,,,,,-1,-1,0
synthetic_cloudtrail.csv:1541,,,,,,,,,,-1,-1,0
synthetic_cloudtrail.csv:1542,,,,,,,,,,-1,-1,0
synthetic_cloudtrail.csv:1543,,,,,,,,,,-1,-1,0
synthetic_cloudtrail.csv:1544,,,,,,,,,,-1,-1,0
synthetic_cloudtrail.csv:1545,,,,,,,,,,-1,-1,0
synthetic_cloudtrail.csv:1546,,,,,,,,,,-1,-1,0
synthetic_cloudtrail.csv:1547,,,,,,,,,,-1,-1,0
synthetic_cloudtrail.csv:1548,camp-yuakpphrcdxf,add_user_to_admin_group,reconnaissance,add_user_to_admin_group,,,,,,-1,-1,0
synthetic_cloudtrail.csv:1549,camp-yuakpphrcdxf,add_user_to_admin_group,reconnaissance,add_user_to_admin_group,,,,,,-1,-1,0
synthetic_cloudtrail.csv:1550,camp-yuakpphrcdxf,add_user_to_admin_group,reconnaissance,add_user_to_admin_group,,,,,,-1,-1,0
synthetic_cloudtrail.csv:1551,camp-yuakpphrcdxf,add_user_to_admin_group,reconnaissance,add_user_to_admin_group,,,,,,-1,-1,0
synthetic_cloudtrail.csv:1552,camp-yuakpphrcdxf,add_user_to_admin_group,reconnaissance,add_user_to_admin_group,,,,,,-1,-1,0
synthetic_cloudtrail.csv:1553,camp-yuakpphrcdxf,add_user_to_admin_group,reconnaissance,add_user_to_admin_group,,,,,,-1,-1,0
synthetic_cloudtrail.csv:1554,camp-yuakpphrcdxf,add_user_to_admin_group,reconnaissance,add_user_to_admin_group,,,,,,-1,-1,0
synthetic_cloudtrail.csv:1555,camp-yuakpphrcdxf,add_user_to_admin_group,privilege-escalation,add_user_to_admin_group,evt-cojqtltoxalo,,evt-cojqtltoxalo,,,0,0,1
synthetic_cloudtrail.csv:1556,camp-yuakpphrcdxf,add_user_to_admin_group,,add_user_to_admin_group,,,,,,-1,-1,0
synthetic_cloudtrail.csv:1557,camp-yuakpphrcdxf,add_user_to_admin_group,,add_user_to_admin_group,,,,,,-1,-1,0
synthetic_cloudtrail.csv:1558,camp-yuakpphrcdxf,add_user_to_admin_group,,add_user_to_admin_group,,,,,,-1,-1,0
synthetic_cloudtrail.csv:1559,camp-yuakpphrcdxf,add_user_to_admin_group,,add_user_to_admin_group,,,,,,-1,-1,0
synthetic_cloudtrail.csv:1560,camp-yuakpphrcdxf,add_user_to_admin_group,,add_user_to_admin_group,,,,,,-1,-1,0
synthetic_cloudtrail.csv:1561,camp-hfxwdkndtinn,ec2_credential_extraction,reconnaissance,ec2_credential_extraction,,,,,,-1,-1,0
synthetic_cloudtrail.csv:1562,,,,,,,,,,-1,-1,0
synthetic_cloudtrail.csv:1563,camp-hfxwdkndtinn,ec2_credential_extraction,reconnaissance,ec2_credential_extraction,,,,,,-1,-1,0
synthetic_cloudtrail.csv:1564,camp-hfxwdkndtinn,ec2_credential_extraction,reconnaissance,ec2_credential_extraction,,,,,,-1,-1,0
synthetic_cloudtrail.csv:1565,camp-hfxwdkndtinn,ec2_credential_extraction,reconnaissance,ec2_credential_extraction,,,,,,-1,-1,0
synthetic_cloudtrail.csv:1566,camp-hfxwdkndtinn,ec2_credential_extraction,reconnaissance,ec2_credential_extraction,,,,,,-1,-1,0
synthetic_cloudtrail.csv:1567,camp-hfxwdkndtinn,ec2_credential_extraction,reconnaissance,ec2_credential_extraction,,,,,,-1,-1,0
synthetic_cloudtrail.csv:1568,camp-hfxwdkndtinn,ec2_credential_extraction,credential-access,ec2_credential_extraction,evt-qdxwxbsimgbc,evt-tqyllmqusfvu,evt-tqyllmqusfvu,,,1,0,1
synthetic_cloudtrail.csv:1569,camp-hfxwdkndtinn,ec2_credential_extraction,credential-access,ec2_credential_extraction,evt-tqyllmqusfvu,,evt-tqyllmqusfvu,,,0,0,1
synthetic_cloudtrail.csv:1570,,,,,,,,,,-1,-1,0
synthetic_cloudtrail.csv:1571,camp-hfxwdkndtinn,ec2_credential_extraction,,ec2_credential_extraction,,,,,,-1,-1,0
synthetic_cloudtrail.csv:1572,camp-hfxwdkndtinn,ec2_credential_extraction,,ec2_credential_extraction,,,,,,-1,-1,0
synthetic_cloudtrail.csv:1573,,,,,,,,,,-1,-1,0
synthetic_cloudtrail.csv:1574,camp-hfxwdkndtinn,ec2_credential_extraction,,ec2_credential_extraction,,,,,,-1,-1,0
synthetic_cloudtrail.csv:1575,,,,,,,,,,-1,-1,0
synthetic_cloudtrail.csv:1576,,,,,,,,,,-1,-1,0
synthetic_cloudtrail.csv:1577,,,,,,,,,,-1,-1,0
synthetic_cloudtrail.csv:1578,,,,,,,,,,-1,-1,0
synthetic_cloudtrail.csv:1579,,,,,,,,,,-1,-1,0
synthetic_cloudtrail.csv:1580,,,,,,,,,,-1,-1,0
synthetic_cloudtrail.csv:1581,,,,,,,,,,-1,-1,0
synthetic_cloudtrail.csv:1582,,,,,,,,,,-1,-1,0
synthetic_cloudtrail.csv:1583,,,,,,,,,,-1,-1,0
synthetic_cloudtrail.csv:1584,,,,,,,,,,-1,-1,0
synthetic_cloudtrail.csv:1585,,,,,,,,,,-1,-1,0
synthetic_cloudtrail.csv:1586,,,,,,,,,,-1,-1,0
synthetic_cloudtrail.csv:1587,,,,,,,,,,-1,-1,0
synthetic_cloudtrail.csv:1588,,,,,,,,,,-1,-1,0
synthetic_cloudtrail.csv:1589,,,,,,,,,,-1,-1,0
synthetic_cloudtrail.csv:1590,,,,,,,,,,-1,-1,0
synthetic_cloudtrail.csv:1591,,,,,,,,,,-1,-1,0
synthetic_cloudtrail.csv:1592,,,,,,,,,,-1,-1,0
synthetic_cloudtrail.csv:1593,,,,,,,,,,-1,-1,0
synthetic_cloudtrail.csv:1594,,,,,,,,,,-1,-1,0
synthetic_cloudtrail.csv:1595,,,,,,,,,,-1,-1,0
synthetic_cloudtrail.csv:1596,,,,,,,,,,-1,-1,0
synthetic_cloudtrail.csv:1597,,,,,,,,,,-1,-1,0
synthetic_cloudtrail.csv:1598,,,,,,,,,,-1,-1,0
synthetic_cloudtrail.csv:1599,,,,,,,,,,-1,-1,0
synthetic_cloudtrail.csv:1600,,,,,,,,,,-1,-1,0
synthetic_cloudtrail.csv:1601,,,,,,,,,,-1,-1,0
synthetic_cloudtrail.csv:1602,,,,,,,,,,-1,-1,0
synthetic_cloudtrail.csv:1603,,,,,,,,,,-1,-1,0
synthetic_cloudtrail.csv:1604,,,,,,,,,,-1,-1,0
synthetic_cloudtrail.csv:1605,,,,,,,,,,-1,-1,0
synthetic_cloudtrail.csv:1606,,,,,,,,,,-1,-1,0
synthetic_cloudtrail.csv:1607,,,,,,,,,,-1,-1,0
synthetic_cloudtrail.csv:1608,,,,,,,,,,-1,-1,0
synthetic_cloudtrail.csv:1609,,,,,,,,,,-1,-1,0
synthetic_cloudtrail.csv:1610,,,,,,,,,,-1,-1,0
synthetic_cloudtrail.csv:1611,,,,,,,,,,-1,-1,0
synthetic_cloudtrail.csv:1612,,,,,,,,,,-1,-1,0
synthetic_cloudtrail.csv:1613,,,,,,,,,,-1,-1,0
synthetic_cloudtrail.csv:1614,,,,,,,,,,-1,-1,0
synthetic_cloudtrail.csv:1615,,,,,,,,,,-1,-1,0
synthetic_cloudtrail.csv:1616,,,,,,,,,,-1,-1,0
synthetic_cloudtrail.csv:1617,,,,,,,,,,-1,-1,0
synthetic_cloudtrail.csv:1618,,,,,,,,,,-1,-1,0
synthetic_cloudtrail.csv:1619,,,,,,,,,,-1,-1,0
synthetic_cloudtrail.csv:1620,,,,,,,,,,-1,-1,0
synthetic_cloudtrail.csv:1621,,,,,,,,,,-1,-1,0
synthetic_cloudtrail.csv:1622,,,,,,,,,,-1,-1,0
synthetic_cloudtrail.csv:1623,,,,,,,,,,-1,-1,0
synthetic_cloudtrail.csv:1624,,,,,,,,,,-1,-1,0
synthetic_cloudtrail.csv:1625,,,,,,,,,,-1,-1,0
synthetic_cloudtrail.csv:1626,,,,,,,,,,-1,-1,0
synthetic_cloudtrail.csv:1627,,,,,,,,,,-1,-1,0
synthetic_cloudtrail.csv:1628,,,,,,,,,,-1,-1,0
synthetic_cloudtrail.csv:1629,,,,,,,,,,-1,-1,0
synthetic_cloudtrail.csv:1630,,,,,,,,,,-1,-1,0
synthetic_cloudtrail.csv:1631,,,,,,,,,,-1,-1,0
synthetic_cloudtrail.csv:1632,,,,,,,,,,-1,-1,0
synthetic_cloudtrail.csv:1633,,,,,,,,,,-1,-1,0
synthetic_cloudtrail.csv:1634,,,,,,,,,,-1,-1,0
synthetic_cloudtrail.csv:1635,,,,,,,,,,-1,-1,0
synthetic_cloudtrail.csv:1636,,,,,,,,,,-1,-1,0
synthetic_cloudtrail.csv:1637,,,,,,,,,,-1,-1,0
synthetic_cloudtrail.csv:1638,,,,,,,,,,-1,-1,0
synthetic_cloudtrail.csv:1639,,,,,,,,,,-1,-1,0
synthetic_cloudtrail.csv:1640,,,,,,,,,,-1,-1,0
synthetic_cloudtrail.csv:1641,,,,,,,,,,-1,-1,0
synthetic_cloudtrail.csv:1642,,,,,,,,,,-1,-1,0
synthetic_cloudtrail.csv:1643,,,,,,,,,,-1,-1,0
synthetic_cloudtrail.csv:1644,,,,,,,,,,-1,-1,0
synthetic_cloudtrail.csv:1645,,,,,,,,,,-1,-1,0
synthetic_cloudtrail.csv:1646,,,,,,,,,,-1,-1,0
synthetic_cloudtrail.csv:1647,,,,,,,,,,-1,-1,0
synthetic_cloudtrail.csv:1648,,,,,,,,,,-1,-1,0
synthetic_cloudtrail.csv:1649,,,,,,,,,,-1,-1,0
synthetic_cloudtrail.csv:1650,,,,,,,,,,-1,-1,0
synthetic_cloudtrail.csv:1651,,,,,,,,,,-1,-1,0
synthetic_cloudtrail.csv:1652,,,,,,,,,,-1,-1,0
synthetic_cloudtrail.csv:1653,,,,,,,,,,-1,-1,0
synthetic_cloudtrail.csv:1654,,,,,,,,,,-1,-1,0
synthetic_cloudtrail.csv:1655,,,,,,,,,,-1,-1,0
synthetic_cloudtrail.csv:1656,,,,,,,,,,-1,-1,0
synthetic_cloudtrail.csv:1657,,,,,,,,,,-1,-1,0
synthetic_cloudtrail.csv:1658,,,,,,,,,,-1,-1,0
synthetic_cloudtrail.csv:1659,,,,,,,,,,-1,-1,0
synthetic_cloudtrail.csv:1660,,,,,,,,,,-1,-1,0
synthetic_cloudtrail.csv:1661,,,,,,,,,,-1,-1,0
synthetic_cloudtrail.csv:1662,,,,,,,,,,-1,-1,0
synthetic_cloudtrail.csv:1663,,,,,,,,,,-1,-1,0
synthetic_cloudtrail.csv:1664,,,,,,,,,,-1,-1,0
synthetic_cloudtrail.csv:1665,,,,,,,,,,-1,-1,0
synthetic_cloudtrail.csv:1666,,,,,,,,,,-1,-1,0
synthetic_cloudtrail.csv:1667,,,,,,,,,,-1,-1,0
synthetic_cloudtrail.csv:1668,,,,,,,,,,-1,-1,0
synthetic_cloudtrail.csv:1669,,,,,,,,,,-1,-1,0
synthetic_cloudtrail.csv:1670,,,,,,,,,,-1,-1,0
synthetic_cloudtrail.csv:1671,,,,,,,,,,-1,-1,0
synthetic_cloudtrail.csv:1672,,,,,,,,,,-1,-1,0
synthetic_cloudtrail.csv:1673,,,,,,,,,,-1,-1,0
synthetic_cloudtrail.csv:1674,camp-uhspmssdyahg,secrets_manager_sweep,reconnaissance,secrets_manager_sweep,,,,,,-1,-1,0
synthetic_cloudtrail.csv:1675,camp-uhspmssdyahg,secrets_manager_sweep,reconnaissance,secrets_manager_sweep,,,,,,-1,-1,0
synthetic_cloudtrail.csv:1676,camp-uhspmssdyahg,secrets_manager_sweep,reconnaissance,secrets_manager_sweep,,,,,,-1,-1,0
synthetic_cloudtrail.csv:1677,camp-uhspmssdyahg,secrets_manager_sweep,reconnaissance,secrets_manager_sweep,,,,,,-1,-1,0
synthetic_cloudtrail.csv:1678,camp-uhspmssdyahg,secrets_manager_sweep,reconnaissance,secrets_manager_sweep,,,,,,-1,-1,0
synthetic_cloudtrail.csv:1679,camp-uhspmssdyahg,secrets_manager_sweep,reconnaissance,secrets_manager_sweep,,,,,,-1,-1,0
synthetic_cloudtrail.csv:1680,camp-uhspmssdyahg,secrets_manager_sweep,reconnaissance,secrets_manager_sweep,,,,,,-1,-1,0
synthetic_cloudtrail.csv:1681,camp-uhspmssdyahg,secrets_manager_sweep,reconnaissance,secrets_manager_sweep,,,,,,-1,-1,0
synthetic_cloudtrail.csv:1682,camp-uhspmssdyahg,secrets_manager_sweep,credential-access,secrets_manager_sweep,evt-gucqvcowagkg,,evt-gucqvcowagkg,,,0,0,1
synthetic_cloudtrail.csv:1683,camp-uhspmssdyahg,secrets_manager_sweep,credential-access,secrets_manager_sweep,evt-gvhgcqtpomyn,evt-gucqvcowagkg,evt-gucqvcowagkg,,,1,0,1
synthetic_cloudtrail.csv:1684,camp-uhspmssdyahg,secrets_manager_sweep,credential-access,secrets_manager_sweep,evt-glrdwzakrwpc,evt-gvhgcqtpomyn,evt-gucqvcowagkg,,,2,0,1
synthetic_cloudtrail.csv:1685,camp-uhspmssdyahg,secrets_manager_sweep,,secrets_manager_sweep,,,,,,-1,-1,0
synthetic_cloudtrail.csv:1686,camp-uhspmssdyahg,secrets_manager_sweep,,secrets_manager_sweep,,,,,,-1,-1,0
synthetic_cloudtrail.csv:1687,camp-uhspmssdyahg,secrets_manager_sweep,,secrets_manager_sweep,,,,,,-1,-1,0
synthetic_cloudtrail.csv:1688,camp-qqhiwjxmasts,ssm_parameter_harvest,reconnaissance,ssm_parameter_harvest,,,,,,-1,-1,0
synthetic_cloudtrail.csv:1689,camp-ivdhaflwllmx,add_user_to_admin_group,reconnaissance,add_user_to_admin_group,,,,,,-1,-1,0
synthetic_cloudtrail.csv:1690,camp-qqhiwjxmasts,ssm_parameter_harvest,reconnaissance,ssm_parameter_harvest,,,,,,-1,-1,0
synthetic_cloudtrail.csv:1691,camp-ivdhaflwllmx,add_user_to_admin_group,reconnaissance,add_user_to_admin_group,,,,,,-1,-1,0
synthetic_cloudtrail.csv:1692,camp-qqhiwjxmasts,ssm_parameter_harvest,reconnaissance,ssm_parameter_harvest,,,,,,-1,-1,0
synthetic_cloudtrail.csv:1693,camp-ivdhaflwllmx,add_user_to_admin_group,reconnaissance,add_user_to_admin_group,,,,,,-1,-1,0
synthetic_cloudtrail.csv:1694,camp-ivdhaflwllmx,add_user_to_admin_group,reconnaissance,add_user_to_admin_group,,,,,,-1,-1,0
synthetic_cloudtrail.csv:1695,camp-qqhiwjxmasts,ssm_parameter_harvest,reconnaissance,ssm_parameter_harvest,,,,,,-1,-1,0
synthetic_cloudtrail.csv:1696,camp-ivdhaflwllmx,add_user_to_admin_group,reconnaissance,add_user_to_admin_group,,,,,,-1,-1,0
synthetic_cloudtrail.csv:1697,camp-ivdhaflwllmx,add_user_to_admin_group,reconnaissance,add_user_to_admin_group,,,,,,-1,-1,0
synthetic_cloudtrail.csv:1698,camp-qqhiwjxmasts,ssm_parameter_harvest,reconnaissance,ssm_parameter_harvest,,,,,,-1,-1,0
synthetic_cloudtrail.csv:1699,camp-qqhiwjxmasts,ssm_parameter_harvest,reconnaissance,ssm_parameter_harvest,,,,,,-1,-1,0
synthetic_cloudtrail.csv:1700,camp-qqhiwjxmasts,ssm_parameter_harvest,credential-access,ssm_parameter_harvest,evt-vzjblcwdteep,,evt-vzjblcwdteep,,,0,0,1
synthetic_cloudtrail.csv:1701,camp-qqhiwjxmasts,ssm_parameter_harvest,credential-access,ssm_parameter_harvest,evt-sbjzbdgopnuj,evt-vzjblcwdteep,evt-vzjblcwdteep,,,1,0,1
synthetic_cloudtrail.csv:1702,camp-qqhiwjxmasts,ssm_parameter_harvest,credential-access,ssm_parameter_harvest,evt-girqwxwjpowv,evt-sbjzbdgopnuj,evt-vzjblcwdteep,,,2,0,1
synthetic_cloudtrail.csv:1703,camp-ivdhaflwllmx,add_user_to_admin_group,privilege-escalation,add_user_to_admin_group,evt-xgzrqfoejxlo,,evt-xgzrqfoejxlo,,,0,0,1
synthetic_cloudtrail.csv:1704,camp-ivdhaflwllmx,add_user_to_admin_group,,add_user_to_admin_group,,,,,,-1,-1,0
synthetic_cloudtrail.csv:1705,camp-ivdhaflwllmx,add_user_to_admin_group,,add_user_to_admin_group,,,,,,-1,-1,0
synthetic_cloudtrail.csv:1706,camp-qqhiwjxmasts,ssm_parameter_harvest,,ssm_parameter_harvest,,,,,,-1,-1,0
synthetic_cloudtrail.csv:1707,camp-qqhiwjxmasts,ssm_parameter_harvest,,ssm_parameter_harvest,,,,,,-1,-1,0
synthetic_cloudtrail.csv:1708,camp-ivdhaflwllmx,add_user_to_admin_group,,add_user_to_admin_group,,,,,,-1,-1,0
synthetic_cloudtrail.csv:1709,camp-qqhiwjxmasts,ssm_parameter_harvest,,ssm_parameter_harvest,,,,,,-1,-1,0
synthetic_cloudtrail.csv:1710,camp-ivdhaflwllmx,add_user_to_admin_group,,add_user_to_admin_group,,,,,,-1,-1,0
synthetic_cloudtrail.csv:1711,,,,,,,,,,-1,-1,0
synthetic_cloudtrail.csv:1712,,,,,,,,,,-1,-1,0
synthetic_cloudtrail.csv:1713,,,,,,,,,,-1,-1,0
synthetic_cloudtrail.csv:1714,,,,,,,,,,-1,-1,0
synthetic_cloudtrail.csv:1715,,,,,,,,,,-1,-1,0
synthetic_cloudtrail.csv:1716,,,,,,,,,,-1,-1,0
synthetic_cloudtrail.csv:1717,,,,,,,,,,-1,-1,0
synthetic_cloudtrail.csv:1718,,,,,,,,,,-1,-1,0
synthetic_cloudtrail.csv:1719,,,,,,,,,,-1,-1,0
synthetic_cloudtrail.csv:1720,,,,,,,,,,-1,-1,0
synthetic_cloudtrail.csv:1721,,,,,,,,,,-1,-1,0
synthetic_cloudtrail.csv:1722,,,,,,,,,,-1,-1,0
synthetic_cloudtrail.csv:1723,,,,,,,,,,-1,-1,0
synthetic_cloudtrail.csv:1724,,,,,,,,,,-1,-1,0
synthetic_cloudtrail.csv:1725,,,,,,,,,,-1,-1,0
synthetic_cloudtrail.csv:1726,,,,,,,,,,-1,-1,0
synthetic_cloudtrail.csv:1727,,,,,,,,,,-1,-1,0
synthetic_cloudtrail.csv:1728,,,,,,,,,,-1,-1,0
synthetic_cloudtrail.csv:1729,,,,,,,,,,-1,-1,0
synthetic_cloudtrail.csv:1730,,,,,,,,,,-1,-1,0
synthetic_cloudtrail.csv:1731,,,,,,,,,,-1,-1,0
synthetic_cloudtrail.csv:1732,,,,,,,,,,-1,-1,0
synthetic_cloudtrail.csv:1733,,,,,,,,,,-1,-1,0
synthetic_cloudtrail.csv:1734,,,,,,,,,,-1,-1,0
synthetic_cloudtrail.csv:1735,,,,,,,,,,-1,-1,0
synthetic_cloudtrail.csv:1736,,,,,,,,,,-1,-1,0
synthetic_cloudtrail.csv:1737,,,,,,,,,,-1,-1,0
synthetic_cloudtrail.csv:1738,,,,,,,,,,-1,-1,0
synthetic_cloudtrail.csv:1739,,,,,,,,,,-1,-1,0
synthetic_cloudtrail.csv:1740,,,,,,,,,,-1,-1,0
synthetic_cloudtrail.csv:1741,,,,,,,,,,-1,-1,0
synthetic_cloudtrail.csv:1742,,,,,,,,,,-1,-1,0
synthetic_cloudtrail.csv:1743,,,,,,,,,,-1,-1,0
synthetic_cloudtrail.csv:1744,,,,,,,,,,-1,-1,0
synthetic_cloudtrail.csv:1745,,,,,,,,,,-1,-1,0
synthetic_cloudtrail.csv:1746,,,,,,,,,,-1,-1,0
synthetic_cloudtrail.csv:1747,,,,,,,,,,-1,-1,0
synthetic_cloudtrail.csv:1748,,,,,,,,,,-1,-1,0
synthetic_cloudtrail.csv:1749,,,,,,,,,,-1,-1,0
synthetic_cloudtrail.csv:1750,,,,,,,,,,-1,-1,0
synthetic_cloudtrail.csv:1751,,,,,,,,,,-1,-1,0
synthetic_cloudtrail.csv:1752,,,,,,,,,,-1,-1,0
synthetic_cloudtrail.csv:1753,,,,,,,,,,-1,-1,0
synthetic_cloudtrail.csv:1754,,,,,,,,,,-1,-1,0
synthetic_cloudtrail.csv:1755,,,,,,,,,,-1,-1,0
synthetic_cloudtrail.csv:1756,,,,,,,,,,-1,-1,0
synthetic_cloudtrail.csv:1757,,,,,,,,,,-1,-1,0
synthetic_cloudtrail.csv:1758,,,,,,,,,,-1,-1,0
synthetic_cloudtrail.csv:1759,,,,,,,,,,-1,-1,0
synthetic_cloudtrail.csv:1760,,,,,,,,,,-1,-1,0
synthetic_cloudtrail.csv:1761,,,,,,,,,,-1,-1,0
synthetic_cloudtrail.csv:1762,,,,,,,,,,-1,-1,0
synthetic_cloudtrail.csv:1763,,,,,,,,,,-1,-1,0
synthetic_cloudtrail.csv:1764,,,,,,,,,,-1,-1,0
synthetic_cloudtrail.csv:1765,,,,,,,,,,-1,-1,0
synthetic_cloudtrail.csv:1766,,,,,,,,,,-1,-1,0
synthetic_cloudtrail.csv:1767,,,,,,,,,,-1,-1,0
synthetic_cloudtrail.csv:1768,,,,,,,,,,-1,-1,0
synthetic_cloudtrail.csv:1769,,,,,,,,,,-1,-1,0
synthetic_cloudtrail.csv:1770,,,,,,,,,,-1,-1,0
synthetic_cloudtrail.csv:1771,,,,,,,,,,-1,-1,0
synthetic_cloudtrail.csv:1772,,,,,,,,,,-1,-1,0
synthetic_cloudtrail.csv:1773,,,,,,,,,,-1,-1,0
synthetic_cloudtrail.csv:1774,,,,,,,,,,-1,-1,0
synthetic_cloudtrail.csv:1775,,,,,,,,,,-1,-1,0
synthetic_cloudtrail.csv:1776,,,,,,,,,,-1,-1,0
synthetic_cloudtrail.csv:1777,,,,,,,,,,-1,-1,0
synthetic_cloudtrail.csv:1778,,,,,,,,,,-1,-1,0
synthetic_cloudtrail.csv:1779,,,,,,,,,,-1,-1,0
synthetic_cloudtrail.csv:1780,,,,,,,,,,-1,-1,0
synthetic_cloudtrail.csv:1781,,,,,,,,,,-1,-1,0
synthetic_cloudtrail.csv:1782,,,,,,,,,,-1,-1,0
synthetic_cloudtrail.csv:1783,,,,,,,,,,-1,-1,0
synthetic_cloudtrail.csv:1784,,,,,,,,,,-1,-1,0
synthetic_cloudtrail.csv:1785,,,,,,,,,,-1,-1,0
synthetic_cloudtrail.csv:1786,,,,,,,,,,-1,-1,0
synthetic_cloudtrail.csv:1787,,,,,,,,,,-1,-1,0
synthetic_cloudtrail.csv:1788,,,,,,,,,,-1,-1,0
synthetic_cloudtrail.csv:1789,,,,,,,,,,-1,-1,0
synthetic_cloudtrail.csv:1790,,,,,,,,,,-1,-1,0
synthetic_cloudtrail.csv:1791,,,,,,,,,,-1,-1,0
synthetic_cloudtrail.csv:1792,,,,,,,,,,-1,-1,0
synthetic_cloudtrail.csv:1793,,,,,,,,,,-1,-1,0
synthetic_cloudtrail.csv:1794,,,,,,,,,,-1,-1,0
synthetic_cloudtrail.csv:1795,,,,,,,,,,-1,-1,0
synthetic_cloudtrail.csv:1796,,,,,,,,,,-1,-1,0
synthetic_cloudtrail.csv:1797,,,,,,,,,,-1,-1,0
synthetic_cloudtrail.csv:1798,,,,,,,,,,-1,-1,0
synthetic_cloudtrail.csv:1799,,,,,,,,,,-1,-1,0
synthetic_cloudtrail.csv:1800,camp-bnaahebacqpa,add_user_to_admin_group,reconnaissance,add_user_to_admin_group,,,,,,-1,-1,0
synthetic_cloudtrail.csv:1801,,,,,,,,,,-1,-1,0
synthetic_cloudtrail.csv:1802,camp-bnaahebacqpa,add_user_to_admin_group,reconnaissance,add_user_to_admin_group,,,,,,-1,-1,0
synthetic_cloudtrail.csv:1803,camp-bnaahebacqpa,add_user_to_admin_group,reconnaissance,add_user_to_admin_group,,,,,,-1,-1,0
synthetic_cloudtrail.csv:1804,camp-bnaahebacqpa,add_user_to_admin_group,privilege-escalation,add_user_to_admin_group,evt-nbvmhztzvfyk,,evt-nbvmhztzvfyk,,,0,0,1
synthetic_cloudtrail.csv:1805,,,,,,,,,,-1,-1,0
synthetic_cloudtrail.csv:1806,camp-bnaahebacqpa,add_user_to_admin_group,,add_user_to_admin_group,,,,,,-1,-1,0
synthetic_cloudtrail.csv:1807,,,,,,,,,,-1,-1,0
synthetic_cloudtrail.csv:1808,,,,,,,,,,-1,-1,0
synthetic_cloudtrail.csv:1809,,,,,,,,,,-1,-1,0
synthetic_cloudtrail.csv:1810,camp-bnaahebacqpa,add_user_to_admin_group,,add_user_to_admin_group,,,,,,-1,-1,0
synthetic_cloudtrail.csv:1811,camp-bnaahebacqpa,add_user_to_admin_group,,add_user_to_admin_group,,,,,,-1,-1,0
synthetic_cloudtrail.csv:1812,,,,,,,,,,-1,-1,0
synthetic_cloudtrail.csv:1813,,,,,,,,,,-1,-1,0
synthetic_cloudtrail.csv:1814,,,,,,,,,,-1,-1,0
synthetic_cloudtrail.csv:1815,,,,,,,,,,-1,-1,0
synthetic_cloudtrail.csv:1816,,,,,,,,,,-1,-1,0
synthetic_cloudtrail.csv:1817,,,,,,,,,,-1,-1,0
synthetic_cloudtrail.csv:1818,,,,,,,,,,-1,-1,0
synthetic_cloudtrail.csv:1819,,,,,,,,,,-1,-1,0
synthetic_cloudtrail.csv:1820,,,,,,,,,,-1,-1,0
synthetic_cloudtrail.csv:1821,,,,,,,,,,-1,-1,0
synthetic_cloudtrail.csv:1822,camp-rouhmvvjugga,create_policy_version,reconnaissance,create_policy_version,,,,,,-1,-1,0
synthetic_cloudtrail.csv:1823,camp-rouhmvvjugga,create_policy_version,reconnaissance,create_policy_version,,,,,,-1,-1,0
synthetic_cloudtrail.csv:1824,camp-rouhmvvjugga,create_policy_version,reconnaissance,create_policy_version,,,,,,-1,-1,0
synthetic_cloudtrail.csv:1825,camp-rouhmvvjugga,create_policy_version,reconnaissance,create_policy_version,,,,,,-1,-1,0
synthetic_cloudtrail.csv:1826,camp-rouhmvvjugga,create_policy_version,reconnaissance,create_policy_version,,,,,,-1,-1,0
synthetic_cloudtrail.csv:1827,camp-rouhmvvjugga,create_policy_version,privilege-escalation,create_policy_version,evt-fqxxoettoxza,,evt-fqxxoettoxza,s3:GetObject,iam:*;s3:*,0,0,1
synthetic_cloudtrail.csv:1828,camp-rouhmvvjugga,create_policy_version,privilege-escalation,create_policy_version,evt-ebowliszfuve,evt-fqxxoettoxza,evt-fqxxoettoxza,,,1,0,1
synthetic_cloudtrail.csv:1829,camp-rouhmvvjugga,create_policy_version,,create_policy_version,,,,,,-1,-1,0
synthetic_cloudtrail.csv:1830,camp-rouhmvvjugga,create_policy_version,,create_policy_version,,,,,,-1,-1,0
synthetic_cloudtrail.csv:1831,camp-wihhgabvtmws,secrets_manager_sweep,reconnaissance,secrets_manager_sweep,,,,,,-1,-1,0
synthetic_cloudtrail.csv:1832,camp-wihhgabvtmws,secrets_manager_sweep,reconnaissance,secrets_manager_sweep,,,,,,-1,-1,0
synthetic_cloudtrail.csv:1833,camp-wihhgabvtmws,secrets_manager_sweep,reconnaissance,secrets_manager_sweep,,,,,,-1,-1,0
synthetic_cloudtrail.csv:1834,camp-wihhgabvtmws,secrets_manager_sweep,reconnaissance,secrets_manager_sweep,,,,,,-1,-1,0
synthetic_cloudtrail.csv:1835,camp-wihhgabvtmws,secrets_manager_sweep,reconnaissance,secrets_manager_sweep,,,,,,-1,-1,0
synthetic_cloudtrail.csv:1836,camp-wihhgabvtmws,secrets_manager_sweep,reconnaissance,secrets_manager_sweep,,,,,,-1,-1,0
synthetic_cloudtrail.csv:1837,camp-wihhgabvtmws,secrets_manager_sweep,reconnaissance,secrets_manager_sweep,,,,,,-1,-1,0
synthetic_cloudtrail.csv:1838,camp-wihhgabvtmws,secrets_manager_sweep,reconnaissance,secrets_manager_sweep,,,,,,-1,-1,0
synthetic_cloudtrail.csv:1839,camp-wihhgabvtmws,secrets_manager_sweep,credential-access,secrets_manager_sweep,evt-grfekxbdrkha,,evt-grfekxbdrkha,,,0,0,1
synthetic_cloudtrail.csv:1840,camp-wihhgabvtmws,secrets_manager_sweep,credential-access,secrets_manager_sweep,evt-ylmiupjnbwlg,evt-grfekxbdrkha,evt-grfekxbdrkha,,,1,0,1
synthetic_cloudtrail.csv:1841,camp-wihhgabvtmws,secrets_manager_sweep,credential-access,secrets_manager_sweep,evt-lsksdizmcsvp,evt-ylmiupjnbwlg,evt-grfekxbdrkha,,,2,0,1
synthetic_cloudtrail.csv:1842,camp-wihhgabvtmws,secrets_manager_sweep,,secrets_manager_sweep,,,,,,-1,-1,0
synthetic_cloudtrail.csv:1843,camp-wihhgabvtmws,secrets_manager_sweep,,secrets_manager_sweep,,,,,,-1,-1,0
synthetic_cloudtrail.csv:1844,camp-fgfrobaqpbxm,create_user_accesskey_policy,reconnaissance,create_user_accesskey_policy,,,,,,-1,-1,0
synthetic_cloudtrail.csv:1845,camp-fgfrobaqpbxm,create_user_accesskey_policy,reconnaissance,create_user_accesskey_policy,,,,,,-1,-1,0
synthetic_cloudtrail.csv:1846,camp-fgfrobaqpbxm,create_user_accesskey_policy,reconnaissance,create_user_accesskey_policy,,,,,,-1,-1,0
synthetic_cloudtrail.csv:1847,camp-fgfrobaqpbxm,create_user_accesskey_policy,reconnaissance,create_user_accesskey_policy,,,,,,-1,-1,0
synthetic_cloudtrail.csv:1848,camp-fgfrobaqpbxm,create_user_accesskey_policy,reconnaissance,create_user_accesskey_policy,,,,,,-1,-1,0
synthetic_cloudtrail.csv:1849,camp-fgfrobaqpbxm,create_user_accesskey_policy,reconnaissance,create_user_accesskey_policy,,,,,,-1,-1,0
synthetic_cloudtrail.csv:1850,camp-fgfrobaqpbxm,create_user_accesskey_policy,persistence,create_user_accesskey_policy,evt-qwpzcmlodibk,,evt-qwpzcmlodibk,,,0,0,1
synthetic_cloudtrail.csv:1851,camp-fgfrobaqpbxm,create_user_accesskey_policy,privilege-escalation,create_user_accesskey_policy,evt-ddqyacfoafyh,evt-qwpzcmlodibk,evt-qwpzcmlodibk,,,1,0,1
synthetic_cloudtrail.csv:1852,camp-fgfrobaqpbxm,create_user_accesskey_policy,privilege-escalation,create_user_accesskey_policy,evt-cwjneuicdmky,evt-ddqyacfoafyh,evt-qwpzcmlodibk,s3:GetObject;s3:ListBucket,*,2,0,1
synthetic_cloudtrail.csv:1853,camp-fgfrobaqpbxm,create_user_accesskey_policy,,create_user_accesskey_policy,,,,,,-1,-1,0
synthetic_cloudtrail.csv:1854,camp-fgfrobaqpbxm,create_user_accesskey_policy,,create_user_accesskey_policy,,,,,,-1,-1,0
synthetic_cloudtrail.csv:1855,,,,,,,,,,-1,-1,0
synthetic_cloudtrail.csv:1856,,,,,,,,,,-1,-1,0
synthetic_cloudtrail.csv:1857,,,,,,,,,,-1,-1,0
synthetic_cloudtrail.csv:1858,,,,,,,,,,-1,-1,0
synthetic_cloudtrail.csv:1859,,,,,,,,,,-1,-1,0
synthetic_cloudtrail.csv:1860,,,,,,,,,,-1,-1,0
synthetic_cloudtrail.csv:1861,,,,,,,,,,-1,-1,0
synthetic_cloudtrail.csv:1862,,,,,,,,,,-1,-1,0
synthetic_cloudtrail.csv:1863,,,,,,,,,,-1,-1,0
synthetic_cloudtrail.csv:1864,,,,,,,,,,-1,-1,0
synthetic_cloudtrail.csv:1865,,,,,,,,,,-1,-1,0
synthetic_cloudtrail.csv:1866,,,,,,,,,,-1,-1,0
synthetic_cloudtrail.csv:1867,,,,,,,,,,-1,-1,0
synthetic_cloudtrail.csv:1868,,,,,,,,,,-1,-1,0
synthetic_cloudtrail.csv:1869,camp-curkvooajond,ec2_credential_extraction,reconnaissance,ec2_credential_extraction,,,,,,-1,-1,0
synthetic_cloudtrail.csv:1870,camp-curkvooajond,ec2_credential_extraction,reconnaissance,ec2_credential_extraction,,,,,,-1,-1,0
synthetic_cloudtrail.csv:1871,camp-curkvooajond,ec2_credential_extraction,reconnaissance,ec2_credential_extraction,,,,,,-1,-1,0
synthetic_cloudtrail.csv:1872,camp-curkvooajond,ec2_credential_extraction,reconnaissance,ec2_credential_extraction,,,,,,-1,-1,0
synthetic_cloudtrail.csv:1873,camp-curkvooajond,ec2_credential_extraction,reconnaissance,ec2_credential_extraction,,,,,,-1,-1,0
synthetic_cloudtrail.csv:1874,camp-curkvooajond,ec2_credential_extraction,reconnaissance,ec2_credential_extraction,,,,,,-1,-1,0
synthetic_cloudtrail.csv:1875,camp-curkvooajond,ec2_credential_extraction,reconnaissance,ec2_credential_extraction,,,,,,-1,-1,0
synthetic_cloudtrail.csv:1876,camp-curkvooajond,ec2_credential_extraction,credential-access,ec2_credential_extraction,evt-uhogbikwjnoz,evt-exehyapwlnqy,evt-exehyapwlnqy,,,1,0,1
synthetic_cloudtrail.csv:1877,camp-curkvooajond,ec2_credential_extraction,credential-access,ec2_credential_extraction,evt-exehyapwlnqy,,evt-exehyapwlnqy,,,0,0,1
synthetic_cloudtrail.csv:1878,camp-curkvooajond,ec2_credential_extraction,,ec2_credential_extraction,,,,,,-1,-1,0
synthetic_cloudtrail.csv:1879,camp-curkvooajond,ec2_credential_extraction,,ec2_credential_extraction,,,,,,-1,-1,0
synthetic_cloudtrail.csv:1880,,,,,,,,,,-1,-1,0
synthetic_cloudtrail.csv:1881,,,,,,,,,,-1,-1,0
synthetic_cloudtrail.csv:1882,,,,,,,,,,-1,-1,0
synthetic_cloudtrail.csv:1883,,,,,,,,,,-1,-1,0
synthetic_cloudtrail.csv:1884,,,,,,,,,,-1,-1,0
synthetic_cloudtrail.csv:1885,,,,,,,,,,-1,-1,0
synthetic_cloudtrail.csv:1886,,,,,,,,,,-1,-1,0
synthetic_cloudtrail.csv:1887,,,,,,,,,,-1,-1,0
synthetic_cloudtrail.csv:1888,,,,,,,,,,-1,-1,0
synthetic_cloudtrail.csv:1889,,,,,,,,,,-1,-1,0
synthetic_cloudtrail.csv:1890,,,,,,,,,,-1,-1,0
synthetic_cloudtrail.csv:1891,,,,,,,,,,-1,-1,0
synthetic_cloudtrail.csv:1892,,,,,,,,,,-1,-1,0
synthetic_cloudtrail.csv:1893,,,,,,,,,,-1,-1,0
synthetic_cloudtrail.csv:1894,,,,,,,,,,-1,-1,0
synthetic_cloudtrail.csv:1895,,,,,,,,,,-1,-1,0
synthetic_cloudtrail.csv:1896,,,,,,,,,,-1,-1,0
synthetic_cloudtrail.csv:1897,,,,,,,,,,-1,-1,0
synthetic_cloudtrail.csv:1898,,,,,,,,,,-1,-1,0
synthetic_cloudtrail.csv:1899,,,,,,,,,,-1,-1,0
synthetic_cloudtrail.csv:1900,,,,,,,,,,-1,-1,0
synthetic_cloudtrail.csv:1901,,,,,,,,,,-1,-1,0
synthetic_cloudtrail.csv:1902,,,,,,,,,,-1,-1,0
synthetic_cloudtrail.csv:1903,,,,,,,,,,-1,-1,0
synthetic_cloudtrail.csv:1904,,,,,,,,,,-1,-1,0
synthetic_cloudtrail.csv:1905,,,,,,,,,,-1,-1,0
synthetic_cloudtrail.csv:1906,,,,,,,,,,-1,-1,0
synthetic_cloudtrail.csv:1907,,,,,,,,,,-1,-1,0
synthetic_cloudtrail.csv:1908,,,,,,,,,,-1,-1,0
synthetic_cloudtrail.csv:1909,,,,,,,,,,-1,-1,0
synthetic_cloudtrail.csv:1910,,,,,,,,,,-1,-1,0
synthetic_cloudtrail.csv:1911,,,,,,,,,,-1,-1,0
synthetic_cloudtrail.csv:1912,,,,,,,,,,-1,-1,0
synthetic_cloudtrail.csv:1913,,,,,,,,,,-1,-1,0
synthetic_cloudtrail.csv:1914,,,,,,,,,,-1,-1,0
synthetic_cloudtrail.csv:1915,,,,,,,,,,-1,-1,0
synthetic_cloudtrail.csv:1916,,,,,,,,,,-1,-1,0
synthetic_cloudtrail.csv:1917,,,,,,,,,,-1,-1,0
synthetic_cloudtrail.csv:1918,,,,,,,,,,-1,-1,0
synthetic_cloudtrail.csv:1919,,,,,,,,,,-1,-1,0
synthetic_cloudtrail.csv:1920,,,,,,,,,,-1,-1,0
synthetic_cloudtrail.csv:1921,,,,,,,,,,-1,-1,0
synthetic_cloudtrail.csv:1922,,,,,,,,,,-1,-1,0
synthetic_cloudtrail.csv:1923,,,,,,,,,,-1,-1,0
synthetic_cloudtrail.csv:1924,,,,,,,,,,-1,-1,0
synthetic_cloudtrail.csv:1925,,,,,,,,,,-1,-1,0
synthetic_cloudtrail.csv:1926,,,,,,,,,,-1,-1,0
synthetic_cloudtrail.csv:1927,,,,,,,,,,-1,-1,0
synthetic_cloudtrail.csv:1928,,,,,,,,,,-1,-1,0
synthetic_cloudtrail.csv:1929,,,,,,,,,,-1,-1,0
synthetic_cloudtrail.csv:1930,,,,,,,,,,-1,-1,0
synthetic_cloudtrail.csv:1931,,,,,,,,,,-1,-1,0
synthetic_cloudtrail.csv:1932,,,,,,,,,,-1,-1,0
synthetic_cloudtrail.csv:1933,,,,,,,,,,-1,-1,0
synthetic_cloudtrail.csv:1934,,,,,,,,,,-1,-1,0
synthetic_cloudtrail.csv:1935,,,,,,,,,,-1,-1,0
synthetic_cloudtrail.csv:1936,,,,,,,,,,-1,-1,0
synthetic_cloudtrail.csv:1937,,,,,,,,,,-1,-1,0
synthetic_cloudtrail.csv:1938,,,,,,,,,,-1,-1,0
synthetic_cloudtrail.csv:1939,,,,,,,,,,-1,-1,0
synthetic_cloudtrail.csv:1940,,,,,,,,,,-1,-1,0
synthetic_cloudtrail.csv:1941,,,,,,,,,,-1,-1,0
synthetic_cloudtrail.csv:1942,,,,,,,,,,-1,-1,0
synthetic_cloudtrail.csv:1943,,,,,,,,,,-1,-1,0
synthetic_cloudtrail.csv:1944,,,,,,,,,,-1,-1,0
synthetic_cloudtrail.csv:1945,,,,,,,,,,-1,-1,0
synthetic_cloudtrail.csv:1946,,,,,,,,,,-1,-1,0
synthetic_cloudtrail.csv:1947,,,,,,,,,,-1,-1,0
synthetic_cloudtrail.csv:1948,,,,,,,,,,-1,-1,0
synthetic_cloudtrail.csv:1949,,,,,,,,,,-1,-1,0
synthetic_cloudtrail.csv:1950,,,,,,,,,,-1,-1,0
synthetic_cloudtrail.csv:1951,,,,,,,,,,-1,-1,0
synthetic_cloudtrail.csv:1952,,,,,,,,,,-1,-1,0
synthetic_cloudtrail.csv:1953,,,,,,,,,,-1,-1,0
synthetic_cloudtrail.csv:1954,,,,,,,,,,-1,-1,0
synthetic_cloudtrail.csv:1955,,,,,,,,,,-1,-1,0
synthetic_cloudtrail.csv:1956,,,,,,,,,,-1,-1,0
synthetic_cloudtrail.csv:1957,,,,,,,,,,-1,-1,0
synthetic_cloudtrail.csv:1958,,,,,,,,,,-1,-1,0
synthetic_cloudtrail.csv:1959,,,,,,,,,,-1,-1,0
synthetic_cloudtrail.csv:1960,,,,,,,,,,-1,-1,0
synthetic_cloudtrail.csv:1961,,,,,,,,,,-1,-1,0
synthetic_cloudtrail.csv:1962,,,,,,,,,,-1,-1,0
synthetic_cloudtrail.csv:1963,,,,,,,,,,-1,-1,0
synthetic_cloudtrail.csv:1964,camp-hywdqqoephsh,ec2_password_data,reconnaissance,ec2_password_data,,,,,,-1,-1,0
synthetic_cloudtrail.csv:1965,camp-hywdqqoephsh,ec2_password_data,reconnaissance,ec2_password_data,,,,,,-1,-1,0
synthetic_cloudtrail.csv:1966,camp-hywdqqoephsh,ec2_password_data,reconnaissance,ec2_password_data,,,,,,-1,-1,0
synthetic_cloudtrail.csv:1967,camp-hywdqqoephsh,ec2_password_data,reconnaissance,ec2_password_data,,,,,,-1,-1,0
synthetic_cloudtrail.csv:1968,camp-hywdqqoephsh,ec2_password_data,persistence,ec2_password_data,evt-gbnqdmgcjoxs,,evt-gbnqdmgcjoxs,,,0,0,1
synthetic_cloudtrail.csv:1969,camp-hywdqqoephsh,ec2_password_data,privilege-escalation,ec2_password_data,evt-afcyxegkydcq,evt-gbnqdmgcjoxs,evt-gbnqdmgcjoxs,s3:GetObject,iam:*;s3:*;sts:AssumeRole,1,0,1
synthetic_cloudtrail.csv:1970,camp-hywdqqoephsh,ec2_password_data,credential-access,ec2_password_data,evt-yksrmaaxgvga,evt-afcyxegkydcq,evt-gbnqdmgcjoxs,,,2,0,1
synthetic_cloudtrail.csv:1971,camp-hywdqqoephsh,ec2_password_data,,ec2_password_data,,,,,,-1,-1,0
synthetic_cloudtrail.csv:1972,camp-hywdqqoephsh,ec2_password_data,,ec2_password_data,,,,,,-1,-1,0
synthetic_cloudtrail.csv:1973,,,,,,,,,,-1,-1,0
synthetic_cloudtrail.csv:1974,,,,,,,,,,-1,-1,0
synthetic_cloudtrail.csv:1975,,,,,,,,,,-1,-1,0
synthetic_cloudtrail.csv:1976,,,,,,,,,,-1,-1,0
synthetic_cloudtrail.csv:1977,,,,,,,,,,-1,-1,0
synthetic_cloudtrail.csv:1978,,,,,,,,,,-1,-1,0
synthetic_cloudtrail.csv:1979,,,,,,,,,,-1,-1,0
synthetic_cloudtrail.csv:1980,,,,,,,,,,-1,-1,0
synthetic_cloudtrail.csv:1981,,,,,,,,,,-1,-1,0
synthetic_cloudtrail.csv:1982,,,,,,,,,,-1,-1,0
synthetic_cloudtrail.csv:1983,,,,,,,,,,-1,-1,0
synthetic_cloudtrail.csv:1984,,,,,,,,,,-1,-1,0
synthetic_cloudtrail.csv:1985,,,,,,,,,,-1,-1,0
synthetic_cloudtrail.csv:1986,,,,,,,,,,-1,-1,0
synthetic_cloudtrail.csv:1987,,,,,,,,,,-1,-1,0
synthetic_cloudtrail.csv:1988,,,,,,,,,,-1,-1,0
synthetic_cloudtrail.csv:1989,,,,,,,,,,-1,-1,0
synthetic_cloudtrail.csv:1990,,,,,,,,,,-1,-1,0
synthetic_cloudtrail.csv:1991,,,,,,,,,,-1,-1,0
synthetic_cloudtrail.csv:1992,,,,,,,,,,-1,-1,0
synthetic_cloudtrail.csv:1993,,,,,,,,,,-1,-1,0
synthetic_cloudtrail.csv:1994,,,,,,,,,,-1,-1,0
synthetic_cloudtrail.csv:1995,,,,,,,,,,-1,-1,0
synthetic_cloudtrail.csv:1996,,,,,,,,,,-1,-1,0
synthetic_cloudtrail.csv:1997,camp-eyrdebadndfa,full_kill_chain,reconnaissance,full_kill_chain,,,,,,-1,-1,0
synthetic_cloudtrail.csv:1998,,,,,,,,,,-1,-1,0
synthetic_cloudtrail.csv:1999,,,,,,,,,,-1,-1,0
synthetic_cloudtrail.csv:2000,camp-eyrdebadndfa,full_kill_chain,reconnaissance,full_kill_chain,,,,,,-1,-1,0
synthetic_cloudtrail.csv:2001,camp-eyrdebadndfa,full_kill_chain,reconnaissance,full_kill_chain,,,,,,-1,-1,0
synthetic_cloudtrail.csv:2002,camp-eyrdebadndfa,full_kill_chain,persistence,full_kill_chain,evt-lvxpsvqyvydu,,evt-lvxpsvqyvydu,,,0,0,1
synthetic_cloudtrail.csv:2003,camp-eyrdebadndfa,full_kill_chain,privilege-escalation,full_kill_chain,evt-fozruwxnxmca,evt-lvxpsvqyvydu,evt-lvxpsvqyvydu,s3:GetObject;s3:ListBucket,*,1,0,1
synthetic_cloudtrail.csv:2004,,,,,,,,,,-1,-1,0
synthetic_cloudtrail.csv:2005,camp-eyrdebadndfa,full_kill_chain,privilege-escalation,full_kill_chain,evt-jhzjvkwdackx,evt-fozruwxnxmca,evt-lvxpsvqyvydu,,,2,0,1
synthetic_cloudtrail.csv:2006,camp-eyrdebadndfa,full_kill_chain,credential-access,full_kill_chain,evt-dhwwpjyzcmjt,evt-jhzjvkwdackx,evt-lvxpsvqyvydu,,,3,1,1
synthetic_cloudtrail.csv:2007,,,,,,,,,,-1,-1,0
synthetic_cloudtrail.csv:2008,camp-eyrdebadndfa,full_kill_chain,exfiltration,full_kill_chain,evt-onchrjyozuee,evt-dhwwpjyzcmjt,evt-lvxpsvqyvydu,,,4,1,1
synthetic_cloudtrail.csv:2009,camp-eyrdebadndfa,full_kill_chain,defense-evasion,full_kill_chain,evt-xfnusfbxmdqz,evt-onchrjyozuee,evt-lvxpsvqyvydu,,,5,1,1
synthetic_cloudtrail.csv:2010,camp-eyrdebadndfa,full_kill_chain,,full_kill_chain,,,,,,-1,-1,0
synthetic_cloudtrail.csv:2011,,,,,,,,,,-1,-1,0
synthetic_cloudtrail.csv:2012,,,,,,,,,,-1,-1,0
synthetic_cloudtrail.csv:2013,camp-eyrdebadndfa,full_kill_chain,,full_kill_chain,,,,,,-1,-1,0
synthetic_cloudtrail.csv:2014,,,,,,,,,,-1,-1,0
synthetic_cloudtrail.csv:2015,camp-eyrdebadndfa,full_kill_chain,,full_kill_chain,,,,,,-1,-1,0
synthetic_cloudtrail.csv:2016,camp-eyrdebadndfa,full_kill_chain,,full_kill_chain,,,,,,-1,-1,0
synthetic_cloudtrail.csv:2017,,,,,,,,,,-1,-1,0
synthetic_cloudtrail.csv:2018,,,,,,,,,,-1,-1,0
synthetic_cloudtrail.csv:2019,camp-oztadjzvmmuu,ec2_password_data,reconnaissance,ec2_password_data,,,,,,-1,-1,0
synthetic_cloudtrail.csv:2020,camp-oztadjzvmmuu,ec2_password_data,reconnaissance,ec2_password_data,,,,,,-1,-1,0
synthetic_cloudtrail.csv:2021,camp-oztadjzvmmuu,ec2_password_data,reconnaissance,ec2_password_data,,,,,,-1,-1,0
synthetic_cloudtrail.csv:2022,camp-oztadjzvmmuu,ec2_password_data,reconnaissance,ec2_password_data,,,,,,-1,-1,0
synthetic_cloudtrail.csv:2023,camp-oztadjzvmmuu,ec2_password_data,reconnaissance,ec2_password_data,,,,,,-1,-1,0
synthetic_cloudtrail.csv:2024,camp-oztadjzvmmuu,ec2_password_data,persistence,ec2_password_data,evt-fwicldhudrei,,evt-fwicldhudrei,,,0,0,1
synthetic_cloudtrail.csv:2025,camp-oztadjzvmmuu,ec2_password_data,privilege-escalation,ec2_password_data,evt-rwbupsgpyqok,evt-fwicldhudrei,evt-fwicldhudrei,s3:GetObject,iam:*;s3:*;sts:AssumeRole,1,0,1
synthetic_cloudtrail.csv:2026,camp-oztadjzvmmuu,ec2_password_data,credential-access,ec2_password_data,evt-pbuwcwlnpsak,evt-rwbupsgpyqok,evt-fwicldhudrei,,,2,0,1
synthetic_cloudtrail.csv:2027,camp-oztadjzvmmuu,ec2_password_data,,ec2_password_data,,,,,,-1,-1,0
synthetic_cloudtrail.csv:2028,camp-oztadjzvmmuu,ec2_password_data,,ec2_password_data,,,,,,-1,-1,0
synthetic_cloudtrail.csv:2029,camp-oztadjzvmmuu,ec2_password_data,,ec2_password_data,,,,,,-1,-1,0
synthetic_cloudtrail.csv:2030,camp-oztadjzvmmuu,ec2_password_data,,ec2_password_data,,,,,,-1,-1,0
synthetic_cloudtrail.csv:2031,camp-oztadjzvmmuu,ec2_password_data,,ec2_password_data,,,,,,-1,-1,0
synthetic_cloudtrail.csv:2032,,,,,,,,,,-1,-1,0
synthetic_cloudtrail.csv:2033,,,,,,,,,,-1,-1,0
synthetic_cloudtrail.csv:2034,,,,,,,,,,-1,-1,0
synthetic_cloudtrail.csv:2035,,,,,,,,,,-1,-1,0
synthetic_cloudtrail.csv:2036,,,,,,,,,,-1,-1,0
synthetic_cloudtrail.csv:2037,,,,,,,,,,-1,-1,0
synthetic_cloudtrail.csv:2038,,,,,,,,,,-1,-1,0
synthetic_cloudtrail.csv:2039,,,,,,,,,,-1,-1,0
synthetic_cloudtrail.csv:2040,,,,,,,,,,-1,-1,0
synthetic_cloudtrail.csv:2041,camp-utjgbeejwync,full_kill_chain,reconnaissance,full_kill_chain,,,,,,-1,-1,0
synthetic_cloudtrail.csv:2042,camp-utjgbeejwync,full_kill_chain,reconnaissance,full_kill_chain,,,,,,-1,-1,0
synthetic_cloudtrail.csv:2043,camp-utjgbeejwync,full_kill_chain,reconnaissance,full_kill_chain,,,,,,-1,-1,0
synthetic_cloudtrail.csv:2044,camp-utjgbeejwync,full_kill_chain,reconnaissance,full_kill_chain,,,,,,-1,-1,0
synthetic_cloudtrail.csv:2045,camp-utjgbeejwync,full_kill_chain,reconnaissance,full_kill_chain,,,,,,-1,-1,0
synthetic_cloudtrail.csv:2046,camp-utjgbeejwync,full_kill_chain,reconnaissance,full_kill_chain,,,,,,-1,-1,0
synthetic_cloudtrail.csv:2047,camp-utjgbeejwync,full_kill_chain,reconnaissance,full_kill_chain,,,,,,-1,-1,0
synthetic_cloudtrail.csv:2048,camp-utjgbeejwync,full_kill_chain,reconnaissance,full_kill_chain,,,,,,-1,-1,0
synthetic_cloudtrail.csv:2049,camp-utjgbeejwync,full_kill_chain,persistence,full_kill_chain,evt-lmfgyegfcqnv,,evt-lmfgyegfcqnv,,,0,0,1
synthetic_cloudtrail.csv:2050,camp-utjgbeejwync,full_kill_chain,privilege-escalation,full_kill_chain,evt-stdohpeuluim,evt-lmfgyegfcqnv,evt-lmfgyegfcqnv,s3:GetObject;s3:ListBucket,*,1,0,1
synthetic_cloudtrail.csv:2051,camp-utjgbeejwync,full_kill_chain,privilege-escalation,full_kill_chain,evt-donntnsohymw,evt-stdohpeuluim,evt-lmfgyegfcqnv,,,2,0,1
synthetic_cloudtrail.csv:2052,camp-utjgbeejwync,full_kill_chain,credential-access,full_kill_chain,evt-nuhrmpoiuzsr,evt-donntnsohymw,evt-lmfgyegfcqnv,,,3,1,1
synthetic_cloudtrail.csv:2053,camp-utjgbeejwync,full_kill_chain,exfiltration,full_kill_chain,evt-zpnmyrqejxoi,evt-nuhrmpoiuzsr,evt-lmfgyegfcqnv,,,4,1,1
synthetic_cloudtrail.csv:2054,camp-utjgbeejwync,full_kill_chain,defense-evasion,full_kill_chain,evt-oyzgltautnyc,evt-zpnmyrqejxoi,evt-lmfgyegfcqnv,,,5,1,1
synthetic_cloudtrail.csv:2055,camp-utjgbeejwync,full_kill_chain,,full_kill_chain,,,,,,-1,-1,0
synthetic_cloudtrail.csv:2056,camp-utjgbeejwync,full_kill_chain,,full_kill_chain,,,,,,-1,-1,0
synthetic_cloudtrail.csv:2057,,,,,,,,,,-1,-1,0
synthetic_cloudtrail.csv:2058,,,,,,,,,,-1,-1,0
synthetic_cloudtrail.csv:2059,,,,,,,,,,-1,-1,0
synthetic_cloudtrail.csv:2060,,,,,,,,,,-1,-1,0
synthetic_cloudtrail.csv:2061,,,,,,,,,,-1,-1,0
synthetic_cloudtrail.csv:2062,,,,,,,,,,-1,-1,0
synthetic_cloudtrail.csv:2063,,,,,,,,,,-1,-1,0
synthetic_cloudtrail.csv:2064,,,,,,,,,,-1,-1,0
synthetic_cloudtrail.csv:2065,,,,,,,,,,-1,-1,0
synthetic_cloudtrail.csv:2066,,,,,,,,,,-1,-1,0
synthetic_cloudtrail.csv:2067,,,,,,,,,,-1,-1,0
synthetic_cloudtrail.csv:2068,,,,,,,,,,-1,-1,0
synthetic_cloudtrail.csv:2069,,,,,,,,,,-1,-1,0
synthetic_cloudtrail.csv:2070,,,,,,,,,,-1,-1,0
synthetic_cloudtrail.csv:2071,camp-miglitjpkhfb,ssm_parameter_harvest,reconnaissance,ssm_parameter_harvest,,,,,,-1,-1,0
synthetic_cloudtrail.csv:2072,camp-miglitjpkhfb,ssm_parameter_harvest,reconnaissance,ssm_parameter_harvest,,,,,,-1,-1,0
synthetic_cloudtrail.csv:2073,camp-miglitjpkhfb,ssm_parameter_harvest,reconnaissance,ssm_parameter_harvest,,,,,,-1,-1,0
synthetic_cloudtrail.csv:2074,camp-miglitjpkhfb,ssm_parameter_harvest,credential-access,ssm_parameter_harvest,evt-ftftguextsdf,,evt-ftftguextsdf,,,0,0,1
synthetic_cloudtrail.csv:2075,camp-miglitjpkhfb,ssm_parameter_harvest,reconnaissance,ssm_parameter_harvest,,,,,,-1,-1,0
synthetic_cloudtrail.csv:2076,camp-miglitjpkhfb,ssm_parameter_harvest,credential-access,ssm_parameter_harvest,evt-hyckwerhfpwf,evt-ftftguextsdf,evt-ftftguextsdf,,,1,0,1
synthetic_cloudtrail.csv:2077,camp-miglitjpkhfb,ssm_parameter_harvest,credential-access,ssm_parameter_harvest,evt-yaiiehejbbjp,evt-hyckwerhfpwf,evt-ftftguextsdf,,,2,0,1
synthetic_cloudtrail.csv:2078,camp-miglitjpkhfb,ssm_parameter_harvest,,ssm_parameter_harvest,,,,,,-1,-1,0
synthetic_cloudtrail.csv:2079,camp-miglitjpkhfb,ssm_parameter_harvest,,ssm_parameter_harvest,,,,,,-1,-1,0
synthetic_cloudtrail.csv:2080,camp-miglitjpkhfb,ssm_parameter_harvest,,ssm_parameter_harvest,,,,,,-1,-1,0
synthetic_cloudtrail.csv:2081,camp-miglitjpkhfb,ssm_parameter_harvest,,ssm_parameter_harvest,,,,,,-1,-1,0
synthetic_cloudtrail.csv:2082,,,,,,,,,,-1,-1,0
synthetic_cloudtrail.csv:2083,,,,,,,,,,-1,-1,0
synthetic_cloudtrail.csv:2084,,,,,,,,,,-1,-1,0
synthetic_cloudtrail.csv:2085,,,,,,,,,,-1,-1,0
synthetic_cloudtrail.csv:2086,,,,,,,,,,-1,-1,0
synthetic_cloudtrail.csv:2087,,,,,,,,,,-1,-1,0
synthetic_cloudtrail.csv:2088,,,,,,,,,,-1,-1,0
synthetic_cloudtrail.csv:2089,,,,,,,,,,-1,-1,0
synthetic_cloudtrail.csv:2090,,,,,,,,,,-1,-1,0
synthetic_cloudtrail.csv:2091,,,,,,,,,,-1,-1,0
synthetic_cloudtrail.csv:2092,,,,,,,,,,-1,-1,0
synthetic_cloudtrail.csv:2093,,,,,,,,,,-1,-1,0
synthetic_cloudtrail.csv:2094,,,,,,,,,,-1,-1,0
synthetic_cloudtrail.csv:2095,,,,,,,,,,-1,-1,0
synthetic_cloudtrail.csv:2096,,,,,,,,,,-1,-1,0
synthetic_cloudtrail.csv:2097,,,,,,,,,,-1,-1,0
synthetic_cloudtrail.csv:2098,,,,,,,,,,-1,-1,0
synthetic_cloudtrail.csv:2099,,,,,,,,,,-1,-1,0
synthetic_cloudtrail.csv:2100,,,,,,,,,,-1,-1,0
synthetic_cloudtrail.csv:2101,,,,,,,,,,-1,-1,0
synthetic_cloudtrail.csv:2102,,,,,,,,,,-1,-1,0
synthetic_cloudtrail.csv:2103,,,,,,,,,,-1,-1,0
synthetic_cloudtrail.csv:2104,,,,,,,,,,-1,-1,0
synthetic_cloudtrail.csv:2105,,,,,,,,,,-1,-1,0
synthetic_cloudtrail.csv:2106,,,,,,,,,,-1,-1,0
synthetic_cloudtrail.csv:2107,,,,,,,,,,-1,-1,0
synthetic_cloudtrail.csv:2108,,,,,,,,,,-1,-1,0
synthetic_cloudtrail.csv:2109,,,,,,,,,,-1,-1,0
synthetic_cloudtrail.csv:2110,,,,,,,,,,-1,-1,0
synthetic_cloudtrail.csv:2111,,,,,,,,,,-1,-1,0
synthetic_cloudtrail.csv:2112,camp-uqbgnwynrnzt,ec2_credential_extraction,reconnaissance,ec2_credential_extraction,,,,,,-1,-1,0
synthetic_cloudtrail.csv:2113,camp-uqbgnwynrnzt,ec2_credential_extraction,reconnaissance,ec2_credential_extraction,,,,,,-1,-1,0
synthetic_cloudtrail.csv:2114,camp-uqbgnwynrnzt,ec2_credential_extraction,reconnaissance,ec2_credential_extraction,,,,,,-1,-1,0
synthetic_cloudtrail.csv:2115,camp-uqbgnwynrnzt,ec2_credential_extraction,reconnaissance,ec2_credential_extraction,,,,,,-1,-1,0
synthetic_cloudtrail.csv:2116,camp-uqbgnwynrnzt,ec2_credential_extraction,reconnaissance,ec2_credential_extraction,,,,,,-1,-1,0
synthetic_cloudtrail.csv:2117,camp-uqbgnwynrnzt,ec2_credential_extraction,reconnaissance,ec2_credential_extraction,,,,,,-1,-1,0
synthetic_cloudtrail.csv:2118,camp-uqbgnwynrnzt,ec2_credential_extraction,reconnaissance,ec2_credential_extraction,,,,,,-1,-1,0
synthetic_cloudtrail.csv:2119,camp-uqbgnwynrnzt,ec2_credential_extraction,credential-access,ec2_credential_extraction,evt-mwzzluuakhch,evt-yqriavkagvpk,evt-yqriavkagvpk,,,1,0,1
synthetic_cloudtrail.csv:2120,camp-uqbgnwynrnzt,ec2_credential_extraction,reconnaissance,ec2_credential_extraction,,,,,,-1,-1,0
synthetic_cloudtrail.csv:2121,camp-uqbgnwynrnzt,ec2_credential_extraction,credential-access,ec2_credential_extraction,evt-yqriavkagvpk,,evt-yqriavkagvpk,,,0,0,1
synthetic_cloudtrail.csv:2122,camp-uqbgnwynrnzt,ec2_credential_extraction,,ec2_credential_extraction,,,,,,-1,-1,0
synthetic_cloudtrail.csv:2123,camp-uqbgnwynrnzt,ec2_credential_extraction,,ec2_credential_extraction,,,,,,-1,-1,0
synthetic_cloudtrail.csv:2124,camp-aijwxtpwrymh,ec2_credential_extraction,reconnaissance,ec2_credential_extraction,,,,,,-1,-1,0
synthetic_cloudtrail.csv:2125,camp-aijwxtpwrymh,ec2_credential_extraction,reconnaissance,ec2_credential_extraction,,,,,,-1,-1,0
synthetic_cloudtrail.csv:2126,camp-aijwxtpwrymh,ec2_credential_extraction,reconnaissance,ec2_credential_extraction,,,,,,-1,-1,0
synthetic_cloudtrail.csv:2127,camp-aijwxtpwrymh,ec2_credential_extraction,reconnaissance,ec2_credential_extraction,,,,,,-1,-1,0
synthetic_cloudtrail.csv:2128,camp-aijwxtpwrymh,ec2_credential_extraction,credential-access,ec2_credential_extraction,evt-bokscdtyuyjc,,evt-bokscdtyuyjc,,,0,0,1
synthetic_cloudtrail.csv:2129,camp-aijwxtpwrymh,ec2_credential_extraction,credential-access,ec2_credential_extraction,evt-ngxjnpeatobe,evt-bokscdtyuyjc,evt-bokscdtyuyjc,,,1,0,1
synthetic_cloudtrail.csv:2130,camp-aijwxtpwrymh,ec2_credential_extraction,,ec2_credential_extraction,,,,,,-1,-1,0
synthetic_cloudtrail.csv:2131,camp-aijwxtpwrymh,ec2_credential_extraction,,ec2_credential_extraction,,,,,,-1,-1,0
synthetic_cloudtrail.csv:2132,camp-aijwxtpwrymh,ec2_credential_extraction,,ec2_credential_extraction,,,,,,-1,-1,0
synthetic_cloudtrail.csv:2133,camp-aijwxtpwrymh,ec2_credential_extraction,,ec2_credential_extraction,,,,,,-1,-1,0
synthetic_cloudtrail.csv:2134,camp-aijwxtpwrymh,ec2_credential_extraction,,ec2_credential_extraction,,,,,,-1,-1,0
synthetic_cloudtrail.csv:2135,,,,,,,,,,-1,-1,0
synthetic_cloudtrail.csv:2136,,,,,,,,,,-1,-1,0
synthetic_cloudtrail.csv:2137,,,,,,,,,,-1,-1,0
synthetic_cloudtrail.csv:2138,,,,,,,,,,-1,-1,0
synthetic_cloudtrail.csv:2139,,,,,,,,,,-1,-1,0
synthetic_cloudtrail.csv:2140,,,,,,,,,,-1,-1,0
synthetic_cloudtrail.csv:2141,,,,,,,,,,-1,-1,0
synthetic_cloudtrail.csv:2142,,,,,,,,,,-1,-1,0
synthetic_cloudtrail.csv:2143,,,,,,,,,,-1,-1,0
synthetic_cloudtrail.csv:2144,,,,,,,,,,-1,-1,0
synthetic_cloudtrail.csv:2145,,,,,,,,,,-1,-1,0
synthetic_cloudtrail.csv:2146,,,,,,,,,,-1,-1,0
synthetic_cloudtrail.csv:2147,,,,,,,,,,-1,-1,0
synthetic_cloudtrail.csv:2148,,,,,,,,,,-1,-1,0
synthetic_cloudtrail.csv:2149,,,,,,,,,,-1,-1,0
synthetic_cloudtrail.csv:2150,,,,,,,,,,-1,-1,0
synthetic_cloudtrail.csv:2151,,,,,,,,,,-1,-1,0
synthetic_cloudtrail.csv:2152,,,,,,,,,,-1,-1,0
synthetic_cloudtrail.csv:2153,,,,,,,,,,-1,-1,0
synthetic_cloudtrail.csv:2154,,,,,,,,,,-1,-1,0
synthetic_cloudtrail.csv:2155,,,,,,,,,,-1,-1,0
synthetic_cloudtrail.csv:2156,,,,,,,,,,-1,-1,0
synthetic_cloudtrail.csv:2157,,,,,,,,,,-1,-1,0
synthetic_cloudtrail.csv:2158,,,,,,,,,,-1,-1,0
synthetic_cloudtrail.csv:2159,,,,,,,,,,-1,-1,0
synthetic_cloudtrail.csv:2160,,,,,,,,,,-1,-1,0
synthetic_cloudtrail.csv:2161,,,,,,,,,,-1,-1,0
synthetic_cloudtrail.csv:2162,,,,,,,,,,-1,-1,0
synthetic_cloudtrail.csv:2163,,,,,,,,,,-1,-1,0
synthetic_cloudtrail.csv:2164,,,,,,,,,,-1,-1,0
synthetic_cloudtrail.csv:2165,,,,,,,,,,-1,-1,0
synthetic_cloudtrail.csv:2166,,,,,,,,,,-1,-1,0
synthetic_cloudtrail.csv:2167,,,,,,,,,,-1,-1,0
synthetic_cloudtrail.csv:2168,,,,,,,,,,-1,-1,0
synthetic_cloudtrail.csv:2169,,,,,,,,,,-1,-1,0
synthetic_cloudtrail.csv:2170,,,,,,,,,,-1,-1,0
synthetic_cloudtrail.csv:2171,,,,,,,,,,-1,-1,0
synthetic_cloudtrail.csv:2172,,,,,,,,,,-1,-1,0
synthetic_cloudtrail.csv:2173,,,,,,,,,,-1,-1,0
synthetic_cloudtrail.csv:2174,,,,,,,,,,-1,-1,0
synthetic_cloudtrail.csv:2175,camp-wdarldgikqrn,secrets_manager_sweep,reconnaissance,secrets_manager_sweep,,,,,,-1,-1,0
synthetic_cloudtrail.csv:2176,camp-wdarldgikqrn,secrets_manager_sweep,reconnaissance,secrets_manager_sweep,,,,,,-1,-1,0
synthetic_cloudtrail.csv:2177,camp-wdarldgikqrn,secrets_manager_sweep,reconnaissance,secrets_manager_sweep,,,,,,-1,-1,0
synthetic_cloudtrail.csv:2178,camp-wdarldgikqrn,secrets_manager_sweep,reconnaissance,secrets_manager_sweep,,,,,,-1,-1,0
synthetic_cloudtrail.csv:2179,camp-wdarldgikqrn,secrets_manager_sweep,reconnaissance,secrets_manager_sweep,,,,,,-1,-1,0
synthetic_cloudtrail.csv:2180,camp-wdarldgikqrn,secrets_manager_sweep,reconnaissance,secrets_manager_sweep,,,,,,-1,-1,0
synthetic_cloudtrail.csv:2181,camp-wdarldgikqrn,secrets_manager_sweep,credential-access,secrets_manager_sweep,evt-ywlhrykrvqki,evt-hrkvxiisxdgh,evt-hrkvxiisxdgh,,,1,0,1
synthetic_cloudtrail.csv:2182,camp-wdarldgikqrn,secrets_manager_sweep,reconnaissance,secrets_manager_sweep,,,,,,-1,-1,0
synthetic_cloudtrail.csv:2183,camp-wdarldgikqrn,secrets_manager_sweep,credential-access,secrets_manager_sweep,evt-hrkvxiisxdgh,,evt-hrkvxiisxdgh,,,0,0,1
synthetic_cloudtrail.csv:2184,camp-wdarldgikqrn,secrets_manager_sweep,credential-access,secrets_manager_sweep,evt-nsvydeyjozmd,evt-ywlhrykrvqki,evt-hrkvxiisxdgh,,,2,0,1
synthetic_cloudtrail.csv:2185,camp-wdarldgikqrn,secrets_manager_sweep,,secrets_manager_sweep,,,,,,-1,-1,0
synthetic_cloudtrail.csv:2186,camp-wdarldgikqrn,secrets_manager_sweep,,secrets_manager_sweep,,,,,,-1,-1,0
synthetic_cloudtrail.csv:2187,,,,,,,,,,-1,-1,0
synthetic_cloudtrail.csv:2188,,,,,,,,,,-1,-1,0
synthetic_cloudtrail.csv:2189,,,,,,,,,,-1,-1,0
synthetic_cloudtrail.csv:2190,,,,,,,,,,-1,-1,0
synthetic_cloudtrail.csv:2191,,,,,,,,,,-1,-1,0
synthetic_cloudtrail.csv:2192,,,,,,,,,,-1,-1,0
synthetic_cloudtrail.csv:2193,camp-gynajqvgueuh,secrets_manager_sweep,reconnaissance,secrets_manager_sweep,,,,,,-1,-1,0
synthetic_cloudtrail.csv:2194,camp-gynajqvgueuh,secrets_manager_sweep,reconnaissance,secrets_manager_sweep,,,,,,-1,-1,0
synthetic_cloudtrail.csv:2195,camp-gynajqvgueuh,secrets_manager_sweep,reconnaissance,secrets_manager_sweep,,,,,,-1,-1,0
synthetic_cloudtrail.csv:2196,camp-gynajqvgueuh,secrets_manager_sweep,reconnaissance,secrets_manager_sweep,,,,,,-1,-1,0
synthetic_cloudtrail.csv:2197,camp-gynajqvgueuh,secrets_manager_sweep,reconnaissance,secrets_manager_sweep,,,,,,-1,-1,0
synthetic_cloudtrail.csv:2198,camp-gynajqvgueuh,secrets_manager_sweep,reconnaissance,secrets_manager_sweep,,,,,,-1,-1,0
synthetic_cloudtrail.csv:2199,camp-gynajqvgueuh,secrets_manager_sweep,credential-access,secrets_manager_sweep,evt-tjtyofrqdyng,,evt-tjtyofrqdyng,,,0,0,1
synthetic_cloudtrail.csv:2200,camp-gynajqvgueuh,secrets_manager_sweep,credential-access,secrets_manager_sweep,evt-apnldxcxbwyc,evt-tjtyofrqdyng,evt-tjtyofrqdyng,,,1,0,1
synthetic_cloudtrail.csv:2201,camp-gynajqvgueuh,secrets_manager_sweep,credential-access,secrets_manager_sweep,evt-qlcitkgmxyac,evt-apnldxcxbwyc,evt-tjtyofrqdyng,,,2,0,1
synthetic_cloudtrail.csv:2202,camp-gynajqvgueuh,secrets_manager_sweep,,secrets_manager_sweep,,,,,,-1,-1,0
synthetic_cloudtrail.csv:2203,camp-gynajqvgueuh,secrets_manager_sweep,,secrets_manager_sweep,,,,,,-1,-1,0
synthetic_cloudtrail.csv:2204,camp-gynajqvgueuh,secrets_manager_sweep,,secrets_manager_sweep,,,,,,-1,-1,0
synthetic_cloudtrail.csv:2205,camp-gynajqvgueuh,secrets_manager_sweep,,secrets_manager_sweep,,,,,,-1,-1,0
synthetic_cloudtrail.csv:2206,,,,,,,,,,-1,-1,0
synthetic_cloudtrail.csv:2207,,,,,,,,,,-1,-1,0
synthetic_cloudtrail.csv:2208,,,,,,,,,,-1,-1,0
synthetic_cloudtrail.csv:2209,,,,,,,,,,-1,-1,0
synthetic_cloudtrail.csv:2210,,,,,,,,,,-1,-1,0
synthetic_cloudtrail.csv:2211,,,,,,,,,,-1,-1,0
synthetic_cloudtrail.csv:2212,,,,,,,,,,-1,-1,0
synthetic_cloudtrail.csv:2213,,,,,,,,,,-1,-1,0
synthetic_cloudtrail.csv:2214,,,,,,,,,,-1,-1,0
synthetic_cloudtrail.csv:2215,,,,,,,,,,-1,-1,0
synthetic_cloudtrail.csv:2216,,,,,,,,,,-1,-1,0
synthetic_cloudtrail.csv:2217,,,,,,,,,,-1,-1,0
synthetic_cloudtrail.csv:2218,,,,,,,,,,-1,-1,0
synthetic_cloudtrail.csv:2219,,,,,,,,,,-1,-1,0
synthetic_cloudtrail.csv:2220,camp-muzqgjhpxagp,secrets_manager_sweep,reconnaissance,secrets_manager_sweep,,,,,,-1,-1,0
synthetic_cloudtrail.csv:2221,camp-muzqgjhpxagp,secrets_manager_sweep,reconnaissance,secrets_manager_sweep,,,,,,-1,-1,0
synthetic_cloudtrail.csv:2222,camp-muzqgjhpxagp,secrets_manager_sweep,reconnaissance,secrets_manager_sweep,,,,,,-1,-1,0
synthetic_cloudtrail.csv:2223,camp-muzqgjhpxagp,secrets_manager_sweep,reconnaissance,secrets_manager_sweep,,,,,,-1,-1,0
synthetic_cloudtrail.csv:2224,camp-muzqgjhpxagp,secrets_manager_sweep,credential-access,secrets_manager_sweep,evt-idxyqqhroqoq,evt-gbprnhhmcugc,evt-gbprnhhmcugc,,,1,0,1
synthetic_cloudtrail.csv:2225,camp-muzqgjhpxagp,secrets_manager_sweep,credential-access,secrets_manager_sweep,evt-foghkjpddznc,evt-idxyqqhroqoq,evt-gbprnhhmcugc,,,2,0,1
synthetic_cloudtrail.csv:2226,camp-muzqgjhpxagp,secrets_manager_sweep,credential-access,secrets_manager_sweep,evt-gbprnhhmcugc,,evt-gbprnhhmcugc,,,0,0,1
synthetic_cloudtrail.csv:2227,camp-muzqgjhpxagp,secrets_manager_sweep,,secrets_manager_sweep,,,,,,-1,-1,0
synthetic_cloudtrail.csv:2228,camp-muzqgjhpxagp,secrets_manager_sweep,,secrets_manager_sweep,,,,,,-1,-1,0
synthetic_cloudtrail.csv:2229,camp-muzqgjhpxagp,secrets_manager_sweep,,secrets_manager_sweep,,,,,,-1,-1,0
synthetic_cloudtrail.csv:2230,camp-muzqgjhpxagp,secrets_manager_sweep,,secrets_manager_sweep,,,,,,-1,-1,0
synthetic_cloudtrail.csv:2231,camp-muzqgjhpxagp,secrets_manager_sweep,,secrets_manager_sweep,,,,,,-1,-1,0
synthetic_cloudtrail.csv:2232,,,,,,,,,,-1,-1,0
synthetic_cloudtrail.csv:2233,,,,,,,,,,-1,-1,0
synthetic_cloudtrail.csv:2234,,,,,,,,,,-1,-1,0
synthetic_cloudtrail.csv:2235,,,,,,,,,,-1,-1,0
synthetic_cloudtrail.csv:2236,,,,,,,,,,-1,-1,0
synthetic_cloudtrail.csv:2237,,,,,,,,,,-1,-1,0
synthetic_cloudtrail.csv:2238,,,,,,,,,,-1,-1,0
synthetic_cloudtrail.csv:2239,,,,,,,,,,-1,-1,0
synthetic_cloudtrail.csv:2240,,,,,,,,,,-1,-1,0
synthetic_cloudtrail.csv:2241,,,,,,,,,,-1,-1,0
synthetic_cloudtrail.csv:2242,,,,,,,,,,-1,-1,0
synthetic_cloudtrail.csv:2243,,,,,,,,,,-1,-1,0
synthetic_cloudtrail.csv:2244,,,,,,,,,,-1,-1,0
synthetic_cloudtrail.csv:2245,,,,,,,,,,-1,-1,0
synthetic_cloudtrail.csv:2246,,,,,,,,,,-1,-1,0
synthetic_cloudtrail.csv:2247,,,,,,,,,,-1,-1,0
synthetic_cloudtrail.csv:2248,,,,,,,,,,-1,-1,0
synthetic_cloudtrail.csv:2249,,,,,,,,,,-1,-1,0
synthetic_cloudtrail.csv:2250,,,,,,,,,,-1,-1,0
synthetic_cloudtrail.csv:2251,,,,,,,,,,-1,-1,0
synthetic_cloudtrail.csv:2252,,,,,,,,,,-1,-1,0
synthetic_cloudtrail.csv:2253,,,,,,,,,,-1,-1,0
synthetic_cloudtrail.csv:2254,,,,,,,,,,-1,-1,0
synthetic_cloudtrail.csv:2255,,,,,,,,,,-1,-1,0
synthetic_cloudtrail.csv:2256,,,,,,,,,,-1,-1,0
synthetic_cloudtrail.csv:2257,,,,,,,,,,-1,-1,0
synthetic_cloudtrail.csv:2258,,,,,,,,,,-1,-1,0
synthetic_cloudtrail.csv:2259,,,,,,,,,,-1,-1,0
synthetic_cloudtrail.csv:2260,,,,,,,,,,-1,-1,0
synthetic_cloudtrail.csv:2261,,,,,,,,,,-1,-1,0
synthetic_cloudtrail.csv:2262,,,,,,,,,,-1,-1,0
synthetic_cloudtrail.csv:2263,,,,,,,,,,-1,-1,0
synthetic_cloudtrail.csv:2264,,,,,,,,,,-1,-1,0
synthetic_cloudtrail.csv:2265,,,,,,,,,,-1,-1,0
synthetic_cloudtrail.csv:2266,,,,,,,,,,-1,-1,0
synthetic_cloudtrail.csv:2267,,,,,,,,,,-1,-1,0
synthetic_cloudtrail.csv:2268,,,,,,,,,,-1,-1,0
synthetic_cloudtrail.csv:2269,,,,,,,,,,-1,-1,0
synthetic_cloudtrail.csv:2270,,,,,,,,,,-1,-1,0
synthetic_cloudtrail.csv:2271,,,,,,,,,,-1,-1,0
synthetic_cloudtrail.csv:2272,,,,,,,,,,-1,-1,0
synthetic_cloudtrail.csv:2273,,,,,,,,,,-1,-1,0
synthetic_cloudtrail.csv:2274,,,,,,,,,,-1,-1,0
synthetic_cloudtrail.csv:2275,,,,,,,,,,-1,-1,0
synthetic_cloudtrail.csv:2276,,,,,,,,,,-1,-1,0
synthetic_cloudtrail.csv:2277,,,,,,,,,,-1,-1,0
synthetic_cloudtrail.csv:2278,,,,,,,,,,-1,-1,0
synthetic_cloudtrail.csv:2279,,,,,,,,,,-1,-1,0
synthetic_cloudtrail.csv:2280,,,,,,,,,,-1,-1,0
synthetic_cloudtrail.csv:2281,,,,,,,,,,-1,-1,0
synthetic_cloudtrail.csv:2282,,,,,,,,,,-1,-1,0
synthetic_cloudtrail.csv:2283,,,,,,,,,,-1,-1,0
synthetic_cloudtrail.csv:2284,,,,,,,,,,-1,-1,0
synthetic_cloudtrail.csv:2285,,,,,,,,,,-1,-1,0
synthetic_cloudtrail.csv:2286,,,,,,,,,,-1,-1,0
synthetic_cloudtrail.csv:2287,,,,,,,,,,-1,-1,0
synthetic_cloudtrail.csv:2288,,,,,,,,,,-1,-1,0
synthetic_cloudtrail.csv:2289,,,,,,,,,,-1,-1,0
synthetic_cloudtrail.csv:2290,,,,,,,,,,-1,-1,0
synthetic_cloudtrail.csv:2291,,,,,,,,,,-1,-1,0
synthetic_cloudtrail.csv:2292,,,,,,,,,,-1,-1,0
synthetic_cloudtrail.csv:2293,,,,,,,,,,-1,-1,0
synthetic_cloudtrail.csv:2294,,,,,,,,,,-1,-1,0
synthetic_cloudtrail.csv:2295,,,,,,,,,,-1,-1,0
synthetic_cloudtrail.csv:2296,,,,,,,,,,-1,-1,0
synthetic_cloudtrail.csv:2297,,,,,,,,,,-1,-1,0
synthetic_cloudtrail.csv:2298,,,,,,,,,,-1,-1,0
synthetic_cloudtrail.csv:2299,,,,,,,,,,-1,-1,0
synthetic_cloudtrail.csv:2300,,,,,,,,,,-1,-1,0
synthetic_cloudtrail.csv:2301,,,,,,,,,,-1,-1,0
synthetic_cloudtrail.csv:2302,,,,,,,,,,-1,-1,0
synthetic_cloudtrail.csv:2303,camp-lhqmcmjqusry,full_kill_chain,reconnaissance,full_kill_chain,,,,,,-1,-1,0
synthetic_cloudtrail.csv:2304,camp-lhqmcmjqusry,full_kill_chain,reconnaissance,full_kill_chain,,,,,,-1,-1,0
synthetic_cloudtrail.csv:2305,camp-lhqmcmjqusry,full_kill_chain,reconnaissance,full_kill_chain,,,,,,-1,-1,0
synthetic_cloudtrail.csv:2306,camp-lhqmcmjqusry,full_kill_chain,reconnaissance,full_kill_chain,,,,,,-1,-1,0
synthetic_cloudtrail.csv:2307,camp-lhqmcmjqusry,full_kill_chain,persistence,full_kill_chain,evt-xufxfmeixyhq,,evt-xufxfmeixyhq,,,0,0,1
synthetic_cloudtrail.csv:2308,camp-lhqmcmjqusry,full_kill_chain,privilege-escalation,full_kill_chain,evt-cvxgtwpalbxs,evt-xufxfmeixyhq,evt-xufxfmeixyhq,s3:GetObject;s3:ListBucket,*,1,0,1
synthetic_cloudtrail.csv:2309,camp-lhqmcmjqusry,full_kill_chain,privilege-escalation,full_kill_chain,evt-qdqbkciqawda,evt-cvxgtwpalbxs,evt-xufxfmeixyhq,,,2,0,1
synthetic_cloudtrail.csv:2310,camp-lhqmcmjqusry,full_kill_chain,credential-access,full_kill_chain,evt-wityihdnetnt,evt-qdqbkciqawda,evt-xufxfmeixyhq,,,3,1,1
synthetic_cloudtrail.csv:2311,camp-lhqmcmjqusry,full_kill_chain,exfiltration,full_kill_chain,evt-jbkoowqupryq,evt-wityihdnetnt,evt-xufxfmeixyhq,,,4,1,1
synthetic_cloudtrail.csv:2312,camp-lhqmcmjqusry,full_kill_chain,defense-evasion,full_kill_chain,evt-jvxhycqwpszc,evt-jbkoowqupryq,evt-xufxfmeixyhq,,,5,1,1
synthetic_cloudtrail.csv:2313,camp-lhqmcmjqusry,full_kill_chain,,full_kill_chain,,,,,,-1,-1,0
synthetic_cloudtrail.csv:2314,camp-lhqmcmjqusry,full_kill_chain,,full_kill_chain,,,,,,-1,-1,0
synthetic_cloudtrail.csv:2315,camp-lhqmcmjqusry,full_kill_chain,,full_kill_chain,,,,,,-1,-1,0
synthetic_cloudtrail.csv:2316,camp-lhqmcmjqusry,full_kill_chain,,full_kill_chain,,,,,,-1,-1,0
synthetic_cloudtrail.csv:2317,,,,,,,,,,-1,-1,0
synthetic_cloudtrail.csv:2318,,,,,,,,,,-1,-1,0
synthetic_cloudtrail.csv:2319,,,,,,,,,,-1,-1,0
synthetic_cloudtrail.csv:2320,,,,,,,,,,-1,-1,0
synthetic_cloudtrail.csv:2321,,,,,,,,,,-1,-1,0
synthetic_cloudtrail.csv:2322,,,,,,,,,,-1,-1,0
synthetic_cloudtrail.csv:2323,,,,,,,,,,-1,-1,0
synthetic_cloudtrail.csv:2324,,,,,,,,,,-1,-1,0
synthetic_cloudtrail.csv:2325,,,,,,,,,,-1,-1,0
synthetic_cloudtrail.csv:2326,,,,,,,,,,-1,-1,0
synthetic_cloudtrail.csv:2327,,,,,,,,,,-1,-1,0
synthetic_cloudtrail.csv:2328,,,,,,,,,,-1,-1,0
synthetic_cloudtrail.csv:2329,,,,,,,,,,-1,-1,0
synthetic_cloudtrail.csv:2330,,,,,,,,,,-1,-1,0
synthetic_cloudtrail.csv:2331,,,,,,,,,,-1,-1,0
synthetic_cloudtrail.csv:2332,,,,,,,,,,-1,-1,0
synthetic_cloudtrail.csv:2333,,,,,,,,,,-1,-1,0
synthetic_cloudtrail.csv:2334,,,,,,,,,,-1,-1,0
synthetic_cloudtrail.csv:2335,,,,,,,,,,-1,-1,0
synthetic_cloudtrail.csv:2336,,,,,,,,,,-1,-1,0
synthetic_cloudtrail.csv:2337,,,,,,,,,,-1,-1,0
synthetic_cloudtrail.csv:2338,,,,,,,,,,-1,-1,0
synthetic_cloudtrail.csv:2339,,,,,,,,,,-1,-1,0
synthetic_cloudtrail.csv:2340,,,,,,,,,,-1,-1,0
synthetic_cloudtrail.csv:2341,,,,,,,,,,-1,-1,0
synthetic_cloudtrail.csv:2342,,,,,,,,,,-1,-1,0
synthetic_cloudtrail.csv:2343,,,,,,,,,,-1,-1,0
synthetic_cloudtrail.csv:2344,,,,,,,,,,-1,-1,0
synthetic_cloudtrail.csv:2345,,,,,,,,,,-1,-1,0
synthetic_cloudtrail.csv:2346,,,,,,,,,,-1,-1,0
synthetic_cloudtrail.csv:2347,,,,,,,,,,-1,-1,0
synthetic_cloudtrail.csv:2348,,,,,,,,,,-1,-1,0
synthetic_cloudtrail.csv:2349,,,,,,,,,,-1,-1,0
synthetic_cloudtrail.csv:2350,,,,,,,,,,-1,-1,0
synthetic_cloudtrail.csv:2351,,,,,,,,,,-1,-1,0
synthetic_cloudtrail.csv:2352,,,,,,,,,,-1,-1,0
synthetic_cloudtrail.csv:2353,,,,,,,,,,-1,-1,0
synthetic_cloudtrail.csv:2354,,,,,,,,,,-1,-1,0
synthetic_cloudtrail.csv:2355,,,,,,,,,,-1,-1,0
synthetic_cloudtrail.csv:2356,,,,,,,,,,-1,-1,0
synthetic_cloudtrail.csv:2357,,,,,,,,,,-1,-1,0
synthetic_cloudtrail.csv:2358,,,,,,,,,,-1,-1,0
synthetic_cloudtrail.csv:2359,,,,,,,,,,-1,-1,0
synthetic_cloudtrail.csv:2360,,,,,,,,,,-1,-1,0
synthetic_cloudtrail.csv:2361,,,,,,,,,,-1,-1,0
synthetic_cloudtrail.csv:2362,,,,,,,,,,-1,-1,0
synthetic_cloudtrail.csv:2363,,,,,,,,,,-1,-1,0
synthetic_cloudtrail.csv:2364,,,,,,,,,,-1,-1,0
synthetic_cloudtrail.csv:2365,,,,,,,,,,-1,-1,0
synthetic_cloudtrail.csv:2366,,,,,,,,,,-1,-1,0
synthetic_cloudtrail.csv:2367,,,,,,,,,,-1,-1,0
synthetic_cloudtrail.csv:2368,,,,,,,,,,-1,-1,0
synthetic_cloudtrail.csv:2369,,,,,,,,,,-1,-1,0
synthetic_cloudtrail.csv:2370,,,,,,,,,,-1,-1,0
synthetic_cloudtrail.csv:2371,,,,,,,,,,-1,-1,0
synthetic_cloudtrail.csv:2372,,,,,,,,,,-1,-1,0
synthetic_cloudtrail.csv:2373,camp-zafeaykqpvoj,ec2_password_data,reconnaissance,ec2_password_data,,,,,,-1,-1,0
synthetic_cloudtrail.csv:2374,camp-zafeaykqpvoj,ec2_password_data,reconnaissance,ec2_password_data,,,,,,-1,-1,0
synthetic_cloudtrail.csv:2375,camp-zafeaykqpvoj,ec2_password_data,reconnaissance,ec2_password_data,,,,,,-1,-1,0
synthetic_cloudtrail.csv:2376,camp-zafeaykqpvoj,ec2_password_data,reconnaissance,ec2_password_data,,,,,,-1,-1,0
synthetic_cloudtrail.csv:2377,camp-zafeaykqpvoj,ec2_password_data,reconnaissance,ec2_password_data,,,,,,-1,-1,0
synthetic_cloudtrail.csv:2378,camp-zafeaykqpvoj,ec2_password_data,persistence,ec2_password_data,evt-ylcoucbxpttx,,evt-ylcoucbxpttx,,,0,0,1
synthetic_cloudtrail.csv:2379,camp-zafeaykqpvoj,ec2_password_data,privilege-escalation,ec2_password_data,evt-mqqylehtpsjv,evt-ylcoucbxpttx,evt-ylcoucbxpttx,s3:GetObject,iam:*;s3:*;sts:AssumeRole,1,0,1
synthetic_cloudtrail.csv:2380,camp-zafeaykqpvoj,ec2_password_data,credential-access,ec2_password_data,evt-krhpbtebuzih,evt-mqqylehtpsjv,evt-ylcoucbxpttx,,,2,0,1
synthetic_cloudtrail.csv:2381,camp-zafeaykqpvoj,ec2_password_data,,ec2_password_data,,,,,,-1,-1,0
synthetic_cloudtrail.csv:2382,camp-zafeaykqpvoj,ec2_password_data,,ec2_password_data,,,,,,-1,-1,0
synthetic_cloudtrail.csv:2383,camp-zafeaykqpvoj,ec2_password_data,,ec2_password_data,,,,,,-1,-1,0
synthetic_cloudtrail.csv:2384,camp-zafeaykqpvoj,ec2_password_data,,ec2_password_data,,,,,,-1,-1,0
synthetic_cloudtrail.csv:2385,camp-zafeaykqpvoj,ec2_password_data,,ec2_password_data,,,,,,-1,-1,0
synthetic_cloudtrail.csv:2386,,,,,,,,,,-1,-1,0
synthetic_cloudtrail.csv:2387,,,,,,,,,,-1,-1,0
synthetic_cloudtrail.csv:2388,,,,,,,,,,-1,-1,0
synthetic_cloudtrail.csv:2389,,,,,,,,,,-1,-1,0
synthetic_cloudtrail.csv:2390,,,,,,,,,,-1,-1,0
synthetic_cloudtrail.csv:2391,,,,,,,,,,-1,-1,0
synthetic_cloudtrail.csv:2392,,,,,,,,,,-1,-1,0
synthetic_cloudtrail.csv:2393,,,,,,,,,,-1,-1,0
synthetic_cloudtrail.csv:2394,,,,,,,,,,-1,-1,0
synthetic_cloudtrail.csv:2395,,,,,,,,,,-1,-1,0
synthetic_cloudtrail.csv:2396,,,,,,,,,,-1,-1,0
synthetic_cloudtrail.csv:2397,,,,,,,,,,-1,-1,0
synthetic_cloudtrail.csv:2398,,,,,,,,,,-1,-1,0
synthetic_cloudtrail.csv:2399,,,,,,,,,,-1,-1,0
synthetic_cloudtrail.csv:2400,,,,,,,,,,-1,-1,0
synthetic_cloudtrail.csv:2401,,,,,,,,,,-1,-1,0
synthetic_cloudtrail.csv:2402,,,,,,,,,,-1,-1,0
synthetic_cloudtrail.csv:2403,,,,,,,,,,-1,-1,0
synthetic_cloudtrail.csv:2404,,,,,,,,,,-1,-1,0
synthetic_cloudtrail.csv:2405,,,,,,,,,,-1,-1,0
synthetic_cloudtrail.csv:2406,,,,,,,,,,-1,-1,0
synthetic_cloudtrail.csv:2407,,,,,,,,,,-1,-1,0
synthetic_cloudtrail.csv:2408,,,,,,,,,,-1,-1,0
synthetic_cloudtrail.csv:2409,,,,,,,,,,-1,-1,0
synthetic_cloudtrail.csv:2410,,,,,,,,,,-1,-1,0
synthetic_cloudtrail.csv:2411,,,,,,,,,,-1,-1,0
synthetic_cloudtrail.csv:2412,,,,,,,,,,-1,-1,0
synthetic_cloudtrail.csv:2413,,,,,,,,,,-1,-1,0
synthetic_cloudtrail.csv:2414,,,,,,,,,,-1,-1,0
synthetic_cloudtrail.csv:2415,,,,,,,,,,-1,-1,0
synthetic_cloudtrail.csv:2416,,,,,,,,,,-1,-1,0
synthetic_cloudtrail.csv:2417,,,,,,,,,,-1,-1,0
synthetic_cloudtrail.csv:2418,,,,,,,,,,-1,-1,0
synthetic_cloudtrail.csv:2419,,,,,,,,,,-1,-1,0
synthetic_cloudtrail.csv:2420,,,,,,,,,,-1,-1,0
synthetic_cloudtrail.csv:2421,,,,,,,,,,-1,-1,0
synthetic_cloudtrail.csv:2422,,,,,,,,,,-1,-1,0
synthetic_cloudtrail.csv:2423,,,,,,,,,,-1,-1,0
synthetic_cloudtrail.csv:2424,,,,,,,,,,-1,-1,0
synthetic_cloudtrail.csv:2425,,,,,,,,,,-1,-1,0
synthetic_cloudtrail.csv:2426,,,,,,,,,,-1,-1,0
synthetic_cloudtrail.csv:2427,,,,,,,,,,-1,-1,0
synthetic_cloudtrail.csv:2428,,,,,,,,,,-1,-1,0
synthetic_cloudtrail.csv:2429,,,,,,,,,,-1,-1,0
synthetic_cloudtrail.csv:2430,,,,,,,,,,-1,-1,0
synthetic_cloudtrail.csv:2431,,,,,,,,,,-1,-1,0
synthetic_cloudtrail.csv:2432,,,,,,,,,,-1,-1,0
synthetic_cloudtrail.csv:2433,,,,,,,,,,-1,-1,0
synthetic_cloudtrail.csv:2434,,,,,,,,,,-1,-1,0
synthetic_cloudtrail.csv:2435,,,,,,,,,,-1,-1,0
synthetic_cloudtrail.csv:2436,,,,,,,,,,-1,-1,0
synthetic_cloudtrail.csv:2437,,,,,,,,,,-1,-1,0
synthetic_cloudtrail.csv:2438,,,,,,,,,,-1,-1,0
synthetic_cloudtrail.csv:2439,,,,,,,,,,-1,-1,0
synthetic_cloudtrail.csv:2440,,,,,,,,,,-1,-1,0
synthetic_cloudtrail.csv:2441,,,,,,,,,,-1,-1,0
synthetic_cloudtrail.csv:2442,,,,,,,,,,-1,-1,0
synthetic_cloudtrail.csv:2443,,,,,,,,,,-1,-1,0
synthetic_cloudtrail.csv:2444,,,,,,,,,,-1,-1,0
synthetic_cloudtrail.csv:2445,,,,,,,,,,-1,-1,0
synthetic_cloudtrail.csv:2446,,,,,,,,,,-1,-1,0
synthetic_cloudtrail.csv:2447,camp-vbgwotkxpsei,update_role_inline_policy,reconnaissance,update_role_inline_policy,,,,,,-1,-1,0
synthetic_cloudtrail.csv:2448,camp-vbgwotkxpsei,update_role_inline_policy,reconnaissance,update_role_inline_policy,,,,,,-1,-1,0
synthetic_cloudtrail.csv:2449,camp-vbgwotkxpsei,update_role_inline_policy,reconnaissance,update_role_inline_policy,,,,,,-1,-1,0
synthetic_cloudtrail.csv:2450,camp-vbgwotkxpsei,update_role_inline_policy,reconnaissance,update_role_inline_policy,,,,,,-1,-1,0
synthetic_cloudtrail.csv:2451,camp-vbgwotkxpsei,update_role_inline_policy,reconnaissance,update_role_inline_policy,,,,,,-1,-1,0
synthetic_cloudtrail.csv:2452,camp-vbgwotkxpsei,update_role_inline_policy,reconnaissance,update_role_inline_policy,,,,,,-1,-1,0
synthetic_cloudtrail.csv:2453,camp-vbgwotkxpsei,update_role_inline_policy,reconnaissance,update_role_inline_policy,,,,,,-1,-1,0
synthetic_cloudtrail.csv:2454,camp-vbgwotkxpsei,update_role_inline_policy,privilege-escalation,update_role_inline_policy,evt-owlgkikqemfs,,evt-owlgkikqemfs,s3:GetObject,iam:*;s3:*;sts:AssumeRole,0,0,1
synthetic_cloudtrail.csv:2455,camp-vbgwotkxpsei,update_role_inline_policy,,update_role_inline_policy,,,,,,-1,-1,0
synthetic_cloudtrail.csv:2456,camp-vbgwotkxpsei,update_role_inline_policy,,update_role_inline_policy,,,,,,-1,-1,0
synthetic_cloudtrail.csv:2457,camp-vbgwotkxpsei,update_role_inline_policy,,update_role_inline_policy,,,,,,-1,-1,0
synthetic_cloudtrail.csv:2458,,,,,,,,,,-1,-1,0
synthetic_cloudtrail.csv:2459,,,,,,,,,,-1,-1,0
synthetic_cloudtrail.csv:2460,,,,,,,,,,-1,-1,0
synthetic_cloudtrail.csv:2461,,,,,,,,,,-1,-1,0
synthetic_cloudtrail.csv:2462,,,,,,,,,,-1,-1,0
synthetic_cloudtrail.csv:2463,,,,,,,,,,-1,-1,0
synthetic_cloudtrail.csv:2464,,,,,,,,,,-1,-1,0
synthetic_cloudtrail.csv:2465,,,,,,,,,,-1,-1,0
synthetic_cloudtrail.csv:2466,,,,,,,,,,-1,-1,0
synthetic_cloudtrail.csv:2467,,,,,,,,,,-1,-1,0
synthetic_cloudtrail.csv:2468,,,,,,,,,,-1,-1,0
synthetic_cloudtrail.csv:2469,camp-ezepglrlftbr,update_assume_role_policy,reconnaissance,update_assume_role_policy,,,,,,-1,-1,0
synthetic_cloudtrail.csv:2470,camp-ezepglrlftbr,update_assume_role_policy,reconnaissance,update_assume_role_policy,,,,,,-1,-1,0
synthetic_cloudtrail.csv:2471,camp-ezepglrlftbr,update_assume_role_policy,reconnaissance,update_assume_role_policy,,,,,,-1,-1,0
synthetic_cloudtrail.csv:2472,camp-ezepglrlftbr,update_assume_role_policy,reconnaissance,update_assume_role_policy,,,,,,-1,-1,0
synthetic_cloudtrail.csv:2473,camp-ezepglrlftbr,update_assume_role_policy,reconnaissance,update_assume_role_policy,,,,,,-1,-1,0
synthetic_cloudtrail.csv:2474,camp-ezepglrlftbr,update_assume_role_policy,reconnaissance,update_assume_role_policy,,,,,,-1,-1,0
synthetic_cloudtrail.csv:2475,camp-ezepglrlftbr,update_assume_role_policy,reconnaissance,update_assume_role_policy,,,,,,-1,-1,0
synthetic_cloudtrail.csv:2476,camp-ezepglrlftbr,update_assume_role_policy,reconnaissance,update_assume_role_policy,,,,,,-1,-1,0
synthetic_cloudtrail.csv:2477,camp-ezepglrlftbr,update_assume_role_policy,persistence,update_assume_role_policy,evt-ivteeimjfmrm,,evt-ivteeimjfmrm,,sts:AssumeRole/*,0,0,1
synthetic_cloudtrail.csv:2478,camp-ezepglrlftbr,update_assume_role_policy,privilege-escalation,update_assume_role_policy,evt-plqblykcoofx,evt-ivteeimjfmrm,evt-ivteeimjfmrm,,,1,0,1
synthetic_cloudtrail.csv:2479,camp-ezepglrlftbr,update_assume_role_policy,credential-access,update_assume_role_policy,evt-jnvpqiqoibwu,evt-plqblykcoofx,evt-ivteeimjfmrm,,,2,1,1
synthetic_cloudtrail.csv:2480,camp-ezepglrlftbr,update_assume_role_policy,,update_assume_role_policy,,,,,,-1,-1,0
synthetic_cloudtrail.csv:2481,camp-ezepglrlftbr,update_assume_role_policy,,update_assume_role_policy,,,,,,-1,-1,0
synthetic_cloudtrail.csv:2482,camp-ezepglrlftbr,update_assume_role_policy,,update_assume_role_policy,,,,,,-1,-1,0
synthetic_cloudtrail.csv:2483,camp-ezepglrlftbr,update_assume_role_policy,,update_assume_role_policy,,,,,,-1,-1,0
synthetic_cloudtrail.csv:2484,,,,,,,,,,-1,-1,0
synthetic_cloudtrail.csv:2485,,,,,,,,,,-1,-1,0
synthetic_cloudtrail.csv:2486,,,,,,,,,,-1,-1,0
synthetic_cloudtrail.csv:2487,,,,,,,,,,-1,-1,0
synthetic_cloudtrail.csv:2488,,,,,,,,,,-1,-1,0
synthetic_cloudtrail.csv:2489,,,,,,,,,,-1,-1,0
synthetic_cloudtrail.csv:2490,,,,,,,,,,-1,-1,0
synthetic_cloudtrail.csv:2491,,,,,,,,,,-1,-1,0
synthetic_cloudtrail.csv:2492,,,,,,,,,,-1,-1,0
synthetic_cloudtrail.csv:2493,,,,,,,,,,-1,-1,0
synthetic_cloudtrail.csv:2494,,,,,,,,,,-1,-1,0
synthetic_cloudtrail.csv:2495,,,,,,,,,,-1,-1,0
synthetic_cloudtrail.csv:2496,camp-jmzmxirnylzs,assume_admin_then_backdoor_role,reconnaissance,assume_admin_then_backdoor_role,,,,,,-1,-1,0
synthetic_cloudtrail.csv:2497,camp-jmzmxirnylzs,assume_admin_then_backdoor_role,reconnaissance,assume_admin_then_backdoor_role,,,,,,-1,-1,0
synthetic_cloudtrail.csv:2498,camp-jmzmxirnylzs,assume_admin_then_backdoor_role,reconnaissance,assume_admin_then_backdoor_role,,,,,,-1,-1,0
synthetic_cloudtrail.csv:2499,camp-jmzmxirnylzs,assume_admin_then_backdoor_role,privilege-escalation,assume_admin_then_backdoor_role,evt-zguewjnibrhf,,evt-zguewjnibrhf,,,0,0,1
synthetic_cloudtrail.csv:2500,camp-jmzmxirnylzs,assume_admin_then_backdoor_role,persistence,assume_admin_then_backdoor_role,evt-tmmpglaqtygr,evt-zguewjnibrhf,evt-zguewjnibrhf,,,1,1,1
synthetic_cloudtrail.csv:2501,camp-jmzmxirnylzs,assume_admin_then_backdoor_role,privilege-escalation,assume_admin_then_backdoor_role,evt-dzfiiewkcczh,evt-tmmpglaqtygr,evt-zguewjnibrhf,s3:GetObject;s3:ListBucket,*,2,1,1
synthetic_cloudtrail.csv:2502,camp-jmzmxirnylzs,assume_admin_then_backdoor_role,privilege-escalation,assume_admin_then_backdoor_role,evt-toawidyphkya,evt-dzfiiewkcczh,evt-zguewjnibrhf,,,3,1,1
synthetic_cloudtrail.csv:2503,camp-jmzmxirnylzs,assume_admin_then_backdoor_role,credential-access,assume_admin_then_backdoor_role,evt-wwvisfafqozg,evt-toawidyphkya,evt-zguewjnibrhf,,,4,2,1
synthetic_cloudtrail.csv:2504,camp-jmzmxirnylzs,assume_admin_then_backdoor_role,,assume_admin_then_backdoor_role,,,,,,-1,-1,0
synthetic_cloudtrail.csv:2505,camp-jmzmxirnylzs,assume_admin_then_backdoor_role,,assume_admin_then_backdoor_role,,,,,,-1,-1,0
synthetic_cloudtrail.csv:2506,camp-jmzmxirnylzs,assume_admin_then_backdoor_role,,assume_admin_then_backdoor_role,,,,,,-1,-1,0
synthetic_cloudtrail.csv:2507,,,,,,,,,,-1,-1,0
synthetic_cloudtrail.csv:2508,,,,,,,,,,-1,-1,0
synthetic_cloudtrail.csv:2509,,,,,,,,,,-1,-1,0
synthetic_cloudtrail.csv:2510,,,,,,,,,,-1,-1,0
synthetic_cloudtrail.csv:2511,,,,,,,,,,-1,-1,0
synthetic_cloudtrail.csv:2512,,,,,,,,,,-1,-1,0
synthetic_cloudtrail.csv:2513,,,,,,,,,,-1,-1,0
synthetic_cloudtrail.csv:2514,,,,,,,,,,-1,-1,0
synthetic_cloudtrail.csv:2515,,,,,,,,,,-1,-1,0
synthetic_cloudtrail.csv:2516,,,,,,,,,,-1,-1,0
synthetic_cloudtrail.csv:2517,,,,,,,,,,-1,-1,0
synthetic_cloudtrail.csv:2518,,,,,,,,,,-1,-1,0
synthetic_cloudtrail.csv:2519,,,,,,,,,,-1,-1,0
synthetic_cloudtrail.csv:2520,,,,,,,,,,-1,-1,0
synthetic_cloudtrail.csv:2521,,,,,,,,,,-1,-1,0
synthetic_cloudtrail.csv:2522,,,,,,,,,,-1,-1,0
synthetic_cloudtrail.csv:2523,,,,,,,,,,-1,-1,0
synthetic_cloudtrail.csv:2524,,,,,,,,,,-1,-1,0
synthetic_cloudtrail.csv:2525,,,,,,,,,,-1,-1,0
synthetic_cloudtrail.csv:2526,,,,,,,,,,-1,-1,0
synthetic_cloudtrail.csv:2527,,,,,,,,,,-1,-1,0
synthetic_cloudtrail.csv:2528,,,,,,,,,,-1,-1,0
synthetic_cloudtrail.csv:2529,,,,,,,,,,-1,-1,0
synthetic_cloudtrail.csv:2530,,,,,,,,,,-1,-1,0
synthetic_cloudtrail.csv:2531,,,,,,,,,,-1,-1,0
synthetic_cloudtrail.csv:2532,,,,,,,,,,-1,-1,0
synthetic_cloudtrail.csv:2533,,,,,,,,,,-1,-1,0
synthetic_cloudtrail.csv:2534,,,,,,,,,,-1,-1,0
synthetic_cloudtrail.csv:2535,camp-pprjhhlicssa,create_policy_version,reconnaissance,create_policy_version,,,,,,-1,-1,0
synthetic_cloudtrail.csv:2536,camp-pprjhhlicssa,create_policy_version,reconnaissance,create_policy_version,,,,,,-1,-1,0
synthetic_cloudtrail.csv:2537,camp-pprjhhlicssa,create_policy_version,reconnaissance,create_policy_version,,,,,,-1,-1,0
synthetic_cloudtrail.csv:2538,camp-pprjhhlicssa,create_policy_version,reconnaissance,create_policy_version,,,,,,-1,-1,0
synthetic_cloudtrail.csv:2539,camp-pprjhhlicssa,create_policy_version,privilege-escalation,create_policy_version,evt-fjbjfojdldfx,,evt-fjbjfojdldfx,s3:GetObject,iam:*;s3:*,0,0,1
synthetic_cloudtrail.csv:2540,camp-pprjhhlicssa,create_policy_version,privilege-escalation,create_policy_version,evt-btwvdluqpmth,evt-fjbjfojdldfx,evt-fjbjfojdldfx,,,1,0,1
synthetic_cloudtrail.csv:2541,camp-pprjhhlicssa,create_policy_version,,create_policy_version,,,,,,-1,-1,0
synthetic_cloudtrail.csv:2542,camp-pprjhhlicssa,create_policy_version,,create_policy_version,,,,,,-1,-1,0
synthetic_cloudtrail.csv:2543,camp-pprjhhlicssa,create_policy_version,,create_policy_version,,,,,,-1,-1,0
synthetic_cloudtrail.csv:2544,camp-pprjhhlicssa,create_policy_version,,create_policy_version,,,,,,-1,-1,0
synthetic_cloudtrail.csv:2545,camp-pprjhhlicssa,create_policy_version,,create_policy_version,,,,,,-1,-1,0
synthetic_cloudtrail.csv:2546,camp-xlejrmnebyqp,create_user_accesskey_policy,reconnaissance,create_user_accesskey_policy,,,,,,-1,-1,0
synthetic_cloudtrail.csv:2547,camp-xlejrmnebyqp,create_user_accesskey_policy,reconnaissance,create_user_accesskey_policy,,,,,,-1,-1,0
synthetic_cloudtrail.csv:2548,camp-xlejrmnebyqp,create_user_accesskey_policy,reconnaissance,create_user_accesskey_policy,,,,,,-1,-1,0
synthetic_cloudtrail.csv:2549,camp-xlejrmnebyqp,create_user_accesskey_policy,reconnaissance,create_user_accesskey_policy,,,,,,-1,-1,0
synthetic_cloudtrail.csv:2550,camp-xlejrmnebyqp,create_user_accesskey_policy,reconnaissance,create_user_accesskey_policy,,,,,,-1,-1,0
synthetic_cloudtrail.csv:2551,camp-xlejrmnebyqp,create_user_accesskey_policy,reconnaissance,create_user_accesskey_policy,,,,,,-1,-1,0
synthetic_cloudtrail.csv:2552,camp-xlejrmnebyqp,create_user_accesskey_policy,persistence,create_user_accesskey_policy,evt-wysjemditybj,,evt-wysjemditybj,,,0,0,1
synthetic_cloudtrail.csv:2553,camp-xlejrmnebyqp,create_user_accesskey_policy,privilege-escalation,create_user_accesskey_policy,evt-sixgxkkdkwxx,evt-wysjemditybj,evt-wysjemditybj,,,1,0,1
synthetic_cloudtrail.csv:2554,camp-xlejrmnebyqp,create_user_accesskey_policy,privilege-escalation,create_user_accesskey_policy,evt-gpadvakhunov,evt-sixgxkkdkwxx,evt-wysjemditybj,s3:GetObject;s3:ListBucket,*,2,0,1
synthetic_cloudtrail.csv:2555,camp-xlejrmnebyqp,create_user_accesskey_policy,,create_user_accesskey_policy,,,,,,-1,-1,0
synthetic_cloudtrail.csv:2556,camp-xlejrmnebyqp,create_user_accesskey_policy,,create_user_accesskey_policy,,,,,,-1,-1,0
synthetic_cloudtrail.csv:2557,camp-xlejrmnebyqp,create_user_accesskey_policy,,create_user_accesskey_policy,,,,,,-1,-1,0
synthetic_cloudtrail.csv:2558,camp-cxemwrjhxjyv,assume_then_backdoor_key,reconnaissance,assume_then_backdoor_key,,,,,,-1,-1,0
synthetic_cloudtrail.csv:2559,camp-cxemwrjhxjyv,assume_then_backdoor_key,reconnaissance,assume_then_backdoor_key,,,,,,-1,-1,0
synthetic_cloudtrail.csv:2560,camp-cxemwrjhxjyv,assume_then_backdoor_key,reconnaissance,assume_then_backdoor_key,,,,,,-1,-1,0
synthetic_cloudtrail.csv:2561,camp-cxemwrjhxjyv,assume_then_backdoor_key,reconnaissance,assume_then_backdoor_key,,,,,,-1,-1,0
synthetic_cloudtrail.csv:2562,camp-cxemwrjhxjyv,assume_then_backdoor_key,reconnaissance,assume_then_backdoor_key,,,,,,-1,-1,0
synthetic_cloudtrail.csv:2563,camp-cxemwrjhxjyv,assume_then_backdoor_key,reconnaissance,assume_then_backdoor_key,,,,,,-1,-1,0
synthetic_cloudtrail.csv:2564,camp-cxemwrjhxjyv,assume_then_backdoor_key,reconnaissance,assume_then_backdoor_key,,,,,,-1,-1,0
synthetic_cloudtrail.csv:2565,camp-cxemwrjhxjyv,assume_then_backdoor_key,privilege-escalation,assume_then_backdoor_key,evt-gobjrzcozqrh,,evt-gobjrzcozqrh,,,0,0,1
synthetic_cloudtrail.csv:2566,camp-cxemwrjhxjyv,assume_then_backdoor_key,persistence,assume_then_backdoor_key,evt-hxslzbkeokgl,evt-gobjrzcozqrh,evt-gobjrzcozqrh,,,1,1,1
synthetic_cloudtrail.csv:2567,camp-cxemwrjhxjyv,assume_then_backdoor_key,privilege-escalation,assume_then_backdoor_key,evt-jguchhgdoksp,evt-hxslzbkeokgl,evt-gobjrzcozqrh,s3:GetObject,iam:*;s3:*;sts:AssumeRole,2,1,1
synthetic_cloudtrail.csv:2568,camp-cxemwrjhxjyv,assume_then_backdoor_key,,assume_then_backdoor_key,,,,,,-1,-1,0
synthetic_cloudtrail.csv:2569,camp-cxemwrjhxjyv,assume_then_backdoor_key,,assume_then_backdoor_key,,,,,,-1,-1,0
synthetic_cloudtrail.csv:2570,camp-cxemwrjhxjyv,assume_then_backdoor_key,,assume_then_backdoor_key,,,,,,-1,-1,0
synthetic_cloudtrail.csv:2571,,,,,,,,,,-1,-1,0
synthetic_cloudtrail.csv:2572,,,,,,,,,,-1,-1,0
synthetic_cloudtrail.csv:2573,,,,,,,,,,-1,-1,0
synthetic_cloudtrail.csv:2574,,,,,,,,,,-1,-1,0
synthetic_cloudtrail.csv:2575,,,,,,,,,,-1,-1,0
synthetic_cloudtrail.csv:2576,,,,,,,,,,-1,-1,0
synthetic_cloudtrail.csv:2577,,,,,,,,,,-1,-1,0
synthetic_cloudtrail.csv:2578,,,,,,,,,,-1,-1,0
synthetic_cloudtrail.csv:2579,camp-bnjtujcvyemd,update_assume_role_policy,reconnaissance,update_assume_role_policy,,,,,,-1,-1,0
synthetic_cloudtrail.csv:2580,camp-bnjtujcvyemd,update_assume_role_policy,reconnaissance,update_assume_role_policy,,,,,,-1,-1,0
synthetic_cloudtrail.csv:2581,camp-bnjtujcvyemd,update_assume_role_policy,reconnaissance,update_assume_role_policy,,,,,,-1,-1,0
synthetic_cloudtrail.csv:2582,camp-bnjtujcvyemd,update_assume_role_policy,persistence,update_assume_role_policy,evt-auutyyzbkecp,,evt-auutyyzbkecp,,sts:AssumeRole/*,0,0,1
synthetic_cloudtrail.csv:2583,camp-bnjtujcvyemd,update_assume_role_policy,privilege-escalation,update_assume_role_policy,evt-luaybmyocdpz,evt-auutyyzbkecp,evt-auutyyzbkecp,,,1,0,1
synthetic_cloudtrail.csv:2584,camp-bnjtujcvyemd,update_assume_role_policy,credential-access,update_assume_role_policy,evt-kkhujksnndfw,evt-luaybmyocdpz,evt-auutyyzbkecp,,,2,1,1
synthetic_cloudtrail.csv:2585,camp-bnjtujcvyemd,update_assume_role_policy,,update_assume_role_policy,,,,,,-1,-1,0
synthetic_cloudtrail.csv:2586,camp-bnjtujcvyemd,update_assume_role_policy,,update_assume_role_policy,,,,,,-1,-1,0
synthetic_cloudtrail.csv:2587,camp-bnjtujcvyemd,update_assume_role_policy,,update_assume_role_policy,,,,,,-1,-1,0
synthetic_cloudtrail.csv:2588,camp-bnjtujcvyemd,update_assume_role_policy,,update_assume_role_policy,,,,,,-1,-1,0
synthetic_cloudtrail.csv:2589,,,,,,,,,,-1,-1,0
synthetic_cloudtrail.csv:2590,,,,,,,,,,-1,-1,0
synthetic_cloudtrail.csv:2591,,,,,,,,,,-1,-1,0
synthetic_cloudtrail.csv:2592,,,,,,,,,,-1,-1,0
synthetic_cloudtrail.csv:2593,,,,,,,,,,-1,-1,0
synthetic_cloudtrail.csv:2594,,,,,,,,,,-1,-1,0
synthetic_cloudtrail.csv:2595,,,,,,,,,,-1,-1,0
synthetic_cloudtrail.csv:2596,,,,,,,,,,-1,-1,0
synthetic_cloudtrail.csv:2597,,,,,,,,,,-1,-1,0
synthetic_cloudtrail.csv:2598,,,,,,,,,,-1,-1,0
synthetic_cloudtrail.csv:2599,,,,,,,,,,-1,-1,0
synthetic_cloudtrail.csv:2600,,,,,,,,,,-1,-1,0
synthetic_cloudtrail.csv:2601,,,,,,,,,,-1,-1,0
synthetic_cloudtrail.csv:2602,,,,,,,,,,-1,-1,0
synthetic_cloudtrail.csv:2603,,,,,,,,,,-1,-1,0
synthetic_cloudtrail.csv:2604,,,,,,,,,,-1,-1,0
synthetic_cloudtrail.csv:2605,,,,,,,,,,-1,-1,0
synthetic_cloudtrail.csv:2606,,,,,,,,,,-1,-1,0
synthetic_cloudtrail.csv:2607,,,,,,,,,,-1,-1,0
synthetic_cloudtrail.csv:2608,,,,,,,,,,-1,-1,0
synthetic_cloudtrail.csv:2609,,,,,,,,,,-1,-1,0
synthetic_cloudtrail.csv:2610,,,,,,,,,,-1,-1,0
synthetic_cloudtrail.csv:2611,,,,,,,,,,-1,-1,0
synthetic_cloudtrail.csv:2612,,,,,,,,,,-1,-1,0
synthetic_cloudtrail.csv:2613,,,,,,,,,,-1,-1,0
synthetic_cloudtrail.csv:2614,,,,,,,,,,-1,-1,0
synthetic_cloudtrail.csv:2615,,,,,,,,,,-1,-1,0
synthetic_cloudtrail.csv:2616,,,,,,,,,,-1,-1,0
synthetic_cloudtrail.csv:2617,,,,,,,,,,-1,-1,0
synthetic_cloudtrail.csv:2618,,,,,,,,,,-1,-1,0
synthetic_cloudtrail.csv:2619,,,,,,,,,,-1,-1,0
synthetic_cloudtrail.csv:2620,,,,,,,,,,-1,-1,0
synthetic_cloudtrail.csv:2621,,,,,,,,,,-1,-1,0
synthetic_cloudtrail.csv:2622,,,,,,,,,,-1,-1,0
synthetic_cloudtrail.csv:2623,,,,,,,,,,-1,-1,0
synthetic_cloudtrail.csv:2624,,,,,,,,,,-1,-1,0
synthetic_cloudtrail.csv:2625,,,,,,,,,,-1,-1,0
synthetic_cloudtrail.csv:2626,camp-mvbfvwtvktya,ssm_parameter_harvest,reconnaissance,ssm_parameter_harvest,,,,,,-1,-1,0
synthetic_cloudtrail.csv:2627,camp-mvbfvwtvktya,ssm_parameter_harvest,reconnaissance,ssm_parameter_harvest,,,,,,-1,-1,0
synthetic_cloudtrail.csv:2628,camp-mvbfvwtvktya,ssm_parameter_harvest,reconnaissance,ssm_parameter_harvest,,,,,,-1,-1,0
synthetic_cloudtrail.csv:2629,camp-mvbfvwtvktya,ssm_parameter_harvest,reconnaissance,ssm_parameter_harvest,,,,,,-1,-1,0
synthetic_cloudtrail.csv:2630,camp-mvbfvwtvktya,ssm_parameter_harvest,reconnaissance,ssm_parameter_harvest,,,,,,-1,-1,0
synthetic_cloudtrail.csv:2631,camp-mvbfvwtvktya,ssm_parameter_harvest,reconnaissance,ssm_parameter_harvest,,,,,,-1,-1,0
synthetic_cloudtrail.csv:2632,camp-mvbfvwtvktya,ssm_parameter_harvest,reconnaissance,ssm_parameter_harvest,,,,,,-1,-1,0
synthetic_cloudtrail.csv:2633,camp-mvbfvwtvktya,ssm_parameter_harvest,credential-access,ssm_parameter_harvest,evt-qfutnaugvjpx,evt-ywxunudvuvdj,evt-ywxunudvuvdj,,,1,0,1
synthetic_cloudtrail.csv:2634,camp-mvbfvwtvktya,ssm_parameter_harvest,credential-access,ssm_parameter_harvest,evt-ywxunudvuvdj,,evt-ywxunudvuvdj,,,0,0,1
synthetic_cloudtrail.csv:2635,camp-mvbfvwtvktya,ssm_parameter_harvest,credential-access,ssm_parameter_harvest,evt-ulecdrmklsep,evt-qfutnaugvjpx,evt-ywxunudvuvdj,,,2,0,1
synthetic_cloudtrail.csv:2636,camp-mvbfvwtvktya,ssm_parameter_harvest,,ssm_parameter_harvest,,,,,,-1,-1,0
synthetic_cloudtrail.csv:2637,camp-mvbfvwtvktya,ssm_parameter_harvest,,ssm_parameter_harvest,,,,,,-1,-1,0
synthetic_cloudtrail.csv:2638,,,,,,,,,,-1,-1,0
synthetic_cloudtrail.csv:2639,,,,,,,,,,-1,-1,0
synthetic_cloudtrail.csv:2640,,,,,,,,,,-1,-1,0
synthetic_cloudtrail.csv:2641,,,,,,,,,,-1,-1,0
synthetic_cloudtrail.csv:2642,,,,,,,,,,-1,-1,0
synthetic_cloudtrail.csv:2643,,,,,,,,,,-1,-1,0
synthetic_cloudtrail.csv:2644,,,,,,,,,,-1,-1,0
synthetic_cloudtrail.csv:2645,,,,,,,,,,-1,-1,0
synthetic_cloudtrail.csv:2646,,,,,,,,,,-1,-1,0
synthetic_cloudtrail.csv:2647,,,,,,,,,,-1,-1,0
synthetic_cloudtrail.csv:2648,,,,,,,,,,-1,-1,0
synthetic_cloudtrail.csv:2649,,,,,,,,,,-1,-1,0
synthetic_cloudtrail.csv:2650,,,,,,,,,,-1,-1,0
synthetic_cloudtrail.csv:2651,,,,,,,,,,-1,-1,0
synthetic_cloudtrail.csv:2652,,,,,,,,,,-1,-1,0
synthetic_cloudtrail.csv:2653,,,,,,,,,,-1,-1,0
synthetic_cloudtrail.csv:2654,,,,,,,,,,-1,-1,0
synthetic_cloudtrail.csv:2655,,,,,,,,,,-1,-1,0
synthetic_cloudtrail.csv:2656,,,,,,,,,,-1,-1,0
synthetic_cloudtrail.csv:2657,,,,,,,,,,-1,-1,0
synthetic_cloudtrail.csv:2658,,,,,,,,,,-1,-1,0
synthetic_cloudtrail.csv:2659,,,,,,,,,,-1,-1,0
synthetic_cloudtrail.csv:2660,,,,,,,,,,-1,-1,0
synthetic_cloudtrail.csv:2661,,,,,,,,,,-1,-1,0
synthetic_cloudtrail.csv:2662,,,,,,,,,,-1,-1,0
synthetic_cloudtrail.csv:2663,,,,,,,,,,-1,-1,0
synthetic_cloudtrail.csv:2664,,,,,,,,,,-1,-1,0
synthetic_cloudtrail.csv:2665,,,,,,,,,,-1,-1,0
synthetic_cloudtrail.csv:2666,,,,,,,,,,-1,-1,0
synthetic_cloudtrail.csv:2667,camp-fdjbrcbjnexc,create_role_attach_managed_policy,reconnaissance,create_role_attach_managed_policy,,,,,,-1,-1,0
synthetic_cloudtrail.csv:2668,camp-fdjbrcbjnexc,create_role_attach_managed_policy,reconnaissance,create_role_attach_managed_policy,,,,,,-1,-1,0
synthetic_cloudtrail.csv:2669,camp-fdjbrcbjnexc,create_role_attach_managed_policy,reconnaissance,create_role_attach_managed_policy,,,,,,-1,-1,0
synthetic_cloudtrail.csv:2670,camp-fdjbrcbjnexc,create_role_attach_managed_policy,reconnaissance,create_role_attach_managed_policy,,,,,,-1,-1,0
synthetic_cloudtrail.csv:2671,camp-fdjbrcbjnexc,create_role_attach_managed_policy,persistence,create_role_attach_managed_policy,evt-jxxcustmmdxf,,evt-jxxcustmmdxf,,,0,0,1
synthetic_cloudtrail.csv:2672,camp-fdjbrcbjnexc,create_role_attach_managed_policy,privilege-escalation,create_role_attach_managed_policy,evt-lgxxidguujnw,evt-jxxcustmmdxf,evt-jxxcustmmdxf,s3:GetObject;s3:ListBucket,*,1,0,1
synthetic_cloudtrail.csv:2673,camp-fdjbrcbjnexc,create_role_attach_managed_policy,,create_role_attach_managed_policy,,,,,,-1,-1,0
synthetic_cloudtrail.csv:2674,camp-fdjbrcbjnexc,create_role_attach_managed_policy,,create_role_attach_managed_policy,,,,,,-1,-1,0
synthetic_cloudtrail.csv:2675,,,,,,,,,,-1,-1,0
synthetic_cloudtrail.csv:2676,,,,,,,,,,-1,-1,0
synthetic_cloudtrail.csv:2677,camp-itfignuothtc,assume_then_backdoor_key,reconnaissance,assume_then_backdoor_key,,,,,,-1,-1,0
synthetic_cloudtrail.csv:2678,camp-itfignuothtc,assume_then_backdoor_key,reconnaissance,assume_then_backdoor_key,,,,,,-1,-1,0
synthetic_cloudtrail.csv:2679,camp-itfignuothtc,assume_then_backdoor_key,reconnaissance,assume_then_backdoor_key,,,,,,-1,-1,0
synthetic_cloudtrail.csv:2680,camp-itfignuothtc,assume_then_backdoor_key,reconnaissance,assume_then_backdoor_key,,,,,,-1,-1,0
synthetic_cloudtrail.csv:2681,camp-itfignuothtc,assume_then_backdoor_key,reconnaissance,assume_then_backdoor_key,,,,,,-1,-1,0
synthetic_cloudtrail.csv:2682,camp-itfignuothtc,assume_then_backdoor_key,reconnaissance,assume_then_backdoor_key,,,,,,-1,-1,0
synthetic_cloudtrail.csv:2683,camp-itfignuothtc,assume_then_backdoor_key,reconnaissance,assume_then_backdoor_key,,,,,,-1,-1,0
synthetic_cloudtrail.csv:2684,camp-itfignuothtc,assume_then_backdoor_key,privilege-escalation,assume_then_backdoor_key,evt-snifmztvugay,,evt-snifmztvugay,,,0,0,1
synthetic_cloudtrail.csv:2685,camp-itfignuothtc,assume_then_backdoor_key,persistence,assume_then_backdoor_key,evt-txnqkijouacl,evt-snifmztvugay,evt-snifmztvugay,,,1,1,1
synthetic_cloudtrail.csv:2686,camp-itfignuothtc,assume_then_backdoor_key,privilege-escalation,assume_then_backdoor_key,evt-gkzhajxkxdtr,evt-txnqkijouacl,evt-snifmztvugay,s3:GetObject,iam:*;s3:*;sts:AssumeRole,2,1,1
synthetic_cloudtrail.csv:2687,camp-itfignuothtc,assume_then_backdoor_key,,assume_then_backdoor_key,,,,,,-1,-1,0
synthetic_cloudtrail.csv:2688,camp-itfignuothtc,assume_then_backdoor_key,,assume_then_backdoor_key,,,,,,-1,-1,0
synthetic_cloudtrail.csv:2689,camp-itfignuothtc,assume_then_backdoor_key,,assume_then_backdoor_key,,,,,,-1,-1,0
synthetic_cloudtrail.csv:2690,camp-itfignuothtc,assume_then_backdoor_key,,assume_then_backdoor_key,,,,,,-1,-1,0
synthetic_cloudtrail.csv:2691,,,,,,,,,,-1,-1,0
synthetic_cloudtrail.csv:2692,,,,,,,,,,-1,-1,0
synthetic_cloudtrail.csv:2693,,,,,,,,,,-1,-1,0
synthetic_cloudtrail.csv:2694,,,,,,,,,,-1,-1,0
synthetic_cloudtrail.csv:2695,,,,,,,,,,-1,-1,0
synthetic_cloudtrail.csv:2696,,,,,,,,,,-1,-1,0
synthetic_cloudtrail.csv:2697,,,,,,,,,,-1,-1,0
synthetic_cloudtrail.csv:2698,,,,,,,,,,-1,-1,0
synthetic_cloudtrail.csv:2699,,,,,,,,,,-1,-1,0
synthetic_cloudtrail.csv:2700,,,,,,,,,,-1,-1,0
synthetic_cloudtrail.csv:2701,,,,,,,,,,-1,-1,0
synthetic_cloudtrail.csv:2702,,,,,,,,,,-1,-1,0
synthetic_cloudtrail.csv:2703,,,,,,,,,,-1,-1,0
synthetic_cloudtrail.csv:2704,,,,,,,,,,-1,-1,0
synthetic_cloudtrail.csv:2705,,,,,,,,,,-1,-1,0
synthetic_cloudtrail.csv:2706,,,,,,,,,,-1,-1,0
synthetic_cloudtrail.csv:2707,,,,,,,,,,-1,-1,0
synthetic_cloudtrail.csv:2708,,,,,,,,,,-1,-1,0
synthetic_cloudtrail.csv:2709,,,,,,,,,,-1,-1,0
synthetic_cloudtrail.csv:2710,,,,,,,,,,-1,-1,0
synthetic_cloudtrail.csv:2711,,,,,,,,,,-1,-1,0
synthetic_cloudtrail.csv:2712,,,,,,,,,,-1,-1,0
synthetic_cloudtrail.csv:2713,,,,,,,,,,-1,-1,0
synthetic_cloudtrail.csv:2714,,,,,,,,,,-1,-1,0
synthetic_cloudtrail.csv:2715,camp-tblyvkjkdxfx,ssm_parameter_harvest,reconnaissance,ssm_parameter_harvest,,,,,,-1,-1,0
synthetic_cloudtrail.csv:2716,camp-tblyvkjkdxfx,ssm_parameter_harvest,reconnaissance,ssm_parameter_harvest,,,,,,-1,-1,0
synthetic_cloudtrail.csv:2717,camp-tblyvkjkdxfx,ssm_parameter_harvest,credential-access,ssm_parameter_harvest,evt-fnpgsdownamh,,evt-fnpgsdownamh,,,0,0,1
synthetic_cloudtrail.csv:2718,camp-tblyvkjkdxfx,ssm_parameter_harvest,credential-access,ssm_parameter_harvest,evt-zvvkiwdplwht,evt-fnpgsdownamh,evt-fnpgsdownamh,,,1,0,1
synthetic_cloudtrail.csv:2719,camp-tblyvkjkdxfx,ssm_parameter_harvest,reconnaissance,ssm_parameter_harvest,,,,,,-1,-1,0
synthetic_cloudtrail.csv:2720,camp-tblyvkjkdxfx,ssm_parameter_harvest,credential-access,ssm_parameter_harvest,evt-cuayfbbqxzft,evt-zvvkiwdplwht,evt-fnpgsdownamh,,,2,0,1
synthetic_cloudtrail.csv:2721,camp-tblyvkjkdxfx,ssm_parameter_harvest,,ssm_parameter_harvest,,,,,,-1,-1,0
synthetic_cloudtrail.csv:2722,camp-tblyvkjkdxfx,ssm_parameter_harvest,,ssm_parameter_harvest,,,,,,-1,-1,0
synthetic_cloudtrail.csv:2723,camp-tblyvkjkdxfx,ssm_parameter_harvest,,ssm_parameter_harvest,,,,,,-1,-1,0
synthetic_cloudtrail.csv:2724,camp-mboyswmtkrxs,ec2_credential_extraction,reconnaissance,ec2_credential_extraction,,,,,,-1,-1,0
synthetic_cloudtrail.csv:2725,camp-mboyswmtkrxs,ec2_credential_extraction,reconnaissance,ec2_credential_extraction,,,,,,-1,-1,0
synthetic_cloudtrail.csv:2726,camp-mboyswmtkrxs,ec2_credential_extraction,reconnaissance,ec2_credential_extraction,,,,,,-1,-1,0
synthetic_cloudtrail.csv:2727,camp-mboyswmtkrxs,ec2_credential_extraction,credential-access,ec2_credential_extraction,evt-rcdtxheftusq,,evt-rcdtxheftusq,,,0,0,1
synthetic_cloudtrail.csv:2728,camp-mboyswmtkrxs,ec2_credential_extraction,credential-access,ec2_credential_extraction,evt-kqlqzldwrpai,evt-rcdtxheftusq,evt-rcdtxheftusq,,,1,0,1
synthetic_cloudtrail.csv:2729,camp-mboyswmtkrxs,ec2_credential_extraction,reconnaissance,ec2_credential_extraction,,,,,,-1,-1,0
synthetic_cloudtrail.csv:2730,camp-mboyswmtkrxs,ec2_credential_extraction,,ec2_credential_extraction,,,,,,-1,-1,0
synthetic_cloudtrail.csv:2731,,,,,,,,,,-1,-1,0
synthetic_cloudtrail.csv:2732,camp-mboyswmtkrxs,ec2_credential_extraction,,ec2_credential_extraction,,,,,,-1,-1,0
synthetic_cloudtrail.csv:2733,camp-mboyswmtkrxs,ec2_credential_extraction,,ec2_credential_extraction,,,,,,-1,-1,0
synthetic_cloudtrail.csv:2734,camp-mboyswmtkrxs,ec2_credential_extraction,,ec2_credential_extraction,,,,,,-1,-1,0
synthetic_cloudtrail.csv:2735,camp-mboyswmtkrxs,ec2_credential_extraction,,ec2_credential_extraction,,,,,,-1,-1,0
synthetic_cloudtrail.csv:2736,,,,,,,,,,-1,-1,0
synthetic_cloudtrail.csv:2737,,,,,,,,,,-1,-1,0
synthetic_cloudtrail.csv:2738,,,,,,,,,,-1,-1,0
synthetic_cloudtrail.csv:2739,,,,,,,,,,-1,-1,0
synthetic_cloudtrail.csv:2740,,,,,,,,,,-1,-1,0
synthetic_cloudtrail.csv:2741,,,,,,,,,,-1,-1,0
synthetic_cloudtrail.csv:2742,,,,,,,,,,-1,-1,0
synthetic_cloudtrail.csv:2743,,,,,,,,,,-1,-1,0
synthetic_cloudtrail.csv:2744,,,,,,,,,,-1,-1,0
synthetic_cloudtrail.csv:2745,,,,,,,,,,-1,-1,0
synthetic_cloudtrail.csv:2746,,,,,,,,,,-1,-1,0
synthetic_cloudtrail.csv:2747,,,,,,,,,,-1,-1,0
synthetic_cloudtrail.csv:2748,,,,,,,,,,-1,-1,0
synthetic_cloudtrail.csv:2749,,,,,,,,,,-1,-1,0
synthetic_cloudtrail.csv:2750,,,,,,,,,,-1,-1,0
synthetic_cloudtrail.csv:2751,,,,,,,,,,-1,-1,0
synthetic_cloudtrail.csv:2752,,,,,,,,,,-1,-1,0
synthetic_cloudtrail.csv:2753,,,,,,,,,,-1,-1,0
synthetic_cloudtrail.csv:2754,camp-jxauvfeiwyjd,full_kill_chain,reconnaissance,full_kill_chain,,,,,,-1,-1,0
synthetic_cloudtrail.csv:2755,camp-jxauvfeiwyjd,full_kill_chain,reconnaissance,full_kill_chain,,,,,,-1,-1,0
synthetic_cloudtrail.csv:2756,camp-jxauvfeiwyjd,full_kill_chain,reconnaissance,full_kill_chain,,,,,,-1,-1,0
synthetic_cloudtrail.csv:2757,camp-jxauvfeiwyjd,full_kill_chain,reconnaissance,full_kill_chain,,,,,,-1,-1,0
synthetic_cloudtrail.csv:2758,camp-jxauvfeiwyjd,full_kill_chain,persistence,full_kill_chain,evt-rylwhwjjybfs,,evt-rylwhwjjybfs,,,0,0,1
synthetic_cloudtrail.csv:2759,camp-jxauvfeiwyjd,full_kill_chain,privilege-escalation,full_kill_chain,evt-wyasgwghgszj,evt-rylwhwjjybfs,evt-rylwhwjjybfs,s3:GetObject;s3:ListBucket,*,1,0,1
synthetic_cloudtrail.csv:2760,camp-jxauvfeiwyjd,full_kill_chain,privilege-escalation,full_kill_chain,evt-jkrigjygfgfc,evt-wyasgwghgszj,evt-rylwhwjjybfs,,,2,0,1
synthetic_cloudtrail.csv:2761,camp-jxauvfeiwyjd,full_kill_chain,credential-access,full_kill_chain,evt-mrxrpeyaejcn,evt-jkrigjygfgfc,evt-rylwhwjjybfs,,,3,1,1
synthetic_cloudtrail.csv:2762,camp-jxauvfeiwyjd,full_kill_chain,exfiltration,full_kill_chain,evt-bqqlkmtzswiw,evt-mrxrpeyaejcn,evt-rylwhwjjybfs,,,4,1,1
synthetic_cloudtrail.csv:2763,camp-jxauvfeiwyjd,full_kill_chain,defense-evasion,full_kill_chain,evt-mglakujxrsgc,evt-bqqlkmtzswiw,evt-rylwhwjjybfs,,,5,1,1
synthetic_cloudtrail.csv:2764,camp-jxauvfeiwyjd,full_kill_chain,,full_kill_chain,,,,,,-1,-1,0
synthetic_cloudtrail.csv:2765,camp-jxauvfeiwyjd,full_kill_chain,,full_kill_chain,,,,,,-1,-1,0
synthetic_cloudtrail.csv:2766,camp-jxauvfeiwyjd,full_kill_chain,,full_kill_chain,,,,,,-1,-1,0
synthetic_cloudtrail.csv:2767,camp-jxauvfeiwyjd,full_kill_chain,,full_kill_chain,,,,,,-1,-1,0
synthetic_cloudtrail.csv:2768,,,,,,,,,,-1,-1,0
synthetic_cloudtrail.csv:2769,,,,,,,,,,-1,-1,0
synthetic_cloudtrail.csv:2770,,,,,,,,,,-1,-1,0
synthetic_cloudtrail.csv:2771,,,,,,,,,,-1,-1,0
synthetic_cloudtrail.csv:2772,,,,,,,,,,-1,-1,0
synthetic_cloudtrail.csv:2773,,,,,,,,,,-1,-1,0
synthetic_cloudtrail.csv:2774,,,,,,,,,,-1,-1,0
synthetic_cloudtrail.csv:2775,,,,,,,,,,-1,-1,0
synthetic_cloudtrail.csv:2776,,,,,,,,,,-1,-1,0
synthetic_cloudtrail.csv:2777,,,,,,,,,,-1,-1,0
synthetic_cloudtrail.csv:2778,,,,,,,,,,-1,-1,0
synthetic_cloudtrail.csv:2779,,,,,,,,,,-1,-1,0
synthetic_cloudtrail.csv:2780,,,,,,,,,,-1,-1,0
synthetic_cloudtrail.csv:2781,,,,,,,,,,-1,-1,0
synthetic_cloudtrail.csv:2782,,,,,,,,,,-1,-1,0
synthetic_cloudtrail.csv:2783,,,,,,,,,,-1,-1,0
synthetic_cloudtrail.csv:2784,,,,,,,,,,-1,-1,0
synthetic_cloudtrail.csv:2785,,,,,,,,,,-1,-1,0
synthetic_cloudtrail.csv:2786,,,,,,,,,,-1,-1,0
synthetic_cloudtrail.csv:2787,,,,,,,,,,-1,-1,0
synthetic_cloudtrail.csv:2788,,,,,,,,,,-1,-1,0
synthetic_cloudtrail.csv:2789,,,,,,,,,,-1,-1,0
synthetic_cloudtrail.csv:2790,,,,,,,,,,-1,-1,0
synthetic_cloudtrail.csv:2791,,,,,,,,,,-1,-1,0
synthetic_cloudtrail.csv:2792,,,,,,,,,,-1,-1,0
synthetic_cloudtrail.csv:2793,,,,,,,,,,-1,-1,0
synthetic_cloudtrail.csv:2794,,,,,,,,,,-1,-1,0
synthetic_cloudtrail.csv:2795,,,,,,,,,,-1,-1,0
synthetic_cloudtrail.csv:2796,,,,,,,,,,-1,-1,0
synthetic_cloudtrail.csv:2797,,,,,,,,,,-1,-1,0
synthetic_cloudtrail.csv:2798,,,,,,,,,,-1,-1,0
synthetic_cloudtrail.csv:2799,,,,,,,,,,-1,-1,0
synthetic_cloudtrail.csv:2800,,,,,,,,,,-1,-1,0
synthetic_cloudtrail.csv:2801,,,,,,,,,,-1,-1,0
synthetic_cloudtrail.csv:2802,,,,,,,,,,-1,-1,0
synthetic_cloudtrail.csv:2803,,,,,,,,,,-1,-1,0
synthetic_cloudtrail.csv:2804,,,,,,,,,,-1,-1,0
synthetic_cloudtrail.csv:2805,,,,,,,,,,-1,-1,0
synthetic_cloudtrail.csv:2806,,,,,,,,,,-1,-1,0
synthetic_cloudtrail.csv:2807,,,,,,,,,,-1,-1,0
synthetic_cloudtrail.csv:2808,,,,,,,,,,-1,-1,0
synthetic_cloudtrail.csv:2809,,,,,,,,,,-1,-1,0
synthetic_cloudtrail.csv:2810,,,,,,,,,,-1,-1,0
synthetic_cloudtrail.csv:2811,camp-jjsgugzogzle,ec2_credential_extraction,reconnaissance,ec2_credential_extraction,,,,,,-1,-1,0
synthetic_cloudtrail.csv:2812,camp-jjsgugzogzle,ec2_credential_extraction,reconnaissance,ec2_credential_extraction,,,,,,-1,-1,0
synthetic_cloudtrail.csv:2813,camp-jjsgugzogzle,ec2_credential_extraction,credential-access,ec2_credential_extraction,evt-eutkzywwpbmc,evt-ryzfvcksouuw,evt-ryzfvcksouuw,,,1,0,1
synthetic_cloudtrail.csv:2814,camp-jjsgugzogzle,ec2_credential_extraction,credential-access,ec2_credential_extraction,evt-ryzfvcksouuw,,evt-ryzfvcksouuw,,,0,0,1
synthetic_cloudtrail.csv:2815,camp-jjsgugzogzle,ec2_credential_extraction,reconnaissance,ec2_credential_extraction,,,,,,-1,-1,0
synthetic_cloudtrail.csv:2816,camp-jjsgugzogzle,ec2_credential_extraction,,ec2_credential_extraction,,,,,,-1,-1,0
synthetic_cloudtrail.csv:2817,camp-jjsgugzogzle,ec2_credential_extraction,,ec2_credential_extraction,,,,,,-1,-1,0
synthetic_cloudtrail.csv:2818,camp-jjsgugzogzle,ec2_credential_extraction,,ec2_credential_extraction,,,,,,-1,-1,0
synthetic_cloudtrail.csv:2819,,,,,,,,,,-1,-1,0
synthetic_cloudtrail.csv:2820,,,,,,,,,,-1,-1,0
synthetic_cloudtrail.csv:2821,,,,,,,,,,-1,-1,0
synthetic_cloudtrail.csv:2822,,,,,,,,,,-1,-1,0
synthetic_cloudtrail.csv:2823,,,,,,,,,,-1,-1,0
synthetic_cloudtrail.csv:2824,,,,,,,,,,-1,-1,0
synthetic_cloudtrail.csv:2825,,,,,,,,,,-1,-1,0
synthetic_cloudtrail.csv:2826,,,,,,,,,,-1,-1,0
synthetic_cloudtrail.csv:2827,,,,,,,,,,-1,-1,0
synthetic_cloudtrail.csv:2828,,,,,,,,,,-1,-1,0
synthetic_cloudtrail.csv:2829,,,,,,,,,,-1,-1,0
synthetic_cloudtrail.csv:2830,,,,,,,,,,-1,-1,0
synthetic_cloudtrail.csv:2831,,,,,,,,,,-1,-1,0
synthetic_cloudtrail.csv:2832,,,,,,,,,,-1,-1,0
synthetic_cloudtrail.csv:2833,,,,,,,,,,-1,-1,0
synthetic_cloudtrail.csv:2834,,,,,,,,,,-1,-1,0
synthetic_cloudtrail.csv:2835,,,,,,,,,,-1,-1,0
synthetic_cloudtrail.csv:2836,,,,,,,,,,-1,-1,0
synthetic_cloudtrail.csv:2837,,,,,,,,,,-1,-1,0
synthetic_cloudtrail.csv:2838,camp-avijivkvneaj,create_role_attach_managed_policy,reconnaissance,create_role_attach_managed_policy,,,,,,-1,-1,0
synthetic_cloudtrail.csv:2839,camp-avijivkvneaj,create_role_attach_managed_policy,reconnaissance,create_role_attach_managed_policy,,,,,,-1,-1,0
synthetic_cloudtrail.csv:2840,camp-avijivkvneaj,create_role_attach_managed_policy,reconnaissance,create_role_attach_managed_policy,,,,,,-1,-1,0
synthetic_cloudtrail.csv:2841,,,,,,,,,,-1,-1,0
synthetic_cloudtrail.csv:2842,camp-avijivkvneaj,create_role_attach_managed_policy,reconnaissance,create_role_attach_managed_policy,,,,,,-1,-1,0
synthetic_cloudtrail.csv:2843,camp-avijivkvneaj,create_role_attach_managed_policy,reconnaissance,create_role_attach_managed_policy,,,,,,-1,-1,0
synthetic_cloudtrail.csv:2844,,,,,,,,,,-1,-1,0
synthetic_cloudtrail.csv:2845,camp-avijivkvneaj,create_role_attach_managed_policy,reconnaissance,create_role_attach_managed_policy,,,,,,-1,-1,0
synthetic_cloudtrail.csv:2846,,,,,,,,,,-1,-1,0
synthetic_cloudtrail.csv:2847,camp-avijivkvneaj,create_role_attach_managed_policy,persistence,create_role_attach_managed_policy,evt-vphtzubabhzq,,evt-vphtzubabhzq,,,0,0,1
synthetic_cloudtrail.csv:2848,,,,,,,,,,-1,-1,0
synthetic_cloudtrail.csv:2849,camp-avijivkvneaj,create_role_attach_managed_policy,privilege-escalation,create_role_attach_managed_policy,evt-sofcwkugiwxw,evt-vphtzubabhzq,evt-vphtzubabhzq,s3:GetObject;s3:ListBucket,*,1,0,1
synthetic_cloudtrail.csv:2850,camp-avijivkvneaj,create_role_attach_managed_policy,,create_role_attach_managed_policy,,,,,,-1,-1,0
synthetic_cloudtrail.csv:2851,,,,,,,,,,-1,-1,0
synthetic_cloudtrail.csv:2852,camp-avijivkvneaj,create_role_attach_managed_policy,,create_role_attach_managed_policy,,,,,,-1,-1,0
synthetic_cloudtrail.csv:2853,camp-avijivkvneaj,create_role_attach_managed_policy,,create_role_attach_managed_policy,,,,,,-1,-1,0
synthetic_cloudtrail.csv:2854,,,,,,,,,,-1,-1,0
synthetic_cloudtrail.csv:2855,camp-avijivkvneaj,create_role_attach_managed_policy,,create_role_attach_managed_policy,,,,,,-1,-1,0
synthetic_cloudtrail.csv:2856,,,,,,,,,,-1,-1,0
synthetic_cloudtrail.csv:2857,camp-avijivkvneaj,create_role_attach_managed_policy,,create_role_attach_managed_policy,,,,,,-1,-1,0
synthetic_cloudtrail.csv:2858,,,,,,,,,,-1,-1,0
synthetic_cloudtrail.csv:2859,,,,,,,,,,-1,-1,0
synthetic_cloudtrail.csv:2860,,,,,,,,,,-1,-1,0
synthetic_cloudtrail.csv:2861,,,,,,,,,,-1,-1,0
synthetic_cloudtrail.csv:2862,,,,,,,,,,-1,-1,0
synthetic_cloudtrail.csv:2863,,,,,,,,,,-1,-1,0
synthetic_cloudtrail.csv:2864,,,,,,,,,,-1,-1,0
synthetic_cloudtrail.csv:2865,,,,,,,,,,-1,-1,0
synthetic_cloudtrail.csv:2866,,,,,,,,,,-1,-1,0
synthetic_cloudtrail.csv:2867,,,,,,,,,,-1,-1,0
synthetic_cloudtrail.csv:2868,,,,,,,,,,-1,-1,0
synthetic_cloudtrail.csv:2869,,,,,,,,,,-1,-1,0
synthetic_cloudtrail.csv:2870,,,,,,,,,,-1,-1,0
synthetic_cloudtrail.csv:2871,,,,,,,,,,-1,-1,0
synthetic_cloudtrail.csv:2872,,,,,,,,,,-1,-1,0
synthetic_cloudtrail.csv:2873,,,,,,,,,,-1,-1,0
synthetic_cloudtrail.csv:2874,,,,,,,,,,-1,-1,0
synthetic_cloudtrail.csv:2875,,,,,,,,,,-1,-1,0
synthetic_cloudtrail.csv:2876,,,,,,,,,,-1,-1,0
synthetic_cloudtrail.csv:2877,,,,,,,,,,-1,-1,0
synthetic_cloudtrail.csv:2878,,,,,,,,,,-1,-1,0
synthetic_cloudtrail.csv:2879,,,,,,,,,,-1,-1,0
synthetic_cloudtrail.csv:2880,,,,,,,,,,-1,-1,0
synthetic_cloudtrail.csv:2881,,,,,,,,,,-1,-1,0
synthetic_cloudtrail.csv:2882,,,,,,,,,,-1,-1,0
synthetic_cloudtrail.csv:2883,,,,,,,,,,-1,-1,0
synthetic_cloudtrail.csv:2884,,,,,,,,,,-1,-1,0
synthetic_cloudtrail.csv:2885,,,,,,,,,,-1,-1,0
synthetic_cloudtrail.csv:2886,,,,,,,,,,-1,-1,0
synthetic_cloudtrail.csv:2887,,,,,,,,,,-1,-1,0
synthetic_cloudtrail.csv:2888,,,,,,,,,,-1,-1,0
synthetic_cloudtrail.csv:2889,,,,,,,,,,-1,-1,0
synthetic_cloudtrail.csv:2890,,,,,,,,,,-1,-1,0
synthetic_cloudtrail.csv:2891,,,,,,,,,,-1,-1,0
synthetic_cloudtrail.csv:2892,,,,,,,,,,-1,-1,0
synthetic_cloudtrail.csv:2893,,,,,,,,,,-1,-1,0
synthetic_cloudtrail.csv:2894,,,,,,,,,,-1,-1,0
synthetic_cloudtrail.csv:2895,,,,,,,,,,-1,-1,0
synthetic_cloudtrail.csv:2896,,,,,,,,,,-1,-1,0
synthetic_cloudtrail.csv:2897,,,,,,,,,,-1,-1,0
synthetic_cloudtrail.csv:2898,,,,,,,,,,-1,-1,0
synthetic_cloudtrail.csv:2899,camp-iwwvsxpssgzc,assume_admin_then_backdoor_role,reconnaissance,assume_admin_then_backdoor_role,,,,,,-1,-1,0
synthetic_cloudtrail.csv:2900,camp-iwwvsxpssgzc,assume_admin_then_backdoor_role,reconnaissance,assume_admin_then_backdoor_role,,,,,,-1,-1,0
synthetic_cloudtrail.csv:2901,camp-iwwvsxpssgzc,assume_admin_then_backdoor_role,reconnaissance,assume_admin_then_backdoor_role,,,,,,-1,-1,0
synthetic_cloudtrail.csv:2902,camp-iwwvsxpssgzc,assume_admin_then_backdoor_role,reconnaissance,assume_admin_then_backdoor_role,,,,,,-1,-1,0
synthetic_cloudtrail.csv:2903,camp-iwwvsxpssgzc,assume_admin_then_backdoor_role,privilege-escalation,assume_admin_then_backdoor_role,evt-hxllbapmryrw,,evt-hxllbapmryrw,,,0,0,1
synthetic_cloudtrail.csv:2904,camp-iwwvsxpssgzc,assume_admin_then_backdoor_role,persistence,assume_admin_then_backdoor_role,evt-fhznrsumpjpc,evt-hxllbapmryrw,evt-hxllbapmryrw,,,1,1,1
synthetic_cloudtrail.csv:2905,camp-iwwvsxpssgzc,assume_admin_then_backdoor_role,privilege-escalation,assume_admin_then_backdoor_role,evt-fqebifykcbvw,evt-fhznrsumpjpc,evt-hxllbapmryrw,s3:GetObject;s3:ListBucket,*,2,1,1
synthetic_cloudtrail.csv:2906,camp-iwwvsxpssgzc,assume_admin_then_backdoor_role,privilege-escalation,assume_admin_then_backdoor_role,evt-wcqljpdthwig,evt-fqebifykcbvw,evt-hxllbapmryrw,,,3,1,1
synthetic_cloudtrail.csv:2907,,,,,,,,,,-1,-1,0
synthetic_cloudtrail.csv:2908,,,,,,,,,,-1,-1,0
synthetic_cloudtrail.csv:2909,camp-iwwvsxpssgzc,assume_admin_then_backdoor_role,credential-access,assume_admin_then_backdoor_role,evt-vgwbwebpduhc,evt-wcqljpdthwig,evt-hxllbapmryrw,,,4,2,1
synthetic_cloudtrail.csv:2910,camp-iwwvsxpssgzc,assume_admin_then_backdoor_role,,assume_admin_then_backdoor_role,,,,,,-1,-1,0
synthetic_cloudtrail.csv:2911,camp-iwwvsxpssgzc,assume_admin_then_backdoor_role,,assume_admin_then_backdoor_role,,,,,,-1,-1,0
synthetic_cloudtrail.csv:2912,camp-iwwvsxpssgzc,assume_admin_then_backdoor_role,,assume_admin_then_backdoor_role,,,,,,-1,-1,0
synthetic_cloudtrail.csv:2913,camp-iwwvsxpssgzc,assume_admin_then_backdoor_role,,assume_admin_then_backdoor_role,,,,,,-1,-1,0
synthetic_cloudtrail.csv:2914,,,,,,,,,,-1,-1,0
synthetic_cloudtrail.csv:2915,,,,,,,,,,-1,-1,0
synthetic_cloudtrail.csv:2916,,,,,,,,,,-1,-1,0
synthetic_cloudtrail.csv:2917,,,,,,,,,,-1,-1,0
synthetic_cloudtrail.csv:2918,,,,,,,,,,-1,-1,0
synthetic_cloudtrail.csv:2919,,,,,,,,,,-1,-1,0
synthetic_cloudtrail.csv:2920,,,,,,,,,,-1,-1,0
synthetic_cloudtrail.csv:2921,,,,,,,,,,-1,-1,0
synthetic_cloudtrail.csv:2922,,,,,,,,,,-1,-1,0
synthetic_cloudtrail.csv:2923,,,,,,,,,,-1,-1,0
synthetic_cloudtrail.csv:2924,,,,,,,,,,-1,-1,0
synthetic_cloudtrail.csv:2925,,,,,,,,,,-1,-1,0
synthetic_cloudtrail.csv:2926,,,,,,,,,,-1,-1,0
synthetic_cloudtrail.csv:2927,,,,,,,,,,-1,-1,0
synthetic_cloudtrail.csv:2928,,,,,,,,,,-1,-1,0
synthetic_cloudtrail.csv:2929,,,,,,,,,,-1,-1,0
synthetic_cloudtrail.csv:2930,,,,,,,,,,-1,-1,0
synthetic_cloudtrail.csv:2931,,,,,,,,,,-1,-1,0
synthetic_cloudtrail.csv:2932,,,,,,,,,,-1,-1,0
synthetic_cloudtrail.csv:2933,,,,,,,,,,-1,-1,0
synthetic_cloudtrail.csv:2934,,,,,,,,,,-1,-1,0
synthetic_cloudtrail.csv:2935,,,,,,,,,,-1,-1,0
synthetic_cloudtrail.csv:2936,,,,,,,,,,-1,-1,0
synthetic_cloudtrail.csv:2937,,,,,,,,,,-1,-1,0
synthetic_cloudtrail.csv:2938,,,,,,,,,,-1,-1,0
synthetic_cloudtrail.csv:2939,,,,,,,,,,-1,-1,0
synthetic_cloudtrail.csv:2940,,,,,,,,,,-1,-1,0
synthetic_cloudtrail.csv:2941,,,,,,,,,,-1,-1,0
synthetic_cloudtrail.csv:2942,,,,,,,,,,-1,-1,0
synthetic_cloudtrail.csv:2943,,,,,,,,,,-1,-1,0
synthetic_cloudtrail.csv:2944,,,,,,,,,,-1,-1,0
synthetic_cloudtrail.csv:2945,,,,,,,,,,-1,-1,0
synthetic_cloudtrail.csv:2946,,,,,,,,,,-1,-1,0
synthetic_cloudtrail.csv:2947,,,,,,,,,,-1,-1,0
synthetic_cloudtrail.csv:2948,,,,,,,,,,-1,-1,0
synthetic_cloudtrail.csv:2949,,,,,,,,,,-1,-1,0
synthetic_cloudtrail.csv:2950,,,,,,,,,,-1,-1,0
synthetic_cloudtrail.csv:2951,,,,,,,,,,-1,-1,0
synthetic_cloudtrail.csv:2952,,,,,,,,,,-1,-1,0
synthetic_cloudtrail.csv:2953,,,,,,,,,,-1,-1,0
synthetic_cloudtrail.csv:2954,,,,,,,,,,-1,-1,0
synthetic_cloudtrail.csv:2955,,,,,,,,,,-1,-1,0
synthetic_cloudtrail.csv:2956,,,,,,,,,,-1,-1,0
synthetic_cloudtrail.csv:2957,,,,,,,,,,-1,-1,0
synthetic_cloudtrail.csv:2958,,,,,,,,,,-1,-1,0
synthetic_cloudtrail.csv:2959,,,,,,,,,,-1,-1,0
synthetic_cloudtrail.csv:2960,,,,,,,,,,-1,-1,0
synthetic_cloudtrail.csv:2961,,,,,,,,,,-1,-1,0
synthetic_cloudtrail.csv:2962,,,,,,,,,,-1,-1,0
synthetic_cloudtrail.csv:2963,,,,,,,,,,-1,-1,0
synthetic_cloudtrail.csv:2964,,,,,,,,,,-1,-1,0
synthetic_cloudtrail.csv:2965,,,,,,,,,,-1,-1,0
synthetic_cloudtrail.csv:2966,,,,,,,,,,-1,-1,0
synthetic_cloudtrail.csv:2967,,,,,,,,,,-1,-1,0
synthetic_cloudtrail.csv:2968,,,,,,,,,,-1,-1,0
synthetic_cloudtrail.csv:2969,,,,,,,,,,-1,-1,0
synthetic_cloudtrail.csv:2970,,,,,,,,,,-1,-1,0
synthetic_cloudtrail.csv:2971,,,,,,,,,,-1,-1,0
synthetic_cloudtrail.csv:2972,camp-wqsmtpasijks,secrets_manager_sweep,reconnaissance,secrets_manager_sweep,,,,,,-1,-1,0
synthetic_cloudtrail.csv:2973,camp-wqsmtpasijks,secrets_manager_sweep,reconnaissance,secrets_manager_sweep,,,,,,-1,-1,0
synthetic_cloudtrail.csv:2974,camp-wqsmtpasijks,secrets_manager_sweep,reconnaissance,secrets_manager_sweep,,,,,,-1,-1,0
synthetic_cloudtrail.csv:2975,camp-wqsmtpasijks,secrets_manager_sweep,reconnaissance,secrets_manager_sweep,,,,,,-1,-1,0
synthetic_cloudtrail.csv:2976,camp-wqsmtpasijks,secrets_manager_sweep,reconnaissance,secrets_manager_sweep,,,,,,-1,-1,0
synthetic_cloudtrail.csv:2977,camp-wqsmtpasijks,secrets_manager_sweep,reconnaissance,secrets_manager_sweep,,,,,,-1,-1,0
synthetic_cloudtrail.csv:2978,camp-wqsmtpasijks,secrets_manager_sweep,reconnaissance,secrets_manager_sweep,,,,,,-1,-1,0
synthetic_cloudtrail.csv:2979,camp-wqsmtpasijks,secrets_manager_sweep,reconnaissance,secrets_manager_sweep,,,,,,-1,-1,0
synthetic_cloudtrail.csv:2980,camp-wqsmtpasijks,secrets_manager_sweep,credential-access,secrets_manager_sweep,evt-mneqljgjnvqa,,evt-mneqljgjnvqa,,,0,0,1
synthetic_cloudtrail.csv:2981,camp-wqsmtpasijks,secrets_manager_sweep,credential-access,secrets_manager_sweep,evt-nedczzffwgos,evt-mneqljgjnvqa,evt-mneqljgjnvqa,,,1,0,1
synthetic_cloudtrail.csv:2982,camp-wqsmtpasijks,secrets_manager_sweep,credential-access,secrets_manager_sweep,evt-rjzpzrpoeihh,evt-nedczzffwgos,evt-mneqljgjnvqa,,,2,0,1
synthetic_cloudtrail.csv:2983,camp-wqsmtpasijks,secrets_manager_sweep,,secrets_manager_sweep,,,,,,-1,-1,0
synthetic_cloudtrail.csv:2984,camp-wqsmtpasijks,secrets_manager_sweep,,secrets_manager_sweep,,,,,,-1,-1,0
synthetic_cloudtrail.csv:2985,camp-wqsmtpasijks,secrets_manager_sweep,,secrets_manager_sweep,,,,,,-1,-1,0
synthetic_cloudtrail.csv:2986,camp-owcvtnjisgiy,assume_then_backdoor_key,reconnaissance,assume_then_backdoor_key,,,,,,-1,-1,0
synthetic_cloudtrail.csv:2987,camp-owcvtnjisgiy,assume_then_backdoor_key,reconnaissance,assume_then_backdoor_key,,,,,,-1,-1,0
synthetic_cloudtrail.csv:2988,camp-owcvtnjisgiy,assume_then_backdoor_key,reconnaissance,assume_then_backdoor_key,,,,,,-1,-1,0
synthetic_cloudtrail.csv:2989,camp-owcvtnjisgiy,assume_then_backdoor_key,reconnaissance,assume_then_backdoor_key,,,,,,-1,-1,0
synthetic_cloudtrail.csv:2990,camp-owcvtnjisgiy,assume_then_backdoor_key,reconnaissance,assume_then_backdoor_key,,,,,,-1,-1,0
synthetic_cloudtrail.csv:2991,camp-owcvtnjisgiy,assume_then_backdoor_key,reconnaissance,assume_then_backdoor_key,,,,,,-1,-1,0
synthetic_cloudtrail.csv:2992,camp-owcvtnjisgiy,assume_then_backdoor_key,reconnaissance,assume_then_backdoor_key,,,,,,-1,-1,0
synthetic_cloudtrail.csv:2993,camp-owcvtnjisgiy,assume_then_backdoor_key,reconnaissance,assume_then_backdoor_key,,,,,,-1,-1,0
synthetic_cloudtrail.csv:2994,camp-owcvtnjisgiy,assume_then_backdoor_key,privilege-escalation,assume_then_backdoor_key,evt-ipfjuejrojyq,,evt-ipfjuejrojyq,,,0,0,1
synthetic_cloudtrail.csv:2995,camp-owcvtnjisgiy,assume_then_backdoor_key,persistence,assume_then_backdoor_key,evt-znfnkrttjxsv,evt-ipfjuejrojyq,evt-ipfjuejrojyq,,,1,1,1
synthetic_cloudtrail.csv:2996,camp-owcvtnjisgiy,assume_then_backdoor_key,privilege-escalation,assume_then_backdoor_key,evt-gortbafnjkwr,evt-znfnkrttjxsv,evt-ipfjuejrojyq,s3:GetObject,iam:*;s3:*;sts:AssumeRole,2,1,1
synthetic_cloudtrail.csv:2997,camp-owcvtnjisgiy,assume_then_backdoor_key,,assume_then_backdoor_key,,,,,,-1,-1,0
synthetic_cloudtrail.csv:2998,camp-owcvtnjisgiy,assume_then_backdoor_key,,assume_then_backdoor_key,,,,,,-1,-1,0
synthetic_cloudtrail.csv:2999,camp-owcvtnjisgiy,assume_then_backdoor_key,,assume_then_backdoor_key,,,,,,-1,-1,0
synthetic_cloudtrail.csv:3000,camp-owcvtnjisgiy,assume_then_backdoor_key,,assume_then_backdoor_key,,,,,,-1,-1,0
synthetic_cloudtrail.csv:3001,camp-owcvtnjisgiy,assume_then_backdoor_key,,assume_then_backdoor_key,,,,,,-1,-1,0
synthetic_cloudtrail.csv:3002,,,,,,,,,,-1,-1,0
synthetic_cloudtrail.csv:3003,,,,,,,,,,-1,-1,0
synthetic_cloudtrail.csv:3004,,,,,,,,,,-1,-1,0
synthetic_cloudtrail.csv:3005,,,,,,,,,,-1,-1,0
synthetic_cloudtrail.csv:3006,,,,,,,,,,-1,-1,0
synthetic_cloudtrail.csv:3007,,,,,,,,,,-1,-1,0
synthetic_cloudtrail.csv:3008,,,,,,,,,,-1,-1,0
synthetic_cloudtrail.csv:3009,,,,,,,,,,-1,-1,0
synthetic_cloudtrail.csv:3010,,,,,,,,,,-1,-1,0
synthetic_cloudtrail.csv:3011,camp-ejqhuxbczoen,update_role_inline_policy,reconnaissance,update_role_inline_policy,,,,,,-1,-1,0
synthetic_cloudtrail.csv:3012,camp-ejqhuxbczoen,update_role_inline_policy,reconnaissance,update_role_inline_policy,,,,,,-1,-1,0
synthetic_cloudtrail.csv:3013,camp-ejqhuxbczoen,update_role_inline_policy,reconnaissance,update_role_inline_policy,,,,,,-1,-1,0
synthetic_cloudtrail.csv:3014,camp-ejqhuxbczoen,update_role_inline_policy,reconnaissance,update_role_inline_policy,,,,,,-1,-1,0
synthetic_cloudtrail.csv:3015,camp-ejqhuxbczoen,update_role_inline_policy,reconnaissance,update_role_inline_policy,,,,,,-1,-1,0
synthetic_cloudtrail.csv:3016,camp-ejqhuxbczoen,update_role_inline_policy,reconnaissance,update_role_inline_policy,,,,,,-1,-1,0
synthetic_cloudtrail.csv:3017,camp-ejqhuxbczoen,update_role_inline_policy,privilege-escalation,update_role_inline_policy,evt-ggkiardqntla,,evt-ggkiardqntla,s3:GetObject,iam:*;s3:*;sts:AssumeRole,0,0,1
synthetic_cloudtrail.csv:3018,camp-ejqhuxbczoen,update_role_inline_policy,,update_role_inline_policy,,,,,,-1,-1,0
synthetic_cloudtrail.csv:3019,camp-ejqhuxbczoen,update_role_inline_policy,,update_role_inline_policy,,,,,,-1,-1,0
synthetic_cloudtrail.csv:3020,camp-ssnbfayjkdef,ssm_parameter_harvest,reconnaissance,ssm_parameter_harvest,,,,,,-1,-1,0
synthetic_cloudtrail.csv:3021,camp-ssnbfayjkdef,ssm_parameter_harvest,reconnaissance,ssm_parameter_harvest,,,,,,-1,-1,0
synthetic_cloudtrail.csv:3022,camp-ssnbfayjkdef,ssm_parameter_harvest,reconnaissance,ssm_parameter_harvest,,,,,,-1,-1,0
synthetic_cloudtrail.csv:3023,camp-ssnbfayjkdef,ssm_parameter_harvest,reconnaissance,ssm_parameter_harvest,,,,,,-1,-1,0
synthetic_cloudtrail.csv:3024,camp-ssnbfayjkdef,ssm_parameter_harvest,reconnaissance,ssm_parameter_harvest,,,,,,-1,-1,0
synthetic_cloudtrail.csv:3025,camp-ssnbfayjkdef,ssm_parameter_harvest,reconnaissance,ssm_parameter_harvest,,,,,,-1,-1,0
synthetic_cloudtrail.csv:3026,camp-ssnbfayjkdef,ssm_parameter_harvest,reconnaissance,ssm_parameter_harvest,,,,,,-1,-1,0
synthetic_cloudtrail.csv:3027,camp-ssnbfayjkdef,ssm_parameter_harvest,credential-access,ssm_parameter_harvest,evt-aldzomlncthb,evt-xjobjgumjbdk,evt-oflpsfuoeexb,,,2,0,1
synthetic_cloudtrail.csv:3028,camp-ssnbfayjkdef,ssm_parameter_harvest,credential-access,ssm_parameter_harvest,evt-xjobjgumjbdk,evt-oflpsfuoeexb,evt-oflpsfuoeexb,,,1,0,1
synthetic_cloudtrail.csv:3029,camp-ssnbfayjkdef,ssm_parameter_harvest,credential-access,ssm_parameter_harvest,evt-oflpsfuoeexb,,evt-oflpsfuoeexb,,,0,0,1
synthetic_cloudtrail.csv:3030,camp-ssnbfayjkdef,ssm_parameter_harvest,reconnaissance,ssm_parameter_harvest,,,,,,-1,-1,0
synthetic_cloudtrail.csv:3031,camp-ssnbfayjkdef,ssm_parameter_harvest,,ssm_parameter_harvest,,,,,,-1,-1,0
synthetic_cloudtrail.csv:3032,camp-ssnbfayjkdef,ssm_parameter_harvest,,ssm_parameter_harvest,,,,,,-1,-1,0
synthetic_cloudtrail.csv:3033,camp-ssnbfayjkdef,ssm_parameter_harvest,,ssm_parameter_harvest,,,,,,-1,-1,0
synthetic_cloudtrail.csv:3034,camp-ssnbfayjkdef,ssm_parameter_harvest,,ssm_parameter_harvest,,,,,,-1,-1,0
synthetic_cloudtrail.csv:3035,camp-zjwilodqumyk,ec2_credential_extraction,reconnaissance,ec2_credential_extraction,,,,,,-1,-1,0
synthetic_cloudtrail.csv:3036,camp-zjwilodqumyk,ec2_credential_extraction,reconnaissance,ec2_credential_extraction,,,,,,-1,-1,0
synthetic_cloudtrail.csv:3037,camp-zjwilodqumyk,ec2_credential_extraction,reconnaissance,ec2_credential_extraction,,,,,,-1,-1,0
synthetic_cloudtrail.csv:3038,camp-zjwilodqumyk,ec2_credential_extraction,reconnaissance,ec2_credential_extraction,,,,,,-1,-1,0
synthetic_cloudtrail.csv:3039,camp-zjwilodqumyk,ec2_credential_extraction,reconnaissance,ec2_credential_extraction,,,,,,-1,-1,0
synthetic_cloudtrail.csv:3040,camp-zjwilodqumyk,ec2_credential_extraction,credential-access,ec2_credential_extraction,evt-beacgptskjog,,evt-beacgptskjog,,,0,0,1
synthetic_cloudtrail.csv:3041,camp-zjwilodqumyk,ec2_credential_extraction,reconnaissance,ec2_credential_extraction,,,,,,-1,-1,0
synthetic_cloudtrail.csv:3042,camp-zjwilodqumyk,ec2_credential_extraction,credential-access,ec2_credential_extraction,evt-wzdwuovfbyno,evt-beacgptskjog,evt-beacgptskjog,,,1,0,1
synthetic_cloudtrail.csv:3043,camp-zjwilodqumyk,ec2_credential_extraction,,ec2_credential_extraction,,,,,,-1,-1,0
synthetic_cloudtrail.csv:3044,camp-zjwilodqumyk,ec2_credential_extraction,,ec2_credential_extraction,,,,,,-1,-1,0
synthetic_cloudtrail.csv:3045,camp-zjwilodqumyk,ec2_credential_extraction,,ec2_credential_extraction,,,,,,-1,-1,0
synthetic_cloudtrail.csv:3046,camp-zjwilodqumyk,ec2_credential_extraction,,ec2_credential_extraction,,,,,,-1,-1,0
synthetic_cloudtrail.csv:3047,camp-zjwilodqumyk,ec2_credential_extraction,,ec2_credential_extraction,,,,,,-1,-1,0
synthetic_cloudtrail.csv:3048,,,,,,,,,,-1,-1,0
synthetic_cloudtrail.csv:3049,,,,,,,,,,-1,-1,0
synthetic_cloudtrail.csv:3050,,,,,,,,,,-1,-1,0
synthetic_cloudtrail.csv:3051,,,,,,,,,,-1,-1,0
synthetic_cloudtrail.csv:3052,,,,,,,,,,-1,-1,0
synthetic_cloudtrail.csv:3053,,,,,,,,,,-1,-1,0
synthetic_cloudtrail.csv:3054,,,,,,,,,,-1,-1,0
synthetic_cloudtrail.csv:3055,,,,,,,,,,-1,-1,0
synthetic_cloudtrail.csv:3056,,,,,,,,,,-1,-1,0
synthetic_cloudtrail.csv:3057,,,,,,,,,,-1,-1,0
synthetic_cloudtrail.csv:3058,,,,,,,,,,-1,-1,0
synthetic_cloudtrail.csv:3059,,,,,,,,,,-1,-1,0
synthetic_cloudtrail.csv:3060,,,,,,,,,,-1,-1,0
synthetic_cloudtrail.csv:3061,,,,,,,,,,-1,-1,0
synthetic_cloudtrail.csv:3062,,,,,,,,,,-1,-1,0
synthetic_cloudtrail.csv:3063,,,,,,,,,,-1,-1,0
synthetic_cloudtrail.csv:3064,,,,,,,,,,-1,-1,0
synthetic_cloudtrail.csv:3065,,,,,,,,,,-1,-1,0
synthetic_cloudtrail.csv:3066,,,,,,,,,,-1,-1,0
synthetic_cloudtrail.csv:3067,,,,,,,,,,-1,-1,0
synthetic_cloudtrail.csv:3068,,,,,,,,,,-1,-1,0
synthetic_cloudtrail.csv:3069,,,,,,,,,,-1,-1,0
synthetic_cloudtrail.csv:3070,,,,,,,,,,-1,-1,0
synthetic_cloudtrail.csv:3071,,,,,,,,,,-1,-1,0
synthetic_cloudtrail.csv:3072,,,,,,,,,,-1,-1,0
synthetic_cloudtrail.csv:3073,,,,,,,,,,-1,-1,0
synthetic_cloudtrail.csv:3074,,,,,,,,,,-1,-1,0
synthetic_cloudtrail.csv:3075,,,,,,,,,,-1,-1,0
synthetic_cloudtrail.csv:3076,,,,,,,,,,-1,-1,0
synthetic_cloudtrail.csv:3077,,,,,,,,,,-1,-1,0
synthetic_cloudtrail.csv:3078,,,,,,,,,,-1,-1,0
synthetic_cloudtrail.csv:3079,,,,,,,,,,-1,-1,0
synthetic_cloudtrail.csv:3080,,,,,,,,,,-1,-1,0
synthetic_cloudtrail.csv:3081,,,,,,,,,,-1,-1,0
synthetic_cloudtrail.csv:3082,,,,,,,,,,-1,-1,0
synthetic_cloudtrail.csv:3083,camp-hexincuwbmoe,create_user_accesskey_policy,reconnaissance,create_user_accesskey_policy,,,,,,-1,-1,0
synthetic_cloudtrail.csv:3084,camp-hexincuwbmoe,create_user_accesskey_policy,reconnaissance,create_user_accesskey_policy,,,,,,-1,-1,0
synthetic_cloudtrail.csv:3085,camp-hexincuwbmoe,create_user_accesskey_policy,reconnaissance,create_user_accesskey_policy,,,,,,-1,-1,0
synthetic_cloudtrail.csv:3086,camp-hexincuwbmoe,create_user_accesskey_policy,reconnaissance,create_user_accesskey_policy,,,,,,-1,-1,0
synthetic_cloudtrail.csv:3087,camp-hexincuwbmoe,create_user_accesskey_policy,reconnaissance,create_user_accesskey_policy,,,,,,-1,-1,0
synthetic_cloudtrail.csv:3088,camp-hexincuwbmoe,create_user_accesskey_policy,reconnaissance,create_user_accesskey_policy,,,,,,-1,-1,0
synthetic_cloudtrail.csv:3089,camp-hexincuwbmoe,create_user_accesskey_policy,reconnaissance,create_user_accesskey_policy,,,,,,-1,-1,0
synthetic_cloudtrail.csv:3090,camp-hexincuwbmoe,create_user_accesskey_policy,reconnaissance,create_user_accesskey_policy,,,,,,-1,-1,0
synthetic_cloudtrail.csv:3091,camp-hexincuwbmoe,create_user_accesskey_policy,persistence,create_user_accesskey_policy,evt-maseqkxzokyr,,evt-maseqkxzokyr,,,0,0,1
synthetic_cloudtrail.csv:3092,camp-hexincuwbmoe,create_user_accesskey_policy,privilege-escalation,create_user_accesskey_policy,evt-jicoxuizndjy,evt-maseqkxzokyr,evt-maseqkxzokyr,,,1,0,1
synthetic_cloudtrail.csv:3093,camp-hexincuwbmoe,create_user_accesskey_policy,privilege-escalation,create_user_accesskey_policy,evt-bowkvfedihxo,evt-jicoxuizndjy,evt-maseqkxzokyr,s3:GetObject;s3:ListBucket,*,2,0,1
synthetic_cloudtrail.csv:3094,camp-hexincuwbmoe,create_user_accesskey_policy,,create_user_accesskey_policy,,,,,,-1,-1,0
synthetic_cloudtrail.csv:3095,camp-hexincuwbmoe,create_user_accesskey_policy,,create_user_accesskey_policy,,,,,,-1,-1,0
synthetic_cloudtrail.csv:3096,,,,,,,,,,-1,-1,0
synthetic_cloudtrail.csv:3097,,,,,,,,,,-1,-1,0
synthetic_cloudtrail.csv:3098,,,,,,,,,,-1,-1,0
synthetic_cloudtrail.csv:3099,,,,,,,,,,-1,-1,0
synthetic_cloudtrail.csv:3100,,,,,,,,,,-1,-1,0
synthetic_cloudtrail.csv:3101,,,,,,,,,,-1,-1,0
synthetic_cloudtrail.csv:3102,,,,,,,,,,-1,-1,0
synthetic_cloudtrail.csv:3103,,,,,,,,,,-1,-1,0
synthetic_cloudtrail.csv:3104,,,,,,,,,,-1,-1,0
synthetic_cloudtrail.csv:3105,,,,,,,,,,-1,-1,0
synthetic_cloudtrail.csv:3106,,,,,,,,,,-1,-1,0
synthetic_cloudtrail.csv:3107,,,,,,,,,,-1,-1,0
synthetic_cloudtrail.csv:3108,,,,,,,,,,-1,-1,0
synthetic_cloudtrail.csv:3109,,,,,,,,,,-1,-1,0
synthetic_cloudtrail.csv:3110,,,,,,,,,,-1,-1,0
synthetic_cloudtrail.csv:3111,,,,,,,,,,-1,-1,0
synthetic_cloudtrail.csv:3112,,,,,,,,,,-1,-1,0
synthetic_cloudtrail.csv:3113,,,,,,,,,,-1,-1,0
synthetic_cloudtrail.csv:3114,,,,,,,,,,-1,-1,0
synthetic_cloudtrail.csv:3115,,,,,,,,,,-1,-1,0
synthetic_cloudtrail.csv:3116,,,,,,,,,,-1,-1,0
synthetic_cloudtrail.csv:3117,,,,,,,,,,-1,-1,0
synthetic_cloudtrail.csv:3118,,,,,,,,,,-1,-1,0
synthetic_cloudtrail.csv:3119,,,,,,,,,,-1,-1,0
synthetic_cloudtrail.csv:3120,,,,,,,,,,-1,-1,0
synthetic_cloudtrail.csv:3121,,,,,,,,,,-1,-1,0
synthetic_cloudtrail.csv:3122,,,,,,,,,,-1,-1,0
synthetic_cloudtrail.csv:3123,,,,,,,,,,-1,-1,0
synthetic_cloudtrail.csv:3124,,,,,,,,,,-1,-1,0
synthetic_cloudtrail.csv:3125,,,,,,,,,,-1,-1,0
synthetic_cloudtrail.csv:3126,camp-dzawckxctppz,create_user_console_access,reconnaissance,create_user_console_access,,,,,,-1,-1,0
synthetic_cloudtrail.csv:3127,camp-dzawckxctppz,create_user_console_access,reconnaissance,create_user_console_access,,,,,,-1,-1,0
synthetic_cloudtrail.csv:3128,camp-dzawckxctppz,create_user_console_access,reconnaissance,create_user_console_access,,,,,,-1,-1,0
synthetic_cloudtrail.csv:3129,camp-dzawckxctppz,create_user_console_access,reconnaissance,create_user_console_access,,,,,,-1,-1,0
synthetic_cloudtrail.csv:3130,camp-dzawckxctppz,create_user_console_access,persistence,create_user_console_access,evt-jdfieaivdnbf,,evt-jdfieaivdnbf,,,0,0,1
synthetic_cloudtrail.csv:3131,camp-dzawckxctppz,create_user_console_access,privilege-escalation,create_user_console_access,evt-dhzhanomhyft,evt-jdfieaivdnbf,evt-jdfieaivdnbf,,,1,0,1
synthetic_cloudtrail.csv:3132,camp-dzawckxctppz,create_user_console_access,privilege-escalation,create_user_console_access,evt-xuczhzqaqiyy,evt-dhzhanomhyft,evt-jdfieaivdnbf,s3:GetObject;s3:ListBucket,*,2,0,1
synthetic_cloudtrail.csv:3133,camp-dzawckxctppz,create_user_console_access,,create_user_console_access,,,,,,-1,-1,0
synthetic_cloudtrail.csv:3134,camp-dzawckxctppz,create_user_console_access,,create_user_console_access,,,,,,-1,-1,0
synthetic_cloudtrail.csv:3135,camp-dzawckxctppz,create_user_console_access,,create_user_console_access,,,,,,-1,-1,0
synthetic_cloudtrail.csv:3136,camp-dzawckxctppz,create_user_console_access,,create_user_console_access,,,,,,-1,-1,0
synthetic_cloudtrail.csv:3137,camp-dzawckxctppz,create_user_console_access,,create_user_console_access,,,,,,-1,-1,0
synthetic_cloudtrail.csv:3138,,,,,,,,,,-1,-1,0
synthetic_cloudtrail.csv:3139,,,,,,,,,,-1,-1,0
synthetic_cloudtrail.csv:3140,,,,,,,,,,-1,-1,0
synthetic_cloudtrail.csv:3141,,,,,,,,,,-1,-1,0
synthetic_cloudtrail.csv:3142,,,,,,,,,,-1,-1,0
synthetic_cloudtrail.csv:3143,,,,,,,,,,-1,-1,0
synthetic_cloudtrail.csv:3144,,,,,,,,,,-1,-1,0
synthetic_cloudtrail.csv:3145,,,,,,,,,,-1,-1,0
synthetic_cloudtrail.csv:3146,,,,,,,,,,-1,-1,0
synthetic_cloudtrail.csv:3147,,,,,,,,,,-1,-1,0
synthetic_cloudtrail.csv:3148,,,,,,,,,,-1,-1,0
synthetic_cloudtrail.csv:3149,,,,,,,,,,-1,-1,0
synthetic_cloudtrail.csv:3150,,,,,,,,,,-1,-1,0
synthetic_cloudtrail.csv:3151,,,,,,,,,,-1,-1,0
synthetic_cloudtrail.csv:3152,,,,,,,,,,-1,-1,0
synthetic_cloudtrail.csv:3153,,,,,,,,,,-1,-1,0
synthetic_cloudtrail.csv:3154,,,,,,,,,,-1,-1,0
synthetic_cloudtrail.csv:3155,,,,,,,,,,-1,-1,0
synthetic_cloudtrail.csv:3156,,,,,,,,,,-1,-1,0
synthetic_cloudtrail.csv:3157,,,,,,,,,,-1,-1,0
synthetic_cloudtrail.csv:3158,,,,,,,,,,-1,-1,0
synthetic_cloudtrail.csv:3159,,,,,,,,,,-1,-1,0
synthetic_cloudtrail.csv:3160,camp-ndylxujtxpwx,full_kill_chain,reconnaissance,full_kill_chain,,,,,,-1,-1,0
synthetic_cloudtrail.csv:3161,camp-ndylxujtxpwx,full_kill_chain,reconnaissance,full_kill_chain,,,,,,-1,-1,0
synthetic_cloudtrail.csv:3162,camp-ndylxujtxpwx,full_kill_chain,reconnaissance,full_kill_chain,,,,,,-1,-1,0
synthetic_cloudtrail.csv:3163,camp-ndylxujtxpwx,full_kill_chain,reconnaissance,full_kill_chain,,,,,,-1,-1,0
synthetic_cloudtrail.csv:3164,camp-ndylxujtxpwx,full_kill_chain,reconnaissance,full_kill_chain,,,,,,-1,-1,0
synthetic_cloudtrail.csv:3165,camp-ndylxujtxpwx,full_kill_chain,reconnaissance,full_kill_chain,,,,,,-1,-1,0
synthetic_cloudtrail.csv:3166,camp-ndylxujtxpwx,full_kill_chain,reconnaissance,full_kill_chain,,,,,,-1,-1,0
synthetic_cloudtrail.csv:3167,camp-ndylxujtxpwx,full_kill_chain,persistence,full_kill_chain,evt-jstksorbqkkb,,evt-jstksorbqkkb,,,0,0,1
synthetic_cloudtrail.csv:3168,camp-ndylxujtxpwx,full_kill_chain,privilege-escalation,full_kill_chain,evt-avklnkcyguym,evt-jstksorbqkkb,evt-jstksorbqkkb,s3:GetObject;s3:ListBucket,*,1,0,1
synthetic_cloudtrail.csv:3169,camp-ndylxujtxpwx,full_kill_chain,privilege-escalation,full_kill_chain,evt-ewplayfgeszf,evt-avklnkcyguym,evt-jstksorbqkkb,,,2,0,1
synthetic_cloudtrail.csv:3170,camp-ndylxujtxpwx,full_kill_chain,credential-access,full_kill_chain,evt-kiipdmufvzft,evt-ewplayfgeszf,evt-jstksorbqkkb,,,3,1,1
synthetic_cloudtrail.csv:3171,camp-ndylxujtxpwx,full_kill_chain,exfiltration,full_kill_chain,evt-anpkuelfdqwq,evt-kiipdmufvzft,evt-jstksorbqkkb,,,4,1,1
synthetic_cloudtrail.csv:3172,camp-ndylxujtxpwx,full_kill_chain,defense-evasion,full_kill_chain,evt-efcrsdoxtrju,evt-anpkuelfdqwq,evt-jstksorbqkkb,,,5,1,1
synthetic_cloudtrail.csv:3173,camp-ndylxujtxpwx,full_kill_chain,,full_kill_chain,,,,,,-1,-1,0
synthetic_cloudtrail.csv:3174,camp-ndylxujtxpwx,full_kill_chain,,full_kill_chain,,,,,,-1,-1,0
synthetic_cloudtrail.csv:3175,,,,,,,,,,-1,-1,0
synthetic_cloudtrail.csv:3176,,,,,,,,,,-1,-1,0
synthetic_cloudtrail.csv:3177,,,,,,,,,,-1,-1,0
synthetic_cloudtrail.csv:3178,,,,,,,,,,-1,-1,0
synthetic_cloudtrail.csv:3179,,,,,,,,,,-1,-1,0
synthetic_cloudtrail.csv:3180,,,,,,,,,,-1,-1,0
synthetic_cloudtrail.csv:3181,,,,,,,,,,-1,-1,0
synthetic_cloudtrail.csv:3182,,,,,,,,,,-1,-1,0
synthetic_cloudtrail.csv:3183,camp-sptrjsddqdeg,create_role_inline_policy,reconnaissance,create_role_inline_policy,,,,,,-1,-1,0
synthetic_cloudtrail.csv:3184,camp-sptrjsddqdeg,create_role_inline_policy,reconnaissance,create_role_inline_policy,,,,,,-1,-1,0
synthetic_cloudtrail.csv:3185,camp-sptrjsddqdeg,create_role_inline_policy,reconnaissance,create_role_inline_policy,,,,,,-1,-1,0
synthetic_cloudtrail.csv:3186,camp-sptrjsddqdeg,create_role_inline_policy,persistence,create_role_inline_policy,evt-sevjazzjwbiz,,evt-sevjazzjwbiz,,,0,0,1
synthetic_cloudtrail.csv:3187,camp-sptrjsddqdeg,create_role_inline_policy,privilege-escalation,create_role_inline_policy,evt-qlvxcrzakhkl,evt-sevjazzjwbiz,evt-sevjazzjwbiz,s3:GetObject,iam:*;s3:*;sts:AssumeRole,1,0,1
synthetic_cloudtrail.csv:3188,camp-sptrjsddqdeg,create_role_inline_policy,,create_role_inline_policy,,,,,,-1,-1,0
synthetic_cloudtrail.csv:3189,camp-sptrjsddqdeg,create_role_inline_policy,,create_role_inline_policy,,,,,,-1,-1,0
synthetic_cloudtrail.csv:3190,camp-sptrjsddqdeg,create_role_inline_policy,,create_role_inline_policy,,,,,,-1,-1,0
synthetic_cloudtrail.csv:3191,,,,,,,,,,-1,-1,0
synthetic_cloudtrail.csv:3192,,,,,,,,,,-1,-1,0
synthetic_cloudtrail.csv:3193,,,,,,,,,,-1,-1,0
synthetic_cloudtrail.csv:3194,,,,,,,,,,-1,-1,0
synthetic_cloudtrail.csv:3195,,,,,,,,,,-1,-1,0
synthetic_cloudtrail.csv:3196,,,,,,,,,,-1,-1,0
synthetic_cloudtrail.csv:3197,,,,,,,,,,-1,-1,0
synthetic_cloudtrail.csv:3198,,,,,,,,,,-1,-1,0
synthetic_cloudtrail.csv:3199,,,,,,,,,,-1,-1,0
synthetic_cloudtrail.csv:3200,,,,,,,,,,-1,-1,0
synthetic_cloudtrail.csv:3201,,,,,,,,,,-1,-1,0
synthetic_cloudtrail.csv:3202,,,,,,,,,,-1,-1,0
synthetic_cloudtrail.csv:3203,,,,,,,,,,-1,-1,0
synthetic_cloudtrail.csv:3204,,,,,,,,,,-1,-1,0
synthetic_cloudtrail.csv:3205,,,,,,,,,,-1,-1,0
synthetic_cloudtrail.csv:3206,,,,,,,,,,-1,-1,0
synthetic_cloudtrail.csv:3207,,,,,,,,,,-1,-1,0
synthetic_cloudtrail.csv:3208,,,,,,,,,,-1,-1,0
synthetic_cloudtrail.csv:3209,,,,,,,,,,-1,-1,0
synthetic_cloudtrail.csv:3210,,,,,,,,,,-1,-1,0
synthetic_cloudtrail.csv:3211,,,,,,,,,,-1,-1,0
synthetic_cloudtrail.csv:3212,,,,,,,,,,-1,-1,0
synthetic_cloudtrail.csv:3213,,,,,,,,,,-1,-1,0
synthetic_cloudtrail.csv:3214,,,,,,,,,,-1,-1,0
synthetic_cloudtrail.csv:3215,,,,,,,,,,-1,-1,0
synthetic_cloudtrail.csv:3216,,,,,,,,,,-1,-1,0
synthetic_cloudtrail.csv:3217,,,,,,,,,,-1,-1,0
synthetic_cloudtrail.csv:3218,,,,,,,,,,-1,-1,0
synthetic_cloudtrail.csv:3219,,,,,,,,,,-1,-1,0
synthetic_cloudtrail.csv:3220,,,,,,,,,,-1,-1,0
synthetic_cloudtrail.csv:3221,,,,,,,,,,-1,-1,0
synthetic_cloudtrail.csv:3222,,,,,,,,,,-1,-1,0
synthetic_cloudtrail.csv:3223,,,,,,,,,,-1,-1,0
synthetic_cloudtrail.csv:3224,,,,,,,,,,-1,-1,0
synthetic_cloudtrail.csv:3225,,,,,,,,,,-1,-1,0
synthetic_cloudtrail.csv:3226,,,,,,,,,,-1,-1,0
synthetic_cloudtrail.csv:3227,,,,,,,,,,-1,-1,0
synthetic_cloudtrail.csv:3228,,,,,,,,,,-1,-1,0
synthetic_cloudtrail.csv:3229,,,,,,,,,,-1,-1,0
synthetic_cloudtrail.csv:3230,,,,,,,,,,-1,-1,0
synthetic_cloudtrail.csv:3231,,,,,,,,,,-1,-1,0
synthetic_cloudtrail.csv:3232,,,,,,,,,,-1,-1,0
synthetic_cloudtrail.csv:3233,,,,,,,,,,-1,-1,0
synthetic_cloudtrail.csv:3234,,,,,,,,,,-1,-1,0
synthetic_cloudtrail.csv:3235,,,,,,,,,,-1,-1,0
synthetic_cloudtrail.csv:3236,,,,,,,,,,-1,-1,0
synthetic_cloudtrail.csv:3237,,,,,,,,,,-1,-1,0
synthetic_cloudtrail.csv:3238,,,,,,,,,,-1,-1,0
synthetic_cloudtrail.csv:3239,,,,,,,,,,-1,-1,0
synthetic_cloudtrail.csv:3240,,,,,,,,,,-1,-1,0
synthetic_cloudtrail.csv:3241,,,,,,,,,,-1,-1,0
synthetic_cloudtrail.csv:3242,,,,,,,,,,-1,-1,0
synthetic_cloudtrail.csv:3243,,,,,,,,,,-1,-1,0
synthetic_cloudtrail.csv:3244,,,,,,,,,,-1,-1,0
synthetic_cloudtrail.csv:3245,,,,,,,,,,-1,-1,0
synthetic_cloudtrail.csv:3246,,,,,,,,,,-1,-1,0
synthetic_cloudtrail.csv:3247,,,,,,,,,,-1,-1,0
synthetic_cloudtrail.csv:3248,,,,,,,,,,-1,-1,0
synthetic_cloudtrail.csv:3249,,,,,,,,,,-1,-1,0
synthetic_cloudtrail.csv:3250,,,,,,,,,,-1,-1,0
synthetic_cloudtrail.csv:3251,,,,,,,,,,-1,-1,0
synthetic_cloudtrail.csv:3252,,,,,,,,,,-1,-1,0
synthetic_cloudtrail.csv:3253,,,,,,,,,,-1,-1,0
synthetic_cloudtrail.csv:3254,,,,,,,,,,-1,-1,0
synthetic_cloudtrail.csv:3255,,,,,,,,,,-1,-1,0
synthetic_cloudtrail.csv:3256,,,,,,,,,,-1,-1,0
synthetic_cloudtrail.csv:3257,,,,,,,,,,-1,-1,0
synthetic_cloudtrail.csv:3258,,,,,,,,,,-1,-1,0
synthetic_cloudtrail.csv:3259,,,,,,,,,,-1,-1,0
synthetic_cloudtrail.csv:3260,,,,,,,,,,-1,-1,0
synthetic_cloudtrail.csv:3261,,,,,,,,,,-1,-1,0
synthetic_cloudtrail.csv:3262,,,,,,,,,,-1,-1,0
synthetic_cloudtrail.csv:3263,,,,,,,,,,-1,-1,0
synthetic_cloudtrail.csv:3264,,,,,,,,,,-1,-1,0
synthetic_cloudtrail.csv:3265,,,,,,,,,,-1,-1,0
synthetic_cloudtrail.csv:3266,,,,,,,,,,-1,-1,0
synthetic_cloudtrail.csv:3267,,,,,,,,,,-1,-1,0
synthetic_cloudtrail.csv:3268,,,,,,,,,,-1,-1,0
synthetic_cloudtrail.csv:3269,,,,,,,,,,-1,-1,0
synthetic_cloudtrail.csv:3270,,,,,,,,,,-1,-1,0
synthetic_cloudtrail.csv:3271,,,,,,,,,,-1,-1,0
synthetic_cloudtrail.csv:3272,,,,,,,,,,-1,-1,0
synthetic_cloudtrail.csv:3273,,,,,,,,,,-1,-1,0
synthetic_cloudtrail.csv:3274,,,,,,,,,,-1,-1,0
synthetic_cloudtrail.csv:3275,,,,,,,,,,-1,-1,0
synthetic_cloudtrail.csv:3276,,,,,,,,,,-1,-1,0
synthetic_cloudtrail.csv:3277,,,,,,,,,,-1,-1,0
synthetic_cloudtrail.csv:3278,,,,,,,,,,-1,-1,0
synthetic_cloudtrail.csv:3279,,,,,,,,,,-1,-1,0
synthetic_cloudtrail.csv:3280,,,,,,,,,,-1,-1,0
synthetic_cloudtrail.csv:3281,,,,,,,,,,-1,-1,0
synthetic_cloudtrail.csv:3282,,,,,,,,,,-1,-1,0
synthetic_cloudtrail.csv:3283,,,,,,,,,,-1,-1,0
synthetic_cloudtrail.csv:3284,,,,,,,,,,-1,-1,0
synthetic_cloudtrail.csv:3285,,,,,,,,,,-1,-1,0
synthetic_cloudtrail.csv:3286,,,,,,,,,,-1,-1,0
synthetic_cloudtrail.csv:3287,,,,,,,,,,-1,-1,0
synthetic_cloudtrail.csv:3288,,,,,,,,,,-1,-1,0
synthetic_cloudtrail.csv:3289,,,,,,,,,,-1,-1,0
synthetic_cloudtrail.csv:3290,,,,,,,,,,-1,-1,0
synthetic_cloudtrail.csv:3291,,,,,,,,,,-1,-1,0
synthetic_cloudtrail.csv:3292,,,,,,,,,,-1,-1,0
synthetic_cloudtrail.csv:3293,,,,,,,,,,-1,-1,0
synthetic_cloudtrail.csv:3294,,,,,,,,,,-1,-1,0
synthetic_cloudtrail.csv:3295,,,,,,,,,,-1,-1,0
synthetic_cloudtrail.csv:3296,,,,,,,,,,-1,-1,0
synthetic_cloudtrail.csv:3297,,,,,,,,,,-1,-1,0
synthetic_cloudtrail.csv:3298,,,,,,,,,,-1,-1,0
synthetic_cloudtrail.csv:3299,,,,,,,,,,-1,-1,0
synthetic_cloudtrail.csv:3300,,,,,,,,,,-1,-1,0
synthetic_cloudtrail.csv:3301,,,,,,,,,,-1,-1,0
synthetic_cloudtrail.csv:3302,,,,,,,,,,-1,-1,0
synthetic_cloudtrail.csv:3303,,,,,,,,,,-1,-1,0
synthetic_cloudtrail.csv:3304,,,,,,,,,,-1,-1,0
synthetic_cloudtrail.csv:3305,,,,,,,,,,-1,-1,0
synthetic_cloudtrail.csv:3306,,,,,,,,,,-1,-1,0
synthetic_cloudtrail.csv:3307,,,,,,,,,,-1,-1,0
synthetic_cloudtrail.csv:3308,,,,,,,,,,-1,-1,0
synthetic_cloudtrail.csv:3309,,,,,,,,,,-1,-1,0
synthetic_cloudtrail.csv:3310,,,,,,,,,,-1,-1,0
synthetic_cloudtrail.csv:3311,,,,,,,,,,-1,-1,0
synthetic_cloudtrail.csv:3312,,,,,,,,,,-1,-1,0
synthetic_cloudtrail.csv:3313,,,,,,,,,,-1,-1,0
synthetic_cloudtrail.csv:3314,,,,,,,,,,-1,-1,0
synthetic_cloudtrail.csv:3315,,,,,,,,,,-1,-1,0
synthetic_cloudtrail.csv:3316,,,,,,,,,,-1,-1,0
synthetic_cloudtrail.csv:3317,,,,,,,,,,-1,-1,0
synthetic_cloudtrail.csv:3318,,,,,,,,,,-1,-1,0
synthetic_cloudtrail.csv:3319,,,,,,,,,,-1,-1,0
synthetic_cloudtrail.csv:3320,,,,,,,,,,-1,-1,0
synthetic_cloudtrail.csv:3321,,,,,,,,,,-1,-1,0
synthetic_cloudtrail.csv:3322,,,,,,,,,,-1,-1,0
synthetic_cloudtrail.csv:3323,,,,,,,,,,-1,-1,0
synthetic_cloudtrail.csv:3324,,,,,,,,,,-1,-1,0
synthetic_cloudtrail.csv:3325,,,,,,,,,,-1,-1,0
synthetic_cloudtrail.csv:3326,,,,,,,,,,-1,-1,0
synthetic_cloudtrail.csv:3327,,,,,,,,,,-1,-1,0
synthetic_cloudtrail.csv:3328,,,,,,,,,,-1,-1,0
synthetic_cloudtrail.csv:3329,,,,,,,,,,-1,-1,0
synthetic_cloudtrail.csv:3330,,,,,,,,,,-1,-1,0
synthetic_cloudtrail.csv:3331,,,,,,,,,,-1,-1,0
synthetic_cloudtrail.csv:3332,,,,,,,,,,-1,-1,0
synthetic_cloudtrail.csv:3333,,,,,,,,,,-1,-1,0
synthetic_cloudtrail.csv:3334,,,,,,,,,,-1,-1,0
synthetic_cloudtrail.csv:3335,,,,,,,,,,-1,-1,0
synthetic_cloudtrail.csv:3336,,,,,,,,,,-1,-1,0
synthetic_cloudtrail.csv:3337,,,,,,,,,,-1,-1,0
synthetic_cloudtrail.csv:3338,,,,,,,,,,-1,-1,0
synthetic_cloudtrail.csv:3339,,,,,,,,,,-1,-1,0
synthetic_cloudtrail.csv:3340,,,,,,,,,,-1,-1,0
synthetic_cloudtrail.csv:3341,,,,,,,,,,-1,-1,0
synthetic_cloudtrail.csv:3342,,,,,,,,,,-1,-1,0
synthetic_cloudtrail.csv:3343,,,,,,,,,,-1,-1,0
synthetic_cloudtrail.csv:3344,,,,,,,,,,-1,-1,0
synthetic_cloudtrail.csv:3345,,,,,,,,,,-1,-1,0
synthetic_cloudtrail.csv:3346,,,,,,,,,,-1,-1,0
synthetic_cloudtrail.csv:3347,,,,,,,,,,-1,-1,0
synthetic_cloudtrail.csv:3348,,,,,,,,,,-1,-1,0
synthetic_cloudtrail.csv:3349,,,,,,,,,,-1,-1,0
synthetic_cloudtrail.csv:3350,,,,,,,,,,-1,-1,0
synthetic_cloudtrail.csv:3351,,,,,,,,,,-1,-1,0
synthetic_cloudtrail.csv:3352,,,,,,,,,,-1,-1,0
synthetic_cloudtrail.csv:3353,,,,,,,,,,-1,-1,0
synthetic_cloudtrail.csv:3354,,,,,,,,,,-1,-1,0
synthetic_cloudtrail.csv:3355,,,,,,,,,,-1,-1,0
synthetic_cloudtrail.csv:3356,,,,,,,,,,-1,-1,0
synthetic_cloudtrail.csv:3357,,,,,,,,,,-1,-1,0
synthetic_cloudtrail.csv:3358,,,,,,,,,,-1,-1,0
synthetic_cloudtrail.csv:3359,,,,,,,,,,-1,-1,0
synthetic_cloudtrail.csv:3360,,,,,,,,,,-1,-1,0
synthetic_cloudtrail.csv:3361,,,,,,,,,,-1,-1,0
synthetic_cloudtrail.csv:3362,,,,,,,,,,-1,-1,0
synthetic_cloudtrail.csv:3363,,,,,,,,,,-1,-1,0
synthetic_cloudtrail.csv:3364,,,,,,,,,,-1,-1,0
synthetic_cloudtrail.csv:3365,,,,,,,,,,-1,-1,0
synthetic_cloudtrail.csv:3366,,,,,,,,,,-1,-1,0
synthetic_cloudtrail.csv:3367,,,,,,,,,,-1,-1,0
synthetic_cloudtrail.csv:3368,,,,,,,,,,-1,-1,0
synthetic_cloudtrail.csv:3369,,,,,,,,,,-1,-1,0
synthetic_cloudtrail.csv:3370,,,,,,,,,,-1,-1,0
synthetic_cloudtrail.csv:3371,,,,,,,,,,-1,-1,0
synthetic_cloudtrail.csv:3372,,,,,,,,,,-1,-1,0
synthetic_cloudtrail.csv:3373,,,,,,,,,,-1,-1,0
synthetic_cloudtrail.csv:3374,,,,,,,,,,-1,-1,0
synthetic_cloudtrail.csv:3375,,,,,,,,,,-1,-1,0
synthetic_cloudtrail.csv:3376,,,,,,,,,,-1,-1,0
synthetic_cloudtrail.csv:3377,,,,,,,,,,-1,-1,0
synthetic_cloudtrail.csv:3378,,,,,,,,,,-1,-1,0
synthetic_cloudtrail.csv:3379,,,,,,,,,,-1,-1,0
synthetic_cloudtrail.csv:3380,,,,,,,,,,-1,-1,0
synthetic_cloudtrail.csv:3381,,,,,,,,,,-1,-1,0
synthetic_cloudtrail.csv:3382,,,,,,,,,,-1,-1,0
synthetic_cloudtrail.csv:3383,,,,,,,,,,-1,-1,0
synthetic_cloudtrail.csv:3384,,,,,,,,,,-1,-1,0
synthetic_cloudtrail.csv:3385,,,,,,,,,,-1,-1,0
synthetic_cloudtrail.csv:3386,,,,,,,,,,-1,-1,0
synthetic_cloudtrail.csv:3387,,,,,,,,,,-1,-1,0
synthetic_cloudtrail.csv:3388,,,,,,,,,,-1,-1,0
synthetic_cloudtrail.csv:3389,,,,,,,,,,-1,-1,0
synthetic_cloudtrail.csv:3390,,,,,,,,,,-1,-1,0
synthetic_cloudtrail.csv:3391,,,,,,,,,,-1,-1,0
synthetic_cloudtrail.csv:3392,,,,,,,,,,-1,-1,0
synthetic_cloudtrail.csv:3393,,,,,,,,,,-1,-1,0
synthetic_cloudtrail.csv:3394,,,,,,,,,,-1,-1,0
synthetic_cloudtrail.csv:3395,,,,,,,,,,-1,-1,0
synthetic_cloudtrail.csv:3396,,,,,,,,,,-1,-1,0
synthetic_cloudtrail.csv:3397,,,,,,,,,,-1,-1,0
synthetic_cloudtrail.csv:3398,,,,,,,,,,-1,-1,0
synthetic_cloudtrail.csv:3399,,,,,,,,,,-1,-1,0
synthetic_cloudtrail.csv:3400,,,,,,,,,,-1,-1,0
synthetic_cloudtrail.csv:3401,,,,,,,,,,-1,-1,0
synthetic_cloudtrail.csv:3402,,,,,,,,,,-1,-1,0
synthetic_cloudtrail.csv:3403,,,,,,,,,,-1,-1,0
synthetic_cloudtrail.csv:3404,,,,,,,,,,-1,-1,0
synthetic_cloudtrail.csv:3405,,,,,,,,,,-1,-1,0
synthetic_cloudtrail.csv:3406,,,,,,,,,,-1,-1,0
synthetic_cloudtrail.csv:3407,,,,,,,,,,-1,-1,0
synthetic_cloudtrail.csv:3408,,,,,,,,,,-1,-1,0
synthetic_cloudtrail.csv:3409,,,,,,,,,,-1,-1,0
synthetic_cloudtrail.csv:3410,,,,,,,,,,-1,-1,0
synthetic_cloudtrail.csv:3411,,,,,,,,,,-1,-1,0
synthetic_cloudtrail.csv:3412,,,,,,,,,,-1,-1,0
synthetic_cloudtrail.csv:3413,,,,,,,,,,-1,-1,0
synthetic_cloudtrail.csv:3414,,,,,,,,,,-1,-1,0
synthetic_cloudtrail.csv:3415,,,,,,,,,,-1,-1,0
synthetic_cloudtrail.csv:3416,,,,,,,,,,-1,-1,0
synthetic_cloudtrail.csv:3417,,,,,,,,,,-1,-1,0
synthetic_cloudtrail.csv:3418,,,,,,,,,,-1,-1,0
synthetic_cloudtrail.csv:3419,,,,,,,,,,-1,-1,0
synthetic_cloudtrail.csv:3420,,,,,,,,,,-1,-1,0
synthetic_cloudtrail.csv:3421,,,,,,,,,,-1,-1,0
synthetic_cloudtrail.csv:3422,,,,,,,,,,-1,-1,0
synthetic_cloudtrail.csv:3423,camp-rthpdyehekzz,create_user_console_access,reconnaissance,create_user_console_access,,,,,,-1,-1,0
synthetic_cloudtrail.csv:3424,camp-rthpdyehekzz,create_user_console_access,reconnaissance,create_user_console_access,,,,,,-1,-1,0
synthetic_cloudtrail.csv:3425,camp-rthpdyehekzz,create_user_console_access,reconnaissance,create_user_console_access,,,,,,-1,-1,0
synthetic_cloudtrail.csv:3426,camp-rthpdyehekzz,create_user_console_access,reconnaissance,create_user_console_access,,,,,,-1,-1,0
synthetic_cloudtrail.csv:3427,camp-rthpdyehekzz,create_user_console_access,reconnaissance,create_user_console_access,,,,,,-1,-1,0
synthetic_cloudtrail.csv:3428,camp-rthpdyehekzz,create_user_console_access,reconnaissance,create_user_console_access,,,,,,-1,-1,0
synthetic_cloudtrail.csv:3429,camp-rthpdyehekzz,create_user_console_access,reconnaissance,create_user_console_access,,,,,,-1,-1,0
synthetic_cloudtrail.csv:3430,camp-rthpdyehekzz,create_user_console_access,reconnaissance,create_user_console_access,,,,,,-1,-1,0
synthetic_cloudtrail.csv:3431,camp-rthpdyehekzz,create_user_console_access,persistence,create_user_console_access,evt-oqyevuejohqs,,evt-oqyevuejohqs,,,0,0,1
synthetic_cloudtrail.csv:3432,camp-rthpdyehekzz,create_user_console_access,privilege-escalation,create_user_console_access,evt-enktkqyzjyhz,evt-oqyevuejohqs,evt-oqyevuejohqs,,,1,0,1
synthetic_cloudtrail.csv:3433,camp-rthpdyehekzz,create_user_console_access,privilege-escalation,create_user_console_access,evt-bjyrblquydio,evt-enktkqyzjyhz,evt-oqyevuejohqs,s3:GetObject;s3:ListBucket,*,2,0,1
synthetic_cloudtrail.csv:3434,camp-rthpdyehekzz,create_user_console_access,,create_user_console_access,,,,,,-1,-1,0
synthetic_cloudtrail.csv:3435,camp-rthpdyehekzz,create_user_console_access,,create_user_console_access,,,,,,-1,-1,0
synthetic_cloudtrail.csv:3436,camp-rthpdyehekzz,create_user_console_access,,create_user_console_access,,,,,,-1,-1,0
synthetic_cloudtrail.csv:3437,,,,,,,,,,-1,-1,0
synthetic_cloudtrail.csv:3438,camp-htivawcutnfd,ec2_credential_extraction,reconnaissance,ec2_credential_extraction,,,,,,-1,-1,0
synthetic_cloudtrail.csv:3439,,,,,,,,,,-1,-1,0
synthetic_cloudtrail.csv:3440,,,,,,,,,,-1,-1,0
synthetic_cloudtrail.csv:3441,,,,,,,,,,-1,-1,0
synthetic_cloudtrail.csv:3442,camp-htivawcutnfd,ec2_credential_extraction,reconnaissance,ec2_credential_extraction,,,,,,-1,-1,0
synthetic_cloudtrail.csv:3443,,,,,,,,,,-1,-1,0
synthetic_cloudtrail.csv:3444,camp-htivawcutnfd,ec2_credential_extraction,reconnaissance,ec2_credential_extraction,,,,,,-1,-1,0
synthetic_cloudtrail.csv:3445,,,,,,,,,,-1,-1,0
synthetic_cloudtrail.csv:3446,,,,,,,,,,-1,-1,0
synthetic_cloudtrail.csv:3447,camp-htivawcutnfd,ec2_credential_extraction,reconnaissance,ec2_credential_extraction,,,,,,-1,-1,0
synthetic_cloudtrail.csv:3448,,,,,,,,,,-1,-1,0
synthetic_cloudtrail.csv:3449,,,,,,,,,,-1,-1,0
synthetic_cloudtrail.csv:3450,camp-htivawcutnfd,ec2_credential_extraction,credential-access,ec2_credential_extraction,evt-ejfqscmuxmyj,,evt-ejfqscmuxmyj,,,0,0,1
synthetic_cloudtrail.csv:3451,camp-htivawcutnfd,ec2_credential_extraction,credential-access,ec2_credential_extraction,evt-gficfhrqmopr,evt-ejfqscmuxmyj,evt-ejfqscmuxmyj,,,1,0,1
synthetic_cloudtrail.csv:3452,camp-htivawcutnfd,ec2_credential_extraction,reconnaissance,ec2_credential_extraction,,,,,,-1,-1,0
synthetic_cloudtrail.csv:3453,,,,,,,,,,-1,-1,0
synthetic_cloudtrail.csv:3454,,,,,,,,,,-1,-1,0
synthetic_cloudtrail.csv:3455,,,,,,,,,,-1,-1,0
synthetic_cloudtrail.csv:3456,,,,,,,,,,-1,-1,0
synthetic_cloudtrail.csv:3457,,,,,,,,,,-1,-1,0
synthetic_cloudtrail.csv:3458,camp-htivawcutnfd,ec2_credential_extraction,,ec2_credential_extraction,,,,,,-1,-1,0
synthetic_cloudtrail.csv:3459,camp-htivawcutnfd,ec2_credential_extraction,,ec2_credential_extraction,,,,,,-1,-1,0
synthetic_cloudtrail.csv:3460,camp-htivawcutnfd,ec2_credential_extraction,,ec2_credential_extraction,,,,,,-1,-1,0
synthetic_cloudtrail.csv:3461,camp-htivawcutnfd,ec2_credential_extraction,,ec2_credential_extraction,,,,,,-1,-1,0
synthetic_cloudtrail.csv:3462,camp-htivawcutnfd,ec2_credential_extraction,,ec2_credential_extraction,,,,,,-1,-1,0
synthetic_cloudtrail.csv:3463,,,,,,,,,,-1,-1,0
synthetic_cloudtrail.csv:3464,,,,,,,,,,-1,-1,0
synthetic_cloudtrail.csv:3465,,,,,,,,,,-1,-1,0
synthetic_cloudtrail.csv:3466,,,,,,,,,,-1,-1,0
synthetic_cloudtrail.csv:3467,,,,,,,,,,-1,-1,0
synthetic_cloudtrail.csv:3468,,,,,,,,,,-1,-1,0
synthetic_cloudtrail.csv:3469,,,,,,,,,,-1,-1,0
synthetic_cloudtrail.csv:3470,,,,,,,,,,-1,-1,0
synthetic_cloudtrail.csv:3471,,,,,,,,,,-1,-1,0
synthetic_cloudtrail.csv:3472,,,,,,,,,,-1,-1,0
synthetic_cloudtrail.csv:3473,,,,,,,,,,-1,-1,0
synthetic_cloudtrail.csv:3474,,,,,,,,,,-1,-1,0
synthetic_cloudtrail.csv:3475,,,,,,,,,,-1,-1,0
synthetic_cloudtrail.csv:3476,,,,,,,,,,-1,-1,0
synthetic_cloudtrail.csv:3477,,,,,,,,,,-1,-1,0
synthetic_cloudtrail.csv:3478,,,,,,,,,,-1,-1,0
synthetic_cloudtrail.csv:3479,,,,,,,,,,-1,-1,0
synthetic_cloudtrail.csv:3480,,,,,,,,,,-1,-1,0
synthetic_cloudtrail.csv:3481,camp-fcjanezrizet,full_kill_chain,reconnaissance,full_kill_chain,,,,,,-1,-1,0
synthetic_cloudtrail.csv:3482,camp-fcjanezrizet,full_kill_chain,reconnaissance,full_kill_chain,,,,,,-1,-1,0
synthetic_cloudtrail.csv:3483,camp-fcjanezrizet,full_kill_chain,reconnaissance,full_kill_chain,,,,,,-1,-1,0
synthetic_cloudtrail.csv:3484,camp-fcjanezrizet,full_kill_chain,reconnaissance,full_kill_chain,,,,,,-1,-1,0
synthetic_cloudtrail.csv:3485,camp-fcjanezrizet,full_kill_chain,reconnaissance,full_kill_chain,,,,,,-1,-1,0
synthetic_cloudtrail.csv:3486,camp-fcjanezrizet,full_kill_chain,reconnaissance,full_kill_chain,,,,,,-1,-1,0
synthetic_cloudtrail.csv:3487,camp-fcjanezrizet,full_kill_chain,reconnaissance,full_kill_chain,,,,,,-1,-1,0
synthetic_cloudtrail.csv:3488,camp-fcjanezrizet,full_kill_chain,reconnaissance,full_kill_chain,,,,,,-1,-1,0
synthetic_cloudtrail.csv:3489,camp-fcjanezrizet,full_kill_chain,persistence,full_kill_chain,evt-qeevzbtknouu,,evt-qeevzbtknouu,,,0,0,1
synthetic_cloudtrail.csv:3490,camp-fcjanezrizet,full_kill_chain,privilege-escalation,full_kill_chain,evt-laqkwiykmqwb,evt-qeevzbtknouu,evt-qeevzbtknouu,s3:GetObject;s3:ListBucket,*,1,0,1
synthetic_cloudtrail.csv:3491,camp-fcjanezrizet,full_kill_chain,privilege-escalation,full_kill_chain,evt-nkzigjvrloao,evt-laqkwiykmqwb,evt-qeevzbtknouu,,,2,0,1
synthetic_cloudtrail.csv:3492,camp-fcjanezrizet,full_kill_chain,credential-access,full_kill_chain,evt-brkeuepergdg,evt-nkzigjvrloao,evt-qeevzbtknouu,,,3,1,1
synthetic_cloudtrail.csv:3493,camp-fcjanezrizet,full_kill_chain,exfiltration,full_kill_chain,evt-qacxdjqmrcyr,evt-brkeuepergdg,evt-qeevzbtknouu,,,4,1,1
synthetic_cloudtrail.csv:3494,camp-fcjanezrizet,full_kill_chain,defense-evasion,full_kill_chain,evt-uvgokwqyrolc,evt-qacxdjqmrcyr,evt-qeevzbtknouu,,,5,1,1
synthetic_cloudtrail.csv:3495,camp-fcjanezrizet,full_kill_chain,,full_kill_chain,,,,,,-1,-1,0
synthetic_cloudtrail.csv:3496,camp-fcjanezrizet,full_kill_chain,,full_kill_chain,,,,,,-1,-1,0
synthetic_cloudtrail.csv:3497,camp-fcjanezrizet,full_kill_chain,,full_kill_chain,,,,,,-1,-1,0
synthetic_cloudtrail.csv:3498,camp-fcjanezrizet,full_kill_chain,,full_kill_chain,,,,,,-1,-1,0
synthetic_cloudtrail.csv:3499,camp-tjrsagnxssmi,ssm_parameter_harvest,reconnaissance,ssm_parameter_harvest,,,,,,-1,-1,0
synthetic_cloudtrail.csv:3500,camp-tjrsagnxssmi,ssm_parameter_harvest,reconnaissance,ssm_parameter_harvest,,,,,,-1,-1,0
synthetic_cloudtrail.csv:3501,camp-tjrsagnxssmi,ssm_parameter_harvest,reconnaissance,ssm_parameter_harvest,,,,,,-1,-1,0
synthetic_cloudtrail.csv:3502,camp-tjrsagnxssmi,ssm_parameter_harvest,reconnaissance,ssm_parameter_harvest,,,,,,-1,-1,0
synthetic_cloudtrail.csv:3503,camp-tjrsagnxssmi,ssm_parameter_harvest,reconnaissance,ssm_parameter_harvest,,,,,,-1,-1,0
synthetic_cloudtrail.csv:3504,camp-tjrsagnxssmi,ssm_parameter_harvest,reconnaissance,ssm_parameter_harvest,,,,,,-1,-1,0
synthetic_cloudtrail.csv:3505,camp-tjrsagnxssmi,ssm_parameter_harvest,credential-access,ssm_parameter_harvest,evt-loiomaxupcyg,,evt-loiomaxupcyg,,,0,0,1
synthetic_cloudtrail.csv:3506,camp-tjrsagnxssmi,ssm_parameter_harvest,credential-access,ssm_parameter_harvest,evt-phtaavgnaxux,evt-loiomaxupcyg,evt-loiomaxupcyg,,,1,0,1
synthetic_cloudtrail.csv:3507,camp-tjrsagnxssmi,ssm_parameter_harvest,credential-access,ssm_parameter_harvest,evt-rowlvvnfrdxk,evt-phtaavgnaxux,evt-loiomaxupcyg,,,2,0,1
synthetic_cloudtrail.csv:3508,camp-tjrsagnxssmi,ssm_parameter_harvest,,ssm_parameter_harvest,,,,,,-1,-1,0
synthetic_cloudtrail.csv:3509,camp-tjrsagnxssmi,ssm_parameter_harvest,,ssm_parameter_harvest,,,,,,-1,-1,0
synthetic_cloudtrail.csv:3510,camp-tjrsagnxssmi,ssm_parameter_harvest,,ssm_parameter_harvest,,,,,,-1,-1,0
synthetic_cloudtrail.csv:3511,camp-tjrsagnxssmi,ssm_parameter_harvest,,ssm_parameter_harvest,,,,,,-1,-1,0
synthetic_cloudtrail.csv:3512,camp-tjrsagnxssmi,ssm_parameter_harvest,,ssm_parameter_harvest,,,,,,-1,-1,0
synthetic_cloudtrail.csv:3513,camp-tjpgfhkudacp,create_policy_version,reconnaissance,create_policy_version,,,,,,-1,-1,0
synthetic_cloudtrail.csv:3514,camp-tjpgfhkudacp,create_policy_version,reconnaissance,create_policy_version,,,,,,-1,-1,0
synthetic_cloudtrail.csv:3515,camp-tjpgfhkudacp,create_policy_version,reconnaissance,create_policy_version,,,,,,-1,-1,0
synthetic_cloudtrail.csv:3516,camp-tjpgfhkudacp,create_policy_version,reconnaissance,create_policy_version,,,,,,-1,-1,0
synthetic_cloudtrail.csv:3517,camp-tjpgfhkudacp,create_policy_version,reconnaissance,create_policy_version,,,,,,-1,-1,0
synthetic_cloudtrail.csv:3518,camp-tjpgfhkudacp,create_policy_version,reconnaissance,create_policy_version,,,,,,-1,-1,0
synthetic_cloudtrail.csv:3519,camp-tjpgfhkudacp,create_policy_version,reconnaissance,create_policy_version,,,,,,-1,-1,0
synthetic_cloudtrail.csv:3520,camp-tjpgfhkudacp,create_policy_version,reconnaissance,create_policy_version,,,,,,-1,-1,0
synthetic_cloudtrail.csv:3521,camp-tjpgfhkudacp,create_policy_version,privilege-escalation,create_policy_version,evt-tljjdsvuyfll,,evt-tljjdsvuyfll,s3:GetObject,iam:*;s3:*,0,0,1
synthetic_cloudtrail.csv:3522,camp-tjpgfhkudacp,create_policy_version,privilege-escalation,create_policy_version,evt-mtgxwglwqwan,evt-tljjdsvuyfll,evt-tljjdsvuyfll,,,1,0,1
synthetic_cloudtrail.csv:3523,camp-tjpgfhkudacp,create_policy_version,,create_policy_version,,,,,,-1,-1,0
synthetic_cloudtrail.csv:3524,camp-tjpgfhkudacp,create_policy_version,,create_policy_version,,,,,,-1,-1,0
synthetic_cloudtrail.csv:3525,,,,,,,,,,-1,-1,0
synthetic_cloudtrail.csv:3526,,,,,,,,,,-1,-1,0
synthetic_cloudtrail.csv:3527,,,,,,,,,,-1,-1,0
synthetic_cloudtrail.csv:3528,,,,,,,,,,-1,-1,0
synthetic_cloudtrail.csv:3529,,,,,,,,,,-1,-1,0
synthetic_cloudtrail.csv:3530,,,,,,,,,,-1,-1,0
synthetic_cloudtrail.csv:3531,,,,,,,,,,-1,-1,0
synthetic_cloudtrail.csv:3532,,,,,,,,,,-1,-1,0
synthetic_cloudtrail.csv:3533,,,,,,,,,,-1,-1,0
synthetic_cloudtrail.csv:3534,camp-sismqtuudtro,create_role_inline_policy,reconnaissance,create_role_inline_policy,,,,,,-1,-1,0
synthetic_cloudtrail.csv:3535,camp-sismqtuudtro,create_role_inline_policy,reconnaissance,create_role_inline_policy,,,,,,-1,-1,0
synthetic_cloudtrail.csv:3536,camp-sismqtuudtro,create_role_inline_policy,reconnaissance,create_role_inline_policy,,,,,,-1,-1,0
synthetic_cloudtrail.csv:3537,camp-sismqtuudtro,create_role_inline_policy,reconnaissance,create_role_inline_policy,,,,,,-1,-1,0
synthetic_cloudtrail.csv:3538,camp-sismqtuudtro,create_role_inline_policy,reconnaissance,create_role_inline_policy,,,,,,-1,-1,0
synthetic_cloudtrail.csv:3539,camp-sismqtuudtro,create_role_inline_policy,reconnaissance,create_role_inline_policy,,,,,,-1,-1,0
synthetic_cloudtrail.csv:3540,camp-sismqtuudtro,create_role_inline_policy,reconnaissance,create_role_inline_policy,,,,,,-1,-1,0
synthetic_cloudtrail.csv:3541,camp-sismqtuudtro,create_role_inline_policy,persistence,create_role_inline_policy,evt-smghzuxutivd,,evt-smghzuxutivd,,,0,0,1
synthetic_cloudtrail.csv:3542,camp-sismqtuudtro,create_role_inline_policy,privilege-escalation,create_role_inline_policy,evt-ghzwutsddtnf,evt-smghzuxutivd,evt-smghzuxutivd,s3:GetObject,iam:*;s3:*;sts:AssumeRole,1,0,1
synthetic_cloudtrail.csv:3543,camp-sismqtuudtro,create_role_inline_policy,,create_role_inline_policy,,,,,,-1,-1,0
synthetic_cloudtrail.csv:3544,camp-sismqtuudtro,create_role_inline_policy,,create_role_inline_policy,,,,,,-1,-1,0
synthetic_cloudtrail.csv:3545,camp-sismqtuudtro,create_role_inline_policy,,create_role_inline_policy,,,,,,-1,-1,0
synthetic_cloudtrail.csv:3546,,,,,,,,,,-1,-1,0
synthetic_cloudtrail.csv:3547,,,,,,,,,,-1,-1,0
synthetic_cloudtrail.csv:3548,,,,,,,,,,-1,-1,0
synthetic_cloudtrail.csv:3549,,,,,,,,,,-1,-1,0
synthetic_cloudtrail.csv:3550,,,,,,,,,,-1,-1,0
synthetic_cloudtrail.csv:3551,,,,,,,,,,-1,-1,0
synthetic_cloudtrail.csv:3552,,,,,,,,,,-1,-1,0
synthetic_cloudtrail.csv:3553,,,,,,,,,,-1,-1,0
synthetic_cloudtrail.csv:3554,,,,,,,,,,-1,-1,0
synthetic_cloudtrail.csv:3555,,,,,,,,,,-1,-1,0
synthetic_cloudtrail.csv:3556,,,,,,,,,,-1,-1,0
synthetic_cloudtrail.csv:3557,,,,,,,,,,-1,-1,0
synthetic_cloudtrail.csv:3558,,,,,,,,,,-1,-1,0
synthetic_cloudtrail.csv:3559,,,,,,,,,,-1,-1,0
synthetic_cloudtrail.csv:3560,,,,,,,,,,-1,-1,0
synthetic_cloudtrail.csv:3561,,,,,,,,,,-1,-1,0
synthetic_cloudtrail.csv:3562,,,,,,,,,,-1,-1,0
synthetic_cloudtrail.csv:3563,,,,,,,,,,-1,-1,0
synthetic_cloudtrail.csv:3564,,,,,,,,,,-1,-1,0
synthetic_cloudtrail.csv:3565,,,,,,,,,,-1,-1,0
synthetic_cloudtrail.csv:3566,,,,,,,,,,-1,-1,0
synthetic_cloudtrail.csv:3567,,,,,,,,,,-1,-1,0
synthetic_cloudtrail.csv:3568,,,,,,,,,,-1,-1,0
synthetic_cloudtrail.csv:3569,,,,,,,,,,-1,-1,0
synthetic_cloudtrail.csv:3570,,,,,,,,,,-1,-1,0
synthetic_cloudtrail.csv:3571,,,,,,,,,,-1,-1,0
synthetic_cloudtrail.csv:3572,,,,,,,,,,-1,-1,0
synthetic_cloudtrail.csv:3573,,,,,,,,,,-1,-1,0
synthetic_cloudtrail.csv:3574,,,,,,,,,,-1,-1,0
synthetic_cloudtrail.csv:3575,,,,,,,,,,-1,-1,0
synthetic_cloudtrail.csv:3576,,,,,,,,,,-1,-1,0
synthetic_cloudtrail.csv:3577,,,,,,,,,,-1,-1,0
synthetic_cloudtrail.csv:3578,,,,,,,,,,-1,-1,0
synthetic_cloudtrail.csv:3579,,,,,,,,,,-1,-1,0
synthetic_cloudtrail.csv:3580,,,,,,,,,,-1,-1,0
synthetic_cloudtrail.csv:3581,,,,,,,,,,-1,-1,0
synthetic_cloudtrail.csv:3582,,,,,,,,,,-1,-1,0
synthetic_cloudtrail.csv:3583,,,,,,,,,,-1,-1,0
synthetic_cloudtrail.csv:3584,,,,,,,,,,-1,-1,0
synthetic_cloudtrail.csv:3585,,,,,,,,,,-1,-1,0
synthetic_cloudtrail.csv:3586,,,,,,,,,,-1,-1,0
synthetic_cloudtrail.csv:3587,,,,,,,,,,-1,-1,0
synthetic_cloudtrail.csv:3588,,,,,,,,,,-1,-1,0
synthetic_cloudtrail.csv:3589,,,,,,,,,,-1,-1,0
synthetic_cloudtrail.csv:3590,,,,,,,,,,-1,-1,0
synthetic_cloudtrail.csv:3591,,,,,,,,,,-1,-1,0
synthetic_cloudtrail.csv:3592,,,,,,,,,,-1,-1,0
synthetic_cloudtrail.csv:3593,,,,,,,,,,-1,-1,0
synthetic_cloudtrail.csv:3594,,,,,,,,,,-1,-1,0
synthetic_cloudtrail.csv:3595,,,,,,,,,,-1,-1,0
synthetic_cloudtrail.csv:3596,,,,,,,,,,-1,-1,0
synthetic_cloudtrail.csv:3597,,,,,,,,,,-1,-1,0
synthetic_cloudtrail.csv:3598,,,,,,,,,,-1,-1,0
synthetic_cloudtrail.csv:3599,,,,,,,,,,-1,-1,0
synthetic_cloudtrail.csv:3600,,,,,,,,,,-1,-1,0
synthetic_cloudtrail.csv:3601,,,,,,,,,,-1,-1,0
synthetic_cloudtrail.csv:3602,,,,,,,,,,-1,-1,0
synthetic_cloudtrail.csv:3603,,,,,,,,,,-1,-1,0
synthetic_cloudtrail.csv:3604,,,,,,,,,,-1,-1,0
synthetic_cloudtrail.csv:3605,,,,,,,,,,-1,-1,0
synthetic_cloudtrail.csv:3606,,,,,,,,,,-1,-1,0
synthetic_cloudtrail.csv:3607,,,,,,,,,,-1,-1,0
synthetic_cloudtrail.csv:3608,,,,,,,,,,-1,-1,0
synthetic_cloudtrail.csv:3609,,,,,,,,,,-1,-1,0
synthetic_cloudtrail.csv:3610,,,,,,,,,,-1,-1,0
synthetic_cloudtrail.csv:3611,,,,,,,,,,-1,-1,0
synthetic_cloudtrail.csv:3612,,,,,,,,,,-1,-1,0
synthetic_cloudtrail.csv:3613,,,,,,,,,,-1,-1,0
synthetic_cloudtrail.csv:3614,,,,,,,,,,-1,-1,0
synthetic_cloudtrail.csv:3615,,,,,,,,,,-1,-1,0
synthetic_cloudtrail.csv:3616,,,,,,,,,,-1,-1,0
synthetic_cloudtrail.csv:3617,,,,,,,,,,-1,-1,0
synthetic_cloudtrail.csv:3618,,,,,,,,,,-1,-1,0
synthetic_cloudtrail.csv:3619,,,,,,,,,,-1,-1,0
synthetic_cloudtrail.csv:3620,,,,,,,,,,-1,-1,0
synthetic_cloudtrail.csv:3621,,,,,,,,,,-1,-1,0
synthetic_cloudtrail.csv:3622,,,,,,,,,,-1,-1,0
synthetic_cloudtrail.csv:3623,,,,,,,,,,-1,-1,0
synthetic_cloudtrail.csv:3624,,,,,,,,,,-1,-1,0
synthetic_cloudtrail.csv:3625,,,,,,,,,,-1,-1,0
synthetic_cloudtrail.csv:3626,,,,,,,,,,-1,-1,0
synthetic_cloudtrail.csv:3627,,,,,,,,,,-1,-1,0
synthetic_cloudtrail.csv:3628,,,,,,,,,,-1,-1,0
synthetic_cloudtrail.csv:3629,,,,,,,,,,-1,-1,0
synthetic_cloudtrail.csv:3630,,,,,,,,,,-1,-1,0
synthetic_cloudtrail.csv:3631,,,,,,,,,,-1,-1,0
synthetic_cloudtrail.csv:3632,,,,,,,,,,-1,-1,0
synthetic_cloudtrail.csv:3633,,,,,,,,,,-1,-1,0
synthetic_cloudtrail.csv:3634,camp-tnxkdjfgdgrc,update_role_inline_policy,reconnaissance,update_role_inline_policy,,,,,,-1,-1,0
synthetic_cloudtrail.csv:3635,camp-tnxkdjfgdgrc,update_role_inline_policy,reconnaissance,update_role_inline_policy,,,,,,-1,-1,0
synthetic_cloudtrail.csv:3636,camp-tnxkdjfgdgrc,update_role_inline_policy,reconnaissance,update_role_inline_policy,,,,,,-1,-1,0
synthetic_cloudtrail.csv:3637,camp-tnxkdjfgdgrc,update_role_inline_policy,reconnaissance,update_role_inline_policy,,,,,,-1,-1,0
synthetic_cloudtrail.csv:3638,camp-tnxkdjfgdgrc,update_role_inline_policy,reconnaissance,update_role_inline_policy,,,,,,-1,-1,0
synthetic_cloudtrail.csv:3639,camp-tnxkdjfgdgrc,update_role_inline_policy,reconnaissance,update_role_inline_policy,,,,,,-1,-1,0
synthetic_cloudtrail.csv:3640,camp-tnxkdjfgdgrc,update_role_inline_policy,reconnaissance,update_role_inline_policy,,,,,,-1,-1,0
synthetic_cloudtrail.csv:3641,camp-tnxkdjfgdgrc,update_role_inline_policy,reconnaissance,update_role_inline_policy,,,,,,-1,-1,0
synthetic_cloudtrail.csv:3642,camp-tnxkdjfgdgrc,update_role_inline_policy,privilege-escalation,update_role_inline_policy,evt-aefduusyvrxn,,evt-aefduusyvrxn,s3:GetObject,iam:*;s3:*;sts:AssumeRole,0,0,1
synthetic_cloudtrail.csv:3643,camp-tnxkdjfgdgrc,update_role_inline_policy,,update_role_inline_policy,,,,,,-1,-1,0
synthetic_cloudtrail.csv:3644,camp-tnxkdjfgdgrc,update_role_inline_policy,,update_role_inline_policy,,,,,,-1,-1,0
synthetic_cloudtrail.csv:3645,camp-tnxkdjfgdgrc,update_role_inline_policy,,update_role_inline_policy,,,,,,-1,-1,0
synthetic_cloudtrail.csv:3646,,,,,,,,,,-1,-1,0
synthetic_cloudtrail.csv:3647,,,,,,,,,,-1,-1,0
synthetic_cloudtrail.csv:3648,,,,,,,,,,-1,-1,0
synthetic_cloudtrail.csv:3649,,,,,,,,,,-1,-1,0
synthetic_cloudtrail.csv:3650,,,,,,,,,,-1,-1,0
synthetic_cloudtrail.csv:3651,,,,,,,,,,-1,-1,0
synthetic_cloudtrail.csv:3652,,,,,,,,,,-1,-1,0
synthetic_cloudtrail.csv:3653,,,,,,,,,,-1,-1,0
synthetic_cloudtrail.csv:3654,,,,,,,,,,-1,-1,0
synthetic_cloudtrail.csv:3655,,,,,,,,,,-1,-1,0
synthetic_cloudtrail.csv:3656,,,,,,,,,,-1,-1,0
synthetic_cloudtrail.csv:3657,,,,,,,,,,-1,-1,0
synthetic_cloudtrail.csv:3658,,,,,,,,,,-1,-1,0
synthetic_cloudtrail.csv:3659,,,,,,,,,,-1,-1,0
synthetic_cloudtrail.csv:3660,camp-dwxbkifvwwya,full_kill_chain,reconnaissance,full_kill_chain,,,,,,-1,-1,0
synthetic_cloudtrail.csv:3661,camp-dwxbkifvwwya,full_kill_chain,reconnaissance,full_kill_chain,,,,,,-1,-1,0
synthetic_cloudtrail.csv:3662,camp-dwxbkifvwwya,full_kill_chain,reconnaissance,full_kill_chain,,,,,,-1,-1,0
synthetic_cloudtrail.csv:3663,camp-dwxbkifvwwya,full_kill_chain,reconnaissance,full_kill_chain,,,,,,-1,-1,0
synthetic_cloudtrail.csv:3664,camp-dwxbkifvwwya,full_kill_chain,reconnaissance,full_kill_chain,,,,,,-1,-1,0
synthetic_cloudtrail.csv:3665,camp-dwxbkifvwwya,full_kill_chain,reconnaissance,full_kill_chain,,,,,,-1,-1,0
synthetic_cloudtrail.csv:3666,camp-dwxbkifvwwya,full_kill_chain,reconnaissance,full_kill_chain,,,,,,-1,-1,0
synthetic_cloudtrail.csv:3667,camp-dwxbkifvwwya,full_kill_chain,reconnaissance,full_kill_chain,,,,,,-1,-1,0
synthetic_cloudtrail.csv:3668,camp-dwxbkifvwwya,full_kill_chain,persistence,full_kill_chain,evt-eehotddftmmf,,evt-eehotddftmmf,,,0,0,1
synthetic_cloudtrail.csv:3669,camp-dwxbkifvwwya,full_kill_chain,privilege-escalation,full_kill_chain,evt-qgbqichtbuhc,evt-eehotddftmmf,evt-eehotddftmmf,s3:GetObject;s3:ListBucket,*,1,0,1
synthetic_cloudtrail.csv:3670,camp-dwxbkifvwwya,full_kill_chain,privilege-escalation,full_kill_chain,evt-cschrtsfjfox,evt-qgbqichtbuhc,evt-eehotddftmmf,,,2,0,1
synthetic_cloudtrail.csv:3671,camp-dwxbkifvwwya,full_kill_chain,credential-access,full_kill_chain,evt-gcyypstgwqqy,evt-cschrtsfjfox,evt-eehotddftmmf,,,3,1,1
synthetic_cloudtrail.csv:3672,camp-dwxbkifvwwya,full_kill_chain,exfiltration,full_kill_chain,evt-iwnnmvqcybnq,evt-gcyypstgwqqy,evt-eehotddftmmf,,,4,1,1
synthetic_cloudtrail.csv:3673,camp-dwxbkifvwwya,full_kill_chain,defense-evasion,full_kill_chain,evt-lfqtmtupmsdz,evt-iwnnmvqcybnq,evt-eehotddftmmf,,,5,1,1
synthetic_cloudtrail.csv:3674,camp-dwxbkifvwwya,full_kill_chain,,full_kill_chain,,,,,,-1,-1,0
synthetic_cloudtrail.csv:3675,camp-dwxbkifvwwya,full_kill_chain,,full_kill_chain,,,,,,-1,-1,0
synthetic_cloudtrail.csv:3676,camp-dwxbkifvwwya,full_kill_chain,,full_kill_chain,,,,,,-1,-1,0
synthetic_cloudtrail.csv:3677,,,,,,,,,,-1,-1,0
synthetic_cloudtrail.csv:3678,,,,,,,,,,-1,-1,0
synthetic_cloudtrail.csv:3679,,,,,,,,,,-1,-1,0
synthetic_cloudtrail.csv:3680,,,,,,,,,,-1,-1,0
synthetic_cloudtrail.csv:3681,,,,,,,,,,-1,-1,0
synthetic_cloudtrail.csv:3682,,,,,,,,,,-1,-1,0
synthetic_cloudtrail.csv:3683,,,,,,,,,,-1,-1,0
synthetic_cloudtrail.csv:3684,,,,,,,,,,-1,-1,0
synthetic_cloudtrail.csv:3685,,,,,,,,,,-1,-1,0
synthetic_cloudtrail.csv:3686,,,,,,,,,,-1,-1,0
synthetic_cloudtrail.csv:3687,,,,,,,,,,-1,-1,0
synthetic_cloudtrail.csv:3688,,,,,,,,,,-1,-1,0
synthetic_cloudtrail.csv:3689,,,,,,,,,,-1,-1,0
synthetic_cloudtrail.csv:3690,,,,,,,,,,-1,-1,0
synthetic_cloudtrail.csv:3691,,,,,,,,,,-1,-1,0
synthetic_cloudtrail.csv:3692,,,,,,,,,,-1,-1,0
synthetic_cloudtrail.csv:3693,,,,,,,,,,-1,-1,0
synthetic_cloudtrail.csv:3694,,,,,,,,,,-1,-1,0
synthetic_cloudtrail.csv:3695,,,,,,,,,,-1,-1,0
synthetic_cloudtrail.csv:3696,,,,,,,,,,-1,-1,0
synthetic_cloudtrail.csv:3697,,,,,,,,,,-1,-1,0
synthetic_cloudtrail.csv:3698,,,,,,,,,,-1,-1,0
synthetic_cloudtrail.csv:3699,,,,,,,,,,-1,-1,0
synthetic_cloudtrail.csv:3700,,,,,,,,,,-1,-1,0
synthetic_cloudtrail.csv:3701,,,,,,,,,,-1,-1,0
synthetic_cloudtrail.csv:3702,,,,,,,,,,-1,-1,0
synthetic_cloudtrail.csv:3703,,,,,,,,,,-1,-1,0
synthetic_cloudtrail.csv:3704,camp-bysazkpcsjvk,ec2_credential_extraction,reconnaissance,ec2_credential_extraction,,,,,,-1,-1,0
synthetic_cloudtrail.csv:3705,camp-bysazkpcsjvk,ec2_credential_extraction,reconnaissance,ec2_credential_extraction,,,,,,-1,-1,0
synthetic_cloudtrail.csv:3706,camp-bysazkpcsjvk,ec2_credential_extraction,reconnaissance,ec2_credential_extraction,,,,,,-1,-1,0
synthetic_cloudtrail.csv:3707,camp-bysazkpcsjvk,ec2_credential_extraction,reconnaissance,ec2_credential_extraction,,,,,,-1,-1,0
synthetic_cloudtrail.csv:3708,camp-bysazkpcsjvk,ec2_credential_extraction,reconnaissance,ec2_credential_extraction,,,,,,-1,-1,0
synthetic_cloudtrail.csv:3709,camp-bysazkpcsjvk,ec2_credential_extraction,credential-access,ec2_credential_extraction,evt-ymhibiyvxbtp,,evt-ymhibiyvxbtp,,,0,0,1
synthetic_cloudtrail.csv:3710,camp-bysazkpcsjvk,ec2_credential_extraction,credential-access,ec2_credential_extraction,evt-ebhorwckfbeb,evt-ymhibiyvxbtp,evt-ymhibiyvxbtp,,,1,0,1
synthetic_cloudtrail.csv:3711,camp-bysazkpcsjvk,ec2_credential_extraction,,ec2_credential_extraction,,,,,,-1,-1,0
synthetic_cloudtrail.csv:3712,camp-bysazkpcsjvk,ec2_credential_extraction,,ec2_credential_extraction,,,,,,-1,-1,0
synthetic_cloudtrail.csv:3713,camp-bysazkpcsjvk,ec2_credential_extraction,,ec2_credential_extraction,,,,,,-1,-1,0
synthetic_cloudtrail.csv:3714,,,,,,,,,,-1,-1,0
synthetic_cloudtrail.csv:3715,,,,,,,,,,-1,-1,0
synthetic_cloudtrail.csv:3716,,,,,,,,,,-1,-1,0
synthetic_cloudtrail.csv:3717,,,,,,,,,,-1,-1,0
synthetic_cloudtrail.csv:3718,,,,,,,,,,-1,-1,0
synthetic_cloudtrail.csv:3719,,,,,,,,,,-1,-1,0
synthetic_cloudtrail.csv:3720,,,,,,,,,,-1,-1,0
synthetic_cloudtrail.csv:3721,,,,,,,,,,-1,-1,0
synthetic_cloudtrail.csv:3722,,,,,,,,,,-1,-1,0
synthetic_cloudtrail.csv:3723,,,,,,,,,,-1,-1,0
synthetic_cloudtrail.csv:3724,,,,,,,,,,-1,-1,0
synthetic_cloudtrail.csv:3725,,,,,,,,,,-1,-1,0
synthetic_cloudtrail.csv:3726,,,,,,,,,,-1,-1,0
synthetic_cloudtrail.csv:3727,,,,,,,,,,-1,-1,0
synthetic_cloudtrail.csv:3728,,,,,,,,,,-1,-1,0
synthetic_cloudtrail.csv:3729,,,,,,,,,,-1,-1,0
synthetic_cloudtrail.csv:3730,,,,,,,,,,-1,-1,0
synthetic_cloudtrail.csv:3731,,,,,,,,,,-1,-1,0
synthetic_cloudtrail.csv:3732,,,,,,,,,,-1,-1,0
synthetic_cloudtrail.csv:3733,,,,,,,,,,-1,-1,0
synthetic_cloudtrail.csv:3734,,,,,,,,,,-1,-1,0
synthetic_cloudtrail.csv:3735,,,,,,,,,,-1,-1,0
synthetic_cloudtrail.csv:3736,,,,,,,,,,-1,-1,0
synthetic_cloudtrail.csv:3737,,,,,,,,,,-1,-1,0
synthetic_cloudtrail.csv:3738,,,,,,,,,,-1,-1,0
synthetic_cloudtrail.csv:3739,,,,,,,,,,-1,-1,0
synthetic_cloudtrail.csv:3740,,,,,,,,,,-1,-1,0
synthetic_cloudtrail.csv:3741,,,,,,,,,,-1,-1,0
synthetic_cloudtrail.csv:3742,,,,,,,,,,-1,-1,0
synthetic_cloudtrail.csv:3743,,,,,,,,,,-1,-1,0
synthetic_cloudtrail.csv:3744,,,,,,,,,,-1,-1,0
synthetic_cloudtrail.csv:3745,,,,,,,,,,-1,-1,0
synthetic_cloudtrail.csv:3746,,,,,,,,,,-1,-1,0
synthetic_cloudtrail.csv:3747,,,,,,,,,,-1,-1,0
synthetic_cloudtrail.csv:3748,,,,,,,,,,-1,-1,0
synthetic_cloudtrail.csv:3749,camp-cueogqazntjo,secrets_manager_sweep,reconnaissance,secrets_manager_sweep,,,,,,-1,-1,0
synthetic_cloudtrail.csv:3750,,,,,,,,,,-1,-1,0
synthetic_cloudtrail.csv:3751,,,,,,,,,,-1,-1,0
synthetic_cloudtrail.csv:3752,camp-cueogqazntjo,secrets_manager_sweep,reconnaissance,secrets_manager_sweep,,,,,,-1,-1,0
synthetic_cloudtrail.csv:3753,camp-cueogqazntjo,secrets_manager_sweep,reconnaissance,secrets_manager_sweep,,,,,,-1,-1,0
synthetic_cloudtrail.csv:3754,,,,,,,,,,-1,-1,0
synthetic_cloudtrail.csv:3755,camp-cueogqazntjo,secrets_manager_sweep,reconnaissance,secrets_manager_sweep,,,,,,-1,-1,0
synthetic_cloudtrail.csv:3756,,,,,,,,,,-1,-1,0
synthetic_cloudtrail.csv:3757,camp-cueogqazntjo,secrets_manager_sweep,reconnaissance,secrets_manager_sweep,,,,,,-1,-1,0
synthetic_cloudtrail.csv:3758,,,,,,,,,,-1,-1,0
synthetic_cloudtrail.csv:3759,camp-cueogqazntjo,secrets_manager_sweep,reconnaissance,secrets_manager_sweep,,,,,,-1,-1,0
synthetic_cloudtrail.csv:3760,camp-cueogqazntjo,secrets_manager_sweep,credential-access,secrets_manager_sweep,evt-fnvkivhxzrzr,evt-kqrmyhfcegku,evt-kqrmyhfcegku,,,1,0,1
synthetic_cloudtrail.csv:3761,camp-cueogqazntjo,secrets_manager_sweep,credential-access,secrets_manager_sweep,evt-kqrmyhfcegku,,evt-kqrmyhfcegku,,,0,0,1
synthetic_cloudtrail.csv:3762,camp-cueogqazntjo,secrets_manager_sweep,credential-access,secrets_manager_sweep,evt-rffmxabbuljs,evt-fnvkivhxzrzr,evt-kqrmyhfcegku,,,2,0,1
synthetic_cloudtrail.csv:3763,,,,,,,,,,-1,-1,0
synthetic_cloudtrail.csv:3764,camp-cueogqazntjo,secrets_manager_sweep,,secrets_manager_sweep,,,,,,-1,-1,0
synthetic_cloudtrail.csv:3765,,,,,,,,,,-1,-1,0
synthetic_cloudtrail.csv:3766,camp-cueogqazntjo,secrets_manager_sweep,,secrets_manager_sweep,,,,,,-1,-1,0
synthetic_cloudtrail.csv:3767,,,,,,,,,,-1,-1,0
synthetic_cloudtrail.csv:3768,camp-cueogqazntjo,secrets_manager_sweep,,secrets_manager_sweep,,,,,,-1,-1,0
synthetic_cloudtrail.csv:3769,,,,,,,,,,-1,-1,0
synthetic_cloudtrail.csv:3770,,,,,,,,,,-1,-1,0
synthetic_cloudtrail.csv:3771,,,,,,,,,,-1,-1,0
synthetic_cloudtrail.csv:3772,,,,,,,,,,-1,-1,0
synthetic_cloudtrail.csv:3773,,,,,,,,,,-1,-1,0
synthetic_cloudtrail.csv:3774,,,,,,,,,,-1,-1,0
synthetic_cloudtrail.csv:3775,,,,,,,,,,-1,-1,0
synthetic_cloudtrail.csv:3776,,,,,,,,,,-1,-1,0
synthetic_cloudtrail.csv:3777,,,,,,,,,,-1,-1,0
synthetic_cloudtrail.csv:3778,,,,,,,,,,-1,-1,0
synthetic_cloudtrail.csv:3779,,,,,,,,,,-1,-1,0
synthetic_cloudtrail.csv:3780,,,,,,,,,,-1,-1,0
synthetic_cloudtrail.csv:3781,,,,,,,,,,-1,-1,0
synthetic_cloudtrail.csv:3782,,,,,,,,,,-1,-1,0
synthetic_cloudtrail.csv:3783,camp-hmwpdqwjbnyg,create_role_inline_policy,reconnaissance,create_role_inline_policy,,,,,,-1,-1,0
synthetic_cloudtrail.csv:3784,,,,,,,,,,-1,-1,0
synthetic_cloudtrail.csv:3785,camp-hmwpdqwjbnyg,create_role_inline_policy,reconnaissance,create_role_inline_policy,,,,,,-1,-1,0
synthetic_cloudtrail.csv:3786,camp-hmwpdqwjbnyg,create_role_inline_policy,reconnaissance,create_role_inline_policy,,,,,,-1,-1,0
synthetic_cloudtrail.csv:3787,camp-hmwpdqwjbnyg,create_role_inline_policy,reconnaissance,create_role_inline_policy,,,,,,-1,-1,0
synthetic_cloudtrail.csv:3788,,,,,,,,,,-1,-1,0
synthetic_cloudtrail.csv:3789,camp-hmwpdqwjbnyg,create_role_inline_policy,persistence,create_role_inline_policy,evt-sukbmireivgi,,evt-sukbmireivgi,,,0,0,1
synthetic_cloudtrail.csv:3790,camp-hmwpdqwjbnyg,create_role_inline_policy,privilege-escalation,create_role_inline_policy,evt-kzznuycbfxve,evt-sukbmireivgi,evt-sukbmireivgi,s3:GetObject,iam:*;s3:*;sts:AssumeRole,1,0,1
synthetic_cloudtrail.csv:3791,,,,,,,,,,-1,-1,0
synthetic_cloudtrail.csv:3792,,,,,,,,,,-1,-1,0
synthetic_cloudtrail.csv:3793,,,,,,,,,,-1,-1,0
synthetic_cloudtrail.csv:3794,camp-hmwpdqwjbnyg,create_role_inline_policy,,create_role_inline_policy,,,,,,-1,-1,0
synthetic_cloudtrail.csv:3795,camp-hmwpdqwjbnyg,create_role_inline_policy,,create_role_inline_policy,,,,,,-1,-1,0
synthetic_cloudtrail.csv:3796,,,,,,,,,,-1,-1,0
synthetic_cloudtrail.csv:3797,,,,,,,,,,-1,-1,0
synthetic_cloudtrail.csv:3798,,,,,,,,,,-1,-1,0
synthetic_cloudtrail.csv:3799,,,,,,,,,,-1,-1,0
synthetic_cloudtrail.csv:3800,,,,,,,,,,-1,-1,0
synthetic_cloudtrail.csv:3801,,,,,,,,,,-1,-1,0
synthetic_cloudtrail.csv:3802,,,,,,,,,,-1,-1,0
synthetic_cloudtrail.csv:3803,,,,,,,,,,-1,-1,0
synthetic_cloudtrail.csv:3804,,,,,,,,,,-1,-1,0
synthetic_cloudtrail.csv:3805,,,,,,,,,,-1,-1,0
synthetic_cloudtrail.csv:3806,,,,,,,,,,-1,-1,0
synthetic_cloudtrail.csv:3807,,,,,,,,,,-1,-1,0
synthetic_cloudtrail.csv:3808,,,,,,,,,,-1,-1,0
synthetic_cloudtrail.csv:3809,,,,,,,,,,-1,-1,0
synthetic_cloudtrail.csv:3810,,,,,,,,,,-1,-1,0
synthetic_cloudtrail.csv:3811,camp-lwnrylwkafgq,create_role_attach_managed_policy,reconnaissance,create_role_attach_managed_policy,,,,,,-1,-1,0
synthetic_cloudtrail.csv:3812,camp-lwnrylwkafgq,create_role_attach_managed_policy,reconnaissance,create_role_attach_managed_policy,,,,,,-1,-1,0
synthetic_cloudtrail.csv:3813,camp-lwnrylwkafgq,create_role_attach_managed_policy,reconnaissance,create_role_attach_managed_policy,,,,,,-1,-1,0
synthetic_cloudtrail.csv:3814,camp-lwnrylwkafgq,create_role_attach_managed_policy,reconnaissance,create_role_attach_managed_policy,,,,,,-1,-1,0
synthetic_cloudtrail.csv:3815,camp-lwnrylwkafgq,create_role_attach_managed_policy,reconnaissance,create_role_attach_managed_policy,,,,,,-1,-1,0
synthetic_cloudtrail.csv:3816,,,,,,,,,,-1,-1,0
synthetic_cloudtrail.csv:3817,camp-lwnrylwkafgq,create_role_attach_managed_policy,reconnaissance,create_role_attach_managed_policy,,,,,,-1,-1,0
synthetic_cloudtrail.csv:3818,camp-lwnrylwkafgq,create_role_attach_managed_policy,reconnaissance,create_role_attach_managed_policy,,,,,,-1,-1,0
synthetic_cloudtrail.csv:3819,camp-lwnrylwkafgq,create_role_attach_managed_policy,reconnaissance,create_role_attach_managed_policy,,,,,,-1,-1,0
synthetic_cloudtrail.csv:3820,,,,,,,,,,-1,-1,0
synthetic_cloudtrail.csv:3821,camp-lwnrylwkafgq,create_role_attach_managed_policy,persistence,create_role_attach_managed_policy,evt-esyfpsaalgjn,,evt-esyfpsaalgjn,,,0,0,1
synthetic_cloudtrail.csv:3822,camp-lwnrylwkafgq,create_role_attach_managed_policy,privilege-escalation,create_role_attach_managed_policy,evt-ugvhrxcyacpp,evt-esyfpsaalgjn,evt-esyfpsaalgjn,s3:GetObject;s3:ListBucket,*,1,0,1
synthetic_cloudtrail.csv:3823,,,,,,,,,,-1,-1,0
synthetic_cloudtrail.csv:3824,camp-lwnrylwkafgq,create_role_attach_managed_policy,,create_role_attach_managed_policy,,,,,,-1,-1,0
synthetic_cloudtrail.csv:3825,,,,,,,,,,-1,-1,0
synthetic_cloudtrail.csv:3826,camp-lwnrylwkafgq,create_role_attach_managed_policy,,create_role_attach_managed_policy,,,,,,-1,-1,0
synthetic_cloudtrail.csv:3827,camp-lwnrylwkafgq,create_role_attach_managed_policy,,create_role_attach_managed_policy,,,,,,-1,-1,0
synthetic_cloudtrail.csv:3828,camp-lwnrylwkafgq,create_role_attach_managed_policy,,create_role_attach_managed_policy,,,,,,-1,-1,0
synthetic_cloudtrail.csv:3829,,,,,,,,,,-1,-1,0
synthetic_cloudtrail.csv:3830,,,,,,,,,,-1,-1,0
synthetic_cloudtrail.csv:3831,,,,,,,,,,-1,-1,0
synthetic_cloudtrail.csv:3832,,,,,,,,,,-1,-1,0
synthetic_cloudtrail.csv:3833,,,,,,,,,,-1,-1,0
synthetic_cloudtrail.csv:3834,,,,,,,,,,-1,-1,0
synthetic_cloudtrail.csv:3835,,,,,,,,,,-1,-1,0
synthetic_cloudtrail.csv:3836,,,,,,,,,,-1,-1,0
synthetic_cloudtrail.csv:3837,,,,,,,,,,-1,-1,0
synthetic_cloudtrail.csv:3838,,,,,,,,,,-1,-1,0
synthetic_cloudtrail.csv:3839,,,,,,,,,,-1,-1,0
synthetic_cloudtrail.csv:3840,,,,,,,,,,-1,-1,0
synthetic_cloudtrail.csv:3841,,,,,,,,,,-1,-1,0
synthetic_cloudtrail.csv:3842,,,,,,,,,,-1,-1,0
synthetic_cloudtrail.csv:3843,,,,,,,,,,-1,-1,0
synthetic_cloudtrail.csv:3844,,,,,,,,,,-1,-1,0
synthetic_cloudtrail.csv:3845,,,,,,,,,,-1,-1,0
synthetic_cloudtrail.csv:3846,,,,,,,,,,-1,-1,0
synthetic_cloudtrail.csv:3847,,,,,,,,,,-1,-1,0
synthetic_cloudtrail.csv:3848,,,,,,,,,,-1,-1,0
synthetic_cloudtrail.csv:3849,,,,,,,,,,-1,-1,0
synthetic_cloudtrail.csv:3850,camp-doajthsavcgf,ssm_parameter_harvest,reconnaissance,ssm_parameter_harvest,,,,,,-1,-1,0
synthetic_cloudtrail.csv:3851,camp-doajthsavcgf,ssm_parameter_harvest,reconnaissance,ssm_parameter_harvest,,,,,,-1,-1,0
synthetic_cloudtrail.csv:3852,camp-doajthsavcgf,ssm_parameter_harvest,reconnaissance,ssm_parameter_harvest,,,,,,-1,-1,0
synthetic_cloudtrail.csv:3853,camp-doajthsavcgf,ssm_parameter_harvest,credential-access,ssm_parameter_harvest,evt-ptevkegweply,,evt-ptevkegweply,,,0,0,1
synthetic_cloudtrail.csv:3854,camp-doajthsavcgf,ssm_parameter_harvest,credential-access,ssm_parameter_harvest,evt-ailojdrtnfei,evt-ptevkegweply,evt-ptevkegweply,,,1,0,1
synthetic_cloudtrail.csv:3855,camp-doajthsavcgf,ssm_parameter_harvest,credential-access,ssm_parameter_harvest,evt-rkrdgiqidaoe,evt-ailojdrtnfei,evt-ptevkegweply,,,2,0,1
synthetic_cloudtrail.csv:3856,camp-doajthsavcgf,ssm_parameter_harvest,,ssm_parameter_harvest,,,,,,-1,-1,0
synthetic_cloudtrail.csv:3857,camp-doajthsavcgf,ssm_parameter_harvest,,ssm_parameter_harvest,,,,,,-1,-1,0
synthetic_cloudtrail.csv:3858,camp-doajthsavcgf,ssm_parameter_harvest,,ssm_parameter_harvest,,,,,,-1,-1,0
synthetic_cloudtrail.csv:3859,camp-doajthsavcgf,ssm_parameter_harvest,,ssm_parameter_harvest,,,,,,-1,-1,0
synthetic_cloudtrail.csv:3860,,,,,,,,,,-1,-1,0
synthetic_cloudtrail.csv:3861,camp-doajthsavcgf,ssm_parameter_harvest,,ssm_parameter_harvest,,,,,,-1,-1,0
synthetic_cloudtrail.csv:3862,,,,,,,,,,-1,-1,0
synthetic_cloudtrail.csv:3863,,,,,,,,,,-1,-1,0
synthetic_cloudtrail.csv:3864,,,,,,,,,,-1,-1,0
synthetic_cloudtrail.csv:3865,,,,,,,,,,-1,-1,0
synthetic_cloudtrail.csv:3866,,,,,,,,,,-1,-1,0
synthetic_cloudtrail.csv:3867,,,,,,,,,,-1,-1,0
synthetic_cloudtrail.csv:3868,,,,,,,,,,-1,-1,0
synthetic_cloudtrail.csv:3869,,,,,,,,,,-1,-1,0
synthetic_cloudtrail.csv:3870,,,,,,,,,,-1,-1,0
synthetic_cloudtrail.csv:3871,,,,,,,,,,-1,-1,0
synthetic_cloudtrail.csv:3872,,,,,,,,,,-1,-1,0
synthetic_cloudtrail.csv:3873,,,,,,,,,,-1,-1,0
synthetic_cloudtrail.csv:3874,,,,,,,,,,-1,-1,0
synthetic_cloudtrail.csv:3875,,,,,,,,,,-1,-1,0
synthetic_cloudtrail.csv:3876,,,,,,,,,,-1,-1,0
synthetic_cloudtrail.csv:3877,,,,,,,,,,-1,-1,0
synthetic_cloudtrail.csv:3878,,,,,,,,,,-1,-1,0
synthetic_cloudtrail.csv:3879,,,,,,,,,,-1,-1,0
synthetic_cloudtrail.csv:3880,,,,,,,,,,-1,-1,0
synthetic_cloudtrail.csv:3881,,,,,,,,,,-1,-1,0
synthetic_cloudtrail.csv:3882,,,,,,,,,,-1,-1,0
synthetic_cloudtrail.csv:3883,,,,,,,,,,-1,-1,0
synthetic_cloudtrail.csv:3884,,,,,,,,,,-1,-1,0
synthetic_cloudtrail.csv:3885,,,,,,,,,,-1,-1,0
synthetic_cloudtrail.csv:3886,,,,,,,,,,-1,-1,0
synthetic_cloudtrail.csv:3887,,,,,,,,,,-1,-1,0
synthetic_cloudtrail.csv:3888,,,,,,,,,,-1,-1,0
synthetic_cloudtrail.csv:3889,,,,,,,,,,-1,-1,0
synthetic_cloudtrail.csv:3890,,,,,,,,,,-1,-1,0
synthetic_cloudtrail.csv:3891,,,,,,,,,,-1,-1,0
synthetic_cloudtrail.csv:3892,,,,,,,,,,-1,-1,0
synthetic_cloudtrail.csv:3893,,,,,,,,,,-1,-1,0
synthetic_cloudtrail.csv:3894,,,,,,,,,,-1,-1,0
synthetic_cloudtrail.csv:3895,,,,,,,,,,-1,-1,0
synthetic_cloudtrail.csv:3896,,,,,,,,,,-1,-1,0
synthetic_cloudtrail.csv:3897,,,,,,,,,,-1,-1,0
synthetic_cloudtrail.csv:3898,,,,,,,,,,-1,-1,0
synthetic_cloudtrail.csv:3899,,,,,,,,,,-1,-1,0
synthetic_cloudtrail.csv:3900,,,,,,,,,,-1,-1,0
synthetic_cloudtrail.csv:3901,,,,,,,,,,-1,-1,0
synthetic_cloudtrail.csv:3902,,,,,,,,,,-1,-1,0
synthetic_cloudtrail.csv:3903,,,,,,,,,,-1,-1,0
synthetic_cloudtrail.csv:3904,,,,,,,,,,-1,-1,0
synthetic_cloudtrail.csv:3905,,,,,,,,,,-1,-1,0
synthetic_cloudtrail.csv:3906,,,,,,,,,,-1,-1,0
synthetic_cloudtrail.csv:3907,,,,,,,,,,-1,-1,0
synthetic_cloudtrail.csv:3908,,,,,,,,,,-1,-1,0
synthetic_cloudtrail.csv:3909,,,,,,,,,,-1,-1,0
synthetic_cloudtrail.csv:3910,,,,,,,,,,-1,-1,0
synthetic_cloudtrail.csv:3911,,,,,,,,,,-1,-1,0
synthetic_cloudtrail.csv:3912,,,,,,,,,,-1,-1,0
synthetic_cloudtrail.csv:3913,,,,,,,,,,-1,-1,0
synthetic_cloudtrail.csv:3914,,,,,,,,,,-1,-1,0
synthetic_cloudtrail.csv:3915,,,,,,,,,,-1,-1,0
synthetic_cloudtrail.csv:3916,,,,,,,,,,-1,-1,0
synthetic_cloudtrail.csv:3917,,,,,,,,,,-1,-1,0
synthetic_cloudtrail.csv:3918,,,,,,,,,,-1,-1,0
synthetic_cloudtrail.csv:3919,,,,,,,,,,-1,-1,0
synthetic_cloudtrail.csv:3920,,,,,,,,,,-1,-1,0
synthetic_cloudtrail.csv:3921,,,,,,,,,,-1,-1,0
synthetic_cloudtrail.csv:3922,,,,,,,,,,-1,-1,0
synthetic_cloudtrail.csv:3923,,,,,,,,,,-1,-1,0
synthetic_cloudtrail.csv:3924,,,,,,,,,,-1,-1,0
synthetic_cloudtrail.csv:3925,,,,,,,,,,-1,-1,0
synthetic_cloudtrail.csv:3926,,,,,,,,,,-1,-1,0
synthetic_cloudtrail.csv:3927,,,,,,,,,,-1,-1,0
synthetic_cloudtrail.csv:3928,,,,,,,,,,-1,-1,0
synthetic_cloudtrail.csv:3929,,,,,,,,,,-1,-1,0
synthetic_cloudtrail.csv:3930,,,,,,,,,,-1,-1,0
synthetic_cloudtrail.csv:3931,,,,,,,,,,-1,-1,0
synthetic_cloudtrail.csv:3932,,,,,,,,,,-1,-1,0
synthetic_cloudtrail.csv:3933,,,,,,,,,,-1,-1,0
synthetic_cloudtrail.csv:3934,,,,,,,,,,-1,-1,0
synthetic_cloudtrail.csv:3935,,,,,,,,,,-1,-1,0
synthetic_cloudtrail.csv:3936,,,,,,,,,,-1,-1,0
synthetic_cloudtrail.csv:3937,,,,,,,,,,-1,-1,0
synthetic_cloudtrail.csv:3938,,,,,,,,,,-1,-1,0
synthetic_cloudtrail.csv:3939,,,,,,,,,,-1,-1,0
synthetic_cloudtrail.csv:3940,camp-ofrgsyvwhhar,ec2_password_data,reconnaissance,ec2_password_data,,,,,,-1,-1,0
synthetic_cloudtrail.csv:3941,camp-ofrgsyvwhhar,ec2_password_data,reconnaissance,ec2_password_data,,,,,,-1,-1,0
synthetic_cloudtrail.csv:3942,camp-ofrgsyvwhhar,ec2_password_data,reconnaissance,ec2_password_data,,,,,,-1,-1,0
synthetic_cloudtrail.csv:3943,camp-ofrgsyvwhhar,ec2_password_data,reconnaissance,ec2_password_data,,,,,,-1,-1,0
synthetic_cloudtrail.csv:3944,camp-ofrgsyvwhhar,ec2_password_data,reconnaissance,ec2_password_data,,,,,,-1,-1,0
synthetic_cloudtrail.csv:3945,camp-ofrgsyvwhhar,ec2_password_data,reconnaissance,ec2_password_data,,,,,,-1,-1,0
synthetic_cloudtrail.csv:3946,camp-ofrgsyvwhhar,ec2_password_data,persistence,ec2_password_data,evt-akxwdfnamkfv,,evt-akxwdfnamkfv,,,0,0,1
synthetic_cloudtrail.csv:3947,camp-ofrgsyvwhhar,ec2_password_data,privilege-escalation,ec2_password_data,evt-nfhhpnklytml,evt-akxwdfnamkfv,evt-akxwdfnamkfv,s3:GetObject,iam:*;s3:*;sts:AssumeRole,1,0,1
synthetic_cloudtrail.csv:3948,camp-ofrgsyvwhhar,ec2_password_data,credential-access,ec2_password_data,evt-umdnrzwjoegi,evt-nfhhpnklytml,evt-akxwdfnamkfv,,,2,0,1
synthetic_cloudtrail.csv:3949,,,,,,,,,,-1,-1,0
synthetic_cloudtrail.csv:3950,,,,,,,,,,-1,-1,0
synthetic_cloudtrail.csv:3951,,,,,,,,,,-1,-1,0
synthetic_cloudtrail.csv:3952,camp-ofrgsyvwhhar,ec2_password_data,,ec2_password_data,,,,,,-1,-1,0
synthetic_cloudtrail.csv:3953,camp-ofrgsyvwhhar,ec2_password_data,,ec2_password_data,,,,,,-1,-1,0
synthetic_cloudtrail.csv:3954,camp-ofrgsyvwhhar,ec2_password_data,,ec2_password_data,,,,,,-1,-1,0
synthetic_cloudtrail.csv:3955,,,,,,,,,,-1,-1,0
synthetic_cloudtrail.csv:3956,camp-ofrgsyvwhhar,ec2_password_data,,ec2_password_data,,,,,,-1,-1,0
synthetic_cloudtrail.csv:3957,camp-ofrgsyvwhhar,ec2_password_data,,ec2_password_data,,,,,,-1,-1,0
synthetic_cloudtrail.csv:3958,,,,,,,,,,-1,-1,0
synthetic_cloudtrail.csv:3959,,,,,,,,,,-1,-1,0
synthetic_cloudtrail.csv:3960,,,,,,,,,,-1,-1,0
synthetic_cloudtrail.csv:3961,,,,,,,,,,-1,-1,0
synthetic_cloudtrail.csv:3962,,,,,,,,,,-1,-1,0
synthetic_cloudtrail.csv:3963,,,,,,,,,,-1,-1,0
synthetic_cloudtrail.csv:3964,,,,,,,,,,-1,-1,0
synthetic_cloudtrail.csv:3965,,,,,,,,,,-1,-1,0
synthetic_cloudtrail.csv:3966,,,,,,,,,,-1,-1,0
synthetic_cloudtrail.csv:3967,,,,,,,,,,-1,-1,0
synthetic_cloudtrail.csv:3968,,,,,,,,,,-1,-1,0
synthetic_cloudtrail.csv:3969,,,,,,,,,,-1,-1,0
synthetic_cloudtrail.csv:3970,,,,,,,,,,-1,-1,0
synthetic_cloudtrail.csv:3971,,,,,,,,,,-1,-1,0
synthetic_cloudtrail.csv:3972,,,,,,,,,,-1,-1,0
synthetic_cloudtrail.csv:3973,,,,,,,,,,-1,-1,0
synthetic_cloudtrail.csv:3974,,,,,,,,,,-1,-1,0
synthetic_cloudtrail.csv:3975,,,,,,,,,,-1,-1,0
synthetic_cloudtrail.csv:3976,,,,,,,,,,-1,-1,0
synthetic_cloudtrail.csv:3977,,,,,,,,,,-1,-1,0
synthetic_cloudtrail.csv:3978,,,,,,,,,,-1,-1,0
synthetic_cloudtrail.csv:3979,,,,,,,,,,-1,-1,0
synthetic_cloudtrail.csv:3980,,,,,,,,,,-1,-1,0
synthetic_cloudtrail.csv:3981,,,,,,,,,,-1,-1,0
synthetic_cloudtrail.csv:3982,,,,,,,,,,-1,-1,0
synthetic_cloudtrail.csv:3983,,,,,,,,,,-1,-1,0
synthetic_cloudtrail.csv:3984,,,,,,,,,,-1,-1,0
synthetic_cloudtrail.csv:3985,,,,,,,,,,-1,-1,0
synthetic_cloudtrail.csv:3986,,,,,,,,,,-1,-1,0
synthetic_cloudtrail.csv:3987,,,,,,,,,,-1,-1,0
synthetic_cloudtrail.csv:3988,,,,,,,,,,-1,-1,0
synthetic_cloudtrail.csv:3989,,,,,,,,,,-1,-1,0
synthetic_cloudtrail.csv:3990,,,,,,,,,,-1,-1,0
synthetic_cloudtrail.csv:3991,,,,,,,,,,-1,-1,0
synthetic_cloudtrail.csv:3992,,,,,,,,,,-1,-1,0
synthetic_cloudtrail.csv:3993,,,,,,,,,,-1,-1,0
synthetic_cloudtrail.csv:3994,,,,,,,,,,-1,-1,0
synthetic_cloudtrail.csv:3995,,,,,,,,,,-1,-1,0
synthetic_cloudtrail.csv:3996,,,,,,,,,,-1,-1,0
synthetic_cloudtrail.csv:3997,,,,,,,,,,-1,-1,0
synthetic_cloudtrail.csv:3998,,,,,,,,,,-1,-1,0
synthetic_cloudtrail.csv:3999,,,,,,,,,,-1,-1,0
synthetic_cloudtrail.csv:4000,,,,,,,,,,-1,-1,0
synthetic_cloudtrail.csv:4001,,,,,,,,,,-1,-1,0
synthetic_cloudtrail.csv:4002,,,,,,,,,,-1,-1,0
synthetic_cloudtrail.csv:4003,,,,,,,,,,-1,-1,0
synthetic_cloudtrail.csv:4004,,,,,,,,,,-1,-1,0
synthetic_cloudtrail.csv:4005,,,,,,,,,,-1,-1,0
synthetic_cloudtrail.csv:4006,,,,,,,,,,-1,-1,0
synthetic_cloudtrail.csv:4007,,,,,,,,,,-1,-1,0
synthetic_cloudtrail.csv:4008,,,,,,,,,,-1,-1,0
synthetic_cloudtrail.csv:4009,,,,,,,,,,-1,-1,0
synthetic_cloudtrail.csv:4010,,,,,,,,,,-1,-1,0
synthetic_cloudtrail.csv:4011,,,,,,,,,,-1,-1,0
synthetic_cloudtrail.csv:4012,,,,,,,,,,-1,-1,0
synthetic_cloudtrail.csv:4013,,,,,,,,,,-1,-1,0
synthetic_cloudtrail.csv:4014,,,,,,,,,,-1,-1,0
synthetic_cloudtrail.csv:4015,,,,,,,,,,-1,-1,0
synthetic_cloudtrail.csv:4016,,,,,,,,,,-1,-1,0
synthetic_cloudtrail.csv:4017,,,,,,,,,,-1,-1,0
synthetic_cloudtrail.csv:4018,,,,,,,,,,-1,-1,0
synthetic_cloudtrail.csv:4019,,,,,,,,,,-1,-1,0
synthetic_cloudtrail.csv:4020,,,,,,,,,,-1,-1,0
synthetic_cloudtrail.csv:4021,,,,,,,,,,-1,-1,0
synthetic_cloudtrail.csv:4022,,,,,,,,,,-1,-1,0
synthetic_cloudtrail.csv:4023,,,,,,,,,,-1,-1,0
synthetic_cloudtrail.csv:4024,,,,,,,,,,-1,-1,0
synthetic_cloudtrail.csv:4025,,,,,,,,,,-1,-1,0
synthetic_cloudtrail.csv:4026,,,,,,,,,,-1,-1,0
synthetic_cloudtrail.csv:4027,,,,,,,,,,-1,-1,0
synthetic_cloudtrail.csv:4028,,,,,,,,,,-1,-1,0
synthetic_cloudtrail.csv:4029,,,,,,,,,,-1,-1,0
synthetic_cloudtrail.csv:4030,,,,,,,,,,-1,-1,0
synthetic_cloudtrail.csv:4031,,,,,,,,,,-1,-1,0
synthetic_cloudtrail.csv:4032,,,,,,,,,,-1,-1,0
synthetic_cloudtrail.csv:4033,,,,,,,,,,-1,-1,0
synthetic_cloudtrail.csv:4034,,,,,,,,,,-1,-1,0
synthetic_cloudtrail.csv:4035,,,,,,,,,,-1,-1,0
synthetic_cloudtrail.csv:4036,,,,,,,,,,-1,-1,0
synthetic_cloudtrail.csv:4037,,,,,,,,,,-1,-1,0
synthetic_cloudtrail.csv:4038,,,,,,,,,,-1,-1,0
synthetic_cloudtrail.csv:4039,,,,,,,,,,-1,-1,0
synthetic_cloudtrail.csv:4040,,,,,,,,,,-1,-1,0
synthetic_cloudtrail.csv:4041,,,,,,,,,,-1,-1,0
synthetic_cloudtrail.csv:4042,,,,,,,,,,-1,-1,0
synthetic_cloudtrail.csv:4043,,,,,,,,,,-1,-1,0
synthetic_cloudtrail.csv:4044,,,,,,,,,,-1,-1,0
synthetic_cloudtrail.csv:4045,,,,,,,,,,-1,-1,0
synthetic_cloudtrail.csv:4046,,,,,,,,,,-1,-1,0
synthetic_cloudtrail.csv:4047,,,,,,,,,,-1,-1,0
synthetic_cloudtrail.csv:4048,,,,,,,,,,-1,-1,0
synthetic_cloudtrail.csv:4049,,,,,,,,,,-1,-1,0
synthetic_cloudtrail.csv:4050,,,,,,,,,,-1,-1,0
synthetic_cloudtrail.csv:4051,,,,,,,,,,-1,-1,0
synthetic_cloudtrail.csv:4052,,,,,,,,,,-1,-1,0
synthetic_cloudtrail.csv:4053,,,,,,,,,,-1,-1,0
synthetic_cloudtrail.csv:4054,,,,,,,,,,-1,-1,0
synthetic_cloudtrail.csv:4055,,,,,,,,,,-1,-1,0
synthetic_cloudtrail.csv:4056,,,,,,,,,,-1,-1,0
synthetic_cloudtrail.csv:4057,,,,,,,,,,-1,-1,0
synthetic_cloudtrail.csv:4058,camp-qqtvflxvcanv,create_policy_version,reconnaissance,create_policy_version,,,,,,-1,-1,0
synthetic_cloudtrail.csv:4059,camp-qqtvflxvcanv,create_policy_version,reconnaissance,create_policy_version,,,,,,-1,-1,0
synthetic_cloudtrail.csv:4060,camp-qqtvflxvcanv,create_policy_version,reconnaissance,create_policy_version,,,,,,-1,-1,0
synthetic_cloudtrail.csv:4061,camp-qqtvflxvcanv,create_policy_version,reconnaissance,create_policy_version,,,,,,-1,-1,0
synthetic_cloudtrail.csv:4062,camp-qqtvflxvcanv,create_policy_version,reconnaissance,create_policy_version,,,,,,-1,-1,0
synthetic_cloudtrail.csv:4063,camp-qqtvflxvcanv,create_policy_version,reconnaissance,create_policy_version,,,,,,-1,-1,0
synthetic_cloudtrail.csv:4064,camp-qqtvflxvcanv,create_policy_version,reconnaissance,create_policy_version,,,,,,-1,-1,0
synthetic_cloudtrail.csv:4065,camp-qqtvflxvcanv,create_policy_version,privilege-escalation,create_policy_version,evt-hhfcyviwfinv,,evt-hhfcyviwfinv,s3:GetObject,iam:*;s3:*,0,0,1
synthetic_cloudtrail.csv:4066,camp-qqtvflxvcanv,create_policy_version,privilege-escalation,create_policy_version,evt-uwhkflusjfjo,evt-hhfcyviwfinv,evt-hhfcyviwfinv,,,1,0,1
synthetic_cloudtrail.csv:4067,camp-qqtvflxvcanv,create_policy_version,,create_policy_version,,,,,,-1,-1,0
synthetic_cloudtrail.csv:4068,camp-qqtvflxvcanv,create_policy_version,,create_policy_version,,,,,,-1,-1,0
synthetic_cloudtrail.csv:4069,camp-qqtvflxvcanv,create_policy_version,,create_policy_version,,,,,,-1,-1,0
synthetic_cloudtrail.csv:4070,camp-qqtvflxvcanv,create_policy_version,,create_policy_version,,,,,,-1,-1,0
synthetic_cloudtrail.csv:4071,camp-qqtvflxvcanv,create_policy_version,,create_policy_version,,,,,,-1,-1,0
synthetic_cloudtrail.csv:4072,,,,,,,,,,-1,-1,0
synthetic_cloudtrail.csv:4073,,,,,,,,,,-1,-1,0
synthetic_cloudtrail.csv:4074,,,,,,,,,,-1,-1,0
synthetic_cloudtrail.csv:4075,,,,,,,,,,-1,-1,0
synthetic_cloudtrail.csv:4076,,,,,,,,,,-1,-1,0
synthetic_cloudtrail.csv:4077,,,,,,,,,,-1,-1,0
synthetic_cloudtrail.csv:4078,,,,,,,,,,-1,-1,0
synthetic_cloudtrail.csv:4079,,,,,,,,,,-1,-1,0
synthetic_cloudtrail.csv:4080,,,,,,,,,,-1,-1,0
synthetic_cloudtrail.csv:4081,,,,,,,,,,-1,-1,0
synthetic_cloudtrail.csv:4082,,,,,,,,,,-1,-1,0
synthetic_cloudtrail.csv:4083,,,,,,,,,,-1,-1,0
synthetic_cloudtrail.csv:4084,,,,,,,,,,-1,-1,0
synthetic_cloudtrail.csv:4085,,,,,,,,,,-1,-1,0
synthetic_cloudtrail.csv:4086,,,,,,,,,,-1,-1,0
synthetic_cloudtrail.csv:4087,,,,,,,,,,-1,-1,0
synthetic_cloudtrail.csv:4088,,,,,,,,,,-1,-1,0
synthetic_cloudtrail.csv:4089,,,,,,,,,,-1,-1,0
synthetic_cloudtrail.csv:4090,,,,,,,,,,-1,-1,0
synthetic_cloudtrail.csv:4091,,,,,,,,,,-1,-1,0
synthetic_cloudtrail.csv:4092,,,,,,,,,,-1,-1,0
synthetic_cloudtrail.csv:4093,,,,,,,,,,-1,-1,0
synthetic_cloudtrail.csv:4094,,,,,,,,,,-1,-1,0
synthetic_cloudtrail.csv:4095,,,,,,,,,,-1,-1,0
synthetic_cloudtrail.csv:4096,,,,,,,,,,-1,-1,0
synthetic_cloudtrail.csv:4097,,,,,,,,,,-1,-1,0
synthetic_cloudtrail.csv:4098,,,,,,,,,,-1,-1,0
synthetic_cloudtrail.csv:4099,,,,,,,,,,-1,-1,0
synthetic_cloudtrail.csv:4100,,,,,,,,,,-1,-1,0
synthetic_cloudtrail.csv:4101,,,,,,,,,,-1,-1,0
synthetic_cloudtrail.csv:4102,,,,,,,,,,-1,-1,0
synthetic_cloudtrail.csv:4103,,,,,,,,,,-1,-1,0
synthetic_cloudtrail.csv:4104,,,,,,,,,,-1,-1,0
synthetic_cloudtrail.csv:4105,,,,,,,,,,-1,-1,0
synthetic_cloudtrail.csv:4106,,,,,,,,,,-1,-1,0
synthetic_cloudtrail.csv:4107,,,,,,,,,,-1,-1,0
synthetic_cloudtrail.csv:4108,,,,,,,,,,-1,-1,0
synthetic_cloudtrail.csv:4109,,,,,,,,,,-1,-1,0
synthetic_cloudtrail.csv:4110,,,,,,,,,,-1,-1,0
synthetic_cloudtrail.csv:4111,,,,,,,,,,-1,-1,0
synthetic_cloudtrail.csv:4112,,,,,,,,,,-1,-1,0
synthetic_cloudtrail.csv:4113,,,,,,,,,,-1,-1,0
synthetic_cloudtrail.csv:4114,,,,,,,,,,-1,-1,0
synthetic_cloudtrail.csv:4115,,,,,,,,,,-1,-1,0
synthetic_cloudtrail.csv:4116,,,,,,,,,,-1,-1,0
synthetic_cloudtrail.csv:4117,,,,,,,,,,-1,-1,0
synthetic_cloudtrail.csv:4118,,,,,,,,,,-1,-1,0
synthetic_cloudtrail.csv:4119,,,,,,,,,,-1,-1,0
synthetic_cloudtrail.csv:4120,,,,,,,,,,-1,-1,0
synthetic_cloudtrail.csv:4121,,,,,,,,,,-1,-1,0
synthetic_cloudtrail.csv:4122,,,,,,,,,,-1,-1,0
synthetic_cloudtrail.csv:4123,,,,,,,,,,-1,-1,0
synthetic_cloudtrail.csv:4124,,,,,,,,,,-1,-1,0
synthetic_cloudtrail.csv:4125,,,,,,,,,,-1,-1,0
synthetic_cloudtrail.csv:4126,,,,,,,,,,-1,-1,0
synthetic_cloudtrail.csv:4127,,,,,,,,,,-1,-1,0
synthetic_cloudtrail.csv:4128,,,,,,,,,,-1,-1,0
synthetic_cloudtrail.csv:4129,,,,,,,,,,-1,-1,0
synthetic_cloudtrail.csv:4130,,,,,,,,,,-1,-1,0
synthetic_cloudtrail.csv:4131,,,,,,,,,,-1,-1,0
synthetic_cloudtrail.csv:4132,,,,,,,,,,-1,-1,0
synthetic_cloudtrail.csv:4133,,,,,,,,,,-1,-1,0
synthetic_cloudtrail.csv:4134,,,,,,,,,,-1,-1,0
synthetic_cloudtrail.csv:4135,,,,,,,,,,-1,-1,0
synthetic_cloudtrail.csv:4136,,,,,,,,,,-1,-1,0
synthetic_cloudtrail.csv:4137,,,,,,,,,,-1,-1,0
synthetic_cloudtrail.csv:4138,,,,,,,,,,-1,-1,0
synthetic_cloudtrail.csv:4139,,,,,,,,,,-1,-1,0
synthetic_cloudtrail.csv:4140,,,,,,,,,,-1,-1,0
synthetic_cloudtrail.csv:4141,,,,,,,,,,-1,-1,0
synthetic_cloudtrail.csv:4142,,,,,,,,,,-1,-1,0
synthetic_cloudtrail.csv:4143,,,,,,,,,,-1,-1,0
synthetic_cloudtrail.csv:4144,,,,,,,,,,-1,-1,0
synthetic_cloudtrail.csv:4145,,,,,,,,,,-1,-1,0
synthetic_cloudtrail.csv:4146,,,,,,,,,,-1,-1,0
synthetic_cloudtrail.csv:4147,,,,,,,,,,-1,-1,0
synthetic_cloudtrail.csv:4148,,,,,,,,,,-1,-1,0
synthetic_cloudtrail.csv:4149,,,,,,,,,,-1,-1,0
synthetic_cloudtrail.csv:4150,,,,,,,,,,-1,-1,0
synthetic_cloudtrail.csv:4151,,,,,,,,,,-1,-1,0
synthetic_cloudtrail.csv:4152,,,,,,,,,,-1,-1,0
synthetic_cloudtrail.csv:4153,,,,,,,,,,-1,-1,0
synthetic_cloudtrail.csv:4154,,,,,,,,,,-1,-1,0
synthetic_cloudtrail.csv:4155,,,,,,,,,,-1,-1,0
synthetic_cloudtrail.csv:4156,,,,,,,,,,-1,-1,0
synthetic_cloudtrail.csv:4157,camp-pfkrrocltxnd,ec2_credential_extraction,reconnaissance,ec2_credential_extraction,,,,,,-1,-1,0
synthetic_cloudtrail.csv:4158,camp-najfpsxkqrnk,ssm_parameter_harvest,reconnaissance,ssm_parameter_harvest,,,,,,-1,-1,0
synthetic_cloudtrail.csv:4159,camp-pfkrrocltxnd,ec2_credential_extraction,reconnaissance,ec2_credential_extraction,,,,,,-1,-1,0
synthetic_cloudtrail.csv:4160,camp-pfkrrocltxnd,ec2_credential_extraction,reconnaissance,ec2_credential_extraction,,,,,,-1,-1,0
synthetic_cloudtrail.csv:4161,camp-najfpsxkqrnk,ssm_parameter_harvest,reconnaissance,ssm_parameter_harvest,,,,,,-1,-1,0
synthetic_cloudtrail.csv:4162,camp-najfpsxkqrnk,ssm_parameter_harvest,reconnaissance,ssm_parameter_harvest,,,,,,-1,-1,0
synthetic_cloudtrail.csv:4163,camp-pfkrrocltxnd,ec2_credential_extraction,reconnaissance,ec2_credential_extraction,,,,,,-1,-1,0
synthetic_cloudtrail.csv:4164,camp-pfkrrocltxnd,ec2_credential_extraction,credential-access,ec2_credential_extraction,evt-mebpntofdbjc,,evt-mebpntofdbjc,,,0,0,1
synthetic_cloudtrail.csv:4165,camp-pfkrrocltxnd,ec2_credential_extraction,credential-access,ec2_credential_extraction,evt-cimfmgfrlovu,evt-mebpntofdbjc,evt-mebpntofdbjc,,,1,0,1
synthetic_cloudtrail.csv:4166,camp-najfpsxkqrnk,ssm_parameter_harvest,reconnaissance,ssm_parameter_harvest,,,,,,-1,-1,0
synthetic_cloudtrail.csv:4167,camp-najfpsxkqrnk,ssm_parameter_harvest,reconnaissance,ssm_parameter_harvest,,,,,,-1,-1,0
synthetic_cloudtrail.csv:4168,camp-najfpsxkqrnk,ssm_parameter_harvest,reconnaissance,ssm_parameter_harvest,,,,,,-1,-1,0
synthetic_cloudtrail.csv:4169,camp-najfpsxkqrnk,ssm_parameter_harvest,credential-access,ssm_parameter_harvest,evt-pedrhnduzdtj,,evt-pedrhnduzdtj,,,0,0,1
synthetic_cloudtrail.csv:4170,camp-najfpsxkqrnk,ssm_parameter_harvest,credential-access,ssm_parameter_harvest,evt-crottfumnzfu,evt-pedrhnduzdtj,evt-pedrhnduzdtj,,,1,0,1
synthetic_cloudtrail.csv:4171,camp-najfpsxkqrnk,ssm_parameter_harvest,credential-access,ssm_parameter_harvest,evt-mwhzjmlfrlhw,evt-crottfumnzfu,evt-pedrhnduzdtj,,,2,0,1
synthetic_cloudtrail.csv:4172,camp-pfkrrocltxnd,ec2_credential_extraction,,ec2_credential_extraction,,,,,,-1,-1,0
synthetic_cloudtrail.csv:4173,camp-najfpsxkqrnk,ssm_parameter_harvest,,ssm_parameter_harvest,,,,,,-1,-1,0
synthetic_cloudtrail.csv:4174,camp-pfkrrocltxnd,ec2_credential_extraction,,ec2_credential_extraction,,,,,,-1,-1,0
synthetic_cloudtrail.csv:4175,camp-najfpsxkqrnk,ssm_parameter_harvest,,ssm_parameter_harvest,,,,,,-1,-1,0
synthetic_cloudtrail.csv:4176,camp-najfpsxkqrnk,ssm_parameter_harvest,,ssm_parameter_harvest,,,,,,-1,-1,0
synthetic_cloudtrail.csv:4177,camp-pfkrrocltxnd,ec2_credential_extraction,,ec2_credential_extraction,,,,,,-1,-1,0
synthetic_cloudtrail.csv:4178,camp-pfkrrocltxnd,ec2_credential_extraction,,ec2_credential_extraction,,,,,,-1,-1,0
synthetic_cloudtrail.csv:4179,,,,,,,,,,-1,-1,0
synthetic_cloudtrail.csv:4180,,,,,,,,,,-1,-1,0
synthetic_cloudtrail.csv:4181,,,,,,,,,,-1,-1,0
synthetic_cloudtrail.csv:4182,,,,,,,,,,-1,-1,0
synthetic_cloudtrail.csv:4183,,,,,,,,,,-1,-1,0
synthetic_cloudtrail.csv:4184,,,,,,,,,,-1,-1,0
synthetic_cloudtrail.csv:4185,,,,,,,,,,-1,-1,0
synthetic_cloudtrail.csv:4186,,,,,,,,,,-1,-1,0
synthetic_cloudtrail.csv:4187,,,,,,,,,,-1,-1,0
synthetic_cloudtrail.csv:4188,,,,,,,,,,-1,-1,0
synthetic_cloudtrail.csv:4189,,,,,,,,,,-1,-1,0
synthetic_cloudtrail.csv:4190,,,,,,,,,,-1,-1,0
synthetic_cloudtrail.csv:4191,,,,,,,,,,-1,-1,0
synthetic_cloudtrail.csv:4192,,,,,,,,,,-1,-1,0
synthetic_cloudtrail.csv:4193,,,,,,,,,,-1,-1,0
synthetic_cloudtrail.csv:4194,,,,,,,,,,-1,-1,0
synthetic_cloudtrail.csv:4195,,,,,,,,,,-1,-1,0
synthetic_cloudtrail.csv:4196,,,,,,,,,,-1,-1,0
synthetic_cloudtrail.csv:4197,,,,,,,,,,-1,-1,0
synthetic_cloudtrail.csv:4198,,,,,,,,,,-1,-1,0
synthetic_cloudtrail.csv:4199,,,,,,,,,,-1,-1,0
synthetic_cloudtrail.csv:4200,,,,,,,,,,-1,-1,0
synthetic_cloudtrail.csv:4201,,,,,,,,,,-1,-1,0
synthetic_cloudtrail.csv:4202,,,,,,,,,,-1,-1,0
synthetic_cloudtrail.csv:4203,,,,,,,,,,-1,-1,0
synthetic_cloudtrail.csv:4204,,,,,,,,,,-1,-1,0
synthetic_cloudtrail.csv:4205,,,,,,,,,,-1,-1,0
synthetic_cloudtrail.csv:4206,,,,,,,,,,-1,-1,0
synthetic_cloudtrail.csv:4207,,,,,,,,,,-1,-1,0
synthetic_cloudtrail.csv:4208,,,,,,,,,,-1,-1,0
synthetic_cloudtrail.csv:4209,,,,,,,,,,-1,-1,0
synthetic_cloudtrail.csv:4210,,,,,,,,,,-1,-1,0
synthetic_cloudtrail.csv:4211,,,,,,,,,,-1,-1,0
synthetic_cloudtrail.csv:4212,,,,,,,,,,-1,-1,0
synthetic_cloudtrail.csv:4213,,,,,,,,,,-1,-1,0
synthetic_cloudtrail.csv:4214,,,,,,,,,,-1,-1,0
synthetic_cloudtrail.csv:4215,,,,,,,,,,-1,-1,0
synthetic_cloudtrail.csv:4216,,,,,,,,,,-1,-1,0
synthetic_cloudtrail.csv:4217,,,,,,,,,,-1,-1,0
synthetic_cloudtrail.csv:4218,,,,,,,,,,-1,-1,0
synthetic_cloudtrail.csv:4219,,,,,,,,,,-1,-1,0
synthetic_cloudtrail.csv:4220,,,,,,,,,,-1,-1,0
synthetic_cloudtrail.csv:4221,,,,,,,,,,-1,-1,0
synthetic_cloudtrail.csv:4222,,,,,,,,,,-1,-1,0
synthetic_cloudtrail.csv:4223,,,,,,,,,,-1,-1,0
synthetic_cloudtrail.csv:4224,,,,,,,,,,-1,-1,0
synthetic_cloudtrail.csv:4225,camp-dzszuezqsjnr,update_role_inline_policy,reconnaissance,update_role_inline_policy,,,,,,-1,-1,0
synthetic_cloudtrail.csv:4226,camp-dzszuezqsjnr,update_role_inline_policy,reconnaissance,update_role_inline_policy,,,,,,-1,-1,0
synthetic_cloudtrail.csv:4227,camp-dzszuezqsjnr,update_role_inline_policy,reconnaissance,update_role_inline_policy,,,,,,-1,-1,0
synthetic_cloudtrail.csv:4228,camp-dzszuezqsjnr,update_role_inline_policy,reconnaissance,update_role_inline_policy,,,,,,-1,-1,0
synthetic_cloudtrail.csv:4229,camp-dzszuezqsjnr,update_role_inline_policy,reconnaissance,update_role_inline_policy,,,,,,-1,-1,0
synthetic_cloudtrail.csv:4230,camp-dzszuezqsjnr,update_role_inline_policy,reconnaissance,update_role_inline_policy,,,,,,-1,-1,0
synthetic_cloudtrail.csv:4231,camp-dzszuezqsjnr,update_role_inline_policy,privilege-escalation,update_role_inline_policy,evt-aopepexfetyd,,evt-aopepexfetyd,s3:GetObject,iam:*;s3:*;sts:AssumeRole,0,0,1
synthetic_cloudtrail.csv:4232,camp-dzszuezqsjnr,update_role_inline_policy,,update_role_inline_policy,,,,,,-1,-1,0
synthetic_cloudtrail.csv:4233,camp-dzszuezqsjnr,update_role_inline_policy,,update_role_inline_policy,,,,,,-1,-1,0
synthetic_cloudtrail.csv:4234,camp-dzszuezqsjnr,update_role_inline_policy,,update_role_inline_policy,,,,,,-1,-1,0
synthetic_cloudtrail.csv:4235,,,,,,,,,,-1,-1,0
synthetic_cloudtrail.csv:4236,,,,,,,,,,-1,-1,0
synthetic_cloudtrail.csv:4237,,,,,,,,,,-1,-1,0
synthetic_cloudtrail.csv:4238,,,,,,,,,,-1,-1,0
synthetic_cloudtrail.csv:4239,,,,,,,,,,-1,-1,0
synthetic_cloudtrail.csv:4240,,,,,,,,,,-1,-1,0
synthetic_cloudtrail.csv:4241,,,,,,,,,,-1,-1,0
synthetic_cloudtrail.csv:4242,,,,,,,,,,-1,-1,0
synthetic_cloudtrail.csv:4243,,,,,,,,,,-1,-1,0
synthetic_cloudtrail.csv:4244,,,,,,,,,,-1,-1,0
synthetic_cloudtrail.csv:4245,,,,,,,,,,-1,-1,0
synthetic_cloudtrail.csv:4246,,,,,,,,,,-1,-1,0
synthetic_cloudtrail.csv:4247,,,,,,,,,,-1,-1,0
synthetic_cloudtrail.csv:4248,,,,,,,,,,-1,-1,0
synthetic_cloudtrail.csv:4249,,,,,,,,,,-1,-1,0
synthetic_cloudtrail.csv:4250,,,,,,,,,,-1,-1,0
synthetic_cloudtrail.csv:4251,,,,,,,,,,-1,-1,0
synthetic_cloudtrail.csv:4252,,,,,,,,,,-1,-1,0
synthetic_cloudtrail.csv:4253,,,,,,,,,,-1,-1,0
synthetic_cloudtrail.csv:4254,,,,,,,,,,-1,-1,0
synthetic_cloudtrail.csv:4255,,,,,,,,,,-1,-1,0
synthetic_cloudtrail.csv:4256,,,,,,,,,,-1,-1,0
synthetic_cloudtrail.csv:4257,,,,,,,,,,-1,-1,0
synthetic_cloudtrail.csv:4258,,,,,,,,,,-1,-1,0
synthetic_cloudtrail.csv:4259,,,,,,,,,,-1,-1,0
synthetic_cloudtrail.csv:4260,,,,,,,,,,-1,-1,0
synthetic_cloudtrail.csv:4261,,,,,,,,,,-1,-1,0
synthetic_cloudtrail.csv:4262,,,,,,,,,,-1,-1,0
synthetic_cloudtrail.csv:4263,,,,,,,,,,-1,-1,0
synthetic_cloudtrail.csv:4264,,,,,,,,,,-1,-1,0
synthetic_cloudtrail.csv:4265,camp-qcuthyidaqjp,ssm_parameter_harvest,reconnaissance,ssm_parameter_harvest,,,,,,-1,-1,0
synthetic_cloudtrail.csv:4266,camp-qcuthyidaqjp,ssm_parameter_harvest,reconnaissance,ssm_parameter_harvest,,,,,,-1,-1,0
synthetic_cloudtrail.csv:4267,camp-qcuthyidaqjp,ssm_parameter_harvest,reconnaissance,ssm_parameter_harvest,,,,,,-1,-1,0
synthetic_cloudtrail.csv:4268,camp-qcuthyidaqjp,ssm_parameter_harvest,reconnaissance,ssm_parameter_harvest,,,,,,-1,-1,0
synthetic_cloudtrail.csv:4269,camp-qcuthyidaqjp,ssm_parameter_harvest,reconnaissance,ssm_parameter_harvest,,,,,,-1,-1,0
synthetic_cloudtrail.csv:4270,camp-qcuthyidaqjp,ssm_parameter_harvest,reconnaissance,ssm_parameter_harvest,,,,,,-1,-1,0
synthetic_cloudtrail.csv:4271,camp-qcuthyidaqjp,ssm_parameter_harvest,reconnaissance,ssm_parameter_harvest,,,,,,-1,-1,0
synthetic_cloudtrail.csv:4272,camp-qcuthyidaqjp,ssm_parameter_harvest,credential-access,ssm_parameter_harvest,evt-ymenfrawwnyx,evt-ekbvzyutrzll,evt-ekbvzyutrzll,,,1,0,1
synthetic_cloudtrail.csv:4273,camp-qcuthyidaqjp,ssm_parameter_harvest,credential-access,ssm_parameter_harvest,evt-ekbvzyutrzll,,evt-ekbvzyutrzll,,,0,0,1
synthetic_cloudtrail.csv:4274,camp-qcuthyidaqjp,ssm_parameter_harvest,credential-access,ssm_parameter_harvest,evt-uyxsmfjjeolu,evt-ymenfrawwnyx,evt-ekbvzyutrzll,,,2,0,1
synthetic_cloudtrail.csv:4275,camp-qcuthyidaqjp,ssm_parameter_harvest,,ssm_parameter_harvest,,,,,,-1,-1,0
synthetic_cloudtrail.csv:4276,camp-qcuthyidaqjp,ssm_parameter_harvest,,ssm_parameter_harvest,,,,,,-1,-1,0
synthetic_cloudtrail.csv:4277,camp-qcuthyidaqjp,ssm_parameter_harvest,,ssm_parameter_harvest,,,,,,-1,-1,0
synthetic_cloudtrail.csv:4278,camp-qcuthyidaqjp,ssm_parameter_harvest,,ssm_parameter_harvest,,,,,,-1,-1,0
synthetic_cloudtrail.csv:4279,camp-qcuthyidaqjp,ssm_parameter_harvest,,ssm_parameter_harvest,,,,,,-1,-1,0
synthetic_cloudtrail.csv:4280,,,,,,,,,,-1,-1,0
synthetic_cloudtrail.csv:4281,,,,,,,,,,-1,-1,0
synthetic_cloudtrail.csv:4282,,,,,,,,,,-1,-1,0
synthetic_cloudtrail.csv:4283,,,,,,,,,,-1,-1,0
synthetic_cloudtrail.csv:4284,,,,,,,,,,-1,-1,0
synthetic_cloudtrail.csv:4285,,,,,,,,,,-1,-1,0
synthetic_cloudtrail.csv:4286,,,,,,,,,,-1,-1,0
synthetic_cloudtrail.csv:4287,,,,,,,,,,-1,-1,0
synthetic_cloudtrail.csv:4288,,,,,,,,,,-1,-1,0
synthetic_cloudtrail.csv:4289,,,,,,,,,,-1,-1,0
synthetic_cloudtrail.csv:4290,,,,,,,,,,-1,-1,0
synthetic_cloudtrail.csv:4291,,,,,,,,,,-1,-1,0
synthetic_cloudtrail.csv:4292,,,,,,,,,,-1,-1,0
synthetic_cloudtrail.csv:4293,,,,,,,,,,-1,-1,0
synthetic_cloudtrail.csv:4294,,,,,,,,,,-1,-1,0
synthetic_cloudtrail.csv:4295,,,,,,,,,,-1,-1,0
synthetic_cloudtrail.csv:4296,,,,,,,,,,-1,-1,0
synthetic_cloudtrail.csv:4297,,,,,,,,,,-1,-1,0
synthetic_cloudtrail.csv:4298,,,,,,,,,,-1,-1,0
synthetic_cloudtrail.csv:4299,,,,,,,,,,-1,-1,0
synthetic_cloudtrail.csv:4300,,,,,,,,,,-1,-1,0
synthetic_cloudtrail.csv:4301,,,,,,,,,,-1,-1,0
synthetic_cloudtrail.csv:4302,,,,,,,,,,-1,-1,0
synthetic_cloudtrail.csv:4303,,,,,,,,,,-1,-1,0
synthetic_cloudtrail.csv:4304,,,,,,,,,,-1,-1,0
synthetic_cloudtrail.csv:4305,,,,,,,,,,-1,-1,0
synthetic_cloudtrail.csv:4306,,,,,,,,,,-1,-1,0
synthetic_cloudtrail.csv:4307,,,,,,,,,,-1,-1,0
synthetic_cloudtrail.csv:4308,camp-afqtzpawtkzb,assume_admin_then_backdoor_role,reconnaissance,assume_admin_then_backdoor_role,,,,,,-1,-1,0
synthetic_cloudtrail.csv:4309,camp-afqtzpawtkzb,assume_admin_then_backdoor_role,reconnaissance,assume_admin_then_backdoor_role,,,,,,-1,-1,0
synthetic_cloudtrail.csv:4310,camp-afqtzpawtkzb,assume_admin_then_backdoor_role,reconnaissance,assume_admin_then_backdoor_role,,,,,,-1,-1,0
synthetic_cloudtrail.csv:4311,camp-afqtzpawtkzb,assume_admin_then_backdoor_role,reconnaissance,assume_admin_then_backdoor_role,,,,,,-1,-1,0
synthetic_cloudtrail.csv:4312,camp-afqtzpawtkzb,assume_admin_then_backdoor_role,reconnaissance,assume_admin_then_backdoor_role,,,,,,-1,-1,0
synthetic_cloudtrail.csv:4313,camp-afqtzpawtkzb,assume_admin_then_backdoor_role,reconnaissance,assume_admin_then_backdoor_role,,,,,,-1,-1,0
synthetic_cloudtrail.csv:4314,camp-afqtzpawtkzb,assume_admin_then_backdoor_role,reconnaissance,assume_admin_then_backdoor_role,,,,,,-1,-1,0
synthetic_cloudtrail.csv:4315,camp-afqtzpawtkzb,assume_admin_then_backdoor_role,reconnaissance,assume_admin_then_backdoor_role,,,,,,-1,-1,0
synthetic_cloudtrail.csv:4316,camp-afqtzpawtkzb,assume_admin_then_backdoor_role,privilege-escalation,assume_admin_then_backdoor_role,evt-oadortwunrmq,,evt-oadortwunrmq,,,0,0,1
synthetic_cloudtrail.csv:4317,camp-afqtzpawtkzb,assume_admin_then_backdoor_role,persistence,assume_admin_then_backdoor_role,evt-rqxdywzhyild,evt-oadortwunrmq,evt-oadortwunrmq,,,1,1,1
synthetic_cloudtrail.csv:4318,camp-afqtzpawtkzb,assume_admin_then_backdoor_role,privilege-escalation,assume_admin_then_backdoor_role,evt-hbstxlfjhfoh,evt-rqxdywzhyild,evt-oadortwunrmq,s3:GetObject;s3:ListBucket,*,2,1,1
synthetic_cloudtrail.csv:4319,camp-afqtzpawtkzb,assume_admin_then_backdoor_role,privilege-escalation,assume_admin_then_backdoor_role,evt-bbmwuqosefzp,evt-hbstxlfjhfoh,evt-oadortwunrmq,,,3,1,1
synthetic_cloudtrail.csv:4320,camp-afqtzpawtkzb,assume_admin_then_backdoor_role,credential-access,assume_admin_then_backdoor_role,evt-qbebjlmnjcpn,evt-bbmwuqosefzp,evt-oadortwunrmq,,,4,2,1
synthetic_cloudtrail.csv:4321,camp-afqtzpawtkzb,assume_admin_then_backdoor_role,,assume_admin_then_backdoor_role,,,,,,-1,-1,0
synthetic_cloudtrail.csv:4322,camp-afqtzpawtkzb,assume_admin_then_backdoor_role,,assume_admin_then_backdoor_role,,,,,,-1,-1,0
synthetic_cloudtrail.csv:4323,camp-afqtzpawtkzb,assume_admin_then_backdoor_role,,assume_admin_then_backdoor_role,,,,,,-1,-1,0
synthetic_cloudtrail.csv:4324,,,,,,,,,,-1,-1,0
synthetic_cloudtrail.csv:4325,,,,,,,,,,-1,-1,0
synthetic_cloudtrail.csv:4326,,,,,,,,,,-1,-1,0
synthetic_cloudtrail.csv:4327,,,,,,,,,,-1,-1,0
synthetic_cloudtrail.csv:4328,,,,,,,,,,-1,-1,0
synthetic_cloudtrail.csv:4329,,,,,,,,,,-1,-1,0
synthetic_cloudtrail.csv:4330,,,,,,,,,,-1,-1,0
synthetic_cloudtrail.csv:4331,,,,,,,,,,-1,-1,0
synthetic_cloudtrail.csv:4332,,,,,,,,,,-1,-1,0
synthetic_cloudtrail.csv:4333,,,,,,,,,,-1,-1,0
synthetic_cloudtrail.csv:4334,,,,,,,,,,-1,-1,0
synthetic_cloudtrail.csv:4335,,,,,,,,,,-1,-1,0
synthetic_cloudtrail.csv:4336,,,,,,,,,,-1,-1,0
synthetic_cloudtrail.csv:4337,,,,,,,,,,-1,-1,0
synthetic_cloudtrail.csv:4338,,,,,,,,,,-1,-1,0
synthetic_cloudtrail.csv:4339,,,,,,,,,,-1,-1,0
synthetic_cloudtrail.csv:4340,,,,,,,,,,-1,-1,0
synthetic_cloudtrail.csv:4341,,,,,,,,,,-1,-1,0
synthetic_cloudtrail.csv:4342,,,,,,,,,,-1,-1,0
synthetic_cloudtrail.csv:4343,,,,,,,,,,-1,-1,0
synthetic_cloudtrail.csv:4344,,,,,,,,,,-1,-1,0
synthetic_cloudtrail.csv:4345,,,,,,,,,,-1,-1,0
synthetic_cloudtrail.csv:4346,,,,,,,,,,-1,-1,0
synthetic_cloudtrail.csv:4347,,,,,,,,,,-1,-1,0
synthetic_cloudtrail.csv:4348,,,,,,,,,,-1,-1,0
synthetic_cloudtrail.csv:4349,,,,,,,,,,-1,-1,0
synthetic_cloudtrail.csv:4350,,,,,,,,,,-1,-1,0
synthetic_cloudtrail.csv:4351,,,,,,,,,,-1,-1,0
synthetic_cloudtrail.csv:4352,,,,,,,,,,-1,-1,0
synthetic_cloudtrail.csv:4353,,,,,,,,,,-1,-1,0
synthetic_cloudtrail.csv:4354,,,,,,,,,,-1,-1,0
synthetic_cloudtrail.csv:4355,,,,,,,,,,-1,-1,0
synthetic_cloudtrail.csv:4356,,,,,,,,,,-1,-1,0
synthetic_cloudtrail.csv:4357,,,,,,,,,,-1,-1,0
synthetic_cloudtrail.csv:4358,,,,,,,,,,-1,-1,0
synthetic_cloudtrail.csv:4359,,,,,,,,,,-1,-1,0
synthetic_cloudtrail.csv:4360,,,,,,,,,,-1,-1,0
synthetic_cloudtrail.csv:4361,,,,,,,,,,-1,-1,0
synthetic_cloudtrail.csv:4362,,,,,,,,,,-1,-1,0
synthetic_cloudtrail.csv:4363,,,,,,,,,,-1,-1,0
synthetic_cloudtrail.csv:4364,,,,,,,,,,-1,-1,0
synthetic_cloudtrail.csv:4365,,,,,,,,,,-1,-1,0
synthetic_cloudtrail.csv:4366,,,,,,,,,,-1,-1,0
synthetic_cloudtrail.csv:4367,,,,,,,,,,-1,-1,0
synthetic_cloudtrail.csv:4368,,,,,,,,,,-1,-1,0
synthetic_cloudtrail.csv:4369,,,,,,,,,,-1,-1,0
synthetic_cloudtrail.csv:4370,,,,,,,,,,-1,-1,0
synthetic_cloudtrail.csv:4371,,,,,,,,,,-1,-1,0
synthetic_cloudtrail.csv:4372,,,,,,,,,,-1,-1,0
synthetic_cloudtrail.csv:4373,camp-cnxmfxgjykna,secrets_manager_sweep,reconnaissance,secrets_manager_sweep,,,,,,-1,-1,0
synthetic_cloudtrail.csv:4374,camp-cnxmfxgjykna,secrets_manager_sweep,reconnaissance,secrets_manager_sweep,,,,,,-1,-1,0
synthetic_cloudtrail.csv:4375,camp-cnxmfxgjykna,secrets_manager_sweep,reconnaissance,secrets_manager_sweep,,,,,,-1,-1,0
synthetic_cloudtrail.csv:4376,camp-cnxmfxgjykna,secrets_manager_sweep,reconnaissance,secrets_manager_sweep,,,,,,-1,-1,0
synthetic_cloudtrail.csv:4377,camp-cnxmfxgjykna,secrets_manager_sweep,reconnaissance,secrets_manager_sweep,,,,,,-1,-1,0
synthetic_cloudtrail.csv:4378,camp-cnxmfxgjykna,secrets_manager_sweep,credential-access,secrets_manager_sweep,evt-jnjsffctdcob,,evt-jnjsffctdcob,,,0,0,1
synthetic_cloudtrail.csv:4379,camp-cnxmfxgjykna,secrets_manager_sweep,reconnaissance,secrets_manager_sweep,,,,,,-1,-1,0
synthetic_cloudtrail.csv:4380,camp-cnxmfxgjykna,secrets_manager_sweep,credential-access,secrets_manager_sweep,evt-msazitkalrzr,evt-jnjsffctdcob,evt-jnjsffctdcob,,,1,0,1
synthetic_cloudtrail.csv:4381,camp-cnxmfxgjykna,secrets_manager_sweep,credential-access,secrets_manager_sweep,evt-onuddrjhripp,evt-msazitkalrzr,evt-jnjsffctdcob,,,2,0,1
synthetic_cloudtrail.csv:4382,camp-cnxmfxgjykna,secrets_manager_sweep,,secrets_manager_sweep,,,,,,-1,-1,0
synthetic_cloudtrail.csv:4383,camp-cnxmfxgjykna,secrets_manager_sweep,,secrets_manager_sweep,,,,,,-1,-1,0
synthetic_cloudtrail.csv:4384,camp-cnxmfxgjykna,secrets_manager_sweep,,secrets_manager_sweep,,,,,,-1,-1,0
synthetic_cloudtrail.csv:4385,camp-cnxmfxgjykna,secrets_manager_sweep,,secrets_manager_sweep,,,,,,-1,-1,0
synthetic_cloudtrail.csv:4386,camp-sktunomcjeeb,ec2_credential_extraction,reconnaissance,ec2_credential_extraction,,,,,,-1,-1,0
synthetic_cloudtrail.csv:4387,camp-sktunomcjeeb,ec2_credential_extraction,reconnaissance,ec2_credential_extraction,,,,,,-1,-1,0
synthetic_cloudtrail.csv:4388,camp-sktunomcjeeb,ec2_credential_extraction,credential-access,ec2_credential_extraction,evt-tkjevdwmdpjv,,evt-tkjevdwmdpjv,,,0,0,1
synthetic_cloudtrail.csv:4389,camp-sktunomcjeeb,ec2_credential_extraction,reconnaissance,ec2_credential_extraction,,,,,,-1,-1,0
synthetic_cloudtrail.csv:4390,camp-sktunomcjeeb,ec2_credential_extraction,credential-access,ec2_credential_extraction,evt-svbjvmojbiic,evt-tkjevdwmdpjv,evt-tkjevdwmdpjv,,,1,0,1
synthetic_cloudtrail.csv:4391,camp-sktunomcjeeb,ec2_credential_extraction,,ec2_credential_extraction,,,,,,-1,-1,0
synthetic_cloudtrail.csv:4392,camp-sktunomcjeeb,ec2_credential_extraction,,ec2_credential_extraction,,,,,,-1,-1,0
synthetic_cloudtrail.csv:4393,camp-sktunomcjeeb,ec2_credential_extraction,,ec2_credential_extraction,,,,,,-1,-1,0
synthetic_cloudtrail.csv:4394,camp-sktunomcjeeb,ec2_credential_extraction,,ec2_credential_extraction,,,,,,-1,-1,0
synthetic_cloudtrail.csv:4395,camp-sktunomcjeeb,ec2_credential_extraction,,ec2_credential_extraction,,,,,,-1,-1,0
synthetic_cloudtrail.csv:4396,,,,,,,,,,-1,-1,0
synthetic_cloudtrail.csv:4397,,,,,,,,,,-1,-1,0
synthetic_cloudtrail.csv:4398,,,,,,,,,,-1,-1,0
synthetic_cloudtrail.csv:4399,,,,,,,,,,-1,-1,0
synthetic_cloudtrail.csv:4400,,,,,,,,,,-1,-1,0
synthetic_cloudtrail.csv:4401,,,,,,,,,,-1,-1,0
synthetic_cloudtrail.csv:4402,,,,,,,,,,-1,-1,0
synthetic_cloudtrail.csv:4403,,,,,,,,,,-1,-1,0
synthetic_cloudtrail.csv:4404,,,,,,,,,,-1,-1,0
synthetic_cloudtrail.csv:4405,,,,,,,,,,-1,-1,0
synthetic_cloudtrail.csv:4406,,,,,,,,,,-1,-1,0
synthetic_cloudtrail.csv:4407,,,,,,,,,,-1,-1,0
synthetic_cloudtrail.csv:4408,,,,,,,,,,-1,-1,0
synthetic_cloudtrail.csv:4409,,,,,,,,,,-1,-1,0
synthetic_cloudtrail.csv:4410,,,,,,,,,,-1,-1,0
synthetic_cloudtrail.csv:4411,,,,,,,,,,-1,-1,0
synthetic_cloudtrail.csv:4412,,,,,,,,,,-1,-1,0
synthetic_cloudtrail.csv:4413,,,,,,,,,,-1,-1,0
synthetic_cloudtrail.csv:4414,,,,,,,,,,-1,-1,0
synthetic_cloudtrail.csv:4415,,,,,,,,,,-1,-1,0
synthetic_cloudtrail.csv:4416,,,,,,,,,,-1,-1,0
synthetic_cloudtrail.csv:4417,,,,,,,,,,-1,-1,0
synthetic_cloudtrail.csv:4418,,,,,,,,,,-1,-1,0
synthetic_cloudtrail.csv:4419,,,,,,,,,,-1,-1,0
synthetic_cloudtrail.csv:4420,,,,,,,,,,-1,-1,0
synthetic_cloudtrail.csv:4421,,,,,,,,,,-1,-1,0
synthetic_cloudtrail.csv:4422,,,,,,,,,,-1,-1,0
synthetic_cloudtrail.csv:4423,,,,,,,,,,-1,-1,0
synthetic_cloudtrail.csv:4424,,,,,,,,,,-1,-1,0
synthetic_cloudtrail.csv:4425,,,,,,,,,,-1,-1,0
synthetic_cloudtrail.csv:4426,,,,,,,,,,-1,-1,0
synthetic_cloudtrail.csv:4427,,,,,,,,,,-1,-1,0
synthetic_cloudtrail.csv:4428,,,,,,,,,,-1,-1,0
synthetic_cloudtrail.csv:4429,,,,,,,,,,-1,-1,0
synthetic_cloudtrail.csv:4430,,,,,,,,,,-1,-1,0
synthetic_cloudtrail.csv:4431,camp-rcqgbjmtlsej,ssm_parameter_harvest,reconnaissance,ssm_parameter_harvest,,,,,,-1,-1,0
synthetic_cloudtrail.csv:4432,camp-rcqgbjmtlsej,ssm_parameter_harvest,reconnaissance,ssm_parameter_harvest,,,,,,-1,-1,0
synthetic_cloudtrail.csv:4433,camp-rcqgbjmtlsej,ssm_parameter_harvest,reconnaissance,ssm_parameter_harvest,,,,,,-1,-1,0
synthetic_cloudtrail.csv:4434,camp-rcqgbjmtlsej,ssm_parameter_harvest,reconnaissance,ssm_parameter_harvest,,,,,,-1,-1,0
synthetic_cloudtrail.csv:4435,camp-rcqgbjmtlsej,ssm_parameter_harvest,reconnaissance,ssm_parameter_harvest,,,,,,-1,-1,0
synthetic_cloudtrail.csv:4436,camp-rcqgbjmtlsej,ssm_parameter_harvest,reconnaissance,ssm_parameter_harvest,,,,,,-1,-1,0
synthetic_cloudtrail.csv:4437,camp-rcqgbjmtlsej,ssm_parameter_harvest,credential-access,ssm_parameter_harvest,evt-unpmhplchmlz,,evt-unpmhplchmlz,,,0,0,1
synthetic_cloudtrail.csv:4438,camp-rcqgbjmtlsej,ssm_parameter_harvest,reconnaissance,ssm_parameter_harvest,,,,,,-1,-1,0
synthetic_cloudtrail.csv:4439,camp-rcqgbjmtlsej,ssm_parameter_harvest,credential-access,ssm_parameter_harvest,evt-lhazqmufjnsj,evt-awyapagmhxde,evt-unpmhplchmlz,,,2,0,1
synthetic_cloudtrail.csv:4440,camp-rcqgbjmtlsej,ssm_parameter_harvest,credential-access,ssm_parameter_harvest,evt-awyapagmhxde,evt-unpmhplchmlz,evt-unpmhplchmlz,,,1,0,1
synthetic_cloudtrail.csv:4441,camp-rcqgbjmtlsej,ssm_parameter_harvest,,ssm_parameter_harvest,,,,,,-1,-1,0
synthetic_cloudtrail.csv:4442,camp-rcqgbjmtlsej,ssm_parameter_harvest,,ssm_parameter_harvest,,,,,,-1,-1,0
synthetic_cloudtrail.csv:4443,,,,,,,,,,-1,-1,0
synthetic_cloudtrail.csv:4444,,,,,,,,,,-1,-1,0
synthetic_cloudtrail.csv:4445,,,,,,,,,,-1,-1,0
synthetic_cloudtrail.csv:4446,,,,,,,,,,-1,-1,0
synthetic_cloudtrail.csv:4447,,,,,,,,,,-1,-1,0
synthetic_cloudtrail.csv:4448,,,,,,,,,,-1,-1,0
synthetic_cloudtrail.csv:4449,,,,,,,,,,-1,-1,0
synthetic_cloudtrail.csv:4450,,,,,,,,,,-1,-1,0
synthetic_cloudtrail.csv:4451,camp-ircylrttrdty,ssm_parameter_harvest,reconnaissance,ssm_parameter_harvest,,,,,,-1,-1,0
synthetic_cloudtrail.csv:4452,camp-ircylrttrdty,ssm_parameter_harvest,reconnaissance,ssm_parameter_harvest,,,,,,-1,-1,0
synthetic_cloudtrail.csv:4453,camp-ircylrttrdty,ssm_parameter_harvest,reconnaissance,ssm_parameter_harvest,,,,,,-1,-1,0
synthetic_cloudtrail.csv:4454,camp-ircylrttrdty,ssm_parameter_harvest,reconnaissance,ssm_parameter_harvest,,,,,,-1,-1,0
synthetic_cloudtrail.csv:4455,camp-ircylrttrdty,ssm_parameter_harvest,reconnaissance,ssm_parameter_harvest,,,,,,-1,-1,0
synthetic_cloudtrail.csv:4456,camp-ircylrttrdty,ssm_parameter_harvest,credential-access,ssm_parameter_harvest,evt-mawsscgylhaw,evt-pndinzantpla,evt-pndinzantpla,,,1,0,1
synthetic_cloudtrail.csv:4457,camp-ircylrttrdty,ssm_parameter_harvest,credential-access,ssm_parameter_harvest,evt-qhhctkvwpmwi,evt-mawsscgylhaw,evt-pndinzantpla,,,2,0,1
synthetic_cloudtrail.csv:4458,camp-ircylrttrdty,ssm_parameter_harvest,credential-access,ssm_parameter_harvest,evt-pndinzantpla,,evt-pndinzantpla,,,0,0,1
synthetic_cloudtrail.csv:4459,camp-ircylrttrdty,ssm_parameter_harvest,,ssm_parameter_harvest,,,,,,-1,-1,0
synthetic_cloudtrail.csv:4460,camp-ircylrttrdty,ssm_parameter_harvest,,ssm_parameter_harvest,,,,,,-1,-1,0
synthetic_cloudtrail.csv:4461,camp-onpqhcvyldun,assume_then_backdoor_key,reconnaissance,assume_then_backdoor_key,,,,,,-1,-1,0
synthetic_cloudtrail.csv:4462,camp-onpqhcvyldun,assume_then_backdoor_key,reconnaissance,assume_then_backdoor_key,,,,,,-1,-1,0
synthetic_cloudtrail.csv:4463,camp-onpqhcvyldun,assume_then_backdoor_key,reconnaissance,assume_then_backdoor_key,,,,,,-1,-1,0
synthetic_cloudtrail.csv:4464,camp-onpqhcvyldun,assume_then_backdoor_key,reconnaissance,assume_then_backdoor_key,,,,,,-1,-1,0
synthetic_cloudtrail.csv:4465,camp-onpqhcvyldun,assume_then_backdoor_key,reconnaissance,assume_then_backdoor_key,,,,,,-1,-1,0
synthetic_cloudtrail.csv:4466,camp-onpqhcvyldun,assume_then_backdoor_key,reconnaissance,assume_then_backdoor_key,,,,,,-1,-1,0
synthetic_cloudtrail.csv:4467,camp-onpqhcvyldun,assume_then_backdoor_key,reconnaissance,assume_then_backdoor_key,,,,,,-1,-1,0
synthetic_cloudtrail.csv:4468,camp-onpqhcvyldun,assume_then_backdoor_key,privilege-escalation,assume_then_backdoor_key,evt-ynqztcudysbp,,evt-ynqztcudysbp,,,0,0,1
synthetic_cloudtrail.csv:4469,camp-onpqhcvyldun,assume_then_backdoor_key,persistence,assume_then_backdoor_key,evt-jpsuuweaefnt,evt-ynqztcudysbp,evt-ynqztcudysbp,,,1,1,1
synthetic_cloudtrail.csv:4470,camp-onpqhcvyldun,assume_then_backdoor_key,privilege-escalation,assume_then_backdoor_key,evt-qxuyszjifakg,evt-jpsuuweaefnt,evt-ynqztcudysbp,s3:GetObject,iam:*;s3:*;sts:AssumeRole,2,1,1
synthetic_cloudtrail.csv:4471,camp-onpqhcvyldun,assume_then_backdoor_key,,assume_then_backdoor_key,,,,,,-1,-1,0
synthetic_cloudtrail.csv:4472,camp-onpqhcvyldun,assume_then_backdoor_key,,assume_then_backdoor_key,,,,,,-1,-1,0
synthetic_cloudtrail.csv:4473,camp-onpqhcvyldun,assume_then_backdoor_key,,assume_then_backdoor_key,,,,,,-1,-1,0
synthetic_cloudtrail.csv:4474,camp-onpqhcvyldun,assume_then_backdoor_key,,assume_then_backdoor_key,,,,,,-1,-1,0
synthetic_cloudtrail.csv:4475,,,,,,,,,,-1,-1,0
synthetic_cloudtrail.csv:4476,,,,,,,,,,-1,-1,0
synthetic_cloudtrail.csv:4477,,,,,,,,,,-1,-1,0
synthetic_cloudtrail.csv:4478,,,,,,,,,,-1,-1,0
synthetic_cloudtrail.csv:4479,,,,,,,,,,-1,-1,0
synthetic_cloudtrail.csv:4480,,,,,,,,,,-1,-1,0
synthetic_cloudtrail.csv:4481,,,,,,,,,,-1,-1,0
synthetic_cloudtrail.csv:4482,,,,,,,,,,-1,-1,0
synthetic_cloudtrail.csv:4483,,,,,,,,,,-1,-1,0
synthetic_cloudtrail.csv:4484,,,,,,,,,,-1,-1,0
synthetic_cloudtrail.csv:4485,,,,,,,,,,-1,-1,0
synthetic_cloudtrail.csv:4486,,,,,,,,,,-1,-1,0
synthetic_cloudtrail.csv:4487,,,,,,,,,,-1,-1,0
synthetic_cloudtrail.csv:4488,,,,,,,,,,-1,-1,0
synthetic_cloudtrail.csv:4489,,,,,,,,,,-1,-1,0
synthetic_cloudtrail.csv:4490,,,,,,,,,,-1,-1,0
synthetic_cloudtrail.csv:4491,,,,,,,,,,-1,-1,0
synthetic_cloudtrail.csv:4492,,,,,,,,,,-1,-1,0
synthetic_cloudtrail.csv:4493,,,,,,,,,,-1,-1,0
synthetic_cloudtrail.csv:4494,,,,,,,,,,-1,-1,0
synthetic_cloudtrail.csv:4495,,,,,,,,,,-1,-1,0
synthetic_cloudtrail.csv:4496,,,,,,,,,,-1,-1,0
synthetic_cloudtrail.csv:4497,,,,,,,,,,-1,-1,0
synthetic_cloudtrail.csv:4498,,,,,,,,,,-1,-1,0
synthetic_cloudtrail.csv:4499,,,,,,,,,,-1,-1,0
synthetic_cloudtrail.csv:4500,,,,,,,,,,-1,-1,0
synthetic_cloudtrail.csv:4501,,,,,,,,,,-1,-1,0
synthetic_cloudtrail.csv:4502,,,,,,,,,,-1,-1,0
synthetic_cloudtrail.csv:4503,,,,,,,,,,-1,-1,0
synthetic_cloudtrail.csv:4504,,,,,,,,,,-1,-1,0
synthetic_cloudtrail.csv:4505,,,,,,,,,,-1,-1,0
synthetic_cloudtrail.csv:4506,,,,,,,,,,-1,-1,0
synthetic_cloudtrail.csv:4507,,,,,,,,,,-1,-1,0
synthetic_cloudtrail.csv:4508,,,,,,,,,,-1,-1,0
synthetic_cloudtrail.csv:4509,,,,,,,,,,-1,-1,0
synthetic_cloudtrail.csv:4510,,,,,,,,,,-1,-1,0
synthetic_cloudtrail.csv:4511,,,,,,,,,,-1,-1,0
synthetic_cloudtrail.csv:4512,,,,,,,,,,-1,-1,0
synthetic_cloudtrail.csv:4513,,,,,,,,,,-1,-1,0
synthetic_cloudtrail.csv:4514,,,,,,,,,,-1,-1,0
synthetic_cloudtrail.csv:4515,,,,,,,,,,-1,-1,0
synthetic_cloudtrail.csv:4516,,,,,,,,,,-1,-1,0
synthetic_cloudtrail.csv:4517,,,,,,,,,,-1,-1,0
synthetic_cloudtrail.csv:4518,,,,,,,,,,-1,-1,0
synthetic_cloudtrail.csv:4519,,,,,,,,,,-1,-1,0
synthetic_cloudtrail.csv:4520,,,,,,,,,,-1,-1,0
synthetic_cloudtrail.csv:4521,,,,,,,,,,-1,-1,0
synthetic_cloudtrail.csv:4522,,,,,,,,,,-1,-1,0
synthetic_cloudtrail.csv:4523,,,,,,,,,,-1,-1,0
synthetic_cloudtrail.csv:4524,,,,,,,,,,-1,-1,0
synthetic_cloudtrail.csv:4525,,,,,,,,,,-1,-1,0
synthetic_cloudtrail.csv:4526,,,,,,,,,,-1,-1,0
synthetic_cloudtrail.csv:4527,,,,,,,,,,-1,-1,0
synthetic_cloudtrail.csv:4528,,,,,,,,,,-1,-1,0
synthetic_cloudtrail.csv:4529,,,,,,,,,,-1,-1,0
synthetic_cloudtrail.csv:4530,,,,,,,,,,-1,-1,0
synthetic_cloudtrail.csv:4531,,,,,,,,,,-1,-1,0
synthetic_cloudtrail.csv:4532,,,,,,,,,,-1,-1,0
synthetic_cloudtrail.csv:4533,,,,,,,,,,-1,-1,0
synthetic_cloudtrail.csv:4534,,,,,,,,,,-1,-1,0
synthetic_cloudtrail.csv:4535,,,,,,,,,,-1,-1,0
synthetic_cloudtrail.csv:4536,,,,,,,,,,-1,-1,0
synthetic_cloudtrail.csv:4537,,,,,,,,,,-1,-1,0
synthetic_cloudtrail.csv:4538,,,,,,,,,,-1,-1,0
synthetic_cloudtrail.csv:4539,,,,,,,,,,-1,-1,0
synthetic_cloudtrail.csv:4540,,,,,,,,,,-1,-1,0
synthetic_cloudtrail.csv:4541,,,,,,,,,,-1,-1,0
synthetic_cloudtrail.csv:4542,,,,,,,,,,-1,-1,0
synthetic_cloudtrail.csv:4543,,,,,,,,,,-1,-1,0
synthetic_cloudtrail.csv:4544,,,,,,,,,,-1,-1,0
synthetic_cloudtrail.csv:4545,,,,,,,,,,-1,-1,0
synthetic_cloudtrail.csv:4546,,,,,,,,,,-1,-1,0
synthetic_cloudtrail.csv:4547,,,,,,,,,,-1,-1,0
synthetic_cloudtrail.csv:4548,camp-xgezhjtcyjkm,assume_then_attach_admin,reconnaissance,assume_then_attach_admin,,,,,,-1,-1,0
synthetic_cloudtrail.csv:4549,camp-xgezhjtcyjkm,assume_then_attach_admin,reconnaissance,assume_then_attach_admin,,,,,,-1,-1,0
synthetic_cloudtrail.csv:4550,camp-xgezhjtcyjkm,assume_then_attach_admin,reconnaissance,assume_then_attach_admin,,,,,,-1,-1,0
synthetic_cloudtrail.csv:4551,camp-xgezhjtcyjkm,assume_then_attach_admin,reconnaissance,assume_then_attach_admin,,,,,,-1,-1,0
synthetic_cloudtrail.csv:4552,camp-xgezhjtcyjkm,assume_then_attach_admin,reconnaissance,assume_then_attach_admin,,,,,,-1,-1,0
synthetic_cloudtrail.csv:4553,camp-xgezhjtcyjkm,assume_then_attach_admin,reconnaissance,assume_then_attach_admin,,,,,,-1,-1,0
synthetic_cloudtrail.csv:4554,camp-xgezhjtcyjkm,assume_then_attach_admin,reconnaissance,assume_then_attach_admin,,,,,,-1,-1,0
synthetic_cloudtrail.csv:4555,camp-xgezhjtcyjkm,assume_then_attach_admin,privilege-escalation,assume_then_attach_admin,evt-rtnpekgvibvq,,evt-rtnpekgvibvq,,,0,0,1
synthetic_cloudtrail.csv:4556,camp-xgezhjtcyjkm,assume_then_attach_admin,privilege-escalation,assume_then_attach_admin,evt-lwpcsxikhslx,evt-rtnpekgvibvq,evt-rtnpekgvibvq,s3:GetObject;s3:ListBucket,*,1,1,1
synthetic_cloudtrail.csv:4557,camp-xgezhjtcyjkm,assume_then_attach_admin,privilege-escalation,assume_then_attach_admin,evt-uqztgjpqwecy,evt-lwpcsxikhslx,evt-rtnpekgvibvq,s3:GetObject;s3:ListBucket,*,2,1,1
synthetic_cloudtrail.csv:4558,camp-xgezhjtcyjkm,assume_then_attach_admin,,assume_then_attach_admin,,,,,,-1,-1,0
synthetic_cloudtrail.csv:4559,camp-xgezhjtcyjkm,assume_then_attach_admin,,assume_then_attach_admin,,,,,,-1,-1,0
synthetic_cloudtrail.csv:4560,,,,,,,,,,-1,-1,0
synthetic_cloudtrail.csv:4561,,,,,,,,,,-1,-1,0
synthetic_cloudtrail.csv:4562,,,,,,,,,,-1,-1,0
synthetic_cloudtrail.csv:4563,,,,,,,,,,-1,-1,0
synthetic_cloudtrail.csv:4564,,,,,,,,,,-1,-1,0
synthetic_cloudtrail.csv:4565,,,,,,,,,,-1,-1,0
synthetic_cloudtrail.csv:4566,,,,,,,,,,-1,-1,0
synthetic_cloudtrail.csv:4567,,,,,,,,,,-1,-1,0
synthetic_cloudtrail.csv:4568,,,,,,,,,,-1,-1,0
synthetic_cloudtrail.csv:4569,,,,,,,,,,-1,-1,0
synthetic_cloudtrail.csv:4570,camp-iqfxttthhsgs,assume_then_attach_admin,reconnaissance,assume_then_attach_admin,,,,,,-1,-1,0
synthetic_cloudtrail.csv:4571,camp-iqfxttthhsgs,assume_then_attach_admin,reconnaissance,assume_then_attach_admin,,,,,,-1,-1,0
synthetic_cloudtrail.csv:4572,camp-iqfxttthhsgs,assume_then_attach_admin,reconnaissance,assume_then_attach_admin,,,,,,-1,-1,0
synthetic_cloudtrail.csv:4573,camp-iqfxttthhsgs,assume_then_attach_admin,reconnaissance,assume_then_attach_admin,,,,,,-1,-1,0
synthetic_cloudtrail.csv:4574,camp-iqfxttthhsgs,assume_then_attach_admin,privilege-escalation,assume_then_attach_admin,evt-divziydcjnmw,,evt-divziydcjnmw,,,0,0,1
synthetic_cloudtrail.csv:4575,camp-iqfxttthhsgs,assume_then_attach_admin,privilege-escalation,assume_then_attach_admin,evt-oekkciowkfgb,evt-divziydcjnmw,evt-divziydcjnmw,s3:GetObject;s3:ListBucket,*,1,1,1
synthetic_cloudtrail.csv:4576,camp-iqfxttthhsgs,assume_then_attach_admin,privilege-escalation,assume_then_attach_admin,evt-bdettesqsgao,evt-oekkciowkfgb,evt-divziydcjnmw,s3:GetObject;s3:ListBucket,*,2,1,1
synthetic_cloudtrail.csv:4577,camp-iqfxttthhsgs,assume_then_attach_admin,,assume_then_attach_admin,,,,,,-1,-1,0
synthetic_cloudtrail.csv:4578,camp-iqfxttthhsgs,assume_then_attach_admin,,assume_then_attach_admin,,,,,,-1,-1,0
synthetic_cloudtrail.csv:4579,camp-iqfxttthhsgs,assume_then_attach_admin,,assume_then_attach_admin,,,,,,-1,-1,0
synthetic_cloudtrail.csv:4580,camp-iqfxttthhsgs,assume_then_attach_admin,,assume_then_attach_admin,,,,,,-1,-1,0
synthetic_cloudtrail.csv:4581,camp-iqfxttthhsgs,assume_then_attach_admin,,assume_then_attach_admin,,,,,,-1,-1,0
synthetic_cloudtrail.csv:4582,,,,,,,,,,-1,-1,0
synthetic_cloudtrail.csv:4583,,,,,,,,,,-1,-1,0
synthetic_cloudtrail.csv:4584,,,,,,,,,,-1,-1,0
synthetic_cloudtrail.csv:4585,,,,,,,,,,-1,-1,0
synthetic_cloudtrail.csv:4586,,,,,,,,,,-1,-1,0
synthetic_cloudtrail.csv:4587,,,,,,,,,,-1,-1,0
synthetic_cloudtrail.csv:4588,,,,,,,,,,-1,-1,0
synthetic_cloudtrail.csv:4589,,,,,,,,,,-1,-1,0
synthetic_cloudtrail.csv:4590,,,,,,,,,,-1,-1,0
synthetic_cloudtrail.csv:4591,,,,,,,,,,-1,-1,0
synthetic_cloudtrail.csv:4592,,,,,,,,,,-1,-1,0
synthetic_cloudtrail.csv:4593,,,,,,,,,,-1,-1,0
synthetic_cloudtrail.csv:4594,,,,,,,,,,-1,-1,0
synthetic_cloudtrail.csv:4595,,,,,,,,,,-1,-1,0
synthetic_cloudtrail.csv:4596,,,,,,,,,,-1,-1,0
synthetic_cloudtrail.csv:4597,,,,,,,,,,-1,-1,0
synthetic_cloudtrail.csv:4598,,,,,,,,,,-1,-1,0
synthetic_cloudtrail.csv:4599,camp-zxxuoetxvbxj,assume_admin_then_backdoor_role,reconnaissance,assume_admin_then_backdoor_role,,,,,,-1,-1,0
synthetic_cloudtrail.csv:4600,camp-zxxuoetxvbxj,assume_admin_then_backdoor_role,reconnaissance,assume_admin_then_backdoor_role,,,,,,-1,-1,0
synthetic_cloudtrail.csv:4601,camp-zxxuoetxvbxj,assume_admin_then_backdoor_role,reconnaissance,assume_admin_then_backdoor_role,,,,,,-1,-1,0
synthetic_cloudtrail.csv:4602,camp-zxxuoetxvbxj,assume_admin_then_backdoor_role,reconnaissance,assume_admin_then_backdoor_role,,,,,,-1,-1,0
synthetic_cloudtrail.csv:4603,camp-zxxuoetxvbxj,assume_admin_then_backdoor_role,reconnaissance,assume_admin_then_backdoor_role,,,,,,-1,-1,0
synthetic_cloudtrail.csv:4604,camp-zxxuoetxvbxj,assume_admin_then_backdoor_role,privilege-escalation,assume_admin_then_backdoor_role,evt-lhakzuudzwss,,evt-lhakzuudzwss,,,0,0,1
synthetic_cloudtrail.csv:4605,camp-zxxuoetxvbxj,assume_admin_then_backdoor_role,persistence,assume_admin_then_backdoor_role,evt-iorymsifotrk,evt-lhakzuudzwss,evt-lhakzuudzwss,,,1,1,1
synthetic_cloudtrail.csv:4606,camp-zxxuoetxvbxj,assume_admin_then_backdoor_role,privilege-escalation,assume_admin_then_backdoor_role,evt-rvondaemxyqc,evt-iorymsifotrk,evt-lhakzuudzwss,s3:GetObject;s3:ListBucket,*,2,1,1
synthetic_cloudtrail.csv:4607,camp-zxxuoetxvbxj,assume_admin_then_backdoor_role,privilege-escalation,assume_admin_then_backdoor_role,evt-bxyhlchpsbtz,evt-rvondaemxyqc,evt-lhakzuudzwss,,,3,1,1
synthetic_cloudtrail.csv:4608,camp-zxxuoetxvbxj,assume_admin_then_backdoor_role,credential-access,assume_admin_then_backdoor_role,evt-pedewiatzzhz,evt-bxyhlchpsbtz,evt-lhakzuudzwss,,,4,2,1
synthetic_cloudtrail.csv:4609,camp-zxxuoetxvbxj,assume_admin_then_backdoor_role,,assume_admin_then_backdoor_role,,,,,,-1,-1,0
synthetic_cloudtrail.csv:4610,camp-zxxuoetxvbxj,assume_admin_then_backdoor_role,,assume_admin_then_backdoor_role,,,,,,-1,-1,0
synthetic_cloudtrail.csv:4611,,,,,,,,,,-1,-1,0
synthetic_cloudtrail.csv:4612,,,,,,,,,,-1,-1,0
synthetic_cloudtrail.csv:4613,,,,,,,,,,-1,-1,0
synthetic_cloudtrail.csv:4614,,,,,,,,,,-1,-1,0
synthetic_cloudtrail.csv:4615,,,,,,,,,,-1,-1,0
synthetic_cloudtrail.csv:4616,,,,,,,,,,-1,-1,0
synthetic_cloudtrail.csv:4617,,,,,,,,,,-1,-1,0
synthetic_cloudtrail.csv:4618,,,,,,,,,,-1,-1,0
synthetic_cloudtrail.csv:4619,,,,,,,,,,-1,-1,0
synthetic_cloudtrail.csv:4620,,,,,,,,,,-1,-1,0
synthetic_cloudtrail.csv:4621,,,,,,,,,,-1,-1,0
synthetic_cloudtrail.csv:4622,,,,,,,,,,-1,-1,0
synthetic_cloudtrail.csv:4623,,,,,,,,,,-1,-1,0
synthetic_cloudtrail.csv:4624,,,,,,,,,,-1,-1,0
synthetic_cloudtrail.csv:4625,,,,,,,,,,-1,-1,0
synthetic_cloudtrail.csv:4626,,,,,,,,,,-1,-1,0
synthetic_cloudtrail.csv:4627,,,,,,,,,,-1,-1,0
synthetic_cloudtrail.csv:4628,,,,,,,,,,-1,-1,0
synthetic_cloudtrail.csv:4629,,,,,,,,,,-1,-1,0
synthetic_cloudtrail.csv:4630,,,,,,,,,,-1,-1,0
synthetic_cloudtrail.csv:4631,,,,,,,,,,-1,-1,0
synthetic_cloudtrail.csv:4632,,,,,,,,,,-1,-1,0
synthetic_cloudtrail.csv:4633,,,,,,,,,,-1,-1,0
synthetic_cloudtrail.csv:4634,,,,,,,,,,-1,-1,0
synthetic_cloudtrail.csv:4635,,,,,,,,,,-1,-1,0
synthetic_cloudtrail.csv:4636,,,,,,,,,,-1,-1,0
synthetic_cloudtrail.csv:4637,,,,,,,,,,-1,-1,0
synthetic_cloudtrail.csv:4638,,,,,,,,,,-1,-1,0
synthetic_cloudtrail.csv:4639,,,,,,,,,,-1,-1,0
synthetic_cloudtrail.csv:4640,,,,,,,,,,-1,-1,0
synthetic_cloudtrail.csv:4641,,,,,,,,,,-1,-1,0
synthetic_cloudtrail.csv:4642,,,,,,,,,,-1,-1,0
synthetic_cloudtrail.csv:4643,,,,,,,,,,-1,-1,0
synthetic_cloudtrail.csv:4644,,,,,,,,,,-1,-1,0
synthetic_cloudtrail.csv:4645,,,,,,,,,,-1,-1,0
synthetic_cloudtrail.csv:4646,,,,,,,,,,-1,-1,0
synthetic_cloudtrail.csv:4647,,,,,,,,,,-1,-1,0
synthetic_cloudtrail.csv:4648,,,,,,,,,,-1,-1,0
synthetic_cloudtrail.csv:4649,,,,,,,,,,-1,-1,0
synthetic_cloudtrail.csv:4650,,,,,,,,,,-1,-1,0
synthetic_cloudtrail.csv:4651,,,,,,,,,,-1,-1,0
synthetic_cloudtrail.csv:4652,,,,,,,,,,-1,-1,0
synthetic_cloudtrail.csv:4653,,,,,,,,,,-1,-1,0
synthetic_cloudtrail.csv:4654,,,,,,,,,,-1,-1,0
synthetic_cloudtrail.csv:4655,,,,,,,,,,-1,-1,0
synthetic_cloudtrail.csv:4656,,,,,,,,,,-1,-1,0
synthetic_cloudtrail.csv:4657,,,,,,,,,,-1,-1,0
synthetic_cloudtrail.csv:4658,,,,,,,,,,-1,-1,0
synthetic_cloudtrail.csv:4659,,,,,,,,,,-1,-1,0
synthetic_cloudtrail.csv:4660,,,,,,,,,,-1,-1,0
synthetic_cloudtrail.csv:4661,,,,,,,,,,-1,-1,0
synthetic_cloudtrail.csv:4662,,,,,,,,,,-1,-1,0
synthetic_cloudtrail.csv:4663,,,,,,,,,,-1,-1,0
synthetic_cloudtrail.csv:4664,,,,,,,,,,-1,-1,0
synthetic_cloudtrail.csv:4665,,,,,,,,,,-1,-1,0
synthetic_cloudtrail.csv:4666,,,,,,,,,,-1,-1,0
synthetic_cloudtrail.csv:4667,,,,,,,,,,-1,-1,0
synthetic_cloudtrail.csv:4668,,,,,,,,,,-1,-1,0
synthetic_cloudtrail.csv:4669,,,,,,,,,,-1,-1,0
synthetic_cloudtrail.csv:4670,,,,,,,,,,-1,-1,0
synthetic_cloudtrail.csv:4671,,,,,,,,,,-1,-1,0
synthetic_cloudtrail.csv:4672,,,,,,,,,,-1,-1,0
synthetic_cloudtrail.csv:4673,,,,,,,,,,-1,-1,0
synthetic_cloudtrail.csv:4674,,,,,,,,,,-1,-1,0
synthetic_cloudtrail.csv:4675,,,,,,,,,,-1,-1,0
synthetic_cloudtrail.csv:4676,,,,,,,,,,-1,-1,0
synthetic_cloudtrail.csv:4677,,,,,,,,,,-1,-1,0
synthetic_cloudtrail.csv:4678,,,,,,,,,,-1,-1,0
synthetic_cloudtrail.csv:4679,,,,,,,,,,-1,-1,0
synthetic_cloudtrail.csv:4680,,,,,,,,,,-1,-1,0
synthetic_cloudtrail.csv:4681,,,,,,,,,,-1,-1,0
synthetic_cloudtrail.csv:4682,,,,,,,,,,-1,-1,0
synthetic_cloudtrail.csv:4683,,,,,,,,,,-1,-1,0
synthetic_cloudtrail.csv:4684,,,,,,,,,,-1,-1,0
synthetic_cloudtrail.csv:4685,,,,,,,,,,-1,-1,0
synthetic_cloudtrail.csv:4686,,,,,,,,,,-1,-1,0
synthetic_cloudtrail.csv:4687,,,,,,,,,,-1,-1,0
synthetic_cloudtrail.csv:4688,,,,,,,,,,-1,-1,0
synthetic_cloudtrail.csv:4689,,,,,,,,,,-1,-1,0
synthetic_cloudtrail.csv:4690,,,,,,,,,,-1,-1,0
synthetic_cloudtrail.csv:4691,,,,,,,,,,-1,-1,0
synthetic_cloudtrail.csv:4692,,,,,,,,,,-1,-1,0
synthetic_cloudtrail.csv:4693,,,,,,,,,,-1,-1,0
synthetic_cloudtrail.csv:4694,,,,,,,,,,-1,-1,0
synthetic_cloudtrail.csv:4695,,,,,,,,,,-1,-1,0
synthetic_cloudtrail.csv:4696,,,,,,,,,,-1,-1,0
synthetic_cloudtrail.csv:4697,,,,,,,,,,-1,-1,0
synthetic_cloudtrail.csv:4698,,,,,,,,,,-1,-1,0
synthetic_cloudtrail.csv:4699,,,,,,,,,,-1,-1,0
synthetic_cloudtrail.csv:4700,,,,,,,,,,-1,-1,0
synthetic_cloudtrail.csv:4701,,,,,,,,,,-1,-1,0
synthetic_cloudtrail.csv:4702,,,,,,,,,,-1,-1,0
synthetic_cloudtrail.csv:4703,,,,,,,,,,-1,-1,0
synthetic_cloudtrail.csv:4704,,,,,,,,,,-1,-1,0
synthetic_cloudtrail.csv:4705,,,,,,,,,,-1,-1,0
synthetic_cloudtrail.csv:4706,,,,,,,,,,-1,-1,0
synthetic_cloudtrail.csv:4707,,,,,,,,,,-1,-1,0
synthetic_cloudtrail.csv:4708,,,,,,,,,,-1,-1,0
synthetic_cloudtrail.csv:4709,,,,,,,,,,-1,-1,0
synthetic_cloudtrail.csv:4710,,,,,,,,,,-1,-1,0
synthetic_cloudtrail.csv:4711,,,,,,,,,,-1,-1,0
synthetic_cloudtrail.csv:4712,,,,,,,,,,-1,-1,0
synthetic_cloudtrail.csv:4713,,,,,,,,,,-1,-1,0
synthetic_cloudtrail.csv:4714,,,,,,,,,,-1,-1,0
synthetic_cloudtrail.csv:4715,,,,,,,,,,-1,-1,0
synthetic_cloudtrail.csv:4716,,,,,,,,,,-1,-1,0
synthetic_cloudtrail.csv:4717,,,,,,,,,,-1,-1,0
synthetic_cloudtrail.csv:4718,,,,,,,,,,-1,-1,0
synthetic_cloudtrail.csv:4719,,,,,,,,,,-1,-1,0
synthetic_cloudtrail.csv:4720,,,,,,,,,,-1,-1,0
synthetic_cloudtrail.csv:4721,,,,,,,,,,-1,-1,0
synthetic_cloudtrail.csv:4722,,,,,,,,,,-1,-1,0
synthetic_cloudtrail.csv:4723,,,,,,,,,,-1,-1,0
synthetic_cloudtrail.csv:4724,,,,,,,,,,-1,-1,0
synthetic_cloudtrail.csv:4725,,,,,,,,,,-1,-1,0
synthetic_cloudtrail.csv:4726,,,,,,,,,,-1,-1,0
synthetic_cloudtrail.csv:4727,,,,,,,,,,-1,-1,0
synthetic_cloudtrail.csv:4728,,,,,,,,,,-1,-1,0
synthetic_cloudtrail.csv:4729,,,,,,,,,,-1,-1,0
synthetic_cloudtrail.csv:4730,,,,,,,,,,-1,-1,0
synthetic_cloudtrail.csv:4731,,,,,,,,,,-1,-1,0
synthetic_cloudtrail.csv:4732,,,,,,,,,,-1,-1,0
synthetic_cloudtrail.csv:4733,,,,,,,,,,-1,-1,0
synthetic_cloudtrail.csv:4734,,,,,,,,,,-1,-1,0
synthetic_cloudtrail.csv:4735,,,,,,,,,,-1,-1,0
synthetic_cloudtrail.csv:4736,camp-regdhsbyddyt,ssm_parameter_harvest,reconnaissance,ssm_parameter_harvest,,,,,,-1,-1,0
synthetic_cloudtrail.csv:4737,camp-regdhsbyddyt,ssm_parameter_harvest,reconnaissance,ssm_parameter_harvest,,,,,,-1,-1,0
synthetic_cloudtrail.csv:4738,camp-regdhsbyddyt,ssm_parameter_harvest,reconnaissance,ssm_parameter_harvest,,,,,,-1,-1,0
synthetic_cloudtrail.csv:4739,camp-regdhsbyddyt,ssm_parameter_harvest,credential-access,ssm_parameter_harvest,evt-srmyzvmuyukd,evt-avpdahzgapfq,evt-avpdahzgapfq,,,1,0,1
synthetic_cloudtrail.csv:4740,camp-regdhsbyddyt,ssm_parameter_harvest,credential-access,ssm_parameter_harvest,evt-avpdahzgapfq,,evt-avpdahzgapfq,,,0,0,1
synthetic_cloudtrail.csv:4741,camp-regdhsbyddyt,ssm_parameter_harvest,reconnaissance,ssm_parameter_harvest,,,,,,-1,-1,0
synthetic_cloudtrail.csv:4742,camp-regdhsbyddyt,ssm_parameter_harvest,credential-access,ssm_parameter_harvest,evt-vzbfljvkvxku,evt-srmyzvmuyukd,evt-avpdahzgapfq,,,2,0,1
synthetic_cloudtrail.csv:4743,camp-regdhsbyddyt,ssm_parameter_harvest,,ssm_parameter_harvest,,,,,,-1,-1,0
synthetic_cloudtrail.csv:4744,camp-regdhsbyddyt,ssm_parameter_harvest,,ssm_parameter_harvest,,,,,,-1,-1,0
synthetic_cloudtrail.csv:4745,camp-ozuyiafhhfbl,ec2_credential_extraction,reconnaissance,ec2_credential_extraction,,,,,,-1,-1,0
synthetic_cloudtrail.csv:4746,camp-ozuyiafhhfbl,ec2_credential_extraction,reconnaissance,ec2_credential_extraction,,,,,,-1,-1,0
synthetic_cloudtrail.csv:4747,camp-ozuyiafhhfbl,ec2_credential_extraction,credential-access,ec2_credential_extraction,evt-shqbwgbrslwz,evt-oyavweqslous,evt-oyavweqslous,,,1,0,1
synthetic_cloudtrail.csv:4748,camp-ozuyiafhhfbl,ec2_credential_extraction,credential-access,ec2_credential_extraction,evt-oyavweqslous,,evt-oyavweqslous,,,0,0,1
synthetic_cloudtrail.csv:4749,camp-ozuyiafhhfbl,ec2_credential_extraction,reconnaissance,ec2_credential_extraction,,,,,,-1,-1,0
synthetic_cloudtrail.csv:4750,camp-ozuyiafhhfbl,ec2_credential_extraction,,ec2_credential_extraction,,,,,,-1,-1,0
synthetic_cloudtrail.csv:4751,camp-ozuyiafhhfbl,ec2_credential_extraction,,ec2_credential_extraction,,,,,,-1,-1,0
synthetic_cloudtrail.csv:4752,camp-ozuyiafhhfbl,ec2_credential_extraction,,ec2_credential_extraction,,,,,,-1,-1,0
synthetic_cloudtrail.csv:4753,camp-ozuyiafhhfbl,ec2_credential_extraction,,ec2_credential_extraction,,,,,,-1,-1,0
synthetic_cloudtrail.csv:4754,camp-ozuyiafhhfbl,ec2_credential_extraction,,ec2_credential_extraction,,,,,,-1,-1,0
synthetic_cloudtrail.csv:4755,camp-qzbnzaxwqlsj,add_user_to_admin_group,reconnaissance,add_user_to_admin_group,,,,,,-1,-1,0
synthetic_cloudtrail.csv:4756,camp-qzbnzaxwqlsj,add_user_to_admin_group,reconnaissance,add_user_to_admin_group,,,,,,-1,-1,0
synthetic_cloudtrail.csv:4757,camp-qzbnzaxwqlsj,add_user_to_admin_group,reconnaissance,add_user_to_admin_group,,,,,,-1,-1,0
synthetic_cloudtrail.csv:4758,camp-qzbnzaxwqlsj,add_user_to_admin_group,reconnaissance,add_user_to_admin_group,,,,,,-1,-1,0
synthetic_cloudtrail.csv:4759,camp-qzbnzaxwqlsj,add_user_to_admin_group,reconnaissance,add_user_to_admin_group,,,,,,-1,-1,0
synthetic_cloudtrail.csv:4760,camp-qzbnzaxwqlsj,add_user_to_admin_group,privilege-escalation,add_user_to_admin_group,evt-izbzazrlryzg,,evt-izbzazrlryzg,,,0,0,1
synthetic_cloudtrail.csv:4761,camp-qzbnzaxwqlsj,add_user_to_admin_group,,add_user_to_admin_group,,,,,,-1,-1,0
synthetic_cloudtrail.csv:4762,camp-qzbnzaxwqlsj,add_user_to_admin_group,,add_user_to_admin_group,,,,,,-1,-1,0
synthetic_cloudtrail.csv:4763,camp-zigbfyqzzauz,create_role_inline_policy,reconnaissance,create_role_inline_policy,,,,,,-1,-1,0
synthetic_cloudtrail.csv:4764,camp-zigbfyqzzauz,create_role_inline_policy,reconnaissance,create_role_inline_policy,,,,,,-1,-1,0
synthetic_cloudtrail.csv:4765,camp-zigbfyqzzauz,create_role_inline_policy,reconnaissance,create_role_inline_policy,,,,,,-1,-1,0
synthetic_cloudtrail.csv:4766,camp-zigbfyqzzauz,create_role_inline_policy,reconnaissance,create_role_inline_policy,,,,,,-1,-1,0
synthetic_cloudtrail.csv:4767,camp-zigbfyqzzauz,create_role_inline_policy,reconnaissance,create_role_inline_policy,,,,,,-1,-1,0
synthetic_cloudtrail.csv:4768,camp-zigbfyqzzauz,create_role_inline_policy,reconnaissance,create_role_inline_policy,,,,,,-1,-1,0
synthetic_cloudtrail.csv:4769,camp-zigbfyqzzauz,create_role_inline_policy,reconnaissance,create_role_inline_policy,,,,,,-1,-1,0
synthetic_cloudtrail.csv:4770,camp-zigbfyqzzauz,create_role_inline_policy,reconnaissance,create_role_inline_policy,,,,,,-1,-1,0
synthetic_cloudtrail.csv:4771,camp-zigbfyqzzauz,create_role_inline_policy,persistence,create_role_inline_policy,evt-yongwlzvfqfc,,evt-yongwlzvfqfc,,,0,0,1
synthetic_cloudtrail.csv:4772,camp-zigbfyqzzauz,create_role_inline_policy,privilege-escalation,create_role_inline_policy,evt-fqfrgzmmupqs,evt-yongwlzvfqfc,evt-yongwlzvfqfc,s3:GetObject,iam:*;s3:*;sts:AssumeRole,1,0,1
synthetic_cloudtrail.csv:4773,camp-zigbfyqzzauz,create_role_inline_policy,,create_role_inline_policy,,,,,,-1,-1,0
synthetic_cloudtrail.csv:4774,camp-zigbfyqzzauz,create_role_inline_policy,,create_role_inline_policy,,,,,,-1,-1,0
synthetic_cloudtrail.csv:4775,camp-xhldxztjikif,create_user_console_access,reconnaissance,create_user_console_access,,,,,,-1,-1,0
synthetic_cloudtrail.csv:4776,camp-xhldxztjikif,create_user_console_access,reconnaissance,create_user_console_access,,,,,,-1,-1,0
synthetic_cloudtrail.csv:4777,camp-xhldxztjikif,create_user_console_access,reconnaissance,create_user_console_access,,,,,,-1,-1,0
synthetic_cloudtrail.csv:4778,camp-xhldxztjikif,create_user_console_access,reconnaissance,create_user_console_access,,,,,,-1,-1,0
synthetic_cloudtrail.csv:4779,camp-xhldxztjikif,create_user_console_access,persistence,create_user_console_access,evt-mnezqxzhgmvn,,evt-mnezqxzhgmvn,,,0,0,1
synthetic_cloudtrail.csv:4780,camp-xhldxztjikif,create_user_console_access,privilege-escalation,create_user_console_access,evt-sloktivnfjbr,evt-mnezqxzhgmvn,evt-mnezqxzhgmvn,,,1,0,1
synthetic_cloudtrail.csv:4781,camp-xhldxztjikif,create_user_console_access,privilege-escalation,create_user_console_access,evt-klmnuhhfncfs,evt-sloktivnfjbr,evt-mnezqxzhgmvn,s3:GetObject;s3:ListBucket,*,2,0,1
synthetic_cloudtrail.csv:4782,camp-xhldxztjikif,create_user_console_access,,create_user_console_access,,,,,,-1,-1,0
synthetic_cloudtrail.csv:4783,camp-xhldxztjikif,create_user_console_access,,create_user_console_access,,,,,,-1,-1,0
synthetic_cloudtrail.csv:4784,camp-xhldxztjikif,create_user_console_access,,create_user_console_access,,,,,,-1,-1,0
synthetic_cloudtrail.csv:4785,camp-xhldxztjikif,create_user_console_access,,create_user_console_access,,,,,,-1,-1,0
synthetic_cloudtrail.csv:4786,camp-xhldxztjikif,create_user_console_access,,create_user_console_access,,,,,,-1,-1,0
synthetic_cloudtrail.csv:4787,,,,,,,,,,-1,-1,0
synthetic_cloudtrail.csv:4788,,,,,,,,,,-1,-1,0
synthetic_cloudtrail.csv:4789,,,,,,,,,,-1,-1,0
synthetic_cloudtrail.csv:4790,,,,,,,,,,-1,-1,0
synthetic_cloudtrail.csv:4791,,,,,,,,,,-1,-1,0
synthetic_cloudtrail.csv:4792,,,,,,,,,,-1,-1,0
synthetic_cloudtrail.csv:4793,,,,,,,,,,-1,-1,0
synthetic_cloudtrail.csv:4794,,,,,,,,,,-1,-1,0
synthetic_cloudtrail.csv:4795,,,,,,,,,,-1,-1,0
synthetic_cloudtrail.csv:4796,,,,,,,,,,-1,-1,0
synthetic_cloudtrail.csv:4797,,,,,,,,,,-1,-1,0
synthetic_cloudtrail.csv:4798,,,,,,,,,,-1,-1,0
synthetic_cloudtrail.csv:4799,,,,,,,,,,-1,-1,0
synthetic_cloudtrail.csv:4800,,,,,,,,,,-1,-1,0
synthetic_cloudtrail.csv:4801,,,,,,,,,,-1,-1,0
synthetic_cloudtrail.csv:4802,,,,,,,,,,-1,-1,0
synthetic_cloudtrail.csv:4803,,,,,,,,,,-1,-1,0
synthetic_cloudtrail.csv:4804,,,,,,,,,,-1,-1,0
synthetic_cloudtrail.csv:4805,,,,,,,,,,-1,-1,0
synthetic_cloudtrail.csv:4806,camp-bjfibjuzwizj,create_role_attach_managed_policy,reconnaissance,create_role_attach_managed_policy,,,,,,-1,-1,0
synthetic_cloudtrail.csv:4807,camp-bjfibjuzwizj,create_role_attach_managed_policy,reconnaissance,create_role_attach_managed_policy,,,,,,-1,-1,0
synthetic_cloudtrail.csv:4808,camp-bjfibjuzwizj,create_role_attach_managed_policy,reconnaissance,create_role_attach_managed_policy,,,,,,-1,-1,0
synthetic_cloudtrail.csv:4809,camp-bjfibjuzwizj,create_role_attach_managed_policy,reconnaissance,create_role_attach_managed_policy,,,,,,-1,-1,0
synthetic_cloudtrail.csv:4810,camp-bjfibjuzwizj,create_role_attach_managed_policy,persistence,create_role_attach_managed_policy,evt-zpagjgtryfid,,evt-zpagjgtryfid,,,0,0,1
synthetic_cloudtrail.csv:4811,camp-bjfibjuzwizj,create_role_attach_managed_policy,privilege-escalation,create_role_attach_managed_policy,evt-ttljvfafkerp,evt-zpagjgtryfid,evt-zpagjgtryfid,s3:GetObject;s3:ListBucket,*,1,0,1
synthetic_cloudtrail.csv:4812,camp-bjfibjuzwizj,create_role_attach_managed_policy,,create_role_attach_managed_policy,,,,,,-1,-1,0
synthetic_cloudtrail.csv:4813,camp-bjfibjuzwizj,create_role_attach_managed_policy,,create_role_attach_managed_policy,,,,,,-1,-1,0
synthetic_cloudtrail.csv:4814,camp-bjfibjuzwizj,create_role_attach_managed_policy,,create_role_attach_managed_policy,,,,,,-1,-1,0
synthetic_cloudtrail.csv:4815,camp-bjfibjuzwizj,create_role_attach_managed_policy,,create_role_attach_managed_policy,,,,,,-1,-1,0
synthetic_cloudtrail.csv:4816,camp-ahlzskmnngir,secrets_manager_sweep,reconnaissance,secrets_manager_sweep,,,,,,-1,-1,0
synthetic_cloudtrail.csv:4817,camp-ahlzskmnngir,secrets_manager_sweep,reconnaissance,secrets_manager_sweep,,,,,,-1,-1,0
synthetic_cloudtrail.csv:4818,camp-ahlzskmnngir,secrets_manager_sweep,reconnaissance,secrets_manager_sweep,,,,,,-1,-1,0
synthetic_cloudtrail.csv:4819,camp-ahlzskmnngir,secrets_manager_sweep,reconnaissance,secrets_manager_sweep,,,,,,-1,-1,0
synthetic_cloudtrail.csv:4820,camp-ahlzskmnngir,secrets_manager_sweep,reconnaissance,secrets_manager_sweep,,,,,,-1,-1,0
synthetic_cloudtrail.csv:4821,camp-ahlzskmnngir,secrets_manager_sweep,reconnaissance,secrets_manager_sweep,,,,,,-1,-1,0
synthetic_cloudtrail.csv:4822,camp-ahlzskmnngir,secrets_manager_sweep,reconnaissance,secrets_manager_sweep,,,,,,-1,-1,0
synthetic_cloudtrail.csv:4823,camp-ahlzskmnngir,secrets_manager_sweep,credential-access,secrets_manager_sweep,evt-htidwppzffdl,,evt-htidwppzffdl,,,0,0,1
synthetic_cloudtrail.csv:4824,camp-ahlzskmnngir,secrets_manager_sweep,credential-access,secrets_manager_sweep,evt-varuatflmhmy,evt-tdkqohqrlcvr,evt-htidwppzffdl,,,2,0,1
synthetic_cloudtrail.csv:4825,camp-ahlzskmnngir,secrets_manager_sweep,credential-access,secrets_manager_sweep,evt-tdkqohqrlcvr,evt-htidwppzffdl,evt-htidwppzffdl,,,1,0,1
synthetic_cloudtrail.csv:4826,camp-ahlzskmnngir,secrets_manager_sweep,,secrets_manager_sweep,,,,,,-1,-1,0
synthetic_cloudtrail.csv:4827,camp-ahlzskmnngir,secrets_manager_sweep,,secrets_manager_sweep,,,,,,-1,-1,0
synthetic_cloudtrail.csv:4828,camp-ahlzskmnngir,secrets_manager_sweep,,secrets_manager_sweep,,,,,,-1,-1,0
synthetic_cloudtrail.csv:4829,,,,,,,,,,-1,-1,0
synthetic_cloudtrail.csv:4830,camp-fliargtepeov,create_role_inline_policy,reconnaissance,create_role_inline_policy,,,,,,-1,-1,0
synthetic_cloudtrail.csv:4831,camp-fliargtepeov,create_role_inline_policy,reconnaissance,create_role_inline_policy,,,,,,-1,-1,0
synthetic_cloudtrail.csv:4832,,,,,,,,,,-1,-1,0
synthetic_cloudtrail.csv:4833,camp-fliargtepeov,create_role_inline_policy,reconnaissance,create_role_inline_policy,,,,,,-1,-1,0
synthetic_cloudtrail.csv:4834,camp-fliargtepeov,create_role_inline_policy,reconnaissance,create_role_inline_policy,,,,,,-1,-1,0
synthetic_cloudtrail.csv:4835,,,,,,,,,,-1,-1,0
synthetic_cloudtrail.csv:4836,camp-fliargtepeov,create_role_inline_policy,reconnaissance,create_role_inline_policy,,,,,,-1,-1,0
synthetic_cloudtrail.csv:4837,,,,,,,,,,-1,-1,0
synthetic_cloudtrail.csv:4838,camp-fliargtepeov,create_role_inline_policy,reconnaissance,create_role_inline_policy,,,,,,-1,-1,0
synthetic_cloudtrail.csv:4839,,,,,,,,,,-1,-1,0
synthetic_cloudtrail.csv:4840,camp-fliargtepeov,create_role_inline_policy,persistence,create_role_inline_policy,evt-soucvnrnbeka,,evt-soucvnrnbeka,,,0,0,1
synthetic_cloudtrail.csv:4841,camp-fliargtepeov,create_role_inline_policy,privilege-escalation,create_role_inline_policy,evt-jcgspibryoqh,evt-soucvnrnbeka,evt-soucvnrnbeka,s3:GetObject,iam:*;s3:*;sts:AssumeRole,1,0,1
synthetic_cloudtrail.csv:4842,,,,,,,,,,-1,-1,0
synthetic_cloudtrail.csv:4843,camp-fliargtepeov,create_role_inline_policy,,create_role_inline_policy,,,,,,-1,-1,0
synthetic_cloudtrail.csv:4844,,,,,,,,,,-1,-1,0
synthetic_cloudtrail.csv:4845,,,,,,,,,,-1,-1,0
synthetic_cloudtrail.csv:4846,camp-fliargtepeov,create_role_inline_policy,,create_role_inline_policy,,,,,,-1,-1,0
synthetic_cloudtrail.csv:4847,camp-fliargtepeov,create_role_inline_policy,,create_role_inline_policy,,,,,,-1,-1,0
synthetic_cloudtrail.csv:4848,camp-fliargtepeov,create_role_inline_policy,,create_role_inline_policy,,,,,,-1,-1,0
synthetic_cloudtrail.csv:4849,,,,,,,,,,-1,-1,0
synthetic_cloudtrail.csv:4850,,,,,,,,,,-1,-1,0
synthetic_cloudtrail.csv:4851,,,,,,,,,,-1,-1,0
synthetic_cloudtrail.csv:4852,,,,,,,,,,-1,-1,0
synthetic_cloudtrail.csv:4853,,,,,,,,,,-1,-1,0
synthetic_cloudtrail.csv:4854,,,,,,,,,,-1,-1,0
synthetic_cloudtrail.csv:4855,,,,,,,,,,-1,-1,0
synthetic_cloudtrail.csv:4856,,,,,,,,,,-1,-1,0
synthetic_cloudtrail.csv:4857,,,,,,,,,,-1,-1,0
synthetic_cloudtrail.csv:4858,,,,,,,,,,-1,-1,0
synthetic_cloudtrail.csv:4859,,,,,,,,,,-1,-1,0
synthetic_cloudtrail.csv:4860,,,,,,,,,,-1,-1,0
synthetic_cloudtrail.csv:4861,,,,,,,,,,-1,-1,0
synthetic_cloudtrail.csv:4862,,,,,,,,,,-1,-1,0
synthetic_cloudtrail.csv:4863,,,,,,,,,,-1,-1,0
synthetic_cloudtrail.csv:4864,,,,,,,,,,-1,-1,0
synthetic_cloudtrail.csv:4865,,,,,,,,,,-1,-1,0
synthetic_cloudtrail.csv:4866,,,,,,,,,,-1,-1,0
synthetic_cloudtrail.csv:4867,,,,,,,,,,-1,-1,0
synthetic_cloudtrail.csv:4868,,,,,,,,,,-1,-1,0
synthetic_cloudtrail.csv:4869,,,,,,,,,,-1,-1,0
synthetic_cloudtrail.csv:4870,,,,,,,,,,-1,-1,0
synthetic_cloudtrail.csv:4871,,,,,,,,,,-1,-1,0
synthetic_cloudtrail.csv:4872,,,,,,,,,,-1,-1,0
synthetic_cloudtrail.csv:4873,,,,,,,,,,-1,-1,0
synthetic_cloudtrail.csv:4874,camp-ofockrvxzybu,create_role_attach_managed_policy,reconnaissance,create_role_attach_managed_policy,,,,,,-1,-1,0
synthetic_cloudtrail.csv:4875,camp-ofockrvxzybu,create_role_attach_managed_policy,reconnaissance,create_role_attach_managed_policy,,,,,,-1,-1,0
synthetic_cloudtrail.csv:4876,camp-ofockrvxzybu,create_role_attach_managed_policy,reconnaissance,create_role_attach_managed_policy,,,,,,-1,-1,0
synthetic_cloudtrail.csv:4877,camp-ofockrvxzybu,create_role_attach_managed_policy,reconnaissance,create_role_attach_managed_policy,,,,,,-1,-1,0
synthetic_cloudtrail.csv:4878,camp-ofockrvxzybu,create_role_attach_managed_policy,reconnaissance,create_role_attach_managed_policy,,,,,,-1,-1,0
synthetic_cloudtrail.csv:4879,camp-ofockrvxzybu,create_role_attach_managed_policy,persistence,create_role_attach_managed_policy,evt-yvjavriebcuy,,evt-yvjavriebcuy,,,0,0,1
synthetic_cloudtrail.csv:4880,camp-ofockrvxzybu,create_role_attach_managed_policy,privilege-escalation,create_role_attach_managed_policy,evt-uyuyfvsztmxb,evt-yvjavriebcuy,evt-yvjavriebcuy,s3:GetObject;s3:ListBucket,*,1,0,1
synthetic_cloudtrail.csv:4881,camp-ofockrvxzybu,create_role_attach_managed_policy,,create_role_attach_managed_policy,,,,,,-1,-1,0
synthetic_cloudtrail.csv:4882,camp-ofockrvxzybu,create_role_attach_managed_policy,,create_role_attach_managed_policy,,,,,,-1,-1,0
synthetic_cloudtrail.csv:4883,camp-ofockrvxzybu,create_role_attach_managed_policy,,create_role_attach_managed_policy,,,,,,-1,-1,0
synthetic_cloudtrail.csv:4884,camp-ofockrvxzybu,create_role_attach_managed_policy,,create_role_attach_managed_policy,,,,,,-1,-1,0
synthetic_cloudtrail.csv:4885,camp-ycqmofdffnwi,ssm_parameter_harvest,reconnaissance,ssm_parameter_harvest,,,,,,-1,-1,0
synthetic_cloudtrail.csv:4886,camp-ycqmofdffnwi,ssm_parameter_harvest,reconnaissance,ssm_parameter_harvest,,,,,,-1,-1,0
synthetic_cloudtrail.csv:4887,camp-ycqmofdffnwi,ssm_parameter_harvest,reconnaissance,ssm_parameter_harvest,,,,,,-1,-1,0
synthetic_cloudtrail.csv:4888,camp-ycqmofdffnwi,ssm_parameter_harvest,reconnaissance,ssm_parameter_harvest,,,,,,-1,-1,0
synthetic_cloudtrail.csv:4889,camp-ycqmofdffnwi,ssm_parameter_harvest,reconnaissance,ssm_parameter_harvest,,,,,,-1,-1,0
synthetic_cloudtrail.csv:4890,camp-ycqmofdffnwi,ssm_parameter_harvest,reconnaissance,ssm_parameter_harvest,,,,,,-1,-1,0
synthetic_cloudtrail.csv:4891,camp-ycqmofdffnwi,ssm_parameter_harvest,credential-access,ssm_parameter_harvest,evt-kbopefdryoce,evt-ntrpjpogcwbp,evt-ntrpjpogcwbp,,,1,0,1
synthetic_cloudtrail.csv:4892,camp-ycqmofdffnwi,ssm_parameter_harvest,reconnaissance,ssm_parameter_harvest,,,,,,-1,-1,0
synthetic_cloudtrail.csv:4893,camp-ycqmofdffnwi,ssm_parameter_harvest,credential-access,ssm_parameter_harvest,evt-mosbmqhphbot,evt-kbopefdryoce,evt-ntrpjpogcwbp,,,2,0,1
synthetic_cloudtrail.csv:4894,camp-ycqmofdffnwi,ssm_parameter_harvest,credential-access,ssm_parameter_harvest,evt-ntrpjpogcwbp,,evt-ntrpjpogcwbp,,,0,0,1
synthetic_cloudtrail.csv:4895,camp-ycqmofdffnwi,ssm_parameter_harvest,,ssm_parameter_harvest,,,,,,-1,-1,0
synthetic_cloudtrail.csv:4896,camp-ycqmofdffnwi,ssm_parameter_harvest,,ssm_parameter_harvest,,,,,,-1,-1,0
synthetic_cloudtrail.csv:4897,camp-ycqmofdffnwi,ssm_parameter_harvest,,ssm_parameter_harvest,,,,,,-1,-1,0
synthetic_cloudtrail.csv:4898,,,,,,,,,,-1,-1,0
synthetic_cloudtrail.csv:4899,,,,,,,,,,-1,-1,0
synthetic_cloudtrail.csv:4900,,,,,,,,,,-1,-1,0
synthetic_cloudtrail.csv:4901,,,,,,,,,,-1,-1,0
synthetic_cloudtrail.csv:4902,,,,,,,,,,-1,-1,0
synthetic_cloudtrail.csv:4903,,,,,,,,,,-1,-1,0
synthetic_cloudtrail.csv:4904,,,,,,,,,,-1,-1,0
synthetic_cloudtrail.csv:4905,,,,,,,,,,-1,-1,0
synthetic_cloudtrail.csv:4906,,,,,,,,,,-1,-1,0
synthetic_cloudtrail.csv:4907,,,,,,,,,,-1,-1,0
synthetic_cloudtrail.csv:4908,,,,,,,,,,-1,-1,0
synthetic_cloudtrail.csv:4909,,,,,,,,,,-1,-1,0
synthetic_cloudtrail.csv:4910,camp-jdiohckcesmk,assume_then_attach_admin,reconnaissance,assume_then_attach_admin,,,,,,-1,-1,0
synthetic_cloudtrail.csv:4911,camp-jdiohckcesmk,assume_then_attach_admin,reconnaissance,assume_then_attach_admin,,,,,,-1,-1,0
synthetic_cloudtrail.csv:4912,camp-jdiohckcesmk,assume_then_attach_admin,reconnaissance,assume_then_attach_admin,,,,,,-1,-1,0
synthetic_cloudtrail.csv:4913,camp-jdiohckcesmk,assume_then_attach_admin,reconnaissance,assume_then_attach_admin,,,,,,-1,-1,0
synthetic_cloudtrail.csv:4914,camp-jdiohckcesmk,assume_then_attach_admin,reconnaissance,assume_then_attach_admin,,,,,,-1,-1,0
synthetic_cloudtrail.csv:4915,camp-jdiohckcesmk,assume_then_attach_admin,reconnaissance,assume_then_attach_admin,,,,,,-1,-1,0
synthetic_cloudtrail.csv:4916,camp-jdiohckcesmk,assume_then_attach_admin,privilege-escalation,assume_then_attach_admin,evt-baypdrccebqr,,evt-baypdrccebqr,,,0,0,1
synthetic_cloudtrail.csv:4917,camp-jdiohckcesmk,assume_then_attach_admin,privilege-escalation,assume_then_attach_admin,evt-nibbiwndbwlt,evt-baypdrccebqr,evt-baypdrccebqr,s3:GetObject;s3:ListBucket,*,1,1,1
synthetic_cloudtrail.csv:4918,camp-jdiohckcesmk,assume_then_attach_admin,privilege-escalation,assume_then_attach_admin,evt-rkbnyirvtgdj,evt-nibbiwndbwlt,evt-baypdrccebqr,s3:GetObject;s3:ListBucket,*,2,1,1
synthetic_cloudtrail.csv:4919,camp-jdiohckcesmk,assume_then_attach_admin,,assume_then_attach_admin,,,,,,-1,-1,0
synthetic_cloudtrail.csv:4920,camp-jdiohckcesmk,assume_then_attach_admin,,assume_then_attach_admin,,,,,,-1,-1,0
synthetic_cloudtrail.csv:4921,camp-wigpibmmyepp,create_policy_version,reconnaissance,create_policy_version,,,,,,-1,-1,0
synthetic_cloudtrail.csv:4922,camp-wigpibmmyepp,create_policy_version,reconnaissance,create_policy_version,,,,,,-1,-1,0
synthetic_cloudtrail.csv:4923,camp-wigpibmmyepp,create_policy_version,reconnaissance,create_policy_version,,,,,,-1,-1,0
synthetic_cloudtrail.csv:4924,camp-wigpibmmyepp,create_policy_version,reconnaissance,create_policy_version,,,,,,-1,-1,0
synthetic_cloudtrail.csv:4925,camp-wigpibmmyepp,create_policy_version,reconnaissance,create_policy_version,,,,,,-1,-1,0
synthetic_cloudtrail.csv:4926,camp-wigpibmmyepp,create_policy_version,reconnaissance,create_policy_version,,,,,,-1,-1,0
synthetic_cloudtrail.csv:4927,camp-wigpibmmyepp,create_policy_version,reconnaissance,create_policy_version,,,,,,-1,-1,0
synthetic_cloudtrail.csv:4928,camp-wigpibmmyepp,create_policy_version,reconnaissance,create_policy_version,,,,,,-1,-1,0
synthetic_cloudtrail.csv:4929,camp-wigpibmmyepp,create_policy_version,privilege-escalation,create_policy_version,evt-iuuynlatnfob,,evt-iuuynlatnfob,s3:GetObject,iam:*;s3:*,0,0,1
synthetic_cloudtrail.csv:4930,camp-wigpibmmyepp,create_policy_version,privilege-escalation,create_policy_version,evt-raeficanqfzf,evt-iuuynlatnfob,evt-iuuynlatnfob,,,1,0,1
synthetic_cloudtrail.csv:4931,camp-wigpibmmyepp,create_policy_version,,create_policy_version,,,,,,-1,-1,0
synthetic_cloudtrail.csv:4932,camp-wigpibmmyepp,create_policy_version,,create_policy_version,,,,,,-1,-1,0
synthetic_cloudtrail.csv:4933,camp-wigpibmmyepp,create_policy_version,,create_policy_version,,,,,,-1,-1,0
synthetic_cloudtrail.csv:4934,,,,,,,,,,-1,-1,0
synthetic_cloudtrail.csv:4935,,,,,,,,,,-1,-1,0
synthetic_cloudtrail.csv:4936,,,,,,,,,,-1,-1,0
synthetic_cloudtrail.csv:4937,,,,,,,,,,-1,-1,0
synthetic_cloudtrail.csv:4938,,,,,,,,,,-1,-1,0
synthetic_cloudtrail.csv:4939,,,,,,,,,,-1,-1,0
synthetic_cloudtrail.csv:4940,,,,,,,,,,-1,-1,0
synthetic_cloudtrail.csv:4941,,,,,,,,,,-1,-1,0
synthetic_cloudtrail.csv:4942,,,,,,,,,,-1,-1,0
synthetic_cloudtrail.csv:4943,,,,,,,,,,-1,-1,0
synthetic_cloudtrail.csv:4944,,,,,,,,,,-1,-1,0
synthetic_cloudtrail.csv:4945,,,,,,,,,,-1,-1,0
synthetic_cloudtrail.csv:4946,,,,,,,,,,-1,-1,0
synthetic_cloudtrail.csv:4947,,,,,,,,,,-1,-1,0
synthetic_cloudtrail.csv:4948,,,,,,,,,,-1,-1,0
synthetic_cloudtrail.csv:4949,,,,,,,,,,-1,-1,0
synthetic_cloudtrail.csv:4950,,,,,,,,,,-1,-1,0
synthetic_cloudtrail.csv:4951,,,,,,,,,,-1,-1,0
synthetic_cloudtrail.csv:4952,,,,,,,,,,-1,-1,0
synthetic_cloudtrail.csv:4953,,,,,,,,,,-1,-1,0
synthetic_cloudtrail.csv:4954,,,,,,,,,,-1,-1,0
synthetic_cloudtrail.csv:4955,,,,,,,,,,-1,-1,0
synthetic_cloudtrail.csv:4956,,,,,,,,,,-1,-1,0
synthetic_cloudtrail.csv:4957,,,,,,,,,,-1,-1,0
synthetic_cloudtrail.csv:4958,,,,,,,,,,-1,-1,0
synthetic_cloudtrail.csv:4959,,,,,,,,,,-1,-1,0
synthetic_cloudtrail.csv:4960,,,,,,,,,,-1,-1,0
synthetic_cloudtrail.csv:4961,,,,,,,,,,-1,-1,0
synthetic_cloudtrail.csv:4962,,,,,,,,,,-1,-1,0
synthetic_cloudtrail.csv:4963,,,,,,,,,,-1,-1,0
synthetic_cloudtrail.csv:4964,,,,,,,,,,-1,-1,0
synthetic_cloudtrail.csv:4965,,,,,,,,,,-1,-1,0
synthetic_cloudtrail.csv:4966,,,,,,,,,,-1,-1,0
synthetic_cloudtrail.csv:4967,,,,,,,,,,-1,-1,0
synthetic_cloudtrail.csv:4968,,,,,,,,,,-1,-1,0
synthetic_cloudtrail.csv:4969,,,,,,,,,,-1,-1,0
synthetic_cloudtrail.csv:4970,,,,,,,,,,-1,-1,0
synthetic_cloudtrail.csv:4971,,,,,,,,,,-1,-1,0
synthetic_cloudtrail.csv:4972,,,,,,,,,,-1,-1,0
synthetic_cloudtrail.csv:4973,,,,,,,,,,-1,-1,0
synthetic_cloudtrail.csv:4974,,,,,,,,,,-1,-1,0
synthetic_cloudtrail.csv:4975,,,,,,,,,,-1,-1,0
synthetic_cloudtrail.csv:4976,,,,,,,,,,-1,-1,0
synthetic_cloudtrail.csv:4977,,,,,,,,,,-1,-1,0
synthetic_cloudtrail.csv:4978,,,,,,,,,,-1,-1,0
synthetic_cloudtrail.csv:4979,,,,,,,,,,-1,-1,0
synthetic_cloudtrail.csv:4980,,,,,,,,,,-1,-1,0
synthetic_cloudtrail.csv:4981,,,,,,,,,,-1,-1,0
synthetic_cloudtrail.csv:4982,,,,,,,,,,-1,-1,0
synthetic_cloudtrail.csv:4983,,,,,,,,,,-1,-1,0
synthetic_cloudtrail.csv:4984,,,,,,,,,,-1,-1,0
synthetic_cloudtrail.csv:4985,,,,,,,,,,-1,-1,0
synthetic_cloudtrail.csv:4986,,,,,,,,,,-1,-1,0
synthetic_cloudtrail.csv:4987,,,,,,,,,,-1,-1,0
synthetic_cloudtrail.csv:4988,,,,,,,,,,-1,-1,0
synthetic_cloudtrail.csv:4989,,,,,,,,,,-1,-1,0
synthetic_cloudtrail.csv:4990,,,,,,,,,,-1,-1,0
synthetic_cloudtrail.csv:4991,,,,,,,,,,-1,-1,0
synthetic_cloudtrail.csv:4992,,,,,,,,,,-1,-1,0
synthetic_cloudtrail.csv:4993,,,,,,,,,,-1,-1,0
synthetic_cloudtrail.csv:4994,,,,,,,,,,-1,-1,0
synthetic_cloudtrail.csv:4995,,,,,,,,,,-1,-1,0
synthetic_cloudtrail.csv:4996,,,,,,,,,,-1,-1,0
synthetic_cloudtrail.csv:4997,,,,,,,,,,-1,-1,0
synthetic_cloudtrail.csv:4998,,,,,,,,,,-1,-1,0
synthetic_cloudtrail.csv:4999,,,,,,,,,,-1,-1,0
synthetic_cloudtrail.csv:5000,,,,,,,,,,-1,-1,0
synthetic_cloudtrail.csv:5001,,,,,,,,,,-1,-1,0
synthetic_cloudtrail.csv:5002,,,,,,,,,,-1,-1,0
synthetic_cloudtrail.csv:5003,,,,,,,,,,-1,-1,0
synthetic_cloudtrail.csv:5004,,,,,,,,,,-1,-1,0
synthetic_cloudtrail.csv:5005,,,,,,,,,,-1,-1,0
synthetic_cloudtrail.csv:5006,,,,,,,,,,-1,-1,0
synthetic_cloudtrail.csv:5007,,,,,,,,,,-1,-1,0
synthetic_cloudtrail.csv:5008,,,,,,,,,,-1,-1,0
synthetic_cloudtrail.csv:5009,,,,,,,,,,-1,-1,0
synthetic_cloudtrail.csv:5010,,,,,,,,,,-1,-1,0
synthetic_cloudtrail.csv:5011,,,,,,,,,,-1,-1,0
synthetic_cloudtrail.csv:5012,,,,,,,,,,-1,-1,0
synthetic_cloudtrail.csv:5013,,,,,,,,,,-1,-1,0
synthetic_cloudtrail.csv:5014,,,,,,,,,,-1,-1,0
synthetic_cloudtrail.csv:5015,,,,,,,,,,-1,-1,0
synthetic_cloudtrail.csv:5016,,,,,,,,,,-1,-1,0
synthetic_cloudtrail.csv:5017,,,,,,,,,,-1,-1,0
synthetic_cloudtrail.csv:5018,,,,,,,,,,-1,-1,0
synthetic_cloudtrail.csv:5019,,,,,,,,,,-1,-1,0
synthetic_cloudtrail.csv:5020,,,,,,,,,,-1,-1,0
synthetic_cloudtrail.csv:5021,,,,,,,,,,-1,-1,0
synthetic_cloudtrail.csv:5022,,,,,,,,,,-1,-1,0
synthetic_cloudtrail.csv:5023,,,,,,,,,,-1,-1,0
synthetic_cloudtrail.csv:5024,,,,,,,,,,-1,-1,0
synthetic_cloudtrail.csv:5025,,,,,,,,,,-1,-1,0
synthetic_cloudtrail.csv:5026,,,,,,,,,,-1,-1,0
synthetic_cloudtrail.csv:5027,,,,,,,,,,-1,-1,0
synthetic_cloudtrail.csv:5028,,,,,,,,,,-1,-1,0
synthetic_cloudtrail.csv:5029,,,,,,,,,,-1,-1,0
synthetic_cloudtrail.csv:5030,,,,,,,,,,-1,-1,0
synthetic_cloudtrail.csv:5031,,,,,,,,,,-1,-1,0
synthetic_cloudtrail.csv:5032,,,,,,,,,,-1,-1,0
synthetic_cloudtrail.csv:5033,,,,,,,,,,-1,-1,0
synthetic_cloudtrail.csv:5034,,,,,,,,,,-1,-1,0
synthetic_cloudtrail.csv:5035,,,,,,,,,,-1,-1,0
synthetic_cloudtrail.csv:5036,,,,,,,,,,-1,-1,0
synthetic_cloudtrail.csv:5037,,,,,,,,,,-1,-1,0
synthetic_cloudtrail.csv:5038,,,,,,,,,,-1,-1,0
synthetic_cloudtrail.csv:5039,,,,,,,,,,-1,-1,0
synthetic_cloudtrail.csv:5040,,,,,,,,,,-1,-1,0
synthetic_cloudtrail.csv:5041,,,,,,,,,,-1,-1,0
synthetic_cloudtrail.csv:5042,,,,,,,,,,-1,-1,0
synthetic_cloudtrail.csv:5043,camp-ajcxymfneyyz,ec2_credential_extraction,reconnaissance,ec2_credential_extraction,,,,,,-1,-1,0
synthetic_cloudtrail.csv:5044,camp-ajcxymfneyyz,ec2_credential_extraction,reconnaissance,ec2_credential_extraction,,,,,,-1,-1,0
synthetic_cloudtrail.csv:5045,camp-ajcxymfneyyz,ec2_credential_extraction,reconnaissance,ec2_credential_extraction,,,,,,-1,-1,0
synthetic_cloudtrail.csv:5046,,,,,,,,,,-1,-1,0
synthetic_cloudtrail.csv:5047,camp-ajcxymfneyyz,ec2_credential_extraction,reconnaissance,ec2_credential_extraction,,,,,,-1,-1,0
synthetic_cloudtrail.csv:5048,camp-ajcxymfneyyz,ec2_credential_extraction,reconnaissance,ec2_credential_extraction,,,,,,-1,-1,0
synthetic_cloudtrail.csv:5049,camp-ajcxymfneyyz,ec2_credential_extraction,reconnaissance,ec2_credential_extraction,,,,,,-1,-1,0
synthetic_cloudtrail.csv:5050,,,,,,,,,,-1,-1,0
synthetic_cloudtrail.csv:5051,camp-ajcxymfneyyz,ec2_credential_extraction,reconnaissance,ec2_credential_extraction,,,,,,-1,-1,0
synthetic_cloudtrail.csv:5052,camp-ajcxymfneyyz,ec2_credential_extraction,reconnaissance,ec2_credential_extraction,,,,,,-1,-1,0
synthetic_cloudtrail.csv:5053,camp-ajcxymfneyyz,ec2_credential_extraction,credential-access,ec2_credential_extraction,evt-mgnrxdwlukkr,,evt-mgnrxdwlukkr,,,0,0,1
synthetic_cloudtrail.csv:5054,camp-ajcxymfneyyz,ec2_credential_extraction,credential-access,ec2_credential_extraction,evt-txidklmflbro,evt-mgnrxdwlukkr,evt-mgnrxdwlukkr,,,1,0,1
synthetic_cloudtrail.csv:5055,,,,,,,,,,-1,-1,0
synthetic_cloudtrail.csv:5056,camp-ajcxymfneyyz,ec2_credential_extraction,,ec2_credential_extraction,,,,,,-1,-1,0
synthetic_cloudtrail.csv:5057,camp-ajcxymfneyyz,ec2_credential_extraction,,ec2_credential_extraction,,,,,,-1,-1,0
synthetic_cloudtrail.csv:5058,,,,,,,,,,-1,-1,0
synthetic_cloudtrail.csv:5059,camp-ajcxymfneyyz,ec2_credential_extraction,,ec2_credential_extraction,,,,,,-1,-1,0
synthetic_cloudtrail.csv:5060,,,,,,,,,,-1,-1,0
synthetic_cloudtrail.csv:5061,,,,,,,,,,-1,-1,0
synthetic_cloudtrail.csv:5062,,,,,,,,,,-1,-1,0
synthetic_cloudtrail.csv:5063,,,,,,,,,,-1,-1,0
synthetic_cloudtrail.csv:5064,,,,,,,,,,-1,-1,0
synthetic_cloudtrail.csv:5065,,,,,,,,,,-1,-1,0
synthetic_cloudtrail.csv:5066,,,,,,,,,,-1,-1,0
synthetic_cloudtrail.csv:5067,,,,,,,,,,-1,-1,0
synthetic_cloudtrail.csv:5068,,,,,,,,,,-1,-1,0
synthetic_cloudtrail.csv:5069,,,,,,,,,,-1,-1,0
synthetic_cloudtrail.csv:5070,,,,,,,,,,-1,-1,0
synthetic_cloudtrail.csv:5071,,,,,,,,,,-1,-1,0
synthetic_cloudtrail.csv:5072,,,,,,,,,,-1,-1,0
synthetic_cloudtrail.csv:5073,,,,,,,,,,-1,-1,0
synthetic_cloudtrail.csv:5074,,,,,,,,,,-1,-1,0
synthetic_cloudtrail.csv:5075,camp-ypdczohpatoh,assume_then_attach_admin,reconnaissance,assume_then_attach_admin,,,,,,-1,-1,0
synthetic_cloudtrail.csv:5076,camp-ypdczohpatoh,assume_then_attach_admin,reconnaissance,assume_then_attach_admin,,,,,,-1,-1,0
synthetic_cloudtrail.csv:5077,camp-ypdczohpatoh,assume_then_attach_admin,reconnaissance,assume_then_attach_admin,,,,,,-1,-1,0
synthetic_cloudtrail.csv:5078,camp-ypdczohpatoh,assume_then_attach_admin,reconnaissance,assume_then_attach_admin,,,,,,-1,-1,0
synthetic_cloudtrail.csv:5079,camp-ypdczohpatoh,assume_then_attach_admin,reconnaissance,assume_then_attach_admin,,,,,,-1,-1,0
synthetic_cloudtrail.csv:5080,camp-ypdczohpatoh,assume_then_attach_admin,privilege-escalation,assume_then_attach_admin,evt-popvkdhqyylg,,evt-popvkdhqyylg,,,0,0,1
synthetic_cloudtrail.csv:5081,camp-ypdczohpatoh,assume_then_attach_admin,privilege-escalation,assume_then_attach_admin,evt-nfzlfjcjisbi,evt-popvkdhqyylg,evt-popvkdhqyylg,s3:GetObject;s3:ListBucket,*,1,1,1
synthetic_cloudtrail.csv:5082,camp-ypdczohpatoh,assume_then_attach_admin,privilege-escalation,assume_then_attach_admin,evt-kcjdkvoykchp,evt-nfzlfjcjisbi,evt-popvkdhqyylg,s3:GetObject;s3:ListBucket,*,2,1,1
synthetic_cloudtrail.csv:5083,camp-ypdczohpatoh,assume_then_attach_admin,,assume_then_attach_admin,,,,,,-1,-1,0
synthetic_cloudtrail.csv:5084,camp-ypdczohpatoh,assume_then_attach_admin,,assume_then_attach_admin,,,,,,-1,-1,0
synthetic_cloudtrail.csv:5085,camp-ypdczohpatoh,assume_then_attach_admin,,assume_then_attach_admin,,,,,,-1,-1,0
synthetic_cloudtrail.csv:5086,camp-ypdczohpatoh,assume_then_attach_admin,,assume_then_attach_admin,,,,,,-1,-1,0
synthetic_cloudtrail.csv:5087,camp-hmvckkqnfwup,secrets_manager_sweep,reconnaissance,secrets_manager_sweep,,,,,,-1,-1,0
synthetic_cloudtrail.csv:5088,camp-hmvckkqnfwup,secrets_manager_sweep,reconnaissance,secrets_manager_sweep,,,,,,-1,-1,0
synthetic_cloudtrail.csv:5089,camp-hmvckkqnfwup,secrets_manager_sweep,reconnaissance,secrets_manager_sweep,,,,,,-1,-1,0
synthetic_cloudtrail.csv:5090,camp-hmvckkqnfwup,secrets_manager_sweep,reconnaissance,secrets_manager_sweep,,,,,,-1,-1,0
synthetic_cloudtrail.csv:5091,camp-hmvckkqnfwup,secrets_manager_sweep,credential-access,secrets_manager_sweep,evt-jiizinvqhevw,evt-suerwwpnkdqk,evt-suerwwpnkdqk,,,1,0,1
synthetic_cloudtrail.csv:5092,camp-hmvckkqnfwup,secrets_manager_sweep,credential-access,secrets_manager_sweep,evt-suerwwpnkdqk,,evt-suerwwpnkdqk,,,0,0,1
synthetic_cloudtrail.csv:5093,camp-hmvckkqnfwup,secrets_manager_sweep,credential-access,secrets_manager_sweep,evt-aeraovppbzuf,evt-jiizinvqhevw,evt-suerwwpnkdqk,,,2,0,1
synthetic_cloudtrail.csv:5094,camp-hmvckkqnfwup,secrets_manager_sweep,,secrets_manager_sweep,,,,,,-1,-1,0
synthetic_cloudtrail.csv:5095,camp-hmvckkqnfwup,secrets_manager_sweep,,secrets_manager_sweep,,,,,,-1,-1,0
synthetic_cloudtrail.csv:5096,camp-jstdblyslhli,create_user_accesskey_policy,reconnaissance,create_user_accesskey_policy,,,,,,-1,-1,0
synthetic_cloudtrail.csv:5097,camp-jstdblyslhli,create_user_accesskey_policy,reconnaissance,create_user_accesskey_policy,,,,,,-1,-1,0
synthetic_cloudtrail.csv:5098,camp-jstdblyslhli,create_user_accesskey_policy,reconnaissance,create_user_accesskey_policy,,,,,,-1,-1,0
synthetic_cloudtrail.csv:5099,camp-jstdblyslhli,create_user_accesskey_policy,reconnaissance,create_user_accesskey_policy,,,,,,-1,-1,0
synthetic_cloudtrail.csv:5100,camp-jstdblyslhli,create_user_accesskey_policy,reconnaissance,create_user_accesskey_policy,,,,,,-1,-1,0
synthetic_cloudtrail.csv:5101,camp-jstdblyslhli,create_user_accesskey_policy,reconnaissance,create_user_accesskey_policy,,,,,,-1,-1,0
synthetic_cloudtrail.csv:5102,camp-jstdblyslhli,create_user_accesskey_policy,reconnaissance,create_user_accesskey_policy,,,,,,-1,-1,0
synthetic_cloudtrail.csv:5103,camp-jstdblyslhli,create_user_accesskey_policy,persistence,create_user_accesskey_policy,evt-kqqibjfvefqk,,evt-kqqibjfvefqk,,,0,0,1
synthetic_cloudtrail.csv:5104,camp-jstdblyslhli,create_user_accesskey_policy,privilege-escalation,create_user_accesskey_policy,evt-mvftwbosmidd,evt-kqqibjfvefqk,evt-kqqibjfvefqk,,,1,0,1
synthetic_cloudtrail.csv:5105,camp-jstdblyslhli,create_user_accesskey_policy,privilege-escalation,create_user_accesskey_policy,evt-wjdkymhmsxgs,evt-mvftwbosmidd,evt-kqqibjfvefqk,s3:GetObject;s3:ListBucket,*,2,0,1
synthetic_cloudtrail.csv:5106,camp-jstdblyslhli,create_user_accesskey_policy,,create_user_accesskey_policy,,,,,,-1,-1,0
synthetic_cloudtrail.csv:5107,camp-jstdblyslhli,create_user_accesskey_policy,,create_user_accesskey_policy,,,,,,-1,-1,0
synthetic_cloudtrail.csv:5108,camp-jstdblyslhli,create_user_accesskey_policy,,create_user_accesskey_policy,,,,,,-1,-1,0
synthetic_cloudtrail.csv:5109,,,,,,,,,,-1,-1,0
synthetic_cloudtrail.csv:5110,,,,,,,,,,-1,-1,0
synthetic_cloudtrail.csv:5111,,,,,,,,,,-1,-1,0
synthetic_cloudtrail.csv:5112,,,,,,,,,,-1,-1,0
synthetic_cloudtrail.csv:5113,,,,,,,,,,-1,-1,0
synthetic_cloudtrail.csv:5114,,,,,,,,,,-1,-1,0
synthetic_cloudtrail.csv:5115,,,,,,,,,,-1,-1,0
synthetic_cloudtrail.csv:5116,,,,,,,,,,-1,-1,0
synthetic_cloudtrail.csv:5117,,,,,,,,,,-1,-1,0
synthetic_cloudtrail.csv:5118,,,,,,,,,,-1,-1,0
synthetic_cloudtrail.csv:5119,,,,,,,,,,-1,-1,0
synthetic_cloudtrail.csv:5120,,,,,,,,,,-1,-1,0
synthetic_cloudtrail.csv:5121,,,,,,,,,,-1,-1,0
synthetic_cloudtrail.csv:5122,,,,,,,,,,-1,-1,0
synthetic_cloudtrail.csv:5123,,,,,,,,,,-1,-1,0
synthetic_cloudtrail.csv:5124,,,,,,,,,,-1,-1,0
synthetic_cloudtrail.csv:5125,,,,,,,,,,-1,-1,0
synthetic_cloudtrail.csv:5126,,,,,,,,,,-1,-1,0
synthetic_cloudtrail.csv:5127,,,,,,,,,,-1,-1,0
synthetic_cloudtrail.csv:5128,,,,,,,,,,-1,-1,0
synthetic_cloudtrail.csv:5129,,,,,,,,,,-1,-1,0
synthetic_cloudtrail.csv:5130,,,,,,,,,,-1,-1,0
synthetic_cloudtrail.csv:5131,,,,,,,,,,-1,-1,0
synthetic_cloudtrail.csv:5132,,,,,,,,,,-1,-1,0
synthetic_cloudtrail.csv:5133,,,,,,,,,,-1,-1,0
synthetic_cloudtrail.csv:5134,,,,,,,,,,-1,-1,0
synthetic_cloudtrail.csv:5135,,,,,,,,,,-1,-1,0
synthetic_cloudtrail.csv:5136,,,,,,,,,,-1,-1,0
synthetic_cloudtrail.csv:5137,,,,,,,,,,-1,-1,0
synthetic_cloudtrail.csv:5138,,,,,,,,,,-1,-1,0
synthetic_cloudtrail.csv:5139,,,,,,,,,,-1,-1,0
synthetic_cloudtrail.csv:5140,,,,,,,,,,-1,-1,0
synthetic_cloudtrail.csv:5141,,,,,,,,,,-1,-1,0
synthetic_cloudtrail.csv:5142,,,,,,,,,,-1,-1,0
synthetic_cloudtrail.csv:5143,,,,,,,,,,-1,-1,0
synthetic_cloudtrail.csv:5144,,,,,,,,,,-1,-1,0
synthetic_cloudtrail.csv:5145,,,,,,,,,,-1,-1,0
synthetic_cloudtrail.csv:5146,,,,,,,,,,-1,-1,0
synthetic_cloudtrail.csv:5147,,,,,,,,,,-1,-1,0
synthetic_cloudtrail.csv:5148,,,,,,,,,,-1,-1,0
synthetic_cloudtrail.csv:5149,,,,,,,,,,-1,-1,0
synthetic_cloudtrail.csv:5150,,,,,,,,,,-1,-1,0
synthetic_cloudtrail.csv:5151,,,,,,,,,,-1,-1,0
synthetic_cloudtrail.csv:5152,,,,,,,,,,-1,-1,0
synthetic_cloudtrail.csv:5153,,,,,,,,,,-1,-1,0
synthetic_cloudtrail.csv:5154,,,,,,,,,,-1,-1,0
synthetic_cloudtrail.csv:5155,,,,,,,,,,-1,-1,0
synthetic_cloudtrail.csv:5156,,,,,,,,,,-1,-1,0
synthetic_cloudtrail.csv:5157,,,,,,,,,,-1,-1,0
synthetic_cloudtrail.csv:5158,,,,,,,,,,-1,-1,0
synthetic_cloudtrail.csv:5159,,,,,,,,,,-1,-1,0
synthetic_cloudtrail.csv:5160,,,,,,,,,,-1,-1,0
synthetic_cloudtrail.csv:5161,,,,,,,,,,-1,-1,0
synthetic_cloudtrail.csv:5162,,,,,,,,,,-1,-1,0
synthetic_cloudtrail.csv:5163,,,,,,,,,,-1,-1,0
synthetic_cloudtrail.csv:5164,,,,,,,,,,-1,-1,0
synthetic_cloudtrail.csv:5165,,,,,,,,,,-1,-1,0
synthetic_cloudtrail.csv:5166,,,,,,,,,,-1,-1,0
synthetic_cloudtrail.csv:5167,,,,,,,,,,-1,-1,0
synthetic_cloudtrail.csv:5168,,,,,,,,,,-1,-1,0
synthetic_cloudtrail.csv:5169,,,,,,,,,,-1,-1,0
synthetic_cloudtrail.csv:5170,,,,,,,,,,-1,-1,0
synthetic_cloudtrail.csv:5171,,,,,,,,,,-1,-1,0
synthetic_cloudtrail.csv:5172,,,,,,,,,,-1,-1,0
synthetic_cloudtrail.csv:5173,,,,,,,,,,-1,-1,0
synthetic_cloudtrail.csv:5174,,,,,,,,,,-1,-1,0
synthetic_cloudtrail.csv:5175,,,,,,,,,,-1,-1,0
synthetic_cloudtrail.csv:5176,,,,,,,,,,-1,-1,0
synthetic_cloudtrail.csv:5177,,,,,,,,,,-1,-1,0
synthetic_cloudtrail.csv:5178,,,,,,,,,,-1,-1,0
synthetic_cloudtrail.csv:5179,,,,,,,,,,-1,-1,0
synthetic_cloudtrail.csv:5180,,,,,,,,,,-1,-1,0
synthetic_cloudtrail.csv:5181,,,,,,,,,,-1,-1,0
synthetic_cloudtrail.csv:5182,,,,,,,,,,-1,-1,0
synthetic_cloudtrail.csv:5183,,,,,,,,,,-1,-1,0
synthetic_cloudtrail.csv:5184,,,,,,,,,,-1,-1,0
synthetic_cloudtrail.csv:5185,,,,,,,,,,-1,-1,0
synthetic_cloudtrail.csv:5186,,,,,,,,,,-1,-1,0
synthetic_cloudtrail.csv:5187,,,,,,,,,,-1,-1,0
synthetic_cloudtrail.csv:5188,,,,,,,,,,-1,-1,0
synthetic_cloudtrail.csv:5189,,,,,,,,,,-1,-1,0
synthetic_cloudtrail.csv:5190,,,,,,,,,,-1,-1,0
synthetic_cloudtrail.csv:5191,,,,,,,,,,-1,-1,0
synthetic_cloudtrail.csv:5192,,,,,,,,,,-1,-1,0
synthetic_cloudtrail.csv:5193,,,,,,,,,,-1,-1,0
synthetic_cloudtrail.csv:5194,,,,,,,,,,-1,-1,0
synthetic_cloudtrail.csv:5195,camp-mcopeqmzlmwh,ec2_password_data,reconnaissance,ec2_password_data,,,,,,-1,-1,0
synthetic_cloudtrail.csv:5196,camp-mcopeqmzlmwh,ec2_password_data,reconnaissance,ec2_password_data,,,,,,-1,-1,0
synthetic_cloudtrail.csv:5197,camp-mcopeqmzlmwh,ec2_password_data,reconnaissance,ec2_password_data,,,,,,-1,-1,0
synthetic_cloudtrail.csv:5198,camp-mcopeqmzlmwh,ec2_password_data,reconnaissance,ec2_password_data,,,,,,-1,-1,0
synthetic_cloudtrail.csv:5199,camp-mcopeqmzlmwh,ec2_password_data,persistence,ec2_password_data,evt-zxqzzqwbqiyj,,evt-zxqzzqwbqiyj,,,0,0,1
synthetic_cloudtrail.csv:5200,camp-mcopeqmzlmwh,ec2_password_data,privilege-escalation,ec2_password_data,evt-bnlfembpglsu,evt-zxqzzqwbqiyj,evt-zxqzzqwbqiyj,s3:GetObject,iam:*;s3:*;sts:AssumeRole,1,0,1
synthetic_cloudtrail.csv:5201,camp-mcopeqmzlmwh,ec2_password_data,credential-access,ec2_password_data,evt-ggmetghkdtfy,evt-bnlfembpglsu,evt-zxqzzqwbqiyj,,,2,0,1
synthetic_cloudtrail.csv:5202,camp-mcopeqmzlmwh,ec2_password_data,,ec2_password_data,,,,,,-1,-1,0
synthetic_cloudtrail.csv:5203,camp-mcopeqmzlmwh,ec2_password_data,,ec2_password_data,,,,,,-1,-1,0
synthetic_cloudtrail.csv:5204,camp-mcopeqmzlmwh,ec2_password_data,,ec2_password_data,,,,,,-1,-1,0
synthetic_cloudtrail.csv:5205,camp-mpbmpefkkkvi,ec2_credential_extraction,reconnaissance,ec2_credential_extraction,,,,,,-1,-1,0
synthetic_cloudtrail.csv:5206,camp-mpbmpefkkkvi,ec2_credential_extraction,reconnaissance,ec2_credential_extraction,,,,,,-1,-1,0
synthetic_cloudtrail.csv:5207,camp-mpbmpefkkkvi,ec2_credential_extraction,reconnaissance,ec2_credential_extraction,,,,,,-1,-1,0
synthetic_cloudtrail.csv:5208,camp-mpbmpefkkkvi,ec2_credential_extraction,reconnaissance,ec2_credential_extraction,,,,,,-1,-1,0
synthetic_cloudtrail.csv:5209,camp-mpbmpefkkkvi,ec2_credential_extraction,reconnaissance,ec2_credential_extraction,,,,,,-1,-1,0
synthetic_cloudtrail.csv:5210,camp-mpbmpefkkkvi,ec2_credential_extraction,reconnaissance,ec2_credential_extraction,,,,,,-1,-1,0
synthetic_cloudtrail.csv:5211,camp-mpbmpefkkkvi,ec2_credential_extraction,reconnaissance,ec2_credential_extraction,,,,,,-1,-1,0
synthetic_cloudtrail.csv:5212,camp-mpbmpefkkkvi,ec2_credential_extraction,reconnaissance,ec2_credential_extraction,,,,,,-1,-1,0
synthetic_cloudtrail.csv:5213,camp-mpbmpefkkkvi,ec2_credential_extraction,credential-access,ec2_credential_extraction,evt-qrleulidtdyu,,evt-qrleulidtdyu,,,0,0,1
synthetic_cloudtrail.csv:5214,camp-mpbmpefkkkvi,ec2_credential_extraction,credential-access,ec2_credential_extraction,evt-mrgzywkkwxjx,evt-qrleulidtdyu,evt-qrleulidtdyu,,,1,0,1
synthetic_cloudtrail.csv:5215,camp-mpbmpefkkkvi,ec2_credential_extraction,,ec2_credential_extraction,,,,,,-1,-1,0
synthetic_cloudtrail.csv:5216,camp-mpbmpefkkkvi,ec2_credential_extraction,,ec2_credential_extraction,,,,,,-1,-1,0
synthetic_cloudtrail.csv:5217,camp-mpbmpefkkkvi,ec2_credential_extraction,,ec2_credential_extraction,,,,,,-1,-1,0
synthetic_cloudtrail.csv:5218,camp-mpbmpefkkkvi,ec2_credential_extraction,,ec2_credential_extraction,,,,,,-1,-1,0
synthetic_cloudtrail.csv:5219,camp-mpbmpefkkkvi,ec2_credential_extraction,,ec2_credential_extraction,,,,,,-1,-1,0
synthetic_cloudtrail.csv:5220,,,,,,,,,,-1,-1,0
synthetic_cloudtrail.csv:5221,,,,,,,,,,-1,-1,0
synthetic_cloudtrail.csv:5222,,,,,,,,,,-1,-1,0
synthetic_cloudtrail.csv:5223,,,,,,,,,,-1,-1,0
synthetic_cloudtrail.csv:5224,,,,,,,,,,-1,-1,0
synthetic_cloudtrail.csv:5225,,,,,,,,,,-1,-1,0
synthetic_cloudtrail.csv:5226,,,,,,,,,,-1,-1,0
synthetic_cloudtrail.csv:5227,,,,,,,,,,-1,-1,0
synthetic_cloudtrail.csv:5228,,,,,,,,,,-1,-1,0
synthetic_cloudtrail.csv:5229,,,,,,,,,,-1,-1,0
synthetic_cloudtrail.csv:5230,,,,,,,,,,-1,-1,0
synthetic_cloudtrail.csv:5231,camp-meovzghrkgum,update_assume_role_policy,reconnaissance,update_assume_role_policy,,,,,,-1,-1,0
synthetic_cloudtrail.csv:5232,camp-meovzghrkgum,update_assume_role_policy,reconnaissance,update_assume_role_policy,,,,,,-1,-1,0
synthetic_cloudtrail.csv:5233,camp-meovzghrkgum,update_assume_role_policy,reconnaissance,update_assume_role_policy,,,,,,-1,-1,0
synthetic_cloudtrail.csv:5234,camp-meovzghrkgum,update_assume_role_policy,reconnaissance,update_assume_role_policy,,,,,,-1,-1,0
synthetic_cloudtrail.csv:5235,camp-meovzghrkgum,update_assume_role_policy,reconnaissance,update_assume_role_policy,,,,,,-1,-1,0
synthetic_cloudtrail.csv:5236,camp-meovzghrkgum,update_assume_role_policy,reconnaissance,update_assume_role_policy,,,,,,-1,-1,0
synthetic_cloudtrail.csv:5237,camp-meovzghrkgum,update_assume_role_policy,reconnaissance,update_assume_role_policy,,,,,,-1,-1,0
synthetic_cloudtrail.csv:5238,camp-meovzghrkgum,update_assume_role_policy,persistence,update_assume_role_policy,evt-maxpicgnsegb,,evt-maxpicgnsegb,,sts:AssumeRole/*,0,0,1
synthetic_cloudtrail.csv:5239,camp-meovzghrkgum,update_assume_role_policy,privilege-escalation,update_assume_role_policy,evt-zwbyztncigim,evt-maxpicgnsegb,evt-maxpicgnsegb,,,1,0,1
synthetic_cloudtrail.csv:5240,camp-meovzghrkgum,update_assume_role_policy,credential-access,update_assume_role_policy,evt-pdjfzlcrbplu,evt-zwbyztncigim,evt-maxpicgnsegb,,,2,1,1
synthetic_cloudtrail.csv:5241,camp-meovzghrkgum,update_assume_role_policy,,update_assume_role_policy,,,,,,-1,-1,0
synthetic_cloudtrail.csv:5242,camp-meovzghrkgum,update_assume_role_policy,,update_assume_role_policy,,,,,,-1,-1,0
synthetic_cloudtrail.csv:5243,camp-meovzghrkgum,update_assume_role_policy,,update_assume_role_policy,,,,,,-1,-1,0
synthetic_cloudtrail.csv:5244,,,,,,,,,,-1,-1,0
synthetic_cloudtrail.csv:5245,,,,,,,,,,-1,-1,0
synthetic_cloudtrail.csv:5246,,,,,,,,,,-1,-1,0
synthetic_cloudtrail.csv:5247,,,,,,,,,,-1,-1,0
synthetic_cloudtrail.csv:5248,,,,,,,,,,-1,-1,0
synthetic_cloudtrail.csv:5249,,,,,,,,,,-1,-1,0
synthetic_cloudtrail.csv:5250,,,,,,,,,,-1,-1,0
synthetic_cloudtrail.csv:5251,,,,,,,,,,-1,-1,0
synthetic_cloudtrail.csv:5252,,,,,,,,,,-1,-1,0
synthetic_cloudtrail.csv:5253,,,,,,,,,,-1,-1,0
synthetic_cloudtrail.csv:5254,,,,,,,,,,-1,-1,0
synthetic_cloudtrail.csv:5255,,,,,,,,,,-1,-1,0
synthetic_cloudtrail.csv:5256,,,,,,,,,,-1,-1,0
synthetic_cloudtrail.csv:5257,,,,,,,,,,-1,-1,0
synthetic_cloudtrail.csv:5258,,,,,,,,,,-1,-1,0
synthetic_cloudtrail.csv:5259,,,,,,,,,,-1,-1,0
synthetic_cloudtrail.csv:5260,,,,,,,,,,-1,-1,0
synthetic_cloudtrail.csv:5261,,,,,,,,,,-1,-1,0
synthetic_cloudtrail.csv:5262,camp-kecrwirbbaze,secrets_manager_sweep,reconnaissance,secrets_manager_sweep,,,,,,-1,-1,0
synthetic_cloudtrail.csv:5263,camp-kecrwirbbaze,secrets_manager_sweep,reconnaissance,secrets_manager_sweep,,,,,,-1,-1,0
synthetic_cloudtrail.csv:5264,camp-kecrwirbbaze,secrets_manager_sweep,reconnaissance,secrets_manager_sweep,,,,,,-1,-1,0
synthetic_cloudtrail.csv:5265,camp-kecrwirbbaze,secrets_manager_sweep,reconnaissance,secrets_manager_sweep,,,,,,-1,-1,0
synthetic_cloudtrail.csv:5266,,,,,,,,,,-1,-1,0
synthetic_cloudtrail.csv:5267,camp-kecrwirbbaze,secrets_manager_sweep,reconnaissance,secrets_manager_sweep,,,,,,-1,-1,0
synthetic_cloudtrail.csv:5268,camp-kecrwirbbaze,secrets_manager_sweep,reconnaissance,secrets_manager_sweep,,,,,,-1,-1,0
synthetic_cloudtrail.csv:5269,camp-kecrwirbbaze,secrets_manager_sweep,reconnaissance,secrets_manager_sweep,,,,,,-1,-1,0
synthetic_cloudtrail.csv:5270,camp-kecrwirbbaze,secrets_manager_sweep,credential-access,secrets_manager_sweep,evt-pxbhqovcvdlq,evt-jdjyiahakjkw,evt-jdjyiahakjkw,,,1,0,1
synthetic_cloudtrail.csv:5271,camp-kecrwirbbaze,secrets_manager_sweep,credential-access,secrets_manager_sweep,evt-jdjyiahakjkw,,evt-jdjyiahakjkw,,,0,0,1
synthetic_cloudtrail.csv:5272,camp-kecrwirbbaze,secrets_manager_sweep,credential-access,secrets_manager_sweep,evt-sqljrjqmhzoy,evt-pxbhqovcvdlq,evt-jdjyiahakjkw,,,2,0,1
synthetic_cloudtrail.csv:5273,camp-kecrwirbbaze,secrets_manager_sweep,,secrets_manager_sweep,,,,,,-1,-1,0
synthetic_cloudtrail.csv:5274,,,,,,,,,,-1,-1,0
synthetic_cloudtrail.csv:5275,camp-kecrwirbbaze,secrets_manager_sweep,,secrets_manager_sweep,,,,,,-1,-1,0
synthetic_cloudtrail.csv:5276,,,,,,,,,,-1,-1,0
synthetic_cloudtrail.csv:5277,camp-kecrwirbbaze,secrets_manager_sweep,,secrets_manager_sweep,,,,,,-1,-1,0
synthetic_cloudtrail.csv:5278,,,,,,,,,,-1,-1,0
synthetic_cloudtrail.csv:5279,,,,,,,,,,-1,-1,0
synthetic_cloudtrail.csv:5280,,,,,,,,,,-1,-1,0
synthetic_cloudtrail.csv:5281,,,,,,,,,,-1,-1,0
synthetic_cloudtrail.csv:5282,,,,,,,,,,-1,-1,0
synthetic_cloudtrail.csv:5283,,,,,,,,,,-1,-1,0
synthetic_cloudtrail.csv:5284,,,,,,,,,,-1,-1,0
synthetic_cloudtrail.csv:5285,,,,,,,,,,-1,-1,0
synthetic_cloudtrail.csv:5286,,,,,,,,,,-1,-1,0
synthetic_cloudtrail.csv:5287,,,,,,,,,,-1,-1,0
synthetic_cloudtrail.csv:5288,,,,,,,,,,-1,-1,0
synthetic_cloudtrail.csv:5289,,,,,,,,,,-1,-1,0
synthetic_cloudtrail.csv:5290,,,,,,,,,,-1,-1,0
synthetic_cloudtrail.csv:5291,,,,,,,,,,-1,-1,0
synthetic_cloudtrail.csv:5292,,,,,,,,,,-1,-1,0
synthetic_cloudtrail.csv:5293,,,,,,,,,,-1,-1,0
synthetic_cloudtrail.csv:5294,,,,,,,,,,-1,-1,0
synthetic_cloudtrail.csv:5295,,,,,,,,,,-1,-1,0
synthetic_cloudtrail.csv:5296,,,,,,,,,,-1,-1,0
synthetic_cloudtrail.csv:5297,,,,,,,,,,-1,-1,0
synthetic_cloudtrail.csv:5298,,,,,,,,,,-1,-1,0
synthetic_cloudtrail.csv:5299,,,,,,,,,,-1,-1,0
synthetic_cloudtrail.csv:5300,camp-cjsnbppldkvn,ec2_password_data,reconnaissance,ec2_password_data,,,,,,-1,-1,0
synthetic_cloudtrail.csv:5301,camp-cjsnbppldkvn,ec2_password_data,reconnaissance,ec2_password_data,,,,,,-1,-1,0
synthetic_cloudtrail.csv:5302,camp-cjsnbppldkvn,ec2_password_data,reconnaissance,ec2_password_data,,,,,,-1,-1,0
synthetic_cloudtrail.csv:5303,camp-cjsnbppldkvn,ec2_password_data,reconnaissance,ec2_password_data,,,,,,-1,-1,0
synthetic_cloudtrail.csv:5304,camp-cjsnbppldkvn,ec2_password_data,persistence,ec2_password_data,evt-iwkykphhdbsr,,evt-iwkykphhdbsr,,,0,0,1
synthetic_cloudtrail.csv:5305,camp-cjsnbppldkvn,ec2_password_data,privilege-escalation,ec2_password_data,evt-vmlsxpcfepkd,evt-iwkykphhdbsr,evt-iwkykphhdbsr,s3:GetObject,iam:*;s3:*;sts:AssumeRole,1,0,1
synthetic_cloudtrail.csv:5306,camp-cjsnbppldkvn,ec2_password_data,credential-access,ec2_password_data,evt-eaohdaieuvfi,evt-vmlsxpcfepkd,evt-iwkykphhdbsr,,,2,0,1
synthetic_cloudtrail.csv:5307,camp-cjsnbppldkvn,ec2_password_data,,ec2_password_data,,,,,,-1,-1,0
synthetic_cloudtrail.csv:5308,camp-cjsnbppldkvn,ec2_password_data,,ec2_password_data,,,,,,-1,-1,0
synthetic_cloudtrail.csv:5309,camp-cjsnbppldkvn,ec2_password_data,,ec2_password_data,,,,,,-1,-1,0
synthetic_cloudtrail.csv:5310,,,,,,,,,,-1,-1,0
synthetic_cloudtrail.csv:5311,,,,,,,,,,-1,-1,0
synthetic_cloudtrail.csv:5312,,,,,,,,,,-1,-1,0
synthetic_cloudtrail.csv:5313,,,,,,,,,,-1,-1,0
synthetic_cloudtrail.csv:5314,,,,,,,,,,-1,-1,0
synthetic_cloudtrail.csv:5315,,,,,,,,,,-1,-1,0
synthetic_cloudtrail.csv:5316,,,,,,,,,,-1,-1,0
synthetic_cloudtrail.csv:5317,,,,,,,,,,-1,-1,0
synthetic_cloudtrail.csv:5318,,,,,,,,,,-1,-1,0
synthetic_cloudtrail.csv:5319,,,,,,,,,,-1,-1,0
synthetic_cloudtrail.csv:5320,,,,,,,,,,-1,-1,0
synthetic_cloudtrail.csv:5321,,,,,,,,,,-1,-1,0
synthetic_cloudtrail.csv:5322,,,,,,,,,,-1,-1,0
synthetic_cloudtrail.csv:5323,,,,,,,,,,-1,-1,0
synthetic_cloudtrail.csv:5324,,,,,,,,,,-1,-1,0
synthetic_cloudtrail.csv:5325,,,,,,,,,,-1,-1,0
synthetic_cloudtrail.csv:5326,,,,,,,,,,-1,-1,0
synthetic_cloudtrail.csv:5327,camp-rhkcabvglpbr,create_role_inline_policy,reconnaissance,create_role_inline_policy,,,,,,-1,-1,0
synthetic_cloudtrail.csv:5328,camp-rhkcabvglpbr,create_role_inline_policy,reconnaissance,create_role_inline_policy,,,,,,-1,-1,0
synthetic_cloudtrail.csv:5329,camp-rhkcabvglpbr,create_role_inline_policy,reconnaissance,create_role_inline_policy,,,,,,-1,-1,0
synthetic_cloudtrail.csv:5330,camp-rhkcabvglpbr,create_role_inline_policy,reconnaissance,create_role_inline_policy,,,,,,-1,-1,0
synthetic_cloudtrail.csv:5331,camp-rhkcabvglpbr,create_role_inline_policy,reconnaissance,create_role_inline_policy,,,,,,-1,-1,0
synthetic_cloudtrail.csv:5332,camp-rhkcabvglpbr,create_role_inline_policy,reconnaissance,create_role_inline_policy,,,,,,-1,-1,0
synthetic_cloudtrail.csv:5333,camp-rhkcabvglpbr,create_role_inline_policy,reconnaissance,create_role_inline_policy,,,,,,-1,-1,0
synthetic_cloudtrail.csv:5334,camp-rhkcabvglpbr,create_role_inline_policy,reconnaissance,create_role_inline_policy,,,,,,-1,-1,0
synthetic_cloudtrail.csv:5335,camp-rhkcabvglpbr,create_role_inline_policy,persistence,create_role_inline_policy,evt-zbedwrvisicz,,evt-zbedwrvisicz,,,0,0,1
synthetic_cloudtrail.csv:5336,camp-rhkcabvglpbr,create_role_inline_policy,privilege-escalation,create_role_inline_policy,evt-uamymepxuobc,evt-zbedwrvisicz,evt-zbedwrvisicz,s3:GetObject,iam:*;s3:*;sts:AssumeRole,1,0,1
synthetic_cloudtrail.csv:5337,camp-rhkcabvglpbr,create_role_inline_policy,,create_role_inline_policy,,,,,,-1,-1,0
synthetic_cloudtrail.csv:5338,camp-rhkcabvglpbr,create_role_inline_policy,,create_role_inline_policy,,,,,,-1,-1,0
synthetic_cloudtrail.csv:5339,camp-rhkcabvglpbr,create_role_inline_policy,,create_role_inline_policy,,,,,,-1,-1,0
synthetic_cloudtrail.csv:5340,camp-rhkcabvglpbr,create_role_inline_policy,,create_role_inline_policy,,,,,,-1,-1,0
synthetic_cloudtrail.csv:5341,,,,,,,,,,-1,-1,0
synthetic_cloudtrail.csv:5342,,,,,,,,,,-1,-1,0
synthetic_cloudtrail.csv:5343,,,,,,,,,,-1,-1,0
synthetic_cloudtrail.csv:5344,,,,,,,,,,-1,-1,0
synthetic_cloudtrail.csv:5345,,,,,,,,,,-1,-1,0
synthetic_cloudtrail.csv:5346,,,,,,,,,,-1,-1,0
synthetic_cloudtrail.csv:5347,,,,,,,,,,-1,-1,0
synthetic_cloudtrail.csv:5348,,,,,,,,,,-1,-1,0
synthetic_cloudtrail.csv:5349,,,,,,,,,,-1,-1,0
synthetic_cloudtrail.csv:5350,,,,,,,,,,-1,-1,0
synthetic_cloudtrail.csv:5351,,,,,,,,,,-1,-1,0
synthetic_cloudtrail.csv:5352,,,,,,,,,,-1,-1,0
synthetic_cloudtrail.csv:5353,,,,,,,,,,-1,-1,0
synthetic_cloudtrail.csv:5354,,,,,,,,,,-1,-1,0
synthetic_cloudtrail.csv:5355,,,,,,,,,,-1,-1,0
synthetic_cloudtrail.csv:5356,,,,,,,,,,-1,-1,0
synthetic_cloudtrail.csv:5357,,,,,,,,,,-1,-1,0
synthetic_cloudtrail.csv:5358,,,,,,,,,,-1,-1,0
synthetic_cloudtrail.csv:5359,,,,,,,,,,-1,-1,0
synthetic_cloudtrail.csv:5360,,,,,,,,,,-1,-1,0
synthetic_cloudtrail.csv:5361,,,,,,,,,,-1,-1,0
synthetic_cloudtrail.csv:5362,camp-mtqgbozgepau,create_user_accesskey_policy,reconnaissance,create_user_accesskey_policy,,,,,,-1,-1,0
synthetic_cloudtrail.csv:5363,camp-mtqgbozgepau,create_user_accesskey_policy,reconnaissance,create_user_accesskey_policy,,,,,,-1,-1,0
synthetic_cloudtrail.csv:5364,camp-mtqgbozgepau,create_user_accesskey_policy,reconnaissance,create_user_accesskey_policy,,,,,,-1,-1,0
synthetic_cloudtrail.csv:5365,camp-mtqgbozgepau,create_user_accesskey_policy,persistence,create_user_accesskey_policy,evt-yyhfhsjkdgti,,evt-yyhfhsjkdgti,,,0,0,1
synthetic_cloudtrail.csv:5366,camp-mtqgbozgepau,create_user_accesskey_policy,privilege-escalation,create_user_accesskey_policy,evt-erxomkadqtvw,evt-yyhfhsjkdgti,evt-yyhfhsjkdgti,,,1,0,1
synthetic_cloudtrail.csv:5367,camp-mtqgbozgepau,create_user_accesskey_policy,privilege-escalation,create_user_accesskey_policy,evt-ivfmkvstvxkz,evt-erxomkadqtvw,evt-yyhfhsjkdgti,s3:GetObject;s3:ListBucket,*,2,0,1
synthetic_cloudtrail.csv:5368,camp-mtqgbozgepau,create_user_accesskey_policy,,create_user_accesskey_policy,,,,,,-1,-1,0
synthetic_cloudtrail.csv:5369,camp-mtqgbozgepau,create_user_accesskey_policy,,create_user_accesskey_policy,,,,,,-1,-1,0
synthetic_cloudtrail.csv:5370,camp-mtqgbozgepau,create_user_accesskey_policy,,create_user_accesskey_policy,,,,,,-1,-1,0
synthetic_cloudtrail.csv:5371,camp-mtqgbozgepau,create_user_accesskey_policy,,create_user_accesskey_policy,,,,,,-1,-1,0
synthetic_cloudtrail.csv:5372,camp-mtqgbozgepau,create_user_accesskey_policy,,create_user_accesskey_policy,,,,,,-1,-1,0
synthetic_cloudtrail.csv:5373,camp-iqxfsfjsbgac,create_user_console_access,reconnaissance,create_user_console_access,,,,,,-1,-1,0
synthetic_cloudtrail.csv:5374,camp-iqxfsfjsbgac,create_user_console_access,reconnaissance,create_user_console_access,,,,,,-1,-1,0
synthetic_cloudtrail.csv:5375,camp-iqxfsfjsbgac,create_user_console_access,reconnaissance,create_user_console_access,,,,,,-1,-1,0
synthetic_cloudtrail.csv:5376,camp-iqxfsfjsbgac,create_user_console_access,reconnaissance,create_user_console_access,,,,,,-1,-1,0
synthetic_cloudtrail.csv:5377,camp-iqxfsfjsbgac,create_user_console_access,reconnaissance,create_user_console_access,,,,,,-1,-1,0
synthetic_cloudtrail.csv:5378,camp-iqxfsfjsbgac,create_user_console_access,reconnaissance,create_user_console_access,,,,,,-1,-1,0
synthetic_cloudtrail.csv:5379,camp-iqxfsfjsbgac,create_user_console_access,persistence,create_user_console_access,evt-vffaqenyrzvy,,evt-vffaqenyrzvy,,,0,0,1
synthetic_cloudtrail.csv:5380,camp-iqxfsfjsbgac,create_user_console_access,privilege-escalation,create_user_console_access,evt-nqaemuflnloe,evt-vffaqenyrzvy,evt-vffaqenyrzvy,,,1,0,1
synthetic_cloudtrail.csv:5381,camp-iqxfsfjsbgac,create_user_console_access,privilege-escalation,create_user_console_access,evt-oyzwnqryoglz,evt-nqaemuflnloe,evt-vffaqenyrzvy,s3:GetObject;s3:ListBucket,*,2,0,1
synthetic_cloudtrail.csv:5382,camp-iqxfsfjsbgac,create_user_console_access,,create_user_console_access,,,,,,-1,-1,0
synthetic_cloudtrail.csv:5383,camp-iqxfsfjsbgac,create_user_console_access,,create_user_console_access,,,,,,-1,-1,0
synthetic_cloudtrail.csv:5384,,,,,,,,,,-1,-1,0
synthetic_cloudtrail.csv:5385,,,,,,,,,,-1,-1,0
synthetic_cloudtrail.csv:5386,,,,,,,,,,-1,-1,0
synthetic_cloudtrail.csv:5387,,,,,,,,,,-1,-1,0
synthetic_cloudtrail.csv:5388,,,,,,,,,,-1,-1,0
synthetic_cloudtrail.csv:5389,,,,,,,,,,-1,-1,0
synthetic_cloudtrail.csv:5390,,,,,,,,,,-1,-1,0
synthetic_cloudtrail.csv:5391,,,,,,,,,,-1,-1,0
synthetic_cloudtrail.csv:5392,camp-ayzqrkkegzhe,create_user_console_access,reconnaissance,create_user_console_access,,,,,,-1,-1,0
synthetic_cloudtrail.csv:5393,camp-ayzqrkkegzhe,create_user_console_access,reconnaissance,create_user_console_access,,,,,,-1,-1,0
synthetic_cloudtrail.csv:5394,camp-ayzqrkkegzhe,create_user_console_access,reconnaissance,create_user_console_access,,,,,,-1,-1,0
synthetic_cloudtrail.csv:5395,camp-ayzqrkkegzhe,create_user_console_access,reconnaissance,create_user_console_access,,,,,,-1,-1,0
synthetic_cloudtrail.csv:5396,camp-ayzqrkkegzhe,create_user_console_access,reconnaissance,create_user_console_access,,,,,,-1,-1,0
synthetic_cloudtrail.csv:5397,camp-ayzqrkkegzhe,create_user_console_access,reconnaissance,create_user_console_access,,,,,,-1,-1,0
synthetic_cloudtrail.csv:5398,camp-ayzqrkkegzhe,create_user_console_access,reconnaissance,create_user_console_access,,,,,,-1,-1,0
synthetic_cloudtrail.csv:5399,camp-ayzqrkkegzhe,create_user_console_access,reconnaissance,create_user_console_access,,,,,,-1,-1,0
synthetic_cloudtrail.csv:5400,camp-ayzqrkkegzhe,create_user_console_access,persistence,create_user_console_access,evt-jtyxaicjdolz,,evt-jtyxaicjdolz,,,0,0,1
synthetic_cloudtrail.csv:5401,camp-ayzqrkkegzhe,create_user_console_access,privilege-escalation,create_user_console_access,evt-kemhipvezlli,evt-jtyxaicjdolz,evt-jtyxaicjdolz,,,1,0,1
synthetic_cloudtrail.csv:5402,camp-ayzqrkkegzhe,create_user_console_access,privilege-escalation,create_user_console_access,evt-duwdiskqbglv,evt-kemhipvezlli,evt-jtyxaicjdolz,s3:GetObject;s3:ListBucket,*,2,0,1
synthetic_cloudtrail.csv:5403,camp-ayzqrkkegzhe,create_user_console_access,,create_user_console_access,,,,,,-1,-1,0
synthetic_cloudtrail.csv:5404,camp-ayzqrkkegzhe,create_user_console_access,,create_user_console_access,,,,,,-1,-1,0
synthetic_cloudtrail.csv:5405,camp-ayzqrkkegzhe,create_user_console_access,,create_user_console_access,,,,,,-1,-1,0
synthetic_cloudtrail.csv:5406,camp-ayzqrkkegzhe,create_user_console_access,,create_user_console_access,,,,,,-1,-1,0
synthetic_cloudtrail.csv:5407,camp-ccabmfuxotxq,assume_admin_then_backdoor_role,reconnaissance,assume_admin_then_backdoor_role,,,,,,-1,-1,0
synthetic_cloudtrail.csv:5408,camp-ccabmfuxotxq,assume_admin_then_backdoor_role,reconnaissance,assume_admin_then_backdoor_role,,,,,,-1,-1,0
synthetic_cloudtrail.csv:5409,camp-ccabmfuxotxq,assume_admin_then_backdoor_role,reconnaissance,assume_admin_then_backdoor_role,,,,,,-1,-1,0
synthetic_cloudtrail.csv:5410,camp-ccabmfuxotxq,assume_admin_then_backdoor_role,privilege-escalation,assume_admin_then_backdoor_role,evt-tpdnotlmtqda,,evt-tpdnotlmtqda,,,0,0,1
synthetic_cloudtrail.csv:5411,camp-ccabmfuxotxq,assume_admin_then_backdoor_role,persistence,assume_admin_then_backdoor_role,evt-kkdbcwkasjnl,evt-tpdnotlmtqda,evt-tpdnotlmtqda,,,1,1,1
synthetic_cloudtrail.csv:5412,camp-ccabmfuxotxq,assume_admin_then_backdoor_role,privilege-escalation,assume_admin_then_backdoor_role,evt-duhzveymchas,evt-kkdbcwkasjnl,evt-tpdnotlmtqda,s3:GetObject;s3:ListBucket,*,2,1,1
synthetic_cloudtrail.csv:5413,camp-ccabmfuxotxq,assume_admin_then_backdoor_role,privilege-escalation,assume_admin_then_backdoor_role,evt-uzzyunuoyyoh,evt-duhzveymchas,evt-tpdnotlmtqda,,,3,1,1
synthetic_cloudtrail.csv:5414,camp-ccabmfuxotxq,assume_admin_then_backdoor_role,credential-access,assume_admin_then_backdoor_role,evt-swazkywgylod,evt-uzzyunuoyyoh,evt-tpdnotlmtqda,,,4,2,1
synthetic_cloudtrail.csv:5415,camp-ccabmfuxotxq,assume_admin_then_backdoor_role,,assume_admin_then_backdoor_role,,,,,,-1,-1,0
synthetic_cloudtrail.csv:5416,camp-ccabmfuxotxq,assume_admin_then_backdoor_role,,assume_admin_then_backdoor_role,,,,,,-1,-1,0
synthetic_cloudtrail.csv:5417,camp-ccabmfuxotxq,assume_admin_then_backdoor_role,,assume_admin_then_backdoor_role,,,,,,-1,-1,0
synthetic_cloudtrail.csv:5418,camp-hhroqtmugurb,assume_admin_then_backdoor_role,reconnaissance,assume_admin_then_backdoor_role,,,,,,-1,-1,0
synthetic_cloudtrail.csv:5419,camp-hhroqtmugurb,assume_admin_then_backdoor_role,reconnaissance,assume_admin_then_backdoor_role,,,,,,-1,-1,0
synthetic_cloudtrail.csv:5420,camp-hhroqtmugurb,assume_admin_then_backdoor_role,reconnaissance,assume_admin_then_backdoor_role,,,,,,-1,-1,0
synthetic_cloudtrail.csv:5421,camp-hhroqtmugurb,assume_admin_then_backdoor_role,reconnaissance,assume_admin_then_backdoor_role,,,,,,-1,-1,0
synthetic_cloudtrail.csv:5422,camp-hhroqtmugurb,assume_admin_then_backdoor_role,reconnaissance,assume_admin_then_backdoor_role,,,,,,-1,-1,0
synthetic_cloudtrail.csv:5423,camp-hhroqtmugurb,assume_admin_then_backdoor_role,reconnaissance,assume_admin_then_backdoor_role,,,,,,-1,-1,0
synthetic_cloudtrail.csv:5424,camp-hhroqtmugurb,assume_admin_then_backdoor_role,reconnaissance,assume_admin_then_backdoor_role,,,,,,-1,-1,0
synthetic_cloudtrail.csv:5425,camp-hhroqtmugurb,assume_admin_then_backdoor_role,privilege-escalation,assume_admin_then_backdoor_role,evt-mglokdeczxgl,,evt-mglokdeczxgl,,,0,0,1
synthetic_cloudtrail.csv:5426,camp-hhroqtmugurb,assume_admin_then_backdoor_role,persistence,assume_admin_then_backdoor_role,evt-xervictcwkrq,evt-mglokdeczxgl,evt-mglokdeczxgl,,,1,1,1
synthetic_cloudtrail.csv:5427,camp-hhroqtmugurb,assume_admin_then_backdoor_role,privilege-escalation,assume_admin_then_backdoor_role,evt-kbbrqtmprris,evt-xervictcwkrq,evt-mglokdeczxgl,s3:GetObject;s3:ListBucket,*,2,1,1
synthetic_cloudtrail.csv:5428,camp-hhroqtmugurb,assume_admin_then_backdoor_role,privilege-escalation,assume_admin_then_backdoor_role,evt-xbapjgtgansp,evt-kbbrqtmprris,evt-mglokdeczxgl,,,3,1,1
synthetic_cloudtrail.csv:5429,camp-hhroqtmugurb,assume_admin_then_backdoor_role,credential-access,assume_admin_then_backdoor_role,evt-tribrbdnjtzw,evt-xbapjgtgansp,evt-mglokdeczxgl,,,4,2,1
synthetic_cloudtrail.csv:5430,camp-hhroqtmugurb,assume_admin_then_backdoor_role,,assume_admin_then_backdoor_role,,,,,,-1,-1,0
synthetic_cloudtrail.csv:5431,camp-hhroqtmugurb,assume_admin_then_backdoor_role,,assume_admin_then_backdoor_role,,,,,,-1,-1,0
synthetic_cloudtrail.csv:5432,camp-hhroqtmugurb,assume_admin_then_backdoor_role,,assume_admin_then_backdoor_role,,,,,,-1,-1,0
synthetic_cloudtrail.csv:5433,camp-hhroqtmugurb,assume_admin_then_backdoor_role,,assume_admin_then_backdoor_role,,,,,,-1,-1,0
synthetic_cloudtrail.csv:5434,camp-hhroqtmugurb,assume_admin_then_backdoor_role,,assume_admin_then_backdoor_role,,,,,,-1,-1,0
synthetic_cloudtrail.csv:5435,,,,,,,,,,-1,-1,0
synthetic_cloudtrail.csv:5436,,,,,,,,,,-1,-1,0
synthetic_cloudtrail.csv:5437,,,,,,,,,,-1,-1,0
synthetic_cloudtrail.csv:5438,,,,,,,,,,-1,-1,0
synthetic_cloudtrail.csv:5439,,,,,,,,,,-1,-1,0
synthetic_cloudtrail.csv:5440,,,,,,,,,,-1,-1,0
synthetic_cloudtrail.csv:5441,,,,,,,,,,-1,-1,0
synthetic_cloudtrail.csv:5442,,,,,,,,,,-1,-1,0
synthetic_cloudtrail.csv:5443,,,,,,,,,,-1,-1,0
synthetic_cloudtrail.csv:5444,,,,,,,,,,-1,-1,0
synthetic_cloudtrail.csv:5445,,,,,,,,,,-1,-1,0
synthetic_cloudtrail.csv:5446,,,,,,,,,,-1,-1,0
synthetic_cloudtrail.csv:5447,,,,,,,,,,-1,-1,0
synthetic_cloudtrail.csv:5448,,,,,,,,,,-1,-1,0
synthetic_cloudtrail.csv:5449,,,,,,,,,,-1,-1,0
synthetic_cloudtrail.csv:5450,,,,,,,,,,-1,-1,0
synthetic_cloudtrail.csv:5451,,,,,,,,,,-1,-1,0
synthetic_cloudtrail.csv:5452,,,,,,,,,,-1,-1,0
synthetic_cloudtrail.csv:5453,,,,,,,,,,-1,-1,0
synthetic_cloudtrail.csv:5454,camp-kstbndikslvj,ec2_credential_extraction,reconnaissance,ec2_credential_extraction,,,,,,-1,-1,0
synthetic_cloudtrail.csv:5455,camp-kstbndikslvj,ec2_credential_extraction,reconnaissance,ec2_credential_extraction,,,,,,-1,-1,0
synthetic_cloudtrail.csv:5456,camp-kstbndikslvj,ec2_credential_extraction,reconnaissance,ec2_credential_extraction,,,,,,-1,-1,0
synthetic_cloudtrail.csv:5457,camp-kstbndikslvj,ec2_credential_extraction,reconnaissance,ec2_credential_extraction,,,,,,-1,-1,0
synthetic_cloudtrail.csv:5458,camp-kstbndikslvj,ec2_credential_extraction,credential-access,ec2_credential_extraction,evt-kmkkhchqoulc,,evt-kmkkhchqoulc,,,0,0,1
synthetic_cloudtrail.csv:5459,camp-kstbndikslvj,ec2_credential_extraction,credential-access,ec2_credential_extraction,evt-qnnmeasuqhma,evt-kmkkhchqoulc,evt-kmkkhchqoulc,,,1,0,1
synthetic_cloudtrail.csv:5460,camp-kstbndikslvj,ec2_credential_extraction,,ec2_credential_extraction,,,,,,-1,-1,0
synthetic_cloudtrail.csv:5461,camp-kstbndikslvj,ec2_credential_extraction,,ec2_credential_extraction,,,,,,-1,-1,0
synthetic_cloudtrail.csv:5462,,,,,,,,,,-1,-1,0
synthetic_cloudtrail.csv:5463,,,,,,,,,,-1,-1,0
synthetic_cloudtrail.csv:5464,,,,,,,,,,-1,-1,0
synthetic_cloudtrail.csv:5465,,,,,,,,,,-1,-1,0
synthetic_cloudtrail.csv:5466,,,,,,,,,,-1,-1,0
synthetic_cloudtrail.csv:5467,,,,,,,,,,-1,-1,0
synthetic_cloudtrail.csv:5468,,,,,,,,,,-1,-1,0
synthetic_cloudtrail.csv:5469,,,,,,,,,,-1,-1,0
synthetic_cloudtrail.csv:5470,,,,,,,,,,-1,-1,0
synthetic_cloudtrail.csv:5471,,,,,,,,,,-1,-1,0
synthetic_cloudtrail.csv:5472,,,,,,,,,,-1,-1,0
synthetic_cloudtrail.csv:5473,,,,,,,,,,-1,-1,0
synthetic_cloudtrail.csv:5474,,,,,,,,,,-1,-1,0
synthetic_cloudtrail.csv:5475,,,,,,,,,,-1,-1,0
synthetic_cloudtrail.csv:5476,,,,,,,,,,-1,-1,0
synthetic_cloudtrail.csv:5477,,,,,,,,,,-1,-1,0
synthetic_cloudtrail.csv:5478,,,,,,,,,,-1,-1,0
synthetic_cloudtrail.csv:5479,,,,,,,,,,-1,-1,0
synthetic_cloudtrail.csv:5480,,,,,,,,,,-1,-1,0
synthetic_cloudtrail.csv:5481,,,,,,,,,,-1,-1,0
synthetic_cloudtrail.csv:5482,,,,,,,,,,-1,-1,0
synthetic_cloudtrail.csv:5483,,,,,,,,,,-1,-1,0
synthetic_cloudtrail.csv:5484,,,,,,,,,,-1,-1,0
synthetic_cloudtrail.csv:5485,,,,,,,,,,-1,-1,0
synthetic_cloudtrail.csv:5486,,,,,,,,,,-1,-1,0
synthetic_cloudtrail.csv:5487,,,,,,,,,,-1,-1,0
synthetic_cloudtrail.csv:5488,,,,,,,,,,-1,-1,0
synthetic_cloudtrail.csv:5489,,,,,,,,,,-1,-1,0
synthetic_cloudtrail.csv:5490,,,,,,,,,,-1,-1,0
synthetic_cloudtrail.csv:5491,,,,,,,,,,-1,-1,0
synthetic_cloudtrail.csv:5492,,,,,,,,,,-1,-1,0
synthetic_cloudtrail.csv:5493,,,,,,,,,,-1,-1,0
synthetic_cloudtrail.csv:5494,,,,,,,,,,-1,-1,0
synthetic_cloudtrail.csv:5495,,,,,,,,,,-1,-1,0
synthetic_cloudtrail.csv:5496,,,,,,,,,,-1,-1,0
synthetic_cloudtrail.csv:5497,,,,,,,,,,-1,-1,0
synthetic_cloudtrail.csv:5498,,,,,,,,,,-1,-1,0
synthetic_cloudtrail.csv:5499,,,,,,,,,,-1,-1,0
synthetic_cloudtrail.csv:5500,,,,,,,,,,-1,-1,0
synthetic_cloudtrail.csv:5501,,,,,,,,,,-1,-1,0
synthetic_cloudtrail.csv:5502,,,,,,,,,,-1,-1,0
synthetic_cloudtrail.csv:5503,,,,,,,,,,-1,-1,0
synthetic_cloudtrail.csv:5504,,,,,,,,,,-1,-1,0
synthetic_cloudtrail.csv:5505,,,,,,,,,,-1,-1,0
synthetic_cloudtrail.csv:5506,,,,,,,,,,-1,-1,0
synthetic_cloudtrail.csv:5507,,,,,,,,,,-1,-1,0
synthetic_cloudtrail.csv:5508,,,,,,,,,,-1,-1,0
synthetic_cloudtrail.csv:5509,,,,,,,,,,-1,-1,0
synthetic_cloudtrail.csv:5510,,,,,,,,,,-1,-1,0
synthetic_cloudtrail.csv:5511,,,,,,,,,,-1,-1,0
synthetic_cloudtrail.csv:5512,,,,,,,,,,-1,-1,0
synthetic_cloudtrail.csv:5513,,,,,,,,,,-1,-1,0
synthetic_cloudtrail.csv:5514,,,,,,,,,,-1,-1,0
synthetic_cloudtrail.csv:5515,,,,,,,,,,-1,-1,0
synthetic_cloudtrail.csv:5516,,,,,,,,,,-1,-1,0
synthetic_cloudtrail.csv:5517,,,,,,,,,,-1,-1,0
synthetic_cloudtrail.csv:5518,,,,,,,,,,-1,-1,0
synthetic_cloudtrail.csv:5519,,,,,,,,,,-1,-1,0
synthetic_cloudtrail.csv:5520,,,,,,,,,,-1,-1,0
synthetic_cloudtrail.csv:5521,,,,,,,,,,-1,-1,0
synthetic_cloudtrail.csv:5522,,,,,,,,,,-1,-1,0
synthetic_cloudtrail.csv:5523,,,,,,,,,,-1,-1,0
synthetic_cloudtrail.csv:5524,,,,,,,,,,-1,-1,0
synthetic_cloudtrail.csv:5525,,,,,,,,,,-1,-1,0
synthetic_cloudtrail.csv:5526,,,,,,,,,,-1,-1,0
synthetic_cloudtrail.csv:5527,,,,,,,,,,-1,-1,0
synthetic_cloudtrail.csv:5528,,,,,,,,,,-1,-1,0
synthetic_cloudtrail.csv:5529,,,,,,,,,,-1,-1,0
synthetic_cloudtrail.csv:5530,,,,,,,,,,-1,-1,0
synthetic_cloudtrail.csv:5531,,,,,,,,,,-1,-1,0
synthetic_cloudtrail.csv:5532,,,,,,,,,,-1,-1,0
synthetic_cloudtrail.csv:5533,,,,,,,,,,-1,-1,0
synthetic_cloudtrail.csv:5534,,,,,,,,,,-1,-1,0
synthetic_cloudtrail.csv:5535,,,,,,,,,,-1,-1,0
synthetic_cloudtrail.csv:5536,,,,,,,,,,-1,-1,0
synthetic_cloudtrail.csv:5537,,,,,,,,,,-1,-1,0
synthetic_cloudtrail.csv:5538,camp-ubnrnbqemspd,ssm_parameter_harvest,reconnaissance,ssm_parameter_harvest,,,,,,-1,-1,0
synthetic_cloudtrail.csv:5539,camp-ubnrnbqemspd,ssm_parameter_harvest,reconnaissance,ssm_parameter_harvest,,,,,,-1,-1,0
synthetic_cloudtrail.csv:5540,,,,,,,,,,-1,-1,0
synthetic_cloudtrail.csv:5541,camp-ubnrnbqemspd,ssm_parameter_harvest,reconnaissance,ssm_parameter_harvest,,,,,,-1,-1,0
synthetic_cloudtrail.csv:5542,,,,,,,,,,-1,-1,0
synthetic_cloudtrail.csv:5543,camp-ubnrnbqemspd,ssm_parameter_harvest,reconnaissance,ssm_parameter_harvest,,,,,,-1,-1,0
synthetic_cloudtrail.csv:5544,camp-ubnrnbqemspd,ssm_parameter_harvest,reconnaissance,ssm_parameter_harvest,,,,,,-1,-1,0
synthetic_cloudtrail.csv:5545,,,,,,,,,,-1,-1,0
synthetic_cloudtrail.csv:5546,camp-ubnrnbqemspd,ssm_parameter_harvest,reconnaissance,ssm_parameter_harvest,,,,,,-1,-1,0
synthetic_cloudtrail.csv:5547,camp-ubnrnbqemspd,ssm_parameter_harvest,reconnaissance,ssm_parameter_harvest,,,,,,-1,-1,0
synthetic_cloudtrail.csv:5548,,,,,,,,,,-1,-1,0
synthetic_cloudtrail.csv:5549,camp-ubnrnbqemspd,ssm_parameter_harvest,reconnaissance,ssm_parameter_harvest,,,,,,-1,-1,0
synthetic_cloudtrail.csv:5550,camp-ubnrnbqemspd,ssm_parameter_harvest,credential-access,ssm_parameter_harvest,evt-causaeghnfbv,evt-doybrzczimuk,evt-doybrzczimuk,,,1,0,1
synthetic_cloudtrail.csv:5551,camp-ubnrnbqemspd,ssm_parameter_harvest,credential-access,ssm_parameter_harvest,evt-qtdpxttcwkai,evt-causaeghnfbv,evt-doybrzczimuk,,,2,0,1
synthetic_cloudtrail.csv:5552,camp-ubnrnbqemspd,ssm_parameter_harvest,credential-access,ssm_parameter_harvest,evt-doybrzczimuk,,evt-doybrzczimuk,,,0,0,1
synthetic_cloudtrail.csv:5553,,,,,,,,,,-1,-1,0
synthetic_cloudtrail.csv:5554,camp-ubnrnbqemspd,ssm_parameter_harvest,,ssm_parameter_harvest,,,,,,-1,-1,0
synthetic_cloudtrail.csv:5555,,,,,,,,,,-1,-1,0
synthetic_cloudtrail.csv:5556,camp-ubnrnbqemspd,ssm_parameter_harvest,,ssm_parameter_harvest,,,,,,-1,-1,0
synthetic_cloudtrail.csv:5557,camp-ubnrnbqemspd,ssm_parameter_harvest,,ssm_parameter_harvest,,,,,,-1,-1,0
synthetic_cloudtrail.csv:5558,camp-ubnrnbqemspd,ssm_parameter_harvest,,ssm_parameter_harvest,,,,,,-1,-1,0
synthetic_cloudtrail.csv:5559,camp-ubnrnbqemspd,ssm_parameter_harvest,,ssm_parameter_harvest,,,,,,-1,-1,0
synthetic_cloudtrail.csv:5560,,,,,,,,,,-1,-1,0
synthetic_cloudtrail.csv:5561,,,,,,,,,,-1,-1,0
synthetic_cloudtrail.csv:5562,,,,,,,,,,-1,-1,0
synthetic_cloudtrail.csv:5563,,,,,,,,,,-1,-1,0
synthetic_cloudtrail.csv:5564,,,,,,,,,,-1,-1,0
synthetic_cloudtrail.csv:5565,,,,,,,,,,-1,-1,0
synthetic_cloudtrail.csv:5566,,,,,,,,,,-1,-1,0
synthetic_cloudtrail.csv:5567,,,,,,,,,,-1,-1,0
synthetic_cloudtrail.csv:5568,,,,,,,,,,-1,-1,0
synthetic_cloudtrail.csv:5569,,,,,,,,,,-1,-1,0
synthetic_cloudtrail.csv:5570,,,,,,,,,,-1,-1,0
synthetic_cloudtrail.csv:5571,,,,,,,,,,-1,-1,0
synthetic_cloudtrail.csv:5572,,,,,,,,,,-1,-1,0
synthetic_cloudtrail.csv:5573,,,,,,,,,,-1,-1,0
synthetic_cloudtrail.csv:5574,,,,,,,,,,-1,-1,0
synthetic_cloudtrail.csv:5575,,,,,,,,,,-1,-1,0
synthetic_cloudtrail.csv:5576,,,,,,,,,,-1,-1,0
synthetic_cloudtrail.csv:5577,,,,,,,,,,-1,-1,0
synthetic_cloudtrail.csv:5578,,,,,,,,,,-1,-1,0
synthetic_cloudtrail.csv:5579,,,,,,,,,,-1,-1,0
synthetic_cloudtrail.csv:5580,,,,,,,,,,-1,-1,0
synthetic_cloudtrail.csv:5581,,,,,,,,,,-1,-1,0
synthetic_cloudtrail.csv:5582,,,,,,,,,,-1,-1,0
synthetic_cloudtrail.csv:5583,,,,,,,,,,-1,-1,0
synthetic_cloudtrail.csv:5584,,,,,,,,,,-1,-1,0
synthetic_cloudtrail.csv:5585,,,,,,,,,,-1,-1,0
synthetic_cloudtrail.csv:5586,,,,,,,,,,-1,-1,0
synthetic_cloudtrail.csv:5587,,,,,,,,,,-1,-1,0
synthetic_cloudtrail.csv:5588,,,,,,,,,,-1,-1,0
synthetic_cloudtrail.csv:5589,,,,,,,,,,-1,-1,0
synthetic_cloudtrail.csv:5590,,,,,,,,,,-1,-1,0
synthetic_cloudtrail.csv:5591,,,,,,,,,,-1,-1,0
synthetic_cloudtrail.csv:5592,,,,,,,,,,-1,-1,0
synthetic_cloudtrail.csv:5593,,,,,,,,,,-1,-1,0
synthetic_cloudtrail.csv:5594,,,,,,,,,,-1,-1,0
synthetic_cloudtrail.csv:5595,,,,,,,,,,-1,-1,0
synthetic_cloudtrail.csv:5596,,,,,,,,,,-1,-1,0
synthetic_cloudtrail.csv:5597,,,,,,,,,,-1,-1,0
synthetic_cloudtrail.csv:5598,,,,,,,,,,-1,-1,0
synthetic_cloudtrail.csv:5599,,,,,,,,,,-1,-1,0
synthetic_cloudtrail.csv:5600,camp-rxhwfwdquyzd,create_role_inline_policy,reconnaissance,create_role_inline_policy,,,,,,-1,-1,0
synthetic_cloudtrail.csv:5601,camp-rxhwfwdquyzd,create_role_inline_policy,reconnaissance,create_role_inline_policy,,,,,,-1,-1,0
synthetic_cloudtrail.csv:5602,camp-rxhwfwdquyzd,create_role_inline_policy,reconnaissance,create_role_inline_policy,,,,,,-1,-1,0
synthetic_cloudtrail.csv:5603,camp-rxhwfwdquyzd,create_role_inline_policy,reconnaissance,create_role_inline_policy,,,,,,-1,-1,0
synthetic_cloudtrail.csv:5604,camp-rxhwfwdquyzd,create_role_inline_policy,reconnaissance,create_role_inline_policy,,,,,,-1,-1,0
synthetic_cloudtrail.csv:5605,camp-rxhwfwdquyzd,create_role_inline_policy,reconnaissance,create_role_inline_policy,,,,,,-1,-1,0
synthetic_cloudtrail.csv:5606,camp-rxhwfwdquyzd,create_role_inline_policy,reconnaissance,create_role_inline_policy,,,,,,-1,-1,0
synthetic_cloudtrail.csv:5607,camp-rxhwfwdquyzd,create_role_inline_policy,persistence,create_role_inline_policy,evt-ownqwzmzouaw,,evt-ownqwzmzouaw,,,0,0,1
synthetic_cloudtrail.csv:5608,camp-rxhwfwdquyzd,create_role_inline_policy,privilege-escalation,create_role_inline_policy,evt-cxyacumxcega,evt-ownqwzmzouaw,evt-ownqwzmzouaw,s3:GetObject,iam:*;s3:*;sts:AssumeRole,1,0,1
synthetic_cloudtrail.csv:5609,camp-rxhwfwdquyzd,create_role_inline_policy,,create_role_inline_policy,,,,,,-1,-1,0
synthetic_cloudtrail.csv:5610,camp-rxhwfwdquyzd,create_role_inline_policy,,create_role_inline_policy,,,,,,-1,-1,0
synthetic_cloudtrail.csv:5611,,,,,,,,,,-1,-1,0
synthetic_cloudtrail.csv:5612,,,,,,,,,,-1,-1,0
synthetic_cloudtrail.csv:5613,,,,,,,,,,-1,-1,0
synthetic_cloudtrail.csv:5614,,,,,,,,,,-1,-1,0
synthetic_cloudtrail.csv:5615,camp-mezkiqwvqllj,add_user_to_admin_group,reconnaissance,add_user_to_admin_group,,,,,,-1,-1,0
synthetic_cloudtrail.csv:5616,camp-mezkiqwvqllj,add_user_to_admin_group,reconnaissance,add_user_to_admin_group,,,,,,-1,-1,0
synthetic_cloudtrail.csv:5617,camp-mezkiqwvqllj,add_user_to_admin_group,reconnaissance,add_user_to_admin_group,,,,,,-1,-1,0
synthetic_cloudtrail.csv:5618,camp-mezkiqwvqllj,add_user_to_admin_group,privilege-escalation,add_user_to_admin_group,evt-hfmsfyqguflu,,evt-hfmsfyqguflu,,,0,0,1
synthetic_cloudtrail.csv:5619,camp-mezkiqwvqllj,add_user_to_admin_group,,add_user_to_admin_group,,,,,,-1,-1,0
synthetic_cloudtrail.csv:5620,camp-mezkiqwvqllj,add_user_to_admin_group,,add_user_to_admin_group,,,,,,-1,-1,0
synthetic_cloudtrail.csv:5621,,,,,,,,,,-1,-1,0
synthetic_cloudtrail.csv:5622,,,,,,,,,,-1,-1,0
synthetic_cloudtrail.csv:5623,,,,,,,,,,-1,-1,0
synthetic_cloudtrail.csv:5624,,,,,,,,,,-1,-1,0
synthetic_cloudtrail.csv:5625,,,,,,,,,,-1,-1,0
synthetic_cloudtrail.csv:5626,,,,,,,,,,-1,-1,0
synthetic_cloudtrail.csv:5627,,,,,,,,,,-1,-1,0
synthetic_cloudtrail.csv:5628,,,,,,,,,,-1,-1,0
synthetic_cloudtrail.csv:5629,,,,,,,,,,-1,-1,0
synthetic_cloudtrail.csv:5630,,,,,,,,,,-1,-1,0
synthetic_cloudtrail.csv:5631,,,,,,,,,,-1,-1,0
synthetic_cloudtrail.csv:5632,,,,,,,,,,-1,-1,0
synthetic_cloudtrail.csv:5633,,,,,,,,,,-1,-1,0
synthetic_cloudtrail.csv:5634,,,,,,,,,,-1,-1,0
synthetic_cloudtrail.csv:5635,,,,,,,,,,-1,-1,0
synthetic_cloudtrail.csv:5636,,,,,,,,,,-1,-1,0
synthetic_cloudtrail.csv:5637,,,,,,,,,,-1,-1,0
synthetic_cloudtrail.csv:5638,,,,,,,,,,-1,-1,0
synthetic_cloudtrail.csv:5639,,,,,,,,,,-1,-1,0
synthetic_cloudtrail.csv:5640,,,,,,,,,,-1,-1,0
synthetic_cloudtrail.csv:5641,,,,,,,,,,-1,-1,0
synthetic_cloudtrail.csv:5642,,,,,,,,,,-1,-1,0
synthetic_cloudtrail.csv:5643,,,,,,,,,,-1,-1,0
synthetic_cloudtrail.csv:5644,,,,,,,,,,-1,-1,0
synthetic_cloudtrail.csv:5645,,,,,,,,,,-1,-1,0
synthetic_cloudtrail.csv:5646,,,,,,,,,,-1,-1,0
synthetic_cloudtrail.csv:5647,,,,,,,,,,-1,-1,0
synthetic_cloudtrail.csv:5648,,,,,,,,,,-1,-1,0
synthetic_cloudtrail.csv:5649,,,,,,,,,,-1,-1,0
synthetic_cloudtrail.csv:5650,,,,,,,,,,-1,-1,0
synthetic_cloudtrail.csv:5651,,,,,,,,,,-1,-1,0
synthetic_cloudtrail.csv:5652,,,,,,,,,,-1,-1,0
synthetic_cloudtrail.csv:5653,,,,,,,,,,-1,-1,0
synthetic_cloudtrail.csv:5654,,,,,,,,,,-1,-1,0
synthetic_cloudtrail.csv:5655,,,,,,,,,,-1,-1,0
synthetic_cloudtrail.csv:5656,,,,,,,,,,-1,-1,0
synthetic_cloudtrail.csv:5657,,,,,,,,,,-1,-1,0
synthetic_cloudtrail.csv:5658,,,,,,,,,,-1,-1,0
synthetic_cloudtrail.csv:5659,,,,,,,,,,-1,-1,0
synthetic_cloudtrail.csv:5660,,,,,,,,,,-1,-1,0
synthetic_cloudtrail.csv:5661,,,,,,,,,,-1,-1,0
synthetic_cloudtrail.csv:5662,,,,,,,,,,-1,-1,0
synthetic_cloudtrail.csv:5663,,,,,,,,,,-1,-1,0
synthetic_cloudtrail.csv:5664,,,,,,,,,,-1,-1,0
synthetic_cloudtrail.csv:5665,,,,,,,,,,-1,-1,0
synthetic_cloudtrail.csv:5666,,,,,,,,,,-1,-1,0
synthetic_cloudtrail.csv:5667,,,,,,,,,,-1,-1,0
synthetic_cloudtrail.csv:5668,,,,,,,,,,-1,-1,0
synthetic_cloudtrail.csv:5669,,,,,,,,,,-1,-1,0
synthetic_cloudtrail.csv:5670,,,,,,,,,,-1,-1,0
synthetic_cloudtrail.csv:5671,,,,,,,,,,-1,-1,0
synthetic_cloudtrail.csv:5672,,,,,,,,,,-1,-1,0
synthetic_cloudtrail.csv:5673,,,,,,,,,,-1,-1,0
synthetic_cloudtrail.csv:5674,,,,,,,,,,-1,-1,0
synthetic_cloudtrail.csv:5675,,,,,,,,,,-1,-1,0
synthetic_cloudtrail.csv:5676,,,,,,,,,,-1,-1,0
synthetic_cloudtrail.csv:5677,,,,,,,,,,-1,-1,0
synthetic_cloudtrail.csv:5678,,,,,,,,,,-1,-1,0
synthetic_cloudtrail.csv:5679,,,,,,,,,,-1,-1,0
synthetic_cloudtrail.csv:5680,,,,,,,,,,-1,-1,0
synthetic_cloudtrail.csv:5681,,,,,,,,,,-1,-1,0
synthetic_cloudtrail.csv:5682,,,,,,,,,,-1,-1,0
synthetic_cloudtrail.csv:5683,camp-ibfkqtyewkjg,secrets_manager_sweep,reconnaissance,secrets_manager_sweep,,,,,,-1,-1,0
synthetic_cloudtrail.csv:5684,camp-ibfkqtyewkjg,secrets_manager_sweep,reconnaissance,secrets_manager_sweep,,,,,,-1,-1,0
synthetic_cloudtrail.csv:5685,camp-ibfkqtyewkjg,secrets_manager_sweep,reconnaissance,secrets_manager_sweep,,,,,,-1,-1,0
synthetic_cloudtrail.csv:5686,camp-ibfkqtyewkjg,secrets_manager_sweep,reconnaissance,secrets_manager_sweep,,,,,,-1,-1,0
synthetic_cloudtrail.csv:5687,camp-ibfkqtyewkjg,secrets_manager_sweep,reconnaissance,secrets_manager_sweep,,,,,,-1,-1,0
synthetic_cloudtrail.csv:5688,camp-ibfkqtyewkjg,secrets_manager_sweep,reconnaissance,secrets_manager_sweep,,,,,,-1,-1,0
synthetic_cloudtrail.csv:5689,camp-ibfkqtyewkjg,secrets_manager_sweep,reconnaissance,secrets_manager_sweep,,,,,,-1,-1,0
synthetic_cloudtrail.csv:5690,camp-ibfkqtyewkjg,secrets_manager_sweep,reconnaissance,secrets_manager_sweep,,,,,,-1,-1,0
synthetic_cloudtrail.csv:5691,camp-ibfkqtyewkjg,secrets_manager_sweep,credential-access,secrets_manager_sweep,evt-bqurofhbudsh,,evt-bqurofhbudsh,,,0,0,1
synthetic_cloudtrail.csv:5692,camp-ibfkqtyewkjg,secrets_manager_sweep,credential-access,secrets_manager_sweep,evt-cxvvvlatluus,evt-bqurofhbudsh,evt-bqurofhbudsh,,,1,0,1
synthetic_cloudtrail.csv:5693,camp-ibfkqtyewkjg,secrets_manager_sweep,credential-access,secrets_manager_sweep,evt-cpiuqulgubtu,evt-cxvvvlatluus,evt-bqurofhbudsh,,,2,0,1
synthetic_cloudtrail.csv:5694,camp-ibfkqtyewkjg,secrets_manager_sweep,,secrets_manager_sweep,,,,,,-1,-1,0
synthetic_cloudtrail.csv:5695,camp-ibfkqtyewkjg,secrets_manager_sweep,,secrets_manager_sweep,,,,,,-1,-1,0
synthetic_cloudtrail.csv:5696,camp-qszscjwupahb,secrets_manager_sweep,reconnaissance,secrets_manager_sweep,,,,,,-1,-1,0
synthetic_cloudtrail.csv:5697,camp-qszscjwupahb,secrets_manager_sweep,reconnaissance,secrets_manager_sweep,,,,,,-1,-1,0
synthetic_cloudtrail.csv:5698,camp-qszscjwupahb,secrets_manager_sweep,reconnaissance,secrets_manager_sweep,,,,,,-1,-1,0
synthetic_cloudtrail.csv:5699,camp-qszscjwupahb,secrets_manager_sweep,credential-access,secrets_manager_sweep,evt-nfsykwqowdns,,evt-nfsykwqowdns,,,0,0,1
synthetic_cloudtrail.csv:5700,camp-qszscjwupahb,secrets_manager_sweep,credential-access,secrets_manager_sweep,evt-rntcnzxgqnvd,evt-nfsykwqowdns,evt-nfsykwqowdns,,,1,0,1
synthetic_cloudtrail.csv:5701,camp-qszscjwupahb,secrets_manager_sweep,credential-access,secrets_manager_sweep,evt-vuytifthsjrw,evt-rntcnzxgqnvd,evt-nfsykwqowdns,,,2,0,1
synthetic_cloudtrail.csv:5702,camp-qszscjwupahb,secrets_manager_sweep,,secrets_manager_sweep,,,,,,-1,-1,0
synthetic_cloudtrail.csv:5703,camp-qszscjwupahb,secrets_manager_sweep,,secrets_manager_sweep,,,,,,-1,-1,0
synthetic_cloudtrail.csv:5704,camp-qszscjwupahb,secrets_manager_sweep,,secrets_manager_sweep,,,,,,-1,-1,0
synthetic_cloudtrail.csv:5705,camp-lhqcgiporwds,update_assume_role_policy,reconnaissance,update_assume_role_policy,,,,,,-1,-1,0
synthetic_cloudtrail.csv:5706,camp-lhqcgiporwds,update_assume_role_policy,reconnaissance,update_assume_role_policy,,,,,,-1,-1,0
synthetic_cloudtrail.csv:5707,camp-lhqcgiporwds,update_assume_role_policy,reconnaissance,update_assume_role_policy,,,,,,-1,-1,0
synthetic_cloudtrail.csv:5708,camp-lhqcgiporwds,update_assume_role_policy,reconnaissance,update_assume_role_policy,,,,,,-1,-1,0
synthetic_cloudtrail.csv:5709,camp-lhqcgiporwds,update_assume_role_policy,reconnaissance,update_assume_role_policy,,,,,,-1,-1,0
synthetic_cloudtrail.csv:5710,camp-lhqcgiporwds,update_assume_role_policy,reconnaissance,update_assume_role_policy,,,,,,-1,-1,0
synthetic_cloudtrail.csv:5711,camp-lhqcgiporwds,update_assume_role_policy,reconnaissance,update_assume_role_policy,,,,,,-1,-1,0
synthetic_cloudtrail.csv:5712,camp-lhqcgiporwds,update_assume_role_policy,reconnaissance,update_assume_role_policy,,,,,,-1,-1,0
synthetic_cloudtrail.csv:5713,camp-lhqcgiporwds,update_assume_role_policy,persistence,update_assume_role_policy,evt-enmuddvotjxg,,evt-enmuddvotjxg,,sts:AssumeRole/*,0,0,1
synthetic_cloudtrail.csv:5714,camp-lhqcgiporwds,update_assume_role_policy,privilege-escalation,update_assume_role_policy,evt-kacnithuiojb,evt-enmuddvotjxg,evt-enmuddvotjxg,,,1,0,1
synthetic_cloudtrail.csv:5715,camp-lhqcgiporwds,update_assume_role_policy,credential-access,update_assume_role_policy,evt-llhhspxdtkij,evt-kacnithuiojb,evt-enmuddvotjxg,,,2,1,1
synthetic_cloudtrail.csv:5716,camp-lhqcgiporwds,update_assume_role_policy,,update_assume_role_policy,,,,,,-1,-1,0
synthetic_cloudtrail.csv:5717,camp-lhqcgiporwds,update_assume_role_policy,,update_assume_role_policy,,,,,,-1,-1,0
synthetic_cloudtrail.csv:5718,camp-lhqcgiporwds,update_assume_role_policy,,update_assume_role_policy,,,,,,-1,-1,0
synthetic_cloudtrail.csv:5719,camp-lhqcgiporwds,update_assume_role_policy,,update_assume_role_policy,,,,,,-1,-1,0
synthetic_cloudtrail.csv:5720,,,,,,,,,,-1,-1,0
synthetic_cloudtrail.csv:5721,,,,,,,,,,-1,-1,0
synthetic_cloudtrail.csv:5722,,,,,,,,,,-1,-1,0
synthetic_cloudtrail.csv:5723,,,,,,,,,,-1,-1,0
synthetic_cloudtrail.csv:5724,,,,,,,,,,-1,-1,0
synthetic_cloudtrail.csv:5725,,,,,,,,,,-1,-1,0
synthetic_cloudtrail.csv:5726,,,,,,,,,,-1,-1,0
synthetic_cloudtrail.csv:5727,,,,,,,,,,-1,-1,0
synthetic_cloudtrail.csv:5728,,,,,,,,,,-1,-1,0
synthetic_cloudtrail.csv:5729,,,,,,,,,,-1,-1,0
synthetic_cloudtrail.csv:5730,,,,,,,,,,-1,-1,0
synthetic_cloudtrail.csv:5731,,,,,,,,,,-1,-1,0
synthetic_cloudtrail.csv:5732,,,,,,,,,,-1,-1,0
synthetic_cloudtrail.csv:5733,camp-lmeijbmugvmo,secrets_manager_sweep,reconnaissance,secrets_manager_sweep,,,,,,-1,-1,0
synthetic_cloudtrail.csv:5734,camp-lmeijbmugvmo,secrets_manager_sweep,reconnaissance,secrets_manager_sweep,,,,,,-1,-1,0
synthetic_cloudtrail.csv:5735,camp-lmeijbmugvmo,secrets_manager_sweep,reconnaissance,secrets_manager_sweep,,,,,,-1,-1,0
synthetic_cloudtrail.csv:5736,camp-lmeijbmugvmo,secrets_manager_sweep,reconnaissance,secrets_manager_sweep,,,,,,-1,-1,0
synthetic_cloudtrail.csv:5737,camp-lmeijbmugvmo,secrets_manager_sweep,reconnaissance,secrets_manager_sweep,,,,,,-1,-1,0
synthetic_cloudtrail.csv:5738,camp-lmeijbmugvmo,secrets_manager_sweep,reconnaissance,secrets_manager_sweep,,,,,,-1,-1,0
synthetic_cloudtrail.csv:5739,camp-lmeijbmugvmo,secrets_manager_sweep,reconnaissance,secrets_manager_sweep,,,,,,-1,-1,0
synthetic_cloudtrail.csv:5740,camp-lmeijbmugvmo,secrets_manager_sweep,credential-access,secrets_manager_sweep,evt-vgihwysfdsjp,,evt-vgihwysfdsjp,,,0,0,1
synthetic_cloudtrail.csv:5741,camp-lmeijbmugvmo,secrets_manager_sweep,reconnaissance,secrets_manager_sweep,,,,,,-1,-1,0
synthetic_cloudtrail.csv:5742,camp-lmeijbmugvmo,secrets_manager_sweep,credential-access,secrets_manager_sweep,evt-zsbmebrapdqu,evt-ywwkoieaoyyc,evt-vgihwysfdsjp,,,2,0,1
synthetic_cloudtrail.csv:5743,camp-lmeijbmugvmo,secrets_manager_sweep,credential-access,secrets_manager_sweep,evt-ywwkoieaoyyc,evt-vgihwysfdsjp,evt-vgihwysfdsjp,,,1,0,1
synthetic_cloudtrail.csv:5744,camp-lmeijbmugvmo,secrets_manager_sweep,,secrets_manager_sweep,,,,,,-1,-1,0
synthetic_cloudtrail.csv:5745,camp-lmeijbmugvmo,secrets_manager_sweep,,secrets_manager_sweep,,,,,,-1,-1,0
synthetic_cloudtrail.csv:5746,camp-lmeijbmugvmo,secrets_manager_sweep,,secrets_manager_sweep,,,,,,-1,-1,0
synthetic_cloudtrail.csv:5747,,,,,,,,,,-1,-1,0
synthetic_cloudtrail.csv:5748,,,,,,,,,,-1,-1,0
synthetic_cloudtrail.csv:5749,,,,,,,,,,-1,-1,0
synthetic_cloudtrail.csv:5750,,,,,,,,,,-1,-1,0
synthetic_cloudtrail.csv:5751,,,,,,,,,,-1,-1,0
synthetic_cloudtrail.csv:5752,,,,,,,,,,-1,-1,0
synthetic_cloudtrail.csv:5753,,,,,,,,,,-1,-1,0
synthetic_cloudtrail.csv:5754,,,,,,,,,,-1,-1,0
synthetic_cloudtrail.csv:5755,,,,,,,,,,-1,-1,0
synthetic_cloudtrail.csv:5756,,,,,,,,,,-1,-1,0
synthetic_cloudtrail.csv:5757,,,,,,,,,,-1,-1,0
synthetic_cloudtrail.csv:5758,,,,,,,,,,-1,-1,0
synthetic_cloudtrail.csv:5759,,,,,,,,,,-1,-1,0
synthetic_cloudtrail.csv:5760,,,,,,,,,,-1,-1,0
synthetic_cloudtrail.csv:5761,,,,,,,,,,-1,-1,0
synthetic_cloudtrail.csv:5762,,,,,,,,,,-1,-1,0
synthetic_cloudtrail.csv:5763,,,,,,,,,,-1,-1,0
synthetic_cloudtrail.csv:5764,,,,,,,,,,-1,-1,0
synthetic_cloudtrail.csv:5765,,,,,,,,,,-1,-1,0
synthetic_cloudtrail.csv:5766,,,,,,,,,,-1,-1,0
synthetic_cloudtrail.csv:5767,,,,,,,,,,-1,-1,0
synthetic_cloudtrail.csv:5768,,,,,,,,,,-1,-1,0
synthetic_cloudtrail.csv:5769,,,,,,,,,,-1,-1,0
synthetic_cloudtrail.csv:5770,,,,,,,,,,-1,-1,0
synthetic_cloudtrail.csv:5771,,,,,,,,,,-1,-1,0
synthetic_cloudtrail.csv:5772,,,,,,,,,,-1,-1,0
synthetic_cloudtrail.csv:5773,,,,,,,,,,-1,-1,0
synthetic_cloudtrail.csv:5774,,,,,,,,,,-1,-1,0
synthetic_cloudtrail.csv:5775,,,,,,,,,,-1,-1,0
synthetic_cloudtrail.csv:5776,,,,,,,,,,-1,-1,0
synthetic_cloudtrail.csv:5777,,,,,,,,,,-1,-1,0
synthetic_cloudtrail.csv:5778,,,,,,,,,,-1,-1,0
synthetic_cloudtrail.csv:5779,,,,,,,,,,-1,-1,0
synthetic_cloudtrail.csv:5780,,,,,,,,,,-1,-1,0
synthetic_cloudtrail.csv:5781,,,,,,,,,,-1,-1,0
synthetic_cloudtrail.csv:5782,camp-hwnmojfivthg,update_assume_role_policy,reconnaissance,update_assume_role_policy,,,,,,-1,-1,0
synthetic_cloudtrail.csv:5783,camp-hwnmojfivthg,update_assume_role_policy,reconnaissance,update_assume_role_policy,,,,,,-1,-1,0
synthetic_cloudtrail.csv:5784,camp-hwnmojfivthg,update_assume_role_policy,reconnaissance,update_assume_role_policy,,,,,,-1,-1,0
synthetic_cloudtrail.csv:5785,camp-hwnmojfivthg,update_assume_role_policy,persistence,update_assume_role_policy,evt-flyndtgfvenc,,evt-flyndtgfvenc,,sts:AssumeRole/*,0,0,1
synthetic_cloudtrail.csv:5786,camp-hwnmojfivthg,update_assume_role_policy,privilege-escalation,update_assume_role_policy,evt-brnncnvmmary,evt-flyndtgfvenc,evt-flyndtgfvenc,,,1,0,1
synthetic_cloudtrail.csv:5787,camp-hwnmojfivthg,update_assume_role_policy,credential-access,update_assume_role_policy,evt-fywinulptglz,evt-brnncnvmmary,evt-flyndtgfvenc,,,2,1,1
synthetic_cloudtrail.csv:5788,camp-hwnmojfivthg,update_assume_role_policy,,update_assume_role_policy,,,,,,-1,-1,0
synthetic_cloudtrail.csv:5789,camp-hwnmojfivthg,update_assume_role_policy,,update_assume_role_policy,,,,,,-1,-1,0
synthetic_cloudtrail.csv:5790,camp-hwnmojfivthg,update_assume_role_policy,,update_assume_role_policy,,,,,,-1,-1,0
synthetic_cloudtrail.csv:5791,camp-hwnmojfivthg,update_assume_role_policy,,update_assume_role_policy,,,,,,-1,-1,0
synthetic_cloudtrail.csv:5792,camp-hwnmojfivthg,update_assume_role_policy,,update_assume_role_policy,,,,,,-1,-1,0
synthetic_cloudtrail.csv:5793,,,,,,,,,,-1,-1,0
synthetic_cloudtrail.csv:5794,,,,,,,,,,-1,-1,0
synthetic_cloudtrail.csv:5795,,,,,,,,,,-1,-1,0
synthetic_cloudtrail.csv:5796,,,,,,,,,,-1,-1,0
synthetic_cloudtrail.csv:5797,,,,,,,,,,-1,-1,0
synthetic_cloudtrail.csv:5798,,,,,,,,,,-1,-1,0
synthetic_cloudtrail.csv:5799,,,,,,,,,,-1,-1,0
synthetic_cloudtrail.csv:5800,,,,,,,,,,-1,-1,0
synthetic_cloudtrail.csv:5801,,,,,,,,,,-1,-1,0
synthetic_cloudtrail.csv:5802,,,,,,,,,,-1,-1,0
synthetic_cloudtrail.csv:5803,,,,,,,,,,-1,-1,0
synthetic_cloudtrail.csv:5804,,,,,,,,,,-1,-1,0
synthetic_cloudtrail.csv:5805,,,,,,,,,,-1,-1,0
synthetic_cloudtrail.csv:5806,,,,,,,,,,-1,-1,0
synthetic_cloudtrail.csv:5807,,,,,,,,,,-1,-1,0
synthetic_cloudtrail.csv:5808,,,,,,,,,,-1,-1,0
synthetic_cloudtrail.csv:5809,,,,,,,,,,-1,-1,0
synthetic_cloudtrail.csv:5810,,,,,,,,,,-1,-1,0
synthetic_cloudtrail.csv:5811,,,,,,,,,,-1,-1,0
synthetic_cloudtrail.csv:5812,,,,,,,,,,-1,-1,0
synthetic_cloudtrail.csv:5813,,,,,,,,,,-1,-1,0
synthetic_cloudtrail.csv:5814,,,,,,,,,,-1,-1,0
synthetic_cloudtrail.csv:5815,,,,,,,,,,-1,-1,0
synthetic_cloudtrail.csv:5816,,,,,,,,,,-1,-1,0
synthetic_cloudtrail.csv:5817,,,,,,,,,,-1,-1,0
synthetic_cloudtrail.csv:5818,,,,,,,,,,-1,-1,0
synthetic_cloudtrail.csv:5819,,,,,,,,,,-1,-1,0
synthetic_cloudtrail.csv:5820,,,,,,,,,,-1,-1,0
synthetic_cloudtrail.csv:5821,,,,,,,,,,-1,-1,0
synthetic_cloudtrail.csv:5822,,,,,,,,,,-1,-1,0
synthetic_cloudtrail.csv:5823,,,,,,,,,,-1,-1,0
synthetic_cloudtrail.csv:5824,,,,,,,,,,-1,-1,0
synthetic_cloudtrail.csv:5825,,,,,,,,,,-1,-1,0
synthetic_cloudtrail.csv:5826,,,,,,,,,,-1,-1,0
synthetic_cloudtrail.csv:5827,,,,,,,,,,-1,-1,0
synthetic_cloudtrail.csv:5828,,,,,,,,,,-1,-1,0
synthetic_cloudtrail.csv:5829,,,,,,,,,,-1,-1,0
synthetic_cloudtrail.csv:5830,,,,,,,,,,-1,-1,0
synthetic_cloudtrail.csv:5831,,,,,,,,,,-1,-1,0
synthetic_cloudtrail.csv:5832,,,,,,,,,,-1,-1,0
synthetic_cloudtrail.csv:5833,,,,,,,,,,-1,-1,0
synthetic_cloudtrail.csv:5834,,,,,,,,,,-1,-1,0
synthetic_cloudtrail.csv:5835,,,,,,,,,,-1,-1,0
synthetic_cloudtrail.csv:5836,,,,,,,,,,-1,-1,0
synthetic_cloudtrail.csv:5837,,,,,,,,,,-1,-1,0
synthetic_cloudtrail.csv:5838,,,,,,,,,,-1,-1,0
synthetic_cloudtrail.csv:5839,,,,,,,,,,-1,-1,0
synthetic_cloudtrail.csv:5840,,,,,,,,,,-1,-1,0
synthetic_cloudtrail.csv:5841,,,,,,,,,,-1,-1,0
synthetic_cloudtrail.csv:5842,,,,,,,,,,-1,-1,0
synthetic_cloudtrail.csv:5843,,,,,,,,,,-1,-1,0
synthetic_cloudtrail.csv:5844,,,,,,,,,,-1,-1,0
synthetic_cloudtrail.csv:5845,,,,,,,,,,-1,-1,0
synthetic_cloudtrail.csv:5846,,,,,,,,,,-1,-1,0
synthetic_cloudtrail.csv:5847,,,,,,,,,,-1,-1,0
synthetic_cloudtrail.csv:5848,,,,,,,,,,-1,-1,0
synthetic_cloudtrail.csv:5849,,,,,,,,,,-1,-1,0
synthetic_cloudtrail.csv:5850,,,,,,,,,,-1,-1,0
synthetic_cloudtrail.csv:5851,,,,,,,,,,-1,-1,0
synthetic_cloudtrail.csv:5852,,,,,,,,,,-1,-1,0
synthetic_cloudtrail.csv:5853,,,,,,,,,,-1,-1,0
synthetic_cloudtrail.csv:5854,,,,,,,,,,-1,-1,0
synthetic_cloudtrail.csv:5855,,,,,,,,,,-1,-1,0
synthetic_cloudtrail.csv:5856,,,,,,,,,,-1,-1,0
synthetic_cloudtrail.csv:5857,,,,,,,,,,-1,-1,0
synthetic_cloudtrail.csv:5858,,,,,,,,,,-1,-1,0
synthetic_cloudtrail.csv:5859,,,,,,,,,,-1,-1,0
synthetic_cloudtrail.csv:5860,,,,,,,,,,-1,-1,0
synthetic_cloudtrail.csv:5861,,,,,,,,,,-1,-1,0
synthetic_cloudtrail.csv:5862,,,,,,,,,,-1,-1,0
synthetic_cloudtrail.csv:5863,,,,,,,,,,-1,-1,0
synthetic_cloudtrail.csv:5864,,,,,,,,,,-1,-1,0
synthetic_cloudtrail.csv:5865,,,,,,,,,,-1,-1,0
synthetic_cloudtrail.csv:5866,,,,,,,,,,-1,-1,0
synthetic_cloudtrail.csv:5867,,,,,,,,,,-1,-1,0
synthetic_cloudtrail.csv:5868,,,,,,,,,,-1,-1,0
synthetic_cloudtrail.csv:5869,,,,,,,,,,-1,-1,0
synthetic_cloudtrail.csv:5870,,,,,,,,,,-1,-1,0
synthetic_cloudtrail.csv:5871,,,,,,,,,,-1,-1,0
synthetic_cloudtrail.csv:5872,,,,,,,,,,-1,-1,0
synthetic_cloudtrail.csv:5873,,,,,,,,,,-1,-1,0
synthetic_cloudtrail.csv:5874,,,,,,,,,,-1,-1,0
synthetic_cloudtrail.csv:5875,,,,,,,,,,-1,-1,0
synthetic_cloudtrail.csv:5876,,,,,,,,,,-1,-1,0
synthetic_cloudtrail.csv:5877,,,,,,,,,,-1,-1,0
synthetic_cloudtrail.csv:5878,,,,,,,,,,-1,-1,0
synthetic_cloudtrail.csv:5879,,,,,,,,,,-1,-1,0
synthetic_cloudtrail.csv:5880,,,,,,,,,,-1,-1,0
synthetic_cloudtrail.csv:5881,,,,,,,,,,-1,-1,0
synthetic_cloudtrail.csv:5882,,,,,,,,,,-1,-1,0
synthetic_cloudtrail.csv:5883,,,,,,,,,,-1,-1,0
synthetic_cloudtrail.csv:5884,,,,,,,,,,-1,-1,0
synthetic_cloudtrail.csv:5885,,,,,,,,,,-1,-1,0
synthetic_cloudtrail.csv:5886,,,,,,,,,,-1,-1,0
synthetic_cloudtrail.csv:5887,,,,,,,,,,-1,-1,0
synthetic_cloudtrail.csv:5888,,,,,,,,,,-1,-1,0
synthetic_cloudtrail.csv:5889,camp-rjuxutkyczls,create_user_console_access,reconnaissance,create_user_console_access,,,,,,-1,-1,0
synthetic_cloudtrail.csv:5890,camp-rjuxutkyczls,create_user_console_access,reconnaissance,create_user_console_access,,,,,,-1,-1,0
synthetic_cloudtrail.csv:5891,camp-rjuxutkyczls,create_user_console_access,reconnaissance,create_user_console_access,,,,,,-1,-1,0
synthetic_cloudtrail.csv:5892,camp-rjuxutkyczls,create_user_console_access,reconnaissance,create_user_console_access,,,,,,-1,-1,0
synthetic_cloudtrail.csv:5893,camp-rjuxutkyczls,create_user_console_access,persistence,create_user_console_access,evt-vtqbpapvfvvz,,evt-vtqbpapvfvvz,,,0,0,1
synthetic_cloudtrail.csv:5894,,,,,,,,,,-1,-1,0
synthetic_cloudtrail.csv:5895,,,,,,,,,,-1,-1,0
synthetic_cloudtrail.csv:5896,,,,,,,,,,-1,-1,0
synthetic_cloudtrail.csv:5897,camp-rjuxutkyczls,create_user_console_access,privilege-escalation,create_user_console_access,evt-utqoldxjzmqa,evt-vtqbpapvfvvz,evt-vtqbpapvfvvz,,,1,0,1
synthetic_cloudtrail.csv:5898,,,,,,,,,,-1,-1,0
synthetic_cloudtrail.csv:5899,camp-rjuxutkyczls,create_user_console_access,privilege-escalation,create_user_console_access,evt-kcbyfxhhxfos,evt-utqoldxjzmqa,evt-vtqbpapvfvvz,s3:GetObject;s3:ListBucket,*,2,0,1
synthetic_cloudtrail.csv:5900,,,,,,,,,,-1,-1,0
synthetic_cloudtrail.csv:5901,camp-rjuxutkyczls,create_user_console_access,,create_user_console_access,,,,,,-1,-1,0
synthetic_cloudtrail.csv:5902,,,,,,,,,,-1,-1,0
synthetic_cloudtrail.csv:5903,camp-rjuxutkyczls,create_user_console_access,,create_user_console_access,,,,,,-1,-1,0
synthetic_cloudtrail.csv:5904,,,,,,,,,,-1,-1,0
synthetic_cloudtrail.csv:5905,,,,,,,,,,-1,-1,0
synthetic_cloudtrail.csv:5906,,,,,,,,,,-1,-1,0
synthetic_cloudtrail.csv:5907,,,,,,,,,,-1,-1,0
synthetic_cloudtrail.csv:5908,,,,,,,,,,-1,-1,0
synthetic_cloudtrail.csv:5909,,,,,,,,,,-1,-1,0
synthetic_cloudtrail.csv:5910,,,,,,,,,,-1,-1,0
synthetic_cloudtrail.csv:5911,,,,,,,,,,-1,-1,0
synthetic_cloudtrail.csv:5912,,,,,,,,,,-1,-1,0
synthetic_cloudtrail.csv:5913,,,,,,,,,,-1,-1,0
synthetic_cloudtrail.csv:5914,,,,,,,,,,-1,-1,0
synthetic_cloudtrail.csv:5915,,,,,,,,,,-1,-1,0
synthetic_cloudtrail.csv:5916,,,,,,,,,,-1,-1,0
synthetic_cloudtrail.csv:5917,,,,,,,,,,-1,-1,0
synthetic_cloudtrail.csv:5918,,,,,,,,,,-1,-1,0
synthetic_cloudtrail.csv:5919,,,,,,,,,,-1,-1,0
synthetic_cloudtrail.csv:5920,,,,,,,,,,-1,-1,0
synthetic_cloudtrail.csv:5921,,,,,,,,,,-1,-1,0
synthetic_cloudtrail.csv:5922,,,,,,,,,,-1,-1,0
synthetic_cloudtrail.csv:5923,,,,,,,,,,-1,-1,0
synthetic_cloudtrail.csv:5924,,,,,,,,,,-1,-1,0
synthetic_cloudtrail.csv:5925,,,,,,,,,,-1,-1,0
synthetic_cloudtrail.csv:5926,,,,,,,,,,-1,-1,0
synthetic_cloudtrail.csv:5927,,,,,,,,,,-1,-1,0
synthetic_cloudtrail.csv:5928,,,,,,,,,,-1,-1,0
synthetic_cloudtrail.csv:5929,,,,,,,,,,-1,-1,0
synthetic_cloudtrail.csv:5930,camp-qqxxhlertepj,update_assume_role_policy,reconnaissance,update_assume_role_policy,,,,,,-1,-1,0
synthetic_cloudtrail.csv:5931,camp-qqxxhlertepj,update_assume_role_policy,reconnaissance,update_assume_role_policy,,,,,,-1,-1,0
synthetic_cloudtrail.csv:5932,camp-qqxxhlertepj,update_assume_role_policy,reconnaissance,update_assume_role_policy,,,,,,-1,-1,0
synthetic_cloudtrail.csv:5933,camp-qqxxhlertepj,update_assume_role_policy,persistence,update_assume_role_policy,evt-zerzlmpqysuu,,evt-zerzlmpqysuu,,sts:AssumeRole/*,0,0,1
synthetic_cloudtrail.csv:5934,camp-qqxxhlertepj,update_assume_role_policy,privilege-escalation,update_assume_role_policy,evt-fqujpghjkvgy,evt-zerzlmpqysuu,evt-zerzlmpqysuu,,,1,0,1
synthetic_cloudtrail.csv:5935,,,,,,,,,,-1,-1,0
synthetic_cloudtrail.csv:5936,camp-qqxxhlertepj,update_assume_role_policy,credential-access,update_assume_role_policy,evt-kmedqesofean,evt-fqujpghjkvgy,evt-zerzlmpqysuu,,,2,1,1
synthetic_cloudtrail.csv:5937,camp-qqxxhlertepj,update_assume_role_policy,,update_assume_role_policy,,,,,,-1,-1,0
synthetic_cloudtrail.csv:5938,,,,,,,,,,-1,-1,0
synthetic_cloudtrail.csv:5939,camp-qqxxhlertepj,update_assume_role_policy,,update_assume_role_policy,,,,,,-1,-1,0
synthetic_cloudtrail.csv:5940,,,,,,,,,,-1,-1,0
synthetic_cloudtrail.csv:5941,,,,,,,,,,-1,-1,0
synthetic_cloudtrail.csv:5942,,,,,,,,,,-1,-1,0
synthetic_cloudtrail.csv:5943,,,,,,,,,,-1,-1,0
synthetic_cloudtrail.csv:5944,,,,,,,,,,-1,-1,0
synthetic_cloudtrail.csv:5945,,,,,,,,,,-1,-1,0
synthetic_cloudtrail.csv:5946,,,,,,,,,,-1,-1,0
synthetic_cloudtrail.csv:5947,,,,,,,,,,-1,-1,0
synthetic_cloudtrail.csv:5948,,,,,,,,,,-1,-1,0
synthetic_cloudtrail.csv:5949,,,,,,,,,,-1,-1,0
synthetic_cloudtrail.csv:5950,,,,,,,,,,-1,-1,0
synthetic_cloudtrail.csv:5951,,,,,,,,,,-1,-1,0
synthetic_cloudtrail.csv:5952,,,,,,,,,,-1,-1,0
synthetic_cloudtrail.csv:5953,,,,,,,,,,-1,-1,0
synthetic_cloudtrail.csv:5954,,,,,,,,,,-1,-1,0
synthetic_cloudtrail.csv:5955,,,,,,,,,,-1,-1,0
synthetic_cloudtrail.csv:5956,,,,,,,,,,-1,-1,0
synthetic_cloudtrail.csv:5957,,,,,,,,,,-1,-1,0
synthetic_cloudtrail.csv:5958,,,,,,,,,,-1,-1,0
synthetic_cloudtrail.csv:5959,,,,,,,,,,-1,-1,0
synthetic_cloudtrail.csv:5960,,,,,,,,,,-1,-1,0
synthetic_cloudtrail.csv:5961,,,,,,,,,,-1,-1,0
synthetic_cloudtrail.csv:5962,,,,,,,,,,-1,-1,0
synthetic_cloudtrail.csv:5963,,,,,,,,,,-1,-1,0
synthetic_cloudtrail.csv:5964,,,,,,,,,,-1,-1,0
synthetic_cloudtrail.csv:5965,,,,,,,,,,-1,-1,0
synthetic_cloudtrail.csv:5966,,,,,,,,,,-1,-1,0
synthetic_cloudtrail.csv:5967,,,,,,,,,,-1,-1,0
synthetic_cloudtrail.csv:5968,,,,,,,,,,-1,-1,0
synthetic_cloudtrail.csv:5969,,,,,,,,,,-1,-1,0
synthetic_cloudtrail.csv:5970,,,,,,,,,,-1,-1,0
synthetic_cloudtrail.csv:5971,,,,,,,,,,-1,-1,0
synthetic_cloudtrail.csv:5972,,,,,,,,,,-1,-1,0
synthetic_cloudtrail.csv:5973,camp-oerejgvpzriq,ec2_credential_extraction,reconnaissance,ec2_credential_extraction,,,,,,-1,-1,0
synthetic_cloudtrail.csv:5974,camp-oerejgvpzriq,ec2_credential_extraction,reconnaissance,ec2_credential_extraction,,,,,,-1,-1,0
synthetic_cloudtrail.csv:5975,camp-oerejgvpzriq,ec2_credential_extraction,reconnaissance,ec2_credential_extraction,,,,,,-1,-1,0
synthetic_cloudtrail.csv:5976,camp-oerejgvpzriq,ec2_credential_extraction,credential-access,ec2_credential_extraction,evt-sdivsjusxbjt,,evt-sdivsjusxbjt,,,0,0,1
synthetic_cloudtrail.csv:5977,camp-oerejgvpzriq,ec2_credential_extraction,reconnaissance,ec2_credential_extraction,,,,,,-1,-1,0
synthetic_cloudtrail.csv:5978,camp-oerejgvpzriq,ec2_credential_extraction,credential-access,ec2_credential_extraction,evt-jpurbluwduqe,evt-sdivsjusxbjt,evt-sdivsjusxbjt,,,1,0,1
synthetic_cloudtrail.csv:5979,camp-oerejgvpzriq,ec2_credential_extraction,,ec2_credential_extraction,,,,,,-1,-1,0
synthetic_cloudtrail.csv:5980,camp-oerejgvpzriq,ec2_credential_extraction,,ec2_credential_extraction,,,,,,-1,-1,0
synthetic_cloudtrail.csv:5981,camp-oerejgvpzriq,ec2_credential_extraction,,ec2_credential_extraction,,,,,,-1,-1,0
synthetic_cloudtrail.csv:5982,camp-oerejgvpzriq,ec2_credential_extraction,,ec2_credential_extraction,,,,,,-1,-1,0
synthetic_cloudtrail.csv:5983,camp-oerejgvpzriq,ec2_credential_extraction,,ec2_credential_extraction,,,,,,-1,-1,0
synthetic_cloudtrail.csv:5984,camp-qebposoddudn,add_user_to_admin_group,reconnaissance,add_user_to_admin_group,,,,,,-1,-1,0
synthetic_cloudtrail.csv:5985,camp-qebposoddudn,add_user_to_admin_group,reconnaissance,add_user_to_admin_group,,,,,,-1,-1,0
synthetic_cloudtrail.csv:5986,camp-qebposoddudn,add_user_to_admin_group,reconnaissance,add_user_to_admin_group,,,,,,-1,-1,0
synthetic_cloudtrail.csv:5987,camp-qebposoddudn,add_user_to_admin_group,reconnaissance,add_user_to_admin_group,,,,,,-1,-1,0
synthetic_cloudtrail.csv:5988,camp-qebposoddudn,add_user_to_admin_group,reconnaissance,add_user_to_admin_group,,,,,,-1,-1,0
synthetic_cloudtrail.csv:5989,camp-qebposoddudn,add_user_to_admin_group,reconnaissance,add_user_to_admin_group,,,,,,-1,-1,0
synthetic_cloudtrail.csv:5990,camp-qebposoddudn,add_user_to_admin_group,reconnaissance,add_user_to_admin_group,,,,,,-1,-1,0
synthetic_cloudtrail.csv:5991,camp-qebposoddudn,add_user_to_admin_group,privilege-escalation,add_user_to_admin_group,evt-iddvpwgzzaiu,,evt-iddvpwgzzaiu,,,0,0,1
synthetic_cloudtrail.csv:5992,camp-qebposoddudn,add_user_to_admin_group,,add_user_to_admin_group,,,,,,-1,-1,0
synthetic_cloudtrail.csv:5993,camp-qebposoddudn,add_user_to_admin_group,,add_user_to_admin_group,,,,,,-1,-1,0
synthetic_cloudtrail.csv:5994,camp-qebposoddudn,add_user_to_admin_group,,add_user_to_admin_group,,,,,,-1,-1,0
synthetic_cloudtrail.csv:5995,camp-qebposoddudn,add_user_to_admin_group,,add_user_to_admin_group,,,,,,-1,-1,0
synthetic_cloudtrail.csv:5996,camp-qebposoddudn,add_user_to_admin_group,,add_user_to_admin_group,,,,,,-1,-1,0
synthetic_cloudtrail.csv:5997,camp-dalfanjgekcf,ec2_credential_extraction,reconnaissance,ec2_credential_extraction,,,,,,-1,-1,0
synthetic_cloudtrail.csv:5998,camp-dalfanjgekcf,ec2_credential_extraction,reconnaissance,ec2_credential_extraction,,,,,,-1,-1,0
synthetic_cloudtrail.csv:5999,camp-dalfanjgekcf,ec2_credential_extraction,reconnaissance,ec2_credential_extraction,,,,,,-1,-1,0
synthetic_cloudtrail.csv:6000,camp-dalfanjgekcf,ec2_credential_extraction,reconnaissance,ec2_credential_extraction,,,,,,-1,-1,0
synthetic_cloudtrail.csv:6001,camp-dalfanjgekcf,ec2_credential_extraction,reconnaissance,ec2_credential_extraction,,,,,,-1,-1,0
synthetic_cloudtrail.csv:6002,camp-dalfanjgekcf,ec2_credential_extraction,reconnaissance,ec2_credential_extraction,,,,,,-1,-1,0
synthetic_cloudtrail.csv:6003,camp-dalfanjgekcf,ec2_credential_extraction,credential-access,ec2_credential_extraction,evt-tjbmcwhjimsn,,evt-tjbmcwhjimsn,,,0,0,1
synthetic_cloudtrail.csv:6004,camp-dalfanjgekcf,ec2_credential_extraction,credential-access,ec2_credential_extraction,evt-kyayvcjqnuxj,evt-tjbmcwhjimsn,evt-tjbmcwhjimsn,,,1,0,1
synthetic_cloudtrail.csv:6005,camp-dalfanjgekcf,ec2_credential_extraction,,ec2_credential_extraction,,,,,,-1,-1,0
synthetic_cloudtrail.csv:6006,camp-dalfanjgekcf,ec2_credential_extraction,,ec2_credential_extraction,,,,,,-1,-1,0
synthetic_cloudtrail.csv:6007,,,,,,,,,,-1,-1,0
synthetic_cloudtrail.csv:6008,,,,,,,,,,-1,-1,0
synthetic_cloudtrail.csv:6009,,,,,,,,,,-1,-1,0
synthetic_cloudtrail.csv:6010,,,,,,,,,,-1,-1,0
synthetic_cloudtrail.csv:6011,,,,,,,,,,-1,-1,0
synthetic_cloudtrail.csv:6012,,,,,,,,,,-1,-1,0
synthetic_cloudtrail.csv:6013,,,,,,,,,,-1,-1,0
synthetic_cloudtrail.csv:6014,,,,,,,,,,-1,-1,0
synthetic_cloudtrail.csv:6015,,,,,,,,,,-1,-1,0
synthetic_cloudtrail.csv:6016,,,,,,,,,,-1,-1,0
synthetic_cloudtrail.csv:6017,,,,,,,,,,-1,-1,0
synthetic_cloudtrail.csv:6018,,,,,,,,,,-1,-1,0
synthetic_cloudtrail.csv:6019,,,,,,,,,,-1,-1,0
synthetic_cloudtrail.csv:6020,,,,,,,,,,-1,-1,0
synthetic_cloudtrail.csv:6021,,,,,,,,,,-1,-1,0
synthetic_cloudtrail.csv:6022,,,,,,,,,,-1,-1,0
synthetic_cloudtrail.csv:6023,,,,,,,,,,-1,-1,0
synthetic_cloudtrail.csv:6024,,,,,,,,,,-1,-1,0
synthetic_cloudtrail.csv:6025,,,,,,,,,,-1,-1,0
synthetic_cloudtrail.csv:6026,,,,,,,,,,-1,-1,0
synthetic_cloudtrail.csv:6027,,,,,,,,,,-1,-1,0
synthetic_cloudtrail.csv:6028,,,,,,,,,,-1,-1,0
synthetic_cloudtrail.csv:6029,,,,,,,,,,-1,-1,0
synthetic_cloudtrail.csv:6030,,,,,,,,,,-1,-1,0
synthetic_cloudtrail.csv:6031,,,,,,,,,,-1,-1,0
synthetic_cloudtrail.csv:6032,,,,,,,,,,-1,-1,0
synthetic_cloudtrail.csv:6033,,,,,,,,,,-1,-1,0
synthetic_cloudtrail.csv:6034,,,,,,,,,,-1,-1,0
synthetic_cloudtrail.csv:6035,,,,,,,,,,-1,-1,0
synthetic_cloudtrail.csv:6036,,,,,,,,,,-1,-1,0
synthetic_cloudtrail.csv:6037,,,,,,,,,,-1,-1,0
synthetic_cloudtrail.csv:6038,,,,,,,,,,-1,-1,0
synthetic_cloudtrail.csv:6039,,,,,,,,,,-1,-1,0
synthetic_cloudtrail.csv:6040,,,,,,,,,,-1,-1,0
synthetic_cloudtrail.csv:6041,,,,,,,,,,-1,-1,0
synthetic_cloudtrail.csv:6042,,,,,,,,,,-1,-1,0
synthetic_cloudtrail.csv:6043,,,,,,,,,,-1,-1,0
synthetic_cloudtrail.csv:6044,,,,,,,,,,-1,-1,0
synthetic_cloudtrail.csv:6045,,,,,,,,,,-1,-1,0
synthetic_cloudtrail.csv:6046,,,,,,,,,,-1,-1,0
synthetic_cloudtrail.csv:6047,,,,,,,,,,-1,-1,0
synthetic_cloudtrail.csv:6048,,,,,,,,,,-1,-1,0
synthetic_cloudtrail.csv:6049,,,,,,,,,,-1,-1,0
synthetic_cloudtrail.csv:6050,,,,,,,,,,-1,-1,0
synthetic_cloudtrail.csv:6051,,,,,,,,,,-1,-1,0
synthetic_cloudtrail.csv:6052,,,,,,,,,,-1,-1,0
synthetic_cloudtrail.csv:6053,,,,,,,,,,-1,-1,0
synthetic_cloudtrail.csv:6054,,,,,,,,,,-1,-1,0
synthetic_cloudtrail.csv:6055,,,,,,,,,,-1,-1,0
synthetic_cloudtrail.csv:6056,,,,,,,,,,-1,-1,0
synthetic_cloudtrail.csv:6057,,,,,,,,,,-1,-1,0
synthetic_cloudtrail.csv:6058,,,,,,,,,,-1,-1,0
synthetic_cloudtrail.csv:6059,,,,,,,,,,-1,-1,0
synthetic_cloudtrail.csv:6060,,,,,,,,,,-1,-1,0
synthetic_cloudtrail.csv:6061,,,,,,,,,,-1,-1,0
synthetic_cloudtrail.csv:6062,,,,,,,,,,-1,-1,0
synthetic_cloudtrail.csv:6063,,,,,,,,,,-1,-1,0
synthetic_cloudtrail.csv:6064,,,,,,,,,,-1,-1,0
synthetic_cloudtrail.csv:6065,,,,,,,,,,-1,-1,0
synthetic_cloudtrail.csv:6066,,,,,,,,,,-1,-1,0
synthetic_cloudtrail.csv:6067,,,,,,,,,,-1,-1,0
synthetic_cloudtrail.csv:6068,,,,,,,,,,-1,-1,0
synthetic_cloudtrail.csv:6069,,,,,,,,,,-1,-1,0
synthetic_cloudtrail.csv:6070,,,,,,,,,,-1,-1,0
synthetic_cloudtrail.csv:6071,,,,,,,,,,-1,-1,0
synthetic_cloudtrail.csv:6072,,,,,,,,,,-1,-1,0
synthetic_cloudtrail.csv:6073,,,,,,,,,,-1,-1,0
synthetic_cloudtrail.csv:6074,,,,,,,,,,-1,-1,0
synthetic_cloudtrail.csv:6075,,,,,,,,,,-1,-1,0
synthetic_cloudtrail.csv:6076,,,,,,,,,,-1,-1,0
synthetic_cloudtrail.csv:6077,,,,,,,,,,-1,-1,0
synthetic_cloudtrail.csv:6078,,,,,,,,,,-1,-1,0
synthetic_cloudtrail.csv:6079,,,,,,,,,,-1,-1,0
synthetic_cloudtrail.csv:6080,,,,,,,,,,-1,-1,0
synthetic_cloudtrail.csv:6081,,,,,,,,,,-1,-1,0
synthetic_cloudtrail.csv:6082,,,,,,,,,,-1,-1,0
synthetic_cloudtrail.csv:6083,,,,,,,,,,-1,-1,0
synthetic_cloudtrail.csv:6084,,,,,,,,,,-1,-1,0
synthetic_cloudtrail.csv:6085,,,,,,,,,,-1,-1,0
synthetic_cloudtrail.csv:6086,,,,,,,,,,-1,-1,0
synthetic_cloudtrail.csv:6087,,,,,,,,,,-1,-1,0
synthetic_cloudtrail.csv:6088,,,,,,,,,,-1,-1,0
synthetic_cloudtrail.csv:6089,,,,,,,,,,-1,-1,0
synthetic_cloudtrail.csv:6090,,,,,,,,,,-1,-1,0
synthetic_cloudtrail.csv:6091,,,,,,,,,,-1,-1,0
synthetic_cloudtrail.csv:6092,,,,,,,,,,-1,-1,0
synthetic_cloudtrail.csv:6093,,,,,,,,,,-1,-1,0
synthetic_cloudtrail.csv:6094,,,,,,,,,,-1,-1,0
synthetic_cloudtrail.csv:6095,camp-sihodkrjpelw,ssm_parameter_harvest,reconnaissance,ssm_parameter_harvest,,,,,,-1,-1,0
synthetic_cloudtrail.csv:6096,camp-sihodkrjpelw,ssm_parameter_harvest,reconnaissance,ssm_parameter_harvest,,,,,,-1,-1,0
synthetic_cloudtrail.csv:6097,camp-sihodkrjpelw,ssm_parameter_harvest,reconnaissance,ssm_parameter_harvest,,,,,,-1,-1,0
synthetic_cloudtrail.csv:6098,camp-sihodkrjpelw,ssm_parameter_harvest,reconnaissance,ssm_parameter_harvest,,,,,,-1,-1,0
synthetic_cloudtrail.csv:6099,camp-sihodkrjpelw,ssm_parameter_harvest,credential-access,ssm_parameter_harvest,evt-xaeozgqpoouc,,evt-xaeozgqpoouc,,,0,0,1
synthetic_cloudtrail.csv:6100,camp-sihodkrjpelw,ssm_parameter_harvest,reconnaissance,ssm_parameter_harvest,,,,,,-1,-1,0
synthetic_cloudtrail.csv:6101,camp-sihodkrjpelw,ssm_parameter_harvest,credential-access,ssm_parameter_harvest,evt-owiggnchxeun,evt-xaeozgqpoouc,evt-xaeozgqpoouc,,,1,0,1
synthetic_cloudtrail.csv:6102,camp-sihodkrjpelw,ssm_parameter_harvest,credential-access,ssm_parameter_harvest,evt-zqhvnwpifooq,evt-owiggnchxeun,evt-xaeozgqpoouc,,,2,0,1
synthetic_cloudtrail.csv:6103,camp-sihodkrjpelw,ssm_parameter_harvest,,ssm_parameter_harvest,,,,,,-1,-1,0
synthetic_cloudtrail.csv:6104,camp-sihodkrjpelw,ssm_parameter_harvest,,ssm_parameter_harvest,,,,,,-1,-1,0
synthetic_cloudtrail.csv:6105,camp-tecfixjwkiko,ec2_credential_extraction,reconnaissance,ec2_credential_extraction,,,,,,-1,-1,0
synthetic_cloudtrail.csv:6106,camp-tecfixjwkiko,ec2_credential_extraction,reconnaissance,ec2_credential_extraction,,,,,,-1,-1,0
synthetic_cloudtrail.csv:6107,camp-tecfixjwkiko,ec2_credential_extraction,reconnaissance,ec2_credential_extraction,,,,,,-1,-1,0
synthetic_cloudtrail.csv:6108,camp-tecfixjwkiko,ec2_credential_extraction,reconnaissance,ec2_credential_extraction,,,,,,-1,-1,0
synthetic_cloudtrail.csv:6109,camp-tecfixjwkiko,ec2_credential_extraction,credential-access,ec2_credential_extraction,evt-ycgpzurpqwfn,evt-dvdlottlelxw,evt-dvdlottlelxw,,,1,0,1
synthetic_cloudtrail.csv:6110,camp-tecfixjwkiko,ec2_credential_extraction,reconnaissance,ec2_credential_extraction,,,,,,-1,-1,0
synthetic_cloudtrail.csv:6111,camp-tecfixjwkiko,ec2_credential_extraction,credential-access,ec2_credential_extraction,evt-dvdlottlelxw,,evt-dvdlottlelxw,,,0,0,1
synthetic_cloudtrail.csv:6112,camp-tecfixjwkiko,ec2_credential_extraction,,ec2_credential_extraction,,,,,,-1,-1,0
synthetic_cloudtrail.csv:6113,camp-tecfixjwkiko,ec2_credential_extraction,,ec2_credential_extraction,,,,,,-1,-1,0
synthetic_cloudtrail.csv:6114,camp-tecfixjwkiko,ec2_credential_extraction,,ec2_credential_extraction,,,,,,-1,-1,0
synthetic_cloudtrail.csv:6115,,,,,,,,,,-1,-1,0
synthetic_cloudtrail.csv:6116,,,,,,,,,,-1,-1,0
synthetic_cloudtrail.csv:6117,,,,,,,,,,-1,-1,0
synthetic_cloudtrail.csv:6118,,,,,,,,,,-1,-1,0
synthetic_cloudtrail.csv:6119,,,,,,,,,,-1,-1,0
synthetic_cloudtrail.csv:6120,,,,,,,,,,-1,-1,0
synthetic_cloudtrail.csv:6121,,,,,,,,,,-1,-1,0
synthetic_cloudtrail.csv:6122,,,,,,,,,,-1,-1,0
synthetic_cloudtrail.csv:6123,,,,,,,,,,-1,-1,0
synthetic_cloudtrail.csv:6124,,,,,,,,,,-1,-1,0
synthetic_cloudtrail.csv:6125,,,,,,,,,,-1,-1,0
synthetic_cloudtrail.csv:6126,,,,,,,,,,-1,-1,0
synthetic_cloudtrail.csv:6127,,,,,,,,,,-1,-1,0
synthetic_cloudtrail.csv:6128,,,,,,,,,,-1,-1,0
synthetic_cloudtrail.csv:6129,camp-ymrkvchaldve,assume_admin_then_backdoor_role,reconnaissance,assume_admin_then_backdoor_role,,,,,,-1,-1,0
synthetic_cloudtrail.csv:6130,camp-ymrkvchaldve,assume_admin_then_backdoor_role,reconnaissance,assume_admin_then_backdoor_role,,,,,,-1,-1,0
synthetic_cloudtrail.csv:6131,camp-ymrkvchaldve,assume_admin_then_backdoor_role,reconnaissance,assume_admin_then_backdoor_role,,,,,,-1,-1,0
synthetic_cloudtrail.csv:6132,camp-ymrkvchaldve,assume_admin_then_backdoor_role,reconnaissance,assume_admin_then_backdoor_role,,,,,,-1,-1,0
synthetic_cloudtrail.csv:6133,camp-ymrkvchaldve,assume_admin_then_backdoor_role,reconnaissance,assume_admin_then_backdoor_role,,,,,,-1,-1,0
synthetic_cloudtrail.csv:6134,camp-ymrkvchaldve,assume_admin_then_backdoor_role,privilege-escalation,assume_admin_then_backdoor_role,evt-atcpowszgdiv,,evt-atcpowszgdiv,,,0,0,1
synthetic_cloudtrail.csv:6135,camp-ymrkvchaldve,assume_admin_then_backdoor_role,persistence,assume_admin_then_backdoor_role,evt-woanjwsjgele,evt-atcpowszgdiv,evt-atcpowszgdiv,,,1,1,1
synthetic_cloudtrail.csv:6136,camp-ymrkvchaldve,assume_admin_then_backdoor_role,privilege-escalation,assume_admin_then_backdoor_role,evt-nyhscsjlftki,evt-woanjwsjgele,evt-atcpowszgdiv,s3:GetObject;s3:ListBucket,*,2,1,1
synthetic_cloudtrail.csv:6137,camp-ymrkvchaldve,assume_admin_then_backdoor_role,privilege-escalation,assume_admin_then_backdoor_role,evt-msyzvuzcjagh,evt-nyhscsjlftki,evt-atcpowszgdiv,,,3,1,1
synthetic_cloudtrail.csv:6138,camp-ymrkvchaldve,assume_admin_then_backdoor_role,credential-access,assume_admin_then_backdoor_role,evt-ydnjxrynshbd,evt-msyzvuzcjagh,evt-atcpowszgdiv,,,4,2,1
synthetic_cloudtrail.csv:6139,camp-ymrkvchaldve,assume_admin_then_backdoor_role,,assume_admin_then_backdoor_role,,,,,,-1,-1,0
synthetic_cloudtrail.csv:6140,camp-ymrkvchaldve,assume_admin_then_backdoor_role,,assume_admin_then_backdoor_role,,,,,,-1,-1,0
synthetic_cloudtrail.csv:6141,camp-ymrkvchaldve,assume_admin_then_backdoor_role,,assume_admin_then_backdoor_role,,,,,,-1,-1,0
synthetic_cloudtrail.csv:6142,camp-ymrkvchaldve,assume_admin_then_backdoor_role,,assume_admin_then_backdoor_role,,,,,,-1,-1,0
synthetic_cloudtrail.csv:6143,camp-ymrkvchaldve,assume_admin_then_backdoor_role,,assume_admin_then_backdoor_role,,,,,,-1,-1,0
synthetic_cloudtrail.csv:6144,,,,,,,,,,-1,-1,0
synthetic_cloudtrail.csv:6145,,,,,,,,,,-1,-1,0
synthetic_cloudtrail.csv:6146,,,,,,,,,,-1,-1,0
synthetic_cloudtrail.csv:6147,,,,,,,,,,-1,-1,0
synthetic_cloudtrail.csv:6148,,,,,,,,,,-1,-1,0
synthetic_cloudtrail.csv:6149,,,,,,,,,,-1,-1,0
synthetic_cloudtrail.csv:6150,,,,,,,,,,-1,-1,0
synthetic_cloudtrail.csv:6151,,,,,,,,,,-1,-1,0
synthetic_cloudtrail.csv:6152,,,,,,,,,,-1,-1,0
synthetic_cloudtrail.csv:6153,,,,,,,,,,-1,-1,0
synthetic_cloudtrail.csv:6154,,,,,,,,,,-1,-1,0
synthetic_cloudtrail.csv:6155,,,,,,,,,,-1,-1,0
synthetic_cloudtrail.csv:6156,,,,,,,,,,-1,-1,0
synthetic_cloudtrail.csv:6157,,,,,,,,,,-1,-1,0
synthetic_cloudtrail.csv:6158,,,,,,,,,,-1,-1,0
synthetic_cloudtrail.csv:6159,,,,,,,,,,-1,-1,0
synthetic_cloudtrail.csv:6160,,,,,,,,,,-1,-1,0
synthetic_cloudtrail.csv:6161,,,,,,,,,,-1,-1,0
synthetic_cloudtrail.csv:6162,,,,,,,,,,-1,-1,0
synthetic_cloudtrail.csv:6163,,,,,,,,,,-1,-1,0
synthetic_cloudtrail.csv:6164,,,,,,,,,,-1,-1,0
synthetic_cloudtrail.csv:6165,,,,,,,,,,-1,-1,0
synthetic_cloudtrail.csv:6166,,,,,,,,,,-1,-1,0
synthetic_cloudtrail.csv:6167,,,,,,,,,,-1,-1,0
synthetic_cloudtrail.csv:6168,,,,,,,,,,-1,-1,0
synthetic_cloudtrail.csv:6169,,,,,,,,,,-1,-1,0
synthetic_cloudtrail.csv:6170,,,,,,,,,,-1,-1,0
synthetic_cloudtrail.csv:6171,,,,,,,,,,-1,-1,0
synthetic_cloudtrail.csv:6172,,,,,,,,,,-1,-1,0
synthetic_cloudtrail.csv:6173,,,,,,,,,,-1,-1,0
synthetic_cloudtrail.csv:6174,,,,,,,,,,-1,-1,0
synthetic_cloudtrail.csv:6175,,,,,,,,,,-1,-1,0
synthetic_cloudtrail.csv:6176,,,,,,,,,,-1,-1,0
synthetic_cloudtrail.csv:6177,,,,,,,,,,-1,-1,0
synthetic_cloudtrail.csv:6178,,,,,,,,,,-1,-1,0
synthetic_cloudtrail.csv:6179,,,,,,,,,,-1,-1,0
synthetic_cloudtrail.csv:6180,,,,,,,,,,-1,-1,0
synthetic_cloudtrail.csv:6181,,,,,,,,,,-1,-1,0
synthetic_cloudtrail.csv:6182,,,,,,,,,,-1,-1,0
synthetic_cloudtrail.csv:6183,,,,,,,,,,-1,-1,0
synthetic_cloudtrail.csv:6184,,,,,,,,,,-1,-1,0
synthetic_cloudtrail.csv:6185,,,,,,,,,,-1,-1,0
synthetic_cloudtrail.csv:6186,,,,,,,,,,-1,-1,0
synthetic_cloudtrail.csv:6187,,,,,,,,,,-1,-1,0
synthetic_cloudtrail.csv:6188,,,,,,,,,,-1,-1,0
synthetic_cloudtrail.csv:6189,,,,,,,,,,-1,-1,0
synthetic_cloudtrail.csv:6190,,,,,,,,,,-1,-1,0
synthetic_cloudtrail.csv:6191,,,,,,,,,,-1,-1,0
synthetic_cloudtrail.csv:6192,,,,,,,,,,-1,-1,0
synthetic_cloudtrail.csv:6193,,,,,,,,,,-1,-1,0
synthetic_cloudtrail.csv:6194,,,,,,,,,,-1,-1,0
synthetic_cloudtrail.csv:6195,,,,,,,,,,-1,-1,0
synthetic_cloudtrail.csv:6196,,,,,,,,,,-1,-1,0
synthetic_cloudtrail.csv:6197,,,,,,,,,,-1,-1,0
synthetic_cloudtrail.csv:6198,,,,,,,,,,-1,-1,0
synthetic_cloudtrail.csv:6199,,,,,,,,,,-1,-1,0
synthetic_cloudtrail.csv:6200,,,,,,,,,,-1,-1,0
synthetic_cloudtrail.csv:6201,,,,,,,,,,-1,-1,0
synthetic_cloudtrail.csv:6202,,,,,,,,,,-1,-1,0
synthetic_cloudtrail.csv:6203,,,,,,,,,,-1,-1,0
synthetic_cloudtrail.csv:6204,,,,,,,,,,-1,-1,0
synthetic_cloudtrail.csv:6205,,,,,,,,,,-1,-1,0
synthetic_cloudtrail.csv:6206,,,,,,,,,,-1,-1,0
synthetic_cloudtrail.csv:6207,,,,,,,,,,-1,-1,0
synthetic_cloudtrail.csv:6208,,,,,,,,,,-1,-1,0
synthetic_cloudtrail.csv:6209,,,,,,,,,,-1,-1,0
synthetic_cloudtrail.csv:6210,,,,,,,,,,-1,-1,0
synthetic_cloudtrail.csv:6211,,,,,,,,,,-1,-1,0
synthetic_cloudtrail.csv:6212,,,,,,,,,,-1,-1,0
synthetic_cloudtrail.csv:6213,,,,,,,,,,-1,-1,0
synthetic_cloudtrail.csv:6214,,,,,,,,,,-1,-1,0
synthetic_cloudtrail.csv:6215,camp-uyttdbtjscao,assume_admin_then_backdoor_role,reconnaissance,assume_admin_then_backdoor_role,,,,,,-1,-1,0
synthetic_cloudtrail.csv:6216,camp-uyttdbtjscao,assume_admin_then_backdoor_role,reconnaissance,assume_admin_then_backdoor_role,,,,,,-1,-1,0
synthetic_cloudtrail.csv:6217,camp-uyttdbtjscao,assume_admin_then_backdoor_role,reconnaissance,assume_admin_then_backdoor_role,,,,,,-1,-1,0
synthetic_cloudtrail.csv:6218,camp-uyttdbtjscao,assume_admin_then_backdoor_role,reconnaissance,assume_admin_then_backdoor_role,,,,,,-1,-1,0
synthetic_cloudtrail.csv:6219,camp-uyttdbtjscao,assume_admin_then_backdoor_role,reconnaissance,assume_admin_then_backdoor_role,,,,,,-1,-1,0
synthetic_cloudtrail.csv:6220,camp-uyttdbtjscao,assume_admin_then_backdoor_role,reconnaissance,assume_admin_then_backdoor_role,,,,,,-1,-1,0
synthetic_cloudtrail.csv:6221,camp-uyttdbtjscao,assume_admin_then_backdoor_role,privilege-escalation,assume_admin_then_backdoor_role,evt-dtzyqotuduni,,evt-dtzyqotuduni,,,0,0,1
synthetic_cloudtrail.csv:6222,camp-uyttdbtjscao,assume_admin_then_backdoor_role,persistence,assume_admin_then_backdoor_role,evt-xudkyqhsafxj,evt-dtzyqotuduni,evt-dtzyqotuduni,,,1,1,1
synthetic_cloudtrail.csv:6223,camp-uyttdbtjscao,assume_admin_then_backdoor_role,privilege-escalation,assume_admin_then_backdoor_role,evt-uoplirbhghik,evt-xudkyqhsafxj,evt-dtzyqotuduni,s3:GetObject;s3:ListBucket,*,2,1,1
synthetic_cloudtrail.csv:6224,camp-uyttdbtjscao,assume_admin_then_backdoor_role,privilege-escalation,assume_admin_then_backdoor_role,evt-vvmlwxrbdxne,evt-uoplirbhghik,evt-dtzyqotuduni,,,3,1,1
synthetic_cloudtrail.csv:6225,camp-uyttdbtjscao,assume_admin_then_backdoor_role,credential-access,assume_admin_then_backdoor_role,evt-jalihevhpxhj,evt-vvmlwxrbdxne,evt-dtzyqotuduni,,,4,2,1
synthetic_cloudtrail.csv:6226,camp-uyttdbtjscao,assume_admin_then_backdoor_role,,assume_admin_then_backdoor_role,,,,,,-1,-1,0
synthetic_cloudtrail.csv:6227,camp-uyttdbtjscao,assume_admin_then_backdoor_role,,assume_admin_then_backdoor_role,,,,,,-1,-1,0
synthetic_cloudtrail.csv:6228,camp-uyttdbtjscao,assume_admin_then_backdoor_role,,assume_admin_then_backdoor_role,,,,,,-1,-1,0
synthetic_cloudtrail.csv:6229,camp-uyttdbtjscao,assume_admin_then_backdoor_role,,assume_admin_then_backdoor_role,,,,,,-1,-1,0
synthetic_cloudtrail.csv:6230,,,,,,,,,,-1,-1,0
synthetic_cloudtrail.csv:6231,,,,,,,,,,-1,-1,0
synthetic_cloudtrail.csv:6232,,,,,,,,,,-1,-1,0
synthetic_cloudtrail.csv:6233,,,,,,,,,,-1,-1,0
synthetic_cloudtrail.csv:6234,,,,,,,,,,-1,-1,0
synthetic_cloudtrail.csv:6235,,,,,,,,,,-1,-1,0
synthetic_cloudtrail.csv:6236,,,,,,,,,,-1,-1,0
synthetic_cloudtrail.csv:6237,,,,,,,,,,-1,-1,0
synthetic_cloudtrail.csv:6238,,,,,,,,,,-1,-1,0
synthetic_cloudtrail.csv:6239,,,,,,,,,,-1,-1,0
synthetic_cloudtrail.csv:6240,,,,,,,,,,-1,-1,0
synthetic_cloudtrail.csv:6241,,,,,,,,,,-1,-1,0
synthetic_cloudtrail.csv:6242,,,,,,,,,,-1,-1,0
synthetic_cloudtrail.csv:6243,,,,,,,,,,-1,-1,0
synthetic_cloudtrail.csv:6244,,,,,,,,,,-1,-1,0
synthetic_cloudtrail.csv:6245,,,,,,,,,,-1,-1,0
synthetic_cloudtrail.csv:6246,,,,,,,,,,-1,-1,0
synthetic_cloudtrail.csv:6247,,,,,,,,,,-1,-1,0
synthetic_cloudtrail.csv:6248,,,,,,,,,,-1,-1,0
synthetic_cloudtrail.csv:6249,,,,,,,,,,-1,-1,0
synthetic_cloudtrail.csv:6250,,,,,,,,,,-1,-1,0
synthetic_cloudtrail.csv:6251,camp-cayinmftcbfw,update_role_inline_policy,reconnaissance,update_role_inline_policy,,,,,,-1,-1,0
synthetic_cloudtrail.csv:6252,camp-cayinmftcbfw,update_role_inline_policy,reconnaissance,update_role_inline_policy,,,,,,-1,-1,0
synthetic_cloudtrail.csv:6253,camp-cayinmftcbfw,update_role_inline_policy,reconnaissance,update_role_inline_policy,,,,,,-1,-1,0
synthetic_cloudtrail.csv:6254,camp-cayinmftcbfw,update_role_inline_policy,reconnaissance,update_role_inline_policy,,,,,,-1,-1,0
synthetic_cloudtrail.csv:6255,camp-cayinmftcbfw,update_role_inline_policy,reconnaissance,update_role_inline_policy,,,,,,-1,-1,0
synthetic_cloudtrail.csv:6256,camp-cayinmftcbfw,update_role_inline_policy,reconnaissance,update_role_inline_policy,,,,,,-1,-1,0
synthetic_cloudtrail.csv:6257,camp-cayinmftcbfw,update_role_inline_policy,privilege-escalation,update_role_inline_policy,evt-okwmacogcftq,,evt-okwmacogcftq,s3:GetObject,iam:*;s3:*;sts:AssumeRole,0,0,1
synthetic_cloudtrail.csv:6258,camp-cayinmftcbfw,update_role_inline_policy,,update_role_inline_policy,,,,,,-1,-1,0
synthetic_cloudtrail.csv:6259,camp-cayinmftcbfw,update_role_inline_policy,,update_role_inline_policy,,,,,,-1,-1,0
synthetic_cloudtrail.csv:6260,camp-cayinmftcbfw,update_role_inline_policy,,update_role_inline_policy,,,,,,-1,-1,0
synthetic_cloudtrail.csv:6261,camp-cayinmftcbfw,update_role_inline_policy,,update_role_inline_policy,,,,,,-1,-1,0
synthetic_cloudtrail.csv:6262,camp-cayinmftcbfw,update_role_inline_policy,,update_role_inline_policy,,,,,,-1,-1,0
synthetic_cloudtrail.csv:6263,,,,,,,,,,-1,-1,0
synthetic_cloudtrail.csv:6264,,,,,,,,,,-1,-1,0
synthetic_cloudtrail.csv:6265,,,,,,,,,,-1,-1,0
synthetic_cloudtrail.csv:6266,,,,,,,,,,-1,-1,0
synthetic_cloudtrail.csv:6267,,,,,,,,,,-1,-1,0
synthetic_cloudtrail.csv:6268,,,,,,,,,,-1,-1,0
synthetic_cloudtrail.csv:6269,,,,,,,,,,-1,-1,0
synthetic_cloudtrail.csv:6270,,,,,,,,,,-1,-1,0
synthetic_cloudtrail.csv:6271,,,,,,,,,,-1,-1,0
synthetic_cloudtrail.csv:6272,,,,,,,,,,-1,-1,0
synthetic_cloudtrail.csv:6273,,,,,,,,,,-1,-1,0
synthetic_cloudtrail.csv:6274,,,,,,,,,,-1,-1,0
synthetic_cloudtrail.csv:6275,,,,,,,,,,-1,-1,0
synthetic_cloudtrail.csv:6276,,,,,,,,,,-1,-1,0
synthetic_cloudtrail.csv:6277,,,,,,,,,,-1,-1,0
synthetic_cloudtrail.csv:6278,,,,,,,,,,-1,-1,0
synthetic_cloudtrail.csv:6279,,,,,,,,,,-1,-1,0
synthetic_cloudtrail.csv:6280,,,,,,,,,,-1,-1,0
synthetic_cloudtrail.csv:6281,,,,,,,,,,-1,-1,0
synthetic_cloudtrail.csv:6282,,,,,,,,,,-1,-1,0
synthetic_cloudtrail.csv:6283,,,,,,,,,,-1,-1,0
synthetic_cloudtrail.csv:6284,,,,,,,,,,-1,-1,0
synthetic_cloudtrail.csv:6285,,,,,,,,,,-1,-1,0
synthetic_cloudtrail.csv:6286,,,,,,,,,,-1,-1,0
synthetic_cloudtrail.csv:6287,,,,,,,,,,-1,-1,0
synthetic_cloudtrail.csv:6288,camp-pmuhgglvwklw,update_role_inline_policy,reconnaissance,update_role_inline_policy,,,,,,-1,-1,0
synthetic_cloudtrail.csv:6289,camp-pmuhgglvwklw,update_role_inline_policy,reconnaissance,update_role_inline_policy,,,,,,-1,-1,0
synthetic_cloudtrail.csv:6290,camp-pmuhgglvwklw,update_role_inline_policy,reconnaissance,update_role_inline_policy,,,,,,-1,-1,0
synthetic_cloudtrail.csv:6291,camp-pmuhgglvwklw,update_role_inline_policy,reconnaissance,update_role_inline_policy,,,,,,-1,-1,0
synthetic_cloudtrail.csv:6292,camp-pmuhgglvwklw,update_role_inline_policy,privilege-escalation,update_role_inline_policy,evt-rwpvuomvaacd,,evt-rwpvuomvaacd,s3:GetObject,iam:*;s3:*;sts:AssumeRole,0,0,1
synthetic_cloudtrail.csv:6293,camp-pmuhgglvwklw,update_role_inline_policy,,update_role_inline_policy,,,,,,-1,-1,0
synthetic_cloudtrail.csv:6294,camp-pmuhgglvwklw,update_role_inline_policy,,update_role_inline_policy,,,,,,-1,-1,0
synthetic_cloudtrail.csv:6295,camp-pmuhgglvwklw,update_role_inline_policy,,update_role_inline_policy,,,,,,-1,-1,0
synthetic_cloudtrail.csv:6296,camp-pmuhgglvwklw,update_role_inline_policy,,update_role_inline_policy,,,,,,-1,-1,0
synthetic_cloudtrail.csv:6297,camp-iihkvcwmlaol,secrets_manager_sweep,reconnaissance,secrets_manager_sweep,,,,,,-1,-1,0
synthetic_cloudtrail.csv:6298,camp-iihkvcwmlaol,secrets_manager_sweep,reconnaissance,secrets_manager_sweep,,,,,,-1,-1,0
synthetic_cloudtrail.csv:6299,camp-iihkvcwmlaol,secrets_manager_sweep,reconnaissance,secrets_manager_sweep,,,,,,-1,-1,0
synthetic_cloudtrail.csv:6300,camp-iihkvcwmlaol,secrets_manager_sweep,reconnaissance,secrets_manager_sweep,,,,,,-1,-1,0
synthetic_cloudtrail.csv:6301,camp-iihkvcwmlaol,secrets_manager_sweep,reconnaissance,secrets_manager_sweep,,,,,,-1,-1,0
synthetic_cloudtrail.csv:6302,camp-iihkvcwmlaol,secrets_manager_sweep,reconnaissance,secrets_manager_sweep,,,,,,-1,-1,0
synthetic_cloudtrail.csv:6303,camp-iihkvcwmlaol,secrets_manager_sweep,reconnaissance,secrets_manager_sweep,,,,,,-1,-1,0
synthetic_cloudtrail.csv:6304,camp-iihkvcwmlaol,secrets_manager_sweep,credential-access,secrets_manager_sweep,evt-vmjdpgynbolh,evt-dgaosmkfrwda,evt-glbrxbnfovnq,,,2,0,1
synthetic_cloudtrail.csv:6305,camp-iihkvcwmlaol,secrets_manager_sweep,reconnaissance,secrets_manager_sweep,,,,,,-1,-1,0
synthetic_cloudtrail.csv:6306,camp-iihkvcwmlaol,secrets_manager_sweep,credential-access,secrets_manager_sweep,evt-dgaosmkfrwda,evt-glbrxbnfovnq,evt-glbrxbnfovnq,,,1,0,1
synthetic_cloudtrail.csv:6307,camp-iihkvcwmlaol,secrets_manager_sweep,credential-access,secrets_manager_sweep,evt-glbrxbnfovnq,,evt-glbrxbnfovnq,,,0,0,1
synthetic_cloudtrail.csv:6308,camp-iihkvcwmlaol,secrets_manager_sweep,,secrets_manager_sweep,,,,,,-1,-1,0
synthetic_cloudtrail.csv:6309,camp-iihkvcwmlaol,secrets_manager_sweep,,secrets_manager_sweep,,,,,,-1,-1,0
synthetic_cloudtrail.csv:6310,camp-iihkvcwmlaol,secrets_manager_sweep,,secrets_manager_sweep,,,,,,-1,-1,0
synthetic_cloudtrail.csv:6311,camp-iihkvcwmlaol,secrets_manager_sweep,,secrets_manager_sweep,,,,,,-1,-1,0
synthetic_cloudtrail.csv:6312,,,,,,,,,,-1,-1,0
synthetic_cloudtrail.csv:6313,,,,,,,,,,-1,-1,0
synthetic_cloudtrail.csv:6314,,,,,,,,,,-1,-1,0
synthetic_cloudtrail.csv:6315,,,,,,,,,,-1,-1,0
synthetic_cloudtrail.csv:6316,,,,,,,,,,-1,-1,0
synthetic_cloudtrail.csv:6317,,,,,,,,,,-1,-1,0
synthetic_cloudtrail.csv:6318,,,,,,,,,,-1,-1,0
synthetic_cloudtrail.csv:6319,,,,,,,,,,-1,-1,0
synthetic_cloudtrail.csv:6320,,,,,,,,,,-1,-1,0
synthetic_cloudtrail.csv:6321,,,,,,,,,,-1,-1,0
synthetic_cloudtrail.csv:6322,,,,,,,,,,-1,-1,0
synthetic_cloudtrail.csv:6323,,,,,,,,,,-1,-1,0
synthetic_cloudtrail.csv:6324,,,,,,,,,,-1,-1,0
synthetic_cloudtrail.csv:6325,,,,,,,,,,-1,-1,0
synthetic_cloudtrail.csv:6326,,,,,,,,,,-1,-1,0
synthetic_cloudtrail.csv:6327,,,,,,,,,,-1,-1,0
synthetic_cloudtrail.csv:6328,,,,,,,,,,-1,-1,0
synthetic_cloudtrail.csv:6329,,,,,,,,,,-1,-1,0
synthetic_cloudtrail.csv:6330,,,,,,,,,,-1,-1,0
synthetic_cloudtrail.csv:6331,,,,,,,,,,-1,-1,0
synthetic_cloudtrail.csv:6332,,,,,,,,,,-1,-1,0
synthetic_cloudtrail.csv:6333,,,,,,,,,,-1,-1,0
synthetic_cloudtrail.csv:6334,,,,,,,,,,-1,-1,0
synthetic_cloudtrail.csv:6335,,,,,,,,,,-1,-1,0
synthetic_cloudtrail.csv:6336,,,,,,,,,,-1,-1,0
synthetic_cloudtrail.csv:6337,,,,,,,,,,-1,-1,0
synthetic_cloudtrail.csv:6338,,,,,,,,,,-1,-1,0
synthetic_cloudtrail.csv:6339,,,,,,,,,,-1,-1,0
synthetic_cloudtrail.csv:6340,,,,,,,,,,-1,-1,0
synthetic_cloudtrail.csv:6341,,,,,,,,,,-1,-1,0
synthetic_cloudtrail.csv:6342,,,,,,,,,,-1,-1,0
synthetic_cloudtrail.csv:6343,,,,,,,,,,-1,-1,0
synthetic_cloudtrail.csv:6344,,,,,,,,,,-1,-1,0
synthetic_cloudtrail.csv:6345,,,,,,,,,,-1,-1,0
synthetic_cloudtrail.csv:6346,,,,,,,,,,-1,-1,0
synthetic_cloudtrail.csv:6347,,,,,,,,,,-1,-1,0
synthetic_cloudtrail.csv:6348,,,,,,,,,,-1,-1,0
synthetic_cloudtrail.csv:6349,,,,,,,,,,-1,-1,0
synthetic_cloudtrail.csv:6350,,,,,,,,,,-1,-1,0
synthetic_cloudtrail.csv:6351,,,,,,,,,,-1,-1,0
synthetic_cloudtrail.csv:6352,,,,,,,,,,-1,-1,0
synthetic_cloudtrail.csv:6353,,,,,,,,,,-1,-1,0
synthetic_cloudtrail.csv:6354,,,,,,,,,,-1,-1,0
synthetic_cloudtrail.csv:6355,,,,,,,,,,-1,-1,0
synthetic_cloudtrail.csv:6356,,,,,,,,,,-1,-1,0
synthetic_cloudtrail.csv:6357,,,,,,,,,,-1,-1,0
synthetic_cloudtrail.csv:6358,,,,,,,,,,-1,-1,0
synthetic_cloudtrail.csv:6359,,,,,,,,,,-1,-1,0
synthetic_cloudtrail.csv:6360,,,,,,,,,,-1,-1,0
synthetic_cloudtrail.csv:6361,,,,,,,,,,-1,-1,0
synthetic_cloudtrail.csv:6362,,,,,,,,,,-1,-1,0
synthetic_cloudtrail.csv:6363,,,,,,,,,,-1,-1,0
synthetic_cloudtrail.csv:6364,,,,,,,,,,-1,-1,0
synthetic_cloudtrail.csv:6365,,,,,,,,,,-1,-1,0
synthetic_cloudtrail.csv:6366,,,,,,,,,,-1,-1,0
synthetic_cloudtrail.csv:6367,,,,,,,,,,-1,-1,0
synthetic_cloudtrail.csv:6368,,,,,,,,,,-1,-1,0
synthetic_cloudtrail.csv:6369,,,,,,,,,,-1,-1,0
synthetic_cloudtrail.csv:6370,,,,,,,,,,-1,-1,0
synthetic_cloudtrail.csv:6371,,,,,,,,,,-1,-1,0
synthetic_cloudtrail.csv:6372,,,,,,,,,,-1,-1,0
synthetic_cloudtrail.csv:6373,,,,,,,,,,-1,-1,0
synthetic_cloudtrail.csv:6374,,,,,,,,,,-1,-1,0
synthetic_cloudtrail.csv:6375,,,,,,,,,,-1,-1,0
synthetic_cloudtrail.csv:6376,,,,,,,,,,-1,-1,0
synthetic_cloudtrail.csv:6377,,,,,,,,,,-1,-1,0
synthetic_cloudtrail.csv:6378,,,,,,,,,,-1,-1,0
synthetic_cloudtrail.csv:6379,,,,,,,,,,-1,-1,0
synthetic_cloudtrail.csv:6380,,,,,,,,,,-1,-1,0
synthetic_cloudtrail.csv:6381,,,,,,,,,,-1,-1,0
synthetic_cloudtrail.csv:6382,,,,,,,,,,-1,-1,0
synthetic_cloudtrail.csv:6383,,,,,,,,,,-1,-1,0
synthetic_cloudtrail.csv:6384,,,,,,,,,,-1,-1,0
synthetic_cloudtrail.csv:6385,camp-jtycdokuetme,ec2_credential_extraction,reconnaissance,ec2_credential_extraction,,,,,,-1,-1,0
synthetic_cloudtrail.csv:6386,camp-jtycdokuetme,ec2_credential_extraction,reconnaissance,ec2_credential_extraction,,,,,,-1,-1,0
synthetic_cloudtrail.csv:6387,camp-jtycdokuetme,ec2_credential_extraction,reconnaissance,ec2_credential_extraction,,,,,,-1,-1,0
synthetic_cloudtrail.csv:6388,camp-jtycdokuetme,ec2_credential_extraction,reconnaissance,ec2_credential_extraction,,,,,,-1,-1,0
synthetic_cloudtrail.csv:6389,,,,,,,,,,-1,-1,0
synthetic_cloudtrail.csv:6390,,,,,,,,,,-1,-1,0
synthetic_cloudtrail.csv:6391,camp-jtycdokuetme,ec2_credential_extraction,reconnaissance,ec2_credential_extraction,,,,,,-1,-1,0
synthetic_cloudtrail.csv:6392,camp-jtycdokuetme,ec2_credential_extraction,reconnaissance,ec2_credential_extraction,,,,,,-1,-1,0
synthetic_cloudtrail.csv:6393,,,,,,,,,,-1,-1,0
synthetic_cloudtrail.csv:6394,camp-jtycdokuetme,ec2_credential_extraction,reconnaissance,ec2_credential_extraction,,,,,,-1,-1,0
synthetic_cloudtrail.csv:6395,camp-jtycdokuetme,ec2_credential_extraction,credential-access,ec2_credential_extraction,evt-ccmhdenhnfod,evt-nsqtidkieljh,evt-nsqtidkieljh,,,1,0,1
synthetic_cloudtrail.csv:6396,camp-jtycdokuetme,ec2_credential_extraction,credential-access,ec2_credential_extraction,evt-nsqtidkieljh,,evt-nsqtidkieljh,,,0,0,1
synthetic_cloudtrail.csv:6397,,,,,,,,,,-1,-1,0
synthetic_cloudtrail.csv:6398,camp-jtycdokuetme,ec2_credential_extraction,,ec2_credential_extraction,,,,,,-1,-1,0
synthetic_cloudtrail.csv:6399,,,,,,,,,,-1,-1,0
synthetic_cloudtrail.csv:6400,,,,,,,,,,-1,-1,0
synthetic_cloudtrail.csv:6401,camp-jtycdokuetme,ec2_credential_extraction,,ec2_credential_extraction,,,,,,-1,-1,0
synthetic_cloudtrail.csv:6402,,,,,,,,,,-1,-1,0
synthetic_cloudtrail.csv:6403,,,,,,,,,,-1,-1,0
synthetic_cloudtrail.csv:6404,camp-zmsjexuberbw,assume_then_backdoor_key,reconnaissance,assume_then_backdoor_key,,,,,,-1,-1,0
synthetic_cloudtrail.csv:6405,camp-zmsjexuberbw,assume_then_backdoor_key,reconnaissance,assume_then_backdoor_key,,,,,,-1,-1,0
synthetic_cloudtrail.csv:6406,camp-zmsjexuberbw,assume_then_backdoor_key,reconnaissance,assume_then_backdoor_key,,,,,,-1,-1,0
synthetic_cloudtrail.csv:6407,camp-zmsjexuberbw,assume_then_backdoor_key,reconnaissance,assume_then_backdoor_key,,,,,,-1,-1,0
synthetic_cloudtrail.csv:6408,camp-zmsjexuberbw,assume_then_backdoor_key,reconnaissance,assume_then_backdoor_key,,,,,,-1,-1,0
synthetic_cloudtrail.csv:6409,camp-zmsjexuberbw,assume_then_backdoor_key,reconnaissance,assume_then_backdoor_key,,,,,,-1,-1,0
synthetic_cloudtrail.csv:6410,camp-zmsjexuberbw,assume_then_backdoor_key,reconnaissance,assume_then_backdoor_key,,,,,,-1,-1,0
synthetic_cloudtrail.csv:6411,camp-zmsjexuberbw,assume_then_backdoor_key,reconnaissance,assume_then_backdoor_key,,,,,,-1,-1,0
synthetic_cloudtrail.csv:6412,camp-zmsjexuberbw,assume_then_backdoor_key,privilege-escalation,assume_then_backdoor_key,evt-refomglecdjm,,evt-refomglecdjm,,,0,0,1
synthetic_cloudtrail.csv:6413,camp-zmsjexuberbw,assume_then_backdoor_key,persistence,assume_then_backdoor_key,evt-fidifjsvbsuh,evt-refomglecdjm,evt-refomglecdjm,,,1,1,1
synthetic_cloudtrail.csv:6414,camp-zmsjexuberbw,assume_then_backdoor_key,privilege-escalation,assume_then_backdoor_key,evt-jjpychisrmzk,evt-fidifjsvbsuh,evt-refomglecdjm,s3:GetObject,iam:*;s3:*;sts:AssumeRole,2,1,1
synthetic_cloudtrail.csv:6415,camp-zmsjexuberbw,assume_then_backdoor_key,,assume_then_backdoor_key,,,,,,-1,-1,0
synthetic_cloudtrail.csv:6416,camp-zmsjexuberbw,assume_then_backdoor_key,,assume_then_backdoor_key,,,,,,-1,-1,0
synthetic_cloudtrail.csv:6417,camp-zmsjexuberbw,assume_then_backdoor_key,,assume_then_backdoor_key,,,,,,-1,-1,0
synthetic_cloudtrail.csv:6418,camp-zmsjexuberbw,assume_then_backdoor_key,,assume_then_backdoor_key,,,,,,-1,-1,0
synthetic_cloudtrail.csv:6419,camp-zmsjexuberbw,assume_then_backdoor_key,,assume_then_backdoor_key,,,,,,-1,-1,0
synthetic_cloudtrail.csv:6420,,,,,,,,,,-1,-1,0
synthetic_cloudtrail.csv:6421,,,,,,,,,,-1,-1,0
synthetic_cloudtrail.csv:6422,,,,,,,,,,-1,-1,0
synthetic_cloudtrail.csv:6423,,,,,,,,,,-1,-1,0
synthetic_cloudtrail.csv:6424,,,,,,,,,,-1,-1,0
synthetic_cloudtrail.csv:6425,,,,,,,,,,-1,-1,0
synthetic_cloudtrail.csv:6426,,,,,,,,,,-1,-1,0
synthetic_cloudtrail.csv:6427,,,,,,,,,,-1,-1,0
synthetic_cloudtrail.csv:6428,,,,,,,,,,-1,-1,0
synthetic_cloudtrail.csv:6429,,,,,,,,,,-1,-1,0
synthetic_cloudtrail.csv:6430,,,,,,,,,,-1,-1,0
synthetic_cloudtrail.csv:6431,,,,,,,,,,-1,-1,0
synthetic_cloudtrail.csv:6432,,,,,,,,,,-1,-1,0
synthetic_cloudtrail.csv:6433,,,,,,,,,,-1,-1,0
synthetic_cloudtrail.csv:6434,,,,,,,,,,-1,-1,0
synthetic_cloudtrail.csv:6435,,,,,,,,,,-1,-1,0
synthetic_cloudtrail.csv:6436,camp-ihmbchvyipcp,ssm_parameter_harvest,reconnaissance,ssm_parameter_harvest,,,,,,-1,-1,0
synthetic_cloudtrail.csv:6437,camp-ihmbchvyipcp,ssm_parameter_harvest,reconnaissance,ssm_parameter_harvest,,,,,,-1,-1,0
synthetic_cloudtrail.csv:6438,camp-ihmbchvyipcp,ssm_parameter_harvest,credential-access,ssm_parameter_harvest,evt-fwnxlqemybuj,,evt-fwnxlqemybuj,,,0,0,1
synthetic_cloudtrail.csv:6439,camp-ihmbchvyipcp,ssm_parameter_harvest,reconnaissance,ssm_parameter_harvest,,,,,,-1,-1,0
synthetic_cloudtrail.csv:6440,,,,,,,,,,-1,-1,0
synthetic_cloudtrail.csv:6441,camp-ihmbchvyipcp,ssm_parameter_harvest,credential-access,ssm_parameter_harvest,evt-opdfowsncxsa,evt-fwnxlqemybuj,evt-fwnxlqemybuj,,,1,0,1
synthetic_cloudtrail.csv:6442,camp-ihmbchvyipcp,ssm_parameter_harvest,credential-access,ssm_parameter_harvest,evt-duashjykzoiy,evt-opdfowsncxsa,evt-fwnxlqemybuj,,,2,0,1
synthetic_cloudtrail.csv:6443,,,,,,,,,,-1,-1,0
synthetic_cloudtrail.csv:6444,camp-ihmbchvyipcp,ssm_parameter_harvest,,ssm_parameter_harvest,,,,,,-1,-1,0
synthetic_cloudtrail.csv:6445,camp-ihmbchvyipcp,ssm_parameter_harvest,,ssm_parameter_harvest,,,,,,-1,-1,0
synthetic_cloudtrail.csv:6446,camp-ihmbchvyipcp,ssm_parameter_harvest,,ssm_parameter_harvest,,,,,,-1,-1,0
synthetic_cloudtrail.csv:6447,,,,,,,,,,-1,-1,0
synthetic_cloudtrail.csv:6448,,,,,,,,,,-1,-1,0
synthetic_cloudtrail.csv:6449,,,,,,,,,,-1,-1,0
synthetic_cloudtrail.csv:6450,,,,,,,,,,-1,-1,0
synthetic_cloudtrail.csv:6451,,,,,,,,,,-1,-1,0
synthetic_cloudtrail.csv:6452,,,,,,,,,,-1,-1,0
synthetic_cloudtrail.csv:6453,,,,,,,,,,-1,-1,0
synthetic_cloudtrail.csv:6454,,,,,,,,,,-1,-1,0
synthetic_cloudtrail.csv:6455,,,,,,,,,,-1,-1,0
synthetic_cloudtrail.csv:6456,,,,,,,,,,-1,-1,0
synthetic_cloudtrail.csv:6457,,,,,,,,,,-1,-1,0
synthetic_cloudtrail.csv:6458,,,,,,,,,,-1,-1,0
synthetic_cloudtrail.csv:6459,,,,,,,,,,-1,-1,0
synthetic_cloudtrail.csv:6460,,,,,,,,,,-1,-1,0
synthetic_cloudtrail.csv:6461,,,,,,,,,,-1,-1,0
synthetic_cloudtrail.csv:6462,,,,,,,,,,-1,-1,0
synthetic_cloudtrail.csv:6463,,,,,,,,,,-1,-1,0
synthetic_cloudtrail.csv:6464,,,,,,,,,,-1,-1,0
synthetic_cloudtrail.csv:6465,,,,,,,,,,-1,-1,0
synthetic_cloudtrail.csv:6466,,,,,,,,,,-1,-1,0
synthetic_cloudtrail.csv:6467,,,,,,,,,,-1,-1,0
synthetic_cloudtrail.csv:6468,,,,,,,,,,-1,-1,0
synthetic_cloudtrail.csv:6469,,,,,,,,,,-1,-1,0
synthetic_cloudtrail.csv:6470,,,,,,,,,,-1,-1,0
synthetic_cloudtrail.csv:6471,,,,,,,,,,-1,-1,0
synthetic_cloudtrail.csv:6472,,,,,,,,,,-1,-1,0
synthetic_cloudtrail.csv:6473,,,,,,,,,,-1,-1,0
synthetic_cloudtrail.csv:6474,,,,,,,,,,-1,-1,0
synthetic_cloudtrail.csv:6475,,,,,,,,,,-1,-1,0
synthetic_cloudtrail.csv:6476,,,,,,,,,,-1,-1,0
synthetic_cloudtrail.csv:6477,,,,,,,,,,-1,-1,0
synthetic_cloudtrail.csv:6478,,,,,,,,,,-1,-1,0
synthetic_cloudtrail.csv:6479,,,,,,,,,,-1,-1,0
synthetic_cloudtrail.csv:6480,,,,,,,,,,-1,-1,0
synthetic_cloudtrail.csv:6481,,,,,,,,,,-1,-1,0
synthetic_cloudtrail.csv:6482,,,,,,,,,,-1,-1,0
synthetic_cloudtrail.csv:6483,,,,,,,,,,-1,-1,0
synthetic_cloudtrail.csv:6484,,,,,,,,,,-1,-1,0
synthetic_cloudtrail.csv:6485,,,,,,,,,,-1,-1,0
synthetic_cloudtrail.csv:6486,,,,,,,,,,-1,-1,0
synthetic_cloudtrail.csv:6487,,,,,,,,,,-1,-1,0
synthetic_cloudtrail.csv:6488,,,,,,,,,,-1,-1,0
synthetic_cloudtrail.csv:6489,,,,,,,,,,-1,-1,0
synthetic_cloudtrail.csv:6490,,,,,,,,,,-1,-1,0
synthetic_cloudtrail.csv:6491,,,,,,,,,,-1,-1,0
synthetic_cloudtrail.csv:6492,,,,,,,,,,-1,-1,0
synthetic_cloudtrail.csv:6493,,,,,,,,,,-1,-1,0
synthetic_cloudtrail.csv:6494,,,,,,,,,,-1,-1,0
synthetic_cloudtrail.csv:6495,,,,,,,,,,-1,-1,0
synthetic_cloudtrail.csv:6496,,,,,,,,,,-1,-1,0
synthetic_cloudtrail.csv:6497,,,,,,,,,,-1,-1,0
synthetic_cloudtrail.csv:6498,,,,,,,,,,-1,-1,0
synthetic_cloudtrail.csv:6499,,,,,,,,,,-1,-1,0
synthetic_cloudtrail.csv:6500,,,,,,,,,,-1,-1,0
synthetic_cloudtrail.csv:6501,,,,,,,,,,-1,-1,0
synthetic_cloudtrail.csv:6502,,,,,,,,,,-1,-1,0
synthetic_cloudtrail.csv:6503,,,,,,,,,,-1,-1,0
synthetic_cloudtrail.csv:6504,,,,,,,,,,-1,-1,0
synthetic_cloudtrail.csv:6505,,,,,,,,,,-1,-1,0
synthetic_cloudtrail.csv:6506,camp-zglyombojoua,ssm_parameter_harvest,reconnaissance,ssm_parameter_harvest,,,,,,-1,-1,0
synthetic_cloudtrail.csv:6507,camp-zglyombojoua,ssm_parameter_harvest,reconnaissance,ssm_parameter_harvest,,,,,,-1,-1,0
synthetic_cloudtrail.csv:6508,camp-zglyombojoua,ssm_parameter_harvest,reconnaissance,ssm_parameter_harvest,,,,,,-1,-1,0
synthetic_cloudtrail.csv:6509,camp-zglyombojoua,ssm_parameter_harvest,reconnaissance,ssm_parameter_harvest,,,,,,-1,-1,0
synthetic_cloudtrail.csv:6510,camp-zglyombojoua,ssm_parameter_harvest,reconnaissance,ssm_parameter_harvest,,,,,,-1,-1,0
synthetic_cloudtrail.csv:6511,camp-zglyombojoua,ssm_parameter_harvest,reconnaissance,ssm_parameter_harvest,,,,,,-1,-1,0
synthetic_cloudtrail.csv:6512,camp-zglyombojoua,ssm_parameter_harvest,reconnaissance,ssm_parameter_harvest,,,,,,-1,-1,0
synthetic_cloudtrail.csv:6513,camp-zglyombojoua,ssm_parameter_harvest,credential-access,ssm_parameter_harvest,evt-tprqawzlxtjl,,evt-tprqawzlxtjl,,,0,0,1
synthetic_cloudtrail.csv:6514,camp-zglyombojoua,ssm_parameter_harvest,credential-access,ssm_parameter_harvest,evt-qlszhsxrquot,evt-tprqawzlxtjl,evt-tprqawzlxtjl,,,1,0,1
synthetic_cloudtrail.csv:6515,camp-zglyombojoua,ssm_parameter_harvest,credential-access,ssm_parameter_harvest,evt-bgdxjhulpfvk,evt-qlszhsxrquot,evt-tprqawzlxtjl,,,2,0,1
synthetic_cloudtrail.csv:6516,camp-zglyombojoua,ssm_parameter_harvest,,ssm_parameter_harvest,,,,,,-1,-1,0
synthetic_cloudtrail.csv:6517,camp-zglyombojoua,ssm_parameter_harvest,,ssm_parameter_harvest,,,,,,-1,-1,0
synthetic_cloudtrail.csv:6518,camp-zglyombojoua,ssm_parameter_harvest,,ssm_parameter_harvest,,,,,,-1,-1,0
synthetic_cloudtrail.csv:6519,,,,,,,,,,-1,-1,0
synthetic_cloudtrail.csv:6520,,,,,,,,,,-1,-1,0
synthetic_cloudtrail.csv:6521,,,,,,,,,,-1,-1,0
synthetic_cloudtrail.csv:6522,,,,,,,,,,-1,-1,0
synthetic_cloudtrail.csv:6523,,,,,,,,,,-1,-1,0
synthetic_cloudtrail.csv:6524,,,,,,,,,,-1,-1,0
synthetic_cloudtrail.csv:6525,,,,,,,,,,-1,-1,0
synthetic_cloudtrail.csv:6526,,,,,,,,,,-1,-1,0
synthetic_cloudtrail.csv:6527,,,,,,,,,,-1,-1,0
synthetic_cloudtrail.csv:6528,,,,,,,,,,-1,-1,0
synthetic_cloudtrail.csv:6529,,,,,,,,,,-1,-1,0
synthetic_cloudtrail.csv:6530,,,,,,,,,,-1,-1,0
synthetic_cloudtrail.csv:6531,,,,,,,,,,-1,-1,0
synthetic_cloudtrail.csv:6532,,,,,,,,,,-1,-1,0
synthetic_cloudtrail.csv:6533,,,,,,,,,,-1,-1,0
synthetic_cloudtrail.csv:6534,,,,,,,,,,-1,-1,0
synthetic_cloudtrail.csv:6535,,,,,,,,,,-1,-1,0
synthetic_cloudtrail.csv:6536,,,,,,,,,,-1,-1,0
synthetic_cloudtrail.csv:6537,,,,,,,,,,-1,-1,0
synthetic_cloudtrail.csv:6538,,,,,,,,,,-1,-1,0
synthetic_cloudtrail.csv:6539,,,,,,,,,,-1,-1,0
synthetic_cloudtrail.csv:6540,,,,,,,,,,-1,-1,0
synthetic_cloudtrail.csv:6541,,,,,,,,,,-1,-1,0
synthetic_cloudtrail.csv:6542,,,,,,,,,,-1,-1,0
synthetic_cloudtrail.csv:6543,,,,,,,,,,-1,-1,0
synthetic_cloudtrail.csv:6544,,,,,,,,,,-1,-1,0
synthetic_cloudtrail.csv:6545,,,,,,,,,,-1,-1,0
synthetic_cloudtrail.csv:6546,camp-azvqvcboxwml,full_kill_chain,reconnaissance,full_kill_chain,,,,,,-1,-1,0
synthetic_cloudtrail.csv:6547,camp-azvqvcboxwml,full_kill_chain,reconnaissance,full_kill_chain,,,,,,-1,-1,0
synthetic_cloudtrail.csv:6548,camp-azvqvcboxwml,full_kill_chain,reconnaissance,full_kill_chain,,,,,,-1,-1,0
synthetic_cloudtrail.csv:6549,camp-azvqvcboxwml,full_kill_chain,reconnaissance,full_kill_chain,,,,,,-1,-1,0
synthetic_cloudtrail.csv:6550,camp-azvqvcboxwml,full_kill_chain,reconnaissance,full_kill_chain,,,,,,-1,-1,0
synthetic_cloudtrail.csv:6551,camp-azvqvcboxwml,full_kill_chain,persistence,full_kill_chain,evt-rinlebzhkala,,evt-rinlebzhkala,,,0,0,1
synthetic_cloudtrail.csv:6552,camp-azvqvcboxwml,full_kill_chain,privilege-escalation,full_kill_chain,evt-xcscregdsjxq,evt-rinlebzhkala,evt-rinlebzhkala,s3:GetObject;s3:ListBucket,*,1,0,1
synthetic_cloudtrail.csv:6553,camp-azvqvcboxwml,full_kill_chain,privilege-escalation,full_kill_chain,evt-vuepsursqwsi,evt-xcscregdsjxq,evt-rinlebzhkala,,,2,0,1
synthetic_cloudtrail.csv:6554,camp-azvqvcboxwml,full_kill_chain,credential-access,full_kill_chain,evt-kmvlquffmyxj,evt-vuepsursqwsi,evt-rinlebzhkala,,,3,1,1
synthetic_cloudtrail.csv:6555,camp-azvqvcboxwml,full_kill_chain,exfiltration,full_kill_chain,evt-pmyugfniwhni,evt-kmvlquffmyxj,evt-rinlebzhkala,,,4,1,1
synthetic_cloudtrail.csv:6556,camp-azvqvcboxwml,full_kill_chain,defense-evasion,full_kill_chain,evt-igtexmmeuzvb,evt-pmyugfniwhni,evt-rinlebzhkala,,,5,1,1
synthetic_cloudtrail.csv:6557,camp-azvqvcboxwml,full_kill_chain,,full_kill_chain,,,,,,-1,-1,0
synthetic_cloudtrail.csv:6558,camp-azvqvcboxwml,full_kill_chain,,full_kill_chain,,,,,,-1,-1,0
synthetic_cloudtrail.csv:6559,camp-azvqvcboxwml,full_kill_chain,,full_kill_chain,,,,,,-1,-1,0
synthetic_cloudtrail.csv:6560,camp-azvqvcboxwml,full_kill_chain,,full_kill_chain,,,,,,-1,-1,0
synthetic_cloudtrail.csv:6561,camp-azvqvcboxwml,full_kill_chain,,full_kill_chain,,,,,,-1,-1,0
synthetic_cloudtrail.csv:6562,,,,,,,,,,-1,-1,0
synthetic_cloudtrail.csv:6563,,,,,,,,,,-1,-1,0
synthetic_cloudtrail.csv:6564,,,,,,,,,,-1,-1,0
synthetic_cloudtrail.csv:6565,,,,,,,,,,-1,-1,0
synthetic_cloudtrail.csv:6566,,,,,,,,,,-1,-1,0
synthetic_cloudtrail.csv:6567,,,,,,,,,,-1,-1,0
synthetic_cloudtrail.csv:6568,,,,,,,,,,-1,-1,0
synthetic_cloudtrail.csv:6569,,,,,,,,,,-1,-1,0
synthetic_cloudtrail.csv:6570,,,,,,,,,,-1,-1,0
synthetic_cloudtrail.csv:6571,,,,,,,,,,-1,-1,0
synthetic_cloudtrail.csv:6572,,,,,,,,,,-1,-1,0
synthetic_cloudtrail.csv:6573,,,,,,,,,,-1,-1,0
synthetic_cloudtrail.csv:6574,,,,,,,,,,-1,-1,0
synthetic_cloudtrail.csv:6575,,,,,,,,,,-1,-1,0
synthetic_cloudtrail.csv:6576,,,,,,,,,,-1,-1,0
synthetic_cloudtrail.csv:6577,,,,,,,,,,-1,-1,0
synthetic_cloudtrail.csv:6578,,,,,,,,,,-1,-1,0
synthetic_cloudtrail.csv:6579,,,,,,,,,,-1,-1,0
synthetic_cloudtrail.csv:6580,,,,,,,,,,-1,-1,0
synthetic_cloudtrail.csv:6581,,,,,,,,,,-1,-1,0
synthetic_cloudtrail.csv:6582,,,,,,,,,,-1,-1,0
synthetic_cloudtrail.csv:6583,,,,,,,,,,-1,-1,0
synthetic_cloudtrail.csv:6584,,,,,,,,,,-1,-1,0
synthetic_cloudtrail.csv:6585,,,,,,,,,,-1,-1,0
synthetic_cloudtrail.csv:6586,,,,,,,,,,-1,-1,0
synthetic_cloudtrail.csv:6587,,,,,,,,,,-1,-1,0
synthetic_cloudtrail.csv:6588,,,,,,,,,,-1,-1,0
synthetic_cloudtrail.csv:6589,,,,,,,,,,-1,-1,0
synthetic_cloudtrail.csv:6590,,,,,,,,,,-1,-1,0
synthetic_cloudtrail.csv:6591,,,,,,,,,,-1,-1,0
synthetic_cloudtrail.csv:6592,,,,,,,,,,-1,-1,0
synthetic_cloudtrail.csv:6593,,,,,,,,,,-1,-1,0
synthetic_cloudtrail.csv:6594,,,,,,,,,,-1,-1,0
synthetic_cloudtrail.csv:6595,,,,,,,,,,-1,-1,0
synthetic_cloudtrail.csv:6596,,,,,,,,,,-1,-1,0
synthetic_cloudtrail.csv:6597,,,,,,,,,,-1,-1,0
synthetic_cloudtrail.csv:6598,,,,,,,,,,-1,-1,0
synthetic_cloudtrail.csv:6599,,,,,,,,,,-1,-1,0
synthetic_cloudtrail.csv:6600,,,,,,,,,,-1,-1,0
synthetic_cloudtrail.csv:6601,,,,,,,,,,-1,-1,0
synthetic_cloudtrail.csv:6602,,,,,,,,,,-1,-1,0
synthetic_cloudtrail.csv:6603,,,,,,,,,,-1,-1,0
synthetic_cloudtrail.csv:6604,,,,,,,,,,-1,-1,0
synthetic_cloudtrail.csv:6605,,,,,,,,,,-1,-1,0
synthetic_cloudtrail.csv:6606,,,,,,,,,,-1,-1,0
synthetic_cloudtrail.csv:6607,camp-lsqkuqtxpjap,ssm_parameter_harvest,reconnaissance,ssm_parameter_harvest,,,,,,-1,-1,0
synthetic_cloudtrail.csv:6608,camp-lsqkuqtxpjap,ssm_parameter_harvest,reconnaissance,ssm_parameter_harvest,,,,,,-1,-1,0
synthetic_cloudtrail.csv:6609,camp-lsqkuqtxpjap,ssm_parameter_harvest,reconnaissance,ssm_parameter_harvest,,,,,,-1,-1,0
synthetic_cloudtrail.csv:6610,camp-lsqkuqtxpjap,ssm_parameter_harvest,reconnaissance,ssm_parameter_harvest,,,,,,-1,-1,0
synthetic_cloudtrail.csv:6611,camp-lsqkuqtxpjap,ssm_parameter_harvest,reconnaissance,ssm_parameter_harvest,,,,,,-1,-1,0
synthetic_cloudtrail.csv:6612,camp-lsqkuqtxpjap,ssm_parameter_harvest,credential-access,ssm_parameter_harvest,evt-cidhqpffvmuj,,evt-cidhqpffvmuj,,,0,0,1
synthetic_cloudtrail.csv:6613,camp-lsqkuqtxpjap,ssm_parameter_harvest,credential-access,ssm_parameter_harvest,evt-firbigdzjhpj,evt-cidhqpffvmuj,evt-cidhqpffvmuj,,,1,0,1
synthetic_cloudtrail.csv:6614,camp-lsqkuqtxpjap,ssm_parameter_harvest,credential-access,ssm_parameter_harvest,evt-yhikqfpemgzd,evt-firbigdzjhpj,evt-cidhqpffvmuj,,,2,0,1
synthetic_cloudtrail.csv:6615,camp-lsqkuqtxpjap,ssm_parameter_harvest,,ssm_parameter_harvest,,,,,,-1,-1,0
synthetic_cloudtrail.csv:6616,camp-lsqkuqtxpjap,ssm_parameter_harvest,,ssm_parameter_harvest,,,,,,-1,-1,0
synthetic_cloudtrail.csv:6617,camp-cayffkctfifm,secrets_manager_sweep,reconnaissance,secrets_manager_sweep,,,,,,-1,-1,0
synthetic_cloudtrail.csv:6618,camp-cayffkctfifm,secrets_manager_sweep,reconnaissance,secrets_manager_sweep,,,,,,-1,-1,0
synthetic_cloudtrail.csv:6619,camp-cayffkctfifm,secrets_manager_sweep,reconnaissance,secrets_manager_sweep,,,,,,-1,-1,0
synthetic_cloudtrail.csv:6620,camp-cayffkctfifm,secrets_manager_sweep,reconnaissance,secrets_manager_sweep,,,,,,-1,-1,0
synthetic_cloudtrail.csv:6621,camp-cayffkctfifm,secrets_manager_sweep,reconnaissance,secrets_manager_sweep,,,,,,-1,-1,0
synthetic_cloudtrail.csv:6622,camp-cayffkctfifm,secrets_manager_sweep,reconnaissance,secrets_manager_sweep,,,,,,-1,-1,0
synthetic_cloudtrail.csv:6623,camp-cayffkctfifm,secrets_manager_sweep,reconnaissance,secrets_manager_sweep,,,,,,-1,-1,0
synthetic_cloudtrail.csv:6624,camp-cayffkctfifm,secrets_manager_sweep,reconnaissance,secrets_manager_sweep,,,,,,-1,-1,0
synthetic_cloudtrail.csv:6625,camp-cayffkctfifm,secrets_manager_sweep,credential-access,secrets_manager_sweep,evt-ujmgvwmnjfur,evt-dzbmvumfvobn,evt-dzbmvumfvobn,,,1,0,1
synthetic_cloudtrail.csv:6626,camp-cayffkctfifm,secrets_manager_sweep,credential-access,secrets_manager_sweep,evt-dzbmvumfvobn,,evt-dzbmvumfvobn,,,0,0,1
synthetic_cloudtrail.csv:6627,camp-cayffkctfifm,secrets_manager_sweep,credential-access,secrets_manager_sweep,evt-eensvrmjisaj,evt-ujmgvwmnjfur,evt-dzbmvumfvobn,,,2,0,1
synthetic_cloudtrail.csv:6628,camp-cayffkctfifm,secrets_manager_sweep,,secrets_manager_sweep,,,,,,-1,-1,0
synthetic_cloudtrail.csv:6629,camp-cayffkctfifm,secrets_manager_sweep,,secrets_manager_sweep,,,,,,-1,-1,0
synthetic_cloudtrail.csv:6630,,,,,,,,,,-1,-1,0
synthetic_cloudtrail.csv:6631,,,,,,,,,,-1,-1,0
synthetic_cloudtrail.csv:6632,,,,,,,,,,-1,-1,0
synthetic_cloudtrail.csv:6633,,,,,,,,,,-1,-1,0
synthetic_cloudtrail.csv:6634,,,,,,,,,,-1,-1,0
synthetic_cloudtrail.csv:6635,,,,,,,,,,-1,-1,0
synthetic_cloudtrail.csv:6636,,,,,,,,,,-1,-1,0
synthetic_cloudtrail.csv:6637,,,,,,,,,,-1,-1,0
synthetic_cloudtrail.csv:6638,,,,,,,,,,-1,-1,0
synthetic_cloudtrail.csv:6639,,,,,,,,,,-1,-1,0
synthetic_cloudtrail.csv:6640,,,,,,,,,,-1,-1,0
synthetic_cloudtrail.csv:6641,,,,,,,,,,-1,-1,0
synthetic_cloudtrail.csv:6642,,,,,,,,,,-1,-1,0
synthetic_cloudtrail.csv:6643,,,,,,,,,,-1,-1,0
synthetic_cloudtrail.csv:6644,,,,,,,,,,-1,-1,0
synthetic_cloudtrail.csv:6645,,,,,,,,,,-1,-1,0
synthetic_cloudtrail.csv:6646,,,,,,,,,,-1,-1,0
synthetic_cloudtrail.csv:6647,,,,,,,,,,-1,-1,0
synthetic_cloudtrail.csv:6648,,,,,,,,,,-1,-1,0
synthetic_cloudtrail.csv:6649,,,,,,,,,,-1,-1,0
synthetic_cloudtrail.csv:6650,,,,,,,,,,-1,-1,0
synthetic_cloudtrail.csv:6651,,,,,,,,,,-1,-1,0
synthetic_cloudtrail.csv:6652,,,,,,,,,,-1,-1,0
synthetic_cloudtrail.csv:6653,,,,,,,,,,-1,-1,0
synthetic_cloudtrail.csv:6654,,,,,,,,,,-1,-1,0
synthetic_cloudtrail.csv:6655,,,,,,,,,,-1,-1,0
synthetic_cloudtrail.csv:6656,,,,,,,,,,-1,-1,0
synthetic_cloudtrail.csv:6657,,,,,,,,,,-1,-1,0
synthetic_cloudtrail.csv:6658,,,,,,,,,,-1,-1,0
synthetic_cloudtrail.csv:6659,,,,,,,,,,-1,-1,0
synthetic_cloudtrail.csv:6660,,,,,,,,,,-1,-1,0
synthetic_cloudtrail.csv:6661,,,,,,,,,,-1,-1,0
synthetic_cloudtrail.csv:6662,,,,,,,,,,-1,-1,0
synthetic_cloudtrail.csv:6663,,,,,,,,,,-1,-1,0
synthetic_cloudtrail.csv:6664,,,,,,,,,,-1,-1,0
synthetic_cloudtrail.csv:6665,,,,,,,,,,-1,-1,0
synthetic_cloudtrail.csv:6666,,,,,,,,,,-1,-1,0
synthetic_cloudtrail.csv:6667,,,,,,,,,,-1,-1,0
synthetic_cloudtrail.csv:6668,,,,,,,,,,-1,-1,0
synthetic_cloudtrail.csv:6669,,,,,,,,,,-1,-1,0
synthetic_cloudtrail.csv:6670,,,,,,,,,,-1,-1,0
synthetic_cloudtrail.csv:6671,camp-dlapsvgboogy,secrets_manager_sweep,reconnaissance,secrets_manager_sweep,,,,,,-1,-1,0
synthetic_cloudtrail.csv:6672,camp-dlapsvgboogy,secrets_manager_sweep,reconnaissance,secrets_manager_sweep,,,,,,-1,-1,0
synthetic_cloudtrail.csv:6673,camp-dlapsvgboogy,secrets_manager_sweep,reconnaissance,secrets_manager_sweep,,,,,,-1,-1,0
synthetic_cloudtrail.csv:6674,camp-dlapsvgboogy,secrets_manager_sweep,reconnaissance,secrets_manager_sweep,,,,,,-1,-1,0
synthetic_cloudtrail.csv:6675,camp-dlapsvgboogy,secrets_manager_sweep,reconnaissance,secrets_manager_sweep,,,,,,-1,-1,0
synthetic_cloudtrail.csv:6676,camp-dlapsvgboogy,secrets_manager_sweep,reconnaissance,secrets_manager_sweep,,,,,,-1,-1,0
synthetic_cloudtrail.csv:6677,camp-dlapsvgboogy,secrets_manager_sweep,credential-access,secrets_manager_sweep,evt-keejlbtgxtju,evt-kvyptsjgafxe,evt-kvyptsjgafxe,,,1,0,1
synthetic_cloudtrail.csv:6678,camp-dlapsvgboogy,secrets_manager_sweep,credential-access,secrets_manager_sweep,evt-kvyptsjgafxe,,evt-kvyptsjgafxe,,,0,0,1
synthetic_cloudtrail.csv:6679,camp-dlapsvgboogy,secrets_manager_sweep,credential-access,secrets_manager_sweep,evt-vztntatnnbpn,evt-keejlbtgxtju,evt-kvyptsjgafxe,,,2,0,1
synthetic_cloudtrail.csv:6680,camp-dlapsvgboogy,secrets_manager_sweep,,secrets_manager_sweep,,,,,,-1,-1,0
synthetic_cloudtrail.csv:6681,camp-dlapsvgboogy,secrets_manager_sweep,,secrets_manager_sweep,,,,,,-1,-1,0
synthetic_cloudtrail.csv:6682,camp-dlapsvgboogy,secrets_manager_sweep,,secrets_manager_sweep,,,,,,-1,-1,0
synthetic_cloudtrail.csv:6683,,,,,,,,,,-1,-1,0
synthetic_cloudtrail.csv:6684,,,,,,,,,,-1,-1,0
synthetic_cloudtrail.csv:6685,,,,,,,,,,-1,-1,0
synthetic_cloudtrail.csv:6686,,,,,,,,,,-1,-1,0
synthetic_cloudtrail.csv:6687,,,,,,,,,,-1,-1,0
synthetic_cloudtrail.csv:6688,,,,,,,,,,-1,-1,0
synthetic_cloudtrail.csv:6689,,,,,,,,,,-1,-1,0
synthetic_cloudtrail.csv:6690,,,,,,,,,,-1,-1,0
synthetic_cloudtrail.csv:6691,,,,,,,,,,-1,-1,0
synthetic_cloudtrail.csv:6692,,,,,,,,,,-1,-1,0
synthetic_cloudtrail.csv:6693,,,,,,,,,,-1,-1,0
synthetic_cloudtrail.csv:6694,,,,,,,,,,-1,-1,0
synthetic_cloudtrail.csv:6695,,,,,,,,,,-1,-1,0
synthetic_cloudtrail.csv:6696,,,,,,,,,,-1,-1,0
synthetic_cloudtrail.csv:6697,,,,,,,,,,-1,-1,0
synthetic_cloudtrail.csv:6698,,,,,,,,,,-1,-1,0
synthetic_cloudtrail.csv:6699,,,,,,,,,,-1,-1,0
synthetic_cloudtrail.csv:6700,,,,,,,,,,-1,-1,0
synthetic_cloudtrail.csv:6701,,,,,,,,,,-1,-1,0
synthetic_cloudtrail.csv:6702,,,,,,,,,,-1,-1,0
synthetic_cloudtrail.csv:6703,,,,,,,,,,-1,-1,0
synthetic_cloudtrail.csv:6704,,,,,,,,,,-1,-1,0
synthetic_cloudtrail.csv:6705,,,,,,,,,,-1,-1,0
synthetic_cloudtrail.csv:6706,,,,,,,,,,-1,-1,0
synthetic_cloudtrail.csv:6707,,,,,,,,,,-1,-1,0
synthetic_cloudtrail.csv:6708,,,,,,,,,,-1,-1,0
synthetic_cloudtrail.csv:6709,,,,,,,,,,-1,-1,0
synthetic_cloudtrail.csv:6710,,,,,,,,,,-1,-1,0
synthetic_cloudtrail.csv:6711,,,,,,,,,,-1,-1,0
synthetic_cloudtrail.csv:6712,,,,,,,,,,-1,-1,0
synthetic_cloudtrail.csv:6713,,,,,,,,,,-1,-1,0
synthetic_cloudtrail.csv:6714,,,,,,,,,,-1,-1,0
synthetic_cloudtrail.csv:6715,,,,,,,,,,-1,-1,0
synthetic_cloudtrail.csv:6716,,,,,,,,,,-1,-1,0
synthetic_cloudtrail.csv:6717,,,,,,,,,,-1,-1,0
synthetic_cloudtrail.csv:6718,,,,,,,,,,-1,-1,0
synthetic_cloudtrail.csv:6719,,,,,,,,,,-1,-1,0
synthetic_cloudtrail.csv:6720,,,,,,,,,,-1,-1,0
synthetic_cloudtrail.csv:6721,,,,,,,,,,-1,-1,0
synthetic_cloudtrail.csv:6722,,,,,,,,,,-1,-1,0
synthetic_cloudtrail.csv:6723,,,,,,,,,,-1,-1,0
synthetic_cloudtrail.csv:6724,,,,,,,,,,-1,-1,0
synthetic_cloudtrail.csv:6725,,,,,,,,,,-1,-1,0
synthetic_cloudtrail.csv:6726,,,,,,,,,,-1,-1,0
synthetic_cloudtrail.csv:6727,,,,,,,,,,-1,-1,0
synthetic_cloudtrail.csv:6728,,,,,,,,,,-1,-1,0
synthetic_cloudtrail.csv:6729,,,,,,,,,,-1,-1,0
synthetic_cloudtrail.csv:6730,,,,,,,,,,-1,-1,0
synthetic_cloudtrail.csv:6731,,,,,,,,,,-1,-1,0
synthetic_cloudtrail.csv:6732,,,,,,,,,,-1,-1,0
synthetic_cloudtrail.csv:6733,,,,,,,,,,-1,-1,0
synthetic_cloudtrail.csv:6734,,,,,,,,,,-1,-1,0
synthetic_cloudtrail.csv:6735,,,,,,,,,,-1,-1,0
synthetic_cloudtrail.csv:6736,,,,,,,,,,-1,-1,0
synthetic_cloudtrail.csv:6737,,,,,,,,,,-1,-1,0
synthetic_cloudtrail.csv:6738,,,,,,,,,,-1,-1,0
synthetic_cloudtrail.csv:6739,,,,,,,,,,-1,-1,0
synthetic_cloudtrail.csv:6740,,,,,,,,,,-1,-1,0
synthetic_cloudtrail.csv:6741,,,,,,,,,,-1,-1,0
synthetic_cloudtrail.csv:6742,,,,,,,,,,-1,-1,0
synthetic_cloudtrail.csv:6743,,,,,,,,,,-1,-1,0
synthetic_cloudtrail.csv:6744,,,,,,,,,,-1,-1,0
synthetic_cloudtrail.csv:6745,,,,,,,,,,-1,-1,0
synthetic_cloudtrail.csv:6746,,,,,,,,,,-1,-1,0
synthetic_cloudtrail.csv:6747,,,,,,,,,,-1,-1,0
synthetic_cloudtrail.csv:6748,,,,,,,,,,-1,-1,0
synthetic_cloudtrail.csv:6749,,,,,,,,,,-1,-1,0
synthetic_cloudtrail.csv:6750,,,,,,,,,,-1,-1,0
synthetic_cloudtrail.csv:6751,,,,,,,,,,-1,-1,0
synthetic_cloudtrail.csv:6752,,,,,,,,,,-1,-1,0
synthetic_cloudtrail.csv:6753,,,,,,,,,,-1,-1,0
synthetic_cloudtrail.csv:6754,,,,,,,,,,-1,-1,0
synthetic_cloudtrail.csv:6755,,,,,,,,,,-1,-1,0
synthetic_cloudtrail.csv:6756,,,,,,,,,,-1,-1,0
synthetic_cloudtrail.csv:6757,,,,,,,,,,-1,-1,0
synthetic_cloudtrail.csv:6758,,,,,,,,,,-1,-1,0
synthetic_cloudtrail.csv:6759,,,,,,,,,,-1,-1,0
synthetic_cloudtrail.csv:6760,,,,,,,,,,-1,-1,0
synthetic_cloudtrail.csv:6761,,,,,,,,,,-1,-1,0
synthetic_cloudtrail.csv:6762,,,,,,,,,,-1,-1,0
synthetic_cloudtrail.csv:6763,,,,,,,,,,-1,-1,0
synthetic_cloudtrail.csv:6764,,,,,,,,,,-1,-1,0
synthetic_cloudtrail.csv:6765,,,,,,,,,,-1,-1,0
synthetic_cloudtrail.csv:6766,,,,,,,,,,-1,-1,0
synthetic_cloudtrail.csv:6767,,,,,,,,,,-1,-1,0
synthetic_cloudtrail.csv:6768,,,,,,,,,,-1,-1,0
synthetic_cloudtrail.csv:6769,,,,,,,,,,-1,-1,0
synthetic_cloudtrail.csv:6770,,,,,,,,,,-1,-1,0
synthetic_cloudtrail.csv:6771,,,,,,,,,,-1,-1,0
synthetic_cloudtrail.csv:6772,,,,,,,,,,-1,-1,0
synthetic_cloudtrail.csv:6773,camp-fcvbttdonckh,ec2_credential_extraction,reconnaissance,ec2_credential_extraction,,,,,,-1,-1,0
synthetic_cloudtrail.csv:6774,camp-fcvbttdonckh,ec2_credential_extraction,reconnaissance,ec2_credential_extraction,,,,,,-1,-1,0
synthetic_cloudtrail.csv:6775,camp-fcvbttdonckh,ec2_credential_extraction,reconnaissance,ec2_credential_extraction,,,,,,-1,-1,0
synthetic_cloudtrail.csv:6776,camp-fcvbttdonckh,ec2_credential_extraction,reconnaissance,ec2_credential_extraction,,,,,,-1,-1,0
synthetic_cloudtrail.csv:6777,camp-fcvbttdonckh,ec2_credential_extraction,reconnaissance,ec2_credential_extraction,,,,,,-1,-1,0
synthetic_cloudtrail.csv:6778,camp-fcvbttdonckh,ec2_credential_extraction,reconnaissance,ec2_credential_extraction,,,,,,-1,-1,0
synthetic_cloudtrail.csv:6779,camp-fcvbttdonckh,ec2_credential_extraction,credential-access,ec2_credential_extraction,evt-ywcbfagllser,,evt-ywcbfagllser,,,0,0,1
synthetic_cloudtrail.csv:6780,camp-fcvbttdonckh,ec2_credential_extraction,credential-access,ec2_credential_extraction,evt-nbvovnmvshyh,evt-ywcbfagllser,evt-ywcbfagllser,,,1,0,1
synthetic_cloudtrail.csv:6781,camp-fcvbttdonckh,ec2_credential_extraction,,ec2_credential_extraction,,,,,,-1,-1,0
synthetic_cloudtrail.csv:6782,,,,,,,,,,-1,-1,0
synthetic_cloudtrail.csv:6783,camp-fcvbttdonckh,ec2_credential_extraction,,ec2_credential_extraction,,,,,,-1,-1,0
synthetic_cloudtrail.csv:6784,camp-fcvbttdonckh,ec2_credential_extraction,,ec2_credential_extraction,,,,,,-1,-1,0
synthetic_cloudtrail.csv:6785,camp-fcvbttdonckh,ec2_credential_extraction,,ec2_credential_extraction,,,,,,-1,-1,0
synthetic_cloudtrail.csv:6786,camp-fcvbttdonckh,ec2_credential_extraction,,ec2_credential_extraction,,,,,,-1,-1,0
synthetic_cloudtrail.csv:6787,,,,,,,,,,-1,-1,0
synthetic_cloudtrail.csv:6788,,,,,,,,,,-1,-1,0
synthetic_cloudtrail.csv:6789,,,,,,,,,,-1,-1,0
synthetic_cloudtrail.csv:6790,,,,,,,,,,-1,-1,0
synthetic_cloudtrail.csv:6791,,,,,,,,,,-1,-1,0
synthetic_cloudtrail.csv:6792,,,,,,,,,,-1,-1,0
synthetic_cloudtrail.csv:6793,,,,,,,,,,-1,-1,0
synthetic_cloudtrail.csv:6794,,,,,,,,,,-1,-1,0
synthetic_cloudtrail.csv:6795,,,,,,,,,,-1,-1,0
synthetic_cloudtrail.csv:6796,,,,,,,,,,-1,-1,0
synthetic_cloudtrail.csv:6797,,,,,,,,,,-1,-1,0
synthetic_cloudtrail.csv:6798,,,,,,,,,,-1,-1,0
synthetic_cloudtrail.csv:6799,,,,,,,,,,-1,-1,0
synthetic_cloudtrail.csv:6800,,,,,,,,,,-1,-1,0
synthetic_cloudtrail.csv:6801,,,,,,,,,,-1,-1,0
synthetic_cloudtrail.csv:6802,,,,,,,,,,-1,-1,0
synthetic_cloudtrail.csv:6803,,,,,,,,,,-1,-1,0
synthetic_cloudtrail.csv:6804,,,,,,,,,,-1,-1,0
synthetic_cloudtrail.csv:6805,,,,,,,,,,-1,-1,0
synthetic_cloudtrail.csv:6806,,,,,,,,,,-1,-1,0
synthetic_cloudtrail.csv:6807,,,,,,,,,,-1,-1,0
synthetic_cloudtrail.csv:6808,,,,,,,,,,-1,-1,0
synthetic_cloudtrail.csv:6809,,,,,,,,,,-1,-1,0
synthetic_cloudtrail.csv:6810,,,,,,,,,,-1,-1,0
synthetic_cloudtrail.csv:6811,,,,,,,,,,-1,-1,0
synthetic_cloudtrail.csv:6812,,,,,,,,,,-1,-1,0
synthetic_cloudtrail.csv:6813,,,,,,,,,,-1,-1,0
synthetic_cloudtrail.csv:6814,,,,,,,,,,-1,-1,0
synthetic_cloudtrail.csv:6815,,,,,,,,,,-1,-1,0
synthetic_cloudtrail.csv:6816,,,,,,,,,,-1,-1,0
synthetic_cloudtrail.csv:6817,,,,,,,,,,-1,-1,0
synthetic_cloudtrail.csv:6818,,,,,,,,,,-1,-1,0
synthetic_cloudtrail.csv:6819,,,,,,,,,,-1,-1,0
synthetic_cloudtrail.csv:6820,,,,,,,,,,-1,-1,0
synthetic_cloudtrail.csv:6821,,,,,,,,,,-1,-1,0
synthetic_cloudtrail.csv:6822,,,,,,,,,,-1,-1,0
synthetic_cloudtrail.csv:6823,,,,,,,,,,-1,-1,0
synthetic_cloudtrail.csv:6824,,,,,,,,,,-1,-1,0
synthetic_cloudtrail.csv:6825,,,,,,,,,,-1,-1,0
synthetic_cloudtrail.csv:6826,,,,,,,,,,-1,-1,0
synthetic_cloudtrail.csv:6827,,,,,,,,,,-1,-1,0
synthetic_cloudtrail.csv:6828,,,,,,,,,,-1,-1,0
synthetic_cloudtrail.csv:6829,,,,,,,,,,-1,-1,0
synthetic_cloudtrail.csv:6830,,,,,,,,,,-1,-1,0
synthetic_cloudtrail.csv:6831,,,,,,,,,,-1,-1,0
synthetic_cloudtrail.csv:6832,,,,,,,,,,-1,-1,0
synthetic_cloudtrail.csv:6833,,,,,,,,,,-1,-1,0
synthetic_cloudtrail.csv:6834,,,,,,,,,,-1,-1,0
synthetic_cloudtrail.csv:6835,,,,,,,,,,-1,-1,0
synthetic_cloudtrail.csv:6836,,,,,,,,,,-1,-1,0
synthetic_cloudtrail.csv:6837,,,,,,,,,,-1,-1,0
synthetic_cloudtrail.csv:6838,,,,,,,,,,-1,-1,0
synthetic_cloudtrail.csv:6839,,,,,,,,,,-1,-1,0
synthetic_cloudtrail.csv:6840,,,,,,,,,,-1,-1,0
synthetic_cloudtrail.csv:6841,,,,,,,,,,-1,-1,0
synthetic_cloudtrail.csv:6842,,,,,,,,,,-1,-1,0
synthetic_cloudtrail.csv:6843,,,,,,,,,,-1,-1,0
synthetic_cloudtrail.csv:6844,,,,,,,,,,-1,-1,0
synthetic_cloudtrail.csv:6845,,,,,,,,,,-1,-1,0
synthetic_cloudtrail.csv:6846,,,,,,,,,,-1,-1,0
synthetic_cloudtrail.csv:6847,,,,,,,,,,-1,-1,0
synthetic_cloudtrail.csv:6848,,,,,,,,,,-1,-1,0
synthetic_cloudtrail.csv:6849,,,,,,,,,,-1,-1,0
synthetic_cloudtrail.csv:6850,,,,,,,,,,-1,-1,0
synthetic_cloudtrail.csv:6851,,,,,,,,,,-1,-1,0
synthetic_cloudtrail.csv:6852,,,,,,,,,,-1,-1,0
synthetic_cloudtrail.csv:6853,,,,,,,,,,-1,-1,0
synthetic_cloudtrail.csv:6854,,,,,,,,,,-1,-1,0
synthetic_cloudtrail.csv:6855,,,,,,,,,,-1,-1,0
synthetic_cloudtrail.csv:6856,,,,,,,,,,-1,-1,0
synthetic_cloudtrail.csv:6857,,,,,,,,,,-1,-1,0
synthetic_cloudtrail.csv:6858,,,,,,,,,,-1,-1,0
synthetic_cloudtrail.csv:6859,,,,,,,,,,-1,-1,0
synthetic_cloudtrail.csv:6860,,,,,,,,,,-1,-1,0
synthetic_cloudtrail.csv:6861,,,,,,,,,,-1,-1,0
synthetic_cloudtrail.csv:6862,,,,,,,,,,-1,-1,0
synthetic_cloudtrail.csv:6863,,,,,,,,,,-1,-1,0
synthetic_cloudtrail.csv:6864,,,,,,,,,,-1,-1,0
synthetic_cloudtrail.csv:6865,,,,,,,,,,-1,-1,0
synthetic_cloudtrail.csv:6866,,,,,,,,,,-1,-1,0
synthetic_cloudtrail.csv:6867,,,,,,,,,,-1,-1,0
synthetic_cloudtrail.csv:6868,,,,,,,,,,-1,-1,0
synthetic_cloudtrail.csv:6869,,,,,,,,,,-1,-1,0
synthetic_cloudtrail.csv:6870,,,,,,,,,,-1,-1,0
synthetic_cloudtrail.csv:6871,,,,,,,,,,-1,-1,0
synthetic_cloudtrail.csv:6872,,,,,,,,,,-1,-1,0
synthetic_cloudtrail.csv:6873,,,,,,,,,,-1,-1,0
synthetic_cloudtrail.csv:6874,,,,,,,,,,-1,-1,0
synthetic_cloudtrail.csv:6875,,,,,,,,,,-1,-1,0
synthetic_cloudtrail.csv:6876,,,,,,,,,,-1,-1,0
synthetic_cloudtrail.csv:6877,,,,,,,,,,-1,-1,0
synthetic_cloudtrail.csv:6878,,,,,,,,,,-1,-1,0
synthetic_cloudtrail.csv:6879,,,,,,,,,,-1,-1,0
synthetic_cloudtrail.csv:6880,,,,,,,,,,-1,-1,0
synthetic_cloudtrail.csv:6881,,,,,,,,,,-1,-1,0
synthetic_cloudtrail.csv:6882,,,,,,,,,,-1,-1,0
synthetic_cloudtrail.csv:6883,,,,,,,,,,-1,-1,0
synthetic_cloudtrail.csv:6884,,,,,,,,,,-1,-1,0
synthetic_cloudtrail.csv:6885,,,,,,,,,,-1,-1,0
synthetic_cloudtrail.csv:6886,,,,,,,,,,-1,-1,0
synthetic_cloudtrail.csv:6887,,,,,,,,,,-1,-1,0
synthetic_cloudtrail.csv:6888,,,,,,,,,,-1,-1,0
synthetic_cloudtrail.csv:6889,,,,,,,,,,-1,-1,0
synthetic_cloudtrail.csv:6890,,,,,,,,,,-1,-1,0
synthetic_cloudtrail.csv:6891,,,,,,,,,,-1,-1,0
synthetic_cloudtrail.csv:6892,,,,,,,,,,-1,-1,0
synthetic_cloudtrail.csv:6893,,,,,,,,,,-1,-1,0
synthetic_cloudtrail.csv:6894,,,,,,,,,,-1,-1,0
synthetic_cloudtrail.csv:6895,,,,,,,,,,-1,-1,0
synthetic_cloudtrail.csv:6896,,,,,,,,,,-1,-1,0
synthetic_cloudtrail.csv:6897,,,,,,,,,,-1,-1,0
synthetic_cloudtrail.csv:6898,,,,,,,,,,-1,-1,0
synthetic_cloudtrail.csv:6899,,,,,,,,,,-1,-1,0
synthetic_cloudtrail.csv:6900,,,,,,,,,,-1,-1,0
synthetic_cloudtrail.csv:6901,,,,,,,,,,-1,-1,0
synthetic_cloudtrail.csv:6902,,,,,,,,,,-1,-1,0
synthetic_cloudtrail.csv:6903,,,,,,,,,,-1,-1,0
synthetic_cloudtrail.csv:6904,,,,,,,,,,-1,-1,0
synthetic_cloudtrail.csv:6905,,,,,,,,,,-1,-1,0
synthetic_cloudtrail.csv:6906,,,,,,,,,,-1,-1,0
synthetic_cloudtrail.csv:6907,,,,,,,,,,-1,-1,0
synthetic_cloudtrail.csv:6908,,,,,,,,,,-1,-1,0
synthetic_cloudtrail.csv:6909,,,,,,,,,,-1,-1,0
synthetic_cloudtrail.csv:6910,,,,,,,,,,-1,-1,0
synthetic_cloudtrail.csv:6911,,,,,,,,,,-1,-1,0
synthetic_cloudtrail.csv:6912,,,,,,,,,,-1,-1,0
synthetic_cloudtrail.csv:6913,,,,,,,,,,-1,-1,0
synthetic_cloudtrail.csv:6914,,,,,,,,,,-1,-1,0
synthetic_cloudtrail.csv:6915,,,,,,,,,,-1,-1,0
synthetic_cloudtrail.csv:6916,,,,,,,,,,-1,-1,0
synthetic_cloudtrail.csv:6917,,,,,,,,,,-1,-1,0
synthetic_cloudtrail.csv:6918,,,,,,,,,,-1,-1,0
synthetic_cloudtrail.csv:6919,,,,,,,,,,-1,-1,0
synthetic_cloudtrail.csv:6920,,,,,,,,,,-1,-1,0
synthetic_cloudtrail.csv:6921,,,,,,,,,,-1,-1,0
synthetic_cloudtrail.csv:6922,,,,,,,,,,-1,-1,0
synthetic_cloudtrail.csv:6923,,,,,,,,,,-1,-1,0
synthetic_cloudtrail.csv:6924,,,,,,,,,,-1,-1,0
synthetic_cloudtrail.csv:6925,,,,,,,,,,-1,-1,0
synthetic_cloudtrail.csv:6926,,,,,,,,,,-1,-1,0
synthetic_cloudtrail.csv:6927,,,,,,,,,,-1,-1,0
synthetic_cloudtrail.csv:6928,,,,,,,,,,-1,-1,0
synthetic_cloudtrail.csv:6929,,,,,,,,,,-1,-1,0
synthetic_cloudtrail.csv:6930,,,,,,,,,,-1,-1,0
synthetic_cloudtrail.csv:6931,,,,,,,,,,-1,-1,0
synthetic_cloudtrail.csv:6932,,,,,,,,,,-1,-1,0
synthetic_cloudtrail.csv:6933,,,,,,,,,,-1,-1,0
synthetic_cloudtrail.csv:6934,,,,,,,,,,-1,-1,0
synthetic_cloudtrail.csv:6935,,,,,,,,,,-1,-1,0
synthetic_cloudtrail.csv:6936,,,,,,,,,,-1,-1,0
synthetic_cloudtrail.csv:6937,,,,,,,,,,-1,-1,0
synthetic_cloudtrail.csv:6938,,,,,,,,,,-1,-1,0
synthetic_cloudtrail.csv:6939,,,,,,,,,,-1,-1,0
synthetic_cloudtrail.csv:6940,,,,,,,,,,-1,-1,0
synthetic_cloudtrail.csv:6941,,,,,,,,,,-1,-1,0
synthetic_cloudtrail.csv:6942,,,,,,,,,,-1,-1,0
synthetic_cloudtrail.csv:6943,,,,,,,,,,-1,-1,0
synthetic_cloudtrail.csv:6944,,,,,,,,,,-1,-1,0
synthetic_cloudtrail.csv:6945,,,,,,,,,,-1,-1,0
synthetic_cloudtrail.csv:6946,,,,,,,,,,-1,-1,0
synthetic_cloudtrail.csv:6947,,,,,,,,,,-1,-1,0
synthetic_cloudtrail.csv:6948,,,,,,,,,,-1,-1,0
synthetic_cloudtrail.csv:6949,,,,,,,,,,-1,-1,0
synthetic_cloudtrail.csv:6950,,,,,,,,,,-1,-1,0
synthetic_cloudtrail.csv:6951,,,,,,,,,,-1,-1,0
synthetic_cloudtrail.csv:6952,,,,,,,,,,-1,-1,0
synthetic_cloudtrail.csv:6953,,,,,,,,,,-1,-1,0
synthetic_cloudtrail.csv:6954,,,,,,,,,,-1,-1,0
synthetic_cloudtrail.csv:6955,,,,,,,,,,-1,-1,0
synthetic_cloudtrail.csv:6956,,,,,,,,,,-1,-1,0
synthetic_cloudtrail.csv:6957,,,,,,,,,,-1,-1,0
synthetic_cloudtrail.csv:6958,,,,,,,,,,-1,-1,0
synthetic_cloudtrail.csv:6959,,,,,,,,,,-1,-1,0
synthetic_cloudtrail.csv:6960,,,,,,,,,,-1,-1,0
synthetic_cloudtrail.csv:6961,,,,,,,,,,-1,-1,0
synthetic_cloudtrail.csv:6962,,,,,,,,,,-1,-1,0
synthetic_cloudtrail.csv:6963,,,,,,,,,,-1,-1,0
synthetic_cloudtrail.csv:6964,,,,,,,,,,-1,-1,0
synthetic_cloudtrail.csv:6965,,,,,,,,,,-1,-1,0
synthetic_cloudtrail.csv:6966,,,,,,,,,,-1,-1,0
synthetic_cloudtrail.csv:6967,,,,,,,,,,-1,-1,0
synthetic_cloudtrail.csv:6968,,,,,,,,,,-1,-1,0
synthetic_cloudtrail.csv:6969,,,,,,,,,,-1,-1,0
synthetic_cloudtrail.csv:6970,camp-ydrtirlyxhsp,ssm_parameter_harvest,reconnaissance,ssm_parameter_harvest,,,,,,-1,-1,0
synthetic_cloudtrail.csv:6971,,,,,,,,,,-1,-1,0
synthetic_cloudtrail.csv:6972,camp-ydrtirlyxhsp,ssm_parameter_harvest,reconnaissance,ssm_parameter_harvest,,,,,,-1,-1,0
synthetic_cloudtrail.csv:6973,camp-ydrtirlyxhsp,ssm_parameter_harvest,reconnaissance,ssm_parameter_harvest,,,,,,-1,-1,0
synthetic_cloudtrail.csv:6974,camp-ydrtirlyxhsp,ssm_parameter_harvest,credential-access,ssm_parameter_harvest,evt-oiwhurzhjxwm,evt-lzhhwiqvtdgz,evt-tuogajwocbiq,,,2,0,1
synthetic_cloudtrail.csv:6975,camp-ydrtirlyxhsp,ssm_parameter_harvest,credential-access,ssm_parameter_harvest,evt-lzhhwiqvtdgz,evt-tuogajwocbiq,evt-tuogajwocbiq,,,1,0,1
synthetic_cloudtrail.csv:6976,camp-ydrtirlyxhsp,ssm_parameter_harvest,credential-access,ssm_parameter_harvest,evt-tuogajwocbiq,,evt-tuogajwocbiq,,,0,0,1
synthetic_cloudtrail.csv:6977,,,,,,,,,,-1,-1,0
synthetic_cloudtrail.csv:6978,,,,,,,,,,-1,-1,0
synthetic_cloudtrail.csv:6979,camp-ydrtirlyxhsp,ssm_parameter_harvest,,ssm_parameter_harvest,,,,,,-1,-1,0
synthetic_cloudtrail.csv:6980,camp-ydrtirlyxhsp,ssm_parameter_harvest,,ssm_parameter_harvest,,,,,,-1,-1,0
synthetic_cloudtrail.csv:6981,,,,,,,,,,-1,-1,0
synthetic_cloudtrail.csv:6982,camp-ydrtirlyxhsp,ssm_parameter_harvest,,ssm_parameter_harvest,,,,,,-1,-1,0
synthetic_cloudtrail.csv:6983,camp-ydrtirlyxhsp,ssm_parameter_harvest,,ssm_parameter_harvest,,,,,,-1,-1,0
synthetic_cloudtrail.csv:6984,,,,,,,,,,-1,-1,0
synthetic_cloudtrail.csv:6985,camp-ydrtirlyxhsp,ssm_parameter_harvest,,ssm_parameter_harvest,,,,,,-1,-1,0
synthetic_cloudtrail.csv:6986,,,,,,,,,,-1,-1,0
synthetic_cloudtrail.csv:6987,,,,,,,,,,-1,-1,0
synthetic_cloudtrail.csv:6988,,,,,,,,,,-1,-1,0
synthetic_cloudtrail.csv:6989,camp-klequaazdakl,ec2_credential_extraction,reconnaissance,ec2_credential_extraction,,,,,,-1,-1,0
synthetic_cloudtrail.csv:6990,camp-klequaazdakl,ec2_credential_extraction,reconnaissance,ec2_credential_extraction,,,,,,-1,-1,0
synthetic_cloudtrail.csv:6991,camp-klequaazdakl,ec2_credential_extraction,reconnaissance,ec2_credential_extraction,,,,,,-1,-1,0
synthetic_cloudtrail.csv:6992,camp-klequaazdakl,ec2_credential_extraction,reconnaissance,ec2_credential_extraction,,,,,,-1,-1,0
synthetic_cloudtrail.csv:6993,camp-klequaazdakl,ec2_credential_extraction,reconnaissance,ec2_credential_extraction,,,,,,-1,-1,0
synthetic_cloudtrail.csv:6994,camp-klequaazdakl,ec2_credential_extraction,credential-access,ec2_credential_extraction,evt-orouczgjqkhn,,evt-orouczgjqkhn,,,0,0,1
synthetic_cloudtrail.csv:6995,camp-klequaazdakl,ec2_credential_extraction,credential-access,ec2_credential_extraction,evt-iwucysjnecfe,evt-orouczgjqkhn,evt-orouczgjqkhn,,,1,0,1
synthetic_cloudtrail.csv:6996,camp-klequaazdakl,ec2_credential_extraction,,ec2_credential_extraction,,,,,,-1,-1,0
synthetic_cloudtrail.csv:6997,camp-klequaazdakl,ec2_credential_extraction,,ec2_credential_extraction,,,,,,-1,-1,0
synthetic_cloudtrail.csv:6998,camp-klequaazdakl,ec2_credential_extraction,,ec2_credential_extraction,,,,,,-1,-1,0
synthetic_cloudtrail.csv:6999,camp-klequaazdakl,ec2_credential_extraction,,ec2_credential_extraction,,,,,,-1,-1,0
synthetic_cloudtrail.csv:7000,camp-klequaazdakl,ec2_credential_extraction,,ec2_credential_extraction,,,,,,-1,-1,0
synthetic_cloudtrail.csv:7001,,,,,,,,,,-1,-1,0
synthetic_cloudtrail.csv:7002,,,,,,,,,,-1,-1,0
synthetic_cloudtrail.csv:7003,,,,,,,,,,-1,-1,0
synthetic_cloudtrail.csv:7004,,,,,,,,,,-1,-1,0
synthetic_cloudtrail.csv:7005,,,,,,,,,,-1,-1,0
synthetic_cloudtrail.csv:7006,,,,,,,,,,-1,-1,0
synthetic_cloudtrail.csv:7007,,,,,,,,,,-1,-1,0
synthetic_cloudtrail.csv:7008,,,,,,,,,,-1,-1,0
synthetic_cloudtrail.csv:7009,,,,,,,,,,-1,-1,0
synthetic_cloudtrail.csv:7010,,,,,,,,,,-1,-1,0
synthetic_cloudtrail.csv:7011,,,,,,,,,,-1,-1,0
synthetic_cloudtrail.csv:7012,,,,,,,,,,-1,-1,0
synthetic_cloudtrail.csv:7013,,,,,,,,,,-1,-1,0
synthetic_cloudtrail.csv:7014,,,,,,,,,,-1,-1,0
synthetic_cloudtrail.csv:7015,camp-zahktfahinuy,ec2_credential_extraction,reconnaissance,ec2_credential_extraction,,,,,,-1,-1,0
synthetic_cloudtrail.csv:7016,camp-zahktfahinuy,ec2_credential_extraction,reconnaissance,ec2_credential_extraction,,,,,,-1,-1,0
synthetic_cloudtrail.csv:7017,camp-zahktfahinuy,ec2_credential_extraction,reconnaissance,ec2_credential_extraction,,,,,,-1,-1,0
synthetic_cloudtrail.csv:7018,camp-zahktfahinuy,ec2_credential_extraction,reconnaissance,ec2_credential_extraction,,,,,,-1,-1,0
synthetic_cloudtrail.csv:7019,camp-zahktfahinuy,ec2_credential_extraction,reconnaissance,ec2_credential_extraction,,,,,,-1,-1,0
synthetic_cloudtrail.csv:7020,camp-zahktfahinuy,ec2_credential_extraction,reconnaissance,ec2_credential_extraction,,,,,,-1,-1,0
synthetic_cloudtrail.csv:7021,camp-zahktfahinuy,ec2_credential_extraction,reconnaissance,ec2_credential_extraction,,,,,,-1,-1,0
synthetic_cloudtrail.csv:7022,camp-zahktfahinuy,ec2_credential_extraction,credential-access,ec2_credential_extraction,evt-bgpfuhrjfsjc,evt-zbmnspwzuoio,evt-zbmnspwzuoio,,,1,0,1
synthetic_cloudtrail.csv:7023,camp-zahktfahinuy,ec2_credential_extraction,credential-access,ec2_credential_extraction,evt-zbmnspwzuoio,,evt-zbmnspwzuoio,,,0,0,1
synthetic_cloudtrail.csv:7024,camp-zahktfahinuy,ec2_credential_extraction,,ec2_credential_extraction,,,,,,-1,-1,0
synthetic_cloudtrail.csv:7025,camp-zahktfahinuy,ec2_credential_extraction,,ec2_credential_extraction,,,,,,-1,-1,0
synthetic_cloudtrail.csv:7026,camp-zahktfahinuy,ec2_credential_extraction,,ec2_credential_extraction,,,,,,-1,-1,0
synthetic_cloudtrail.csv:7027,camp-zahktfahinuy,ec2_credential_extraction,,ec2_credential_extraction,,,,,,-1,-1,0
synthetic_cloudtrail.csv:7028,,,,,,,,,,-1,-1,0
synthetic_cloudtrail.csv:7029,,,,,,,,,,-1,-1,0
synthetic_cloudtrail.csv:7030,,,,,,,,,,-1,-1,0
synthetic_cloudtrail.csv:7031,,,,,,,,,,-1,-1,0
synthetic_cloudtrail.csv:7032,,,,,,,,,,-1,-1,0
synthetic_cloudtrail.csv:7033,,,,,,,,,,-1,-1,0
synthetic_cloudtrail.csv:7034,,,,,,,,,,-1,-1,0
synthetic_cloudtrail.csv:7035,,,,,,,,,,-1,-1,0
synthetic_cloudtrail.csv:7036,,,,,,,,,,-1,-1,0
synthetic_cloudtrail.csv:7037,,,,,,,,,,-1,-1,0
synthetic_cloudtrail.csv:7038,,,,,,,,,,-1,-1,0
synthetic_cloudtrail.csv:7039,camp-oehuktqyoopt,create_role_attach_managed_policy,reconnaissance,create_role_attach_managed_policy,,,,,,-1,-1,0
synthetic_cloudtrail.csv:7040,camp-oehuktqyoopt,create_role_attach_managed_policy,reconnaissance,create_role_attach_managed_policy,,,,,,-1,-1,0
synthetic_cloudtrail.csv:7041,camp-oehuktqyoopt,create_role_attach_managed_policy,reconnaissance,create_role_attach_managed_policy,,,,,,-1,-1,0
synthetic_cloudtrail.csv:7042,camp-oehuktqyoopt,create_role_attach_managed_policy,reconnaissance,create_role_attach_managed_policy,,,,,,-1,-1,0
synthetic_cloudtrail.csv:7043,camp-oehuktqyoopt,create_role_attach_managed_policy,reconnaissance,create_role_attach_managed_policy,,,,,,-1,-1,0
synthetic_cloudtrail.csv:7044,camp-oehuktqyoopt,create_role_attach_managed_policy,reconnaissance,create_role_attach_managed_policy,,,,,,-1,-1,0
synthetic_cloudtrail.csv:7045,camp-oehuktqyoopt,create_role_attach_managed_policy,persistence,create_role_attach_managed_policy,evt-onvxjjtiotiv,,evt-onvxjjtiotiv,,,0,0,1
synthetic_cloudtrail.csv:7046,camp-oehuktqyoopt,create_role_attach_managed_policy,privilege-escalation,create_role_attach_managed_policy,evt-ynqfmvemzbwu,evt-onvxjjtiotiv,evt-onvxjjtiotiv,s3:GetObject;s3:ListBucket,*,1,0,1
synthetic_cloudtrail.csv:7047,camp-oehuktqyoopt,create_role_attach_managed_policy,,create_role_attach_managed_policy,,,,,,-1,-1,0
synthetic_cloudtrail.csv:7048,camp-oehuktqyoopt,create_role_attach_managed_policy,,create_role_attach_managed_policy,,,,,,-1,-1,0
synthetic_cloudtrail.csv:7049,camp-oehuktqyoopt,create_role_attach_managed_policy,,create_role_attach_managed_policy,,,,,,-1,-1,0
synthetic_cloudtrail.csv:7050,camp-oehuktqyoopt,create_role_attach_managed_policy,,create_role_attach_managed_policy,,,,,,-1,-1,0
synthetic_cloudtrail.csv:7051,camp-wczenorpazcv,create_user_accesskey_policy,reconnaissance,create_user_accesskey_policy,,,,,,-1,-1,0
synthetic_cloudtrail.csv:7052,camp-wczenorpazcv,create_user_accesskey_policy,reconnaissance,create_user_accesskey_policy,,,,,,-1,-1,0
synthetic_cloudtrail.csv:7053,camp-wczenorpazcv,create_user_accesskey_policy,reconnaissance,create_user_accesskey_policy,,,,,,-1,-1,0
synthetic_cloudtrail.csv:7054,camp-wczenorpazcv,create_user_accesskey_policy,reconnaissance,create_user_accesskey_policy,,,,,,-1,-1,0
synthetic_cloudtrail.csv:7055,camp-wczenorpazcv,create_user_accesskey_policy,reconnaissance,create_user_accesskey_policy,,,,,,-1,-1,0
synthetic_cloudtrail.csv:7056,camp-wczenorpazcv,create_user_accesskey_policy,reconnaissance,create_user_accesskey_policy,,,,,,-1,-1,0
synthetic_cloudtrail.csv:7057,camp-wczenorpazcv,create_user_accesskey_policy,reconnaissance,create_user_accesskey_policy,,,,,,-1,-1,0
synthetic_cloudtrail.csv:7058,camp-wczenorpazcv,create_user_accesskey_policy,reconnaissance,create_user_accesskey_policy,,,,,,-1,-1,0
synthetic_cloudtrail.csv:7059,camp-wczenorpazcv,create_user_accesskey_policy,persistence,create_user_accesskey_policy,evt-iqeschectiac,,evt-iqeschectiac,,,0,0,1
synthetic_cloudtrail.csv:7060,camp-wczenorpazcv,create_user_accesskey_policy,privilege-escalation,create_user_accesskey_policy,evt-fgcxtrjzfpup,evt-iqeschectiac,evt-iqeschectiac,,,1,0,1
synthetic_cloudtrail.csv:7061,camp-wczenorpazcv,create_user_accesskey_policy,privilege-escalation,create_user_accesskey_policy,evt-eojnapywuryo,evt-fgcxtrjzfpup,evt-iqeschectiac,s3:GetObject;s3:ListBucket,*,2,0,1
synthetic_cloudtrail.csv:7062,camp-wczenorpazcv,create_user_accesskey_policy,,create_user_accesskey_policy,,,,,,-1,-1,0
synthetic_cloudtrail.csv:7063,camp-wczenorpazcv,create_user_accesskey_policy,,create_user_accesskey_policy,,,,,,-1,-1,0
synthetic_cloudtrail.csv:7064,,,,,,,,,,-1,-1,0
synthetic_cloudtrail.csv:7065,,,,,,,,,,-1,-1,0
synthetic_cloudtrail.csv:7066,,,,,,,,,,-1,-1,0
synthetic_cloudtrail.csv:7067,,,,,,,,,,-1,-1,0
synthetic_cloudtrail.csv:7068,,,,,,,,,,-1,-1,0
synthetic_cloudtrail.csv:7069,,,,,,,,,,-1,-1,0
synthetic_cloudtrail.csv:7070,,,,,,,,,,-1,-1,0
synthetic_cloudtrail.csv:7071,,,,,,,,,,-1,-1,0
synthetic_cloudtrail.csv:7072,,,,,,,,,,-1,-1,0
synthetic_cloudtrail.csv:7073,,,,,,,,,,-1,-1,0
synthetic_cloudtrail.csv:7074,,,,,,,,,,-1,-1,0
synthetic_cloudtrail.csv:7075,,,,,,,,,,-1,-1,0
synthetic_cloudtrail.csv:7076,,,,,,,,,,-1,-1,0
synthetic_cloudtrail.csv:7077,,,,,,,,,,-1,-1,0
synthetic_cloudtrail.csv:7078,,,,,,,,,,-1,-1,0
synthetic_cloudtrail.csv:7079,,,,,,,,,,-1,-1,0
synthetic_cloudtrail.csv:7080,,,,,,,,,,-1,-1,0
synthetic_cloudtrail.csv:7081,,,,,,,,,,-1,-1,0
synthetic_cloudtrail.csv:7082,,,,,,,,,,-1,-1,0
synthetic_cloudtrail.csv:7083,,,,,,,,,,-1,-1,0
synthetic_cloudtrail.csv:7084,,,,,,,,,,-1,-1,0
synthetic_cloudtrail.csv:7085,,,,,,,,,,-1,-1,0
synthetic_cloudtrail.csv:7086,,,,,,,,,,-1,-1,0
synthetic_cloudtrail.csv:7087,,,,,,,,,,-1,-1,0
synthetic_cloudtrail.csv:7088,,,,,,,,,,-1,-1,0
synthetic_cloudtrail.csv:7089,,,,,,,,,,-1,-1,0
synthetic_cloudtrail.csv:7090,,,,,,,,,,-1,-1,0
synthetic_cloudtrail.csv:7091,,,,,,,,,,-1,-1,0
synthetic_cloudtrail.csv:7092,,,,,,,,,,-1,-1,0
synthetic_cloudtrail.csv:7093,,,,,,,,,,-1,-1,0
synthetic_cloudtrail.csv:7094,camp-cjbetetoeuge,full_kill_chain,reconnaissance,full_kill_chain,,,,,,-1,-1,0
synthetic_cloudtrail.csv:7095,camp-cjbetetoeuge,full_kill_chain,reconnaissance,full_kill_chain,,,,,,-1,-1,0
synthetic_cloudtrail.csv:7096,camp-cjbetetoeuge,full_kill_chain,reconnaissance,full_kill_chain,,,,,,-1,-1,0
synthetic_cloudtrail.csv:7097,camp-cjbetetoeuge,full_kill_chain,reconnaissance,full_kill_chain,,,,,,-1,-1,0
synthetic_cloudtrail.csv:7098,camp-cjbetetoeuge,full_kill_chain,persistence,full_kill_chain,evt-krbsaggnhman,,evt-krbsaggnhman,,,0,0,1
synthetic_cloudtrail.csv:7099,camp-cjbetetoeuge,full_kill_chain,privilege-escalation,full_kill_chain,evt-xyqkumsfbgrs,evt-krbsaggnhman,evt-krbsaggnhman,s3:GetObject;s3:ListBucket,*,1,0,1
synthetic_cloudtrail.csv:7100,camp-cjbetetoeuge,full_kill_chain,privilege-escalation,full_kill_chain,evt-ayehgemvkdbi,evt-xyqkumsfbgrs,evt-krbsaggnhman,,,2,0,1
synthetic_cloudtrail.csv:7101,camp-cjbetetoeuge,full_kill_chain,credential-access,full_kill_chain,evt-pcfocdtulywz,evt-ayehgemvkdbi,evt-krbsaggnhman,,,3,1,1
synthetic_cloudtrail.csv:7102,camp-cjbetetoeuge,full_kill_chain,exfiltration,full_kill_chain,evt-oywoyjulokvt,evt-pcfocdtulywz,evt-krbsaggnhman,,,4,1,1
synthetic_cloudtrail.csv:7103,camp-cjbetetoeuge,full_kill_chain,defense-evasion,full_kill_chain,evt-vokenjjhwhlw,evt-oywoyjulokvt,evt-krbsaggnhman,,,5,1,1
synthetic_cloudtrail.csv:7104,camp-cjbetetoeuge,full_kill_chain,,full_kill_chain,,,,,,-1,-1,0
synthetic_cloudtrail.csv:7105,camp-cjbetetoeuge,full_kill_chain,,full_kill_chain,,,,,,-1,-1,0
synthetic_cloudtrail.csv:7106,camp-ciacmgpocyoq,secrets_manager_sweep,reconnaissance,secrets_manager_sweep,,,,,,-1,-1,0
synthetic_cloudtrail.csv:7107,camp-ciacmgpocyoq,secrets_manager_sweep,reconnaissance,secrets_manager_sweep,,,,,,-1,-1,0
synthetic_cloudtrail.csv:7108,camp-ciacmgpocyoq,secrets_manager_sweep,reconnaissance,secrets_manager_sweep,,,,,,-1,-1,0
synthetic_cloudtrail.csv:7109,camp-ciacmgpocyoq,secrets_manager_sweep,reconnaissance,secrets_manager_sweep,,,,,,-1,-1,0
synthetic_cloudtrail.csv:7110,camp-ciacmgpocyoq,secrets_manager_sweep,reconnaissance,secrets_manager_sweep,,,,,,-1,-1,0
synthetic_cloudtrail.csv:7111,camp-ciacmgpocyoq,secrets_manager_sweep,reconnaissance,secrets_manager_sweep,,,,,,-1,-1,0
synthetic_cloudtrail.csv:7112,camp-ciacmgpocyoq,secrets_manager_sweep,reconnaissance,secrets_manager_sweep,,,,,,-1,-1,0
synthetic_cloudtrail.csv:7113,camp-ciacmgpocyoq,secrets_manager_sweep,reconnaissance,secrets_manager_sweep,,,,,,-1,-1,0
synthetic_cloudtrail.csv:7114,camp-ciacmgpocyoq,secrets_manager_sweep,credential-access,secrets_manager_sweep,evt-ydwbtlipulit,evt-iweznxclclak,evt-iweznxclclak,,,1,0,1
synthetic_cloudtrail.csv:7115,camp-ciacmgpocyoq,secrets_manager_sweep,credential-access,secrets_manager_sweep,evt-iweznxclclak,,evt-iweznxclclak,,,0,0,1
synthetic_cloudtrail.csv:7116,camp-ciacmgpocyoq,secrets_manager_sweep,credential-access,secrets_manager_sweep,evt-ziybulkqimyu,evt-ydwbtlipulit,evt-iweznxclclak,,,2,0,1
synthetic_cloudtrail.csv:7117,camp-ciacmgpocyoq,secrets_manager_sweep,,secrets_manager_sweep,,,,,,-1,-1,0
synthetic_cloudtrail.csv:7118,camp-ciacmgpocyoq,secrets_manager_sweep,,secrets_manager_sweep,,,,,,-1,-1,0
synthetic_cloudtrail.csv:7119,camp-ciacmgpocyoq,secrets_manager_sweep,,secrets_manager_sweep,,,,,,-1,-1,0
synthetic_cloudtrail.csv:7120,,,,,,,,,,-1,-1,0
synthetic_cloudtrail.csv:7121,,,,,,,,,,-1,-1,0
synthetic_cloudtrail.csv:7122,,,,,,,,,,-1,-1,0
synthetic_cloudtrail.csv:7123,,,,,,,,,,-1,-1,0
synthetic_cloudtrail.csv:7124,,,,,,,,,,-1,-1,0
synthetic_cloudtrail.csv:7125,,,,,,,,,,-1,-1,0
synthetic_cloudtrail.csv:7126,,,,,,,,,,-1,-1,0
synthetic_cloudtrail.csv:7127,,,,,,,,,,-1,-1,0
synthetic_cloudtrail.csv:7128,,,,,,,,,,-1,-1,0
synthetic_cloudtrail.csv:7129,,,,,,,,,,-1,-1,0
synthetic_cloudtrail.csv:7130,,,,,,,,,,-1,-1,0
synthetic_cloudtrail.csv:7131,,,,,,,,,,-1,-1,0
synthetic_cloudtrail.csv:7132,,,,,,,,,,-1,-1,0
synthetic_cloudtrail.csv:7133,,,,,,,,,,-1,-1,0
synthetic_cloudtrail.csv:7134,,,,,,,,,,-1,-1,0
synthetic_cloudtrail.csv:7135,,,,,,,,,,-1,-1,0
synthetic_cloudtrail.csv:7136,,,,,,,,,,-1,-1,0
synthetic_cloudtrail.csv:7137,,,,,,,,,,-1,-1,0
synthetic_cloudtrail.csv:7138,,,,,,,,,,-1,-1,0
synthetic_cloudtrail.csv:7139,,,,,,,,,,-1,-1,0
synthetic_cloudtrail.csv:7140,,,,,,,,,,-1,-1,0
synthetic_cloudtrail.csv:7141,,,,,,,,,,-1,-1,0
synthetic_cloudtrail.csv:7142,,,,,,,,,,-1,-1,0
synthetic_cloudtrail.csv:7143,camp-jsgeqhllwrsn,update_assume_role_policy,reconnaissance,update_assume_role_policy,,,,,,-1,-1,0
synthetic_cloudtrail.csv:7144,camp-jsgeqhllwrsn,update_assume_role_policy,reconnaissance,update_assume_role_policy,,,,,,-1,-1,0
synthetic_cloudtrail.csv:7145,camp-jsgeqhllwrsn,update_assume_role_policy,reconnaissance,update_assume_role_policy,,,,,,-1,-1,0
synthetic_cloudtrail.csv:7146,camp-jsgeqhllwrsn,update_assume_role_policy,reconnaissance,update_assume_role_policy,,,,,,-1,-1,0
synthetic_cloudtrail.csv:7147,camp-jsgeqhllwrsn,update_assume_role_policy,reconnaissance,update_assume_role_policy,,,,,,-1,-1,0
synthetic_cloudtrail.csv:7148,camp-jsgeqhllwrsn,update_assume_role_policy,reconnaissance,update_assume_role_policy,,,,,,-1,-1,0
synthetic_cloudtrail.csv:7149,camp-jsgeqhllwrsn,update_assume_role_policy,reconnaissance,update_assume_role_policy,,,,,,-1,-1,0
synthetic_cloudtrail.csv:7150,camp-jsgeqhllwrsn,update_assume_role_policy,persistence,update_assume_role_policy,evt-pspzxxjqiuln,,evt-pspzxxjqiuln,,sts:AssumeRole/*,0,0,1
synthetic_cloudtrail.csv:7151,camp-jsgeqhllwrsn,update_assume_role_policy,privilege-escalation,update_assume_role_policy,evt-rmjpytrcwedz,evt-pspzxxjqiuln,evt-pspzxxjqiuln,,,1,0,1
synthetic_cloudtrail.csv:7152,camp-jsgeqhllwrsn,update_assume_role_policy,credential-access,update_assume_role_policy,evt-nfhhkagghwdv,evt-rmjpytrcwedz,evt-pspzxxjqiuln,,,2,1,1
synthetic_cloudtrail.csv:7153,camp-jsgeqhllwrsn,update_assume_role_policy,,update_assume_role_policy,,,,,,-1,-1,0
synthetic_cloudtrail.csv:7154,camp-jsgeqhllwrsn,update_assume_role_policy,,update_assume_role_policy,,,,,,-1,-1,0
synthetic_cloudtrail.csv:7155,camp-jsgeqhllwrsn,update_assume_role_policy,,update_assume_role_policy,,,,,,-1,-1,0
synthetic_cloudtrail.csv:7156,camp-jsgeqhllwrsn,update_assume_role_policy,,update_assume_role_policy,,,,,,-1,-1,0
synthetic_cloudtrail.csv:7157,camp-jsgeqhllwrsn,update_assume_role_policy,,update_assume_role_policy,,,,,,-1,-1,0
synthetic_cloudtrail.csv:7158,,,,,,,,,,-1,-1,0
synthetic_cloudtrail.csv:7159,,,,,,,,,,-1,-1,0
synthetic_cloudtrail.csv:7160,,,,,,,,,,-1,-1,0
synthetic_cloudtrail.csv:7161,,,,,,,,,,-1,-1,0
synthetic_cloudtrail.csv:7162,,,,,,,,,,-1,-1,0
synthetic_cloudtrail.csv:7163,,,,,,,,,,-1,-1,0
synthetic_cloudtrail.csv:7164,,,,,,,,,,-1,-1,0
synthetic_cloudtrail.csv:7165,,,,,,,,,,-1,-1,0
synthetic_cloudtrail.csv:7166,,,,,,,,,,-1,-1,0
synthetic_cloudtrail.csv:7167,,,,,,,,,,-1,-1,0
synthetic_cloudtrail.csv:7168,,,,,,,,,,-1,-1,0
synthetic_cloudtrail.csv:7169,,,,,,,,,,-1,-1,0
synthetic_cloudtrail.csv:7170,,,,,,,,,,-1,-1,0
synthetic_cloudtrail.csv:7171,,,,,,,,,,-1,-1,0
synthetic_cloudtrail.csv:7172,,,,,,,,,,-1,-1,0
synthetic_cloudtrail.csv:7173,,,,,,,,,,-1,-1,0
synthetic_cloudtrail.csv:7174,,,,,,,,,,-1,-1,0
synthetic_cloudtrail.csv:7175,,,,,,,,,,-1,-1,0
synthetic_cloudtrail.csv:7176,,,,,,,,,,-1,-1,0
synthetic_cloudtrail.csv:7177,,,,,,,,,,-1,-1,0
synthetic_cloudtrail.csv:7178,,,,,,,,,,-1,-1,0
synthetic_cloudtrail.csv:7179,,,,,,,,,,-1,-1,0
synthetic_cloudtrail.csv:7180,,,,,,,,,,-1,-1,0
synthetic_cloudtrail.csv:7181,,,,,,,,,,-1,-1,0
synthetic_cloudtrail.csv:7182,,,,,,,,,,-1,-1,0
synthetic_cloudtrail.csv:7183,,,,,,,,,,-1,-1,0
synthetic_cloudtrail.csv:7184,,,,,,,,,,-1,-1,0
synthetic_cloudtrail.csv:7185,,,,,,,,,,-1,-1,0
synthetic_cloudtrail.csv:7186,,,,,,,,,,-1,-1,0
synthetic_cloudtrail.csv:7187,,,,,,,,,,-1,-1,0
synthetic_cloudtrail.csv:7188,,,,,,,,,,-1,-1,0
synthetic_cloudtrail.csv:7189,,,,,,,,,,-1,-1,0
synthetic_cloudtrail.csv:7190,,,,,,,,,,-1,-1,0
synthetic_cloudtrail.csv:7191,,,,,,,,,,-1,-1,0
synthetic_cloudtrail.csv:7192,,,,,,,,,,-1,-1,0
synthetic_cloudtrail.csv:7193,,,,,,,,,,-1,-1,0
synthetic_cloudtrail.csv:7194,,,,,,,,,,-1,-1,0
synthetic_cloudtrail.csv:7195,,,,,,,,,,-1,-1,0
synthetic_cloudtrail.csv:7196,,,,,,,,,,-1,-1,0
synthetic_cloudtrail.csv:7197,,,,,,,,,,-1,-1,0
synthetic_cloudtrail.csv:7198,,,,,,,,,,-1,-1,0
synthetic_cloudtrail.csv:7199,,,,,,,,,,-1,-1,0
synthetic_cloudtrail.csv:7200,,,,,,,,,,-1,-1,0
synthetic_cloudtrail.csv:7201,,,,,,,,,,-1,-1,0
synthetic_cloudtrail.csv:7202,,,,,,,,,,-1,-1,0
synthetic_cloudtrail.csv:7203,,,,,,,,,,-1,-1,0
synthetic_cloudtrail.csv:7204,,,,,,,,,,-1,-1,0
synthetic_cloudtrail.csv:7205,,,,,,,,,,-1,-1,0
synthetic_cloudtrail.csv:7206,,,,,,,,,,-1,-1,0
synthetic_cloudtrail.csv:7207,,,,,,,,,,-1,-1,0
synthetic_cloudtrail.csv:7208,,,,,,,,,,-1,-1,0
synthetic_cloudtrail.csv:7209,,,,,,,,,,-1,-1,0
synthetic_cloudtrail.csv:7210,,,,,,,,,,-1,-1,0
synthetic_cloudtrail.csv:7211,,,,,,,,,,-1,-1,0
synthetic_cloudtrail.csv:7212,,,,,,,,,,-1,-1,0
synthetic_cloudtrail.csv:7213,,,,,,,,,,-1,-1,0
synthetic_cloudtrail.csv:7214,,,,,,,,,,-1,-1,0
synthetic_cloudtrail.csv:7215,,,,,,,,,,-1,-1,0
synthetic_cloudtrail.csv:7216,,,,,,,,,,-1,-1,0
synthetic_cloudtrail.csv:7217,,,,,,,,,,-1,-1,0
synthetic_cloudtrail.csv:7218,,,,,,,,,,-1,-1,0
synthetic_cloudtrail.csv:7219,,,,,,,,,,-1,-1,0
synthetic_cloudtrail.csv:7220,,,,,,,,,,-1,-1,0
synthetic_cloudtrail.csv:7221,,,,,,,,,,-1,-1,0
synthetic_cloudtrail.csv:7222,,,,,,,,,,-1,-1,0
synthetic_cloudtrail.csv:7223,,,,,,,,,,-1,-1,0
synthetic_cloudtrail.csv:7224,,,,,,,,,,-1,-1,0
synthetic_cloudtrail.csv:7225,,,,,,,,,,-1,-1,0
synthetic_cloudtrail.csv:7226,,,,,,,,,,-1,-1,0
synthetic_cloudtrail.csv:7227,,,,,,,,,,-1,-1,0
synthetic_cloudtrail.csv:7228,,,,,,,,,,-1,-1,0
synthetic_cloudtrail.csv:7229,,,,,,,,,,-1,-1,0
synthetic_cloudtrail.csv:7230,,,,,,,,,,-1,-1,0
synthetic_cloudtrail.csv:7231,,,,,,,,,,-1,-1,0
synthetic_cloudtrail.csv:7232,,,,,,,,,,-1,-1,0
synthetic_cloudtrail.csv:7233,camp-jwuupmtsrcbc,secrets_manager_sweep,reconnaissance,secrets_manager_sweep,,,,,,-1,-1,0
synthetic_cloudtrail.csv:7234,camp-jwuupmtsrcbc,secrets_manager_sweep,reconnaissance,secrets_manager_sweep,,,,,,-1,-1,0
synthetic_cloudtrail.csv:7235,camp-jwuupmtsrcbc,secrets_manager_sweep,reconnaissance,secrets_manager_sweep,,,,,,-1,-1,0
synthetic_cloudtrail.csv:7236,camp-jwuupmtsrcbc,secrets_manager_sweep,reconnaissance,secrets_manager_sweep,,,,,,-1,-1,0
synthetic_cloudtrail.csv:7237,,,,,,,,,,-1,-1,0
synthetic_cloudtrail.csv:7238,,,,,,,,,,-1,-1,0
synthetic_cloudtrail.csv:7239,camp-jwuupmtsrcbc,secrets_manager_sweep,reconnaissance,secrets_manager_sweep,,,,,,-1,-1,0
synthetic_cloudtrail.csv:7240,camp-jwuupmtsrcbc,secrets_manager_sweep,reconnaissance,secrets_manager_sweep,,,,,,-1,-1,0
synthetic_cloudtrail.csv:7241,camp-jwuupmtsrcbc,secrets_manager_sweep,reconnaissance,secrets_manager_sweep,,,,,,-1,-1,0
synthetic_cloudtrail.csv:7242,camp-jwuupmtsrcbc,secrets_manager_sweep,credential-access,secrets_manager_sweep,evt-bzvghfyarnff,,evt-bzvghfyarnff,,,0,0,1
synthetic_cloudtrail.csv:7243,camp-jwuupmtsrcbc,secrets_manager_sweep,credential-access,secrets_manager_sweep,evt-mzcdrehthzkr,evt-bzvghfyarnff,evt-bzvghfyarnff,,,1,0,1
synthetic_cloudtrail.csv:7244,camp-jwuupmtsrcbc,secrets_manager_sweep,credential-access,secrets_manager_sweep,evt-aposumqbukhf,evt-mzcdrehthzkr,evt-bzvghfyarnff,,,2,0,1
synthetic_cloudtrail.csv:7245,camp-jwuupmtsrcbc,secrets_manager_sweep,reconnaissance,secrets_manager_sweep,,,,,,-1,-1,0
synthetic_cloudtrail.csv:7246,,,,,,,,,,-1,-1,0
synthetic_cloudtrail.csv:7247,camp-jwuupmtsrcbc,secrets_manager_sweep,,secrets_manager_sweep,,,,,,-1,-1,0
synthetic_cloudtrail.csv:7248,,,,,,,,,,-1,-1,0
synthetic_cloudtrail.csv:7249,camp-jwuupmtsrcbc,secrets_manager_sweep,,secrets_manager_sweep,,,,,,-1,-1,0
synthetic_cloudtrail.csv:7250,,,,,,,,,,-1,-1,0
synthetic_cloudtrail.csv:7251,,,,,,,,,,-1,-1,0
synthetic_cloudtrail.csv:7252,,,,,,,,,,-1,-1,0
synthetic_cloudtrail.csv:7253,,,,,,,,,,-1,-1,0
synthetic_cloudtrail.csv:7254,,,,,,,,,,-1,-1,0
synthetic_cloudtrail.csv:7255,,,,,,,,,,-1,-1,0
synthetic_cloudtrail.csv:7256,,,,,,,,,,-1,-1,0
synthetic_cloudtrail.csv:7257,,,,,,,,,,-1,-1,0
synthetic_cloudtrail.csv:7258,,,,,,,,,,-1,-1,0
synthetic_cloudtrail.csv:7259,,,,,,,,,,-1,-1,0
synthetic_cloudtrail.csv:7260,,,,,,,,,,-1,-1,0
synthetic_cloudtrail.csv:7261,camp-atrbaqydzfzt,assume_then_attach_admin,reconnaissance,assume_then_attach_admin,,,,,,-1,-1,0
synthetic_cloudtrail.csv:7262,camp-atrbaqydzfzt,assume_then_attach_admin,reconnaissance,assume_then_attach_admin,,,,,,-1,-1,0
synthetic_cloudtrail.csv:7263,camp-atrbaqydzfzt,assume_then_attach_admin,reconnaissance,assume_then_attach_admin,,,,,,-1,-1,0
synthetic_cloudtrail.csv:7264,camp-atrbaqydzfzt,assume_then_attach_admin,reconnaissance,assume_then_attach_admin,,,,,,-1,-1,0
synthetic_cloudtrail.csv:7265,camp-atrbaqydzfzt,assume_then_attach_admin,privilege-escalation,assume_then_attach_admin,evt-kmeapyijeeoz,,evt-kmeapyijeeoz,,,0,0,1
synthetic_cloudtrail.csv:7266,camp-atrbaqydzfzt,assume_then_attach_admin,privilege-escalation,assume_then_attach_admin,evt-nppjffydfmcj,evt-kmeapyijeeoz,evt-kmeapyijeeoz,s3:GetObject;s3:ListBucket,*,1,1,1
synthetic_cloudtrail.csv:7267,camp-atrbaqydzfzt,assume_then_attach_admin,privilege-escalation,assume_then_attach_admin,evt-hwmfakaijsgn,evt-nppjffydfmcj,evt-kmeapyijeeoz,s3:GetObject;s3:ListBucket,*,2,1,1
synthetic_cloudtrail.csv:7268,camp-atrbaqydzfzt,assume_then_attach_admin,,assume_then_attach_admin,,,,,,-1,-1,0
synthetic_cloudtrail.csv:7269,camp-atrbaqydzfzt,assume_then_attach_admin,,assume_then_attach_admin,,,,,,-1,-1,0
synthetic_cloudtrail.csv:7270,camp-atrbaqydzfzt,assume_then_attach_admin,,assume_then_attach_admin,,,,,,-1,-1,0
synthetic_cloudtrail.csv:7271,,,,,,,,,,-1,-1,0
synthetic_cloudtrail.csv:7272,,,,,,,,,,-1,-1,0
synthetic_cloudtrail.csv:7273,,,,,,,,,,-1,-1,0
synthetic_cloudtrail.csv:7274,,,,,,,,,,-1,-1,0
synthetic_cloudtrail.csv:7275,,,,,,,,,,-1,-1,0
synthetic_cloudtrail.csv:7276,,,,,,,,,,-1,-1,0
synthetic_cloudtrail.csv:7277,,,,,,,,,,-1,-1,0
synthetic_cloudtrail.csv:7278,,,,,,,,,,-1,-1,0
synthetic_cloudtrail.csv:7279,,,,,,,,,,-1,-1,0
synthetic_cloudtrail.csv:7280,,,,,,,,,,-1,-1,0
synthetic_cloudtrail.csv:7281,,,,,,,,,,-1,-1,0
synthetic_cloudtrail.csv:7282,,,,,,,,,,-1,-1,0
synthetic_cloudtrail.csv:7283,,,,,,,,,,-1,-1,0
synthetic_cloudtrail.csv:7284,,,,,,,,,,-1,-1,0
synthetic_cloudtrail.csv:7285,,,,,,,,,,-1,-1,0
synthetic_cloudtrail.csv:7286,,,,,,,,,,-1,-1,0
synthetic_cloudtrail.csv:7287,,,,,,,,,,-1,-1,0
synthetic_cloudtrail.csv:7288,,,,,,,,,,-1,-1,0
synthetic_cloudtrail.csv:7289,,,,,,,,,,-1,-1,0
synthetic_cloudtrail.csv:7290,,,,,,,,,,-1,-1,0
synthetic_cloudtrail.csv:7291,,,,,,,,,,-1,-1,0
synthetic_cloudtrail.csv:7292,,,,,,,,,,-1,-1,0
synthetic_cloudtrail.csv:7293,,,,,,,,,,-1,-1,0
synthetic_cloudtrail.csv:7294,,,,,,,,,,-1,-1,0
synthetic_cloudtrail.csv:7295,,,,,,,,,,-1,-1,0
synthetic_cloudtrail.csv:7296,,,,,,,,,,-1,-1,0
synthetic_cloudtrail.csv:7297,,,,,,,,,,-1,-1,0
synthetic_cloudtrail.csv:7298,,,,,,,,,,-1,-1,0
synthetic_cloudtrail.csv:7299,,,,,,,,,,-1,-1,0
synthetic_cloudtrail.csv:7300,,,,,,,,,,-1,-1,0
synthetic_cloudtrail.csv:7301,,,,,,,,,,-1,-1,0
synthetic_cloudtrail.csv:7302,,,,,,,,,,-1,-1,0
synthetic_cloudtrail.csv:7303,,,,,,,,,,-1,-1,0
synthetic_cloudtrail.csv:7304,,,,,,,,,,-1,-1,0
synthetic_cloudtrail.csv:7305,,,,,,,,,,-1,-1,0
synthetic_cloudtrail.csv:7306,,,,,,,,,,-1,-1,0
synthetic_cloudtrail.csv:7307,,,,,,,,,,-1,-1,0
synthetic_cloudtrail.csv:7308,,,,,,,,,,-1,-1,0
synthetic_cloudtrail.csv:7309,,,,,,,,,,-1,-1,0
synthetic_cloudtrail.csv:7310,camp-jaqfcuebimaw,ssm_parameter_harvest,reconnaissance,ssm_parameter_harvest,,,,,,-1,-1,0
synthetic_cloudtrail.csv:7311,camp-jaqfcuebimaw,ssm_parameter_harvest,reconnaissance,ssm_parameter_harvest,,,,,,-1,-1,0
synthetic_cloudtrail.csv:7312,camp-jaqfcuebimaw,ssm_parameter_harvest,reconnaissance,ssm_parameter_harvest,,,,,,-1,-1,0
synthetic_cloudtrail.csv:7313,camp-jaqfcuebimaw,ssm_parameter_harvest,reconnaissance,ssm_parameter_harvest,,,,,,-1,-1,0
synthetic_cloudtrail.csv:7314,camp-jaqfcuebimaw,ssm_parameter_harvest,reconnaissance,ssm_parameter_harvest,,,,,,-1,-1,0
synthetic_cloudtrail.csv:7315,camp-jaqfcuebimaw,ssm_parameter_harvest,reconnaissance,ssm_parameter_harvest,,,,,,-1,-1,0
synthetic_cloudtrail.csv:7316,camp-jaqfcuebimaw,ssm_parameter_harvest,reconnaissance,ssm_parameter_harvest,,,,,,-1,-1,0
synthetic_cloudtrail.csv:7317,camp-jaqfcuebimaw,ssm_parameter_harvest,credential-access,ssm_parameter_harvest,evt-weyxdzdmondn,,evt-weyxdzdmondn,,,0,0,1
synthetic_cloudtrail.csv:7318,camp-jaqfcuebimaw,ssm_parameter_harvest,credential-access,ssm_parameter_harvest,evt-caupurivbgtu,evt-nkjktlkulwgv,evt-weyxdzdmondn,,,2,0,1
synthetic_cloudtrail.csv:7319,camp-jaqfcuebimaw,ssm_parameter_harvest,credential-access,ssm_parameter_harvest,evt-nkjktlkulwgv,evt-weyxdzdmondn,evt-weyxdzdmondn,,,1,0,1
synthetic_cloudtrail.csv:7320,camp-jaqfcuebimaw,ssm_parameter_harvest,reconnaissance,ssm_parameter_harvest,,,,,,-1,-1,0
synthetic_cloudtrail.csv:7321,camp-jaqfcuebimaw,ssm_parameter_harvest,,ssm_parameter_harvest,,,,,,-1,-1,0
synthetic_cloudtrail.csv:7322,camp-jaqfcuebimaw,ssm_parameter_harvest,,ssm_parameter_harvest,,,,,,-1,-1,0
synthetic_cloudtrail.csv:7323,camp-jaqfcuebimaw,ssm_parameter_harvest,,ssm_parameter_harvest,,,,,,-1,-1,0
synthetic_cloudtrail.csv:7324,,,,,,,,,,-1,-1,0
synthetic_cloudtrail.csv:7325,,,,,,,,,,-1,-1,0
synthetic_cloudtrail.csv:7326,,,,,,,,,,-1,-1,0
synthetic_cloudtrail.csv:7327,,,,,,,,,,-1,-1,0
synthetic_cloudtrail.csv:7328,,,,,,,,,,-1,-1,0
synthetic_cloudtrail.csv:7329,,,,,,,,,,-1,-1,0
synthetic_cloudtrail.csv:7330,,,,,,,,,,-1,-1,0
synthetic_cloudtrail.csv:7331,,,,,,,,,,-1,-1,0
synthetic_cloudtrail.csv:7332,,,,,,,,,,-1,-1,0
synthetic_cloudtrail.csv:7333,,,,,,,,,,-1,-1,0
synthetic_cloudtrail.csv:7334,,,,,,,,,,-1,-1,0
synthetic_cloudtrail.csv:7335,,,,,,,,,,-1,-1,0
synthetic_cloudtrail.csv:7336,camp-gtocassvhqgt,ec2_credential_extraction,reconnaissance,ec2_credential_extraction,,,,,,-1,-1,0
synthetic_cloudtrail.csv:7337,camp-gtocassvhqgt,ec2_credential_extraction,reconnaissance,ec2_credential_extraction,,,,,,-1,-1,0
synthetic_cloudtrail.csv:7338,camp-gtocassvhqgt,ec2_credential_extraction,reconnaissance,ec2_credential_extraction,,,,,,-1,-1,0
synthetic_cloudtrail.csv:7339,camp-gtocassvhqgt,ec2_credential_extraction,reconnaissance,ec2_credential_extraction,,,,,,-1,-1,0
synthetic_cloudtrail.csv:7340,camp-gtocassvhqgt,ec2_credential_extraction,reconnaissance,ec2_credential_extraction,,,,,,-1,-1,0
synthetic_cloudtrail.csv:7341,camp-gtocassvhqgt,ec2_credential_extraction,credential-access,ec2_credential_extraction,evt-nylwpcvxzanx,evt-alasztoazxah,evt-alasztoazxah,,,1,0,1
synthetic_cloudtrail.csv:7342,camp-gtocassvhqgt,ec2_credential_extraction,credential-access,ec2_credential_extraction,evt-alasztoazxah,,evt-alasztoazxah,,,0,0,1
synthetic_cloudtrail.csv:7343,camp-gtocassvhqgt,ec2_credential_extraction,,ec2_credential_extraction,,,,,,-1,-1,0
synthetic_cloudtrail.csv:7344,camp-gtocassvhqgt,ec2_credential_extraction,,ec2_credential_extraction,,,,,,-1,-1,0
synthetic_cloudtrail.csv:7345,,,,,,,,,,-1,-1,0
synthetic_cloudtrail.csv:7346,,,,,,,,,,-1,-1,0
synthetic_cloudtrail.csv:7347,,,,,,,,,,-1,-1,0
synthetic_cloudtrail.csv:7348,,,,,,,,,,-1,-1,0
synthetic_cloudtrail.csv:7349,,,,,,,,,,-1,-1,0
synthetic_cloudtrail.csv:7350,,,,,,,,,,-1,-1,0
synthetic_cloudtrail.csv:7351,,,,,,,,,,-1,-1,0
synthetic_cloudtrail.csv:7352,,,,,,,,,,-1,-1,0
synthetic_cloudtrail.csv:7353,,,,,,,,,,-1,-1,0
synthetic_cloudtrail.csv:7354,,,,,,,,,,-1,-1,0
synthetic_cloudtrail.csv:7355,,,,,,,,,,-1,-1,0
synthetic_cloudtrail.csv:7356,,,,,,,,,,-1,-1,0
synthetic_cloudtrail.csv:7357,camp-rdmlermpnpum,create_role_attach_managed_policy,reconnaissance,create_role_attach_managed_policy,,,,,,-1,-1,0
synthetic_cloudtrail.csv:7358,camp-rdmlermpnpum,create_role_attach_managed_policy,reconnaissance,create_role_attach_managed_policy,,,,,,-1,-1,0
synthetic_cloudtrail.csv:7359,camp-rdmlermpnpum,create_role_attach_managed_policy,reconnaissance,create_role_attach_managed_policy,,,,,,-1,-1,0
synthetic_cloudtrail.csv:7360,camp-rdmlermpnpum,create_role_attach_managed_policy,reconnaissance,create_role_attach_managed_policy,,,,,,-1,-1,0
synthetic_cloudtrail.csv:7361,camp-rdmlermpnpum,create_role_attach_managed_policy,reconnaissance,create_role_attach_managed_policy,,,,,,-1,-1,0
synthetic_cloudtrail.csv:7362,camp-rdmlermpnpum,create_role_attach_managed_policy,reconnaissance,create_role_attach_managed_policy,,,,,,-1,-1,0
synthetic_cloudtrail.csv:7363,camp-rdmlermpnpum,create_role_attach_managed_policy,persistence,create_role_attach_managed_policy,evt-dqpgybgyvcoa,,evt-dqpgybgyvcoa,,,0,0,1
synthetic_cloudtrail.csv:7364,camp-rdmlermpnpum,create_role_attach_managed_policy,privilege-escalation,create_role_attach_managed_policy,evt-pfmjzvwgyvlk,evt-dqpgybgyvcoa,evt-dqpgybgyvcoa,s3:GetObject;s3:ListBucket,*,1,0,1
synthetic_cloudtrail.csv:7365,camp-rdmlermpnpum,create_role_attach_managed_policy,,create_role_attach_managed_policy,,,,,,-1,-1,0
synthetic_cloudtrail.csv:7366,camp-rdmlermpnpum,create_role_attach_managed_policy,,create_role_attach_managed_policy,,,,,,-1,-1,0
synthetic_cloudtrail.csv:7367,camp-rdmlermpnpum,create_role_attach_managed_policy,,create_role_attach_managed_policy,,,,,,-1,-1,0
synthetic_cloudtrail.csv:7368,camp-rdmlermpnpum,create_role_attach_managed_policy,,create_role_attach_managed_policy,,,,,,-1,-1,0
synthetic_cloudtrail.csv:7369,,,,,,,,,,-1,-1,0
synthetic_cloudtrail.csv:7370,,,,,,,,,,-1,-1,0
synthetic_cloudtrail.csv:7371,,,,,,,,,,-1,-1,0
synthetic_cloudtrail.csv:7372,,,,,,,,,,-1,-1,0
synthetic_cloudtrail.csv:7373,,,,,,,,,,-1,-1,0
synthetic_cloudtrail.csv:7374,,,,,,,,,,-1,-1,0
synthetic_cloudtrail.csv:7375,,,,,,,,,,-1,-1,0
synthetic_cloudtrail.csv:7376,,,,,,,,,,-1,-1,0
synthetic_cloudtrail.csv:7377,,,,,,,,,,-1,-1,0
synthetic_cloudtrail.csv:7378,,,,,,,,,,-1,-1,0
synthetic_cloudtrail.csv:7379,,,,,,,,,,-1,-1,0
synthetic_cloudtrail.csv:7380,,,,,,,,,,-1,-1,0
synthetic_cloudtrail.csv:7381,camp-xflvoupvtawr,ec2_credential_extraction,reconnaissance,ec2_credential_extraction,,,,,,-1,-1,0
synthetic_cloudtrail.csv:7382,camp-xflvoupvtawr,ec2_credential_extraction,reconnaissance,ec2_credential_extraction,,,,,,-1,-1,0
synthetic_cloudtrail.csv:7383,camp-xflvoupvtawr,ec2_credential_extraction,reconnaissance,ec2_credential_extraction,,,,,,-1,-1,0
synthetic_cloudtrail.csv:7384,camp-xflvoupvtawr,ec2_credential_extraction,reconnaissance,ec2_credential_extraction,,,,,,-1,-1,0
synthetic_cloudtrail.csv:7385,camp-xflvoupvtawr,ec2_credential_extraction,reconnaissance,ec2_credential_extraction,,,,,,-1,-1,0
synthetic_cloudtrail.csv:7386,camp-xflvoupvtawr,ec2_credential_extraction,credential-access,ec2_credential_extraction,evt-hrnzxpsquwzw,,evt-hrnzxpsquwzw,,,0,0,1
synthetic_cloudtrail.csv:7387,camp-xflvoupvtawr,ec2_credential_extraction,reconnaissance,ec2_credential_extraction,,,,,,-1,-1,0
synthetic_cloudtrail.csv:7388,camp-xflvoupvtawr,ec2_credential_extraction,credential-access,ec2_credential_extraction,evt-rmusjzyuhmee,evt-hrnzxpsquwzw,evt-hrnzxpsquwzw,,,1,0,1
synthetic_cloudtrail.csv:7389,camp-xflvoupvtawr,ec2_credential_extraction,,ec2_credential_extraction,,,,,,-1,-1,0
synthetic_cloudtrail.csv:7390,camp-xflvoupvtawr,ec2_credential_extraction,,ec2_credential_extraction,,,,,,-1,-1,0
synthetic_cloudtrail.csv:7391,camp-xflvoupvtawr,ec2_credential_extraction,,ec2_credential_extraction,,,,,,-1,-1,0
synthetic_cloudtrail.csv:7392,camp-xflvoupvtawr,ec2_credential_extraction,,ec2_credential_extraction,,,,,,-1,-1,0
synthetic_cloudtrail.csv:7393,camp-xflvoupvtawr,ec2_credential_extraction,,ec2_credential_extraction,,,,,,-1,-1,0
synthetic_cloudtrail.csv:7394,camp-mbyiakctixzu,ssm_parameter_harvest,reconnaissance,ssm_parameter_harvest,,,,,,-1,-1,0
synthetic_cloudtrail.csv:7395,camp-mbyiakctixzu,ssm_parameter_harvest,reconnaissance,ssm_parameter_harvest,,,,,,-1,-1,0
synthetic_cloudtrail.csv:7396,camp-mbyiakctixzu,ssm_parameter_harvest,reconnaissance,ssm_parameter_harvest,,,,,,-1,-1,0
synthetic_cloudtrail.csv:7397,camp-mbyiakctixzu,ssm_parameter_harvest,credential-access,ssm_parameter_harvest,evt-dulwljtxxuvg,,evt-dulwljtxxuvg,,,0,0,1
synthetic_cloudtrail.csv:7398,camp-mbyiakctixzu,ssm_parameter_harvest,credential-access,ssm_parameter_harvest,evt-lbvueqofaajq,evt-dulwljtxxuvg,evt-dulwljtxxuvg,,,1,0,1
synthetic_cloudtrail.csv:7399,camp-mbyiakctixzu,ssm_parameter_harvest,credential-access,ssm_parameter_harvest,evt-gjmhfppjfkpf,evt-lbvueqofaajq,evt-dulwljtxxuvg,,,2,0,1
synthetic_cloudtrail.csv:7400,camp-mbyiakctixzu,ssm_parameter_harvest,,ssm_parameter_harvest,,,,,,-1,-1,0
synthetic_cloudtrail.csv:7401,camp-mbyiakctixzu,ssm_parameter_harvest,,ssm_parameter_harvest,,,,,,-1,-1,0
synthetic_cloudtrail.csv:7402,camp-mbyiakctixzu,ssm_parameter_harvest,,ssm_parameter_harvest,,,,,,-1,-1,0
synthetic_cloudtrail.csv:7403,camp-mbyiakctixzu,ssm_parameter_harvest,,ssm_parameter_harvest,,,,,,-1,-1,0
synthetic_cloudtrail.csv:7404,camp-mbyiakctixzu,ssm_parameter_harvest,,ssm_parameter_harvest,,,,,,-1,-1,0
synthetic_cloudtrail.csv:7405,,,,,,,,,,-1,-1,0
synthetic_cloudtrail.csv:7406,,,,,,,,,,-1,-1,0
synthetic_cloudtrail.csv:7407,,,,,,,,,,-1,-1,0
synthetic_cloudtrail.csv:7408,,,,,,,,,,-1,-1,0
synthetic_cloudtrail.csv:7409,,,,,,,,,,-1,-1,0
synthetic_cloudtrail.csv:7410,,,,,,,,,,-1,-1,0
synthetic_cloudtrail.csv:7411,,,,,,,,,,-1,-1,0
synthetic_cloudtrail.csv:7412,,,,,,,,,,-1,-1,0
synthetic_cloudtrail.csv:7413,,,,,,,,,,-1,-1,0
synthetic_cloudtrail.csv:7414,,,,,,,,,,-1,-1,0
synthetic_cloudtrail.csv:7415,,,,,,,,,,-1,-1,0
synthetic_cloudtrail.csv:7416,,,,,,,,,,-1,-1,0
synthetic_cloudtrail.csv:7417,,,,,,,,,,-1,-1,0
synthetic_cloudtrail.csv:7418,,,,,,,,,,-1,-1,0
synthetic_cloudtrail.csv:7419,,,,,,,,,,-1,-1,0
synthetic_cloudtrail.csv:7420,,,,,,,,,,-1,-1,0
synthetic_cloudtrail.csv:7421,,,,,,,,,,-1,-1,0
synthetic_cloudtrail.csv:7422,,,,,,,,,,-1,-1,0
synthetic_cloudtrail.csv:7423,,,,,,,,,,-1,-1,0
synthetic_cloudtrail.csv:7424,,,,,,,,,,-1,-1,0
synthetic_cloudtrail.csv:7425,,,,,,,,,,-1,-1,0
synthetic_cloudtrail.csv:7426,,,,,,,,,,-1,-1,0
synthetic_cloudtrail.csv:7427,,,,,,,,,,-1,-1,0
synthetic_cloudtrail.csv:7428,,,,,,,,,,-1,-1,0
synthetic_cloudtrail.csv:7429,,,,,,,,,,-1,-1,0
synthetic_cloudtrail.csv:7430,,,,,,,,,,-1,-1,0
synthetic_cloudtrail.csv:7431,,,,,,,,,,-1,-1,0
synthetic_cloudtrail.csv:7432,,,,,,,,,,-1,-1,0
synthetic_cloudtrail.csv:7433,,,,,,,,,,-1,-1,0
synthetic_cloudtrail.csv:7434,,,,,,,,,,-1,-1,0
synthetic_cloudtrail.csv:7435,camp-htgocqaqpsfc,create_role_inline_policy,reconnaissance,create_role_inline_policy,,,,,,-1,-1,0
synthetic_cloudtrail.csv:7436,camp-htgocqaqpsfc,create_role_inline_policy,reconnaissance,create_role_inline_policy,,,,,,-1,-1,0
synthetic_cloudtrail.csv:7437,camp-htgocqaqpsfc,create_role_inline_policy,reconnaissance,create_role_inline_policy,,,,,,-1,-1,0
synthetic_cloudtrail.csv:7438,camp-htgocqaqpsfc,create_role_inline_policy,reconnaissance,create_role_inline_policy,,,,,,-1,-1,0
synthetic_cloudtrail.csv:7439,camp-htgocqaqpsfc,create_role_inline_policy,reconnaissance,create_role_inline_policy,,,,,,-1,-1,0
synthetic_cloudtrail.csv:7440,camp-htgocqaqpsfc,create_role_inline_policy,reconnaissance,create_role_inline_policy,,,,,,-1,-1,0
synthetic_cloudtrail.csv:7441,camp-htgocqaqpsfc,create_role_inline_policy,reconnaissance,create_role_inline_policy,,,,,,-1,-1,0
synthetic_cloudtrail.csv:7442,camp-htgocqaqpsfc,create_role_inline_policy,reconnaissance,create_role_inline_policy,,,,,,-1,-1,0
synthetic_cloudtrail.csv:7443,camp-htgocqaqpsfc,create_role_inline_policy,persistence,create_role_inline_policy,evt-nweusyhqrcmg,,evt-nweusyhqrcmg,,,0,0,1
synthetic_cloudtrail.csv:7444,camp-htgocqaqpsfc,create_role_inline_policy,privilege-escalation,create_role_inline_policy,evt-ikwoyvjaxcox,evt-nweusyhqrcmg,evt-nweusyhqrcmg,s3:GetObject,iam:*;s3:*;sts:AssumeRole,1,0,1
synthetic_cloudtrail.csv:7445,camp-htgocqaqpsfc,create_role_inline_policy,,create_role_inline_policy,,,,,,-1,-1,0
synthetic_cloudtrail.csv:7446,camp-htgocqaqpsfc,create_role_inline_policy,,create_role_inline_policy,,,,,,-1,-1,0
synthetic_cloudtrail.csv:7447,camp-htgocqaqpsfc,create_role_inline_policy,,create_role_inline_policy,,,,,,-1,-1,0
synthetic_cloudtrail.csv:7448,,,,,,,,,,-1,-1,0
synthetic_cloudtrail.csv:7449,,,,,,,,,,-1,-1,0
synthetic_cloudtrail.csv:7450,,,,,,,,,,-1,-1,0
synthetic_cloudtrail.csv:7451,,,,,,,,,,-1,-1,0
synthetic_cloudtrail.csv:7452,,,,,,,,,,-1,-1,0
synthetic_cloudtrail.csv:7453,,,,,,,,,,-1,-1,0
synthetic_cloudtrail.csv:7454,,,,,,,,,,-1,-1,0
synthetic_cloudtrail.csv:7455,,,,,,,,,,-1,-1,0
synthetic_cloudtrail.csv:7456,,,,,,,,,,-1,-1,0
synthetic_cloudtrail.csv:7457,,,,,,,,,,-1,-1,0
synthetic_cloudtrail.csv:7458,,,,,,,,,,-1,-1,0
synthetic_cloudtrail.csv:7459,,,,,,,,,,-1,-1,0
synthetic_cloudtrail.csv:7460,,,,,,,,,,-1,-1,0
synthetic_cloudtrail.csv:7461,,,,,,,,,,-1,-1,0
synthetic_cloudtrail.csv:7462,,,,,,,,,,-1,-1,0
synthetic_cloudtrail.csv:7463,,,,,,,,,,-1,-1,0
synthetic_cloudtrail.csv:7464,,,,,,,,,,-1,-1,0
synthetic_cloudtrail.csv:7465,,,,,,,,,,-1,-1,0
synthetic_cloudtrail.csv:7466,,,,,,,,,,-1,-1,0
synthetic_cloudtrail.csv:7467,,,,,,,,,,-1,-1,0
synthetic_cloudtrail.csv:7468,,,,,,,,,,-1,-1,0
synthetic_cloudtrail.csv:7469,,,,,,,,,,-1,-1,0
synthetic_cloudtrail.csv:7470,,,,,,,,,,-1,-1,0
synthetic_cloudtrail.csv:7471,,,,,,,,,,-1,-1,0
synthetic_cloudtrail.csv:7472,,,,,,,,,,-1,-1,0
synthetic_cloudtrail.csv:7473,,,,,,,,,,-1,-1,0
synthetic_cloudtrail.csv:7474,,,,,,,,,,-1,-1,0
synthetic_cloudtrail.csv:7475,,,,,,,,,,-1,-1,0
synthetic_cloudtrail.csv:7476,,,,,,,,,,-1,-1,0
synthetic_cloudtrail.csv:7477,,,,,,,,,,-1,-1,0
synthetic_cloudtrail.csv:7478,,,,,,,,,,-1,-1,0
synthetic_cloudtrail.csv:7479,,,,,,,,,,-1,-1,0
synthetic_cloudtrail.csv:7480,,,,,,,,,,-1,-1,0
synthetic_cloudtrail.csv:7481,,,,,,,,,,-1,-1,0
synthetic_cloudtrail.csv:7482,,,,,,,,,,-1,-1,0
synthetic_cloudtrail.csv:7483,,,,,,,,,,-1,-1,0
synthetic_cloudtrail.csv:7484,,,,,,,,,,-1,-1,0
synthetic_cloudtrail.csv:7485,,,,,,,,,,-1,-1,0
synthetic_cloudtrail.csv:7486,,,,,,,,,,-1,-1,0
synthetic_cloudtrail.csv:7487,,,,,,,,,,-1,-1,0
synthetic_cloudtrail.csv:7488,,,,,,,,,,-1,-1,0
synthetic_cloudtrail.csv:7489,,,,,,,,,,-1,-1,0
synthetic_cloudtrail.csv:7490,,,,,,,,,,-1,-1,0
synthetic_cloudtrail.csv:7491,,,,,,,,,,-1,-1,0
synthetic_cloudtrail.csv:7492,,,,,,,,,,-1,-1,0
synthetic_cloudtrail.csv:7493,,,,,,,,,,-1,-1,0
synthetic_cloudtrail.csv:7494,,,,,,,,,,-1,-1,0
synthetic_cloudtrail.csv:7495,,,,,,,,,,-1,-1,0
synthetic_cloudtrail.csv:7496,,,,,,,,,,-1,-1,0
synthetic_cloudtrail.csv:7497,,,,,,,,,,-1,-1,0
synthetic_cloudtrail.csv:7498,,,,,,,,,,-1,-1,0
synthetic_cloudtrail.csv:7499,,,,,,,,,,-1,-1,0
synthetic_cloudtrail.csv:7500,,,,,,,,,,-1,-1,0
synthetic_cloudtrail.csv:7501,,,,,,,,,,-1,-1,0
synthetic_cloudtrail.csv:7502,,,,,,,,,,-1,-1,0
synthetic_cloudtrail.csv:7503,,,,,,,,,,-1,-1,0
synthetic_cloudtrail.csv:7504,,,,,,,,,,-1,-1,0
synthetic_cloudtrail.csv:7505,,,,,,,,,,-1,-1,0
synthetic_cloudtrail.csv:7506,,,,,,,,,,-1,-1,0
synthetic_cloudtrail.csv:7507,,,,,,,,,,-1,-1,0
synthetic_cloudtrail.csv:7508,,,,,,,,,,-1,-1,0
synthetic_cloudtrail.csv:7509,,,,,,,,,,-1,-1,0
synthetic_cloudtrail.csv:7510,,,,,,,,,,-1,-1,0
synthetic_cloudtrail.csv:7511,,,,,,,,,,-1,-1,0
synthetic_cloudtrail.csv:7512,,,,,,,,,,-1,-1,0
synthetic_cloudtrail.csv:7513,,,,,,,,,,-1,-1,0
synthetic_cloudtrail.csv:7514,,,,,,,,,,-1,-1,0
synthetic_cloudtrail.csv:7515,,,,,,,,,,-1,-1,0
synthetic_cloudtrail.csv:7516,,,,,,,,,,-1,-1,0
synthetic_cloudtrail.csv:7517,,,,,,,,,,-1,-1,0
synthetic_cloudtrail.csv:7518,,,,,,,,,,-1,-1,0
synthetic_cloudtrail.csv:7519,,,,,,,,,,-1,-1,0
synthetic_cloudtrail.csv:7520,,,,,,,,,,-1,-1,0
synthetic_cloudtrail.csv:7521,,,,,,,,,,-1,-1,0
synthetic_cloudtrail.csv:7522,,,,,,,,,,-1,-1,0
synthetic_cloudtrail.csv:7523,,,,,,,,,,-1,-1,0
synthetic_cloudtrail.csv:7524,,,,,,,,,,-1,-1,0
synthetic_cloudtrail.csv:7525,,,,,,,,,,-1,-1,0
synthetic_cloudtrail.csv:7526,,,,,,,,,,-1,-1,0
synthetic_cloudtrail.csv:7527,,,,,,,,,,-1,-1,0
synthetic_cloudtrail.csv:7528,,,,,,,,,,-1,-1,0
synthetic_cloudtrail.csv:7529,,,,,,,,,,-1,-1,0
synthetic_cloudtrail.csv:7530,,,,,,,,,,-1,-1,0
synthetic_cloudtrail.csv:7531,camp-kliwpwfutbhv,create_role_attach_managed_policy,reconnaissance,create_role_attach_managed_policy,,,,,,-1,-1,0
synthetic_cloudtrail.csv:7532,camp-kliwpwfutbhv,create_role_attach_managed_policy,reconnaissance,create_role_attach_managed_policy,,,,,,-1,-1,0
synthetic_cloudtrail.csv:7533,camp-kliwpwfutbhv,create_role_attach_managed_policy,reconnaissance,create_role_attach_managed_policy,,,,,,-1,-1,0
synthetic_cloudtrail.csv:7534,camp-kliwpwfutbhv,create_role_attach_managed_policy,reconnaissance,create_role_attach_managed_policy,,,,,,-1,-1,0
synthetic_cloudtrail.csv:7535,camp-kliwpwfutbhv,create_role_attach_managed_policy,reconnaissance,create_role_attach_managed_policy,,,,,,-1,-1,0
synthetic_cloudtrail.csv:7536,camp-kliwpwfutbhv,create_role_attach_managed_policy,reconnaissance,create_role_attach_managed_policy,,,,,,-1,-1,0
synthetic_cloudtrail.csv:7537,camp-kliwpwfutbhv,create_role_attach_managed_policy,reconnaissance,create_role_attach_managed_policy,,,,,,-1,-1,0
synthetic_cloudtrail.csv:7538,camp-kliwpwfutbhv,create_role_attach_managed_policy,persistence,create_role_attach_managed_policy,evt-zwywzlonpbuw,,evt-zwywzlonpbuw,,,0,0,1
synthetic_cloudtrail.csv:7539,camp-kliwpwfutbhv,create_role_attach_managed_policy,privilege-escalation,create_role_attach_managed_policy,evt-idlfhfhnpedu,evt-zwywzlonpbuw,evt-zwywzlonpbuw,s3:GetObject;s3:ListBucket,*,1,0,1
synthetic_cloudtrail.csv:7540,camp-kliwpwfutbhv,create_role_attach_managed_policy,,create_role_attach_managed_policy,,,,,,-1,-1,0
synthetic_cloudtrail.csv:7541,camp-kliwpwfutbhv,create_role_attach_managed_policy,,create_role_attach_managed_policy,,,,,,-1,-1,0
synthetic_cloudtrail.csv:7542,,,,,,,,,,-1,-1,0
synthetic_cloudtrail.csv:7543,,,,,,,,,,-1,-1,0
synthetic_cloudtrail.csv:7544,,,,,,,,,,-1,-1,0
synthetic_cloudtrail.csv:7545,,,,,,,,,,-1,-1,0
synthetic_cloudtrail.csv:7546,,,,,,,,,,-1,-1,0
synthetic_cloudtrail.csv:7547,,,,,,,,,,-1,-1,0
synthetic_cloudtrail.csv:7548,,,,,,,,,,-1,-1,0
synthetic_cloudtrail.csv:7549,,,,,,,,,,-1,-1,0
synthetic_cloudtrail.csv:7550,,,,,,,,,,-1,-1,0
synthetic_cloudtrail.csv:7551,,,,,,,,,,-1,-1,0
synthetic_cloudtrail.csv:7552,,,,,,,,,,-1,-1,0
synthetic_cloudtrail.csv:7553,,,,,,,,,,-1,-1,0
synthetic_cloudtrail.csv:7554,,,,,,,,,,-1,-1,0
synthetic_cloudtrail.csv:7555,,,,,,,,,,-1,-1,0
synthetic_cloudtrail.csv:7556,,,,,,,,,,-1,-1,0
synthetic_cloudtrail.csv:7557,,,,,,,,,,-1,-1,0
synthetic_cloudtrail.csv:7558,,,,,,,,,,-1,-1,0
synthetic_cloudtrail.csv:7559,,,,,,,,,,-1,-1,0
synthetic_cloudtrail.csv:7560,,,,,,,,,,-1,-1,0
synthetic_cloudtrail.csv:7561,,,,,,,,,,-1,-1,0
synthetic_cloudtrail.csv:7562,,,,,,,,,,-1,-1,0
synthetic_cloudtrail.csv:7563,,,,,,,,,,-1,-1,0
synthetic_cloudtrail.csv:7564,,,,,,,,,,-1,-1,0
synthetic_cloudtrail.csv:7565,,,,,,,,,,-1,-1,0
synthetic_cloudtrail.csv:7566,,,,,,,,,,-1,-1,0
synthetic_cloudtrail.csv:7567,,,,,,,,,,-1,-1,0
synthetic_cloudtrail.csv:7568,,,,,,,,,,-1,-1,0
synthetic_cloudtrail.csv:7569,,,,,,,,,,-1,-1,0
synthetic_cloudtrail.csv:7570,,,,,,,,,,-1,-1,0
synthetic_cloudtrail.csv:7571,,,,,,,,,,-1,-1,0
synthetic_cloudtrail.csv:7572,,,,,,,,,,-1,-1,0
synthetic_cloudtrail.csv:7573,,,,,,,,,,-1,-1,0
synthetic_cloudtrail.csv:7574,,,,,,,,,,-1,-1,0
synthetic_cloudtrail.csv:7575,,,,,,,,,,-1,-1,0
synthetic_cloudtrail.csv:7576,,,,,,,,,,-1,-1,0
synthetic_cloudtrail.csv:7577,,,,,,,,,,-1,-1,0
synthetic_cloudtrail.csv:7578,,,,,,,,,,-1,-1,0
synthetic_cloudtrail.csv:7579,,,,,,,,,,-1,-1,0
synthetic_cloudtrail.csv:7580,,,,,,,,,,-1,-1,0
synthetic_cloudtrail.csv:7581,,,,,,,,,,-1,-1,0
synthetic_cloudtrail.csv:7582,,,,,,,,,,-1,-1,0
synthetic_cloudtrail.csv:7583,,,,,,,,,,-1,-1,0
synthetic_cloudtrail.csv:7584,,,,,,,,,,-1,-1,0
synthetic_cloudtrail.csv:7585,,,,,,,,,,-1,-1,0
synthetic_cloudtrail.csv:7586,,,,,,,,,,-1,-1,0
synthetic_cloudtrail.csv:7587,,,,,,,,,,-1,-1,0
synthetic_cloudtrail.csv:7588,,,,,,,,,,-1,-1,0
synthetic_cloudtrail.csv:7589,,,,,,,,,,-1,-1,0
synthetic_cloudtrail.csv:7590,camp-snnlgyfsddmp,create_policy_version,reconnaissance,create_policy_version,,,,,,-1,-1,0
synthetic_cloudtrail.csv:7591,camp-snnlgyfsddmp,create_policy_version,reconnaissance,create_policy_version,,,,,,-1,-1,0
synthetic_cloudtrail.csv:7592,camp-snnlgyfsddmp,create_policy_version,reconnaissance,create_policy_version,,,,,,-1,-1,0
synthetic_cloudtrail.csv:7593,camp-snnlgyfsddmp,create_policy_version,reconnaissance,create_policy_version,,,,,,-1,-1,0
synthetic_cloudtrail.csv:7594,camp-snnlgyfsddmp,create_policy_version,reconnaissance,create_policy_version,,,,,,-1,-1,0
synthetic_cloudtrail.csv:7595,camp-snnlgyfsddmp,create_policy_version,reconnaissance,create_policy_version,,,,,,-1,-1,0
synthetic_cloudtrail.csv:7596,camp-snnlgyfsddmp,create_policy_version,reconnaissance,create_policy_version,,,,,,-1,-1,0
synthetic_cloudtrail.csv:7597,camp-snnlgyfsddmp,create_policy_version,reconnaissance,create_policy_version,,,,,,-1,-1,0
synthetic_cloudtrail.csv:7598,camp-snnlgyfsddmp,create_policy_version,privilege-escalation,create_policy_version,evt-vyqlgdgqobrm,,evt-vyqlgdgqobrm,s3:GetObject,iam:*;s3:*,0,0,1
synthetic_cloudtrail.csv:7599,camp-snnlgyfsddmp,create_policy_version,privilege-escalation,create_policy_version,evt-eqwbgakrxykl,evt-vyqlgdgqobrm,evt-vyqlgdgqobrm,,,1,0,1
synthetic_cloudtrail.csv:7600,camp-snnlgyfsddmp,create_policy_version,,create_policy_version,,,,,,-1,-1,0
synthetic_cloudtrail.csv:7601,camp-snnlgyfsddmp,create_policy_version,,create_policy_version,,,,,,-1,-1,0
synthetic_cloudtrail.csv:7602,camp-snnlgyfsddmp,create_policy_version,,create_policy_version,,,,,,-1,-1,0
synthetic_cloudtrail.csv:7603,camp-snnlgyfsddmp,create_policy_version,,create_policy_version,,,,,,-1,-1,0
synthetic_cloudtrail.csv:7604,camp-snnlgyfsddmp,create_policy_version,,create_policy_version,,,,,,-1,-1,0
synthetic_cloudtrail.csv:7605,,,,,,,,,,-1,-1,0
synthetic_cloudtrail.csv:7606,,,,,,,,,,-1,-1,0
synthetic_cloudtrail.csv:7607,,,,,,,,,,-1,-1,0
synthetic_cloudtrail.csv:7608,,,,,,,,,,-1,-1,0
synthetic_cloudtrail.csv:7609,,,,,,,,,,-1,-1,0
synthetic_cloudtrail.csv:7610,,,,,,,,,,-1,-1,0
synthetic_cloudtrail.csv:7611,,,,,,,,,,-1,-1,0
synthetic_cloudtrail.csv:7612,,,,,,,,,,-1,-1,0
synthetic_cloudtrail.csv:7613,,,,,,,,,,-1,-1,0
synthetic_cloudtrail.csv:7614,,,,,,,,,,-1,-1,0
synthetic_cloudtrail.csv:7615,,,,,,,,,,-1,-1,0
synthetic_cloudtrail.csv:7616,,,,,,,,,,-1,-1,0
synthetic_cloudtrail.csv:7617,,,,,,,,,,-1,-1,0
synthetic_cloudtrail.csv:7618,,,,,,,,,,-1,-1,0
synthetic_cloudtrail.csv:7619,,,,,,,,,,-1,-1,0
synthetic_cloudtrail.csv:7620,,,,,,,,,,-1,-1,0
synthetic_cloudtrail.csv:7621,,,,,,,,,,-1,-1,0
synthetic_cloudtrail.csv:7622,,,,,,,,,,-1,-1,0
synthetic_cloudtrail.csv:7623,,,,,,,,,,-1,-1,0
synthetic_cloudtrail.csv:7624,camp-oigpvovrqtzw,secrets_manager_sweep,reconnaissance,secrets_manager_sweep,,,,,,-1,-1,0
synthetic_cloudtrail.csv:7625,camp-oigpvovrqtzw,secrets_manager_sweep,reconnaissance,secrets_manager_sweep,,,,,,-1,-1,0
synthetic_cloudtrail.csv:7626,camp-oigpvovrqtzw,secrets_manager_sweep,reconnaissance,secrets_manager_sweep,,,,,,-1,-1,0
synthetic_cloudtrail.csv:7627,camp-oigpvovrqtzw,secrets_manager_sweep,reconnaissance,secrets_manager_sweep,,,,,,-1,-1,0
synthetic_cloudtrail.csv:7628,camp-oigpvovrqtzw,secrets_manager_sweep,reconnaissance,secrets_manager_sweep,,,,,,-1,-1,0
synthetic_cloudtrail.csv:7629,camp-oigpvovrqtzw,secrets_manager_sweep,credential-access,secrets_manager_sweep,evt-xpuasejhieck,evt-lrxltgdwruvx,evt-lrxltgdwruvx,,,1,0,1
synthetic_cloudtrail.csv:7630,camp-oigpvovrqtzw,secrets_manager_sweep,credential-access,secrets_manager_sweep,evt-icvtybqphclo,evt-xpuasejhieck,evt-lrxltgdwruvx,,,2,0,1
synthetic_cloudtrail.csv:7631,camp-oigpvovrqtzw,secrets_manager_sweep,reconnaissance,secrets_manager_sweep,,,,,,-1,-1,0
synthetic_cloudtrail.csv:7632,camp-oigpvovrqtzw,secrets_manager_sweep,credential-access,secrets_manager_sweep,evt-lrxltgdwruvx,,evt-lrxltgdwruvx,,,0,0,1
synthetic_cloudtrail.csv:7633,camp-oigpvovrqtzw,secrets_manager_sweep,,secrets_manager_sweep,,,,,,-1,-1,0
synthetic_cloudtrail.csv:7634,camp-oigpvovrqtzw,secrets_manager_sweep,,secrets_manager_sweep,,,,,,-1,-1,0
synthetic_cloudtrail.csv:7635,camp-oigpvovrqtzw,secrets_manager_sweep,,secrets_manager_sweep,,,,,,-1,-1,0
synthetic_cloudtrail.csv:7636,,,,,,,,,,-1,-1,0
synthetic_cloudtrail.csv:7637,,,,,,,,,,-1,-1,0
synthetic_cloudtrail.csv:7638,,,,,,,,,,-1,-1,0
synthetic_cloudtrail.csv:7639,,,,,,,,,,-1,-1,0
synthetic_cloudtrail.csv:7640,,,,,,,,,,-1,-1,0
synthetic_cloudtrail.csv:7641,,,,,,,,,,-1,-1,0
synthetic_cloudtrail.csv:7642,,,,,,,,,,-1,-1,0
synthetic_cloudtrail.csv:7643,,,,,,,,,,-1,-1,0
synthetic_cloudtrail.csv:7644,,,,,,,,,,-1,-1,0
synthetic_cloudtrail.csv:7645,,,,,,,,,,-1,-1,0
synthetic_cloudtrail.csv:7646,,,,,,,,,,-1,-1,0
synthetic_cloudtrail.csv:7647,,,,,,,,,,-1,-1,0
synthetic_cloudtrail.csv:7648,,,,,,,,,,-1,-1,0
synthetic_cloudtrail.csv:7649,,,,,,,,,,-1,-1,0
synthetic_cloudtrail.csv:7650,,,,,,,,,,-1,-1,0
synthetic_cloudtrail.csv:7651,,,,,,,,,,-1,-1,0
synthetic_cloudtrail.csv:7652,,,,,,,,,,-1,-1,0
synthetic_cloudtrail.csv:7653,camp-bzpxfqzduxdj,assume_admin_then_backdoor_role,reconnaissance,assume_admin_then_backdoor_role,,,,,,-1,-1,0
synthetic_cloudtrail.csv:7654,camp-bzpxfqzduxdj,assume_admin_then_backdoor_role,reconnaissance,assume_admin_then_backdoor_role,,,,,,-1,-1,0
synthetic_cloudtrail.csv:7655,camp-bzpxfqzduxdj,assume_admin_then_backdoor_role,reconnaissance,assume_admin_then_backdoor_role,,,,,,-1,-1,0
synthetic_cloudtrail.csv:7656,,,,,,,,,,-1,-1,0
synthetic_cloudtrail.csv:7657,camp-bzpxfqzduxdj,assume_admin_then_backdoor_role,reconnaissance,assume_admin_then_backdoor_role,,,,,,-1,-1,0
synthetic_cloudtrail.csv:7658,camp-bzpxfqzduxdj,assume_admin_then_backdoor_role,reconnaissance,assume_admin_then_backdoor_role,,,,,,-1,-1,0
synthetic_cloudtrail.csv:7659,camp-bzpxfqzduxdj,assume_admin_then_backdoor_role,reconnaissance,assume_admin_then_backdoor_role,,,,,,-1,-1,0
synthetic_cloudtrail.csv:7660,,,,,,,,,,-1,-1,0
synthetic_cloudtrail.csv:7661,camp-bzpxfqzduxdj,assume_admin_then_backdoor_role,privilege-escalation,assume_admin_then_backdoor_role,evt-bomxnxyckfcu,,evt-bomxnxyckfcu,,,0,0,1
synthetic_cloudtrail.csv:7662,camp-bzpxfqzduxdj,assume_admin_then_backdoor_role,persistence,assume_admin_then_backdoor_role,evt-gfjxzehxbirg,evt-bomxnxyckfcu,evt-bomxnxyckfcu,,,1,1,1
synthetic_cloudtrail.csv:7663,camp-bzpxfqzduxdj,assume_admin_then_backdoor_role,privilege-escalation,assume_admin_then_backdoor_role,evt-aflvpdvprbwc,evt-gfjxzehxbirg,evt-bomxnxyckfcu,s3:GetObject;s3:ListBucket,*,2,1,1
synthetic_cloudtrail.csv:7664,,,,,,,,,,-1,-1,0
synthetic_cloudtrail.csv:7665,camp-bzpxfqzduxdj,assume_admin_then_backdoor_role,privilege-escalation,assume_admin_then_backdoor_role,evt-ndurnnjlvvxb,evt-aflvpdvprbwc,evt-bomxnxyckfcu,,,3,1,1
synthetic_cloudtrail.csv:7666,camp-bzpxfqzduxdj,assume_admin_then_backdoor_role,credential-access,assume_admin_then_backdoor_role,evt-sjhibjirebfd,evt-ndurnnjlvvxb,evt-bomxnxyckfcu,,,4,2,1
synthetic_cloudtrail.csv:7667,,,,,,,,,,-1,-1,0
synthetic_cloudtrail.csv:7668,camp-bzpxfqzduxdj,assume_admin_then_backdoor_role,,assume_admin_then_backdoor_role,,,,,,-1,-1,0
synthetic_cloudtrail.csv:7669,,,,,,,,,,-1,-1,0
synthetic_cloudtrail.csv:7670,camp-bzpxfqzduxdj,assume_admin_then_backdoor_role,,assume_admin_then_backdoor_role,,,,,,-1,-1,0
synthetic_cloudtrail.csv:7671,,,,,,,,,,-1,-1,0
synthetic_cloudtrail.csv:7672,,,,,,,,,,-1,-1,0
synthetic_cloudtrail.csv:7673,,,,,,,,,,-1,-1,0
synthetic_cloudtrail.csv:7674,camp-bzpxfqzduxdj,assume_admin_then_backdoor_role,,assume_admin_then_backdoor_role,,,,,,-1,-1,0
synthetic_cloudtrail.csv:7675,,,,,,,,,,-1,-1,0
synthetic_cloudtrail.csv:7676,camp-bzpxfqzduxdj,assume_admin_then_backdoor_role,,assume_admin_then_backdoor_role,,,,,,-1,-1,0
synthetic_cloudtrail.csv:7677,,,,,,,,,,-1,-1,0
synthetic_cloudtrail.csv:7678,,,,,,,,,,-1,-1,0
synthetic_cloudtrail.csv:7679,,,,,,,,,,-1,-1,0
synthetic_cloudtrail.csv:7680,,,,,,,,,,-1,-1,0
synthetic_cloudtrail.csv:7681,camp-jjcybnfafhkt,secrets_manager_sweep,reconnaissance,secrets_manager_sweep,,,,,,-1,-1,0
synthetic_cloudtrail.csv:7682,camp-jjcybnfafhkt,secrets_manager_sweep,reconnaissance,secrets_manager_sweep,,,,,,-1,-1,0
synthetic_cloudtrail.csv:7683,camp-jjcybnfafhkt,secrets_manager_sweep,reconnaissance,secrets_manager_sweep,,,,,,-1,-1,0
synthetic_cloudtrail.csv:7684,camp-jjcybnfafhkt,secrets_manager_sweep,reconnaissance,secrets_manager_sweep,,,,,,-1,-1,0
synthetic_cloudtrail.csv:7685,camp-jjcybnfafhkt,secrets_manager_sweep,reconnaissance,secrets_manager_sweep,,,,,,-1,-1,0
synthetic_cloudtrail.csv:7686,camp-jjcybnfafhkt,secrets_manager_sweep,reconnaissance,secrets_manager_sweep,,,,,,-1,-1,0
synthetic_cloudtrail.csv:7687,,,,,,,,,,-1,-1,0
synthetic_cloudtrail.csv:7688,camp-jjcybnfafhkt,secrets_manager_sweep,reconnaissance,secrets_manager_sweep,,,,,,-1,-1,0
synthetic_cloudtrail.csv:7689,camp-jjcybnfafhkt,secrets_manager_sweep,credential-access,secrets_manager_sweep,evt-djvuzsxctqbw,evt-mdkjohbzoaqd,evt-mdkjohbzoaqd,,,1,0,1
synthetic_cloudtrail.csv:7690,camp-jjcybnfafhkt,secrets_manager_sweep,credential-access,secrets_manager_sweep,evt-mdkjohbzoaqd,,evt-mdkjohbzoaqd,,,0,0,1
synthetic_cloudtrail.csv:7691,camp-jjcybnfafhkt,secrets_manager_sweep,credential-access,secrets_manager_sweep,evt-zgybzlkeoajs,evt-djvuzsxctqbw,evt-mdkjohbzoaqd,,,2,0,1
synthetic_cloudtrail.csv:7692,,,,,,,,,,-1,-1,0
synthetic_cloudtrail.csv:7693,,,,,,,,,,-1,-1,0
synthetic_cloudtrail.csv:7694,camp-jjcybnfafhkt,secrets_manager_sweep,,secrets_manager_sweep,,,,,,-1,-1,0
synthetic_cloudtrail.csv:7695,,,,,,,,,,-1,-1,0
synthetic_cloudtrail.csv:7696,camp-jjcybnfafhkt,secrets_manager_sweep,,secrets_manager_sweep,,,,,,-1,-1,0
synthetic_cloudtrail.csv:7697,,,,,,,,,,-1,-1,0
synthetic_cloudtrail.csv:7698,,,,,,,,,,-1,-1,0
synthetic_cloudtrail.csv:7699,camp-jjcybnfafhkt,secrets_manager_sweep,,secrets_manager_sweep,,,,,,-1,-1,0
synthetic_cloudtrail.csv:7700,,,,,,,,,,-1,-1,0
synthetic_cloudtrail.csv:7701,camp-jjcybnfafhkt,secrets_manager_sweep,,secrets_manager_sweep,,,,,,-1,-1,0
synthetic_cloudtrail.csv:7702,camp-jjcybnfafhkt,secrets_manager_sweep,,secrets_manager_sweep,,,,,,-1,-1,0
synthetic_cloudtrail.csv:7703,,,,,,,,,,-1,-1,0
synthetic_cloudtrail.csv:7704,,,,,,,,,,-1,-1,0
synthetic_cloudtrail.csv:7705,,,,,,,,,,-1,-1,0
synthetic_cloudtrail.csv:7706,,,,,,,,,,-1,-1,0
synthetic_cloudtrail.csv:7707,,,,,,,,,,-1,-1,0
synthetic_cloudtrail.csv:7708,,,,,,,,,,-1,-1,0
synthetic_cloudtrail.csv:7709,,,,,,,,,,-1,-1,0
synthetic_cloudtrail.csv:7710,,,,,,,,,,-1,-1,0
synthetic_cloudtrail.csv:7711,,,,,,,,,,-1,-1,0
synthetic_cloudtrail.csv:7712,,,,,,,,,,-1,-1,0
synthetic_cloudtrail.csv:7713,camp-wazkqmbqxpbd,secrets_manager_sweep,reconnaissance,secrets_manager_sweep,,,,,,-1,-1,0
synthetic_cloudtrail.csv:7714,camp-wazkqmbqxpbd,secrets_manager_sweep,reconnaissance,secrets_manager_sweep,,,,,,-1,-1,0
synthetic_cloudtrail.csv:7715,,,,,,,,,,-1,-1,0
synthetic_cloudtrail.csv:7716,camp-wazkqmbqxpbd,secrets_manager_sweep,reconnaissance,secrets_manager_sweep,,,,,,-1,-1,0
synthetic_cloudtrail.csv:7717,camp-wazkqmbqxpbd,secrets_manager_sweep,reconnaissance,secrets_manager_sweep,,,,,,-1,-1,0
synthetic_cloudtrail.csv:7718,camp-wazkqmbqxpbd,secrets_manager_sweep,reconnaissance,secrets_manager_sweep,,,,,,-1,-1,0
synthetic_cloudtrail.csv:7719,camp-wazkqmbqxpbd,secrets_manager_sweep,credential-access,secrets_manager_sweep,evt-lfwedzhvhvzz,evt-nggldtmpiywa,evt-eltwvhqyykue,,,2,0,1
synthetic_cloudtrail.csv:7720,camp-wazkqmbqxpbd,secrets_manager_sweep,credential-access,secrets_manager_sweep,evt-nggldtmpiywa,evt-eltwvhqyykue,evt-eltwvhqyykue,,,1,0,1
synthetic_cloudtrail.csv:7721,camp-wazkqmbqxpbd,secrets_manager_sweep,credential-access,secrets_manager_sweep,evt-eltwvhqyykue,,evt-eltwvhqyykue,,,0,0,1
synthetic_cloudtrail.csv:7722,camp-wazkqmbqxpbd,secrets_manager_sweep,reconnaissance,secrets_manager_sweep,,,,,,-1,-1,0
synthetic_cloudtrail.csv:7723,camp-wazkqmbqxpbd,secrets_manager_sweep,,secrets_manager_sweep,,,,,,-1,-1,0
synthetic_cloudtrail.csv:7724,,,,,,,,,,-1,-1,0
synthetic_cloudtrail.csv:7725,camp-wazkqmbqxpbd,secrets_manager_sweep,,secrets_manager_sweep,,,,,,-1,-1,0
synthetic_cloudtrail.csv:7726,camp-wazkqmbqxpbd,secrets_manager_sweep,,secrets_manager_sweep,,,,,,-1,-1,0
synthetic_cloudtrail.csv:7727,camp-wazkqmbqxpbd,secrets_manager_sweep,,secrets_manager_sweep,,,,,,-1,-1,0
synthetic_cloudtrail.csv:7728,,,,,,,,,,-1,-1,0
synthetic_cloudtrail.csv:7729,camp-wazkqmbqxpbd,secrets_manager_sweep,,secrets_manager_sweep,,,,,,-1,-1,0
synthetic_cloudtrail.csv:7730,,,,,,,,,,-1,-1,0
synthetic_cloudtrail.csv:7731,,,,,,,,,,-1,-1,0
synthetic_cloudtrail.csv:7732,,,,,,,,,,-1,-1,0
synthetic_cloudtrail.csv:7733,,,,,,,,,,-1,-1,0
synthetic_cloudtrail.csv:7734,,,,,,,,,,-1,-1,0
synthetic_cloudtrail.csv:7735,,,,,,,,,,-1,-1,0
synthetic_cloudtrail.csv:7736,,,,,,,,,,-1,-1,0
synthetic_cloudtrail.csv:7737,,,,,,,,,,-1,-1,0
synthetic_cloudtrail.csv:7738,camp-tlblppwrjohe,ec2_credential_extraction,reconnaissance,ec2_credential_extraction,,,,,,-1,-1,0
synthetic_cloudtrail.csv:7739,,,,,,,,,,-1,-1,0
synthetic_cloudtrail.csv:7740,camp-tlblppwrjohe,ec2_credential_extraction,reconnaissance,ec2_credential_extraction,,,,,,-1,-1,0
synthetic_cloudtrail.csv:7741,camp-tlblppwrjohe,ec2_credential_extraction,reconnaissance,ec2_credential_extraction,,,,,,-1,-1,0
synthetic_cloudtrail.csv:7742,,,,,,,,,,-1,-1,0
synthetic_cloudtrail.csv:7743,camp-tlblppwrjohe,ec2_credential_extraction,reconnaissance,ec2_credential_extraction,,,,,,-1,-1,0
synthetic_cloudtrail.csv:7744,camp-tlblppwrjohe,ec2_credential_extraction,reconnaissance,ec2_credential_extraction,,,,,,-1,-1,0
synthetic_cloudtrail.csv:7745,,,,,,,,,,-1,-1,0
synthetic_cloudtrail.csv:7746,camp-tlblppwrjohe,ec2_credential_extraction,credential-access,ec2_credential_extraction,evt-hqnpuwrvhosd,evt-bvjrhsudnzek,evt-bvjrhsudnzek,,,1,0,1
synthetic_cloudtrail.csv:7747,camp-tlblppwrjohe,ec2_credential_extraction,credential-access,ec2_credential_extraction,evt-bvjrhsudnzek,,evt-bvjrhsudnzek,,,0,0,1
synthetic_cloudtrail.csv:7748,camp-tlblppwrjohe,ec2_credential_extraction,reconnaissance,ec2_credential_extraction,,,,,,-1,-1,0
synthetic_cloudtrail.csv:7749,,,,,,,,,,-1,-1,0
synthetic_cloudtrail.csv:7750,camp-tlblppwrjohe,ec2_credential_extraction,,ec2_credential_extraction,,,,,,-1,-1,0
synthetic_cloudtrail.csv:7751,camp-tlblppwrjohe,ec2_credential_extraction,,ec2_credential_extraction,,,,,,-1,-1,0
synthetic_cloudtrail.csv:7752,camp-pnioqalhgtgw,ssm_parameter_harvest,reconnaissance,ssm_parameter_harvest,,,,,,-1,-1,0
synthetic_cloudtrail.csv:7753,camp-pnioqalhgtgw,ssm_parameter_harvest,reconnaissance,ssm_parameter_harvest,,,,,,-1,-1,0
synthetic_cloudtrail.csv:7754,camp-pnioqalhgtgw,ssm_parameter_harvest,reconnaissance,ssm_parameter_harvest,,,,,,-1,-1,0
synthetic_cloudtrail.csv:7755,camp-pnioqalhgtgw,ssm_parameter_harvest,reconnaissance,ssm_parameter_harvest,,,,,,-1,-1,0
synthetic_cloudtrail.csv:7756,camp-pnioqalhgtgw,ssm_parameter_harvest,reconnaissance,ssm_parameter_harvest,,,,,,-1,-1,0
synthetic_cloudtrail.csv:7757,camp-pnioqalhgtgw,ssm_parameter_harvest,reconnaissance,ssm_parameter_harvest,,,,,,-1,-1,0
synthetic_cloudtrail.csv:7758,camp-pnioqalhgtgw,ssm_parameter_harvest,reconnaissance,ssm_parameter_harvest,,,,,,-1,-1,0
synthetic_cloudtrail.csv:7759,camp-pnioqalhgtgw,ssm_parameter_harvest,reconnaissance,ssm_parameter_harvest,,,,,,-1,-1,0
synthetic_cloudtrail.csv:7760,camp-pnioqalhgtgw,ssm_parameter_harvest,credential-access,ssm_parameter_harvest,evt-icgouqrjjkvg,,evt-icgouqrjjkvg,,,0,0,1
synthetic_cloudtrail.csv:7761,camp-pnioqalhgtgw,ssm_parameter_harvest,credential-access,ssm_parameter_harvest,evt-tmegtmxxemyz,evt-icgouqrjjkvg,evt-icgouqrjjkvg,,,1,0,1
synthetic_cloudtrail.csv:7762,camp-pnioqalhgtgw,ssm_parameter_harvest,credential-access,ssm_parameter_harvest,evt-zccpkqemvhag,evt-tmegtmxxemyz,evt-icgouqrjjkvg,,,2,0,1
synthetic_cloudtrail.csv:7763,camp-pnioqalhgtgw,ssm_parameter_harvest,,ssm_parameter_harvest,,,,,,-1,-1,0
synthetic_cloudtrail.csv:7764,camp-pnioqalhgtgw,ssm_parameter_harvest,,ssm_parameter_harvest,,,,,,-1,-1,0
synthetic_cloudtrail.csv:7765,,,,,,,,,,-1,-1,0
synthetic_cloudtrail.csv:7766,,,,,,,,,,-1,-1,0
synthetic_cloudtrail.csv:7767,,,,,,,,,,-1,-1,0
synthetic_cloudtrail.csv:7768,,,,,,,,,,-1,-1,0
synthetic_cloudtrail.csv:7769,,,,,,,,,,-1,-1,0
synthetic_cloudtrail.csv:7770,,,,,,,,,,-1,-1,0
synthetic_cloudtrail.csv:7771,,,,,,,,,,-1,-1,0
synthetic_cloudtrail.csv:7772,,,,,,,,,,-1,-1,0
synthetic_cloudtrail.csv:7773,,,,,,,,,,-1,-1,0
synthetic_cloudtrail.csv:7774,,,,,,,,,,-1,-1,0
synthetic_cloudtrail.csv:7775,,,,,,,,,,-1,-1,0
synthetic_cloudtrail.csv:7776,,,,,,,,,,-1,-1,0
synthetic_cloudtrail.csv:7777,,,,,,,,,,-1,-1,0
synthetic_cloudtrail.csv:7778,,,,,,,,,,-1,-1,0
synthetic_cloudtrail.csv:7779,,,,,,,,,,-1,-1,0
synthetic_cloudtrail.csv:7780,,,,,,,,,,-1,-1,0
synthetic_cloudtrail.csv:7781,,,,,,,,,,-1,-1,0
synthetic_cloudtrail.csv:7782,,,,,,,,,,-1,-1,0
synthetic_cloudtrail.csv:7783,,,,,,,,,,-1,-1,0
synthetic_cloudtrail.csv:7784,,,,,,,,,,-1,-1,0
synthetic_cloudtrail.csv:7785,,,,,,,,,,-1,-1,0
synthetic_cloudtrail.csv:7786,,,,,,,,,,-1,-1,0
synthetic_cloudtrail.csv:7787,,,,,,,,,,-1,-1,0
synthetic_cloudtrail.csv:7788,,,,,,,,,,-1,-1,0
synthetic_cloudtrail.csv:7789,,,,,,,,,,-1,-1,0
synthetic_cloudtrail.csv:7790,,,,,,,,,,-1,-1,0
synthetic_cloudtrail.csv:7791,,,,,,,,,,-1,-1,0
synthetic_cloudtrail.csv:7792,,,,,,,,,,-1,-1,0
synthetic_cloudtrail.csv:7793,,,,,,,,,,-1,-1,0
synthetic_cloudtrail.csv:7794,,,,,,,,,,-1,-1,0
synthetic_cloudtrail.csv:7795,,,,,,,,,,-1,-1,0
synthetic_cloudtrail.csv:7796,,,,,,,,,,-1,-1,0
synthetic_cloudtrail.csv:7797,,,,,,,,,,-1,-1,0
synthetic_cloudtrail.csv:7798,,,,,,,,,,-1,-1,0
synthetic_cloudtrail.csv:7799,,,,,,,,,,-1,-1,0
synthetic_cloudtrail.csv:7800,,,,,,,,,,-1,-1,0
synthetic_cloudtrail.csv:7801,,,,,,,,,,-1,-1,0
synthetic_cloudtrail.csv:7802,,,,,,,,,,-1,-1,0
synthetic_cloudtrail.csv:7803,,,,,,,,,,-1,-1,0
synthetic_cloudtrail.csv:7804,,,,,,,,,,-1,-1,0
synthetic_cloudtrail.csv:7805,,,,,,,,,,-1,-1,0
synthetic_cloudtrail.csv:7806,,,,,,,,,,-1,-1,0
synthetic_cloudtrail.csv:7807,,,,,,,,,,-1,-1,0
synthetic_cloudtrail.csv:7808,,,,,,,,,,-1,-1,0
synthetic_cloudtrail.csv:7809,,,,,,,,,,-1,-1,0
synthetic_cloudtrail.csv:7810,,,,,,,,,,-1,-1,0
synthetic_cloudtrail.csv:7811,,,,,,,,,,-1,-1,0
synthetic_cloudtrail.csv:7812,,,,,,,,,,-1,-1,0
synthetic_cloudtrail.csv:7813,,,,,,,,,,-1,-1,0
synthetic_cloudtrail.csv:7814,,,,,,,,,,-1,-1,0
synthetic_cloudtrail.csv:7815,,,,,,,,,,-1,-1,0
synthetic_cloudtrail.csv:7816,,,,,,,,,,-1,-1,0
synthetic_cloudtrail.csv:7817,,,,,,,,,,-1,-1,0
synthetic_cloudtrail.csv:7818,,,,,,,,,,-1,-1,0
synthetic_cloudtrail.csv:7819,,,,,,,,,,-1,-1,0
synthetic_cloudtrail.csv:7820,,,,,,,,,,-1,-1,0
synthetic_cloudtrail.csv:7821,,,,,,,,,,-1,-1,0
synthetic_cloudtrail.csv:7822,,,,,,,,,,-1,-1,0
synthetic_cloudtrail.csv:7823,,,,,,,,,,-1,-1,0
synthetic_cloudtrail.csv:7824,,,,,,,,,,-1,-1,0
synthetic_cloudtrail.csv:7825,,,,,,,,,,-1,-1,0
synthetic_cloudtrail.csv:7826,,,,,,,,,,-1,-1,0
synthetic_cloudtrail.csv:7827,,,,,,,,,,-1,-1,0
synthetic_cloudtrail.csv:7828,,,,,,,,,,-1,-1,0
synthetic_cloudtrail.csv:7829,,,,,,,,,,-1,-1,0
synthetic_cloudtrail.csv:7830,,,,,,,,,,-1,-1,0
synthetic_cloudtrail.csv:7831,,,,,,,,,,-1,-1,0
synthetic_cloudtrail.csv:7832,,,,,,,,,,-1,-1,0
synthetic_cloudtrail.csv:7833,,,,,,,,,,-1,-1,0
synthetic_cloudtrail.csv:7834,,,,,,,,,,-1,-1,0
synthetic_cloudtrail.csv:7835,,,,,,,,,,-1,-1,0
synthetic_cloudtrail.csv:7836,,,,,,,,,,-1,-1,0
synthetic_cloudtrail.csv:7837,,,,,,,,,,-1,-1,0
synthetic_cloudtrail.csv:7838,,,,,,,,,,-1,-1,0
synthetic_cloudtrail.csv:7839,,,,,,,,,,-1,-1,0
synthetic_cloudtrail.csv:7840,,,,,,,,,,-1,-1,0
synthetic_cloudtrail.csv:7841,,,,,,,,,,-1,-1,0
synthetic_cloudtrail.csv:7842,,,,,,,,,,-1,-1,0
synthetic_cloudtrail.csv:7843,,,,,,,,,,-1,-1,0
synthetic_cloudtrail.csv:7844,,,,,,,,,,-1,-1,0
synthetic_cloudtrail.csv:7845,,,,,,,,,,-1,-1,0
synthetic_cloudtrail.csv:7846,,,,,,,,,,-1,-1,0
synthetic_cloudtrail.csv:7847,,,,,,,,,,-1,-1,0
synthetic_cloudtrail.csv:7848,,,,,,,,,,-1,-1,0
synthetic_cloudtrail.csv:7849,,,,,,,,,,-1,-1,0
synthetic_cloudtrail.csv:7850,camp-rioeianblxff,ec2_credential_extraction,reconnaissance,ec2_credential_extraction,,,,,,-1,-1,0
synthetic_cloudtrail.csv:7851,camp-rioeianblxff,ec2_credential_extraction,reconnaissance,ec2_credential_extraction,,,,,,-1,-1,0
synthetic_cloudtrail.csv:7852,camp-rioeianblxff,ec2_credential_extraction,reconnaissance,ec2_credential_extraction,,,,,,-1,-1,0
synthetic_cloudtrail.csv:7853,camp-rioeianblxff,ec2_credential_extraction,credential-access,ec2_credential_extraction,evt-mdxxxqcouyab,,evt-mdxxxqcouyab,,,0,0,1
synthetic_cloudtrail.csv:7854,camp-rioeianblxff,ec2_credential_extraction,credential-access,ec2_credential_extraction,evt-dlomvrqoacbz,evt-mdxxxqcouyab,evt-mdxxxqcouyab,,,1,0,1
synthetic_cloudtrail.csv:7855,camp-rioeianblxff,ec2_credential_extraction,,ec2_credential_extraction,,,,,,-1,-1,0
synthetic_cloudtrail.csv:7856,camp-rioeianblxff,ec2_credential_extraction,,ec2_credential_extraction,,,,,,-1,-1,0
synthetic_cloudtrail.csv:7857,camp-rioeianblxff,ec2_credential_extraction,,ec2_credential_extraction,,,,,,-1,-1,0
synthetic_cloudtrail.csv:7858,camp-rioeianblxff,ec2_credential_extraction,,ec2_credential_extraction,,,,,,-1,-1,0
synthetic_cloudtrail.csv:7859,camp-rioeianblxff,ec2_credential_extraction,,ec2_credential_extraction,,,,,,-1,-1,0
synthetic_cloudtrail.csv:7860,,,,,,,,,,-1,-1,0
synthetic_cloudtrail.csv:7861,,,,,,,,,,-1,-1,0
synthetic_cloudtrail.csv:7862,,,,,,,,,,-1,-1,0
synthetic_cloudtrail.csv:7863,,,,,,,,,,-1,-1,0
synthetic_cloudtrail.csv:7864,,,,,,,,,,-1,-1,0
synthetic_cloudtrail.csv:7865,,,,,,,,,,-1,-1,0
synthetic_cloudtrail.csv:7866,,,,,,,,,,-1,-1,0
synthetic_cloudtrail.csv:7867,,,,,,,,,,-1,-1,0
synthetic_cloudtrail.csv:7868,,,,,,,,,,-1,-1,0
synthetic_cloudtrail.csv:7869,,,,,,,,,,-1,-1,0
synthetic_cloudtrail.csv:7870,,,,,,,,,,-1,-1,0
synthetic_cloudtrail.csv:7871,,,,,,,,,,-1,-1,0
synthetic_cloudtrail.csv:7872,,,,,,,,,,-1,-1,0
synthetic_cloudtrail.csv:7873,,,,,,,,,,-1,-1,0
synthetic_cloudtrail.csv:7874,,,,,,,,,,-1,-1,0
synthetic_cloudtrail.csv:7875,,,,,,,,,,-1,-1,0
synthetic_cloudtrail.csv:7876,,,,,,,,,,-1,-1,0
synthetic_cloudtrail.csv:7877,,,,,,,,,,-1,-1,0
synthetic_cloudtrail.csv:7878,,,,,,,,,,-1,-1,0
synthetic_cloudtrail.csv:7879,,,,,,,,,,-1,-1,0
synthetic_cloudtrail.csv:7880,,,,,,,,,,-1,-1,0
synthetic_cloudtrail.csv:7881,,,,,,,,,,-1,-1,0
synthetic_cloudtrail.csv:7882,,,,,,,,,,-1,-1,0
synthetic_cloudtrail.csv:7883,,,,,,,,,,-1,-1,0
synthetic_cloudtrail.csv:7884,,,,,,,,,,-1,-1,0
synthetic_cloudtrail.csv:7885,,,,,,,,,,-1,-1,0
synthetic_cloudtrail.csv:7886,,,,,,,,,,-1,-1,0
synthetic_cloudtrail.csv:7887,,,,,,,,,,-1,-1,0
synthetic_cloudtrail.csv:7888,,,,,,,,,,-1,-1,0
synthetic_cloudtrail.csv:7889,,,,,,,,,,-1,-1,0
synthetic_cloudtrail.csv:7890,camp-xzwbbfaieuwy,secrets_manager_sweep,reconnaissance,secrets_manager_sweep,,,,,,-1,-1,0
synthetic_cloudtrail.csv:7891,camp-xzwbbfaieuwy,secrets_manager_sweep,reconnaissance,secrets_manager_sweep,,,,,,-1,-1,0
synthetic_cloudtrail.csv:7892,camp-xzwbbfaieuwy,secrets_manager_sweep,credential-access,secrets_manager_sweep,evt-masohxmvnggr,evt-suqacvharfep,evt-vehlbtzkytyx,,,2,0,1
synthetic_cloudtrail.csv:7893,camp-xzwbbfaieuwy,secrets_manager_sweep,credential-access,secrets_manager_sweep,evt-vehlbtzkytyx,,evt-vehlbtzkytyx,,,0,0,1
synthetic_cloudtrail.csv:7894,camp-xzwbbfaieuwy,secrets_manager_sweep,reconnaissance,secrets_manager_sweep,,,,,,-1,-1,0
synthetic_cloudtrail.csv:7895,camp-xzwbbfaieuwy,secrets_manager_sweep,credential-access,secrets_manager_sweep,evt-suqacvharfep,evt-vehlbtzkytyx,evt-vehlbtzkytyx,,,1,0,1
synthetic_cloudtrail.csv:7896,camp-xzwbbfaieuwy,secrets_manager_sweep,,secrets_manager_sweep,,,,,,-1,-1,0
synthetic_cloudtrail.csv:7897,camp-xzwbbfaieuwy,secrets_manager_sweep,,secrets_manager_sweep,,,,,,-1,-1,0
synthetic_cloudtrail.csv:7898,camp-xzwbbfaieuwy,secrets_manager_sweep,,secrets_manager_sweep,,,,,,-1,-1,0
synthetic_cloudtrail.csv:7899,camp-xzwbbfaieuwy,secrets_manager_sweep,,secrets_manager_sweep,,,,,,-1,-1,0
synthetic_cloudtrail.csv:7900,camp-xzwbbfaieuwy,secrets_manager_sweep,,secrets_manager_sweep,,,,,,-1,-1,0
synthetic_cloudtrail.csv:7901,camp-odlzbovrtluz,ssm_parameter_harvest,reconnaissance,ssm_parameter_harvest,,,,,,-1,-1,0
synthetic_cloudtrail.csv:7902,camp-odlzbovrtluz,ssm_parameter_harvest,reconnaissance,ssm_parameter_harvest,,,,,,-1,-1,0
synthetic_cloudtrail.csv:7903,camp-odlzbovrtluz,ssm_parameter_harvest,reconnaissance,ssm_parameter_harvest,,,,,,-1,-1,0
synthetic_cloudtrail.csv:7904,camp-odlzbovrtluz,ssm_parameter_harvest,reconnaissance,ssm_parameter_harvest,,,,,,-1,-1,0
synthetic_cloudtrail.csv:7905,camp-odlzbovrtluz,ssm_parameter_harvest,reconnaissance,ssm_parameter_harvest,,,,,,-1,-1,0
synthetic_cloudtrail.csv:7906,camp-odlzbovrtluz,ssm_parameter_harvest,reconnaissance,ssm_parameter_harvest,,,,,,-1,-1,0
synthetic_cloudtrail.csv:7907,camp-odlzbovrtluz,ssm_parameter_harvest,credential-access,ssm_parameter_harvest,evt-uhbkgzjhlnuq,evt-gaghslqxarbx,evt-esbhpubbmrkq,,,2,0,1
synthetic_cloudtrail.csv:7908,camp-odlzbovrtluz,ssm_parameter_harvest,credential-access,ssm_parameter_harvest,evt-gaghslqxarbx,evt-esbhpubbmrkq,evt-esbhpubbmrkq,,,1,0,1
synthetic_cloudtrail.csv:7909,camp-odlzbovrtluz,ssm_parameter_harvest,credential-access,ssm_parameter_harvest,evt-esbhpubbmrkq,,evt-esbhpubbmrkq,,,0,0,1
synthetic_cloudtrail.csv:7910,camp-odlzbovrtluz,ssm_parameter_harvest,,ssm_parameter_harvest,,,,,,-1,-1,0
synthetic_cloudtrail.csv:7911,camp-odlzbovrtluz,ssm_parameter_harvest,,ssm_parameter_harvest,,,,,,-1,-1,0
synthetic_cloudtrail.csv:7912,,,,,,,,,,-1,-1,0
synthetic_cloudtrail.csv:7913,,,,,,,,,,-1,-1,0
synthetic_cloudtrail.csv:7914,,,,,,,,,,-1,-1,0
synthetic_cloudtrail.csv:7915,,,,,,,,,,-1,-1,0
synthetic_cloudtrail.csv:7916,,,,,,,,,,-1,-1,0
synthetic_cloudtrail.csv:7917,,,,,,,,,,-1,-1,0
synthetic_cloudtrail.csv:7918,,,,,,,,,,-1,-1,0
synthetic_cloudtrail.csv:7919,,,,,,,,,,-1,-1,0
synthetic_cloudtrail.csv:7920,,,,,,,,,,-1,-1,0
synthetic_cloudtrail.csv:7921,,,,,,,,,,-1,-1,0
synthetic_cloudtrail.csv:7922,,,,,,,,,,-1,-1,0
synthetic_cloudtrail.csv:7923,,,,,,,,,,-1,-1,0
synthetic_cloudtrail.csv:7924,,,,,,,,,,-1,-1,0
synthetic_cloudtrail.csv:7925,,,,,,,,,,-1,-1,0
synthetic_cloudtrail.csv:7926,camp-cibpniefdklx,assume_admin_then_backdoor_role,reconnaissance,assume_admin_then_backdoor_role,,,,,,-1,-1,0
synthetic_cloudtrail.csv:7927,camp-cibpniefdklx,assume_admin_then_backdoor_role,reconnaissance,assume_admin_then_backdoor_role,,,,,,-1,-1,0
synthetic_cloudtrail.csv:7928,camp-cibpniefdklx,assume_admin_then_backdoor_role,reconnaissance,assume_admin_then_backdoor_role,,,,,,-1,-1,0
synthetic_cloudtrail.csv:7929,camp-cibpniefdklx,assume_admin_then_backdoor_role,privilege-escalation,assume_admin_then_backdoor_role,evt-hvigfsmnfpoi,,evt-hvigfsmnfpoi,,,0,0,1
synthetic_cloudtrail.csv:7930,camp-cibpniefdklx,assume_admin_then_backdoor_role,persistence,assume_admin_then_backdoor_role,evt-hgimydifbgcn,evt-hvigfsmnfpoi,evt-hvigfsmnfpoi,,,1,1,1
synthetic_cloudtrail.csv:7931,camp-cibpniefdklx,assume_admin_then_backdoor_role,privilege-escalation,assume_admin_then_backdoor_role,evt-tdyayyapyncl,evt-hgimydifbgcn,evt-hvigfsmnfpoi,s3:GetObject;s3:ListBucket,*,2,1,1
synthetic_cloudtrail.csv:7932,camp-cibpniefdklx,assume_admin_then_backdoor_role,privilege-escalation,assume_admin_then_backdoor_role,evt-janwwgkrdlrl,evt-tdyayyapyncl,evt-hvigfsmnfpoi,,,3,1,1
synthetic_cloudtrail.csv:7933,camp-cibpniefdklx,assume_admin_then_backdoor_role,credential-access,assume_admin_then_backdoor_role,evt-katpwshlnbbg,evt-janwwgkrdlrl,evt-hvigfsmnfpoi,,,4,2,1
synthetic_cloudtrail.csv:7934,camp-cibpniefdklx,assume_admin_then_backdoor_role,,assume_admin_then_backdoor_role,,,,,,-1,-1,0
synthetic_cloudtrail.csv:7935,camp-cibpniefdklx,assume_admin_then_backdoor_role,,assume_admin_then_backdoor_role,,,,,,-1,-1,0
synthetic_cloudtrail.csv:7936,camp-cibpniefdklx,assume_admin_then_backdoor_role,,assume_admin_then_backdoor_role,,,,,,-1,-1,0
synthetic_cloudtrail.csv:7937,camp-cibpniefdklx,assume_admin_then_backdoor_role,,assume_admin_then_backdoor_role,,,,,,-1,-1,0
synthetic_cloudtrail.csv:7938,,,,,,,,,,-1,-1,0
synthetic_cloudtrail.csv:7939,,,,,,,,,,-1,-1,0
synthetic_cloudtrail.csv:7940,,,,,,,,,,-1,-1,0
synthetic_cloudtrail.csv:7941,,,,,,,,,,-1,-1,0
synthetic_cloudtrail.csv:7942,,,,,,,,,,-1,-1,0
synthetic_cloudtrail.csv:7943,,,,,,,,,,-1,-1,0
synthetic_cloudtrail.csv:7944,,,,,,,,,,-1,-1,0
synthetic_cloudtrail.csv:7945,,,,,,,,,,-1,-1,0
synthetic_cloudtrail.csv:7946,,,,,,,,,,-1,-1,0
synthetic_cloudtrail.csv:7947,,,,,,,,,,-1,-1,0
synthetic_cloudtrail.csv:7948,,,,,,,,,,-1,-1,0
synthetic_cloudtrail.csv:7949,,,,,,,,,,-1,-1,0
synthetic_cloudtrail.csv:7950,,,,,,,,,,-1,-1,0
synthetic_cloudtrail.csv:7951,,,,,,,,,,-1,-1,0
synthetic_cloudtrail.csv:7952,,,,,,,,,,-1,-1,0
synthetic_cloudtrail.csv:7953,,,,,,,,,,-1,-1,0
synthetic_cloudtrail.csv:7954,,,,,,,,,,-1,-1,0
synthetic_cloudtrail.csv:7955,,,,,,,,,,-1,-1,0
synthetic_cloudtrail.csv:7956,,,,,,,,,,-1,-1,0
synthetic_cloudtrail.csv:7957,,,,,,,,,,-1,-1,0
synthetic_cloudtrail.csv:7958,,,,,,,,,,-1,-1,0
synthetic_cloudtrail.csv:7959,,,,,,,,,,-1,-1,0
synthetic_cloudtrail.csv:7960,,,,,,,,,,-1,-1,0
synthetic_cloudtrail.csv:7961,,,,,,,,,,-1,-1,0
synthetic_cloudtrail.csv:7962,,,,,,,,,,-1,-1,0
synthetic_cloudtrail.csv:7963,,,,,,,,,,-1,-1,0
synthetic_cloudtrail.csv:7964,,,,,,,,,,-1,-1,0
synthetic_cloudtrail.csv:7965,,,,,,,,,,-1,-1,0
synthetic_cloudtrail.csv:7966,,,,,,,,,,-1,-1,0
synthetic_cloudtrail.csv:7967,,,,,,,,,,-1,-1,0
synthetic_cloudtrail.csv:7968,,,,,,,,,,-1,-1,0
synthetic_cloudtrail.csv:7969,,,,,,,,,,-1,-1,0
synthetic_cloudtrail.csv:7970,,,,,,,,,,-1,-1,0
synthetic_cloudtrail.csv:7971,,,,,,,,,,-1,-1,0
synthetic_cloudtrail.csv:7972,,,,,,,,,,-1,-1,0
synthetic_cloudtrail.csv:7973,,,,,,,,,,-1,-1,0
synthetic_cloudtrail.csv:7974,,,,,,,,,,-1,-1,0
synthetic_cloudtrail.csv:7975,,,,,,,,,,-1,-1,0
synthetic_cloudtrail.csv:7976,,,,,,,,,,-1,-1,0
synthetic_cloudtrail.csv:7977,,,,,,,,,,-1,-1,0
synthetic_cloudtrail.csv:7978,,,,,,,,,,-1,-1,0
synthetic_cloudtrail.csv:7979,,,,,,,,,,-1,-1,0
synthetic_cloudtrail.csv:7980,,,,,,,,,,-1,-1,0
synthetic_cloudtrail.csv:7981,,,,,,,,,,-1,-1,0
synthetic_cloudtrail.csv:7982,,,,,,,,,,-1,-1,0
synthetic_cloudtrail.csv:7983,,,,,,,,,,-1,-1,0
synthetic_cloudtrail.csv:7984,,,,,,,,,,-1,-1,0
synthetic_cloudtrail.csv:7985,,,,,,,,,,-1,-1,0
synthetic_cloudtrail.csv:7986,,,,,,,,,,-1,-1,0
synthetic_cloudtrail.csv:7987,,,,,,,,,,-1,-1,0
synthetic_cloudtrail.csv:7988,,,,,,,,,,-1,-1,0
synthetic_cloudtrail.csv:7989,,,,,,,,,,-1,-1,0
synthetic_cloudtrail.csv:7990,,,,,,,,,,-1,-1,0
synthetic_cloudtrail.csv:7991,,,,,,,,,,-1,-1,0
synthetic_cloudtrail.csv:7992,,,,,,,,,,-1,-1,0
synthetic_cloudtrail.csv:7993,,,,,,,,,,-1,-1,0
synthetic_cloudtrail.csv:7994,,,,,,,,,,-1,-1,0
synthetic_cloudtrail.csv:7995,,,,,,,,,,-1,-1,0
synthetic_cloudtrail.csv:7996,,,,,,,,,,-1,-1,0
synthetic_cloudtrail.csv:7997,,,,,,,,,,-1,-1,0
synthetic_cloudtrail.csv:7998,,,,,,,,,,-1,-1,0
synthetic_cloudtrail.csv:7999,,,,,,,,,,-1,-1,0
synthetic_cloudtrail.csv:8000,,,,,,,,,,-1,-1,0
synthetic_cloudtrail.csv:8001,,,,,,,,,,-1,-1,0
synthetic_cloudtrail.csv:8002,,,,,,,,,,-1,-1,0
synthetic_cloudtrail.csv:8003,,,,,,,,,,-1,-1,0
synthetic_cloudtrail.csv:8004,,,,,,,,,,-1,-1,0
synthetic_cloudtrail.csv:8005,,,,,,,,,,-1,-1,0
synthetic_cloudtrail.csv:8006,,,,,,,,,,-1,-1,0
synthetic_cloudtrail.csv:8007,,,,,,,,,,-1,-1,0
synthetic_cloudtrail.csv:8008,,,,,,,,,,-1,-1,0
synthetic_cloudtrail.csv:8009,,,,,,,,,,-1,-1,0
synthetic_cloudtrail.csv:8010,,,,,,,,,,-1,-1,0
synthetic_cloudtrail.csv:8011,camp-sfkfhdgvmgjm,ssm_parameter_harvest,reconnaissance,ssm_parameter_harvest,,,,,,-1,-1,0
synthetic_cloudtrail.csv:8012,camp-sfkfhdgvmgjm,ssm_parameter_harvest,reconnaissance,ssm_parameter_harvest,,,,,,-1,-1,0
synthetic_cloudtrail.csv:8013,camp-sfkfhdgvmgjm,ssm_parameter_harvest,reconnaissance,ssm_parameter_harvest,,,,,,-1,-1,0
synthetic_cloudtrail.csv:8014,camp-sfkfhdgvmgjm,ssm_parameter_harvest,reconnaissance,ssm_parameter_harvest,,,,,,-1,-1,0
synthetic_cloudtrail.csv:8015,camp-sfkfhdgvmgjm,ssm_parameter_harvest,reconnaissance,ssm_parameter_harvest,,,,,,-1,-1,0
synthetic_cloudtrail.csv:8016,camp-sfkfhdgvmgjm,ssm_parameter_harvest,credential-access,ssm_parameter_harvest,evt-llgguzebwaqe,evt-pfrrtbnbnmst,evt-pfrrtbnbnmst,,,1,0,1
synthetic_cloudtrail.csv:8017,camp-sfkfhdgvmgjm,ssm_parameter_harvest,credential-access,ssm_parameter_harvest,evt-pfrrtbnbnmst,,evt-pfrrtbnbnmst,,,0,0,1
synthetic_cloudtrail.csv:8018,camp-sfkfhdgvmgjm,ssm_parameter_harvest,reconnaissance,ssm_parameter_harvest,,,,,,-1,-1,0
synthetic_cloudtrail.csv:8019,camp-sfkfhdgvmgjm,ssm_parameter_harvest,credential-access,ssm_parameter_harvest,evt-plcrxdkhnfpu,evt-llgguzebwaqe,evt-pfrrtbnbnmst,,,2,0,1
synthetic_cloudtrail.csv:8020,camp-sfkfhdgvmgjm,ssm_parameter_harvest,,ssm_parameter_harvest,,,,,,-1,-1,0
synthetic_cloudtrail.csv:8021,camp-sfkfhdgvmgjm,ssm_parameter_harvest,,ssm_parameter_harvest,,,,,,-1,-1,0
synthetic_cloudtrail.csv:8022,,,,,,,,,,-1,-1,0
synthetic_cloudtrail.csv:8023,,,,,,,,,,-1,-1,0
synthetic_cloudtrail.csv:8024,,,,,,,,,,-1,-1,0
synthetic_cloudtrail.csv:8025,,,,,,,,,,-1,-1,0
synthetic_cloudtrail.csv:8026,,,,,,,,,,-1,-1,0
synthetic_cloudtrail.csv:8027,,,,,,,,,,-1,-1,0
synthetic_cloudtrail.csv:8028,,,,,,,,,,-1,-1,0
synthetic_cloudtrail.csv:8029,,,,,,,,,,-1,-1,0
synthetic_cloudtrail.csv:8030,,,,,,,,,,-1,-1,0
synthetic_cloudtrail.csv:8031,,,,,,,,,,-1,-1,0
synthetic_cloudtrail.csv:8032,,,,,,,,,,-1,-1,0
synthetic_cloudtrail.csv:8033,,,,,,,,,,-1,-1,0
synthetic_cloudtrail.csv:8034,,,,,,,,,,-1,-1,0
synthetic_cloudtrail.csv:8035,,,,,,,,,,-1,-1,0
synthetic_cloudtrail.csv:8036,,,,,,,,,,-1,-1,0
synthetic_cloudtrail.csv:8037,,,,,,,,,,-1,-1,0
synthetic_cloudtrail.csv:8038,,,,,,,,,,-1,-1,0
synthetic_cloudtrail.csv:8039,,,,,,,,,,-1,-1,0
synthetic_cloudtrail.csv:8040,,,,,,,,,,-1,-1,0
synthetic_cloudtrail.csv:8041,,,,,,,,,,-1,-1,0
synthetic_cloudtrail.csv:8042,,,,,,,,,,-1,-1,0
synthetic_cloudtrail.csv:8043,,,,,,,,,,-1,-1,0
synthetic_cloudtrail.csv:8044,,,,,,,,,,-1,-1,0
synthetic_cloudtrail.csv:8045,,,,,,,,,,-1,-1,0
synthetic_cloudtrail.csv:8046,,,,,,,,,,-1,-1,0
synthetic_cloudtrail.csv:8047,,,,,,,,,,-1,-1,0
synthetic_cloudtrail.csv:8048,,,,,,,,,,-1,-1,0
synthetic_cloudtrail.csv:8049,,,,,,,,,,-1,-1,0
synthetic_cloudtrail.csv:8050,,,,,,,,,,-1,-1,0
synthetic_cloudtrail.csv:8051,,,,,,,,,,-1,-1,0
synthetic_cloudtrail.csv:8052,,,,,,,,,,-1,-1,0
synthetic_cloudtrail.csv:8053,,,,,,,,,,-1,-1,0
synthetic_cloudtrail.csv:8054,,,,,,,,,,-1,-1,0
synthetic_cloudtrail.csv:8055,,,,,,,,,,-1,-1,0
synthetic_cloudtrail.csv:8056,,,,,,,,,,-1,-1,0
synthetic_cloudtrail.csv:8057,,,,,,,,,,-1,-1,0
synthetic_cloudtrail.csv:8058,,,,,,,,,,-1,-1,0
synthetic_cloudtrail.csv:8059,,,,,,,,,,-1,-1,0
synthetic_cloudtrail.csv:8060,,,,,,,,,,-1,-1,0
synthetic_cloudtrail.csv:8061,,,,,,,,,,-1,-1,0
synthetic_cloudtrail.csv:8062,,,,,,,,,,-1,-1,0
synthetic_cloudtrail.csv:8063,,,,,,,,,,-1,-1,0
synthetic_cloudtrail.csv:8064,,,,,,,,,,-1,-1,0
synthetic_cloudtrail.csv:8065,,,,,,,,,,-1,-1,0
synthetic_cloudtrail.csv:8066,,,,,,,,,,-1,-1,0
synthetic_cloudtrail.csv:8067,,,,,,,,,,-1,-1,0
synthetic_cloudtrail.csv:8068,,,,,,,,,,-1,-1,0
synthetic_cloudtrail.csv:8069,,,,,,,,,,-1,-1,0
synthetic_cloudtrail.csv:8070,,,,,,,,,,-1,-1,0
synthetic_cloudtrail.csv:8071,,,,,,,,,,-1,-1,0
synthetic_cloudtrail.csv:8072,,,,,,,,,,-1,-1,0
synthetic_cloudtrail.csv:8073,,,,,,,,,,-1,-1,0
synthetic_cloudtrail.csv:8074,,,,,,,,,,-1,-1,0
synthetic_cloudtrail.csv:8075,,,,,,,,,,-1,-1,0
synthetic_cloudtrail.csv:8076,camp-fipqzqcmsqwi,full_kill_chain,reconnaissance,full_kill_chain,,,,,,-1,-1,0
synthetic_cloudtrail.csv:8077,camp-fipqzqcmsqwi,full_kill_chain,reconnaissance,full_kill_chain,,,,,,-1,-1,0
synthetic_cloudtrail.csv:8078,camp-fipqzqcmsqwi,full_kill_chain,reconnaissance,full_kill_chain,,,,,,-1,-1,0
synthetic_cloudtrail.csv:8079,camp-fipqzqcmsqwi,full_kill_chain,reconnaissance,full_kill_chain,,,,,,-1,-1,0
synthetic_cloudtrail.csv:8080,camp-fipqzqcmsqwi,full_kill_chain,reconnaissance,full_kill_chain,,,,,,-1,-1,0
synthetic_cloudtrail.csv:8081,camp-fipqzqcmsqwi,full_kill_chain,reconnaissance,full_kill_chain,,,,,,-1,-1,0
synthetic_cloudtrail.csv:8082,camp-fipqzqcmsqwi,full_kill_chain,persistence,full_kill_chain,evt-uclzjqiezczl,,evt-uclzjqiezczl,,,0,0,1
synthetic_cloudtrail.csv:8083,camp-fipqzqcmsqwi,full_kill_chain,privilege-escalation,full_kill_chain,evt-dnfzoedfghnl,evt-uclzjqiezczl,evt-uclzjqiezczl,s3:GetObject;s3:ListBucket,*,1,0,1
synthetic_cloudtrail.csv:8084,camp-fipqzqcmsqwi,full_kill_chain,privilege-escalation,full_kill_chain,evt-culzewydgahv,evt-dnfzoedfghnl,evt-uclzjqiezczl,,,2,0,1
synthetic_cloudtrail.csv:8085,camp-fipqzqcmsqwi,full_kill_chain,credential-access,full_kill_chain,evt-tgozjjenavca,evt-culzewydgahv,evt-uclzjqiezczl,,,3,1,1
synthetic_cloudtrail.csv:8086,camp-fipqzqcmsqwi,full_kill_chain,exfiltration,full_kill_chain,evt-tmrcbiopfwuq,evt-tgozjjenavca,evt-uclzjqiezczl,,,4,1,1
synthetic_cloudtrail.csv:8087,camp-fipqzqcmsqwi,full_kill_chain,defense-evasion,full_kill_chain,evt-xxzbjlzuggct,evt-tmrcbiopfwuq,evt-uclzjqiezczl,,,5,1,1
synthetic_cloudtrail.csv:8088,camp-fipqzqcmsqwi,full_kill_chain,,full_kill_chain,,,,,,-1,-1,0
synthetic_cloudtrail.csv:8089,camp-fipqzqcmsqwi,full_kill_chain,,full_kill_chain,,,,,,-1,-1,0
synthetic_cloudtrail.csv:8090,camp-fipqzqcmsqwi,full_kill_chain,,full_kill_chain,,,,,,-1,-1,0
synthetic_cloudtrail.csv:8091,camp-fipqzqcmsqwi,full_kill_chain,,full_kill_chain,,,,,,-1,-1,0
synthetic_cloudtrail.csv:8092,,,,,,,,,,-1,-1,0
synthetic_cloudtrail.csv:8093,,,,,,,,,,-1,-1,0
synthetic_cloudtrail.csv:8094,,,,,,,,,,-1,-1,0
synthetic_cloudtrail.csv:8095,,,,,,,,,,-1,-1,0
synthetic_cloudtrail.csv:8096,,,,,,,,,,-1,-1,0
synthetic_cloudtrail.csv:8097,,,,,,,,,,-1,-1,0
synthetic_cloudtrail.csv:8098,,,,,,,,,,-1,-1,0
synthetic_cloudtrail.csv:8099,,,,,,,,,,-1,-1,0
synthetic_cloudtrail.csv:8100,,,,,,,,,,-1,-1,0
synthetic_cloudtrail.csv:8101,,,,,,,,,,-1,-1,0
synthetic_cloudtrail.csv:8102,,,,,,,,,,-1,-1,0
synthetic_cloudtrail.csv:8103,,,,,,,,,,-1,-1,0
synthetic_cloudtrail.csv:8104,,,,,,,,,,-1,-1,0
synthetic_cloudtrail.csv:8105,,,,,,,,,,-1,-1,0
synthetic_cloudtrail.csv:8106,,,,,,,,,,-1,-1,0
synthetic_cloudtrail.csv:8107,,,,,,,,,,-1,-1,0
synthetic_cloudtrail.csv:8108,,,,,,,,,,-1,-1,0
synthetic_cloudtrail.csv:8109,,,,,,,,,,-1,-1,0
synthetic_cloudtrail.csv:8110,,,,,,,,,,-1,-1,0
synthetic_cloudtrail.csv:8111,,,,,,,,,,-1,-1,0
synthetic_cloudtrail.csv:8112,,,,,,,,,,-1,-1,0
synthetic_cloudtrail.csv:8113,,,,,,,,,,-1,-1,0
synthetic_cloudtrail.csv:8114,,,,,,,,,,-1,-1,0
synthetic_cloudtrail.csv:8115,,,,,,,,,,-1,-1,0
synthetic_cloudtrail.csv:8116,,,,,,,,,,-1,-1,0
synthetic_cloudtrail.csv:8117,camp-rweqksafjngp,ec2_password_data,reconnaissance,ec2_password_data,,,,,,-1,-1,0
synthetic_cloudtrail.csv:8118,camp-rweqksafjngp,ec2_password_data,reconnaissance,ec2_password_data,,,,,,-1,-1,0
synthetic_cloudtrail.csv:8119,camp-rweqksafjngp,ec2_password_data,reconnaissance,ec2_password_data,,,,,,-1,-1,0
synthetic_cloudtrail.csv:8120,camp-rweqksafjngp,ec2_password_data,persistence,ec2_password_data,evt-gdumedzsgtra,,evt-gdumedzsgtra,,,0,0,1
synthetic_cloudtrail.csv:8121,camp-rweqksafjngp,ec2_password_data,privilege-escalation,ec2_password_data,evt-jopbtwrkwinm,evt-gdumedzsgtra,evt-gdumedzsgtra,s3:GetObject,iam:*;s3:*;sts:AssumeRole,1,0,1
synthetic_cloudtrail.csv:8122,camp-rweqksafjngp,ec2_password_data,credential-access,ec2_password_data,evt-icxqnlauowgq,evt-jopbtwrkwinm,evt-gdumedzsgtra,,,2,0,1
synthetic_cloudtrail.csv:8123,camp-rweqksafjngp,ec2_password_data,,ec2_password_data,,,,,,-1,-1,0
synthetic_cloudtrail.csv:8124,camp-rweqksafjngp,ec2_password_data,,ec2_password_data,,,,,,-1,-1,0
synthetic_cloudtrail.csv:8125,camp-rweqksafjngp,ec2_password_data,,ec2_password_data,,,,,,-1,-1,0
synthetic_cloudtrail.csv:8126,camp-rweqksafjngp,ec2_password_data,,ec2_password_data,,,,,,-1,-1,0
synthetic_cloudtrail.csv:8127,,,,,,,,,,-1,-1,0
synthetic_cloudtrail.csv:8128,,,,,,,,,,-1,-1,0
synthetic_cloudtrail.csv:8129,,,,,,,,,,-1,-1,0
synthetic_cloudtrail.csv:8130,,,,,,,,,,-1,-1,0
synthetic_cloudtrail.csv:8131,,,,,,,,,,-1,-1,0
synthetic_cloudtrail.csv:8132,,,,,,,,,,-1,-1,0
synthetic_cloudtrail.csv:8133,,,,,,,,,,-1,-1,0
synthetic_cloudtrail.csv:8134,,,,,,,,,,-1,-1,0
synthetic_cloudtrail.csv:8135,,,,,,,,,,-1,-1,0
synthetic_cloudtrail.csv:8136,,,,,,,,,,-1,-1,0
synthetic_cloudtrail.csv:8137,,,,,,,,,,-1,-1,0
synthetic_cloudtrail.csv:8138,,,,,,,,,,-1,-1,0
synthetic_cloudtrail.csv:8139,,,,,,,,,,-1,-1,0
synthetic_cloudtrail.csv:8140,,,,,,,,,,-1,-1,0
synthetic_cloudtrail.csv:8141,,,,,,,,,,-1,-1,0
synthetic_cloudtrail.csv:8142,,,,,,,,,,-1,-1,0
synthetic_cloudtrail.csv:8143,,,,,,,,,,-1,-1,0
synthetic_cloudtrail.csv:8144,,,,,,,,,,-1,-1,0
synthetic_cloudtrail.csv:8145,,,,,,,,,,-1,-1,0
synthetic_cloudtrail.csv:8146,,,,,,,,,,-1,-1,0
synthetic_cloudtrail.csv:8147,,,,,,,,,,-1,-1,0
synthetic_cloudtrail.csv:8148,,,,,,,,,,-1,-1,0
synthetic_cloudtrail.csv:8149,,,,,,,,,,-1,-1,0
synthetic_cloudtrail.csv:8150,,,,,,,,,,-1,-1,0
synthetic_cloudtrail.csv:8151,,,,,,,,,,-1,-1,0
synthetic_cloudtrail.csv:8152,,,,,,,,,,-1,-1,0
synthetic_cloudtrail.csv:8153,,,,,,,,,,-1,-1,0
synthetic_cloudtrail.csv:8154,,,,,,,,,,-1,-1,0
synthetic_cloudtrail.csv:8155,,,,,,,,,,-1,-1,0
synthetic_cloudtrail.csv:8156,,,,,,,,,,-1,-1,0
synthetic_cloudtrail.csv:8157,,,,,,,,,,-1,-1,0
synthetic_cloudtrail.csv:8158,,,,,,,,,,-1,-1,0
synthetic_cloudtrail.csv:8159,,,,,,,,,,-1,-1,0
synthetic_cloudtrail.csv:8160,,,,,,,,,,-1,-1,0
synthetic_cloudtrail.csv:8161,,,,,,,,,,-1,-1,0
synthetic_cloudtrail.csv:8162,,,,,,,,,,-1,-1,0
synthetic_cloudtrail.csv:8163,,,,,,,,,,-1,-1,0
synthetic_cloudtrail.csv:8164,,,,,,,,,,-1,-1,0
synthetic_cloudtrail.csv:8165,,,,,,,,,,-1,-1,0
synthetic_cloudtrail.csv:8166,,,,,,,,,,-1,-1,0
synthetic_cloudtrail.csv:8167,,,,,,,,,,-1,-1,0
synthetic_cloudtrail.csv:8168,,,,,,,,,,-1,-1,0
synthetic_cloudtrail.csv:8169,,,,,,,,,,-1,-1,0
synthetic_cloudtrail.csv:8170,,,,,,,,,,-1,-1,0
synthetic_cloudtrail.csv:8171,,,,,,,,,,-1,-1,0
synthetic_cloudtrail.csv:8172,,,,,,,,,,-1,-1,0
synthetic_cloudtrail.csv:8173,,,,,,,,,,-1,-1,0
synthetic_cloudtrail.csv:8174,,,,,,,,,,-1,-1,0
synthetic_cloudtrail.csv:8175,,,,,,,,,,-1,-1,0
synthetic_cloudtrail.csv:8176,,,,,,,,,,-1,-1,0
synthetic_cloudtrail.csv:8177,,,,,,,,,,-1,-1,0
synthetic_cloudtrail.csv:8178,,,,,,,,,,-1,-1,0
synthetic_cloudtrail.csv:8179,,,,,,,,,,-1,-1,0
synthetic_cloudtrail.csv:8180,,,,,,,,,,-1,-1,0
synthetic_cloudtrail.csv:8181,,,,,,,,,,-1,-1,0
synthetic_cloudtrail.csv:8182,,,,,,,,,,-1,-1,0
synthetic_cloudtrail.csv:8183,,,,,,,,,,-1,-1,0
synthetic_cloudtrail.csv:8184,,,,,,,,,,-1,-1,0
synthetic_cloudtrail.csv:8185,,,,,,,,,,-1,-1,0
synthetic_cloudtrail.csv:8186,,,,,,,,,,-1,-1,0
synthetic_cloudtrail.csv:8187,,,,,,,,,,-1,-1,0
synthetic_cloudtrail.csv:8188,,,,,,,,,,-1,-1,0
synthetic_cloudtrail.csv:8189,,,,,,,,,,-1,-1,0
synthetic_cloudtrail.csv:8190,,,,,,,,,,-1,-1,0
synthetic_cloudtrail.csv:8191,,,,,,,,,,-1,-1,0
synthetic_cloudtrail.csv:8192,,,,,,,,,,-1,-1,0
synthetic_cloudtrail.csv:8193,,,,,,,,,,-1,-1,0
synthetic_cloudtrail.csv:8194,,,,,,,,,,-1,-1,0
synthetic_cloudtrail.csv:8195,,,,,,,,,,-1,-1,0
synthetic_cloudtrail.csv:8196,,,,,,,,,,-1,-1,0
synthetic_cloudtrail.csv:8197,,,,,,,,,,-1,-1,0
synthetic_cloudtrail.csv:8198,,,,,,,,,,-1,-1,0
synthetic_cloudtrail.csv:8199,,,,,,,,,,-1,-1,0
synthetic_cloudtrail.csv:8200,,,,,,,,,,-1,-1,0
synthetic_cloudtrail.csv:8201,,,,,,,,,,-1,-1,0
synthetic_cloudtrail.csv:8202,,,,,,,,,,-1,-1,0
synthetic_cloudtrail.csv:8203,,,,,,,,,,-1,-1,0
synthetic_cloudtrail.csv:8204,,,,,,,,,,-1,-1,0
synthetic_cloudtrail.csv:8205,,,,,,,,,,-1,-1,0
synthetic_cloudtrail.csv:8206,,,,,,,,,,-1,-1,0
synthetic_cloudtrail.csv:8207,,,,,,,,,,-1,-1,0
synthetic_cloudtrail.csv:8208,,,,,,,,,,-1,-1,0
synthetic_cloudtrail.csv:8209,,,,,,,,,,-1,-1,0
synthetic_cloudtrail.csv:8210,,,,,,,,,,-1,-1,0
synthetic_cloudtrail.csv:8211,,,,,,,,,,-1,-1,0
synthetic_cloudtrail.csv:8212,,,,,,,,,,-1,-1,0
synthetic_cloudtrail.csv:8213,camp-lvnyrqxxismk,assume_then_attach_admin,reconnaissance,assume_then_attach_admin,,,,,,-1,-1,0
synthetic_cloudtrail.csv:8214,camp-lvnyrqxxismk,assume_then_attach_admin,reconnaissance,assume_then_attach_admin,,,,,,-1,-1,0
synthetic_cloudtrail.csv:8215,camp-lvnyrqxxismk,assume_then_attach_admin,reconnaissance,assume_then_attach_admin,,,,,,-1,-1,0
synthetic_cloudtrail.csv:8216,camp-lvnyrqxxismk,assume_then_attach_admin,reconnaissance,assume_then_attach_admin,,,,,,-1,-1,0
synthetic_cloudtrail.csv:8217,camp-lvnyrqxxismk,assume_then_attach_admin,reconnaissance,assume_then_attach_admin,,,,,,-1,-1,0
synthetic_cloudtrail.csv:8218,camp-lvnyrqxxismk,assume_then_attach_admin,reconnaissance,assume_then_attach_admin,,,,,,-1,-1,0
synthetic_cloudtrail.csv:8219,camp-lvnyrqxxismk,assume_then_attach_admin,reconnaissance,assume_then_attach_admin,,,,,,-1,-1,0
synthetic_cloudtrail.csv:8220,camp-lvnyrqxxismk,assume_then_attach_admin,reconnaissance,assume_then_attach_admin,,,,,,-1,-1,0
synthetic_cloudtrail.csv:8221,camp-lvnyrqxxismk,assume_then_attach_admin,privilege-escalation,assume_then_attach_admin,evt-raacqvxrkjll,,evt-raacqvxrkjll,,,0,0,1
synthetic_cloudtrail.csv:8222,camp-lvnyrqxxismk,assume_then_attach_admin,privilege-escalation,assume_then_attach_admin,evt-xvzjjefevbny,evt-raacqvxrkjll,evt-raacqvxrkjll,s3:GetObject;s3:ListBucket,*,1,1,1
synthetic_cloudtrail.csv:8223,camp-lvnyrqxxismk,assume_then_attach_admin,privilege-escalation,assume_then_attach_admin,evt-rfjjdsnndhci,evt-xvzjjefevbny,evt-raacqvxrkjll,s3:GetObject;s3:ListBucket,*,2,1,1
synthetic_cloudtrail.csv:8224,camp-lvnyrqxxismk,assume_then_attach_admin,,assume_then_attach_admin,,,,,,-1,-1,0
synthetic_cloudtrail.csv:8225,camp-lvnyrqxxismk,assume_then_attach_admin,,assume_then_attach_admin,,,,,,-1,-1,0
synthetic_cloudtrail.csv:8226,camp-lvnyrqxxismk,assume_then_attach_admin,,assume_then_attach_admin,,,,,,-1,-1,0
synthetic_cloudtrail.csv:8227,camp-lvnyrqxxismk,assume_then_attach_admin,,assume_then_attach_admin,,,,,,-1,-1,0
synthetic_cloudtrail.csv:8228,camp-lvnyrqxxismk,assume_then_attach_admin,,assume_then_attach_admin,,,,,,-1,-1,0
synthetic_cloudtrail.csv:8229,,,,,,,,,,-1,-1,0
synthetic_cloudtrail.csv:8230,,,,,,,,,,-1,-1,0
synthetic_cloudtrail.csv:8231,,,,,,,,,,-1,-1,0
synthetic_cloudtrail.csv:8232,,,,,,,,,,-1,-1,0
synthetic_cloudtrail.csv:8233,,,,,,,,,,-1,-1,0
synthetic_cloudtrail.csv:8234,,,,,,,,,,-1,-1,0
synthetic_cloudtrail.csv:8235,,,,,,,,,,-1,-1,0
synthetic_cloudtrail.csv:8236,,,,,,,,,,-1,-1,0
synthetic_cloudtrail.csv:8237,,,,,,,,,,-1,-1,0
synthetic_cloudtrail.csv:8238,,,,,,,,,,-1,-1,0
synthetic_cloudtrail.csv:8239,,,,,,,,,,-1,-1,0
synthetic_cloudtrail.csv:8240,,,,,,,,,,-1,-1,0
synthetic_cloudtrail.csv:8241,,,,,,,,,,-1,-1,0
synthetic_cloudtrail.csv:8242,,,,,,,,,,-1,-1,0
synthetic_cloudtrail.csv:8243,,,,,,,,,,-1,-1,0
synthetic_cloudtrail.csv:8244,,,,,,,,,,-1,-1,0
synthetic_cloudtrail.csv:8245,,,,,,,,,,-1,-1,0
synthetic_cloudtrail.csv:8246,,,,,,,,,,-1,-1,0
synthetic_cloudtrail.csv:8247,,,,,,,,,,-1,-1,0
synthetic_cloudtrail.csv:8248,,,,,,,,,,-1,-1,0
synthetic_cloudtrail.csv:8249,,,,,,,,,,-1,-1,0
synthetic_cloudtrail.csv:8250,,,,,,,,,,-1,-1,0
synthetic_cloudtrail.csv:8251,,,,,,,,,,-1,-1,0
synthetic_cloudtrail.csv:8252,,,,,,,,,,-1,-1,0
synthetic_cloudtrail.csv:8253,,,,,,,,,,-1,-1,0
synthetic_cloudtrail.csv:8254,,,,,,,,,,-1,-1,0
synthetic_cloudtrail.csv:8255,,,,,,,,,,-1,-1,0
synthetic_cloudtrail.csv:8256,,,,,,,,,,-1,-1,0
synthetic_cloudtrail.csv:8257,,,,,,,,,,-1,-1,0
synthetic_cloudtrail.csv:8258,,,,,,,,,,-1,-1,0
synthetic_cloudtrail.csv:8259,,,,,,,,,,-1,-1,0
synthetic_cloudtrail.csv:8260,,,,,,,,,,-1,-1,0
synthetic_cloudtrail.csv:8261,,,,,,,,,,-1,-1,0
synthetic_cloudtrail.csv:8262,,,,,,,,,,-1,-1,0
synthetic_cloudtrail.csv:8263,,,,,,,,,,-1,-1,0
synthetic_cloudtrail.csv:8264,,,,,,,,,,-1,-1,0
synthetic_cloudtrail.csv:8265,,,,,,,,,,-1,-1,0
synthetic_cloudtrail.csv:8266,,,,,,,,,,-1,-1,0
synthetic_cloudtrail.csv:8267,,,,,,,,,,-1,-1,0
synthetic_cloudtrail.csv:8268,,,,,,,,,,-1,-1,0
synthetic_cloudtrail.csv:8269,,,,,,,,,,-1,-1,0
synthetic_cloudtrail.csv:8270,,,,,,,,,,-1,-1,0
synthetic_cloudtrail.csv:8271,,,,,,,,,,-1,-1,0
synthetic_cloudtrail.csv:8272,,,,,,,,,,-1,-1,0
synthetic_cloudtrail.csv:8273,,,,,,,,,,-1,-1,0
synthetic_cloudtrail.csv:8274,,,,,,,,,,-1,-1,0
synthetic_cloudtrail.csv:8275,,,,,,,,,,-1,-1,0
synthetic_cloudtrail.csv:8276,,,,,,,,,,-1,-1,0
synthetic_cloudtrail.csv:8277,,,,,,,,,,-1,-1,0
synthetic_cloudtrail.csv:8278,,,,,,,,,,-1,-1,0
synthetic_cloudtrail.csv:8279,camp-keswjyygbghq,add_user_to_admin_group,reconnaissance,add_user_to_admin_group,,,,,,-1,-1,0
synthetic_cloudtrail.csv:8280,camp-keswjyygbghq,add_user_to_admin_group,reconnaissance,add_user_to_admin_group,,,,,,-1,-1,0
synthetic_cloudtrail.csv:8281,camp-keswjyygbghq,add_user_to_admin_group,reconnaissance,add_user_to_admin_group,,,,,,-1,-1,0
synthetic_cloudtrail.csv:8282,camp-keswjyygbghq,add_user_to_admin_group,reconnaissance,add_user_to_admin_group,,,,,,-1,-1,0
synthetic_cloudtrail.csv:8283,camp-keswjyygbghq,add_user_to_admin_group,reconnaissance,add_user_to_admin_group,,,,,,-1,-1,0
synthetic_cloudtrail.csv:8284,camp-keswjyygbghq,add_user_to_admin_group,reconnaissance,add_user_to_admin_group,,,,,,-1,-1,0
synthetic_cloudtrail.csv:8285,camp-keswjyygbghq,add_user_to_admin_group,privilege-escalation,add_user_to_admin_group,evt-offxcfmsnfql,,evt-offxcfmsnfql,,,0,0,1
synthetic_cloudtrail.csv:8286,camp-keswjyygbghq,add_user_to_admin_group,,add_user_to_admin_group,,,,,,-1,-1,0
synthetic_cloudtrail.csv:8287,camp-keswjyygbghq,add_user_to_admin_group,,add_user_to_admin_group,,,,,,-1,-1,0
synthetic_cloudtrail.csv:8288,,,,,,,,,,-1,-1,0
synthetic_cloudtrail.csv:8289,,,,,,,,,,-1,-1,0
synthetic_cloudtrail.csv:8290,,,,,,,,,,-1,-1,0
synthetic_cloudtrail.csv:8291,,,,,,,,,,-1,-1,0
synthetic_cloudtrail.csv:8292,,,,,,,,,,-1,-1,0
synthetic_cloudtrail.csv:8293,,,,,,,,,,-1,-1,0
synthetic_cloudtrail.csv:8294,,,,,,,,,,-1,-1,0
synthetic_cloudtrail.csv:8295,,,,,,,,,,-1,-1,0
synthetic_cloudtrail.csv:8296,,,,,,,,,,-1,-1,0
synthetic_cloudtrail.csv:8297,,,,,,,,,,-1,-1,0
synthetic_cloudtrail.csv:8298,,,,,,,,,,-1,-1,0
synthetic_cloudtrail.csv:8299,,,,,,,,,,-1,-1,0
synthetic_cloudtrail.csv:8300,,,,,,,,,,-1,-1,0
synthetic_cloudtrail.csv:8301,,,,,,,,,,-1,-1,0
synthetic_cloudtrail.csv:8302,,,,,,,,,,-1,-1,0
synthetic_cloudtrail.csv:8303,,,,,,,,,,-1,-1,0
synthetic_cloudtrail.csv:8304,,,,,,,,,,-1,-1,0
synthetic_cloudtrail.csv:8305,,,,,,,,,,-1,-1,0
synthetic_cloudtrail.csv:8306,,,,,,,,,,-1,-1,0
synthetic_cloudtrail.csv:8307,,,,,,,,,,-1,-1,0
synthetic_cloudtrail.csv:8308,,,,,,,,,,-1,-1,0
synthetic_cloudtrail.csv:8309,,,,,,,,,,-1,-1,0
synthetic_cloudtrail.csv:8310,,,,,,,,,,-1,-1,0
synthetic_cloudtrail.csv:8311,,,,,,,,,,-1,-1,0
synthetic_cloudtrail.csv:8312,,,,,,,,,,-1,-1,0
synthetic_cloudtrail.csv:8313,,,,,,,,,,-1,-1,0
synthetic_cloudtrail.csv:8314,,,,,,,,,,-1,-1,0
synthetic_cloudtrail.csv:8315,,,,,,,,,,-1,-1,0
synthetic_cloudtrail.csv:8316,,,,,,,,,,-1,-1,0
synthetic_cloudtrail.csv:8317,,,,,,,,,,-1,-1,0
synthetic_cloudtrail.csv:8318,,,,,,,,,,-1,-1,0
synthetic_cloudtrail.csv:8319,,,,,,,,,,-1,-1,0
synthetic_cloudtrail.csv:8320,,,,,,,,,,-1,-1,0
synthetic_cloudtrail.csv:8321,,,,,,,,,,-1,-1,0
synthetic_cloudtrail.csv:8322,,,,,,,,,,-1,-1,0
synthetic_cloudtrail.csv:8323,,,,,,,,,,-1,-1,0
synthetic_cloudtrail.csv:8324,,,,,,,,,,-1,-1,0
synthetic_cloudtrail.csv:8325,,,,,,,,,,-1,-1,0
synthetic_cloudtrail.csv:8326,,,,,,,,,,-1,-1,0
synthetic_cloudtrail.csv:8327,,,,,,,,,,-1,-1,0
synthetic_cloudtrail.csv:8328,,,,,,,,,,-1,-1,0
synthetic_cloudtrail.csv:8329,,,,,,,,,,-1,-1,0
synthetic_cloudtrail.csv:8330,,,,,,,,,,-1,-1,0
synthetic_cloudtrail.csv:8331,,,,,,,,,,-1,-1,0
synthetic_cloudtrail.csv:8332,,,,,,,,,,-1,-1,0
synthetic_cloudtrail.csv:8333,,,,,,,,,,-1,-1,0
synthetic_cloudtrail.csv:8334,,,,,,,,,,-1,-1,0
synthetic_cloudtrail.csv:8335,,,,,,,,,,-1,-1,0
synthetic_cloudtrail.csv:8336,,,,,,,,,,-1,-1,0
synthetic_cloudtrail.csv:8337,,,,,,,,,,-1,-1,0
synthetic_cloudtrail.csv:8338,,,,,,,,,,-1,-1,0
synthetic_cloudtrail.csv:8339,,,,,,,,,,-1,-1,0
synthetic_cloudtrail.csv:8340,,,,,,,,,,-1,-1,0
synthetic_cloudtrail.csv:8341,,,,,,,,,,-1,-1,0
synthetic_cloudtrail.csv:8342,,,,,,,,,,-1,-1,0
synthetic_cloudtrail.csv:8343,,,,,,,,,,-1,-1,0
synthetic_cloudtrail.csv:8344,,,,,,,,,,-1,-1,0
synthetic_cloudtrail.csv:8345,,,,,,,,,,-1,-1,0
synthetic_cloudtrail.csv:8346,,,,,,,,,,-1,-1,0
synthetic_cloudtrail.csv:8347,,,,,,,,,,-1,-1,0
synthetic_cloudtrail.csv:8348,,,,,,,,,,-1,-1,0
synthetic_cloudtrail.csv:8349,,,,,,,,,,-1,-1,0
synthetic_cloudtrail.csv:8350,,,,,,,,,,-1,-1,0
synthetic_cloudtrail.csv:8351,,,,,,,,,,-1,-1,0
synthetic_cloudtrail.csv:8352,,,,,,,,,,-1,-1,0
synthetic_cloudtrail.csv:8353,,,,,,,,,,-1,-1,0
synthetic_cloudtrail.csv:8354,,,,,,,,,,-1,-1,0
synthetic_cloudtrail.csv:8355,,,,,,,,,,-1,-1,0
synthetic_cloudtrail.csv:8356,,,,,,,,,,-1,-1,0
synthetic_cloudtrail.csv:8357,,,,,,,,,,-1,-1,0
synthetic_cloudtrail.csv:8358,,,,,,,,,,-1,-1,0
synthetic_cloudtrail.csv:8359,,,,,,,,,,-1,-1,0
synthetic_cloudtrail.csv:8360,,,,,,,,,,-1,-1,0
synthetic_cloudtrail.csv:8361,,,,,,,,,,-1,-1,0
synthetic_cloudtrail.csv:8362,,,,,,,,,,-1,-1,0
synthetic_cloudtrail.csv:8363,,,,,,,,,,-1,-1,0
synthetic_cloudtrail.csv:8364,,,,,,,,,,-1,-1,0
synthetic_cloudtrail.csv:8365,,,,,,,,,,-1,-1,0
synthetic_cloudtrail.csv:8366,,,,,,,,,,-1,-1,0
synthetic_cloudtrail.csv:8367,,,,,,,,,,-1,-1,0
synthetic_cloudtrail.csv:8368,,,,,,,,,,-1,-1,0
synthetic_cloudtrail.csv:8369,,,,,,,,,,-1,-1,0
synthetic_cloudtrail.csv:8370,,,,,,,,,,-1,-1,0
synthetic_cloudtrail.csv:8371,,,,,,,,,,-1,-1,0
synthetic_cloudtrail.csv:8372,,,,,,,,,,-1,-1,0
synthetic_cloudtrail.csv:8373,,,,,,,,,,-1,-1,0
synthetic_cloudtrail.csv:8374,,,,,,,,,,-1,-1,0
synthetic_cloudtrail.csv:8375,,,,,,,,,,-1,-1,0
synthetic_cloudtrail.csv:8376,,,,,,,,,,-1,-1,0
synthetic_cloudtrail.csv:8377,,,,,,,,,,-1,-1,0
synthetic_cloudtrail.csv:8378,,,,,,,,,,-1,-1,0
synthetic_cloudtrail.csv:8379,,,,,,,,,,-1,-1,0
synthetic_cloudtrail.csv:8380,,,,,,,,,,-1,-1,0
synthetic_cloudtrail.csv:8381,,,,,,,,,,-1,-1,0
synthetic_cloudtrail.csv:8382,,,,,,,,,,-1,-1,0
synthetic_cloudtrail.csv:8383,,,,,,,,,,-1,-1,0
synthetic_cloudtrail.csv:8384,,,,,,,,,,-1,-1,0
synthetic_cloudtrail.csv:8385,,,,,,,,,,-1,-1,0
synthetic_cloudtrail.csv:8386,,,,,,,,,,-1,-1,0
synthetic_cloudtrail.csv:8387,,,,,,,,,,-1,-1,0
synthetic_cloudtrail.csv:8388,,,,,,,,,,-1,-1,0
synthetic_cloudtrail.csv:8389,camp-rpjnzvlqcwqq,create_policy_version,reconnaissance,create_policy_version,,,,,,-1,-1,0
synthetic_cloudtrail.csv:8390,camp-rpjnzvlqcwqq,create_policy_version,reconnaissance,create_policy_version,,,,,,-1,-1,0
synthetic_cloudtrail.csv:8391,camp-rpjnzvlqcwqq,create_policy_version,reconnaissance,create_policy_version,,,,,,-1,-1,0
synthetic_cloudtrail.csv:8392,camp-rpjnzvlqcwqq,create_policy_version,reconnaissance,create_policy_version,,,,,,-1,-1,0
synthetic_cloudtrail.csv:8393,camp-rpjnzvlqcwqq,create_policy_version,reconnaissance,create_policy_version,,,,,,-1,-1,0
synthetic_cloudtrail.csv:8394,camp-rpjnzvlqcwqq,create_policy_version,reconnaissance,create_policy_version,,,,,,-1,-1,0
synthetic_cloudtrail.csv:8395,camp-rpjnzvlqcwqq,create_policy_version,privilege-escalation,create_policy_version,evt-fgzdygxasttk,,evt-fgzdygxasttk,s3:GetObject,iam:*;s3:*,0,0,1
synthetic_cloudtrail.csv:8396,camp-rpjnzvlqcwqq,create_policy_version,privilege-escalation,create_policy_version,evt-soinsvdwyllu,evt-fgzdygxasttk,evt-fgzdygxasttk,,,1,0,1
synthetic_cloudtrail.csv:8397,camp-rpjnzvlqcwqq,create_policy_version,,create_policy_version,,,,,,-1,-1,0
synthetic_cloudtrail.csv:8398,camp-rpjnzvlqcwqq,create_policy_version,,create_policy_version,,,,,,-1,-1,0
synthetic_cloudtrail.csv:8399,camp-rpjnzvlqcwqq,create_policy_version,,create_policy_version,,,,,,-1,-1,0
synthetic_cloudtrail.csv:8400,camp-rpjnzvlqcwqq,create_policy_version,,create_policy_version,,,,,,-1,-1,0
synthetic_cloudtrail.csv:8401,,,,,,,,,,-1,-1,0
synthetic_cloudtrail.csv:8402,,,,,,,,,,-1,-1,0
synthetic_cloudtrail.csv:8403,,,,,,,,,,-1,-1,0
synthetic_cloudtrail.csv:8404,,,,,,,,,,-1,-1,0
synthetic_cloudtrail.csv:8405,,,,,,,,,,-1,-1,0
synthetic_cloudtrail.csv:8406,,,,,,,,,,-1,-1,0
synthetic_cloudtrail.csv:8407,,,,,,,,,,-1,-1,0
synthetic_cloudtrail.csv:8408,,,,,,,,,,-1,-1,0
synthetic_cloudtrail.csv:8409,,,,,,,,,,-1,-1,0
synthetic_cloudtrail.csv:8410,,,,,,,,,,-1,-1,0
synthetic_cloudtrail.csv:8411,,,,,,,,,,-1,-1,0
synthetic_cloudtrail.csv:8412,,,,,,,,,,-1,-1,0
synthetic_cloudtrail.csv:8413,,,,,,,,,,-1,-1,0
synthetic_cloudtrail.csv:8414,,,,,,,,,,-1,-1,0
synthetic_cloudtrail.csv:8415,,,,,,,,,,-1,-1,0
synthetic_cloudtrail.csv:8416,,,,,,,,,,-1,-1,0
synthetic_cloudtrail.csv:8417,,,,,,,,,,-1,-1,0
synthetic_cloudtrail.csv:8418,,,,,,,,,,-1,-1,0
synthetic_cloudtrail.csv:8419,,,,,,,,,,-1,-1,0
synthetic_cloudtrail.csv:8420,,,,,,,,,,-1,-1,0
synthetic_cloudtrail.csv:8421,,,,,,,,,,-1,-1,0
synthetic_cloudtrail.csv:8422,,,,,,,,,,-1,-1,0
synthetic_cloudtrail.csv:8423,,,,,,,,,,-1,-1,0
synthetic_cloudtrail.csv:8424,,,,,,,,,,-1,-1,0
synthetic_cloudtrail.csv:8425,,,,,,,,,,-1,-1,0
synthetic_cloudtrail.csv:8426,,,,,,,,,,-1,-1,0
synthetic_cloudtrail.csv:8427,,,,,,,,,,-1,-1,0
synthetic_cloudtrail.csv:8428,,,,,,,,,,-1,-1,0
synthetic_cloudtrail.csv:8429,,,,,,,,,,-1,-1,0
synthetic_cloudtrail.csv:8430,,,,,,,,,,-1,-1,0
synthetic_cloudtrail.csv:8431,,,,,,,,,,-1,-1,0
synthetic_cloudtrail.csv:8432,,,,,,,,,,-1,-1,0
synthetic_cloudtrail.csv:8433,,,,,,,,,,-1,-1,0
synthetic_cloudtrail.csv:8434,,,,,,,,,,-1,-1,0
synthetic_cloudtrail.csv:8435,,,,,,,,,,-1,-1,0
synthetic_cloudtrail.csv:8436,,,,,,,,,,-1,-1,0
synthetic_cloudtrail.csv:8437,,,,,,,,,,-1,-1,0
synthetic_cloudtrail.csv:8438,,,,,,,,,,-1,-1,0
synthetic_cloudtrail.csv:8439,,,,,,,,,,-1,-1,0
synthetic_cloudtrail.csv:8440,,,,,,,,,,-1,-1,0
synthetic_cloudtrail.csv:8441,,,,,,,,,,-1,-1,0
synthetic_cloudtrail.csv:8442,,,,,,,,,,-1,-1,0
synthetic_cloudtrail.csv:8443,,,,,,,,,,-1,-1,0
synthetic_cloudtrail.csv:8444,,,,,,,,,,-1,-1,0
synthetic_cloudtrail.csv:8445,,,,,,,,,,-1,-1,0
synthetic_cloudtrail.csv:8446,,,,,,,,,,-1,-1,0
synthetic_cloudtrail.csv:8447,,,,,,,,,,-1,-1,0
synthetic_cloudtrail.csv:8448,,,,,,,,,,-1,-1,0
synthetic_cloudtrail.csv:8449,,,,,,,,,,-1,-1,0
synthetic_cloudtrail.csv:8450,,,,,,,,,,-1,-1,0
synthetic_cloudtrail.csv:8451,,,,,,,,,,-1,-1,0
synthetic_cloudtrail.csv:8452,,,,,,,,,,-1,-1,0
synthetic_cloudtrail.csv:8453,,,,,,,,,,-1,-1,0
synthetic_cloudtrail.csv:8454,,,,,,,,,,-1,-1,0
synthetic_cloudtrail.csv:8455,,,,,,,,,,-1,-1,0
synthetic_cloudtrail.csv:8456,,,,,,,,,,-1,-1,0
synthetic_cloudtrail.csv:8457,,,,,,,,,,-1,-1,0
synthetic_cloudtrail.csv:8458,camp-gcfkfaobbsvi,update_assume_role_policy,reconnaissance,update_assume_role_policy,,,,,,-1,-1,0
synthetic_cloudtrail.csv:8459,,,,,,,,,,-1,-1,0
synthetic_cloudtrail.csv:8460,camp-gcfkfaobbsvi,update_assume_role_policy,reconnaissance,update_assume_role_policy,,,,,,-1,-1,0
synthetic_cloudtrail.csv:8461,camp-gcfkfaobbsvi,update_assume_role_policy,reconnaissance,update_assume_role_policy,,,,,,-1,-1,0
synthetic_cloudtrail.csv:8462,camp-gcfkfaobbsvi,update_assume_role_policy,reconnaissance,update_assume_role_policy,,,,,,-1,-1,0
synthetic_cloudtrail.csv:8463,camp-gcfkfaobbsvi,update_assume_role_policy,reconnaissance,update_assume_role_policy,,,,,,-1,-1,0
synthetic_cloudtrail.csv:8464,camp-gcfkfaobbsvi,update_assume_role_policy,persistence,update_assume_role_policy,evt-fhkjppxwnztj,,evt-fhkjppxwnztj,,sts:AssumeRole/*,0,0,1
synthetic_cloudtrail.csv:8465,,,,,,,,,,-1,-1,0
synthetic_cloudtrail.csv:8466,camp-gcfkfaobbsvi,update_assume_role_policy,privilege-escalation,update_assume_role_policy,evt-sgbbvszernva,evt-fhkjppxwnztj,evt-fhkjppxwnztj,,,1,0,1
synthetic_cloudtrail.csv:8467,,,,,,,,,,-1,-1,0
synthetic_cloudtrail.csv:8468,camp-gcfkfaobbsvi,update_assume_role_policy,credential-access,update_assume_role_policy,evt-niyuspnzcmzs,evt-sgbbvszernva,evt-fhkjppxwnztj,,,2,1,1
synthetic_cloudtrail.csv:8469,camp-gcfkfaobbsvi,update_assume_role_policy,,update_assume_role_policy,,,,,,-1,-1,0
synthetic_cloudtrail.csv:8470,camp-gcfkfaobbsvi,update_assume_role_policy,,update_assume_role_policy,,,,,,-1,-1,0
synthetic_cloudtrail.csv:8471,,,,,,,,,,-1,-1,0
synthetic_cloudtrail.csv:8472,,,,,,,,,,-1,-1,0
synthetic_cloudtrail.csv:8473,camp-gcfkfaobbsvi,update_assume_role_policy,,update_assume_role_policy,,,,,,-1,-1,0
synthetic_cloudtrail.csv:8474,,,,,,,,,,-1,-1,0
synthetic_cloudtrail.csv:8475,camp-gcfkfaobbsvi,update_assume_role_policy,,update_assume_role_policy,,,,,,-1,-1,0
synthetic_cloudtrail.csv:8476,,,,,,,,,,-1,-1,0
synthetic_cloudtrail.csv:8477,,,,,,,,,,-1,-1,0
synthetic_cloudtrail.csv:8478,,,,,,,,,,-1,-1,0
synthetic_cloudtrail.csv:8479,,,,,,,,,,-1,-1,0
synthetic_cloudtrail.csv:8480,,,,,,,,,,-1,-1,0
synthetic_cloudtrail.csv:8481,,,,,,,,,,-1,-1,0
synthetic_cloudtrail.csv:8482,,,,,,,,,,-1,-1,0
synthetic_cloudtrail.csv:8483,,,,,,,,,,-1,-1,0
synthetic_cloudtrail.csv:8484,,,,,,,,,,-1,-1,0
synthetic_cloudtrail.csv:8485,,,,,,,,,,-1,-1,0
synthetic_cloudtrail.csv:8486,,,,,,,,,,-1,-1,0
synthetic_cloudtrail.csv:8487,,,,,,,,,,-1,-1,0
synthetic_cloudtrail.csv:8488,,,,,,,,,,-1,-1,0
synthetic_cloudtrail.csv:8489,,,,,,,,,,-1,-1,0
synthetic_cloudtrail.csv:8490,,,,,,,,,,-1,-1,0
synthetic_cloudtrail.csv:8491,,,,,,,,,,-1,-1,0
synthetic_cloudtrail.csv:8492,,,,,,,,,,-1,-1,0
synthetic_cloudtrail.csv:8493,,,,,,,,,,-1,-1,0
synthetic_cloudtrail.csv:8494,,,,,,,,,,-1,-1,0
synthetic_cloudtrail.csv:8495,,,,,,,,,,-1,-1,0
synthetic_cloudtrail.csv:8496,,,,,,,,,,-1,-1,0
synthetic_cloudtrail.csv:8497,,,,,,,,,,-1,-1,0
synthetic_cloudtrail.csv:8498,,,,,,,,,,-1,-1,0
synthetic_cloudtrail.csv:8499,,,,,,,,,,-1,-1,0
synthetic_cloudtrail.csv:8500,,,,,,,,,,-1,-1,0
synthetic_cloudtrail.csv:8501,,,,,,,,,,-1,-1,0
synthetic_cloudtrail.csv:8502,,,,,,,,,,-1,-1,0
synthetic_cloudtrail.csv:8503,,,,,,,,,,-1,-1,0
synthetic_cloudtrail.csv:8504,,,,,,,,,,-1,-1,0
synthetic_cloudtrail.csv:8505,,,,,,,,,,-1,-1,0
synthetic_cloudtrail.csv:8506,,,,,,,,,,-1,-1,0
synthetic_cloudtrail.csv:8507,,,,,,,,,,-1,-1,0
synthetic_cloudtrail.csv:8508,,,,,,,,,,-1,-1,0
synthetic_cloudtrail.csv:8509,,,,,,,,,,-1,-1,0
synthetic_cloudtrail.csv:8510,,,,,,,,,,-1,-1,0
synthetic_cloudtrail.csv:8511,,,,,,,,,,-1,-1,0
synthetic_cloudtrail.csv:8512,,,,,,,,,,-1,-1,0
synthetic_cloudtrail.csv:8513,,,,,,,,,,-1,-1,0
synthetic_cloudtrail.csv:8514,,,,,,,,,,-1,-1,0
synthetic_cloudtrail.csv:8515,,,,,,,,,,-1,-1,0
synthetic_cloudtrail.csv:8516,,,,,,,,,,-1,-1,0
synthetic_cloudtrail.csv:8517,camp-vxgulrlflcxm,ec2_password_data,reconnaissance,ec2_password_data,,,,,,-1,-1,0
synthetic_cloudtrail.csv:8518,camp-vxgulrlflcxm,ec2_password_data,reconnaissance,ec2_password_data,,,,,,-1,-1,0
synthetic_cloudtrail.csv:8519,camp-vxgulrlflcxm,ec2_password_data,reconnaissance,ec2_password_data,,,,,,-1,-1,0
synthetic_cloudtrail.csv:8520,camp-vxgulrlflcxm,ec2_password_data,reconnaissance,ec2_password_data,,,,,,-1,-1,0
synthetic_cloudtrail.csv:8521,camp-vxgulrlflcxm,ec2_password_data,reconnaissance,ec2_password_data,,,,,,-1,-1,0
synthetic_cloudtrail.csv:8522,camp-vxgulrlflcxm,ec2_password_data,reconnaissance,ec2_password_data,,,,,,-1,-1,0
synthetic_cloudtrail.csv:8523,camp-vxgulrlflcxm,ec2_password_data,reconnaissance,ec2_password_data,,,,,,-1,-1,0
synthetic_cloudtrail.csv:8524,camp-vxgulrlflcxm,ec2_password_data,persistence,ec2_password_data,evt-gfcuffpzyhrv,,evt-gfcuffpzyhrv,,,0,0,1
synthetic_cloudtrail.csv:8525,camp-vxgulrlflcxm,ec2_password_data,privilege-escalation,ec2_password_data,evt-gxjwqjpbcfrr,evt-gfcuffpzyhrv,evt-gfcuffpzyhrv,s3:GetObject,iam:*;s3:*;sts:AssumeRole,1,0,1
synthetic_cloudtrail.csv:8526,camp-vxgulrlflcxm,ec2_password_data,credential-access,ec2_password_data,evt-fjbecqslqdqt,evt-gxjwqjpbcfrr,evt-gfcuffpzyhrv,,,2,0,1
synthetic_cloudtrail.csv:8527,camp-vxgulrlflcxm,ec2_password_data,,ec2_password_data,,,,,,-1,-1,0
synthetic_cloudtrail.csv:8528,camp-vxgulrlflcxm,ec2_password_data,,ec2_password_data,,,,,,-1,-1,0
synthetic_cloudtrail.csv:8529,camp-vxgulrlflcxm,ec2_password_data,,ec2_password_data,,,,,,-1,-1,0
synthetic_cloudtrail.csv:8530,camp-vxgulrlflcxm,ec2_password_data,,ec2_password_data,,,,,,-1,-1,0
synthetic_cloudtrail.csv:8531,camp-vxgulrlflcxm,ec2_password_data,,ec2_password_data,,,,,,-1,-1,0
synthetic_cloudtrail.csv:8532,,,,,,,,,,-1,-1,0
synthetic_cloudtrail.csv:8533,,,,,,,,,,-1,-1,0
synthetic_cloudtrail.csv:8534,,,,,,,,,,-1,-1,0
synthetic_cloudtrail.csv:8535,,,,,,,,,,-1,-1,0
synthetic_cloudtrail.csv:8536,,,,,,,,,,-1,-1,0
synthetic_cloudtrail.csv:8537,,,,,,,,,,-1,-1,0
synthetic_cloudtrail.csv:8538,,,,,,,,,,-1,-1,0
synthetic_cloudtrail.csv:8539,,,,,,,,,,-1,-1,0
synthetic_cloudtrail.csv:8540,,,,,,,,,,-1,-1,0
synthetic_cloudtrail.csv:8541,,,,,,,,,,-1,-1,0
synthetic_cloudtrail.csv:8542,,,,,,,,,,-1,-1,0
synthetic_cloudtrail.csv:8543,,,,,,,,,,-1,-1,0
synthetic_cloudtrail.csv:8544,,,,,,,,,,-1,-1,0
synthetic_cloudtrail.csv:8545,,,,,,,,,,-1,-1,0
synthetic_cloudtrail.csv:8546,,,,,,,,,,-1,-1,0
synthetic_cloudtrail.csv:8547,,,,,,,,,,-1,-1,0
synthetic_cloudtrail.csv:8548,,,,,,,,,,-1,-1,0
synthetic_cloudtrail.csv:8549,,,,,,,,,,-1,-1,0
synthetic_cloudtrail.csv:8550,,,,,,,,,,-1,-1,0
synthetic_cloudtrail.csv:8551,,,,,,,,,,-1,-1,0
synthetic_cloudtrail.csv:8552,,,,,,,,,,-1,-1,0
synthetic_cloudtrail.csv:8553,,,,,,,,,,-1,-1,0
synthetic_cloudtrail.csv:8554,,,,,,,,,,-1,-1,0
synthetic_cloudtrail.csv:8555,,,,,,,,,,-1,-1,0
synthetic_cloudtrail.csv:8556,,,,,,,,,,-1,-1,0
synthetic_cloudtrail.csv:8557,,,,,,,,,,-1,-1,0
synthetic_cloudtrail.csv:8558,,,,,,,,,,-1,-1,0
synthetic_cloudtrail.csv:8559,,,,,,,,,,-1,-1,0
synthetic_cloudtrail.csv:8560,,,,,,,,,,-1,-1,0
synthetic_cloudtrail.csv:8561,,,,,,,,,,-1,-1,0
synthetic_cloudtrail.csv:8562,,,,,,,,,,-1,-1,0
synthetic_cloudtrail.csv:8563,,,,,,,,,,-1,-1,0
synthetic_cloudtrail.csv:8564,,,,,,,,,,-1,-1,0
synthetic_cloudtrail.csv:8565,,,,,,,,,,-1,-1,0
synthetic_cloudtrail.csv:8566,,,,,,,,,,-1,-1,0
synthetic_cloudtrail.csv:8567,,,,,,,,,,-1,-1,0
synthetic_cloudtrail.csv:8568,,,,,,,,,,-1,-1,0
synthetic_cloudtrail.csv:8569,,,,,,,,,,-1,-1,0
synthetic_cloudtrail.csv:8570,,,,,,,,,,-1,-1,0
synthetic_cloudtrail.csv:8571,,,,,,,,,,-1,-1,0
synthetic_cloudtrail.csv:8572,,,,,,,,,,-1,-1,0
synthetic_cloudtrail.csv:8573,,,,,,,,,,-1,-1,0
synthetic_cloudtrail.csv:8574,,,,,,,,,,-1,-1,0
synthetic_cloudtrail.csv:8575,,,,,,,,,,-1,-1,0
synthetic_cloudtrail.csv:8576,,,,,,,,,,-1,-1,0
synthetic_cloudtrail.csv:8577,,,,,,,,,,-1,-1,0
synthetic_cloudtrail.csv:8578,,,,,,,,,,-1,-1,0
synthetic_cloudtrail.csv:8579,,,,,,,,,,-1,-1,0
synthetic_cloudtrail.csv:8580,,,,,,,,,,-1,-1,0
synthetic_cloudtrail.csv:8581,,,,,,,,,,-1,-1,0
synthetic_cloudtrail.csv:8582,,,,,,,,,,-1,-1,0
synthetic_cloudtrail.csv:8583,,,,,,,,,,-1,-1,0
synthetic_cloudtrail.csv:8584,camp-jzglwrrfigeg,update_role_inline_policy,reconnaissance,update_role_inline_policy,,,,,,-1,-1,0
synthetic_cloudtrail.csv:8585,camp-jzglwrrfigeg,update_role_inline_policy,reconnaissance,update_role_inline_policy,,,,,,-1,-1,0
synthetic_cloudtrail.csv:8586,camp-jzglwrrfigeg,update_role_inline_policy,reconnaissance,update_role_inline_policy,,,,,,-1,-1,0
synthetic_cloudtrail.csv:8587,camp-jzglwrrfigeg,update_role_inline_policy,reconnaissance,update_role_inline_policy,,,,,,-1,-1,0
synthetic_cloudtrail.csv:8588,camp-jzglwrrfigeg,update_role_inline_policy,reconnaissance,update_role_inline_policy,,,,,,-1,-1,0
synthetic_cloudtrail.csv:8589,camp-jzglwrrfigeg,update_role_inline_policy,reconnaissance,update_role_inline_policy,,,,,,-1,-1,0
synthetic_cloudtrail.csv:8590,camp-jzglwrrfigeg,update_role_inline_policy,privilege-escalation,update_role_inline_policy,evt-xxshldpcspdj,,evt-xxshldpcspdj,s3:GetObject,iam:*;s3:*;sts:AssumeRole,0,0,1
synthetic_cloudtrail.csv:8591,camp-jzglwrrfigeg,update_role_inline_policy,,update_role_inline_policy,,,,,,-1,-1,0
synthetic_cloudtrail.csv:8592,camp-jzglwrrfigeg,update_role_inline_policy,,update_role_inline_policy,,,,,,-1,-1,0
synthetic_cloudtrail.csv:8593,,,,,,,,,,-1,-1,0
synthetic_cloudtrail.csv:8594,,,,,,,,,,-1,-1,0
synthetic_cloudtrail.csv:8595,,,,,,,,,,-1,-1,0
synthetic_cloudtrail.csv:8596,,,,,,,,,,-1,-1,0
synthetic_cloudtrail.csv:8597,,,,,,,,,,-1,-1,0
synthetic_cloudtrail.csv:8598,,,,,,,,,,-1,-1,0
synthetic_cloudtrail.csv:8599,,,,,,,,,,-1,-1,0
synthetic_cloudtrail.csv:8600,,,,,,,,,,-1,-1,0
synthetic_cloudtrail.csv:8601,,,,,,,,,,-1,-1,0
synthetic_cloudtrail.csv:8602,,,,,,,,,,-1,-1,0
synthetic_cloudtrail.csv:8603,,,,,,,,,,-1,-1,0
synthetic_cloudtrail.csv:8604,,,,,,,,,,-1,-1,0
synthetic_cloudtrail.csv:8605,,,,,,,,,,-1,-1,0
synthetic_cloudtrail.csv:8606,,,,,,,,,,-1,-1,0
synthetic_cloudtrail.csv:8607,,,,,,,,,,-1,-1,0
synthetic_cloudtrail.csv:8608,,,,,,,,,,-1,-1,0
synthetic_cloudtrail.csv:8609,,,,,,,,,,-1,-1,0
synthetic_cloudtrail.csv:8610,,,,,,,,,,-1,-1,0
synthetic_cloudtrail.csv:8611,,,,,,,,,,-1,-1,0
synthetic_cloudtrail.csv:8612,,,,,,,,,,-1,-1,0
synthetic_cloudtrail.csv:8613,,,,,,,,,,-1,-1,0
synthetic_cloudtrail.csv:8614,,,,,,,,,,-1,-1,0
synthetic_cloudtrail.csv:8615,,,,,,,,,,-1,-1,0
synthetic_cloudtrail.csv:8616,,,,,,,,,,-1,-1,0
synthetic_cloudtrail.csv:8617,,,,,,,,,,-1,-1,0
synthetic_cloudtrail.csv:8618,,,,,,,,,,-1,-1,0
synthetic_cloudtrail.csv:8619,,,,,,,,,,-1,-1,0
synthetic_cloudtrail.csv:8620,,,,,,,,,,-1,-1,0
synthetic_cloudtrail.csv:8621,,,,,,,,,,-1,-1,0
synthetic_cloudtrail.csv:8622,,,,,,,,,,-1,-1,0
synthetic_cloudtrail.csv:8623,,,,,,,,,,-1,-1,0
synthetic_cloudtrail.csv:8624,,,,,,,,,,-1,-1,0
synthetic_cloudtrail.csv:8625,,,,,,,,,,-1,-1,0
synthetic_cloudtrail.csv:8626,,,,,,,,,,-1,-1,0
synthetic_cloudtrail.csv:8627,,,,,,,,,,-1,-1,0
synthetic_cloudtrail.csv:8628,,,,,,,,,,-1,-1,0
synthetic_cloudtrail.csv:8629,,,,,,,,,,-1,-1,0
synthetic_cloudtrail.csv:8630,,,,,,,,,,-1,-1,0
synthetic_cloudtrail.csv:8631,,,,,,,,,,-1,-1,0
synthetic_cloudtrail.csv:8632,,,,,,,,,,-1,-1,0
synthetic_cloudtrail.csv:8633,,,,,,,,,,-1,-1,0
synthetic_cloudtrail.csv:8634,,,,,,,,,,-1,-1,0
synthetic_cloudtrail.csv:8635,,,,,,,,,,-1,-1,0
synthetic_cloudtrail.csv:8636,,,,,,,,,,-1,-1,0
synthetic_cloudtrail.csv:8637,,,,,,,,,,-1,-1,0
synthetic_cloudtrail.csv:8638,,,,,,,,,,-1,-1,0
synthetic_cloudtrail.csv:8639,,,,,,,,,,-1,-1,0
synthetic_cloudtrail.csv:8640,,,,,,,,,,-1,-1,0
synthetic_cloudtrail.csv:8641,,,,,,,,,,-1,-1,0
synthetic_cloudtrail.csv:8642,,,,,,,,,,-1,-1,0
synthetic_cloudtrail.csv:8643,,,,,,,,,,-1,-1,0
synthetic_cloudtrail.csv:8644,,,,,,,,,,-1,-1,0
synthetic_cloudtrail.csv:8645,,,,,,,,,,-1,-1,0
synthetic_cloudtrail.csv:8646,,,,,,,,,,-1,-1,0
synthetic_cloudtrail.csv:8647,,,,,,,,,,-1,-1,0
synthetic_cloudtrail.csv:8648,,,,,,,,,,-1,-1,0
synthetic_cloudtrail.csv:8649,,,,,,,,,,-1,-1,0
synthetic_cloudtrail.csv:8650,,,,,,,,,,-1,-1,0
synthetic_cloudtrail.csv:8651,,,,,,,,,,-1,-1,0
synthetic_cloudtrail.csv:8652,,,,,,,,,,-1,-1,0
synthetic_cloudtrail.csv:8653,,,,,,,,,,-1,-1,0
synthetic_cloudtrail.csv:8654,camp-xvfqafznajdt,ssm_parameter_harvest,reconnaissance,ssm_parameter_harvest,,,,,,-1,-1,0
synthetic_cloudtrail.csv:8655,camp-xvfqafznajdt,ssm_parameter_harvest,reconnaissance,ssm_parameter_harvest,,,,,,-1,-1,0
synthetic_cloudtrail.csv:8656,camp-xvfqafznajdt,ssm_parameter_harvest,reconnaissance,ssm_parameter_harvest,,,,,,-1,-1,0
synthetic_cloudtrail.csv:8657,camp-xvfqafznajdt,ssm_parameter_harvest,reconnaissance,ssm_parameter_harvest,,,,,,-1,-1,0
synthetic_cloudtrail.csv:8658,camp-xvfqafznajdt,ssm_parameter_harvest,reconnaissance,ssm_parameter_harvest,,,,,,-1,-1,0
synthetic_cloudtrail.csv:8659,camp-xvfqafznajdt,ssm_parameter_harvest,credential-access,ssm_parameter_harvest,evt-xpxbgjjmiqmy,,evt-xpxbgjjmiqmy,,,0,0,1
synthetic_cloudtrail.csv:8660,camp-xvfqafznajdt,ssm_parameter_harvest,credential-access,ssm_parameter_harvest,evt-pgcdlcmmybnz,evt-xpxbgjjmiqmy,evt-xpxbgjjmiqmy,,,1,0,1
synthetic_cloudtrail.csv:8661,camp-xvfqafznajdt,ssm_parameter_harvest,credential-access,ssm_parameter_harvest,evt-ppuephtlzljx,evt-pgcdlcmmybnz,evt-xpxbgjjmiqmy,,,2,0,1
synthetic_cloudtrail.csv:8662,camp-xvfqafznajdt,ssm_parameter_harvest,,ssm_parameter_harvest,,,,,,-1,-1,0
synthetic_cloudtrail.csv:8663,camp-xvfqafznajdt,ssm_parameter_harvest,,ssm_parameter_harvest,,,,,,-1,-1,0
synthetic_cloudtrail.csv:8664,camp-xvfqafznajdt,ssm_parameter_harvest,,ssm_parameter_harvest,,,,,,-1,-1,0
synthetic_cloudtrail.csv:8665,camp-vjoxbwvndqyf,assume_then_backdoor_key,reconnaissance,assume_then_backdoor_key,,,,,,-1,-1,0
synthetic_cloudtrail.csv:8666,camp-vjoxbwvndqyf,assume_then_backdoor_key,reconnaissance,assume_then_backdoor_key,,,,,,-1,-1,0
synthetic_cloudtrail.csv:8667,camp-vjoxbwvndqyf,assume_then_backdoor_key,reconnaissance,assume_then_backdoor_key,,,,,,-1,-1,0
synthetic_cloudtrail.csv:8668,camp-vjoxbwvndqyf,assume_then_backdoor_key,reconnaissance,assume_then_backdoor_key,,,,,,-1,-1,0
synthetic_cloudtrail.csv:8669,camp-vjoxbwvndqyf,assume_then_backdoor_key,privilege-escalation,assume_then_backdoor_key,evt-fchyhztnccch,,evt-fchyhztnccch,,,0,0,1
synthetic_cloudtrail.csv:8670,camp-vjoxbwvndqyf,assume_then_backdoor_key,persistence,assume_then_backdoor_key,evt-zmawgzqbihke,evt-fchyhztnccch,evt-fchyhztnccch,,,1,1,1
synthetic_cloudtrail.csv:8671,camp-vjoxbwvndqyf,assume_then_backdoor_key,privilege-escalation,assume_then_backdoor_key,evt-dfaqpotplwrv,evt-zmawgzqbihke,evt-fchyhztnccch,s3:GetObject,iam:*;s3:*;sts:AssumeRole,2,1,1
synthetic_cloudtrail.csv:8672,camp-vjoxbwvndqyf,assume_then_backdoor_key,,assume_then_backdoor_key,,,,,,-1,-1,0
synthetic_cloudtrail.csv:8673,camp-vjoxbwvndqyf,assume_then_backdoor_key,,assume_then_backdoor_key,,,,,,-1,-1,0
synthetic_cloudtrail.csv:8674,camp-vjoxbwvndqyf,assume_then_backdoor_key,,assume_then_backdoor_key,,,,,,-1,-1,0
synthetic_cloudtrail.csv:8675,camp-vjoxbwvndqyf,assume_then_backdoor_key,,assume_then_backdoor_key,,,,,,-1,-1,0
synthetic_cloudtrail.csv:8676,camp-vjoxbwvndqyf,assume_then_backdoor_key,,assume_then_backdoor_key,,,,,,-1,-1,0
synthetic_cloudtrail.csv:8677,,,,,,,,,,-1,-1,0
synthetic_cloudtrail.csv:8678,,,,,,,,,,-1,-1,0
synthetic_cloudtrail.csv:8679,,,,,,,,,,-1,-1,0
synthetic_cloudtrail.csv:8680,,,,,,,,,,-1,-1,0
synthetic_cloudtrail.csv:8681,,,,,,,,,,-1,-1,0
synthetic_cloudtrail.csv:8682,,,,,,,,,,-1,-1,0
synthetic_cloudtrail.csv:8683,,,,,,,,,,-1,-1,0
synthetic_cloudtrail.csv:8684,,,,,,,,,,-1,-1,0
synthetic_cloudtrail.csv:8685,,,,,,,,,,-1,-1,0
synthetic_cloudtrail.csv:8686,,,,,,,,,,-1,-1,0
synthetic_cloudtrail.csv:8687,,,,,,,,,,-1,-1,0
synthetic_cloudtrail.csv:8688,,,,,,,,,,-1,-1,0
synthetic_cloudtrail.csv:8689,,,,,,,,,,-1,-1,0
synthetic_cloudtrail.csv:8690,,,,,,,,,,-1,-1,0
synthetic_cloudtrail.csv:8691,,,,,,,,,,-1,-1,0
synthetic_cloudtrail.csv:8692,,,,,,,,,,-1,-1,0
synthetic_cloudtrail.csv:8693,,,,,,,,,,-1,-1,0
synthetic_cloudtrail.csv:8694,,,,,,,,,,-1,-1,0
synthetic_cloudtrail.csv:8695,,,,,,,,,,-1,-1,0
synthetic_cloudtrail.csv:8696,,,,,,,,,,-1,-1,0
synthetic_cloudtrail.csv:8697,,,,,,,,,,-1,-1,0
synthetic_cloudtrail.csv:8698,,,,,,,,,,-1,-1,0
synthetic_cloudtrail.csv:8699,,,,,,,,,,-1,-1,0
synthetic_cloudtrail.csv:8700,,,,,,,,,,-1,-1,0
synthetic_cloudtrail.csv:8701,,,,,,,,,,-1,-1,0
synthetic_cloudtrail.csv:8702,,,,,,,,,,-1,-1,0
synthetic_cloudtrail.csv:8703,,,,,,,,,,-1,-1,0
synthetic_cloudtrail.csv:8704,,,,,,,,,,-1,-1,0
synthetic_cloudtrail.csv:8705,,,,,,,,,,-1,-1,0
synthetic_cloudtrail.csv:8706,,,,,,,,,,-1,-1,0
synthetic_cloudtrail.csv:8707,,,,,,,,,,-1,-1,0
synthetic_cloudtrail.csv:8708,,,,,,,,,,-1,-1,0
synthetic_cloudtrail.csv:8709,,,,,,,,,,-1,-1,0
synthetic_cloudtrail.csv:8710,,,,,,,,,,-1,-1,0
synthetic_cloudtrail.csv:8711,,,,,,,,,,-1,-1,0
synthetic_cloudtrail.csv:8712,,,,,,,,,,-1,-1,0
synthetic_cloudtrail.csv:8713,,,,,,,,,,-1,-1,0
synthetic_cloudtrail.csv:8714,,,,,,,,,,-1,-1,0
synthetic_cloudtrail.csv:8715,,,,,,,,,,-1,-1,0
synthetic_cloudtrail.csv:8716,,,,,,,,,,-1,-1,0
synthetic_cloudtrail.csv:8717,,,,,,,,,,-1,-1,0
synthetic_cloudtrail.csv:8718,,,,,,,,,,-1,-1,0
synthetic_cloudtrail.csv:8719,,,,,,,,,,-1,-1,0
synthetic_cloudtrail.csv:8720,,,,,,,,,,-1,-1,0
synthetic_cloudtrail.csv:8721,,,,,,,,,,-1,-1,0
synthetic_cloudtrail.csv:8722,,,,,,,,,,-1,-1,0
synthetic_cloudtrail.csv:8723,,,,,,,,,,-1,-1,0
synthetic_cloudtrail.csv:8724,,,,,,,,,,-1,-1,0
synthetic_cloudtrail.csv:8725,,,,,,,,,,-1,-1,0
synthetic_cloudtrail.csv:8726,,,,,,,,,,-1,-1,0
synthetic_cloudtrail.csv:8727,,,,,,,,,,-1,-1,0
synthetic_cloudtrail.csv:8728,,,,,,,,,,-1,-1,0
synthetic_cloudtrail.csv:8729,,,,,,,,,,-1,-1,0
synthetic_cloudtrail.csv:8730,,,,,,,,,,-1,-1,0
synthetic_cloudtrail.csv:8731,,,,,,,,,,-1,-1,0
synthetic_cloudtrail.csv:8732,,,,,,,,,,-1,-1,0
synthetic_cloudtrail.csv:8733,,,,,,,,,,-1,-1,0
synthetic_cloudtrail.csv:8734,,,,,,,,,,-1,-1,0
synthetic_cloudtrail.csv:8735,,,,,,,,,,-1,-1,0
synthetic_cloudtrail.csv:8736,,,,,,,,,,-1,-1,0
synthetic_cloudtrail.csv:8737,,,,,,,,,,-1,-1,0
synthetic_cloudtrail.csv:8738,camp-tnqpazugtkne,assume_then_backdoor_key,reconnaissance,assume_then_backdoor_key,,,,,,-1,-1,0
synthetic_cloudtrail.csv:8739,camp-zsiaygchvicx,secrets_manager_sweep,reconnaissance,secrets_manager_sweep,,,,,,-1,-1,0
synthetic_cloudtrail.csv:8740,camp-zsiaygchvicx,secrets_manager_sweep,reconnaissance,secrets_manager_sweep,,,,,,-1,-1,0
synthetic_cloudtrail.csv:8741,camp-tnqpazugtkne,assume_then_backdoor_key,reconnaissance,assume_then_backdoor_key,,,,,,-1,-1,0
synthetic_cloudtrail.csv:8742,camp-zsiaygchvicx,secrets_manager_sweep,reconnaissance,secrets_manager_sweep,,,,,,-1,-1,0
synthetic_cloudtrail.csv:8743,camp-tnqpazugtkne,assume_then_backdoor_key,reconnaissance,assume_then_backdoor_key,,,,,,-1,-1,0
synthetic_cloudtrail.csv:8744,camp-zsiaygchvicx,secrets_manager_sweep,reconnaissance,secrets_manager_sweep,,,,,,-1,-1,0
synthetic_cloudtrail.csv:8745,camp-tnqpazugtkne,assume_then_backdoor_key,reconnaissance,assume_then_backdoor_key,,,,,,-1,-1,0
synthetic_cloudtrail.csv:8746,camp-zsiaygchvicx,secrets_manager_sweep,reconnaissance,secrets_manager_sweep,,,,,,-1,-1,0
synthetic_cloudtrail.csv:8747,camp-tnqpazugtkne,assume_then_backdoor_key,reconnaissance,assume_then_backdoor_key,,,,,,-1,-1,0
synthetic_cloudtrail.csv:8748,camp-zsiaygchvicx,secrets_manager_sweep,reconnaissance,secrets_manager_sweep,,,,,,-1,-1,0
synthetic_cloudtrail.csv:8749,camp-tnqpazugtkne,assume_then_backdoor_key,reconnaissance,assume_then_backdoor_key,,,,,,-1,-1,0
synthetic_cloudtrail.csv:8750,camp-zsiaygchvicx,secrets_manager_sweep,reconnaissance,secrets_manager_sweep,,,,,,-1,-1,0
synthetic_cloudtrail.csv:8751,camp-zsiaygchvicx,secrets_manager_sweep,credential-access,secrets_manager_sweep,evt-wrhbroqrepzz,evt-wamivmzvtfzb,evt-sxcibbpmphfk,,,2,0,1
synthetic_cloudtrail.csv:8752,camp-zsiaygchvicx,secrets_manager_sweep,credential-access,secrets_manager_sweep,evt-wamivmzvtfzb,evt-sxcibbpmphfk,evt-sxcibbpmphfk,,,1,0,1
synthetic_cloudtrail.csv:8753,camp-zsiaygchvicx,secrets_manager_sweep,reconnaissance,secrets_manager_sweep,,,,,,-1,-1,0
synthetic_cloudtrail.csv:8754,camp-zsiaygchvicx,secrets_manager_sweep,credential-access,secrets_manager_sweep,evt-sxcibbpmphfk,,evt-sxcibbpmphfk,,,0,0,1
synthetic_cloudtrail.csv:8755,camp-tnqpazugtkne,assume_then_backdoor_key,privilege-escalation,assume_then_backdoor_key,evt-olgpsigqankc,,evt-olgpsigqankc,,,0,0,1
synthetic_cloudtrail.csv:8756,camp-tnqpazugtkne,assume_then_backdoor_key,persistence,assume_then_backdoor_key,evt-hywxspuafhwk,evt-olgpsigqankc,evt-olgpsigqankc,,,1,1,1
synthetic_cloudtrail.csv:8757,camp-tnqpazugtkne,assume_then_backdoor_key,privilege-escalation,assume_then_backdoor_key,evt-zpntyrttnflk,evt-hywxspuafhwk,evt-olgpsigqankc,s3:GetObject,iam:*;s3:*;sts:AssumeRole,2,1,1
synthetic_cloudtrail.csv:8758,camp-zsiaygchvicx,secrets_manager_sweep,,secrets_manager_sweep,,,,,,-1,-1,0
synthetic_cloudtrail.csv:8759,camp-zsiaygchvicx,secrets_manager_sweep,,secrets_manager_sweep,,,,,,-1,-1,0
synthetic_cloudtrail.csv:8760,camp-tnqpazugtkne,assume_then_backdoor_key,,assume_then_backdoor_key,,,,,,-1,-1,0
synthetic_cloudtrail.csv:8761,camp-tnqpazugtkne,assume_then_backdoor_key,,assume_then_backdoor_key,,,,,,-1,-1,0
synthetic_cloudtrail.csv:8762,camp-tnqpazugtkne,assume_then_backdoor_key,,assume_then_backdoor_key,,,,,,-1,-1,0
synthetic_cloudtrail.csv:8763,camp-tnqpazugtkne,assume_then_backdoor_key,,assume_then_backdoor_key,,,,,,-1,-1,0
synthetic_cloudtrail.csv:8764,camp-tnqpazugtkne,assume_then_backdoor_key,,assume_then_backdoor_key,,,,,,-1,-1,0
synthetic_cloudtrail.csv:8765,camp-vmhcxqzegxlz,ssm_parameter_harvest,reconnaissance,ssm_parameter_harvest,,,,,,-1,-1,0
synthetic_cloudtrail.csv:8766,camp-vmhcxqzegxlz,ssm_parameter_harvest,reconnaissance,ssm_parameter_harvest,,,,,,-1,-1,0
synthetic_cloudtrail.csv:8767,camp-vmhcxqzegxlz,ssm_parameter_harvest,reconnaissance,ssm_parameter_harvest,,,,,,-1,-1,0
synthetic_cloudtrail.csv:8768,camp-vmhcxqzegxlz,ssm_parameter_harvest,reconnaissance,ssm_parameter_harvest,,,,,,-1,-1,0
synthetic_cloudtrail.csv:8769,camp-vmhcxqzegxlz,ssm_parameter_harvest,reconnaissance,ssm_parameter_harvest,,,,,,-1,-1,0
synthetic_cloudtrail.csv:8770,camp-vmhcxqzegxlz,ssm_parameter_harvest,credential-access,ssm_parameter_harvest,evt-kuhwefnsmrcf,evt-futzgkmoermv,evt-futzgkmoermv,,,1,0,1
synthetic_cloudtrail.csv:8771,camp-vmhcxqzegxlz,ssm_parameter_harvest,credential-access,ssm_parameter_harvest,evt-epjrofvpynon,evt-kuhwefnsmrcf,evt-futzgkmoermv,,,2,0,1
synthetic_cloudtrail.csv:8772,camp-vmhcxqzegxlz,ssm_parameter_harvest,credential-access,ssm_parameter_harvest,evt-futzgkmoermv,,evt-futzgkmoermv,,,0,0,1
synthetic_cloudtrail.csv:8773,camp-vmhcxqzegxlz,ssm_parameter_harvest,,ssm_parameter_harvest,,,,,,-1,-1,0
synthetic_cloudtrail.csv:8774,camp-vmhcxqzegxlz,ssm_parameter_harvest,,ssm_parameter_harvest,,,,,,-1,-1,0
synthetic_cloudtrail.csv:8775,camp-vmhcxqzegxlz,ssm_parameter_harvest,,ssm_parameter_harvest,,,,,,-1,-1,0
synthetic_cloudtrail.csv:8776,camp-vmhcxqzegxlz,ssm_parameter_harvest,,ssm_parameter_harvest,,,,,,-1,-1,0
synthetic_cloudtrail.csv:8777,camp-vmhcxqzegxlz,ssm_parameter_harvest,,ssm_parameter_harvest,,,,,,-1,-1,0
synthetic_cloudtrail.csv:8778,camp-qcltagfnhfdq,secrets_manager_sweep,reconnaissance,secrets_manager_sweep,,,,,,-1,-1,0
synthetic_cloudtrail.csv:8779,,,,,,,,,,-1,-1,0
synthetic_cloudtrail.csv:8780,camp-qcltagfnhfdq,secrets_manager_sweep,reconnaissance,secrets_manager_sweep,,,,,,-1,-1,0
synthetic_cloudtrail.csv:8781,camp-qcltagfnhfdq,secrets_manager_sweep,reconnaissance,secrets_manager_sweep,,,,,,-1,-1,0
synthetic_cloudtrail.csv:8782,camp-qcltagfnhfdq,secrets_manager_sweep,reconnaissance,secrets_manager_sweep,,,,,,-1,-1,0
synthetic_cloudtrail.csv:8783,,,,,,,,,,-1,-1,0
synthetic_cloudtrail.csv:8784,camp-qcltagfnhfdq,secrets_manager_sweep,credential-access,secrets_manager_sweep,evt-rofplwpvnmik,,evt-rofplwpvnmik,,,0,0,1
synthetic_cloudtrail.csv:8785,camp-qcltagfnhfdq,secrets_manager_sweep,credential-access,secrets_manager_sweep,evt-hcepfdplqqol,evt-rofplwpvnmik,evt-rofplwpvnmik,,,1,0,1
synthetic_cloudtrail.csv:8786,camp-qcltagfnhfdq,secrets_manager_sweep,credential-access,secrets_manager_sweep,evt-beoixuaccetc,evt-hcepfdplqqol,evt-rofplwpvnmik,,,2,0,1
synthetic_cloudtrail.csv:8787,camp-qcltagfnhfdq,secrets_manager_sweep,reconnaissance,secrets_manager_sweep,,,,,,-1,-1,0
synthetic_cloudtrail.csv:8788,,,,,,,,,,-1,-1,0
synthetic_cloudtrail.csv:8789,camp-qcltagfnhfdq,secrets_manager_sweep,,secrets_manager_sweep,,,,,,-1,-1,0
synthetic_cloudtrail.csv:8790,camp-qcltagfnhfdq,secrets_manager_sweep,,secrets_manager_sweep,,,,,,-1,-1,0
synthetic_cloudtrail.csv:8791,,,,,,,,,,-1,-1,0
synthetic_cloudtrail.csv:8792,camp-qcltagfnhfdq,secrets_manager_sweep,,secrets_manager_sweep,,,,,,-1,-1,0
synthetic_cloudtrail.csv:8793,,,,,,,,,,-1,-1,0
synthetic_cloudtrail.csv:8794,,,,,,,,,,-1,-1,0
synthetic_cloudtrail.csv:8795,,,,,,,,,,-1,-1,0
synthetic_cloudtrail.csv:8796,,,,,,,,,,-1,-1,0
synthetic_cloudtrail.csv:8797,,,,,,,,,,-1,-1,0
synthetic_cloudtrail.csv:8798,,,,,,,,,,-1,-1,0
synthetic_cloudtrail.csv:8799,,,,,,,,,,-1,-1,0
synthetic_cloudtrail.csv:8800,,,,,,,,,,-1,-1,0
synthetic_cloudtrail.csv:8801,,,,,,,,,,-1,-1,0
synthetic_cloudtrail.csv:8802,,,,,,,,,,-1,-1,0
synthetic_cloudtrail.csv:8803,,,,,,,,,,-1,-1,0
synthetic_cloudtrail.csv:8804,,,,,,,,,,-1,-1,0
synthetic_cloudtrail.csv:8805,,,,,,,,,,-1,-1,0
synthetic_cloudtrail.csv:8806,,,,,,,,,,-1,-1,0
synthetic_cloudtrail.csv:8807,,,,,,,,,,-1,-1,0
synthetic_cloudtrail.csv:8808,,,,,,,,,,-1,-1,0
synthetic_cloudtrail.csv:8809,,,,,,,,,,-1,-1,0
synthetic_cloudtrail.csv:8810,,,,,,,,,,-1,-1,0
synthetic_cloudtrail.csv:8811,,,,,,,,,,-1,-1,0
synthetic_cloudtrail.csv:8812,,,,,,,,,,-1,-1,0
synthetic_cloudtrail.csv:8813,,,,,,,,,,-1,-1,0
synthetic_cloudtrail.csv:8814,,,,,,,,,,-1,-1,0
synthetic_cloudtrail.csv:8815,,,,,,,,,,-1,-1,0
synthetic_cloudtrail.csv:8816,,,,,,,,,,-1,-1,0
synthetic_cloudtrail.csv:8817,,,,,,,,,,-1,-1,0
synthetic_cloudtrail.csv:8818,,,,,,,,,,-1,-1,0
synthetic_cloudtrail.csv:8819,,,,,,,,,,-1,-1,0
synthetic_cloudtrail.csv:8820,,,,,,,,,,-1,-1,0
synthetic_cloudtrail.csv:8821,,,,,,,,,,-1,-1,0
synthetic_cloudtrail.csv:8822,,,,,,,,,,-1,-1,0
synthetic_cloudtrail.csv:8823,,,,,,,,,,-1,-1,0
synthetic_cloudtrail.csv:8824,,,,,,,,,,-1,-1,0
synthetic_cloudtrail.csv:8825,,,,,,,,,,-1,-1,0
synthetic_cloudtrail.csv:8826,,,,,,,,,,-1,-1,0
synthetic_cloudtrail.csv:8827,,,,,,,,,,-1,-1,0
synthetic_cloudtrail.csv:8828,,,,,,,,,,-1,-1,0
synthetic_cloudtrail.csv:8829,,,,,,,,,,-1,-1,0
synthetic_cloudtrail.csv:8830,camp-dosrbcvciwuq,assume_then_backdoor_key,reconnaissance,assume_then_backdoor_key,,,,,,-1,-1,0
synthetic_cloudtrail.csv:8831,camp-dosrbcvciwuq,assume_then_backdoor_key,reconnaissance,assume_then_backdoor_key,,,,,,-1,-1,0
synthetic_cloudtrail.csv:8832,camp-dosrbcvciwuq,assume_then_backdoor_key,reconnaissance,assume_then_backdoor_key,,,,,,-1,-1,0
synthetic_cloudtrail.csv:8833,camp-dosrbcvciwuq,assume_then_backdoor_key,reconnaissance,assume_then_backdoor_key,,,,,,-1,-1,0
synthetic_cloudtrail.csv:8834,camp-dosrbcvciwuq,assume_then_backdoor_key,privilege-escalation,assume_then_backdoor_key,evt-iuiwxzzflwix,,evt-iuiwxzzflwix,,,0,0,1
synthetic_cloudtrail.csv:8835,camp-dosrbcvciwuq,assume_then_backdoor_key,persistence,assume_then_backdoor_key,evt-iwlyaloucmxu,evt-iuiwxzzflwix,evt-iuiwxzzflwix,,,1,1,1
synthetic_cloudtrail.csv:8836,camp-dosrbcvciwuq,assume_then_backdoor_key,privilege-escalation,assume_then_backdoor_key,evt-piowbyvhydvm,evt-iwlyaloucmxu,evt-iuiwxzzflwix,s3:GetObject,iam:*;s3:*;sts:AssumeRole,2,1,1
synthetic_cloudtrail.csv:8837,camp-dosrbcvciwuq,assume_then_backdoor_key,,assume_then_backdoor_key,,,,,,-1,-1,0
synthetic_cloudtrail.csv:8838,camp-dosrbcvciwuq,assume_then_backdoor_key,,assume_then_backdoor_key,,,,,,-1,-1,0
synthetic_cloudtrail.csv:8839,camp-ukltfyllkacr,create_role_attach_managed_policy,reconnaissance,create_role_attach_managed_policy,,,,,,-1,-1,0
synthetic_cloudtrail.csv:8840,camp-ukltfyllkacr,create_role_attach_managed_policy,reconnaissance,create_role_attach_managed_policy,,,,,,-1,-1,0
synthetic_cloudtrail.csv:8841,camp-ukltfyllkacr,create_role_attach_managed_policy,reconnaissance,create_role_attach_managed_policy,,,,,,-1,-1,0
synthetic_cloudtrail.csv:8842,camp-ukltfyllkacr,create_role_attach_managed_policy,reconnaissance,create_role_attach_managed_policy,,,,,,-1,-1,0
synthetic_cloudtrail.csv:8843,camp-ukltfyllkacr,create_role_attach_managed_policy,reconnaissance,create_role_attach_managed_policy,,,,,,-1,-1,0
synthetic_cloudtrail.csv:8844,camp-ukltfyllkacr,create_role_attach_managed_policy,reconnaissance,create_role_attach_managed_policy,,,,,,-1,-1,0
synthetic_cloudtrail.csv:8845,camp-ukltfyllkacr,create_role_attach_managed_policy,reconnaissance,create_role_attach_managed_policy,,,,,,-1,-1,0
synthetic_cloudtrail.csv:8846,camp-ukltfyllkacr,create_role_attach_managed_policy,reconnaissance,create_role_attach_managed_policy,,,,,,-1,-1,0
synthetic_cloudtrail.csv:8847,camp-ukltfyllkacr,create_role_attach_managed_policy,persistence,create_role_attach_managed_policy,evt-cbsfvjrjbfix,,evt-cbsfvjrjbfix,,,0,0,1
synthetic_cloudtrail.csv:8848,camp-ukltfyllkacr,create_role_attach_managed_policy,privilege-escalation,create_role_attach_managed_policy,evt-gzuvawfecpnk,evt-cbsfvjrjbfix,evt-cbsfvjrjbfix,s3:GetObject;s3:ListBucket,*,1,0,1
synthetic_cloudtrail.csv:8849,camp-ukltfyllkacr,create_role_attach_managed_policy,,create_role_attach_managed_policy,,,,,,-1,-1,0
synthetic_cloudtrail.csv:8850,camp-ukltfyllkacr,create_role_attach_managed_policy,,create_role_attach_managed_policy,,,,,,-1,-1,0
synthetic_cloudtrail.csv:8851,,,,,,,,,,-1,-1,0
synthetic_cloudtrail.csv:8852,,,,,,,,,,-1,-1,0
synthetic_cloudtrail.csv:8853,,,,,,,,,,-1,-1,0
synthetic_cloudtrail.csv:8854,,,,,,,,,,-1,-1,0
synthetic_cloudtrail.csv:8855,,,,,,,,,,-1,-1,0
synthetic_cloudtrail.csv:8856,,,,,,,,,,-1,-1,0
synthetic_cloudtrail.csv:8857,,,,,,,,,,-1,-1,0
synthetic_cloudtrail.csv:8858,,,,,,,,,,-1,-1,0
synthetic_cloudtrail.csv:8859,,,,,,,,,,-1,-1,0
synthetic_cloudtrail.csv:8860,,,,,,,,,,-1,-1,0
synthetic_cloudtrail.csv:8861,,,,,,,,,,-1,-1,0
synthetic_cloudtrail.csv:8862,,,,,,,,,,-1,-1,0
synthetic_cloudtrail.csv:8863,,,,,,,,,,-1,-1,0
synthetic_cloudtrail.csv:8864,,,,,,,,,,-1,-1,0
synthetic_cloudtrail.csv:8865,,,,,,,,,,-1,-1,0
synthetic_cloudtrail.csv:8866,,,,,,,,,,-1,-1,0
synthetic_cloudtrail.csv:8867,,,,,,,,,,-1,-1,0
synthetic_cloudtrail.csv:8868,,,,,,,,,,-1,-1,0
synthetic_cloudtrail.csv:8869,,,,,,,,,,-1,-1,0
synthetic_cloudtrail.csv:8870,,,,,,,,,,-1,-1,0
synthetic_cloudtrail.csv:8871,,,,,,,,,,-1,-1,0
synthetic_cloudtrail.csv:8872,,,,,,,,,,-1,-1,0
synthetic_cloudtrail.csv:8873,,,,,,,,,,-1,-1,0
synthetic_cloudtrail.csv:8874,,,,,,,,,,-1,-1,0
synthetic_cloudtrail.csv:8875,,,,,,,,,,-1,-1,0
synthetic_cloudtrail.csv:8876,,,,,,,,,,-1,-1,0
synthetic_cloudtrail.csv:8877,,,,,,,,,,-1,-1,0
synthetic_cloudtrail.csv:8878,camp-lcedrtviidat,secrets_manager_sweep,reconnaissance,secrets_manager_sweep,,,,,,-1,-1,0
synthetic_cloudtrail.csv:8879,camp-lcedrtviidat,secrets_manager_sweep,reconnaissance,secrets_manager_sweep,,,,,,-1,-1,0
synthetic_cloudtrail.csv:8880,camp-lcedrtviidat,secrets_manager_sweep,reconnaissance,secrets_manager_sweep,,,,,,-1,-1,0
synthetic_cloudtrail.csv:8881,camp-lcedrtviidat,secrets_manager_sweep,reconnaissance,secrets_manager_sweep,,,,,,-1,-1,0
synthetic_cloudtrail.csv:8882,camp-lcedrtviidat,secrets_manager_sweep,reconnaissance,secrets_manager_sweep,,,,,,-1,-1,0
synthetic_cloudtrail.csv:8883,camp-lcedrtviidat,secrets_manager_sweep,reconnaissance,secrets_manager_sweep,,,,,,-1,-1,0
synthetic_cloudtrail.csv:8884,camp-lcedrtviidat,secrets_manager_sweep,reconnaissance,secrets_manager_sweep,,,,,,-1,-1,0
synthetic_cloudtrail.csv:8885,camp-lcedrtviidat,secrets_manager_sweep,reconnaissance,secrets_manager_sweep,,,,,,-1,-1,0
synthetic_cloudtrail.csv:8886,camp-lcedrtviidat,secrets_manager_sweep,credential-access,secrets_manager_sweep,evt-lquhmszaoflh,evt-nqfkqzowocav,evt-nqfkqzowocav,,,1,0,1
synthetic_cloudtrail.csv:8887,camp-lcedrtviidat,secrets_manager_sweep,credential-access,secrets_manager_sweep,evt-nqfkqzowocav,,evt-nqfkqzowocav,,,0,0,1
synthetic_cloudtrail.csv:8888,camp-lcedrtviidat,secrets_manager_sweep,credential-access,secrets_manager_sweep,evt-uxzlaljtenxh,evt-lquhmszaoflh,evt-nqfkqzowocav,,,2,0,1
synthetic_cloudtrail.csv:8889,camp-lcedrtviidat,secrets_manager_sweep,,secrets_manager_sweep,,,,,,-1,-1,0
synthetic_cloudtrail.csv:8890,camp-lcedrtviidat,secrets_manager_sweep,,secrets_manager_sweep,,,,,,-1,-1,0
synthetic_cloudtrail.csv:8891,camp-lcedrtviidat,secrets_manager_sweep,,secrets_manager_sweep,,,,,,-1,-1,0
synthetic_cloudtrail.csv:8892,camp-lcedrtviidat,secrets_manager_sweep,,secrets_manager_sweep,,,,,,-1,-1,0
synthetic_cloudtrail.csv:8893,camp-nmjenbrpwyoc,ssm_parameter_harvest,reconnaissance,ssm_parameter_harvest,,,,,,-1,-1,0
synthetic_cloudtrail.csv:8894,camp-nmjenbrpwyoc,ssm_parameter_harvest,reconnaissance,ssm_parameter_harvest,,,,,,-1,-1,0
synthetic_cloudtrail.csv:8895,camp-nmjenbrpwyoc,ssm_parameter_harvest,reconnaissance,ssm_parameter_harvest,,,,,,-1,-1,0
synthetic_cloudtrail.csv:8896,camp-nmjenbrpwyoc,ssm_parameter_harvest,credential-access,ssm_parameter_harvest,evt-nmgzsdgdaqdl,evt-oefsnsyusbah,evt-oefsnsyusbah,,,1,0,1
synthetic_cloudtrail.csv:8897,camp-nmjenbrpwyoc,ssm_parameter_harvest,credential-access,ssm_parameter_harvest,evt-oefsnsyusbah,,evt-oefsnsyusbah,,,0,0,1
synthetic_cloudtrail.csv:8898,camp-nmjenbrpwyoc,ssm_parameter_harvest,credential-access,ssm_parameter_harvest,evt-xohqmxcdurfd,evt-nmgzsdgdaqdl,evt-oefsnsyusbah,,,2,0,1
synthetic_cloudtrail.csv:8899,camp-nmjenbrpwyoc,ssm_parameter_harvest,,ssm_parameter_harvest,,,,,,-1,-1,0
synthetic_cloudtrail.csv:8900,camp-nmjenbrpwyoc,ssm_parameter_harvest,,ssm_parameter_harvest,,,,,,-1,-1,0
synthetic_cloudtrail.csv:8901,,,,,,,,,,-1,-1,0
synthetic_cloudtrail.csv:8902,,,,,,,,,,-1,-1,0
synthetic_cloudtrail.csv:8903,,,,,,,,,,-1,-1,0
synthetic_cloudtrail.csv:8904,,,,,,,,,,-1,-1,0
synthetic_cloudtrail.csv:8905,,,,,,,,,,-1,-1,0
synthetic_cloudtrail.csv:8906,,,,,,,,,,-1,-1,0
synthetic_cloudtrail.csv:8907,,,,,,,,,,-1,-1,0
synthetic_cloudtrail.csv:8908,,,,,,,,,,-1,-1,0
synthetic_cloudtrail.csv:8909,,,,,,,,,,-1,-1,0
synthetic_cloudtrail.csv:8910,,,,,,,,,,-1,-1,0
synthetic_cloudtrail.csv:8911,,,,,,,,,,-1,-1,0
synthetic_cloudtrail.csv:8912,,,,,,,,,,-1,-1,0
synthetic_cloudtrail.csv:8913,,,,,,,,,,-1,-1,0
synthetic_cloudtrail.csv:8914,,,,,,,,,,-1,-1,0
synthetic_cloudtrail.csv:8915,,,,,,,,,,-1,-1,0
synthetic_cloudtrail.csv:8916,,,,,,,,,,-1,-1,0
synthetic_cloudtrail.csv:8917,,,,,,,,,,-1,-1,0
synthetic_cloudtrail.csv:8918,,,,,,,,,,-1,-1,0
synthetic_cloudtrail.csv:8919,,,,,,,,,,-1,-1,0
synthetic_cloudtrail.csv:8920,,,,,,,,,,-1,-1,0
synthetic_cloudtrail.csv:8921,,,,,,,,,,-1,-1,0
synthetic_cloudtrail.csv:8922,camp-dvbxlbqmeyhx,ec2_credential_extraction,reconnaissance,ec2_credential_extraction,,,,,,-1,-1,0
synthetic_cloudtrail.csv:8923,camp-dvbxlbqmeyhx,ec2_credential_extraction,reconnaissance,ec2_credential_extraction,,,,,,-1,-1,0
synthetic_cloudtrail.csv:8924,camp-dvbxlbqmeyhx,ec2_credential_extraction,reconnaissance,ec2_credential_extraction,,,,,,-1,-1,0
synthetic_cloudtrail.csv:8925,camp-dvbxlbqmeyhx,ec2_credential_extraction,reconnaissance,ec2_credential_extraction,,,,,,-1,-1,0
synthetic_cloudtrail.csv:8926,camp-dvbxlbqmeyhx,ec2_credential_extraction,reconnaissance,ec2_credential_extraction,,,,,,-1,-1,0
synthetic_cloudtrail.csv:8927,camp-dvbxlbqmeyhx,ec2_credential_extraction,reconnaissance,ec2_credential_extraction,,,,,,-1,-1,0
synthetic_cloudtrail.csv:8928,camp-dvbxlbqmeyhx,ec2_credential_extraction,reconnaissance,ec2_credential_extraction,,,,,,-1,-1,0
synthetic_cloudtrail.csv:8929,camp-dvbxlbqmeyhx,ec2_credential_extraction,credential-access,ec2_credential_extraction,evt-xahomrrlptso,,evt-xahomrrlptso,,,0,0,1
synthetic_cloudtrail.csv:8930,camp-dvbxlbqmeyhx,ec2_credential_extraction,reconnaissance,ec2_credential_extraction,,,,,,-1,-1,0
synthetic_cloudtrail.csv:8931,camp-dvbxlbqmeyhx,ec2_credential_extraction,credential-access,ec2_credential_extraction,evt-ydsldkwqmeed,evt-xahomrrlptso,evt-xahomrrlptso,,,1,0,1
synthetic_cloudtrail.csv:8932,camp-dvbxlbqmeyhx,ec2_credential_extraction,,ec2_credential_extraction,,,,,,-1,-1,0
synthetic_cloudtrail.csv:8933,camp-dvbxlbqmeyhx,ec2_credential_extraction,,ec2_credential_extraction,,,,,,-1,-1,0
synthetic_cloudtrail.csv:8934,camp-dvbxlbqmeyhx,ec2_credential_extraction,,ec2_credential_extraction,,,,,,-1,-1,0
synthetic_cloudtrail.csv:8935,camp-dvbxlbqmeyhx,ec2_credential_extraction,,ec2_credential_extraction,,,,,,-1,-1,0
synthetic_cloudtrail.csv:8936,camp-dvbxlbqmeyhx,ec2_credential_extraction,,ec2_credential_extraction,,,,,,-1,-1,0
synthetic_cloudtrail.csv:8937,,,,,,,,,,-1,-1,0
synthetic_cloudtrail.csv:8938,,,,,,,,,,-1,-1,0
synthetic_cloudtrail.csv:8939,,,,,,,,,,-1,-1,0
synthetic_cloudtrail.csv:8940,,,,,,,,,,-1,-1,0
synthetic_cloudtrail.csv:8941,,,,,,,,,,-1,-1,0
synthetic_cloudtrail.csv:8942,,,,,,,,,,-1,-1,0
synthetic_cloudtrail.csv:8943,,,,,,,,,,-1,-1,0
synthetic_cloudtrail.csv:8944,,,,,,,,,,-1,-1,0
synthetic_cloudtrail.csv:8945,,,,,,,,,,-1,-1,0
synthetic_cloudtrail.csv:8946,,,,,,,,,,-1,-1,0
synthetic_cloudtrail.csv:8947,,,,,,,,,,-1,-1,0
synthetic_cloudtrail.csv:8948,camp-zhztkocrzxyb,create_role_inline_policy,reconnaissance,create_role_inline_policy,,,,,,-1,-1,0
synthetic_cloudtrail.csv:8949,camp-zhztkocrzxyb,create_role_inline_policy,reconnaissance,create_role_inline_policy,,,,,,-1,-1,0
synthetic_cloudtrail.csv:8950,camp-zhztkocrzxyb,create_role_inline_policy,reconnaissance,create_role_inline_policy,,,,,,-1,-1,0
synthetic_cloudtrail.csv:8951,camp-zhztkocrzxyb,create_role_inline_policy,reconnaissance,create_role_inline_policy,,,,,,-1,-1,0
synthetic_cloudtrail.csv:8952,camp-zhztkocrzxyb,create_role_inline_policy,reconnaissance,create_role_inline_policy,,,,,,-1,-1,0
synthetic_cloudtrail.csv:8953,camp-zhztkocrzxyb,create_role_inline_policy,reconnaissance,create_role_inline_policy,,,,,,-1,-1,0
synthetic_cloudtrail.csv:8954,camp-zhztkocrzxyb,create_role_inline_policy,reconnaissance,create_role_inline_policy,,,,,,-1,-1,0
synthetic_cloudtrail.csv:8955,camp-zhztkocrzxyb,create_role_inline_policy,reconnaissance,create_role_inline_policy,,,,,,-1,-1,0
synthetic_cloudtrail.csv:8956,camp-zhztkocrzxyb,create_role_inline_policy,persistence,create_role_inline_policy,evt-eieqoxyrvkuf,,evt-eieqoxyrvkuf,,,0,0,1
synthetic_cloudtrail.csv:8957,camp-zhztkocrzxyb,create_role_inline_policy,privilege-escalation,create_role_inline_policy,evt-ktkuzjmdjkkc,evt-eieqoxyrvkuf,evt-eieqoxyrvkuf,s3:GetObject,iam:*;s3:*;sts:AssumeRole,1,0,1
synthetic_cloudtrail.csv:8958,camp-zhztkocrzxyb,create_role_inline_policy,,create_role_inline_policy,,,,,,-1,-1,0
synthetic_cloudtrail.csv:8959,camp-zhztkocrzxyb,create_role_inline_policy,,create_role_inline_policy,,,,,,-1,-1,0
synthetic_cloudtrail.csv:8960,,,,,,,,,,-1,-1,0
synthetic_cloudtrail.csv:8961,,,,,,,,,,-1,-1,0
synthetic_cloudtrail.csv:8962,,,,,,,,,,-1,-1,0
synthetic_cloudtrail.csv:8963,,,,,,,,,,-1,-1,0
synthetic_cloudtrail.csv:8964,,,,,,,,,,-1,-1,0
synthetic_cloudtrail.csv:8965,,,,,,,,,,-1,-1,0
synthetic_cloudtrail.csv:8966,,,,,,,,,,-1,-1,0
synthetic_cloudtrail.csv:8967,,,,,,,,,,-1,-1,0
synthetic_cloudtrail.csv:8968,,,,,,,,,,-1,-1,0
synthetic_cloudtrail.csv:8969,,,,,,,,,,-1,-1,0
synthetic_cloudtrail.csv:8970,,,,,,,,,,-1,-1,0
synthetic_cloudtrail.csv:8971,,,,,,,,,,-1,-1,0
synthetic_cloudtrail.csv:8972,,,,,,,,,,-1,-1,0
synthetic_cloudtrail.csv:8973,,,,,,,,,,-1,-1,0
synthetic_cloudtrail.csv:8974,,,,,,,,,,-1,-1,0
synthetic_cloudtrail.csv:8975,,,,,,,,,,-1,-1,0
synthetic_cloudtrail.csv:8976,,,,,,,,,,-1,-1,0
synthetic_cloudtrail.csv:8977,,,,,,,,,,-1,-1,0
synthetic_cloudtrail.csv:8978,,,,,,,,,,-1,-1,0
synthetic_cloudtrail.csv:8979,,,,,,,,,,-1,-1,0
synthetic_cloudtrail.csv:8980,,,,,,,,,,-1,-1,0
synthetic_cloudtrail.csv:8981,,,,,,,,,,-1,-1,0
synthetic_cloudtrail.csv:8982,,,,,,,,,,-1,-1,0
synthetic_cloudtrail.csv:8983,,,,,,,,,,-1,-1,0
synthetic_cloudtrail.csv:8984,,,,,,,,,,-1,-1,0
synthetic_cloudtrail.csv:8985,,,,,,,,,,-1,-1,0
synthetic_cloudtrail.csv:8986,,,,,,,,,,-1,-1,0
synthetic_cloudtrail.csv:8987,,,,,,,,,,-1,-1,0
synthetic_cloudtrail.csv:8988,,,,,,,,,,-1,-1,0
synthetic_cloudtrail.csv:8989,,,,,,,,,,-1,-1,0
synthetic_cloudtrail.csv:8990,,,,,,,,,,-1,-1,0
synthetic_cloudtrail.csv:8991,,,,,,,,,,-1,-1,0
synthetic_cloudtrail.csv:8992,camp-egasodbxwghk,ec2_credential_extraction,reconnaissance,ec2_credential_extraction,,,,,,-1,-1,0
synthetic_cloudtrail.csv:8993,camp-egasodbxwghk,ec2_credential_extraction,reconnaissance,ec2_credential_extraction,,,,,,-1,-1,0
synthetic_cloudtrail.csv:8994,camp-egasodbxwghk,ec2_credential_extraction,reconnaissance,ec2_credential_extraction,,,,,,-1,-1,0
synthetic_cloudtrail.csv:8995,camp-egasodbxwghk,ec2_credential_extraction,reconnaissance,ec2_credential_extraction,,,,,,-1,-1,0
synthetic_cloudtrail.csv:8996,camp-egasodbxwghk,ec2_credential_extraction,reconnaissance,ec2_credential_extraction,,,,,,-1,-1,0
synthetic_cloudtrail.csv:8997,camp-egasodbxwghk,ec2_credential_extraction,reconnaissance,ec2_credential_extraction,,,,,,-1,-1,0
synthetic_cloudtrail.csv:8998,camp-egasodbxwghk,ec2_credential_extraction,reconnaissance,ec2_credential_extraction,,,,,,-1,-1,0
synthetic_cloudtrail.csv:8999,camp-egasodbxwghk,ec2_credential_extraction,reconnaissance,ec2_credential_extraction,,,,,,-1,-1,0
synthetic_cloudtrail.csv:9000,camp-egasodbxwghk,ec2_credential_extraction,credential-access,ec2_credential_extraction,evt-bufjlijvfltz,,evt-bufjlijvfltz,,,0,0,1
synthetic_cloudtrail.csv:9001,camp-egasodbxwghk,ec2_credential_extraction,credential-access,ec2_credential_extraction,evt-drzkzglpzvnb,evt-bufjlijvfltz,evt-bufjlijvfltz,,,1,0,1
synthetic_cloudtrail.csv:9002,camp-egasodbxwghk,ec2_credential_extraction,,ec2_credential_extraction,,,,,,-1,-1,0
synthetic_cloudtrail.csv:9003,camp-egasodbxwghk,ec2_credential_extraction,,ec2_credential_extraction,,,,,,-1,-1,0
synthetic_cloudtrail.csv:9004,,,,,,,,,,-1,-1,0
synthetic_cloudtrail.csv:9005,,,,,,,,,,-1,-1,0
synthetic_cloudtrail.csv:9006,,,,,,,,,,-1,-1,0
synthetic_cloudtrail.csv:9007,,,,,,,,,,-1,-1,0
synthetic_cloudtrail.csv:9008,,,,,,,,,,-1,-1,0
synthetic_cloudtrail.csv:9009,,,,,,,,,,-1,-1,0
synthetic_cloudtrail.csv:9010,,,,,,,,,,-1,-1,0
synthetic_cloudtrail.csv:9011,,,,,,,,,,-1,-1,0
synthetic_cloudtrail.csv:9012,,,,,,,,,,-1,-1,0
synthetic_cloudtrail.csv:9013,,,,,,,,,,-1,-1,0
synthetic_cloudtrail.csv:9014,,,,,,,,,,-1,-1,0
synthetic_cloudtrail.csv:9015,,,,,,,,,,-1,-1,0
synthetic_cloudtrail.csv:9016,,,,,,,,,,-1,-1,0
synthetic_cloudtrail.csv:9017,,,,,,,,,,-1,-1,0
synthetic_cloudtrail.csv:9018,,,,,,,,,,-1,-1,0
synthetic_cloudtrail.csv:9019,,,,,,,,,,-1,-1,0
synthetic_cloudtrail.csv:9020,,,,,,,,,,-1,-1,0
synthetic_cloudtrail.csv:9021,,,,,,,,,,-1,-1,0
synthetic_cloudtrail.csv:9022,,,,,,,,,,-1,-1,0
synthetic_cloudtrail.csv:9023,,,,,,,,,,-1,-1,0
synthetic_cloudtrail.csv:9024,,,,,,,,,,-1,-1,0
synthetic_cloudtrail.csv:9025,,,,,,,,,,-1,-1,0
synthetic_cloudtrail.csv:9026,,,,,,,,,,-1,-1,0
synthetic_cloudtrail.csv:9027,,,,,,,,,,-1,-1,0
synthetic_cloudtrail.csv:9028,,,,,,,,,,-1,-1,0
synthetic_cloudtrail.csv:9029,,,,,,,,,,-1,-1,0
synthetic_cloudtrail.csv:9030,,,,,,,,,,-1,-1,0
synthetic_cloudtrail.csv:9031,,,,,,,,,,-1,-1,0
synthetic_cloudtrail.csv:9032,,,,,,,,,,-1,-1,0
synthetic_cloudtrail.csv:9033,,,,,,,,,,-1,-1,0
synthetic_cloudtrail.csv:9034,,,,,,,,,,-1,-1,0
synthetic_cloudtrail.csv:9035,,,,,,,,,,-1,-1,0
synthetic_cloudtrail.csv:9036,,,,,,,,,,-1,-1,0
synthetic_cloudtrail.csv:9037,,,,,,,,,,-1,-1,0
synthetic_cloudtrail.csv:9038,,,,,,,,,,-1,-1,0
synthetic_cloudtrail.csv:9039,,,,,,,,,,-1,-1,0
synthetic_cloudtrail.csv:9040,,,,,,,,,,-1,-1,0
synthetic_cloudtrail.csv:9041,,,,,,,,,,-1,-1,0
synthetic_cloudtrail.csv:9042,,,,,,,,,,-1,-1,0
synthetic_cloudtrail.csv:9043,,,,,,,,,,-1,-1,0
synthetic_cloudtrail.csv:9044,,,,,,,,,,-1,-1,0
synthetic_cloudtrail.csv:9045,,,,,,,,,,-1,-1,0
synthetic_cloudtrail.csv:9046,camp-oyaorivfxlzl,secrets_manager_sweep,reconnaissance,secrets_manager_sweep,,,,,,-1,-1,0
synthetic_cloudtrail.csv:9047,camp-oyaorivfxlzl,secrets_manager_sweep,reconnaissance,secrets_manager_sweep,,,,,,-1,-1,0
synthetic_cloudtrail.csv:9048,camp-oyaorivfxlzl,secrets_manager_sweep,reconnaissance,secrets_manager_sweep,,,,,,-1,-1,0
synthetic_cloudtrail.csv:9049,camp-oyaorivfxlzl,secrets_manager_sweep,reconnaissance,secrets_manager_sweep,,,,,,-1,-1,0
synthetic_cloudtrail.csv:9050,camp-oyaorivfxlzl,secrets_manager_sweep,reconnaissance,secrets_manager_sweep,,,,,,-1,-1,0
synthetic_cloudtrail.csv:9051,camp-oyaorivfxlzl,secrets_manager_sweep,reconnaissance,secrets_manager_sweep,,,,,,-1,-1,0
synthetic_cloudtrail.csv:9052,camp-oyaorivfxlzl,secrets_manager_sweep,reconnaissance,secrets_manager_sweep,,,,,,-1,-1,0
synthetic_cloudtrail.csv:9053,camp-oyaorivfxlzl,secrets_manager_sweep,credential-access,secrets_manager_sweep,evt-ppuoaiwfhocr,evt-qlhktgtxdisi,evt-qlhktgtxdisi,,,1,0,1
synthetic_cloudtrail.csv:9054,camp-oyaorivfxlzl,secrets_manager_sweep,credential-access,secrets_manager_sweep,evt-qlhktgtxdisi,,evt-qlhktgtxdisi,,,0,0,1
synthetic_cloudtrail.csv:9055,camp-oyaorivfxlzl,secrets_manager_sweep,credential-access,secrets_manager_sweep,evt-jjzlnihxyeko,evt-ppuoaiwfhocr,evt-qlhktgtxdisi,,,2,0,1
synthetic_cloudtrail.csv:9056,camp-oyaorivfxlzl,secrets_manager_sweep,,secrets_manager_sweep,,,,,,-1,-1,0
synthetic_cloudtrail.csv:9057,camp-oyaorivfxlzl,secrets_manager_sweep,,secrets_manager_sweep,,,,,,-1,-1,0
synthetic_cloudtrail.csv:9058,camp-oyaorivfxlzl,secrets_manager_sweep,,secrets_manager_sweep,,,,,,-1,-1,0
synthetic_cloudtrail.csv:9059,camp-oyaorivfxlzl,secrets_manager_sweep,,secrets_manager_sweep,,,,,,-1,-1,0
synthetic_cloudtrail.csv:9060,camp-oyaorivfxlzl,secrets_manager_sweep,,secrets_manager_sweep,,,,,,-1,-1,0
synthetic_cloudtrail.csv:9061,camp-wkhgxnqfvycs,assume_admin_then_backdoor_role,reconnaissance,assume_admin_then_backdoor_role,,,,,,-1,-1,0
synthetic_cloudtrail.csv:9062,camp-wkhgxnqfvycs,assume_admin_then_backdoor_role,reconnaissance,assume_admin_then_backdoor_role,,,,,,-1,-1,0
synthetic_cloudtrail.csv:9063,camp-wkhgxnqfvycs,assume_admin_then_backdoor_role,reconnaissance,assume_admin_then_backdoor_role,,,,,,-1,-1,0
synthetic_cloudtrail.csv:9064,camp-wkhgxnqfvycs,assume_admin_then_backdoor_role,reconnaissance,assume_admin_then_backdoor_role,,,,,,-1,-1,0
synthetic_cloudtrail.csv:9065,camp-wkhgxnqfvycs,assume_admin_then_backdoor_role,reconnaissance,assume_admin_then_backdoor_role,,,,,,-1,-1,0
synthetic_cloudtrail.csv:9066,camp-wkhgxnqfvycs,assume_admin_then_backdoor_role,reconnaissance,assume_admin_then_backdoor_role,,,,,,-1,-1,0
synthetic_cloudtrail.csv:9067,camp-wkhgxnqfvycs,assume_admin_then_backdoor_role,privilege-escalation,assume_admin_then_backdoor_role,evt-cwlqwpfgocrl,,evt-cwlqwpfgocrl,,,0,0,1
synthetic_cloudtrail.csv:9068,camp-wkhgxnqfvycs,assume_admin_then_backdoor_role,persistence,assume_admin_then_backdoor_role,evt-bxzwueiwcfhk,evt-cwlqwpfgocrl,evt-cwlqwpfgocrl,,,1,1,1
synthetic_cloudtrail.csv:9069,camp-wkhgxnqfvycs,assume_admin_then_backdoor_role,privilege-escalation,assume_admin_then_backdoor_role,evt-djzqeyivxgcj,evt-bxzwueiwcfhk,evt-cwlqwpfgocrl,s3:GetObject;s3:ListBucket,*,2,1,1
synthetic_cloudtrail.csv:9070,camp-wkhgxnqfvycs,assume_admin_then_backdoor_role,privilege-escalation,assume_admin_then_backdoor_role,evt-dpngdrshlnhl,evt-djzqeyivxgcj,evt-cwlqwpfgocrl,,,3,1,1
synthetic_cloudtrail.csv:9071,camp-wkhgxnqfvycs,assume_admin_then_backdoor_role,credential-access,assume_admin_then_backdoor_role,evt-rdgbrxbvikmo,evt-dpngdrshlnhl,evt-cwlqwpfgocrl,,,4,2,1
synthetic_cloudtrail.csv:9072,camp-wkhgxnqfvycs,assume_admin_then_backdoor_role,,assume_admin_then_backdoor_role,,,,,,-1,-1,0
synthetic_cloudtrail.csv:9073,camp-wkhgxnqfvycs,assume_admin_then_backdoor_role,,assume_admin_then_backdoor_role,,,,,,-1,-1,0
synthetic_cloudtrail.csv:9074,camp-zfcostynjfjb,assume_then_backdoor_key,reconnaissance,assume_then_backdoor_key,,,,,,-1,-1,0
synthetic_cloudtrail.csv:9075,camp-zfcostynjfjb,assume_then_backdoor_key,reconnaissance,assume_then_backdoor_key,,,,,,-1,-1,0
synthetic_cloudtrail.csv:9076,camp-zfcostynjfjb,assume_then_backdoor_key,reconnaissance,assume_then_backdoor_key,,,,,,-1,-1,0
synthetic_cloudtrail.csv:9077,camp-zfcostynjfjb,assume_then_backdoor_key,reconnaissance,assume_then_backdoor_key,,,,,,-1,-1,0
synthetic_cloudtrail.csv:9078,camp-zfcostynjfjb,assume_then_backdoor_key,reconnaissance,assume_then_backdoor_key,,,,,,-1,-1,0
synthetic_cloudtrail.csv:9079,camp-zfcostynjfjb,assume_then_backdoor_key,reconnaissance,assume_then_backdoor_key,,,,,,-1,-1,0
synthetic_cloudtrail.csv:9080,camp-zfcostynjfjb,assume_then_backdoor_key,privilege-escalation,assume_then_backdoor_key,evt-iqmacgjxewzm,,evt-iqmacgjxewzm,,,0,0,1
synthetic_cloudtrail.csv:9081,camp-zfcostynjfjb,assume_then_backdoor_key,persistence,assume_then_backdoor_key,evt-qnyyiqrslqbo,evt-iqmacgjxewzm,evt-iqmacgjxewzm,,,1,1,1
synthetic_cloudtrail.csv:9082,camp-zfcostynjfjb,assume_then_backdoor_key,privilege-escalation,assume_then_backdoor_key,evt-ctotkfrpdlqe,evt-qnyyiqrslqbo,evt-iqmacgjxewzm,s3:GetObject,iam:*;s3:*;sts:AssumeRole,2,1,1
synthetic_cloudtrail.csv:9083,camp-zfcostynjfjb,assume_then_backdoor_key,,assume_then_backdoor_key,,,,,,-1,-1,0
synthetic_cloudtrail.csv:9084,camp-zfcostynjfjb,assume_then_backdoor_key,,assume_then_backdoor_key,,,,,,-1,-1,0
synthetic_cloudtrail.csv:9085,camp-zfcostynjfjb,assume_then_backdoor_key,,assume_then_backdoor_key,,,,,,-1,-1,0
synthetic_cloudtrail.csv:9086,camp-zfcostynjfjb,assume_then_backdoor_key,,assume_then_backdoor_key,,,,,,-1,-1,0
synthetic_cloudtrail.csv:9087,camp-zfcostynjfjb,assume_then_backdoor_key,,assume_then_backdoor_key,,,,,,-1,-1,0
synthetic_cloudtrail.csv:9088,,,,,,,,,,-1,-1,0
synthetic_cloudtrail.csv:9089,,,,,,,,,,-1,-1,0
synthetic_cloudtrail.csv:9090,,,,,,,,,,-1,-1,0
synthetic_cloudtrail.csv:9091,,,,,,,,,,-1,-1,0
synthetic_cloudtrail.csv:9092,,,,,,,,,,-1,-1,0
synthetic_cloudtrail.csv:9093,,,,,,,,,,-1,-1,0
synthetic_cloudtrail.csv:9094,,,,,,,,,,-1,-1,0
synthetic_cloudtrail.csv:9095,,,,,,,,,,-1,-1,0
synthetic_cloudtrail.csv:9096,,,,,,,,,,-1,-1,0
synthetic_cloudtrail.csv:9097,,,,,,,,,,-1,-1,0
synthetic_cloudtrail.csv:9098,,,,,,,,,,-1,-1,0
synthetic_cloudtrail.csv:9099,,,,,,,,,,-1,-1,0
synthetic_cloudtrail.csv:9100,,,,,,,,,,-1,-1,0
synthetic_cloudtrail.csv:9101,,,,,,,,,,-1,-1,0
synthetic_cloudtrail.csv:9102,,,,,,,,,,-1,-1,0
synthetic_cloudtrail.csv:9103,,,,,,,,,,-1,-1,0
synthetic_cloudtrail.csv:9104,camp-idcahuukyjut,assume_then_backdoor_key,reconnaissance,assume_then_backdoor_key,,,,,,-1,-1,0
synthetic_cloudtrail.csv:9105,camp-idcahuukyjut,assume_then_backdoor_key,reconnaissance,assume_then_backdoor_key,,,,,,-1,-1,0
synthetic_cloudtrail.csv:9106,camp-idcahuukyjut,assume_then_backdoor_key,reconnaissance,assume_then_backdoor_key,,,,,,-1,-1,0
synthetic_cloudtrail.csv:9107,camp-idcahuukyjut,assume_then_backdoor_key,reconnaissance,assume_then_backdoor_key,,,,,,-1,-1,0
synthetic_cloudtrail.csv:9108,camp-idcahuukyjut,assume_then_backdoor_key,reconnaissance,assume_then_backdoor_key,,,,,,-1,-1,0
synthetic_cloudtrail.csv:9109,,,,,,,,,,-1,-1,0
synthetic_cloudtrail.csv:9110,,,,,,,,,,-1,-1,0
synthetic_cloudtrail.csv:9111,camp-idcahuukyjut,assume_then_backdoor_key,privilege-escalation,assume_then_backdoor_key,evt-reraadajswex,,evt-reraadajswex,,,0,0,1
synthetic_cloudtrail.csv:9112,,,,,,,,,,-1,-1,0
synthetic_cloudtrail.csv:9113,,,,,,,,,,-1,-1,0
synthetic_cloudtrail.csv:9114,,,,,,,,,,-1,-1,0
synthetic_cloudtrail.csv:9115,camp-idcahuukyjut,assume_then_backdoor_key,persistence,assume_then_backdoor_key,evt-gbyliidqiovm,evt-reraadajswex,evt-reraadajswex,,,1,1,1
synthetic_cloudtrail.csv:9116,,,,,,,,,,-1,-1,0
synthetic_cloudtrail.csv:9117,camp-idcahuukyjut,assume_then_backdoor_key,privilege-escalation,assume_then_backdoor_key,evt-juobrxlztbog,evt-gbyliidqiovm,evt-reraadajswex,s3:GetObject,iam:*;s3:*;sts:AssumeRole,2,1,1
synthetic_cloudtrail.csv:9118,,,,,,,,,,-1,-1,0
synthetic_cloudtrail.csv:9119,camp-idcahuukyjut,assume_then_backdoor_key,,assume_then_backdoor_key,,,,,,-1,-1,0
synthetic_cloudtrail.csv:9120,camp-idcahuukyjut,assume_then_backdoor_key,,assume_then_backdoor_key,,,,,,-1,-1,0
synthetic_cloudtrail.csv:9121,,,,,,,,,,-1,-1,0
synthetic_cloudtrail.csv:9122,,,,,,,,,,-1,-1,0
synthetic_cloudtrail.csv:9123,camp-idcahuukyjut,assume_then_backdoor_key,,assume_then_backdoor_key,,,,,,-1,-1,0
synthetic_cloudtrail.csv:9124,,,,,,,,,,-1,-1,0
synthetic_cloudtrail.csv:9125,camp-idcahuukyjut,assume_then_backdoor_key,,assume_then_backdoor_key,,,,,,-1,-1,0
synthetic_cloudtrail.csv:9126,camp-idcahuukyjut,assume_then_backdoor_key,,assume_then_backdoor_key,,,,,,-1,-1,0
synthetic_cloudtrail.csv:9127,,,,,,,,,,-1,-1,0
synthetic_cloudtrail.csv:9128,,,,,,,,,,-1,-1,0
synthetic_cloudtrail.csv:9129,,,,,,,,,,-1,-1,0
synthetic_cloudtrail.csv:9130,,,,,,,,,,-1,-1,0
synthetic_cloudtrail.csv:9131,,,,,,,,,,-1,-1,0
synthetic_cloudtrail.csv:9132,camp-bdxdoyqlcprm,create_user_accesskey_policy,reconnaissance,create_user_accesskey_policy,,,,,,-1,-1,0
synthetic_cloudtrail.csv:9133,camp-bdxdoyqlcprm,create_user_accesskey_policy,reconnaissance,create_user_accesskey_policy,,,,,,-1,-1,0
synthetic_cloudtrail.csv:9134,camp-bdxdoyqlcprm,create_user_accesskey_policy,reconnaissance,create_user_accesskey_policy,,,,,,-1,-1,0
synthetic_cloudtrail.csv:9135,camp-bdxdoyqlcprm,create_user_accesskey_policy,reconnaissance,create_user_accesskey_policy,,,,,,-1,-1,0
synthetic_cloudtrail.csv:9136,camp-bdxdoyqlcprm,create_user_accesskey_policy,reconnaissance,create_user_accesskey_policy,,,,,,-1,-1,0
synthetic_cloudtrail.csv:9137,camp-bdxdoyqlcprm,create_user_accesskey_policy,persistence,create_user_accesskey_policy,evt-gkxwslfzpamr,,evt-gkxwslfzpamr,,,0,0,1
synthetic_cloudtrail.csv:9138,camp-bdxdoyqlcprm,create_user_accesskey_policy,privilege-escalation,create_user_accesskey_policy,evt-vglcjmncgotj,evt-gkxwslfzpamr,evt-gkxwslfzpamr,,,1,0,1
synthetic_cloudtrail.csv:9139,camp-bdxdoyqlcprm,create_user_accesskey_policy,privilege-escalation,create_user_accesskey_policy,evt-sfipzdutjgis,evt-vglcjmncgotj,evt-gkxwslfzpamr,s3:GetObject;s3:ListBucket,*,2,0,1
synthetic_cloudtrail.csv:9140,camp-bdxdoyqlcprm,create_user_accesskey_policy,,create_user_accesskey_policy,,,,,,-1,-1,0
synthetic_cloudtrail.csv:9141,camp-bdxdoyqlcprm,create_user_accesskey_policy,,create_user_accesskey_policy,,,,,,-1,-1,0
synthetic_cloudtrail.csv:9142,camp-bdxdoyqlcprm,create_user_accesskey_policy,,create_user_accesskey_policy,,,,,,-1,-1,0
synthetic_cloudtrail.csv:9143,camp-bdxdoyqlcprm,create_user_accesskey_policy,,create_user_accesskey_policy,,,,,,-1,-1,0
synthetic_cloudtrail.csv:9144,,,,,,,,,,-1,-1,0
synthetic_cloudtrail.csv:9145,,,,,,,,,,-1,-1,0
synthetic_cloudtrail.csv:9146,,,,,,,,,,-1,-1,0
synthetic_cloudtrail.csv:9147,,,,,,,,,,-1,-1,0
synthetic_cloudtrail.csv:9148,,,,,,,,,,-1,-1,0
synthetic_cloudtrail.csv:9149,,,,,,,,,,-1,-1,0
synthetic_cloudtrail.csv:9150,,,,,,,,,,-1,-1,0
synthetic_cloudtrail.csv:9151,,,,,,,,,,-1,-1,0
synthetic_cloudtrail.csv:9152,,,,,,,,,,-1,-1,0
synthetic_cloudtrail.csv:9153,,,,,,,,,,-1,-1,0
synthetic_cloudtrail.csv:9154,,,,,,,,,,-1,-1,0
synthetic_cloudtrail.csv:9155,,,,,,,,,,-1,-1,0
synthetic_cloudtrail.csv:9156,,,,,,,,,,-1,-1,0
synthetic_cloudtrail.csv:9157,,,,,,,,,,-1,-1,0
synthetic_cloudtrail.csv:9158,,,,,,,,,,-1,-1,0
synthetic_cloudtrail.csv:9159,,,,,,,,,,-1,-1,0
synthetic_cloudtrail.csv:9160,,,,,,,,,,-1,-1,0
synthetic_cloudtrail.csv:9161,,,,,,,,,,-1,-1,0
synthetic_cloudtrail.csv:9162,,,,,,,,,,-1,-1,0
synthetic_cloudtrail.csv:9163,,,,,,,,,,-1,-1,0
synthetic_cloudtrail.csv:9164,,,,,,,,,,-1,-1,0
synthetic_cloudtrail.csv:9165,,,,,,,,,,-1,-1,0
synthetic_cloudtrail.csv:9166,,,,,,,,,,-1,-1,0
synthetic_cloudtrail.csv:9167,,,,,,,,,,-1,-1,0
synthetic_cloudtrail.csv:9168,,,,,,,,,,-1,-1,0
synthetic_cloudtrail.csv:9169,,,,,,,,,,-1,-1,0
synthetic_cloudtrail.csv:9170,,,,,,,,,,-1,-1,0
synthetic_cloudtrail.csv:9171,,,,,,,,,,-1,-1,0
synthetic_cloudtrail.csv:9172,,,,,,,,,,-1,-1,0
synthetic_cloudtrail.csv:9173,,,,,,,,,,-1,-1,0
synthetic_cloudtrail.csv:9174,,,,,,,,,,-1,-1,0
synthetic_cloudtrail.csv:9175,,,,,,,,,,-1,-1,0
synthetic_cloudtrail.csv:9176,,,,,,,,,,-1,-1,0
synthetic_cloudtrail.csv:9177,,,,,,,,,,-1,-1,0
synthetic_cloudtrail.csv:9178,,,,,,,,,,-1,-1,0
synthetic_cloudtrail.csv:9179,,,,,,,,,,-1,-1,0
synthetic_cloudtrail.csv:9180,,,,,,,,,,-1,-1,0
synthetic_cloudtrail.csv:9181,,,,,,,,,,-1,-1,0
synthetic_cloudtrail.csv:9182,,,,,,,,,,-1,-1,0
synthetic_cloudtrail.csv:9183,,,,,,,,,,-1,-1,0
synthetic_cloudtrail.csv:9184,,,,,,,,,,-1,-1,0
synthetic_cloudtrail.csv:9185,,,,,,,,,,-1,-1,0
synthetic_cloudtrail.csv:9186,,,,,,,,,,-1,-1,0
synthetic_cloudtrail.csv:9187,,,,,,,,,,-1,-1,0
synthetic_cloudtrail.csv:9188,,,,,,,,,,-1,-1,0
synthetic_cloudtrail.csv:9189,,,,,,,,,,-1,-1,0
synthetic_cloudtrail.csv:9190,,,,,,,,,,-1,-1,0
synthetic_cloudtrail.csv:9191,,,,,,,,,,-1,-1,0
synthetic_cloudtrail.csv:9192,,,,,,,,,,-1,-1,0
synthetic_cloudtrail.csv:9193,,,,,,,,,,-1,-1,0
synthetic_cloudtrail.csv:9194,,,,,,,,,,-1,-1,0
synthetic_cloudtrail.csv:9195,,,,,,,,,,-1,-1,0
synthetic_cloudtrail.csv:9196,,,,,,,,,,-1,-1,0
synthetic_cloudtrail.csv:9197,,,,,,,,,,-1,-1,0
synthetic_cloudtrail.csv:9198,,,,,,,,,,-1,-1,0
synthetic_cloudtrail.csv:9199,,,,,,,,,,-1,-1,0
synthetic_cloudtrail.csv:9200,,,,,,,,,,-1,-1,0
synthetic_cloudtrail.csv:9201,,,,,,,,,,-1,-1,0
synthetic_cloudtrail.csv:9202,,,,,,,,,,-1,-1,0
synthetic_cloudtrail.csv:9203,,,,,,,,,,-1,-1,0
synthetic_cloudtrail.csv:9204,,,,,,,,,,-1,-1,0
synthetic_cloudtrail.csv:9205,,,,,,,,,,-1,-1,0
synthetic_cloudtrail.csv:9206,,,,,,,,,,-1,-1,0
synthetic_cloudtrail.csv:9207,,,,,,,,,,-1,-1,0
synthetic_cloudtrail.csv:9208,,,,,,,,,,-1,-1,0
synthetic_cloudtrail.csv:9209,,,,,,,,,,-1,-1,0
synthetic_cloudtrail.csv:9210,,,,,,,,,,-1,-1,0
synthetic_cloudtrail.csv:9211,,,,,,,,,,-1,-1,0
synthetic_cloudtrail.csv:9212,,,,,,,,,,-1,-1,0
synthetic_cloudtrail.csv:9213,camp-eumgwidkhygx,create_user_console_access,reconnaissance,create_user_console_access,,,,,,-1,-1,0
synthetic_cloudtrail.csv:9214,camp-eumgwidkhygx,create_user_console_access,reconnaissance,create_user_console_access,,,,,,-1,-1,0
synthetic_cloudtrail.csv:9215,camp-eumgwidkhygx,create_user_console_access,reconnaissance,create_user_console_access,,,,,,-1,-1,0
synthetic_cloudtrail.csv:9216,camp-eumgwidkhygx,create_user_console_access,persistence,create_user_console_access,evt-rbvnipdktotd,,evt-rbvnipdktotd,,,0,0,1
synthetic_cloudtrail.csv:9217,camp-eumgwidkhygx,create_user_console_access,privilege-escalation,create_user_console_access,evt-eyvcddsrrmvx,evt-rbvnipdktotd,evt-rbvnipdktotd,,,1,0,1
synthetic_cloudtrail.csv:9218,camp-eumgwidkhygx,create_user_console_access,privilege-escalation,create_user_console_access,evt-laksyegxwyal,evt-eyvcddsrrmvx,evt-rbvnipdktotd,s3:GetObject;s3:ListBucket,*,2,0,1
synthetic_cloudtrail.csv:9219,camp-eumgwidkhygx,create_user_console_access,,create_user_console_access,,,,,,-1,-1,0
synthetic_cloudtrail.csv:9220,camp-eumgwidkhygx,create_user_console_access,,create_user_console_access,,,,,,-1,-1,0
synthetic_cloudtrail.csv:9221,camp-eumgwidkhygx,create_user_console_access,,create_user_console_access,,,,,,-1,-1,0
synthetic_cloudtrail.csv:9222,camp-eumgwidkhygx,create_user_console_access,,create_user_console_access,,,,,,-1,-1,0
synthetic_cloudtrail.csv:9223,camp-mfqiqcabkpoc,assume_then_attach_admin,reconnaissance,assume_then_attach_admin,,,,,,-1,-1,0
synthetic_cloudtrail.csv:9224,camp-mfqiqcabkpoc,assume_then_attach_admin,reconnaissance,assume_then_attach_admin,,,,,,-1,-1,0
synthetic_cloudtrail.csv:9225,camp-mfqiqcabkpoc,assume_then_attach_admin,reconnaissance,assume_then_attach_admin,,,,,,-1,-1,0
synthetic_cloudtrail.csv:9226,camp-mfqiqcabkpoc,assume_then_attach_admin,reconnaissance,assume_then_attach_admin,,,,,,-1,-1,0
synthetic_cloudtrail.csv:9227,camp-mfqiqcabkpoc,assume_then_attach_admin,reconnaissance,assume_then_attach_admin,,,,,,-1,-1,0
synthetic_cloudtrail.csv:9228,camp-mfqiqcabkpoc,assume_then_attach_admin,reconnaissance,assume_then_attach_admin,,,,,,-1,-1,0
synthetic_cloudtrail.csv:9229,camp-mfqiqcabkpoc,assume_then_attach_admin,reconnaissance,assume_then_attach_admin,,,,,,-1,-1,0
synthetic_cloudtrail.csv:9230,camp-mfqiqcabkpoc,assume_then_attach_admin,privilege-escalation,assume_then_attach_admin,evt-bbdcgxefetvi,,evt-bbdcgxefetvi,,,0,0,1
synthetic_cloudtrail.csv:9231,camp-mfqiqcabkpoc,assume_then_attach_admin,privilege-escalation,assume_then_attach_admin,evt-qaxdqmiywbpj,evt-bbdcgxefetvi,evt-bbdcgxefetvi,s3:GetObject;s3:ListBucket,*,1,1,1
synthetic_cloudtrail.csv:9232,camp-mfqiqcabkpoc,assume_then_attach_admin,privilege-escalation,assume_then_attach_admin,evt-pgkfiktdewyw,evt-qaxdqmiywbpj,evt-bbdcgxefetvi,s3:GetObject;s3:ListBucket,*,2,1,1
synthetic_cloudtrail.csv:9233,camp-mfqiqcabkpoc,assume_then_attach_admin,,assume_then_attach_admin,,,,,,-1,-1,0
synthetic_cloudtrail.csv:9234,camp-mfqiqcabkpoc,assume_then_attach_admin,,assume_then_attach_admin,,,,,,-1,-1,0
synthetic_cloudtrail.csv:9235,camp-mfqiqcabkpoc,assume_then_attach_admin,,assume_then_attach_admin,,,,,,-1,-1,0
synthetic_cloudtrail.csv:9236,camp-mfqiqcabkpoc,assume_then_attach_admin,,assume_then_attach_admin,,,,,,-1,-1,0
synthetic_cloudtrail.csv:9237,camp-cwxhzcayoyrq,create_user_accesskey_policy,reconnaissance,create_user_accesskey_policy,,,,,,-1,-1,0
synthetic_cloudtrail.csv:9238,camp-cwxhzcayoyrq,create_user_accesskey_policy,reconnaissance,create_user_accesskey_policy,,,,,,-1,-1,0
synthetic_cloudtrail.csv:9239,camp-cwxhzcayoyrq,create_user_accesskey_policy,reconnaissance,create_user_accesskey_policy,,,,,,-1,-1,0
synthetic_cloudtrail.csv:9240,camp-cwxhzcayoyrq,create_user_accesskey_policy,reconnaissance,create_user_accesskey_policy,,,,,,-1,-1,0
synthetic_cloudtrail.csv:9241,camp-cwxhzcayoyrq,create_user_accesskey_policy,persistence,create_user_accesskey_policy,evt-mdevjuwaclpd,,evt-mdevjuwaclpd,,,0,0,1
synthetic_cloudtrail.csv:9242,camp-cwxhzcayoyrq,create_user_accesskey_policy,privilege-escalation,create_user_accesskey_policy,evt-qtwpcopnlqjd,evt-mdevjuwaclpd,evt-mdevjuwaclpd,,,1,0,1
synthetic_cloudtrail.csv:9243,,,,,,,,,,-1,-1,0
synthetic_cloudtrail.csv:9244,camp-cwxhzcayoyrq,create_user_accesskey_policy,privilege-escalation,create_user_accesskey_policy,evt-uzssbgjlsevx,evt-qtwpcopnlqjd,evt-mdevjuwaclpd,s3:GetObject;s3:ListBucket,*,2,0,1
synthetic_cloudtrail.csv:9245,,,,,,,,,,-1,-1,0
synthetic_cloudtrail.csv:9246,camp-cwxhzcayoyrq,create_user_accesskey_policy,,create_user_accesskey_policy,,,,,,-1,-1,0
synthetic_cloudtrail.csv:9247,,,,,,,,,,-1,-1,0
synthetic_cloudtrail.csv:9248,camp-cwxhzcayoyrq,create_user_accesskey_policy,,create_user_accesskey_policy,,,,,,-1,-1,0
synthetic_cloudtrail.csv:9249,,,,,,,,,,-1,-1,0
synthetic_cloudtrail.csv:9250,camp-cwxhzcayoyrq,create_user_accesskey_policy,,create_user_accesskey_policy,,,,,,-1,-1,0
synthetic_cloudtrail.csv:9251,camp-cwxhzcayoyrq,create_user_accesskey_policy,,create_user_accesskey_policy,,,,,,-1,-1,0
synthetic_cloudtrail.csv:9252,,,,,,,,,,-1,-1,0
synthetic_cloudtrail.csv:9253,,,,,,,,,,-1,-1,0
synthetic_cloudtrail.csv:9254,,,,,,,,,,-1,-1,0
synthetic_cloudtrail.csv:9255,camp-cwxhzcayoyrq,create_user_accesskey_policy,,create_user_accesskey_policy,,,,,,-1,-1,0
synthetic_cloudtrail.csv:9256,,,,,,,,,,-1,-1,0
synthetic_cloudtrail.csv:9257,,,,,,,,,,-1,-1,0
synthetic_cloudtrail.csv:9258,,,,,,,,,,-1,-1,0
synthetic_cloudtrail.csv:9259,,,,,,,,,,-1,-1,0
synthetic_cloudtrail.csv:9260,,,,,,,,,,-1,-1,0
synthetic_cloudtrail.csv:9261,,,,,,,,,,-1,-1,0
synthetic_cloudtrail.csv:9262,,,,,,,,,,-1,-1,0
synthetic_cloudtrail.csv:9263,,,,,,,,,,-1,-1,0
synthetic_cloudtrail.csv:9264,,,,,,,,,,-1,-1,0
synthetic_cloudtrail.csv:9265,,,,,,,,,,-1,-1,0
synthetic_cloudtrail.csv:9266,,,,,,,,,,-1,-1,0
synthetic_cloudtrail.csv:9267,,,,,,,,,,-1,-1,0
synthetic_cloudtrail.csv:9268,,,,,,,,,,-1,-1,0
synthetic_cloudtrail.csv:9269,,,,,,,,,,-1,-1,0
synthetic_cloudtrail.csv:9270,,,,,,,,,,-1,-1,0
synthetic_cloudtrail.csv:9271,,,,,,,,,,-1,-1,0
synthetic_cloudtrail.csv:9272,camp-wjgpishvxpgi,ec2_credential_extraction,reconnaissance,ec2_credential_extraction,,,,,,-1,-1,0
synthetic_cloudtrail.csv:9273,camp-wjgpishvxpgi,ec2_credential_extraction,reconnaissance,ec2_credential_extraction,,,,,,-1,-1,0
synthetic_cloudtrail.csv:9274,camp-wjgpishvxpgi,ec2_credential_extraction,reconnaissance,ec2_credential_extraction,,,,,,-1,-1,0
synthetic_cloudtrail.csv:9275,camp-wjgpishvxpgi,ec2_credential_extraction,credential-access,ec2_credential_extraction,evt-gfebwrtpdeus,,evt-gfebwrtpdeus,,,0,0,1
synthetic_cloudtrail.csv:9276,camp-wjgpishvxpgi,ec2_credential_extraction,reconnaissance,ec2_credential_extraction,,,,,,-1,-1,0
synthetic_cloudtrail.csv:9277,camp-wjgpishvxpgi,ec2_credential_extraction,credential-access,ec2_credential_extraction,evt-mlhnzjmitlcj,evt-gfebwrtpdeus,evt-gfebwrtpdeus,,,1,0,1
synthetic_cloudtrail.csv:9278,camp-wjgpishvxpgi,ec2_credential_extraction,,ec2_credential_extraction,,,,,,-1,-1,0
synthetic_cloudtrail.csv:9279,camp-wjgpishvxpgi,ec2_credential_extraction,,ec2_credential_extraction,,,,,,-1,-1,0
synthetic_cloudtrail.csv:9280,camp-wjgpishvxpgi,ec2_credential_extraction,,ec2_credential_extraction,,,,,,-1,-1,0
synthetic_cloudtrail.csv:9281,,,,,,,,,,-1,-1,0
synthetic_cloudtrail.csv:9282,,,,,,,,,,-1,-1,0
synthetic_cloudtrail.csv:9283,,,,,,,,,,-1,-1,0
synthetic_cloudtrail.csv:9284,,,,,,,,,,-1,-1,0
synthetic_cloudtrail.csv:9285,,,,,,,,,,-1,-1,0
synthetic_cloudtrail.csv:9286,,,,,,,,,,-1,-1,0
synthetic_cloudtrail.csv:9287,,,,,,,,,,-1,-1,0
synthetic_cloudtrail.csv:9288,,,,,,,,,,-1,-1,0
synthetic_cloudtrail.csv:9289,,,,,,,,,,-1,-1,0
synthetic_cloudtrail.csv:9290,,,,,,,,,,-1,-1,0
synthetic_cloudtrail.csv:9291,,,,,,,,,,-1,-1,0
synthetic_cloudtrail.csv:9292,,,,,,,,,,-1,-1,0
synthetic_cloudtrail.csv:9293,,,,,,,,,,-1,-1,0
synthetic_cloudtrail.csv:9294,,,,,,,,,,-1,-1,0
synthetic_cloudtrail.csv:9295,,,,,,,,,,-1,-1,0
synthetic_cloudtrail.csv:9296,,,,,,,,,,-1,-1,0
synthetic_cloudtrail.csv:9297,,,,,,,,,,-1,-1,0
synthetic_cloudtrail.csv:9298,,,,,,,,,,-1,-1,0
synthetic_cloudtrail.csv:9299,,,,,,,,,,-1,-1,0
synthetic_cloudtrail.csv:9300,,,,,,,,,,-1,-1,0
synthetic_cloudtrail.csv:9301,,,,,,,,,,-1,-1,0
synthetic_cloudtrail.csv:9302,,,,,,,,,,-1,-1,0
synthetic_cloudtrail.csv:9303,,,,,,,,,,-1,-1,0
synthetic_cloudtrail.csv:9304,,,,,,,,,,-1,-1,0
synthetic_cloudtrail.csv:9305,,,,,,,,,,-1,-1,0
synthetic_cloudtrail.csv:9306,,,,,,,,,,-1,-1,0
synthetic_cloudtrail.csv:9307,,,,,,,,,,-1,-1,0
synthetic_cloudtrail.csv:9308,,,,,,,,,,-1,-1,0
synthetic_cloudtrail.csv:9309,,,,,,,,,,-1,-1,0
synthetic_cloudtrail.csv:9310,,,,,,,,,,-1,-1,0
synthetic_cloudtrail.csv:9311,,,,,,,,,,-1,-1,0
synthetic_cloudtrail.csv:9312,,,,,,,,,,-1,-1,0
synthetic_cloudtrail.csv:9313,,,,,,,,,,-1,-1,0
synthetic_cloudtrail.csv:9314,,,,,,,,,,-1,-1,0
synthetic_cloudtrail.csv:9315,,,,,,,,,,-1,-1,0
synthetic_cloudtrail.csv:9316,,,,,,,,,,-1,-1,0
synthetic_cloudtrail.csv:9317,,,,,,,,,,-1,-1,0
synthetic_cloudtrail.csv:9318,,,,,,,,,,-1,-1,0
synthetic_cloudtrail.csv:9319,,,,,,,,,,-1,-1,0
synthetic_cloudtrail.csv:9320,,,,,,,,,,-1,-1,0
synthetic_cloudtrail.csv:9321,,,,,,,,,,-1,-1,0
synthetic_cloudtrail.csv:9322,,,,,,,,,,-1,-1,0
synthetic_cloudtrail.csv:9323,,,,,,,,,,-1,-1,0
synthetic_cloudtrail.csv:9324,,,,,,,,,,-1,-1,0
synthetic_cloudtrail.csv:9325,,,,,,,,,,-1,-1,0
synthetic_cloudtrail.csv:9326,,,,,,,,,,-1,-1,0
synthetic_cloudtrail.csv:9327,,,,,,,,,,-1,-1,0
synthetic_cloudtrail.csv:9328,,,,,,,,,,-1,-1,0
synthetic_cloudtrail.csv:9329,,,,,,,,,,-1,-1,0
synthetic_cloudtrail.csv:9330,,,,,,,,,,-1,-1,0
synthetic_cloudtrail.csv:9331,,,,,,,,,,-1,-1,0
synthetic_cloudtrail.csv:9332,,,,,,,,,,-1,-1,0
synthetic_cloudtrail.csv:9333,,,,,,,,,,-1,-1,0
synthetic_cloudtrail.csv:9334,,,,,,,,,,-1,-1,0
synthetic_cloudtrail.csv:9335,,,,,,,,,,-1,-1,0
synthetic_cloudtrail.csv:9336,,,,,,,,,,-1,-1,0
synthetic_cloudtrail.csv:9337,,,,,,,,,,-1,-1,0
synthetic_cloudtrail.csv:9338,,,,,,,,,,-1,-1,0
synthetic_cloudtrail.csv:9339,,,,,,,,,,-1,-1,0
synthetic_cloudtrail.csv:9340,,,,,,,,,,-1,-1,0
synthetic_cloudtrail.csv:9341,,,,,,,,,,-1,-1,0
synthetic_cloudtrail.csv:9342,,,,,,,,,,-1,-1,0
synthetic_cloudtrail.csv:9343,,,,,,,,,,-1,-1,0
synthetic_cloudtrail.csv:9344,,,,,,,,,,-1,-1,0
synthetic_cloudtrail.csv:9345,,,,,,,,,,-1,-1,0
synthetic_cloudtrail.csv:9346,,,,,,,,,,-1,-1,0
synthetic_cloudtrail.csv:9347,,,,,,,,,,-1,-1,0
synthetic_cloudtrail.csv:9348,,,,,,,,,,-1,-1,0
synthetic_cloudtrail.csv:9349,,,,,,,,,,-1,-1,0
synthetic_cloudtrail.csv:9350,,,,,,,,,,-1,-1,0
synthetic_cloudtrail.csv:9351,,,,,,,,,,-1,-1,0
synthetic_cloudtrail.csv:9352,,,,,,,,,,-1,-1,0
synthetic_cloudtrail.csv:9353,,,,,,,,,,-1,-1,0
synthetic_cloudtrail.csv:9354,,,,,,,,,,-1,-1,0
synthetic_cloudtrail.csv:9355,,,,,,,,,,-1,-1,0
synthetic_cloudtrail.csv:9356,,,,,,,,,,-1,-1,0
synthetic_cloudtrail.csv:9357,,,,,,,,,,-1,-1,0
synthetic_cloudtrail.csv:9358,,,,,,,,,,-1,-1,0
synthetic_cloudtrail.csv:9359,,,,,,,,,,-1,-1,0
synthetic_cloudtrail.csv:9360,,,,,,,,,,-1,-1,0
synthetic_cloudtrail.csv:9361,,,,,,,,,,-1,-1,0
synthetic_cloudtrail.csv:9362,,,,,,,,,,-1,-1,0
synthetic_cloudtrail.csv:9363,,,,,,,,,,-1,-1,0
synthetic_cloudtrail.csv:9364,,,,,,,,,,-1,-1,0
synthetic_cloudtrail.csv:9365,,,,,,,,,,-1,-1,0
synthetic_cloudtrail.csv:9366,,,,,,,,,,-1,-1,0
synthetic_cloudtrail.csv:9367,,,,,,,,,,-1,-1,0
synthetic_cloudtrail.csv:9368,,,,,,,,,,-1,-1,0
synthetic_cloudtrail.csv:9369,,,,,,,,,,-1,-1,0
synthetic_cloudtrail.csv:9370,,,,,,,,,,-1,-1,0
synthetic_cloudtrail.csv:9371,,,,,,,,,,-1,-1,0
synthetic_cloudtrail.csv:9372,,,,,,,,,,-1,-1,0
synthetic_cloudtrail.csv:9373,,,,,,,,,,-1,-1,0
synthetic_cloudtrail.csv:9374,,,,,,,,,,-1,-1,0
synthetic_cloudtrail.csv:9375,,,,,,,,,,-1,-1,0
synthetic_cloudtrail.csv:9376,,,,,,,,,,-1,-1,0
synthetic_cloudtrail.csv:9377,,,,,,,,,,-1,-1,0
synthetic_cloudtrail.csv:9378,,,,,,,,,,-1,-1,0
synthetic_cloudtrail.csv:9379,,,,,,,,,,-1,-1,0
synthetic_cloudtrail.csv:9380,,,,,,,,,,-1,-1,0
synthetic_cloudtrail.csv:9381,,,,,,,,,,-1,-1,0
synthetic_cloudtrail.csv:9382,,,,,,,,,,-1,-1,0
synthetic_cloudtrail.csv:9383,,,,,,,,,,-1,-1,0
synthetic_cloudtrail.csv:9384,,,,,,,,,,-1,-1,0
synthetic_cloudtrail.csv:9385,,,,,,,,,,-1,-1,0
synthetic_cloudtrail.csv:9386,,,,,,,,,,-1,-1,0
synthetic_cloudtrail.csv:9387,,,,,,,,,,-1,-1,0
synthetic_cloudtrail.csv:9388,,,,,,,,,,-1,-1,0
synthetic_cloudtrail.csv:9389,,,,,,,,,,-1,-1,0
synthetic_cloudtrail.csv:9390,,,,,,,,,,-1,-1,0
synthetic_cloudtrail.csv:9391,,,,,,,,,,-1,-1,0
synthetic_cloudtrail.csv:9392,,,,,,,,,,-1,-1,0
synthetic_cloudtrail.csv:9393,,,,,,,,,,-1,-1,0
synthetic_cloudtrail.csv:9394,,,,,,,,,,-1,-1,0
synthetic_cloudtrail.csv:9395,,,,,,,,,,-1,-1,0
synthetic_cloudtrail.csv:9396,,,,,,,,,,-1,-1,0
synthetic_cloudtrail.csv:9397,,,,,,,,,,-1,-1,0
synthetic_cloudtrail.csv:9398,,,,,,,,,,-1,-1,0
synthetic_cloudtrail.csv:9399,,,,,,,,,,-1,-1,0
synthetic_cloudtrail.csv:9400,,,,,,,,,,-1,-1,0
synthetic_cloudtrail.csv:9401,,,,,,,,,,-1,-1,0
synthetic_cloudtrail.csv:9402,,,,,,,,,,-1,-1,0
synthetic_cloudtrail.csv:9403,,,,,,,,,,-1,-1,0
synthetic_cloudtrail.csv:9404,,,,,,,,,,-1,-1,0
synthetic_cloudtrail.csv:9405,,,,,,,,,,-1,-1,0
synthetic_cloudtrail.csv:9406,,,,,,,,,,-1,-1,0
synthetic_cloudtrail.csv:9407,,,,,,,,,,-1,-1,0
synthetic_cloudtrail.csv:9408,,,,,,,,,,-1,-1,0
synthetic_cloudtrail.csv:9409,,,,,,,,,,-1,-1,0
synthetic_cloudtrail.csv:9410,,,,,,,,,,-1,-1,0
synthetic_cloudtrail.csv:9411,,,,,,,,,,-1,-1,0
synthetic_cloudtrail.csv:9412,,,,,,,,,,-1,-1,0
synthetic_cloudtrail.csv:9413,,,,,,,,,,-1,-1,0
synthetic_cloudtrail.csv:9414,,,,,,,,,,-1,-1,0
synthetic_cloudtrail.csv:9415,,,,,,,,,,-1,-1,0
synthetic_cloudtrail.csv:9416,,,,,,,,,,-1,-1,0
synthetic_cloudtrail.csv:9417,,,,,,,,,,-1,-1,0
synthetic_cloudtrail.csv:9418,,,,,,,,,,-1,-1,0
synthetic_cloudtrail.csv:9419,,,,,,,,,,-1,-1,0
synthetic_cloudtrail.csv:9420,,,,,,,,,,-1,-1,0
synthetic_cloudtrail.csv:9421,,,,,,,,,,-1,-1,0
synthetic_cloudtrail.csv:9422,,,,,,,,,,-1,-1,0
synthetic_cloudtrail.csv:9423,,,,,,,,,,-1,-1,0
synthetic_cloudtrail.csv:9424,,,,,,,,,,-1,-1,0
synthetic_cloudtrail.csv:9425,,,,,,,,,,-1,-1,0
synthetic_cloudtrail.csv:9426,,,,,,,,,,-1,-1,0
synthetic_cloudtrail.csv:9427,,,,,,,,,,-1,-1,0
synthetic_cloudtrail.csv:9428,,,,,,,,,,-1,-1,0
synthetic_cloudtrail.csv:9429,,,,,,,,,,-1,-1,0
synthetic_cloudtrail.csv:9430,,,,,,,,,,-1,-1,0
synthetic_cloudtrail.csv:9431,,,,,,,,,,-1,-1,0
synthetic_cloudtrail.csv:9432,,,,,,,,,,-1,-1,0
synthetic_cloudtrail.csv:9433,,,,,,,,,,-1,-1,0
synthetic_cloudtrail.csv:9434,,,,,,,,,,-1,-1,0
synthetic_cloudtrail.csv:9435,,,,,,,,,,-1,-1,0
synthetic_cloudtrail.csv:9436,,,,,,,,,,-1,-1,0
synthetic_cloudtrail.csv:9437,,,,,,,,,,-1,-1,0
synthetic_cloudtrail.csv:9438,,,,,,,,,,-1,-1,0
synthetic_cloudtrail.csv:9439,,,,,,,,,,-1,-1,0
synthetic_cloudtrail.csv:9440,,,,,,,,,,-1,-1,0
synthetic_cloudtrail.csv:9441,,,,,,,,,,-1,-1,0
synthetic_cloudtrail.csv:9442,,,,,,,,,,-1,-1,0
synthetic_cloudtrail.csv:9443,,,,,,,,,,-1,-1,0
synthetic_cloudtrail.csv:9444,,,,,,,,,,-1,-1,0
synthetic_cloudtrail.csv:9445,,,,,,,,,,-1,-1,0
synthetic_cloudtrail.csv:9446,,,,,,,,,,-1,-1,0
synthetic_cloudtrail.csv:9447,,,,,,,,,,-1,-1,0
synthetic_cloudtrail.csv:9448,,,,,,,,,,-1,-1,0
synthetic_cloudtrail.csv:9449,,,,,,,,,,-1,-1,0
synthetic_cloudtrail.csv:9450,,,,,,,,,,-1,-1,0
synthetic_cloudtrail.csv:9451,,,,,,,,,,-1,-1,0
synthetic_cloudtrail.csv:9452,,,,,,,,,,-1,-1,0
synthetic_cloudtrail.csv:9453,,,,,,,,,,-1,-1,0
synthetic_cloudtrail.csv:9454,,,,,,,,,,-1,-1,0
synthetic_cloudtrail.csv:9455,,,,,,,,,,-1,-1,0
synthetic_cloudtrail.csv:9456,,,,,,,,,,-1,-1,0
synthetic_cloudtrail.csv:9457,,,,,,,,,,-1,-1,0
synthetic_cloudtrail.csv:9458,,,,,,,,,,-1,-1,0
synthetic_cloudtrail.csv:9459,,,,,,,,,,-1,-1,0
synthetic_cloudtrail.csv:9460,,,,,,,,,,-1,-1,0
synthetic_cloudtrail.csv:9461,,,,,,,,,,-1,-1,0
synthetic_cloudtrail.csv:9462,,,,,,,,,,-1,-1,0
synthetic_cloudtrail.csv:9463,,,,,,,,,,-1,-1,0
synthetic_cloudtrail.csv:9464,,,,,,,,,,-1,-1,0
synthetic_cloudtrail.csv:9465,,,,,,,,,,-1,-1,0
synthetic_cloudtrail.csv:9466,,,,,,,,,,-1,-1,0
synthetic_cloudtrail.csv:9467,,,,,,,,,,-1,-1,0
synthetic_cloudtrail.csv:9468,,,,,,,,,,-1,-1,0
synthetic_cloudtrail.csv:9469,,,,,,,,,,-1,-1,0
synthetic_cloudtrail.csv:9470,,,,,,,,,,-1,-1,0
synthetic_cloudtrail.csv:9471,,,,,,,,,,-1,-1,0
synthetic_cloudtrail.csv:9472,,,,,,,,,,-1,-1,0
synthetic_cloudtrail.csv:9473,,,,,,,,,,-1,-1,0
synthetic_cloudtrail.csv:9474,,,,,,,,,,-1,-1,0
synthetic_cloudtrail.csv:9475,,,,,,,,,,-1,-1,0
synthetic_cloudtrail.csv:9476,,,,,,,,,,-1,-1,0
synthetic_cloudtrail.csv:9477,,,,,,,,,,-1,-1,0
synthetic_cloudtrail.csv:9478,,,,,,,,,,-1,-1,0
synthetic_cloudtrail.csv:9479,,,,,,,,,,-1,-1,0
synthetic_cloudtrail.csv:9480,,,,,,,,,,-1,-1,0
synthetic_cloudtrail.csv:9481,,,,,,,,,,-1,-1,0
synthetic_cloudtrail.csv:9482,,,,,,,,,,-1,-1,0
synthetic_cloudtrail.csv:9483,camp-hoyfmcwlirvd,ec2_credential_extraction,reconnaissance,ec2_credential_extraction,,,,,,-1,-1,0
synthetic_cloudtrail.csv:9484,camp-pvibgmjipuhw,ec2_credential_extraction,reconnaissance,ec2_credential_extraction,,,,,,-1,-1,0
synthetic_cloudtrail.csv:9485,camp-hoyfmcwlirvd,ec2_credential_extraction,reconnaissance,ec2_credential_extraction,,,,,,-1,-1,0
synthetic_cloudtrail.csv:9486,camp-pvibgmjipuhw,ec2_credential_extraction,reconnaissance,ec2_credential_extraction,,,,,,-1,-1,0
synthetic_cloudtrail.csv:9487,camp-hoyfmcwlirvd,ec2_credential_extraction,reconnaissance,ec2_credential_extraction,,,,,,-1,-1,0
synthetic_cloudtrail.csv:9488,camp-pvibgmjipuhw,ec2_credential_extraction,reconnaissance,ec2_credential_extraction,,,,,,-1,-1,0
synthetic_cloudtrail.csv:9489,camp-hoyfmcwlirvd,ec2_credential_extraction,reconnaissance,ec2_credential_extraction,,,,,,-1,-1,0
synthetic_cloudtrail.csv:9490,camp-pvibgmjipuhw,ec2_credential_extraction,reconnaissance,ec2_credential_extraction,,,,,,-1,-1,0
synthetic_cloudtrail.csv:9491,camp-pvibgmjipuhw,ec2_credential_extraction,credential-access,ec2_credential_extraction,evt-zkeivcrmtupz,,evt-zkeivcrmtupz,,,0,0,1
synthetic_cloudtrail.csv:9492,camp-pvibgmjipuhw,ec2_credential_extraction,credential-access,ec2_credential_extraction,evt-sndvouaoncfh,evt-zkeivcrmtupz,evt-zkeivcrmtupz,,,1,0,1
synthetic_cloudtrail.csv:9493,camp-hoyfmcwlirvd,ec2_credential_extraction,reconnaissance,ec2_credential_extraction,,,,,,-1,-1,0
synthetic_cloudtrail.csv:9494,,,,,,,,,,-1,-1,0
synthetic_cloudtrail.csv:9495,camp-pvibgmjipuhw,ec2_credential_extraction,,ec2_credential_extraction,,,,,,-1,-1,0
synthetic_cloudtrail.csv:9496,,,,,,,,,,-1,-1,0
synthetic_cloudtrail.csv:9497,camp-hoyfmcwlirvd,ec2_credential_extraction,reconnaissance,ec2_credential_extraction,,,,,,-1,-1,0
synthetic_cloudtrail.csv:9498,,,,,,,,,,-1,-1,0
synthetic_cloudtrail.csv:9499,camp-hoyfmcwlirvd,ec2_credential_extraction,reconnaissance,ec2_credential_extraction,,,,,,-1,-1,0
synthetic_cloudtrail.csv:9500,camp-hoyfmcwlirvd,ec2_credential_extraction,credential-access,ec2_credential_extraction,evt-cbuiuryldjvi,,evt-cbuiuryldjvi,,,0,0,1
synthetic_cloudtrail.csv:9501,camp-pvibgmjipuhw,ec2_credential_extraction,,ec2_credential_extraction,,,,,,-1,-1,0
synthetic_cloudtrail.csv:9502,camp-hoyfmcwlirvd,ec2_credential_extraction,reconnaissance,ec2_credential_extraction,,,,,,-1,-1,0
synthetic_cloudtrail.csv:9503,camp-hoyfmcwlirvd,ec2_credential_extraction,credential-access,ec2_credential_extraction,evt-ftlmqckqyrpr,evt-cbuiuryldjvi,evt-cbuiuryldjvi,,,1,0,1
synthetic_cloudtrail.csv:9504,,,,,,,,,,-1,-1,0
synthetic_cloudtrail.csv:9505,camp-hoyfmcwlirvd,ec2_credential_extraction,,ec2_credential_extraction,,,,,,-1,-1,0
synthetic_cloudtrail.csv:9506,camp-hoyfmcwlirvd,ec2_credential_extraction,,ec2_credential_extraction,,,,,,-1,-1,0
synthetic_cloudtrail.csv:9507,camp-pvibgmjipuhw,ec2_credential_extraction,,ec2_credential_extraction,,,,,,-1,-1,0
synthetic_cloudtrail.csv:9508,,,,,,,,,,-1,-1,0
synthetic_cloudtrail.csv:9509,camp-pvibgmjipuhw,ec2_credential_extraction,,ec2_credential_extraction,,,,,,-1,-1,0
synthetic_cloudtrail.csv:9510,,,,,,,,,,-1,-1,0
synthetic_cloudtrail.csv:9511,,,,,,,,,,-1,-1,0
synthetic_cloudtrail.csv:9512,,,,,,,,,,-1,-1,0
synthetic_cloudtrail.csv:9513,,,,,,,,,,-1,-1,0
synthetic_cloudtrail.csv:9514,,,,,,,,,,-1,-1,0
synthetic_cloudtrail.csv:9515,,,,,,,,,,-1,-1,0
synthetic_cloudtrail.csv:9516,,,,,,,,,,-1,-1,0
synthetic_cloudtrail.csv:9517,,,,,,,,,,-1,-1,0
synthetic_cloudtrail.csv:9518,,,,,,,,,,-1,-1,0
synthetic_cloudtrail.csv:9519,,,,,,,,,,-1,-1,0
synthetic_cloudtrail.csv:9520,,,,,,,,,,-1,-1,0
synthetic_cloudtrail.csv:9521,,,,,,,,,,-1,-1,0
synthetic_cloudtrail.csv:9522,,,,,,,,,,-1,-1,0
synthetic_cloudtrail.csv:9523,,,,,,,,,,-1,-1,0
synthetic_cloudtrail.csv:9524,,,,,,,,,,-1,-1,0
synthetic_cloudtrail.csv:9525,,,,,,,,,,-1,-1,0
synthetic_cloudtrail.csv:9526,,,,,,,,,,-1,-1,0
synthetic_cloudtrail.csv:9527,,,,,,,,,,-1,-1,0
synthetic_cloudtrail.csv:9528,,,,,,,,,,-1,-1,0
synthetic_cloudtrail.csv:9529,,,,,,,,,,-1,-1,0
synthetic_cloudtrail.csv:9530,,,,,,,,,,-1,-1,0
synthetic_cloudtrail.csv:9531,,,,,,,,,,-1,-1,0
synthetic_cloudtrail.csv:9532,,,,,,,,,,-1,-1,0
synthetic_cloudtrail.csv:9533,,,,,,,,,,-1,-1,0
synthetic_cloudtrail.csv:9534,,,,,,,,,,-1,-1,0
synthetic_cloudtrail.csv:9535,,,,,,,,,,-1,-1,0
synthetic_cloudtrail.csv:9536,,,,,,,,,,-1,-1,0
synthetic_cloudtrail.csv:9537,,,,,,,,,,-1,-1,0
synthetic_cloudtrail.csv:9538,,,,,,,,,,-1,-1,0
synthetic_cloudtrail.csv:9539,camp-yctpjxswrlbm,assume_admin_then_backdoor_role,reconnaissance,assume_admin_then_backdoor_role,,,,,,-1,-1,0
synthetic_cloudtrail.csv:9540,camp-yctpjxswrlbm,assume_admin_then_backdoor_role,reconnaissance,assume_admin_then_backdoor_role,,,,,,-1,-1,0
synthetic_cloudtrail.csv:9541,camp-yctpjxswrlbm,assume_admin_then_backdoor_role,reconnaissance,assume_admin_then_backdoor_role,,,,,,-1,-1,0
synthetic_cloudtrail.csv:9542,camp-yctpjxswrlbm,assume_admin_then_backdoor_role,reconnaissance,assume_admin_then_backdoor_role,,,,,,-1,-1,0
synthetic_cloudtrail.csv:9543,camp-yctpjxswrlbm,assume_admin_then_backdoor_role,privilege-escalation,assume_admin_then_backdoor_role,evt-iggmvzemqwpy,,evt-iggmvzemqwpy,,,0,0,1
synthetic_cloudtrail.csv:9544,camp-yctpjxswrlbm,assume_admin_then_backdoor_role,persistence,assume_admin_then_backdoor_role,evt-sxpypjokhgpc,evt-iggmvzemqwpy,evt-iggmvzemqwpy,,,1,1,1
synthetic_cloudtrail.csv:9545,camp-yctpjxswrlbm,assume_admin_then_backdoor_role,privilege-escalation,assume_admin_then_backdoor_role,evt-miwcfxxgysmr,evt-sxpypjokhgpc,evt-iggmvzemqwpy,s3:GetObject;s3:ListBucket,*,2,1,1
synthetic_cloudtrail.csv:9546,camp-yctpjxswrlbm,assume_admin_then_backdoor_role,privilege-escalation,assume_admin_then_backdoor_role,evt-ngchkoyglhwo,evt-miwcfxxgysmr,evt-iggmvzemqwpy,,,3,1,1
synthetic_cloudtrail.csv:9547,camp-yctpjxswrlbm,assume_admin_then_backdoor_role,credential-access,assume_admin_then_backdoor_role,evt-rtgqysxdonmk,evt-ngchkoyglhwo,evt-iggmvzemqwpy,,,4,2,1
synthetic_cloudtrail.csv:9548,camp-yctpjxswrlbm,assume_admin_then_backdoor_role,,assume_admin_then_backdoor_role,,,,,,-1,-1,0
synthetic_cloudtrail.csv:9549,camp-yctpjxswrlbm,assume_admin_then_backdoor_role,,assume_admin_then_backdoor_role,,,,,,-1,-1,0
synthetic_cloudtrail.csv:9550,camp-yctpjxswrlbm,assume_admin_then_backdoor_role,,assume_admin_then_backdoor_role,,,,,,-1,-1,0
synthetic_cloudtrail.csv:9551,camp-yctpjxswrlbm,assume_admin_then_backdoor_role,,assume_admin_then_backdoor_role,,,,,,-1,-1,0
synthetic_cloudtrail.csv:9552,camp-yctpjxswrlbm,assume_admin_then_backdoor_role,,assume_admin_then_backdoor_role,,,,,,-1,-1,0
synthetic_cloudtrail.csv:9553,,,,,,,,,,-1,-1,0
synthetic_cloudtrail.csv:9554,,,,,,,,,,-1,-1,0
synthetic_cloudtrail.csv:9555,,,,,,,,,,-1,-1,0
synthetic_cloudtrail.csv:9556,,,,,,,,,,-1,-1,0
synthetic_cloudtrail.csv:9557,,,,,,,,,,-1,-1,0
synthetic_cloudtrail.csv:9558,,,,,,,,,,-1,-1,0
synthetic_cloudtrail.csv:9559,,,,,,,,,,-1,-1,0
synthetic_cloudtrail.csv:9560,,,,,,,,,,-1,-1,0
synthetic_cloudtrail.csv:9561,,,,,,,,,,-1,-1,0
synthetic_cloudtrail.csv:9562,,,,,,,,,,-1,-1,0
synthetic_cloudtrail.csv:9563,,,,,,,,,,-1,-1,0
synthetic_cloudtrail.csv:9564,,,,,,,,,,-1,-1,0
synthetic_cloudtrail.csv:9565,,,,,,,,,,-1,-1,0
synthetic_cloudtrail.csv:9566,,,,,,,,,,-1,-1,0
synthetic_cloudtrail.csv:9567,,,,,,,,,,-1,-1,0
synthetic_cloudtrail.csv:9568,,,,,,,,,,-1,-1,0
synthetic_cloudtrail.csv:9569,,,,,,,,,,-1,-1,0
synthetic_cloudtrail.csv:9570,,,,,,,,,,-1,-1,0
synthetic_cloudtrail.csv:9571,,,,,,,,,,-1,-1,0
synthetic_cloudtrail.csv:9572,,,,,,,,,,-1,-1,0
synthetic_cloudtrail.csv:9573,,,,,,,,,,-1,-1,0
synthetic_cloudtrail.csv:9574,,,,,,,,,,-1,-1,0
synthetic_cloudtrail.csv:9575,,,,,,,,,,-1,-1,0
synthetic_cloudtrail.csv:9576,,,,,,,,,,-1,-1,0
synthetic_cloudtrail.csv:9577,,,,,,,,,,-1,-1,0
synthetic_cloudtrail.csv:9578,,,,,,,,,,-1,-1,0
synthetic_cloudtrail.csv:9579,,,,,,,,,,-1,-1,0
synthetic_cloudtrail.csv:9580,,,,,,,,,,-1,-1,0
synthetic_cloudtrail.csv:9581,,,,,,,,,,-1,-1,0
synthetic_cloudtrail.csv:9582,camp-hvxfhoqmgcbz,secrets_manager_sweep,reconnaissance,secrets_manager_sweep,,,,,,-1,-1,0
synthetic_cloudtrail.csv:9583,camp-hvxfhoqmgcbz,secrets_manager_sweep,reconnaissance,secrets_manager_sweep,,,,,,-1,-1,0
synthetic_cloudtrail.csv:9584,camp-hvxfhoqmgcbz,secrets_manager_sweep,reconnaissance,secrets_manager_sweep,,,,,,-1,-1,0
synthetic_cloudtrail.csv:9585,camp-hvxfhoqmgcbz,secrets_manager_sweep,reconnaissance,secrets_manager_sweep,,,,,,-1,-1,0
synthetic_cloudtrail.csv:9586,camp-hvxfhoqmgcbz,secrets_manager_sweep,reconnaissance,secrets_manager_sweep,,,,,,-1,-1,0
synthetic_cloudtrail.csv:9587,camp-hvxfhoqmgcbz,secrets_manager_sweep,reconnaissance,secrets_manager_sweep,,,,,,-1,-1,0
synthetic_cloudtrail.csv:9588,camp-hvxfhoqmgcbz,secrets_manager_sweep,reconnaissance,secrets_manager_sweep,,,,,,-1,-1,0
synthetic_cloudtrail.csv:9589,camp-hvxfhoqmgcbz,secrets_manager_sweep,reconnaissance,secrets_manager_sweep,,,,,,-1,-1,0
synthetic_cloudtrail.csv:9590,camp-hvxfhoqmgcbz,secrets_manager_sweep,credential-access,secrets_manager_sweep,evt-obmjxlicvwxy,,evt-obmjxlicvwxy,,,0,0,1
synthetic_cloudtrail.csv:9591,camp-hvxfhoqmgcbz,secrets_manager_sweep,credential-access,secrets_manager_sweep,evt-dlhkenccafzj,evt-obmjxlicvwxy,evt-obmjxlicvwxy,,,1,0,1
synthetic_cloudtrail.csv:9592,camp-hvxfhoqmgcbz,secrets_manager_sweep,credential-access,secrets_manager_sweep,evt-aadiqnrmbvlc,evt-dlhkenccafzj,evt-obmjxlicvwxy,,,2,0,1
synthetic_cloudtrail.csv:9593,camp-hvxfhoqmgcbz,secrets_manager_sweep,,secrets_manager_sweep,,,,,,-1,-1,0
synthetic_cloudtrail.csv:9594,camp-hvxfhoqmgcbz,secrets_manager_sweep,,secrets_manager_sweep,,,,,,-1,-1,0
synthetic_cloudtrail.csv:9595,camp-hvxfhoqmgcbz,secrets_manager_sweep,,secrets_manager_sweep,,,,,,-1,-1,0
synthetic_cloudtrail.csv:9596,camp-hvxfhoqmgcbz,secrets_manager_sweep,,secrets_manager_sweep,,,,,,-1,-1,0
synthetic_cloudtrail.csv:9597,camp-hvxfhoqmgcbz,secrets_manager_sweep,,secrets_manager_sweep,,,,,,-1,-1,0
synthetic_cloudtrail.csv:9598,,,,,,,,,,-1,-1,0
synthetic_cloudtrail.csv:9599,,,,,,,,,,-1,-1,0
synthetic_cloudtrail.csv:9600,,,,,,,,,,-1,-1,0
synthetic_cloudtrail.csv:9601,,,,,,,,,,-1,-1,0
synthetic_cloudtrail.csv:9602,,,,,,,,,,-1,-1,0
synthetic_cloudtrail.csv:9603,,,,,,,,,,-1,-1,0
synthetic_cloudtrail.csv:9604,,,,,,,,,,-1,-1,0
synthetic_cloudtrail.csv:9605,,,,,,,,,,-1,-1,0
synthetic_cloudtrail.csv:9606,,,,,,,,,,-1,-1,0
synthetic_cloudtrail.csv:9607,,,,,,,,,,-1,-1,0
synthetic_cloudtrail.csv:9608,,,,,,,,,,-1,-1,0
synthetic_cloudtrail.csv:9609,,,,,,,,,,-1,-1,0
synthetic_cloudtrail.csv:9610,,,,,,,,,,-1,-1,0
synthetic_cloudtrail.csv:9611,camp-qgllatcjthtx,create_role_attach_managed_policy,reconnaissance,create_role_attach_managed_policy,,,,,,-1,-1,0
synthetic_cloudtrail.csv:9612,camp-qgllatcjthtx,create_role_attach_managed_policy,reconnaissance,create_role_attach_managed_policy,,,,,,-1,-1,0
synthetic_cloudtrail.csv:9613,camp-qgllatcjthtx,create_role_attach_managed_policy,reconnaissance,create_role_attach_managed_policy,,,,,,-1,-1,0
synthetic_cloudtrail.csv:9614,camp-qgllatcjthtx,create_role_attach_managed_policy,reconnaissance,create_role_attach_managed_policy,,,,,,-1,-1,0
synthetic_cloudtrail.csv:9615,camp-qgllatcjthtx,create_role_attach_managed_policy,reconnaissance,create_role_attach_managed_policy,,,,,,-1,-1,0
synthetic_cloudtrail.csv:9616,camp-qgllatcjthtx,create_role_attach_managed_policy,reconnaissance,create_role_attach_managed_policy,,,,,,-1,-1,0
synthetic_cloudtrail.csv:9617,camp-qgllatcjthtx,create_role_attach_managed_policy,persistence,create_role_attach_managed_policy,evt-ifeeckwojqxg,,evt-ifeeckwojqxg,,,0,0,1
synthetic_cloudtrail.csv:9618,camp-qgllatcjthtx,create_role_attach_managed_policy,privilege-escalation,create_role_attach_managed_policy,evt-xzjbrxjigdrh,evt-ifeeckwojqxg,evt-ifeeckwojqxg,s3:GetObject;s3:ListBucket,*,1,0,1
synthetic_cloudtrail.csv:9619,camp-qgllatcjthtx,create_role_attach_managed_policy,,create_role_attach_managed_policy,,,,,,-1,-1,0
synthetic_cloudtrail.csv:9620,camp-qgllatcjthtx,create_role_attach_managed_policy,,create_role_attach_managed_policy,,,,,,-1,-1,0
synthetic_cloudtrail.csv:9621,,,,,,,,,,-1,-1,0
synthetic_cloudtrail.csv:9622,,,,,,,,,,-1,-1,0
synthetic_cloudtrail.csv:9623,,,,,,,,,,-1,-1,0
synthetic_cloudtrail.csv:9624,,,,,,,,,,-1,-1,0
synthetic_cloudtrail.csv:9625,,,,,,,,,,-1,-1,0
synthetic_cloudtrail.csv:9626,,,,,,,,,,-1,-1,0
synthetic_cloudtrail.csv:9627,,,,,,,,,,-1,-1,0
synthetic_cloudtrail.csv:9628,,,,,,,,,,-1,-1,0
synthetic_cloudtrail.csv:9629,,,,,,,,,,-1,-1,0
synthetic_cloudtrail.csv:9630,,,,,,,,,,-1,-1,0
synthetic_cloudtrail.csv:9631,,,,,,,,,,-1,-1,0
synthetic_cloudtrail.csv:9632,,,,,,,,,,-1,-1,0
synthetic_cloudtrail.csv:9633,,,,,,,,,,-1,-1,0
synthetic_cloudtrail.csv:9634,,,,,,,,,,-1,-1,0
synthetic_cloudtrail.csv:9635,,,,,,,,,,-1,-1,0
synthetic_cloudtrail.csv:9636,,,,,,,,,,-1,-1,0
synthetic_cloudtrail.csv:9637,camp-dogpalavhrbp,secrets_manager_sweep,reconnaissance,secrets_manager_sweep,,,,,,-1,-1,0
synthetic_cloudtrail.csv:9638,camp-dogpalavhrbp,secrets_manager_sweep,reconnaissance,secrets_manager_sweep,,,,,,-1,-1,0
synthetic_cloudtrail.csv:9639,camp-dogpalavhrbp,secrets_manager_sweep,reconnaissance,secrets_manager_sweep,,,,,,-1,-1,0
synthetic_cloudtrail.csv:9640,camp-dogpalavhrbp,secrets_manager_sweep,reconnaissance,secrets_manager_sweep,,,,,,-1,-1,0
synthetic_cloudtrail.csv:9641,camp-dogpalavhrbp,secrets_manager_sweep,credential-access,secrets_manager_sweep,evt-ardnfyzfyrrf,evt-zfmkwhfxilrd,evt-zfmkwhfxilrd,,,1,0,1
synthetic_cloudtrail.csv:9642,camp-dogpalavhrbp,secrets_manager_sweep,credential-access,secrets_manager_sweep,evt-zfmkwhfxilrd,,evt-zfmkwhfxilrd,,,0,0,1
synthetic_cloudtrail.csv:9643,camp-dogpalavhrbp,secrets_manager_sweep,credential-access,secrets_manager_sweep,evt-nktvpiyxpvjg,evt-ardnfyzfyrrf,evt-zfmkwhfxilrd,,,2,0,1
synthetic_cloudtrail.csv:9644,camp-dogpalavhrbp,secrets_manager_sweep,,secrets_manager_sweep,,,,,,-1,-1,0
synthetic_cloudtrail.csv:9645,camp-dogpalavhrbp,secrets_manager_sweep,,secrets_manager_sweep,,,,,,-1,-1,0
synthetic_cloudtrail.csv:9646,camp-dogpalavhrbp,secrets_manager_sweep,,secrets_manager_sweep,,,,,,-1,-1,0
synthetic_cloudtrail.csv:9647,camp-qggtjxberbff,ssm_parameter_harvest,reconnaissance,ssm_parameter_harvest,,,,,,-1,-1,0
synthetic_cloudtrail.csv:9648,camp-qggtjxberbff,ssm_parameter_harvest,reconnaissance,ssm_parameter_harvest,,,,,,-1,-1,0
synthetic_cloudtrail.csv:9649,camp-qggtjxberbff,ssm_parameter_harvest,reconnaissance,ssm_parameter_harvest,,,,,,-1,-1,0
synthetic_cloudtrail.csv:9650,camp-qggtjxberbff,ssm_parameter_harvest,reconnaissance,ssm_parameter_harvest,,,,,,-1,-1,0
synthetic_cloudtrail.csv:9651,camp-qggtjxberbff,ssm_parameter_harvest,reconnaissance,ssm_parameter_harvest,,,,,,-1,-1,0
synthetic_cloudtrail.csv:9652,camp-qggtjxberbff,ssm_parameter_harvest,credential-access,ssm_parameter_harvest,evt-mmdjyzbskxyr,evt-ffljlmnwtnru,evt-ffljlmnwtnru,,,1,0,1
synthetic_cloudtrail.csv:9653,camp-qggtjxberbff,ssm_parameter_harvest,credential-access,ssm_parameter_harvest,evt-ecghvviengzd,evt-mmdjyzbskxyr,evt-ffljlmnwtnru,,,2,0,1
synthetic_cloudtrail.csv:9654,camp-qggtjxberbff,ssm_parameter_harvest,credential-access,ssm_parameter_harvest,evt-ffljlmnwtnru,,evt-ffljlmnwtnru,,,0,0,1
synthetic_cloudtrail.csv:9655,camp-qggtjxberbff,ssm_parameter_harvest,,ssm_parameter_harvest,,,,,,-1,-1,0
synthetic_cloudtrail.csv:9656,camp-qggtjxberbff,ssm_parameter_harvest,,ssm_parameter_harvest,,,,,,-1,-1,0
synthetic_cloudtrail.csv:9657,,,,,,,,,,-1,-1,0
synthetic_cloudtrail.csv:9658,,,,,,,,,,-1,-1,0
synthetic_cloudtrail.csv:9659,,,,,,,,,,-1,-1,0
synthetic_cloudtrail.csv:9660,,,,,,,,,,-1,-1,0
synthetic_cloudtrail.csv:9661,,,,,,,,,,-1,-1,0
synthetic_cloudtrail.csv:9662,,,,,,,,,,-1,-1,0
synthetic_cloudtrail.csv:9663,,,,,,,,,,-1,-1,0
synthetic_cloudtrail.csv:9664,,,,,,,,,,-1,-1,0
synthetic_cloudtrail.csv:9665,,,,,,,,,,-1,-1,0
synthetic_cloudtrail.csv:9666,,,,,,,,,,-1,-1,0
synthetic_cloudtrail.csv:9667,,,,,,,,,,-1,-1,0
synthetic_cloudtrail.csv:9668,,,,,,,,,,-1,-1,0
synthetic_cloudtrail.csv:9669,,,,,,,,,,-1,-1,0
synthetic_cloudtrail.csv:9670,,,,,,,,,,-1,-1,0
synthetic_cloudtrail.csv:9671,,,,,,,,,,-1,-1,0
synthetic_cloudtrail.csv:9672,,,,,,,,,,-1,-1,0
synthetic_cloudtrail.csv:9673,,,,,,,,,,-1,-1,0
synthetic_cloudtrail.csv:9674,,,,,,,,,,-1,-1,0
synthetic_cloudtrail.csv:9675,,,,,,,,,,-1,-1,0
synthetic_cloudtrail.csv:9676,,,,,,,,,,-1,-1,0
synthetic_cloudtrail.csv:9677,,,,,,,,,,-1,-1,0
synthetic_cloudtrail.csv:9678,,,,,,,,,,-1,-1,0
synthetic_cloudtrail.csv:9679,,,,,,,,,,-1,-1,0
synthetic_cloudtrail.csv:9680,,,,,,,,,,-1,-1,0
synthetic_cloudtrail.csv:9681,,,,,,,,,,-1,-1,0
synthetic_cloudtrail.csv:9682,,,,,,,,,,-1,-1,0
synthetic_cloudtrail.csv:9683,,,,,,,,,,-1,-1,0
synthetic_cloudtrail.csv:9684,,,,,,,,,,-1,-1,0
synthetic_cloudtrail.csv:9685,,,,,,,,,,-1,-1,0
synthetic_cloudtrail.csv:9686,,,,,,,,,,-1,-1,0
synthetic_cloudtrail.csv:9687,,,,,,,,,,-1,-1,0
synthetic_cloudtrail.csv:9688,,,,,,,,,,-1,-1,0
synthetic_cloudtrail.csv:9689,,,,,,,,,,-1,-1,0
synthetic_cloudtrail.csv:9690,,,,,,,,,,-1,-1,0
synthetic_cloudtrail.csv:9691,,,,,,,,,,-1,-1,0
synthetic_cloudtrail.csv:9692,,,,,,,,,,-1,-1,0
synthetic_cloudtrail.csv:9693,,,,,,,,,,-1,-1,0
synthetic_cloudtrail.csv:9694,,,,,,,,,,-1,-1,0
synthetic_cloudtrail.csv:9695,,,,,,,,,,-1,-1,0
synthetic_cloudtrail.csv:9696,,,,,,,,,,-1,-1,0
synthetic_cloudtrail.csv:9697,,,,,,,,,,-1,-1,0
synthetic_cloudtrail.csv:9698,,,,,,,,,,-1,-1,0
synthetic_cloudtrail.csv:9699,,,,,,,,,,-1,-1,0
synthetic_cloudtrail.csv:9700,,,,,,,,,,-1,-1,0
synthetic_cloudtrail.csv:9701,,,,,,,,,,-1,-1,0
synthetic_cloudtrail.csv:9702,,,,,,,,,,-1,-1,0
synthetic_cloudtrail.csv:9703,,,,,,,,,,-1,-1,0
synthetic_cloudtrail.csv:9704,,,,,,,,,,-1,-1,0
synthetic_cloudtrail.csv:9705,,,,,,,,,,-1,-1,0
synthetic_cloudtrail.csv:9706,,,,,,,,,,-1,-1,0
synthetic_cloudtrail.csv:9707,,,,,,,,,,-1,-1,0
synthetic_cloudtrail.csv:9708,,,,,,,,,,-1,-1,0
synthetic_cloudtrail.csv:9709,,,,,,,,,,-1,-1,0
synthetic_cloudtrail.csv:9710,,,,,,,,,,-1,-1,0
synthetic_cloudtrail.csv:9711,,,,,,,,,,-1,-1,0
synthetic_cloudtrail.csv:9712,,,,,,,,,,-1,-1,0
synthetic_cloudtrail.csv:9713,,,,,,,,,,-1,-1,0
synthetic_cloudtrail.csv:9714,,,,,,,,,,-1,-1,0
synthetic_cloudtrail.csv:9715,,,,,,,,,,-1,-1,0
synthetic_cloudtrail.csv:9716,,,,,,,,,,-1,-1,0
synthetic_cloudtrail.csv:9717,,,,,,,,,,-1,-1,0
synthetic_cloudtrail.csv:9718,,,,,,,,,,-1,-1,0
synthetic_cloudtrail.csv:9719,,,,,,,,,,-1,-1,0
synthetic_cloudtrail.csv:9720,,,,,,,,,,-1,-1,0
synthetic_cloudtrail.csv:9721,,,,,,,,,,-1,-1,0
synthetic_cloudtrail.csv:9722,,,,,,,,,,-1,-1,0
synthetic_cloudtrail.csv:9723,,,,,,,,,,-1,-1,0
synthetic_cloudtrail.csv:9724,,,,,,,,,,-1,-1,0
synthetic_cloudtrail.csv:9725,,,,,,,,,,-1,-1,0
synthetic_cloudtrail.csv:9726,,,,,,,,,,-1,-1,0
synthetic_cloudtrail.csv:9727,,,,,,,,,,-1,-1,0
synthetic_cloudtrail.csv:9728,,,,,,,,,,-1,-1,0
synthetic_cloudtrail.csv:9729,,,,,,,,,,-1,-1,0
synthetic_cloudtrail.csv:9730,,,,,,,,,,-1,-1,0
synthetic_cloudtrail.csv:9731,,,,,,,,,,-1,-1,0
synthetic_cloudtrail.csv:9732,,,,,,,,,,-1,-1,0
synthetic_cloudtrail.csv:9733,,,,,,,,,,-1,-1,0
synthetic_cloudtrail.csv:9734,,,,,,,,,,-1,-1,0
synthetic_cloudtrail.csv:9735,,,,,,,,,,-1,-1,0
synthetic_cloudtrail.csv:9736,,,,,,,,,,-1,-1,0
synthetic_cloudtrail.csv:9737,,,,,,,,,,-1,-1,0
synthetic_cloudtrail.csv:9738,,,,,,,,,,-1,-1,0
synthetic_cloudtrail.csv:9739,,,,,,,,,,-1,-1,0
synthetic_cloudtrail.csv:9740,camp-bmyasbvcvbqs,secrets_manager_sweep,reconnaissance,secrets_manager_sweep,,,,,,-1,-1,0
synthetic_cloudtrail.csv:9741,camp-bmyasbvcvbqs,secrets_manager_sweep,reconnaissance,secrets_manager_sweep,,,,,,-1,-1,0
synthetic_cloudtrail.csv:9742,camp-bmyasbvcvbqs,secrets_manager_sweep,reconnaissance,secrets_manager_sweep,,,,,,-1,-1,0
synthetic_cloudtrail.csv:9743,camp-bmyasbvcvbqs,secrets_manager_sweep,reconnaissance,secrets_manager_sweep,,,,,,-1,-1,0
synthetic_cloudtrail.csv:9744,camp-bmyasbvcvbqs,secrets_manager_sweep,credential-access,secrets_manager_sweep,evt-stzjilexdxhw,,evt-stzjilexdxhw,,,0,0,1
synthetic_cloudtrail.csv:9745,camp-bmyasbvcvbqs,secrets_manager_sweep,credential-access,secrets_manager_sweep,evt-trxgboqjcxcn,evt-stzjilexdxhw,evt-stzjilexdxhw,,,1,0,1
synthetic_cloudtrail.csv:9746,camp-bmyasbvcvbqs,secrets_manager_sweep,credential-access,secrets_manager_sweep,evt-ufmbqnwktogg,evt-trxgboqjcxcn,evt-stzjilexdxhw,,,2,0,1
synthetic_cloudtrail.csv:9747,camp-bmyasbvcvbqs,secrets_manager_sweep,,secrets_manager_sweep,,,,,,-1,-1,0
synthetic_cloudtrail.csv:9748,camp-bmyasbvcvbqs,secrets_manager_sweep,,secrets_manager_sweep,,,,,,-1,-1,0
synthetic_cloudtrail.csv:9749,camp-bmyasbvcvbqs,secrets_manager_sweep,,secrets_manager_sweep,,,,,,-1,-1,0
synthetic_cloudtrail.csv:9750,camp-bmyasbvcvbqs,secrets_manager_sweep,,secrets_manager_sweep,,,,,,-1,-1,0
synthetic_cloudtrail.csv:9751,,,,,,,,,,-1,-1,0
synthetic_cloudtrail.csv:9752,,,,,,,,,,-1,-1,0
synthetic_cloudtrail.csv:9753,,,,,,,,,,-1,-1,0
synthetic_cloudtrail.csv:9754,,,,,,,,,,-1,-1,0
synthetic_cloudtrail.csv:9755,,,,,,,,,,-1,-1,0
synthetic_cloudtrail.csv:9756,,,,,,,,,,-1,-1,0
synthetic_cloudtrail.csv:9757,,,,,,,,,,-1,-1,0
synthetic_cloudtrail.csv:9758,,,,,,,,,,-1,-1,0
synthetic_cloudtrail.csv:9759,,,,,,,,,,-1,-1,0
synthetic_cloudtrail.csv:9760,,,,,,,,,,-1,-1,0
synthetic_cloudtrail.csv:9761,,,,,,,,,,-1,-1,0
synthetic_cloudtrail.csv:9762,,,,,,,,,,-1,-1,0
synthetic_cloudtrail.csv:9763,,,,,,,,,,-1,-1,0
synthetic_cloudtrail.csv:9764,,,,,,,,,,-1,-1,0
synthetic_cloudtrail.csv:9765,,,,,,,,,,-1,-1,0
synthetic_cloudtrail.csv:9766,,,,,,,,,,-1,-1,0
synthetic_cloudtrail.csv:9767,,,,,,,,,,-1,-1,0
synthetic_cloudtrail.csv:9768,,,,,,,,,,-1,-1,0
synthetic_cloudtrail.csv:9769,,,,,,,,,,-1,-1,0
synthetic_cloudtrail.csv:9770,,,,,,,,,,-1,-1,0
synthetic_cloudtrail.csv:9771,,,,,,,,,,-1,-1,0
synthetic_cloudtrail.csv:9772,,,,,,,,,,-1,-1,0
synthetic_cloudtrail.csv:9773,,,,,,,,,,-1,-1,0
synthetic_cloudtrail.csv:9774,,,,,,,,,,-1,-1,0
synthetic_cloudtrail.csv:9775,,,,,,,,,,-1,-1,0
synthetic_cloudtrail.csv:9776,camp-mirciqezizvn,ec2_credential_extraction,reconnaissance,ec2_credential_extraction,,,,,,-1,-1,0
synthetic_cloudtrail.csv:9777,camp-mirciqezizvn,ec2_credential_extraction,reconnaissance,ec2_credential_extraction,,,,,,-1,-1,0
synthetic_cloudtrail.csv:9778,camp-mirciqezizvn,ec2_credential_extraction,reconnaissance,ec2_credential_extraction,,,,,,-1,-1,0
synthetic_cloudtrail.csv:9779,camp-mirciqezizvn,ec2_credential_extraction,reconnaissance,ec2_credential_extraction,,,,,,-1,-1,0
synthetic_cloudtrail.csv:9780,camp-mirciqezizvn,ec2_credential_extraction,reconnaissance,ec2_credential_extraction,,,,,,-1,-1,0
synthetic_cloudtrail.csv:9781,camp-mirciqezizvn,ec2_credential_extraction,credential-access,ec2_credential_extraction,evt-gtgspfgfusrz,,evt-gtgspfgfusrz,,,0,0,1
synthetic_cloudtrail.csv:9782,camp-mirciqezizvn,ec2_credential_extraction,credential-access,ec2_credential_extraction,evt-gdhaudscyhel,evt-gtgspfgfusrz,evt-gtgspfgfusrz,,,1,0,1
synthetic_cloudtrail.csv:9783,camp-mirciqezizvn,ec2_credential_extraction,,ec2_credential_extraction,,,,,,-1,-1,0
synthetic_cloudtrail.csv:9784,camp-mirciqezizvn,ec2_credential_extraction,,ec2_credential_extraction,,,,,,-1,-1,0
synthetic_cloudtrail.csv:9785,camp-mirciqezizvn,ec2_credential_extraction,,ec2_credential_extraction,,,,,,-1,-1,0
synthetic_cloudtrail.csv:9786,camp-mirciqezizvn,ec2_credential_extraction,,ec2_credential_extraction,,,,,,-1,-1,0
synthetic_cloudtrail.csv:9787,camp-mirciqezizvn,ec2_credential_extraction,,ec2_credential_extraction,,,,,,-1,-1,0
synthetic_cloudtrail.csv:9788,,,,,,,,,,-1,-1,0
synthetic_cloudtrail.csv:9789,,,,,,,,,,-1,-1,0
synthetic_cloudtrail.csv:9790,,,,,,,,,,-1,-1,0
synthetic_cloudtrail.csv:9791,,,,,,,,,,-1,-1,0
synthetic_cloudtrail.csv:9792,,,,,,,,,,-1,-1,0
synthetic_cloudtrail.csv:9793,,,,,,,,,,-1,-1,0
synthetic_cloudtrail.csv:9794,,,,,,,,,,-1,-1,0
synthetic_cloudtrail.csv:9795,,,,,,,,,,-1,-1,0
synthetic_cloudtrail.csv:9796,,,,,,,,,,-1,-1,0
synthetic_cloudtrail.csv:9797,,,,,,,,,,-1,-1,0
synthetic_cloudtrail.csv:9798,,,,,,,,,,-1,-1,0
synthetic_cloudtrail.csv:9799,,,,,,,,,,-1,-1,0
synthetic_cloudtrail.csv:9800,camp-hhmrzkzgshzn,assume_then_attach_admin,reconnaissance,assume_then_attach_admin,,,,,,-1,-1,0
synthetic_cloudtrail.csv:9801,camp-hhmrzkzgshzn,assume_then_attach_admin,reconnaissance,assume_then_attach_admin,,,,,,-1,-1,0
synthetic_cloudtrail.csv:9802,camp-hhmrzkzgshzn,assume_then_attach_admin,reconnaissance,assume_then_attach_admin,,,,,,-1,-1,0
synthetic_cloudtrail.csv:9803,camp-hhmrzkzgshzn,assume_then_attach_admin,reconnaissance,assume_then_attach_admin,,,,,,-1,-1,0
synthetic_cloudtrail.csv:9804,camp-hhmrzkzgshzn,assume_then_attach_admin,reconnaissance,assume_then_attach_admin,,,,,,-1,-1,0
synthetic_cloudtrail.csv:9805,camp-hhmrzkzgshzn,assume_then_attach_admin,reconnaissance,assume_then_attach_admin,,,,,,-1,-1,0
synthetic_cloudtrail.csv:9806,camp-hhmrzkzgshzn,assume_then_attach_admin,reconnaissance,assume_then_attach_admin,,,,,,-1,-1,0
synthetic_cloudtrail.csv:9807,camp-hhmrzkzgshzn,assume_then_attach_admin,privilege-escalation,assume_then_attach_admin,evt-wdxcxjbdvimj,,evt-wdxcxjbdvimj,,,0,0,1
synthetic_cloudtrail.csv:9808,camp-hhmrzkzgshzn,assume_then_attach_admin,privilege-escalation,assume_then_attach_admin,evt-uknkgdcrigxc,evt-wdxcxjbdvimj,evt-wdxcxjbdvimj,s3:GetObject;s3:ListBucket,*,1,1,1
synthetic_cloudtrail.csv:9809,camp-hhmrzkzgshzn,assume_then_attach_admin,privilege-escalation,assume_then_attach_admin,evt-qncwxvrkczty,evt-uknkgdcrigxc,evt-wdxcxjbdvimj,s3:GetObject;s3:ListBucket,*,2,1,1
synthetic_cloudtrail.csv:9810,camp-hhmrzkzgshzn,assume_then_attach_admin,,assume_then_attach_admin,,,,,,-1,-1,0
synthetic_cloudtrail.csv:9811,camp-hhmrzkzgshzn,assume_then_attach_admin,,assume_then_attach_admin,,,,,,-1,-1,0
synthetic_cloudtrail.csv:9812,camp-hhmrzkzgshzn,assume_then_attach_admin,,assume_then_attach_admin,,,,,,-1,-1,0
synthetic_cloudtrail.csv:9813,camp-hhmrzkzgshzn,assume_then_attach_admin,,assume_then_attach_admin,,,,,,-1,-1,0
synthetic_cloudtrail.csv:9814,,,,,,,,,,-1,-1,0
synthetic_cloudtrail.csv:9815,,,,,,,,,,-1,-1,0
synthetic_cloudtrail.csv:9816,,,,,,,,,,-1,-1,0
synthetic_cloudtrail.csv:9817,,,,,,,,,,-1,-1,0
synthetic_cloudtrail.csv:9818,,,,,,,,,,-1,-1,0
synthetic_cloudtrail.csv:9819,,,,,,,,,,-1,-1,0
synthetic_cloudtrail.csv:9820,,,,,,,,,,-1,-1,0
synthetic_cloudtrail.csv:9821,,,,,,,,,,-1,-1,0
synthetic_cloudtrail.csv:9822,,,,,,,,,,-1,-1,0
synthetic_cloudtrail.csv:9823,,,,,,,,,,-1,-1,0
synthetic_cloudtrail.csv:9824,,,,,,,,,,-1,-1,0
synthetic_cloudtrail.csv:9825,,,,,,,,,,-1,-1,0
synthetic_cloudtrail.csv:9826,,,,,,,,,,-1,-1,0
synthetic_cloudtrail.csv:9827,,,,,,,,,,-1,-1,0
synthetic_cloudtrail.csv:9828,,,,,,,,,,-1,-1,0
synthetic_cloudtrail.csv:9829,,,,,,,,,,-1,-1,0
synthetic_cloudtrail.csv:9830,,,,,,,,,,-1,-1,0
synthetic_cloudtrail.csv:9831,,,,,,,,,,-1,-1,0
synthetic_cloudtrail.csv:9832,,,,,,,,,,-1,-1,0
synthetic_cloudtrail.csv:9833,,,,,,,,,,-1,-1,0
synthetic_cloudtrail.csv:9834,,,,,,,,,,-1,-1,0
synthetic_cloudtrail.csv:9835,,,,,,,,,,-1,-1,0
synthetic_cloudtrail.csv:9836,,,,,,,,,,-1,-1,0
synthetic_cloudtrail.csv:9837,,,,,,,,,,-1,-1,0
synthetic_cloudtrail.csv:9838,,,,,,,,,,-1,-1,0
synthetic_cloudtrail.csv:9839,,,,,,,,,,-1,-1,0
synthetic_cloudtrail.csv:9840,,,,,,,,,,-1,-1,0
synthetic_cloudtrail.csv:9841,,,,,,,,,,-1,-1,0
synthetic_cloudtrail.csv:9842,,,,,,,,,,-1,-1,0
synthetic_cloudtrail.csv:9843,,,,,,,,,,-1,-1,0
synthetic_cloudtrail.csv:9844,,,,,,,,,,-1,-1,0
synthetic_cloudtrail.csv:9845,,,,,,,,,,-1,-1,0
synthetic_cloudtrail.csv:9846,,,,,,,,,,-1,-1,0
synthetic_cloudtrail.csv:9847,,,,,,,,,,-1,-1,0
synthetic_cloudtrail.csv:9848,,,,,,,,,,-1,-1,0
synthetic_cloudtrail.csv:9849,,,,,,,,,,-1,-1,0
synthetic_cloudtrail.csv:9850,,,,,,,,,,-1,-1,0
synthetic_cloudtrail.csv:9851,,,,,,,,,,-1,-1,0
synthetic_cloudtrail.csv:9852,,,,,,,,,,-1,-1,0
synthetic_cloudtrail.csv:9853,,,,,,,,,,-1,-1,0
synthetic_cloudtrail.csv:9854,,,,,,,,,,-1,-1,0
synthetic_cloudtrail.csv:9855,,,,,,,,,,-1,-1,0
synthetic_cloudtrail.csv:9856,,,,,,,,,,-1,-1,0
synthetic_cloudtrail.csv:9857,,,,,,,,,,-1,-1,0
synthetic_cloudtrail.csv:9858,,,,,,,,,,-1,-1,0
synthetic_cloudtrail.csv:9859,,,,,,,,,,-1,-1,0
synthetic_cloudtrail.csv:9860,,,,,,,,,,-1,-1,0
synthetic_cloudtrail.csv:9861,,,,,,,,,,-1,-1,0
synthetic_cloudtrail.csv:9862,,,,,,,,,,-1,-1,0
synthetic_cloudtrail.csv:9863,,,,,,,,,,-1,-1,0
synthetic_cloudtrail.csv:9864,,,,,,,,,,-1,-1,0
synthetic_cloudtrail.csv:9865,,,,,,,,,,-1,-1,0
synthetic_cloudtrail.csv:9866,,,,,,,,,,-1,-1,0
synthetic_cloudtrail.csv:9867,,,,,,,,,,-1,-1,0
synthetic_cloudtrail.csv:9868,,,,,,,,,,-1,-1,0
synthetic_cloudtrail.csv:9869,,,,,,,,,,-1,-1,0
synthetic_cloudtrail.csv:9870,,,,,,,,,,-1,-1,0
synthetic_cloudtrail.csv:9871,,,,,,,,,,-1,-1,0
synthetic_cloudtrail.csv:9872,,,,,,,,,,-1,-1,0
synthetic_cloudtrail.csv:9873,,,,,,,,,,-1,-1,0
synthetic_cloudtrail.csv:9874,,,,,,,,,,-1,-1,0
synthetic_cloudtrail.csv:9875,camp-pjucxhxylqpm,assume_then_attach_admin,reconnaissance,assume_then_attach_admin,,,,,,-1,-1,0
synthetic_cloudtrail.csv:9876,camp-pjucxhxylqpm,assume_then_attach_admin,reconnaissance,assume_then_attach_admin,,,,,,-1,-1,0
synthetic_cloudtrail.csv:9877,camp-pjucxhxylqpm,assume_then_attach_admin,reconnaissance,assume_then_attach_admin,,,,,,-1,-1,0
synthetic_cloudtrail.csv:9878,camp-pjucxhxylqpm,assume_then_attach_admin,reconnaissance,assume_then_attach_admin,,,,,,-1,-1,0
synthetic_cloudtrail.csv:9879,camp-pjucxhxylqpm,assume_then_attach_admin,reconnaissance,assume_then_attach_admin,,,,,,-1,-1,0
synthetic_cloudtrail.csv:9880,camp-pjucxhxylqpm,assume_then_attach_admin,privilege-escalation,assume_then_attach_admin,evt-xmfvxtycvuai,,evt-xmfvxtycvuai,,,0,0,1
synthetic_cloudtrail.csv:9881,camp-pjucxhxylqpm,assume_then_attach_admin,privilege-escalation,assume_then_attach_admin,evt-nklmknnqiekf,evt-xmfvxtycvuai,evt-xmfvxtycvuai,s3:GetObject;s3:ListBucket,*,1,1,1
synthetic_cloudtrail.csv:9882,camp-pjucxhxylqpm,assume_then_attach_admin,privilege-escalation,assume_then_attach_admin,evt-chwkgveuazzd,evt-nklmknnqiekf,evt-xmfvxtycvuai,s3:GetObject;s3:ListBucket,*,2,1,1
synthetic_cloudtrail.csv:9883,camp-pjucxhxylqpm,assume_then_attach_admin,,assume_then_attach_admin,,,,,,-1,-1,0
synthetic_cloudtrail.csv:9884,camp-pjucxhxylqpm,assume_then_attach_admin,,assume_then_attach_admin,,,,,,-1,-1,0
synthetic_cloudtrail.csv:9885,camp-pjucxhxylqpm,assume_then_attach_admin,,assume_then_attach_admin,,,,,,-1,-1,0
synthetic_cloudtrail.csv:9886,,,,,,,,,,-1,-1,0
synthetic_cloudtrail.csv:9887,,,,,,,,,,-1,-1,0
synthetic_cloudtrail.csv:9888,,,,,,,,,,-1,-1,0
synthetic_cloudtrail.csv:9889,,,,,,,,,,-1,-1,0
synthetic_cloudtrail.csv:9890,,,,,,,,,,-1,-1,0
synthetic_cloudtrail.csv:9891,,,,,,,,,,-1,-1,0
synthetic_cloudtrail.csv:9892,,,,,,,,,,-1,-1,0
synthetic_cloudtrail.csv:9893,,,,,,,,,,-1,-1,0
synthetic_cloudtrail.csv:9894,,,,,,,,,,-1,-1,0
synthetic_cloudtrail.csv:9895,,,,,,,,,,-1,-1,0
synthetic_cloudtrail.csv:9896,,,,,,,,,,-1,-1,0
synthetic_cloudtrail.csv:9897,,,,,,,,,,-1,-1,0
synthetic_cloudtrail.csv:9898,,,,,,,,,,-1,-1,0
synthetic_cloudtrail.csv:9899,,,,,,,,,,-1,-1,0
synthetic_cloudtrail.csv:9900,,,,,,,,,,-1,-1,0
synthetic_cloudtrail.csv:9901,,,,,,,,,,-1,-1,0
synthetic_cloudtrail.csv:9902,,,,,,,,,,-1,-1,0
synthetic_cloudtrail.csv:9903,,,,,,,,,,-1,-1,0
synthetic_cloudtrail.csv:9904,,,,,,,,,,-1,-1,0
synthetic_cloudtrail.csv:9905,,,,,,,,,,-1,-1,0
synthetic_cloudtrail.csv:9906,,,,,,,,,,-1,-1,0
synthetic_cloudtrail.csv:9907,,,,,,,,,,-1,-1,0
synthetic_cloudtrail.csv:9908,,,,,,,,,,-1,-1,0
synthetic_cloudtrail.csv:9909,,,,,,,,,,-1,-1,0
synthetic_cloudtrail.csv:9910,,,,,,,,,,-1,-1,0
synthetic_cloudtrail.csv:9911,,,,,,,,,,-1,-1,0
synthetic_cloudtrail.csv:9912,,,,,,,,,,-1,-1,0
synthetic_cloudtrail.csv:9913,,,,,,,,,,-1,-1,0
synthetic_cloudtrail.csv:9914,,,,,,,,,,-1,-1,0
synthetic_cloudtrail.csv:9915,,,,,,,,,,-1,-1,0
synthetic_cloudtrail.csv:9916,,,,,,,,,,-1,-1,0
synthetic_cloudtrail.csv:9917,,,,,,,,,,-1,-1,0
synthetic_cloudtrail.csv:9918,,,,,,,,,,-1,-1,0
synthetic_cloudtrail.csv:9919,,,,,,,,,,-1,-1,0
synthetic_cloudtrail.csv:9920,,,,,,,,,,-1,-1,0
synthetic_cloudtrail.csv:9921,,,,,,,,,,-1,-1,0
synthetic_cloudtrail.csv:9922,,,,,,,,,,-1,-1,0
synthetic_cloudtrail.csv:9923,,,,,,,,,,-1,-1,0
synthetic_cloudtrail.csv:9924,,,,,,,,,,-1,-1,0
synthetic_cloudtrail.csv:9925,,,,,,,,,,-1,-1,0
synthetic_cloudtrail.csv:9926,,,,,,,,,,-1,-1,0
synthetic_cloudtrail.csv:9927,,,,,,,,,,-1,-1,0
synthetic_cloudtrail.csv:9928,,,,,,,,,,-1,-1,0
synthetic_cloudtrail.csv:9929,,,,,,,,,,-1,-1,0
synthetic_cloudtrail.csv:9930,camp-kqujfjrjutam,ssm_parameter_harvest,reconnaissance,ssm_parameter_harvest,,,,,,-1,-1,0
synthetic_cloudtrail.csv:9931,camp-nmzulqpqsimd,ec2_credential_extraction,reconnaissance,ec2_credential_extraction,,,,,,-1,-1,0
synthetic_cloudtrail.csv:9932,camp-nmzulqpqsimd,ec2_credential_extraction,reconnaissance,ec2_credential_extraction,,,,,,-1,-1,0
synthetic_cloudtrail.csv:9933,camp-kqujfjrjutam,ssm_parameter_harvest,reconnaissance,ssm_parameter_harvest,,,,,,-1,-1,0
synthetic_cloudtrail.csv:9934,camp-nmzulqpqsimd,ec2_credential_extraction,reconnaissance,ec2_credential_extraction,,,,,,-1,-1,0
synthetic_cloudtrail.csv:9935,camp-nmzulqpqsimd,ec2_credential_extraction,credential-access,ec2_credential_extraction,evt-cyvkcwtikphi,,evt-cyvkcwtikphi,,,0,0,1
synthetic_cloudtrail.csv:9936,camp-nmzulqpqsimd,ec2_credential_extraction,credential-access,ec2_credential_extraction,evt-fmasuqrktcpi,evt-cyvkcwtikphi,evt-cyvkcwtikphi,,,1,0,1
synthetic_cloudtrail.csv:9937,camp-kqujfjrjutam,ssm_parameter_harvest,reconnaissance,ssm_parameter_harvest,,,,,,-1,-1,0
synthetic_cloudtrail.csv:9938,camp-kqujfjrjutam,ssm_parameter_harvest,reconnaissance,ssm_parameter_harvest,,,,,,-1,-1,0
synthetic_cloudtrail.csv:9939,camp-kqujfjrjutam,ssm_parameter_harvest,credential-access,ssm_parameter_harvest,evt-prfhyunlhfhn,evt-pxgqbgokllin,evt-mprxnjqvuyub,,,2,0,1
synthetic_cloudtrail.csv:9940,camp-kqujfjrjutam,ssm_parameter_harvest,credential-access,ssm_parameter_harvest,evt-pxgqbgokllin,evt-mprxnjqvuyub,evt-mprxnjqvuyub,,,1,0,1
synthetic_cloudtrail.csv:9941,camp-kqujfjrjutam,ssm_parameter_harvest,reconnaissance,ssm_parameter_harvest,,,,,,-1,-1,0
synthetic_cloudtrail.csv:9942,camp-kqujfjrjutam,ssm_parameter_harvest,credential-access,ssm_parameter_harvest,evt-mprxnjqvuyub,,evt-mprxnjqvuyub,,,0,0,1
synthetic_cloudtrail.csv:9943,camp-nmzulqpqsimd,ec2_credential_extraction,,ec2_credential_extraction,,,,,,-1,-1,0
synthetic_cloudtrail.csv:9944,camp-nmzulqpqsimd,ec2_credential_extraction,,ec2_credential_extraction,,,,,,-1,-1,0
synthetic_cloudtrail.csv:9945,camp-kqujfjrjutam,ssm_parameter_harvest,,ssm_parameter_harvest,,,,,,-1,-1,0
synthetic_cloudtrail.csv:9946,camp-kqujfjrjutam,ssm_parameter_harvest,,ssm_parameter_harvest,,,,,,-1,-1,0
synthetic_cloudtrail.csv:9947,camp-nmzulqpqsimd,ec2_credential_extraction,,ec2_credential_extraction,,,,,,-1,-1,0
synthetic_cloudtrail.csv:9948,camp-kqujfjrjutam,ssm_parameter_harvest,,ssm_parameter_harvest,,,,,,-1,-1,0
synthetic_cloudtrail.csv:9949,camp-nmzulqpqsimd,ec2_credential_extraction,,ec2_credential_extraction,,,,,,-1,-1,0
synthetic_cloudtrail.csv:9950,,,,,,,,,,-1,-1,0
synthetic_cloudtrail.csv:9951,,,,,,,,,,-1,-1,0
synthetic_cloudtrail.csv:9952,,,,,,,,,,-1,-1,0
synthetic_cloudtrail.csv:9953,,,,,,,,,,-1,-1,0
synthetic_cloudtrail.csv:9954,,,,,,,,,,-1,-1,0
synthetic_cloudtrail.csv:9955,,,,,,,,,,-1,-1,0
synthetic_cloudtrail.csv:9956,,,,,,,,,,-1,-1,0
synthetic_cloudtrail.csv:9957,,,,,,,,,,-1,-1,0
synthetic_cloudtrail.csv:9958,,,,,,,,,,-1,-1,0
synthetic_cloudtrail.csv:9959,camp-nkedlkocjvcf,create_role_attach_managed_policy,reconnaissance,create_role_attach_managed_policy,,,,,,-1,-1,0
synthetic_cloudtrail.csv:9960,camp-nkedlkocjvcf,create_role_attach_managed_policy,reconnaissance,create_role_attach_managed_policy,,,,,,-1,-1,0
synthetic_cloudtrail.csv:9961,camp-nkedlkocjvcf,create_role_attach_managed_policy,reconnaissance,create_role_attach_managed_policy,,,,,,-1,-1,0
synthetic_cloudtrail.csv:9962,camp-nkedlkocjvcf,create_role_attach_managed_policy,reconnaissance,create_role_attach_managed_policy,,,,,,-1,-1,0
synthetic_cloudtrail.csv:9963,camp-nkedlkocjvcf,create_role_attach_managed_policy,reconnaissance,create_role_attach_managed_policy,,,,,,-1,-1,0
synthetic_cloudtrail.csv:9964,camp-nkedlkocjvcf,create_role_attach_managed_policy,persistence,create_role_attach_managed_policy,evt-bngbmxklvwes,,evt-bngbmxklvwes,,,0,0,1
synthetic_cloudtrail.csv:9965,camp-nkedlkocjvcf,create_role_attach_managed_policy,privilege-escalation,create_role_attach_managed_policy,evt-rhbvfllsosyq,evt-bngbmxklvwes,evt-bngbmxklvwes,s3:GetObject;s3:ListBucket,*,1,0,1
synthetic_cloudtrail.csv:9966,camp-nkedlkocjvcf,create_role_attach_managed_policy,,create_role_attach_managed_policy,,,,,,-1,-1,0
synthetic_cloudtrail.csv:9967,camp-nkedlkocjvcf,create_role_attach_managed_policy,,create_role_attach_managed_policy,,,,,,-1,-1,0
synthetic_cloudtrail.csv:9968,,,,,,,,,,-1,-1,0
synthetic_cloudtrail.csv:9969,,,,,,,,,,-1,-1,0
synthetic_cloudtrail.csv:9970,,,,,,,,,,-1,-1,0
synthetic_cloudtrail.csv:9971,,,,,,,,,,-1,-1,0
synthetic_cloudtrail.csv:9972,,,,,,,,,,-1,-1,0
synthetic_cloudtrail.csv:9973,,,,,,,,,,-1,-1,0
synthetic_cloudtrail.csv:9974,,,,,,,,,,-1,-1,0
synthetic_cloudtrail.csv:9975,,,,,,,,,,-1,-1,0
synthetic_cloudtrail.csv:9976,,,,,,,,,,-1,-1,0
synthetic_cloudtrail.csv:9977,,,,,,,,,,-1,-1,0
synthetic_cloudtrail.csv:9978,,,,,,,,,,-1,-1,0
synthetic_cloudtrail.csv:9979,,,,,,,,,,-1,-1,0
synthetic_cloudtrail.csv:9980,,,,,,,,,,-1,-1,0
synthetic_cloudtrail.csv:9981,,,,,,,,,,-1,-1,0
synthetic_cloudtrail.csv:9982,,,,,,,,,,-1,-1,0
synthetic_cloudtrail.csv:9983,,,,,,,,,,-1,-1,0
synthetic_cloudtrail.csv:9984,,,,,,,,,,-1,-1,0
synthetic_cloudtrail.csv:9985,,,,,,,,,,-1,-1,0
synthetic_cloudtrail.csv:9986,,,,,,,,,,-1,-1,0
synthetic_cloudtrail.csv:9987,,,,,,,,,,-1,-1,0
synthetic_cloudtrail.csv:9988,,,,,,,,,,-1,-1,0
synthetic_cloudtrail.csv:9989,,,,,,,,,,-1,-1,0
synthetic_cloudtrail.csv:9990,,,,,,,,,,-1,-1,0
synthetic_cloudtrail.csv:9991,,,,,,,,,,-1,-1,0
synthetic_cloudtrail.csv:9992,,,,,,,,,,-1,-1,0
synthetic_cloudtrail.csv:9993,,,,,,,,,,-1,-1,0
synthetic_cloudtrail.csv:9994,,,,,,,,,,-1,-1,0
synthetic_cloudtrail.csv:9995,,,,,,,,,,-1,-1,0
synthetic_cloudtrail.csv:9996,,,,,,,,,,-1,-1,0
synthetic_cloudtrail.csv:9997,,,,,,,,,,-1,-1,0
synthetic_cloudtrail.csv:9998,,,,,,,,,,-1,-1,0
synthetic_cloudtrail.csv:9999,,,,,,,,,,-1,-1,0
synthetic_cloudtrail.csv:10000,,,,,,,,,,-1,-1,0
synthetic_cloudtrail.csv:10001,,,,,,,,,,-1,-1,0
synthetic_cloudtrail.csv:10002,,,,,,,,,,-1,-1,0
synthetic_cloudtrail.csv:10003,,,,,,,,,,-1,-1,0
synthetic_cloudtrail.csv:10004,,,,,,,,,,-1,-1,0
synthetic_cloudtrail.csv:10005,,,,,,,,,,-1,-1,0
synthetic_cloudtrail.csv:10006,,,,,,,,,,-1,-1,0
synthetic_cloudtrail.csv:10007,,,,,,,,,,-1,-1,0
synthetic_cloudtrail.csv:10008,,,,,,,,,,-1,-1,0
synthetic_cloudtrail.csv:10009,,,,,,,,,,-1,-1,0
synthetic_cloudtrail.csv:10010,,,,,,,,,,-1,-1,0
synthetic_cloudtrail.csv:10011,,,,,,,,,,-1,-1,0
synthetic_cloudtrail.csv:10012,,,,,,,,,,-1,-1,0
synthetic_cloudtrail.csv:10013,,,,,,,,,,-1,-1,0
synthetic_cloudtrail.csv:10014,,,,,,,,,,-1,-1,0
synthetic_cloudtrail.csv:10015,,,,,,,,,,-1,-1,0
synthetic_cloudtrail.csv:10016,,,,,,,,,,-1,-1,0
synthetic_cloudtrail.csv:10017,,,,,,,,,,-1,-1,0
synthetic_cloudtrail.csv:10018,,,,,,,,,,-1,-1,0
synthetic_cloudtrail.csv:10019,,,,,,,,,,-1,-1,0
synthetic_cloudtrail.csv:10020,,,,,,,,,,-1,-1,0
synthetic_cloudtrail.csv:10021,,,,,,,,,,-1,-1,0
synthetic_cloudtrail.csv:10022,,,,,,,,,,-1,-1,0
synthetic_cloudtrail.csv:10023,,,,,,,,,,-1,-1,0
synthetic_cloudtrail.csv:10024,,,,,,,,,,-1,-1,0
synthetic_cloudtrail.csv:10025,,,,,,,,,,-1,-1,0
synthetic_cloudtrail.csv:10026,,,,,,,,,,-1,-1,0
synthetic_cloudtrail.csv:10027,,,,,,,,,,-1,-1,0
synthetic_cloudtrail.csv:10028,,,,,,,,,,-1,-1,0
synthetic_cloudtrail.csv:10029,,,,,,,,,,-1,-1,0
synthetic_cloudtrail.csv:10030,,,,,,,,,,-1,-1,0
synthetic_cloudtrail.csv:10031,,,,,,,,,,-1,-1,0
synthetic_cloudtrail.csv:10032,,,,,,,,,,-1,-1,0
synthetic_cloudtrail.csv:10033,,,,,,,,,,-1,-1,0
synthetic_cloudtrail.csv:10034,,,,,,,,,,-1,-1,0
synthetic_cloudtrail.csv:10035,,,,,,,,,,-1,-1,0
synthetic_cloudtrail.csv:10036,,,,,,,,,,-1,-1,0
synthetic_cloudtrail.csv:10037,camp-isrhtuqhilvb,create_user_console_access,reconnaissance,create_user_console_access,,,,,,-1,-1,0
synthetic_cloudtrail.csv:10038,camp-isrhtuqhilvb,create_user_console_access,reconnaissance,create_user_console_access,,,,,,-1,-1,0
synthetic_cloudtrail.csv:10039,camp-isrhtuqhilvb,create_user_console_access,reconnaissance,create_user_console_access,,,,,,-1,-1,0
synthetic_cloudtrail.csv:10040,camp-isrhtuqhilvb,create_user_console_access,reconnaissance,create_user_console_access,,,,,,-1,-1,0
synthetic_cloudtrail.csv:10041,camp-isrhtuqhilvb,create_user_console_access,reconnaissance,create_user_console_access,,,,,,-1,-1,0
synthetic_cloudtrail.csv:10042,camp-isrhtuqhilvb,create_user_console_access,reconnaissance,create_user_console_access,,,,,,-1,-1,0
synthetic_cloudtrail.csv:10043,camp-isrhtuqhilvb,create_user_console_access,reconnaissance,create_user_console_access,,,,,,-1,-1,0
synthetic_cloudtrail.csv:10044,camp-isrhtuqhilvb,create_user_console_access,reconnaissance,create_user_console_access,,,,,,-1,-1,0
synthetic_cloudtrail.csv:10045,camp-isrhtuqhilvb,create_user_console_access,persistence,create_user_console_access,evt-orpvbjmodtpx,,evt-orpvbjmodtpx,,,0,0,1
synthetic_cloudtrail.csv:10046,camp-isrhtuqhilvb,create_user_console_access,privilege-escalation,create_user_console_access,evt-ljfawmdmqvpj,evt-orpvbjmodtpx,evt-orpvbjmodtpx,,,1,0,1
synthetic_cloudtrail.csv:10047,camp-isrhtuqhilvb,create_user_console_access,privilege-escalation,create_user_console_access,evt-wignliirhbwd,evt-ljfawmdmqvpj,evt-orpvbjmodtpx,s3:GetObject;s3:ListBucket,*,2,0,1
synthetic_cloudtrail.csv:10048,camp-isrhtuqhilvb,create_user_console_access,,create_user_console_access,,,,,,-1,-1,0
synthetic_cloudtrail.csv:10049,camp-isrhtuqhilvb,create_user_console_access,,create_user_console_access,,,,,,-1,-1,0
synthetic_cloudtrail.csv:10050,camp-isrhtuqhilvb,create_user_console_access,,create_user_console_access,,,,,,-1,-1,0
synthetic_cloudtrail.csv:10051,camp-isrhtuqhilvb,create_user_console_access,,create_user_console_access,,,,,,-1,-1,0
synthetic_cloudtrail.csv:10052,,,,,,,,,,-1,-1,0
synthetic_cloudtrail.csv:10053,,,,,,,,,,-1,-1,0
synthetic_cloudtrail.csv:10054,,,,,,,,,,-1,-1,0
synthetic_cloudtrail.csv:10055,,,,,,,,,,-1,-1,0
synthetic_cloudtrail.csv:10056,,,,,,,,,,-1,-1,0
synthetic_cloudtrail.csv:10057,camp-liwejjoeoews,assume_then_backdoor_key,reconnaissance,assume_then_backdoor_key,,,,,,-1,-1,0
synthetic_cloudtrail.csv:10058,camp-liwejjoeoews,assume_then_backdoor_key,reconnaissance,assume_then_backdoor_key,,,,,,-1,-1,0
synthetic_cloudtrail.csv:10059,camp-liwejjoeoews,assume_then_backdoor_key,reconnaissance,assume_then_backdoor_key,,,,,,-1,-1,0
synthetic_cloudtrail.csv:10060,camp-liwejjoeoews,assume_then_backdoor_key,reconnaissance,assume_then_backdoor_key,,,,,,-1,-1,0
synthetic_cloudtrail.csv:10061,camp-liwejjoeoews,assume_then_backdoor_key,reconnaissance,assume_then_backdoor_key,,,,,,-1,-1,0
synthetic_cloudtrail.csv:10062,camp-liwejjoeoews,assume_then_backdoor_key,reconnaissance,assume_then_backdoor_key,,,,,,-1,-1,0
synthetic_cloudtrail.csv:10063,camp-liwejjoeoews,assume_then_backdoor_key,privilege-escalation,assume_then_backdoor_key,evt-vkesnblmienc,,evt-vkesnblmienc,,,0,0,1
synthetic_cloudtrail.csv:10064,camp-liwejjoeoews,assume_then_backdoor_key,persistence,assume_then_backdoor_key,evt-zdrovlkitorm,evt-vkesnblmienc,evt-vkesnblmienc,,,1,1,1
synthetic_cloudtrail.csv:10065,camp-liwejjoeoews,assume_then_backdoor_key,privilege-escalation,assume_then_backdoor_key,evt-izdsbacfuwka,evt-zdrovlkitorm,evt-vkesnblmienc,s3:GetObject,iam:*;s3:*;sts:AssumeRole,2,1,1
synthetic_cloudtrail.csv:10066,camp-liwejjoeoews,assume_then_backdoor_key,,assume_then_backdoor_key,,,,,,-1,-1,0
synthetic_cloudtrail.csv:10067,camp-liwejjoeoews,assume_then_backdoor_key,,assume_then_backdoor_key,,,,,,-1,-1,0
synthetic_cloudtrail.csv:10068,camp-liwejjoeoews,assume_then_backdoor_key,,assume_then_backdoor_key,,,,,,-1,-1,0
synthetic_cloudtrail.csv:10069,camp-liwejjoeoews,assume_then_backdoor_key,,assume_then_backdoor_key,,,,,,-1,-1,0
synthetic_cloudtrail.csv:10070,camp-liwejjoeoews,assume_then_backdoor_key,,assume_then_backdoor_key,,,,,,-1,-1,0
synthetic_cloudtrail.csv:10071,,,,,,,,,,-1,-1,0
synthetic_cloudtrail.csv:10072,,,,,,,,,,-1,-1,0
synthetic_cloudtrail.csv:10073,,,,,,,,,,-1,-1,0
synthetic_cloudtrail.csv:10074,,,,,,,,,,-1,-1,0
synthetic_cloudtrail.csv:10075,,,,,,,,,,-1,-1,0
synthetic_cloudtrail.csv:10076,,,,,,,,,,-1,-1,0
synthetic_cloudtrail.csv:10077,,,,,,,,,,-1,-1,0
synthetic_cloudtrail.csv:10078,,,,,,,,,,-1,-1,0
synthetic_cloudtrail.csv:10079,,,,,,,,,,-1,-1,0
synthetic_cloudtrail.csv:10080,,,,,,,,,,-1,-1,0
synthetic_cloudtrail.csv:10081,,,,,,,,,,-1,-1,0
synthetic_cloudtrail.csv:10082,,,,,,,,,,-1,-1,0
synthetic_cloudtrail.csv:10083,,,,,,,,,,-1,-1,0
synthetic_cloudtrail.csv:10084,,,,,,,,,,-1,-1,0
synthetic_cloudtrail.csv:10085,,,,,,,,,,-1,-1,0
synthetic_cloudtrail.csv:10086,camp-qfirikvriyzk,update_role_inline_policy,reconnaissance,update_role_inline_policy,,,,,,-1,-1,0
synthetic_cloudtrail.csv:10087,camp-qfirikvriyzk,update_role_inline_policy,reconnaissance,update_role_inline_policy,,,,,,-1,-1,0
synthetic_cloudtrail.csv:10088,camp-qfirikvriyzk,update_role_inline_policy,reconnaissance,update_role_inline_policy,,,,,,-1,-1,0
synthetic_cloudtrail.csv:10089,camp-qfirikvriyzk,update_role_inline_policy,privilege-escalation,update_role_inline_policy,evt-uvnxzeeobrpo,,evt-uvnxzeeobrpo,s3:GetObject,iam:*;s3:*;sts:AssumeRole,0,0,1
synthetic_cloudtrail.csv:10090,camp-qfirikvriyzk,update_role_inline_policy,,update_role_inline_policy,,,,,,-1,-1,0
synthetic_cloudtrail.csv:10091,camp-qfirikvriyzk,update_role_inline_policy,,update_role_inline_policy,,,,,,-1,-1,0
synthetic_cloudtrail.csv:10092,camp-qfirikvriyzk,update_role_inline_policy,,update_role_inline_policy,,,,,,-1,-1,0
synthetic_cloudtrail.csv:10093,camp-qfirikvriyzk,update_role_inline_policy,,update_role_inline_policy,,,,,,-1,-1,0
synthetic_cloudtrail.csv:10094,camp-qfirikvriyzk,update_role_inline_policy,,update_role_inline_policy,,,,,,-1,-1,0
synthetic_cloudtrail.csv:10095,,,,,,,,,,-1,-1,0
synthetic_cloudtrail.csv:10096,,,,,,,,,,-1,-1,0
synthetic_cloudtrail.csv:10097,,,,,,,,,,-1,-1,0
synthetic_cloudtrail.csv:10098,,,,,,,,,,-1,-1,0
synthetic_cloudtrail.csv:10099,,,,,,,,,,-1,-1,0
synthetic_cloudtrail.csv:10100,,,,,,,,,,-1,-1,0
synthetic_cloudtrail.csv:10101,,,,,,,,,,-1,-1,0
synthetic_cloudtrail.csv:10102,,,,,,,,,,-1,-1,0
synthetic_cloudtrail.csv:10103,,,,,,,,,,-1,-1,0
synthetic_cloudtrail.csv:10104,,,,,,,,,,-1,-1,0
synthetic_cloudtrail.csv:10105,,,,,,,,,,-1,-1,0
synthetic_cloudtrail.csv:10106,,,,,,,,,,-1,-1,0
synthetic_cloudtrail.csv:10107,,,,,,,,,,-1,-1,0
synthetic_cloudtrail.csv:10108,,,,,,,,,,-1,-1,0
synthetic_cloudtrail.csv:10109,,,,,,,,,,-1,-1,0
synthetic_cloudtrail.csv:10110,,,,,,,,,,-1,-1,0
synthetic_cloudtrail.csv:10111,,,,,,,,,,-1,-1,0
synthetic_cloudtrail.csv:10112,,,,,,,,,,-1,-1,0
synthetic_cloudtrail.csv:10113,,,,,,,,,,-1,-1,0
synthetic_cloudtrail.csv:10114,,,,,,,,,,-1,-1,0
synthetic_cloudtrail.csv:10115,,,,,,,,,,-1,-1,0
synthetic_cloudtrail.csv:10116,,,,,,,,,,-1,-1,0
synthetic_cloudtrail.csv:10117,,,,,,,,,,-1,-1,0
synthetic_cloudtrail.csv:10118,,,,,,,,,,-1,-1,0
synthetic_cloudtrail.csv:10119,,,,,,,,,,-1,-1,0
synthetic_cloudtrail.csv:10120,,,,,,,,,,-1,-1,0
synthetic_cloudtrail.csv:10121,,,,,,,,,,-1,-1,0
synthetic_cloudtrail.csv:10122,,,,,,,,,,-1,-1,0
synthetic_cloudtrail.csv:10123,,,,,,,,,,-1,-1,0
synthetic_cloudtrail.csv:10124,,,,,,,,,,-1,-1,0
synthetic_cloudtrail.csv:10125,,,,,,,,,,-1,-1,0
synthetic_cloudtrail.csv:10126,,,,,,,,,,-1,-1,0
synthetic_cloudtrail.csv:10127,,,,,,,,,,-1,-1,0
synthetic_cloudtrail.csv:10128,,,,,,,,,,-1,-1,0
synthetic_cloudtrail.csv:10129,,,,,,,,,,-1,-1,0
synthetic_cloudtrail.csv:10130,,,,,,,,,,-1,-1,0
synthetic_cloudtrail.csv:10131,,,,,,,,,,-1,-1,0
synthetic_cloudtrail.csv:10132,,,,,,,,,,-1,-1,0
synthetic_cloudtrail.csv:10133,,,,,,,,,,-1,-1,0
synthetic_cloudtrail.csv:10134,,,,,,,,,,-1,-1,0
synthetic_cloudtrail.csv:10135,,,,,,,,,,-1,-1,0
synthetic_cloudtrail.csv:10136,camp-oktvjhxrpvsn,ec2_credential_extraction,reconnaissance,ec2_credential_extraction,,,,,,-1,-1,0
synthetic_cloudtrail.csv:10137,camp-oktvjhxrpvsn,ec2_credential_extraction,reconnaissance,ec2_credential_extraction,,,,,,-1,-1,0
synthetic_cloudtrail.csv:10138,camp-oktvjhxrpvsn,ec2_credential_extraction,reconnaissance,ec2_credential_extraction,,,,,,-1,-1,0
synthetic_cloudtrail.csv:10139,camp-oktvjhxrpvsn,ec2_credential_extraction,reconnaissance,ec2_credential_extraction,,,,,,-1,-1,0
synthetic_cloudtrail.csv:10140,camp-oktvjhxrpvsn,ec2_credential_extraction,credential-access,ec2_credential_extraction,evt-bhplpueohmbu,,evt-bhplpueohmbu,,,0,0,1
synthetic_cloudtrail.csv:10141,camp-oktvjhxrpvsn,ec2_credential_extraction,credential-access,ec2_credential_extraction,evt-mmdxqcrceito,evt-bhplpueohmbu,evt-bhplpueohmbu,,,1,0,1
synthetic_cloudtrail.csv:10142,camp-oktvjhxrpvsn,ec2_credential_extraction,,ec2_credential_extraction,,,,,,-1,-1,0
synthetic_cloudtrail.csv:10143,camp-oktvjhxrpvsn,ec2_credential_extraction,,ec2_credential_extraction,,,,,,-1,-1,0
synthetic_cloudtrail.csv:10144,camp-oktvjhxrpvsn,ec2_credential_extraction,,ec2_credential_extraction,,,,,,-1,-1,0
synthetic_cloudtrail.csv:10145,camp-oktvjhxrpvsn,ec2_credential_extraction,,ec2_credential_extraction,,,,,,-1,-1,0
synthetic_cloudtrail.csv:10146,camp-oktvjhxrpvsn,ec2_credential_extraction,,ec2_credential_extraction,,,,,,-1,-1,0
synthetic_cloudtrail.csv:10147,,,,,,,,,,-1,-1,0
synthetic_cloudtrail.csv:10148,,,,,,,,,,-1,-1,0
synthetic_cloudtrail.csv:10149,,,,,,,,,,-1,-1,0
synthetic_cloudtrail.csv:10150,,,,,,,,,,-1,-1,0
synthetic_cloudtrail.csv:10151,,,,,,,,,,-1,-1,0
synthetic_cloudtrail.csv:10152,,,,,,,,,,-1,-1,0
synthetic_cloudtrail.csv:10153,,,,,,,,,,-1,-1,0
synthetic_cloudtrail.csv:10154,,,,,,,,,,-1,-1,0
synthetic_cloudtrail.csv:10155,,,,,,,,,,-1,-1,0
synthetic_cloudtrail.csv:10156,,,,,,,,,,-1,-1,0
synthetic_cloudtrail.csv:10157,,,,,,,,,,-1,-1,0
synthetic_cloudtrail.csv:10158,,,,,,,,,,-1,-1,0
synthetic_cloudtrail.csv:10159,,,,,,,,,,-1,-1,0
synthetic_cloudtrail.csv:10160,,,,,,,,,,-1,-1,0
synthetic_cloudtrail.csv:10161,,,,,,,,,,-1,-1,0
synthetic_cloudtrail.csv:10162,,,,,,,,,,-1,-1,0
synthetic_cloudtrail.csv:10163,,,,,,,,,,-1,-1,0
synthetic_cloudtrail.csv:10164,,,,,,,,,,-1,-1,0
synthetic_cloudtrail.csv:10165,,,,,,,,,,-1,-1,0
synthetic_cloudtrail.csv:10166,,,,,,,,,,-1,-1,0
synthetic_cloudtrail.csv:10167,,,,,,,,,,-1,-1,0
synthetic_cloudtrail.csv:10168,,,,,,,,,,-1,-1,0
synthetic_cloudtrail.csv:10169,,,,,,,,,,-1,-1,0
synthetic_cloudtrail.csv:10170,,,,,,,,,,-1,-1,0
synthetic_cloudtrail.csv:10171,,,,,,,,,,-1,-1,0
synthetic_cloudtrail.csv:10172,,,,,,,,,,-1,-1,0
synthetic_cloudtrail.csv:10173,,,,,,,,,,-1,-1,0
synthetic_cloudtrail.csv:10174,,,,,,,,,,-1,-1,0
synthetic_cloudtrail.csv:10175,,,,,,,,,,-1,-1,0
synthetic_cloudtrail.csv:10176,,,,,,,,,,-1,-1,0
synthetic_cloudtrail.csv:10177,,,,,,,,,,-1,-1,0
synthetic_cloudtrail.csv:10178,camp-znsuzhqwicse,assume_admin_then_backdoor_role,reconnaissance,assume_admin_then_backdoor_role,,,,,,-1,-1,0
synthetic_cloudtrail.csv:10179,camp-znsuzhqwicse,assume_admin_then_backdoor_role,reconnaissance,assume_admin_then_backdoor_role,,,,,,-1,-1,0
synthetic_cloudtrail.csv:10180,camp-znsuzhqwicse,assume_admin_then_backdoor_role,reconnaissance,assume_admin_then_backdoor_role,,,,,,-1,-1,0
synthetic_cloudtrail.csv:10181,camp-znsuzhqwicse,assume_admin_then_backdoor_role,reconnaissance,assume_admin_then_backdoor_role,,,,,,-1,-1,0
synthetic_cloudtrail.csv:10182,camp-znsuzhqwicse,assume_admin_then_backdoor_role,privilege-escalation,assume_admin_then_backdoor_role,evt-ltqequmipchg,,evt-ltqequmipchg,,,0,0,1
synthetic_cloudtrail.csv:10183,camp-znsuzhqwicse,assume_admin_then_backdoor_role,persistence,assume_admin_then_backdoor_role,evt-pcpbvzeczyfh,evt-ltqequmipchg,evt-ltqequmipchg,,,1,1,1
synthetic_cloudtrail.csv:10184,camp-znsuzhqwicse,assume_admin_then_backdoor_role,privilege-escalation,assume_admin_then_backdoor_role,evt-xcafwmgknkda,evt-pcpbvzeczyfh,evt-ltqequmipchg,s3:GetObject;s3:ListBucket,*,2,1,1
synthetic_cloudtrail.csv:10185,camp-znsuzhqwicse,assume_admin_then_backdoor_role,privilege-escalation,assume_admin_then_backdoor_role,evt-pbarxgqjsdrf,evt-xcafwmgknkda,evt-ltqequmipchg,,,3,1,1
synthetic_cloudtrail.csv:10186,camp-znsuzhqwicse,assume_admin_then_backdoor_role,credential-access,assume_admin_then_backdoor_role,evt-sovilpmydvly,evt-pbarxgqjsdrf,evt-ltqequmipchg,,,4,2,1
synthetic_cloudtrail.csv:10187,camp-znsuzhqwicse,assume_admin_then_backdoor_role,,assume_admin_then_backdoor_role,,,,,,-1,-1,0
synthetic_cloudtrail.csv:10188,camp-znsuzhqwicse,assume_admin_then_backdoor_role,,assume_admin_then_backdoor_role,,,,,,-1,-1,0
synthetic_cloudtrail.csv:10189,,,,,,,,,,-1,-1,0
synthetic_cloudtrail.csv:10190,,,,,,,,,,-1,-1,0
synthetic_cloudtrail.csv:10191,,,,,,,,,,-1,-1,0
synthetic_cloudtrail.csv:10192,,,,,,,,,,-1,-1,0
synthetic_cloudtrail.csv:10193,,,,,,,,,,-1,-1,0
synthetic_cloudtrail.csv:10194,,,,,,,,,,-1,-1,0
synthetic_cloudtrail.csv:10195,,,,,,,,,,-1,-1,0
synthetic_cloudtrail.csv:10196,,,,,,,,,,-1,-1,0
synthetic_cloudtrail.csv:10197,,,,,,,,,,-1,-1,0
synthetic_cloudtrail.csv:10198,,,,,,,,,,-1,-1,0
synthetic_cloudtrail.csv:10199,,,,,,,,,,-1,-1,0
synthetic_cloudtrail.csv:10200,,,,,,,,,,-1,-1,0
synthetic_cloudtrail.csv:10201,,,,,,,,,,-1,-1,0
synthetic_cloudtrail.csv:10202,,,,,,,,,,-1,-1,0
synthetic_cloudtrail.csv:10203,,,,,,,,,,-1,-1,0
synthetic_cloudtrail.csv:10204,,,,,,,,,,-1,-1,0
synthetic_cloudtrail.csv:10205,,,,,,,,,,-1,-1,0
synthetic_cloudtrail.csv:10206,,,,,,,,,,-1,-1,0
synthetic_cloudtrail.csv:10207,,,,,,,,,,-1,-1,0
synthetic_cloudtrail.csv:10208,,,,,,,,,,-1,-1,0
synthetic_cloudtrail.csv:10209,,,,,,,,,,-1,-1,0
synthetic_cloudtrail.csv:10210,,,,,,,,,,-1,-1,0
synthetic_cloudtrail.csv:10211,,,,,,,,,,-1,-1,0
synthetic_cloudtrail.csv:10212,,,,,,,,,,-1,-1,0
synthetic_cloudtrail.csv:10213,,,,,,,,,,-1,-1,0
synthetic_cloudtrail.csv:10214,,,,,,,,,,-1,-1,0
synthetic_cloudtrail.csv:10215,,,,,,,,,,-1,-1,0
synthetic_cloudtrail.csv:10216,,,,,,,,,,-1,-1,0
synthetic_cloudtrail.csv:10217,,,,,,,,,,-1,-1,0
synthetic_cloudtrail.csv:10218,,,,,,,,,,-1,-1,0
synthetic_cloudtrail.csv:10219,,,,,,,,,,-1,-1,0
synthetic_cloudtrail.csv:10220,,,,,,,,,,-1,-1,0
synthetic_cloudtrail.csv:10221,,,,,,,,,,-1,-1,0
synthetic_cloudtrail.csv:10222,,,,,,,,,,-1,-1,0
synthetic_cloudtrail.csv:10223,,,,,,,,,,-1,-1,0
synthetic_cloudtrail.csv:10224,,,,,,,,,,-1,-1,0
synthetic_cloudtrail.csv:10225,,,,,,,,,,-1,-1,0
synthetic_cloudtrail.csv:10226,,,,,,,,,,-1,-1,0
synthetic_cloudtrail.csv:10227,,,,,,,,,,-1,-1,0
synthetic_cloudtrail.csv:10228,,,,,,,,,,-1,-1,0
synthetic_cloudtrail.csv:10229,,,,,,,,,,-1,-1,0
synthetic_cloudtrail.csv:10230,,,,,,,,,,-1,-1,0
synthetic_cloudtrail.csv:10231,,,,,,,,,,-1,-1,0
synthetic_cloudtrail.csv:10232,,,,,,,,,,-1,-1,0
synthetic_cloudtrail.csv:10233,,,,,,,,,,-1,-1,0
synthetic_cloudtrail.csv:10234,,,,,,,,,,-1,-1,0
synthetic_cloudtrail.csv:10235,,,,,,,,,,-1,-1,0
synthetic_cloudtrail.csv:10236,,,,,,,,,,-1,-1,0
synthetic_cloudtrail.csv:10237,,,,,,,,,,-1,-1,0
synthetic_cloudtrail.csv:10238,,,,,,,,,,-1,-1,0
synthetic_cloudtrail.csv:10239,,,,,,,,,,-1,-1,0
synthetic_cloudtrail.csv:10240,,,,,,,,,,-1,-1,0
synthetic_cloudtrail.csv:10241,,,,,,,,,,-1,-1,0
synthetic_cloudtrail.csv:10242,,,,,,,,,,-1,-1,0
synthetic_cloudtrail.csv:10243,,,,,,,,,,-1,-1,0
synthetic_cloudtrail.csv:10244,,,,,,,,,,-1,-1,0
synthetic_cloudtrail.csv:10245,,,,,,,,,,-1,-1,0
synthetic_cloudtrail.csv:10246,,,,,,,,,,-1,-1,0
synthetic_cloudtrail.csv:10247,,,,,,,,,,-1,-1,0
synthetic_cloudtrail.csv:10248,,,,,,,,,,-1,-1,0
synthetic_cloudtrail.csv:10249,,,,,,,,,,-1,-1,0
synthetic_cloudtrail.csv:10250,,,,,,,,,,-1,-1,0
synthetic_cloudtrail.csv:10251,,,,,,,,,,-1,-1,0
synthetic_cloudtrail.csv:10252,,,,,,,,,,-1,-1,0
synthetic_cloudtrail.csv:10253,,,,,,,,,,-1,-1,0
synthetic_cloudtrail.csv:10254,,,,,,,,,,-1,-1,0
synthetic_cloudtrail.csv:10255,,,,,,,,,,-1,-1,0
synthetic_cloudtrail.csv:10256,,,,,,,,,,-1,-1,0
synthetic_cloudtrail.csv:10257,,,,,,,,,,-1,-1,0
synthetic_cloudtrail.csv:10258,,,,,,,,,,-1,-1,0
synthetic_cloudtrail.csv:10259,,,,,,,,,,-1,-1,0
synthetic_cloudtrail.csv:10260,,,,,,,,,,-1,-1,0
synthetic_cloudtrail.csv:10261,,,,,,,,,,-1,-1,0
synthetic_cloudtrail.csv:10262,,,,,,,,,,-1,-1,0
synthetic_cloudtrail.csv:10263,,,,,,,,,,-1,-1,0
synthetic_cloudtrail.csv:10264,,,,,,,,,,-1,-1,0
synthetic_cloudtrail.csv:10265,,,,,,,,,,-1,-1,0
synthetic_cloudtrail.csv:10266,,,,,,,,,,-1,-1,0
synthetic_cloudtrail.csv:10267,,,,,,,,,,-1,-1,0
synthetic_cloudtrail.csv:10268,,,,,,,,,,-1,-1,0
synthetic_cloudtrail.csv:10269,,,,,,,,,,-1,-1,0
synthetic_cloudtrail.csv:10270,camp-umrwneirxnbx,assume_admin_then_backdoor_role,reconnaissance,assume_admin_then_backdoor_role,,,,,,-1,-1,0
synthetic_cloudtrail.csv:10271,camp-umrwneirxnbx,assume_admin_then_backdoor_role,reconnaissance,assume_admin_then_backdoor_role,,,,,,-1,-1,0
synthetic_cloudtrail.csv:10272,camp-umrwneirxnbx,assume_admin_then_backdoor_role,reconnaissance,assume_admin_then_backdoor_role,,,,,,-1,-1,0
synthetic_cloudtrail.csv:10273,camp-umrwneirxnbx,assume_admin_then_backdoor_role,reconnaissance,assume_admin_then_backdoor_role,,,,,,-1,-1,0
synthetic_cloudtrail.csv:10274,camp-umrwneirxnbx,assume_admin_then_backdoor_role,reconnaissance,assume_admin_then_backdoor_role,,,,,,-1,-1,0
synthetic_cloudtrail.csv:10275,camp-umrwneirxnbx,assume_admin_then_backdoor_role,reconnaissance,assume_admin_then_backdoor_role,,,,,,-1,-1,0
synthetic_cloudtrail.csv:10276,camp-umrwneirxnbx,assume_admin_then_backdoor_role,reconnaissance,assume_admin_then_backdoor_role,,,,,,-1,-1,0
synthetic_cloudtrail.csv:10277,camp-umrwneirxnbx,assume_admin_then_backdoor_role,privilege-escalation,assume_admin_then_backdoor_role,evt-qnliqttxhejn,,evt-qnliqttxhejn,,,0,0,1
synthetic_cloudtrail.csv:10278,camp-umrwneirxnbx,assume_admin_then_backdoor_role,persistence,assume_admin_then_backdoor_role,evt-gnidxjmjhikq,evt-qnliqttxhejn,evt-qnliqttxhejn,,,1,1,1
synthetic_cloudtrail.csv:10279,camp-umrwneirxnbx,assume_admin_then_backdoor_role,privilege-escalation,assume_admin_then_backdoor_role,evt-awegiclrptoy,evt-gnidxjmjhikq,evt-qnliqttxhejn,s3:GetObject;s3:ListBucket,*,2,1,1
synthetic_cloudtrail.csv:10280,camp-umrwneirxnbx,assume_admin_then_backdoor_role,privilege-escalation,assume_admin_then_backdoor_role,evt-hjekeiwbovfy,evt-awegiclrptoy,evt-qnliqttxhejn,,,3,1,1
synthetic_cloudtrail.csv:10281,camp-umrwneirxnbx,assume_admin_then_backdoor_role,credential-access,assume_admin_then_backdoor_role,evt-tkfitdvybsfi,evt-hjekeiwbovfy,evt-qnliqttxhejn,,,4,2,1
synthetic_cloudtrail.csv:10282,camp-umrwneirxnbx,assume_admin_then_backdoor_role,,assume_admin_then_backdoor_role,,,,,,-1,-1,0
synthetic_cloudtrail.csv:10283,camp-umrwneirxnbx,assume_admin_then_backdoor_role,,assume_admin_then_backdoor_role,,,,,,-1,-1,0
synthetic_cloudtrail.csv:10284,camp-umrwneirxnbx,assume_admin_then_backdoor_role,,assume_admin_then_backdoor_role,,,,,,-1,-1,0
synthetic_cloudtrail.csv:10285,camp-tojvamwpcbid,assume_then_backdoor_key,reconnaissance,assume_then_backdoor_key,,,,,,-1,-1,0
synthetic_cloudtrail.csv:10286,camp-tojvamwpcbid,assume_then_backdoor_key,reconnaissance,assume_then_backdoor_key,,,,,,-1,-1,0
synthetic_cloudtrail.csv:10287,camp-tojvamwpcbid,assume_then_backdoor_key,reconnaissance,assume_then_backdoor_key,,,,,,-1,-1,0
synthetic_cloudtrail.csv:10288,camp-tojvamwpcbid,assume_then_backdoor_key,reconnaissance,assume_then_backdoor_key,,,,,,-1,-1,0
synthetic_cloudtrail.csv:10289,camp-tojvamwpcbid,assume_then_backdoor_key,reconnaissance,assume_then_backdoor_key,,,,,,-1,-1,0
synthetic_cloudtrail.csv:10290,camp-tojvamwpcbid,assume_then_backdoor_key,reconnaissance,assume_then_backdoor_key,,,,,,-1,-1,0
synthetic_cloudtrail.csv:10291,camp-tojvamwpcbid,assume_then_backdoor_key,privilege-escalation,assume_then_backdoor_key,evt-xjuiqbblsbie,,evt-xjuiqbblsbie,,,0,0,1
synthetic_cloudtrail.csv:10292,camp-tojvamwpcbid,assume_then_backdoor_key,persistence,assume_then_backdoor_key,evt-uaftjfaciyod,evt-xjuiqbblsbie,evt-xjuiqbblsbie,,,1,1,1
synthetic_cloudtrail.csv:10293,camp-tojvamwpcbid,assume_then_backdoor_key,privilege-escalation,assume_then_backdoor_key,evt-ivvkkjamuccw,evt-uaftjfaciyod,evt-xjuiqbblsbie,s3:GetObject,iam:*;s3:*;sts:AssumeRole,2,1,1
synthetic_cloudtrail.csv:10294,camp-tojvamwpcbid,assume_then_backdoor_key,,assume_then_backdoor_key,,,,,,-1,-1,0
synthetic_cloudtrail.csv:10295,camp-tojvamwpcbid,assume_then_backdoor_key,,assume_then_backdoor_key,,,,,,-1,-1,0
synthetic_cloudtrail.csv:10296,camp-tojvamwpcbid,assume_then_backdoor_key,,assume_then_backdoor_key,,,,,,-1,-1,0
synthetic_cloudtrail.csv:10297,,,,,,,,,,-1,-1,0
synthetic_cloudtrail.csv:10298,,,,,,,,,,-1,-1,0
synthetic_cloudtrail.csv:10299,,,,,,,,,,-1,-1,0
synthetic_cloudtrail.csv:10300,,,,,,,,,,-1,-1,0
synthetic_cloudtrail.csv:10301,,,,,,,,,,-1,-1,0
synthetic_cloudtrail.csv:10302,,,,,,,,,,-1,-1,0
synthetic_cloudtrail.csv:10303,,,,,,,,,,-1,-1,0
synthetic_cloudtrail.csv:10304,,,,,,,,,,-1,-1,0
synthetic_cloudtrail.csv:10305,,,,,,,,,,-1,-1,0
synthetic_cloudtrail.csv:10306,,,,,,,,,,-1,-1,0
synthetic_cloudtrail.csv:10307,,,,,,,,,,-1,-1,0
synthetic_cloudtrail.csv:10308,,,,,,,,,,-1,-1,0
synthetic_cloudtrail.csv:10309,,,,,,,,,,-1,-1,0
synthetic_cloudtrail.csv:10310,,,,,,,,,,-1,-1,0
synthetic_cloudtrail.csv:10311,,,,,,,,,,-1,-1,0
synthetic_cloudtrail.csv:10312,,,,,,,,,,-1,-1,0
synthetic_cloudtrail.csv:10313,,,,,,,,,,-1,-1,0
synthetic_cloudtrail.csv:10314,,,,,,,,,,-1,-1,0
synthetic_cloudtrail.csv:10315,,,,,,,,,,-1,-1,0
synthetic_cloudtrail.csv:10316,,,,,,,,,,-1,-1,0
synthetic_cloudtrail.csv:10317,,,,,,,,,,-1,-1,0
synthetic_cloudtrail.csv:10318,,,,,,,,,,-1,-1,0
synthetic_cloudtrail.csv:10319,,,,,,,,,,-1,-1,0
synthetic_cloudtrail.csv:10320,,,,,,,,,,-1,-1,0
synthetic_cloudtrail.csv:10321,,,,,,,,,,-1,-1,0
synthetic_cloudtrail.csv:10322,,,,,,,,,,-1,-1,0
synthetic_cloudtrail.csv:10323,,,,,,,,,,-1,-1,0
synthetic_cloudtrail.csv:10324,camp-facfbsomeofw,ec2_password_data,reconnaissance,ec2_password_data,,,,,,-1,-1,0
synthetic_cloudtrail.csv:10325,camp-facfbsomeofw,ec2_password_data,reconnaissance,ec2_password_data,,,,,,-1,-1,0
synthetic_cloudtrail.csv:10326,camp-facfbsomeofw,ec2_password_data,reconnaissance,ec2_password_data,,,,,,-1,-1,0
synthetic_cloudtrail.csv:10327,camp-facfbsomeofw,ec2_password_data,reconnaissance,ec2_password_data,,,,,,-1,-1,0
synthetic_cloudtrail.csv:10328,camp-facfbsomeofw,ec2_password_data,reconnaissance,ec2_password_data,,,,,,-1,-1,0
synthetic_cloudtrail.csv:10329,camp-facfbsomeofw,ec2_password_data,reconnaissance,ec2_password_data,,,,,,-1,-1,0
synthetic_cloudtrail.csv:10330,camp-facfbsomeofw,ec2_password_data,persistence,ec2_password_data,evt-mngojkrpeetb,,evt-mngojkrpeetb,,,0,0,1
synthetic_cloudtrail.csv:10331,camp-facfbsomeofw,ec2_password_data,privilege-escalation,ec2_password_data,evt-xipvnmfnjuts,evt-mngojkrpeetb,evt-mngojkrpeetb,s3:GetObject,iam:*;s3:*;sts:AssumeRole,1,0,1
synthetic_cloudtrail.csv:10332,camp-facfbsomeofw,ec2_password_data,credential-access,ec2_password_data,evt-lgmmndacznao,evt-xipvnmfnjuts,evt-mngojkrpeetb,,,2,0,1
synthetic_cloudtrail.csv:10333,camp-facfbsomeofw,ec2_password_data,,ec2_password_data,,,,,,-1,-1,0
synthetic_cloudtrail.csv:10334,camp-facfbsomeofw,ec2_password_data,,ec2_password_data,,,,,,-1,-1,0
synthetic_cloudtrail.csv:10335,camp-facfbsomeofw,ec2_password_data,,ec2_password_data,,,,,,-1,-1,0
synthetic_cloudtrail.csv:10336,camp-facfbsomeofw,ec2_password_data,,ec2_password_data,,,,,,-1,-1,0
synthetic_cloudtrail.csv:10337,camp-facfbsomeofw,ec2_password_data,,ec2_password_data,,,,,,-1,-1,0
synthetic_cloudtrail.csv:10338,camp-roeoluwlkwoo,secrets_manager_sweep,reconnaissance,secrets_manager_sweep,,,,,,-1,-1,0
synthetic_cloudtrail.csv:10339,camp-roeoluwlkwoo,secrets_manager_sweep,reconnaissance,secrets_manager_sweep,,,,,,-1,-1,0
synthetic_cloudtrail.csv:10340,camp-roeoluwlkwoo,secrets_manager_sweep,reconnaissance,secrets_manager_sweep,,,,,,-1,-1,0
synthetic_cloudtrail.csv:10341,camp-roeoluwlkwoo,secrets_manager_sweep,reconnaissance,secrets_manager_sweep,,,,,,-1,-1,0
synthetic_cloudtrail.csv:10342,camp-roeoluwlkwoo,secrets_manager_sweep,reconnaissance,secrets_manager_sweep,,,,,,-1,-1,0
synthetic_cloudtrail.csv:10343,camp-roeoluwlkwoo,secrets_manager_sweep,credential-access,secrets_manager_sweep,evt-uespsmvtddqh,,evt-uespsmvtddqh,,,0,0,1
synthetic_cloudtrail.csv:10344,camp-roeoluwlkwoo,secrets_manager_sweep,credential-access,secrets_manager_sweep,evt-euzntwvaqorv,evt-uespsmvtddqh,evt-uespsmvtddqh,,,1,0,1
synthetic_cloudtrail.csv:10345,camp-roeoluwlkwoo,secrets_manager_sweep,credential-access,secrets_manager_sweep,evt-soggdunvjdpu,evt-euzntwvaqorv,evt-uespsmvtddqh,,,2,0,1
synthetic_cloudtrail.csv:10346,camp-roeoluwlkwoo,secrets_manager_sweep,,secrets_manager_sweep,,,,,,-1,-1,0
synthetic_cloudtrail.csv:10347,camp-roeoluwlkwoo,secrets_manager_sweep,,secrets_manager_sweep,,,,,,-1,-1,0
synthetic_cloudtrail.csv:10348,camp-roeoluwlkwoo,secrets_manager_sweep,,secrets_manager_sweep,,,,,,-1,-1,0
synthetic_cloudtrail.csv:10349,camp-roeoluwlkwoo,secrets_manager_sweep,,secrets_manager_sweep,,,,,,-1,-1,0
synthetic_cloudtrail.csv:10350,,,,,,,,,,-1,-1,0
synthetic_cloudtrail.csv:10351,,,,,,,,,,-1,-1,0
synthetic_cloudtrail.csv:10352,,,,,,,,,,-1,-1,0
synthetic_cloudtrail.csv:10353,,,,,,,,,,-1,-1,0
synthetic_cloudtrail.csv:10354,,,,,,,,,,-1,-1,0
synthetic_cloudtrail.csv:10355,,,,,,,,,,-1,-1,0
synthetic_cloudtrail.csv:10356,,,,,,,,,,-1,-1,0
synthetic_cloudtrail.csv:10357,,,,,,,,,,-1,-1,0
synthetic_cloudtrail.csv:10358,,,,,,,,,,-1,-1,0
synthetic_cloudtrail.csv:10359,,,,,,,,,,-1,-1,0
synthetic_cloudtrail.csv:10360,,,,,,,,,,-1,-1,0
synthetic_cloudtrail.csv:10361,,,,,,,,,,-1,-1,0
synthetic_cloudtrail.csv:10362,,,,,,,,,,-1,-1,0
synthetic_cloudtrail.csv:10363,,,,,,,,,,-1,-1,0
synthetic_cloudtrail.csv:10364,,,,,,,,,,-1,-1,0
synthetic_cloudtrail.csv:10365,,,,,,,,,,-1,-1,0
synthetic_cloudtrail.csv:10366,,,,,,,,,,-1,-1,0
synthetic_cloudtrail.csv:10367,,,,,,,,,,-1,-1,0
synthetic_cloudtrail.csv:10368,,,,,,,,,,-1,-1,0
synthetic_cloudtrail.csv:10369,,,,,,,,,,-1,-1,0
synthetic_cloudtrail.csv:10370,,,,,,,,,,-1,-1,0
synthetic_cloudtrail.csv:10371,,,,,,,,,,-1,-1,0
synthetic_cloudtrail.csv:10372,,,,,,,,,,-1,-1,0
synthetic_cloudtrail.csv:10373,,,,,,,,,,-1,-1,0
synthetic_cloudtrail.csv:10374,,,,,,,,,,-1,-1,0
synthetic_cloudtrail.csv:10375,,,,,,,,,,-1,-1,0
synthetic_cloudtrail.csv:10376,,,,,,,,,,-1,-1,0
synthetic_cloudtrail.csv:10377,,,,,,,,,,-1,-1,0
synthetic_cloudtrail.csv:10378,,,,,,,,,,-1,-1,0
synthetic_cloudtrail.csv:10379,,,,,,,,,,-1,-1,0
synthetic_cloudtrail.csv:10380,,,,,,,,,,-1,-1,0
synthetic_cloudtrail.csv:10381,,,,,,,,,,-1,-1,0
synthetic_cloudtrail.csv:10382,,,,,,,,,,-1,-1,0
synthetic_cloudtrail.csv:10383,,,,,,,,,,-1,-1,0
synthetic_cloudtrail.csv:10384,,,,,,,,,,-1,-1,0
synthetic_cloudtrail.csv:10385,,,,,,,,,,-1,-1,0
synthetic_cloudtrail.csv:10386,,,,,,,,,,-1,-1,0
synthetic_cloudtrail.csv:10387,,,,,,,,,,-1,-1,0
synthetic_cloudtrail.csv:10388,,,,,,,,,,-1,-1,0
synthetic_cloudtrail.csv:10389,,,,,,,,,,-1,-1,0
synthetic_cloudtrail.csv:10390,camp-jkvmeyzgmtqp,secrets_manager_sweep,reconnaissance,secrets_manager_sweep,,,,,,-1,-1,0
synthetic_cloudtrail.csv:10391,camp-jkvmeyzgmtqp,secrets_manager_sweep,reconnaissance,secrets_manager_sweep,,,,,,-1,-1,0
synthetic_cloudtrail.csv:10392,camp-jkvmeyzgmtqp,secrets_manager_sweep,credential-access,secrets_manager_sweep,evt-moxyoojsdfps,,evt-moxyoojsdfps,,,0,0,1
synthetic_cloudtrail.csv:10393,camp-jkvmeyzgmtqp,secrets_manager_sweep,credential-access,secrets_manager_sweep,evt-wyrftfbddgqn,evt-vawtkibmtiue,evt-moxyoojsdfps,,,2,0,1
synthetic_cloudtrail.csv:10394,camp-jkvmeyzgmtqp,secrets_manager_sweep,credential-access,secrets_manager_sweep,evt-vawtkibmtiue,evt-moxyoojsdfps,evt-moxyoojsdfps,,,1,0,1
synthetic_cloudtrail.csv:10395,camp-jkvmeyzgmtqp,secrets_manager_sweep,reconnaissance,secrets_manager_sweep,,,,,,-1,-1,0
synthetic_cloudtrail.csv:10396,,,,,,,,,,-1,-1,0
synthetic_cloudtrail.csv:10397,camp-jkvmeyzgmtqp,secrets_manager_sweep,,secrets_manager_sweep,,,,,,-1,-1,0
synthetic_cloudtrail.csv:10398,,,,,,,,,,-1,-1,0
synthetic_cloudtrail.csv:10399,,,,,,,,,,-1,-1,0
synthetic_cloudtrail.csv:10400,,,,,,,,,,-1,-1,0
synthetic_cloudtrail.csv:10401,camp-jkvmeyzgmtqp,secrets_manager_sweep,,secrets_manager_sweep,,,,,,-1,-1,0
synthetic_cloudtrail.csv:10402,,,,,,,,,,-1,-1,0
synthetic_cloudtrail.csv:10403,,,,,,,,,,-1,-1,0
synthetic_cloudtrail.csv:10404,camp-jkvmeyzgmtqp,secrets_manager_sweep,,secrets_manager_sweep,,,,,,-1,-1,0
synthetic_cloudtrail.csv:10405,,,,,,,,,,-1,-1,0
synthetic_cloudtrail.csv:10406,,,,,,,,,,-1,-1,0
synthetic_cloudtrail.csv:10407,,,,,,,,,,-1,-1,0
synthetic_cloudtrail.csv:10408,,,,,,,,,,-1,-1,0
synthetic_cloudtrail.csv:10409,,,,,,,,,,-1,-1,0
synthetic_cloudtrail.csv:10410,,,,,,,,,,-1,-1,0
synthetic_cloudtrail.csv:10411,,,,,,,,,,-1,-1,0
synthetic_cloudtrail.csv:10412,,,,,,,,,,-1,-1,0
synthetic_cloudtrail.csv:10413,,,,,,,,,,-1,-1,0
synthetic_cloudtrail.csv:10414,,,,,,,,,,-1,-1,0
synthetic_cloudtrail.csv:10415,,,,,,,,,,-1,-1,0
synthetic_cloudtrail.csv:10416,,,,,,,,,,-1,-1,0
synthetic_cloudtrail.csv:10417,,,,,,,,,,-1,-1,0
synthetic_cloudtrail.csv:10418,,,,,,,,,,-1,-1,0
synthetic_cloudtrail.csv:10419,,,,,,,,,,-1,-1,0
synthetic_cloudtrail.csv:10420,,,,,,,,,,-1,-1,0
synthetic_cloudtrail.csv:10421,,,,,,,,,,-1,-1,0
synthetic_cloudtrail.csv:10422,,,,,,,,,,-1,-1,0
synthetic_cloudtrail.csv:10423,,,,,,,,,,-1,-1,0
synthetic_cloudtrail.csv:10424,,,,,,,,,,-1,-1,0
synthetic_cloudtrail.csv:10425,,,,,,,,,,-1,-1,0
synthetic_cloudtrail.csv:10426,,,,,,,,,,-1,-1,0
synthetic_cloudtrail.csv:10427,,,,,,,,,,-1,-1,0
synthetic_cloudtrail.csv:10428,,,,,,,,,,-1,-1,0
synthetic_cloudtrail.csv:10429,,,,,,,,,,-1,-1,0
synthetic_cloudtrail.csv:10430,,,,,,,,,,-1,-1,0
synthetic_cloudtrail.csv:10431,,,,,,,,,,-1,-1,0
synthetic_cloudtrail.csv:10432,camp-efbvkkgjelyb,ssm_parameter_harvest,reconnaissance,ssm_parameter_harvest,,,,,,-1,-1,0
synthetic_cloudtrail.csv:10433,camp-efbvkkgjelyb,ssm_parameter_harvest,reconnaissance,ssm_parameter_harvest,,,,,,-1,-1,0
synthetic_cloudtrail.csv:10434,camp-efbvkkgjelyb,ssm_parameter_harvest,reconnaissance,ssm_parameter_harvest,,,,,,-1,-1,0
synthetic_cloudtrail.csv:10435,camp-efbvkkgjelyb,ssm_parameter_harvest,reconnaissance,ssm_parameter_harvest,,,,,,-1,-1,0
synthetic_cloudtrail.csv:10436,camp-efbvkkgjelyb,ssm_parameter_harvest,reconnaissance,ssm_parameter_harvest,,,,,,-1,-1,0
synthetic_cloudtrail.csv:10437,camp-efbvkkgjelyb,ssm_parameter_harvest,credential-access,ssm_parameter_harvest,evt-ibdqgbjhgomg,,evt-ibdqgbjhgomg,,,0,0,1
synthetic_cloudtrail.csv:10438,camp-efbvkkgjelyb,ssm_parameter_harvest,credential-access,ssm_parameter_harvest,evt-xbcnvmcacvit,evt-ibdqgbjhgomg,evt-ibdqgbjhgomg,,,1,0,1
synthetic_cloudtrail.csv:10439,camp-efbvkkgjelyb,ssm_parameter_harvest,credential-access,ssm_parameter_harvest,evt-mnpbnpokhayp,evt-xbcnvmcacvit,evt-ibdqgbjhgomg,,,2,0,1
synthetic_cloudtrail.csv:10440,camp-efbvkkgjelyb,ssm_parameter_harvest,,ssm_parameter_harvest,,,,,,-1,-1,0
synthetic_cloudtrail.csv:10441,camp-efbvkkgjelyb,ssm_parameter_harvest,,ssm_parameter_harvest,,,,,,-1,-1,0
synthetic_cloudtrail.csv:10442,camp-efbvkkgjelyb,ssm_parameter_harvest,,ssm_parameter_harvest,,,,,,-1,-1,0
synthetic_cloudtrail.csv:10443,,,,,,,,,,-1,-1,0
synthetic_cloudtrail.csv:10444,,,,,,,,,,-1,-1,0
synthetic_cloudtrail.csv:10445,,,,,,,,,,-1,-1,0
synthetic_cloudtrail.csv:10446,,,,,,,,,,-1,-1,0
synthetic_cloudtrail.csv:10447,,,,,,,,,,-1,-1,0
synthetic_cloudtrail.csv:10448,,,,,,,,,,-1,-1,0
synthetic_cloudtrail.csv:10449,,,,,,,,,,-1,-1,0
synthetic_cloudtrail.csv:10450,,,,,,,,,,-1,-1,0
synthetic_cloudtrail.csv:10451,,,,,,,,,,-1,-1,0
synthetic_cloudtrail.csv:10452,,,,,,,,,,-1,-1,0
synthetic_cloudtrail.csv:10453,,,,,,,,,,-1,-1,0
synthetic_cloudtrail.csv:10454,,,,,,,,,,-1,-1,0
synthetic_cloudtrail.csv:10455,,,,,,,,,,-1,-1,0
synthetic_cloudtrail.csv:10456,,,,,,,,,,-1,-1,0
synthetic_cloudtrail.csv:10457,,,,,,,,,,-1,-1,0
synthetic_cloudtrail.csv:10458,,,,,,,,,,-1,-1,0
synthetic_cloudtrail.csv:10459,,,,,,,,,,-1,-1,0
synthetic_cloudtrail.csv:10460,,,,,,,,,,-1,-1,0
synthetic_cloudtrail.csv:10461,,,,,,,,,,-1,-1,0
synthetic_cloudtrail.csv:10462,,,,,,,,,,-1,-1,0
synthetic_cloudtrail.csv:10463,,,,,,,,,,-1,-1,0
synthetic_cloudtrail.csv:10464,,,,,,,,,,-1,-1,0
synthetic_cloudtrail.csv:10465,,,,,,,,,,-1,-1,0
synthetic_cloudtrail.csv:10466,,,,,,,,,,-1,-1,0
synthetic_cloudtrail.csv:10467,,,,,,,,,,-1,-1,0
synthetic_cloudtrail.csv:10468,,,,,,,,,,-1,-1,0
synthetic_cloudtrail.csv:10469,,,,,,,,,,-1,-1,0
synthetic_cloudtrail.csv:10470,,,,,,,,,,-1,-1,0
synthetic_cloudtrail.csv:10471,,,,,,,,,,-1,-1,0
synthetic_cloudtrail.csv:10472,,,,,,,,,,-1,-1,0
synthetic_cloudtrail.csv:10473,,,,,,,,,,-1,-1,0
synthetic_cloudtrail.csv:10474,,,,,,,,,,-1,-1,0
synthetic_cloudtrail.csv:10475,,,,,,,,,,-1,-1,0
synthetic_cloudtrail.csv:10476,,,,,,,,,,-1,-1,0
synthetic_cloudtrail.csv:10477,,,,,,,,,,-1,-1,0
synthetic_cloudtrail.csv:10478,,,,,,,,,,-1,-1,0
synthetic_cloudtrail.csv:10479,,,,,,,,,,-1,-1,0
synthetic_cloudtrail.csv:10480,,,,,,,,,,-1,-1,0
synthetic_cloudtrail.csv:10481,,,,,,,,,,-1,-1,0
synthetic_cloudtrail.csv:10482,,,,,,,,,,-1,-1,0
synthetic_cloudtrail.csv:10483,,,,,,,,,,-1,-1,0
synthetic_cloudtrail.csv:10484,,,,,,,,,,-1,-1,0
synthetic_cloudtrail.csv:10485,,,,,,,,,,-1,-1,0
synthetic_cloudtrail.csv:10486,,,,,,,,,,-1,-1,0
synthetic_cloudtrail.csv:10487,,,,,,,,,,-1,-1,0
synthetic_cloudtrail.csv:10488,,,,,,,,,,-1,-1,0
synthetic_cloudtrail.csv:10489,,,,,,,,,,-1,-1,0
synthetic_cloudtrail.csv:10490,,,,,,,,,,-1,-1,0
synthetic_cloudtrail.csv:10491,,,,,,,,,,-1,-1,0
synthetic_cloudtrail.csv:10492,,,,,,,,,,-1,-1,0
synthetic_cloudtrail.csv:10493,,,,,,,,,,-1,-1,0
synthetic_cloudtrail.csv:10494,,,,,,,,,,-1,-1,0
synthetic_cloudtrail.csv:10495,,,,,,,,,,-1,-1,0
synthetic_cloudtrail.csv:10496,,,,,,,,,,-1,-1,0
synthetic_cloudtrail.csv:10497,,,,,,,,,,-1,-1,0
synthetic_cloudtrail.csv:10498,,,,,,,,,,-1,-1,0
synthetic_cloudtrail.csv:10499,,,,,,,,,,-1,-1,0
synthetic_cloudtrail.csv:10500,,,,,,,,,,-1,-1,0
synthetic_cloudtrail.csv:10501,,,,,,,,,,-1,-1,0
synthetic_cloudtrail.csv:10502,,,,,,,,,,-1,-1,0
synthetic_cloudtrail.csv:10503,,,,,,,,,,-1,-1,0
synthetic_cloudtrail.csv:10504,,,,,,,,,,-1,-1,0
synthetic_cloudtrail.csv:10505,,,,,,,,,,-1,-1,0
synthetic_cloudtrail.csv:10506,,,,,,,,,,-1,-1,0
synthetic_cloudtrail.csv:10507,,,,,,,,,,-1,-1,0
synthetic_cloudtrail.csv:10508,,,,,,,,,,-1,-1,0
synthetic_cloudtrail.csv:10509,,,,,,,,,,-1,-1,0
synthetic_cloudtrail.csv:10510,,,,,,,,,,-1,-1,0
synthetic_cloudtrail.csv:10511,,,,,,,,,,-1,-1,0
synthetic_cloudtrail.csv:10512,,,,,,,,,,-1,-1,0
synthetic_cloudtrail.csv:10513,,,,,,,,,,-1,-1,0
synthetic_cloudtrail.csv:10514,,,,,,,,,,-1,-1,0
synthetic_cloudtrail.csv:10515,,,,,,,,,,-1,-1,0
synthetic_cloudtrail.csv:10516,,,,,,,,,,-1,-1,0
synthetic_cloudtrail.csv:10517,,,,,,,,,,-1,-1,0
synthetic_cloudtrail.csv:10518,,,,,,,,,,-1,-1,0
synthetic_cloudtrail.csv:10519,,,,,,,,,,-1,-1,0
synthetic_cloudtrail.csv:10520,,,,,,,,,,-1,-1,0
synthetic_cloudtrail.csv:10521,,,,,,,,,,-1,-1,0
synthetic_cloudtrail.csv:10522,,,,,,,,,,-1,-1,0
synthetic_cloudtrail.csv:10523,,,,,,,,,,-1,-1,0
synthetic_cloudtrail.csv:10524,,,,,,,,,,-1,-1,0
synthetic_cloudtrail.csv:10525,,,,,,,,,,-1,-1,0
synthetic_cloudtrail.csv:10526,,,,,,,,,,-1,-1,0
synthetic_cloudtrail.csv:10527,,,,,,,,,,-1,-1,0
synthetic_cloudtrail.csv:10528,,,,,,,,,,-1,-1,0
synthetic_cloudtrail.csv:10529,,,,,,,,,,-1,-1,0
synthetic_cloudtrail.csv:10530,,,,,,,,,,-1,-1,0
synthetic_cloudtrail.csv:10531,,,,,,,,,,-1,-1,0
synthetic_cloudtrail.csv:10532,,,,,,,,,,-1,-1,0
synthetic_cloudtrail.csv:10533,,,,,,,,,,-1,-1,0
synthetic_cloudtrail.csv:10534,,,,,,,,,,-1,-1,0
synthetic_cloudtrail.csv:10535,,,,,,,,,,-1,-1,0
synthetic_cloudtrail.csv:10536,,,,,,,,,,-1,-1,0
synthetic_cloudtrail.csv:10537,,,,,,,,,,-1,-1,0
synthetic_cloudtrail.csv:10538,,,,,,,,,,-1,-1,0
synthetic_cloudtrail.csv:10539,,,,,,,,,,-1,-1,0
synthetic_cloudtrail.csv:10540,,,,,,,,,,-1,-1,0
synthetic_cloudtrail.csv:10541,,,,,,,,,,-1,-1,0
synthetic_cloudtrail.csv:10542,,,,,,,,,,-1,-1,0
synthetic_cloudtrail.csv:10543,,,,,,,,,,-1,-1,0
synthetic_cloudtrail.csv:10544,,,,,,,,,,-1,-1,0
synthetic_cloudtrail.csv:10545,,,,,,,,,,-1,-1,0
synthetic_cloudtrail.csv:10546,,,,,,,,,,-1,-1,0
synthetic_cloudtrail.csv:10547,,,,,,,,,,-1,-1,0
synthetic_cloudtrail.csv:10548,,,,,,,,,,-1,-1,0
synthetic_cloudtrail.csv:10549,,,,,,,,,,-1,-1,0
synthetic_cloudtrail.csv:10550,,,,,,,,,,-1,-1,0
synthetic_cloudtrail.csv:10551,,,,,,,,,,-1,-1,0
synthetic_cloudtrail.csv:10552,,,,,,,,,,-1,-1,0
synthetic_cloudtrail.csv:10553,,,,,,,,,,-1,-1,0
synthetic_cloudtrail.csv:10554,,,,,,,,,,-1,-1,0
synthetic_cloudtrail.csv:10555,,,,,,,,,,-1,-1,0
synthetic_cloudtrail.csv:10556,,,,,,,,,,-1,-1,0
synthetic_cloudtrail.csv:10557,,,,,,,,,,-1,-1,0
synthetic_cloudtrail.csv:10558,,,,,,,,,,-1,-1,0
synthetic_cloudtrail.csv:10559,,,,,,,,,,-1,-1,0
synthetic_cloudtrail.csv:10560,,,,,,,,,,-1,-1,0
synthetic_cloudtrail.csv:10561,,,,,,,,,,-1,-1,0
synthetic_cloudtrail.csv:10562,,,,,,,,,,-1,-1,0
synthetic_cloudtrail.csv:10563,,,,,,,,,,-1,-1,0
synthetic_cloudtrail.csv:10564,,,,,,,,,,-1,-1,0
synthetic_cloudtrail.csv:10565,,,,,,,,,,-1,-1,0
synthetic_cloudtrail.csv:10566,,,,,,,,,,-1,-1,0
synthetic_cloudtrail.csv:10567,,,,,,,,,,-1,-1,0
synthetic_cloudtrail.csv:10568,,,,,,,,,,-1,-1,0
synthetic_cloudtrail.csv:10569,,,,,,,,,,-1,-1,0
synthetic_cloudtrail.csv:10570,,,,,,,,,,-1,-1,0
synthetic_cloudtrail.csv:10571,,,,,,,,,,-1,-1,0
synthetic_cloudtrail.csv:10572,,,,,,,,,,-1,-1,0
synthetic_cloudtrail.csv:10573,camp-mlmiknrsctsz,assume_then_attach_admin,reconnaissance,assume_then_attach_admin,,,,,,-1,-1,0
synthetic_cloudtrail.csv:10574,camp-mlmiknrsctsz,assume_then_attach_admin,reconnaissance,assume_then_attach_admin,,,,,,-1,-1,0
synthetic_cloudtrail.csv:10575,camp-mlmiknrsctsz,assume_then_attach_admin,reconnaissance,assume_then_attach_admin,,,,,,-1,-1,0
synthetic_cloudtrail.csv:10576,camp-mlmiknrsctsz,assume_then_attach_admin,reconnaissance,assume_then_attach_admin,,,,,,-1,-1,0
synthetic_cloudtrail.csv:10577,camp-mlmiknrsctsz,assume_then_attach_admin,reconnaissance,assume_then_attach_admin,,,,,,-1,-1,0
synthetic_cloudtrail.csv:10578,camp-mlmiknrsctsz,assume_then_attach_admin,reconnaissance,assume_then_attach_admin,,,,,,-1,-1,0
synthetic_cloudtrail.csv:10579,camp-mlmiknrsctsz,assume_then_attach_admin,reconnaissance,assume_then_attach_admin,,,,,,-1,-1,0
synthetic_cloudtrail.csv:10580,camp-mlmiknrsctsz,assume_then_attach_admin,privilege-escalation,assume_then_attach_admin,evt-pictawvpcpbp,,evt-pictawvpcpbp,,,0,0,1
synthetic_cloudtrail.csv:10581,camp-mlmiknrsctsz,assume_then_attach_admin,privilege-escalation,assume_then_attach_admin,evt-izavvgryvxbn,evt-pictawvpcpbp,evt-pictawvpcpbp,s3:GetObject;s3:ListBucket,*,1,1,1
synthetic_cloudtrail.csv:10582,camp-mlmiknrsctsz,assume_then_attach_admin,privilege-escalation,assume_then_attach_admin,evt-qlzffbzztsgt,evt-izavvgryvxbn,evt-pictawvpcpbp,s3:GetObject;s3:ListBucket,*,2,1,1
synthetic_cloudtrail.csv:10583,camp-mlmiknrsctsz,assume_then_attach_admin,,assume_then_attach_admin,,,,,,-1,-1,0
synthetic_cloudtrail.csv:10584,camp-mlmiknrsctsz,assume_then_attach_admin,,assume_then_attach_admin,,,,,,-1,-1,0
synthetic_cloudtrail.csv:10585,camp-mlmiknrsctsz,assume_then_attach_admin,,assume_then_attach_admin,,,,,,-1,-1,0
synthetic_cloudtrail.csv:10586,camp-mlmiknrsctsz,assume_then_attach_admin,,assume_then_attach_admin,,,,,,-1,-1,0
synthetic_cloudtrail.csv:10587,camp-rkzwikgfgvrc,secrets_manager_sweep,reconnaissance,secrets_manager_sweep,,,,,,-1,-1,0
synthetic_cloudtrail.csv:10588,camp-rkzwikgfgvrc,secrets_manager_sweep,reconnaissance,secrets_manager_sweep,,,,,,-1,-1,0
synthetic_cloudtrail.csv:10589,camp-rkzwikgfgvrc,secrets_manager_sweep,reconnaissance,secrets_manager_sweep,,,,,,-1,-1,0
synthetic_cloudtrail.csv:10590,camp-rkzwikgfgvrc,secrets_manager_sweep,reconnaissance,secrets_manager_sweep,,,,,,-1,-1,0
synthetic_cloudtrail.csv:10591,camp-rkzwikgfgvrc,secrets_manager_sweep,reconnaissance,secrets_manager_sweep,,,,,,-1,-1,0
synthetic_cloudtrail.csv:10592,camp-rkzwikgfgvrc,secrets_manager_sweep,reconnaissance,secrets_manager_sweep,,,,,,-1,-1,0
synthetic_cloudtrail.csv:10593,camp-rkzwikgfgvrc,secrets_manager_sweep,credential-access,secrets_manager_sweep,evt-refvreowixvl,,evt-refvreowixvl,,,0,0,1
synthetic_cloudtrail.csv:10594,camp-rkzwikgfgvrc,secrets_manager_sweep,credential-access,secrets_manager_sweep,evt-kramctsvcyzv,evt-refvreowixvl,evt-refvreowixvl,,,1,0,1
synthetic_cloudtrail.csv:10595,camp-rkzwikgfgvrc,secrets_manager_sweep,credential-access,secrets_manager_sweep,evt-hqkobwwcdjtt,evt-kramctsvcyzv,evt-refvreowixvl,,,2,0,1
synthetic_cloudtrail.csv:10596,camp-rkzwikgfgvrc,secrets_manager_sweep,,secrets_manager_sweep,,,,,,-1,-1,0
synthetic_cloudtrail.csv:10597,camp-rkzwikgfgvrc,secrets_manager_sweep,,secrets_manager_sweep,,,,,,-1,-1,0
synthetic_cloudtrail.csv:10598,camp-rkzwikgfgvrc,secrets_manager_sweep,,secrets_manager_sweep,,,,,,-1,-1,0
synthetic_cloudtrail.csv:10599,,,,,,,,,,-1,-1,0
synthetic_cloudtrail.csv:10600,,,,,,,,,,-1,-1,0
synthetic_cloudtrail.csv:10601,,,,,,,,,,-1,-1,0
synthetic_cloudtrail.csv:10602,,,,,,,,,,-1,-1,0
synthetic_cloudtrail.csv:10603,,,,,,,,,,-1,-1,0
synthetic_cloudtrail.csv:10604,,,,,,,,,,-1,-1,0
synthetic_cloudtrail.csv:10605,,,,,,,,,,-1,-1,0
synthetic_cloudtrail.csv:10606,,,,,,,,,,-1,-1,0
synthetic_cloudtrail.csv:10607,,,,,,,,,,-1,-1,0
synthetic_cloudtrail.csv:10608,,,,,,,,,,-1,-1,0
synthetic_cloudtrail.csv:10609,,,,,,,,,,-1,-1,0
synthetic_cloudtrail.csv:10610,,,,,,,,,,-1,-1,0
synthetic_cloudtrail.csv:10611,,,,,,,,,,-1,-1,0
synthetic_cloudtrail.csv:10612,,,,,,,,,,-1,-1,0
synthetic_cloudtrail.csv:10613,,,,,,,,,,-1,-1,0
synthetic_cloudtrail.csv:10614,,,,,,,,,,-1,-1,0
synthetic_cloudtrail.csv:10615,,,,,,,,,,-1,-1,0
synthetic_cloudtrail.csv:10616,,,,,,,,,,-1,-1,0
synthetic_cloudtrail.csv:10617,,,,,,,,,,-1,-1,0
synthetic_cloudtrail.csv:10618,,,,,,,,,,-1,-1,0
synthetic_cloudtrail.csv:10619,,,,,,,,,,-1,-1,0
synthetic_cloudtrail.csv:10620,,,,,,,,,,-1,-1,0
synthetic_cloudtrail.csv:10621,,,,,,,,,,-1,-1,0
synthetic_cloudtrail.csv:10622,,,,,,,,,,-1,-1,0
synthetic_cloudtrail.csv:10623,,,,,,,,,,-1,-1,0
synthetic_cloudtrail.csv:10624,,,,,,,,,,-1,-1,0
synthetic_cloudtrail.csv:10625,,,,,,,,,,-1,-1,0
synthetic_cloudtrail.csv:10626,,,,,,,,,,-1,-1,0
synthetic_cloudtrail.csv:10627,,,,,,,,,,-1,-1,0
synthetic_cloudtrail.csv:10628,camp-jwwlbfxhfvoz,create_policy_version,reconnaissance,create_policy_version,,,,,,-1,-1,0
synthetic_cloudtrail.csv:10629,camp-jwwlbfxhfvoz,create_policy_version,reconnaissance,create_policy_version,,,,,,-1,-1,0
synthetic_cloudtrail.csv:10630,camp-jwwlbfxhfvoz,create_policy_version,reconnaissance,create_policy_version,,,,,,-1,-1,0
synthetic_cloudtrail.csv:10631,camp-jwwlbfxhfvoz,create_policy_version,reconnaissance,create_policy_version,,,,,,-1,-1,0
synthetic_cloudtrail.csv:10632,camp-jwwlbfxhfvoz,create_policy_version,privilege-escalation,create_policy_version,evt-wsqdugmrbneh,,evt-wsqdugmrbneh,s3:GetObject,iam:*;s3:*,0,0,1
synthetic_cloudtrail.csv:10633,camp-jwwlbfxhfvoz,create_policy_version,privilege-escalation,create_policy_version,evt-edldeuosakdq,evt-wsqdugmrbneh,evt-wsqdugmrbneh,,,1,0,1
synthetic_cloudtrail.csv:10634,camp-jwwlbfxhfvoz,create_policy_version,,create_policy_version,,,,,,-1,-1,0
synthetic_cloudtrail.csv:10635,camp-jwwlbfxhfvoz,create_policy_version,,create_policy_version,,,,,,-1,-1,0
synthetic_cloudtrail.csv:10636,camp-jwwlbfxhfvoz,create_policy_version,,create_policy_version,,,,,,-1,-1,0
synthetic_cloudtrail.csv:10637,camp-jwwlbfxhfvoz,create_policy_version,,create_policy_version,,,,,,-1,-1,0
synthetic_cloudtrail.csv:10638,camp-jwwlbfxhfvoz,create_policy_version,,create_policy_version,,,,,,-1,-1,0
synthetic_cloudtrail.csv:10639,,,,,,,,,,-1,-1,0
synthetic_cloudtrail.csv:10640,,,,,,,,,,-1,-1,0
synthetic_cloudtrail.csv:10641,,,,,,,,,,-1,-1,0
synthetic_cloudtrail.csv:10642,,,,,,,,,,-1,-1,0
synthetic_cloudtrail.csv:10643,,,,,,,,,,-1,-1,0
synthetic_cloudtrail.csv:10644,,,,,,,,,,-1,-1,0
synthetic_cloudtrail.csv:10645,,,,,,,,,,-1,-1,0
synthetic_cloudtrail.csv:10646,,,,,,,,,,-1,-1,0
synthetic_cloudtrail.csv:10647,,,,,,,,,,-1,-1,0
synthetic_cloudtrail.csv:10648,,,,,,,,,,-1,-1,0
synthetic_cloudtrail.csv:10649,,,,,,,,,,-1,-1,0
synthetic_cloudtrail.csv:10650,,,,,,,,,,-1,-1,0
synthetic_cloudtrail.csv:10651,,,,,,,,,,-1,-1,0
synthetic_cloudtrail.csv:10652,,,,,,,,,,-1,-1,0
synthetic_cloudtrail.csv:10653,,,,,,,,,,-1,-1,0
synthetic_cloudtrail.csv:10654,,,,,,,,,,-1,-1,0
synthetic_cloudtrail.csv:10655,,,,,,,,,,-1,-1,0
synthetic_cloudtrail.csv:10656,,,,,,,,,,-1,-1,0
synthetic_cloudtrail.csv:10657,,,,,,,,,,-1,-1,0
synthetic_cloudtrail.csv:10658,,,,,,,,,,-1,-1,0
synthetic_cloudtrail.csv:10659,,,,,,,,,,-1,-1,0
synthetic_cloudtrail.csv:10660,,,,,,,,,,-1,-1,0
synthetic_cloudtrail.csv:10661,,,,,,,,,,-1,-1,0
synthetic_cloudtrail.csv:10662,,,,,,,,,,-1,-1,0
synthetic_cloudtrail.csv:10663,,,,,,,,,,-1,-1,0
synthetic_cloudtrail.csv:10664,,,,,,,,,,-1,-1,0
synthetic_cloudtrail.csv:10665,,,,,,,,,,-1,-1,0
synthetic_cloudtrail.csv:10666,,,,,,,,,,-1,-1,0
synthetic_cloudtrail.csv:10667,,,,,,,,,,-1,-1,0
synthetic_cloudtrail.csv:10668,,,,,,,,,,-1,-1,0
synthetic_cloudtrail.csv:10669,,,,,,,,,,-1,-1,0
synthetic_cloudtrail.csv:10670,,,,,,,,,,-1,-1,0
synthetic_cloudtrail.csv:10671,,,,,,,,,,-1,-1,0
synthetic_cloudtrail.csv:10672,,,,,,,,,,-1,-1,0
synthetic_cloudtrail.csv:10673,,,,,,,,,,-1,-1,0
synthetic_cloudtrail.csv:10674,,,,,,,,,,-1,-1,0
synthetic_cloudtrail.csv:10675,,,,,,,,,,-1,-1,0
synthetic_cloudtrail.csv:10676,,,,,,,,,,-1,-1,0
synthetic_cloudtrail.csv:10677,,,,,,,,,,-1,-1,0
synthetic_cloudtrail.csv:10678,,,,,,,,,,-1,-1,0
synthetic_cloudtrail.csv:10679,,,,,,,,,,-1,-1,0
synthetic_cloudtrail.csv:10680,,,,,,,,,,-1,-1,0
synthetic_cloudtrail.csv:10681,,,,,,,,,,-1,-1,0
synthetic_cloudtrail.csv:10682,,,,,,,,,,-1,-1,0
synthetic_cloudtrail.csv:10683,,,,,,,,,,-1,-1,0
synthetic_cloudtrail.csv:10684,,,,,,,,,,-1,-1,0
synthetic_cloudtrail.csv:10685,camp-ohsxwhpahlzh,update_assume_role_policy,reconnaissance,update_assume_role_policy,,,,,,-1,-1,0
synthetic_cloudtrail.csv:10686,camp-ohsxwhpahlzh,update_assume_role_policy,reconnaissance,update_assume_role_policy,,,,,,-1,-1,0
synthetic_cloudtrail.csv:10687,camp-ohsxwhpahlzh,update_assume_role_policy,reconnaissance,update_assume_role_policy,,,,,,-1,-1,0
synthetic_cloudtrail.csv:10688,camp-ohsxwhpahlzh,update_assume_role_policy,reconnaissance,update_assume_role_policy,,,,,,-1,-1,0
synthetic_cloudtrail.csv:10689,camp-ohsxwhpahlzh,update_assume_role_policy,reconnaissance,update_assume_role_policy,,,,,,-1,-1,0
synthetic_cloudtrail.csv:10690,camp-ohsxwhpahlzh,update_assume_role_policy,persistence,update_assume_role_policy,evt-pucggtzvhhqf,,evt-pucggtzvhhqf,,sts:AssumeRole/*,0,0,1
synthetic_cloudtrail.csv:10691,camp-ohsxwhpahlzh,update_assume_role_policy,privilege-escalation,update_assume_role_policy,evt-wecikfyyknap,evt-pucggtzvhhqf,evt-pucggtzvhhqf,,,1,0,1
synthetic_cloudtrail.csv:10692,camp-ohsxwhpahlzh,update_assume_role_policy,credential-access,update_assume_role_policy,evt-qfyvkvdpvcst,evt-wecikfyyknap,evt-pucggtzvhhqf,,,2,1,1
synthetic_cloudtrail.csv:10693,camp-ohsxwhpahlzh,update_assume_role_policy,,update_assume_role_policy,,,,,,-1,-1,0
synthetic_cloudtrail.csv:10694,camp-ohsxwhpahlzh,update_assume_role_policy,,update_assume_role_policy,,,,,,-1,-1,0
synthetic_cloudtrail.csv:10695,camp-ohsxwhpahlzh,update_assume_role_policy,,update_assume_role_policy,,,,,,-1,-1,0
synthetic_cloudtrail.csv:10696,camp-ohsxwhpahlzh,update_assume_role_policy,,update_assume_role_policy,,,,,,-1,-1,0
synthetic_cloudtrail.csv:10697,camp-dqptmuvzjotq,update_role_inline_policy,reconnaissance,update_role_inline_policy,,,,,,-1,-1,0
synthetic_cloudtrail.csv:10698,camp-dqptmuvzjotq,update_role_inline_policy,reconnaissance,update_role_inline_policy,,,,,,-1,-1,0
synthetic_cloudtrail.csv:10699,camp-dqptmuvzjotq,update_role_inline_policy,reconnaissance,update_role_inline_policy,,,,,,-1,-1,0
synthetic_cloudtrail.csv:10700,camp-dqptmuvzjotq,update_role_inline_policy,reconnaissance,update_role_inline_policy,,,,,,-1,-1,0
synthetic_cloudtrail.csv:10701,camp-dqptmuvzjotq,update_role_inline_policy,reconnaissance,update_role_inline_policy,,,,,,-1,-1,0
synthetic_cloudtrail.csv:10702,camp-dqptmuvzjotq,update_role_inline_policy,reconnaissance,update_role_inline_policy,,,,,,-1,-1,0
synthetic_cloudtrail.csv:10703,camp-dqptmuvzjotq,update_role_inline_policy,privilege-escalation,update_role_inline_policy,evt-clhduitqfqpw,,evt-clhduitqfqpw,s3:GetObject,iam:*;s3:*;sts:AssumeRole,0,0,1
synthetic_cloudtrail.csv:10704,camp-dqptmuvzjotq,update_role_inline_policy,,update_role_inline_policy,,,,,,-1,-1,0
synthetic_cloudtrail.csv:10705,camp-dqptmuvzjotq,update_role_inline_policy,,update_role_inline_policy,,,,,,-1,-1,0
synthetic_cloudtrail.csv:10706,camp-dqptmuvzjotq,update_role_inline_policy,,update_role_inline_policy,,,,,,-1,-1,0
synthetic_cloudtrail.csv:10707,,,,,,,,,,-1,-1,0
synthetic_cloudtrail.csv:10708,,,,,,,,,,-1,-1,0
synthetic_cloudtrail.csv:10709,,,,,,,,,,-1,-1,0
synthetic_cloudtrail.csv:10710,,,,,,,,,,-1,-1,0
synthetic_cloudtrail.csv:10711,,,,,,,,,,-1,-1,0
synthetic_cloudtrail.csv:10712,,,,,,,,,,-1,-1,0
synthetic_cloudtrail.csv:10713,,,,,,,,,,-1,-1,0
synthetic_cloudtrail.csv:10714,,,,,,,,,,-1,-1,0
synthetic_cloudtrail.csv:10715,,,,,,,,,,-1,-1,0
synthetic_cloudtrail.csv:10716,,,,,,,,,,-1,-1,0
synthetic_cloudtrail.csv:10717,,,,,,,,,,-1,-1,0
synthetic_cloudtrail.csv:10718,,,,,,,,,,-1,-1,0
synthetic_cloudtrail.csv:10719,,,,,,,,,,-1,-1,0
synthetic_cloudtrail.csv:10720,,,,,,,,,,-1,-1,0
synthetic_cloudtrail.csv:10721,,,,,,,,,,-1,-1,0
synthetic_cloudtrail.csv:10722,,,,,,,,,,-1,-1,0
synthetic_cloudtrail.csv:10723,,,,,,,,,,-1,-1,0
synthetic_cloudtrail.csv:10724,,,,,,,,,,-1,-1,0
synthetic_cloudtrail.csv:10725,,,,,,,,,,-1,-1,0
synthetic_cloudtrail.csv:10726,,,,,,,,,,-1,-1,0
synthetic_cloudtrail.csv:10727,,,,,,,,,,-1,-1,0
synthetic_cloudtrail.csv:10728,,,,,,,,,,-1,-1,0
synthetic_cloudtrail.csv:10729,,,,,,,,,,-1,-1,0
synthetic_cloudtrail.csv:10730,,,,,,,,,,-1,-1,0
synthetic_cloudtrail.csv:10731,,,,,,,,,,-1,-1,0
synthetic_cloudtrail.csv:10732,,,,,,,,,,-1,-1,0
synthetic_cloudtrail.csv:10733,,,,,,,,,,-1,-1,0
synthetic_cloudtrail.csv:10734,,,,,,,,,,-1,-1,0
synthetic_cloudtrail.csv:10735,,,,,,,,,,-1,-1,0
synthetic_cloudtrail.csv:10736,,,,,,,,,,-1,-1,0
synthetic_cloudtrail.csv:10737,,,,,,,,,,-1,-1,0
synthetic_cloudtrail.csv:10738,,,,,,,,,,-1,-1,0
synthetic_cloudtrail.csv:10739,,,,,,,,,,-1,-1,0
synthetic_cloudtrail.csv:10740,,,,,,,,,,-1,-1,0
synthetic_cloudtrail.csv:10741,,,,,,,,,,-1,-1,0
synthetic_cloudtrail.csv:10742,,,,,,,,,,-1,-1,0
synthetic_cloudtrail.csv:10743,,,,,,,,,,-1,-1,0
synthetic_cloudtrail.csv:10744,,,,,,,,,,-1,-1,0
synthetic_cloudtrail.csv:10745,,,,,,,,,,-1,-1,0
synthetic_cloudtrail.csv:10746,,,,,,,,,,-1,-1,0
synthetic_cloudtrail.csv:10747,,,,,,,,,,-1,-1,0
synthetic_cloudtrail.csv:10748,,,,,,,,,,-1,-1,0
synthetic_cloudtrail.csv:10749,,,,,,,,,,-1,-1,0
synthetic_cloudtrail.csv:10750,,,,,,,,,,-1,-1,0
synthetic_cloudtrail.csv:10751,,,,,,,,,,-1,-1,0
synthetic_cloudtrail.csv:10752,,,,,,,,,,-1,-1,0
synthetic_cloudtrail.csv:10753,,,,,,,,,,-1,-1,0
synthetic_cloudtrail.csv:10754,,,,,,,,,,-1,-1,0
synthetic_cloudtrail.csv:10755,,,,,,,,,,-1,-1,0
synthetic_cloudtrail.csv:10756,,,,,,,,,,-1,-1,0
synthetic_cloudtrail.csv:10757,,,,,,,,,,-1,-1,0
synthetic_cloudtrail.csv:10758,,,,,,,,,,-1,-1,0
synthetic_cloudtrail.csv:10759,,,,,,,,,,-1,-1,0
synthetic_cloudtrail.csv:10760,camp-gmjttvxtwiyl,update_role_inline_policy,reconnaissance,update_role_inline_policy,,,,,,-1,-1,0
synthetic_cloudtrail.csv:10761,camp-gmjttvxtwiyl,update_role_inline_policy,reconnaissance,update_role_inline_policy,,,,,,-1,-1,0
synthetic_cloudtrail.csv:10762,camp-gmjttvxtwiyl,update_role_inline_policy,reconnaissance,update_role_inline_policy,,,,,,-1,-1,0
synthetic_cloudtrail.csv:10763,camp-gmjttvxtwiyl,update_role_inline_policy,reconnaissance,update_role_inline_policy,,,,,,-1,-1,0
synthetic_cloudtrail.csv:10764,camp-gmjttvxtwiyl,update_role_inline_policy,reconnaissance,update_role_inline_policy,,,,,,-1,-1,0
synthetic_cloudtrail.csv:10765,camp-gmjttvxtwiyl,update_role_inline_policy,reconnaissance,update_role_inline_policy,,,,,,-1,-1,0
synthetic_cloudtrail.csv:10766,camp-gmjttvxtwiyl,update_role_inline_policy,reconnaissance,update_role_inline_policy,,,,,,-1,-1,0
synthetic_cloudtrail.csv:10767,camp-gmjttvxtwiyl,update_role_inline_policy,privilege-escalation,update_role_inline_policy,evt-ihbenfxgurbx,,evt-ihbenfxgurbx,s3:GetObject,iam:*;s3:*;sts:AssumeRole,0,0,1
synthetic_cloudtrail.csv:10768,camp-gmjttvxtwiyl,update_role_inline_policy,,update_role_inline_policy,,,,,,-1,-1,0
synthetic_cloudtrail.csv:10769,camp-gmjttvxtwiyl,update_role_inline_policy,,update_role_inline_policy,,,,,,-1,-1,0
synthetic_cloudtrail.csv:10770,camp-gmjttvxtwiyl,update_role_inline_policy,,update_role_inline_policy,,,,,,-1,-1,0
synthetic_cloudtrail.csv:10771,camp-gmjttvxtwiyl,update_role_inline_policy,,update_role_inline_policy,,,,,,-1,-1,0
synthetic_cloudtrail.csv:10772,camp-cdmhabqnltvz,secrets_manager_sweep,reconnaissance,secrets_manager_sweep,,,,,,-1,-1,0
synthetic_cloudtrail.csv:10773,camp-cdmhabqnltvz,secrets_manager_sweep,reconnaissance,secrets_manager_sweep,,,,,,-1,-1,0
synthetic_cloudtrail.csv:10774,camp-cdmhabqnltvz,secrets_manager_sweep,reconnaissance,secrets_manager_sweep,,,,,,-1,-1,0
synthetic_cloudtrail.csv:10775,camp-cdmhabqnltvz,secrets_manager_sweep,reconnaissance,secrets_manager_sweep,,,,,,-1,-1,0
synthetic_cloudtrail.csv:10776,camp-cdmhabqnltvz,secrets_manager_sweep,reconnaissance,secrets_manager_sweep,,,,,,-1,-1,0
synthetic_cloudtrail.csv:10777,camp-cdmhabqnltvz,secrets_manager_sweep,reconnaissance,secrets_manager_sweep,,,,,,-1,-1,0
synthetic_cloudtrail.csv:10778,camp-cdmhabqnltvz,secrets_manager_sweep,reconnaissance,secrets_manager_sweep,,,,,,-1,-1,0
synthetic_cloudtrail.csv:10779,camp-cdmhabqnltvz,secrets_manager_sweep,credential-access,secrets_manager_sweep,evt-buwxkfxoqyuo,,evt-buwxkfxoqyuo,,,0,0,1
synthetic_cloudtrail.csv:10780,camp-cdmhabqnltvz,secrets_manager_sweep,reconnaissance,secrets_manager_sweep,,,,,,-1,-1,0
synthetic_cloudtrail.csv:10781,camp-cdmhabqnltvz,secrets_manager_sweep,credential-access,secrets_manager_sweep,evt-dpnzncyhrszo,evt-buwxkfxoqyuo,evt-buwxkfxoqyuo,,,1,0,1
synthetic_cloudtrail.csv:10782,camp-cdmhabqnltvz,secrets_manager_sweep,credential-access,secrets_manager_sweep,evt-yupmuebqcmvu,evt-dpnzncyhrszo,evt-buwxkfxoqyuo,,,2,0,1
synthetic_cloudtrail.csv:10783,camp-cdmhabqnltvz,secrets_manager_sweep,,secrets_manager_sweep,,,,,,-1,-1,0
synthetic_cloudtrail.csv:10784,camp-cdmhabqnltvz,secrets_manager_sweep,,secrets_manager_sweep,,,,,,-1,-1,0
synthetic_cloudtrail.csv:10785,,,,,,,,,,-1,-1,0
synthetic_cloudtrail.csv:10786,,,,,,,,,,-1,-1,0
synthetic_cloudtrail.csv:10787,,,,,,,,,,-1,-1,0
synthetic_cloudtrail.csv:10788,,,,,,,,,,-1,-1,0
synthetic_cloudtrail.csv:10789,,,,,,,,,,-1,-1,0
synthetic_cloudtrail.csv:10790,,,,,,,,,,-1,-1,0
synthetic_cloudtrail.csv:10791,,,,,,,,,,-1,-1,0
synthetic_cloudtrail.csv:10792,,,,,,,,,,-1,-1,0
synthetic_cloudtrail.csv:10793,,,,,,,,,,-1,-1,0
synthetic_cloudtrail.csv:10794,,,,,,,,,,-1,-1,0
synthetic_cloudtrail.csv:10795,,,,,,,,,,-1,-1,0
synthetic_cloudtrail.csv:10796,,,,,,,,,,-1,-1,0
synthetic_cloudtrail.csv:10797,,,,,,,,,,-1,-1,0
synthetic_cloudtrail.csv:10798,,,,,,,,,,-1,-1,0
synthetic_cloudtrail.csv:10799,,,,,,,,,,-1,-1,0
synthetic_cloudtrail.csv:10800,,,,,,,,,,-1,-1,0
synthetic_cloudtrail.csv:10801,,,,,,,,,,-1,-1,0
synthetic_cloudtrail.csv:10802,,,,,,,,,,-1,-1,0
synthetic_cloudtrail.csv:10803,,,,,,,,,,-1,-1,0
synthetic_cloudtrail.csv:10804,,,,,,,,,,-1,-1,0
synthetic_cloudtrail.csv:10805,,,,,,,,,,-1,-1,0
synthetic_cloudtrail.csv:10806,,,,,,,,,,-1,-1,0
synthetic_cloudtrail.csv:10807,,,,,,,,,,-1,-1,0
synthetic_cloudtrail.csv:10808,,,,,,,,,,-1,-1,0
synthetic_cloudtrail.csv:10809,,,,,,,,,,-1,-1,0
synthetic_cloudtrail.csv:10810,,,,,,,,,,-1,-1,0
synthetic_cloudtrail.csv:10811,,,,,,,,,,-1,-1,0
synthetic_cloudtrail.csv:10812,,,,,,,,,,-1,-1,0
synthetic_cloudtrail.csv:10813,,,,,,,,,,-1,-1,0
synthetic_cloudtrail.csv:10814,,,,,,,,,,-1,-1,0
synthetic_cloudtrail.csv:10815,,,,,,,,,,-1,-1,0
synthetic_cloudtrail.csv:10816,,,,,,,,,,-1,-1,0
synthetic_cloudtrail.csv:10817,,,,,,,,,,-1,-1,0
synthetic_cloudtrail.csv:10818,,,,,,,,,,-1,-1,0
synthetic_cloudtrail.csv:10819,,,,,,,,,,-1,-1,0
synthetic_cloudtrail.csv:10820,,,,,,,,,,-1,-1,0
synthetic_cloudtrail.csv:10821,,,,,,,,,,-1,-1,0
synthetic_cloudtrail.csv:10822,,,,,,,,,,-1,-1,0
synthetic_cloudtrail.csv:10823,,,,,,,,,,-1,-1,0
synthetic_cloudtrail.csv:10824,,,,,,,,,,-1,-1,0
synthetic_cloudtrail.csv:10825,,,,,,,,,,-1,-1,0
synthetic_cloudtrail.csv:10826,,,,,,,,,,-1,-1,0
synthetic_cloudtrail.csv:10827,camp-gndehjionony,assume_then_attach_admin,reconnaissance,assume_then_attach_admin,,,,,,-1,-1,0
synthetic_cloudtrail.csv:10828,camp-gndehjionony,assume_then_attach_admin,reconnaissance,assume_then_attach_admin,,,,,,-1,-1,0
synthetic_cloudtrail.csv:10829,camp-gndehjionony,assume_then_attach_admin,reconnaissance,assume_then_attach_admin,,,,,,-1,-1,0
synthetic_cloudtrail.csv:10830,camp-gndehjionony,assume_then_attach_admin,privilege-escalation,assume_then_attach_admin,evt-yhmckzaffytr,,evt-yhmckzaffytr,,,0,0,1
synthetic_cloudtrail.csv:10831,camp-gndehjionony,assume_then_attach_admin,privilege-escalation,assume_then_attach_admin,evt-vchcpfdqvkau,evt-yhmckzaffytr,evt-yhmckzaffytr,s3:GetObject;s3:ListBucket,*,1,1,1
synthetic_cloudtrail.csv:10832,camp-gndehjionony,assume_then_attach_admin,privilege-escalation,assume_then_attach_admin,evt-enqyoblfdbva,evt-vchcpfdqvkau,evt-yhmckzaffytr,s3:GetObject;s3:ListBucket,*,2,1,1
synthetic_cloudtrail.csv:10833,camp-gndehjionony,assume_then_attach_admin,,assume_then_attach_admin,,,,,,-1,-1,0
synthetic_cloudtrail.csv:10834,camp-gndehjionony,assume_then_attach_admin,,assume_then_attach_admin,,,,,,-1,-1,0
synthetic_cloudtrail.csv:10835,camp-gndehjionony,assume_then_attach_admin,,assume_then_attach_admin,,,,,,-1,-1,0
synthetic_cloudtrail.csv:10836,,,,,,,,,,-1,-1,0
synthetic_cloudtrail.csv:10837,,,,,,,,,,-1,-1,0
synthetic_cloudtrail.csv:10838,,,,,,,,,,-1,-1,0
synthetic_cloudtrail.csv:10839,,,,,,,,,,-1,-1,0
synthetic_cloudtrail.csv:10840,,,,,,,,,,-1,-1,0
synthetic_cloudtrail.csv:10841,,,,,,,,,,-1,-1,0
synthetic_cloudtrail.csv:10842,,,,,,,,,,-1,-1,0
synthetic_cloudtrail.csv:10843,,,,,,,,,,-1,-1,0
synthetic_cloudtrail.csv:10844,,,,,,,,,,-1,-1,0
synthetic_cloudtrail.csv:10845,,,,,,,,,,-1,-1,0
synthetic_cloudtrail.csv:10846,,,,,,,,,,-1,-1,0
synthetic_cloudtrail.csv:10847,,,,,,,,,,-1,-1,0
synthetic_cloudtrail.csv:10848,,,,,,,,,,-1,-1,0
synthetic_cloudtrail.csv:10849,,,,,,,,,,-1,-1,0
synthetic_cloudtrail.csv:10850,,,,,,,,,,-1,-1,0
synthetic_cloudtrail.csv:10851,,,,,,,,,,-1,-1,0
synthetic_cloudtrail.csv:10852,,,,,,,,,,-1,-1,0
synthetic_cloudtrail.csv:10853,,,,,,,,,,-1,-1,0
synthetic_cloudtrail.csv:10854,,,,,,,,,,-1,-1,0
synthetic_cloudtrail.csv:10855,,,,,,,,,,-1,-1,0
synthetic_cloudtrail.csv:10856,,,,,,,,,,-1,-1,0
synthetic_cloudtrail.csv:10857,,,,,,,,,,-1,-1,0
synthetic_cloudtrail.csv:10858,,,,,,,,,,-1,-1,0
synthetic_cloudtrail.csv:10859,,,,,,,,,,-1,-1,0
synthetic_cloudtrail.csv:10860,,,,,,,,,,-1,-1,0
synthetic_cloudtrail.csv:10861,,,,,,,,,,-1,-1,0
synthetic_cloudtrail.csv:10862,,,,,,,,,,-1,-1,0
synthetic_cloudtrail.csv:10863,,,,,,,,,,-1,-1,0
synthetic_cloudtrail.csv:10864,,,,,,,,,,-1,-1,0
synthetic_cloudtrail.csv:10865,,,,,,,,,,-1,-1,0
synthetic_cloudtrail.csv:10866,,,,,,,,,,-1,-1,0
synthetic_cloudtrail.csv:10867,camp-zufsftkkmour,full_kill_chain,reconnaissance,full_kill_chain,,,,,,-1,-1,0
synthetic_cloudtrail.csv:10868,camp-zufsftkkmour,full_kill_chain,reconnaissance,full_kill_chain,,,,,,-1,-1,0
synthetic_cloudtrail.csv:10869,camp-zufsftkkmour,full_kill_chain,reconnaissance,full_kill_chain,,,,,,-1,-1,0
synthetic_cloudtrail.csv:10870,camp-zufsftkkmour,full_kill_chain,reconnaissance,full_kill_chain,,,,,,-1,-1,0
synthetic_cloudtrail.csv:10871,camp-zufsftkkmour,full_kill_chain,reconnaissance,full_kill_chain,,,,,,-1,-1,0
synthetic_cloudtrail.csv:10872,camp-zufsftkkmour,full_kill_chain,reconnaissance,full_kill_chain,,,,,,-1,-1,0
synthetic_cloudtrail.csv:10873,camp-zufsftkkmour,full_kill_chain,reconnaissance,full_kill_chain,,,,,,-1,-1,0
synthetic_cloudtrail.csv:10874,camp-zufsftkkmour,full_kill_chain,persistence,full_kill_chain,evt-elcapzuvnryz,,evt-elcapzuvnryz,,,0,0,1
synthetic_cloudtrail.csv:10875,camp-zufsftkkmour,full_kill_chain,privilege-escalation,full_kill_chain,evt-opqvaomfuiqx,evt-elcapzuvnryz,evt-elcapzuvnryz,s3:GetObject;s3:ListBucket,*,1,0,1
synthetic_cloudtrail.csv:10876,camp-zufsftkkmour,full_kill_chain,privilege-escalation,full_kill_chain,evt-egkerrwkzalt,evt-opqvaomfuiqx,evt-elcapzuvnryz,,,2,0,1
synthetic_cloudtrail.csv:10877,camp-zufsftkkmour,full_kill_chain,credential-access,full_kill_chain,evt-qtwcthnfwvbl,evt-egkerrwkzalt,evt-elcapzuvnryz,,,3,1,1
synthetic_cloudtrail.csv:10878,camp-zufsftkkmour,full_kill_chain,exfiltration,full_kill_chain,evt-ygcnfklldaun,evt-qtwcthnfwvbl,evt-elcapzuvnryz,,,4,1,1
synthetic_cloudtrail.csv:10879,camp-zufsftkkmour,full_kill_chain,defense-evasion,full_kill_chain,evt-nyhuqrhqsvci,evt-ygcnfklldaun,evt-elcapzuvnryz,,,5,1,1
synthetic_cloudtrail.csv:10880,camp-zufsftkkmour,full_kill_chain,,full_kill_chain,,,,,,-1,-1,0
synthetic_cloudtrail.csv:10881,camp-zufsftkkmour,full_kill_chain,,full_kill_chain,,,,,,-1,-1,0
synthetic_cloudtrail.csv:10882,,,,,,,,,,-1,-1,0
synthetic_cloudtrail.csv:10883,,,,,,,,,,-1,-1,0
synthetic_cloudtrail.csv:10884,,,,,,,,,,-1,-1,0
synthetic_cloudtrail.csv:10885,,,,,,,,,,-1,-1,0
synthetic_cloudtrail.csv:10886,,,,,,,,,,-1,-1,0
synthetic_cloudtrail.csv:10887,,,,,,,,,,-1,-1,0
synthetic_cloudtrail.csv:10888,,,,,,,,,,-1,-1,0
synthetic_cloudtrail.csv:10889,,,,,,,,,,-1,-1,0
synthetic_cloudtrail.csv:10890,,,,,,,,,,-1,-1,0
synthetic_cloudtrail.csv:10891,,,,,,,,,,-1,-1,0
synthetic_cloudtrail.csv:10892,,,,,,,,,,-1,-1,0
synthetic_cloudtrail.csv:10893,,,,,,,,,,-1,-1,0
synthetic_cloudtrail.csv:10894,,,,,,,,,,-1,-1,0
synthetic_cloudtrail.csv:10895,,,,,,,,,,-1,-1,0
synthetic_cloudtrail.csv:10896,,,,,,,,,,-1,-1,0
synthetic_cloudtrail.csv:10897,camp-cjolqnmuzsho,create_policy_version,reconnaissance,create_policy_version,,,,,,-1,-1,0
synthetic_cloudtrail.csv:10898,camp-cjolqnmuzsho,create_policy_version,reconnaissance,create_policy_version,,,,,,-1,-1,0
synthetic_cloudtrail.csv:10899,camp-cjolqnmuzsho,create_policy_version,reconnaissance,create_policy_version,,,,,,-1,-1,0
synthetic_cloudtrail.csv:10900,camp-cjolqnmuzsho,create_policy_version,reconnaissance,create_policy_version,,,,,,-1,-1,0
synthetic_cloudtrail.csv:10901,camp-cjolqnmuzsho,create_policy_version,reconnaissance,create_policy_version,,,,,,-1,-1,0
synthetic_cloudtrail.csv:10902,camp-cjolqnmuzsho,create_policy_version,privilege-escalation,create_policy_version,evt-aqlfcmaxdpku,,evt-aqlfcmaxdpku,s3:GetObject,iam:*;s3:*,0,0,1
synthetic_cloudtrail.csv:10903,camp-cjolqnmuzsho,create_policy_version,privilege-escalation,create_policy_version,evt-cgffvwkidegq,evt-aqlfcmaxdpku,evt-aqlfcmaxdpku,,,1,0,1
synthetic_cloudtrail.csv:10904,camp-cjolqnmuzsho,create_policy_version,,create_policy_version,,,,,,-1,-1,0
synthetic_cloudtrail.csv:10905,camp-cjolqnmuzsho,create_policy_version,,create_policy_version,,,,,,-1,-1,0
synthetic_cloudtrail.csv:10906,camp-cjolqnmuzsho,create_policy_version,,create_policy_version,,,,,,-1,-1,0
synthetic_cloudtrail.csv:10907,,,,,,,,,,-1,-1,0
synthetic_cloudtrail.csv:10908,,,,,,,,,,-1,-1,0
synthetic_cloudtrail.csv:10909,,,,,,,,,,-1,-1,0
synthetic_cloudtrail.csv:10910,,,,,,,,,,-1,-1,0
synthetic_cloudtrail.csv:10911,,,,,,,,,,-1,-1,0
synthetic_cloudtrail.csv:10912,,,,,,,,,,-1,-1,0
synthetic_cloudtrail.csv:10913,,,,,,,,,,-1,-1,0
synthetic_cloudtrail.csv:10914,,,,,,,,,,-1,-1,0
synthetic_cloudtrail.csv:10915,,,,,,,,,,-1,-1,0
synthetic_cloudtrail.csv:10916,,,,,,,,,,-1,-1,0
synthetic_cloudtrail.csv:10917,,,,,,,,,,-1,-1,0
synthetic_cloudtrail.csv:10918,,,,,,,,,,-1,-1,0
synthetic_cloudtrail.csv:10919,,,,,,,,,,-1,-1,0
synthetic_cloudtrail.csv:10920,,,,,,,,,,-1,-1,0
synthetic_cloudtrail.csv:10921,,,,,,,,,,-1,-1,0
synthetic_cloudtrail.csv:10922,,,,,,,,,,-1,-1,0
synthetic_cloudtrail.csv:10923,,,,,,,,,,-1,-1,0
synthetic_cloudtrail.csv:10924,,,,,,,,,,-1,-1,0
synthetic_cloudtrail.csv:10925,,,,,,,,,,-1,-1,0
synthetic_cloudtrail.csv:10926,,,,,,,,,,-1,-1,0
synthetic_cloudtrail.csv:10927,,,,,,,,,,-1,-1,0
synthetic_cloudtrail.csv:10928,,,,,,,,,,-1,-1,0
synthetic_cloudtrail.csv:10929,,,,,,,,,,-1,-1,0
synthetic_cloudtrail.csv:10930,,,,,,,,,,-1,-1,0
synthetic_cloudtrail.csv:10931,,,,,,,,,,-1,-1,0
synthetic_cloudtrail.csv:10932,,,,,,,,,,-1,-1,0
synthetic_cloudtrail.csv:10933,,,,,,,,,,-1,-1,0
synthetic_cloudtrail.csv:10934,,,,,,,,,,-1,-1,0
synthetic_cloudtrail.csv:10935,,,,,,,,,,-1,-1,0
synthetic_cloudtrail.csv:10936,,,,,,,,,,-1,-1,0
synthetic_cloudtrail.csv:10937,,,,,,,,,,-1,-1,0
synthetic_cloudtrail.csv:10938,,,,,,,,,,-1,-1,0
synthetic_cloudtrail.csv:10939,,,,,,,,,,-1,-1,0
synthetic_cloudtrail.csv:10940,,,,,,,,,,-1,-1,0
synthetic_cloudtrail.csv:10941,,,,,,,,,,-1,-1,0
synthetic_cloudtrail.csv:10942,,,,,,,,,,-1,-1,0
synthetic_cloudtrail.csv:10943,,,,,,,,,,-1,-1,0
synthetic_cloudtrail.csv:10944,,,,,,,,,,-1,-1,0
synthetic_cloudtrail.csv:10945,,,,,,,,,,-1,-1,0
synthetic_cloudtrail.csv:10946,,,,,,,,,,-1,-1,0
synthetic_cloudtrail.csv:10947,,,,,,,,,,-1,-1,0
synthetic_cloudtrail.csv:10948,,,,,,,,,,-1,-1,0
synthetic_cloudtrail.csv:10949,,,,,,,,,,-1,-1,0
synthetic_cloudtrail.csv:10950,,,,,,,,,,-1,-1,0
synthetic_cloudtrail.csv:10951,,,,,,,,,,-1,-1,0
synthetic_cloudtrail.csv:10952,,,,,,,,,,-1,-1,0
synthetic_cloudtrail.csv:10953,,,,,,,,,,-1,-1,0
synthetic_cloudtrail.csv:10954,,,,,,,,,,-1,-1,0
synthetic_cloudtrail.csv:10955,,,,,,,,,,-1,-1,0
synthetic_cloudtrail.csv:10956,,,,,,,,,,-1,-1,0
synthetic_cloudtrail.csv:10957,,,,,,,,,,-1,-1,0
synthetic_cloudtrail.csv:10958,,,,,,,,,,-1,-1,0
synthetic_cloudtrail.csv:10959,,,,,,,,,,-1,-1,0
synthetic_cloudtrail.csv:10960,,,,,,,,,,-1,-1,0
synthetic_cloudtrail.csv:10961,,,,,,,,,,-1,-1,0
synthetic_cloudtrail.csv:10962,,,,,,,,,,-1,-1,0
synthetic_cloudtrail.csv:10963,,,,,,,,,,-1,-1,0
synthetic_cloudtrail.csv:10964,,,,,,,,,,-1,-1,0
synthetic_cloudtrail.csv:10965,,,,,,,,,,-1,-1,0
synthetic_cloudtrail.csv:10966,,,,,,,,,,-1,-1,0
synthetic_cloudtrail.csv:10967,,,,,,,,,,-1,-1,0
synthetic_cloudtrail.csv:10968,,,,,,,,,,-1,-1,0
synthetic_cloudtrail.csv:10969,,,,,,,,,,-1,-1,0
synthetic_cloudtrail.csv:10970,,,,,,,,,,-1,-1,0
synthetic_cloudtrail.csv:10971,,,,,,,,,,-1,-1,0
synthetic_cloudtrail.csv:10972,,,,,,,,,,-1,-1,0
synthetic_cloudtrail.csv:10973,camp-qqqkrwsmddnb,update_assume_role_policy,reconnaissance,update_assume_role_policy,,,,,,-1,-1,0
synthetic_cloudtrail.csv:10974,camp-qqqkrwsmddnb,update_assume_role_policy,reconnaissance,update_assume_role_policy,,,,,,-1,-1,0
synthetic_cloudtrail.csv:10975,camp-qqqkrwsmddnb,update_assume_role_policy,reconnaissance,update_assume_role_policy,,,,,,-1,-1,0
synthetic_cloudtrail.csv:10976,camp-qqqkrwsmddnb,update_assume_role_policy,reconnaissance,update_assume_role_policy,,,,,,-1,-1,0
synthetic_cloudtrail.csv:10977,camp-qqqkrwsmddnb,update_assume_role_policy,persistence,update_assume_role_policy,evt-eprcrvuorxeo,,evt-eprcrvuorxeo,,sts:AssumeRole/*,0,0,1
synthetic_cloudtrail.csv:10978,camp-qqqkrwsmddnb,update_assume_role_policy,privilege-escalation,update_assume_role_policy,evt-ovcqrijvkbkf,evt-eprcrvuorxeo,evt-eprcrvuorxeo,,,1,0,1
synthetic_cloudtrail.csv:10979,camp-qqqkrwsmddnb,update_assume_role_policy,credential-access,update_assume_role_policy,evt-mcirpivabvvb,evt-ovcqrijvkbkf,evt-eprcrvuorxeo,,,2,1,1
synthetic_cloudtrail.csv:10980,camp-qqqkrwsmddnb,update_assume_role_policy,,update_assume_role_policy,,,,,,-1,-1,0
synthetic_cloudtrail.csv:10981,camp-qqqkrwsmddnb,update_assume_role_policy,,update_assume_role_policy,,,,,,-1,-1,0
synthetic_cloudtrail.csv:10982,camp-qqqkrwsmddnb,update_assume_role_policy,,update_assume_role_policy,,,,,,-1,-1,0
synthetic_cloudtrail.csv:10983,camp-qqqkrwsmddnb,update_assume_role_policy,,update_assume_role_policy,,,,,,-1,-1,0
synthetic_cloudtrail.csv:10984,,,,,,,,,,-1,-1,0
synthetic_cloudtrail.csv:10985,,,,,,,,,,-1,-1,0
synthetic_cloudtrail.csv:10986,,,,,,,,,,-1,-1,0
synthetic_cloudtrail.csv:10987,,,,,,,,,,-1,-1,0
synthetic_cloudtrail.csv:10988,,,,,,,,,,-1,-1,0
synthetic_cloudtrail.csv:10989,,,,,,,,,,-1,-1,0
synthetic_cloudtrail.csv:10990,,,,,,,,,,-1,-1,0
synthetic_cloudtrail.csv:10991,,,,,,,,,,-1,-1,0
synthetic_cloudtrail.csv:10992,,,,,,,,,,-1,-1,0
synthetic_cloudtrail.csv:10993,,,,,,,,,,-1,-1,0
synthetic_cloudtrail.csv:10994,,,,,,,,,,-1,-1,0
synthetic_cloudtrail.csv:10995,,,,,,,,,,-1,-1,0
synthetic_cloudtrail.csv:10996,,,,,,,,,,-1,-1,0
synthetic_cloudtrail.csv:10997,,,,,,,,,,-1,-1,0
synthetic_cloudtrail.csv:10998,,,,,,,,,,-1,-1,0
synthetic_cloudtrail.csv:10999,,,,,,,,,,-1,-1,0
synthetic_cloudtrail.csv:11000,,,,,,,,,,-1,-1,0
synthetic_cloudtrail.csv:11001,,,,,,,,,,-1,-1,0
synthetic_cloudtrail.csv:11002,,,,,,,,,,-1,-1,0
synthetic_cloudtrail.csv:11003,,,,,,,,,,-1,-1,0
synthetic_cloudtrail.csv:11004,,,,,,,,,,-1,-1,0
synthetic_cloudtrail.csv:11005,,,,,,,,,,-1,-1,0
synthetic_cloudtrail.csv:11006,,,,,,,,,,-1,-1,0
synthetic_cloudtrail.csv:11007,,,,,,,,,,-1,-1,0
synthetic_cloudtrail.csv:11008,,,,,,,,,,-1,-1,0
synthetic_cloudtrail.csv:11009,,,,,,,,,,-1,-1,0
synthetic_cloudtrail.csv:11010,,,,,,,,,,-1,-1,0
synthetic_cloudtrail.csv:11011,,,,,,,,,,-1,-1,0
synthetic_cloudtrail.csv:11012,,,,,,,,,,-1,-1,0
synthetic_cloudtrail.csv:11013,,,,,,,,,,-1,-1,0
synthetic_cloudtrail.csv:11014,,,,,,,,,,-1,-1,0
synthetic_cloudtrail.csv:11015,,,,,,,,,,-1,-1,0
synthetic_cloudtrail.csv:11016,,,,,,,,,,-1,-1,0
synthetic_cloudtrail.csv:11017,,,,,,,,,,-1,-1,0
synthetic_cloudtrail.csv:11018,,,,,,,,,,-1,-1,0
synthetic_cloudtrail.csv:11019,,,,,,,,,,-1,-1,0
synthetic_cloudtrail.csv:11020,,,,,,,,,,-1,-1,0
synthetic_cloudtrail.csv:11021,,,,,,,,,,-1,-1,0
synthetic_cloudtrail.csv:11022,,,,,,,,,,-1,-1,0
synthetic_cloudtrail.csv:11023,,,,,,,,,,-1,-1,0
synthetic_cloudtrail.csv:11024,,,,,,,,,,-1,-1,0
synthetic_cloudtrail.csv:11025,,,,,,,,,,-1,-1,0
synthetic_cloudtrail.csv:11026,camp-nosrqpcxnklw,ssm_parameter_harvest,reconnaissance,ssm_parameter_harvest,,,,,,-1,-1,0
synthetic_cloudtrail.csv:11027,camp-nosrqpcxnklw,ssm_parameter_harvest,reconnaissance,ssm_parameter_harvest,,,,,,-1,-1,0
synthetic_cloudtrail.csv:11028,camp-nosrqpcxnklw,ssm_parameter_harvest,reconnaissance,ssm_parameter_harvest,,,,,,-1,-1,0
synthetic_cloudtrail.csv:11029,camp-nosrqpcxnklw,ssm_parameter_harvest,reconnaissance,ssm_parameter_harvest,,,,,,-1,-1,0
synthetic_cloudtrail.csv:11030,camp-nosrqpcxnklw,ssm_parameter_harvest,credential-access,ssm_parameter_harvest,evt-nikeezulmezb,,evt-nikeezulmezb,,,0,0,1
synthetic_cloudtrail.csv:11031,camp-nosrqpcxnklw,ssm_parameter_harvest,credential-access,ssm_parameter_harvest,evt-hauqwesogqjd,evt-nikeezulmezb,evt-nikeezulmezb,,,1,0,1
synthetic_cloudtrail.csv:11032,camp-nosrqpcxnklw,ssm_parameter_harvest,credential-access,ssm_parameter_harvest,evt-objwksecimdo,evt-hauqwesogqjd,evt-nikeezulmezb,,,2,0,1
synthetic_cloudtrail.csv:11033,camp-nosrqpcxnklw,ssm_parameter_harvest,,ssm_parameter_harvest,,,,,,-1,-1,0
synthetic_cloudtrail.csv:11034,camp-nosrqpcxnklw,ssm_parameter_harvest,,ssm_parameter_harvest,,,,,,-1,-1,0
synthetic_cloudtrail.csv:11035,camp-nosrqpcxnklw,ssm_parameter_harvest,,ssm_parameter_harvest,,,,,,-1,-1,0
synthetic_cloudtrail.csv:11036,,,,,,,,,,-1,-1,0
synthetic_cloudtrail.csv:11037,,,,,,,,,,-1,-1,0
synthetic_cloudtrail.csv:11038,,,,,,,,,,-1,-1,0
synthetic_cloudtrail.csv:11039,,,,,,,,,,-1,-1,0
synthetic_cloudtrail.csv:11040,,,,,,,,,,-1,-1,0
synthetic_cloudtrail.csv:11041,,,,,,,,,,-1,-1,0
synthetic_cloudtrail.csv:11042,,,,,,,,,,-1,-1,0
synthetic_cloudtrail.csv:11043,,,,,,,,,,-1,-1,0
synthetic_cloudtrail.csv:11044,,,,,,,,,,-1,-1,0
synthetic_cloudtrail.csv:11045,,,,,,,,,,-1,-1,0
synthetic_cloudtrail.csv:11046,,,,,,,,,,-1,-1,0
synthetic_cloudtrail.csv:11047,,,,,,,,,,-1,-1,0
synthetic_cloudtrail.csv:11048,,,,,,,,,,-1,-1,0
synthetic_cloudtrail.csv:11049,,,,,,,,,,-1,-1,0
synthetic_cloudtrail.csv:11050,,,,,,,,,,-1,-1,0
synthetic_cloudtrail.csv:11051,,,,,,,,,,-1,-1,0
synthetic_cloudtrail.csv:11052,,,,,,,,,,-1,-1,0
synthetic_cloudtrail.csv:11053,,,,,,,,,,-1,-1,0
synthetic_cloudtrail.csv:11054,,,,,,,,,,-1,-1,0
synthetic_cloudtrail.csv:11055,,,,,,,,,,-1,-1,0
synthetic_cloudtrail.csv:11056,,,,,,,,,,-1,-1,0
synthetic_cloudtrail.csv:11057,,,,,,,,,,-1,-1,0
synthetic_cloudtrail.csv:11058,,,,,,,,,,-1,-1,0
synthetic_cloudtrail.csv:11059,,,,,,,,,,-1,-1,0
synthetic_cloudtrail.csv:11060,,,,,,,,,,-1,-1,0
synthetic_cloudtrail.csv:11061,,,,,,,,,,-1,-1,0
synthetic_cloudtrail.csv:11062,,,,,,,,,,-1,-1,0
synthetic_cloudtrail.csv:11063,,,,,,,,,,-1,-1,0
synthetic_cloudtrail.csv:11064,,,,,,,,,,-1,-1,0
synthetic_cloudtrail.csv:11065,,,,,,,,,,-1,-1,0
synthetic_cloudtrail.csv:11066,,,,,,,,,,-1,-1,0
synthetic_cloudtrail.csv:11067,,,,,,,,,,-1,-1,0
synthetic_cloudtrail.csv:11068,,,,,,,,,,-1,-1,0
synthetic_cloudtrail.csv:11069,,,,,,,,,,-1,-1,0
synthetic_cloudtrail.csv:11070,,,,,,,,,,-1,-1,0
synthetic_cloudtrail.csv:11071,,,,,,,,,,-1,-1,0
synthetic_cloudtrail.csv:11072,,,,,,,,,,-1,-1,0
synthetic_cloudtrail.csv:11073,,,,,,,,,,-1,-1,0
synthetic_cloudtrail.csv:11074,,,,,,,,,,-1,-1,0
synthetic_cloudtrail.csv:11075,,,,,,,,,,-1,-1,0
synthetic_cloudtrail.csv:11076,,,,,,,,,,-1,-1,0
synthetic_cloudtrail.csv:11077,,,,,,,,,,-1,-1,0
synthetic_cloudtrail.csv:11078,,,,,,,,,,-1,-1,0
synthetic_cloudtrail.csv:11079,,,,,,,,,,-1,-1,0
synthetic_cloudtrail.csv:11080,,,,,,,,,,-1,-1,0
synthetic_cloudtrail.csv:11081,,,,,,,,,,-1,-1,0
synthetic_cloudtrail.csv:11082,,,,,,,,,,-1,-1,0
synthetic_cloudtrail.csv:11083,,,,,,,,,,-1,-1,0
synthetic_cloudtrail.csv:11084,,,,,,,,,,-1,-1,0
synthetic_cloudtrail.csv:11085,,,,,,,,,,-1,-1,0
synthetic_cloudtrail.csv:11086,,,,,,,,,,-1,-1,0
synthetic_cloudtrail.csv:11087,,,,,,,,,,-1,-1,0
synthetic_cloudtrail.csv:11088,,,,,,,,,,-1,-1,0
synthetic_cloudtrail.csv:11089,,,,,,,,,,-1,-1,0
synthetic_cloudtrail.csv:11090,,,,,,,,,,-1,-1,0
synthetic_cloudtrail.csv:11091,,,,,,,,,,-1,-1,0
synthetic_cloudtrail.csv:11092,,,,,,,,,,-1,-1,0
synthetic_cloudtrail.csv:11093,,,,,,,,,,-1,-1,0
synthetic_cloudtrail.csv:11094,,,,,,,,,,-1,-1,0
synthetic_cloudtrail.csv:11095,,,,,,,,,,-1,-1,0
synthetic_cloudtrail.csv:11096,,,,,,,,,,-1,-1,0
synthetic_cloudtrail.csv:11097,,,,,,,,,,-1,-1,0
synthetic_cloudtrail.csv:11098,,,,,,,,,,-1,-1,0
synthetic_cloudtrail.csv:11099,,,,,,,,,,-1,-1,0
synthetic_cloudtrail.csv:11100,,,,,,,,,,-1,-1,0
synthetic_cloudtrail.csv:11101,,,,,,,,,,-1,-1,0
synthetic_cloudtrail.csv:11102,,,,,,,,,,-1,-1,0
synthetic_cloudtrail.csv:11103,,,,,,,,,,-1,-1,0
synthetic_cloudtrail.csv:11104,,,,,,,,,,-1,-1,0
synthetic_cloudtrail.csv:11105,,,,,,,,,,-1,-1,0
synthetic_cloudtrail.csv:11106,,,,,,,,,,-1,-1,0
synthetic_cloudtrail.csv:11107,,,,,,,,,,-1,-1,0
synthetic_cloudtrail.csv:11108,,,,,,,,,,-1,-1,0
synthetic_cloudtrail.csv:11109,,,,,,,,,,-1,-1,0
synthetic_cloudtrail.csv:11110,,,,,,,,,,-1,-1,0
synthetic_cloudtrail.csv:11111,,,,,,,,,,-1,-1,0
synthetic_cloudtrail.csv:11112,,,,,,,,,,-1,-1,0
synthetic_cloudtrail.csv:11113,,,,,,,,,,-1,-1,0
synthetic_cloudtrail.csv:11114,,,,,,,,,,-1,-1,0
synthetic_cloudtrail.csv:11115,,,,,,,,,,-1,-1,0
synthetic_cloudtrail.csv:11116,,,,,,,,,,-1,-1,0
synthetic_cloudtrail.csv:11117,,,,,,,,,,-1,-1,0
synthetic_cloudtrail.csv:11118,,,,,,,,,,-1,-1,0
synthetic_cloudtrail.csv:11119,,,,,,,,,,-1,-1,0
synthetic_cloudtrail.csv:11120,camp-xzzffuinglet,secrets_manager_sweep,reconnaissance,secrets_manager_sweep,,,,,,-1,-1,0
synthetic_cloudtrail.csv:11121,camp-xzzffuinglet,secrets_manager_sweep,reconnaissance,secrets_manager_sweep,,,,,,-1,-1,0
synthetic_cloudtrail.csv:11122,camp-xzzffuinglet,secrets_manager_sweep,reconnaissance,secrets_manager_sweep,,,,,,-1,-1,0
synthetic_cloudtrail.csv:11123,camp-xzzffuinglet,secrets_manager_sweep,reconnaissance,secrets_manager_sweep,,,,,,-1,-1,0
synthetic_cloudtrail.csv:11124,camp-xzzffuinglet,secrets_manager_sweep,reconnaissance,secrets_manager_sweep,,,,,,-1,-1,0
synthetic_cloudtrail.csv:11125,camp-xzzffuinglet,secrets_manager_sweep,reconnaissance,secrets_manager_sweep,,,,,,-1,-1,0
synthetic_cloudtrail.csv:11126,camp-xzzffuinglet,secrets_manager_sweep,reconnaissance,secrets_manager_sweep,,,,,,-1,-1,0
synthetic_cloudtrail.csv:11127,camp-xzzffuinglet,secrets_manager_sweep,reconnaissance,secrets_manager_sweep,,,,,,-1,-1,0
synthetic_cloudtrail.csv:11128,camp-xzzffuinglet,secrets_manager_sweep,credential-access,secrets_manager_sweep,evt-gmeyxymicjss,,evt-gmeyxymicjss,,,0,0,1
synthetic_cloudtrail.csv:11129,camp-xzzffuinglet,secrets_manager_sweep,credential-access,secrets_manager_sweep,evt-yaytvnbvsgsj,evt-gmeyxymicjss,evt-gmeyxymicjss,,,1,0,1
synthetic_cloudtrail.csv:11130,camp-xzzffuinglet,secrets_manager_sweep,credential-access,secrets_manager_sweep,evt-oybcjjtbjxgd,evt-yaytvnbvsgsj,evt-gmeyxymicjss,,,2,0,1
synthetic_cloudtrail.csv:11131,camp-xzzffuinglet,secrets_manager_sweep,,secrets_manager_sweep,,,,,,-1,-1,0
synthetic_cloudtrail.csv:11132,camp-xzzffuinglet,secrets_manager_sweep,,secrets_manager_sweep,,,,,,-1,-1,0
synthetic_cloudtrail.csv:11133,camp-xzzffuinglet,secrets_manager_sweep,,secrets_manager_sweep,,,,,,-1,-1,0
synthetic_cloudtrail.csv:11134,camp-xzzffuinglet,secrets_manager_sweep,,secrets_manager_sweep,,,,,,-1,-1,0
synthetic_cloudtrail.csv:11135,,,,,,,,,,-1,-1,0
synthetic_cloudtrail.csv:11136,,,,,,,,,,-1,-1,0
synthetic_cloudtrail.csv:11137,,,,,,,,,,-1,-1,0
synthetic_cloudtrail.csv:11138,,,,,,,,,,-1,-1,0
synthetic_cloudtrail.csv:11139,,,,,,,,,,-1,-1,0
synthetic_cloudtrail.csv:11140,,,,,,,,,,-1,-1,0
synthetic_cloudtrail.csv:11141,,,,,,,,,,-1,-1,0
synthetic_cloudtrail.csv:11142,,,,,,,,,,-1,-1,0
synthetic_cloudtrail.csv:11143,,,,,,,,,,-1,-1,0
synthetic_cloudtrail.csv:11144,,,,,,,,,,-1,-1,0
synthetic_cloudtrail.csv:11145,,,,,,,,,,-1,-1,0
synthetic_cloudtrail.csv:11146,,,,,,,,,,-1,-1,0
synthetic_cloudtrail.csv:11147,,,,,,,,,,-1,-1,0
synthetic_cloudtrail.csv:11148,,,,,,,,,,-1,-1,0
synthetic_cloudtrail.csv:11149,,,,,,,,,,-1,-1,0
synthetic_cloudtrail.csv:11150,,,,,,,,,,-1,-1,0
synthetic_cloudtrail.csv:11151,,,,,,,,,,-1,-1,0
synthetic_cloudtrail.csv:11152,,,,,,,,,,-1,-1,0
synthetic_cloudtrail.csv:11153,,,,,,,,,,-1,-1,0
synthetic_cloudtrail.csv:11154,,,,,,,,,,-1,-1,0
synthetic_cloudtrail.csv:11155,,,,,,,,,,-1,-1,0
synthetic_cloudtrail.csv:11156,,,,,,,,,,-1,-1,0
synthetic_cloudtrail.csv:11157,,,,,,,,,,-1,-1,0
synthetic_cloudtrail.csv:11158,,,,,,,,,,-1,-1,0
synthetic_cloudtrail.csv:11159,,,,,,,,,,-1,-1,0
synthetic_cloudtrail.csv:11160,,,,,,,,,,-1,-1,0
synthetic_cloudtrail.csv:11161,,,,,,,,,,-1,-1,0
synthetic_cloudtrail.csv:11162,,,,,,,,,,-1,-1,0
synthetic_cloudtrail.csv:11163,,,,,,,,,,-1,-1,0
synthetic_cloudtrail.csv:11164,camp-orswcldbfwmf,create_role_inline_policy,reconnaissance,create_role_inline_policy,,,,,,-1,-1,0
synthetic_cloudtrail.csv:11165,camp-orswcldbfwmf,create_role_inline_policy,reconnaissance,create_role_inline_policy,,,,,,-1,-1,0
synthetic_cloudtrail.csv:11166,camp-orswcldbfwmf,create_role_inline_policy,reconnaissance,create_role_inline_policy,,,,,,-1,-1,0
synthetic_cloudtrail.csv:11167,camp-orswcldbfwmf,create_role_inline_policy,persistence,create_role_inline_policy,evt-letiixtcoqje,,evt-letiixtcoqje,,,0,0,1
synthetic_cloudtrail.csv:11168,camp-orswcldbfwmf,create_role_inline_policy,privilege-escalation,create_role_inline_policy,evt-wncuxsbhnfhi,evt-letiixtcoqje,evt-letiixtcoqje,s3:GetObject,iam:*;s3:*;sts:AssumeRole,1,0,1
synthetic_cloudtrail.csv:11169,camp-orswcldbfwmf,create_role_inline_policy,,create_role_inline_policy,,,,,,-1,-1,0
synthetic_cloudtrail.csv:11170,camp-orswcldbfwmf,create_role_inline_policy,,create_role_inline_policy,,,,,,-1,-1,0
synthetic_cloudtrail.csv:11171,camp-orswcldbfwmf,create_role_inline_policy,,create_role_inline_policy,,,,,,-1,-1,0
synthetic_cloudtrail.csv:11172,,,,,,,,,,-1,-1,0
synthetic_cloudtrail.csv:11173,,,,,,,,,,-1,-1,0
synthetic_cloudtrail.csv:11174,,,,,,,,,,-1,-1,0
synthetic_cloudtrail.csv:11175,,,,,,,,,,-1,-1,0
synthetic_cloudtrail.csv:11176,,,,,,,,,,-1,-1,0
synthetic_cloudtrail.csv:11177,,,,,,,,,,-1,-1,0
synthetic_cloudtrail.csv:11178,,,,,,,,,,-1,-1,0
synthetic_cloudtrail.csv:11179,,,,,,,,,,-1,-1,0
synthetic_cloudtrail.csv:11180,,,,,,,,,,-1,-1,0
synthetic_cloudtrail.csv:11181,,,,,,,,,,-1,-1,0
synthetic_cloudtrail.csv:11182,,,,,,,,,,-1,-1,0
synthetic_cloudtrail.csv:11183,,,,,,,,,,-1,-1,0
synthetic_cloudtrail.csv:11184,,,,,,,,,,-1,-1,0
synthetic_cloudtrail.csv:11185,,,,,,,,,,-1,-1,0
synthetic_cloudtrail.csv:11186,,,,,,,,,,-1,-1,0
synthetic_cloudtrail.csv:11187,,,,,,,,,,-1,-1,0
synthetic_cloudtrail.csv:11188,,,,,,,,,,-1,-1,0
synthetic_cloudtrail.csv:11189,camp-fgkejcnnxlsh,assume_admin_then_backdoor_role,reconnaissance,assume_admin_then_backdoor_role,,,,,,-1,-1,0
synthetic_cloudtrail.csv:11190,camp-fgkejcnnxlsh,assume_admin_then_backdoor_role,reconnaissance,assume_admin_then_backdoor_role,,,,,,-1,-1,0
synthetic_cloudtrail.csv:11191,camp-fgkejcnnxlsh,assume_admin_then_backdoor_role,reconnaissance,assume_admin_then_backdoor_role,,,,,,-1,-1,0
synthetic_cloudtrail.csv:11192,camp-fgkejcnnxlsh,assume_admin_then_backdoor_role,reconnaissance,assume_admin_then_backdoor_role,,,,,,-1,-1,0
synthetic_cloudtrail.csv:11193,camp-fgkejcnnxlsh,assume_admin_then_backdoor_role,reconnaissance,assume_admin_then_backdoor_role,,,,,,-1,-1,0
synthetic_cloudtrail.csv:11194,camp-fgkejcnnxlsh,assume_admin_then_backdoor_role,privilege-escalation,assume_admin_then_backdoor_role,evt-yleeytjufrcm,,evt-yleeytjufrcm,,,0,0,1
synthetic_cloudtrail.csv:11195,camp-fgkejcnnxlsh,assume_admin_then_backdoor_role,persistence,assume_admin_then_backdoor_role,evt-hfiwcskeuuhf,evt-yleeytjufrcm,evt-yleeytjufrcm,,,1,1,1
synthetic_cloudtrail.csv:11196,camp-fgkejcnnxlsh,assume_admin_then_backdoor_role,privilege-escalation,assume_admin_then_backdoor_role,evt-qcqhbopsvwit,evt-hfiwcskeuuhf,evt-yleeytjufrcm,s3:GetObject;s3:ListBucket,*,2,1,1
synthetic_cloudtrail.csv:11197,camp-fgkejcnnxlsh,assume_admin_then_backdoor_role,privilege-escalation,assume_admin_then_backdoor_role,evt-efwgrkcexokt,evt-qcqhbopsvwit,evt-yleeytjufrcm,,,3,1,1
synthetic_cloudtrail.csv:11198,camp-fgkejcnnxlsh,assume_admin_then_backdoor_role,credential-access,assume_admin_then_backdoor_role,evt-bdbayurtloey,evt-efwgrkcexokt,evt-yleeytjufrcm,,,4,2,1
synthetic_cloudtrail.csv:11199,camp-fgkejcnnxlsh,assume_admin_then_backdoor_role,,assume_admin_then_backdoor_role,,,,,,-1,-1,0
synthetic_cloudtrail.csv:11200,camp-fgkejcnnxlsh,assume_admin_then_backdoor_role,,assume_admin_then_backdoor_role,,,,,,-1,-1,0
synthetic_cloudtrail.csv:11201,camp-fgkejcnnxlsh,assume_admin_then_backdoor_role,,assume_admin_then_backdoor_role,,,,,,-1,-1,0
synthetic_cloudtrail.csv:11202,camp-fgkejcnnxlsh,assume_admin_then_backdoor_role,,assume_admin_then_backdoor_role,,,,,,-1,-1,0
synthetic_cloudtrail.csv:11203,,,,,,,,,,-1,-1,0
synthetic_cloudtrail.csv:11204,,,,,,,,,,-1,-1,0
synthetic_cloudtrail.csv:11205,,,,,,,,,,-1,-1,0
synthetic_cloudtrail.csv:11206,,,,,,,,,,-1,-1,0
synthetic_cloudtrail.csv:11207,,,,,,,,,,-1,-1,0
synthetic_cloudtrail.csv:11208,,,,,,,,,,-1,-1,0
synthetic_cloudtrail.csv:11209,,,,,,,,,,-1,-1,0
synthetic_cloudtrail.csv:11210,,,,,,,,,,-1,-1,0
synthetic_cloudtrail.csv:11211,camp-frjydcbrvelb,full_kill_chain,reconnaissance,full_kill_chain,,,,,,-1,-1,0
synthetic_cloudtrail.csv:11212,camp-frjydcbrvelb,full_kill_chain,reconnaissance,full_kill_chain,,,,,,-1,-1,0
synthetic_cloudtrail.csv:11213,camp-frjydcbrvelb,full_kill_chain,reconnaissance,full_kill_chain,,,,,,-1,-1,0
synthetic_cloudtrail.csv:11214,camp-frjydcbrvelb,full_kill_chain,reconnaissance,full_kill_chain,,,,,,-1,-1,0
synthetic_cloudtrail.csv:11215,camp-frjydcbrvelb,full_kill_chain,reconnaissance,full_kill_chain,,,,,,-1,-1,0
synthetic_cloudtrail.csv:11216,camp-frjydcbrvelb,full_kill_chain,reconnaissance,full_kill_chain,,,,,,-1,-1,0
synthetic_cloudtrail.csv:11217,camp-frjydcbrvelb,full_kill_chain,persistence,full_kill_chain,evt-wpokavejwtcr,,evt-wpokavejwtcr,,,0,0,1
synthetic_cloudtrail.csv:11218,camp-frjydcbrvelb,full_kill_chain,privilege-escalation,full_kill_chain,evt-jsrjngqwxjzr,evt-wpokavejwtcr,evt-wpokavejwtcr,s3:GetObject;s3:ListBucket,*,1,0,1
synthetic_cloudtrail.csv:11219,camp-frjydcbrvelb,full_kill_chain,privilege-escalation,full_kill_chain,evt-kxiksuepyyhw,evt-jsrjngqwxjzr,evt-wpokavejwtcr,,,2,0,1
synthetic_cloudtrail.csv:11220,camp-frjydcbrvelb,full_kill_chain,credential-access,full_kill_chain,evt-oqabstffdwyr,evt-kxiksuepyyhw,evt-wpokavejwtcr,,,3,1,1
synthetic_cloudtrail.csv:11221,camp-frjydcbrvelb,full_kill_chain,exfiltration,full_kill_chain,evt-sgvknuudbwdl,evt-oqabstffdwyr,evt-wpokavejwtcr,,,4,1,1
synthetic_cloudtrail.csv:11222,camp-frjydcbrvelb,full_kill_chain,defense-evasion,full_kill_chain,evt-rywjqiobfrnb,evt-sgvknuudbwdl,evt-wpokavejwtcr,,,5,1,1
synthetic_cloudtrail.csv:11223,camp-frjydcbrvelb,full_kill_chain,,full_kill_chain,,,,,,-1,-1,0
synthetic_cloudtrail.csv:11224,camp-frjydcbrvelb,full_kill_chain,,full_kill_chain,,,,,,-1,-1,0
synthetic_cloudtrail.csv:11225,camp-pfzrkzfqattm,create_user_accesskey_policy,reconnaissance,create_user_accesskey_policy,,,,,,-1,-1,0
synthetic_cloudtrail.csv:11226,camp-pfzrkzfqattm,create_user_accesskey_policy,reconnaissance,create_user_accesskey_policy,,,,,,-1,-1,0
synthetic_cloudtrail.csv:11227,camp-pfzrkzfqattm,create_user_accesskey_policy,reconnaissance,create_user_accesskey_policy,,,,,,-1,-1,0
synthetic_cloudtrail.csv:11228,camp-pfzrkzfqattm,create_user_accesskey_policy,reconnaissance,create_user_accesskey_policy,,,,,,-1,-1,0
synthetic_cloudtrail.csv:11229,camp-pfzrkzfqattm,create_user_accesskey_policy,reconnaissance,create_user_accesskey_policy,,,,,,-1,-1,0
synthetic_cloudtrail.csv:11230,camp-pfzrkzfqattm,create_user_accesskey_policy,reconnaissance,create_user_accesskey_policy,,,,,,-1,-1,0
synthetic_cloudtrail.csv:11231,camp-pfzrkzfqattm,create_user_accesskey_policy,reconnaissance,create_user_accesskey_policy,,,,,,-1,-1,0
synthetic_cloudtrail.csv:11232,camp-pfzrkzfqattm,create_user_accesskey_policy,reconnaissance,create_user_accesskey_policy,,,,,,-1,-1,0
synthetic_cloudtrail.csv:11233,camp-pfzrkzfqattm,create_user_accesskey_policy,persistence,create_user_accesskey_policy,evt-mkhdenrfolip,,evt-mkhdenrfolip,,,0,0,1
synthetic_cloudtrail.csv:11234,camp-pfzrkzfqattm,create_user_accesskey_policy,privilege-escalation,create_user_accesskey_policy,evt-uwqfdalvrrel,evt-mkhdenrfolip,evt-mkhdenrfolip,,,1,0,1
synthetic_cloudtrail.csv:11235,camp-pfzrkzfqattm,create_user_accesskey_policy,privilege-escalation,create_user_accesskey_policy,evt-kiuhnxfnyybc,evt-uwqfdalvrrel,evt-mkhdenrfolip,s3:GetObject;s3:ListBucket,*,2,0,1
synthetic_cloudtrail.csv:11236,camp-pfzrkzfqattm,create_user_accesskey_policy,,create_user_accesskey_policy,,,,,,-1,-1,0
synthetic_cloudtrail.csv:11237,camp-pfzrkzfqattm,create_user_accesskey_policy,,create_user_accesskey_policy,,,,,,-1,-1,0
synthetic_cloudtrail.csv:11238,camp-pfzrkzfqattm,create_user_accesskey_policy,,create_user_accesskey_policy,,,,,,-1,-1,0
synthetic_cloudtrail.csv:11239,camp-pfzrkzfqattm,create_user_accesskey_policy,,create_user_accesskey_policy,,,,,,-1,-1,0
