log_id,username,timestamp,no_mfa,mfa_absent,principal_type_prior_risk,principal_type_idx,has_access_key,action_velocity,is_new_action,session_duration_normalized,events_per_minute_normalized,time_sin,time_cos,is_weekend,is_off_hours,action_risk_prior,event_name_idx,event_source_idx,is_write_action,read_only_absent,has_error,is_access_denied,is_iam_event,is_recon_action,is_defense_evasion,is_get_caller_identity,is_malicious_user_agent,is_public_ip,params_length_normalized,targets_sensitive_resource,is_non_default_region,is_create_key,is_secrets_or_kms,is_permission_modification,policy_statement_count_normalized,has_wildcard_action,has_wildcard_resource,privileged_action_reach,label
invictus_enriched.csv:199,AWSServiceRoleForAmazonInspector2,2023-07-10 11:55:24+00:00,1,0,0.5,3,0,0.0,1,0.0,0.1,0.258819045102521,-0.9659258262890682,0,0,0.2,63,3,0,0,0,0,0,1,0,0,0,1,0.2613333333333333,0,0,0,0,0,0.0,0,0,0.0,0
invictus_enriched.csv:1011,AWSServiceRoleForAmazonInspector2,2023-07-10 12:04:10+00:00,1,0,0.5,3,0,0.0,1,0.0,0.1,1.2246467991473532e-16,-1.0,0,0,0.2,63,3,0,0,0,0,0,1,0,0,0,1,0.2613333333333333,0,0,0,0,0,0.0,0,0,0.0,0
invictus_enriched.csv:2239,AWSServiceRoleForRDS,2023-07-10 12:15:59+00:00,1,0,0.5,3,0,0.0,1,0.0,0.1,1.2246467991473532e-16,-1.0,0,0,0.1,37,3,0,0,0,0,0,1,0,0,0,1,0.10133333333333333,0,0,0,0,0,0.0,0,0,0.0,0
invictus_enriched.csv:2243,AWSServiceRoleForRDS,2023-07-10 12:16:14+00:00,1,0,0.5,3,0,0.9958333333333333,1,0.004166666666666667,0.8,1.2246467991473532e-16,-1.0,0,0,0.1,53,3,0,0,0,0,0,1,0,0,0,1,0.11333333333333333,0,0,0,0,0,0.0,0,0,0.0,0
invictus_enriched.csv:2246,AWSServiceRoleForRDS,2023-07-10 12:16:15+00:00,1,0,0.5,3,0,0.9997222222222222,1,0.0044444444444444444,1.0,1.2246467991473532e-16,-1.0,0,0,0.1,56,3,1,0,0,0,0,0,0,0,0,1,0.292,0,0,0,0,0,0.0,0,0,0.0,0
invictus_enriched.csv:2895,AWSServiceRoleForRDS,2023-07-10 12:32:01+00:00,1,0,0.5,3,0,0.7372222222222222,1,0.26722222222222225,0.024948024948024946,1.2246467991473532e-16,-1.0,0,0,0.1,150,3,1,0,0,0,0,0,0,0,0,1,0.06266666666666666,0,0,0,0,0,0.0,0,0,0.0,0
invictus_enriched.csv:0,benjamin,2023-07-10 11:42:18+00:00,0,1,0.8,2,1,0.0,1,0.0,0.1,0.258819045102521,-0.9659258262890682,0,0,0.1,1,0,0,0,0,0,0,1,0,0,0,0,0.037333333333333336,0,0,0,0,0,0.0,0,0,0.0,0
invictus_enriched.csv:1,benjamin,2023-07-10 11:42:23+00:00,0,1,0.8,2,1,0.9986111111111111,1,0.001388888888888889,1.0,0.258819045102521,-0.9659258262890682,0,0,0.1,2,4,0,0,0,0,0,1,0,0,0,0,0.22133333333333333,0,0,0,0,0,0.0,0,0,0.0,0
invictus_enriched.csv:2,benjamin,2023-07-10 11:42:23+00:00,0,1,0.8,2,1,1.0,1,0.001388888888888889,1.0,0.258819045102521,-0.9659258262890682,0,0,0.1,3,4,0,0,0,0,0,1,0,0,0,0,0.22,0,0,0,0,0,0.0,0,0,0.0,0
invictus_enriched.csv:3,benjamin,2023-07-10 11:42:24+00:00,0,1,0.8,2,1,0.9997222222222222,1,0.0016666666666666668,1.0,0.258819045102521,-0.9659258262890682,0,0,0.1,4,4,0,0,0,0,0,1,0,0,0,0,0.216,0,0,0,0,0,0.0,0,0,0.0,0
invictus_enriched.csv:4,benjamin,2023-07-10 11:42:24+00:00,0,1,0.8,2,1,1.0,1,0.0016666666666666668,1.0,0.258819045102521,-0.9659258262890682,0,0,0.1,5,4,0,0,0,0,0,1,0,0,0,0,0.15866666666666668,0,0,0,0,0,0.0,0,0,0.0,0
invictus_enriched.csv:5,benjamin,2023-07-10 11:42:26+00:00,0,1,0.8,2,1,0.9994444444444445,0,0.0022222222222222222,1.0,0.258819045102521,-0.9659258262890682,0,0,0.1,2,4,0,0,0,0,0,1,0,0,0,0,0.232,0,0,0,0,0,0.0,0,0,0.0,0
invictus_enriched.csv:6,benjamin,2023-07-10 11:42:26+00:00,0,1,0.8,2,1,1.0,0,0.0022222222222222222,1.0,0.258819045102521,-0.9659258262890682,0,0,0.1,3,4,0,0,0,0,0,1,0,0,0,0,0.23066666666666666,0,0,0,0,0,0.0,0,0,0.0,0
invictus_enriched.csv:7,benjamin,2023-07-10 11:42:26+00:00,0,1,0.8,2,1,1.0,0,0.0022222222222222222,1.0,0.258819045102521,-0.9659258262890682,0,0,0.1,4,4,0,0,0,0,0,1,0,0,0,0,0.22666666666666666,0,0,0,0,0,0.0,0,0,0.0,0
invictus_enriched.csv:8,benjamin,2023-07-10 11:42:26+00:00,0,1,0.8,2,1,1.0,0,0.0022222222222222222,1.0,0.258819045102521,-0.9659258262890682,0,0,0.1,5,4,0,0,0,0,0,1,0,0,0,0,0.164,0,0,0,0,0,0.0,0,0,0.0,0
invictus_enriched.csv:9,benjamin,2023-07-10 11:42:29+00:00,0,1,0.8,2,1,0.9991666666666666,0,0.0030555555555555557,1.0,0.258819045102521,-0.9659258262890682,0,0,0.1,3,4,0,0,0,0,0,1,0,0,0,0,0.19333333333333333,0,0,0,0,0,0.0,0,0,0.0,0
invictus_enriched.csv:10,benjamin,2023-07-10 11:42:29+00:00,0,1,0.8,2,1,1.0,0,0.0030555555555555557,1.0,0.258819045102521,-0.9659258262890682,0,0,0.1,2,4,0,0,0,0,0,1,0,0,0,0,0.19466666666666665,0,0,0,0,0,0.0,0,0,0.0,0
invictus_enriched.csv:11,benjamin,2023-07-10 11:42:29+00:00,0,1,0.8,2,1,1.0,0,0.0030555555555555557,1.0,0.258819045102521,-0.9659258262890682,0,0,0.1,5,4,0,0,0,0,0,1,0,0,0,0,0.14533333333333334,0,0,0,0,0,0.0,0,0,0.0,0
invictus_enriched.csv:12,benjamin,2023-07-10 11:42:29+00:00,0,1,0.8,2,1,1.0,0,0.0030555555555555557,1.0,0.258819045102521,-0.9659258262890682,0,0,0.1,4,4,0,0,0,0,0,1,0,0,0,0,0.18933333333333333,0,0,0,0,0,0.0,0,0,0.0,0
invictus_enriched.csv:13,benjamin,2023-07-10 11:42:30+00:00,0,1,0.8,2,1,0.9997222222222222,0,0.0033333333333333335,1.0,0.258819045102521,-0.9659258262890682,0,0,0.1,2,4,0,0,0,0,0,1,0,0,0,0,0.16533333333333333,0,0,0,0,0,0.0,0,0,0.0,0
invictus_enriched.csv:14,benjamin,2023-07-10 11:42:31+00:00,0,1,0.8,2,1,0.9997222222222222,0,0.003611111111111111,1.0,0.258819045102521,-0.9659258262890682,0,0,0.1,4,4,0,0,0,0,0,1,0,0,0,0,0.16,0,0,0,0,0,0.0,0,0,0.0,0
invictus_enriched.csv:15,benjamin,2023-07-10 11:42:31+00:00,0,1,0.8,2,1,1.0,0,0.003611111111111111,1.0,0.258819045102521,-0.9659258262890682,0,0,0.1,3,4,0,0,0,0,0,1,0,0,0,0,0.164,0,0,0,0,0,0.0,0,0,0.0,0
invictus_enriched.csv:16,benjamin,2023-07-10 11:42:31+00:00,0,1,0.8,2,1,1.0,0,0.003611111111111111,1.0,0.258819045102521,-0.9659258262890682,0,0,0.1,5,4,0,0,0,0,0,1,0,0,0,0,0.13066666666666665,0,0,0,0,0,0.0,0,0,0.0,0
invictus_enriched.csv:17,benjamin,2023-07-10 11:42:34+00:00,0,0,0.8,2,1,0.9991666666666666,1,0.0044444444444444444,1.0,0.258819045102521,-0.9659258262890682,0,0,0.2,6,4,0,0,0,0,0,1,0,0,0,0,0.037333333333333336,0,0,0,0,0,0.0,0,0,0.0,0
invictus_enriched.csv:18,benjamin,2023-07-10 11:42:35+00:00,0,0,0.8,2,1,0.9997222222222222,1,0.004722222222222222,1.0,0.258819045102521,-0.9659258262890682,0,0,0.1,7,4,0,0,0,0,0,1,0,0,0,0,0.07866666666666666,0,0,0,0,0,0.0,0,0,0.0,0
invictus_enriched.csv:19,benjamin,2023-07-10 11:42:35+00:00,0,0,0.8,2,1,1.0,1,0.004722222222222222,1.0,0.258819045102521,-0.9659258262890682,0,0,0.1,8,4,0,0,0,0,0,1,0,0,0,1,0.128,0,0,0,0,0,0.0,0,0,0.0,0
invictus_enriched.csv:20,benjamin,2023-07-10 11:42:36+00:00,0,0,0.8,2,1,0.9997222222222222,0,0.005,1.0,0.258819045102521,-0.9659258262890682,0,0,0.1,8,4,0,0,0,0,0,1,0,0,0,1,0.128,0,0,0,0,0,0.0,0,0,0.0,0
invictus_enriched.csv:21,benjamin,2023-07-10 11:42:36+00:00,0,0,0.8,2,1,1.0,0,0.005,1.0,0.258819045102521,-0.9659258262890682,0,0,0.1,7,4,0,0,0,0,0,1,0,0,0,1,0.07866666666666666,0,0,0,0,0,0.0,0,0,0.0,0
invictus_enriched.csv:22,benjamin,2023-07-10 11:42:38+00:00,0,0,0.8,2,1,0.9994444444444445,1,0.005555555555555556,1.0,0.258819045102521,-0.9659258262890682,0,0,0.1,9,0,0,0,0,0,0,1,0,0,0,0,0.0026666666666666666,0,0,0,0,0,0.0,0,0,0.0,0
invictus_enriched.csv:23,benjamin,2023-07-10 11:42:38+00:00,0,0,0.8,2,1,1.0,1,0.005555555555555556,1.0,0.258819045102521,-0.9659258262890682,0,0,0.1,10,0,0,0,0,0,0,1,0,0,0,1,0.196,0,0,0,0,0,0.0,0,0,0.0,0
invictus_enriched.csv:24,benjamin,2023-07-10 11:42:38+00:00,0,0,0.8,2,1,1.0,0,0.005555555555555556,1.0,0.258819045102521,-0.9659258262890682,0,0,0.1,10,0,0,0,0,0,0,1,0,0,0,0,0.19466666666666665,0,0,0,0,0,0.0,0,0,0.0,0
invictus_enriched.csv:25,benjamin,2023-07-10 11:42:44+00:00,0,0,0.8,2,1,0.9983333333333333,0,0.007222222222222222,1.0,0.258819045102521,-0.9659258262890682,0,0,0.1,4,4,0,0,0,0,0,1,0,0,0,0,0.22666666666666666,0,0,0,0,0,0.0,0,0,0.0,0
invictus_enriched.csv:26,benjamin,2023-07-10 11:42:44+00:00,0,0,0.8,2,1,1.0,1,0.007222222222222222,1.0,0.258819045102521,-0.9659258262890682,0,0,0.1,11,4,0,0,0,0,0,1,0,0,0,0,0.23866666666666667,0,0,0,0,0,0.0,0,0,0.0,0
invictus_enriched.csv:27,benjamin,2023-07-10 11:42:44+00:00,0,0,0.8,2,1,1.0,1,0.007222222222222222,1.0,0.258819045102521,-0.9659258262890682,0,0,0.1,12,4,0,0,0,0,0,1,0,0,0,0,0.15733333333333333,0,0,0,0,0,0.0,0,0,0.0,0
invictus_enriched.csv:28,benjamin,2023-07-10 11:42:44+00:00,0,0,0.8,2,1,1.0,0,0.007222222222222222,1.0,0.258819045102521,-0.9659258262890682,0,0,0.1,12,4,0,0,0,0,0,1,0,0,0,0,0.16133333333333333,0,0,0,0,0,0.0,0,0,0.0,0
invictus_enriched.csv:29,benjamin,2023-07-10 11:42:44+00:00,0,0,0.8,2,1,1.0,0,0.007222222222222222,1.0,0.258819045102521,-0.9659258262890682,0,0,0.1,11,4,0,0,0,0,0,1,0,0,0,0,0.20133333333333334,0,0,0,0,0,0.0,0,0,0.0,0
invictus_enriched.csv:30,benjamin,2023-07-10 11:42:44+00:00,0,0,0.8,2,1,1.0,1,0.007222222222222222,1.0,0.258819045102521,-0.9659258262890682,0,0,0.1,13,4,0,0,0,0,0,1,0,0,0,0,0.208,0,0,0,0,0,0.0,0,0,0.0,0
invictus_enriched.csv:31,benjamin,2023-07-10 11:42:44+00:00,0,0,0.8,2,1,1.0,0,0.007222222222222222,1.0,0.258819045102521,-0.9659258262890682,0,0,0.1,4,4,0,0,0,0,0,1,0,0,0,0,0.18933333333333333,0,0,0,0,0,0.0,0,0,0.0,0
invictus_enriched.csv:32,benjamin,2023-07-10 11:42:44+00:00,0,0,0.8,2,1,1.0,0,0.007222222222222222,1.0,0.258819045102521,-0.9659258262890682,0,0,0.1,13,4,0,0,1,0,0,1,0,0,0,0,0.18666666666666668,0,0,0,0,0,0.0,0,0,0.0,0
invictus_enriched.csv:33,benjamin,2023-07-10 11:42:44+00:00,0,0,0.8,2,1,1.0,0,0.007222222222222222,1.0,0.258819045102521,-0.9659258262890682,0,0,0.1,12,4,0,0,0,0,0,1,0,0,0,0,0.18533333333333332,0,0,0,0,0,0.0,0,0,0.0,0
invictus_enriched.csv:34,benjamin,2023-07-10 11:42:44+00:00,0,0,0.8,2,1,1.0,0,0.007222222222222222,1.0,0.258819045102521,-0.9659258262890682,0,0,0.1,12,4,0,0,0,0,0,1,0,0,0,0,0.16133333333333333,0,0,0,0,0,0.0,0,0,0.0,0
invictus_enriched.csv:35,benjamin,2023-07-10 11:42:44+00:00,0,0,0.8,2,1,1.0,0,0.007222222222222222,1.0,0.258819045102521,-0.9659258262890682,0,0,0.1,12,4,0,0,0,0,0,1,0,0,0,0,0.16133333333333333,0,0,0,0,0,0.0,0,0,0.0,0
invictus_enriched.csv:36,benjamin,2023-07-10 11:42:44+00:00,0,0,0.8,2,1,1.0,0,0.007222222222222222,1.0,0.258819045102521,-0.9659258262890682,0,0,0.1,4,4,0,0,0,0,0,1,0,0,0,0,0.216,0,0,0,0,0,0.0,0,0,0.0,0
invictus_enriched.csv:37,benjamin,2023-07-10 11:42:44+00:00,0,0,0.8,2,1,1.0,0,0.007222222222222222,1.0,0.258819045102521,-0.9659258262890682,0,0,0.1,13,4,0,0,0,0,0,1,0,0,0,0,0.23466666666666666,0,0,0,0,0,0.0,0,0,0.0,0
invictus_enriched.csv:38,benjamin,2023-07-10 11:42:44+00:00,0,0,0.8,2,1,1.0,0,0.007222222222222222,1.0,0.258819045102521,-0.9659258262890682,0,0,0.1,11,4,0,0,0,0,0,1,0,0,0,0,0.228,0,0,0,0,0,0.0,0,0,0.0,0
invictus_enriched.csv:39,benjamin,2023-07-10 11:42:44+00:00,0,0,0.8,2,1,1.0,1,0.007222222222222222,1.0,0.258819045102521,-0.9659258262890682,0,0,0.1,14,4,0,0,1,0,0,1,0,0,0,0,0.07866666666666666,0,0,0,0,0,0.0,0,0,0.0,0
invictus_enriched.csv:40,benjamin,2023-07-10 11:42:44+00:00,0,0,0.8,2,1,1.0,0,0.007222222222222222,1.0,0.258819045102521,-0.9659258262890682,0,0,0.1,11,4,0,0,1,0,0,1,0,0,0,0,0.18,0,0,0,0,0,0.0,0,0,0.0,0
invictus_enriched.csv:41,benjamin,2023-07-10 11:42:44+00:00,0,0,0.8,2,1,1.0,0,0.007222222222222222,1.0,0.258819045102521,-0.9659258262890682,0,0,0.1,4,4,0,0,0,0,0,1,0,0,0,0,0.168,0,0,0,0,0,0.0,0,0,0.0,0
invictus_enriched.csv:42,benjamin,2023-07-10 11:42:44+00:00,0,0,0.8,2,1,1.0,0,0.007222222222222222,1.0,0.258819045102521,-0.9659258262890682,0,0,0.1,13,4,0,0,1,0,0,1,0,0,0,0,0.18666666666666668,0,0,0,0,0,0.0,0,0,0.0,0
invictus_enriched.csv:43,benjamin,2023-07-10 11:42:44+00:00,0,0,0.8,2,1,1.0,0,0.007222222222222222,1.0,0.258819045102521,-0.9659258262890682,0,0,0.1,12,4,0,0,0,0,0,1,0,0,0,0,0.172,0,0,0,0,0,0.0,0,0,0.0,0
invictus_enriched.csv:44,benjamin,2023-07-10 11:42:44+00:00,0,0,0.8,2,1,1.0,0,0.007222222222222222,1.0,0.258819045102521,-0.9659258262890682,0,0,0.1,13,4,0,0,1,0,0,1,0,0,0,0,0.17866666666666667,0,0,0,0,0,0.0,0,0,0.0,0
invictus_enriched.csv:45,benjamin,2023-07-10 11:42:44+00:00,0,0,0.8,2,1,1.0,0,0.007222222222222222,1.0,0.258819045102521,-0.9659258262890682,0,0,0.1,4,4,0,0,0,0,0,1,0,0,0,0,0.168,0,0,0,0,0,0.0,0,0,0.0,0
invictus_enriched.csv:46,benjamin,2023-07-10 11:42:44+00:00,0,0,0.8,2,1,1.0,0,0.007222222222222222,1.0,0.258819045102521,-0.9659258262890682,0,0,0.1,13,4,0,0,0,0,0,1,0,0,0,0,0.24533333333333332,0,0,0,0,0,0.0,0,0,0.0,0
invictus_enriched.csv:47,benjamin,2023-07-10 11:42:44+00:00,0,0,0.8,2,1,1.0,0,0.007222222222222222,1.0,0.258819045102521,-0.9659258262890682,0,0,0.1,13,4,0,0,1,0,0,1,0,0,0,0,0.18666666666666668,0,0,0,0,0,0.0,0,0,0.0,0
invictus_enriched.csv:48,benjamin,2023-07-10 11:42:44+00:00,0,0,0.8,2,1,1.0,0,0.007222222222222222,1.0,0.258819045102521,-0.9659258262890682,0,0,0.1,11,4,0,0,0,0,0,1,0,0,0,0,0.172,0,0,0,0,0,0.0,0,0,0.0,0
invictus_enriched.csv:49,benjamin,2023-07-10 11:42:44+00:00,0,0,0.8,2,1,1.0,0,0.007222222222222222,1.0,0.258819045102521,-0.9659258262890682,0,0,0.1,4,4,0,0,0,0,0,1,0,0,0,0,0.16,0,0,0,0,0,0.0,0,0,0.0,0
invictus_enriched.csv:50,benjamin,2023-07-10 11:42:44+00:00,0,0,0.8,2,1,1.0,0,0.007222222222222222,1.0,0.258819045102521,-0.9659258262890682,0,0,0.1,4,4,0,0,0,0,0,1,0,0,0,0,0.168,0,0,0,0,0,0.0,0,0,0.0,0
invictus_enriched.csv:51,benjamin,2023-07-10 11:42:44+00:00,0,0,0.8,2,1,1.0,0,0.007222222222222222,1.0,0.258819045102521,-0.9659258262890682,0,0,0.1,12,4,0,0,0,0,0,1,0,0,0,0,0.16133333333333333,0,0,0,0,0,0.0,0,0,0.0,0
invictus_enriched.csv:52,benjamin,2023-07-10 11:42:44+00:00,0,0,0.8,2,1,1.0,0,0.007222222222222222,1.0,0.258819045102521,-0.9659258262890682,0,0,0.1,13,4,0,0,1,0,0,1,0,0,0,0,0.18666666666666668,0,0,0,0,0,0.0,0,0,0.0,0
invictus_enriched.csv:53,benjamin,2023-07-10 11:42:44+00:00,0,0,0.8,2,1,1.0,0,0.007222222222222222,1.0,0.258819045102521,-0.9659258262890682,0,0,0.1,11,4,0,0,1,0,0,1,0,0,0,0,0.18,0,0,0,0,0,0.0,0,0,0.0,0
invictus_enriched.csv:54,benjamin,2023-07-10 11:42:44+00:00,0,0,0.8,2,1,1.0,0,0.007222222222222222,1.0,0.258819045102521,-0.9659258262890682,0,0,0.1,4,4,0,0,0,0,0,1,0,0,0,0,0.168,0,0,0,0,0,0.0,0,0,0.0,0
invictus_enriched.csv:55,benjamin,2023-07-10 11:42:44+00:00,0,0,0.8,2,1,1.0,0,0.007222222222222222,1.0,0.258819045102521,-0.9659258262890682,0,0,0.1,11,4,0,0,1,0,0,1,0,0,0,0,0.18,0,0,0,0,0,0.0,0,0,0.0,0
invictus_enriched.csv:56,benjamin,2023-07-10 11:42:44+00:00,0,0,0.8,2,1,1.0,0,0.007222222222222222,1.0,0.258819045102521,-0.9659258262890682,0,0,0.1,11,4,0,0,1,0,0,1,0,0,0,0,0.18,0,0,0,0,0,0.0,0,0,0.0,0
invictus_enriched.csv:57,benjamin,2023-07-10 11:42:44+00:00,0,0,0.8,2,1,1.0,0,0.007222222222222222,1.0,0.258819045102521,-0.9659258262890682,0,0,0.1,12,4,0,0,0,0,0,1,0,0,0,0,0.19066666666666668,0,0,0,0,0,0.0,0,0,0.0,0
invictus_enriched.csv:58,benjamin,2023-07-10 11:42:58+00:00,0,1,0.8,2,1,0.9961111111111111,0,0.011111111111111112,1.0,0.258819045102521,-0.9659258262890682,0,0,0.1,2,4,0,0,0,0,0,1,0,0,0,0,0.17333333333333334,0,0,0,0,0,0.0,0,0,0.0,0
invictus_enriched.csv:59,benjamin,2023-07-10 11:42:59+00:00,0,1,0.8,2,1,0.9997222222222222,0,0.01138888888888889,1.0,0.258819045102521,-0.9659258262890682,0,0,0.1,3,4,0,0,1,0,0,1,0,0,0,0,0.172,0,0,0,0,0,0.0,0,0,0.0,0
invictus_enriched.csv:60,benjamin,2023-07-10 11:42:59+00:00,0,1,0.8,2,1,1.0,0,0.01138888888888889,1.0,0.258819045102521,-0.9659258262890682,0,0,0.1,5,4,0,0,0,0,0,1,0,0,0,0,0.13466666666666666,0,0,0,0,0,0.0,0,0,0.0,0
invictus_enriched.csv:61,benjamin,2023-07-10 11:42:59+00:00,0,1,0.8,2,1,1.0,0,0.01138888888888889,1.0,0.258819045102521,-0.9659258262890682,0,0,0.1,4,4,0,0,0,0,0,1,0,0,0,0,0.168,0,0,0,0,0,0.0,0,0,0.0,0
invictus_enriched.csv:62,benjamin,2023-07-10 11:43:07+00:00,0,1,0.8,2,1,0.9977777777777778,0,0.01361111111111111,1.0,0.258819045102521,-0.9659258262890682,0,0,0.1,2,4,0,0,0,0,0,1,0,0,0,0,0.17333333333333334,0,0,0,0,0,0.0,0,0,0.0,0
invictus_enriched.csv:63,benjamin,2023-07-10 11:43:07+00:00,0,1,0.8,2,1,1.0,0,0.01361111111111111,1.0,0.258819045102521,-0.9659258262890682,0,0,0.1,4,4,0,0,0,0,0,1,0,0,0,0,0.168,0,0,0,0,0,0.0,0,0,0.0,0
invictus_enriched.csv:64,benjamin,2023-07-10 11:43:07+00:00,0,1,0.8,2,1,1.0,0,0.01361111111111111,1.0,0.258819045102521,-0.9659258262890682,0,0,0.1,3,4,0,0,1,0,0,1,0,0,0,0,0.172,0,0,0,0,0,0.0,0,0,0.0,0
invictus_enriched.csv:65,benjamin,2023-07-10 11:43:08+00:00,0,1,0.8,2,1,0.9997222222222222,0,0.013888888888888888,1.0,0.258819045102521,-0.9659258262890682,0,0,0.1,5,4,0,0,0,0,0,1,0,0,0,0,0.13466666666666666,0,0,0,0,0,0.0,0,0,0.0,0
invictus_enriched.csv:66,benjamin,2023-07-10 11:43:11+00:00,0,1,0.8,2,1,0.9991666666666666,0,0.014722222222222222,1.0,0.258819045102521,-0.9659258262890682,0,0,0.1,3,4,0,0,1,0,0,1,0,0,0,0,0.172,0,0,0,0,0,0.0,0,0,0.0,0
invictus_enriched.csv:67,benjamin,2023-07-10 11:43:11+00:00,0,1,0.8,2,1,1.0,0,0.014722222222222222,1.0,0.258819045102521,-0.9659258262890682,0,0,0.1,2,4,0,0,0,0,0,1,0,0,0,0,0.17333333333333334,0,0,0,0,0,0.0,0,0,0.0,0
invictus_enriched.csv:68,benjamin,2023-07-10 11:43:11+00:00,0,1,0.8,2,1,1.0,0,0.014722222222222222,1.0,0.258819045102521,-0.9659258262890682,0,0,0.1,4,4,0,0,0,0,0,1,0,0,0,0,0.168,0,0,0,0,0,0.0,0,0,0.0,0
invictus_enriched.csv:69,benjamin,2023-07-10 11:43:11+00:00,0,1,0.8,2,1,1.0,0,0.014722222222222222,1.0,0.258819045102521,-0.9659258262890682,0,0,0.1,5,4,0,0,0,0,0,1,0,0,0,0,0.13466666666666666,0,0,0,0,0,0.0,0,0,0.0,0
invictus_enriched.csv:70,benjamin,2023-07-10 11:43:16+00:00,0,1,0.8,2,1,0.9986111111111111,0,0.01611111111111111,1.0,0.258819045102521,-0.9659258262890682,0,0,0.1,2,4,0,0,0,0,0,1,0,0,0,0,0.17333333333333334,0,0,0,0,0,0.0,0,0,0.0,0
invictus_enriched.csv:71,benjamin,2023-07-10 11:43:16+00:00,0,1,0.8,2,1,1.0,0,0.01611111111111111,1.0,0.258819045102521,-0.9659258262890682,0,0,0.1,3,4,0,0,1,0,0,1,0,0,0,0,0.172,0,0,0,0,0,0.0,0,0,0.0,0
invictus_enriched.csv:72,benjamin,2023-07-10 11:43:17+00:00,0,1,0.8,2,1,0.9997222222222222,0,0.01638888888888889,1.0,0.258819045102521,-0.9659258262890682,0,0,0.1,4,4,0,0,0,0,0,1,0,0,0,0,0.168,0,0,0,0,0,0.0,0,0,0.0,0
invictus_enriched.csv:73,benjamin,2023-07-10 11:43:18+00:00,0,1,0.8,2,1,0.9997222222222222,0,0.016666666666666666,1.0,0.258819045102521,-0.9659258262890682,0,0,0.1,5,4,0,0,0,0,0,1,0,0,0,0,0.13466666666666666,0,0,0,0,0,0.0,0,0,0.0,0
invictus_enriched.csv:74,benjamin,2023-07-10 11:43:32+00:00,0,1,0.8,2,1,0.9961111111111111,1,0.020555555555555556,1.0,0.258819045102521,-0.9659258262890682,0,0,0.1,15,0,0,0,0,0,0,1,0,0,0,0,0.0026666666666666666,0,0,0,0,0,0.0,0,0,0.0,0
invictus_enriched.csv:75,benjamin,2023-07-10 11:43:33+00:00,0,1,0.8,2,1,0.9997222222222222,1,0.020833333333333332,1.0,0.258819045102521,-0.9659258262890682,0,0,0.1,16,1,0,0,0,0,1,1,0,0,0,0,0.0026666666666666666,0,0,0,0,0,0.0,0,0,0.0,0
invictus_enriched.csv:76,benjamin,2023-07-10 11:43:33+00:00,0,1,0.8,2,1,1.0,1,0.020833333333333332,1.0,0.258819045102521,-0.9659258262890682,0,0,0.2,17,1,0,0,0,0,1,1,0,0,0,0,0.0026666666666666666,0,0,0,0,0,0.0,0,0,0.0,0
invictus_enriched.csv:77,benjamin,2023-07-10 11:43:34+00:00,0,1,0.8,2,1,0.9997222222222222,1,0.021111111111111112,1.0,0.258819045102521,-0.9659258262890682,0,0,0.4,18,1,0,0,0,0,1,1,0,0,0,0,0.0026666666666666666,0,0,0,0,0,0.0,0,0,0.0,0
invictus_enriched.csv:78,benjamin,2023-07-10 11:43:35+00:00,0,1,0.8,2,1,0.9997222222222222,1,0.021388888888888888,1.0,0.258819045102521,-0.9659258262890682,0,0,0.1,19,1,0,0,0,0,1,1,0,0,0,0,0.0026666666666666666,0,0,0,0,0,0.0,0,0,0.0,0
invictus_enriched.csv:79,benjamin,2023-07-10 11:43:35+00:00,0,1,0.8,2,1,1.0,1,0.021388888888888888,1.0,0.258819045102521,-0.9659258262890682,0,0,0.1,20,1,0,0,0,0,1,1,0,0,0,0,0.0026666666666666666,0,0,0,0,0,0.0,0,0,0.0,0
invictus_enriched.csv:80,benjamin,2023-07-10 11:47:39+00:00,0,0,0.8,2,1,0.9322222222222222,0,0.08916666666666667,1.0,0.258819045102521,-0.9659258262890682,0,0,0.1,10,0,0,0,0,0,0,1,0,0,0,1,0.196,0,0,0,0,0,0.0,0,0,0.0,0
invictus_enriched.csv:81,benjamin,2023-07-10 11:47:39+00:00,0,0,0.8,2,1,1.0,0,0.08916666666666667,1.0,0.258819045102521,-0.9659258262890682,0,0,0.1,10,0,0,0,0,0,0,1,0,0,0,0,0.19466666666666665,0,0,0,0,0,0.0,0,0,0.0,0
invictus_enriched.csv:82,benjamin,2023-07-10 11:52:40+00:00,0,0,0.8,2,1,0.9163888888888889,0,0.17277777777777778,0.8006430868167203,0.258819045102521,-0.9659258262890682,0,0,0.1,10,0,0,0,0,0,0,1,0,0,0,0,0.19466666666666665,0,0,0,0,0,0.0,0,0,0.0,0
invictus_enriched.csv:83,benjamin,2023-07-10 11:52:40+00:00,0,0,0.8,2,1,1.0,0,0.17277777777777778,0.810289389067524,0.258819045102521,-0.9659258262890682,0,0,0.1,10,0,0,0,0,0,0,1,0,0,0,1,0.196,0,0,0,0,0,0.0,0,0,0.0,0
invictus_enriched.csv:258,benjamin,2023-07-10 11:57:41+00:00,0,0,0.8,2,1,0.9163888888888889,0,0.2563888888888889,0.552546045503792,0.258819045102521,-0.9659258262890682,0,0,0.1,10,0,0,0,0,0,0,1,0,0,0,1,0.196,0,0,0,0,0,0.0,0,0,0.0,0
invictus_enriched.csv:259,benjamin,2023-07-10 11:57:41+00:00,0,0,0.8,2,1,1.0,0,0.2563888888888889,0.5590465872156013,0.258819045102521,-0.9659258262890682,0,0,0.1,10,0,0,0,0,0,0,1,0,0,0,0,0.19466666666666665,0,0,0,0,0,0.0,0,0,0.0,0
invictus_enriched.csv:862,benjamin,2023-07-10 12:01:54+00:00,0,1,0.8,2,1,0.9297222222222222,0,0.32666666666666666,0.44387755102040816,1.2246467991473532e-16,-1.0,0,0,0.1,1,0,0,0,0,0,0,1,0,0,0,0,0.037333333333333336,0,0,0,0,0,0.0,0,0,0.0,0
invictus_enriched.csv:899,benjamin,2023-07-10 12:02:42+00:00,0,0,0.8,2,1,0.9866666666666667,0,0.34,0.4313725490196079,1.2246467991473532e-16,-1.0,0,0,0.1,10,0,0,0,0,0,0,1,0,0,0,0,0.19466666666666665,0,0,0,0,0,0.0,0,0,0.0,0
invictus_enriched.csv:900,benjamin,2023-07-10 12:02:42+00:00,0,0,0.8,2,1,1.0,0,0.34,0.43627450980392163,1.2246467991473532e-16,-1.0,0,0,0.1,10,0,0,0,0,0,0,1,0,0,0,1,0.196,0,0,0,0,0,0.0,0,0,0.0,0
invictus_enriched.csv:1135,benjamin,2023-07-10 12:07:43+00:00,0,0,0.8,2,1,0.9163888888888889,0,0.4236111111111111,0.3540983606557377,1.2246467991473532e-16,-1.0,0,0,0.1,10,0,0,0,0,0,0,1,0,0,0,1,0.196,0,0,0,0,0,0.0,0,0,0.0,0
invictus_enriched.csv:1136,benjamin,2023-07-10 12:07:43+00:00,0,0,0.8,2,1,1.0,0,0.4236111111111111,0.35803278688524587,1.2246467991473532e-16,-1.0,0,0,0.1,10,0,0,0,0,0,0,1,0,0,0,0,0.19466666666666665,0,0,0,0,0,0.0,0,0,0.0,0
invictus_enriched.csv:2106,benjamin,2023-07-10 12:12:44+00:00,0,0,0.8,2,1,0.9163888888888889,0,0.5072222222222222,0.3023001095290252,1.2246467991473532e-16,-1.0,0,0,0.1,10,0,0,0,0,0,0,1,0,0,0,0,0.19466666666666665,0,0,0,0,0,0.0,0,0,0.0,0
invictus_enriched.csv:2107,benjamin,2023-07-10 12:12:44+00:00,0,0,0.8,2,1,1.0,0,0.5072222222222222,0.30558598028477546,1.2246467991473532e-16,-1.0,0,0,0.1,10,0,0,0,0,0,0,1,0,0,0,1,0.196,0,0,0,0,0,0.0,0,0,0.0,0
invictus_enriched.csv:2257,benjamin,2023-07-10 12:17:46+00:00,0,0,0.8,2,1,0.9161111111111111,0,0.5911111111111111,0.2650375939849624,1.2246467991473532e-16,-1.0,0,0,0.1,10,0,0,0,0,0,0,1,0,0,0,0,0.19466666666666665,0,0,0,0,0,0.0,0,0,0.0,0
invictus_enriched.csv:2258,benjamin,2023-07-10 12:17:46+00:00,0,0,0.8,2,1,1.0,0,0.5911111111111111,0.26785714285714285,1.2246467991473532e-16,-1.0,0,0,0.1,10,0,0,0,0,0,0,1,0,0,0,1,0.196,0,0,0,0,0,0.0,0,0,0.0,0
invictus_enriched.csv:2310,benjamin,2023-07-10 12:22:47+00:00,0,0,0.8,2,1,0.9163888888888889,0,0.6747222222222222,0.2371346233017703,1.2246467991473532e-16,-1.0,0,0,0.1,10,0,0,0,0,0,0,1,0,0,0,1,0.196,0,0,0,0,0,0.0,0,0,0.0,0
invictus_enriched.csv:2311,benjamin,2023-07-10 12:22:47+00:00,0,0,0.8,2,1,1.0,0,0.6747222222222222,0.2396047756278304,1.2246467991473532e-16,-1.0,0,0,0.1,10,0,0,0,0,0,0,1,0,0,0,0,0.19466666666666665,0,0,0,0,0,0.0,0,0,0.0,0
invictus_enriched.csv:2426,benjamin,2023-07-10 12:27:43+00:00,0,1,0.8,2,1,0.9177777777777778,0,0.7569444444444444,0.2157798165137615,1.2246467991473532e-16,-1.0,0,0,0.1,1,0,0,0,0,0,0,1,0,0,0,0,0.037333333333333336,0,0,0,0,0,0.0,0,0,0.0,0
invictus_enriched.csv:2429,benjamin,2023-07-10 12:27:45+00:00,0,1,0.8,2,1,0.9994444444444445,0,0.7575,0.2178217821782178,1.2246467991473532e-16,-1.0,0,0,0.1,15,0,0,0,0,0,0,1,0,0,0,0,0.0026666666666666666,0,0,0,0,0,0.0,0,0,0.0,0
invictus_enriched.csv:2430,benjamin,2023-07-10 12:27:46+00:00,0,1,0.8,2,1,0.9997222222222222,0,0.7577777777777778,0.219941348973607,1.2246467991473532e-16,-1.0,0,0,0.2,17,1,0,0,0,0,1,1,0,0,0,0,0.0026666666666666666,0,0,0,0,0,0.0,0,0,0.0,0
invictus_enriched.csv:2436,benjamin,2023-07-10 12:27:48+00:00,0,0,0.8,2,1,0.9994444444444445,0,0.7583333333333333,0.221978021978022,1.2246467991473532e-16,-1.0,0,0,0.1,10,0,0,0,0,0,0,1,0,0,0,0,0.19466666666666665,0,0,0,0,0,0.0,0,0,0.0,0
invictus_enriched.csv:2437,benjamin,2023-07-10 12:27:48+00:00,0,0,0.8,2,1,1.0,0,0.7583333333333333,0.22417582417582418,1.2246467991473532e-16,-1.0,0,0,0.1,10,0,0,0,0,0,0,1,0,0,0,1,0.196,0,0,0,0,0,0.0,0,0,0.0,0
invictus_enriched.csv:2896,benjamin,2023-07-10 12:32:49+00:00,0,0,0.8,2,1,0.9163888888888889,0,0.8419444444444445,0.20389310458594526,1.2246467991473532e-16,-1.0,0,0,0.1,10,0,0,0,0,0,0,1,0,0,0,0,0.19466666666666665,0,0,0,0,0,0.0,0,0,0.0,0
invictus_enriched.csv:2897,benjamin,2023-07-10 12:32:49+00:00,0,0,0.8,2,1,1.0,0,0.8419444444444445,0.20587264929066315,1.2246467991473532e-16,-1.0,0,0,0.1,10,0,0,0,0,0,0,1,0,0,0,1,0.196,0,0,0,0,0,0.0,0,0,0.0,0
invictus_enriched.csv:2899,benjamin,2023-07-10 12:37:50+00:00,0,0,0.8,2,1,0.9163888888888889,0,0.9255555555555556,0.18907563025210086,1.2246467991473532e-16,-1.0,0,0,0.1,10,0,0,0,0,0,0,1,0,0,0,1,0.196,0,0,0,0,0,0.0,0,0,0.0,0
invictus_enriched.csv:84,bert-jan,2023-07-10 11:54:33+00:00,0,1,0.8,2,1,0.0,1,0.0,0.1,0.258819045102521,-0.9659258262890682,0,0,0.1,21,3,0,0,0,0,0,1,0,0,0,0,0.064,0,0,0,0,0,0.0,0,0,0.0,0
invictus_enriched.csv:85,bert-jan,2023-07-10 11:54:38+00:00,0,1,0.8,2,1,0.9986111111111111,1,0.001388888888888889,1.0,0.258819045102521,-0.9659258262890682,0,0,0.2,22,2,0,0,0,0,0,1,0,1,0,0,0.0026666666666666666,0,0,0,0,0,0.0,0,0,0.0,0
invictus_enriched.csv:86,bert-jan,2023-07-10 11:54:38+00:00,0,1,0.8,2,1,1.0,1,0.001388888888888889,1.0,0.258819045102521,-0.9659258262890682,0,0,0.1,23,1,0,0,0,0,1,1,0,0,0,0,0.0026666666666666666,0,0,0,0,0,0.0,0,0,0.0,0
invictus_enriched.csv:87,bert-jan,2023-07-10 11:54:39+00:00,0,1,0.8,2,1,0.9997222222222222,1,0.0016666666666666668,1.0,0.258819045102521,-0.9659258262890682,0,0,0.7,24,1,1,0,0,0,1,0,0,0,0,0,0.4866666666666667,0,0,0,0,0,0.2,0,0,0.6,1
invictus_enriched.csv:88,bert-jan,2023-07-10 11:54:39+00:00,0,1,0.8,2,1,1.0,0,0.0016666666666666668,1.0,0.258819045102521,-0.9659258262890682,0,0,0.1,23,1,0,0,0,0,1,1,0,0,0,0,0.0026666666666666666,0,0,0,0,0,0.0,0,0,0.0,0
invictus_enriched.csv:89,bert-jan,2023-07-10 11:54:39+00:00,0,1,0.8,2,1,1.0,1,0.0016666666666666668,1.0,0.258819045102521,-0.9659258262890682,0,0,0.1,25,1,1,0,0,0,1,0,0,0,0,0,0.30533333333333335,0,0,0,0,1,0.2,0,1,0.0,1
invictus_enriched.csv:90,bert-jan,2023-07-10 11:54:40+00:00,0,1,0.8,2,1,0.9997222222222222,1,0.0019444444444444444,1.0,0.258819045102521,-0.9659258262890682,0,0,0.1,26,1,0,0,0,0,1,1,0,0,0,0,0.07866666666666666,0,0,0,0,0,0.0,0,0,0.0,0
invictus_enriched.csv:91,bert-jan,2023-07-10 11:54:41+00:00,0,1,0.8,2,1,0.9997222222222222,1,0.0022222222222222222,1.0,0.258819045102521,-0.9659258262890682,0,0,0.1,27,1,0,0,0,0,1,1,0,0,0,0,0.07866666666666666,0,0,0,0,1,0.0,0,0,0.0,0
invictus_enriched.csv:92,bert-jan,2023-07-10 11:54:41+00:00,0,1,0.8,2,1,1.0,1,0.0022222222222222222,1.0,0.258819045102521,-0.9659258262890682,0,0,0.1,28,1,0,0,0,0,1,1,0,0,0,0,0.07866666666666666,0,0,0,0,0,0.0,0,0,0.0,0
invictus_enriched.csv:93,bert-jan,2023-07-10 11:54:41+00:00,0,1,0.8,2,1,1.0,1,0.0022222222222222222,1.0,0.258819045102521,-0.9659258262890682,0,0,0.1,29,1,0,0,0,0,1,1,0,0,0,0,0.12,0,0,0,0,0,0.0,0,0,0.0,0
invictus_enriched.csv:94,bert-jan,2023-07-10 11:54:42+00:00,0,1,0.8,2,1,0.9997222222222222,1,0.0025,1.0,0.258819045102521,-0.9659258262890682,0,0,0.6,30,2,0,0,1,1,0,0,0,0,0,0,0.0026666666666666666,0,0,0,0,0,0.0,0,0,0.0,0
invictus_enriched.csv:95,bert-jan,2023-07-10 11:54:44+00:00,0,1,0.8,2,1,0.9994444444444445,0,0.0030555555555555557,1.0,0.258819045102521,-0.9659258262890682,0,0,0.6,30,2,0,0,1,1,0,0,0,0,0,0,0.0026666666666666666,0,0,0,0,0,0.0,0,0,0.0,0
invictus_enriched.csv:96,bert-jan,2023-07-10 11:54:47+00:00,0,1,0.8,2,1,0.9991666666666666,0,0.0038888888888888888,1.0,0.258819045102521,-0.9659258262890682,0,0,0.6,30,2,0,0,0,0,0,0,0,0,0,0,0.22133333333333333,0,0,0,0,0,0.0,0,0,0.0,0
invictus_enriched.csv:97,bert-jan,2023-07-10 11:54:47+00:00,0,1,0.8,2,1,1.0,0,0.0038888888888888888,1.0,0.258819045102521,-0.9659258262890682,0,0,0.6,30,2,0,0,1,1,0,0,0,0,0,0,0.0026666666666666666,0,0,0,0,0,0.0,0,0,0.0,0
invictus_enriched.csv:101,bert-jan,2023-07-10 11:54:47+00:00,0,1,0.8,2,1,1.0,0,0.0038888888888888888,1.0,0.258819045102521,-0.9659258262890682,0,0,0.6,30,2,0,0,0,0,0,0,0,0,0,0,0.22133333333333333,0,0,0,0,0,0.0,0,0,0.0,0
invictus_enriched.csv:128,bert-jan,2023-07-10 11:55:01+00:00,0,1,0.8,2,1,0.9961111111111111,0,0.0077777777777777776,1.0,0.258819045102521,-0.9659258262890682,0,0,0.1,21,3,0,0,0,0,0,1,0,0,0,0,0.064,0,0,0,0,0,0.0,0,0,0.0,0
invictus_enriched.csv:129,bert-jan,2023-07-10 11:55:06+00:00,0,1,0.8,2,1,0.9986111111111111,0,0.009166666666666667,1.0,0.258819045102521,-0.9659258262890682,0,0,0.1,23,1,0,0,0,0,1,1,0,0,0,0,0.0026666666666666666,0,0,0,0,0,0.0,0,0,0.0,0
invictus_enriched.csv:130,bert-jan,2023-07-10 11:55:06+00:00,0,1,0.8,2,1,1.0,1,0.009166666666666667,1.0,0.258819045102521,-0.9659258262890682,0,0,0.1,32,3,0,0,0,0,0,1,0,0,0,0,0.2,0,0,0,0,0,0.0,0,0,0.0,0
invictus_enriched.csv:131,bert-jan,2023-07-10 11:55:06+00:00,0,1,0.8,2,1,1.0,1,0.009166666666666667,1.0,0.258819045102521,-0.9659258262890682,0,0,0.1,33,3,0,0,0,0,0,1,0,0,0,0,0.26266666666666666,0,0,0,0,0,0.0,0,0,0.0,0
invictus_enriched.csv:132,bert-jan,2023-07-10 11:55:07+00:00,0,1,0.8,2,1,0.9997222222222222,0,0.009444444444444445,1.0,0.258819045102521,-0.9659258262890682,0,0,0.1,23,1,0,0,0,0,1,1,0,0,0,0,0.0026666666666666666,0,0,0,0,0,0.0,0,0,0.0,0
invictus_enriched.csv:133,bert-jan,2023-07-10 11:55:08+00:00,0,1,0.8,2,1,0.9997222222222222,0,0.009722222222222222,1.0,0.258819045102521,-0.9659258262890682,0,0,0.7,24,1,1,0,0,0,1,0,0,0,0,0,0.6426666666666667,0,0,0,0,0,0.2,0,0,0.6,1
invictus_enriched.csv:134,bert-jan,2023-07-10 11:55:08+00:00,0,1,0.8,2,1,1.0,0,0.009722222222222222,1.0,0.258819045102521,-0.9659258262890682,0,0,0.1,25,1,1,0,0,0,1,0,0,0,0,0,0.412,0,0,0,0,1,0.2,0,1,0.0,1
invictus_enriched.csv:135,bert-jan,2023-07-10 11:55:08+00:00,0,1,0.8,2,1,1.0,1,0.009722222222222222,1.0,0.258819045102521,-0.9659258262890682,0,0,0.1,34,3,1,0,0,0,0,0,0,0,0,0,0.37733333333333335,0,0,0,0,0,0.0,0,0,0.0,0
invictus_enriched.csv:136,bert-jan,2023-07-10 11:55:08+00:00,0,1,0.8,2,1,1.0,1,0.009722222222222222,1.0,0.258819045102521,-0.9659258262890682,0,0,0.1,35,3,0,0,0,0,0,1,0,0,0,0,0.15733333333333333,0,0,0,0,0,0.0,0,0,0.0,0
invictus_enriched.csv:137,bert-jan,2023-07-10 11:55:08+00:00,0,1,0.8,2,1,1.0,0,0.009722222222222222,1.0,0.258819045102521,-0.9659258262890682,0,0,0.1,26,1,0,0,0,0,1,1,0,0,0,0,0.07866666666666666,0,0,0,0,0,0.0,0,0,0.0,0
invictus_enriched.csv:138,bert-jan,2023-07-10 11:55:08+00:00,0,1,0.8,2,1,1.0,1,0.009722222222222222,1.0,0.258819045102521,-0.9659258262890682,0,0,0.1,36,3,1,0,0,0,0,0,0,0,0,0,0.296,0,0,0,0,0,0.0,0,0,0.0,0
invictus_enriched.csv:139,bert-jan,2023-07-10 11:55:08+00:00,0,1,0.8,2,1,1.0,1,0.009722222222222222,1.0,0.258819045102521,-0.9659258262890682,0,0,0.1,37,3,0,0,0,0,0,1,0,0,0,0,0.10133333333333333,0,0,0,0,0,0.0,0,0,0.0,0
invictus_enriched.csv:140,bert-jan,2023-07-10 11:55:09+00:00,0,1,0.8,2,1,0.9997222222222222,1,0.01,1.0,0.258819045102521,-0.9659258262890682,0,0,0.1,38,3,0,0,0,0,0,1,0,0,0,0,0.1,0,0,0,0,0,0.0,0,0,0.0,0
invictus_enriched.csv:141,bert-jan,2023-07-10 11:55:09+00:00,0,1,0.8,2,1,1.0,0,0.01,1.0,0.258819045102521,-0.9659258262890682,0,0,0.1,37,3,0,0,0,0,0,1,0,0,0,0,0.10133333333333333,0,0,0,0,0,0.0,0,0,0.0,0
invictus_enriched.csv:142,bert-jan,2023-07-10 11:55:09+00:00,0,1,0.8,2,1,1.0,0,0.01,1.0,0.258819045102521,-0.9659258262890682,0,0,0.1,28,1,0,0,0,0,1,1,0,0,0,0,0.07866666666666666,0,0,0,0,0,0.0,0,0,0.0,0
invictus_enriched.csv:143,bert-jan,2023-07-10 11:55:10+00:00,0,1,0.8,2,1,0.9997222222222222,1,0.010277777777777778,1.0,0.258819045102521,-0.9659258262890682,0,0,0.1,39,3,0,0,0,0,0,1,0,0,0,0,0.04533333333333334,0,0,0,0,0,0.0,0,0,0.0,0
invictus_enriched.csv:144,bert-jan,2023-07-10 11:55:10+00:00,0,1,0.8,2,1,1.0,0,0.010277777777777778,1.0,0.258819045102521,-0.9659258262890682,0,0,0.1,39,3,0,0,0,0,0,1,0,0,0,0,0.04533333333333334,0,0,0,0,0,0.0,0,0,0.0,0
invictus_enriched.csv:145,bert-jan,2023-07-10 11:55:10+00:00,0,1,0.8,2,1,1.0,1,0.010277777777777778,1.0,0.258819045102521,-0.9659258262890682,0,0,0.1,40,1,1,0,0,0,1,0,0,0,0,0,0.188,0,0,0,0,0,0.0,0,0,0.0,0
invictus_enriched.csv:146,bert-jan,2023-07-10 11:55:10+00:00,0,1,0.8,2,1,1.0,1,0.010277777777777778,1.0,0.258819045102521,-0.9659258262890682,0,0,0.1,41,3,0,0,0,0,0,1,0,0,0,0,0.13733333333333334,0,0,0,0,0,0.0,0,0,0.0,0
invictus_enriched.csv:147,bert-jan,2023-07-10 11:55:10+00:00,0,1,0.8,2,1,1.0,0,0.010277777777777778,1.0,0.258819045102521,-0.9659258262890682,0,0,0.1,29,1,0,0,0,0,1,1,0,0,0,0,0.11066666666666666,0,0,0,0,0,0.0,0,0,0.0,0
invictus_enriched.csv:148,bert-jan,2023-07-10 11:55:10+00:00,0,1,0.8,2,1,1.0,1,0.010277777777777778,1.0,0.258819045102521,-0.9659258262890682,0,0,0.1,42,1,1,0,0,0,1,0,0,0,0,0,0.17066666666666666,0,0,0,0,1,0.0,0,0,0.0,1
invictus_enriched.csv:149,bert-jan,2023-07-10 11:55:10+00:00,0,1,0.8,2,1,1.0,0,0.010277777777777778,1.0,0.258819045102521,-0.9659258262890682,0,0,0.1,27,1,0,0,0,0,1,1,0,0,0,0,0.07866666666666666,0,0,0,0,1,0.0,0,0,0.0,0
invictus_enriched.csv:150,bert-jan,2023-07-10 11:55:11+00:00,0,1,0.8,2,1,0.9997222222222222,1,0.010555555555555556,1.0,0.258819045102521,-0.9659258262890682,0,0,0.1,43,3,0,0,0,0,0,1,0,0,0,0,0.26,0,0,0,0,0,0.0,0,0,0.0,0
invictus_enriched.csv:151,bert-jan,2023-07-10 11:55:11+00:00,0,1,0.8,2,1,1.0,1,0.010555555555555556,1.0,0.258819045102521,-0.9659258262890682,0,0,0.1,44,1,1,0,0,0,1,0,0,0,0,0,0.17733333333333334,0,0,0,0,0,0.0,0,0,0.0,0
invictus_enriched.csv:152,bert-jan,2023-07-10 11:55:11+00:00,0,1,0.8,2,1,1.0,1,0.010555555555555556,1.0,0.258819045102521,-0.9659258262890682,0,0,0.1,45,3,0,0,0,0,0,1,0,0,0,0,0.272,0,0,0,0,0,0.0,0,0,0.0,0
invictus_enriched.csv:153,bert-jan,2023-07-10 11:55:11+00:00,0,1,0.8,2,1,1.0,1,0.010555555555555556,1.0,0.258819045102521,-0.9659258262890682,0,0,0.1,46,1,0,0,0,0,1,1,0,0,0,0,0.09866666666666667,0,0,0,0,0,0.0,0,0,0.0,0
invictus_enriched.csv:154,bert-jan,2023-07-10 11:55:11+00:00,0,1,0.8,2,1,1.0,0,0.010555555555555556,1.0,0.258819045102521,-0.9659258262890682,0,0,0.1,27,1,0,0,0,0,1,1,0,0,0,0,0.07866666666666666,0,0,0,0,1,0.0,0,0,0.0,0
invictus_enriched.csv:155,bert-jan,2023-07-10 11:55:12+00:00,0,1,0.8,2,1,0.9997222222222222,1,0.010833333333333334,1.0,0.258819045102521,-0.9659258262890682,0,0,0.1,47,3,0,0,0,0,0,1,0,0,0,0,0.304,0,0,0,0,0,0.0,0,0,0.0,0
invictus_enriched.csv:156,bert-jan,2023-07-10 11:55:12+00:00,0,1,0.8,2,1,1.0,1,0.010833333333333334,1.0,0.258819045102521,-0.9659258262890682,0,0,0.1,48,3,1,0,0,0,0,0,0,0,0,0,0.33066666666666666,0,0,0,0,0,0.0,0,0,0.0,0
invictus_enriched.csv:157,bert-jan,2023-07-10 11:55:12+00:00,0,1,0.8,2,1,1.0,1,0.010833333333333334,1.0,0.258819045102521,-0.9659258262890682,0,0,0.1,49,1,1,0,0,0,1,0,0,0,0,0,0.17066666666666666,0,0,0,0,0,0.0,0,0,0.0,0
invictus_enriched.csv:158,bert-jan,2023-07-10 11:55:12+00:00,0,1,0.8,2,1,1.0,1,0.010833333333333334,1.0,0.258819045102521,-0.9659258262890682,0,0,0.1,50,3,1,0,0,0,0,0,0,0,0,0,0.26666666666666666,0,0,0,0,0,0.0,0,0,0.0,0
invictus_enriched.csv:159,bert-jan,2023-07-10 11:55:12+00:00,0,1,0.8,2,1,1.0,0,0.010833333333333334,1.0,0.258819045102521,-0.9659258262890682,0,0,0.1,48,3,1,0,0,0,0,0,0,0,0,0,0.31466666666666665,0,0,0,0,0,0.0,0,0,0.0,0
invictus_enriched.csv:160,bert-jan,2023-07-10 11:55:13+00:00,0,1,0.8,2,1,0.9997222222222222,1,0.011111111111111112,1.0,0.258819045102521,-0.9659258262890682,0,0,0.1,51,3,1,0,0,0,0,0,0,0,0,0,0.4066666666666667,0,0,0,0,0,0.0,0,0,0.0,0
invictus_enriched.csv:161,bert-jan,2023-07-10 11:55:13+00:00,0,1,0.8,2,1,1.0,0,0.011111111111111112,1.0,0.258819045102521,-0.9659258262890682,0,0,0.1,45,3,0,0,0,0,0,1,0,0,0,0,0.12266666666666666,0,0,0,0,0,0.0,0,0,0.0,0
invictus_enriched.csv:162,bert-jan,2023-07-10 11:55:13+00:00,0,1,0.8,2,1,1.0,0,0.011111111111111112,1.0,0.258819045102521,-0.9659258262890682,0,0,0.1,45,3,0,0,0,0,0,1,0,0,0,0,0.12266666666666666,0,0,0,0,0,0.0,0,0,0.0,0
invictus_enriched.csv:163,bert-jan,2023-07-10 11:55:13+00:00,0,1,0.8,2,1,1.0,0,0.011111111111111112,1.0,0.258819045102521,-0.9659258262890682,0,0,0.1,51,3,1,0,0,0,0,0,0,0,0,0,0.408,0,0,0,0,0,0.0,0,0,0.0,0
invictus_enriched.csv:164,bert-jan,2023-07-10 11:55:13+00:00,0,1,0.8,2,1,1.0,1,0.011111111111111112,1.0,0.258819045102521,-0.9659258262890682,0,0,0.1,52,3,0,0,0,0,0,1,0,0,0,0,0.136,0,0,0,0,0,0.0,0,0,0.0,0
invictus_enriched.csv:165,bert-jan,2023-07-10 11:55:13+00:00,0,1,0.8,2,1,1.0,1,0.011111111111111112,1.0,0.258819045102521,-0.9659258262890682,0,0,0.1,53,3,0,0,0,0,0,1,0,0,0,0,0.11333333333333333,0,0,0,0,0,0.0,0,0,0.0,0
invictus_enriched.csv:166,bert-jan,2023-07-10 11:55:13+00:00,0,1,0.8,2,1,1.0,0,0.011111111111111112,1.0,0.258819045102521,-0.9659258262890682,0,0,0.1,53,3,0,0,0,0,0,1,0,0,0,0,0.11333333333333333,0,0,0,0,0,0.0,0,0,0.0,0
invictus_enriched.csv:167,bert-jan,2023-07-10 11:55:13+00:00,0,1,0.8,2,1,1.0,0,0.011111111111111112,1.0,0.258819045102521,-0.9659258262890682,0,0,0.1,45,3,0,0,0,0,0,1,0,0,0,0,0.12266666666666666,0,0,0,0,0,0.0,0,0,0.0,0
invictus_enriched.csv:168,bert-jan,2023-07-10 11:55:13+00:00,0,1,0.8,2,1,1.0,0,0.011111111111111112,1.0,0.258819045102521,-0.9659258262890682,0,0,0.1,45,3,0,0,0,0,0,1,0,0,0,0,0.12266666666666666,0,0,0,0,0,0.0,0,0,0.0,0
invictus_enriched.csv:169,bert-jan,2023-07-10 11:55:13+00:00,0,1,0.8,2,1,1.0,0,0.011111111111111112,1.0,0.258819045102521,-0.9659258262890682,0,0,0.1,53,3,0,0,0,0,0,1,0,0,0,0,0.11333333333333333,0,0,0,0,0,0.0,0,0,0.0,0
invictus_enriched.csv:170,bert-jan,2023-07-10 11:55:13+00:00,0,1,0.8,2,1,1.0,0,0.011111111111111112,1.0,0.258819045102521,-0.9659258262890682,0,0,0.1,53,3,0,0,0,0,0,1,0,0,0,0,0.11333333333333333,0,0,0,0,0,0.0,0,0,0.0,0
invictus_enriched.csv:171,bert-jan,2023-07-10 11:55:13+00:00,0,1,0.8,2,1,1.0,1,0.011111111111111112,1.0,0.258819045102521,-0.9659258262890682,0,0,0.1,54,3,1,0,0,0,0,0,0,0,0,0,0.10666666666666667,0,0,0,0,1,0.0,0,0,0.0,0
invictus_enriched.csv:172,bert-jan,2023-07-10 11:55:14+00:00,0,1,0.8,2,1,0.9997222222222222,1,0.01138888888888889,1.0,0.258819045102521,-0.9659258262890682,0,0,0.1,55,3,1,0,0,0,0,0,0,0,0,0,0.108,0,0,0,0,0,0.0,0,0,0.0,0
invictus_enriched.csv:173,bert-jan,2023-07-10 11:55:14+00:00,0,1,0.8,2,1,1.0,0,0.01138888888888889,1.0,0.258819045102521,-0.9659258262890682,0,0,0.1,45,3,0,0,0,0,0,1,0,0,0,0,0.22266666666666668,0,0,0,0,0,0.0,0,0,0.0,0
invictus_enriched.csv:174,bert-jan,2023-07-10 11:55:14+00:00,0,1,0.8,2,1,1.0,1,0.01138888888888889,1.0,0.258819045102521,-0.9659258262890682,0,0,0.1,56,3,1,0,0,0,0,0,0,0,0,0,0.44,0,0,0,0,0,0.0,0,0,0.0,0
invictus_enriched.csv:175,bert-jan,2023-07-10 11:55:14+00:00,0,1,0.8,2,1,1.0,1,0.01138888888888889,1.0,0.258819045102521,-0.9659258262890682,0,0,0.1,57,3,1,0,0,0,0,0,0,0,0,0,0.15466666666666667,0,0,0,0,0,0.0,0,0,0.0,0
invictus_enriched.csv:176,bert-jan,2023-07-10 11:55:14+00:00,0,1,0.8,2,1,1.0,0,0.01138888888888889,1.0,0.258819045102521,-0.9659258262890682,0,0,0.1,45,3,0,0,0,0,0,1,0,0,0,0,0.22266666666666668,0,0,0,0,0,0.0,0,0,0.0,0
invictus_enriched.csv:177,bert-jan,2023-07-10 11:55:14+00:00,0,1,0.8,2,1,1.0,0,0.01138888888888889,1.0,0.258819045102521,-0.9659258262890682,0,0,0.1,52,3,0,0,0,0,0,1,0,0,0,0,0.136,0,0,0,0,0,0.0,0,0,0.0,0
invictus_enriched.csv:178,bert-jan,2023-07-10 11:55:14+00:00,0,1,0.8,2,1,1.0,0,0.01138888888888889,1.0,0.258819045102521,-0.9659258262890682,0,0,0.1,55,3,1,0,0,0,0,0,0,0,0,0,0.108,0,0,0,0,0,0.0,0,0,0.0,0
invictus_enriched.csv:179,bert-jan,2023-07-10 11:55:14+00:00,0,1,0.8,2,1,1.0,1,0.01138888888888889,1.0,0.258819045102521,-0.9659258262890682,0,0,0.1,58,3,1,0,0,0,0,0,0,0,0,0,0.5546666666666666,0,0,0,0,0,0.0,0,0,0.0,0
invictus_enriched.csv:180,bert-jan,2023-07-10 11:55:15+00:00,0,1,0.8,2,1,0.9997222222222222,1,0.011666666666666667,1.0,0.258819045102521,-0.9659258262890682,0,0,0.1,59,3,0,0,0,0,0,1,0,0,0,0,0.128,0,0,0,0,0,0.0,0,0,0.0,0
invictus_enriched.csv:181,bert-jan,2023-07-10 11:55:15+00:00,0,1,0.8,2,1,1.0,1,0.011666666666666667,1.0,0.258819045102521,-0.9659258262890682,0,0,0.1,60,3,0,0,0,0,0,1,0,0,0,0,0.13866666666666666,0,0,0,0,0,0.0,0,0,0.0,0
invictus_enriched.csv:182,bert-jan,2023-07-10 11:55:15+00:00,0,1,0.8,2,1,1.0,0,0.011666666666666667,1.0,0.258819045102521,-0.9659258262890682,0,0,0.1,45,3,0,0,0,0,0,1,0,0,0,0,0.22266666666666668,0,0,0,0,0,0.0,0,0,0.0,0
invictus_enriched.csv:183,bert-jan,2023-07-10 11:55:15+00:00,0,1,0.8,2,1,1.0,0,0.011666666666666667,1.0,0.258819045102521,-0.9659258262890682,0,0,0.1,60,3,0,0,0,0,0,1,0,0,0,0,0.13866666666666666,0,0,0,0,0,0.0,0,0,0.0,0
invictus_enriched.csv:184,bert-jan,2023-07-10 11:55:15+00:00,0,1,0.8,2,1,1.0,0,0.011666666666666667,1.0,0.258819045102521,-0.9659258262890682,0,0,0.1,45,3,0,0,0,0,0,1,0,0,0,0,0.12266666666666666,0,0,0,0,0,0.0,0,0,0.0,0
invictus_enriched.csv:185,bert-jan,2023-07-10 11:55:15+00:00,0,1,0.8,2,1,1.0,0,0.011666666666666667,1.0,0.258819045102521,-0.9659258262890682,0,0,0.1,45,3,0,0,0,0,0,1,0,0,0,0,0.12266666666666666,0,0,0,0,0,0.0,0,0,0.0,0
invictus_enriched.csv:186,bert-jan,2023-07-10 11:55:15+00:00,0,1,0.8,2,1,1.0,0,0.011666666666666667,1.0,0.258819045102521,-0.9659258262890682,0,0,0.1,45,3,0,0,0,0,0,1,0,0,0,0,0.22266666666666668,0,0,0,0,0,0.0,0,0,0.0,0
invictus_enriched.csv:187,bert-jan,2023-07-10 11:55:15+00:00,0,1,0.8,2,1,1.0,0,0.011666666666666667,1.0,0.258819045102521,-0.9659258262890682,0,0,0.1,59,3,0,0,0,0,0,1,0,0,0,0,0.128,0,0,0,0,0,0.0,0,0,0.0,0
invictus_enriched.csv:188,bert-jan,2023-07-10 11:55:16+00:00,0,1,0.8,2,1,0.9997222222222222,1,0.011944444444444445,1.0,0.258819045102521,-0.9659258262890682,0,0,0.1,61,3,1,0,1,0,0,0,0,0,0,0,1.0,0,0,0,0,0,0.0,0,0,0.0,0
invictus_enriched.csv:189,bert-jan,2023-07-10 11:55:16+00:00,0,1,0.8,2,1,1.0,0,0.011944444444444445,1.0,0.258819045102521,-0.9659258262890682,0,0,0.1,45,3,0,0,0,0,0,1,0,0,0,0,0.12266666666666666,0,0,0,0,0,0.0,0,0,0.0,0
invictus_enriched.csv:190,bert-jan,2023-07-10 11:55:16+00:00,0,1,0.8,2,1,1.0,0,0.011944444444444445,1.0,0.258819045102521,-0.9659258262890682,0,0,0.1,59,3,0,0,0,0,0,1,0,0,0,0,0.128,0,0,0,0,0,0.0,0,0,0.0,0
invictus_enriched.csv:191,bert-jan,2023-07-10 11:55:17+00:00,0,1,0.8,2,1,0.9997222222222222,0,0.012222222222222223,1.0,0.258819045102521,-0.9659258262890682,0,0,0.1,59,3,0,0,0,0,0,1,0,0,0,0,0.128,0,0,0,0,0,0.0,0,0,0.0,0
invictus_enriched.csv:192,bert-jan,2023-07-10 11:55:18+00:00,0,1,0.8,2,1,0.9997222222222222,0,0.0125,1.0,0.258819045102521,-0.9659258262890682,0,0,0.1,61,3,1,0,1,0,0,0,0,0,0,0,1.0,0,0,0,0,0,0.0,0,0,0.0,0
invictus_enriched.csv:193,bert-jan,2023-07-10 11:55:19+00:00,0,1,0.8,2,1,0.9997222222222222,0,0.012777777777777779,1.0,0.258819045102521,-0.9659258262890682,0,0,0.1,59,3,0,0,0,0,0,1,0,0,0,0,0.128,0,0,0,0,0,0.0,0,0,0.0,0
invictus_enriched.csv:194,bert-jan,2023-07-10 11:55:21+00:00,0,1,0.8,2,1,0.9994444444444445,0,0.013333333333333334,1.0,0.258819045102521,-0.9659258262890682,0,0,0.1,61,3,1,0,0,0,0,0,0,0,0,0,1.0,0,0,0,0,0,0.0,0,0,0.0,0
invictus_enriched.csv:197,bert-jan,2023-07-10 11:55:23+00:00,0,1,0.8,2,1,0.9994444444444445,0,0.013888888888888888,1.0,0.258819045102521,-0.9659258262890682,0,0,0.1,59,3,0,0,0,0,0,1,0,0,0,0,0.128,0,0,0,0,0,0.0,0,0,0.0,0
invictus_enriched.csv:202,bert-jan,2023-07-10 11:55:30+00:00,0,1,0.8,2,1,0.9980555555555556,0,0.015833333333333335,1.0,0.258819045102521,-0.9659258262890682,0,0,0.1,59,3,0,0,0,0,0,1,0,0,0,0,0.128,0,0,0,0,0,0.0,0,0,0.0,0
invictus_enriched.csv:203,bert-jan,2023-07-10 11:55:31+00:00,0,1,0.8,2,1,0.9997222222222222,1,0.01611111111111111,1.0,0.258819045102521,-0.9659258262890682,0,0,0.2,63,3,0,0,0,0,0,1,0,0,0,0,0.11333333333333333,0,0,0,0,0,0.0,0,0,0.0,0
invictus_enriched.csv:204,bert-jan,2023-07-10 11:55:32+00:00,0,1,0.8,2,1,0.9997222222222222,1,0.01638888888888889,1.0,0.258819045102521,-0.9659258262890682,0,0,0.1,64,3,0,0,0,0,0,1,0,0,0,0,0.25466666666666665,0,0,0,0,0,0.0,0,0,0.0,0
invictus_enriched.csv:205,bert-jan,2023-07-10 11:55:32+00:00,0,1,0.8,2,1,1.0,0,0.01638888888888889,1.0,0.258819045102521,-0.9659258262890682,0,0,0.2,63,3,0,0,0,0,0,1,0,0,0,0,0.11333333333333333,0,0,0,0,0,0.0,0,0,0.0,0
invictus_enriched.csv:206,bert-jan,2023-07-10 11:55:33+00:00,0,1,0.8,2,1,0.9997222222222222,1,0.016666666666666666,1.0,0.258819045102521,-0.9659258262890682,0,0,0.1,65,3,0,0,0,0,0,1,0,0,0,0,0.116,0,0,0,0,0,0.0,0,0,0.0,0
invictus_enriched.csv:207,bert-jan,2023-07-10 11:55:33+00:00,0,1,0.8,2,1,1.0,0,0.016666666666666666,1.0,0.258819045102521,-0.9659258262890682,0,0,0.1,37,3,0,0,0,0,0,1,0,0,0,0,0.10133333333333333,0,0,0,0,0,0.0,0,0,0.0,0
invictus_enriched.csv:208,bert-jan,2023-07-10 11:55:34+00:00,0,1,0.8,2,1,0.9997222222222222,0,0.016944444444444446,1.0,0.258819045102521,-0.9659258262890682,0,0,0.1,65,3,0,0,0,0,0,1,0,0,0,0,0.1,0,0,0,0,0,0.0,0,0,0.0,0
invictus_enriched.csv:209,bert-jan,2023-07-10 11:55:34+00:00,0,1,0.8,2,1,1.0,1,0.016944444444444446,1.0,0.258819045102521,-0.9659258262890682,0,0,0.1,66,3,0,0,0,0,0,1,0,0,0,0,0.10933333333333334,0,0,0,0,0,0.0,0,0,0.0,0
invictus_enriched.csv:210,bert-jan,2023-07-10 11:55:35+00:00,0,1,0.8,2,1,0.9997222222222222,1,0.017222222222222222,1.0,0.258819045102521,-0.9659258262890682,0,0,0.1,67,3,0,0,0,0,0,1,0,0,0,0,0.14533333333333334,0,0,0,0,0,0.0,0,0,0.0,0
invictus_enriched.csv:211,bert-jan,2023-07-10 11:55:35+00:00,0,1,0.8,2,1,1.0,0,0.017222222222222222,1.0,0.258819045102521,-0.9659258262890682,0,0,0.1,65,3,0,0,0,0,0,1,0,0,0,0,0.08266666666666667,0,0,0,0,0,0.0,0,0,0.0,0
invictus_enriched.csv:212,bert-jan,2023-07-10 11:55:40+00:00,0,1,0.8,2,1,0.9986111111111111,0,0.01861111111111111,1.0,0.258819045102521,-0.9659258262890682,0,0,0.1,59,3,0,0,0,0,0,1,0,0,0,0,0.128,0,0,0,0,0,0.0,0,0,0.0,0
invictus_enriched.csv:213,bert-jan,2023-07-10 11:55:51+00:00,0,1,0.8,2,1,0.9969444444444444,0,0.021666666666666667,1.0,0.258819045102521,-0.9659258262890682,0,0,0.1,59,3,0,0,0,0,0,1,0,0,0,0,0.128,0,0,0,0,0,0.0,0,0,0.0,0
invictus_enriched.csv:214,bert-jan,2023-07-10 11:56:01+00:00,0,1,0.8,2,1,0.9972222222222222,0,0.024444444444444446,1.0,0.258819045102521,-0.9659258262890682,0,0,0.1,59,3,0,0,0,0,0,1,0,0,0,0,0.128,0,0,0,0,0,0.0,0,0,0.0,0
invictus_enriched.csv:215,bert-jan,2023-07-10 11:56:12+00:00,0,1,0.8,2,1,0.9969444444444444,0,0.0275,1.0,0.258819045102521,-0.9659258262890682,0,0,0.1,59,3,0,0,0,0,0,1,0,0,0,0,0.128,0,0,0,0,0,0.0,0,0,0.0,0
invictus_enriched.csv:216,bert-jan,2023-07-10 11:56:22+00:00,0,1,0.8,2,1,0.9972222222222222,0,0.03027777777777778,1.0,0.258819045102521,-0.9659258262890682,0,0,0.1,59,3,0,0,0,0,0,1,0,0,0,0,0.128,0,0,0,0,0,0.0,0,0,0.0,0
invictus_enriched.csv:217,bert-jan,2023-07-10 11:56:33+00:00,0,1,0.8,2,1,0.9969444444444444,0,0.03333333333333333,1.0,0.258819045102521,-0.9659258262890682,0,0,0.1,59,3,0,0,0,0,0,1,0,0,0,0,0.128,0,0,0,0,0,0.0,0,0,0.0,0
invictus_enriched.csv:218,bert-jan,2023-07-10 11:56:43+00:00,0,1,0.8,2,1,0.9972222222222222,0,0.03611111111111111,1.0,0.258819045102521,-0.9659258262890682,0,0,0.1,59,3,0,0,0,0,0,1,0,0,0,0,0.128,0,0,0,0,0,0.0,0,0,0.0,0
invictus_enriched.csv:219,bert-jan,2023-07-10 11:56:44+00:00,0,1,0.8,2,1,0.9997222222222222,0,0.03638888888888889,1.0,0.258819045102521,-0.9659258262890682,0,0,0.1,59,3,0,0,0,0,0,1,0,0,0,0,0.128,0,0,0,0,0,0.0,0,0,0.0,0
invictus_enriched.csv:220,bert-jan,2023-07-10 11:56:45+00:00,0,1,0.8,2,1,0.9997222222222222,0,0.03666666666666667,1.0,0.258819045102521,-0.9659258262890682,0,0,0.1,45,3,0,0,0,0,0,1,0,0,0,0,0.12266666666666666,0,0,0,0,0,0.0,0,0,0.0,0
invictus_enriched.csv:221,bert-jan,2023-07-10 11:56:45+00:00,0,1,0.8,2,1,1.0,0,0.03666666666666667,1.0,0.258819045102521,-0.9659258262890682,0,0,0.1,57,3,1,0,0,0,0,0,0,0,0,0,0.15866666666666668,0,0,0,0,0,0.0,0,0,0.0,0
invictus_enriched.csv:222,bert-jan,2023-07-10 11:56:46+00:00,0,1,0.8,2,1,0.9997222222222222,0,0.036944444444444446,1.0,0.258819045102521,-0.9659258262890682,0,0,0.1,45,3,0,0,0,0,0,1,0,0,0,0,0.12266666666666666,0,0,0,0,0,0.0,0,0,0.0,0
invictus_enriched.csv:223,bert-jan,2023-07-10 11:56:46+00:00,0,1,0.8,2,1,1.0,0,0.036944444444444446,1.0,0.258819045102521,-0.9659258262890682,0,0,0.1,45,3,0,0,0,0,0,1,0,0,0,0,0.12266666666666666,0,0,0,0,0,0.0,0,0,0.0,0
invictus_enriched.csv:224,bert-jan,2023-07-10 11:56:47+00:00,0,1,0.8,2,1,0.9997222222222222,1,0.03722222222222222,1.0,0.258819045102521,-0.9659258262890682,0,0,0.1,68,6,0,0,0,0,0,1,0,0,0,0,0.096,0,0,0,0,0,0.0,0,0,0.0,0
invictus_enriched.csv:225,bert-jan,2023-07-10 11:56:48+00:00,0,1,0.8,2,1,0.9997222222222222,0,0.0375,1.0,0.258819045102521,-0.9659258262890682,0,0,0.1,68,6,0,0,0,0,0,1,0,0,0,0,0.096,0,0,0,0,0,0.0,0,0,0.0,0
invictus_enriched.csv:226,bert-jan,2023-07-10 11:56:49+00:00,0,1,0.8,2,1,0.9997222222222222,0,0.03777777777777778,1.0,0.258819045102521,-0.9659258262890682,0,0,0.1,68,6,0,0,0,0,0,1,0,0,0,0,0.096,0,0,0,0,0,0.0,0,0,0.0,0
invictus_enriched.csv:227,bert-jan,2023-07-10 11:56:50+00:00,0,1,0.8,2,1,0.9997222222222222,0,0.03805555555555556,1.0,0.258819045102521,-0.9659258262890682,0,0,0.1,68,6,0,0,0,0,0,1,0,0,0,0,0.096,0,0,0,0,0,0.0,0,0,0.0,0
invictus_enriched.csv:228,bert-jan,2023-07-10 11:56:51+00:00,0,1,0.8,2,1,0.9997222222222222,0,0.03833333333333333,1.0,0.258819045102521,-0.9659258262890682,0,0,0.1,68,6,0,0,0,0,0,1,0,0,0,0,0.096,0,0,0,0,0,0.0,0,0,0.0,0
invictus_enriched.csv:229,bert-jan,2023-07-10 11:56:53+00:00,0,1,0.8,2,1,0.9994444444444445,0,0.03888888888888889,1.0,0.258819045102521,-0.9659258262890682,0,0,0.1,68,6,0,0,0,0,0,1,0,0,0,0,0.096,0,0,0,0,0,0.0,0,0,0.0,0
invictus_enriched.csv:230,bert-jan,2023-07-10 11:56:54+00:00,0,1,0.8,2,1,0.9997222222222222,0,0.03916666666666667,1.0,0.258819045102521,-0.9659258262890682,0,0,0.1,68,6,0,0,0,0,0,1,0,0,0,0,0.096,0,0,0,0,0,0.0,0,0,0.0,0
invictus_enriched.csv:231,bert-jan,2023-07-10 11:56:55+00:00,0,1,0.8,2,1,0.9997222222222222,0,0.03944444444444444,1.0,0.258819045102521,-0.9659258262890682,0,0,0.1,68,6,0,0,0,0,0,1,0,0,0,0,0.096,0,0,0,0,0,0.0,0,0,0.0,0
invictus_enriched.csv:232,bert-jan,2023-07-10 11:56:56+00:00,0,1,0.8,2,1,0.9997222222222222,0,0.03972222222222222,1.0,0.258819045102521,-0.9659258262890682,0,0,0.1,68,6,0,0,0,0,0,1,0,0,0,0,0.096,0,0,0,0,0,0.0,0,0,0.0,0
invictus_enriched.csv:233,bert-jan,2023-07-10 11:56:57+00:00,0,1,0.8,2,1,0.9997222222222222,0,0.04,1.0,0.258819045102521,-0.9659258262890682,0,0,0.1,68,6,0,0,0,0,0,1,0,0,0,0,0.096,0,0,0,0,0,0.0,0,0,0.0,0
invictus_enriched.csv:234,bert-jan,2023-07-10 11:56:58+00:00,0,1,0.8,2,1,0.9997222222222222,0,0.04027777777777778,1.0,0.258819045102521,-0.9659258262890682,0,0,0.1,68,6,0,0,0,0,0,1,0,0,0,0,0.096,0,0,0,0,0,0.0,0,0,0.0,0
invictus_enriched.csv:235,bert-jan,2023-07-10 11:56:59+00:00,0,1,0.8,2,1,0.9997222222222222,0,0.04055555555555555,1.0,0.258819045102521,-0.9659258262890682,0,0,0.1,68,6,0,0,0,0,0,1,0,0,0,0,0.096,0,0,0,0,0,0.0,0,0,0.0,0
invictus_enriched.csv:236,bert-jan,2023-07-10 11:57:00+00:00,0,1,0.8,2,1,0.9997222222222222,0,0.04083333333333333,1.0,0.258819045102521,-0.9659258262890682,0,0,0.1,68,6,0,0,0,0,0,1,0,0,0,0,0.096,0,0,0,0,0,0.0,0,0,0.0,0
invictus_enriched.csv:237,bert-jan,2023-07-10 11:57:01+00:00,0,1,0.8,2,1,0.9997222222222222,0,0.04111111111111111,1.0,0.258819045102521,-0.9659258262890682,0,0,0.1,68,6,0,0,0,0,0,1,0,0,0,0,0.096,0,0,0,0,0,0.0,0,0,0.0,0
invictus_enriched.csv:238,bert-jan,2023-07-10 11:57:03+00:00,0,1,0.8,2,1,0.9994444444444445,0,0.041666666666666664,1.0,0.258819045102521,-0.9659258262890682,0,0,0.1,68,6,0,0,0,0,0,1,0,0,0,0,0.096,0,0,0,0,0,0.0,0,0,0.0,0
invictus_enriched.csv:239,bert-jan,2023-07-10 11:57:04+00:00,0,1,0.8,2,1,0.9997222222222222,0,0.041944444444444444,1.0,0.258819045102521,-0.9659258262890682,0,0,0.1,68,6,0,0,0,0,0,1,0,0,0,0,0.096,0,0,0,0,0,0.0,0,0,0.0,0
invictus_enriched.csv:240,bert-jan,2023-07-10 11:57:05+00:00,0,1,0.8,2,1,0.9997222222222222,0,0.042222222222222223,1.0,0.258819045102521,-0.9659258262890682,0,0,0.1,68,6,0,0,0,0,0,1,0,0,0,0,0.096,0,0,0,0,0,0.0,0,0,0.0,0
invictus_enriched.csv:241,bert-jan,2023-07-10 11:57:06+00:00,0,1,0.8,2,1,0.9997222222222222,0,0.0425,1.0,0.258819045102521,-0.9659258262890682,0,0,0.1,68,6,0,0,0,0,0,1,0,0,0,0,0.096,0,0,0,0,0,0.0,0,0,0.0,0
invictus_enriched.csv:242,bert-jan,2023-07-10 11:57:07+00:00,0,1,0.8,2,1,0.9997222222222222,0,0.042777777777777776,1.0,0.258819045102521,-0.9659258262890682,0,0,0.1,68,6,0,0,0,0,0,1,0,0,0,0,0.096,0,0,0,0,0,0.0,0,0,0.0,0
invictus_enriched.csv:243,bert-jan,2023-07-10 11:57:08+00:00,0,1,0.8,2,1,0.9997222222222222,0,0.043055555555555555,1.0,0.258819045102521,-0.9659258262890682,0,0,0.1,68,6,0,0,0,0,0,1,0,0,0,0,0.096,0,0,0,0,0,0.0,0,0,0.0,0
invictus_enriched.csv:244,bert-jan,2023-07-10 11:57:09+00:00,0,1,0.8,2,1,0.9997222222222222,0,0.043333333333333335,1.0,0.258819045102521,-0.9659258262890682,0,0,0.1,68,6,0,0,0,0,0,1,0,0,0,0,0.096,0,0,0,0,0,0.0,0,0,0.0,0
invictus_enriched.csv:245,bert-jan,2023-07-10 11:57:10+00:00,0,1,0.8,2,1,0.9997222222222222,0,0.043611111111111114,1.0,0.258819045102521,-0.9659258262890682,0,0,0.1,68,6,0,0,0,0,0,1,0,0,0,0,0.096,0,0,0,0,0,0.0,0,0,0.0,0
invictus_enriched.csv:246,bert-jan,2023-07-10 11:57:11+00:00,0,1,0.8,2,1,0.9997222222222222,0,0.04388888888888889,1.0,0.258819045102521,-0.9659258262890682,0,0,0.1,68,6,0,0,0,0,0,1,0,0,0,0,0.096,0,0,0,0,0,0.0,0,0,0.0,0
invictus_enriched.csv:247,bert-jan,2023-07-10 11:57:12+00:00,0,1,0.8,2,1,0.9997222222222222,0,0.04416666666666667,1.0,0.258819045102521,-0.9659258262890682,0,0,0.1,68,6,0,0,0,0,0,1,0,0,0,0,0.096,0,0,0,0,0,0.0,0,0,0.0,0
invictus_enriched.csv:248,bert-jan,2023-07-10 11:57:14+00:00,0,1,0.8,2,1,0.9994444444444445,0,0.04472222222222222,1.0,0.258819045102521,-0.9659258262890682,0,0,0.1,68,6,0,0,0,0,0,1,0,0,0,0,0.096,0,0,0,0,0,0.0,0,0,0.0,0
invictus_enriched.csv:249,bert-jan,2023-07-10 11:57:15+00:00,0,1,0.8,2,1,0.9997222222222222,0,0.045,1.0,0.258819045102521,-0.9659258262890682,0,0,0.1,68,6,0,0,0,0,0,1,0,0,0,0,0.096,0,0,0,0,0,0.0,0,0,0.0,0
invictus_enriched.csv:250,bert-jan,2023-07-10 11:57:16+00:00,0,1,0.8,2,1,0.9997222222222222,1,0.04527777777777778,1.0,0.258819045102521,-0.9659258262890682,0,0,0.8,69,6,1,0,0,0,0,0,0,0,0,0,0.19733333333333333,0,0,0,0,0,0.0,0,0,0.0,0
invictus_enriched.csv:251,bert-jan,2023-07-10 11:57:16+00:00,0,1,0.8,2,1,1.0,1,0.04527777777777778,1.0,0.258819045102521,-0.9659258262890682,0,0,0.1,70,6,0,0,1,0,0,1,0,0,0,0,0.12,0,0,0,0,0,0.0,0,0,0.0,0
invictus_enriched.csv:252,bert-jan,2023-07-10 11:57:16+00:00,0,1,0.8,2,1,1.0,0,0.04527777777777778,1.0,0.258819045102521,-0.9659258262890682,0,0,0.1,68,6,0,0,0,0,0,1,0,0,0,0,0.096,0,0,0,0,0,0.0,0,0,0.0,0
invictus_enriched.csv:255,bert-jan,2023-07-10 11:57:21+00:00,0,1,0.8,2,1,0.9986111111111111,0,0.04666666666666667,1.0,0.258819045102521,-0.9659258262890682,0,0,0.1,70,6,0,0,0,0,0,1,0,0,0,0,0.12,0,0,0,0,0,0.0,0,0,0.0,0
invictus_enriched.csv:260,bert-jan,2023-07-10 11:57:41+00:00,0,1,0.8,2,1,0.9944444444444445,0,0.052222222222222225,1.0,0.258819045102521,-0.9659258262890682,0,0,0.1,21,3,0,0,0,0,0,1,0,0,0,0,0.064,0,0,0,0,0,0.0,0,0,0.0,0
invictus_enriched.csv:265,bert-jan,2023-07-10 11:57:46+00:00,0,1,0.8,2,1,0.9986111111111111,0,0.05361111111111111,1.0,0.258819045102521,-0.9659258262890682,0,0,0.1,23,1,0,0,0,0,1,1,0,0,0,0,0.0026666666666666666,0,0,0,0,0,0.0,0,0,0.0,0
invictus_enriched.csv:266,bert-jan,2023-07-10 11:57:47+00:00,0,1,0.8,2,1,0.9997222222222222,1,0.05388888888888889,1.0,0.258819045102521,-0.9659258262890682,0,0,0.1,75,5,1,0,0,0,0,0,0,0,0,0,0.22,0,0,0,1,0,0.0,0,0,0.0,0
invictus_enriched.csv:267,bert-jan,2023-07-10 11:57:47+00:00,0,1,0.8,2,1,1.0,0,0.05388888888888889,1.0,0.258819045102521,-0.9659258262890682,0,0,0.1,75,5,1,0,0,0,0,0,0,0,0,0,0.22133333333333333,0,0,0,1,0,0.0,0,0,0.0,0
invictus_enriched.csv:268,bert-jan,2023-07-10 11:57:47+00:00,0,1,0.8,2,1,1.0,1,0.05388888888888889,1.0,0.258819045102521,-0.9659258262890682,0,0,0.1,76,5,0,0,0,0,0,1,0,0,0,0,0.14666666666666667,0,0,0,1,0,0.0,0,0,0.0,0
invictus_enriched.csv:269,bert-jan,2023-07-10 11:57:47+00:00,0,1,0.8,2,1,1.0,0,0.05388888888888889,1.0,0.258819045102521,-0.9659258262890682,0,0,0.1,76,5,0,0,0,0,0,1,0,0,0,0,0.148,0,0,0,1,0,0.0,0,0,0.0,0
invictus_enriched.csv:270,bert-jan,2023-07-10 11:57:47+00:00,0,1,0.8,2,1,1.0,0,0.05388888888888889,1.0,0.258819045102521,-0.9659258262890682,0,0,0.1,75,5,1,0,0,0,0,0,0,0,0,0,0.22,0,0,0,1,0,0.0,0,0,0.0,0
invictus_enriched.csv:271,bert-jan,2023-07-10 11:57:47+00:00,0,1,0.8,2,1,1.0,0,0.05388888888888889,1.0,0.258819045102521,-0.9659258262890682,0,0,0.1,75,5,1,0,0,0,0,0,0,0,0,0,0.22,0,0,0,1,0,0.0,0,0,0.0,0
invictus_enriched.csv:272,bert-jan,2023-07-10 11:57:47+00:00,0,1,0.8,2,1,1.0,0,0.05388888888888889,1.0,0.258819045102521,-0.9659258262890682,0,0,0.1,75,5,1,0,0,0,0,0,0,0,0,0,0.22,0,0,0,1,0,0.0,0,0,0.0,0
invictus_enriched.csv:273,bert-jan,2023-07-10 11:57:47+00:00,0,1,0.8,2,1,1.0,0,0.05388888888888889,1.0,0.258819045102521,-0.9659258262890682,0,0,0.1,76,5,0,0,0,0,0,1,0,0,0,0,0.148,0,0,0,1,0,0.0,0,0,0.0,0
invictus_enriched.csv:274,bert-jan,2023-07-10 11:57:47+00:00,0,1,0.8,2,1,1.0,0,0.05388888888888889,1.0,0.258819045102521,-0.9659258262890682,0,0,0.1,75,5,1,0,0,0,0,0,0,0,0,0,0.22133333333333333,0,0,0,1,0,0.0,0,0,0.0,0
invictus_enriched.csv:275,bert-jan,2023-07-10 11:57:47+00:00,0,1,0.8,2,1,1.0,0,0.05388888888888889,1.0,0.258819045102521,-0.9659258262890682,0,0,0.1,76,5,0,0,0,0,0,1,0,0,0,0,0.148,0,0,0,1,0,0.0,0,0,0.0,0
invictus_enriched.csv:276,bert-jan,2023-07-10 11:57:47+00:00,0,1,0.8,2,1,1.0,0,0.05388888888888889,1.0,0.258819045102521,-0.9659258262890682,0,0,0.1,76,5,0,0,0,0,0,1,0,0,0,0,0.148,0,0,0,1,0,0.0,0,0,0.0,0
invictus_enriched.csv:277,bert-jan,2023-07-10 11:57:47+00:00,0,1,0.8,2,1,1.0,0,0.05388888888888889,1.0,0.258819045102521,-0.9659258262890682,0,0,0.1,76,5,0,0,0,0,0,1,0,0,0,0,0.14666666666666667,0,0,0,1,0,0.0,0,0,0.0,0
invictus_enriched.csv:278,bert-jan,2023-07-10 11:57:47+00:00,0,1,0.8,2,1,1.0,0,0.05388888888888889,1.0,0.258819045102521,-0.9659258262890682,0,0,0.1,76,5,0,0,0,0,0,1,0,0,0,0,0.148,0,0,0,1,0,0.0,0,0,0.0,0
invictus_enriched.csv:279,bert-jan,2023-07-10 11:57:47+00:00,0,1,0.8,2,1,1.0,0,0.05388888888888889,1.0,0.258819045102521,-0.9659258262890682,0,0,0.1,75,5,1,0,0,0,0,0,0,0,0,0,0.22133333333333333,0,0,0,1,0,0.0,0,0,0.0,0
invictus_enriched.csv:280,bert-jan,2023-07-10 11:57:47+00:00,0,1,0.8,2,1,1.0,0,0.05388888888888889,1.0,0.258819045102521,-0.9659258262890682,0,0,0.1,76,5,0,0,0,0,0,1,0,0,0,0,0.14666666666666667,0,0,0,1,0,0.0,0,0,0.0,0
invictus_enriched.csv:281,bert-jan,2023-07-10 11:57:47+00:00,0,1,0.8,2,1,1.0,0,0.05388888888888889,1.0,0.258819045102521,-0.9659258262890682,0,0,0.1,75,5,1,0,0,0,0,0,0,0,0,0,0.22133333333333333,0,0,0,1,0,0.0,0,0,0.0,0
invictus_enriched.csv:282,bert-jan,2023-07-10 11:57:47+00:00,0,1,0.8,2,1,1.0,0,0.05388888888888889,1.0,0.258819045102521,-0.9659258262890682,0,0,0.1,76,5,0,0,0,0,0,1,0,0,0,0,0.148,0,0,0,1,0,0.0,0,0,0.0,0
invictus_enriched.csv:283,bert-jan,2023-07-10 11:57:47+00:00,0,1,0.8,2,1,1.0,0,0.05388888888888889,1.0,0.258819045102521,-0.9659258262890682,0,0,0.1,23,1,0,0,0,0,1,1,0,0,0,0,0.0026666666666666666,0,0,0,0,0,0.0,0,0,0.0,0
invictus_enriched.csv:284,bert-jan,2023-07-10 11:57:47+00:00,0,1,0.8,2,1,1.0,0,0.05388888888888889,1.0,0.258819045102521,-0.9659258262890682,0,0,0.1,75,5,1,0,0,0,0,0,0,0,0,0,0.22133333333333333,0,0,0,1,0,0.0,0,0,0.0,0
invictus_enriched.csv:285,bert-jan,2023-07-10 11:57:47+00:00,0,1,0.8,2,1,1.0,0,0.05388888888888889,1.0,0.258819045102521,-0.9659258262890682,0,0,0.1,76,5,0,0,0,0,0,1,0,0,0,0,0.14666666666666667,0,0,0,1,0,0.0,0,0,0.0,0
invictus_enriched.csv:286,bert-jan,2023-07-10 11:57:47+00:00,0,1,0.8,2,1,1.0,0,0.05388888888888889,1.0,0.258819045102521,-0.9659258262890682,0,0,0.1,75,5,1,0,0,0,0,0,0,0,0,0,0.22133333333333333,0,0,0,1,0,0.0,0,0,0.0,0
invictus_enriched.csv:287,bert-jan,2023-07-10 11:57:48+00:00,0,1,0.8,2,1,0.9997222222222222,0,0.05416666666666667,1.0,0.258819045102521,-0.9659258262890682,0,0,0.1,75,5,1,0,0,0,0,0,0,0,0,0,0.22,0,0,0,1,0,0.0,0,0,0.0,0
invictus_enriched.csv:288,bert-jan,2023-07-10 11:57:48+00:00,0,1,0.8,2,1,1.0,0,0.05416666666666667,1.0,0.258819045102521,-0.9659258262890682,0,0,0.1,75,5,1,0,0,0,0,0,0,0,0,0,0.22,0,0,0,1,0,0.0,0,0,0.0,0
invictus_enriched.csv:289,bert-jan,2023-07-10 11:57:48+00:00,0,1,0.8,2,1,1.0,0,0.05416666666666667,1.0,0.258819045102521,-0.9659258262890682,0,0,0.1,75,5,1,0,0,0,0,0,0,0,0,0,0.22133333333333333,0,0,0,1,0,0.0,0,0,0.0,0
invictus_enriched.csv:290,bert-jan,2023-07-10 11:57:48+00:00,0,1,0.8,2,1,1.0,0,0.05416666666666667,1.0,0.258819045102521,-0.9659258262890682,0,0,0.1,76,5,0,0,0,0,0,1,0,0,0,0,0.14666666666666667,0,0,0,1,0,0.0,0,0,0.0,0
invictus_enriched.csv:291,bert-jan,2023-07-10 11:57:48+00:00,0,1,0.8,2,1,1.0,0,0.05416666666666667,1.0,0.258819045102521,-0.9659258262890682,0,0,0.1,75,5,1,0,0,0,0,0,0,0,0,0,0.22133333333333333,0,0,0,1,0,0.0,0,0,0.0,0
invictus_enriched.csv:292,bert-jan,2023-07-10 11:57:48+00:00,0,1,0.8,2,1,1.0,0,0.05416666666666667,1.0,0.258819045102521,-0.9659258262890682,0,0,0.1,75,5,1,0,0,0,0,0,0,0,0,0,0.22,0,0,0,1,0,0.0,0,0,0.0,0
invictus_enriched.csv:293,bert-jan,2023-07-10 11:57:48+00:00,0,1,0.8,2,1,1.0,1,0.05416666666666667,1.0,0.258819045102521,-0.9659258262890682,0,0,0.1,77,5,0,0,0,0,0,1,0,0,0,0,0.148,0,0,0,1,0,0.0,0,0,0.0,0
invictus_enriched.csv:294,bert-jan,2023-07-10 11:57:48+00:00,0,1,0.8,2,1,1.0,0,0.05416666666666667,1.0,0.258819045102521,-0.9659258262890682,0,0,0.1,77,5,0,0,0,0,0,1,0,0,0,0,0.14666666666666667,0,0,0,1,0,0.0,0,0,0.0,0
invictus_enriched.csv:295,bert-jan,2023-07-10 11:57:48+00:00,0,1,0.8,2,1,1.0,0,0.05416666666666667,1.0,0.258819045102521,-0.9659258262890682,0,0,0.1,76,5,0,0,0,0,0,1,0,0,0,0,0.14666666666666667,0,0,0,1,0,0.0,0,0,0.0,0
invictus_enriched.csv:296,bert-jan,2023-07-10 11:57:48+00:00,0,1,0.8,2,1,1.0,0,0.05416666666666667,1.0,0.258819045102521,-0.9659258262890682,0,0,0.1,77,5,0,0,0,0,0,1,0,0,0,0,0.14666666666666667,0,0,0,1,0,0.0,0,0,0.0,0
invictus_enriched.csv:297,bert-jan,2023-07-10 11:57:48+00:00,0,1,0.8,2,1,1.0,0,0.05416666666666667,1.0,0.258819045102521,-0.9659258262890682,0,0,0.1,77,5,0,0,0,0,0,1,0,0,0,0,0.148,0,0,0,1,0,0.0,0,0,0.0,0
invictus_enriched.csv:298,bert-jan,2023-07-10 11:57:48+00:00,0,1,0.8,2,1,1.0,0,0.05416666666666667,1.0,0.258819045102521,-0.9659258262890682,0,0,0.1,77,5,0,0,0,0,0,1,0,0,0,0,0.148,0,0,0,1,0,0.0,0,0,0.0,0
invictus_enriched.csv:299,bert-jan,2023-07-10 11:57:48+00:00,0,1,0.8,2,1,1.0,0,0.05416666666666667,1.0,0.258819045102521,-0.9659258262890682,0,0,0.1,77,5,0,0,0,0,0,1,0,0,0,0,0.14666666666666667,0,0,0,1,0,0.0,0,0,0.0,0
invictus_enriched.csv:300,bert-jan,2023-07-10 11:57:48+00:00,0,1,0.8,2,1,1.0,0,0.05416666666666667,1.0,0.258819045102521,-0.9659258262890682,0,0,0.1,77,5,0,0,0,0,0,1,0,0,0,0,0.148,0,0,0,1,0,0.0,0,0,0.0,0
invictus_enriched.csv:301,bert-jan,2023-07-10 11:57:48+00:00,0,1,0.8,2,1,1.0,0,0.05416666666666667,1.0,0.258819045102521,-0.9659258262890682,0,0,0.1,77,5,0,0,0,0,0,1,0,0,0,0,0.148,0,0,0,1,0,0.0,0,0,0.0,0
invictus_enriched.csv:302,bert-jan,2023-07-10 11:57:48+00:00,0,1,0.8,2,1,1.0,0,0.05416666666666667,1.0,0.258819045102521,-0.9659258262890682,0,0,0.1,75,5,1,0,0,0,0,0,0,0,0,0,0.22133333333333333,0,0,0,1,0,0.0,0,0,0.0,0
invictus_enriched.csv:303,bert-jan,2023-07-10 11:57:48+00:00,0,1,0.8,2,1,1.0,0,0.05416666666666667,1.0,0.258819045102521,-0.9659258262890682,0,0,0.1,77,5,0,0,0,0,0,1,0,0,0,0,0.148,0,0,0,1,0,0.0,0,0,0.0,0
invictus_enriched.csv:304,bert-jan,2023-07-10 11:57:48+00:00,0,1,0.8,2,1,1.0,0,0.05416666666666667,1.0,0.258819045102521,-0.9659258262890682,0,0,0.1,76,5,0,0,0,0,0,1,0,0,0,0,0.148,0,0,0,1,0,0.0,0,0,0.0,0
invictus_enriched.csv:305,bert-jan,2023-07-10 11:57:48+00:00,0,1,0.8,2,1,1.0,0,0.05416666666666667,1.0,0.258819045102521,-0.9659258262890682,0,0,0.1,75,5,1,0,0,0,0,0,0,0,0,0,0.22,0,0,0,1,0,0.0,0,0,0.0,0
invictus_enriched.csv:306,bert-jan,2023-07-10 11:57:48+00:00,0,1,0.8,2,1,1.0,0,0.05416666666666667,1.0,0.258819045102521,-0.9659258262890682,0,0,0.1,76,5,0,0,0,0,0,1,0,0,0,0,0.148,0,0,0,1,0,0.0,0,0,0.0,0
invictus_enriched.csv:307,bert-jan,2023-07-10 11:57:48+00:00,0,1,0.8,2,1,1.0,0,0.05416666666666667,1.0,0.258819045102521,-0.9659258262890682,0,0,0.1,75,5,1,0,0,0,0,0,0,0,0,0,0.22,0,0,0,1,0,0.0,0,0,0.0,0
invictus_enriched.csv:308,bert-jan,2023-07-10 11:57:48+00:00,0,1,0.8,2,1,1.0,0,0.05416666666666667,1.0,0.258819045102521,-0.9659258262890682,0,0,0.1,77,5,0,0,0,0,0,1,0,0,0,0,0.14666666666666667,0,0,0,1,0,0.0,0,0,0.0,0
invictus_enriched.csv:309,bert-jan,2023-07-10 11:57:48+00:00,0,1,0.8,2,1,1.0,0,0.05416666666666667,1.0,0.258819045102521,-0.9659258262890682,0,0,0.1,75,5,1,0,0,0,0,0,0,0,0,0,0.22133333333333333,0,0,0,1,0,0.0,0,0,0.0,0
invictus_enriched.csv:310,bert-jan,2023-07-10 11:57:48+00:00,0,1,0.8,2,1,1.0,0,0.05416666666666667,1.0,0.258819045102521,-0.9659258262890682,0,0,0.1,76,5,0,0,0,0,0,1,0,0,0,0,0.14666666666666667,0,0,0,1,0,0.0,0,0,0.0,0
invictus_enriched.csv:311,bert-jan,2023-07-10 11:57:48+00:00,0,1,0.8,2,1,1.0,0,0.05416666666666667,1.0,0.258819045102521,-0.9659258262890682,0,0,0.1,76,5,0,0,0,0,0,1,0,0,0,0,0.14666666666666667,0,0,0,1,0,0.0,0,0,0.0,0
invictus_enriched.csv:312,bert-jan,2023-07-10 11:57:48+00:00,0,1,0.8,2,1,1.0,0,0.05416666666666667,1.0,0.258819045102521,-0.9659258262890682,0,0,0.1,75,5,1,0,0,0,0,0,0,0,0,0,0.22,0,0,0,1,0,0.0,0,0,0.0,0
invictus_enriched.csv:313,bert-jan,2023-07-10 11:57:48+00:00,0,1,0.8,2,1,1.0,0,0.05416666666666667,1.0,0.258819045102521,-0.9659258262890682,0,0,0.1,76,5,0,0,0,0,0,1,0,0,0,0,0.148,0,0,0,1,0,0.0,0,0,0.0,0
invictus_enriched.csv:314,bert-jan,2023-07-10 11:57:49+00:00,1,0,0.8,2,1,0.9997222222222222,1,0.05444444444444444,1.0,0.258819045102521,-0.9659258262890682,0,0,0.1,78,9,0,0,0,0,0,0,0,0,0,1,0.3373333333333333,0,0,0,1,0,0.0,0,0,0.0,0
invictus_enriched.csv:315,bert-jan,2023-07-10 11:57:49+00:00,0,1,0.8,2,1,1.0,0,0.05444444444444444,1.0,0.258819045102521,-0.9659258262890682,0,0,0.1,77,5,0,0,0,0,0,1,0,0,0,0,0.14666666666666667,0,0,0,1,0,0.0,0,0,0.0,0
invictus_enriched.csv:316,bert-jan,2023-07-10 11:57:49+00:00,0,1,0.8,2,1,1.0,0,0.05444444444444444,1.0,0.258819045102521,-0.9659258262890682,0,0,0.1,76,5,0,0,0,0,0,1,0,0,0,0,0.14666666666666667,0,0,0,1,0,0.0,0,0,0.0,0
invictus_enriched.csv:317,bert-jan,2023-07-10 11:57:49+00:00,0,1,0.8,2,1,1.0,1,0.05444444444444444,1.0,0.258819045102521,-0.9659258262890682,0,0,0.1,79,5,1,0,0,0,0,0,0,0,0,0,0.22933333333333333,0,0,0,1,1,0.0,0,0,0.0,0
invictus_enriched.csv:318,bert-jan,2023-07-10 11:57:49+00:00,0,1,0.8,2,1,1.0,0,0.05444444444444444,1.0,0.258819045102521,-0.9659258262890682,0,0,0.1,77,5,0,0,0,0,0,1,0,0,0,0,0.148,0,0,0,1,0,0.0,0,0,0.0,0
invictus_enriched.csv:319,bert-jan,2023-07-10 11:57:49+00:00,0,1,0.8,2,1,1.0,0,0.05444444444444444,1.0,0.258819045102521,-0.9659258262890682,0,0,0.1,77,5,0,0,0,0,0,1,0,0,0,0,0.14666666666666667,0,0,0,1,0,0.0,0,0,0.0,0
invictus_enriched.csv:320,bert-jan,2023-07-10 11:57:49+00:00,0,1,0.8,2,1,1.0,0,0.05444444444444444,1.0,0.258819045102521,-0.9659258262890682,0,0,0.1,77,5,0,0,0,0,0,1,0,0,0,0,0.14666666666666667,0,0,0,1,0,0.0,0,0,0.0,0
invictus_enriched.csv:321,bert-jan,2023-07-10 11:57:49+00:00,0,1,0.8,2,1,1.0,0,0.05444444444444444,1.0,0.258819045102521,-0.9659258262890682,0,0,0.1,77,5,0,0,0,0,0,1,0,0,0,0,0.14666666666666667,0,0,0,1,0,0.0,0,0,0.0,0
invictus_enriched.csv:322,bert-jan,2023-07-10 11:57:49+00:00,0,1,0.8,2,1,1.0,0,0.05444444444444444,1.0,0.258819045102521,-0.9659258262890682,0,0,0.1,76,5,0,0,0,0,0,1,0,0,0,0,0.148,0,0,0,1,0,0.0,0,0,0.0,0
invictus_enriched.csv:323,bert-jan,2023-07-10 11:57:49+00:00,1,0,0.8,2,1,1.0,0,0.05444444444444444,1.0,0.258819045102521,-0.9659258262890682,0,0,0.1,78,9,0,0,0,0,0,0,0,0,0,1,0.3373333333333333,0,0,0,1,0,0.0,0,0,0.0,0
invictus_enriched.csv:324,bert-jan,2023-07-10 11:57:49+00:00,0,1,0.8,2,1,1.0,0,0.05444444444444444,1.0,0.258819045102521,-0.9659258262890682,0,0,0.1,79,5,1,0,0,0,0,0,0,0,0,0,0.23066666666666666,0,0,0,1,1,0.0,0,0,0.0,0
invictus_enriched.csv:325,bert-jan,2023-07-10 11:57:49+00:00,1,0,0.8,2,1,1.0,0,0.05444444444444444,1.0,0.258819045102521,-0.9659258262890682,0,0,0.1,78,9,0,0,0,0,0,0,0,0,0,1,0.3373333333333333,0,0,0,1,0,0.0,0,0,0.0,0
invictus_enriched.csv:326,bert-jan,2023-07-10 11:57:49+00:00,1,0,0.8,2,1,1.0,0,0.05444444444444444,1.0,0.258819045102521,-0.9659258262890682,0,0,0.1,78,9,0,0,0,0,0,0,0,0,0,1,0.336,0,0,0,1,0,0.0,0,0,0.0,0
invictus_enriched.csv:327,bert-jan,2023-07-10 11:57:49+00:00,0,1,0.8,2,1,1.0,0,0.05444444444444444,1.0,0.258819045102521,-0.9659258262890682,0,0,0.1,76,5,0,0,0,0,0,1,0,0,0,0,0.14666666666666667,0,0,0,1,0,0.0,0,0,0.0,0
invictus_enriched.csv:328,bert-jan,2023-07-10 11:57:49+00:00,0,1,0.8,2,1,1.0,0,0.05444444444444444,1.0,0.258819045102521,-0.9659258262890682,0,0,0.1,79,5,1,0,0,0,0,0,0,0,0,0,0.22933333333333333,0,0,0,1,1,0.0,0,0,0.0,0
invictus_enriched.csv:329,bert-jan,2023-07-10 11:57:49+00:00,0,1,0.8,2,1,1.0,0,0.05444444444444444,1.0,0.258819045102521,-0.9659258262890682,0,0,0.1,77,5,0,0,0,0,0,1,0,0,0,0,0.148,0,0,0,1,0,0.0,0,0,0.0,0
invictus_enriched.csv:330,bert-jan,2023-07-10 11:57:49+00:00,0,1,0.8,2,1,1.0,0,0.05444444444444444,1.0,0.258819045102521,-0.9659258262890682,0,0,0.1,77,5,0,0,0,0,0,1,0,0,0,0,0.14666666666666667,0,0,0,1,0,0.0,0,0,0.0,0
invictus_enriched.csv:331,bert-jan,2023-07-10 11:57:49+00:00,0,1,0.8,2,1,1.0,0,0.05444444444444444,1.0,0.258819045102521,-0.9659258262890682,0,0,0.1,77,5,0,0,0,0,0,1,0,0,0,0,0.14666666666666667,0,0,0,1,0,0.0,0,0,0.0,0
invictus_enriched.csv:332,bert-jan,2023-07-10 11:57:49+00:00,0,1,0.8,2,1,1.0,0,0.05444444444444444,1.0,0.258819045102521,-0.9659258262890682,0,0,0.1,79,5,1,0,0,0,0,0,0,0,0,0,0.23066666666666666,0,0,0,1,1,0.0,0,0,0.0,0
invictus_enriched.csv:333,bert-jan,2023-07-10 11:57:49+00:00,1,0,0.8,2,1,1.0,0,0.05444444444444444,1.0,0.258819045102521,-0.9659258262890682,0,0,0.1,78,9,0,0,0,0,0,0,0,0,0,1,0.336,0,0,0,1,0,0.0,0,0,0.0,0
invictus_enriched.csv:334,bert-jan,2023-07-10 11:57:49+00:00,0,1,0.8,2,1,1.0,0,0.05444444444444444,1.0,0.258819045102521,-0.9659258262890682,0,0,0.1,77,5,0,0,0,0,0,1,0,0,0,0,0.148,0,0,0,1,0,0.0,0,0,0.0,0
invictus_enriched.csv:335,bert-jan,2023-07-10 11:57:49+00:00,0,1,0.8,2,1,1.0,0,0.05444444444444444,1.0,0.258819045102521,-0.9659258262890682,0,0,0.1,79,5,1,0,0,0,0,0,0,0,0,0,0.22933333333333333,0,0,0,1,1,0.0,0,0,0.0,0
invictus_enriched.csv:336,bert-jan,2023-07-10 11:57:49+00:00,0,1,0.8,2,1,1.0,0,0.05444444444444444,1.0,0.258819045102521,-0.9659258262890682,0,0,0.1,79,5,1,0,0,0,0,0,0,0,0,0,0.22933333333333333,0,0,0,1,1,0.0,0,0,0.0,0
invictus_enriched.csv:337,bert-jan,2023-07-10 11:57:49+00:00,1,0,0.8,2,1,1.0,0,0.05444444444444444,1.0,0.258819045102521,-0.9659258262890682,0,0,0.1,78,9,0,0,0,0,0,0,0,0,0,1,0.336,0,0,0,1,0,0.0,0,0,0.0,0
invictus_enriched.csv:338,bert-jan,2023-07-10 11:57:49+00:00,1,0,0.8,2,1,1.0,0,0.05444444444444444,1.0,0.258819045102521,-0.9659258262890682,0,0,0.1,78,9,0,0,0,0,0,0,0,0,0,1,0.336,0,0,0,1,0,0.0,0,0,0.0,0
invictus_enriched.csv:339,bert-jan,2023-07-10 11:57:49+00:00,0,1,0.8,2,1,1.0,0,0.05444444444444444,1.0,0.258819045102521,-0.9659258262890682,0,0,0.1,77,5,0,0,0,0,0,1,0,0,0,0,0.148,0,0,0,1,0,0.0,0,0,0.0,0
invictus_enriched.csv:340,bert-jan,2023-07-10 11:57:49+00:00,1,0,0.8,2,1,1.0,0,0.05444444444444444,1.0,0.258819045102521,-0.9659258262890682,0,0,0.1,78,9,0,0,0,0,0,0,0,0,0,1,0.336,0,0,0,1,0,0.0,0,0,0.0,0
invictus_enriched.csv:341,bert-jan,2023-07-10 11:57:49+00:00,1,0,0.8,2,1,1.0,0,0.05444444444444444,1.0,0.258819045102521,-0.9659258262890682,0,0,0.1,78,9,0,0,0,0,0,0,0,0,0,1,0.336,0,0,0,1,0,0.0,0,0,0.0,0
invictus_enriched.csv:342,bert-jan,2023-07-10 11:57:49+00:00,0,1,0.8,2,1,1.0,0,0.05444444444444444,1.0,0.258819045102521,-0.9659258262890682,0,0,0.1,79,5,1,0,0,0,0,0,0,0,0,0,0.23066666666666666,0,0,0,1,1,0.0,0,0,0.0,0
invictus_enriched.csv:343,bert-jan,2023-07-10 11:57:49+00:00,0,1,0.8,2,1,1.0,0,0.05444444444444444,1.0,0.258819045102521,-0.9659258262890682,0,0,0.1,79,5,1,0,0,0,0,0,0,0,0,0,0.23066666666666666,0,0,0,1,1,0.0,0,0,0.0,0
invictus_enriched.csv:344,bert-jan,2023-07-10 11:57:49+00:00,1,0,0.8,2,1,1.0,0,0.05444444444444444,1.0,0.258819045102521,-0.9659258262890682,0,0,0.1,78,9,0,0,0,0,0,0,0,0,0,1,0.3373333333333333,0,0,0,1,0,0.0,0,0,0.0,0
invictus_enriched.csv:345,bert-jan,2023-07-10 11:57:49+00:00,0,1,0.8,2,1,1.0,0,0.05444444444444444,1.0,0.258819045102521,-0.9659258262890682,0,0,0.1,79,5,1,0,0,0,0,0,0,0,0,0,0.22933333333333333,0,0,0,1,1,0.0,0,0,0.0,0
invictus_enriched.csv:346,bert-jan,2023-07-10 11:57:49+00:00,0,1,0.8,2,1,1.0,0,0.05444444444444444,1.0,0.258819045102521,-0.9659258262890682,0,0,0.1,79,5,1,0,0,0,0,0,0,0,0,0,0.22933333333333333,0,0,0,1,1,0.0,0,0,0.0,0
invictus_enriched.csv:347,bert-jan,2023-07-10 11:57:50+00:00,0,1,0.8,2,1,0.9997222222222222,1,0.05472222222222222,1.0,0.258819045102521,-0.9659258262890682,0,0,0.8,80,5,0,0,0,0,0,1,0,0,0,0,0.21733333333333332,0,0,0,1,0,0.0,0,0,0.0,1
invictus_enriched.csv:348,bert-jan,2023-07-10 11:57:50+00:00,0,1,0.8,2,1,1.0,0,0.05472222222222222,1.0,0.258819045102521,-0.9659258262890682,0,0,0.8,80,5,0,0,0,0,0,1,0,0,0,0,0.21733333333333332,0,0,0,1,0,0.0,0,0,0.0,1
invictus_enriched.csv:349,bert-jan,2023-07-10 11:57:50+00:00,0,1,0.8,2,1,1.0,0,0.05472222222222222,1.0,0.258819045102521,-0.9659258262890682,0,0,0.8,80,5,0,0,0,0,0,1,0,0,0,0,0.21733333333333332,0,0,0,1,0,0.0,0,0,0.0,1
invictus_enriched.csv:350,bert-jan,2023-07-10 11:57:50+00:00,0,1,0.8,2,1,1.0,0,0.05472222222222222,1.0,0.258819045102521,-0.9659258262890682,0,0,0.1,79,5,1,0,0,0,0,0,0,0,0,0,0.22933333333333333,0,0,0,1,1,0.0,0,0,0.0,0
invictus_enriched.csv:351,bert-jan,2023-07-10 11:57:50+00:00,0,1,0.8,2,1,1.0,0,0.05472222222222222,1.0,0.258819045102521,-0.9659258262890682,0,0,0.8,80,5,0,0,0,0,0,1,0,0,0,0,0.21866666666666668,0,0,0,1,0,0.0,0,0,0.0,1
invictus_enriched.csv:352,bert-jan,2023-07-10 11:57:50+00:00,0,1,0.8,2,1,1.0,0,0.05472222222222222,1.0,0.258819045102521,-0.9659258262890682,0,0,0.8,80,5,0,0,0,0,0,1,0,0,0,0,0.21733333333333332,0,0,0,1,0,0.0,0,0,0.0,1
invictus_enriched.csv:353,bert-jan,2023-07-10 11:57:50+00:00,0,1,0.8,2,1,1.0,0,0.05472222222222222,1.0,0.258819045102521,-0.9659258262890682,0,0,0.8,80,5,0,0,0,0,0,1,0,0,0,0,0.21866666666666668,0,0,0,1,0,0.0,0,0,0.0,1
invictus_enriched.csv:354,bert-jan,2023-07-10 11:57:50+00:00,1,0,0.8,2,1,1.0,1,0.05472222222222222,1.0,0.258819045102521,-0.9659258262890682,0,0,0.7,81,9,0,0,0,0,0,0,0,0,0,1,0.316,0,0,0,1,0,0.0,0,0,0.0,0
invictus_enriched.csv:355,bert-jan,2023-07-10 11:57:50+00:00,0,1,0.8,2,1,1.0,0,0.05472222222222222,1.0,0.258819045102521,-0.9659258262890682,0,0,0.1,79,5,1,0,0,0,0,0,0,0,0,0,0.23066666666666666,0,0,0,1,1,0.0,0,0,0.0,0
invictus_enriched.csv:356,bert-jan,2023-07-10 11:57:50+00:00,0,1,0.8,2,1,1.0,0,0.05472222222222222,1.0,0.258819045102521,-0.9659258262890682,0,0,0.1,79,5,1,0,0,0,0,0,0,0,0,0,0.23066666666666666,0,0,0,1,1,0.0,0,0,0.0,0
invictus_enriched.csv:357,bert-jan,2023-07-10 11:57:50+00:00,0,1,0.8,2,1,1.0,0,0.05472222222222222,1.0,0.258819045102521,-0.9659258262890682,0,0,0.8,80,5,0,0,0,0,0,1,0,0,0,0,0.21866666666666668,0,0,0,1,0,0.0,0,0,0.0,1
invictus_enriched.csv:358,bert-jan,2023-07-10 11:57:50+00:00,1,0,0.8,2,1,1.0,0,0.05472222222222222,1.0,0.258819045102521,-0.9659258262890682,0,0,0.1,78,9,0,0,0,0,0,0,0,0,0,1,0.3373333333333333,0,0,0,1,0,0.0,0,0,0.0,0
invictus_enriched.csv:359,bert-jan,2023-07-10 11:57:50+00:00,0,1,0.8,2,1,1.0,0,0.05472222222222222,1.0,0.258819045102521,-0.9659258262890682,0,0,0.8,80,5,0,0,0,0,0,1,0,0,0,0,0.21866666666666668,0,0,0,1,0,0.0,0,0,0.0,1
invictus_enriched.csv:360,bert-jan,2023-07-10 11:57:50+00:00,1,0,0.8,2,1,1.0,0,0.05472222222222222,1.0,0.258819045102521,-0.9659258262890682,0,0,0.7,81,9,0,0,0,0,0,0,0,0,0,1,0.316,0,0,0,1,0,0.0,0,0,0.0,0
invictus_enriched.csv:361,bert-jan,2023-07-10 11:57:50+00:00,0,1,0.8,2,1,1.0,0,0.05472222222222222,1.0,0.258819045102521,-0.9659258262890682,0,0,0.8,80,5,0,0,0,0,0,1,0,0,0,0,0.21733333333333332,0,0,0,1,0,0.0,0,0,0.0,1
invictus_enriched.csv:362,bert-jan,2023-07-10 11:57:50+00:00,1,0,0.8,2,1,1.0,0,0.05472222222222222,1.0,0.258819045102521,-0.9659258262890682,0,0,0.1,78,9,0,0,0,0,0,0,0,0,0,1,0.3373333333333333,0,0,0,1,0,0.0,0,0,0.0,0
invictus_enriched.csv:363,bert-jan,2023-07-10 11:57:50+00:00,1,0,0.8,2,1,1.0,0,0.05472222222222222,1.0,0.258819045102521,-0.9659258262890682,0,0,0.7,81,9,0,0,0,0,0,0,0,0,0,1,0.31733333333333336,0,0,0,1,0,0.0,0,0,0.0,0
invictus_enriched.csv:364,bert-jan,2023-07-10 11:57:50+00:00,0,1,0.8,2,1,1.0,0,0.05472222222222222,1.0,0.258819045102521,-0.9659258262890682,0,0,0.8,80,5,0,0,0,0,0,1,0,0,0,0,0.21733333333333332,0,0,0,1,0,0.0,0,0,0.0,1
invictus_enriched.csv:365,bert-jan,2023-07-10 11:57:50+00:00,0,1,0.8,2,1,1.0,0,0.05472222222222222,1.0,0.258819045102521,-0.9659258262890682,0,0,0.1,79,5,1,0,0,0,0,0,0,0,0,0,0.23066666666666666,0,0,0,1,1,0.0,0,0,0.0,0
invictus_enriched.csv:366,bert-jan,2023-07-10 11:57:50+00:00,0,1,0.8,2,1,1.0,0,0.05472222222222222,1.0,0.258819045102521,-0.9659258262890682,0,0,0.1,79,5,1,0,0,0,0,0,0,0,0,0,0.22933333333333333,0,0,0,1,1,0.0,0,0,0.0,0
invictus_enriched.csv:367,bert-jan,2023-07-10 11:57:50+00:00,1,0,0.8,2,1,1.0,0,0.05472222222222222,1.0,0.258819045102521,-0.9659258262890682,0,0,0.7,81,9,0,0,0,0,0,0,0,0,0,1,0.31733333333333336,0,0,0,1,0,0.0,0,0,0.0,0
invictus_enriched.csv:368,bert-jan,2023-07-10 11:57:50+00:00,0,1,0.8,2,1,1.0,0,0.05472222222222222,1.0,0.258819045102521,-0.9659258262890682,0,0,0.8,80,5,0,0,0,0,0,1,0,0,0,0,0.21866666666666668,0,0,0,1,0,0.0,0,0,0.0,1
invictus_enriched.csv:369,bert-jan,2023-07-10 11:57:50+00:00,1,0,0.8,2,1,1.0,0,0.05472222222222222,1.0,0.258819045102521,-0.9659258262890682,0,0,0.7,81,9,0,0,0,0,0,0,0,0,0,1,0.31733333333333336,0,0,0,1,0,0.0,0,0,0.0,0
invictus_enriched.csv:370,bert-jan,2023-07-10 11:57:50+00:00,1,0,0.8,2,1,1.0,0,0.05472222222222222,1.0,0.258819045102521,-0.9659258262890682,0,0,0.7,81,9,0,0,0,0,0,0,0,0,0,1,0.31733333333333336,0,0,0,1,0,0.0,0,0,0.0,0
invictus_enriched.csv:371,bert-jan,2023-07-10 11:57:50+00:00,1,0,0.8,2,1,1.0,0,0.05472222222222222,1.0,0.258819045102521,-0.9659258262890682,0,0,0.1,78,9,0,0,0,0,0,0,0,0,0,1,0.336,0,0,0,1,0,0.0,0,0,0.0,0
invictus_enriched.csv:372,bert-jan,2023-07-10 11:57:50+00:00,0,1,0.8,2,1,1.0,0,0.05472222222222222,1.0,0.258819045102521,-0.9659258262890682,0,0,0.8,80,5,0,0,0,0,0,1,0,0,0,0,0.21866666666666668,0,0,0,1,0,0.0,0,0,0.0,1
invictus_enriched.csv:373,bert-jan,2023-07-10 11:57:50+00:00,1,0,0.8,2,1,1.0,0,0.05472222222222222,1.0,0.258819045102521,-0.9659258262890682,0,0,0.7,81,9,0,0,0,0,0,0,0,0,0,1,0.316,0,0,0,1,0,0.0,0,0,0.0,0
invictus_enriched.csv:374,bert-jan,2023-07-10 11:57:50+00:00,1,0,0.8,2,1,1.0,0,0.05472222222222222,1.0,0.258819045102521,-0.9659258262890682,0,0,0.1,78,9,0,0,0,0,0,0,0,0,0,1,0.336,0,0,0,1,0,0.0,0,0,0.0,0
invictus_enriched.csv:375,bert-jan,2023-07-10 11:57:50+00:00,0,1,0.8,2,1,1.0,0,0.05472222222222222,1.0,0.258819045102521,-0.9659258262890682,0,0,0.8,80,5,0,0,0,0,0,1,0,0,0,0,0.21733333333333332,0,0,0,1,0,0.0,0,0,0.0,1
invictus_enriched.csv:376,bert-jan,2023-07-10 11:57:50+00:00,1,0,0.8,2,1,1.0,0,0.05472222222222222,1.0,0.258819045102521,-0.9659258262890682,0,0,0.7,81,9,0,0,0,0,0,0,0,0,0,1,0.31733333333333336,0,0,0,1,0,0.0,0,0,0.0,0
invictus_enriched.csv:377,bert-jan,2023-07-10 11:57:50+00:00,0,1,0.8,2,1,1.0,0,0.05472222222222222,1.0,0.258819045102521,-0.9659258262890682,0,0,0.8,80,5,0,0,0,0,0,1,0,0,0,0,0.21866666666666668,0,0,0,1,0,0.0,0,0,0.0,1
invictus_enriched.csv:378,bert-jan,2023-07-10 11:57:50+00:00,1,0,0.8,2,1,1.0,0,0.05472222222222222,1.0,0.258819045102521,-0.9659258262890682,0,0,0.7,81,9,0,0,0,0,0,0,0,0,0,1,0.316,0,0,0,1,0,0.0,0,0,0.0,0
invictus_enriched.csv:379,bert-jan,2023-07-10 11:57:50+00:00,1,0,0.8,2,1,1.0,0,0.05472222222222222,1.0,0.258819045102521,-0.9659258262890682,0,0,0.1,78,9,0,0,0,0,0,0,0,0,0,1,0.3373333333333333,0,0,0,1,0,0.0,0,0,0.0,0
invictus_enriched.csv:380,bert-jan,2023-07-10 11:57:50+00:00,0,1,0.8,2,1,1.0,0,0.05472222222222222,1.0,0.258819045102521,-0.9659258262890682,0,0,0.1,79,5,1,0,0,0,0,0,0,0,0,0,0.23066666666666666,0,0,0,1,1,0.0,0,0,0.0,0
invictus_enriched.csv:381,bert-jan,2023-07-10 11:57:50+00:00,0,1,0.8,2,1,1.0,0,0.05472222222222222,1.0,0.258819045102521,-0.9659258262890682,0,0,0.8,80,5,0,0,0,0,0,1,0,0,0,0,0.21866666666666668,0,0,0,1,0,0.0,0,0,0.0,1
invictus_enriched.csv:382,bert-jan,2023-07-10 11:57:50+00:00,1,0,0.8,2,1,1.0,0,0.05472222222222222,1.0,0.258819045102521,-0.9659258262890682,0,0,0.7,81,9,0,0,0,0,0,0,0,0,0,1,0.31733333333333336,0,0,0,1,0,0.0,0,0,0.0,0
invictus_enriched.csv:383,bert-jan,2023-07-10 11:57:50+00:00,1,0,0.8,2,1,1.0,0,0.05472222222222222,1.0,0.258819045102521,-0.9659258262890682,0,0,0.7,81,9,0,0,0,0,0,0,0,0,0,1,0.316,0,0,0,1,0,0.0,0,0,0.0,0
invictus_enriched.csv:384,bert-jan,2023-07-10 11:57:50+00:00,1,0,0.8,2,1,1.0,0,0.05472222222222222,1.0,0.258819045102521,-0.9659258262890682,0,0,0.7,81,9,0,0,0,0,0,0,0,0,0,1,0.31733333333333336,0,0,0,1,0,0.0,0,0,0.0,0
invictus_enriched.csv:385,bert-jan,2023-07-10 11:57:50+00:00,1,0,0.8,2,1,1.0,0,0.05472222222222222,1.0,0.258819045102521,-0.9659258262890682,0,0,0.7,81,9,0,0,0,0,0,0,0,0,0,1,0.31733333333333336,0,0,0,1,0,0.0,0,0,0.0,0
invictus_enriched.csv:386,bert-jan,2023-07-10 11:57:50+00:00,1,0,0.8,2,1,1.0,0,0.05472222222222222,1.0,0.258819045102521,-0.9659258262890682,0,0,0.7,81,9,0,0,0,0,0,0,0,0,0,1,0.316,0,0,0,1,0,0.0,0,0,0.0,0
invictus_enriched.csv:387,bert-jan,2023-07-10 11:57:50+00:00,1,0,0.8,2,1,1.0,0,0.05472222222222222,1.0,0.258819045102521,-0.9659258262890682,0,0,0.1,78,9,0,0,0,0,0,0,0,0,0,1,0.336,0,0,0,1,0,0.0,0,0,0.0,0
invictus_enriched.csv:388,bert-jan,2023-07-10 11:57:50+00:00,1,0,0.8,2,1,1.0,0,0.05472222222222222,1.0,0.258819045102521,-0.9659258262890682,0,0,0.7,81,9,0,0,0,0,0,0,0,0,0,1,0.316,0,0,0,1,0,0.0,0,0,0.0,0
invictus_enriched.csv:389,bert-jan,2023-07-10 11:57:50+00:00,1,0,0.8,2,1,1.0,0,0.05472222222222222,1.0,0.258819045102521,-0.9659258262890682,0,0,0.1,78,9,0,0,0,0,0,0,0,0,0,1,0.336,0,0,0,1,0,0.0,0,0,0.0,0
invictus_enriched.csv:390,bert-jan,2023-07-10 11:57:50+00:00,0,1,0.8,2,1,1.0,0,0.05472222222222222,1.0,0.258819045102521,-0.9659258262890682,0,0,0.8,80,5,0,0,0,0,0,1,0,0,0,0,0.21733333333333332,0,0,0,1,0,0.0,0,0,0.0,1
invictus_enriched.csv:391,bert-jan,2023-07-10 11:57:50+00:00,1,0,0.8,2,1,1.0,0,0.05472222222222222,1.0,0.258819045102521,-0.9659258262890682,0,0,0.1,78,9,0,0,0,0,0,0,0,0,0,1,0.3373333333333333,0,0,0,1,0,0.0,0,0,0.0,0
invictus_enriched.csv:392,bert-jan,2023-07-10 11:57:50+00:00,1,0,0.8,2,1,1.0,0,0.05472222222222222,1.0,0.258819045102521,-0.9659258262890682,0,0,0.7,81,9,0,0,0,0,0,0,0,0,0,1,0.316,0,0,0,1,0,0.0,0,0,0.0,0
invictus_enriched.csv:393,bert-jan,2023-07-10 11:57:50+00:00,1,0,0.8,2,1,1.0,0,0.05472222222222222,1.0,0.258819045102521,-0.9659258262890682,0,0,0.1,78,9,0,0,0,0,0,0,0,0,0,1,0.3373333333333333,0,0,0,1,0,0.0,0,0,0.0,0
invictus_enriched.csv:394,bert-jan,2023-07-10 11:57:50+00:00,1,0,0.8,2,1,1.0,0,0.05472222222222222,1.0,0.258819045102521,-0.9659258262890682,0,0,0.7,81,9,0,0,0,0,0,0,0,0,0,1,0.31733333333333336,0,0,0,1,0,0.0,0,0,0.0,0
invictus_enriched.csv:395,bert-jan,2023-07-10 11:57:50+00:00,1,0,0.8,2,1,1.0,0,0.05472222222222222,1.0,0.258819045102521,-0.9659258262890682,0,0,0.7,81,9,0,0,0,0,0,0,0,0,0,1,0.31733333333333336,0,0,0,1,0,0.0,0,0,0.0,0
invictus_enriched.csv:396,bert-jan,2023-07-10 11:57:50+00:00,0,1,0.8,2,1,1.0,0,0.05472222222222222,1.0,0.258819045102521,-0.9659258262890682,0,0,0.8,80,5,0,0,0,0,0,1,0,0,0,0,0.21733333333333332,0,0,0,1,0,0.0,0,0,0.0,1
invictus_enriched.csv:397,bert-jan,2023-07-10 11:57:50+00:00,0,1,0.8,2,1,1.0,0,0.05472222222222222,1.0,0.258819045102521,-0.9659258262890682,0,0,0.1,79,5,1,0,0,0,0,0,0,0,0,0,0.23066666666666666,0,0,0,1,1,0.0,0,0,0.0,0
invictus_enriched.csv:398,bert-jan,2023-07-10 11:57:50+00:00,1,0,0.8,2,1,1.0,0,0.05472222222222222,1.0,0.258819045102521,-0.9659258262890682,0,0,0.1,78,9,0,0,0,0,0,0,0,0,0,1,0.3373333333333333,0,0,0,1,0,0.0,0,0,0.0,0
invictus_enriched.csv:399,bert-jan,2023-07-10 11:57:50+00:00,1,0,0.8,2,1,1.0,0,0.05472222222222222,1.0,0.258819045102521,-0.9659258262890682,0,0,0.7,81,9,0,0,0,0,0,0,0,0,0,1,0.316,0,0,0,1,0,0.0,0,0,0.0,0
invictus_enriched.csv:400,bert-jan,2023-07-10 11:57:50+00:00,0,1,0.8,2,1,1.0,0,0.05472222222222222,1.0,0.258819045102521,-0.9659258262890682,0,0,0.8,80,5,0,0,0,0,0,1,0,0,0,0,0.21866666666666668,0,0,0,1,0,0.0,0,0,0.0,1
invictus_enriched.csv:401,bert-jan,2023-07-10 11:57:50+00:00,0,1,0.8,2,1,1.0,0,0.05472222222222222,1.0,0.258819045102521,-0.9659258262890682,0,0,0.1,79,5,1,0,0,0,0,0,0,0,0,0,0.22933333333333333,0,0,0,1,1,0.0,0,0,0.0,0
invictus_enriched.csv:402,bert-jan,2023-07-10 11:57:50+00:00,0,1,0.8,2,1,1.0,0,0.05472222222222222,1.0,0.258819045102521,-0.9659258262890682,0,0,0.1,79,5,1,0,0,0,0,0,0,0,0,0,0.23066666666666666,0,0,0,1,1,0.0,0,0,0.0,0
invictus_enriched.csv:403,bert-jan,2023-07-10 11:57:50+00:00,1,0,0.8,2,1,1.0,0,0.05472222222222222,1.0,0.258819045102521,-0.9659258262890682,0,0,0.7,81,9,0,0,0,0,0,0,0,0,0,1,0.316,0,0,0,1,0,0.0,0,0,0.0,0
invictus_enriched.csv:404,bert-jan,2023-07-10 11:57:50+00:00,0,1,0.8,2,1,1.0,0,0.05472222222222222,1.0,0.258819045102521,-0.9659258262890682,0,0,0.8,80,5,0,0,0,0,0,1,0,0,0,0,0.21866666666666668,0,0,0,1,0,0.0,0,0,0.0,1
invictus_enriched.csv:405,bert-jan,2023-07-10 11:57:50+00:00,0,1,0.8,2,1,1.0,0,0.05472222222222222,1.0,0.258819045102521,-0.9659258262890682,0,0,0.8,80,5,0,0,0,0,0,1,0,0,0,0,0.21733333333333332,0,0,0,1,0,0.0,0,0,0.0,1
invictus_enriched.csv:406,bert-jan,2023-07-10 11:57:50+00:00,0,1,0.8,2,1,1.0,0,0.05472222222222222,1.0,0.258819045102521,-0.9659258262890682,0,0,0.1,79,5,1,0,0,0,0,0,0,0,0,0,0.22933333333333333,0,0,0,1,1,0.0,0,0,0.0,0
invictus_enriched.csv:407,bert-jan,2023-07-10 11:57:51+00:00,0,1,0.8,2,1,0.9997222222222222,1,0.055,1.0,0.258819045102521,-0.9659258262890682,0,0,0.1,82,5,0,0,0,0,0,1,0,0,0,0,0.10933333333333334,0,0,0,1,0,0.0,0,0,0.0,0
invictus_enriched.csv:408,bert-jan,2023-07-10 11:57:51+00:00,0,1,0.8,2,1,1.0,0,0.055,1.0,0.258819045102521,-0.9659258262890682,0,0,0.8,80,5,0,0,0,0,0,1,0,0,0,0,0.148,0,0,0,1,0,0.0,0,0,0.0,1
invictus_enriched.csv:409,bert-jan,2023-07-10 11:57:51+00:00,1,0,0.8,2,1,1.0,0,0.055,1.0,0.258819045102521,-0.9659258262890682,0,0,0.7,81,9,0,0,0,0,0,0,0,0,0,1,0.31733333333333336,0,0,0,1,0,0.0,0,0,0.0,0
invictus_enriched.csv:410,bert-jan,2023-07-10 11:57:52+00:00,1,0,0.8,2,1,0.9997222222222222,0,0.05527777777777778,1.0,0.258819045102521,-0.9659258262890682,0,0,0.7,81,9,0,0,0,0,0,0,0,0,0,1,0.31733333333333336,0,0,0,1,0,0.0,0,0,0.0,0
invictus_enriched.csv:411,bert-jan,2023-07-10 11:57:52+00:00,0,1,0.8,2,1,1.0,0,0.05527777777777778,1.0,0.258819045102521,-0.9659258262890682,0,0,0.8,80,5,0,0,0,0,0,1,0,0,0,0,0.148,0,0,0,1,0,0.0,0,0,0.0,1
invictus_enriched.csv:412,bert-jan,2023-07-10 11:57:52+00:00,0,1,0.8,2,1,1.0,0,0.05527777777777778,1.0,0.258819045102521,-0.9659258262890682,0,0,0.8,80,5,0,0,0,0,0,1,0,0,0,0,0.148,0,0,0,1,0,0.0,0,0,0.0,1
invictus_enriched.csv:413,bert-jan,2023-07-10 11:57:52+00:00,1,0,0.8,2,1,1.0,0,0.05527777777777778,1.0,0.258819045102521,-0.9659258262890682,0,0,0.7,81,9,0,0,0,0,0,0,0,0,0,1,0.31733333333333336,0,0,0,1,0,0.0,0,0,0.0,0
invictus_enriched.csv:414,bert-jan,2023-07-10 11:57:52+00:00,1,0,0.8,2,1,1.0,0,0.05527777777777778,1.0,0.258819045102521,-0.9659258262890682,0,0,0.7,81,9,0,0,0,0,0,0,0,0,0,1,0.316,0,0,0,1,0,0.0,0,0,0.0,0
invictus_enriched.csv:415,bert-jan,2023-07-10 11:57:52+00:00,1,0,0.8,2,1,1.0,0,0.05527777777777778,1.0,0.258819045102521,-0.9659258262890682,0,0,0.7,81,9,0,0,0,0,0,0,0,0,0,1,0.316,0,0,0,1,0,0.0,0,0,0.0,0
invictus_enriched.csv:416,bert-jan,2023-07-10 11:57:52+00:00,0,1,0.8,2,1,1.0,0,0.05527777777777778,1.0,0.258819045102521,-0.9659258262890682,0,0,0.8,80,5,0,0,0,0,0,1,0,0,0,0,0.14666666666666667,0,0,0,1,0,0.0,0,0,0.0,1
invictus_enriched.csv:417,bert-jan,2023-07-10 11:57:52+00:00,0,1,0.8,2,1,1.0,0,0.05527777777777778,1.0,0.258819045102521,-0.9659258262890682,0,0,0.8,80,5,0,0,0,0,0,1,0,0,0,0,0.14666666666666667,0,0,0,1,0,0.0,0,0,0.0,1
invictus_enriched.csv:418,bert-jan,2023-07-10 11:57:52+00:00,0,1,0.8,2,1,1.0,0,0.05527777777777778,1.0,0.258819045102521,-0.9659258262890682,0,0,0.8,80,5,0,0,0,0,0,1,0,0,0,0,0.148,0,0,0,1,0,0.0,0,0,0.0,1
invictus_enriched.csv:419,bert-jan,2023-07-10 11:57:52+00:00,1,0,0.8,2,1,1.0,0,0.05527777777777778,1.0,0.258819045102521,-0.9659258262890682,0,0,0.7,81,9,0,0,0,0,0,0,0,0,0,1,0.31733333333333336,0,0,0,1,0,0.0,0,0,0.0,0
invictus_enriched.csv:420,bert-jan,2023-07-10 11:57:52+00:00,1,0,0.8,2,1,1.0,0,0.05527777777777778,1.0,0.258819045102521,-0.9659258262890682,0,0,0.7,81,9,0,0,0,0,0,0,0,0,0,1,0.31733333333333336,0,0,0,1,0,0.0,0,0,0.0,0
invictus_enriched.csv:421,bert-jan,2023-07-10 11:57:52+00:00,0,1,0.8,2,1,1.0,0,0.05527777777777778,1.0,0.258819045102521,-0.9659258262890682,0,0,0.8,80,5,0,0,0,0,0,1,0,0,0,0,0.14666666666666667,0,0,0,1,0,0.0,0,0,0.0,1
invictus_enriched.csv:422,bert-jan,2023-07-10 11:57:52+00:00,0,1,0.8,2,1,1.0,0,0.05527777777777778,1.0,0.258819045102521,-0.9659258262890682,0,0,0.8,80,5,0,0,0,0,0,1,0,0,0,0,0.148,0,0,0,1,0,0.0,0,0,0.0,1
invictus_enriched.csv:423,bert-jan,2023-07-10 11:57:52+00:00,1,0,0.8,2,1,1.0,0,0.05527777777777778,1.0,0.258819045102521,-0.9659258262890682,0,0,0.7,81,9,0,0,0,0,0,0,0,0,0,1,0.316,0,0,0,1,0,0.0,0,0,0.0,0
invictus_enriched.csv:424,bert-jan,2023-07-10 11:57:52+00:00,0,1,0.8,2,1,1.0,0,0.05527777777777778,1.0,0.258819045102521,-0.9659258262890682,0,0,0.8,80,5,0,0,0,0,0,1,0,0,0,0,0.14666666666666667,0,0,0,1,0,0.0,0,0,0.0,1
invictus_enriched.csv:425,bert-jan,2023-07-10 11:57:52+00:00,0,1,0.8,2,1,1.0,0,0.05527777777777778,1.0,0.258819045102521,-0.9659258262890682,0,0,0.8,80,5,0,0,0,0,0,1,0,0,0,0,0.148,0,0,0,1,0,0.0,0,0,0.0,1
invictus_enriched.csv:426,bert-jan,2023-07-10 11:57:52+00:00,1,0,0.8,2,1,1.0,0,0.05527777777777778,1.0,0.258819045102521,-0.9659258262890682,0,0,0.7,81,9,0,0,0,0,0,0,0,0,0,1,0.316,0,0,0,1,0,0.0,0,0,0.0,0
invictus_enriched.csv:427,bert-jan,2023-07-10 11:57:52+00:00,1,0,0.8,2,1,1.0,0,0.05527777777777778,1.0,0.258819045102521,-0.9659258262890682,0,0,0.7,81,9,0,0,0,0,0,0,0,0,0,1,0.31733333333333336,0,0,0,1,0,0.0,0,0,0.0,0
invictus_enriched.csv:428,bert-jan,2023-07-10 11:57:53+00:00,1,0,0.8,2,1,0.9997222222222222,0,0.05555555555555555,1.0,0.258819045102521,-0.9659258262890682,0,0,0.7,81,9,0,0,0,0,0,0,0,0,0,1,0.316,0,0,0,1,0,0.0,0,0,0.0,0
invictus_enriched.csv:429,bert-jan,2023-07-10 11:57:53+00:00,1,0,0.8,2,1,1.0,0,0.05555555555555555,1.0,0.258819045102521,-0.9659258262890682,0,0,0.7,81,9,0,0,0,0,0,0,0,0,0,1,0.316,0,0,0,1,0,0.0,0,0,0.0,0
invictus_enriched.csv:430,bert-jan,2023-07-10 11:57:53+00:00,1,0,0.8,2,1,1.0,0,0.05555555555555555,1.0,0.258819045102521,-0.9659258262890682,0,0,0.7,81,9,0,0,0,0,0,0,0,0,0,1,0.316,0,0,0,1,0,0.0,0,0,0.0,0
invictus_enriched.csv:431,bert-jan,2023-07-10 11:57:53+00:00,0,1,0.8,2,1,1.0,0,0.05555555555555555,1.0,0.258819045102521,-0.9659258262890682,0,0,0.8,80,5,0,0,0,0,0,1,0,0,0,0,0.148,0,0,0,1,0,0.0,0,0,0.0,1
invictus_enriched.csv:432,bert-jan,2023-07-10 11:57:53+00:00,0,1,0.8,2,1,1.0,0,0.05555555555555555,1.0,0.258819045102521,-0.9659258262890682,0,0,0.8,80,5,0,0,0,0,0,1,0,0,0,0,0.148,0,0,0,1,0,0.0,0,0,0.0,1
invictus_enriched.csv:433,bert-jan,2023-07-10 11:57:53+00:00,0,1,0.8,2,1,1.0,0,0.05555555555555555,1.0,0.258819045102521,-0.9659258262890682,0,0,0.8,80,5,0,0,0,0,0,1,0,0,0,0,0.14666666666666667,0,0,0,1,0,0.0,0,0,0.0,1
invictus_enriched.csv:434,bert-jan,2023-07-10 11:57:53+00:00,0,1,0.8,2,1,1.0,0,0.05555555555555555,1.0,0.258819045102521,-0.9659258262890682,0,0,0.8,80,5,0,0,0,0,0,1,0,0,0,0,0.148,0,0,0,1,0,0.0,0,0,0.0,1
invictus_enriched.csv:435,bert-jan,2023-07-10 11:57:53+00:00,1,0,0.8,2,1,1.0,0,0.05555555555555555,1.0,0.258819045102521,-0.9659258262890682,0,0,0.7,81,9,0,0,0,0,0,0,0,0,0,1,0.316,0,0,0,1,0,0.0,0,0,0.0,0
invictus_enriched.csv:436,bert-jan,2023-07-10 11:57:53+00:00,1,0,0.8,2,1,1.0,0,0.05555555555555555,1.0,0.258819045102521,-0.9659258262890682,0,0,0.7,81,9,0,0,0,0,0,0,0,0,0,1,0.31733333333333336,0,0,0,1,0,0.0,0,0,0.0,0
invictus_enriched.csv:437,bert-jan,2023-07-10 11:57:53+00:00,1,0,0.8,2,1,1.0,0,0.05555555555555555,1.0,0.258819045102521,-0.9659258262890682,0,0,0.7,81,9,0,0,0,0,0,0,0,0,0,1,0.31733333333333336,0,0,0,1,0,0.0,0,0,0.0,0
invictus_enriched.csv:438,bert-jan,2023-07-10 11:57:53+00:00,1,0,0.8,2,1,1.0,0,0.05555555555555555,1.0,0.258819045102521,-0.9659258262890682,0,0,0.7,81,9,0,0,0,0,0,0,0,0,0,1,0.31733333333333336,0,0,0,1,0,0.0,0,0,0.0,0
invictus_enriched.csv:439,bert-jan,2023-07-10 11:57:53+00:00,0,1,0.8,2,1,1.0,0,0.05555555555555555,1.0,0.258819045102521,-0.9659258262890682,0,0,0.8,80,5,0,0,0,0,0,1,0,0,0,0,0.14666666666666667,0,0,0,1,0,0.0,0,0,0.0,1
invictus_enriched.csv:440,bert-jan,2023-07-10 11:57:53+00:00,0,1,0.8,2,1,1.0,0,0.05555555555555555,1.0,0.258819045102521,-0.9659258262890682,0,0,0.8,80,5,0,0,0,0,0,1,0,0,0,0,0.14666666666666667,0,0,0,1,0,0.0,0,0,0.0,1
invictus_enriched.csv:441,bert-jan,2023-07-10 11:57:53+00:00,0,1,0.8,2,1,1.0,0,0.05555555555555555,1.0,0.258819045102521,-0.9659258262890682,0,0,0.8,80,5,0,0,0,0,0,1,0,0,0,0,0.148,0,0,0,1,0,0.0,0,0,0.0,1
invictus_enriched.csv:442,bert-jan,2023-07-10 11:57:53+00:00,0,1,0.8,2,1,1.0,0,0.05555555555555555,1.0,0.258819045102521,-0.9659258262890682,0,0,0.8,80,5,0,0,0,0,0,1,0,0,0,0,0.14666666666666667,0,0,0,1,0,0.0,0,0,0.0,1
invictus_enriched.csv:443,bert-jan,2023-07-10 11:57:53+00:00,1,0,0.8,2,1,1.0,0,0.05555555555555555,1.0,0.258819045102521,-0.9659258262890682,0,0,0.7,81,9,0,0,0,0,0,0,0,0,0,1,0.31733333333333336,0,0,0,1,0,0.0,0,0,0.0,0
invictus_enriched.csv:444,bert-jan,2023-07-10 11:57:54+00:00,1,0,0.8,2,1,0.9997222222222222,0,0.05583333333333333,1.0,0.258819045102521,-0.9659258262890682,0,0,0.7,81,9,0,0,0,0,0,0,0,0,0,1,0.316,0,0,0,1,0,0.0,0,0,0.0,0
invictus_enriched.csv:445,bert-jan,2023-07-10 11:57:54+00:00,1,0,0.8,2,1,1.0,0,0.05583333333333333,1.0,0.258819045102521,-0.9659258262890682,0,0,0.7,81,9,0,0,0,0,0,0,0,0,0,1,0.316,0,0,0,1,0,0.0,0,0,0.0,0
invictus_enriched.csv:446,bert-jan,2023-07-10 11:57:54+00:00,0,1,0.8,2,1,1.0,0,0.05583333333333333,1.0,0.258819045102521,-0.9659258262890682,0,0,0.8,80,5,0,0,0,0,0,1,0,0,0,0,0.14666666666666667,0,0,0,1,0,0.0,0,0,0.0,1
invictus_enriched.csv:447,bert-jan,2023-07-10 11:57:54+00:00,0,1,0.8,2,1,1.0,0,0.05583333333333333,1.0,0.258819045102521,-0.9659258262890682,0,0,0.8,80,5,0,0,0,0,0,1,0,0,0,0,0.14666666666666667,0,0,0,1,0,0.0,0,0,0.0,1
invictus_enriched.csv:448,bert-jan,2023-07-10 11:58:03+00:00,0,1,0.8,2,1,0.9975,0,0.058333333333333334,1.0,0.258819045102521,-0.9659258262890682,0,0,0.1,21,3,0,0,0,0,0,1,0,0,0,0,0.064,0,0,0,0,0,0.0,0,0,0.0,0
invictus_enriched.csv:449,bert-jan,2023-07-10 11:58:08+00:00,0,1,0.8,2,1,0.9986111111111111,0,0.059722222222222225,1.0,0.258819045102521,-0.9659258262890682,0,0,0.1,23,1,0,0,0,0,1,1,0,0,0,0,0.0026666666666666666,0,0,0,0,0,0.0,0,0,0.0,0
invictus_enriched.csv:450,bert-jan,2023-07-10 11:58:09+00:00,0,1,0.8,2,1,0.9997222222222222,0,0.06,1.0,0.258819045102521,-0.9659258262890682,0,0,0.1,23,1,0,0,0,0,1,1,0,0,0,0,0.0026666666666666666,0,0,0,0,0,0.0,0,0,0.0,0
invictus_enriched.csv:451,bert-jan,2023-07-10 11:58:10+00:00,0,1,0.8,2,1,0.9997222222222222,1,0.06027777777777778,1.0,0.258819045102521,-0.9659258262890682,0,0,0.1,83,6,0,0,0,0,0,1,0,0,0,0,0.18133333333333335,0,0,0,0,0,0.0,0,0,0.0,0
invictus_enriched.csv:452,bert-jan,2023-07-10 11:58:10+00:00,1,0,0.8,2,1,1.0,0,0.06027777777777778,1.0,0.258819045102521,-0.9659258262890682,0,0,0.7,81,9,0,0,0,0,0,0,0,0,0,1,0.23466666666666666,0,0,0,1,0,0.0,0,0,0.0,0
invictus_enriched.csv:453,bert-jan,2023-07-10 11:58:10+00:00,0,1,0.8,2,1,1.0,0,0.06027777777777778,1.0,0.258819045102521,-0.9659258262890682,0,0,0.1,83,6,0,0,0,0,0,1,0,0,0,0,0.18,0,0,0,0,0,0.0,0,0,0.0,0
invictus_enriched.csv:454,bert-jan,2023-07-10 11:58:10+00:00,1,0,0.8,2,1,1.0,1,0.06027777777777778,1.0,0.258819045102521,-0.9659258262890682,0,0,0.1,84,9,0,0,0,0,0,0,0,0,0,1,0.268,0,0,0,1,0,0.0,0,0,0.0,0
invictus_enriched.csv:455,bert-jan,2023-07-10 11:58:10+00:00,0,1,0.8,2,1,1.0,1,0.06027777777777778,1.0,0.258819045102521,-0.9659258262890682,0,0,0.1,85,6,0,0,0,0,0,1,0,0,0,0,0.10666666666666667,0,0,0,0,0,0.0,0,0,0.0,0
invictus_enriched.csv:456,bert-jan,2023-07-10 11:58:10+00:00,0,1,0.8,2,1,1.0,1,0.06027777777777778,1.0,0.258819045102521,-0.9659258262890682,0,0,0.1,86,6,1,0,0,0,0,0,0,0,0,0,0.31733333333333336,0,0,0,0,1,0.0,0,0,0.0,0
invictus_enriched.csv:457,bert-jan,2023-07-10 11:58:10+00:00,0,1,0.8,2,1,1.0,0,0.06027777777777778,1.0,0.258819045102521,-0.9659258262890682,0,0,0.1,86,6,1,0,0,0,0,0,0,0,0,0,0.31866666666666665,0,0,0,0,1,0.0,0,0,0.0,0
invictus_enriched.csv:458,bert-jan,2023-07-10 11:58:10+00:00,1,0,0.8,2,1,1.0,0,0.06027777777777778,1.0,0.258819045102521,-0.9659258262890682,0,0,0.7,81,9,0,0,0,0,0,0,0,0,0,1,0.23466666666666666,0,0,0,1,0,0.0,0,0,0.0,0
invictus_enriched.csv:459,bert-jan,2023-07-10 11:58:10+00:00,1,0,0.8,2,1,1.0,0,0.06027777777777778,1.0,0.258819045102521,-0.9659258262890682,0,0,0.1,84,9,0,0,0,0,0,0,0,0,0,1,0.268,0,0,0,1,0,0.0,0,0,0.0,0
invictus_enriched.csv:460,bert-jan,2023-07-10 11:58:10+00:00,0,1,0.8,2,1,1.0,0,0.06027777777777778,1.0,0.258819045102521,-0.9659258262890682,0,0,0.1,85,6,0,0,0,0,0,1,0,0,0,0,0.10533333333333333,0,0,0,0,0,0.0,0,0,0.0,0
invictus_enriched.csv:461,bert-jan,2023-07-10 11:58:10+00:00,1,0,0.8,2,1,1.0,0,0.06027777777777778,1.0,0.258819045102521,-0.9659258262890682,0,0,0.1,84,9,0,0,0,0,0,0,0,0,0,1,0.2693333333333333,0,0,0,1,0,0.0,0,0,0.0,0
invictus_enriched.csv:462,bert-jan,2023-07-10 11:58:10+00:00,1,0,0.8,2,1,1.0,0,0.06027777777777778,1.0,0.258819045102521,-0.9659258262890682,0,0,0.7,81,9,0,0,0,0,0,0,0,0,0,1,0.23466666666666666,0,0,0,1,0,0.0,0,0,0.0,0
invictus_enriched.csv:463,bert-jan,2023-07-10 11:58:10+00:00,0,1,0.8,2,1,1.0,0,0.06027777777777778,1.0,0.258819045102521,-0.9659258262890682,0,0,0.1,83,6,0,0,0,0,0,1,0,0,0,0,0.18133333333333335,0,0,0,0,0,0.0,0,0,0.0,0
invictus_enriched.csv:464,bert-jan,2023-07-10 11:58:10+00:00,0,1,0.8,2,1,1.0,0,0.06027777777777778,1.0,0.258819045102521,-0.9659258262890682,0,0,0.1,83,6,0,0,0,0,0,1,0,0,0,0,0.18133333333333335,0,0,0,0,0,0.0,0,0,0.0,0
invictus_enriched.csv:465,bert-jan,2023-07-10 11:58:10+00:00,0,1,0.8,2,1,1.0,0,0.06027777777777778,1.0,0.258819045102521,-0.9659258262890682,0,0,0.1,85,6,0,0,0,0,0,1,0,0,0,0,0.10533333333333333,0,0,0,0,0,0.0,0,0,0.0,0
invictus_enriched.csv:466,bert-jan,2023-07-10 11:58:10+00:00,0,1,0.8,2,1,1.0,0,0.06027777777777778,1.0,0.258819045102521,-0.9659258262890682,0,0,0.1,83,6,0,0,0,0,0,1,0,0,0,0,0.18,0,0,0,0,0,0.0,0,0,0.0,0
invictus_enriched.csv:467,bert-jan,2023-07-10 11:58:10+00:00,0,1,0.8,2,1,1.0,0,0.06027777777777778,1.0,0.258819045102521,-0.9659258262890682,0,0,0.1,86,6,1,0,0,0,0,0,0,0,0,0,0.31866666666666665,0,0,0,0,1,0.0,0,0,0.0,0
invictus_enriched.csv:468,bert-jan,2023-07-10 11:58:10+00:00,0,1,0.8,2,1,1.0,0,0.06027777777777778,1.0,0.258819045102521,-0.9659258262890682,0,0,0.1,86,6,1,0,0,0,0,0,0,0,0,0,0.31866666666666665,0,0,0,0,1,0.0,0,0,0.0,0
invictus_enriched.csv:469,bert-jan,2023-07-10 11:58:10+00:00,0,1,0.8,2,1,1.0,0,0.06027777777777778,1.0,0.258819045102521,-0.9659258262890682,0,0,0.1,86,6,1,0,0,0,0,0,0,0,0,0,0.31733333333333336,0,0,0,0,1,0.0,0,0,0.0,0
invictus_enriched.csv:470,bert-jan,2023-07-10 11:58:10+00:00,0,1,0.8,2,1,1.0,0,0.06027777777777778,1.0,0.258819045102521,-0.9659258262890682,0,0,0.1,86,6,1,0,0,0,0,0,0,0,0,0,0.31733333333333336,0,0,0,0,1,0.0,0,0,0.0,0
invictus_enriched.csv:471,bert-jan,2023-07-10 11:58:10+00:00,0,1,0.8,2,1,1.0,0,0.06027777777777778,1.0,0.258819045102521,-0.9659258262890682,0,0,0.1,86,6,1,0,0,0,0,0,0,0,0,0,0.31866666666666665,0,0,0,0,1,0.0,0,0,0.0,0
invictus_enriched.csv:472,bert-jan,2023-07-10 11:58:10+00:00,0,1,0.8,2,1,1.0,0,0.06027777777777778,1.0,0.258819045102521,-0.9659258262890682,0,0,0.1,86,6,1,0,0,0,0,0,0,0,0,0,0.31866666666666665,0,0,0,0,1,0.0,0,0,0.0,0
invictus_enriched.csv:473,bert-jan,2023-07-10 11:58:10+00:00,1,0,0.8,2,1,1.0,0,0.06027777777777778,1.0,0.258819045102521,-0.9659258262890682,0,0,0.7,81,9,0,0,0,0,0,0,0,0,0,1,0.23333333333333334,0,0,0,1,0,0.0,0,0,0.0,0
invictus_enriched.csv:474,bert-jan,2023-07-10 11:58:10+00:00,1,0,0.8,2,1,1.0,0,0.06027777777777778,1.0,0.258819045102521,-0.9659258262890682,0,0,0.7,81,9,0,0,0,0,0,0,0,0,0,1,0.23333333333333334,0,0,0,1,0,0.0,0,0,0.0,0
invictus_enriched.csv:475,bert-jan,2023-07-10 11:58:10+00:00,0,1,0.8,2,1,1.0,0,0.06027777777777778,1.0,0.258819045102521,-0.9659258262890682,0,0,0.1,85,6,0,0,0,0,0,1,0,0,0,0,0.10666666666666667,0,0,0,0,0,0.0,0,0,0.0,0
invictus_enriched.csv:476,bert-jan,2023-07-10 11:58:10+00:00,1,0,0.8,2,1,1.0,0,0.06027777777777778,1.0,0.258819045102521,-0.9659258262890682,0,0,0.1,84,9,0,0,0,0,0,0,0,0,0,1,0.2693333333333333,0,0,0,1,0,0.0,0,0,0.0,0
invictus_enriched.csv:477,bert-jan,2023-07-10 11:58:10+00:00,0,1,0.8,2,1,1.0,0,0.06027777777777778,1.0,0.258819045102521,-0.9659258262890682,0,0,0.1,85,6,0,0,0,0,0,1,0,0,0,0,0.10666666666666667,0,0,0,0,0,0.0,0,0,0.0,0
invictus_enriched.csv:478,bert-jan,2023-07-10 11:58:10+00:00,0,1,0.8,2,1,1.0,0,0.06027777777777778,1.0,0.258819045102521,-0.9659258262890682,0,0,0.1,85,6,0,0,0,0,0,1,0,0,0,0,0.10533333333333333,0,0,0,0,0,0.0,0,0,0.0,0
invictus_enriched.csv:479,bert-jan,2023-07-10 11:58:10+00:00,0,1,0.8,2,1,1.0,0,0.06027777777777778,1.0,0.258819045102521,-0.9659258262890682,0,0,0.1,85,6,0,0,0,0,0,1,0,0,0,0,0.10666666666666667,0,0,0,0,0,0.0,0,0,0.0,0
invictus_enriched.csv:480,bert-jan,2023-07-10 11:58:10+00:00,1,0,0.8,2,1,1.0,0,0.06027777777777778,1.0,0.258819045102521,-0.9659258262890682,0,0,0.7,81,9,0,0,0,0,0,0,0,0,0,1,0.23466666666666666,0,0,0,1,0,0.0,0,0,0.0,0
invictus_enriched.csv:481,bert-jan,2023-07-10 11:58:10+00:00,1,0,0.8,2,1,1.0,0,0.06027777777777778,1.0,0.258819045102521,-0.9659258262890682,0,0,0.1,84,9,0,0,0,0,0,0,0,0,0,1,0.268,0,0,0,1,0,0.0,0,0,0.0,0
invictus_enriched.csv:482,bert-jan,2023-07-10 11:58:10+00:00,1,0,0.8,2,1,1.0,0,0.06027777777777778,1.0,0.258819045102521,-0.9659258262890682,0,0,0.7,81,9,0,0,0,0,0,0,0,0,0,1,0.23333333333333334,0,0,0,1,0,0.0,0,0,0.0,0
invictus_enriched.csv:483,bert-jan,2023-07-10 11:58:10+00:00,0,1,0.8,2,1,1.0,0,0.06027777777777778,1.0,0.258819045102521,-0.9659258262890682,0,0,0.1,85,6,0,0,0,0,0,1,0,0,0,0,0.10533333333333333,0,0,0,0,0,0.0,0,0,0.0,0
invictus_enriched.csv:484,bert-jan,2023-07-10 11:58:10+00:00,0,1,0.8,2,1,1.0,0,0.06027777777777778,1.0,0.258819045102521,-0.9659258262890682,0,0,0.1,86,6,1,0,0,0,0,0,0,0,0,0,0.31733333333333336,0,0,0,0,1,0.0,0,0,0.0,0
invictus_enriched.csv:485,bert-jan,2023-07-10 11:58:10+00:00,0,1,0.8,2,1,1.0,0,0.06027777777777778,1.0,0.258819045102521,-0.9659258262890682,0,0,0.1,86,6,1,0,0,0,0,0,0,0,0,0,0.31866666666666665,0,0,0,0,1,0.0,0,0,0.0,0
invictus_enriched.csv:486,bert-jan,2023-07-10 11:58:10+00:00,1,0,0.8,2,1,1.0,0,0.06027777777777778,1.0,0.258819045102521,-0.9659258262890682,0,0,0.1,84,9,0,0,0,0,0,0,0,0,0,1,0.2693333333333333,0,0,0,1,0,0.0,0,0,0.0,0
invictus_enriched.csv:487,bert-jan,2023-07-10 11:58:10+00:00,0,1,0.8,2,1,1.0,0,0.06027777777777778,1.0,0.258819045102521,-0.9659258262890682,0,0,0.1,85,6,0,0,0,0,0,1,0,0,0,0,0.10666666666666667,0,0,0,0,0,0.0,0,0,0.0,0
invictus_enriched.csv:488,bert-jan,2023-07-10 11:58:10+00:00,1,0,0.8,2,1,1.0,0,0.06027777777777778,1.0,0.258819045102521,-0.9659258262890682,0,0,0.1,84,9,0,0,0,0,0,0,0,0,0,1,0.2693333333333333,0,0,0,1,0,0.0,0,0,0.0,0
invictus_enriched.csv:489,bert-jan,2023-07-10 11:58:10+00:00,0,1,0.8,2,1,1.0,0,0.06027777777777778,1.0,0.258819045102521,-0.9659258262890682,0,0,0.1,85,6,0,0,0,0,0,1,0,0,0,0,0.10666666666666667,0,0,0,0,0,0.0,0,0,0.0,0
invictus_enriched.csv:490,bert-jan,2023-07-10 11:58:10+00:00,1,0,0.8,2,1,1.0,0,0.06027777777777778,1.0,0.258819045102521,-0.9659258262890682,0,0,0.1,84,9,0,0,0,0,0,0,0,0,0,1,0.2693333333333333,0,0,0,1,0,0.0,0,0,0.0,0
invictus_enriched.csv:491,bert-jan,2023-07-10 11:58:10+00:00,1,0,0.8,2,1,1.0,0,0.06027777777777778,1.0,0.258819045102521,-0.9659258262890682,0,0,0.7,81,9,0,0,0,0,0,0,0,0,0,1,0.23466666666666666,0,0,0,1,0,0.0,0,0,0.0,0
invictus_enriched.csv:492,bert-jan,2023-07-10 11:58:10+00:00,1,0,0.8,2,1,1.0,0,0.06027777777777778,1.0,0.258819045102521,-0.9659258262890682,0,0,0.7,81,9,0,0,0,0,0,0,0,0,0,1,0.23466666666666666,0,0,0,1,0,0.0,0,0,0.0,0
invictus_enriched.csv:493,bert-jan,2023-07-10 11:58:10+00:00,1,0,0.8,2,1,1.0,0,0.06027777777777778,1.0,0.258819045102521,-0.9659258262890682,0,0,0.1,84,9,0,0,0,0,0,0,0,0,0,1,0.2693333333333333,0,0,0,1,0,0.0,0,0,0.0,0
invictus_enriched.csv:494,bert-jan,2023-07-10 11:58:10+00:00,1,0,0.8,2,1,1.0,0,0.06027777777777778,1.0,0.258819045102521,-0.9659258262890682,0,0,0.7,81,9,0,0,0,0,0,0,0,0,0,1,0.23333333333333334,0,0,0,1,0,0.0,0,0,0.0,0
invictus_enriched.csv:495,bert-jan,2023-07-10 11:58:10+00:00,1,0,0.8,2,1,1.0,0,0.06027777777777778,1.0,0.258819045102521,-0.9659258262890682,0,0,0.1,84,9,0,0,0,0,0,0,0,0,0,1,0.268,0,0,0,1,0,0.0,0,0,0.0,0
invictus_enriched.csv:496,bert-jan,2023-07-10 11:58:11+00:00,1,0,0.8,2,1,0.9997222222222222,0,0.06055555555555556,1.0,0.258819045102521,-0.9659258262890682,0,0,0.1,84,9,0,0,0,0,0,0,0,0,0,1,0.2693333333333333,0,0,0,1,0,0.0,0,0,0.0,0
invictus_enriched.csv:497,bert-jan,2023-07-10 11:58:11+00:00,0,1,0.8,2,1,1.0,1,0.06055555555555556,1.0,0.258819045102521,-0.9659258262890682,0,0,0.1,87,6,0,0,0,0,0,1,0,0,0,0,0.12133333333333333,0,0,0,0,0,0.0,0,0,0.0,0
invictus_enriched.csv:498,bert-jan,2023-07-10 11:58:11+00:00,0,1,0.8,2,1,1.0,0,0.06055555555555556,1.0,0.258819045102521,-0.9659258262890682,0,0,0.1,87,6,0,0,0,0,0,1,0,0,0,0,0.12133333333333333,0,0,0,0,0,0.0,0,0,0.0,0
invictus_enriched.csv:499,bert-jan,2023-07-10 11:58:11+00:00,0,1,0.8,2,1,1.0,0,0.06055555555555556,1.0,0.258819045102521,-0.9659258262890682,0,0,0.1,87,6,0,0,0,0,0,1,0,0,0,0,0.12,0,0,0,0,0,0.0,0,0,0.0,0
invictus_enriched.csv:500,bert-jan,2023-07-10 11:58:11+00:00,1,0,0.8,2,1,1.0,0,0.06055555555555556,1.0,0.258819045102521,-0.9659258262890682,0,0,0.1,84,9,0,0,0,0,0,0,0,0,0,1,0.2693333333333333,0,0,0,1,0,0.0,0,0,0.0,0
invictus_enriched.csv:501,bert-jan,2023-07-10 11:58:11+00:00,0,1,0.8,2,1,1.0,0,0.06055555555555556,1.0,0.258819045102521,-0.9659258262890682,0,0,0.1,86,6,1,0,0,0,0,0,0,0,0,0,0.31866666666666665,0,0,0,0,1,0.0,0,0,0.0,0
invictus_enriched.csv:502,bert-jan,2023-07-10 11:58:11+00:00,0,1,0.8,2,1,1.0,0,0.06055555555555556,1.0,0.258819045102521,-0.9659258262890682,0,0,0.1,87,6,0,0,0,0,0,1,0,0,0,0,0.12133333333333333,0,0,0,0,0,0.0,0,0,0.0,0
invictus_enriched.csv:503,bert-jan,2023-07-10 11:58:11+00:00,0,1,0.8,2,1,1.0,0,0.06055555555555556,1.0,0.258819045102521,-0.9659258262890682,0,0,0.1,83,6,0,0,0,0,0,1,0,0,0,0,0.18133333333333335,0,0,0,0,0,0.0,0,0,0.0,0
invictus_enriched.csv:504,bert-jan,2023-07-10 11:58:11+00:00,1,0,0.8,2,1,1.0,0,0.06055555555555556,1.0,0.258819045102521,-0.9659258262890682,0,0,0.1,84,9,0,0,0,0,0,0,0,0,0,1,0.268,0,0,0,1,0,0.0,0,0,0.0,0
invictus_enriched.csv:505,bert-jan,2023-07-10 11:58:11+00:00,1,0,0.8,2,1,1.0,0,0.06055555555555556,1.0,0.258819045102521,-0.9659258262890682,0,0,0.1,84,9,0,0,0,0,0,0,0,0,0,1,0.268,0,0,0,1,0,0.0,0,0,0.0,0
invictus_enriched.csv:506,bert-jan,2023-07-10 11:58:11+00:00,1,0,0.8,2,1,1.0,0,0.06055555555555556,1.0,0.258819045102521,-0.9659258262890682,0,0,0.1,84,9,0,0,0,0,0,0,0,0,0,1,0.2693333333333333,0,0,0,1,0,0.0,0,0,0.0,0
invictus_enriched.csv:507,bert-jan,2023-07-10 11:58:11+00:00,0,1,0.8,2,1,1.0,0,0.06055555555555556,1.0,0.258819045102521,-0.9659258262890682,0,0,0.1,87,6,0,0,0,0,0,1,0,0,0,0,0.12,0,0,0,0,0,0.0,0,0,0.0,0
invictus_enriched.csv:508,bert-jan,2023-07-10 11:58:11+00:00,0,1,0.8,2,1,1.0,0,0.06055555555555556,1.0,0.258819045102521,-0.9659258262890682,0,0,0.1,87,6,0,0,0,0,0,1,0,0,0,0,0.12,0,0,0,0,0,0.0,0,0,0.0,0
invictus_enriched.csv:509,bert-jan,2023-07-10 11:58:11+00:00,0,1,0.8,2,1,1.0,0,0.06055555555555556,1.0,0.258819045102521,-0.9659258262890682,0,0,0.1,86,6,1,0,0,0,0,0,0,0,0,0,0.31733333333333336,0,0,0,0,1,0.0,0,0,0.0,0
invictus_enriched.csv:510,bert-jan,2023-07-10 11:58:11+00:00,0,1,0.8,2,1,1.0,0,0.06055555555555556,1.0,0.258819045102521,-0.9659258262890682,0,0,0.1,83,6,0,0,0,0,0,1,0,0,0,0,0.18,0,0,0,0,0,0.0,0,0,0.0,0
invictus_enriched.csv:511,bert-jan,2023-07-10 11:58:11+00:00,1,0,0.8,2,1,1.0,0,0.06055555555555556,1.0,0.258819045102521,-0.9659258262890682,0,0,0.1,84,9,0,0,0,0,0,0,0,0,0,1,0.2693333333333333,0,0,0,1,0,0.0,0,0,0.0,0
invictus_enriched.csv:512,bert-jan,2023-07-10 11:58:11+00:00,0,1,0.8,2,1,1.0,0,0.06055555555555556,1.0,0.258819045102521,-0.9659258262890682,0,0,0.1,83,6,0,0,0,0,0,1,0,0,0,0,0.18133333333333335,0,0,0,0,0,0.0,0,0,0.0,0
invictus_enriched.csv:513,bert-jan,2023-07-10 11:58:11+00:00,0,1,0.8,2,1,1.0,0,0.06055555555555556,1.0,0.258819045102521,-0.9659258262890682,0,0,0.1,86,6,1,0,0,0,0,0,0,0,0,0,0.31866666666666665,0,0,0,0,1,0.0,0,0,0.0,0
invictus_enriched.csv:514,bert-jan,2023-07-10 11:58:11+00:00,0,1,0.8,2,1,1.0,0,0.06055555555555556,1.0,0.258819045102521,-0.9659258262890682,0,0,0.1,86,6,1,0,0,0,0,0,0,0,0,0,0.31866666666666665,0,0,0,0,1,0.0,0,0,0.0,0
invictus_enriched.csv:515,bert-jan,2023-07-10 11:58:11+00:00,0,1,0.8,2,1,1.0,0,0.06055555555555556,1.0,0.258819045102521,-0.9659258262890682,0,0,0.1,86,6,1,0,0,0,0,0,0,0,0,0,0.31866666666666665,0,0,0,0,1,0.0,0,0,0.0,0
invictus_enriched.csv:516,bert-jan,2023-07-10 11:58:11+00:00,0,1,0.8,2,1,1.0,0,0.06055555555555556,1.0,0.258819045102521,-0.9659258262890682,0,0,0.1,86,6,1,0,0,0,0,0,0,0,0,0,0.31866666666666665,0,0,0,0,1,0.0,0,0,0.0,0
invictus_enriched.csv:517,bert-jan,2023-07-10 11:58:11+00:00,0,1,0.8,2,1,1.0,0,0.06055555555555556,1.0,0.258819045102521,-0.9659258262890682,0,0,0.1,83,6,0,0,0,0,0,1,0,0,0,0,0.18133333333333335,0,0,0,0,0,0.0,0,0,0.0,0
invictus_enriched.csv:518,bert-jan,2023-07-10 11:58:11+00:00,0,1,0.8,2,1,1.0,0,0.06055555555555556,1.0,0.258819045102521,-0.9659258262890682,0,0,0.1,87,6,0,0,0,0,0,1,0,0,0,0,0.12133333333333333,0,0,0,0,0,0.0,0,0,0.0,0
invictus_enriched.csv:519,bert-jan,2023-07-10 11:58:11+00:00,0,1,0.8,2,1,1.0,0,0.06055555555555556,1.0,0.258819045102521,-0.9659258262890682,0,0,0.1,87,6,0,0,0,0,0,1,0,0,0,0,0.12,0,0,0,0,0,0.0,0,0,0.0,0
invictus_enriched.csv:520,bert-jan,2023-07-10 11:58:11+00:00,1,0,0.8,2,1,1.0,0,0.06055555555555556,1.0,0.258819045102521,-0.9659258262890682,0,0,0.1,84,9,0,0,0,0,0,0,0,0,0,1,0.2693333333333333,0,0,0,1,0,0.0,0,0,0.0,0
invictus_enriched.csv:521,bert-jan,2023-07-10 11:58:11+00:00,0,1,0.8,2,1,1.0,0,0.06055555555555556,1.0,0.258819045102521,-0.9659258262890682,0,0,0.1,86,6,1,0,0,0,0,0,0,0,0,0,0.31866666666666665,0,0,0,0,1,0.0,0,0,0.0,0
invictus_enriched.csv:522,bert-jan,2023-07-10 11:58:11+00:00,1,0,0.8,2,1,1.0,0,0.06055555555555556,1.0,0.258819045102521,-0.9659258262890682,0,0,0.1,84,9,0,0,0,0,0,0,0,0,0,1,0.2693333333333333,0,0,0,1,0,0.0,0,0,0.0,0
invictus_enriched.csv:523,bert-jan,2023-07-10 11:58:11+00:00,0,1,0.8,2,1,1.0,0,0.06055555555555556,1.0,0.258819045102521,-0.9659258262890682,0,0,0.1,86,6,1,0,0,0,0,0,0,0,0,0,0.31866666666666665,0,0,0,0,1,0.0,0,0,0.0,0
invictus_enriched.csv:524,bert-jan,2023-07-10 11:58:11+00:00,1,0,0.8,2,1,1.0,0,0.06055555555555556,1.0,0.258819045102521,-0.9659258262890682,0,0,0.1,84,9,0,0,0,0,0,0,0,0,0,1,0.2693333333333333,0,0,0,1,0,0.0,0,0,0.0,0
invictus_enriched.csv:525,bert-jan,2023-07-10 11:58:11+00:00,0,1,0.8,2,1,1.0,0,0.06055555555555556,1.0,0.258819045102521,-0.9659258262890682,0,0,0.1,83,6,0,0,0,0,0,1,0,0,0,0,0.18,0,0,0,0,0,0.0,0,0,0.0,0
invictus_enriched.csv:526,bert-jan,2023-07-10 11:58:11+00:00,0,1,0.8,2,1,1.0,0,0.06055555555555556,1.0,0.258819045102521,-0.9659258262890682,0,0,0.1,86,6,1,0,0,0,0,0,0,0,0,0,0.31866666666666665,0,0,0,0,1,0.0,0,0,0.0,0
invictus_enriched.csv:527,bert-jan,2023-07-10 11:58:11+00:00,0,1,0.8,2,1,1.0,0,0.06055555555555556,1.0,0.258819045102521,-0.9659258262890682,0,0,0.1,86,6,1,0,0,0,0,0,0,0,0,0,0.31733333333333336,0,0,0,0,1,0.0,0,0,0.0,0
invictus_enriched.csv:528,bert-jan,2023-07-10 11:58:11+00:00,0,1,0.8,2,1,1.0,0,0.06055555555555556,1.0,0.258819045102521,-0.9659258262890682,0,0,0.1,87,6,0,0,0,0,0,1,0,0,0,0,0.12133333333333333,0,0,0,0,0,0.0,0,0,0.0,0
invictus_enriched.csv:529,bert-jan,2023-07-10 11:58:11+00:00,0,1,0.8,2,1,1.0,0,0.06055555555555556,1.0,0.258819045102521,-0.9659258262890682,0,0,0.1,87,6,0,0,0,0,0,1,0,0,0,0,0.12133333333333333,0,0,0,0,0,0.0,0,0,0.0,0
invictus_enriched.csv:530,bert-jan,2023-07-10 11:58:11+00:00,1,0,0.8,2,1,1.0,0,0.06055555555555556,1.0,0.258819045102521,-0.9659258262890682,0,0,0.1,84,9,0,0,0,0,0,0,0,0,0,1,0.2693333333333333,0,0,0,1,0,0.0,0,0,0.0,0
invictus_enriched.csv:531,bert-jan,2023-07-10 11:58:12+00:00,0,1,0.8,2,1,0.9997222222222222,0,0.060833333333333336,1.0,0.258819045102521,-0.9659258262890682,0,0,0.1,85,6,0,0,0,0,0,1,0,0,0,0,0.10533333333333333,0,0,0,0,0,0.0,0,0,0.0,0
invictus_enriched.csv:532,bert-jan,2023-07-10 11:58:12+00:00,1,0,0.8,2,1,1.0,0,0.060833333333333336,1.0,0.258819045102521,-0.9659258262890682,0,0,0.7,81,9,0,0,0,0,0,0,0,0,0,1,0.23466666666666666,0,0,0,1,0,0.0,0,0,0.0,0
invictus_enriched.csv:533,bert-jan,2023-07-10 11:58:12+00:00,1,0,0.8,2,1,1.0,0,0.060833333333333336,1.0,0.258819045102521,-0.9659258262890682,0,0,0.7,81,9,0,0,0,0,0,0,0,0,0,1,0.23466666666666666,0,0,0,1,0,0.0,0,0,0.0,0
invictus_enriched.csv:534,bert-jan,2023-07-10 11:58:12+00:00,0,1,0.8,2,1,1.0,0,0.060833333333333336,1.0,0.258819045102521,-0.9659258262890682,0,0,0.1,85,6,0,0,0,0,0,1,0,0,0,0,0.10666666666666667,0,0,0,0,0,0.0,0,0,0.0,0
invictus_enriched.csv:535,bert-jan,2023-07-10 11:58:12+00:00,1,0,0.8,2,1,1.0,0,0.060833333333333336,1.0,0.258819045102521,-0.9659258262890682,0,0,0.7,81,9,0,0,0,0,0,0,0,0,0,1,0.23466666666666666,0,0,0,1,0,0.0,0,0,0.0,0
invictus_enriched.csv:536,bert-jan,2023-07-10 11:58:12+00:00,0,1,0.8,2,1,1.0,0,0.060833333333333336,1.0,0.258819045102521,-0.9659258262890682,0,0,0.1,85,6,0,0,0,0,0,1,0,0,0,0,0.10666666666666667,0,0,0,0,0,0.0,0,0,0.0,0
invictus_enriched.csv:537,bert-jan,2023-07-10 11:58:12+00:00,0,1,0.8,2,1,1.0,0,0.060833333333333336,1.0,0.258819045102521,-0.9659258262890682,0,0,0.1,85,6,0,0,0,0,0,1,0,0,0,0,0.10666666666666667,0,0,0,0,0,0.0,0,0,0.0,0
invictus_enriched.csv:538,bert-jan,2023-07-10 11:58:12+00:00,0,1,0.8,2,1,1.0,0,0.060833333333333336,1.0,0.258819045102521,-0.9659258262890682,0,0,0.1,83,6,0,0,0,0,0,1,0,0,0,0,0.18133333333333335,0,0,0,0,0,0.0,0,0,0.0,0
invictus_enriched.csv:539,bert-jan,2023-07-10 11:58:12+00:00,1,0,0.8,2,1,1.0,0,0.060833333333333336,1.0,0.258819045102521,-0.9659258262890682,0,0,0.7,81,9,0,0,0,0,0,0,0,0,0,1,0.23466666666666666,0,0,0,1,0,0.0,0,0,0.0,0
invictus_enriched.csv:540,bert-jan,2023-07-10 11:58:12+00:00,0,1,0.8,2,1,1.0,0,0.060833333333333336,1.0,0.258819045102521,-0.9659258262890682,0,0,0.1,83,6,0,0,0,0,0,1,0,0,0,0,0.18133333333333335,0,0,0,0,0,0.0,0,0,0.0,0
invictus_enriched.csv:541,bert-jan,2023-07-10 11:58:12+00:00,0,1,0.8,2,1,1.0,0,0.060833333333333336,1.0,0.258819045102521,-0.9659258262890682,0,0,0.1,85,6,0,0,0,0,0,1,0,0,0,0,0.10666666666666667,0,0,0,0,0,0.0,0,0,0.0,0
invictus_enriched.csv:542,bert-jan,2023-07-10 11:58:12+00:00,0,1,0.8,2,1,1.0,0,0.060833333333333336,1.0,0.258819045102521,-0.9659258262890682,0,0,0.1,83,6,0,0,0,0,0,1,0,0,0,0,0.18133333333333335,0,0,0,0,0,0.0,0,0,0.0,0
invictus_enriched.csv:543,bert-jan,2023-07-10 11:58:12+00:00,0,1,0.8,2,1,1.0,0,0.060833333333333336,1.0,0.258819045102521,-0.9659258262890682,0,0,0.1,85,6,0,0,0,0,0,1,0,0,0,0,0.10666666666666667,0,0,0,0,0,0.0,0,0,0.0,0
invictus_enriched.csv:544,bert-jan,2023-07-10 11:58:12+00:00,1,0,0.8,2,1,1.0,0,0.060833333333333336,1.0,0.258819045102521,-0.9659258262890682,0,0,0.7,81,9,0,0,0,0,0,0,0,0,0,1,0.23466666666666666,0,0,0,1,0,0.0,0,0,0.0,0
invictus_enriched.csv:545,bert-jan,2023-07-10 11:58:12+00:00,0,1,0.8,2,1,1.0,0,0.060833333333333336,1.0,0.258819045102521,-0.9659258262890682,0,0,0.1,83,6,0,0,0,0,0,1,0,0,0,0,0.18133333333333335,0,0,0,0,0,0.0,0,0,0.0,0
invictus_enriched.csv:546,bert-jan,2023-07-10 11:58:12+00:00,0,1,0.8,2,1,1.0,0,0.060833333333333336,1.0,0.258819045102521,-0.9659258262890682,0,0,0.1,83,6,0,0,0,0,0,1,0,0,0,0,0.18133333333333335,0,0,0,0,0,0.0,0,0,0.0,0
invictus_enriched.csv:547,bert-jan,2023-07-10 11:58:12+00:00,0,1,0.8,2,1,1.0,0,0.060833333333333336,1.0,0.258819045102521,-0.9659258262890682,0,0,0.1,83,6,0,0,0,0,0,1,0,0,0,0,0.18,0,0,0,0,0,0.0,0,0,0.0,0
invictus_enriched.csv:548,bert-jan,2023-07-10 11:58:12+00:00,0,1,0.8,2,1,1.0,0,0.060833333333333336,1.0,0.258819045102521,-0.9659258262890682,0,0,0.1,85,6,0,0,0,0,0,1,0,0,0,0,0.10666666666666667,0,0,0,0,0,0.0,0,0,0.0,0
invictus_enriched.csv:549,bert-jan,2023-07-10 11:58:12+00:00,0,1,0.8,2,1,1.0,0,0.060833333333333336,1.0,0.258819045102521,-0.9659258262890682,0,0,0.1,83,6,0,0,0,0,0,1,0,0,0,0,0.18133333333333335,0,0,0,0,0,0.0,0,0,0.0,0
invictus_enriched.csv:550,bert-jan,2023-07-10 11:58:12+00:00,1,0,0.8,2,1,1.0,0,0.060833333333333336,1.0,0.258819045102521,-0.9659258262890682,0,0,0.7,81,9,0,0,0,0,0,0,0,0,0,1,0.23466666666666666,0,0,0,1,0,0.0,0,0,0.0,0
invictus_enriched.csv:551,bert-jan,2023-07-10 11:58:12+00:00,0,1,0.8,2,1,1.0,0,0.060833333333333336,1.0,0.258819045102521,-0.9659258262890682,0,0,0.1,85,6,0,0,0,0,0,1,0,0,0,0,0.10666666666666667,0,0,0,0,0,0.0,0,0,0.0,0
invictus_enriched.csv:552,bert-jan,2023-07-10 11:58:12+00:00,0,1,0.8,2,1,1.0,0,0.060833333333333336,1.0,0.258819045102521,-0.9659258262890682,0,0,0.1,83,6,0,0,0,0,0,1,0,0,0,0,0.18133333333333335,0,0,0,0,0,0.0,0,0,0.0,0
invictus_enriched.csv:553,bert-jan,2023-07-10 11:58:12+00:00,0,1,0.8,2,1,1.0,0,0.060833333333333336,1.0,0.258819045102521,-0.9659258262890682,0,0,0.1,85,6,0,0,0,0,0,1,0,0,0,0,0.10533333333333333,0,0,0,0,0,0.0,0,0,0.0,0
invictus_enriched.csv:554,bert-jan,2023-07-10 11:58:12+00:00,0,1,0.8,2,1,1.0,0,0.060833333333333336,1.0,0.258819045102521,-0.9659258262890682,0,0,0.1,85,6,0,0,0,0,0,1,0,0,0,0,0.10666666666666667,0,0,0,0,0,0.0,0,0,0.0,0
invictus_enriched.csv:555,bert-jan,2023-07-10 11:58:12+00:00,1,0,0.8,2,1,1.0,0,0.060833333333333336,1.0,0.258819045102521,-0.9659258262890682,0,0,0.7,81,9,0,0,0,0,0,0,0,0,0,1,0.23466666666666666,0,0,0,1,0,0.0,0,0,0.0,0
invictus_enriched.csv:556,bert-jan,2023-07-10 11:58:12+00:00,0,1,0.8,2,1,1.0,0,0.060833333333333336,1.0,0.258819045102521,-0.9659258262890682,0,0,0.1,83,6,0,0,0,0,0,1,0,0,0,0,0.18,0,0,0,0,0,0.0,0,0,0.0,0
invictus_enriched.csv:557,bert-jan,2023-07-10 11:58:12+00:00,0,1,0.8,2,1,1.0,0,0.060833333333333336,1.0,0.258819045102521,-0.9659258262890682,0,0,0.1,83,6,0,0,0,0,0,1,0,0,0,0,0.18133333333333335,0,0,0,0,0,0.0,0,0,0.0,0
invictus_enriched.csv:558,bert-jan,2023-07-10 11:58:12+00:00,1,0,0.8,2,1,1.0,0,0.060833333333333336,1.0,0.258819045102521,-0.9659258262890682,0,0,0.7,81,9,0,0,0,0,0,0,0,0,0,1,0.23466666666666666,0,0,0,1,0,0.0,0,0,0.0,0
invictus_enriched.csv:559,bert-jan,2023-07-10 11:58:12+00:00,1,0,0.8,2,1,1.0,0,0.060833333333333336,1.0,0.258819045102521,-0.9659258262890682,0,0,0.7,81,9,0,0,0,0,0,0,0,0,0,1,0.23333333333333334,0,0,0,1,0,0.0,0,0,0.0,0
invictus_enriched.csv:560,bert-jan,2023-07-10 11:58:12+00:00,1,0,0.8,2,1,1.0,0,0.060833333333333336,1.0,0.258819045102521,-0.9659258262890682,0,0,0.7,81,9,0,0,0,0,0,0,0,0,0,1,0.23333333333333334,0,0,0,1,0,0.0,0,0,0.0,0
invictus_enriched.csv:561,bert-jan,2023-07-10 11:58:13+00:00,0,1,0.8,2,1,0.9997222222222222,0,0.06111111111111111,1.0,0.258819045102521,-0.9659258262890682,0,0,0.1,87,6,0,0,0,0,0,1,0,0,0,0,0.12,0,0,0,0,0,0.0,0,0,0.0,0
invictus_enriched.csv:562,bert-jan,2023-07-10 11:58:13+00:00,0,1,0.8,2,1,1.0,0,0.06111111111111111,1.0,0.258819045102521,-0.9659258262890682,0,0,0.1,86,6,1,0,1,0,0,0,0,0,0,0,0.0026666666666666666,0,0,0,0,1,0.0,0,0,0.0,0
invictus_enriched.csv:563,bert-jan,2023-07-10 11:58:13+00:00,0,1,0.8,2,1,1.0,0,0.06111111111111111,1.0,0.258819045102521,-0.9659258262890682,0,0,0.1,86,6,1,0,1,0,0,0,0,0,0,0,0.0026666666666666666,0,0,0,0,1,0.0,0,0,0.0,0
invictus_enriched.csv:564,bert-jan,2023-07-10 11:58:13+00:00,0,1,0.8,2,1,1.0,0,0.06111111111111111,1.0,0.258819045102521,-0.9659258262890682,0,0,0.1,87,6,0,0,0,0,0,1,0,0,0,0,0.12133333333333333,0,0,0,0,0,0.0,0,0,0.0,0
invictus_enriched.csv:565,bert-jan,2023-07-10 11:58:13+00:00,0,1,0.8,2,1,1.0,0,0.06111111111111111,1.0,0.258819045102521,-0.9659258262890682,0,0,0.1,87,6,0,0,0,0,0,1,0,0,0,0,0.12133333333333333,0,0,0,0,0,0.0,0,0,0.0,0
invictus_enriched.csv:566,bert-jan,2023-07-10 11:58:13+00:00,0,1,0.8,2,1,1.0,0,0.06111111111111111,1.0,0.258819045102521,-0.9659258262890682,0,0,0.1,87,6,0,0,0,0,0,1,0,0,0,0,0.12133333333333333,0,0,0,0,0,0.0,0,0,0.0,0
invictus_enriched.csv:567,bert-jan,2023-07-10 11:58:13+00:00,0,1,0.8,2,1,1.0,0,0.06111111111111111,1.0,0.258819045102521,-0.9659258262890682,0,0,0.1,87,6,0,0,0,0,0,1,0,0,0,0,0.12133333333333333,0,0,0,0,0,0.0,0,0,0.0,0
invictus_enriched.csv:568,bert-jan,2023-07-10 11:58:13+00:00,0,1,0.8,2,1,1.0,0,0.06111111111111111,1.0,0.258819045102521,-0.9659258262890682,0,0,0.1,86,6,1,0,1,0,0,0,0,0,0,0,0.0026666666666666666,0,0,0,0,1,0.0,0,0,0.0,0
invictus_enriched.csv:569,bert-jan,2023-07-10 11:58:13+00:00,0,1,0.8,2,1,1.0,0,0.06111111111111111,1.0,0.258819045102521,-0.9659258262890682,0,0,0.1,86,6,1,0,1,0,0,0,0,0,0,0,0.0026666666666666666,0,0,0,0,1,0.0,0,0,0.0,0
invictus_enriched.csv:570,bert-jan,2023-07-10 11:58:13+00:00,0,1,0.8,2,1,1.0,0,0.06111111111111111,1.0,0.258819045102521,-0.9659258262890682,0,0,0.1,86,6,1,0,1,0,0,0,0,0,0,0,0.0026666666666666666,0,0,0,0,1,0.0,0,0,0.0,0
invictus_enriched.csv:571,bert-jan,2023-07-10 11:58:13+00:00,0,1,0.8,2,1,1.0,0,0.06111111111111111,1.0,0.258819045102521,-0.9659258262890682,0,0,0.1,86,6,1,0,1,0,0,0,0,0,0,0,0.0026666666666666666,0,0,0,0,1,0.0,0,0,0.0,0
invictus_enriched.csv:572,bert-jan,2023-07-10 11:58:13+00:00,0,1,0.8,2,1,1.0,0,0.06111111111111111,1.0,0.258819045102521,-0.9659258262890682,0,0,0.1,87,6,0,0,0,0,0,1,0,0,0,0,0.12133333333333333,0,0,0,0,0,0.0,0,0,0.0,0
invictus_enriched.csv:575,bert-jan,2023-07-10 11:58:13+00:00,0,1,0.8,2,1,1.0,0,0.06111111111111111,1.0,0.258819045102521,-0.9659258262890682,0,0,0.1,87,6,0,0,0,0,0,1,0,0,0,0,0.12133333333333333,0,0,0,0,0,0.0,0,0,0.0,0
invictus_enriched.csv:576,bert-jan,2023-07-10 11:58:13+00:00,0,1,0.8,2,1,1.0,0,0.06111111111111111,1.0,0.258819045102521,-0.9659258262890682,0,0,0.1,86,6,1,0,1,0,0,0,0,0,0,0,0.0026666666666666666,0,0,0,0,1,0.0,0,0,0.0,0
invictus_enriched.csv:577,bert-jan,2023-07-10 11:58:13+00:00,0,1,0.8,2,1,1.0,0,0.06111111111111111,1.0,0.258819045102521,-0.9659258262890682,0,0,0.1,87,6,0,0,0,0,0,1,0,0,0,0,0.12133333333333333,0,0,0,0,0,0.0,0,0,0.0,0
invictus_enriched.csv:580,bert-jan,2023-07-10 11:58:13+00:00,0,1,0.8,2,1,1.0,0,0.06111111111111111,1.0,0.258819045102521,-0.9659258262890682,0,0,0.1,86,6,1,0,1,0,0,0,0,0,0,0,0.0026666666666666666,0,0,0,0,1,0.0,0,0,0.0,0
invictus_enriched.csv:581,bert-jan,2023-07-10 11:58:13+00:00,0,1,0.8,2,1,1.0,0,0.06111111111111111,1.0,0.258819045102521,-0.9659258262890682,0,0,0.1,86,6,1,0,1,0,0,0,0,0,0,0,0.0026666666666666666,0,0,0,0,1,0.0,0,0,0.0,0
invictus_enriched.csv:582,bert-jan,2023-07-10 11:58:13+00:00,0,1,0.8,2,1,1.0,0,0.06111111111111111,1.0,0.258819045102521,-0.9659258262890682,0,0,0.1,87,6,0,0,0,0,0,1,0,0,0,0,0.12,0,0,0,0,0,0.0,0,0,0.0,0
invictus_enriched.csv:583,bert-jan,2023-07-10 11:58:13+00:00,0,1,0.8,2,1,1.0,0,0.06111111111111111,1.0,0.258819045102521,-0.9659258262890682,0,0,0.1,86,6,1,0,1,0,0,0,0,0,0,0,0.0026666666666666666,0,0,0,0,1,0.0,0,0,0.0,0
invictus_enriched.csv:584,bert-jan,2023-07-10 11:58:13+00:00,0,1,0.8,2,1,1.0,0,0.06111111111111111,1.0,0.258819045102521,-0.9659258262890682,0,0,0.1,87,6,0,0,0,0,0,1,0,0,0,0,0.12133333333333333,0,0,0,0,0,0.0,0,0,0.0,0
invictus_enriched.csv:585,bert-jan,2023-07-10 11:58:14+00:00,0,1,0.8,2,1,0.9997222222222222,0,0.06138888888888889,1.0,0.258819045102521,-0.9659258262890682,0,0,0.1,86,6,1,0,1,0,0,0,0,0,0,0,0.0026666666666666666,0,0,0,0,1,0.0,0,0,0.0,0
invictus_enriched.csv:586,bert-jan,2023-07-10 11:58:14+00:00,1,0,0.8,2,1,1.0,0,0.06138888888888889,1.0,0.258819045102521,-0.9659258262890682,0,0,0.1,84,9,0,0,0,0,0,0,0,0,0,1,0.2693333333333333,0,0,0,1,0,0.0,0,0,0.0,0
invictus_enriched.csv:587,bert-jan,2023-07-10 11:58:14+00:00,0,1,0.8,2,1,1.0,0,0.06138888888888889,1.0,0.258819045102521,-0.9659258262890682,0,0,0.1,86,6,1,0,0,0,0,0,0,0,0,0,0.31866666666666665,0,0,0,0,1,0.0,0,0,0.0,0
invictus_enriched.csv:588,bert-jan,2023-07-10 11:58:14+00:00,1,0,0.8,2,1,1.0,0,0.06138888888888889,1.0,0.258819045102521,-0.9659258262890682,0,0,0.7,81,9,0,0,0,0,0,0,0,0,0,1,0.23466666666666666,0,0,0,1,0,0.0,0,0,0.0,0
invictus_enriched.csv:589,bert-jan,2023-07-10 11:58:14+00:00,0,1,0.8,2,1,1.0,0,0.06138888888888889,1.0,0.258819045102521,-0.9659258262890682,0,0,0.1,86,6,1,0,1,0,0,0,0,0,0,0,0.0026666666666666666,0,0,0,0,1,0.0,0,0,0.0,0
invictus_enriched.csv:590,bert-jan,2023-07-10 11:58:14+00:00,1,0,0.8,2,1,1.0,0,0.06138888888888889,1.0,0.258819045102521,-0.9659258262890682,0,0,0.1,84,9,0,0,0,0,0,0,0,0,0,1,0.268,0,0,0,1,0,0.0,0,0,0.0,0
invictus_enriched.csv:591,bert-jan,2023-07-10 11:58:14+00:00,0,1,0.8,2,1,1.0,0,0.06138888888888889,1.0,0.258819045102521,-0.9659258262890682,0,0,0.1,86,6,1,0,0,0,0,0,0,0,0,0,0.31866666666666665,0,0,0,0,1,0.0,0,0,0.0,0
invictus_enriched.csv:592,bert-jan,2023-07-10 11:58:14+00:00,0,1,0.8,2,1,1.0,0,0.06138888888888889,1.0,0.258819045102521,-0.9659258262890682,0,0,0.1,86,6,1,0,1,0,0,0,0,0,0,0,0.0026666666666666666,0,0,0,0,1,0.0,0,0,0.0,0
invictus_enriched.csv:593,bert-jan,2023-07-10 11:58:14+00:00,0,1,0.8,2,1,1.0,0,0.06138888888888889,1.0,0.258819045102521,-0.9659258262890682,0,0,0.1,85,6,0,0,0,0,0,1,0,0,0,0,0.10666666666666667,0,0,0,0,0,0.0,0,0,0.0,0
invictus_enriched.csv:594,bert-jan,2023-07-10 11:58:14+00:00,0,1,0.8,2,1,1.0,0,0.06138888888888889,1.0,0.258819045102521,-0.9659258262890682,0,0,0.1,85,6,0,0,0,0,0,1,0,0,0,0,0.10533333333333333,0,0,0,0,0,0.0,0,0,0.0,0
invictus_enriched.csv:595,bert-jan,2023-07-10 11:58:14+00:00,0,1,0.8,2,1,1.0,0,0.06138888888888889,1.0,0.258819045102521,-0.9659258262890682,0,0,0.1,86,6,1,0,0,0,0,0,0,0,0,0,0.31733333333333336,0,0,0,0,1,0.0,0,0,0.0,0
invictus_enriched.csv:596,bert-jan,2023-07-10 11:58:14+00:00,0,1,0.8,2,1,1.0,0,0.06138888888888889,1.0,0.258819045102521,-0.9659258262890682,0,0,0.1,86,6,1,0,1,0,0,0,0,0,0,0,0.0026666666666666666,0,0,0,0,1,0.0,0,0,0.0,0
invictus_enriched.csv:597,bert-jan,2023-07-10 11:58:14+00:00,1,0,0.8,2,1,1.0,0,0.06138888888888889,1.0,0.258819045102521,-0.9659258262890682,0,0,0.1,84,9,0,0,0,0,0,0,0,0,0,1,0.2693333333333333,0,0,0,1,0,0.0,0,0,0.0,0
invictus_enriched.csv:598,bert-jan,2023-07-10 11:58:14+00:00,1,0,0.8,2,1,1.0,0,0.06138888888888889,1.0,0.258819045102521,-0.9659258262890682,0,0,0.1,84,9,0,0,0,0,0,0,0,0,0,1,0.268,0,0,0,1,0,0.0,0,0,0.0,0
invictus_enriched.csv:599,bert-jan,2023-07-10 11:58:14+00:00,0,1,0.8,2,1,1.0,0,0.06138888888888889,1.0,0.258819045102521,-0.9659258262890682,0,0,0.1,86,6,1,0,0,0,0,0,0,0,0,0,0.31733333333333336,0,0,0,0,1,0.0,0,0,0.0,0
invictus_enriched.csv:600,bert-jan,2023-07-10 11:58:14+00:00,1,0,0.8,2,1,1.0,0,0.06138888888888889,1.0,0.258819045102521,-0.9659258262890682,0,0,0.7,81,9,0,0,0,0,0,0,0,0,0,1,0.23333333333333334,0,0,0,1,0,0.0,0,0,0.0,0
invictus_enriched.csv:601,bert-jan,2023-07-10 11:58:14+00:00,0,1,0.8,2,1,1.0,0,0.06138888888888889,1.0,0.258819045102521,-0.9659258262890682,0,0,0.1,86,6,1,0,1,0,0,0,0,0,0,0,0.0026666666666666666,0,0,0,0,1,0.0,0,0,0.0,0
invictus_enriched.csv:602,bert-jan,2023-07-10 11:58:14+00:00,0,1,0.8,2,1,1.0,0,0.06138888888888889,1.0,0.258819045102521,-0.9659258262890682,0,0,0.1,86,6,1,0,1,0,0,0,0,0,0,0,0.0026666666666666666,0,0,0,0,1,0.0,0,0,0.0,0
invictus_enriched.csv:603,bert-jan,2023-07-10 11:58:15+00:00,0,1,0.8,2,1,0.9997222222222222,0,0.06166666666666667,1.0,0.258819045102521,-0.9659258262890682,0,0,0.1,83,6,0,0,0,0,0,1,0,0,0,0,0.18133333333333335,0,0,0,0,0,0.0,0,0,0.0,0
invictus_enriched.csv:604,bert-jan,2023-07-10 11:58:15+00:00,0,1,0.8,2,1,1.0,0,0.06166666666666667,1.0,0.258819045102521,-0.9659258262890682,0,0,0.1,87,6,0,0,0,0,0,1,0,0,0,0,0.12133333333333333,0,0,0,0,0,0.0,0,0,0.0,0
invictus_enriched.csv:605,bert-jan,2023-07-10 11:58:15+00:00,0,1,0.8,2,1,1.0,0,0.06166666666666667,1.0,0.258819045102521,-0.9659258262890682,0,0,0.1,87,6,0,0,0,0,0,1,0,0,0,0,0.12,0,0,0,0,0,0.0,0,0,0.0,0
invictus_enriched.csv:606,bert-jan,2023-07-10 11:58:15+00:00,0,1,0.8,2,1,1.0,0,0.06166666666666667,1.0,0.258819045102521,-0.9659258262890682,0,0,0.1,85,6,0,0,0,0,0,1,0,0,0,0,0.10666666666666667,0,0,0,0,0,0.0,0,0,0.0,0
invictus_enriched.csv:607,bert-jan,2023-07-10 11:58:15+00:00,0,1,0.8,2,1,1.0,0,0.06166666666666667,1.0,0.258819045102521,-0.9659258262890682,0,0,0.1,87,6,0,0,0,0,0,1,0,0,0,0,0.12,0,0,0,0,0,0.0,0,0,0.0,0
invictus_enriched.csv:608,bert-jan,2023-07-10 11:58:15+00:00,0,1,0.8,2,1,1.0,0,0.06166666666666667,1.0,0.258819045102521,-0.9659258262890682,0,0,0.1,85,6,0,0,0,0,0,1,0,0,0,0,0.10533333333333333,0,0,0,0,0,0.0,0,0,0.0,0
invictus_enriched.csv:609,bert-jan,2023-07-10 11:58:15+00:00,1,0,0.8,2,1,1.0,0,0.06166666666666667,1.0,0.258819045102521,-0.9659258262890682,0,0,0.7,81,9,0,0,0,0,0,0,0,0,0,1,0.23333333333333334,0,0,0,1,0,0.0,0,0,0.0,0
invictus_enriched.csv:610,bert-jan,2023-07-10 11:58:15+00:00,0,1,0.8,2,1,1.0,0,0.06166666666666667,1.0,0.258819045102521,-0.9659258262890682,0,0,0.1,87,6,0,0,0,0,0,1,0,0,0,0,0.12133333333333333,0,0,0,0,0,0.0,0,0,0.0,0
invictus_enriched.csv:611,bert-jan,2023-07-10 11:58:15+00:00,0,1,0.8,2,1,1.0,0,0.06166666666666667,1.0,0.258819045102521,-0.9659258262890682,0,0,0.1,83,6,0,0,0,0,0,1,0,0,0,0,0.18,0,0,0,0,0,0.0,0,0,0.0,0
invictus_enriched.csv:612,bert-jan,2023-07-10 11:58:15+00:00,1,0,0.8,2,1,1.0,0,0.06166666666666667,1.0,0.258819045102521,-0.9659258262890682,0,0,0.7,81,9,0,0,0,0,0,0,0,0,0,1,0.23466666666666666,0,0,0,1,0,0.0,0,0,0.0,0
invictus_enriched.csv:613,bert-jan,2023-07-10 11:58:15+00:00,0,1,0.8,2,1,1.0,0,0.06166666666666667,1.0,0.258819045102521,-0.9659258262890682,0,0,0.1,83,6,0,0,0,0,0,1,0,0,0,0,0.18,0,0,0,0,0,0.0,0,0,0.0,0
invictus_enriched.csv:614,bert-jan,2023-07-10 11:58:15+00:00,0,1,0.8,2,1,1.0,0,0.06166666666666667,1.0,0.258819045102521,-0.9659258262890682,0,0,0.1,83,6,0,0,0,0,0,1,0,0,0,0,0.18133333333333335,0,0,0,0,0,0.0,0,0,0.0,0
invictus_enriched.csv:615,bert-jan,2023-07-10 11:58:16+00:00,1,0,0.8,2,1,0.9997222222222222,0,0.06194444444444445,1.0,0.258819045102521,-0.9659258262890682,0,0,0.1,84,9,0,0,0,0,0,0,0,0,0,1,0.2693333333333333,0,0,0,1,0,0.0,0,0,0.0,0
invictus_enriched.csv:616,bert-jan,2023-07-10 11:58:16+00:00,0,1,0.8,2,1,1.0,0,0.06194444444444445,1.0,0.258819045102521,-0.9659258262890682,0,0,0.1,85,6,0,0,0,0,0,1,0,0,0,0,0.10666666666666667,0,0,0,0,0,0.0,0,0,0.0,0
invictus_enriched.csv:617,bert-jan,2023-07-10 11:58:16+00:00,1,0,0.8,2,1,1.0,0,0.06194444444444445,1.0,0.258819045102521,-0.9659258262890682,0,0,0.7,81,9,0,0,0,0,0,0,0,0,0,1,0.23466666666666666,0,0,0,1,0,0.0,0,0,0.0,0
invictus_enriched.csv:618,bert-jan,2023-07-10 11:58:16+00:00,1,0,0.8,2,1,1.0,0,0.06194444444444445,1.0,0.258819045102521,-0.9659258262890682,0,0,0.7,81,9,0,0,0,0,0,0,0,0,0,1,0.23466666666666666,0,0,0,1,0,0.0,0,0,0.0,0
invictus_enriched.csv:619,bert-jan,2023-07-10 11:58:16+00:00,1,0,0.8,2,1,1.0,0,0.06194444444444445,1.0,0.258819045102521,-0.9659258262890682,0,0,0.1,84,9,0,0,0,0,0,0,0,0,0,1,0.2693333333333333,0,0,0,1,0,0.0,0,0,0.0,0
invictus_enriched.csv:620,bert-jan,2023-07-10 11:58:16+00:00,0,1,0.8,2,1,1.0,0,0.06194444444444445,1.0,0.258819045102521,-0.9659258262890682,0,0,0.1,86,6,1,0,0,0,0,0,0,0,0,0,0.31866666666666665,0,0,0,0,1,0.0,0,0,0.0,0
invictus_enriched.csv:621,bert-jan,2023-07-10 11:58:16+00:00,0,1,0.8,2,1,1.0,0,0.06194444444444445,1.0,0.258819045102521,-0.9659258262890682,0,0,0.1,85,6,0,0,0,0,0,1,0,0,0,0,0.10666666666666667,0,0,0,0,0,0.0,0,0,0.0,0
invictus_enriched.csv:622,bert-jan,2023-07-10 11:58:16+00:00,0,1,0.8,2,1,1.0,0,0.06194444444444445,1.0,0.258819045102521,-0.9659258262890682,0,0,0.1,85,6,0,0,0,0,0,1,0,0,0,0,0.10666666666666667,0,0,0,0,0,0.0,0,0,0.0,0
invictus_enriched.csv:623,bert-jan,2023-07-10 11:58:16+00:00,0,1,0.8,2,1,1.0,0,0.06194444444444445,1.0,0.258819045102521,-0.9659258262890682,0,0,0.1,86,6,1,0,0,0,0,0,0,0,0,0,0.31866666666666665,0,0,0,0,1,0.0,0,0,0.0,0
invictus_enriched.csv:624,bert-jan,2023-07-10 11:58:16+00:00,0,1,0.8,2,1,1.0,0,0.06194444444444445,1.0,0.258819045102521,-0.9659258262890682,0,0,0.1,85,6,0,0,0,0,0,1,0,0,0,0,0.10666666666666667,0,0,0,0,0,0.0,0,0,0.0,0
invictus_enriched.csv:625,bert-jan,2023-07-10 11:58:16+00:00,1,0,0.8,2,1,1.0,0,0.06194444444444445,1.0,0.258819045102521,-0.9659258262890682,0,0,0.1,84,9,0,0,0,0,0,0,0,0,0,1,0.2693333333333333,0,0,0,1,0,0.0,0,0,0.0,0
invictus_enriched.csv:626,bert-jan,2023-07-10 11:58:16+00:00,1,0,0.8,2,1,1.0,0,0.06194444444444445,1.0,0.258819045102521,-0.9659258262890682,0,0,0.7,81,9,0,0,0,0,0,0,0,0,0,1,0.23466666666666666,0,0,0,1,0,0.0,0,0,0.0,0
invictus_enriched.csv:627,bert-jan,2023-07-10 11:58:16+00:00,0,1,0.8,2,1,1.0,0,0.06194444444444445,1.0,0.258819045102521,-0.9659258262890682,0,0,0.1,86,6,1,0,0,0,0,0,0,0,0,0,0.31866666666666665,0,0,0,0,1,0.0,0,0,0.0,0
invictus_enriched.csv:628,bert-jan,2023-07-10 11:58:16+00:00,0,1,0.8,2,1,1.0,0,0.06194444444444445,1.0,0.258819045102521,-0.9659258262890682,0,0,0.1,86,6,1,0,0,0,0,0,0,0,0,0,0.31866666666666665,0,0,0,0,1,0.0,0,0,0.0,0
invictus_enriched.csv:629,bert-jan,2023-07-10 11:58:16+00:00,0,1,0.8,2,1,1.0,0,0.06194444444444445,1.0,0.258819045102521,-0.9659258262890682,0,0,0.1,86,6,1,0,1,0,0,0,0,0,0,0,0.0026666666666666666,0,0,0,0,1,0.0,0,0,0.0,0
invictus_enriched.csv:630,bert-jan,2023-07-10 11:58:16+00:00,0,1,0.8,2,1,1.0,0,0.06194444444444445,1.0,0.258819045102521,-0.9659258262890682,0,0,0.1,85,6,0,0,0,0,0,1,0,0,0,0,0.10666666666666667,0,0,0,0,0,0.0,0,0,0.0,0
invictus_enriched.csv:631,bert-jan,2023-07-10 11:58:16+00:00,1,0,0.8,2,1,1.0,0,0.06194444444444445,1.0,0.258819045102521,-0.9659258262890682,0,0,0.1,84,9,0,0,0,0,0,0,0,0,0,1,0.2693333333333333,0,0,0,1,0,0.0,0,0,0.0,0
invictus_enriched.csv:632,bert-jan,2023-07-10 11:58:16+00:00,1,0,0.8,2,1,1.0,0,0.06194444444444445,1.0,0.258819045102521,-0.9659258262890682,0,0,0.7,81,9,0,0,0,0,0,0,0,0,0,1,0.23466666666666666,0,0,0,1,0,0.0,0,0,0.0,0
invictus_enriched.csv:633,bert-jan,2023-07-10 11:58:16+00:00,1,0,0.8,2,1,1.0,0,0.06194444444444445,1.0,0.258819045102521,-0.9659258262890682,0,0,0.7,81,9,0,0,0,0,0,0,0,0,0,1,0.23466666666666666,0,0,0,1,0,0.0,0,0,0.0,0
invictus_enriched.csv:634,bert-jan,2023-07-10 11:58:16+00:00,0,1,0.8,2,1,1.0,0,0.06194444444444445,1.0,0.258819045102521,-0.9659258262890682,0,0,0.1,86,6,1,0,1,0,0,0,0,0,0,0,0.0026666666666666666,0,0,0,0,1,0.0,0,0,0.0,0
invictus_enriched.csv:635,bert-jan,2023-07-10 11:58:16+00:00,0,1,0.8,2,1,1.0,0,0.06194444444444445,1.0,0.258819045102521,-0.9659258262890682,0,0,0.1,86,6,1,0,1,0,0,0,0,0,0,0,0.0026666666666666666,0,0,0,0,1,0.0,0,0,0.0,0
invictus_enriched.csv:636,bert-jan,2023-07-10 11:58:16+00:00,1,0,0.8,2,1,1.0,0,0.06194444444444445,1.0,0.258819045102521,-0.9659258262890682,0,0,0.1,84,9,0,0,0,0,0,0,0,0,0,1,0.2693333333333333,0,0,0,1,0,0.0,0,0,0.0,0
invictus_enriched.csv:637,bert-jan,2023-07-10 11:58:16+00:00,1,0,0.8,2,1,1.0,0,0.06194444444444445,1.0,0.258819045102521,-0.9659258262890682,0,0,0.7,81,9,0,0,0,0,0,0,0,0,0,1,0.23466666666666666,0,0,0,1,0,0.0,0,0,0.0,0
invictus_enriched.csv:638,bert-jan,2023-07-10 11:58:16+00:00,1,0,0.8,2,1,1.0,0,0.06194444444444445,1.0,0.258819045102521,-0.9659258262890682,0,0,0.1,84,9,0,0,0,0,0,0,0,0,0,1,0.2693333333333333,0,0,0,1,0,0.0,0,0,0.0,0
invictus_enriched.csv:639,bert-jan,2023-07-10 11:58:16+00:00,0,1,0.8,2,1,1.0,0,0.06194444444444445,1.0,0.258819045102521,-0.9659258262890682,0,0,0.1,86,6,1,0,0,0,0,0,0,0,0,0,0.31866666666666665,0,0,0,0,1,0.0,0,0,0.0,0
invictus_enriched.csv:640,bert-jan,2023-07-10 11:58:16+00:00,0,1,0.8,2,1,1.0,0,0.06194444444444445,1.0,0.258819045102521,-0.9659258262890682,0,0,0.1,86,6,1,0,1,0,0,0,0,0,0,0,0.0026666666666666666,0,0,0,0,1,0.0,0,0,0.0,0
invictus_enriched.csv:641,bert-jan,2023-07-10 11:58:16+00:00,0,1,0.8,2,1,1.0,0,0.06194444444444445,1.0,0.258819045102521,-0.9659258262890682,0,0,0.1,86,6,1,0,0,0,0,0,0,0,0,0,0.31866666666666665,0,0,0,0,1,0.0,0,0,0.0,0
invictus_enriched.csv:642,bert-jan,2023-07-10 11:58:16+00:00,0,1,0.8,2,1,1.0,0,0.06194444444444445,1.0,0.258819045102521,-0.9659258262890682,0,0,0.1,85,6,0,0,0,0,0,1,0,0,0,0,0.10666666666666667,0,0,0,0,0,0.0,0,0,0.0,0
invictus_enriched.csv:643,bert-jan,2023-07-10 11:58:17+00:00,0,1,0.8,2,1,0.9997222222222222,0,0.06222222222222222,1.0,0.258819045102521,-0.9659258262890682,0,0,0.1,86,6,1,0,0,0,0,0,0,0,0,0,0.31866666666666665,0,0,0,0,1,0.0,0,0,0.0,0
invictus_enriched.csv:644,bert-jan,2023-07-10 11:58:17+00:00,0,1,0.8,2,1,1.0,0,0.06222222222222222,1.0,0.258819045102521,-0.9659258262890682,0,0,0.1,86,6,1,0,1,0,0,0,0,0,0,0,0.0026666666666666666,0,0,0,0,1,0.0,0,0,0.0,0
invictus_enriched.csv:645,bert-jan,2023-07-10 11:58:17+00:00,1,0,0.8,2,1,1.0,0,0.06222222222222222,1.0,0.258819045102521,-0.9659258262890682,0,0,0.1,84,9,0,0,0,0,0,0,0,0,0,1,0.2693333333333333,0,0,0,1,0,0.0,0,0,0.0,0
invictus_enriched.csv:646,bert-jan,2023-07-10 11:58:17+00:00,0,1,0.8,2,1,1.0,0,0.06222222222222222,1.0,0.258819045102521,-0.9659258262890682,0,0,0.1,83,6,0,0,0,0,0,1,0,0,0,0,0.18133333333333335,0,0,0,0,0,0.0,0,0,0.0,0
invictus_enriched.csv:647,bert-jan,2023-07-10 11:58:17+00:00,0,1,0.8,2,1,1.0,0,0.06222222222222222,1.0,0.258819045102521,-0.9659258262890682,0,0,0.1,83,6,0,0,0,0,0,1,0,0,0,0,0.18133333333333335,0,0,0,0,0,0.0,0,0,0.0,0
invictus_enriched.csv:648,bert-jan,2023-07-10 11:58:17+00:00,0,1,0.8,2,1,1.0,0,0.06222222222222222,1.0,0.258819045102521,-0.9659258262890682,0,0,0.1,83,6,0,0,0,0,0,1,0,0,0,0,0.18133333333333335,0,0,0,0,0,0.0,0,0,0.0,0
invictus_enriched.csv:649,bert-jan,2023-07-10 11:58:17+00:00,0,1,0.8,2,1,1.0,0,0.06222222222222222,1.0,0.258819045102521,-0.9659258262890682,0,0,0.1,83,6,0,0,0,0,0,1,0,0,0,0,0.18133333333333335,0,0,0,0,0,0.0,0,0,0.0,0
invictus_enriched.csv:650,bert-jan,2023-07-10 11:58:17+00:00,1,0,0.8,2,1,1.0,0,0.06222222222222222,1.0,0.258819045102521,-0.9659258262890682,0,0,0.1,84,9,0,0,0,0,0,0,0,0,0,1,0.2693333333333333,0,0,0,1,0,0.0,0,0,0.0,0
invictus_enriched.csv:651,bert-jan,2023-07-10 11:58:17+00:00,0,1,0.8,2,1,1.0,0,0.06222222222222222,1.0,0.258819045102521,-0.9659258262890682,0,0,0.1,87,6,0,0,0,0,0,1,0,0,0,0,0.12133333333333333,0,0,0,0,0,0.0,0,0,0.0,0
invictus_enriched.csv:652,bert-jan,2023-07-10 11:58:17+00:00,0,1,0.8,2,1,1.0,0,0.06222222222222222,1.0,0.258819045102521,-0.9659258262890682,0,0,0.1,87,6,0,0,0,0,0,1,0,0,0,0,0.12133333333333333,0,0,0,0,0,0.0,0,0,0.0,0
invictus_enriched.csv:653,bert-jan,2023-07-10 11:58:17+00:00,0,1,0.8,2,1,1.0,0,0.06222222222222222,1.0,0.258819045102521,-0.9659258262890682,0,0,0.1,83,6,0,0,0,0,0,1,0,0,0,0,0.18133333333333335,0,0,0,0,0,0.0,0,0,0.0,0
invictus_enriched.csv:654,bert-jan,2023-07-10 11:58:17+00:00,0,1,0.8,2,1,1.0,0,0.06222222222222222,1.0,0.258819045102521,-0.9659258262890682,0,0,0.1,86,6,1,0,0,0,0,0,0,0,0,0,0.31866666666666665,0,0,0,0,1,0.0,0,0,0.0,0
invictus_enriched.csv:655,bert-jan,2023-07-10 11:58:17+00:00,0,1,0.8,2,1,1.0,0,0.06222222222222222,1.0,0.258819045102521,-0.9659258262890682,0,0,0.1,86,6,1,0,0,0,0,0,0,0,0,0,0.31866666666666665,0,0,0,0,1,0.0,0,0,0.0,0
invictus_enriched.csv:656,bert-jan,2023-07-10 11:58:17+00:00,0,1,0.8,2,1,1.0,0,0.06222222222222222,1.0,0.258819045102521,-0.9659258262890682,0,0,0.1,86,6,1,0,1,0,0,0,0,0,0,0,0.0026666666666666666,0,0,0,0,1,0.0,0,0,0.0,0
invictus_enriched.csv:657,bert-jan,2023-07-10 11:58:17+00:00,1,0,0.8,2,1,1.0,0,0.06222222222222222,1.0,0.258819045102521,-0.9659258262890682,0,0,0.1,84,9,0,0,0,0,0,0,0,0,0,1,0.2693333333333333,0,0,0,1,0,0.0,0,0,0.0,0
invictus_enriched.csv:658,bert-jan,2023-07-10 11:58:17+00:00,0,1,0.8,2,1,1.0,0,0.06222222222222222,1.0,0.258819045102521,-0.9659258262890682,0,0,0.1,87,6,0,0,0,0,0,1,0,0,0,0,0.12133333333333333,0,0,0,0,0,0.0,0,0,0.0,0
invictus_enriched.csv:659,bert-jan,2023-07-10 11:58:17+00:00,0,1,0.8,2,1,1.0,0,0.06222222222222222,1.0,0.258819045102521,-0.9659258262890682,0,0,0.1,83,6,0,0,0,0,0,1,0,0,0,0,0.18133333333333335,0,0,0,0,0,0.0,0,0,0.0,0
invictus_enriched.csv:660,bert-jan,2023-07-10 11:58:17+00:00,0,1,0.8,2,1,1.0,0,0.06222222222222222,1.0,0.258819045102521,-0.9659258262890682,0,0,0.1,87,6,0,0,0,0,0,1,0,0,0,0,0.12133333333333333,0,0,0,0,0,0.0,0,0,0.0,0
invictus_enriched.csv:661,bert-jan,2023-07-10 11:58:17+00:00,0,1,0.8,2,1,1.0,0,0.06222222222222222,1.0,0.258819045102521,-0.9659258262890682,0,0,0.1,87,6,0,0,0,0,0,1,0,0,0,0,0.12133333333333333,0,0,0,0,0,0.0,0,0,0.0,0
invictus_enriched.csv:662,bert-jan,2023-07-10 11:58:17+00:00,0,1,0.8,2,1,1.0,0,0.06222222222222222,1.0,0.258819045102521,-0.9659258262890682,0,0,0.1,87,6,0,0,0,0,0,1,0,0,0,0,0.12133333333333333,0,0,0,0,0,0.0,0,0,0.0,0
invictus_enriched.csv:663,bert-jan,2023-07-10 11:58:17+00:00,1,0,0.8,2,1,1.0,0,0.06222222222222222,1.0,0.258819045102521,-0.9659258262890682,0,0,0.1,84,9,0,0,0,0,0,0,0,0,0,1,0.2693333333333333,0,0,0,1,0,0.0,0,0,0.0,0
invictus_enriched.csv:664,bert-jan,2023-07-10 11:58:18+00:00,0,1,0.8,2,1,0.9997222222222222,0,0.0625,1.0,0.258819045102521,-0.9659258262890682,0,0,0.1,83,6,0,0,0,0,0,1,0,0,0,0,0.18133333333333335,0,0,0,0,0,0.0,0,0,0.0,0
invictus_enriched.csv:665,bert-jan,2023-07-10 11:58:18+00:00,0,1,0.8,2,1,1.0,0,0.0625,1.0,0.258819045102521,-0.9659258262890682,0,0,0.1,85,6,0,0,0,0,0,1,0,0,0,0,0.10666666666666667,0,0,0,0,0,0.0,0,0,0.0,0
invictus_enriched.csv:666,bert-jan,2023-07-10 11:58:18+00:00,0,1,0.8,2,1,1.0,0,0.0625,1.0,0.258819045102521,-0.9659258262890682,0,0,0.1,86,6,1,0,1,0,0,0,0,0,0,0,0.0026666666666666666,0,0,0,0,1,0.0,0,0,0.0,0
invictus_enriched.csv:667,bert-jan,2023-07-10 11:58:18+00:00,0,1,0.8,2,1,1.0,0,0.0625,1.0,0.258819045102521,-0.9659258262890682,0,0,0.1,85,6,0,0,0,0,0,1,0,0,0,0,0.10666666666666667,0,0,0,0,0,0.0,0,0,0.0,0
invictus_enriched.csv:668,bert-jan,2023-07-10 11:58:18+00:00,0,1,0.8,2,1,1.0,0,0.0625,1.0,0.258819045102521,-0.9659258262890682,0,0,0.1,86,6,1,0,0,0,0,0,0,0,0,0,0.31866666666666665,0,0,0,0,1,0.0,0,0,0.0,0
invictus_enriched.csv:669,bert-jan,2023-07-10 11:58:18+00:00,1,0,0.8,2,1,1.0,0,0.0625,1.0,0.258819045102521,-0.9659258262890682,0,0,0.7,81,9,0,0,0,0,0,0,0,0,0,1,0.23466666666666666,0,0,0,1,0,0.0,0,0,0.0,0
invictus_enriched.csv:670,bert-jan,2023-07-10 11:58:18+00:00,1,0,0.8,2,1,1.0,0,0.0625,1.0,0.258819045102521,-0.9659258262890682,0,0,0.7,81,9,0,0,0,0,0,0,0,0,0,1,0.23466666666666666,0,0,0,1,0,0.0,0,0,0.0,0
invictus_enriched.csv:671,bert-jan,2023-07-10 11:58:18+00:00,0,1,0.8,2,1,1.0,0,0.0625,1.0,0.258819045102521,-0.9659258262890682,0,0,0.1,85,6,0,0,0,0,0,1,0,0,0,0,0.10666666666666667,0,0,0,0,0,0.0,0,0,0.0,0
invictus_enriched.csv:672,bert-jan,2023-07-10 11:58:18+00:00,0,1,0.8,2,1,1.0,0,0.0625,1.0,0.258819045102521,-0.9659258262890682,0,0,0.1,83,6,0,0,0,0,0,1,0,0,0,0,0.18133333333333335,0,0,0,0,0,0.0,0,0,0.0,0
invictus_enriched.csv:673,bert-jan,2023-07-10 11:58:18+00:00,0,1,0.8,2,1,1.0,0,0.0625,1.0,0.258819045102521,-0.9659258262890682,0,0,0.1,86,6,1,0,1,0,0,0,0,0,0,0,0.0026666666666666666,0,0,0,0,1,0.0,0,0,0.0,0
invictus_enriched.csv:674,bert-jan,2023-07-10 11:58:18+00:00,0,1,0.8,2,1,1.0,0,0.0625,1.0,0.258819045102521,-0.9659258262890682,0,0,0.1,85,6,0,0,0,0,0,1,0,0,0,0,0.10666666666666667,0,0,0,0,0,0.0,0,0,0.0,0
invictus_enriched.csv:675,bert-jan,2023-07-10 11:58:18+00:00,1,0,0.8,2,1,1.0,0,0.0625,1.0,0.258819045102521,-0.9659258262890682,0,0,0.7,81,9,0,0,0,0,0,0,0,0,0,1,0.23466666666666666,0,0,0,1,0,0.0,0,0,0.0,0
invictus_enriched.csv:676,bert-jan,2023-07-10 11:58:18+00:00,0,1,0.8,2,1,1.0,0,0.0625,1.0,0.258819045102521,-0.9659258262890682,0,0,0.1,83,6,0,0,0,0,0,1,0,0,0,0,0.18133333333333335,0,0,0,0,0,0.0,0,0,0.0,0
invictus_enriched.csv:677,bert-jan,2023-07-10 11:58:18+00:00,1,0,0.8,2,1,1.0,0,0.0625,1.0,0.258819045102521,-0.9659258262890682,0,0,0.7,81,9,0,0,0,0,0,0,0,0,0,1,0.23466666666666666,0,0,0,1,0,0.0,0,0,0.0,0
invictus_enriched.csv:678,bert-jan,2023-07-10 11:58:18+00:00,0,1,0.8,2,1,1.0,0,0.0625,1.0,0.258819045102521,-0.9659258262890682,0,0,0.1,83,6,0,0,0,0,0,1,0,0,0,0,0.18133333333333335,0,0,0,0,0,0.0,0,0,0.0,0
invictus_enriched.csv:679,bert-jan,2023-07-10 11:58:19+00:00,1,0,0.8,2,1,0.9997222222222222,0,0.06277777777777778,1.0,0.258819045102521,-0.9659258262890682,0,0,0.7,81,9,0,0,0,0,0,0,0,0,0,1,0.23466666666666666,0,0,0,1,0,0.0,0,0,0.0,0
invictus_enriched.csv:680,bert-jan,2023-07-10 11:58:19+00:00,0,1,0.8,2,1,1.0,0,0.06277777777777778,1.0,0.258819045102521,-0.9659258262890682,0,0,0.1,85,6,0,0,0,0,0,1,0,0,0,0,0.10666666666666667,0,0,0,0,0,0.0,0,0,0.0,0
invictus_enriched.csv:681,bert-jan,2023-07-10 11:58:19+00:00,0,1,0.8,2,1,1.0,0,0.06277777777777778,1.0,0.258819045102521,-0.9659258262890682,0,0,0.1,87,6,0,0,0,0,0,1,0,0,0,0,0.12133333333333333,0,0,0,0,0,0.0,0,0,0.0,0
invictus_enriched.csv:682,bert-jan,2023-07-10 11:58:19+00:00,1,0,0.8,2,1,1.0,0,0.06277777777777778,1.0,0.258819045102521,-0.9659258262890682,0,0,0.1,84,9,0,0,0,0,0,0,0,0,0,1,0.2693333333333333,0,0,0,1,0,0.0,0,0,0.0,0
invictus_enriched.csv:683,bert-jan,2023-07-10 11:58:19+00:00,1,0,0.8,2,1,1.0,0,0.06277777777777778,1.0,0.258819045102521,-0.9659258262890682,0,0,0.1,84,9,0,0,0,0,0,0,0,0,0,1,0.268,0,0,0,1,0,0.0,0,0,0.0,0
invictus_enriched.csv:684,bert-jan,2023-07-10 11:58:19+00:00,0,1,0.8,2,1,1.0,0,0.06277777777777778,1.0,0.258819045102521,-0.9659258262890682,0,0,0.1,87,6,0,0,0,0,0,1,0,0,0,0,0.12133333333333333,0,0,0,0,0,0.0,0,0,0.0,0
invictus_enriched.csv:685,bert-jan,2023-07-10 11:58:19+00:00,0,1,0.8,2,1,1.0,0,0.06277777777777778,1.0,0.258819045102521,-0.9659258262890682,0,0,0.1,86,6,1,0,0,0,0,0,0,0,0,0,0.31733333333333336,0,0,0,0,1,0.0,0,0,0.0,0
invictus_enriched.csv:686,bert-jan,2023-07-10 11:58:19+00:00,0,1,0.8,2,1,1.0,0,0.06277777777777778,1.0,0.258819045102521,-0.9659258262890682,0,0,0.1,86,6,1,0,0,0,0,0,0,0,0,0,0.31866666666666665,0,0,0,0,1,0.0,0,0,0.0,0
invictus_enriched.csv:687,bert-jan,2023-07-10 11:58:19+00:00,0,1,0.8,2,1,1.0,0,0.06277777777777778,1.0,0.258819045102521,-0.9659258262890682,0,0,0.1,87,6,0,0,0,0,0,1,0,0,0,0,0.12133333333333333,0,0,0,0,0,0.0,0,0,0.0,0
invictus_enriched.csv:688,bert-jan,2023-07-10 11:58:19+00:00,0,1,0.8,2,1,1.0,0,0.06277777777777778,1.0,0.258819045102521,-0.9659258262890682,0,0,0.1,87,6,0,0,0,0,0,1,0,0,0,0,0.12133333333333333,0,0,0,0,0,0.0,0,0,0.0,0
invictus_enriched.csv:689,bert-jan,2023-07-10 11:58:19+00:00,0,1,0.8,2,1,1.0,0,0.06277777777777778,1.0,0.258819045102521,-0.9659258262890682,0,0,0.1,85,6,0,0,0,0,0,1,0,0,0,0,0.10666666666666667,0,0,0,0,0,0.0,0,0,0.0,0
invictus_enriched.csv:690,bert-jan,2023-07-10 11:58:19+00:00,1,0,0.8,2,1,1.0,0,0.06277777777777778,1.0,0.258819045102521,-0.9659258262890682,0,0,0.1,84,9,0,0,0,0,0,0,0,0,0,1,0.2693333333333333,0,0,0,1,0,0.0,0,0,0.0,0
invictus_enriched.csv:691,bert-jan,2023-07-10 11:58:19+00:00,1,0,0.8,2,1,1.0,0,0.06277777777777778,1.0,0.258819045102521,-0.9659258262890682,0,0,0.7,81,9,0,0,0,0,0,0,0,0,0,1,0.23466666666666666,0,0,0,1,0,0.0,0,0,0.0,0
invictus_enriched.csv:692,bert-jan,2023-07-10 11:58:19+00:00,0,1,0.8,2,1,1.0,0,0.06277777777777778,1.0,0.258819045102521,-0.9659258262890682,0,0,0.1,86,6,1,0,0,0,0,0,0,0,0,0,0.31866666666666665,0,0,0,0,1,0.0,0,0,0.0,0
invictus_enriched.csv:693,bert-jan,2023-07-10 11:58:20+00:00,0,1,0.8,2,1,0.9997222222222222,0,0.06305555555555556,1.0,0.258819045102521,-0.9659258262890682,0,0,0.1,86,6,1,0,0,0,0,0,0,0,0,0,0.31866666666666665,0,0,0,0,1,0.0,0,0,0.0,0
invictus_enriched.csv:694,bert-jan,2023-07-10 11:58:20+00:00,0,1,0.8,2,1,1.0,0,0.06305555555555556,1.0,0.258819045102521,-0.9659258262890682,0,0,0.1,87,6,0,0,0,0,0,1,0,0,0,0,0.12133333333333333,0,0,0,0,0,0.0,0,0,0.0,0
invictus_enriched.csv:695,bert-jan,2023-07-10 11:58:20+00:00,0,1,0.8,2,1,1.0,0,0.06305555555555556,1.0,0.258819045102521,-0.9659258262890682,0,0,0.1,87,6,0,0,0,0,0,1,0,0,0,0,0.12,0,0,0,0,0,0.0,0,0,0.0,0
invictus_enriched.csv:696,bert-jan,2023-07-10 11:58:20+00:00,0,1,0.8,2,1,1.0,0,0.06305555555555556,1.0,0.258819045102521,-0.9659258262890682,0,0,0.1,87,6,0,0,0,0,0,1,0,0,0,0,0.12133333333333333,0,0,0,0,0,0.0,0,0,0.0,0
invictus_enriched.csv:697,bert-jan,2023-07-10 11:58:20+00:00,1,0,0.8,2,1,1.0,0,0.06305555555555556,1.0,0.258819045102521,-0.9659258262890682,0,0,0.7,81,9,0,0,0,0,0,0,0,0,0,1,0.23466666666666666,0,0,0,1,0,0.0,0,0,0.0,0
invictus_enriched.csv:698,bert-jan,2023-07-10 11:58:20+00:00,1,0,0.8,2,1,1.0,0,0.06305555555555556,1.0,0.258819045102521,-0.9659258262890682,0,0,0.7,81,9,0,0,0,0,0,0,0,0,0,1,0.23466666666666666,0,0,0,1,0,0.0,0,0,0.0,0
invictus_enriched.csv:699,bert-jan,2023-07-10 11:58:20+00:00,1,0,0.8,2,1,1.0,0,0.06305555555555556,1.0,0.258819045102521,-0.9659258262890682,0,0,0.1,84,9,0,0,0,0,0,0,0,0,0,1,0.2693333333333333,0,0,0,1,0,0.0,0,0,0.0,0
invictus_enriched.csv:700,bert-jan,2023-07-10 11:58:20+00:00,0,1,0.8,2,1,1.0,0,0.06305555555555556,1.0,0.258819045102521,-0.9659258262890682,0,0,0.1,83,6,0,0,0,0,0,1,0,0,0,0,0.18133333333333335,0,0,0,0,0,0.0,0,0,0.0,0
invictus_enriched.csv:701,bert-jan,2023-07-10 11:58:20+00:00,0,1,0.8,2,1,1.0,0,0.06305555555555556,1.0,0.258819045102521,-0.9659258262890682,0,0,0.1,85,6,0,0,0,0,0,1,0,0,0,0,0.10666666666666667,0,0,0,0,0,0.0,0,0,0.0,0
invictus_enriched.csv:702,bert-jan,2023-07-10 11:58:20+00:00,1,0,0.8,2,1,1.0,0,0.06305555555555556,1.0,0.258819045102521,-0.9659258262890682,0,0,0.7,81,9,0,0,0,0,0,0,0,0,0,1,0.23466666666666666,0,0,0,1,0,0.0,0,0,0.0,0
invictus_enriched.csv:703,bert-jan,2023-07-10 11:58:20+00:00,0,1,0.8,2,1,1.0,0,0.06305555555555556,1.0,0.258819045102521,-0.9659258262890682,0,0,0.1,85,6,0,0,0,0,0,1,0,0,0,0,0.10666666666666667,0,0,0,0,0,0.0,0,0,0.0,0
invictus_enriched.csv:704,bert-jan,2023-07-10 11:58:20+00:00,1,0,0.8,2,1,1.0,0,0.06305555555555556,1.0,0.258819045102521,-0.9659258262890682,0,0,0.7,81,9,0,0,0,0,0,0,0,0,0,1,0.23333333333333334,0,0,0,1,0,0.0,0,0,0.0,0
invictus_enriched.csv:705,bert-jan,2023-07-10 11:58:20+00:00,0,1,0.8,2,1,1.0,0,0.06305555555555556,1.0,0.258819045102521,-0.9659258262890682,0,0,0.1,85,6,0,0,0,0,0,1,0,0,0,0,0.10666666666666667,0,0,0,0,0,0.0,0,0,0.0,0
invictus_enriched.csv:706,bert-jan,2023-07-10 11:58:20+00:00,0,1,0.8,2,1,1.0,0,0.06305555555555556,1.0,0.258819045102521,-0.9659258262890682,0,0,0.1,83,6,0,0,1,0,0,1,0,0,0,0,0.0026666666666666666,0,0,0,0,0,0.0,0,0,0.0,0
invictus_enriched.csv:707,bert-jan,2023-07-10 11:58:20+00:00,0,1,0.8,2,1,1.0,0,0.06305555555555556,1.0,0.258819045102521,-0.9659258262890682,0,0,0.1,86,6,1,0,0,0,0,0,0,0,0,0,0.31866666666666665,0,0,0,0,1,0.0,0,0,0.0,0
invictus_enriched.csv:708,bert-jan,2023-07-10 11:58:20+00:00,1,0,0.8,2,1,1.0,0,0.06305555555555556,1.0,0.258819045102521,-0.9659258262890682,0,0,0.1,84,9,0,0,0,0,0,0,0,0,0,1,0.2693333333333333,0,0,0,1,0,0.0,0,0,0.0,0
invictus_enriched.csv:709,bert-jan,2023-07-10 11:58:20+00:00,0,1,0.8,2,1,1.0,0,0.06305555555555556,1.0,0.258819045102521,-0.9659258262890682,0,0,0.1,86,6,1,0,0,0,0,0,0,0,0,0,0.31866666666666665,0,0,0,0,1,0.0,0,0,0.0,0
invictus_enriched.csv:710,bert-jan,2023-07-10 11:58:20+00:00,0,1,0.8,2,1,1.0,0,0.06305555555555556,1.0,0.258819045102521,-0.9659258262890682,0,0,0.1,83,6,0,0,0,0,0,1,0,0,0,0,0.18,0,0,0,0,0,0.0,0,0,0.0,0
invictus_enriched.csv:711,bert-jan,2023-07-10 11:58:20+00:00,1,0,0.8,2,1,1.0,0,0.06305555555555556,1.0,0.258819045102521,-0.9659258262890682,0,0,0.1,84,9,0,0,0,0,0,0,0,0,0,1,0.2693333333333333,0,0,0,1,0,0.0,0,0,0.0,0
invictus_enriched.csv:712,bert-jan,2023-07-10 11:58:20+00:00,0,1,0.8,2,1,1.0,0,0.06305555555555556,1.0,0.258819045102521,-0.9659258262890682,0,0,0.1,86,6,1,0,0,0,0,0,0,0,0,0,0.31866666666666665,0,0,0,0,1,0.0,0,0,0.0,0
invictus_enriched.csv:713,bert-jan,2023-07-10 11:58:20+00:00,0,1,0.8,2,1,1.0,0,0.06305555555555556,1.0,0.258819045102521,-0.9659258262890682,0,0,0.1,85,6,0,0,0,0,0,1,0,0,0,0,0.10533333333333333,0,0,0,0,0,0.0,0,0,0.0,0
invictus_enriched.csv:714,bert-jan,2023-07-10 11:58:20+00:00,0,1,0.8,2,1,1.0,0,0.06305555555555556,1.0,0.258819045102521,-0.9659258262890682,0,0,0.1,85,6,0,0,0,0,0,1,0,0,0,0,0.10666666666666667,0,0,0,0,0,0.0,0,0,0.0,0
invictus_enriched.csv:715,bert-jan,2023-07-10 11:58:20+00:00,0,1,0.8,2,1,1.0,0,0.06305555555555556,1.0,0.258819045102521,-0.9659258262890682,0,0,0.1,83,6,0,0,0,0,0,1,0,0,0,0,0.18133333333333335,0,0,0,0,0,0.0,0,0,0.0,0
invictus_enriched.csv:716,bert-jan,2023-07-10 11:58:20+00:00,1,0,0.8,2,1,1.0,0,0.06305555555555556,1.0,0.258819045102521,-0.9659258262890682,0,0,0.7,81,9,0,0,0,0,0,0,0,0,0,1,0.23466666666666666,0,0,0,1,0,0.0,0,0,0.0,0
invictus_enriched.csv:717,bert-jan,2023-07-10 11:58:20+00:00,1,0,0.8,2,1,1.0,0,0.06305555555555556,1.0,0.258819045102521,-0.9659258262890682,0,0,0.1,84,9,0,0,0,0,0,0,0,0,0,1,0.2693333333333333,0,0,0,1,0,0.0,0,0,0.0,0
invictus_enriched.csv:718,bert-jan,2023-07-10 11:58:21+00:00,0,1,0.8,2,1,0.9997222222222222,0,0.06333333333333334,1.0,0.258819045102521,-0.9659258262890682,0,0,0.1,83,6,0,0,0,0,0,1,0,0,0,0,0.18133333333333335,0,0,0,0,0,0.0,0,0,0.0,0
invictus_enriched.csv:719,bert-jan,2023-07-10 11:58:21+00:00,0,1,0.8,2,1,1.0,0,0.06333333333333334,1.0,0.258819045102521,-0.9659258262890682,0,0,0.1,83,6,0,0,0,0,0,1,0,0,0,0,0.18133333333333335,0,0,0,0,0,0.0,0,0,0.0,0
invictus_enriched.csv:720,bert-jan,2023-07-10 11:58:21+00:00,0,1,0.8,2,1,1.0,0,0.06333333333333334,1.0,0.258819045102521,-0.9659258262890682,0,0,0.1,83,6,0,0,0,0,0,1,0,0,0,0,0.18133333333333335,0,0,0,0,0,0.0,0,0,0.0,0
invictus_enriched.csv:721,bert-jan,2023-07-10 11:58:21+00:00,0,1,0.8,2,1,1.0,0,0.06333333333333334,1.0,0.258819045102521,-0.9659258262890682,0,0,0.1,83,6,0,0,0,0,0,1,0,0,0,0,0.18133333333333335,0,0,0,0,0,0.0,0,0,0.0,0
invictus_enriched.csv:722,bert-jan,2023-07-10 11:58:21+00:00,0,1,0.8,2,1,1.0,0,0.06333333333333334,1.0,0.258819045102521,-0.9659258262890682,0,0,0.1,87,6,0,0,0,0,0,1,0,0,0,0,0.12133333333333333,0,0,0,0,0,0.0,0,0,0.0,0
invictus_enriched.csv:723,bert-jan,2023-07-10 11:58:21+00:00,0,1,0.8,2,1,1.0,0,0.06333333333333334,1.0,0.258819045102521,-0.9659258262890682,0,0,0.1,87,6,0,0,0,0,0,1,0,0,0,0,0.12133333333333333,0,0,0,0,0,0.0,0,0,0.0,0
invictus_enriched.csv:724,bert-jan,2023-07-10 11:58:21+00:00,0,1,0.8,2,1,1.0,0,0.06333333333333334,1.0,0.258819045102521,-0.9659258262890682,0,0,0.1,87,6,0,0,0,0,0,1,0,0,0,0,0.12133333333333333,0,0,0,0,0,0.0,0,0,0.0,0
invictus_enriched.csv:725,bert-jan,2023-07-10 11:58:21+00:00,0,1,0.8,2,1,1.0,0,0.06333333333333334,1.0,0.258819045102521,-0.9659258262890682,0,0,0.1,86,6,1,0,1,0,0,0,0,0,0,0,0.0026666666666666666,0,0,0,0,1,0.0,0,0,0.0,0
invictus_enriched.csv:726,bert-jan,2023-07-10 11:58:22+00:00,0,1,0.8,2,1,0.9997222222222222,0,0.0636111111111111,1.0,0.258819045102521,-0.9659258262890682,0,0,0.1,87,6,0,0,0,0,0,1,0,0,0,0,0.12133333333333333,0,0,0,0,0,0.0,0,0,0.0,0
invictus_enriched.csv:727,bert-jan,2023-07-10 11:58:24+00:00,1,0,0.8,2,1,0.9994444444444445,0,0.06416666666666666,1.0,0.258819045102521,-0.9659258262890682,0,0,0.1,84,9,0,0,0,0,0,0,0,0,0,1,0.268,0,0,0,1,0,0.0,0,0,0.0,0
invictus_enriched.csv:728,bert-jan,2023-07-10 11:58:25+00:00,0,1,0.8,2,1,0.9997222222222222,0,0.06444444444444444,1.0,0.258819045102521,-0.9659258262890682,0,0,0.1,83,6,0,0,0,0,0,1,0,0,0,0,0.18,0,0,0,0,0,0.0,0,0,0.0,0
invictus_enriched.csv:729,bert-jan,2023-07-10 11:58:25+00:00,1,0,0.8,2,1,1.0,0,0.06444444444444444,1.0,0.258819045102521,-0.9659258262890682,0,0,0.7,81,9,0,0,0,0,0,0,0,0,0,1,0.23333333333333334,0,0,0,1,0,0.0,0,0,0.0,0
invictus_enriched.csv:730,bert-jan,2023-07-10 11:58:25+00:00,0,1,0.8,2,1,1.0,0,0.06444444444444444,1.0,0.258819045102521,-0.9659258262890682,0,0,0.1,86,6,1,0,0,0,0,0,0,0,0,0,0.31733333333333336,0,0,0,0,1,0.0,0,0,0.0,0
invictus_enriched.csv:731,bert-jan,2023-07-10 11:58:25+00:00,0,1,0.8,2,1,1.0,0,0.06444444444444444,1.0,0.258819045102521,-0.9659258262890682,0,0,0.1,85,6,0,0,0,0,0,1,0,0,0,0,0.10533333333333333,0,0,0,0,0,0.0,0,0,0.0,0
invictus_enriched.csv:732,bert-jan,2023-07-10 11:58:26+00:00,0,1,0.8,2,1,0.9997222222222222,0,0.06472222222222222,1.0,0.258819045102521,-0.9659258262890682,0,0,0.1,87,6,0,0,0,0,0,1,0,0,0,0,0.12,0,0,0,0,0,0.0,0,0,0.0,0
invictus_enriched.csv:733,bert-jan,2023-07-10 11:58:27+00:00,1,0,0.8,2,1,0.9997222222222222,0,0.065,1.0,0.258819045102521,-0.9659258262890682,0,0,0.7,81,9,0,0,0,0,0,0,0,0,0,1,0.23466666666666666,0,0,0,1,0,0.0,0,0,0.0,0
invictus_enriched.csv:734,bert-jan,2023-07-10 11:58:27+00:00,1,0,0.8,2,1,1.0,0,0.065,1.0,0.258819045102521,-0.9659258262890682,0,0,0.7,81,9,0,0,0,0,0,0,0,0,0,1,0.23466666666666666,0,0,0,1,0,0.0,0,0,0.0,0
invictus_enriched.csv:735,bert-jan,2023-07-10 11:58:27+00:00,0,1,0.8,2,1,1.0,1,0.065,1.0,0.258819045102521,-0.9659258262890682,0,0,0.1,90,6,0,0,0,0,0,1,0,0,0,0,0.684,0,0,0,0,0,0.0,0,0,0.0,0
invictus_enriched.csv:736,bert-jan,2023-07-10 11:58:27+00:00,1,0,0.8,2,1,1.0,0,0.065,1.0,0.258819045102521,-0.9659258262890682,0,0,0.7,81,9,0,0,0,0,0,0,0,0,0,1,0.23466666666666666,0,0,0,1,0,0.0,0,0,0.0,0
invictus_enriched.csv:737,bert-jan,2023-07-10 11:58:27+00:00,1,0,0.8,2,1,1.0,0,0.065,1.0,0.258819045102521,-0.9659258262890682,0,0,0.7,81,9,0,0,0,0,0,0,0,0,0,1,0.23466666666666666,0,0,0,1,0,0.0,0,0,0.0,0
invictus_enriched.csv:738,bert-jan,2023-07-10 11:58:27+00:00,1,0,0.8,2,1,1.0,0,0.065,1.0,0.258819045102521,-0.9659258262890682,0,0,0.7,81,9,0,0,0,0,0,0,0,0,0,1,0.23466666666666666,0,0,0,1,0,0.0,0,0,0.0,0
invictus_enriched.csv:739,bert-jan,2023-07-10 11:58:27+00:00,1,0,0.8,2,1,1.0,0,0.065,1.0,0.258819045102521,-0.9659258262890682,0,0,0.7,81,9,0,0,0,0,0,0,0,0,0,1,0.23333333333333334,0,0,0,1,0,0.0,0,0,0.0,0
invictus_enriched.csv:740,bert-jan,2023-07-10 11:58:27+00:00,1,0,0.8,2,1,1.0,0,0.065,1.0,0.258819045102521,-0.9659258262890682,0,0,0.7,81,9,0,0,0,0,0,0,0,0,0,1,0.23466666666666666,0,0,0,1,0,0.0,0,0,0.0,0
invictus_enriched.csv:741,bert-jan,2023-07-10 11:58:27+00:00,1,0,0.8,2,1,1.0,0,0.065,1.0,0.258819045102521,-0.9659258262890682,0,0,0.7,81,9,0,0,0,0,0,0,0,0,0,1,0.23466666666666666,0,0,0,1,0,0.0,0,0,0.0,0
invictus_enriched.csv:742,bert-jan,2023-07-10 11:58:27+00:00,1,0,0.8,2,1,1.0,0,0.065,1.0,0.258819045102521,-0.9659258262890682,0,0,0.7,81,9,0,0,0,0,0,0,0,0,0,1,0.23466666666666666,0,0,0,1,0,0.0,0,0,0.0,0
invictus_enriched.csv:743,bert-jan,2023-07-10 11:58:27+00:00,1,0,0.8,2,1,1.0,0,0.065,1.0,0.258819045102521,-0.9659258262890682,0,0,0.7,81,9,0,0,0,0,0,0,0,0,0,1,0.23466666666666666,0,0,0,1,0,0.0,0,0,0.0,0
invictus_enriched.csv:744,bert-jan,2023-07-10 11:58:27+00:00,1,0,0.8,2,1,1.0,0,0.065,1.0,0.258819045102521,-0.9659258262890682,0,0,0.7,81,9,0,0,0,0,0,0,0,0,0,1,0.23466666666666666,0,0,0,1,0,0.0,0,0,0.0,0
invictus_enriched.csv:745,bert-jan,2023-07-10 11:58:27+00:00,1,0,0.8,2,1,1.0,0,0.065,1.0,0.258819045102521,-0.9659258262890682,0,0,0.7,81,9,0,0,0,0,0,0,0,0,0,1,0.23466666666666666,0,0,0,1,0,0.0,0,0,0.0,0
invictus_enriched.csv:746,bert-jan,2023-07-10 11:58:27+00:00,1,0,0.8,2,1,1.0,0,0.065,1.0,0.258819045102521,-0.9659258262890682,0,0,0.7,81,9,0,0,0,0,0,0,0,0,0,1,0.23466666666666666,0,0,0,1,0,0.0,0,0,0.0,0
invictus_enriched.csv:747,bert-jan,2023-07-10 11:58:27+00:00,1,0,0.8,2,1,1.0,0,0.065,1.0,0.258819045102521,-0.9659258262890682,0,0,0.7,81,9,0,0,0,0,0,0,0,0,0,1,0.23466666666666666,0,0,0,1,0,0.0,0,0,0.0,0
invictus_enriched.csv:748,bert-jan,2023-07-10 11:58:27+00:00,1,0,0.8,2,1,1.0,0,0.065,1.0,0.258819045102521,-0.9659258262890682,0,0,0.7,81,9,0,0,0,0,0,0,0,0,0,1,0.23466666666666666,0,0,0,1,0,0.0,0,0,0.0,0
invictus_enriched.csv:749,bert-jan,2023-07-10 11:58:27+00:00,1,0,0.8,2,1,1.0,0,0.065,1.0,0.258819045102521,-0.9659258262890682,0,0,0.7,81,9,0,0,0,0,0,0,0,0,0,1,0.23466666666666666,0,0,0,1,0,0.0,0,0,0.0,0
invictus_enriched.csv:750,bert-jan,2023-07-10 11:58:27+00:00,1,0,0.8,2,1,1.0,0,0.065,1.0,0.258819045102521,-0.9659258262890682,0,0,0.7,81,9,0,0,0,0,0,0,0,0,0,1,0.23466666666666666,0,0,0,1,0,0.0,0,0,0.0,0
invictus_enriched.csv:751,bert-jan,2023-07-10 11:58:27+00:00,0,1,0.8,2,1,1.0,0,0.065,1.0,0.258819045102521,-0.9659258262890682,0,0,0.1,83,6,0,0,0,0,0,1,0,0,0,0,1.0,0,0,0,0,0,0.0,0,0,0.0,0
invictus_enriched.csv:752,bert-jan,2023-07-10 11:58:27+00:00,0,1,0.8,2,1,1.0,0,0.065,1.0,0.258819045102521,-0.9659258262890682,0,0,0.1,83,6,0,0,0,0,0,1,0,0,0,0,1.0,0,0,0,0,0,0.0,0,0,0.0,0
invictus_enriched.csv:753,bert-jan,2023-07-10 11:58:27+00:00,1,0,0.8,2,1,1.0,0,0.065,1.0,0.258819045102521,-0.9659258262890682,0,0,0.7,81,9,0,0,0,0,0,0,0,0,0,1,0.23333333333333334,0,0,0,1,0,0.0,0,0,0.0,0
invictus_enriched.csv:754,bert-jan,2023-07-10 11:58:27+00:00,1,0,0.8,2,1,1.0,0,0.065,1.0,0.258819045102521,-0.9659258262890682,0,0,0.7,81,9,0,0,0,0,0,0,0,0,0,1,0.23466666666666666,0,0,0,1,0,0.0,0,0,0.0,0
invictus_enriched.csv:755,bert-jan,2023-07-10 11:58:27+00:00,0,1,0.8,2,1,1.0,0,0.065,1.0,0.258819045102521,-0.9659258262890682,0,0,0.1,83,6,0,0,0,0,0,1,0,0,0,0,0.04666666666666667,0,0,0,0,0,0.0,0,0,0.0,0
invictus_enriched.csv:756,bert-jan,2023-07-10 11:58:27+00:00,1,0,0.8,2,1,1.0,0,0.065,1.0,0.258819045102521,-0.9659258262890682,0,0,0.7,81,9,0,0,0,0,0,0,0,0,0,1,0.23333333333333334,0,0,0,1,0,0.0,0,0,0.0,0
invictus_enriched.csv:757,bert-jan,2023-07-10 11:58:27+00:00,0,1,0.8,2,1,1.0,0,0.065,1.0,0.258819045102521,-0.9659258262890682,0,0,0.1,90,6,0,0,0,0,0,1,0,0,0,0,0.6826666666666666,0,0,0,0,0,0.0,0,0,0.0,0
invictus_enriched.csv:758,bert-jan,2023-07-10 11:58:27+00:00,1,0,0.8,2,1,1.0,0,0.065,1.0,0.258819045102521,-0.9659258262890682,0,0,0.7,81,9,0,0,0,0,0,0,0,0,0,1,0.23466666666666666,0,0,0,1,0,0.0,0,0,0.0,0
invictus_enriched.csv:759,bert-jan,2023-07-10 11:58:27+00:00,1,0,0.8,2,1,1.0,0,0.065,1.0,0.258819045102521,-0.9659258262890682,0,0,0.7,81,9,0,0,0,0,0,0,0,0,0,1,0.23466666666666666,0,0,0,1,0,0.0,0,0,0.0,0
invictus_enriched.csv:760,bert-jan,2023-07-10 11:58:27+00:00,1,0,0.8,2,1,1.0,0,0.065,1.0,0.258819045102521,-0.9659258262890682,0,0,0.7,81,9,0,0,0,0,0,0,0,0,0,1,0.23333333333333334,0,0,0,1,0,0.0,0,0,0.0,0
invictus_enriched.csv:761,bert-jan,2023-07-10 11:58:27+00:00,1,0,0.8,2,1,1.0,0,0.065,1.0,0.258819045102521,-0.9659258262890682,0,0,0.7,81,9,0,0,0,0,0,0,0,0,0,1,0.23466666666666666,0,0,0,1,0,0.0,0,0,0.0,0
invictus_enriched.csv:762,bert-jan,2023-07-10 11:58:27+00:00,0,1,0.8,2,1,1.0,0,0.065,1.0,0.258819045102521,-0.9659258262890682,0,0,0.1,90,6,0,0,0,0,0,1,0,0,0,0,0.684,0,0,0,0,0,0.0,0,0,0.0,0
invictus_enriched.csv:763,bert-jan,2023-07-10 11:58:27+00:00,1,0,0.8,2,1,1.0,0,0.065,1.0,0.258819045102521,-0.9659258262890682,0,0,0.7,81,9,0,0,0,0,0,0,0,0,0,1,0.23333333333333334,0,0,0,1,0,0.0,0,0,0.0,0
invictus_enriched.csv:764,bert-jan,2023-07-10 11:58:27+00:00,1,0,0.8,2,1,1.0,0,0.065,1.0,0.258819045102521,-0.9659258262890682,0,0,0.7,81,9,0,0,0,0,0,0,0,0,0,1,0.23333333333333334,0,0,0,1,0,0.0,0,0,0.0,0
invictus_enriched.csv:765,bert-jan,2023-07-10 11:58:27+00:00,1,0,0.8,2,1,1.0,0,0.065,1.0,0.258819045102521,-0.9659258262890682,0,0,0.7,81,9,0,0,0,0,0,0,0,0,0,1,0.23466666666666666,0,0,0,1,0,0.0,0,0,0.0,0
invictus_enriched.csv:766,bert-jan,2023-07-10 11:58:27+00:00,1,0,0.8,2,1,1.0,0,0.065,1.0,0.258819045102521,-0.9659258262890682,0,0,0.7,81,9,0,0,0,0,0,0,0,0,0,1,0.23466666666666666,0,0,0,1,0,0.0,0,0,0.0,0
invictus_enriched.csv:767,bert-jan,2023-07-10 11:58:27+00:00,1,0,0.8,2,1,1.0,0,0.065,1.0,0.258819045102521,-0.9659258262890682,0,0,0.7,81,9,0,0,0,0,0,0,0,0,0,1,0.23466666666666666,0,0,0,1,0,0.0,0,0,0.0,0
invictus_enriched.csv:768,bert-jan,2023-07-10 11:58:27+00:00,1,0,0.8,2,1,1.0,0,0.065,1.0,0.258819045102521,-0.9659258262890682,0,0,0.7,81,9,0,0,0,0,0,0,0,0,0,1,0.23333333333333334,0,0,0,1,0,0.0,0,0,0.0,0
invictus_enriched.csv:769,bert-jan,2023-07-10 11:58:28+00:00,1,0,0.8,2,1,0.9997222222222222,0,0.06527777777777778,1.0,0.258819045102521,-0.9659258262890682,0,0,0.7,81,9,0,0,0,0,0,0,0,0,0,1,0.23466666666666666,0,0,0,1,0,0.0,0,0,0.0,0
invictus_enriched.csv:770,bert-jan,2023-07-10 11:58:28+00:00,1,0,0.8,2,1,1.0,0,0.06527777777777778,1.0,0.258819045102521,-0.9659258262890682,0,0,0.7,81,9,0,0,0,0,0,0,0,0,0,1,0.23466666666666666,0,0,0,1,0,0.0,0,0,0.0,0
invictus_enriched.csv:771,bert-jan,2023-07-10 11:58:28+00:00,0,1,0.8,2,1,1.0,0,0.06527777777777778,1.0,0.258819045102521,-0.9659258262890682,0,0,0.1,83,6,0,0,0,0,0,1,0,0,0,0,1.0,0,0,0,0,0,0.0,0,0,0.0,0
invictus_enriched.csv:772,bert-jan,2023-07-10 11:58:28+00:00,1,0,0.8,2,1,1.0,0,0.06527777777777778,1.0,0.258819045102521,-0.9659258262890682,0,0,0.7,81,9,0,0,0,0,0,0,0,0,0,1,0.23333333333333334,0,0,0,1,0,0.0,0,0,0.0,0
invictus_enriched.csv:773,bert-jan,2023-07-10 11:58:28+00:00,1,0,0.8,2,1,1.0,0,0.06527777777777778,1.0,0.258819045102521,-0.9659258262890682,0,0,0.7,81,9,0,0,0,0,0,0,0,0,0,1,0.23466666666666666,0,0,0,1,0,0.0,0,0,0.0,0
invictus_enriched.csv:774,bert-jan,2023-07-10 11:58:28+00:00,1,0,0.8,2,1,1.0,0,0.06527777777777778,1.0,0.258819045102521,-0.9659258262890682,0,0,0.7,81,9,0,0,0,0,0,0,0,0,0,1,0.23466666666666666,0,0,0,1,0,0.0,0,0,0.0,0
invictus_enriched.csv:775,bert-jan,2023-07-10 11:58:28+00:00,1,0,0.8,2,1,1.0,0,0.06527777777777778,1.0,0.258819045102521,-0.9659258262890682,0,0,0.7,81,9,0,0,0,0,0,0,0,0,0,1,0.23333333333333334,0,0,0,1,0,0.0,0,0,0.0,0
invictus_enriched.csv:776,bert-jan,2023-07-10 11:58:28+00:00,1,0,0.8,2,1,1.0,0,0.06527777777777778,1.0,0.258819045102521,-0.9659258262890682,0,0,0.7,81,9,0,0,0,0,0,0,0,0,0,1,0.23466666666666666,0,0,0,1,0,0.0,0,0,0.0,0
invictus_enriched.csv:777,bert-jan,2023-07-10 11:58:28+00:00,1,0,0.8,2,1,1.0,0,0.06527777777777778,1.0,0.258819045102521,-0.9659258262890682,0,0,0.7,81,9,0,0,0,0,0,0,0,0,0,1,0.23466666666666666,0,0,0,1,0,0.0,0,0,0.0,0
invictus_enriched.csv:778,bert-jan,2023-07-10 11:58:28+00:00,1,0,0.8,2,1,1.0,0,0.06527777777777778,1.0,0.258819045102521,-0.9659258262890682,0,0,0.7,81,9,0,0,0,0,0,0,0,0,0,1,0.23333333333333334,0,0,0,1,0,0.0,0,0,0.0,0
invictus_enriched.csv:779,bert-jan,2023-07-10 11:58:28+00:00,1,0,0.8,2,1,1.0,0,0.06527777777777778,1.0,0.258819045102521,-0.9659258262890682,0,0,0.7,81,9,0,0,0,0,0,0,0,0,0,1,0.23466666666666666,0,0,0,1,0,0.0,0,0,0.0,0
invictus_enriched.csv:780,bert-jan,2023-07-10 11:58:28+00:00,0,1,0.8,2,1,1.0,0,0.06527777777777778,1.0,0.258819045102521,-0.9659258262890682,0,0,0.1,83,6,0,0,0,0,0,1,0,0,0,0,1.0,0,0,0,0,0,0.0,0,0,0.0,0
invictus_enriched.csv:781,bert-jan,2023-07-10 11:58:28+00:00,0,1,0.8,2,1,1.0,0,0.06527777777777778,1.0,0.258819045102521,-0.9659258262890682,0,0,0.1,90,6,0,0,0,0,0,1,0,0,0,0,0.6826666666666666,0,0,0,0,0,0.0,0,0,0.0,0
invictus_enriched.csv:782,bert-jan,2023-07-10 11:58:28+00:00,0,1,0.8,2,1,1.0,0,0.06527777777777778,1.0,0.258819045102521,-0.9659258262890682,0,0,0.1,90,6,0,0,0,0,0,1,0,0,0,0,0.17466666666666666,0,0,0,0,0,0.0,0,0,0.0,0
invictus_enriched.csv:783,bert-jan,2023-07-10 11:58:28+00:00,1,0,0.8,2,1,1.0,0,0.06527777777777778,1.0,0.258819045102521,-0.9659258262890682,0,0,0.7,81,9,0,0,0,0,0,0,0,0,0,1,0.23466666666666666,0,0,0,1,0,0.0,0,0,0.0,0
invictus_enriched.csv:784,bert-jan,2023-07-10 11:58:28+00:00,1,0,0.8,2,1,1.0,0,0.06527777777777778,1.0,0.258819045102521,-0.9659258262890682,0,0,0.7,81,9,0,0,0,0,0,0,0,0,0,1,0.23466666666666666,0,0,0,1,0,0.0,0,0,0.0,0
invictus_enriched.csv:785,bert-jan,2023-07-10 11:58:37+00:00,0,1,0.8,2,1,0.9975,0,0.06777777777777778,1.0,0.258819045102521,-0.9659258262890682,0,0,0.1,21,3,0,0,0,0,0,1,0,0,0,0,0.064,0,0,0,0,0,0.0,0,0,0.0,0
invictus_enriched.csv:786,bert-jan,2023-07-10 11:58:47+00:00,0,1,0.8,2,1,0.9972222222222222,0,0.07055555555555555,1.0,0.258819045102521,-0.9659258262890682,0,0,0.1,21,3,0,0,0,0,0,1,0,0,0,0,0.064,0,0,0,0,0,0.0,0,0,0.0,0
invictus_enriched.csv:787,bert-jan,2023-07-10 11:59:02+00:00,0,1,0.8,2,1,0.9958333333333333,1,0.07472222222222222,1.0,0.258819045102521,-0.9659258262890682,0,0,1.0,91,7,1,0,1,0,0,0,1,0,0,0,0.076,0,0,0,0,0,0.0,0,0,0.0,1
invictus_enriched.csv:788,bert-jan,2023-07-10 11:59:02+00:00,0,1,0.8,2,1,1.0,0,0.07472222222222222,1.0,0.258819045102521,-0.9659258262890682,0,0,0.1,21,3,0,0,0,0,0,1,0,0,0,0,0.064,0,0,0,0,0,0.0,0,0,0.0,0
invictus_enriched.csv:789,bert-jan,2023-07-10 11:59:24+00:00,0,1,0.8,2,1,0.9938888888888889,0,0.08083333333333333,1.0,0.258819045102521,-0.9659258262890682,0,0,0.1,23,1,0,0,0,0,1,1,0,0,0,0,0.0026666666666666666,0,0,0,0,0,0.0,0,0,0.0,0
invictus_enriched.csv:790,bert-jan,2023-07-10 11:59:51+00:00,0,1,0.8,2,1,0.9925,0,0.08833333333333333,1.0,0.258819045102521,-0.9659258262890682,0,0,0.1,21,3,0,0,0,0,0,1,0,0,0,0,0.064,0,0,0,0,0,0.0,0,0,0.0,0
invictus_enriched.csv:791,bert-jan,2023-07-10 11:59:56+00:00,0,1,0.8,2,1,0.9986111111111111,0,0.08972222222222222,1.0,0.258819045102521,-0.9659258262890682,0,0,0.1,23,1,0,0,0,0,1,1,0,0,0,0,0.0026666666666666666,0,0,0,0,0,0.0,0,0,0.0,0
invictus_enriched.csv:792,bert-jan,2023-07-10 11:59:56+00:00,0,1,0.8,2,1,1.0,0,0.08972222222222222,1.0,0.258819045102521,-0.9659258262890682,0,0,0.1,23,1,0,0,0,0,1,1,0,0,0,0,0.0026666666666666666,0,0,0,0,0,0.0,0,0,0.0,0
invictus_enriched.csv:793,bert-jan,2023-07-10 11:59:57+00:00,0,1,0.8,2,1,0.9997222222222222,1,0.09,1.0,0.258819045102521,-0.9659258262890682,0,0,0.1,92,4,1,0,0,0,0,0,0,0,0,0,0.19866666666666666,0,0,0,0,0,0.0,0,0,0.0,0
invictus_enriched.csv:794,bert-jan,2023-07-10 11:59:57+00:00,0,1,0.8,2,1,1.0,1,0.09,1.0,0.258819045102521,-0.9659258262890682,0,0,0.1,93,4,0,0,1,0,0,1,0,0,0,0,0.18666666666666668,0,0,0,0,0,0.0,0,0,0.0,0
invictus_enriched.csv:795,bert-jan,2023-07-10 11:59:58+00:00,0,1,0.8,2,1,0.9997222222222222,1,0.09027777777777778,1.0,0.258819045102521,-0.9659258262890682,0,0,0.1,94,4,1,0,0,0,0,0,0,0,0,0,0.9053333333333333,0,0,0,0,1,0.0,0,0,0.0,1
invictus_enriched.csv:796,bert-jan,2023-07-10 11:59:58+00:00,0,1,0.8,2,1,1.0,1,0.09027777777777778,1.0,0.258819045102521,-0.9659258262890682,0,0,0.1,95,4,1,0,0,0,0,0,0,0,0,0,0.3546666666666667,0,0,0,0,1,0.0,0,0,0.0,0
invictus_enriched.csv:797,bert-jan,2023-07-10 11:59:59+00:00,0,1,0.8,2,1,0.9997222222222222,1,0.09055555555555556,1.0,0.258819045102521,-0.9659258262890682,0,0,0.1,3,4,0,0,0,0,0,1,0,0,0,0,0.18533333333333332,0,0,0,0,0,0.0,0,0,0.0,0
invictus_enriched.csv:798,bert-jan,2023-07-10 12:00:00+00:00,0,1,0.8,2,1,0.9997222222222222,1,0.09083333333333334,1.0,1.2246467991473532e-16,-1.0,0,0,0.1,4,4,0,0,0,0,0,1,0,0,0,0,0.18133333333333335,0,0,0,0,0,0.0,0,0,0.0,0
invictus_enriched.csv:799,bert-jan,2023-07-10 12:00:00+00:00,0,1,0.8,2,1,1.0,1,0.09083333333333334,1.0,1.2246467991473532e-16,-1.0,0,0,0.1,96,4,0,0,1,0,0,1,0,0,0,0,0.18666666666666668,0,0,0,0,0,0.0,0,0,0.0,0
invictus_enriched.csv:800,bert-jan,2023-07-10 12:00:00+00:00,0,1,0.8,2,1,1.0,1,0.09083333333333334,1.0,1.2246467991473532e-16,-1.0,0,0,0.1,97,4,0,0,1,0,0,1,0,0,0,0,0.18266666666666667,0,0,0,0,0,0.0,0,0,0.0,0
invictus_enriched.csv:801,bert-jan,2023-07-10 12:00:01+00:00,0,1,0.8,2,1,0.9997222222222222,1,0.09111111111111111,1.0,1.2246467991473532e-16,-1.0,0,0,0.1,98,4,0,0,0,0,0,1,0,0,0,0,0.19066666666666668,0,0,0,0,0,0.0,0,0,0.0,0
invictus_enriched.csv:802,bert-jan,2023-07-10 12:00:01+00:00,0,1,0.8,2,1,1.0,1,0.09111111111111111,1.0,1.2246467991473532e-16,-1.0,0,0,0.1,99,4,0,0,0,0,0,1,0,0,0,0,0.19066666666666668,0,0,0,0,0,0.0,0,0,0.0,0
invictus_enriched.csv:803,bert-jan,2023-07-10 12:00:02+00:00,0,1,0.8,2,1,0.9997222222222222,1,0.0913888888888889,1.0,1.2246467991473532e-16,-1.0,0,0,0.1,2,4,0,0,0,0,0,1,0,0,0,0,0.18666666666666668,0,0,0,0,0,0.0,0,0,0.0,0
invictus_enriched.csv:804,bert-jan,2023-07-10 12:00:02+00:00,0,1,0.8,2,1,1.0,1,0.0913888888888889,1.0,1.2246467991473532e-16,-1.0,0,0,0.1,100,4,0,0,1,0,0,1,0,0,0,0,0.18933333333333333,0,0,0,0,0,0.0,0,0,0.0,0
invictus_enriched.csv:805,bert-jan,2023-07-10 12:00:02+00:00,0,1,0.8,2,1,1.0,1,0.0913888888888889,1.0,1.2246467991473532e-16,-1.0,0,0,0.1,101,4,0,0,0,0,0,1,0,0,0,0,0.196,0,0,0,0,0,0.0,0,0,0.0,0
invictus_enriched.csv:806,bert-jan,2023-07-10 12:00:03+00:00,0,1,0.8,2,1,0.9997222222222222,1,0.09166666666666666,1.0,1.2246467991473532e-16,-1.0,0,0,0.1,102,4,0,0,1,0,0,1,0,0,0,0,0.192,0,0,0,0,0,0.0,0,0,0.0,0
invictus_enriched.csv:807,bert-jan,2023-07-10 12:00:03+00:00,0,1,0.8,2,1,1.0,1,0.09166666666666666,1.0,1.2246467991473532e-16,-1.0,0,0,0.1,103,4,0,0,0,0,0,1,0,0,0,0,0.19066666666666668,0,0,0,0,0,0.0,0,0,0.0,0
invictus_enriched.csv:808,bert-jan,2023-07-10 12:00:04+00:00,0,1,0.8,2,1,0.9997222222222222,1,0.09194444444444444,1.0,1.2246467991473532e-16,-1.0,0,0,0.1,104,4,0,0,1,0,0,1,0,0,0,0,0.192,0,0,0,0,0,0.0,0,0,0.0,0
invictus_enriched.csv:809,bert-jan,2023-07-10 12:00:05+00:00,0,1,0.8,2,1,0.9997222222222222,0,0.09222222222222222,1.0,1.2246467991473532e-16,-1.0,0,0,0.1,93,4,0,0,0,0,0,1,0,0,0,0,0.18666666666666668,0,0,0,0,0,0.0,0,0,0.0,0
invictus_enriched.csv:811,bert-jan,2023-07-10 12:00:05+00:00,0,1,0.8,2,1,1.0,1,0.09222222222222222,1.0,1.2246467991473532e-16,-1.0,0,0,0.1,105,7,1,0,0,0,0,0,0,0,0,0,0.27066666666666667,0,0,0,0,0,0.0,0,0,0.0,0
invictus_enriched.csv:812,bert-jan,2023-07-10 12:00:05+00:00,0,1,0.8,2,1,1.0,1,0.09222222222222222,1.0,1.2246467991473532e-16,-1.0,0,0,0.1,106,7,1,0,0,0,0,0,0,0,0,0,0.06666666666666667,0,0,0,0,0,0.0,0,0,0.0,0
invictus_enriched.csv:813,bert-jan,2023-07-10 12:00:06+00:00,0,1,0.8,2,1,0.9997222222222222,1,0.0925,1.0,1.2246467991473532e-16,-1.0,0,0,0.1,107,7,0,0,0,0,0,1,0,0,0,0,0.14666666666666667,0,0,0,0,0,0.0,0,0,0.0,0
invictus_enriched.csv:814,bert-jan,2023-07-10 12:00:06+00:00,0,1,0.8,2,1,1.0,1,0.0925,1.0,1.2246467991473532e-16,-1.0,0,0,0.1,108,7,0,0,0,0,0,1,0,0,0,0,0.08133333333333333,0,0,0,0,0,0.0,0,0,0.0,0
invictus_enriched.csv:815,bert-jan,2023-07-10 12:00:07+00:00,0,1,0.8,2,1,0.9997222222222222,1,0.09277777777777778,1.0,1.2246467991473532e-16,-1.0,0,0,0.1,109,7,0,0,0,0,0,1,0,0,0,0,0.06666666666666667,0,0,0,0,0,0.0,0,0,0.0,0
invictus_enriched.csv:816,bert-jan,2023-07-10 12:00:07+00:00,0,1,0.8,2,1,1.0,1,0.09277777777777778,1.0,1.2246467991473532e-16,-1.0,0,0,0.1,110,7,0,0,0,0,0,1,0,0,0,0,0.07333333333333333,0,0,0,0,0,0.0,0,0,0.0,0
invictus_enriched.csv:817,bert-jan,2023-07-10 12:00:08+00:00,0,1,0.8,2,1,0.9997222222222222,1,0.09305555555555556,1.0,1.2246467991473532e-16,-1.0,0,0,0.1,111,7,1,0,0,0,0,0,0,0,0,0,0.384,0,0,0,0,1,0.0,0,0,0.0,1
invictus_enriched.csv:818,bert-jan,2023-07-10 12:00:18+00:00,0,1,0.8,2,1,0.9972222222222222,0,0.09583333333333334,1.0,1.2246467991473532e-16,-1.0,0,0,0.1,21,3,0,0,0,0,0,1,0,0,0,0,0.064,0,0,0,0,0,0.0,0,0,0.0,0
invictus_enriched.csv:819,bert-jan,2023-07-10 12:00:22+00:00,0,1,0.8,2,1,0.9988888888888889,0,0.09694444444444444,1.0,1.2246467991473532e-16,-1.0,0,0,0.1,23,1,0,0,0,0,1,1,0,0,0,0,0.0026666666666666666,0,0,0,0,0,0.0,0,0,0.0,0
invictus_enriched.csv:820,bert-jan,2023-07-10 12:00:23+00:00,0,1,0.8,2,1,0.9997222222222222,0,0.09722222222222222,1.0,1.2246467991473532e-16,-1.0,0,0,0.1,92,4,1,0,0,0,0,0,0,0,0,0,0.19866666666666666,0,0,0,0,0,0.0,0,0,0.0,0
invictus_enriched.csv:821,bert-jan,2023-07-10 12:00:23+00:00,0,1,0.8,2,1,1.0,0,0.09722222222222222,1.0,1.2246467991473532e-16,-1.0,0,0,0.1,23,1,0,0,0,0,1,1,0,0,0,0,0.0026666666666666666,0,0,0,0,0,0.0,0,0,0.0,0
invictus_enriched.csv:822,bert-jan,2023-07-10 12:00:24+00:00,0,1,0.8,2,1,0.9997222222222222,0,0.0975,1.0,1.2246467991473532e-16,-1.0,0,0,0.1,93,4,0,0,1,0,0,1,0,0,0,0,0.18666666666666668,0,0,0,0,0,0.0,0,0,0.0,0
invictus_enriched.csv:823,bert-jan,2023-07-10 12:00:24+00:00,0,1,0.8,2,1,1.0,0,0.0975,1.0,1.2246467991473532e-16,-1.0,0,0,0.1,95,4,1,0,0,0,0,0,0,0,0,0,0.3546666666666667,0,0,0,0,1,0.0,0,0,0.0,0
invictus_enriched.csv:824,bert-jan,2023-07-10 12:00:25+00:00,0,1,0.8,2,1,0.9997222222222222,0,0.09777777777777778,1.0,1.2246467991473532e-16,-1.0,0,0,0.1,94,4,1,0,0,0,0,0,0,0,0,0,0.9053333333333333,0,0,0,0,1,0.0,0,0,0.0,1
invictus_enriched.csv:825,bert-jan,2023-07-10 12:00:26+00:00,0,1,0.8,2,1,0.9997222222222222,0,0.09805555555555556,1.0,1.2246467991473532e-16,-1.0,0,0,0.1,97,4,0,0,1,0,0,1,0,0,0,0,0.18266666666666667,0,0,0,0,0,0.0,0,0,0.0,0
invictus_enriched.csv:826,bert-jan,2023-07-10 12:00:26+00:00,0,1,0.8,2,1,1.0,0,0.09805555555555556,1.0,1.2246467991473532e-16,-1.0,0,0,0.1,3,4,0,0,0,0,0,1,0,0,0,0,0.18533333333333332,0,0,0,0,0,0.0,0,0,0.0,0
invictus_enriched.csv:827,bert-jan,2023-07-10 12:00:26+00:00,0,1,0.8,2,1,1.0,0,0.09805555555555556,1.0,1.2246467991473532e-16,-1.0,0,0,0.1,4,4,0,0,0,0,0,1,0,0,0,0,0.18133333333333335,0,0,0,0,0,0.0,0,0,0.0,0
invictus_enriched.csv:828,bert-jan,2023-07-10 12:00:27+00:00,0,1,0.8,2,1,0.9997222222222222,0,0.09833333333333333,1.0,1.2246467991473532e-16,-1.0,0,0,0.1,96,4,0,0,1,0,0,1,0,0,0,0,0.18666666666666668,0,0,0,0,0,0.0,0,0,0.0,0
invictus_enriched.csv:829,bert-jan,2023-07-10 12:00:27+00:00,0,1,0.8,2,1,1.0,0,0.09833333333333333,1.0,1.2246467991473532e-16,-1.0,0,0,0.1,99,4,0,0,0,0,0,1,0,0,0,0,0.19066666666666668,0,0,0,0,0,0.0,0,0,0.0,0
invictus_enriched.csv:830,bert-jan,2023-07-10 12:00:28+00:00,0,1,0.8,2,1,0.9997222222222222,0,0.09861111111111111,1.0,1.2246467991473532e-16,-1.0,0,0,0.1,101,4,0,0,0,0,0,1,0,0,0,0,0.196,0,0,0,0,0,0.0,0,0,0.0,0
invictus_enriched.csv:831,bert-jan,2023-07-10 12:00:28+00:00,0,1,0.8,2,1,1.0,0,0.09861111111111111,1.0,1.2246467991473532e-16,-1.0,0,0,0.1,98,4,0,0,0,0,0,1,0,0,0,0,0.19066666666666668,0,0,0,0,0,0.0,0,0,0.0,0
invictus_enriched.csv:832,bert-jan,2023-07-10 12:00:28+00:00,0,1,0.8,2,1,1.0,0,0.09861111111111111,1.0,1.2246467991473532e-16,-1.0,0,0,0.1,2,4,0,0,0,0,0,1,0,0,0,0,0.18666666666666668,0,0,0,0,0,0.0,0,0,0.0,0
invictus_enriched.csv:833,bert-jan,2023-07-10 12:00:29+00:00,0,1,0.8,2,1,0.9997222222222222,0,0.09888888888888889,1.0,1.2246467991473532e-16,-1.0,0,0,0.1,100,4,0,0,1,0,0,1,0,0,0,0,0.18933333333333333,0,0,0,0,0,0.0,0,0,0.0,0
invictus_enriched.csv:834,bert-jan,2023-07-10 12:00:29+00:00,0,1,0.8,2,1,1.0,0,0.09888888888888889,1.0,1.2246467991473532e-16,-1.0,0,0,0.1,102,4,0,0,1,0,0,1,0,0,0,0,0.192,0,0,0,0,0,0.0,0,0,0.0,0
invictus_enriched.csv:835,bert-jan,2023-07-10 12:00:30+00:00,0,1,0.8,2,1,0.9997222222222222,0,0.09916666666666667,1.0,1.2246467991473532e-16,-1.0,0,0,0.1,103,4,0,0,0,0,0,1,0,0,0,0,0.19066666666666668,0,0,0,0,0,0.0,0,0,0.0,0
invictus_enriched.csv:836,bert-jan,2023-07-10 12:00:30+00:00,0,1,0.8,2,1,1.0,0,0.09916666666666667,1.0,1.2246467991473532e-16,-1.0,0,0,0.1,104,4,0,0,1,0,0,1,0,0,0,0,0.192,0,0,0,0,0,0.0,0,0,0.0,0
invictus_enriched.csv:837,bert-jan,2023-07-10 12:00:31+00:00,0,1,0.8,2,1,0.9997222222222222,0,0.09944444444444445,1.0,1.2246467991473532e-16,-1.0,0,0,0.1,93,4,0,0,0,0,0,1,0,0,0,0,0.18666666666666668,0,0,0,0,0,0.0,0,0,0.0,0
invictus_enriched.csv:839,bert-jan,2023-07-10 12:00:31+00:00,0,1,0.8,2,1,1.0,0,0.09944444444444445,1.0,1.2246467991473532e-16,-1.0,0,0,0.1,105,7,1,0,0,0,0,0,0,0,0,0,0.27066666666666667,0,0,0,0,0,0.0,0,0,0.0,0
invictus_enriched.csv:840,bert-jan,2023-07-10 12:00:32+00:00,0,1,0.8,2,1,0.9997222222222222,0,0.09972222222222223,1.0,1.2246467991473532e-16,-1.0,0,0,0.1,106,7,1,0,0,0,0,0,0,0,0,0,0.06666666666666667,0,0,0,0,0,0.0,0,0,0.0,0
invictus_enriched.csv:841,bert-jan,2023-07-10 12:00:32+00:00,0,1,0.8,2,1,1.0,0,0.09972222222222223,1.0,1.2246467991473532e-16,-1.0,0,0,0.1,108,7,0,0,0,0,0,1,0,0,0,0,0.08133333333333333,0,0,0,0,0,0.0,0,0,0.0,0
invictus_enriched.csv:842,bert-jan,2023-07-10 12:00:33+00:00,0,1,0.8,2,1,0.9997222222222222,0,0.1,1.0,1.2246467991473532e-16,-1.0,0,0,0.1,110,7,0,0,0,0,0,1,0,0,0,0,0.07333333333333333,0,0,0,0,0,0.0,0,0,0.0,0
invictus_enriched.csv:843,bert-jan,2023-07-10 12:00:33+00:00,0,1,0.8,2,1,1.0,0,0.1,1.0,1.2246467991473532e-16,-1.0,0,0,0.1,109,7,0,0,0,0,0,1,0,0,0,0,0.06666666666666667,0,0,0,0,0,0.0,0,0,0.0,0
invictus_enriched.csv:844,bert-jan,2023-07-10 12:00:33+00:00,0,1,0.8,2,1,1.0,0,0.1,1.0,1.2246467991473532e-16,-1.0,0,0,0.1,107,7,0,0,0,0,0,1,0,0,0,0,0.14666666666666667,0,0,0,0,0,0.0,0,0,0.0,0
invictus_enriched.csv:845,bert-jan,2023-07-10 12:00:35+00:00,0,1,0.8,2,1,0.9994444444444445,1,0.10055555555555555,1.0,1.2246467991473532e-16,-1.0,0,0,0.1,112,4,1,0,0,0,0,0,0,0,0,0,0.4786666666666667,0,0,0,0,1,0.0,0,0,0.0,0
invictus_enriched.csv:846,bert-jan,2023-07-10 12:00:41+00:00,0,1,0.8,2,1,0.9983333333333333,0,0.10222222222222223,1.0,1.2246467991473532e-16,-1.0,0,0,0.1,21,3,0,0,0,0,0,1,0,0,0,0,0.064,0,0,0,0,0,0.0,0,0,0.0,0
invictus_enriched.csv:847,bert-jan,2023-07-10 12:00:42+00:00,0,1,0.8,2,1,0.9997222222222222,1,0.1025,1.0,1.2246467991473532e-16,-1.0,0,0,1.0,113,7,1,0,1,0,0,0,1,0,0,0,0.07066666666666667,0,0,0,0,0,0.0,0,0,0.0,1
invictus_enriched.csv:848,bert-jan,2023-07-10 12:01:22+00:00,0,1,0.8,2,1,0.9888888888888889,0,0.11361111111111111,1.0,1.2246467991473532e-16,-1.0,0,0,0.1,21,3,0,0,0,0,0,1,0,0,0,0,0.064,0,0,0,0,0,0.0,0,0,0.0,0
invictus_enriched.csv:849,bert-jan,2023-07-10 12:01:23+00:00,0,1,0.8,2,1,0.9997222222222222,0,0.11388888888888889,1.0,1.2246467991473532e-16,-1.0,0,0,1.0,113,7,1,0,1,0,0,0,1,0,0,0,0.07066666666666667,0,0,0,0,0,0.0,0,0,0.0,1
invictus_enriched.csv:850,bert-jan,2023-07-10 12:01:27+00:00,0,1,0.8,2,1,0.9988888888888889,0,0.115,1.0,1.2246467991473532e-16,-1.0,0,0,1.0,113,7,1,0,1,0,0,0,1,0,0,0,0.07066666666666667,0,0,0,0,0,0.0,0,0,0.0,1
invictus_enriched.csv:851,bert-jan,2023-07-10 12:01:27+00:00,0,1,0.8,2,1,1.0,0,0.115,1.0,1.2246467991473532e-16,-1.0,0,0,0.1,21,3,0,0,0,0,0,1,0,0,0,0,0.064,0,0,0,0,0,0.0,0,0,0.0,0
invictus_enriched.csv:852,bert-jan,2023-07-10 12:01:46+00:00,0,1,0.8,2,1,0.9947222222222222,0,0.12027777777777778,1.0,1.2246467991473532e-16,-1.0,0,0,0.1,21,3,0,0,0,0,0,1,0,0,0,0,0.064,0,0,0,0,0,0.0,0,0,0.0,0
invictus_enriched.csv:853,bert-jan,2023-07-10 12:01:50+00:00,0,1,0.8,2,1,0.9988888888888889,0,0.1213888888888889,1.0,1.2246467991473532e-16,-1.0,0,0,0.1,23,1,0,0,0,0,1,1,0,0,0,0,0.0026666666666666666,0,0,0,0,0,0.0,0,0,0.0,0
invictus_enriched.csv:854,bert-jan,2023-07-10 12:01:51+00:00,0,1,0.8,2,1,0.9997222222222222,0,0.12166666666666667,1.0,1.2246467991473532e-16,-1.0,0,0,0.1,23,1,0,0,0,0,1,1,0,0,0,0,0.0026666666666666666,0,0,0,0,0,0.0,0,0,0.0,0
invictus_enriched.csv:855,bert-jan,2023-07-10 12:01:51+00:00,0,1,0.8,2,1,1.0,0,0.12166666666666667,1.0,1.2246467991473532e-16,-1.0,0,0,0.2,22,2,0,0,0,0,0,1,0,1,0,0,0.0026666666666666666,0,0,0,0,0,0.0,0,0,0.0,0
invictus_enriched.csv:856,bert-jan,2023-07-10 12:01:52+00:00,0,1,0.8,2,1,0.9997222222222222,0,0.12194444444444444,1.0,1.2246467991473532e-16,-1.0,0,0,0.7,24,1,1,0,0,0,1,0,0,0,0,0,0.4706666666666667,0,0,0,0,0,0.2,0,0,0.6,1
invictus_enriched.csv:857,bert-jan,2023-07-10 12:01:52+00:00,0,1,0.8,2,1,1.0,0,0.12194444444444444,1.0,1.2246467991473532e-16,-1.0,0,0,0.1,25,1,1,0,0,0,1,0,0,0,0,0,0.28933333333333333,0,0,0,0,1,0.2,0,1,0.0,1
invictus_enriched.csv:858,bert-jan,2023-07-10 12:01:53+00:00,0,1,0.8,2,1,0.9997222222222222,0,0.12222222222222222,1.0,1.2246467991473532e-16,-1.0,0,0,0.1,28,1,0,0,0,0,1,1,0,0,0,0,0.06266666666666666,0,0,0,0,0,0.0,0,0,0.0,0
invictus_enriched.csv:859,bert-jan,2023-07-10 12:01:53+00:00,0,1,0.8,2,1,1.0,0,0.12222222222222222,1.0,1.2246467991473532e-16,-1.0,0,0,0.1,26,1,0,0,0,0,1,1,0,0,0,0,0.06266666666666666,0,0,0,0,0,0.0,0,0,0.0,0
invictus_enriched.csv:860,bert-jan,2023-07-10 12:01:54+00:00,0,1,0.8,2,1,0.9997222222222222,0,0.1225,1.0,1.2246467991473532e-16,-1.0,0,0,0.1,29,1,0,0,0,0,1,1,0,0,0,0,0.104,0,0,0,0,0,0.0,0,0,0.0,0
invictus_enriched.csv:861,bert-jan,2023-07-10 12:01:54+00:00,0,1,0.8,2,1,1.0,0,0.1225,1.0,1.2246467991473532e-16,-1.0,0,0,0.1,27,1,0,0,0,0,1,1,0,0,0,0,0.06266666666666666,0,0,0,0,1,0.0,0,0,0.0,0
invictus_enriched.csv:863,bert-jan,2023-07-10 12:01:55+00:00,0,1,0.8,2,1,0.9997222222222222,0,0.12277777777777778,1.0,1.2246467991473532e-16,-1.0,0,0,0.6,30,2,0,0,1,1,0,0,0,0,0,0,0.0026666666666666666,0,0,0,0,0,0.0,0,0,0.0,0
invictus_enriched.csv:864,bert-jan,2023-07-10 12:01:56+00:00,0,1,0.8,2,1,0.9997222222222222,0,0.12305555555555556,1.0,1.2246467991473532e-16,-1.0,0,0,0.6,30,2,0,0,1,1,0,0,0,0,0,0,0.0026666666666666666,0,0,0,0,0,0.0,0,0,0.0,0
invictus_enriched.csv:865,bert-jan,2023-07-10 12:01:59+00:00,0,1,0.8,2,1,0.9991666666666666,0,0.1238888888888889,1.0,1.2246467991473532e-16,-1.0,0,0,0.6,30,2,0,0,1,1,0,0,0,0,0,0,0.0026666666666666666,0,0,0,0,0,0.0,0,0,0.0,0
invictus_enriched.csv:867,bert-jan,2023-07-10 12:02:04+00:00,0,1,0.8,2,1,0.9986111111111111,0,0.12527777777777777,1.0,1.2246467991473532e-16,-1.0,0,0,0.6,30,2,0,0,0,0,0,0,0,0,0,0,0.20533333333333334,0,0,0,0,0,0.0,0,0,0.0,0
invictus_enriched.csv:868,bert-jan,2023-07-10 12:02:04+00:00,0,1,0.8,2,1,1.0,0,0.12527777777777777,1.0,1.2246467991473532e-16,-1.0,0,0,0.6,30,2,0,0,0,0,0,0,0,0,0,0,0.20533333333333334,0,0,0,0,0,0.0,0,0,0.0,0
invictus_enriched.csv:870,bert-jan,2023-07-10 12:02:15+00:00,0,1,0.8,2,1,0.9969444444444444,0,0.12833333333333333,1.0,1.2246467991473532e-16,-1.0,0,0,0.1,21,3,0,0,0,0,0,1,0,0,0,0,0.064,0,0,0,0,0,0.0,0,0,0.0,0
invictus_enriched.csv:871,bert-jan,2023-07-10 12:02:19+00:00,0,1,0.8,2,1,0.9988888888888889,0,0.12944444444444445,1.0,1.2246467991473532e-16,-1.0,0,0,0.1,23,1,0,0,0,0,1,1,0,0,0,0,0.0026666666666666666,0,0,0,0,0,0.0,0,0,0.0,0
invictus_enriched.csv:872,bert-jan,2023-07-10 12:02:19+00:00,0,1,0.8,2,1,1.0,0,0.12944444444444445,1.0,1.2246467991473532e-16,-1.0,0,0,0.1,23,1,0,0,0,0,1,1,0,0,0,0,0.0026666666666666666,0,0,0,0,0,0.0,0,0,0.0,0
invictus_enriched.csv:873,bert-jan,2023-07-10 12:02:20+00:00,0,1,0.8,2,1,0.9997222222222222,0,0.1297222222222222,1.0,1.2246467991473532e-16,-1.0,0,0,0.1,34,3,1,0,0,0,0,0,0,0,0,0,0.2813333333333333,0,0,0,0,0,0.0,0,0,0.0,0
invictus_enriched.csv:874,bert-jan,2023-07-10 12:02:20+00:00,0,1,0.8,2,1,1.0,0,0.1297222222222222,1.0,1.2246467991473532e-16,-1.0,0,0,0.7,24,1,1,0,0,0,1,0,0,0,0,0,0.5813333333333334,0,0,0,0,0,0.2,0,0,0.6,1
invictus_enriched.csv:875,bert-jan,2023-07-10 12:02:20+00:00,0,1,0.8,2,1,1.0,0,0.1297222222222222,1.0,1.2246467991473532e-16,-1.0,0,0,0.1,26,1,0,0,0,0,1,1,0,0,0,0,0.072,0,0,0,0,0,0.0,0,0,0.0,0
invictus_enriched.csv:876,bert-jan,2023-07-10 12:02:20+00:00,0,1,0.8,2,1,1.0,1,0.1297222222222222,1.0,1.2246467991473532e-16,-1.0,0,0,0.1,115,0,0,0,0,0,0,1,0,0,0,0,0.076,0,0,0,0,0,0.0,0,0,0.0,0
invictus_enriched.csv:877,bert-jan,2023-07-10 12:02:20+00:00,0,1,0.8,2,1,1.0,1,0.1297222222222222,1.0,1.2246467991473532e-16,-1.0,0,0,0.1,116,0,1,0,0,0,0,0,0,0,0,0,0.116,0,0,0,0,0,0.0,0,0,0.0,0
invictus_enriched.csv:878,bert-jan,2023-07-10 12:02:21+00:00,0,1,0.8,2,1,0.9997222222222222,0,0.13,1.0,1.2246467991473532e-16,-1.0,0,0,0.1,37,3,0,0,0,0,0,1,0,0,0,0,0.10133333333333333,0,0,0,0,0,0.0,0,0,0.0,0
invictus_enriched.csv:879,bert-jan,2023-07-10 12:02:21+00:00,0,1,0.8,2,1,1.0,0,0.13,1.0,1.2246467991473532e-16,-1.0,0,0,0.1,28,1,0,0,0,0,1,1,0,0,0,0,0.072,0,0,0,0,0,0.0,0,0,0.0,0
invictus_enriched.csv:880,bert-jan,2023-07-10 12:02:21+00:00,0,1,0.8,2,1,1.0,0,0.13,1.0,1.2246467991473532e-16,-1.0,0,0,0.1,37,3,0,0,0,0,0,1,0,0,0,0,0.10133333333333333,0,0,0,0,0,0.0,0,0,0.0,0
invictus_enriched.csv:881,bert-jan,2023-07-10 12:02:21+00:00,0,1,0.8,2,1,1.0,0,0.13,1.0,1.2246467991473532e-16,-1.0,0,0,0.1,27,1,0,0,0,0,1,1,0,0,0,0,0.072,0,0,0,0,1,0.0,0,0,0.0,0
invictus_enriched.csv:882,bert-jan,2023-07-10 12:02:21+00:00,0,1,0.8,2,1,1.0,0,0.13,1.0,1.2246467991473532e-16,-1.0,0,0,0.1,38,3,0,0,0,0,0,1,0,0,0,0,0.1,0,0,0,0,0,0.0,0,0,0.0,0
invictus_enriched.csv:883,bert-jan,2023-07-10 12:02:21+00:00,0,1,0.8,2,1,1.0,1,0.13,1.0,1.2246467991473532e-16,-1.0,0,0,0.1,117,0,0,0,0,0,0,1,0,0,0,0,0.068,0,0,0,0,0,0.0,0,0,0.0,0
invictus_enriched.csv:884,bert-jan,2023-07-10 12:02:22+00:00,0,1,0.8,2,1,0.9997222222222222,0,0.13027777777777777,1.0,1.2246467991473532e-16,-1.0,0,0,0.1,41,3,0,0,0,0,0,1,0,0,0,0,0.13733333333333334,0,0,0,0,0,0.0,0,0,0.0,0
invictus_enriched.csv:885,bert-jan,2023-07-10 12:02:22+00:00,0,1,0.8,2,1,1.0,0,0.13027777777777777,1.0,1.2246467991473532e-16,-1.0,0,0,0.1,29,1,0,0,0,0,1,1,0,0,0,0,0.14933333333333335,0,0,0,0,0,0.0,0,0,0.0,0
invictus_enriched.csv:886,bert-jan,2023-07-10 12:02:22+00:00,0,1,0.8,2,1,1.0,0,0.13027777777777777,1.0,1.2246467991473532e-16,-1.0,0,0,0.1,25,1,1,0,0,0,1,0,0,0,0,0,0.632,0,0,0,0,1,0.2,0,1,0.0,1
invictus_enriched.csv:887,bert-jan,2023-07-10 12:02:22+00:00,0,1,0.8,2,1,1.0,0,0.13027777777777777,1.0,1.2246467991473532e-16,-1.0,0,0,0.1,39,3,0,0,0,0,0,1,0,0,0,0,0.04533333333333334,0,0,0,0,0,0.0,0,0,0.0,0
invictus_enriched.csv:888,bert-jan,2023-07-10 12:02:23+00:00,0,1,0.8,2,1,0.9997222222222222,0,0.13055555555555556,1.0,1.2246467991473532e-16,-1.0,0,0,0.1,39,3,0,0,0,0,0,1,0,0,0,0,0.04533333333333334,0,0,0,0,0,0.0,0,0,0.0,0
invictus_enriched.csv:889,bert-jan,2023-07-10 12:02:23+00:00,0,1,0.8,2,1,1.0,0,0.13055555555555556,1.0,1.2246467991473532e-16,-1.0,0,0,0.1,43,3,0,0,0,0,0,1,0,0,0,0,0.26,0,0,0,0,0,0.0,0,0,0.0,0
invictus_enriched.csv:890,bert-jan,2023-07-10 12:02:24+00:00,0,1,0.8,2,1,0.9997222222222222,0,0.13083333333333333,1.0,1.2246467991473532e-16,-1.0,0,0,0.1,47,3,0,0,0,0,0,1,0,0,0,0,0.304,0,0,0,0,0,0.0,0,0,0.0,0
invictus_enriched.csv:891,bert-jan,2023-07-10 12:02:24+00:00,0,1,0.8,2,1,1.0,0,0.13083333333333333,1.0,1.2246467991473532e-16,-1.0,0,0,0.1,45,3,0,0,0,0,0,1,0,0,0,0,0.272,0,0,0,0,0,0.0,0,0,0.0,0
invictus_enriched.csv:892,bert-jan,2023-07-10 12:02:25+00:00,0,1,0.8,2,1,0.9997222222222222,1,0.13111111111111112,1.0,1.2246467991473532e-16,-1.0,0,0,0.1,118,3,1,0,0,0,0,0,0,0,0,0,0.7106666666666667,0,0,0,0,0,0.0,0,0,0.0,0
invictus_enriched.csv:893,bert-jan,2023-07-10 12:02:25+00:00,0,1,0.8,2,1,1.0,1,0.13111111111111112,1.0,1.2246467991473532e-16,-1.0,0,0,0.1,119,3,0,0,0,0,0,1,0,0,0,0,0.11866666666666667,0,0,0,0,0,0.0,0,0,0.0,0
invictus_enriched.csv:894,bert-jan,2023-07-10 12:02:26+00:00,0,1,0.8,2,1,0.9997222222222222,1,0.1313888888888889,1.0,1.2246467991473532e-16,-1.0,0,0,0.8,120,3,1,0,0,0,0,0,0,0,0,0,0.116,0,0,0,0,0,0.0,0,0,0.0,0
invictus_enriched.csv:895,bert-jan,2023-07-10 12:02:36+00:00,0,1,0.8,2,1,0.9972222222222222,0,0.13416666666666666,1.0,1.2246467991473532e-16,-1.0,0,0,0.1,21,3,0,0,0,0,0,1,0,0,0,0,0.064,0,0,0,0,0,0.0,0,0,0.0,0
invictus_enriched.csv:896,bert-jan,2023-07-10 12:02:40+00:00,0,1,0.8,2,1,0.9988888888888889,0,0.13527777777777777,1.0,1.2246467991473532e-16,-1.0,0,0,0.1,23,1,0,0,0,0,1,1,0,0,0,0,0.0026666666666666666,0,0,0,0,0,0.0,0,0,0.0,0
invictus_enriched.csv:897,bert-jan,2023-07-10 12:02:41+00:00,0,1,0.8,2,1,0.9997222222222222,0,0.13555555555555557,1.0,1.2246467991473532e-16,-1.0,0,0,0.1,23,1,0,0,0,0,1,1,0,0,0,0,0.0026666666666666666,0,0,0,0,0,0.0,0,0,0.0,0
invictus_enriched.csv:898,bert-jan,2023-07-10 12:02:41+00:00,0,1,0.8,2,1,1.0,0,0.13555555555555557,1.0,1.2246467991473532e-16,-1.0,0,0,0.2,22,2,0,0,0,0,0,1,0,1,0,0,0.0026666666666666666,0,0,0,0,0,0.0,0,0,0.0,0
invictus_enriched.csv:901,bert-jan,2023-07-10 12:02:42+00:00,0,1,0.8,2,1,0.9997222222222222,0,0.13583333333333333,1.0,1.2246467991473532e-16,-1.0,0,0,0.1,25,1,1,0,0,0,1,0,0,0,0,0,0.304,0,0,0,0,1,0.2,0,1,0.0,1
invictus_enriched.csv:902,bert-jan,2023-07-10 12:02:42+00:00,0,1,0.8,2,1,1.0,0,0.13583333333333333,1.0,1.2246467991473532e-16,-1.0,0,0,0.7,24,1,1,0,0,0,1,0,0,0,0,0,0.4746666666666667,0,0,0,0,0,0.2,0,0,0.6,1
invictus_enriched.csv:903,bert-jan,2023-07-10 12:02:43+00:00,0,1,0.8,2,1,0.9997222222222222,0,0.1361111111111111,1.0,1.2246467991473532e-16,-1.0,0,0,0.1,26,1,0,0,0,0,1,1,0,0,0,0,0.06666666666666667,0,0,0,0,0,0.0,0,0,0.0,0
invictus_enriched.csv:904,bert-jan,2023-07-10 12:02:43+00:00,0,1,0.8,2,1,1.0,0,0.1361111111111111,1.0,1.2246467991473532e-16,-1.0,0,0,0.1,28,1,0,0,0,0,1,1,0,0,0,0,0.06666666666666667,0,0,0,0,0,0.0,0,0,0.0,0
invictus_enriched.csv:905,bert-jan,2023-07-10 12:02:44+00:00,0,1,0.8,2,1,0.9997222222222222,0,0.1363888888888889,1.0,1.2246467991473532e-16,-1.0,0,0,0.1,29,1,0,0,0,0,1,1,0,0,0,0,0.108,0,0,0,0,0,0.0,0,0,0.0,0
invictus_enriched.csv:906,bert-jan,2023-07-10 12:02:44+00:00,0,1,0.8,2,1,1.0,0,0.1363888888888889,1.0,1.2246467991473532e-16,-1.0,0,0,0.1,27,1,0,0,0,0,1,1,0,0,0,0,0.06666666666666667,0,0,0,0,1,0.0,0,0,0.0,0
invictus_enriched.csv:907,bert-jan,2023-07-10 12:02:45+00:00,0,1,0.8,2,1,0.9997222222222222,0,0.13666666666666666,1.0,1.2246467991473532e-16,-1.0,0,0,0.6,30,2,0,0,1,1,0,0,0,0,0,0,0.0026666666666666666,0,0,0,0,0,0.0,0,0,0.0,0
invictus_enriched.csv:908,bert-jan,2023-07-10 12:02:46+00:00,0,1,0.8,2,1,0.9997222222222222,0,0.13694444444444445,1.0,1.2246467991473532e-16,-1.0,0,0,0.6,30,2,0,0,1,1,0,0,0,0,0,0,0.0026666666666666666,0,0,0,0,0,0.0,0,0,0.0,0
invictus_enriched.csv:909,bert-jan,2023-07-10 12:02:49+00:00,0,1,0.8,2,1,0.9991666666666666,0,0.13777777777777778,1.0,1.2246467991473532e-16,-1.0,0,0,0.6,30,2,0,0,1,1,0,0,0,0,0,0,0.0026666666666666666,0,0,0,0,0,0.0,0,0,0.0,0
invictus_enriched.csv:910,bert-jan,2023-07-10 12:02:54+00:00,0,1,0.8,2,1,0.9986111111111111,0,0.13916666666666666,1.0,1.2246467991473532e-16,-1.0,0,0,0.6,30,2,0,0,0,0,0,0,0,0,0,0,0.20933333333333334,0,0,0,0,0,0.0,0,0,0.0,0
invictus_enriched.csv:911,bert-jan,2023-07-10 12:02:54+00:00,0,1,0.8,2,1,1.0,0,0.13916666666666666,1.0,1.2246467991473532e-16,-1.0,0,0,0.6,30,2,0,0,0,0,0,0,0,0,0,0,0.20933333333333334,0,0,0,0,0,0.0,0,0,0.0,0
invictus_enriched.csv:927,bert-jan,2023-07-10 12:03:04+00:00,0,1,0.8,2,1,0.9972222222222222,0,0.14194444444444446,1.0,1.2246467991473532e-16,-1.0,0,0,0.1,21,3,0,0,0,0,0,1,0,0,0,0,0.064,0,0,0,0,0,0.0,0,0,0.0,0
invictus_enriched.csv:928,bert-jan,2023-07-10 12:03:09+00:00,0,1,0.8,2,1,0.9986111111111111,0,0.14333333333333334,1.0,1.2246467991473532e-16,-1.0,0,0,0.1,23,1,0,0,0,0,1,1,0,0,0,0,0.0026666666666666666,0,0,0,0,0,0.0,0,0,0.0,0
invictus_enriched.csv:929,bert-jan,2023-07-10 12:03:10+00:00,0,1,0.8,2,1,0.9997222222222222,0,0.1436111111111111,1.0,1.2246467991473532e-16,-1.0,0,0,0.1,33,3,0,0,0,0,0,1,0,0,0,0,0.26266666666666666,0,0,0,0,0,0.0,0,0,0.0,0
invictus_enriched.csv:930,bert-jan,2023-07-10 12:03:10+00:00,0,1,0.8,2,1,1.0,0,0.1436111111111111,1.0,1.2246467991473532e-16,-1.0,0,0,0.1,32,3,0,0,0,0,0,1,0,0,0,0,0.2,0,0,0,0,0,0.0,0,0,0.0,0
invictus_enriched.csv:931,bert-jan,2023-07-10 12:03:11+00:00,0,1,0.8,2,1,0.9997222222222222,0,0.1438888888888889,1.0,1.2246467991473532e-16,-1.0,0,0,0.1,23,1,0,0,0,0,1,1,0,0,0,0,0.0026666666666666666,0,0,0,0,0,0.0,0,0,0.0,0
invictus_enriched.csv:932,bert-jan,2023-07-10 12:03:11+00:00,0,1,0.8,2,1,1.0,0,0.1438888888888889,1.0,1.2246467991473532e-16,-1.0,0,0,0.1,36,3,1,0,0,0,0,0,0,0,0,0,0.2853333333333333,0,0,0,0,0,0.0,0,0,0.0,0
invictus_enriched.csv:933,bert-jan,2023-07-10 12:03:11+00:00,0,1,0.8,2,1,1.0,0,0.1438888888888889,1.0,1.2246467991473532e-16,-1.0,0,0,0.1,34,3,1,0,0,0,0,0,0,0,0,0,0.36666666666666664,0,0,0,0,0,0.0,0,0,0.0,0
invictus_enriched.csv:934,bert-jan,2023-07-10 12:03:11+00:00,0,1,0.8,2,1,1.0,0,0.1438888888888889,1.0,1.2246467991473532e-16,-1.0,0,0,0.1,26,1,0,0,0,0,1,1,0,0,0,0,0.068,0,0,0,0,0,0.0,0,0,0.0,0
invictus_enriched.csv:935,bert-jan,2023-07-10 12:03:11+00:00,0,1,0.8,2,1,1.0,0,0.1438888888888889,1.0,1.2246467991473532e-16,-1.0,0,0,0.7,24,1,1,0,0,0,1,0,0,0,0,0,0.632,0,0,0,0,0,0.2,0,0,0.6,1
invictus_enriched.csv:936,bert-jan,2023-07-10 12:03:12+00:00,0,1,0.8,2,1,0.9997222222222222,0,0.14416666666666667,1.0,1.2246467991473532e-16,-1.0,0,0,0.1,37,3,0,0,0,0,0,1,0,0,0,0,0.10133333333333333,0,0,0,0,0,0.0,0,0,0.0,0
invictus_enriched.csv:937,bert-jan,2023-07-10 12:03:12+00:00,0,1,0.8,2,1,1.0,0,0.14416666666666667,1.0,1.2246467991473532e-16,-1.0,0,0,0.1,28,1,0,0,0,0,1,1,0,0,0,0,0.068,0,0,0,0,0,0.0,0,0,0.0,0
invictus_enriched.csv:938,bert-jan,2023-07-10 12:03:12+00:00,0,1,0.8,2,1,1.0,0,0.14416666666666667,1.0,1.2246467991473532e-16,-1.0,0,0,0.1,35,3,0,0,0,0,0,1,0,0,0,0,0.15733333333333333,0,0,0,0,0,0.0,0,0,0.0,0
invictus_enriched.csv:939,bert-jan,2023-07-10 12:03:12+00:00,0,1,0.8,2,1,1.0,0,0.14416666666666667,1.0,1.2246467991473532e-16,-1.0,0,0,0.1,37,3,0,0,0,0,0,1,0,0,0,0,0.10133333333333333,0,0,0,0,0,0.0,0,0,0.0,0
invictus_enriched.csv:940,bert-jan,2023-07-10 12:03:13+00:00,0,1,0.8,2,1,0.9997222222222222,0,0.14444444444444443,1.0,1.2246467991473532e-16,-1.0,0,0,0.1,27,1,0,0,0,0,1,1,0,0,0,0,0.068,0,0,0,0,1,0.0,0,0,0.0,0
invictus_enriched.csv:941,bert-jan,2023-07-10 12:03:13+00:00,0,1,0.8,2,1,1.0,0,0.14444444444444443,1.0,1.2246467991473532e-16,-1.0,0,0,0.1,27,1,0,0,0,0,1,1,0,0,0,0,0.068,0,0,0,0,1,0.0,0,0,0.0,0
invictus_enriched.csv:942,bert-jan,2023-07-10 12:03:13+00:00,0,1,0.8,2,1,1.0,0,0.14444444444444443,1.0,1.2246467991473532e-16,-1.0,0,0,0.1,38,3,0,0,0,0,0,1,0,0,0,0,0.1,0,0,0,0,0,0.0,0,0,0.0,0
invictus_enriched.csv:943,bert-jan,2023-07-10 12:03:13+00:00,0,1,0.8,2,1,1.0,0,0.14444444444444443,1.0,1.2246467991473532e-16,-1.0,0,0,0.1,40,1,1,0,0,0,1,0,0,0,0,0,0.17733333333333334,0,0,0,0,0,0.0,0,0,0.0,0
invictus_enriched.csv:944,bert-jan,2023-07-10 12:03:13+00:00,0,1,0.8,2,1,1.0,0,0.14444444444444443,1.0,1.2246467991473532e-16,-1.0,0,0,0.1,41,3,0,0,0,0,0,1,0,0,0,0,0.13733333333333334,0,0,0,0,0,0.0,0,0,0.0,0
invictus_enriched.csv:945,bert-jan,2023-07-10 12:03:13+00:00,0,1,0.8,2,1,1.0,0,0.14444444444444443,1.0,1.2246467991473532e-16,-1.0,0,0,0.1,46,1,0,0,0,0,1,1,0,0,0,0,0.088,0,0,0,0,0,0.0,0,0,0.0,0
invictus_enriched.csv:946,bert-jan,2023-07-10 12:03:13+00:00,0,1,0.8,2,1,1.0,0,0.14444444444444443,1.0,1.2246467991473532e-16,-1.0,0,0,0.1,42,1,1,0,0,0,1,0,0,0,0,0,0.16,0,0,0,0,1,0.0,0,0,0.0,1
invictus_enriched.csv:947,bert-jan,2023-07-10 12:03:13+00:00,0,1,0.8,2,1,1.0,0,0.14444444444444443,1.0,1.2246467991473532e-16,-1.0,0,0,0.1,39,3,0,0,0,0,0,1,0,0,0,0,0.04533333333333334,0,0,0,0,0,0.0,0,0,0.0,0
invictus_enriched.csv:948,bert-jan,2023-07-10 12:03:14+00:00,0,1,0.8,2,1,0.9997222222222222,0,0.14472222222222222,1.0,1.2246467991473532e-16,-1.0,0,0,0.1,39,3,0,0,0,0,0,1,0,0,0,0,0.04533333333333334,0,0,0,0,0,0.0,0,0,0.0,0
invictus_enriched.csv:949,bert-jan,2023-07-10 12:03:14+00:00,0,1,0.8,2,1,1.0,0,0.14472222222222222,1.0,1.2246467991473532e-16,-1.0,0,0,0.1,44,1,1,0,0,0,1,0,0,0,0,0,0.156,0,0,0,0,0,0.0,0,0,0.0,0
invictus_enriched.csv:950,bert-jan,2023-07-10 12:03:14+00:00,0,1,0.8,2,1,1.0,0,0.14472222222222222,1.0,1.2246467991473532e-16,-1.0,0,0,0.1,49,1,1,0,0,0,1,0,0,0,0,0,0.16,0,0,0,0,0,0.0,0,0,0.0,0
invictus_enriched.csv:951,bert-jan,2023-07-10 12:03:14+00:00,0,1,0.8,2,1,1.0,0,0.14472222222222222,1.0,1.2246467991473532e-16,-1.0,0,0,0.1,43,3,0,0,0,0,0,1,0,0,0,0,0.26,0,0,0,0,0,0.0,0,0,0.0,0
invictus_enriched.csv:952,bert-jan,2023-07-10 12:03:15+00:00,0,1,0.8,2,1,0.9997222222222222,0,0.145,1.0,1.2246467991473532e-16,-1.0,0,0,0.1,47,3,0,0,0,0,0,1,0,0,0,0,0.304,0,0,0,0,0,0.0,0,0,0.0,0
invictus_enriched.csv:953,bert-jan,2023-07-10 12:03:15+00:00,0,1,0.8,2,1,1.0,0,0.145,1.0,1.2246467991473532e-16,-1.0,0,0,0.1,45,3,0,0,0,0,0,1,0,0,0,0,0.272,0,0,0,0,0,0.0,0,0,0.0,0
invictus_enriched.csv:954,bert-jan,2023-07-10 12:03:16+00:00,0,1,0.8,2,1,0.9997222222222222,0,0.14527777777777778,1.0,1.2246467991473532e-16,-1.0,0,0,0.1,45,3,0,0,0,0,0,1,0,0,0,0,0.12266666666666666,0,0,0,0,0,0.0,0,0,0.0,0
invictus_enriched.csv:955,bert-jan,2023-07-10 12:03:16+00:00,0,1,0.8,2,1,1.0,0,0.14527777777777778,1.0,1.2246467991473532e-16,-1.0,0,0,0.1,53,3,0,0,0,0,0,1,0,0,0,0,0.11333333333333333,0,0,0,0,0,0.0,0,0,0.0,0
invictus_enriched.csv:956,bert-jan,2023-07-10 12:03:16+00:00,0,1,0.8,2,1,1.0,0,0.14527777777777778,1.0,1.2246467991473532e-16,-1.0,0,0,0.1,45,3,0,0,0,0,0,1,0,0,0,0,0.12266666666666666,0,0,0,0,0,0.0,0,0,0.0,0
invictus_enriched.csv:957,bert-jan,2023-07-10 12:03:16+00:00,0,1,0.8,2,1,1.0,0,0.14527777777777778,1.0,1.2246467991473532e-16,-1.0,0,0,0.1,53,3,0,0,0,0,0,1,0,0,0,0,0.11333333333333333,0,0,0,0,0,0.0,0,0,0.0,0
invictus_enriched.csv:958,bert-jan,2023-07-10 12:03:16+00:00,0,1,0.8,2,1,1.0,0,0.14527777777777778,1.0,1.2246467991473532e-16,-1.0,0,0,0.1,50,3,1,0,0,0,0,0,0,0,0,0,0.256,0,0,0,0,0,0.0,0,0,0.0,0
invictus_enriched.csv:959,bert-jan,2023-07-10 12:03:16+00:00,0,1,0.8,2,1,1.0,0,0.14527777777777778,1.0,1.2246467991473532e-16,-1.0,0,0,0.1,54,3,1,0,0,0,0,0,0,0,0,0,0.10666666666666667,0,0,0,0,1,0.0,0,0,0.0,0
invictus_enriched.csv:960,bert-jan,2023-07-10 12:03:16+00:00,0,1,0.8,2,1,1.0,0,0.14527777777777778,1.0,1.2246467991473532e-16,-1.0,0,0,0.1,48,3,1,0,0,0,0,0,0,0,0,0,0.304,0,0,0,0,0,0.0,0,0,0.0,0
invictus_enriched.csv:961,bert-jan,2023-07-10 12:03:16+00:00,0,1,0.8,2,1,1.0,0,0.14527777777777778,1.0,1.2246467991473532e-16,-1.0,0,0,0.1,48,3,1,0,0,0,0,0,0,0,0,0,0.32,0,0,0,0,0,0.0,0,0,0.0,0
invictus_enriched.csv:962,bert-jan,2023-07-10 12:03:16+00:00,0,1,0.8,2,1,1.0,0,0.14527777777777778,1.0,1.2246467991473532e-16,-1.0,0,0,0.1,51,3,1,0,0,0,0,0,0,0,0,0,0.3973333333333333,0,0,0,0,0,0.0,0,0,0.0,0
invictus_enriched.csv:963,bert-jan,2023-07-10 12:03:16+00:00,0,1,0.8,2,1,1.0,0,0.14527777777777778,1.0,1.2246467991473532e-16,-1.0,0,0,0.1,51,3,1,0,0,0,0,0,0,0,0,0,0.396,0,0,0,0,0,0.0,0,0,0.0,0
invictus_enriched.csv:964,bert-jan,2023-07-10 12:03:17+00:00,0,1,0.8,2,1,0.9997222222222222,0,0.14555555555555555,1.0,1.2246467991473532e-16,-1.0,0,0,0.1,53,3,0,0,0,0,0,1,0,0,0,0,0.11333333333333333,0,0,0,0,0,0.0,0,0,0.0,0
invictus_enriched.csv:965,bert-jan,2023-07-10 12:03:17+00:00,0,1,0.8,2,1,1.0,0,0.14555555555555555,1.0,1.2246467991473532e-16,-1.0,0,0,0.1,53,3,0,0,0,0,0,1,0,0,0,0,0.11333333333333333,0,0,0,0,0,0.0,0,0,0.0,0
invictus_enriched.csv:966,bert-jan,2023-07-10 12:03:17+00:00,0,1,0.8,2,1,1.0,0,0.14555555555555555,1.0,1.2246467991473532e-16,-1.0,0,0,0.1,55,3,1,0,0,0,0,0,0,0,0,0,0.108,0,0,0,0,0,0.0,0,0,0.0,0
invictus_enriched.csv:967,bert-jan,2023-07-10 12:03:17+00:00,0,1,0.8,2,1,1.0,0,0.14555555555555555,1.0,1.2246467991473532e-16,-1.0,0,0,0.1,45,3,0,0,0,0,0,1,0,0,0,0,0.12266666666666666,0,0,0,0,0,0.0,0,0,0.0,0
invictus_enriched.csv:968,bert-jan,2023-07-10 12:03:17+00:00,0,1,0.8,2,1,1.0,0,0.14555555555555555,1.0,1.2246467991473532e-16,-1.0,0,0,0.1,55,3,1,0,0,0,0,0,0,0,0,0,0.108,0,0,0,0,0,0.0,0,0,0.0,0
invictus_enriched.csv:969,bert-jan,2023-07-10 12:03:17+00:00,0,1,0.8,2,1,1.0,0,0.14555555555555555,1.0,1.2246467991473532e-16,-1.0,0,0,0.1,52,3,0,0,0,0,0,1,0,0,0,0,0.136,0,0,0,0,0,0.0,0,0,0.0,0
invictus_enriched.csv:970,bert-jan,2023-07-10 12:03:17+00:00,0,1,0.8,2,1,1.0,0,0.14555555555555555,1.0,1.2246467991473532e-16,-1.0,0,0,0.1,45,3,0,0,0,0,0,1,0,0,0,0,0.12266666666666666,0,0,0,0,0,0.0,0,0,0.0,0
invictus_enriched.csv:971,bert-jan,2023-07-10 12:03:17+00:00,0,1,0.8,2,1,1.0,0,0.14555555555555555,1.0,1.2246467991473532e-16,-1.0,0,0,0.1,52,3,0,0,0,0,0,1,0,0,0,0,0.136,0,0,0,0,0,0.0,0,0,0.0,0
invictus_enriched.csv:972,bert-jan,2023-07-10 12:03:18+00:00,0,1,0.8,2,1,0.9997222222222222,0,0.14583333333333334,1.0,1.2246467991473532e-16,-1.0,0,0,0.1,45,3,0,0,0,0,0,1,0,0,0,0,0.22266666666666668,0,0,0,0,0,0.0,0,0,0.0,0
invictus_enriched.csv:973,bert-jan,2023-07-10 12:03:18+00:00,0,1,0.8,2,1,1.0,0,0.14583333333333334,1.0,1.2246467991473532e-16,-1.0,0,0,0.1,59,3,0,0,0,0,0,1,0,0,0,0,0.128,0,0,0,0,0,0.0,0,0,0.0,0
invictus_enriched.csv:974,bert-jan,2023-07-10 12:03:18+00:00,0,1,0.8,2,1,1.0,0,0.14583333333333334,1.0,1.2246467991473532e-16,-1.0,0,0,0.1,56,3,1,0,0,0,0,0,0,0,0,0,0.44,0,0,0,0,0,0.0,0,0,0.0,0
invictus_enriched.csv:975,bert-jan,2023-07-10 12:03:18+00:00,0,1,0.8,2,1,1.0,0,0.14583333333333334,1.0,1.2246467991473532e-16,-1.0,0,0,0.1,45,3,0,0,0,0,0,1,0,0,0,0,0.22266666666666668,0,0,0,0,0,0.0,0,0,0.0,0
invictus_enriched.csv:976,bert-jan,2023-07-10 12:03:18+00:00,0,1,0.8,2,1,1.0,0,0.14583333333333334,1.0,1.2246467991473532e-16,-1.0,0,0,0.1,60,3,0,0,0,0,0,1,0,0,0,0,0.13866666666666666,0,0,0,0,0,0.0,0,0,0.0,0
invictus_enriched.csv:977,bert-jan,2023-07-10 12:03:18+00:00,0,1,0.8,2,1,1.0,0,0.14583333333333334,1.0,1.2246467991473532e-16,-1.0,0,0,0.1,58,3,1,0,0,0,0,0,0,0,0,0,0.544,0,0,0,0,0,0.0,0,0,0.0,0
invictus_enriched.csv:978,bert-jan,2023-07-10 12:03:18+00:00,0,1,0.8,2,1,1.0,0,0.14583333333333334,1.0,1.2246467991473532e-16,-1.0,0,0,0.1,45,3,0,0,0,0,0,1,0,0,0,0,0.22266666666666668,0,0,0,0,0,0.0,0,0,0.0,0
invictus_enriched.csv:979,bert-jan,2023-07-10 12:03:18+00:00,0,1,0.8,2,1,1.0,0,0.14583333333333334,1.0,1.2246467991473532e-16,-1.0,0,0,0.1,45,3,0,0,0,0,0,1,0,0,0,0,0.12266666666666666,0,0,0,0,0,0.0,0,0,0.0,0
invictus_enriched.csv:980,bert-jan,2023-07-10 12:03:18+00:00,0,1,0.8,2,1,1.0,0,0.14583333333333334,1.0,1.2246467991473532e-16,-1.0,0,0,0.1,57,3,1,0,0,0,0,0,0,0,0,0,0.15466666666666667,0,0,0,0,0,0.0,0,0,0.0,0
invictus_enriched.csv:981,bert-jan,2023-07-10 12:03:18+00:00,0,1,0.8,2,1,1.0,0,0.14583333333333334,1.0,1.2246467991473532e-16,-1.0,0,0,0.1,45,3,0,0,0,0,0,1,0,0,0,0,0.22266666666666668,0,0,0,0,0,0.0,0,0,0.0,0
invictus_enriched.csv:982,bert-jan,2023-07-10 12:03:19+00:00,0,1,0.8,2,1,0.9997222222222222,0,0.1461111111111111,1.0,1.2246467991473532e-16,-1.0,0,0,0.1,60,3,0,0,0,0,0,1,0,0,0,0,0.13866666666666666,0,0,0,0,0,0.0,0,0,0.0,0
invictus_enriched.csv:983,bert-jan,2023-07-10 12:03:19+00:00,0,1,0.8,2,1,1.0,0,0.1461111111111111,1.0,1.2246467991473532e-16,-1.0,0,0,0.1,45,3,0,0,0,0,0,1,0,0,0,0,0.12266666666666666,0,0,0,0,0,0.0,0,0,0.0,0
invictus_enriched.csv:984,bert-jan,2023-07-10 12:03:19+00:00,0,1,0.8,2,1,1.0,0,0.1461111111111111,1.0,1.2246467991473532e-16,-1.0,0,0,0.1,45,3,0,0,0,0,0,1,0,0,0,0,0.12266666666666666,0,0,0,0,0,0.0,0,0,0.0,0
invictus_enriched.csv:985,bert-jan,2023-07-10 12:03:19+00:00,0,1,0.8,2,1,1.0,0,0.1461111111111111,1.0,1.2246467991473532e-16,-1.0,0,0,0.1,59,3,0,0,0,0,0,1,0,0,0,0,0.128,0,0,0,0,0,0.0,0,0,0.0,0
invictus_enriched.csv:986,bert-jan,2023-07-10 12:03:20+00:00,0,1,0.8,2,1,0.9997222222222222,0,0.1463888888888889,1.0,1.2246467991473532e-16,-1.0,0,0,0.1,61,3,1,0,1,0,0,0,0,0,0,0,0.9933333333333333,0,0,0,0,0,0.0,0,0,0.0,0
invictus_enriched.csv:987,bert-jan,2023-07-10 12:03:20+00:00,0,1,0.8,2,1,1.0,0,0.1463888888888889,1.0,1.2246467991473532e-16,-1.0,0,0,0.1,59,3,0,0,0,0,0,1,0,0,0,0,0.128,0,0,0,0,0,0.0,0,0,0.0,0
invictus_enriched.csv:988,bert-jan,2023-07-10 12:03:21+00:00,0,1,0.8,2,1,0.9997222222222222,0,0.14666666666666667,1.0,1.2246467991473532e-16,-1.0,0,0,0.1,59,3,0,0,0,0,0,1,0,0,0,0,0.128,0,0,0,0,0,0.0,0,0,0.0,0
invictus_enriched.csv:989,bert-jan,2023-07-10 12:03:21+00:00,0,1,0.8,2,1,1.0,0,0.14666666666666667,1.0,1.2246467991473532e-16,-1.0,0,0,0.1,61,3,1,0,1,0,0,0,0,0,0,0,0.9933333333333333,0,0,0,0,0,0.0,0,0,0.0,0
invictus_enriched.csv:990,bert-jan,2023-07-10 12:03:23+00:00,0,1,0.8,2,1,0.9994444444444445,0,0.14722222222222223,1.0,1.2246467991473532e-16,-1.0,0,0,0.1,59,3,0,0,0,0,0,1,0,0,0,0,0.128,0,0,0,0,0,0.0,0,0,0.0,0
invictus_enriched.csv:991,bert-jan,2023-07-10 12:03:24+00:00,0,1,0.8,2,1,0.9997222222222222,0,0.1475,1.0,1.2246467991473532e-16,-1.0,0,0,0.1,61,3,1,0,0,0,0,0,0,0,0,0,0.9933333333333333,0,0,0,0,0,0.0,0,0,0.0,0
invictus_enriched.csv:995,bert-jan,2023-07-10 12:03:26+00:00,0,1,0.8,2,1,0.9994444444444445,0,0.14805555555555555,1.0,1.2246467991473532e-16,-1.0,0,0,0.1,59,3,0,0,0,0,0,1,0,0,0,0,0.128,0,0,0,0,0,0.0,0,0,0.0,0
invictus_enriched.csv:996,bert-jan,2023-07-10 12:03:33+00:00,0,1,0.8,2,1,0.9980555555555556,0,0.15,1.0,1.2246467991473532e-16,-1.0,0,0,0.1,59,3,0,0,0,0,0,1,0,0,0,0,0.128,0,0,0,0,0,0.0,0,0,0.0,0
invictus_enriched.csv:997,bert-jan,2023-07-10 12:03:34+00:00,0,1,0.8,2,1,0.9997222222222222,0,0.1502777777777778,1.0,1.2246467991473532e-16,-1.0,0,0,0.2,63,3,0,0,0,0,0,1,0,0,0,0,0.11333333333333333,0,0,0,0,0,0.0,0,0,0.0,0
invictus_enriched.csv:998,bert-jan,2023-07-10 12:03:35+00:00,0,1,0.8,2,1,0.9997222222222222,0,0.15055555555555555,1.0,1.2246467991473532e-16,-1.0,0,0,0.1,64,3,0,0,0,0,0,1,0,0,0,0,0.25466666666666665,0,0,0,0,0,0.0,0,0,0.0,0
invictus_enriched.csv:999,bert-jan,2023-07-10 12:03:35+00:00,0,1,0.8,2,1,1.0,0,0.15055555555555555,1.0,1.2246467991473532e-16,-1.0,0,0,0.2,63,3,0,0,0,0,0,1,0,0,0,0,0.11333333333333333,0,0,0,0,0,0.0,0,0,0.0,0
invictus_enriched.csv:1000,bert-jan,2023-07-10 12:03:36+00:00,0,1,0.8,2,1,0.9997222222222222,0,0.15083333333333335,1.0,1.2246467991473532e-16,-1.0,0,0,0.1,65,3,0,0,0,0,0,1,0,0,0,0,0.116,0,0,0,0,0,0.0,0,0,0.0,0
invictus_enriched.csv:1001,bert-jan,2023-07-10 12:03:36+00:00,0,1,0.8,2,1,1.0,0,0.15083333333333335,1.0,1.2246467991473532e-16,-1.0,0,0,0.1,37,3,0,0,0,0,0,1,0,0,0,0,0.10133333333333333,0,0,0,0,0,0.0,0,0,0.0,0
invictus_enriched.csv:1002,bert-jan,2023-07-10 12:03:37+00:00,0,1,0.8,2,1,0.9997222222222222,0,0.1511111111111111,1.0,1.2246467991473532e-16,-1.0,0,0,0.1,66,3,0,0,0,0,0,1,0,0,0,0,0.10933333333333334,0,0,0,0,0,0.0,0,0,0.0,0
invictus_enriched.csv:1003,bert-jan,2023-07-10 12:03:37+00:00,0,1,0.8,2,1,1.0,0,0.1511111111111111,1.0,1.2246467991473532e-16,-1.0,0,0,0.1,65,3,0,0,0,0,0,1,0,0,0,0,0.1,0,0,0,0,0,0.0,0,0,0.0,0
invictus_enriched.csv:1004,bert-jan,2023-07-10 12:03:38+00:00,0,1,0.8,2,1,0.9997222222222222,0,0.15138888888888888,1.0,1.2246467991473532e-16,-1.0,0,0,0.1,67,3,0,0,0,0,0,1,0,0,0,0,0.14533333333333334,0,0,0,0,0,0.0,0,0,0.0,0
invictus_enriched.csv:1005,bert-jan,2023-07-10 12:03:38+00:00,0,1,0.8,2,1,1.0,0,0.15138888888888888,1.0,1.2246467991473532e-16,-1.0,0,0,0.1,65,3,0,0,0,0,0,1,0,0,0,0,0.08266666666666667,0,0,0,0,0,0.0,0,0,0.0,0
invictus_enriched.csv:1006,bert-jan,2023-07-10 12:03:44+00:00,0,1,0.8,2,1,0.9983333333333333,0,0.15305555555555556,1.0,1.2246467991473532e-16,-1.0,0,0,0.1,59,3,0,0,0,0,0,1,0,0,0,0,0.128,0,0,0,0,0,0.0,0,0,0.0,0
invictus_enriched.csv:1007,bert-jan,2023-07-10 12:03:54+00:00,0,1,0.8,2,1,0.9972222222222222,0,0.15583333333333332,1.0,1.2246467991473532e-16,-1.0,0,0,0.1,59,3,0,0,0,0,0,1,0,0,0,0,0.128,0,0,0,0,0,0.0,0,0,0.0,0
invictus_enriched.csv:1008,bert-jan,2023-07-10 12:04:05+00:00,0,1,0.8,2,1,0.9969444444444444,0,0.15888888888888889,1.0,1.2246467991473532e-16,-1.0,0,0,0.1,59,3,0,0,0,0,0,1,0,0,0,0,0.128,0,0,0,0,0,0.0,0,0,0.0,0
invictus_enriched.csv:1012,bert-jan,2023-07-10 12:04:15+00:00,0,1,0.8,2,1,0.9972222222222222,0,0.16166666666666665,1.0,1.2246467991473532e-16,-1.0,0,0,0.1,59,3,0,0,0,0,0,1,0,0,0,0,0.128,0,0,0,0,0,0.0,0,0,0.0,0
invictus_enriched.csv:1013,bert-jan,2023-07-10 12:04:26+00:00,0,1,0.8,2,1,0.9969444444444444,0,0.16472222222222221,1.0,1.2246467991473532e-16,-1.0,0,0,0.1,59,3,0,0,0,0,0,1,0,0,0,0,0.128,0,0,0,0,0,0.0,0,0,0.0,0
invictus_enriched.csv:1014,bert-jan,2023-07-10 12:04:36+00:00,0,1,0.8,2,1,0.9972222222222222,0,0.1675,1.0,1.2246467991473532e-16,-1.0,0,0,0.1,59,3,0,0,0,0,0,1,0,0,0,0,0.128,0,0,0,0,0,0.0,0,0,0.0,0
invictus_enriched.csv:1015,bert-jan,2023-07-10 12:04:47+00:00,0,1,0.8,2,1,0.9969444444444444,0,0.17055555555555554,1.0,1.2246467991473532e-16,-1.0,0,0,0.1,59,3,0,0,0,0,0,1,0,0,0,0,0.128,0,0,0,0,0,0.0,0,0,0.0,0
invictus_enriched.csv:1016,bert-jan,2023-07-10 12:04:57+00:00,0,1,0.8,2,1,0.9972222222222222,0,0.17333333333333334,1.0,1.2246467991473532e-16,-1.0,0,0,0.1,59,3,0,0,0,0,0,1,0,0,0,0,0.128,0,0,0,0,0,0.0,0,0,0.0,0
invictus_enriched.csv:1017,bert-jan,2023-07-10 12:05:08+00:00,0,1,0.8,2,1,0.9969444444444444,0,0.1763888888888889,1.0,1.2246467991473532e-16,-1.0,0,0,0.1,59,3,0,0,0,0,0,1,0,0,0,0,0.128,0,0,0,0,0,0.0,0,0,0.0,0
invictus_enriched.csv:1018,bert-jan,2023-07-10 12:05:08+00:00,0,1,0.8,2,1,1.0,0,0.1763888888888889,1.0,1.2246467991473532e-16,-1.0,0,0,0.1,59,3,0,0,0,0,0,1,0,0,0,0,0.128,0,0,0,0,0,0.0,0,0,0.0,0
invictus_enriched.csv:1019,bert-jan,2023-07-10 12:05:09+00:00,0,1,0.8,2,1,0.9997222222222222,0,0.17666666666666667,1.0,1.2246467991473532e-16,-1.0,0,0,0.1,57,3,1,0,0,0,0,0,0,0,0,0,0.15866666666666668,0,0,0,0,0,0.0,0,0,0.0,0
invictus_enriched.csv:1020,bert-jan,2023-07-10 12:05:10+00:00,0,1,0.8,2,1,0.9997222222222222,0,0.17694444444444443,1.0,1.2246467991473532e-16,-1.0,0,0,0.1,45,3,0,0,0,0,0,1,0,0,0,0,0.12266666666666666,0,0,0,0,0,0.0,0,0,0.0,0
invictus_enriched.csv:1021,bert-jan,2023-07-10 12:05:10+00:00,0,1,0.8,2,1,1.0,0,0.17694444444444443,1.0,1.2246467991473532e-16,-1.0,0,0,0.1,45,3,0,0,0,0,0,1,0,0,0,0,0.12266666666666666,0,0,0,0,0,0.0,0,0,0.0,0
invictus_enriched.csv:1022,bert-jan,2023-07-10 12:05:11+00:00,0,1,0.8,2,1,0.9997222222222222,0,0.17722222222222223,1.0,1.2246467991473532e-16,-1.0,0,0,0.1,45,3,0,0,0,0,0,1,0,0,0,0,0.12266666666666666,0,0,0,0,0,0.0,0,0,0.0,0
invictus_enriched.csv:1023,bert-jan,2023-07-10 12:05:12+00:00,0,1,0.8,2,1,0.9997222222222222,0,0.1775,1.0,1.2246467991473532e-16,-1.0,0,0,0.8,69,6,1,0,1,0,0,0,0,0,0,0,0.19733333333333333,0,0,0,0,0,0.0,0,0,0.0,0
invictus_enriched.csv:1031,bert-jan,2023-07-10 12:06:23+00:00,0,1,0.8,2,1,0.9802777777777778,0,0.19722222222222222,1.0,1.2246467991473532e-16,-1.0,0,0,0.1,21,3,0,0,0,0,0,1,0,0,0,0,0.064,0,0,0,0,0,0.0,0,0,0.0,0
invictus_enriched.csv:1032,bert-jan,2023-07-10 12:06:30+00:00,0,1,0.8,2,1,0.9980555555555556,0,0.19916666666666666,1.0,1.2246467991473532e-16,-1.0,0,0,0.2,22,2,0,0,0,0,0,1,0,1,0,0,0.0026666666666666666,0,0,0,0,0,0.0,0,0,0.0,0
invictus_enriched.csv:1033,bert-jan,2023-07-10 12:06:30+00:00,0,1,0.8,2,1,1.0,0,0.19916666666666666,1.0,1.2246467991473532e-16,-1.0,0,0,0.1,23,1,0,0,0,0,1,1,0,0,0,0,0.0026666666666666666,0,0,0,0,0,0.0,0,0,0.0,0
invictus_enriched.csv:1034,bert-jan,2023-07-10 12:06:31+00:00,0,1,0.8,2,1,0.9997222222222222,0,0.19944444444444445,1.0,1.2246467991473532e-16,-1.0,0,0,0.1,32,3,0,0,0,0,0,1,0,0,0,0,0.2,0,0,0,0,0,0.0,0,0,0.0,0
invictus_enriched.csv:1035,bert-jan,2023-07-10 12:06:31+00:00,0,1,0.8,2,1,1.0,0,0.19944444444444445,1.0,1.2246467991473532e-16,-1.0,0,0,0.1,33,3,0,0,0,0,0,1,0,0,0,0,0.3,0,0,0,0,0,0.0,0,0,0.0,0
invictus_enriched.csv:1036,bert-jan,2023-07-10 12:06:32+00:00,0,1,0.8,2,1,0.9997222222222222,0,0.19972222222222222,1.0,1.2246467991473532e-16,-1.0,0,0,0.1,27,1,0,0,0,0,1,1,0,0,0,0,0.07333333333333333,0,0,0,0,1,0.0,0,0,0.0,0
invictus_enriched.csv:1037,bert-jan,2023-07-10 12:06:32+00:00,0,1,0.8,2,1,1.0,1,0.19972222222222222,1.0,1.2246467991473532e-16,-1.0,0,0,0.1,121,1,0,0,0,0,1,1,0,0,0,0,0.12133333333333333,0,0,0,0,0,0.0,0,0,0.0,0
invictus_enriched.csv:1038,bert-jan,2023-07-10 12:06:32+00:00,0,1,0.8,2,1,1.0,0,0.19972222222222222,1.0,1.2246467991473532e-16,-1.0,0,0,0.7,24,1,1,0,0,0,1,0,0,0,0,0,0.5013333333333333,0,0,0,0,0,0.2,0,0,0.6,1
invictus_enriched.csv:1039,bert-jan,2023-07-10 12:06:32+00:00,0,1,0.8,2,1,1.0,1,0.19972222222222222,1.0,1.2246467991473532e-16,-1.0,0,0,0.1,122,1,0,0,0,0,1,1,0,0,0,0,0.14666666666666667,0,0,0,0,0,0.0,0,0,0.0,0
invictus_enriched.csv:1040,bert-jan,2023-07-10 12:06:32+00:00,0,1,0.8,2,1,1.0,0,0.19972222222222222,1.0,1.2246467991473532e-16,-1.0,0,0,0.1,34,3,1,0,0,0,0,0,0,0,0,0,0.35733333333333334,0,0,0,0,0,0.0,0,0,0.0,0
invictus_enriched.csv:1041,bert-jan,2023-07-10 12:06:32+00:00,0,1,0.8,2,1,1.0,1,0.19972222222222222,1.0,1.2246467991473532e-16,-1.0,0,0,0.1,123,1,1,0,0,0,1,0,0,0,0,0,0.3893333333333333,0,0,0,0,0,0.2,0,1,0.0,0
invictus_enriched.csv:1042,bert-jan,2023-07-10 12:06:32+00:00,0,1,0.8,2,1,1.0,0,0.19972222222222222,1.0,1.2246467991473532e-16,-1.0,0,0,0.1,23,1,0,0,0,0,1,1,0,0,0,0,0.0026666666666666666,0,0,0,0,0,0.0,0,0,0.0,0
invictus_enriched.csv:1043,bert-jan,2023-07-10 12:06:32+00:00,0,1,0.8,2,1,1.0,0,0.19972222222222222,1.0,1.2246467991473532e-16,-1.0,0,0,0.1,28,1,0,0,0,0,1,1,0,0,0,0,0.07333333333333333,0,0,0,0,0,0.0,0,0,0.0,0
invictus_enriched.csv:1044,bert-jan,2023-07-10 12:06:32+00:00,0,1,0.8,2,1,1.0,0,0.19972222222222222,1.0,1.2246467991473532e-16,-1.0,0,0,0.1,26,1,0,0,0,0,1,1,0,0,0,0,0.07333333333333333,0,0,0,0,0,0.0,0,0,0.0,0
invictus_enriched.csv:1045,bert-jan,2023-07-10 12:06:33+00:00,0,1,0.8,2,1,0.9997222222222222,0,0.2,1.0,1.2246467991473532e-16,-1.0,0,0,0.1,37,3,0,0,0,0,0,1,0,0,0,0,0.10133333333333333,0,0,0,0,0,0.0,0,0,0.0,0
invictus_enriched.csv:1046,bert-jan,2023-07-10 12:06:33+00:00,0,1,0.8,2,1,1.0,0,0.2,1.0,1.2246467991473532e-16,-1.0,0,0,0.1,37,3,0,0,0,0,0,1,0,0,0,0,0.10133333333333333,0,0,0,0,0,0.0,0,0,0.0,0
invictus_enriched.csv:1047,bert-jan,2023-07-10 12:06:33+00:00,0,1,0.8,2,1,1.0,0,0.2,1.0,1.2246467991473532e-16,-1.0,0,0,0.1,39,3,0,0,0,0,0,1,0,0,0,0,0.04533333333333334,0,0,0,0,0,0.0,0,0,0.0,0
invictus_enriched.csv:1048,bert-jan,2023-07-10 12:06:33+00:00,0,1,0.8,2,1,1.0,0,0.2,1.0,1.2246467991473532e-16,-1.0,0,0,0.1,121,1,0,0,0,0,1,1,0,0,0,0,0.12133333333333333,0,0,0,0,0,0.0,0,0,0.0,0
invictus_enriched.csv:1049,bert-jan,2023-07-10 12:06:33+00:00,0,1,0.8,2,1,1.0,1,0.2,1.0,1.2246467991473532e-16,-1.0,0,0,0.1,124,1,0,0,0,0,1,1,0,0,0,0,0.12133333333333333,0,0,0,0,0,0.0,0,0,0.0,0
invictus_enriched.csv:1050,bert-jan,2023-07-10 12:06:33+00:00,0,1,0.8,2,1,1.0,0,0.2,1.0,1.2246467991473532e-16,-1.0,0,0,0.1,42,1,1,0,0,0,1,0,0,0,0,0,0.19466666666666665,0,0,0,0,1,0.0,0,0,0.0,1
invictus_enriched.csv:1051,bert-jan,2023-07-10 12:06:33+00:00,0,1,0.8,2,1,1.0,0,0.2,1.0,1.2246467991473532e-16,-1.0,0,0,0.1,39,3,0,0,0,0,0,1,0,0,0,0,0.04533333333333334,0,0,0,0,0,0.0,0,0,0.0,0
invictus_enriched.csv:1052,bert-jan,2023-07-10 12:06:33+00:00,0,1,0.8,2,1,1.0,0,0.2,1.0,1.2246467991473532e-16,-1.0,0,0,0.1,39,3,0,0,0,0,0,1,0,0,0,0,0.04533333333333334,0,0,0,0,0,0.0,0,0,0.0,0
invictus_enriched.csv:1053,bert-jan,2023-07-10 12:06:33+00:00,0,1,0.8,2,1,1.0,0,0.2,1.0,1.2246467991473532e-16,-1.0,0,0,0.1,41,3,0,0,0,0,0,1,0,0,0,0,0.13733333333333334,0,0,0,0,0,0.0,0,0,0.0,0
invictus_enriched.csv:1054,bert-jan,2023-07-10 12:06:33+00:00,0,1,0.8,2,1,1.0,0,0.2,1.0,1.2246467991473532e-16,-1.0,0,0,0.1,38,3,0,0,0,0,0,1,0,0,0,0,0.1,0,0,0,0,0,0.0,0,0,0.0,0
invictus_enriched.csv:1055,bert-jan,2023-07-10 12:06:34+00:00,0,1,0.8,2,1,0.9997222222222222,0,0.20027777777777778,1.0,1.2246467991473532e-16,-1.0,0,0,0.1,48,3,1,0,0,0,0,0,0,0,0,0,0.2946666666666667,0,0,0,0,0,0.0,0,0,0.0,0
invictus_enriched.csv:1056,bert-jan,2023-07-10 12:06:34+00:00,0,1,0.8,2,1,1.0,0,0.20027777777777778,1.0,1.2246467991473532e-16,-1.0,0,0,0.1,48,3,1,0,0,0,0,0,0,0,0,0,0.31066666666666665,0,0,0,0,0,0.0,0,0,0.0,0
invictus_enriched.csv:1057,bert-jan,2023-07-10 12:06:34+00:00,0,1,0.8,2,1,1.0,0,0.20027777777777778,1.0,1.2246467991473532e-16,-1.0,0,0,0.1,54,3,1,0,0,0,0,0,0,0,0,0,0.10666666666666667,0,0,0,0,1,0.0,0,0,0.0,0
invictus_enriched.csv:1058,bert-jan,2023-07-10 12:06:34+00:00,0,1,0.8,2,1,1.0,0,0.20027777777777778,1.0,1.2246467991473532e-16,-1.0,0,0,0.1,43,3,0,0,0,0,0,1,0,0,0,0,0.26,0,0,0,0,0,0.0,0,0,0.0,0
invictus_enriched.csv:1059,bert-jan,2023-07-10 12:06:34+00:00,0,1,0.8,2,1,1.0,0,0.20027777777777778,1.0,1.2246467991473532e-16,-1.0,0,0,0.1,45,3,0,0,0,0,0,1,0,0,0,0,0.272,0,0,0,0,0,0.0,0,0,0.0,0
invictus_enriched.csv:1060,bert-jan,2023-07-10 12:06:34+00:00,0,1,0.8,2,1,1.0,0,0.20027777777777778,1.0,1.2246467991473532e-16,-1.0,0,0,0.1,47,3,0,0,0,0,0,1,0,0,0,0,0.304,0,0,0,0,0,0.0,0,0,0.0,0
invictus_enriched.csv:1061,bert-jan,2023-07-10 12:06:34+00:00,0,1,0.8,2,1,1.0,0,0.20027777777777778,1.0,1.2246467991473532e-16,-1.0,0,0,0.1,50,3,1,0,0,0,0,0,0,0,0,0,0.24666666666666667,0,0,0,0,0,0.0,0,0,0.0,0
invictus_enriched.csv:1062,bert-jan,2023-07-10 12:06:34+00:00,0,1,0.8,2,1,1.0,0,0.20027777777777778,1.0,1.2246467991473532e-16,-1.0,0,0,0.1,51,3,1,0,0,0,0,0,0,0,0,0,0.38666666666666666,0,0,0,0,0,0.0,0,0,0.0,0
invictus_enriched.csv:1063,bert-jan,2023-07-10 12:06:35+00:00,0,1,0.8,2,1,0.9997222222222222,0,0.20055555555555554,1.0,1.2246467991473532e-16,-1.0,0,0,0.1,52,3,0,0,0,0,0,1,0,0,0,0,0.136,0,0,0,0,0,0.0,0,0,0.0,0
invictus_enriched.csv:1064,bert-jan,2023-07-10 12:06:35+00:00,0,1,0.8,2,1,1.0,0,0.20055555555555554,1.0,1.2246467991473532e-16,-1.0,0,0,0.1,55,3,1,0,0,0,0,0,0,0,0,0,0.108,0,0,0,0,0,0.0,0,0,0.0,0
invictus_enriched.csv:1065,bert-jan,2023-07-10 12:06:35+00:00,0,1,0.8,2,1,1.0,0,0.20055555555555554,1.0,1.2246467991473532e-16,-1.0,0,0,0.1,45,3,0,0,0,0,0,1,0,0,0,0,0.22266666666666668,0,0,0,0,0,0.0,0,0,0.0,0
invictus_enriched.csv:1066,bert-jan,2023-07-10 12:06:35+00:00,0,1,0.8,2,1,1.0,0,0.20055555555555554,1.0,1.2246467991473532e-16,-1.0,0,0,0.1,53,3,0,0,0,0,0,1,0,0,0,0,0.11333333333333333,0,0,0,0,0,0.0,0,0,0.0,0
invictus_enriched.csv:1067,bert-jan,2023-07-10 12:06:35+00:00,0,1,0.8,2,1,1.0,0,0.20055555555555554,1.0,1.2246467991473532e-16,-1.0,0,0,0.1,53,3,0,0,0,0,0,1,0,0,0,0,0.11333333333333333,0,0,0,0,0,0.0,0,0,0.0,0
invictus_enriched.csv:1068,bert-jan,2023-07-10 12:06:35+00:00,0,1,0.8,2,1,1.0,0,0.20055555555555554,1.0,1.2246467991473532e-16,-1.0,0,0,0.1,51,3,1,0,0,0,0,0,0,0,0,0,0.388,0,0,0,0,0,0.0,0,0,0.0,0
invictus_enriched.csv:1069,bert-jan,2023-07-10 12:06:35+00:00,0,1,0.8,2,1,1.0,0,0.20055555555555554,1.0,1.2246467991473532e-16,-1.0,0,0,0.1,45,3,0,0,0,0,0,1,0,0,0,0,0.12266666666666666,0,0,0,0,0,0.0,0,0,0.0,0
invictus_enriched.csv:1070,bert-jan,2023-07-10 12:06:35+00:00,0,1,0.8,2,1,1.0,0,0.20055555555555554,1.0,1.2246467991473532e-16,-1.0,0,0,0.1,52,3,0,0,0,0,0,1,0,0,0,0,0.136,0,0,0,0,0,0.0,0,0,0.0,0
invictus_enriched.csv:1071,bert-jan,2023-07-10 12:06:35+00:00,0,1,0.8,2,1,1.0,0,0.20055555555555554,1.0,1.2246467991473532e-16,-1.0,0,0,0.1,45,3,0,0,0,0,0,1,0,0,0,0,0.12266666666666666,0,0,0,0,0,0.0,0,0,0.0,0
invictus_enriched.csv:1072,bert-jan,2023-07-10 12:06:35+00:00,0,1,0.8,2,1,1.0,0,0.20055555555555554,1.0,1.2246467991473532e-16,-1.0,0,0,0.1,45,3,0,0,0,0,0,1,0,0,0,0,0.12266666666666666,0,0,0,0,0,0.0,0,0,0.0,0
invictus_enriched.csv:1073,bert-jan,2023-07-10 12:06:35+00:00,0,1,0.8,2,1,1.0,0,0.20055555555555554,1.0,1.2246467991473532e-16,-1.0,0,0,0.1,45,3,0,0,0,0,0,1,0,0,0,0,0.12266666666666666,0,0,0,0,0,0.0,0,0,0.0,0
invictus_enriched.csv:1074,bert-jan,2023-07-10 12:06:35+00:00,0,1,0.8,2,1,1.0,0,0.20055555555555554,1.0,1.2246467991473532e-16,-1.0,0,0,0.1,45,3,0,0,0,0,0,1,0,0,0,0,0.12266666666666666,0,0,0,0,0,0.0,0,0,0.0,0
invictus_enriched.csv:1075,bert-jan,2023-07-10 12:06:35+00:00,0,1,0.8,2,1,1.0,0,0.20055555555555554,1.0,1.2246467991473532e-16,-1.0,0,0,0.1,45,3,0,0,0,0,0,1,0,0,0,0,0.12266666666666666,0,0,0,0,0,0.0,0,0,0.0,0
invictus_enriched.csv:1076,bert-jan,2023-07-10 12:06:35+00:00,0,1,0.8,2,1,1.0,0,0.20055555555555554,1.0,1.2246467991473532e-16,-1.0,0,0,0.1,55,3,1,0,0,0,0,0,0,0,0,0,0.108,0,0,0,0,0,0.0,0,0,0.0,0
invictus_enriched.csv:1077,bert-jan,2023-07-10 12:06:35+00:00,0,1,0.8,2,1,1.0,0,0.20055555555555554,1.0,1.2246467991473532e-16,-1.0,0,0,0.1,45,3,0,0,0,0,0,1,0,0,0,0,0.22266666666666668,0,0,0,0,0,0.0,0,0,0.0,0
invictus_enriched.csv:1078,bert-jan,2023-07-10 12:06:35+00:00,0,1,0.8,2,1,1.0,0,0.20055555555555554,1.0,1.2246467991473532e-16,-1.0,0,0,0.1,53,3,0,0,0,0,0,1,0,0,0,0,0.11333333333333333,0,0,0,0,0,0.0,0,0,0.0,0
invictus_enriched.csv:1079,bert-jan,2023-07-10 12:06:35+00:00,0,1,0.8,2,1,1.0,0,0.20055555555555554,1.0,1.2246467991473532e-16,-1.0,0,0,0.1,45,3,0,0,0,0,0,1,0,0,0,0,0.12266666666666666,0,0,0,0,0,0.0,0,0,0.0,0
invictus_enriched.csv:1080,bert-jan,2023-07-10 12:06:35+00:00,0,1,0.8,2,1,1.0,0,0.20055555555555554,1.0,1.2246467991473532e-16,-1.0,0,0,0.1,53,3,0,0,0,0,0,1,0,0,0,0,0.11333333333333333,0,0,0,0,0,0.0,0,0,0.0,0
invictus_enriched.csv:1081,bert-jan,2023-07-10 12:06:35+00:00,0,1,0.8,2,1,1.0,0,0.20055555555555554,1.0,1.2246467991473532e-16,-1.0,0,0,0.1,57,3,1,0,0,0,0,0,0,0,0,0,0.15466666666666667,0,0,0,0,0,0.0,0,0,0.0,0
invictus_enriched.csv:1082,bert-jan,2023-07-10 12:06:36+00:00,0,1,0.8,2,1,0.9997222222222222,0,0.20083333333333334,1.0,1.2246467991473532e-16,-1.0,0,0,0.1,45,3,0,0,0,0,0,1,0,0,0,0,0.12266666666666666,0,0,0,0,0,0.0,0,0,0.0,0
invictus_enriched.csv:1083,bert-jan,2023-07-10 12:06:36+00:00,0,1,0.8,2,1,1.0,0,0.20083333333333334,1.0,1.2246467991473532e-16,-1.0,0,0,0.1,45,3,0,0,0,0,0,1,0,0,0,0,0.22266666666666668,0,0,0,0,0,0.0,0,0,0.0,0
invictus_enriched.csv:1084,bert-jan,2023-07-10 12:06:36+00:00,0,1,0.8,2,1,1.0,0,0.20083333333333334,1.0,1.2246467991473532e-16,-1.0,0,0,0.1,45,3,0,0,0,0,0,1,0,0,0,0,0.12266666666666666,0,0,0,0,0,0.0,0,0,0.0,0
invictus_enriched.csv:1085,bert-jan,2023-07-10 12:06:36+00:00,0,1,0.8,2,1,1.0,0,0.20083333333333334,1.0,1.2246467991473532e-16,-1.0,0,0,0.1,45,3,0,0,0,0,0,1,0,0,0,0,0.22266666666666668,0,0,0,0,0,0.0,0,0,0.0,0
invictus_enriched.csv:1086,bert-jan,2023-07-10 12:06:37+00:00,0,1,0.8,2,1,0.9997222222222222,0,0.2011111111111111,1.0,1.2246467991473532e-16,-1.0,0,0,0.6,30,2,0,0,1,1,0,0,0,0,0,0,0.0026666666666666666,0,0,0,0,0,0.0,0,0,0.0,0
invictus_enriched.csv:1087,bert-jan,2023-07-10 12:06:38+00:00,0,1,0.8,2,1,0.9997222222222222,0,0.2013888888888889,1.0,1.2246467991473532e-16,-1.0,0,0,0.6,30,2,0,0,1,1,0,0,0,0,0,0,0.0026666666666666666,0,0,0,0,0,0.0,0,0,0.0,0
invictus_enriched.csv:1088,bert-jan,2023-07-10 12:06:41+00:00,0,1,0.8,2,1,0.9991666666666666,0,0.20222222222222222,1.0,1.2246467991473532e-16,-1.0,0,0,0.6,30,2,0,0,0,0,0,0,0,0,0,0,0.216,0,0,0,0,0,0.0,0,0,0.0,0
invictus_enriched.csv:1089,bert-jan,2023-07-10 12:06:41+00:00,0,1,0.8,2,1,1.0,0,0.20222222222222222,1.0,1.2246467991473532e-16,-1.0,0,0,0.6,30,2,0,0,0,0,0,0,0,0,0,0,0.216,0,0,0,0,0,0.0,0,0,0.0,0
invictus_enriched.csv:1094,bert-jan,2023-07-10 12:07:08+00:00,0,1,0.8,2,1,0.9925,0,0.20972222222222223,1.0,1.2246467991473532e-16,-1.0,0,0,0.1,21,3,0,0,0,0,0,1,0,0,0,0,0.064,0,0,0,0,0,0.0,0,0,0.0,0
invictus_enriched.csv:1097,bert-jan,2023-07-10 12:07:13+00:00,0,1,0.8,2,1,0.9986111111111111,0,0.2111111111111111,1.0,1.2246467991473532e-16,-1.0,0,0,0.1,33,3,0,0,0,0,0,1,0,0,0,0,0.26266666666666666,0,0,0,0,0,0.0,0,0,0.0,0
invictus_enriched.csv:1098,bert-jan,2023-07-10 12:07:13+00:00,0,1,0.8,2,1,1.0,0,0.2111111111111111,1.0,1.2246467991473532e-16,-1.0,0,0,0.1,23,1,0,0,0,0,1,1,0,0,0,0,0.0026666666666666666,0,0,0,0,0,0.0,0,0,0.0,0
invictus_enriched.csv:1099,bert-jan,2023-07-10 12:07:14+00:00,0,1,0.8,2,1,0.9997222222222222,0,0.21138888888888888,1.0,1.2246467991473532e-16,-1.0,0,0,0.1,23,1,0,0,0,0,1,1,0,0,0,0,0.0026666666666666666,0,0,0,0,0,0.0,0,0,0.0,0
invictus_enriched.csv:1100,bert-jan,2023-07-10 12:07:14+00:00,0,1,0.8,2,1,1.0,0,0.21138888888888888,1.0,1.2246467991473532e-16,-1.0,0,0,0.7,24,1,1,0,0,0,1,0,0,0,0,0,0.6253333333333333,0,0,0,0,0,0.2,0,0,0.6,1
invictus_enriched.csv:1101,bert-jan,2023-07-10 12:07:14+00:00,0,1,0.8,2,1,1.0,0,0.21138888888888888,1.0,1.2246467991473532e-16,-1.0,0,0,0.1,34,3,1,0,1,0,0,0,0,0,0,0,0.36,0,0,0,0,0,0.0,0,0,0.0,0
invictus_enriched.csv:1102,bert-jan,2023-07-10 12:07:15+00:00,0,1,0.8,2,1,0.9997222222222222,0,0.21166666666666667,1.0,1.2246467991473532e-16,-1.0,0,0,0.1,35,3,0,0,0,0,0,1,0,0,0,0,0.15733333333333333,0,0,0,0,0,0.0,0,0,0.0,0
invictus_enriched.csv:1103,bert-jan,2023-07-10 12:07:15+00:00,0,1,0.8,2,1,1.0,0,0.21166666666666667,1.0,1.2246467991473532e-16,-1.0,0,0,0.1,36,3,1,0,0,0,0,0,0,0,0,0,0.2786666666666667,0,0,0,0,0,0.0,0,0,0.0,0
invictus_enriched.csv:1104,bert-jan,2023-07-10 12:07:15+00:00,0,1,0.8,2,1,1.0,0,0.21166666666666667,1.0,1.2246467991473532e-16,-1.0,0,0,0.1,26,1,0,0,0,0,1,1,0,0,0,0,0.06133333333333333,0,0,0,0,0,0.0,0,0,0.0,0
invictus_enriched.csv:1105,bert-jan,2023-07-10 12:07:16+00:00,0,1,0.8,2,1,0.9997222222222222,0,0.21194444444444444,1.0,1.2246467991473532e-16,-1.0,0,0,0.1,28,1,0,0,0,0,1,1,0,0,0,0,0.06133333333333333,0,0,0,0,0,0.0,0,0,0.0,0
invictus_enriched.csv:1106,bert-jan,2023-07-10 12:07:16+00:00,0,1,0.8,2,1,1.0,0,0.21194444444444444,1.0,1.2246467991473532e-16,-1.0,0,0,0.1,27,1,0,0,0,0,1,1,0,0,0,0,0.06133333333333333,0,0,0,0,1,0.0,0,0,0.0,0
invictus_enriched.csv:1107,bert-jan,2023-07-10 12:07:17+00:00,0,1,0.8,2,1,0.9997222222222222,0,0.21222222222222223,1.0,1.2246467991473532e-16,-1.0,0,0,0.1,46,1,0,0,0,0,1,1,0,0,0,0,0.08133333333333333,0,0,0,0,0,0.0,0,0,0.0,0
invictus_enriched.csv:1108,bert-jan,2023-07-10 12:07:17+00:00,0,1,0.8,2,1,1.0,0,0.21222222222222223,1.0,1.2246467991473532e-16,-1.0,0,0,0.1,27,1,0,0,0,0,1,1,0,0,0,0,0.06133333333333333,0,0,0,0,1,0.0,0,0,0.0,0
invictus_enriched.csv:1109,bert-jan,2023-07-10 12:07:17+00:00,0,1,0.8,2,1,1.0,0,0.21222222222222223,1.0,1.2246467991473532e-16,-1.0,0,0,0.1,40,1,1,0,0,0,1,0,0,0,0,0,0.17066666666666666,0,0,0,0,0,0.0,0,0,0.0,0
invictus_enriched.csv:1110,bert-jan,2023-07-10 12:07:17+00:00,0,1,0.8,2,1,1.0,0,0.21222222222222223,1.0,1.2246467991473532e-16,-1.0,0,0,0.1,42,1,1,0,0,0,1,0,0,0,0,0,0.15333333333333332,0,0,0,0,1,0.0,0,0,0.0,1
invictus_enriched.csv:1111,bert-jan,2023-07-10 12:07:17+00:00,0,1,0.8,2,1,1.0,0,0.21222222222222223,1.0,1.2246467991473532e-16,-1.0,0,0,0.1,44,1,1,0,0,0,1,0,0,0,0,0,0.14266666666666666,0,0,0,0,0,0.0,0,0,0.0,0
invictus_enriched.csv:1112,bert-jan,2023-07-10 12:07:18+00:00,0,1,0.8,2,1,0.9997222222222222,0,0.2125,1.0,1.2246467991473532e-16,-1.0,0,0,0.1,49,1,1,0,0,0,1,0,0,0,0,0,0.15333333333333332,0,0,0,0,0,0.0,0,0,0.0,0
invictus_enriched.csv:1113,bert-jan,2023-07-10 12:07:20+00:00,0,1,0.8,2,1,0.9994444444444445,0,0.21305555555555555,1.0,1.2246467991473532e-16,-1.0,0,0,0.1,33,3,0,0,0,0,0,1,0,0,0,0,0.26266666666666666,0,0,0,0,0,0.0,0,0,0.0,0
invictus_enriched.csv:1114,bert-jan,2023-07-10 12:07:20+00:00,0,1,0.8,2,1,1.0,0,0.21305555555555555,1.0,1.2246467991473532e-16,-1.0,0,0,0.1,32,3,0,0,0,0,0,1,0,0,0,0,0.2,0,0,0,0,0,0.0,0,0,0.0,0
invictus_enriched.csv:1115,bert-jan,2023-07-10 12:07:20+00:00,0,1,0.8,2,1,1.0,0,0.21305555555555555,1.0,1.2246467991473532e-16,-1.0,0,0,0.1,26,1,0,0,0,0,1,1,0,0,0,0,0.06133333333333333,0,0,0,0,0,0.0,0,0,0.0,0
invictus_enriched.csv:1116,bert-jan,2023-07-10 12:07:20+00:00,0,1,0.8,2,1,1.0,0,0.21305555555555555,1.0,1.2246467991473532e-16,-1.0,0,0,0.1,23,1,0,0,0,0,1,1,0,0,0,0,0.0026666666666666666,0,0,0,0,0,0.0,0,0,0.0,0
invictus_enriched.csv:1117,bert-jan,2023-07-10 12:07:21+00:00,0,1,0.8,2,1,0.9997222222222222,0,0.21333333333333335,1.0,1.2246467991473532e-16,-1.0,0,0,0.1,27,1,0,0,0,0,1,1,0,0,0,0,0.06133333333333333,0,0,0,0,1,0.0,0,0,0.0,0
invictus_enriched.csv:1118,bert-jan,2023-07-10 12:07:21+00:00,0,1,0.8,2,1,1.0,0,0.21333333333333335,1.0,1.2246467991473532e-16,-1.0,0,0,0.1,28,1,0,0,0,0,1,1,0,0,0,0,0.06133333333333333,0,0,0,0,0,0.0,0,0,0.0,0
invictus_enriched.csv:1119,bert-jan,2023-07-10 12:07:21+00:00,0,1,0.8,2,1,1.0,0,0.21333333333333335,1.0,1.2246467991473532e-16,-1.0,0,0,0.1,35,3,0,0,0,0,0,1,0,0,0,0,0.15733333333333333,0,0,0,0,0,0.0,0,0,0.0,0
invictus_enriched.csv:1120,bert-jan,2023-07-10 12:07:21+00:00,0,1,0.8,2,1,1.0,0,0.21333333333333335,1.0,1.2246467991473532e-16,-1.0,0,0,0.1,27,1,0,0,0,0,1,1,0,0,0,0,0.06133333333333333,0,0,0,0,1,0.0,0,0,0.0,0
invictus_enriched.csv:1121,bert-jan,2023-07-10 12:07:22+00:00,0,1,0.8,2,1,0.9997222222222222,0,0.2136111111111111,1.0,1.2246467991473532e-16,-1.0,0,0,0.1,46,1,0,0,0,0,1,1,0,0,0,0,0.08133333333333333,0,0,0,0,0,0.0,0,0,0.0,0
invictus_enriched.csv:1122,bert-jan,2023-07-10 12:07:22+00:00,0,1,0.8,2,1,1.0,0,0.2136111111111111,1.0,1.2246467991473532e-16,-1.0,0,0,0.1,26,1,0,0,0,0,1,1,0,0,0,0,0.06133333333333333,0,0,0,0,0,0.0,0,0,0.0,0
invictus_enriched.csv:1123,bert-jan,2023-07-10 12:07:23+00:00,0,1,0.8,2,1,0.9997222222222222,0,0.21388888888888888,1.0,1.2246467991473532e-16,-1.0,0,0,0.1,35,3,0,0,0,0,0,1,0,0,0,0,0.15733333333333333,0,0,0,0,0,0.0,0,0,0.0,0
invictus_enriched.csv:1124,bert-jan,2023-07-10 12:07:23+00:00,0,1,0.8,2,1,1.0,0,0.21388888888888888,1.0,1.2246467991473532e-16,-1.0,0,0,0.1,23,1,0,0,0,0,1,1,0,0,0,0,0.0026666666666666666,0,0,0,0,0,0.0,0,0,0.0,0
invictus_enriched.csv:1125,bert-jan,2023-07-10 12:07:23+00:00,0,1,0.8,2,1,1.0,1,0.21388888888888888,1.0,1.2246467991473532e-16,-1.0,0,0,0.1,125,1,1,0,0,0,1,0,0,0,0,0,0.14266666666666666,0,0,0,0,0,0.0,0,0,0.0,0
invictus_enriched.csv:1126,bert-jan,2023-07-10 12:07:23+00:00,0,1,0.8,2,1,1.0,1,0.21388888888888888,1.0,1.2246467991473532e-16,-1.0,0,0,0.1,126,1,1,0,0,0,1,0,0,0,0,0,0.15333333333333332,0,0,0,0,0,0.0,0,0,0.0,0
invictus_enriched.csv:1127,bert-jan,2023-07-10 12:07:24+00:00,0,1,0.8,2,1,0.9997222222222222,1,0.21416666666666667,1.0,1.2246467991473532e-16,-1.0,0,0,0.1,127,1,0,0,0,0,1,1,0,0,0,0,0.06133333333333333,0,0,0,0,0,0.0,0,0,0.0,0
invictus_enriched.csv:1128,bert-jan,2023-07-10 12:07:24+00:00,0,1,0.8,2,1,1.0,0,0.21416666666666667,1.0,1.2246467991473532e-16,-1.0,0,0,0.1,27,1,0,0,0,0,1,1,0,0,0,0,0.06133333333333333,0,0,0,0,1,0.0,0,0,0.0,0
invictus_enriched.csv:1129,bert-jan,2023-07-10 12:07:24+00:00,0,1,0.8,2,1,1.0,1,0.21416666666666667,1.0,1.2246467991473532e-16,-1.0,0,0,0.1,128,3,1,0,0,0,0,0,0,0,0,0,0.108,0,0,0,0,0,0.0,0,0,0.0,0
invictus_enriched.csv:1130,bert-jan,2023-07-10 12:07:24+00:00,0,1,0.8,2,1,1.0,1,0.21416666666666667,1.0,1.2246467991473532e-16,-1.0,0,0,0.1,129,1,1,0,0,0,1,0,0,0,0,0,0.08133333333333333,0,0,0,0,0,0.0,0,0,0.0,0
invictus_enriched.csv:1131,bert-jan,2023-07-10 12:07:25+00:00,0,1,0.8,2,1,0.9997222222222222,1,0.21444444444444444,1.0,1.2246467991473532e-16,-1.0,0,0,0.1,130,1,1,0,0,0,1,0,0,0,0,0,0.06133333333333333,0,0,0,0,0,0.0,0,0,0.0,0
invictus_enriched.csv:1132,bert-jan,2023-07-10 12:07:25+00:00,0,1,0.8,2,1,1.0,0,0.21444444444444444,1.0,1.2246467991473532e-16,-1.0,0,0,0.1,28,1,0,0,0,0,1,1,0,0,0,0,0.06133333333333333,0,0,0,0,0,0.0,0,0,0.0,0
invictus_enriched.csv:1137,bert-jan,2023-07-10 12:07:49+00:00,0,1,0.8,2,1,0.9933333333333333,0,0.22111111111111112,1.0,1.2246467991473532e-16,-1.0,0,0,0.1,111,7,1,0,0,0,0,0,0,0,0,0,0.256,0,0,0,0,1,0.0,0,0,0.0,1
invictus_enriched.csv:1138,bert-jan,2023-07-10 12:07:49+00:00,0,1,0.8,2,1,1.0,1,0.22111111111111112,1.0,1.2246467991473532e-16,-1.0,0,0,0.1,131,4,1,0,0,0,0,0,0,0,0,0,0.20266666666666666,0,0,0,0,0,0.0,0,0,0.0,0
invictus_enriched.csv:1139,bert-jan,2023-07-10 12:07:49+00:00,0,1,0.8,2,1,1.0,0,0.22111111111111112,1.0,1.2246467991473532e-16,-1.0,0,0,0.1,106,7,1,0,1,0,0,0,0,0,0,0,0.07066666666666667,0,0,0,0,0,0.0,0,0,0.0,0
invictus_enriched.csv:1140,bert-jan,2023-07-10 12:07:54+00:00,0,1,0.8,2,1,0.9986111111111111,0,0.2225,1.0,1.2246467991473532e-16,-1.0,0,0,0.1,23,1,0,0,0,0,1,1,0,0,0,0,0.0026666666666666666,0,0,0,0,0,0.0,0,0,0.0,0
invictus_enriched.csv:1141,bert-jan,2023-07-10 12:07:54+00:00,0,1,0.8,2,1,1.0,0,0.2225,1.0,1.2246467991473532e-16,-1.0,0,0,0.1,23,1,0,0,0,0,1,1,0,0,0,0,0.0026666666666666666,0,0,0,0,0,0.0,0,0,0.0,0
invictus_enriched.csv:1142,bert-jan,2023-07-10 12:07:54+00:00,0,1,0.8,2,1,1.0,0,0.2225,1.0,1.2246467991473532e-16,-1.0,0,0,0.1,23,1,0,0,0,0,1,1,0,0,0,0,0.0026666666666666666,0,0,0,0,0,0.0,0,0,0.0,0
invictus_enriched.csv:1143,bert-jan,2023-07-10 12:07:54+00:00,0,1,0.8,2,1,1.0,0,0.2225,1.0,1.2246467991473532e-16,-1.0,0,0,0.1,23,1,0,0,0,0,1,1,0,0,0,0,0.0026666666666666666,0,0,0,0,0,0.0,0,0,0.0,0
invictus_enriched.csv:1144,bert-jan,2023-07-10 12:07:55+00:00,0,1,0.8,2,1,0.9997222222222222,0,0.22277777777777777,1.0,1.2246467991473532e-16,-1.0,0,0,0.1,37,3,0,0,0,0,0,1,0,0,0,0,0.10133333333333333,0,0,0,0,0,0.0,0,0,0.0,0
invictus_enriched.csv:1145,bert-jan,2023-07-10 12:07:55+00:00,0,1,0.8,2,1,1.0,0,0.22277777777777777,1.0,1.2246467991473532e-16,-1.0,0,0,0.1,26,1,0,0,0,0,1,1,0,0,0,0,0.07866666666666666,0,0,0,0,0,0.0,0,0,0.0,0
invictus_enriched.csv:1146,bert-jan,2023-07-10 12:07:55+00:00,1,0,0.8,2,1,1.0,0,0.22277777777777777,1.0,1.2246467991473532e-16,-1.0,0,0,0.7,81,9,0,0,0,0,0,0,0,0,0,1,0.23466666666666666,0,0,0,1,0,0.0,0,0,0.0,0
invictus_enriched.csv:1147,bert-jan,2023-07-10 12:07:55+00:00,0,1,0.8,2,1,1.0,0,0.22277777777777777,1.0,1.2246467991473532e-16,-1.0,0,0,0.1,85,6,0,0,0,0,0,1,0,0,0,0,0.10666666666666667,0,0,0,0,0,0.0,0,0,0.0,0
invictus_enriched.csv:1148,bert-jan,2023-07-10 12:07:55+00:00,0,1,0.8,2,1,1.0,0,0.22277777777777777,1.0,1.2246467991473532e-16,-1.0,0,0,0.1,76,5,0,0,0,0,0,1,0,0,0,0,0.148,0,0,0,1,0,0.0,0,0,0.0,0
invictus_enriched.csv:1149,bert-jan,2023-07-10 12:07:55+00:00,1,0,0.8,2,1,1.0,0,0.22277777777777777,1.0,1.2246467991473532e-16,-1.0,0,0,0.7,81,9,0,0,0,0,0,0,0,0,0,1,0.23466666666666666,0,0,0,1,0,0.0,0,0,0.0,0
invictus_enriched.csv:1150,bert-jan,2023-07-10 12:07:55+00:00,0,1,0.8,2,1,1.0,0,0.22277777777777777,1.0,1.2246467991473532e-16,-1.0,0,0,0.1,76,5,0,0,0,0,0,1,0,0,0,0,0.148,0,0,0,1,0,0.0,0,0,0.0,0
invictus_enriched.csv:1151,bert-jan,2023-07-10 12:07:55+00:00,0,1,0.8,2,1,1.0,0,0.22277777777777777,1.0,1.2246467991473532e-16,-1.0,0,0,0.1,85,6,0,0,0,0,0,1,0,0,0,0,0.10666666666666667,0,0,0,0,0,0.0,0,0,0.0,0
invictus_enriched.csv:1152,bert-jan,2023-07-10 12:07:55+00:00,0,1,0.8,2,1,1.0,0,0.22277777777777777,1.0,1.2246467991473532e-16,-1.0,0,0,0.1,85,6,0,0,0,0,0,1,0,0,0,0,0.10666666666666667,0,0,0,0,0,0.0,0,0,0.0,0
invictus_enriched.csv:1153,bert-jan,2023-07-10 12:07:55+00:00,1,0,0.8,2,1,1.0,0,0.22277777777777777,1.0,1.2246467991473532e-16,-1.0,0,0,0.7,81,9,0,0,0,0,0,0,0,0,0,1,0.23466666666666666,0,0,0,1,0,0.0,0,0,0.0,0
invictus_enriched.csv:1154,bert-jan,2023-07-10 12:07:55+00:00,0,1,0.8,2,1,1.0,0,0.22277777777777777,1.0,1.2246467991473532e-16,-1.0,0,0,0.1,76,5,0,0,0,0,0,1,0,0,0,0,0.148,0,0,0,1,0,0.0,0,0,0.0,0
invictus_enriched.csv:1155,bert-jan,2023-07-10 12:07:55+00:00,0,1,0.8,2,1,1.0,0,0.22277777777777777,1.0,1.2246467991473532e-16,-1.0,0,0,0.1,85,6,0,0,0,0,0,1,0,0,0,0,0.10666666666666667,0,0,0,0,0,0.0,0,0,0.0,0
invictus_enriched.csv:1156,bert-jan,2023-07-10 12:07:55+00:00,0,1,0.8,2,1,1.0,0,0.22277777777777777,1.0,1.2246467991473532e-16,-1.0,0,0,0.1,23,1,0,0,0,0,1,1,0,0,0,0,0.0026666666666666666,0,0,0,0,0,0.0,0,0,0.0,0
invictus_enriched.csv:1157,bert-jan,2023-07-10 12:07:55+00:00,0,1,0.8,2,1,1.0,0,0.22277777777777777,1.0,1.2246467991473532e-16,-1.0,0,0,0.1,23,1,0,0,0,0,1,1,0,0,0,0,0.0026666666666666666,0,0,0,0,0,0.0,0,0,0.0,0
invictus_enriched.csv:1158,bert-jan,2023-07-10 12:07:55+00:00,1,0,0.8,2,1,1.0,0,0.22277777777777777,1.0,1.2246467991473532e-16,-1.0,0,0,0.7,81,9,0,0,0,0,0,0,0,0,0,1,0.23466666666666666,0,0,0,1,0,0.0,0,0,0.0,0
invictus_enriched.csv:1159,bert-jan,2023-07-10 12:07:55+00:00,0,1,0.8,2,1,1.0,0,0.22277777777777777,1.0,1.2246467991473532e-16,-1.0,0,0,0.1,115,0,0,0,0,0,0,1,0,0,0,0,0.076,0,0,0,0,0,0.0,0,0,0.0,0
invictus_enriched.csv:1160,bert-jan,2023-07-10 12:07:55+00:00,0,1,0.8,2,1,1.0,0,0.22277777777777777,1.0,1.2246467991473532e-16,-1.0,0,0,0.1,23,1,0,0,0,0,1,1,0,0,0,0,0.0026666666666666666,0,0,0,0,0,0.0,0,0,0.0,0
invictus_enriched.csv:1161,bert-jan,2023-07-10 12:07:55+00:00,0,1,0.8,2,1,1.0,0,0.22277777777777777,1.0,1.2246467991473532e-16,-1.0,0,0,0.1,76,5,0,0,0,0,0,1,0,0,0,0,0.148,0,0,0,1,0,0.0,0,0,0.0,0
invictus_enriched.csv:1162,bert-jan,2023-07-10 12:07:55+00:00,0,1,0.8,2,1,1.0,0,0.22277777777777777,1.0,1.2246467991473532e-16,-1.0,0,0,0.1,33,3,0,0,0,0,0,1,0,0,0,0,0.26266666666666666,0,0,0,0,0,0.0,0,0,0.0,0
invictus_enriched.csv:1163,bert-jan,2023-07-10 12:07:55+00:00,0,1,0.8,2,1,1.0,0,0.22277777777777777,1.0,1.2246467991473532e-16,-1.0,0,0,0.1,26,1,0,0,0,0,1,1,0,0,0,0,0.072,0,0,0,0,0,0.0,0,0,0.0,0
invictus_enriched.csv:1164,bert-jan,2023-07-10 12:07:55+00:00,0,1,0.8,2,1,1.0,0,0.22277777777777777,1.0,1.2246467991473532e-16,-1.0,0,0,0.1,85,6,0,0,0,0,0,1,0,0,0,0,0.10666666666666667,0,0,0,0,0,0.0,0,0,0.0,0
invictus_enriched.csv:1165,bert-jan,2023-07-10 12:07:55+00:00,0,1,0.8,2,1,1.0,0,0.22277777777777777,1.0,1.2246467991473532e-16,-1.0,0,0,0.1,85,6,0,0,0,0,0,1,0,0,0,0,0.10666666666666667,0,0,0,0,0,0.0,0,0,0.0,0
invictus_enriched.csv:1166,bert-jan,2023-07-10 12:07:55+00:00,0,1,0.8,2,1,1.0,0,0.22277777777777777,1.0,1.2246467991473532e-16,-1.0,0,0,0.1,85,6,0,0,0,0,0,1,0,0,0,0,0.10533333333333333,0,0,0,0,0,0.0,0,0,0.0,0
invictus_enriched.csv:1167,bert-jan,2023-07-10 12:07:55+00:00,0,1,0.8,2,1,1.0,0,0.22277777777777777,1.0,1.2246467991473532e-16,-1.0,0,0,0.1,26,1,0,0,0,0,1,1,0,0,0,0,0.068,0,0,0,0,0,0.0,0,0,0.0,0
invictus_enriched.csv:1168,bert-jan,2023-07-10 12:07:55+00:00,0,1,0.8,2,1,1.0,0,0.22277777777777777,1.0,1.2246467991473532e-16,-1.0,0,0,0.1,76,5,0,0,0,0,0,1,0,0,0,0,0.148,0,0,0,1,0,0.0,0,0,0.0,0
invictus_enriched.csv:1169,bert-jan,2023-07-10 12:07:55+00:00,0,1,0.8,2,1,1.0,0,0.22277777777777777,1.0,1.2246467991473532e-16,-1.0,0,0,0.1,38,3,0,0,0,0,0,1,0,0,0,0,0.1,0,0,0,0,0,0.0,0,0,0.0,0
invictus_enriched.csv:1170,bert-jan,2023-07-10 12:07:55+00:00,0,1,0.8,2,1,1.0,0,0.22277777777777777,1.0,1.2246467991473532e-16,-1.0,0,0,0.1,37,3,0,0,0,0,0,1,0,0,0,0,0.10133333333333333,0,0,0,0,0,0.0,0,0,0.0,0
invictus_enriched.csv:1171,bert-jan,2023-07-10 12:07:55+00:00,1,0,0.8,2,1,1.0,0,0.22277777777777777,1.0,1.2246467991473532e-16,-1.0,0,0,0.7,81,9,0,0,0,0,0,0,0,0,0,1,0.23466666666666666,0,0,0,1,0,0.0,0,0,0.0,0
invictus_enriched.csv:1172,bert-jan,2023-07-10 12:07:55+00:00,0,1,0.8,2,1,1.0,0,0.22277777777777777,1.0,1.2246467991473532e-16,-1.0,0,0,0.1,23,1,0,0,0,0,1,1,0,0,0,0,0.0026666666666666666,0,0,0,0,0,0.0,0,0,0.0,0
invictus_enriched.csv:1173,bert-jan,2023-07-10 12:07:55+00:00,0,1,0.8,2,1,1.0,0,0.22277777777777777,1.0,1.2246467991473532e-16,-1.0,0,0,0.2,22,2,0,0,0,0,0,1,0,1,0,0,0.0026666666666666666,0,0,0,0,0,0.0,0,0,0.0,0
invictus_enriched.csv:1174,bert-jan,2023-07-10 12:07:55+00:00,0,1,0.8,2,1,1.0,0,0.22277777777777777,1.0,1.2246467991473532e-16,-1.0,0,0,0.1,76,5,0,0,0,0,0,1,0,0,0,0,0.148,0,0,0,1,0,0.0,0,0,0.0,0
invictus_enriched.csv:1175,bert-jan,2023-07-10 12:07:55+00:00,0,1,0.8,2,1,1.0,0,0.22277777777777777,1.0,1.2246467991473532e-16,-1.0,0,0,0.2,22,2,0,0,0,0,0,1,0,1,0,0,0.0026666666666666666,0,0,0,0,0,0.0,0,0,0.0,0
invictus_enriched.csv:1176,bert-jan,2023-07-10 12:07:55+00:00,0,1,0.8,2,1,1.0,0,0.22277777777777777,1.0,1.2246467991473532e-16,-1.0,0,0,0.1,85,6,0,0,0,0,0,1,0,0,0,0,0.10666666666666667,0,0,0,0,0,0.0,0,0,0.0,0
invictus_enriched.csv:1177,bert-jan,2023-07-10 12:07:55+00:00,0,1,0.8,2,1,1.0,0,0.22277777777777777,1.0,1.2246467991473532e-16,-1.0,0,0,0.1,23,1,0,0,0,0,1,1,0,0,0,0,0.0026666666666666666,0,0,0,0,0,0.0,0,0,0.0,0
invictus_enriched.csv:1178,bert-jan,2023-07-10 12:07:55+00:00,0,1,0.8,2,1,1.0,0,0.22277777777777777,1.0,1.2246467991473532e-16,-1.0,0,0,0.1,23,1,0,0,0,0,1,1,0,0,0,0,0.0026666666666666666,0,0,0,0,0,0.0,0,0,0.0,0
invictus_enriched.csv:1179,bert-jan,2023-07-10 12:07:55+00:00,0,1,0.8,2,1,1.0,0,0.22277777777777777,1.0,1.2246467991473532e-16,-1.0,0,0,0.1,32,3,0,0,0,0,0,1,0,0,0,0,0.2,0,0,0,0,0,0.0,0,0,0.0,0
invictus_enriched.csv:1180,bert-jan,2023-07-10 12:07:55+00:00,1,0,0.8,2,1,1.0,0,0.22277777777777777,1.0,1.2246467991473532e-16,-1.0,0,0,0.7,81,9,0,0,0,0,0,0,0,0,0,1,0.23466666666666666,0,0,0,1,0,0.0,0,0,0.0,0
invictus_enriched.csv:1181,bert-jan,2023-07-10 12:07:55+00:00,1,0,0.8,2,1,1.0,0,0.22277777777777777,1.0,1.2246467991473532e-16,-1.0,0,0,0.7,81,9,0,0,0,0,0,0,0,0,0,1,0.23333333333333334,0,0,0,1,0,0.0,0,0,0.0,0
invictus_enriched.csv:1182,bert-jan,2023-07-10 12:07:55+00:00,0,1,0.8,2,1,1.0,0,0.22277777777777777,1.0,1.2246467991473532e-16,-1.0,0,0,0.1,76,5,0,0,0,0,0,1,0,0,0,0,0.14666666666666667,0,0,0,1,0,0.0,0,0,0.0,0
invictus_enriched.csv:1183,bert-jan,2023-07-10 12:07:55+00:00,0,1,0.8,2,1,1.0,0,0.22277777777777777,1.0,1.2246467991473532e-16,-1.0,0,0,0.1,85,6,0,0,0,0,0,1,0,0,0,0,0.10666666666666667,0,0,0,0,0,0.0,0,0,0.0,0
invictus_enriched.csv:1184,bert-jan,2023-07-10 12:07:55+00:00,0,1,0.8,2,1,1.0,0,0.22277777777777777,1.0,1.2246467991473532e-16,-1.0,0,0,0.1,117,0,0,0,0,0,0,1,0,0,0,0,0.068,0,0,0,0,0,0.0,0,0,0.0,0
invictus_enriched.csv:1185,bert-jan,2023-07-10 12:07:55+00:00,0,1,0.8,2,1,1.0,0,0.22277777777777777,1.0,1.2246467991473532e-16,-1.0,0,0,0.1,23,1,0,0,0,0,1,1,0,0,0,0,0.0026666666666666666,0,0,0,0,0,0.0,0,0,0.0,0
invictus_enriched.csv:1186,bert-jan,2023-07-10 12:07:55+00:00,0,1,0.8,2,1,1.0,0,0.22277777777777777,1.0,1.2246467991473532e-16,-1.0,0,0,0.1,26,1,0,0,0,0,1,1,0,0,0,0,0.06666666666666667,0,0,0,0,0,0.0,0,0,0.0,0
invictus_enriched.csv:1187,bert-jan,2023-07-10 12:07:55+00:00,1,0,0.8,2,1,1.0,0,0.22277777777777777,1.0,1.2246467991473532e-16,-1.0,0,0,0.7,81,9,0,0,0,0,0,0,0,0,0,1,0.23466666666666666,0,0,0,1,0,0.0,0,0,0.0,0
invictus_enriched.csv:1188,bert-jan,2023-07-10 12:07:55+00:00,0,1,0.8,2,1,1.0,0,0.22277777777777777,1.0,1.2246467991473532e-16,-1.0,0,0,0.2,22,2,0,0,0,0,0,1,0,1,0,0,0.0026666666666666666,0,0,0,0,0,0.0,0,0,0.0,0
invictus_enriched.csv:1189,bert-jan,2023-07-10 12:07:55+00:00,0,1,0.8,2,1,1.0,0,0.22277777777777777,1.0,1.2246467991473532e-16,-1.0,0,0,0.1,85,6,0,0,0,0,0,1,0,0,0,0,0.10666666666666667,0,0,0,0,0,0.0,0,0,0.0,0
invictus_enriched.csv:1190,bert-jan,2023-07-10 12:07:55+00:00,1,0,0.8,2,1,1.0,0,0.22277777777777777,1.0,1.2246467991473532e-16,-1.0,0,0,0.7,81,9,0,0,0,0,0,0,0,0,0,1,0.23466666666666666,0,0,0,1,0,0.0,0,0,0.0,0
invictus_enriched.csv:1191,bert-jan,2023-07-10 12:07:56+00:00,0,1,0.8,2,1,0.9997222222222222,0,0.22305555555555556,1.0,1.2246467991473532e-16,-1.0,0,0,0.1,76,5,0,0,0,0,0,1,0,0,0,0,0.14666666666666667,0,0,0,1,0,0.0,0,0,0.0,0
invictus_enriched.csv:1192,bert-jan,2023-07-10 12:07:56+00:00,0,1,0.8,2,1,1.0,0,0.22305555555555556,1.0,1.2246467991473532e-16,-1.0,0,0,0.1,77,5,0,0,0,0,0,1,0,0,0,0,0.14666666666666667,0,0,0,1,0,0.0,0,0,0.0,0
invictus_enriched.csv:1193,bert-jan,2023-07-10 12:07:56+00:00,0,1,0.8,2,1,1.0,0,0.22305555555555556,1.0,1.2246467991473532e-16,-1.0,0,0,0.1,77,5,0,0,0,0,0,1,0,0,0,0,0.14666666666666667,0,0,0,1,0,0.0,0,0,0.0,0
invictus_enriched.csv:1194,bert-jan,2023-07-10 12:07:56+00:00,0,1,0.8,2,1,1.0,0,0.22305555555555556,1.0,1.2246467991473532e-16,-1.0,0,0,0.1,87,6,0,0,0,0,0,1,0,0,0,0,0.12133333333333333,0,0,0,0,0,0.0,0,0,0.0,0
invictus_enriched.csv:1195,bert-jan,2023-07-10 12:07:56+00:00,0,1,0.8,2,1,1.0,0,0.22305555555555556,1.0,1.2246467991473532e-16,-1.0,0,0,0.1,83,6,0,0,0,0,0,1,0,0,0,0,0.18133333333333335,0,0,0,0,0,0.0,0,0,0.0,0
invictus_enriched.csv:1196,bert-jan,2023-07-10 12:07:56+00:00,0,1,0.8,2,1,1.0,0,0.22305555555555556,1.0,1.2246467991473532e-16,-1.0,0,0,0.1,77,5,0,0,0,0,0,1,0,0,0,0,0.148,0,0,0,1,0,0.0,0,0,0.0,0
invictus_enriched.csv:1197,bert-jan,2023-07-10 12:07:56+00:00,0,1,0.8,2,1,1.0,0,0.22305555555555556,1.0,1.2246467991473532e-16,-1.0,0,0,0.1,28,1,0,0,0,0,1,1,0,0,0,0,0.068,0,0,0,0,0,0.0,0,0,0.0,0
invictus_enriched.csv:1198,bert-jan,2023-07-10 12:07:56+00:00,0,1,0.8,2,1,1.0,0,0.22305555555555556,1.0,1.2246467991473532e-16,-1.0,0,0,0.1,77,5,0,0,0,0,0,1,0,0,0,0,0.148,0,0,0,1,0,0.0,0,0,0.0,0
invictus_enriched.csv:1199,bert-jan,2023-07-10 12:07:56+00:00,0,1,0.8,2,1,1.0,0,0.22305555555555556,1.0,1.2246467991473532e-16,-1.0,0,0,0.1,38,3,0,0,0,0,0,1,0,0,0,0,0.1,0,0,0,0,0,0.0,0,0,0.0,0
invictus_enriched.csv:1200,bert-jan,2023-07-10 12:07:56+00:00,0,1,0.8,2,1,1.0,0,0.22305555555555556,1.0,1.2246467991473532e-16,-1.0,0,0,0.1,87,6,0,0,0,0,0,1,0,0,0,0,0.12133333333333333,0,0,0,0,0,0.0,0,0,0.0,0
invictus_enriched.csv:1201,bert-jan,2023-07-10 12:07:56+00:00,0,1,0.8,2,1,1.0,0,0.22305555555555556,1.0,1.2246467991473532e-16,-1.0,0,0,0.1,29,1,0,0,0,0,1,1,0,0,0,0,0.12,0,0,0,0,0,0.0,0,0,0.0,0
invictus_enriched.csv:1202,bert-jan,2023-07-10 12:07:56+00:00,0,1,0.8,2,1,1.0,0,0.22305555555555556,1.0,1.2246467991473532e-16,-1.0,0,0,0.1,87,6,0,0,0,0,0,1,0,0,0,0,0.12133333333333333,0,0,0,0,0,0.0,0,0,0.0,0
invictus_enriched.csv:1203,bert-jan,2023-07-10 12:07:56+00:00,0,1,0.8,2,1,1.0,0,0.22305555555555556,1.0,1.2246467991473532e-16,-1.0,0,0,0.1,83,6,0,0,0,0,0,1,0,0,0,0,0.18,0,0,0,0,0,0.0,0,0,0.0,0
invictus_enriched.csv:1204,bert-jan,2023-07-10 12:07:56+00:00,0,1,0.8,2,1,1.0,0,0.22305555555555556,1.0,1.2246467991473532e-16,-1.0,0,0,0.1,83,6,0,0,0,0,0,1,0,0,0,0,0.18133333333333335,0,0,0,0,0,0.0,0,0,0.0,0
invictus_enriched.csv:1205,bert-jan,2023-07-10 12:07:56+00:00,0,1,0.8,2,1,1.0,0,0.22305555555555556,1.0,1.2246467991473532e-16,-1.0,0,0,0.1,28,1,0,0,0,0,1,1,0,0,0,0,0.06666666666666667,0,0,0,0,0,0.0,0,0,0.0,0
invictus_enriched.csv:1206,bert-jan,2023-07-10 12:07:56+00:00,0,1,0.8,2,1,1.0,0,0.22305555555555556,1.0,1.2246467991473532e-16,-1.0,0,0,0.1,27,1,0,0,0,0,1,1,0,0,0,0,0.072,0,0,0,0,1,0.0,0,0,0.0,0
invictus_enriched.csv:1207,bert-jan,2023-07-10 12:07:56+00:00,0,1,0.8,2,1,1.0,0,0.22305555555555556,1.0,1.2246467991473532e-16,-1.0,0,0,0.1,28,1,0,0,0,0,1,1,0,0,0,0,0.07866666666666666,0,0,0,0,0,0.0,0,0,0.0,0
invictus_enriched.csv:1208,bert-jan,2023-07-10 12:07:56+00:00,0,1,0.8,2,1,1.0,0,0.22305555555555556,1.0,1.2246467991473532e-16,-1.0,0,0,0.1,3,4,0,0,0,0,0,1,0,0,0,0,0.18533333333333332,0,0,0,0,0,0.0,0,0,0.0,0
invictus_enriched.csv:1209,bert-jan,2023-07-10 12:07:56+00:00,0,1,0.8,2,1,1.0,0,0.22305555555555556,1.0,1.2246467991473532e-16,-1.0,0,0,0.1,28,1,0,0,0,0,1,1,0,0,0,0,0.06266666666666666,0,0,0,0,0,0.0,0,0,0.0,0
invictus_enriched.csv:1210,bert-jan,2023-07-10 12:07:56+00:00,0,1,0.8,2,1,1.0,0,0.22305555555555556,1.0,1.2246467991473532e-16,-1.0,0,0,0.1,77,5,0,0,0,0,0,1,0,0,0,0,0.148,0,0,0,1,0,0.0,0,0,0.0,0
invictus_enriched.csv:1211,bert-jan,2023-07-10 12:07:56+00:00,0,1,0.8,2,1,1.0,0,0.22305555555555556,1.0,1.2246467991473532e-16,-1.0,0,0,0.1,77,5,0,0,0,0,0,1,0,0,0,0,0.148,0,0,0,1,0,0.0,0,0,0.0,0
invictus_enriched.csv:1212,bert-jan,2023-07-10 12:07:56+00:00,0,1,0.8,2,1,1.0,0,0.22305555555555556,1.0,1.2246467991473532e-16,-1.0,0,0,0.1,77,5,0,0,0,0,0,1,0,0,0,0,0.148,0,0,0,1,0,0.0,0,0,0.0,0
invictus_enriched.csv:1213,bert-jan,2023-07-10 12:07:56+00:00,0,1,0.8,2,1,1.0,0,0.22305555555555556,1.0,1.2246467991473532e-16,-1.0,0,0,0.1,76,5,0,0,0,0,0,1,0,0,0,0,0.14666666666666667,0,0,0,1,0,0.0,0,0,0.0,0
invictus_enriched.csv:1214,bert-jan,2023-07-10 12:07:56+00:00,0,1,0.8,2,1,1.0,0,0.22305555555555556,1.0,1.2246467991473532e-16,-1.0,0,0,0.1,77,5,0,0,0,0,0,1,0,0,0,0,0.14666666666666667,0,0,0,1,0,0.0,0,0,0.0,0
invictus_enriched.csv:1215,bert-jan,2023-07-10 12:07:56+00:00,0,1,0.8,2,1,1.0,0,0.22305555555555556,1.0,1.2246467991473532e-16,-1.0,0,0,0.1,77,5,0,0,0,0,0,1,0,0,0,0,0.14666666666666667,0,0,0,1,0,0.0,0,0,0.0,0
invictus_enriched.csv:1216,bert-jan,2023-07-10 12:07:56+00:00,0,1,0.8,2,1,1.0,0,0.22305555555555556,1.0,1.2246467991473532e-16,-1.0,0,0,0.1,41,3,0,0,0,0,0,1,0,0,0,0,0.13733333333333334,0,0,0,0,0,0.0,0,0,0.0,0
invictus_enriched.csv:1217,bert-jan,2023-07-10 12:07:56+00:00,0,1,0.8,2,1,1.0,0,0.22305555555555556,1.0,1.2246467991473532e-16,-1.0,0,0,0.1,83,6,0,0,0,0,0,1,0,0,0,0,0.18133333333333335,0,0,0,0,0,0.0,0,0,0.0,0
invictus_enriched.csv:1218,bert-jan,2023-07-10 12:07:56+00:00,0,1,0.8,2,1,1.0,0,0.22305555555555556,1.0,1.2246467991473532e-16,-1.0,0,0,0.1,35,3,0,0,0,0,0,1,0,0,0,0,0.15733333333333333,0,0,0,0,0,0.0,0,0,0.0,0
invictus_enriched.csv:1219,bert-jan,2023-07-10 12:07:56+00:00,0,1,0.8,2,1,1.0,0,0.22305555555555556,1.0,1.2246467991473532e-16,-1.0,0,0,0.1,76,5,0,0,0,0,0,1,0,0,0,0,0.14666666666666667,0,0,0,1,0,0.0,0,0,0.0,0
invictus_enriched.csv:1220,bert-jan,2023-07-10 12:07:56+00:00,0,1,0.8,2,1,1.0,0,0.22305555555555556,1.0,1.2246467991473532e-16,-1.0,0,0,0.1,77,5,0,0,0,0,0,1,0,0,0,0,0.14666666666666667,0,0,0,1,0,0.0,0,0,0.0,0
invictus_enriched.csv:1221,bert-jan,2023-07-10 12:07:56+00:00,0,1,0.8,2,1,1.0,0,0.22305555555555556,1.0,1.2246467991473532e-16,-1.0,0,0,0.1,77,5,0,0,0,0,0,1,0,0,0,0,0.14666666666666667,0,0,0,1,0,0.0,0,0,0.0,0
invictus_enriched.csv:1222,bert-jan,2023-07-10 12:07:56+00:00,0,1,0.8,2,1,1.0,0,0.22305555555555556,1.0,1.2246467991473532e-16,-1.0,0,0,0.1,41,3,0,0,0,0,0,1,0,0,0,0,0.13733333333333334,0,0,0,0,0,0.0,0,0,0.0,0
invictus_enriched.csv:1223,bert-jan,2023-07-10 12:07:56+00:00,0,1,0.8,2,1,1.0,0,0.22305555555555556,1.0,1.2246467991473532e-16,-1.0,0,0,0.1,27,1,0,0,0,0,1,1,0,0,0,0,0.068,0,0,0,0,1,0.0,0,0,0.0,0
invictus_enriched.csv:1224,bert-jan,2023-07-10 12:07:56+00:00,0,1,0.8,2,1,1.0,0,0.22305555555555556,1.0,1.2246467991473532e-16,-1.0,0,0,0.1,39,3,0,0,0,0,0,1,0,0,0,0,0.04533333333333334,0,0,0,0,0,0.0,0,0,0.0,0
invictus_enriched.csv:1225,bert-jan,2023-07-10 12:07:56+00:00,0,1,0.8,2,1,1.0,0,0.22305555555555556,1.0,1.2246467991473532e-16,-1.0,0,0,0.1,87,6,0,0,0,0,0,1,0,0,0,0,0.12133333333333333,0,0,0,0,0,0.0,0,0,0.0,0
invictus_enriched.csv:1226,bert-jan,2023-07-10 12:07:56+00:00,0,1,0.8,2,1,1.0,0,0.22305555555555556,1.0,1.2246467991473532e-16,-1.0,0,0,0.1,26,1,0,0,0,0,1,1,0,0,0,0,0.07866666666666666,0,0,0,0,0,0.0,0,0,0.0,0
invictus_enriched.csv:1227,bert-jan,2023-07-10 12:07:56+00:00,0,1,0.8,2,1,1.0,0,0.22305555555555556,1.0,1.2246467991473532e-16,-1.0,0,0,0.1,29,1,0,0,0,0,1,1,0,0,0,0,0.14933333333333335,0,0,0,0,0,0.0,0,0,0.0,0
invictus_enriched.csv:1228,bert-jan,2023-07-10 12:07:56+00:00,0,1,0.8,2,1,1.0,0,0.22305555555555556,1.0,1.2246467991473532e-16,-1.0,0,0,0.1,32,3,0,0,0,0,0,1,0,0,0,0,0.2,0,0,0,0,0,0.0,0,0,0.0,0
invictus_enriched.csv:1229,bert-jan,2023-07-10 12:07:56+00:00,0,1,0.8,2,1,1.0,0,0.22305555555555556,1.0,1.2246467991473532e-16,-1.0,0,0,0.1,23,1,0,0,0,0,1,1,0,0,0,0,0.0026666666666666666,0,0,0,0,0,0.0,0,0,0.0,0
invictus_enriched.csv:1230,bert-jan,2023-07-10 12:07:56+00:00,0,1,0.8,2,1,1.0,0,0.22305555555555556,1.0,1.2246467991473532e-16,-1.0,0,0,0.1,38,3,0,0,0,0,0,1,0,0,0,0,0.1,0,0,0,0,0,0.0,0,0,0.0,0
invictus_enriched.csv:1231,bert-jan,2023-07-10 12:07:56+00:00,0,1,0.8,2,1,1.0,0,0.22305555555555556,1.0,1.2246467991473532e-16,-1.0,0,0,0.1,87,6,0,0,0,0,0,1,0,0,0,0,0.12,0,0,0,0,0,0.0,0,0,0.0,0
invictus_enriched.csv:1232,bert-jan,2023-07-10 12:07:56+00:00,0,1,0.8,2,1,1.0,0,0.22305555555555556,1.0,1.2246467991473532e-16,-1.0,0,0,0.1,87,6,0,0,0,0,0,1,0,0,0,0,0.12133333333333333,0,0,0,0,0,0.0,0,0,0.0,0
invictus_enriched.csv:1233,bert-jan,2023-07-10 12:07:56+00:00,0,1,0.8,2,1,1.0,0,0.22305555555555556,1.0,1.2246467991473532e-16,-1.0,0,0,0.1,87,6,0,0,0,0,0,1,0,0,0,0,0.12133333333333333,0,0,0,0,0,0.0,0,0,0.0,0
invictus_enriched.csv:1234,bert-jan,2023-07-10 12:07:56+00:00,0,1,0.8,2,1,1.0,0,0.22305555555555556,1.0,1.2246467991473532e-16,-1.0,0,0,0.1,83,6,0,0,0,0,0,1,0,0,0,0,0.18133333333333335,0,0,0,0,0,0.0,0,0,0.0,0
invictus_enriched.csv:1235,bert-jan,2023-07-10 12:07:56+00:00,0,1,0.8,2,1,1.0,0,0.22305555555555556,1.0,1.2246467991473532e-16,-1.0,0,0,0.1,83,6,0,0,0,0,0,1,0,0,0,0,0.18133333333333335,0,0,0,0,0,0.0,0,0,0.0,0
invictus_enriched.csv:1236,bert-jan,2023-07-10 12:07:56+00:00,0,1,0.8,2,1,1.0,0,0.22305555555555556,1.0,1.2246467991473532e-16,-1.0,0,0,0.1,77,5,0,0,0,0,0,1,0,0,0,0,0.148,0,0,0,1,0,0.0,0,0,0.0,0
invictus_enriched.csv:1237,bert-jan,2023-07-10 12:07:56+00:00,0,1,0.8,2,1,1.0,0,0.22305555555555556,1.0,1.2246467991473532e-16,-1.0,0,0,0.1,3,4,0,0,0,0,0,1,0,0,0,0,0.18533333333333332,0,0,0,0,0,0.0,0,0,0.0,0
invictus_enriched.csv:1238,bert-jan,2023-07-10 12:07:56+00:00,0,1,0.8,2,1,1.0,0,0.22305555555555556,1.0,1.2246467991473532e-16,-1.0,0,0,0.1,35,3,0,0,0,0,0,1,0,0,0,0,0.15733333333333333,0,0,0,0,0,0.0,0,0,0.0,0
invictus_enriched.csv:1239,bert-jan,2023-07-10 12:07:56+00:00,0,1,0.8,2,1,1.0,0,0.22305555555555556,1.0,1.2246467991473532e-16,-1.0,0,0,0.1,77,5,0,0,0,0,0,1,0,0,0,0,0.148,0,0,0,1,0,0.0,0,0,0.0,0
invictus_enriched.csv:1240,bert-jan,2023-07-10 12:07:56+00:00,0,1,0.8,2,1,1.0,0,0.22305555555555556,1.0,1.2246467991473532e-16,-1.0,0,0,0.1,4,4,0,0,0,0,0,1,0,0,0,0,0.18133333333333335,0,0,0,0,0,0.0,0,0,0.0,0
invictus_enriched.csv:1241,bert-jan,2023-07-10 12:07:56+00:00,0,1,0.8,2,1,1.0,0,0.22305555555555556,1.0,1.2246467991473532e-16,-1.0,0,0,0.1,77,5,0,0,0,0,0,1,0,0,0,0,0.14666666666666667,0,0,0,1,0,0.0,0,0,0.0,0
invictus_enriched.csv:1242,bert-jan,2023-07-10 12:07:56+00:00,0,1,0.8,2,1,1.0,0,0.22305555555555556,1.0,1.2246467991473532e-16,-1.0,0,0,0.1,76,5,0,0,0,0,0,1,0,0,0,0,0.14666666666666667,0,0,0,1,0,0.0,0,0,0.0,0
invictus_enriched.csv:1243,bert-jan,2023-07-10 12:07:56+00:00,0,1,0.8,2,1,1.0,0,0.22305555555555556,1.0,1.2246467991473532e-16,-1.0,0,0,0.1,29,1,0,0,0,0,1,1,0,0,0,0,0.108,0,0,0,0,0,0.0,0,0,0.0,0
invictus_enriched.csv:1244,bert-jan,2023-07-10 12:07:56+00:00,0,1,0.8,2,1,1.0,0,0.22305555555555556,1.0,1.2246467991473532e-16,-1.0,0,0,0.1,77,5,0,0,0,0,0,1,0,0,0,0,0.14666666666666667,0,0,0,1,0,0.0,0,0,0.0,0
invictus_enriched.csv:1245,bert-jan,2023-07-10 12:07:56+00:00,0,1,0.8,2,1,1.0,0,0.22305555555555556,1.0,1.2246467991473532e-16,-1.0,0,0,0.1,77,5,0,0,0,0,0,1,0,0,0,0,0.14666666666666667,0,0,0,1,0,0.0,0,0,0.0,0
invictus_enriched.csv:1246,bert-jan,2023-07-10 12:07:56+00:00,0,1,0.8,2,1,1.0,0,0.22305555555555556,1.0,1.2246467991473532e-16,-1.0,0,0,0.1,76,5,0,0,0,0,0,1,0,0,0,0,0.14666666666666667,0,0,0,1,0,0.0,0,0,0.0,0
invictus_enriched.csv:1247,bert-jan,2023-07-10 12:07:56+00:00,0,1,0.8,2,1,1.0,0,0.22305555555555556,1.0,1.2246467991473532e-16,-1.0,0,0,0.1,77,5,0,0,0,0,0,1,0,0,0,0,0.14666666666666667,0,0,0,1,0,0.0,0,0,0.0,0
invictus_enriched.csv:1248,bert-jan,2023-07-10 12:07:56+00:00,0,1,0.8,2,1,1.0,0,0.22305555555555556,1.0,1.2246467991473532e-16,-1.0,0,0,0.1,83,6,0,0,0,0,0,1,0,0,0,0,0.18133333333333335,0,0,0,0,0,0.0,0,0,0.0,0
invictus_enriched.csv:1249,bert-jan,2023-07-10 12:07:56+00:00,0,1,0.8,2,1,1.0,0,0.22305555555555556,1.0,1.2246467991473532e-16,-1.0,0,0,0.1,83,6,0,0,0,0,0,1,0,0,0,0,0.18133333333333335,0,0,0,0,0,0.0,0,0,0.0,0
invictus_enriched.csv:1250,bert-jan,2023-07-10 12:07:56+00:00,0,1,0.8,2,1,1.0,0,0.22305555555555556,1.0,1.2246467991473532e-16,-1.0,0,0,0.1,77,5,0,0,0,0,0,1,0,0,0,0,0.148,0,0,0,1,0,0.0,0,0,0.0,0
invictus_enriched.csv:1251,bert-jan,2023-07-10 12:07:56+00:00,0,1,0.8,2,1,1.0,0,0.22305555555555556,1.0,1.2246467991473532e-16,-1.0,0,0,0.1,87,6,0,0,0,0,0,1,0,0,0,0,0.12133333333333333,0,0,0,0,0,0.0,0,0,0.0,0
invictus_enriched.csv:1252,bert-jan,2023-07-10 12:07:56+00:00,0,1,0.8,2,1,1.0,0,0.22305555555555556,1.0,1.2246467991473532e-16,-1.0,0,0,0.1,83,6,0,0,0,0,0,1,0,0,0,0,0.18133333333333335,0,0,0,0,0,0.0,0,0,0.0,0
invictus_enriched.csv:1253,bert-jan,2023-07-10 12:07:56+00:00,0,1,0.8,2,1,1.0,0,0.22305555555555556,1.0,1.2246467991473532e-16,-1.0,0,0,0.1,87,6,0,0,0,0,0,1,0,0,0,0,0.12133333333333333,0,0,0,0,0,0.0,0,0,0.0,0
invictus_enriched.csv:1254,bert-jan,2023-07-10 12:07:56+00:00,0,1,0.8,2,1,1.0,0,0.22305555555555556,1.0,1.2246467991473532e-16,-1.0,0,0,0.1,76,5,0,0,0,0,0,1,0,0,0,0,0.14666666666666667,0,0,0,1,0,0.0,0,0,0.0,0
invictus_enriched.csv:1255,bert-jan,2023-07-10 12:07:56+00:00,0,1,0.8,2,1,1.0,0,0.22305555555555556,1.0,1.2246467991473532e-16,-1.0,0,0,0.1,77,5,0,0,0,0,0,1,0,0,0,0,0.148,0,0,0,1,0,0.0,0,0,0.0,0
invictus_enriched.csv:1256,bert-jan,2023-07-10 12:07:56+00:00,0,1,0.8,2,1,1.0,0,0.22305555555555556,1.0,1.2246467991473532e-16,-1.0,0,0,0.1,26,1,0,0,0,0,1,1,0,0,0,0,0.06266666666666666,0,0,0,0,0,0.0,0,0,0.0,0
invictus_enriched.csv:1257,bert-jan,2023-07-10 12:07:56+00:00,0,1,0.8,2,1,1.0,0,0.22305555555555556,1.0,1.2246467991473532e-16,-1.0,0,0,0.1,87,6,0,0,0,0,0,1,0,0,0,0,0.12133333333333333,0,0,0,0,0,0.0,0,0,0.0,0
invictus_enriched.csv:1258,bert-jan,2023-07-10 12:07:56+00:00,0,1,0.8,2,1,1.0,0,0.22305555555555556,1.0,1.2246467991473532e-16,-1.0,0,0,0.1,33,3,0,0,0,0,0,1,0,0,0,0,0.26266666666666666,0,0,0,0,0,0.0,0,0,0.0,0
invictus_enriched.csv:1259,bert-jan,2023-07-10 12:07:56+00:00,0,1,0.8,2,1,1.0,0,0.22305555555555556,1.0,1.2246467991473532e-16,-1.0,0,0,0.1,76,5,0,0,0,0,0,1,0,0,0,0,0.148,0,0,0,1,0,0.0,0,0,0.0,0
invictus_enriched.csv:1260,bert-jan,2023-07-10 12:07:56+00:00,0,1,0.8,2,1,1.0,0,0.22305555555555556,1.0,1.2246467991473532e-16,-1.0,0,0,0.1,76,5,0,0,0,0,0,1,0,0,0,0,0.14666666666666667,0,0,0,1,0,0.0,0,0,0.0,0
invictus_enriched.csv:1261,bert-jan,2023-07-10 12:07:56+00:00,0,1,0.8,2,1,1.0,0,0.22305555555555556,1.0,1.2246467991473532e-16,-1.0,0,0,0.1,76,5,0,0,0,0,0,1,0,0,0,0,0.148,0,0,0,1,0,0.0,0,0,0.0,0
invictus_enriched.csv:1262,bert-jan,2023-07-10 12:07:57+00:00,0,1,0.8,2,1,0.9997222222222222,0,0.22333333333333333,1.0,1.2246467991473532e-16,-1.0,0,0,0.1,39,3,0,0,0,0,0,1,0,0,0,0,0.04533333333333334,0,0,0,0,0,0.0,0,0,0.0,0
invictus_enriched.csv:1263,bert-jan,2023-07-10 12:07:57+00:00,0,1,0.8,2,1,1.0,0,0.22333333333333333,1.0,1.2246467991473532e-16,-1.0,0,0,0.1,41,3,0,0,0,0,0,1,0,0,0,0,0.13733333333333334,0,0,0,0,0,0.0,0,0,0.0,0
invictus_enriched.csv:1264,bert-jan,2023-07-10 12:07:57+00:00,0,1,0.8,2,1,1.0,0,0.22333333333333333,1.0,1.2246467991473532e-16,-1.0,0,0,0.1,26,1,0,0,0,0,1,1,0,0,0,0,0.068,0,0,0,0,0,0.0,0,0,0.0,0
invictus_enriched.csv:1265,bert-jan,2023-07-10 12:07:57+00:00,0,1,0.8,2,1,1.0,0,0.22333333333333333,1.0,1.2246467991473532e-16,-1.0,0,0,0.1,29,1,0,0,0,0,1,1,0,0,0,0,0.104,0,0,0,0,0,0.0,0,0,0.0,0
invictus_enriched.csv:1266,bert-jan,2023-07-10 12:07:57+00:00,0,1,0.8,2,1,1.0,0,0.22333333333333333,1.0,1.2246467991473532e-16,-1.0,0,0,0.1,27,1,0,0,0,0,1,1,0,0,0,0,0.06666666666666667,0,0,0,0,1,0.0,0,0,0.0,0
invictus_enriched.csv:1267,bert-jan,2023-07-10 12:07:57+00:00,0,1,0.8,2,1,1.0,0,0.22333333333333333,1.0,1.2246467991473532e-16,-1.0,0,0,0.1,39,3,0,0,0,0,0,1,0,0,0,0,0.04533333333333334,0,0,0,0,0,0.0,0,0,0.0,0
invictus_enriched.csv:1268,bert-jan,2023-07-10 12:07:57+00:00,0,1,0.8,2,1,1.0,0,0.22333333333333333,1.0,1.2246467991473532e-16,-1.0,0,0,0.1,27,1,0,0,0,0,1,1,0,0,0,0,0.07866666666666666,0,0,0,0,1,0.0,0,0,0.0,0
invictus_enriched.csv:1269,bert-jan,2023-07-10 12:07:57+00:00,0,1,0.8,2,1,1.0,0,0.22333333333333333,1.0,1.2246467991473532e-16,-1.0,0,0,0.8,80,5,0,0,0,0,0,1,0,0,0,0,0.21866666666666668,0,0,0,1,0,0.0,0,0,0.0,1
invictus_enriched.csv:1270,bert-jan,2023-07-10 12:07:57+00:00,1,0,0.8,2,1,1.0,0,0.22333333333333333,1.0,1.2246467991473532e-16,-1.0,0,0,0.7,81,9,0,0,0,0,0,0,0,0,0,1,0.316,0,0,0,1,0,0.0,0,0,0.0,0
invictus_enriched.csv:1271,bert-jan,2023-07-10 12:07:57+00:00,0,1,0.8,2,1,1.0,0,0.22333333333333333,1.0,1.2246467991473532e-16,-1.0,0,0,0.8,80,5,0,0,0,0,0,1,0,0,0,0,0.21866666666666668,0,0,0,1,0,0.0,0,0,0.0,1
invictus_enriched.csv:1272,bert-jan,2023-07-10 12:07:57+00:00,0,1,0.8,2,1,1.0,0,0.22333333333333333,1.0,1.2246467991473532e-16,-1.0,0,0,0.1,87,6,0,0,0,0,0,1,0,0,0,0,0.12,0,0,0,0,0,0.0,0,0,0.0,0
invictus_enriched.csv:1273,bert-jan,2023-07-10 12:07:57+00:00,1,0,0.8,2,1,1.0,0,0.22333333333333333,1.0,1.2246467991473532e-16,-1.0,0,0,0.7,81,9,0,0,0,0,0,0,0,0,0,1,0.316,0,0,0,1,0,0.0,0,0,0.0,0
invictus_enriched.csv:1274,bert-jan,2023-07-10 12:07:57+00:00,0,1,0.8,2,1,1.0,0,0.22333333333333333,1.0,1.2246467991473532e-16,-1.0,0,0,0.1,85,6,0,0,0,0,0,1,0,0,0,0,0.10666666666666667,0,0,0,0,0,0.0,0,0,0.0,0
invictus_enriched.csv:1275,bert-jan,2023-07-10 12:07:57+00:00,0,1,0.8,2,1,1.0,0,0.22333333333333333,1.0,1.2246467991473532e-16,-1.0,0,0,0.1,87,6,0,0,0,0,0,1,0,0,0,0,0.12133333333333333,0,0,0,0,0,0.0,0,0,0.0,0
invictus_enriched.csv:1276,bert-jan,2023-07-10 12:07:57+00:00,0,1,0.8,2,1,1.0,0,0.22333333333333333,1.0,1.2246467991473532e-16,-1.0,0,0,0.8,80,5,0,0,0,0,0,1,0,0,0,0,0.21733333333333332,0,0,0,1,0,0.0,0,0,0.0,1
invictus_enriched.csv:1277,bert-jan,2023-07-10 12:07:57+00:00,1,0,0.8,2,1,1.0,0,0.22333333333333333,1.0,1.2246467991473532e-16,-1.0,0,0,0.7,81,9,0,0,0,0,0,0,0,0,0,1,0.23466666666666666,0,0,0,1,0,0.0,0,0,0.0,0
invictus_enriched.csv:1278,bert-jan,2023-07-10 12:07:57+00:00,1,0,0.8,2,1,1.0,0,0.22333333333333333,1.0,1.2246467991473532e-16,-1.0,0,0,0.7,81,9,0,0,0,0,0,0,0,0,0,1,0.23466666666666666,0,0,0,1,0,0.0,0,0,0.0,0
invictus_enriched.csv:1279,bert-jan,2023-07-10 12:07:57+00:00,0,1,0.8,2,1,1.0,0,0.22333333333333333,1.0,1.2246467991473532e-16,-1.0,0,0,0.1,39,3,0,0,0,0,0,1,0,0,0,0,0.04533333333333334,0,0,0,0,0,0.0,0,0,0.0,0
invictus_enriched.csv:1280,bert-jan,2023-07-10 12:07:57+00:00,0,1,0.8,2,1,1.0,0,0.22333333333333333,1.0,1.2246467991473532e-16,-1.0,0,0,0.1,38,3,0,0,0,0,0,1,0,0,0,0,0.1,0,0,0,0,0,0.0,0,0,0.0,0
invictus_enriched.csv:1281,bert-jan,2023-07-10 12:07:57+00:00,0,1,0.8,2,1,1.0,0,0.22333333333333333,1.0,1.2246467991473532e-16,-1.0,0,0,0.1,83,6,0,0,0,0,0,1,0,0,0,0,0.18133333333333335,0,0,0,0,0,0.0,0,0,0.0,0
invictus_enriched.csv:1282,bert-jan,2023-07-10 12:07:57+00:00,1,0,0.8,2,1,1.0,0,0.22333333333333333,1.0,1.2246467991473532e-16,-1.0,0,0,0.7,81,9,0,0,0,0,0,0,0,0,0,1,0.31733333333333336,0,0,0,1,0,0.0,0,0,0.0,0
invictus_enriched.csv:1283,bert-jan,2023-07-10 12:07:57+00:00,0,1,0.8,2,1,1.0,0,0.22333333333333333,1.0,1.2246467991473532e-16,-1.0,0,0,0.1,29,1,0,0,0,0,1,1,0,0,0,0,0.14933333333333335,0,0,0,0,0,0.0,0,0,0.0,0
invictus_enriched.csv:1284,bert-jan,2023-07-10 12:07:57+00:00,0,1,0.8,2,1,1.0,0,0.22333333333333333,1.0,1.2246467991473532e-16,-1.0,0,0,0.1,121,1,0,0,0,0,1,1,0,0,0,0,0.12133333333333333,0,0,0,0,0,0.0,0,0,0.0,0
invictus_enriched.csv:1285,bert-jan,2023-07-10 12:07:57+00:00,0,1,0.8,2,1,1.0,0,0.22333333333333333,1.0,1.2246467991473532e-16,-1.0,0,0,0.1,83,6,0,0,0,0,0,1,0,0,0,0,0.18133333333333335,0,0,0,0,0,0.0,0,0,0.0,0
invictus_enriched.csv:1286,bert-jan,2023-07-10 12:07:57+00:00,0,1,0.8,2,1,1.0,0,0.22333333333333333,1.0,1.2246467991473532e-16,-1.0,0,0,0.1,122,1,0,0,0,0,1,1,0,0,0,0,0.14666666666666667,0,0,0,0,0,0.0,0,0,0.0,0
invictus_enriched.csv:1287,bert-jan,2023-07-10 12:07:57+00:00,0,1,0.8,2,1,1.0,0,0.22333333333333333,1.0,1.2246467991473532e-16,-1.0,0,0,0.8,80,5,0,0,0,0,0,1,0,0,0,0,0.21733333333333332,0,0,0,1,0,0.0,0,0,0.0,1
invictus_enriched.csv:1288,bert-jan,2023-07-10 12:07:57+00:00,0,1,0.8,2,1,1.0,0,0.22333333333333333,1.0,1.2246467991473532e-16,-1.0,0,0,0.1,41,3,0,0,0,0,0,1,0,0,0,0,0.13733333333333334,0,0,0,0,0,0.0,0,0,0.0,0
invictus_enriched.csv:1289,bert-jan,2023-07-10 12:07:57+00:00,1,0,0.8,2,1,1.0,0,0.22333333333333333,1.0,1.2246467991473532e-16,-1.0,0,0,0.7,81,9,0,0,0,0,0,0,0,0,0,1,0.31733333333333336,0,0,0,1,0,0.0,0,0,0.0,0
invictus_enriched.csv:1290,bert-jan,2023-07-10 12:07:57+00:00,0,1,0.8,2,1,1.0,0,0.22333333333333333,1.0,1.2246467991473532e-16,-1.0,0,0,0.1,32,3,0,0,0,0,0,1,0,0,0,0,0.2,0,0,0,0,0,0.0,0,0,0.0,0
invictus_enriched.csv:1291,bert-jan,2023-07-10 12:07:57+00:00,0,1,0.8,2,1,1.0,0,0.22333333333333333,1.0,1.2246467991473532e-16,-1.0,0,0,0.8,80,5,0,0,0,0,0,1,0,0,0,0,0.21733333333333332,0,0,0,1,0,0.0,0,0,0.0,1
invictus_enriched.csv:1292,bert-jan,2023-07-10 12:07:57+00:00,0,1,0.8,2,1,1.0,0,0.22333333333333333,1.0,1.2246467991473532e-16,-1.0,0,0,0.1,85,6,0,0,0,0,0,1,0,0,0,0,0.10666666666666667,0,0,0,0,0,0.0,0,0,0.0,0
invictus_enriched.csv:1293,bert-jan,2023-07-10 12:07:57+00:00,0,1,0.8,2,1,1.0,0,0.22333333333333333,1.0,1.2246467991473532e-16,-1.0,0,0,0.8,80,5,0,0,0,0,0,1,0,0,0,0,0.21866666666666668,0,0,0,1,0,0.0,0,0,0.0,1
invictus_enriched.csv:1294,bert-jan,2023-07-10 12:07:57+00:00,0,1,0.8,2,1,1.0,0,0.22333333333333333,1.0,1.2246467991473532e-16,-1.0,0,0,0.8,80,5,0,0,0,0,0,1,0,0,0,0,0.21866666666666668,0,0,0,1,0,0.0,0,0,0.0,1
invictus_enriched.csv:1295,bert-jan,2023-07-10 12:07:57+00:00,0,1,0.8,2,1,1.0,0,0.22333333333333333,1.0,1.2246467991473532e-16,-1.0,0,0,0.1,26,1,0,0,0,0,1,1,0,0,0,0,0.07333333333333333,0,0,0,0,0,0.0,0,0,0.0,0
invictus_enriched.csv:1296,bert-jan,2023-07-10 12:07:57+00:00,0,1,0.8,2,1,1.0,0,0.22333333333333333,1.0,1.2246467991473532e-16,-1.0,0,0,0.1,28,1,0,0,0,0,1,1,0,0,0,0,0.07333333333333333,0,0,0,0,0,0.0,0,0,0.0,0
invictus_enriched.csv:1297,bert-jan,2023-07-10 12:07:57+00:00,0,1,0.8,2,1,1.0,0,0.22333333333333333,1.0,1.2246467991473532e-16,-1.0,0,0,0.1,27,1,0,0,0,0,1,1,0,0,0,0,0.07333333333333333,0,0,0,0,1,0.0,0,0,0.0,0
invictus_enriched.csv:1298,bert-jan,2023-07-10 12:07:57+00:00,0,1,0.8,2,1,1.0,0,0.22333333333333333,1.0,1.2246467991473532e-16,-1.0,0,0,0.1,121,1,0,0,0,0,1,1,0,0,0,0,0.12133333333333333,0,0,0,0,0,0.0,0,0,0.0,0
invictus_enriched.csv:1299,bert-jan,2023-07-10 12:07:57+00:00,0,1,0.8,2,1,1.0,0,0.22333333333333333,1.0,1.2246467991473532e-16,-1.0,0,0,0.1,124,1,0,0,0,0,1,1,0,0,0,0,0.12133333333333333,0,0,0,0,0,0.0,0,0,0.0,0
invictus_enriched.csv:1300,bert-jan,2023-07-10 12:07:57+00:00,0,1,0.8,2,1,1.0,0,0.22333333333333333,1.0,1.2246467991473532e-16,-1.0,0,0,0.1,85,6,0,0,0,0,0,1,0,0,0,0,0.10533333333333333,0,0,0,0,0,0.0,0,0,0.0,0
invictus_enriched.csv:1301,bert-jan,2023-07-10 12:07:57+00:00,0,1,0.8,2,1,1.0,0,0.22333333333333333,1.0,1.2246467991473532e-16,-1.0,0,0,0.1,97,4,0,0,1,0,0,1,0,0,0,0,0.18266666666666667,0,0,0,0,0,0.0,0,0,0.0,0
invictus_enriched.csv:1302,bert-jan,2023-07-10 12:07:57+00:00,0,1,0.8,2,1,1.0,0,0.22333333333333333,1.0,1.2246467991473532e-16,-1.0,0,0,0.1,83,6,0,0,0,0,0,1,0,0,0,0,0.18133333333333335,0,0,0,0,0,0.0,0,0,0.0,0
invictus_enriched.csv:1303,bert-jan,2023-07-10 12:07:57+00:00,0,1,0.8,2,1,1.0,0,0.22333333333333333,1.0,1.2246467991473532e-16,-1.0,0,0,0.1,4,4,0,0,0,0,0,1,0,0,0,0,0.18133333333333335,0,0,0,0,0,0.0,0,0,0.0,0
invictus_enriched.csv:1304,bert-jan,2023-07-10 12:07:57+00:00,0,1,0.8,2,1,1.0,0,0.22333333333333333,1.0,1.2246467991473532e-16,-1.0,0,0,0.1,27,1,0,0,0,0,1,1,0,0,0,0,0.068,0,0,0,0,1,0.0,0,0,0.0,0
invictus_enriched.csv:1305,bert-jan,2023-07-10 12:07:57+00:00,0,1,0.8,2,1,1.0,0,0.22333333333333333,1.0,1.2246467991473532e-16,-1.0,0,0,0.8,80,5,0,0,0,0,0,1,0,0,0,0,0.21733333333333332,0,0,0,1,0,0.0,0,0,0.0,1
invictus_enriched.csv:1306,bert-jan,2023-07-10 12:07:57+00:00,0,1,0.8,2,1,1.0,0,0.22333333333333333,1.0,1.2246467991473532e-16,-1.0,0,0,0.1,37,3,0,0,0,0,0,1,0,0,0,0,0.10133333333333333,0,0,0,0,0,0.0,0,0,0.0,0
invictus_enriched.csv:1307,bert-jan,2023-07-10 12:07:57+00:00,0,1,0.8,2,1,1.0,0,0.22333333333333333,1.0,1.2246467991473532e-16,-1.0,0,0,0.1,83,6,0,0,0,0,0,1,0,0,0,0,0.18133333333333335,0,0,0,0,0,0.0,0,0,0.0,0
invictus_enriched.csv:1308,bert-jan,2023-07-10 12:07:57+00:00,0,1,0.8,2,1,1.0,0,0.22333333333333333,1.0,1.2246467991473532e-16,-1.0,0,0,0.8,80,5,0,0,0,0,0,1,0,0,0,0,0.21866666666666668,0,0,0,1,0,0.0,0,0,0.0,1
invictus_enriched.csv:1309,bert-jan,2023-07-10 12:07:57+00:00,0,1,0.8,2,1,1.0,0,0.22333333333333333,1.0,1.2246467991473532e-16,-1.0,0,0,0.1,85,6,0,0,0,0,0,1,0,0,0,0,0.10533333333333333,0,0,0,0,0,0.0,0,0,0.0,0
invictus_enriched.csv:1310,bert-jan,2023-07-10 12:07:57+00:00,0,1,0.8,2,1,1.0,0,0.22333333333333333,1.0,1.2246467991473532e-16,-1.0,0,0,0.1,85,6,0,0,0,0,0,1,0,0,0,0,0.10666666666666667,0,0,0,0,0,0.0,0,0,0.0,0
invictus_enriched.csv:1311,bert-jan,2023-07-10 12:07:57+00:00,0,1,0.8,2,1,1.0,0,0.22333333333333333,1.0,1.2246467991473532e-16,-1.0,0,0,0.2,22,2,0,0,0,0,0,1,0,1,0,0,0.0026666666666666666,0,0,0,0,0,0.0,0,0,0.0,0
invictus_enriched.csv:1312,bert-jan,2023-07-10 12:07:57+00:00,0,1,0.8,2,1,1.0,0,0.22333333333333333,1.0,1.2246467991473532e-16,-1.0,0,0,0.8,80,5,0,0,0,0,0,1,0,0,0,0,0.21866666666666668,0,0,0,1,0,0.0,0,0,0.0,1
invictus_enriched.csv:1313,bert-jan,2023-07-10 12:07:57+00:00,0,1,0.8,2,1,1.0,0,0.22333333333333333,1.0,1.2246467991473532e-16,-1.0,0,0,0.1,85,6,0,0,0,0,0,1,0,0,0,0,0.10666666666666667,0,0,0,0,0,0.0,0,0,0.0,0
invictus_enriched.csv:1314,bert-jan,2023-07-10 12:07:57+00:00,0,1,0.8,2,1,1.0,0,0.22333333333333333,1.0,1.2246467991473532e-16,-1.0,0,0,0.1,39,3,0,0,0,0,0,1,0,0,0,0,0.04533333333333334,0,0,0,0,0,0.0,0,0,0.0,0
invictus_enriched.csv:1315,bert-jan,2023-07-10 12:07:57+00:00,0,1,0.8,2,1,1.0,0,0.22333333333333333,1.0,1.2246467991473532e-16,-1.0,0,0,0.1,27,1,0,0,0,0,1,1,0,0,0,0,0.07866666666666666,0,0,0,0,1,0.0,0,0,0.0,0
invictus_enriched.csv:1316,bert-jan,2023-07-10 12:07:57+00:00,0,1,0.8,2,1,1.0,0,0.22333333333333333,1.0,1.2246467991473532e-16,-1.0,0,0,0.1,87,6,0,0,0,0,0,1,0,0,0,0,0.12133333333333333,0,0,0,0,0,0.0,0,0,0.0,0
invictus_enriched.csv:1317,bert-jan,2023-07-10 12:07:57+00:00,0,1,0.8,2,1,1.0,0,0.22333333333333333,1.0,1.2246467991473532e-16,-1.0,0,0,0.8,80,5,0,0,0,0,0,1,0,0,0,0,0.21733333333333332,0,0,0,1,0,0.0,0,0,0.0,1
invictus_enriched.csv:1318,bert-jan,2023-07-10 12:07:57+00:00,0,1,0.8,2,1,1.0,0,0.22333333333333333,1.0,1.2246467991473532e-16,-1.0,0,0,0.8,80,5,0,0,0,0,0,1,0,0,0,0,0.21866666666666668,0,0,0,1,0,0.0,0,0,0.0,1
invictus_enriched.csv:1319,bert-jan,2023-07-10 12:07:57+00:00,0,1,0.8,2,1,1.0,0,0.22333333333333333,1.0,1.2246467991473532e-16,-1.0,0,0,0.8,80,5,0,0,0,0,0,1,0,0,0,0,0.21733333333333332,0,0,0,1,0,0.0,0,0,0.0,1
invictus_enriched.csv:1320,bert-jan,2023-07-10 12:07:57+00:00,0,1,0.8,2,1,1.0,0,0.22333333333333333,1.0,1.2246467991473532e-16,-1.0,0,0,0.1,39,3,0,0,0,0,0,1,0,0,0,0,0.04533333333333334,0,0,0,0,0,0.0,0,0,0.0,0
invictus_enriched.csv:1321,bert-jan,2023-07-10 12:07:57+00:00,0,1,0.8,2,1,1.0,0,0.22333333333333333,1.0,1.2246467991473532e-16,-1.0,0,0,0.1,97,4,0,0,1,0,0,1,0,0,0,0,0.18266666666666667,0,0,0,0,0,0.0,0,0,0.0,0
invictus_enriched.csv:1322,bert-jan,2023-07-10 12:07:57+00:00,0,1,0.8,2,1,1.0,0,0.22333333333333333,1.0,1.2246467991473532e-16,-1.0,0,0,0.1,87,6,0,0,0,0,0,1,0,0,0,0,0.12133333333333333,0,0,0,0,0,0.0,0,0,0.0,0
invictus_enriched.csv:1323,bert-jan,2023-07-10 12:07:57+00:00,0,1,0.8,2,1,1.0,0,0.22333333333333333,1.0,1.2246467991473532e-16,-1.0,0,0,0.8,80,5,0,0,0,0,0,1,0,0,0,0,0.21866666666666668,0,0,0,1,0,0.0,0,0,0.0,1
invictus_enriched.csv:1324,bert-jan,2023-07-10 12:07:57+00:00,0,1,0.8,2,1,1.0,0,0.22333333333333333,1.0,1.2246467991473532e-16,-1.0,0,0,0.1,87,6,0,0,0,0,0,1,0,0,0,0,0.12133333333333333,0,0,0,0,0,0.0,0,0,0.0,0
invictus_enriched.csv:1325,bert-jan,2023-07-10 12:07:57+00:00,0,1,0.8,2,1,1.0,0,0.22333333333333333,1.0,1.2246467991473532e-16,-1.0,0,0,0.8,80,5,0,0,0,0,0,1,0,0,0,0,0.21733333333333332,0,0,0,1,0,0.0,0,0,0.0,1
invictus_enriched.csv:1326,bert-jan,2023-07-10 12:07:57+00:00,0,1,0.8,2,1,1.0,0,0.22333333333333333,1.0,1.2246467991473532e-16,-1.0,0,0,0.1,46,1,0,0,0,0,1,1,0,0,0,0,0.088,0,0,0,0,0,0.0,0,0,0.0,0
invictus_enriched.csv:1327,bert-jan,2023-07-10 12:07:57+00:00,0,1,0.8,2,1,1.0,0,0.22333333333333333,1.0,1.2246467991473532e-16,-1.0,0,0,0.1,85,6,0,0,0,0,0,1,0,0,0,0,0.10666666666666667,0,0,0,0,0,0.0,0,0,0.0,0
invictus_enriched.csv:1328,bert-jan,2023-07-10 12:07:57+00:00,1,0,0.8,2,1,1.0,0,0.22333333333333333,1.0,1.2246467991473532e-16,-1.0,0,0,0.7,81,9,0,0,0,0,0,0,0,0,0,1,0.316,0,0,0,1,0,0.0,0,0,0.0,0
invictus_enriched.csv:1329,bert-jan,2023-07-10 12:07:57+00:00,1,0,0.8,2,1,1.0,0,0.22333333333333333,1.0,1.2246467991473532e-16,-1.0,0,0,0.7,81,9,0,0,0,0,0,0,0,0,0,1,0.316,0,0,0,1,0,0.0,0,0,0.0,0
invictus_enriched.csv:1330,bert-jan,2023-07-10 12:07:57+00:00,1,0,0.8,2,1,1.0,0,0.22333333333333333,1.0,1.2246467991473532e-16,-1.0,0,0,0.7,81,9,0,0,0,0,0,0,0,0,0,1,0.31733333333333336,0,0,0,1,0,0.0,0,0,0.0,0
invictus_enriched.csv:1331,bert-jan,2023-07-10 12:07:57+00:00,1,0,0.8,2,1,1.0,0,0.22333333333333333,1.0,1.2246467991473532e-16,-1.0,0,0,0.7,81,9,0,0,0,0,0,0,0,0,0,1,0.31733333333333336,0,0,0,1,0,0.0,0,0,0.0,0
invictus_enriched.csv:1332,bert-jan,2023-07-10 12:07:57+00:00,0,1,0.8,2,1,1.0,0,0.22333333333333333,1.0,1.2246467991473532e-16,-1.0,0,0,0.1,33,3,0,0,0,0,0,1,0,0,0,0,0.3,0,0,0,0,0,0.0,0,0,0.0,0
invictus_enriched.csv:1333,bert-jan,2023-07-10 12:07:57+00:00,0,1,0.8,2,1,1.0,0,0.22333333333333333,1.0,1.2246467991473532e-16,-1.0,0,0,0.1,83,6,0,0,0,0,0,1,0,0,0,0,0.18,0,0,0,0,0,0.0,0,0,0.0,0
invictus_enriched.csv:1334,bert-jan,2023-07-10 12:07:57+00:00,0,1,0.8,2,1,1.0,0,0.22333333333333333,1.0,1.2246467991473532e-16,-1.0,0,0,0.1,83,6,0,0,0,0,0,1,0,0,0,0,0.18133333333333335,0,0,0,0,0,0.0,0,0,0.0,0
invictus_enriched.csv:1335,bert-jan,2023-07-10 12:07:57+00:00,0,1,0.8,2,1,1.0,0,0.22333333333333333,1.0,1.2246467991473532e-16,-1.0,0,0,0.1,83,6,0,0,0,0,0,1,0,0,0,0,0.18133333333333335,0,0,0,0,0,0.0,0,0,0.0,0
invictus_enriched.csv:1336,bert-jan,2023-07-10 12:07:57+00:00,1,0,0.8,2,1,1.0,0,0.22333333333333333,1.0,1.2246467991473532e-16,-1.0,0,0,0.7,81,9,0,0,0,0,0,0,0,0,0,1,0.316,0,0,0,1,0,0.0,0,0,0.0,0
invictus_enriched.csv:1337,bert-jan,2023-07-10 12:07:57+00:00,0,1,0.8,2,1,1.0,0,0.22333333333333333,1.0,1.2246467991473532e-16,-1.0,0,0,0.1,96,4,0,0,1,0,0,1,0,0,0,0,0.18666666666666668,0,0,0,0,0,0.0,0,0,0.0,0
invictus_enriched.csv:1338,bert-jan,2023-07-10 12:07:57+00:00,0,1,0.8,2,1,1.0,0,0.22333333333333333,1.0,1.2246467991473532e-16,-1.0,0,0,0.1,39,3,0,0,0,0,0,1,0,0,0,0,0.04533333333333334,0,0,0,0,0,0.0,0,0,0.0,0
invictus_enriched.csv:1339,bert-jan,2023-07-10 12:07:57+00:00,1,0,0.8,2,1,1.0,0,0.22333333333333333,1.0,1.2246467991473532e-16,-1.0,0,0,0.7,81,9,0,0,0,0,0,0,0,0,0,1,0.316,0,0,0,1,0,0.0,0,0,0.0,0
invictus_enriched.csv:1340,bert-jan,2023-07-10 12:07:57+00:00,1,0,0.8,2,1,1.0,0,0.22333333333333333,1.0,1.2246467991473532e-16,-1.0,0,0,0.7,81,9,0,0,0,0,0,0,0,0,0,1,0.31733333333333336,0,0,0,1,0,0.0,0,0,0.0,0
invictus_enriched.csv:1341,bert-jan,2023-07-10 12:07:57+00:00,1,0,0.8,2,1,1.0,0,0.22333333333333333,1.0,1.2246467991473532e-16,-1.0,0,0,0.7,81,9,0,0,0,0,0,0,0,0,0,1,0.23466666666666666,0,0,0,1,0,0.0,0,0,0.0,0
invictus_enriched.csv:1342,bert-jan,2023-07-10 12:07:57+00:00,0,1,0.8,2,1,1.0,0,0.22333333333333333,1.0,1.2246467991473532e-16,-1.0,0,0,0.8,80,5,0,0,0,0,0,1,0,0,0,0,0.21733333333333332,0,0,0,1,0,0.0,0,0,0.0,1
invictus_enriched.csv:1343,bert-jan,2023-07-10 12:07:57+00:00,1,0,0.8,2,1,1.0,0,0.22333333333333333,1.0,1.2246467991473532e-16,-1.0,0,0,0.7,81,9,0,0,0,0,0,0,0,0,0,1,0.31733333333333336,0,0,0,1,0,0.0,0,0,0.0,0
invictus_enriched.csv:1344,bert-jan,2023-07-10 12:07:57+00:00,0,1,0.8,2,1,1.0,0,0.22333333333333333,1.0,1.2246467991473532e-16,-1.0,0,0,0.8,80,5,0,0,0,0,0,1,0,0,0,0,0.21733333333333332,0,0,0,1,0,0.0,0,0,0.0,1
invictus_enriched.csv:1345,bert-jan,2023-07-10 12:07:57+00:00,1,0,0.8,2,1,1.0,0,0.22333333333333333,1.0,1.2246467991473532e-16,-1.0,0,0,0.7,81,9,0,0,0,0,0,0,0,0,0,1,0.316,0,0,0,1,0,0.0,0,0,0.0,0
invictus_enriched.csv:1346,bert-jan,2023-07-10 12:07:57+00:00,0,1,0.8,2,1,1.0,0,0.22333333333333333,1.0,1.2246467991473532e-16,-1.0,0,0,0.1,96,4,0,0,1,0,0,1,0,0,0,0,0.18666666666666668,0,0,0,0,0,0.0,0,0,0.0,0
invictus_enriched.csv:1347,bert-jan,2023-07-10 12:07:57+00:00,1,0,0.8,2,1,1.0,0,0.22333333333333333,1.0,1.2246467991473532e-16,-1.0,0,0,0.7,81,9,0,0,0,0,0,0,0,0,0,1,0.23333333333333334,0,0,0,1,0,0.0,0,0,0.0,0
invictus_enriched.csv:1348,bert-jan,2023-07-10 12:07:57+00:00,0,1,0.8,2,1,1.0,0,0.22333333333333333,1.0,1.2246467991473532e-16,-1.0,0,0,0.1,43,3,0,0,0,0,0,1,0,0,0,0,0.26,0,0,0,0,0,0.0,0,0,0.0,0
invictus_enriched.csv:1349,bert-jan,2023-07-10 12:07:57+00:00,0,1,0.8,2,1,1.0,0,0.22333333333333333,1.0,1.2246467991473532e-16,-1.0,0,0,0.1,83,6,0,0,0,0,0,1,0,0,0,0,0.18133333333333335,0,0,0,0,0,0.0,0,0,0.0,0
invictus_enriched.csv:1350,bert-jan,2023-07-10 12:07:57+00:00,1,0,0.8,2,1,1.0,0,0.22333333333333333,1.0,1.2246467991473532e-16,-1.0,0,0,0.7,81,9,0,0,0,0,0,0,0,0,0,1,0.23466666666666666,0,0,0,1,0,0.0,0,0,0.0,0
invictus_enriched.csv:1351,bert-jan,2023-07-10 12:07:57+00:00,1,0,0.8,2,1,1.0,0,0.22333333333333333,1.0,1.2246467991473532e-16,-1.0,0,0,0.7,81,9,0,0,0,0,0,0,0,0,0,1,0.316,0,0,0,1,0,0.0,0,0,0.0,0
invictus_enriched.csv:1352,bert-jan,2023-07-10 12:07:57+00:00,1,0,0.8,2,1,1.0,0,0.22333333333333333,1.0,1.2246467991473532e-16,-1.0,0,0,0.7,81,9,0,0,0,0,0,0,0,0,0,1,0.23466666666666666,0,0,0,1,0,0.0,0,0,0.0,0
invictus_enriched.csv:1353,bert-jan,2023-07-10 12:07:57+00:00,0,1,0.8,2,1,1.0,0,0.22333333333333333,1.0,1.2246467991473532e-16,-1.0,0,0,0.1,85,6,0,0,0,0,0,1,0,0,0,0,0.10666666666666667,0,0,0,0,0,0.0,0,0,0.0,0
invictus_enriched.csv:1354,bert-jan,2023-07-10 12:07:57+00:00,0,1,0.8,2,1,1.0,0,0.22333333333333333,1.0,1.2246467991473532e-16,-1.0,0,0,0.1,27,1,0,0,0,0,1,1,0,0,0,0,0.06266666666666666,0,0,0,0,1,0.0,0,0,0.0,0
invictus_enriched.csv:1355,bert-jan,2023-07-10 12:07:57+00:00,0,1,0.8,2,1,1.0,0,0.22333333333333333,1.0,1.2246467991473532e-16,-1.0,0,0,0.1,87,6,0,0,0,0,0,1,0,0,0,0,0.12133333333333333,0,0,0,0,0,0.0,0,0,0.0,0
invictus_enriched.csv:1356,bert-jan,2023-07-10 12:07:57+00:00,0,1,0.8,2,1,1.0,0,0.22333333333333333,1.0,1.2246467991473532e-16,-1.0,0,0,0.1,87,6,0,0,0,0,0,1,0,0,0,0,0.12133333333333333,0,0,0,0,0,0.0,0,0,0.0,0
invictus_enriched.csv:1357,bert-jan,2023-07-10 12:07:57+00:00,0,1,0.8,2,1,1.0,0,0.22333333333333333,1.0,1.2246467991473532e-16,-1.0,0,0,0.8,80,5,0,0,0,0,0,1,0,0,0,0,0.21866666666666668,0,0,0,1,0,0.0,0,0,0.0,1
invictus_enriched.csv:1358,bert-jan,2023-07-10 12:07:57+00:00,1,0,0.8,2,1,1.0,0,0.22333333333333333,1.0,1.2246467991473532e-16,-1.0,0,0,0.7,81,9,0,0,0,0,0,0,0,0,0,1,0.31733333333333336,0,0,0,1,0,0.0,0,0,0.0,0
invictus_enriched.csv:1359,bert-jan,2023-07-10 12:07:57+00:00,0,1,0.8,2,1,1.0,0,0.22333333333333333,1.0,1.2246467991473532e-16,-1.0,0,0,0.8,80,5,0,0,0,0,0,1,0,0,0,0,0.21866666666666668,0,0,0,1,0,0.0,0,0,0.0,1
invictus_enriched.csv:1360,bert-jan,2023-07-10 12:07:57+00:00,0,1,0.8,2,1,1.0,0,0.22333333333333333,1.0,1.2246467991473532e-16,-1.0,0,0,0.1,83,6,0,0,0,0,0,1,0,0,0,0,0.18,0,0,0,0,0,0.0,0,0,0.0,0
invictus_enriched.csv:1361,bert-jan,2023-07-10 12:07:57+00:00,1,0,0.8,2,1,1.0,0,0.22333333333333333,1.0,1.2246467991473532e-16,-1.0,0,0,0.7,81,9,0,0,0,0,0,0,0,0,0,1,0.23333333333333334,0,0,0,1,0,0.0,0,0,0.0,0
invictus_enriched.csv:1362,bert-jan,2023-07-10 12:07:57+00:00,0,1,0.8,2,1,1.0,0,0.22333333333333333,1.0,1.2246467991473532e-16,-1.0,0,0,0.1,87,6,0,0,0,0,0,1,0,0,0,0,0.12133333333333333,0,0,0,0,0,0.0,0,0,0.0,0
invictus_enriched.csv:1363,bert-jan,2023-07-10 12:07:57+00:00,0,1,0.8,2,1,1.0,0,0.22333333333333333,1.0,1.2246467991473532e-16,-1.0,0,0,0.1,85,6,0,0,0,0,0,1,0,0,0,0,0.10666666666666667,0,0,0,0,0,0.0,0,0,0.0,0
invictus_enriched.csv:1364,bert-jan,2023-07-10 12:07:57+00:00,0,1,0.8,2,1,1.0,0,0.22333333333333333,1.0,1.2246467991473532e-16,-1.0,0,0,0.1,39,3,0,0,0,0,0,1,0,0,0,0,0.04533333333333334,0,0,0,0,0,0.0,0,0,0.0,0
invictus_enriched.csv:1365,bert-jan,2023-07-10 12:07:57+00:00,0,1,0.8,2,1,1.0,0,0.22333333333333333,1.0,1.2246467991473532e-16,-1.0,0,0,0.1,29,1,0,0,0,0,1,1,0,0,0,0,0.11066666666666666,0,0,0,0,0,0.0,0,0,0.0,0
invictus_enriched.csv:1366,bert-jan,2023-07-10 12:07:57+00:00,1,0,0.8,2,1,1.0,0,0.22333333333333333,1.0,1.2246467991473532e-16,-1.0,0,0,0.7,81,9,0,0,0,0,0,0,0,0,0,1,0.23466666666666666,0,0,0,1,0,0.0,0,0,0.0,0
invictus_enriched.csv:1367,bert-jan,2023-07-10 12:07:57+00:00,0,1,0.8,2,1,1.0,0,0.22333333333333333,1.0,1.2246467991473532e-16,-1.0,0,0,0.8,80,5,0,0,0,0,0,1,0,0,0,0,0.21733333333333332,0,0,0,1,0,0.0,0,0,0.0,1
invictus_enriched.csv:1368,bert-jan,2023-07-10 12:07:57+00:00,0,1,0.8,2,1,1.0,0,0.22333333333333333,1.0,1.2246467991473532e-16,-1.0,0,0,0.1,87,6,0,0,0,0,0,1,0,0,0,0,0.12,0,0,0,0,0,0.0,0,0,0.0,0
invictus_enriched.csv:1369,bert-jan,2023-07-10 12:07:57+00:00,1,0,0.8,2,1,1.0,0,0.22333333333333333,1.0,1.2246467991473532e-16,-1.0,0,0,0.7,81,9,0,0,0,0,0,0,0,0,0,1,0.31733333333333336,0,0,0,1,0,0.0,0,0,0.0,0
invictus_enriched.csv:1370,bert-jan,2023-07-10 12:07:57+00:00,0,1,0.8,2,1,1.0,0,0.22333333333333333,1.0,1.2246467991473532e-16,-1.0,0,0,0.1,39,3,0,0,0,0,0,1,0,0,0,0,0.04533333333333334,0,0,0,0,0,0.0,0,0,0.0,0
invictus_enriched.csv:1371,bert-jan,2023-07-10 12:07:57+00:00,0,1,0.8,2,1,1.0,0,0.22333333333333333,1.0,1.2246467991473532e-16,-1.0,0,0,0.1,87,6,0,0,0,0,0,1,0,0,0,0,0.12133333333333333,0,0,0,0,0,0.0,0,0,0.0,0
invictus_enriched.csv:1372,bert-jan,2023-07-10 12:07:58+00:00,0,1,0.8,2,1,0.9997222222222222,0,0.22361111111111112,1.0,1.2246467991473532e-16,-1.0,0,0,0.1,45,3,0,0,0,0,0,1,0,0,0,0,0.22266666666666668,0,0,0,0,0,0.0,0,0,0.0,0
invictus_enriched.csv:1373,bert-jan,2023-07-10 12:07:58+00:00,0,1,0.8,2,1,1.0,0,0.22361111111111112,1.0,1.2246467991473532e-16,-1.0,0,0,0.1,47,3,0,0,0,0,0,1,0,0,0,0,0.304,0,0,0,0,0,0.0,0,0,0.0,0
invictus_enriched.csv:1374,bert-jan,2023-07-10 12:07:58+00:00,0,1,0.8,2,1,1.0,0,0.22361111111111112,1.0,1.2246467991473532e-16,-1.0,0,0,0.1,99,4,0,0,0,0,0,1,0,0,0,0,0.19066666666666668,0,0,0,0,0,0.0,0,0,0.0,0
invictus_enriched.csv:1375,bert-jan,2023-07-10 12:07:58+00:00,1,0,0.8,2,1,1.0,0,0.22361111111111112,1.0,1.2246467991473532e-16,-1.0,0,0,0.7,81,9,0,0,0,0,0,0,0,0,0,1,0.23333333333333334,0,0,0,1,0,0.0,0,0,0.0,0
invictus_enriched.csv:1376,bert-jan,2023-07-10 12:07:58+00:00,0,1,0.8,2,1,1.0,0,0.22361111111111112,1.0,1.2246467991473532e-16,-1.0,0,0,0.1,98,4,0,0,0,0,0,1,0,0,0,0,0.19066666666666668,0,0,0,0,0,0.0,0,0,0.0,0
invictus_enriched.csv:1377,bert-jan,2023-07-10 12:07:58+00:00,0,1,0.8,2,1,1.0,0,0.22361111111111112,1.0,1.2246467991473532e-16,-1.0,0,0,0.1,101,4,0,0,0,0,0,1,0,0,0,0,0.196,0,0,0,0,0,0.0,0,0,0.0,0
invictus_enriched.csv:1378,bert-jan,2023-07-10 12:07:58+00:00,0,1,0.8,2,1,1.0,0,0.22361111111111112,1.0,1.2246467991473532e-16,-1.0,0,0,0.1,53,3,0,0,0,0,0,1,0,0,0,0,0.11333333333333333,0,0,0,0,0,0.0,0,0,0.0,0
invictus_enriched.csv:1379,bert-jan,2023-07-10 12:07:58+00:00,0,1,0.8,2,1,1.0,0,0.22361111111111112,1.0,1.2246467991473532e-16,-1.0,0,0,0.1,85,6,0,0,0,0,0,1,0,0,0,0,0.10666666666666667,0,0,0,0,0,0.0,0,0,0.0,0
invictus_enriched.csv:1380,bert-jan,2023-07-10 12:07:58+00:00,1,0,0.8,2,1,1.0,0,0.22361111111111112,1.0,1.2246467991473532e-16,-1.0,0,0,0.7,81,9,0,0,0,0,0,0,0,0,0,1,0.23466666666666666,0,0,0,1,0,0.0,0,0,0.0,0
invictus_enriched.csv:1381,bert-jan,2023-07-10 12:07:58+00:00,0,1,0.8,2,1,1.0,0,0.22361111111111112,1.0,1.2246467991473532e-16,-1.0,0,0,0.1,85,6,0,0,0,0,0,1,0,0,0,0,0.10666666666666667,0,0,0,0,0,0.0,0,0,0.0,0
invictus_enriched.csv:1382,bert-jan,2023-07-10 12:07:58+00:00,1,0,0.8,2,1,1.0,0,0.22361111111111112,1.0,1.2246467991473532e-16,-1.0,0,0,0.7,81,9,0,0,0,0,0,0,0,0,0,1,0.23466666666666666,0,0,0,1,0,0.0,0,0,0.0,0
invictus_enriched.csv:1383,bert-jan,2023-07-10 12:07:58+00:00,1,0,0.8,2,1,1.0,0,0.22361111111111112,1.0,1.2246467991473532e-16,-1.0,0,0,0.7,81,9,0,0,0,0,0,0,0,0,0,1,0.23466666666666666,0,0,0,1,0,0.0,0,0,0.0,0
invictus_enriched.csv:1384,bert-jan,2023-07-10 12:07:58+00:00,0,1,0.8,2,1,1.0,0,0.22361111111111112,1.0,1.2246467991473532e-16,-1.0,0,0,0.1,85,6,0,0,0,0,0,1,0,0,0,0,0.10666666666666667,0,0,0,0,0,0.0,0,0,0.0,0
invictus_enriched.csv:1385,bert-jan,2023-07-10 12:07:58+00:00,0,1,0.8,2,1,1.0,0,0.22361111111111112,1.0,1.2246467991473532e-16,-1.0,0,0,0.1,45,3,0,0,0,0,0,1,0,0,0,0,0.272,0,0,0,0,0,0.0,0,0,0.0,0
invictus_enriched.csv:1386,bert-jan,2023-07-10 12:07:58+00:00,0,1,0.8,2,1,1.0,0,0.22361111111111112,1.0,1.2246467991473532e-16,-1.0,0,0,0.1,23,1,0,0,0,0,1,1,0,0,0,0,0.0026666666666666666,0,0,0,0,0,0.0,0,0,0.0,0
invictus_enriched.csv:1387,bert-jan,2023-07-10 12:07:58+00:00,0,1,0.8,2,1,1.0,0,0.22361111111111112,1.0,1.2246467991473532e-16,-1.0,0,0,0.1,127,1,0,0,0,0,1,1,0,0,0,0,0.07866666666666666,0,0,0,0,0,0.0,0,0,0.0,0
invictus_enriched.csv:1388,bert-jan,2023-07-10 12:07:58+00:00,0,1,0.8,2,1,1.0,0,0.22361111111111112,1.0,1.2246467991473532e-16,-1.0,0,0,0.1,23,1,0,0,0,0,1,1,0,0,0,0,0.0026666666666666666,0,0,0,0,0,0.0,0,0,0.0,0
invictus_enriched.csv:1389,bert-jan,2023-07-10 12:07:58+00:00,0,1,0.8,2,1,1.0,0,0.22361111111111112,1.0,1.2246467991473532e-16,-1.0,0,0,0.1,83,6,0,0,1,0,0,1,0,0,0,0,0.0026666666666666666,0,0,0,0,0,0.0,0,0,0.0,0
invictus_enriched.csv:1390,bert-jan,2023-07-10 12:07:58+00:00,0,1,0.8,2,1,1.0,0,0.22361111111111112,1.0,1.2246467991473532e-16,-1.0,0,0,0.1,85,6,0,0,0,0,0,1,0,0,0,0,0.10533333333333333,0,0,0,0,0,0.0,0,0,0.0,0
invictus_enriched.csv:1391,bert-jan,2023-07-10 12:07:58+00:00,1,0,0.8,2,1,1.0,0,0.22361111111111112,1.0,1.2246467991473532e-16,-1.0,0,0,0.7,81,9,0,0,0,0,0,0,0,0,0,1,0.23466666666666666,0,0,0,1,0,0.0,0,0,0.0,0
invictus_enriched.csv:1392,bert-jan,2023-07-10 12:07:58+00:00,0,1,0.8,2,1,1.0,0,0.22361111111111112,1.0,1.2246467991473532e-16,-1.0,0,0,0.1,47,3,0,0,0,0,0,1,0,0,0,0,0.304,0,0,0,0,0,0.0,0,0,0.0,0
invictus_enriched.csv:1393,bert-jan,2023-07-10 12:07:58+00:00,0,1,0.8,2,1,1.0,0,0.22361111111111112,1.0,1.2246467991473532e-16,-1.0,0,0,0.1,83,6,0,0,1,0,0,1,0,0,0,0,0.0026666666666666666,0,0,0,0,0,0.0,0,0,0.0,0
invictus_enriched.csv:1394,bert-jan,2023-07-10 12:07:58+00:00,0,1,0.8,2,1,1.0,0,0.22361111111111112,1.0,1.2246467991473532e-16,-1.0,0,0,0.1,45,3,0,0,0,0,0,1,0,0,0,0,0.272,0,0,0,0,0,0.0,0,0,0.0,0
invictus_enriched.csv:1395,bert-jan,2023-07-10 12:07:58+00:00,0,1,0.8,2,1,1.0,0,0.22361111111111112,1.0,1.2246467991473532e-16,-1.0,0,0,0.1,85,6,0,0,0,0,0,1,0,0,0,0,0.10666666666666667,0,0,0,0,0,0.0,0,0,0.0,0
invictus_enriched.csv:1396,bert-jan,2023-07-10 12:07:58+00:00,1,0,0.8,2,1,1.0,0,0.22361111111111112,1.0,1.2246467991473532e-16,-1.0,0,0,0.7,81,9,0,0,0,0,0,0,0,0,0,1,0.23466666666666666,0,0,0,1,0,0.0,0,0,0.0,0
invictus_enriched.csv:1397,bert-jan,2023-07-10 12:07:58+00:00,1,0,0.8,2,1,1.0,0,0.22361111111111112,1.0,1.2246467991473532e-16,-1.0,0,0,0.7,81,9,0,0,0,0,0,0,0,0,0,1,0.23466666666666666,0,0,0,1,0,0.0,0,0,0.0,0
invictus_enriched.csv:1398,bert-jan,2023-07-10 12:07:58+00:00,0,1,0.8,2,1,1.0,0,0.22361111111111112,1.0,1.2246467991473532e-16,-1.0,0,0,0.1,83,6,0,0,1,0,0,1,0,0,0,0,0.0026666666666666666,0,0,0,0,0,0.0,0,0,0.0,0
invictus_enriched.csv:1399,bert-jan,2023-07-10 12:07:58+00:00,0,1,0.8,2,1,1.0,0,0.22361111111111112,1.0,1.2246467991473532e-16,-1.0,0,0,0.1,83,6,0,0,1,0,0,1,0,0,0,0,0.0026666666666666666,0,0,0,0,0,0.0,0,0,0.0,0
invictus_enriched.csv:1400,bert-jan,2023-07-10 12:07:58+00:00,0,1,0.8,2,1,1.0,0,0.22361111111111112,1.0,1.2246467991473532e-16,-1.0,0,0,0.1,127,1,0,0,0,0,1,1,0,0,0,0,0.06666666666666667,0,0,0,0,0,0.0,0,0,0.0,0
invictus_enriched.csv:1401,bert-jan,2023-07-10 12:07:58+00:00,0,1,0.8,2,1,1.0,0,0.22361111111111112,1.0,1.2246467991473532e-16,-1.0,0,0,0.1,43,3,0,0,0,0,0,1,0,0,0,0,0.26,0,0,0,0,0,0.0,0,0,0.0,0
invictus_enriched.csv:1402,bert-jan,2023-07-10 12:07:58+00:00,0,1,0.8,2,1,1.0,0,0.22361111111111112,1.0,1.2246467991473532e-16,-1.0,0,0,0.1,53,3,0,0,0,0,0,1,0,0,0,0,0.11333333333333333,0,0,0,0,0,0.0,0,0,0.0,0
invictus_enriched.csv:1403,bert-jan,2023-07-10 12:07:58+00:00,0,1,0.8,2,1,1.0,0,0.22361111111111112,1.0,1.2246467991473532e-16,-1.0,0,0,0.1,83,6,0,0,1,0,0,1,0,0,0,0,0.0026666666666666666,0,0,0,0,0,0.0,0,0,0.0,0
invictus_enriched.csv:1404,bert-jan,2023-07-10 12:07:58+00:00,0,1,0.8,2,1,1.0,0,0.22361111111111112,1.0,1.2246467991473532e-16,-1.0,0,0,0.1,83,6,0,0,1,0,0,1,0,0,0,0,0.0026666666666666666,0,0,0,0,0,0.0,0,0,0.0,0
invictus_enriched.csv:1405,bert-jan,2023-07-10 12:07:58+00:00,0,1,0.8,2,1,1.0,0,0.22361111111111112,1.0,1.2246467991473532e-16,-1.0,0,0,0.1,85,6,0,0,0,0,0,1,0,0,0,0,0.10666666666666667,0,0,0,0,0,0.0,0,0,0.0,0
invictus_enriched.csv:1406,bert-jan,2023-07-10 12:07:58+00:00,0,1,0.8,2,1,1.0,0,0.22361111111111112,1.0,1.2246467991473532e-16,-1.0,0,0,0.1,45,3,0,0,0,0,0,1,0,0,0,0,0.12266666666666666,0,0,0,0,0,0.0,0,0,0.0,0
invictus_enriched.csv:1407,bert-jan,2023-07-10 12:07:58+00:00,0,1,0.8,2,1,1.0,0,0.22361111111111112,1.0,1.2246467991473532e-16,-1.0,0,0,0.1,83,6,0,0,1,0,0,1,0,0,0,0,0.0026666666666666666,0,0,0,0,0,0.0,0,0,0.0,0
invictus_enriched.csv:1408,bert-jan,2023-07-10 12:07:58+00:00,0,1,0.8,2,1,1.0,0,0.22361111111111112,1.0,1.2246467991473532e-16,-1.0,0,0,0.1,45,3,0,0,0,0,0,1,0,0,0,0,0.12266666666666666,0,0,0,0,0,0.0,0,0,0.0,0
invictus_enriched.csv:1409,bert-jan,2023-07-10 12:07:58+00:00,0,1,0.8,2,1,1.0,0,0.22361111111111112,1.0,1.2246467991473532e-16,-1.0,0,0,0.1,52,3,0,0,0,0,0,1,0,0,0,0,0.136,0,0,0,0,0,0.0,0,0,0.0,0
invictus_enriched.csv:1410,bert-jan,2023-07-10 12:07:58+00:00,0,1,0.8,2,1,1.0,0,0.22361111111111112,1.0,1.2246467991473532e-16,-1.0,0,0,0.1,85,6,0,0,0,0,0,1,0,0,0,0,0.10666666666666667,0,0,0,0,0,0.0,0,0,0.0,0
invictus_enriched.csv:1411,bert-jan,2023-07-10 12:07:58+00:00,0,1,0.8,2,1,1.0,0,0.22361111111111112,1.0,1.2246467991473532e-16,-1.0,0,0,0.1,47,3,0,0,0,0,0,1,0,0,0,0,0.304,0,0,0,0,0,0.0,0,0,0.0,0
invictus_enriched.csv:1412,bert-jan,2023-07-10 12:07:58+00:00,0,1,0.8,2,1,1.0,0,0.22361111111111112,1.0,1.2246467991473532e-16,-1.0,0,0,0.1,23,1,0,0,0,0,1,1,0,0,0,0,0.0026666666666666666,0,0,0,0,0,0.0,0,0,0.0,0
invictus_enriched.csv:1413,bert-jan,2023-07-10 12:07:58+00:00,0,1,0.8,2,1,1.0,0,0.22361111111111112,1.0,1.2246467991473532e-16,-1.0,0,0,0.1,45,3,0,0,0,0,0,1,0,0,0,0,0.272,0,0,0,0,0,0.0,0,0,0.0,0
invictus_enriched.csv:1414,bert-jan,2023-07-10 12:07:58+00:00,0,1,0.8,2,1,1.0,0,0.22361111111111112,1.0,1.2246467991473532e-16,-1.0,0,0,0.1,43,3,0,0,0,0,0,1,0,0,0,0,0.26,0,0,0,0,0,0.0,0,0,0.0,0
invictus_enriched.csv:1415,bert-jan,2023-07-10 12:07:58+00:00,0,1,0.8,2,1,1.0,0,0.22361111111111112,1.0,1.2246467991473532e-16,-1.0,0,0,0.1,83,6,0,0,1,0,0,1,0,0,0,0,0.0026666666666666666,0,0,0,0,0,0.0,0,0,0.0,0
invictus_enriched.csv:1416,bert-jan,2023-07-10 12:07:58+00:00,0,1,0.8,2,1,1.0,0,0.22361111111111112,1.0,1.2246467991473532e-16,-1.0,0,0,0.1,46,1,0,0,0,0,1,1,0,0,0,0,0.09866666666666667,0,0,0,0,0,0.0,0,0,0.0,0
invictus_enriched.csv:1417,bert-jan,2023-07-10 12:07:58+00:00,0,1,0.8,2,1,1.0,0,0.22361111111111112,1.0,1.2246467991473532e-16,-1.0,0,0,0.1,43,3,0,0,0,0,0,1,0,0,0,0,0.26,0,0,0,0,0,0.0,0,0,0.0,0
invictus_enriched.csv:1418,bert-jan,2023-07-10 12:07:58+00:00,0,1,0.8,2,1,1.0,0,0.22361111111111112,1.0,1.2246467991473532e-16,-1.0,0,0,0.1,45,3,0,0,0,0,0,1,0,0,0,0,0.22266666666666668,0,0,0,0,0,0.0,0,0,0.0,0
invictus_enriched.csv:1419,bert-jan,2023-07-10 12:07:58+00:00,0,1,0.8,2,1,1.0,0,0.22361111111111112,1.0,1.2246467991473532e-16,-1.0,0,0,0.1,26,1,0,0,0,0,1,1,0,0,0,0,0.07866666666666666,0,0,0,0,0,0.0,0,0,0.0,0
invictus_enriched.csv:1420,bert-jan,2023-07-10 12:07:58+00:00,0,1,0.8,2,1,1.0,0,0.22361111111111112,1.0,1.2246467991473532e-16,-1.0,0,0,0.1,45,3,0,0,0,0,0,1,0,0,0,0,0.12266666666666666,0,0,0,0,0,0.0,0,0,0.0,0
invictus_enriched.csv:1421,bert-jan,2023-07-10 12:07:58+00:00,1,0,0.8,2,1,1.0,0,0.22361111111111112,1.0,1.2246467991473532e-16,-1.0,0,0,0.7,81,9,0,0,0,0,0,0,0,0,0,1,0.23466666666666666,0,0,0,1,0,0.0,0,0,0.0,0
invictus_enriched.csv:1422,bert-jan,2023-07-10 12:07:58+00:00,0,1,0.8,2,1,1.0,0,0.22361111111111112,1.0,1.2246467991473532e-16,-1.0,0,0,0.1,85,6,0,0,0,0,0,1,0,0,0,0,0.10533333333333333,0,0,0,0,0,0.0,0,0,0.0,0
invictus_enriched.csv:1423,bert-jan,2023-07-10 12:07:58+00:00,0,1,0.8,2,1,1.0,0,0.22361111111111112,1.0,1.2246467991473532e-16,-1.0,0,0,0.1,99,4,0,0,0,0,0,1,0,0,0,0,0.19066666666666668,0,0,0,0,0,0.0,0,0,0.0,0
invictus_enriched.csv:1424,bert-jan,2023-07-10 12:07:58+00:00,0,1,0.8,2,1,1.0,0,0.22361111111111112,1.0,1.2246467991473532e-16,-1.0,0,0,0.1,98,4,0,0,0,0,0,1,0,0,0,0,0.19066666666666668,0,0,0,0,0,0.0,0,0,0.0,0
invictus_enriched.csv:1425,bert-jan,2023-07-10 12:07:58+00:00,1,0,0.8,2,1,1.0,0,0.22361111111111112,1.0,1.2246467991473532e-16,-1.0,0,0,0.7,81,9,0,0,0,0,0,0,0,0,0,1,0.23466666666666666,0,0,0,1,0,0.0,0,0,0.0,0
invictus_enriched.csv:1426,bert-jan,2023-07-10 12:07:58+00:00,0,1,0.8,2,1,1.0,0,0.22361111111111112,1.0,1.2246467991473532e-16,-1.0,0,0,0.1,83,6,0,0,1,0,0,1,0,0,0,0,0.0026666666666666666,0,0,0,0,0,0.0,0,0,0.0,0
invictus_enriched.csv:1427,bert-jan,2023-07-10 12:07:58+00:00,0,1,0.8,2,1,1.0,0,0.22361111111111112,1.0,1.2246467991473532e-16,-1.0,0,0,0.1,83,6,0,0,1,0,0,1,0,0,0,0,0.0026666666666666666,0,0,0,0,0,0.0,0,0,0.0,0
invictus_enriched.csv:1428,bert-jan,2023-07-10 12:07:58+00:00,0,1,0.8,2,1,1.0,0,0.22361111111111112,1.0,1.2246467991473532e-16,-1.0,0,0,0.1,85,6,0,0,0,0,0,1,0,0,0,0,0.10666666666666667,0,0,0,0,0,0.0,0,0,0.0,0
invictus_enriched.csv:1429,bert-jan,2023-07-10 12:07:58+00:00,0,1,0.8,2,1,1.0,0,0.22361111111111112,1.0,1.2246467991473532e-16,-1.0,0,0,0.1,23,1,0,0,0,0,1,1,0,0,0,0,0.0026666666666666666,0,0,0,0,0,0.0,0,0,0.0,0
invictus_enriched.csv:1430,bert-jan,2023-07-10 12:07:58+00:00,0,1,0.8,2,1,1.0,0,0.22361111111111112,1.0,1.2246467991473532e-16,-1.0,0,0,0.1,45,3,0,0,0,0,0,1,0,0,0,0,0.272,0,0,0,0,0,0.0,0,0,0.0,0
invictus_enriched.csv:1431,bert-jan,2023-07-10 12:07:58+00:00,0,1,0.8,2,1,1.0,0,0.22361111111111112,1.0,1.2246467991473532e-16,-1.0,0,0,0.1,119,3,0,0,0,0,0,1,0,0,0,0,0.11866666666666667,0,0,0,0,0,0.0,0,0,0.0,0
invictus_enriched.csv:1432,bert-jan,2023-07-10 12:07:59+00:00,0,1,0.8,2,1,0.9997222222222222,1,0.2238888888888889,1.0,1.2246467991473532e-16,-1.0,0,0,0.1,132,1,1,0,0,0,1,0,0,0,0,0,0.12,0,0,0,0,0,0.0,0,0,0.0,0
invictus_enriched.csv:1433,bert-jan,2023-07-10 12:07:59+00:00,0,1,0.8,2,1,1.0,1,0.2238888888888889,1.0,1.2246467991473532e-16,-1.0,0,0,0.1,133,5,1,0,0,0,0,0,0,0,0,0,0.196,0,0,0,1,0,0.0,0,0,0.0,0
invictus_enriched.csv:1434,bert-jan,2023-07-10 12:07:59+00:00,0,1,0.8,2,1,1.0,0,0.2238888888888889,1.0,1.2246467991473532e-16,-1.0,0,0,0.1,100,4,0,0,1,0,0,1,0,0,0,0,0.18933333333333333,0,0,0,0,0,0.0,0,0,0.0,0
invictus_enriched.csv:1435,bert-jan,2023-07-10 12:07:59+00:00,0,1,0.8,2,1,1.0,0,0.2238888888888889,1.0,1.2246467991473532e-16,-1.0,0,0,0.1,47,3,0,0,0,0,0,1,0,0,0,0,0.304,0,0,0,0,0,0.0,0,0,0.0,0
invictus_enriched.csv:1436,bert-jan,2023-07-10 12:07:59+00:00,0,1,0.8,2,1,1.0,0,0.2238888888888889,1.0,1.2246467991473532e-16,-1.0,0,0,0.1,52,3,0,0,0,0,0,1,0,0,0,0,0.136,0,0,0,0,0,0.0,0,0,0.0,0
invictus_enriched.csv:1437,bert-jan,2023-07-10 12:07:59+00:00,0,1,0.8,2,1,1.0,0,0.2238888888888889,1.0,1.2246467991473532e-16,-1.0,0,0,0.1,133,5,1,0,0,0,0,0,0,0,0,0,0.19466666666666665,0,0,0,1,0,0.0,0,0,0.0,0
invictus_enriched.csv:1438,bert-jan,2023-07-10 12:07:59+00:00,0,1,0.8,2,1,1.0,0,0.2238888888888889,1.0,1.2246467991473532e-16,-1.0,0,0,0.1,45,3,0,0,0,0,0,1,0,0,0,0,0.12266666666666666,0,0,0,0,0,0.0,0,0,0.0,0
invictus_enriched.csv:1439,bert-jan,2023-07-10 12:07:59+00:00,0,1,0.8,2,1,1.0,0,0.2238888888888889,1.0,1.2246467991473532e-16,-1.0,0,0,0.1,28,1,0,0,0,0,1,1,0,0,0,0,0.06266666666666666,0,0,0,0,0,0.0,0,0,0.0,0
invictus_enriched.csv:1440,bert-jan,2023-07-10 12:07:59+00:00,0,1,0.8,2,1,1.0,0,0.2238888888888889,1.0,1.2246467991473532e-16,-1.0,0,0,0.1,133,5,1,0,0,0,0,0,0,0,0,0,0.19466666666666665,0,0,0,1,0,0.0,0,0,0.0,0
invictus_enriched.csv:1441,bert-jan,2023-07-10 12:07:59+00:00,0,1,0.8,2,1,1.0,0,0.2238888888888889,1.0,1.2246467991473532e-16,-1.0,0,0,0.1,133,5,1,0,0,0,0,0,0,0,0,0,0.196,0,0,0,1,0,0.0,0,0,0.0,0
invictus_enriched.csv:1442,bert-jan,2023-07-10 12:07:59+00:00,0,1,0.8,2,1,1.0,0,0.2238888888888889,1.0,1.2246467991473532e-16,-1.0,0,0,0.1,133,5,1,0,0,0,0,0,0,0,0,0,0.196,0,0,0,1,0,0.0,0,0,0.0,0
invictus_enriched.csv:1443,bert-jan,2023-07-10 12:07:59+00:00,0,1,0.8,2,1,1.0,0,0.2238888888888889,1.0,1.2246467991473532e-16,-1.0,0,0,0.1,45,3,0,0,0,0,0,1,0,0,0,0,0.12266666666666666,0,0,0,0,0,0.0,0,0,0.0,0
invictus_enriched.csv:1444,bert-jan,2023-07-10 12:07:59+00:00,0,1,0.8,2,1,1.0,0,0.2238888888888889,1.0,1.2246467991473532e-16,-1.0,0,0,0.1,133,5,1,0,0,0,0,0,0,0,0,0,0.19466666666666665,0,0,0,1,0,0.0,0,0,0.0,0
invictus_enriched.csv:1445,bert-jan,2023-07-10 12:07:59+00:00,0,1,0.8,2,1,1.0,0,0.2238888888888889,1.0,1.2246467991473532e-16,-1.0,0,0,0.1,53,3,0,0,0,0,0,1,0,0,0,0,0.11333333333333333,0,0,0,0,0,0.0,0,0,0.0,0
invictus_enriched.csv:1447,bert-jan,2023-07-10 12:07:59+00:00,0,1,0.8,2,1,1.0,0,0.2238888888888889,1.0,1.2246467991473532e-16,-1.0,0,0,0.1,28,1,0,0,0,0,1,1,0,0,0,0,0.06666666666666667,0,0,0,0,0,0.0,0,0,0.0,0
invictus_enriched.csv:1448,bert-jan,2023-07-10 12:07:59+00:00,0,1,0.8,2,1,1.0,0,0.2238888888888889,1.0,1.2246467991473532e-16,-1.0,0,0,0.1,83,6,0,0,1,0,0,1,0,0,0,0,0.0026666666666666666,0,0,0,0,0,0.0,0,0,0.0,0
invictus_enriched.csv:1449,bert-jan,2023-07-10 12:07:59+00:00,0,1,0.8,2,1,1.0,0,0.2238888888888889,1.0,1.2246467991473532e-16,-1.0,0,0,0.1,133,5,1,0,0,0,0,0,0,0,0,0,0.196,0,0,0,1,0,0.0,0,0,0.0,0
invictus_enriched.csv:1450,bert-jan,2023-07-10 12:07:59+00:00,0,1,0.8,2,1,1.0,0,0.2238888888888889,1.0,1.2246467991473532e-16,-1.0,0,0,0.1,133,5,1,0,0,0,0,0,0,0,0,0,0.19466666666666665,0,0,0,1,0,0.0,0,0,0.0,0
invictus_enriched.csv:1451,bert-jan,2023-07-10 12:07:59+00:00,0,1,0.8,2,1,1.0,0,0.2238888888888889,1.0,1.2246467991473532e-16,-1.0,0,0,0.1,133,5,1,0,0,0,0,0,0,0,0,0,0.196,0,0,0,1,0,0.0,0,0,0.0,0
invictus_enriched.csv:1452,bert-jan,2023-07-10 12:07:59+00:00,0,1,0.8,2,1,1.0,0,0.2238888888888889,1.0,1.2246467991473532e-16,-1.0,0,0,0.1,52,3,0,0,0,0,0,1,0,0,0,0,0.136,0,0,0,0,0,0.0,0,0,0.0,0
invictus_enriched.csv:1453,bert-jan,2023-07-10 12:07:59+00:00,0,1,0.8,2,1,1.0,0,0.2238888888888889,1.0,1.2246467991473532e-16,-1.0,0,0,0.1,60,3,0,0,0,0,0,1,0,0,0,0,0.13866666666666666,0,0,0,0,0,0.0,0,0,0.0,0
invictus_enriched.csv:1454,bert-jan,2023-07-10 12:07:59+00:00,0,1,0.8,2,1,1.0,0,0.2238888888888889,1.0,1.2246467991473532e-16,-1.0,0,0,0.1,130,1,1,0,0,0,1,0,0,0,0,0,0.07866666666666666,0,0,0,0,0,0.0,0,0,0.0,0
invictus_enriched.csv:1455,bert-jan,2023-07-10 12:07:59+00:00,0,1,0.8,2,1,1.0,0,0.2238888888888889,1.0,1.2246467991473532e-16,-1.0,0,0,0.1,45,3,0,0,0,0,0,1,0,0,0,0,0.22266666666666668,0,0,0,0,0,0.0,0,0,0.0,0
invictus_enriched.csv:1456,bert-jan,2023-07-10 12:07:59+00:00,0,1,0.8,2,1,1.0,0,0.2238888888888889,1.0,1.2246467991473532e-16,-1.0,0,0,0.1,83,6,0,0,1,0,0,1,0,0,0,0,0.0026666666666666666,0,0,0,0,0,0.0,0,0,0.0,0
invictus_enriched.csv:1457,bert-jan,2023-07-10 12:07:59+00:00,0,1,0.8,2,1,1.0,0,0.2238888888888889,1.0,1.2246467991473532e-16,-1.0,0,0,0.1,23,1,0,0,0,0,1,1,0,0,0,0,0.0026666666666666666,0,0,0,0,0,0.0,0,0,0.0,0
invictus_enriched.csv:1458,bert-jan,2023-07-10 12:07:59+00:00,0,1,0.8,2,1,1.0,0,0.2238888888888889,1.0,1.2246467991473532e-16,-1.0,0,0,0.1,45,3,0,0,0,0,0,1,0,0,0,0,0.12266666666666666,0,0,0,0,0,0.0,0,0,0.0,0
invictus_enriched.csv:1459,bert-jan,2023-07-10 12:07:59+00:00,0,1,0.8,2,1,1.0,0,0.2238888888888889,1.0,1.2246467991473532e-16,-1.0,0,0,0.1,127,1,0,0,0,0,1,1,0,0,0,0,0.06266666666666666,0,0,0,0,0,0.0,0,0,0.0,0
invictus_enriched.csv:1460,bert-jan,2023-07-10 12:07:59+00:00,0,1,0.8,2,1,1.0,0,0.2238888888888889,1.0,1.2246467991473532e-16,-1.0,0,0,0.1,53,3,0,0,0,0,0,1,0,0,0,0,0.11333333333333333,0,0,0,0,0,0.0,0,0,0.0,0
invictus_enriched.csv:1461,bert-jan,2023-07-10 12:07:59+00:00,0,1,0.8,2,1,1.0,0,0.2238888888888889,1.0,1.2246467991473532e-16,-1.0,0,0,0.1,101,4,0,0,0,0,0,1,0,0,0,0,0.196,0,0,0,0,0,0.0,0,0,0.0,0
invictus_enriched.csv:1462,bert-jan,2023-07-10 12:07:59+00:00,0,1,0.8,2,1,1.0,0,0.2238888888888889,1.0,1.2246467991473532e-16,-1.0,0,0,0.1,133,5,1,0,0,0,0,0,0,0,0,0,0.196,0,0,0,1,0,0.0,0,0,0.0,0
invictus_enriched.csv:1463,bert-jan,2023-07-10 12:07:59+00:00,0,1,0.8,2,1,1.0,0,0.2238888888888889,1.0,1.2246467991473532e-16,-1.0,0,0,0.1,53,3,0,0,0,0,0,1,0,0,0,0,0.11333333333333333,0,0,0,0,0,0.0,0,0,0.0,0
invictus_enriched.csv:1464,bert-jan,2023-07-10 12:07:59+00:00,0,1,0.8,2,1,1.0,0,0.2238888888888889,1.0,1.2246467991473532e-16,-1.0,0,0,0.1,59,3,0,0,0,0,0,1,0,0,0,0,0.128,0,0,0,0,0,0.0,0,0,0.0,0
invictus_enriched.csv:1465,bert-jan,2023-07-10 12:07:59+00:00,0,1,0.8,2,1,1.0,0,0.2238888888888889,1.0,1.2246467991473532e-16,-1.0,0,0,0.1,100,4,0,0,1,0,0,1,0,0,0,0,0.18933333333333333,0,0,0,0,0,0.0,0,0,0.0,0
invictus_enriched.csv:1466,bert-jan,2023-07-10 12:07:59+00:00,0,1,0.8,2,1,1.0,0,0.2238888888888889,1.0,1.2246467991473532e-16,-1.0,0,0,0.1,83,6,0,0,1,0,0,1,0,0,0,0,0.0026666666666666666,0,0,0,0,0,0.0,0,0,0.0,0
invictus_enriched.csv:1467,bert-jan,2023-07-10 12:07:59+00:00,0,1,0.8,2,1,1.0,0,0.2238888888888889,1.0,1.2246467991473532e-16,-1.0,0,0,0.1,133,5,1,0,0,0,0,0,0,0,0,0,0.19466666666666665,0,0,0,1,0,0.0,0,0,0.0,0
invictus_enriched.csv:1468,bert-jan,2023-07-10 12:07:59+00:00,0,1,0.8,2,1,1.0,0,0.2238888888888889,1.0,1.2246467991473532e-16,-1.0,0,0,0.1,53,3,0,0,0,0,0,1,0,0,0,0,0.11333333333333333,0,0,0,0,0,0.0,0,0,0.0,0
invictus_enriched.csv:1469,bert-jan,2023-07-10 12:07:59+00:00,0,1,0.8,2,1,1.0,0,0.2238888888888889,1.0,1.2246467991473532e-16,-1.0,0,0,0.1,83,6,0,0,1,0,0,1,0,0,0,0,0.0026666666666666666,0,0,0,0,0,0.0,0,0,0.0,0
invictus_enriched.csv:1470,bert-jan,2023-07-10 12:07:59+00:00,0,1,0.8,2,1,1.0,0,0.2238888888888889,1.0,1.2246467991473532e-16,-1.0,0,0,0.1,45,3,0,0,0,0,0,1,0,0,0,0,0.22266666666666668,0,0,0,0,0,0.0,0,0,0.0,0
invictus_enriched.csv:1471,bert-jan,2023-07-10 12:07:59+00:00,0,1,0.8,2,1,1.0,0,0.2238888888888889,1.0,1.2246467991473532e-16,-1.0,0,0,0.1,133,5,1,0,0,0,0,0,0,0,0,0,0.19466666666666665,0,0,0,1,0,0.0,0,0,0.0,0
invictus_enriched.csv:1472,bert-jan,2023-07-10 12:07:59+00:00,0,1,0.8,2,1,1.0,0,0.2238888888888889,1.0,1.2246467991473532e-16,-1.0,0,0,0.1,132,1,1,0,0,0,1,0,0,0,0,0,0.108,0,0,0,0,0,0.0,0,0,0.0,0
invictus_enriched.csv:1473,bert-jan,2023-07-10 12:07:59+00:00,0,1,0.8,2,1,1.0,0,0.2238888888888889,1.0,1.2246467991473532e-16,-1.0,0,0,0.1,133,5,1,0,0,0,0,0,0,0,0,0,0.19466666666666665,0,0,0,1,0,0.0,0,0,0.0,0
invictus_enriched.csv:1474,bert-jan,2023-07-10 12:07:59+00:00,0,1,0.8,2,1,1.0,0,0.2238888888888889,1.0,1.2246467991473532e-16,-1.0,0,0,0.1,2,4,0,0,0,0,0,1,0,0,0,0,0.18666666666666668,0,0,0,0,0,0.0,0,0,0.0,0
invictus_enriched.csv:1475,bert-jan,2023-07-10 12:07:59+00:00,0,1,0.8,2,1,1.0,0,0.2238888888888889,1.0,1.2246467991473532e-16,-1.0,0,0,0.1,133,5,1,0,0,0,0,0,0,0,0,0,0.196,0,0,0,1,0,0.0,0,0,0.0,0
invictus_enriched.csv:1476,bert-jan,2023-07-10 12:07:59+00:00,0,1,0.8,2,1,1.0,0,0.2238888888888889,1.0,1.2246467991473532e-16,-1.0,0,0,0.1,2,4,0,0,0,0,0,1,0,0,0,0,0.18666666666666668,0,0,0,0,0,0.0,0,0,0.0,0
invictus_enriched.csv:1477,bert-jan,2023-07-10 12:07:59+00:00,0,1,0.8,2,1,1.0,0,0.2238888888888889,1.0,1.2246467991473532e-16,-1.0,0,0,0.1,133,5,1,0,0,0,0,0,0,0,0,0,0.19466666666666665,0,0,0,1,0,0.0,0,0,0.0,0
invictus_enriched.csv:1478,bert-jan,2023-07-10 12:07:59+00:00,0,1,0.8,2,1,1.0,0,0.2238888888888889,1.0,1.2246467991473532e-16,-1.0,0,0,0.1,83,6,0,0,1,0,0,1,0,0,0,0,0.0026666666666666666,0,0,0,0,0,0.0,0,0,0.0,0
invictus_enriched.csv:1479,bert-jan,2023-07-10 12:07:59+00:00,0,1,0.8,2,1,1.0,0,0.2238888888888889,1.0,1.2246467991473532e-16,-1.0,0,0,0.1,133,5,1,0,0,0,0,0,0,0,0,0,0.19466666666666665,0,0,0,1,0,0.0,0,0,0.0,0
invictus_enriched.csv:1480,bert-jan,2023-07-10 12:07:59+00:00,0,1,0.8,2,1,1.0,0,0.2238888888888889,1.0,1.2246467991473532e-16,-1.0,0,0,0.1,130,1,1,0,0,0,1,0,0,0,0,0,0.06666666666666667,0,0,0,0,0,0.0,0,0,0.0,0
invictus_enriched.csv:1481,bert-jan,2023-07-10 12:07:59+00:00,0,1,0.8,2,1,1.0,0,0.2238888888888889,1.0,1.2246467991473532e-16,-1.0,0,0,0.1,83,6,0,0,1,0,0,1,0,0,0,0,0.0026666666666666666,0,0,0,0,0,0.0,0,0,0.0,0
invictus_enriched.csv:1482,bert-jan,2023-07-10 12:07:59+00:00,0,1,0.8,2,1,1.0,0,0.2238888888888889,1.0,1.2246467991473532e-16,-1.0,0,0,0.1,133,5,1,0,0,0,0,0,0,0,0,0,0.196,0,0,0,1,0,0.0,0,0,0.0,0
invictus_enriched.csv:1483,bert-jan,2023-07-10 12:07:59+00:00,0,1,0.8,2,1,1.0,0,0.2238888888888889,1.0,1.2246467991473532e-16,-1.0,0,0,0.1,83,6,0,0,1,0,0,1,0,0,0,0,0.0026666666666666666,0,0,0,0,0,0.0,0,0,0.0,0
invictus_enriched.csv:1484,bert-jan,2023-07-10 12:07:59+00:00,0,1,0.8,2,1,1.0,0,0.2238888888888889,1.0,1.2246467991473532e-16,-1.0,0,0,0.1,45,3,0,0,0,0,0,1,0,0,0,0,0.12266666666666666,0,0,0,0,0,0.0,0,0,0.0,0
invictus_enriched.csv:1485,bert-jan,2023-07-10 12:07:59+00:00,0,1,0.8,2,1,1.0,0,0.2238888888888889,1.0,1.2246467991473532e-16,-1.0,0,0,0.1,45,3,0,0,0,0,0,1,0,0,0,0,0.12266666666666666,0,0,0,0,0,0.0,0,0,0.0,0
invictus_enriched.csv:1486,bert-jan,2023-07-10 12:08:00+00:00,0,1,0.8,2,1,0.9997222222222222,0,0.22416666666666665,1.0,1.2246467991473532e-16,-1.0,0,0,0.1,45,3,0,0,0,0,0,1,0,0,0,0,0.12266666666666666,0,0,0,0,0,0.0,0,0,0.0,0
invictus_enriched.csv:1487,bert-jan,2023-07-10 12:08:00+00:00,0,1,0.8,2,1,1.0,0,0.22416666666666665,1.0,1.2246467991473532e-16,-1.0,0,0,0.1,83,6,0,0,1,0,0,1,0,0,0,0,0.0026666666666666666,0,0,0,0,0,0.0,0,0,0.0,0
invictus_enriched.csv:1488,bert-jan,2023-07-10 12:08:00+00:00,0,1,0.8,2,1,1.0,1,0.22416666666666665,1.0,1.2246467991473532e-16,-1.0,0,0,0.1,134,3,1,0,0,0,0,0,0,0,0,0,0.04533333333333334,0,0,0,0,0,0.0,0,0,0.0,0
invictus_enriched.csv:1489,bert-jan,2023-07-10 12:08:00+00:00,0,1,0.8,2,1,1.0,0,0.22416666666666665,1.0,1.2246467991473532e-16,-1.0,0,0,0.1,126,1,1,0,0,0,1,0,0,0,0,0,0.19466666666666665,0,0,0,0,0,0.0,0,0,0.0,0
invictus_enriched.csv:1490,bert-jan,2023-07-10 12:08:00+00:00,0,1,0.8,2,1,1.0,0,0.22416666666666665,1.0,1.2246467991473532e-16,-1.0,0,0,0.2,63,3,0,0,0,0,0,1,0,0,0,0,0.11333333333333333,0,0,0,0,0,0.0,0,0,0.0,0
invictus_enriched.csv:1491,bert-jan,2023-07-10 12:08:00+00:00,0,1,0.8,2,1,1.0,0,0.22416666666666665,1.0,1.2246467991473532e-16,-1.0,0,0,0.1,45,3,0,0,0,0,0,1,0,0,0,0,0.22266666666666668,0,0,0,0,0,0.0,0,0,0.0,0
invictus_enriched.csv:1492,bert-jan,2023-07-10 12:08:00+00:00,0,1,0.8,2,1,1.0,0,0.22416666666666665,1.0,1.2246467991473532e-16,-1.0,0,0,0.1,104,4,0,0,1,0,0,1,0,0,0,0,0.192,0,0,0,0,0,0.0,0,0,0.0,0
invictus_enriched.csv:1493,bert-jan,2023-07-10 12:08:00+00:00,0,1,0.8,2,1,1.0,0,0.22416666666666665,1.0,1.2246467991473532e-16,-1.0,0,0,0.1,23,1,0,0,0,0,1,1,0,0,0,0,0.0026666666666666666,0,0,0,0,0,0.0,0,0,0.0,0
invictus_enriched.csv:1494,bert-jan,2023-07-10 12:08:00+00:00,0,1,0.8,2,1,1.0,1,0.22416666666666665,1.0,1.2246467991473532e-16,-1.0,0,0,0.1,135,0,1,0,0,0,0,0,0,0,0,0,0.068,0,0,0,0,0,0.0,0,0,0.0,0
invictus_enriched.csv:1495,bert-jan,2023-07-10 12:08:00+00:00,0,1,0.8,2,1,1.0,0,0.22416666666666665,1.0,1.2246467991473532e-16,-1.0,0,0,0.1,60,3,0,0,0,0,0,1,0,0,0,0,0.13866666666666666,0,0,0,0,0,0.0,0,0,0.0,0
invictus_enriched.csv:1496,bert-jan,2023-07-10 12:08:00+00:00,0,1,0.8,2,1,1.0,0,0.22416666666666665,1.0,1.2246467991473532e-16,-1.0,0,0,0.1,64,3,0,0,0,0,0,1,0,0,0,0,0.25466666666666665,0,0,0,0,0,0.0,0,0,0.0,0
invictus_enriched.csv:1497,bert-jan,2023-07-10 12:08:00+00:00,0,1,0.8,2,1,1.0,0,0.22416666666666665,1.0,1.2246467991473532e-16,-1.0,0,0,0.1,45,3,0,0,0,0,0,1,0,0,0,0,0.12266666666666666,0,0,0,0,0,0.0,0,0,0.0,0
invictus_enriched.csv:1498,bert-jan,2023-07-10 12:08:00+00:00,0,1,0.8,2,1,1.0,0,0.22416666666666665,1.0,1.2246467991473532e-16,-1.0,0,0,0.1,132,1,1,0,0,0,1,0,0,0,0,0,0.14933333333333335,0,0,0,0,0,0.0,0,0,0.0,0
invictus_enriched.csv:1499,bert-jan,2023-07-10 12:08:00+00:00,0,1,0.8,2,1,1.0,0,0.22416666666666665,1.0,1.2246467991473532e-16,-1.0,0,0,0.1,83,6,0,0,1,0,0,1,0,0,0,0,0.0026666666666666666,0,0,0,0,0,0.0,0,0,0.0,0
invictus_enriched.csv:1500,bert-jan,2023-07-10 12:08:00+00:00,0,1,0.8,2,1,1.0,0,0.22416666666666665,1.0,1.2246467991473532e-16,-1.0,0,0,0.1,102,4,0,0,1,0,0,1,0,0,0,0,0.192,0,0,0,0,0,0.0,0,0,0.0,0
invictus_enriched.csv:1501,bert-jan,2023-07-10 12:08:00+00:00,0,1,0.8,2,1,1.0,0,0.22416666666666665,1.0,1.2246467991473532e-16,-1.0,0,0,0.1,45,3,0,0,0,0,0,1,0,0,0,0,0.12266666666666666,0,0,0,0,0,0.0,0,0,0.0,0
invictus_enriched.csv:1502,bert-jan,2023-07-10 12:08:00+00:00,0,1,0.8,2,1,1.0,0,0.22416666666666665,1.0,1.2246467991473532e-16,-1.0,0,0,0.1,104,4,0,0,1,0,0,1,0,0,0,0,0.192,0,0,0,0,0,0.0,0,0,0.0,0
invictus_enriched.csv:1503,bert-jan,2023-07-10 12:08:00+00:00,0,1,0.8,2,1,1.0,0,0.22416666666666665,1.0,1.2246467991473532e-16,-1.0,0,0,0.1,59,3,0,0,0,0,0,1,0,0,0,0,0.128,0,0,0,0,0,0.0,0,0,0.0,0
invictus_enriched.csv:1504,bert-jan,2023-07-10 12:08:00+00:00,0,1,0.8,2,1,1.0,0,0.22416666666666665,1.0,1.2246467991473532e-16,-1.0,0,0,0.1,103,4,0,0,0,0,0,1,0,0,0,0,0.19066666666666668,0,0,0,0,0,0.0,0,0,0.0,0
invictus_enriched.csv:1505,bert-jan,2023-07-10 12:08:00+00:00,0,1,0.8,2,1,1.0,0,0.22416666666666665,1.0,1.2246467991473532e-16,-1.0,0,0,0.1,103,4,0,0,0,0,0,1,0,0,0,0,0.19066666666666668,0,0,0,0,0,0.0,0,0,0.0,0
invictus_enriched.csv:1506,bert-jan,2023-07-10 12:08:00+00:00,0,1,0.8,2,1,1.0,0,0.22416666666666665,1.0,1.2246467991473532e-16,-1.0,0,0,0.1,127,1,0,0,0,0,1,1,0,0,0,0,0.072,0,0,0,0,0,0.0,0,0,0.0,0
invictus_enriched.csv:1507,bert-jan,2023-07-10 12:08:00+00:00,0,1,0.8,2,1,1.0,0,0.22416666666666665,1.0,1.2246467991473532e-16,-1.0,0,0,0.2,63,3,0,0,0,0,0,1,0,0,0,0,0.11333333333333333,0,0,0,0,0,0.0,0,0,0.0,0
invictus_enriched.csv:1508,bert-jan,2023-07-10 12:08:00+00:00,0,1,0.8,2,1,1.0,0,0.22416666666666665,1.0,1.2246467991473532e-16,-1.0,0,0,0.1,45,3,0,0,0,0,0,1,0,0,0,0,0.22266666666666668,0,0,0,0,0,0.0,0,0,0.0,0
invictus_enriched.csv:1509,bert-jan,2023-07-10 12:08:00+00:00,0,1,0.8,2,1,1.0,0,0.22416666666666665,1.0,1.2246467991473532e-16,-1.0,0,0,0.1,130,1,1,0,0,0,1,0,0,0,0,0,0.06266666666666666,0,0,0,0,0,0.0,0,0,0.0,0
invictus_enriched.csv:1510,bert-jan,2023-07-10 12:08:01+00:00,0,1,0.8,2,1,0.9997222222222222,1,0.22444444444444445,1.0,1.2246467991473532e-16,-1.0,0,0,0.1,136,1,0,0,0,0,1,1,0,0,0,0,0.12133333333333333,0,0,0,0,0,0.0,0,0,0.0,0
invictus_enriched.csv:1511,bert-jan,2023-07-10 12:08:01+00:00,0,1,0.8,2,1,1.0,0,0.22444444444444445,1.0,1.2246467991473532e-16,-1.0,0,0,0.1,83,6,0,0,0,0,0,1,0,0,0,0,0.18,0,0,0,0,0,0.0,0,0,0.0,0
invictus_enriched.csv:1512,bert-jan,2023-07-10 12:08:01+00:00,0,1,0.8,2,1,1.0,0,0.22444444444444445,1.0,1.2246467991473532e-16,-1.0,0,0,0.1,28,1,0,0,0,0,1,1,0,0,0,0,0.072,0,0,0,0,0,0.0,0,0,0.0,0
invictus_enriched.csv:1513,bert-jan,2023-07-10 12:08:01+00:00,0,1,0.8,2,1,1.0,0,0.22444444444444445,1.0,1.2246467991473532e-16,-1.0,0,0,0.1,64,3,0,0,0,0,0,1,0,0,0,0,0.25466666666666665,0,0,0,0,0,0.0,0,0,0.0,0
invictus_enriched.csv:1514,bert-jan,2023-07-10 12:08:01+00:00,0,1,0.8,2,1,1.0,0,0.22444444444444445,1.0,1.2246467991473532e-16,-1.0,0,0,0.1,83,6,0,0,0,0,0,1,0,0,0,0,0.18133333333333335,0,0,0,0,0,0.0,0,0,0.0,0
invictus_enriched.csv:1515,bert-jan,2023-07-10 12:08:01+00:00,0,1,0.8,2,1,1.0,0,0.22444444444444445,1.0,1.2246467991473532e-16,-1.0,0,0,0.1,130,1,1,0,0,0,1,0,0,0,0,0,0.07333333333333333,0,0,0,0,0,0.0,0,0,0.0,0
invictus_enriched.csv:1516,bert-jan,2023-07-10 12:08:01+00:00,0,1,0.8,2,1,1.0,0,0.22444444444444445,1.0,1.2246467991473532e-16,-1.0,0,0,0.1,93,4,0,0,0,0,0,1,0,0,0,0,0.18666666666666668,0,0,0,0,0,0.0,0,0,0.0,0
invictus_enriched.csv:1517,bert-jan,2023-07-10 12:08:01+00:00,0,1,0.8,2,1,1.0,0,0.22444444444444445,1.0,1.2246467991473532e-16,-1.0,0,0,0.1,27,1,0,0,0,0,1,1,0,0,0,0,0.07333333333333333,0,0,0,0,1,0.0,0,0,0.0,0
invictus_enriched.csv:1518,bert-jan,2023-07-10 12:08:01+00:00,0,1,0.8,2,1,1.0,0,0.22444444444444445,1.0,1.2246467991473532e-16,-1.0,0,0,0.1,83,6,0,0,0,0,0,1,0,0,0,0,0.18,0,0,0,0,0,0.0,0,0,0.0,0
invictus_enriched.csv:1519,bert-jan,2023-07-10 12:08:01+00:00,0,1,0.8,2,1,1.0,0,0.22444444444444445,1.0,1.2246467991473532e-16,-1.0,0,0,0.1,45,3,0,0,0,0,0,1,0,0,0,0,0.22266666666666668,0,0,0,0,0,0.0,0,0,0.0,0
invictus_enriched.csv:1520,bert-jan,2023-07-10 12:08:01+00:00,0,1,0.8,2,1,1.0,1,0.22444444444444445,1.0,1.2246467991473532e-16,-1.0,0,0,0.1,137,1,1,0,0,0,1,0,0,0,0,0,0.12133333333333333,0,0,0,0,0,0.0,0,0,0.0,0
invictus_enriched.csv:1521,bert-jan,2023-07-10 12:08:01+00:00,0,1,0.8,2,1,1.0,0,0.22444444444444445,1.0,1.2246467991473532e-16,-1.0,0,0,0.1,83,6,0,0,0,0,0,1,0,0,0,0,0.18133333333333335,0,0,0,0,0,0.0,0,0,0.0,0
invictus_enriched.csv:1522,bert-jan,2023-07-10 12:08:01+00:00,0,1,0.8,2,1,1.0,0,0.22444444444444445,1.0,1.2246467991473532e-16,-1.0,0,0,0.1,45,3,0,0,0,0,0,1,0,0,0,0,0.12266666666666666,0,0,0,0,0,0.0,0,0,0.0,0
invictus_enriched.csv:1523,bert-jan,2023-07-10 12:08:01+00:00,0,1,0.8,2,1,1.0,0,0.22444444444444445,1.0,1.2246467991473532e-16,-1.0,0,0,0.1,83,6,0,0,0,0,0,1,0,0,0,0,0.18133333333333335,0,0,0,0,0,0.0,0,0,0.0,0
invictus_enriched.csv:1524,bert-jan,2023-07-10 12:08:01+00:00,0,1,0.8,2,1,1.0,0,0.22444444444444445,1.0,1.2246467991473532e-16,-1.0,0,0,0.1,83,6,0,0,0,0,0,1,0,0,0,0,0.18133333333333335,0,0,0,0,0,0.0,0,0,0.0,0
invictus_enriched.csv:1525,bert-jan,2023-07-10 12:08:01+00:00,0,1,0.8,2,1,1.0,0,0.22444444444444445,1.0,1.2246467991473532e-16,-1.0,0,0,0.1,45,3,0,0,0,0,0,1,0,0,0,0,0.12266666666666666,0,0,0,0,0,0.0,0,0,0.0,0
invictus_enriched.csv:1526,bert-jan,2023-07-10 12:08:01+00:00,0,1,0.8,2,1,1.0,0,0.22444444444444445,1.0,1.2246467991473532e-16,-1.0,0,0,0.1,127,1,0,0,0,0,1,1,0,0,0,0,0.07333333333333333,0,0,0,0,0,0.0,0,0,0.0,0
invictus_enriched.csv:1527,bert-jan,2023-07-10 12:08:01+00:00,0,1,0.8,2,1,1.0,1,0.22444444444444445,1.0,1.2246467991473532e-16,-1.0,0,0,0.1,138,3,1,0,0,0,0,0,0,0,0,0,0.05466666666666667,0,0,0,0,0,0.0,0,0,0.0,0
invictus_enriched.csv:1528,bert-jan,2023-07-10 12:08:01+00:00,0,1,0.8,2,1,1.0,1,0.22444444444444445,1.0,1.2246467991473532e-16,-1.0,0,0,0.1,139,3,1,0,0,0,0,0,0,0,0,0,0.06266666666666666,0,0,0,0,0,0.0,0,0,0.0,0
invictus_enriched.csv:1529,bert-jan,2023-07-10 12:08:01+00:00,0,1,0.8,2,1,1.0,0,0.22444444444444445,1.0,1.2246467991473532e-16,-1.0,0,0,0.1,60,3,0,0,0,0,0,1,0,0,0,0,0.18933333333333333,0,0,0,0,0,0.0,0,0,0.0,0
invictus_enriched.csv:1530,bert-jan,2023-07-10 12:08:01+00:00,0,1,0.8,2,1,1.0,0,0.22444444444444445,1.0,1.2246467991473532e-16,-1.0,0,0,0.1,45,3,0,0,0,0,0,1,0,0,0,0,0.12266666666666666,0,0,0,0,0,0.0,0,0,0.0,0
invictus_enriched.csv:1531,bert-jan,2023-07-10 12:08:01+00:00,0,1,0.8,2,1,1.0,0,0.22444444444444445,1.0,1.2246467991473532e-16,-1.0,0,0,0.1,87,6,0,0,0,0,0,1,0,0,0,0,0.12,0,0,0,0,0,0.0,0,0,0.0,0
invictus_enriched.csv:1532,bert-jan,2023-07-10 12:08:01+00:00,0,1,0.8,2,1,1.0,0,0.22444444444444445,1.0,1.2246467991473532e-16,-1.0,0,0,0.1,87,6,0,0,0,0,0,1,0,0,0,0,0.12133333333333333,0,0,0,0,0,0.0,0,0,0.0,0
invictus_enriched.csv:1533,bert-jan,2023-07-10 12:08:01+00:00,0,1,0.8,2,1,1.0,0,0.22444444444444445,1.0,1.2246467991473532e-16,-1.0,0,0,0.1,52,3,0,0,0,0,0,1,0,0,0,0,0.136,0,0,0,0,0,0.0,0,0,0.0,0
invictus_enriched.csv:1534,bert-jan,2023-07-10 12:08:01+00:00,0,1,0.8,2,1,1.0,0,0.22444444444444445,1.0,1.2246467991473532e-16,-1.0,0,0,0.1,130,1,1,0,0,0,1,0,0,0,0,0,0.072,0,0,0,0,0,0.0,0,0,0.0,0
invictus_enriched.csv:1535,bert-jan,2023-07-10 12:08:01+00:00,0,1,0.8,2,1,1.0,1,0.22444444444444445,1.0,1.2246467991473532e-16,-1.0,0,0,0.1,140,3,1,0,0,0,0,0,0,0,0,0,0.05333333333333334,0,0,0,0,0,0.0,0,0,0.0,0
invictus_enriched.csv:1536,bert-jan,2023-07-10 12:08:01+00:00,0,1,0.8,2,1,1.0,0,0.22444444444444445,1.0,1.2246467991473532e-16,-1.0,0,0,0.1,83,6,0,0,0,0,0,1,0,0,0,0,0.18133333333333335,0,0,0,0,0,0.0,0,0,0.0,0
invictus_enriched.csv:1537,bert-jan,2023-07-10 12:08:01+00:00,0,1,0.8,2,1,1.0,0,0.22444444444444445,1.0,1.2246467991473532e-16,-1.0,0,0,0.1,45,3,0,0,1,0,0,1,0,0,0,0,0.12266666666666666,0,0,0,0,0,0.0,0,0,0.0,0
invictus_enriched.csv:1538,bert-jan,2023-07-10 12:08:01+00:00,0,1,0.8,2,1,1.0,0,0.22444444444444445,1.0,1.2246467991473532e-16,-1.0,0,0,0.1,138,3,1,0,0,0,0,0,0,0,0,0,0.05466666666666667,0,0,0,0,0,0.0,0,0,0.0,0
invictus_enriched.csv:1539,bert-jan,2023-07-10 12:08:01+00:00,0,1,0.8,2,1,1.0,0,0.22444444444444445,1.0,1.2246467991473532e-16,-1.0,0,0,0.1,37,3,0,0,0,0,0,1,0,0,0,0,0.10133333333333333,0,0,0,0,0,0.0,0,0,0.0,0
invictus_enriched.csv:1540,bert-jan,2023-07-10 12:08:01+00:00,0,1,0.8,2,1,1.0,0,0.22444444444444445,1.0,1.2246467991473532e-16,-1.0,0,0,0.1,45,3,0,0,0,0,0,1,0,0,0,0,0.12266666666666666,0,0,0,0,0,0.0,0,0,0.0,0
invictus_enriched.csv:1541,bert-jan,2023-07-10 12:08:01+00:00,0,1,0.8,2,1,1.0,0,0.22444444444444445,1.0,1.2246467991473532e-16,-1.0,0,0,0.1,93,4,0,0,0,0,0,1,0,0,0,0,0.18666666666666668,0,0,0,0,0,0.0,0,0,0.0,0
invictus_enriched.csv:1542,bert-jan,2023-07-10 12:08:01+00:00,0,1,0.8,2,1,1.0,1,0.22444444444444445,1.0,1.2246467991473532e-16,-1.0,0,0,0.1,141,3,1,0,0,0,0,0,0,0,0,0,0.104,0,0,0,0,0,0.0,0,0,0.0,0
invictus_enriched.csv:1543,bert-jan,2023-07-10 12:08:01+00:00,0,1,0.8,2,1,1.0,0,0.22444444444444445,1.0,1.2246467991473532e-16,-1.0,0,0,0.1,60,3,0,0,0,0,0,1,0,0,0,0,0.30133333333333334,0,0,0,0,0,0.0,0,0,0.0,0
invictus_enriched.csv:1544,bert-jan,2023-07-10 12:08:02+00:00,0,1,0.8,2,1,0.9997222222222222,0,0.2247222222222222,1.0,1.2246467991473532e-16,-1.0,0,0,0.1,87,6,0,0,0,0,0,1,0,0,0,0,0.12,0,0,0,0,0,0.0,0,0,0.0,0
invictus_enriched.csv:1545,bert-jan,2023-07-10 12:08:02+00:00,1,0,0.8,2,1,1.0,0,0.2247222222222222,1.0,1.2246467991473532e-16,-1.0,0,0,0.7,81,9,0,0,0,0,0,0,0,0,0,1,0.23466666666666666,0,0,0,1,0,0.0,0,0,0.0,0
invictus_enriched.csv:1546,bert-jan,2023-07-10 12:08:02+00:00,0,1,0.8,2,1,1.0,0,0.2247222222222222,1.0,1.2246467991473532e-16,-1.0,0,0,0.1,87,6,0,0,0,0,0,1,0,0,0,0,0.12133333333333333,0,0,0,0,0,0.0,0,0,0.0,0
invictus_enriched.csv:1547,bert-jan,2023-07-10 12:08:02+00:00,0,1,0.8,2,1,1.0,0,0.2247222222222222,1.0,1.2246467991473532e-16,-1.0,0,0,0.1,66,3,0,0,0,0,0,1,0,0,0,0,0.10933333333333334,0,0,0,0,0,0.0,0,0,0.0,0
invictus_enriched.csv:1548,bert-jan,2023-07-10 12:08:02+00:00,1,0,0.8,2,1,1.0,0,0.2247222222222222,1.0,1.2246467991473532e-16,-1.0,0,0,0.7,81,9,0,0,0,0,0,0,0,0,0,1,0.23333333333333334,0,0,0,1,0,0.0,0,0,0.0,0
invictus_enriched.csv:1549,bert-jan,2023-07-10 12:08:02+00:00,0,1,0.8,2,1,1.0,0,0.2247222222222222,1.0,1.2246467991473532e-16,-1.0,0,0,0.1,66,3,0,0,0,0,0,1,0,0,0,0,0.10933333333333334,0,0,0,0,0,0.0,0,0,0.0,0
invictus_enriched.csv:1550,bert-jan,2023-07-10 12:08:02+00:00,0,1,0.8,2,1,1.0,0,0.2247222222222222,1.0,1.2246467991473532e-16,-1.0,0,0,0.1,87,6,0,0,0,0,0,1,0,0,0,0,0.12133333333333333,0,0,0,0,0,0.0,0,0,0.0,0
invictus_enriched.csv:1551,bert-jan,2023-07-10 12:08:02+00:00,0,1,0.8,2,1,1.0,0,0.2247222222222222,1.0,1.2246467991473532e-16,-1.0,0,0,0.1,83,6,0,0,1,0,0,1,0,0,0,0,0.0026666666666666666,0,0,0,0,0,0.0,0,0,0.0,0
invictus_enriched.csv:1552,bert-jan,2023-07-10 12:08:02+00:00,0,1,0.8,2,1,1.0,0,0.2247222222222222,1.0,1.2246467991473532e-16,-1.0,0,0,0.1,85,6,0,0,0,0,0,1,0,0,0,0,0.10666666666666667,0,0,0,0,0,0.0,0,0,0.0,0
invictus_enriched.csv:1553,bert-jan,2023-07-10 12:08:02+00:00,0,1,0.8,2,1,1.0,0,0.2247222222222222,1.0,1.2246467991473532e-16,-1.0,0,0,0.1,108,7,0,0,0,0,0,1,0,0,0,0,0.08133333333333333,0,0,0,0,0,0.0,0,0,0.0,0
invictus_enriched.csv:1554,bert-jan,2023-07-10 12:08:02+00:00,1,0,0.8,2,1,1.0,0,0.2247222222222222,1.0,1.2246467991473532e-16,-1.0,0,0,0.7,81,9,0,0,0,0,0,0,0,0,0,1,0.23466666666666666,0,0,0,1,0,0.0,0,0,0.0,0
invictus_enriched.csv:1555,bert-jan,2023-07-10 12:08:02+00:00,0,1,0.8,2,1,1.0,0,0.2247222222222222,1.0,1.2246467991473532e-16,-1.0,0,0,0.1,85,6,0,0,0,0,0,1,0,0,0,0,0.10666666666666667,0,0,0,0,0,0.0,0,0,0.0,0
invictus_enriched.csv:1556,bert-jan,2023-07-10 12:08:02+00:00,0,1,0.8,2,1,1.0,0,0.2247222222222222,1.0,1.2246467991473532e-16,-1.0,0,0,0.1,107,7,0,0,0,0,0,1,0,0,0,0,0.14666666666666667,0,0,0,0,0,0.0,0,0,0.0,0
invictus_enriched.csv:1557,bert-jan,2023-07-10 12:08:02+00:00,1,0,0.8,2,1,1.0,0,0.2247222222222222,1.0,1.2246467991473532e-16,-1.0,0,0,0.7,81,9,0,0,0,0,0,0,0,0,0,1,0.23333333333333334,0,0,0,1,0,0.0,0,0,0.0,0
invictus_enriched.csv:1558,bert-jan,2023-07-10 12:08:02+00:00,0,1,0.8,2,1,1.0,0,0.2247222222222222,1.0,1.2246467991473532e-16,-1.0,0,0,0.1,85,6,0,0,0,0,0,1,0,0,0,0,0.10533333333333333,0,0,0,0,0,0.0,0,0,0.0,0
invictus_enriched.csv:1559,bert-jan,2023-07-10 12:08:02+00:00,0,1,0.8,2,1,1.0,0,0.2247222222222222,1.0,1.2246467991473532e-16,-1.0,0,0,0.1,87,6,0,0,0,0,0,1,0,0,0,0,0.12133333333333333,0,0,0,0,0,0.0,0,0,0.0,0
invictus_enriched.csv:1560,bert-jan,2023-07-10 12:08:02+00:00,0,1,0.8,2,1,1.0,0,0.2247222222222222,1.0,1.2246467991473532e-16,-1.0,0,0,0.1,109,7,0,0,0,0,0,1,0,0,0,0,0.06666666666666667,0,0,0,0,0,0.0,0,0,0.0,0
invictus_enriched.csv:1561,bert-jan,2023-07-10 12:08:02+00:00,0,1,0.8,2,1,1.0,0,0.2247222222222222,1.0,1.2246467991473532e-16,-1.0,0,0,0.1,108,7,0,0,0,0,0,1,0,0,0,0,0.08133333333333333,0,0,0,0,0,0.0,0,0,0.0,0
invictus_enriched.csv:1562,bert-jan,2023-07-10 12:08:02+00:00,0,1,0.8,2,1,1.0,0,0.2247222222222222,1.0,1.2246467991473532e-16,-1.0,0,0,0.1,83,6,0,0,1,0,0,1,0,0,0,0,0.0026666666666666666,0,0,0,0,0,0.0,0,0,0.0,0
invictus_enriched.csv:1563,bert-jan,2023-07-10 12:08:02+00:00,0,1,0.8,2,1,1.0,0,0.2247222222222222,1.0,1.2246467991473532e-16,-1.0,0,0,0.1,87,6,0,0,0,0,0,1,0,0,0,0,0.12133333333333333,0,0,0,0,0,0.0,0,0,0.0,0
invictus_enriched.csv:1564,bert-jan,2023-07-10 12:08:02+00:00,0,1,0.8,2,1,1.0,0,0.2247222222222222,1.0,1.2246467991473532e-16,-1.0,0,0,0.1,45,3,0,0,1,0,0,1,0,0,0,0,0.12266666666666666,0,0,0,0,0,0.0,0,0,0.0,0
invictus_enriched.csv:1565,bert-jan,2023-07-10 12:08:02+00:00,0,1,0.8,2,1,1.0,0,0.2247222222222222,1.0,1.2246467991473532e-16,-1.0,0,0,0.1,83,6,0,0,1,0,0,1,0,0,0,0,0.0026666666666666666,0,0,0,0,0,0.0,0,0,0.0,0
invictus_enriched.csv:1566,bert-jan,2023-07-10 12:08:02+00:00,0,1,0.8,2,1,1.0,0,0.2247222222222222,1.0,1.2246467991473532e-16,-1.0,0,0,0.1,85,6,0,0,0,0,0,1,0,0,0,0,0.10666666666666667,0,0,0,0,0,0.0,0,0,0.0,0
invictus_enriched.csv:1567,bert-jan,2023-07-10 12:08:02+00:00,0,1,0.8,2,1,1.0,0,0.2247222222222222,1.0,1.2246467991473532e-16,-1.0,0,0,0.1,85,6,0,0,0,0,0,1,0,0,0,0,0.10666666666666667,0,0,0,0,0,0.0,0,0,0.0,0
invictus_enriched.csv:1568,bert-jan,2023-07-10 12:08:02+00:00,0,1,0.8,2,1,1.0,0,0.2247222222222222,1.0,1.2246467991473532e-16,-1.0,0,0,0.1,85,6,0,0,0,0,0,1,0,0,0,0,0.10666666666666667,0,0,0,0,0,0.0,0,0,0.0,0
invictus_enriched.csv:1569,bert-jan,2023-07-10 12:08:02+00:00,0,1,0.8,2,1,1.0,0,0.2247222222222222,1.0,1.2246467991473532e-16,-1.0,0,0,0.1,85,6,0,0,0,0,0,1,0,0,0,0,0.10666666666666667,0,0,0,0,0,0.0,0,0,0.0,0
invictus_enriched.csv:1570,bert-jan,2023-07-10 12:08:02+00:00,0,1,0.8,2,1,1.0,0,0.2247222222222222,1.0,1.2246467991473532e-16,-1.0,0,0,0.1,83,6,0,0,0,0,0,1,0,0,0,0,0.18133333333333335,0,0,0,0,0,0.0,0,0,0.0,0
invictus_enriched.csv:1571,bert-jan,2023-07-10 12:08:02+00:00,0,1,0.8,2,1,1.0,0,0.2247222222222222,1.0,1.2246467991473532e-16,-1.0,0,0,0.1,107,7,0,0,0,0,0,1,0,0,0,0,0.14666666666666667,0,0,0,0,0,0.0,0,0,0.0,0
invictus_enriched.csv:1572,bert-jan,2023-07-10 12:08:02+00:00,1,0,0.8,2,1,1.0,0,0.2247222222222222,1.0,1.2246467991473532e-16,-1.0,0,0,0.7,81,9,0,0,0,0,0,0,0,0,0,1,0.23466666666666666,0,0,0,1,0,0.0,0,0,0.0,0
invictus_enriched.csv:1573,bert-jan,2023-07-10 12:08:02+00:00,1,0,0.8,2,1,1.0,0,0.2247222222222222,1.0,1.2246467991473532e-16,-1.0,0,0,0.7,81,9,0,0,0,0,0,0,0,0,0,1,0.23333333333333334,0,0,0,1,0,0.0,0,0,0.0,0
invictus_enriched.csv:1574,bert-jan,2023-07-10 12:08:02+00:00,0,1,0.8,2,1,1.0,0,0.2247222222222222,1.0,1.2246467991473532e-16,-1.0,0,0,0.1,134,3,1,0,0,0,0,0,0,0,0,0,0.04533333333333334,0,0,0,0,0,0.0,0,0,0.0,0
invictus_enriched.csv:1575,bert-jan,2023-07-10 12:08:02+00:00,0,1,0.8,2,1,1.0,0,0.2247222222222222,1.0,1.2246467991473532e-16,-1.0,0,0,0.1,87,6,0,0,0,0,0,1,0,0,0,0,0.12133333333333333,0,0,0,0,0,0.0,0,0,0.0,0
invictus_enriched.csv:1576,bert-jan,2023-07-10 12:08:02+00:00,0,1,0.8,2,1,1.0,0,0.2247222222222222,1.0,1.2246467991473532e-16,-1.0,0,0,0.1,65,3,0,0,0,0,0,1,0,0,0,0,0.1,0,0,0,0,0,0.0,0,0,0.0,0
invictus_enriched.csv:1577,bert-jan,2023-07-10 12:08:02+00:00,0,1,0.8,2,1,1.0,0,0.2247222222222222,1.0,1.2246467991473532e-16,-1.0,0,0,0.1,140,3,1,0,0,0,0,0,0,0,0,0,0.05333333333333334,0,0,0,0,0,0.0,0,0,0.0,0
invictus_enriched.csv:1578,bert-jan,2023-07-10 12:08:02+00:00,0,1,0.8,2,1,1.0,0,0.2247222222222222,1.0,1.2246467991473532e-16,-1.0,0,0,0.1,45,3,0,0,1,0,0,1,0,0,0,0,0.12266666666666666,0,0,0,0,0,0.0,0,0,0.0,0
invictus_enriched.csv:1579,bert-jan,2023-07-10 12:08:02+00:00,0,1,0.8,2,1,1.0,0,0.2247222222222222,1.0,1.2246467991473532e-16,-1.0,0,0,0.1,85,6,0,0,0,0,0,1,0,0,0,0,0.10533333333333333,0,0,0,0,0,0.0,0,0,0.0,0
invictus_enriched.csv:1580,bert-jan,2023-07-10 12:08:02+00:00,0,1,0.8,2,1,1.0,0,0.2247222222222222,1.0,1.2246467991473532e-16,-1.0,0,0,0.1,83,6,0,0,0,0,0,1,0,0,0,0,0.18133333333333335,0,0,0,0,0,0.0,0,0,0.0,0
invictus_enriched.csv:1581,bert-jan,2023-07-10 12:08:02+00:00,0,1,0.8,2,1,1.0,1,0.2247222222222222,1.0,1.2246467991473532e-16,-1.0,0,0,0.1,142,3,1,0,0,0,0,0,0,0,0,0,0.06133333333333333,0,0,0,0,0,0.0,0,0,0.0,0
invictus_enriched.csv:1582,bert-jan,2023-07-10 12:08:02+00:00,0,1,0.8,2,1,1.0,0,0.2247222222222222,1.0,1.2246467991473532e-16,-1.0,0,0,0.1,45,3,0,0,1,0,0,1,0,0,0,0,0.12266666666666666,0,0,0,0,0,0.0,0,0,0.0,0
invictus_enriched.csv:1583,bert-jan,2023-07-10 12:08:02+00:00,0,1,0.8,2,1,1.0,0,0.2247222222222222,1.0,1.2246467991473532e-16,-1.0,0,0,0.1,87,6,0,0,0,0,0,1,0,0,0,0,0.12133333333333333,0,0,0,0,0,0.0,0,0,0.0,0
invictus_enriched.csv:1584,bert-jan,2023-07-10 12:08:02+00:00,1,0,0.8,2,1,1.0,0,0.2247222222222222,1.0,1.2246467991473532e-16,-1.0,0,0,0.7,81,9,0,0,0,0,0,0,0,0,0,1,0.23466666666666666,0,0,0,1,0,0.0,0,0,0.0,0
invictus_enriched.csv:1585,bert-jan,2023-07-10 12:08:02+00:00,1,0,0.8,2,1,1.0,0,0.2247222222222222,1.0,1.2246467991473532e-16,-1.0,0,0,0.7,81,9,0,0,0,0,0,0,0,0,0,1,0.23466666666666666,0,0,0,1,0,0.0,0,0,0.0,0
invictus_enriched.csv:1586,bert-jan,2023-07-10 12:08:02+00:00,0,1,0.8,2,1,1.0,0,0.2247222222222222,1.0,1.2246467991473532e-16,-1.0,0,0,0.1,87,6,0,0,0,0,0,1,0,0,0,0,0.12133333333333333,0,0,0,0,0,0.0,0,0,0.0,0
invictus_enriched.csv:1587,bert-jan,2023-07-10 12:08:02+00:00,1,0,0.8,2,1,1.0,0,0.2247222222222222,1.0,1.2246467991473532e-16,-1.0,0,0,0.7,81,9,0,0,0,0,0,0,0,0,0,1,0.23333333333333334,0,0,0,1,0,0.0,0,0,0.0,0
invictus_enriched.csv:1588,bert-jan,2023-07-10 12:08:02+00:00,0,1,0.8,2,1,1.0,0,0.2247222222222222,1.0,1.2246467991473532e-16,-1.0,0,0,0.1,85,6,0,0,0,0,0,1,0,0,0,0,0.10533333333333333,0,0,0,0,0,0.0,0,0,0.0,0
invictus_enriched.csv:1589,bert-jan,2023-07-10 12:08:02+00:00,0,1,0.8,2,1,1.0,0,0.2247222222222222,1.0,1.2246467991473532e-16,-1.0,0,0,0.1,85,6,0,0,0,0,0,1,0,0,0,0,0.10533333333333333,0,0,0,0,0,0.0,0,0,0.0,0
invictus_enriched.csv:1590,bert-jan,2023-07-10 12:08:02+00:00,1,0,0.8,2,1,1.0,0,0.2247222222222222,1.0,1.2246467991473532e-16,-1.0,0,0,0.7,81,9,0,0,0,0,0,0,0,0,0,1,0.23466666666666666,0,0,0,1,0,0.0,0,0,0.0,0
invictus_enriched.csv:1591,bert-jan,2023-07-10 12:08:03+00:00,0,1,0.8,2,1,0.9997222222222222,0,0.225,1.0,1.2246467991473532e-16,-1.0,0,0,0.1,83,6,0,0,1,0,0,1,0,0,0,0,0.0026666666666666666,0,0,0,0,0,0.0,0,0,0.0,0
invictus_enriched.csv:1592,bert-jan,2023-07-10 12:08:03+00:00,0,1,0.8,2,1,1.0,0,0.225,1.0,1.2246467991473532e-16,-1.0,0,0,0.1,110,7,0,0,0,0,0,1,0,0,0,0,0.07333333333333333,0,0,0,0,0,0.0,0,0,0.0,0
invictus_enriched.csv:1593,bert-jan,2023-07-10 12:08:03+00:00,1,0,0.8,2,1,1.0,0,0.225,1.0,1.2246467991473532e-16,-1.0,0,0,0.7,81,9,0,0,0,0,0,0,0,0,0,1,0.23466666666666666,0,0,0,1,0,0.0,0,0,0.0,0
invictus_enriched.csv:1594,bert-jan,2023-07-10 12:08:03+00:00,0,1,0.8,2,1,1.0,0,0.225,1.0,1.2246467991473532e-16,-1.0,0,0,0.1,83,6,0,0,1,0,0,1,0,0,0,0,0.0026666666666666666,0,0,0,0,0,0.0,0,0,0.0,0
invictus_enriched.csv:1595,bert-jan,2023-07-10 12:08:03+00:00,0,1,0.8,2,1,1.0,0,0.225,1.0,1.2246467991473532e-16,-1.0,0,0,0.1,67,3,0,0,0,0,0,1,0,0,0,0,0.14533333333333334,0,0,0,0,0,0.0,0,0,0.0,0
invictus_enriched.csv:1596,bert-jan,2023-07-10 12:08:03+00:00,0,1,0.8,2,1,1.0,0,0.225,1.0,1.2246467991473532e-16,-1.0,0,0,0.1,83,6,0,0,1,0,0,1,0,0,0,0,0.0026666666666666666,0,0,0,0,0,0.0,0,0,0.0,0
invictus_enriched.csv:1597,bert-jan,2023-07-10 12:08:03+00:00,0,1,0.8,2,1,1.0,0,0.225,1.0,1.2246467991473532e-16,-1.0,0,0,0.1,83,6,0,0,1,0,0,1,0,0,0,0,0.0026666666666666666,0,0,0,0,0,0.0,0,0,0.0,0
invictus_enriched.csv:1598,bert-jan,2023-07-10 12:08:03+00:00,0,1,0.8,2,1,1.0,0,0.225,1.0,1.2246467991473532e-16,-1.0,0,0,0.1,83,6,0,0,1,0,0,1,0,0,0,0,0.0026666666666666666,0,0,0,0,0,0.0,0,0,0.0,0
invictus_enriched.csv:1599,bert-jan,2023-07-10 12:08:03+00:00,0,1,0.8,2,1,1.0,0,0.225,1.0,1.2246467991473532e-16,-1.0,0,0,0.1,37,3,0,0,1,0,0,1,0,0,0,0,0.10133333333333333,0,0,0,0,0,0.0,0,0,0.0,0
invictus_enriched.csv:1600,bert-jan,2023-07-10 12:08:03+00:00,0,1,0.8,2,1,1.0,0,0.225,1.0,1.2246467991473532e-16,-1.0,0,0,0.1,65,3,0,0,0,0,0,1,0,0,0,0,0.08266666666666667,0,0,0,0,0,0.0,0,0,0.0,0
invictus_enriched.csv:1601,bert-jan,2023-07-10 12:08:03+00:00,0,1,0.8,2,1,1.0,0,0.225,1.0,1.2246467991473532e-16,-1.0,0,0,0.1,85,6,0,0,0,0,0,1,0,0,0,0,0.10666666666666667,0,0,0,0,0,0.0,0,0,0.0,0
invictus_enriched.csv:1602,bert-jan,2023-07-10 12:08:03+00:00,0,1,0.8,2,1,1.0,0,0.225,1.0,1.2246467991473532e-16,-1.0,0,0,0.1,83,6,0,0,1,0,0,1,0,0,0,0,0.0026666666666666666,0,0,0,0,0,0.0,0,0,0.0,0
invictus_enriched.csv:1603,bert-jan,2023-07-10 12:08:03+00:00,0,1,0.8,2,1,1.0,0,0.225,1.0,1.2246467991473532e-16,-1.0,0,0,0.1,83,6,0,0,1,0,0,1,0,0,0,0,0.0026666666666666666,0,0,0,0,0,0.0,0,0,0.0,0
invictus_enriched.csv:1604,bert-jan,2023-07-10 12:08:03+00:00,0,1,0.8,2,1,1.0,0,0.225,1.0,1.2246467991473532e-16,-1.0,0,0,0.1,65,3,0,0,0,0,0,1,0,0,0,0,0.08266666666666667,0,0,0,0,0,0.0,0,0,0.0,0
invictus_enriched.csv:1605,bert-jan,2023-07-10 12:08:03+00:00,0,1,0.8,2,1,1.0,0,0.225,1.0,1.2246467991473532e-16,-1.0,0,0,0.1,110,7,0,0,0,0,0,1,0,0,0,0,0.07333333333333333,0,0,0,0,0,0.0,0,0,0.0,0
invictus_enriched.csv:1606,bert-jan,2023-07-10 12:08:03+00:00,0,1,0.8,2,1,1.0,0,0.225,1.0,1.2246467991473532e-16,-1.0,0,0,0.1,83,6,0,0,1,0,0,1,0,0,0,0,0.0026666666666666666,0,0,0,0,0,0.0,0,0,0.0,0
invictus_enriched.csv:1607,bert-jan,2023-07-10 12:08:03+00:00,0,1,0.8,2,1,1.0,0,0.225,1.0,1.2246467991473532e-16,-1.0,0,0,0.1,65,3,0,0,0,0,0,1,0,0,0,0,0.1,0,0,0,0,0,0.0,0,0,0.0,0
invictus_enriched.csv:1608,bert-jan,2023-07-10 12:08:03+00:00,0,1,0.8,2,1,1.0,0,0.225,1.0,1.2246467991473532e-16,-1.0,0,0,0.1,83,6,0,0,1,0,0,1,0,0,0,0,0.0026666666666666666,0,0,0,0,0,0.0,0,0,0.0,0
invictus_enriched.csv:1609,bert-jan,2023-07-10 12:08:04+00:00,0,1,0.8,2,1,0.9997222222222222,0,0.22527777777777777,1.0,1.2246467991473532e-16,-1.0,0,0,1.0,91,7,1,0,0,0,0,0,1,0,0,0,0.06666666666666667,0,0,0,0,0,0.0,0,0,0.0,1
invictus_enriched.csv:1610,bert-jan,2023-07-10 12:08:04+00:00,0,1,0.8,2,1,1.0,0,0.22527777777777777,1.0,1.2246467991473532e-16,-1.0,0,0,0.1,83,6,0,0,1,0,0,1,0,0,0,0,0.0026666666666666666,0,0,0,0,0,0.0,0,0,0.0,0
invictus_enriched.csv:1611,bert-jan,2023-07-10 12:08:04+00:00,0,1,0.8,2,1,1.0,0,0.22527777777777777,1.0,1.2246467991473532e-16,-1.0,0,0,0.1,23,1,0,0,0,0,1,1,0,0,0,0,0.0026666666666666666,0,0,0,0,0,0.0,0,0,0.0,0
invictus_enriched.csv:1612,bert-jan,2023-07-10 12:08:04+00:00,0,1,0.8,2,1,1.0,0,0.22527777777777777,1.0,1.2246467991473532e-16,-1.0,0,0,0.1,85,6,0,0,0,0,0,1,0,0,0,0,0.10533333333333333,0,0,0,0,0,0.0,0,0,0.0,0
invictus_enriched.csv:1613,bert-jan,2023-07-10 12:08:04+00:00,0,1,0.8,2,1,1.0,0,0.22527777777777777,1.0,1.2246467991473532e-16,-1.0,0,0,0.1,83,6,0,0,0,0,0,1,0,0,0,0,0.18,0,0,0,0,0,0.0,0,0,0.0,0
invictus_enriched.csv:1614,bert-jan,2023-07-10 12:08:04+00:00,0,1,0.8,2,1,1.0,0,0.22527777777777777,1.0,1.2246467991473532e-16,-1.0,0,0,0.1,23,1,0,0,0,0,1,1,0,0,0,0,0.0026666666666666666,0,0,0,0,0,0.0,0,0,0.0,0
invictus_enriched.csv:1615,bert-jan,2023-07-10 12:08:04+00:00,0,1,0.8,2,1,1.0,0,0.22527777777777777,1.0,1.2246467991473532e-16,-1.0,0,0,0.1,87,6,0,0,0,0,0,1,0,0,0,0,0.12,0,0,0,0,0,0.0,0,0,0.0,0
invictus_enriched.csv:1616,bert-jan,2023-07-10 12:08:04+00:00,1,0,0.8,2,1,1.0,0,0.22527777777777777,1.0,1.2246467991473532e-16,-1.0,0,0,0.7,81,9,0,0,0,0,0,0,0,0,0,1,0.23333333333333334,0,0,0,1,0,0.0,0,0,0.0,0
invictus_enriched.csv:1617,bert-jan,2023-07-10 12:08:04+00:00,0,1,0.8,2,1,1.0,0,0.22527777777777777,1.0,1.2246467991473532e-16,-1.0,0,0,0.1,83,6,0,0,0,0,0,1,0,0,0,0,0.18,0,0,0,0,0,0.0,0,0,0.0,0
invictus_enriched.csv:1618,bert-jan,2023-07-10 12:08:04+00:00,0,1,0.8,2,1,1.0,0,0.22527777777777777,1.0,1.2246467991473532e-16,-1.0,0,0,0.1,83,6,0,0,1,0,0,1,0,0,0,0,0.0026666666666666666,0,0,0,0,0,0.0,0,0,0.0,0
invictus_enriched.csv:1619,bert-jan,2023-07-10 12:08:04+00:00,0,1,0.8,2,1,1.0,0,0.22527777777777777,1.0,1.2246467991473532e-16,-1.0,0,0,0.1,83,6,0,0,1,0,0,1,0,0,0,0,0.0026666666666666666,0,0,0,0,0,0.0,0,0,0.0,0
invictus_enriched.csv:1620,bert-jan,2023-07-10 12:08:04+00:00,0,1,0.8,2,1,1.0,0,0.22527777777777777,1.0,1.2246467991473532e-16,-1.0,0,0,0.1,67,3,0,0,0,0,0,1,0,0,0,0,0.14533333333333334,0,0,0,0,0,0.0,0,0,0.0,0
invictus_enriched.csv:1621,bert-jan,2023-07-10 12:08:04+00:00,0,1,0.8,2,1,1.0,0,0.22527777777777777,1.0,1.2246467991473532e-16,-1.0,0,0,0.1,87,6,0,0,0,0,0,1,0,0,0,0,0.12,0,0,0,0,0,0.0,0,0,0.0,0
invictus_enriched.csv:1622,bert-jan,2023-07-10 12:08:04+00:00,0,1,0.8,2,1,1.0,0,0.22527777777777777,1.0,1.2246467991473532e-16,-1.0,0,0,0.1,83,6,0,0,0,0,0,1,0,0,0,0,0.18133333333333335,0,0,0,0,0,0.0,0,0,0.0,0
invictus_enriched.csv:1623,bert-jan,2023-07-10 12:08:04+00:00,0,1,0.8,2,1,1.0,0,0.22527777777777777,1.0,1.2246467991473532e-16,-1.0,0,0,0.1,87,6,0,0,0,0,0,1,0,0,0,0,0.12,0,0,0,0,0,0.0,0,0,0.0,0
invictus_enriched.csv:1624,bert-jan,2023-07-10 12:08:04+00:00,0,1,0.8,2,1,1.0,0,0.22527777777777777,1.0,1.2246467991473532e-16,-1.0,0,0,0.1,87,6,0,0,0,0,0,1,0,0,0,0,0.12133333333333333,0,0,0,0,0,0.0,0,0,0.0,0
invictus_enriched.csv:1625,bert-jan,2023-07-10 12:08:04+00:00,0,1,0.8,2,1,1.0,0,0.22527777777777777,1.0,1.2246467991473532e-16,-1.0,0,0,0.1,83,6,0,0,0,0,0,1,0,0,0,0,0.18,0,0,0,0,0,0.0,0,0,0.0,0
invictus_enriched.csv:1628,bert-jan,2023-07-10 12:08:04+00:00,0,1,0.8,2,1,1.0,0,0.22527777777777777,1.0,1.2246467991473532e-16,-1.0,0,0,0.1,83,6,0,0,1,0,0,1,0,0,0,0,0.0026666666666666666,0,0,0,0,0,0.0,0,0,0.0,0
invictus_enriched.csv:1629,bert-jan,2023-07-10 12:08:04+00:00,0,1,0.8,2,1,1.0,0,0.22527777777777777,1.0,1.2246467991473532e-16,-1.0,0,0,0.1,23,1,0,0,0,0,1,1,0,0,0,0,0.0026666666666666666,0,0,0,0,0,0.0,0,0,0.0,0
invictus_enriched.csv:1630,bert-jan,2023-07-10 12:08:04+00:00,0,1,0.8,2,1,1.0,0,0.22527777777777777,1.0,1.2246467991473532e-16,-1.0,0,0,1.0,91,7,1,0,0,0,0,0,1,0,0,0,0.06666666666666667,0,0,0,0,0,0.0,0,0,0.0,1
invictus_enriched.csv:1631,bert-jan,2023-07-10 12:08:05+00:00,0,1,0.8,2,1,0.9997222222222222,0,0.22555555555555556,1.0,1.2246467991473532e-16,-1.0,0,0,0.1,83,6,0,0,0,0,0,1,0,0,0,0,0.18133333333333335,0,0,0,0,0,0.0,0,0,0.0,0
invictus_enriched.csv:1632,bert-jan,2023-07-10 12:08:05+00:00,0,1,0.8,2,1,1.0,0,0.22555555555555556,1.0,1.2246467991473532e-16,-1.0,0,0,0.1,83,6,0,0,0,0,0,1,0,0,0,0,0.18133333333333335,0,0,0,0,0,0.0,0,0,0.0,0
invictus_enriched.csv:1633,bert-jan,2023-07-10 12:08:05+00:00,0,1,0.8,2,1,1.0,0,0.22555555555555556,1.0,1.2246467991473532e-16,-1.0,0,0,0.1,126,1,1,0,0,0,1,0,0,0,0,0,0.17066666666666666,0,0,0,0,0,0.0,0,0,0.0,0
invictus_enriched.csv:1634,bert-jan,2023-07-10 12:08:05+00:00,0,1,0.8,2,1,1.0,1,0.22555555555555556,1.0,1.2246467991473532e-16,-1.0,0,0,0.1,145,4,1,0,1,0,0,0,0,0,0,0,0.16666666666666666,0,0,0,0,0,0.0,0,0,0.0,0
invictus_enriched.csv:1635,bert-jan,2023-07-10 12:08:05+00:00,0,1,0.8,2,1,1.0,0,0.22555555555555556,1.0,1.2246467991473532e-16,-1.0,0,0,0.1,139,3,1,0,0,0,0,0,0,0,0,0,0.06266666666666666,0,0,0,0,0,0.0,0,0,0.0,0
invictus_enriched.csv:1636,bert-jan,2023-07-10 12:08:05+00:00,0,1,0.8,2,1,1.0,0,0.22555555555555556,1.0,1.2246467991473532e-16,-1.0,0,0,0.1,45,3,0,0,0,0,0,1,0,0,0,0,0.22266666666666668,0,0,0,0,0,0.0,0,0,0.0,0
invictus_enriched.csv:1637,bert-jan,2023-07-10 12:08:05+00:00,0,1,0.8,2,1,1.0,1,0.22555555555555556,1.0,1.2246467991473532e-16,-1.0,0,0,0.1,146,3,1,0,0,0,0,0,0,0,0,0,0.10666666666666667,0,0,0,0,0,0.0,0,0,0.0,0
invictus_enriched.csv:1638,bert-jan,2023-07-10 12:08:05+00:00,0,1,0.8,2,1,1.0,0,0.22555555555555556,1.0,1.2246467991473532e-16,-1.0,0,0,0.1,139,3,1,0,0,0,0,0,0,0,0,0,0.06266666666666666,0,0,0,0,0,0.0,0,0,0.0,0
invictus_enriched.csv:1639,bert-jan,2023-07-10 12:08:05+00:00,0,1,0.8,2,1,1.0,1,0.22555555555555556,1.0,1.2246467991473532e-16,-1.0,0,0,0.1,147,3,1,0,0,0,0,0,0,0,0,0,0.09066666666666667,0,0,0,0,0,0.0,0,0,0.0,0
invictus_enriched.csv:1640,bert-jan,2023-07-10 12:08:05+00:00,0,1,0.8,2,1,1.0,0,0.22555555555555556,1.0,1.2246467991473532e-16,-1.0,0,0,0.1,139,3,1,0,0,0,0,0,0,0,0,0,0.06266666666666666,0,0,0,0,0,0.0,0,0,0.0,0
invictus_enriched.csv:1641,bert-jan,2023-07-10 12:08:05+00:00,0,1,0.8,2,1,1.0,0,0.22555555555555556,1.0,1.2246467991473532e-16,-1.0,0,0,0.1,145,4,1,0,1,0,0,0,0,0,0,0,0.16666666666666666,0,0,0,0,0,0.0,0,0,0.0,0
invictus_enriched.csv:1642,bert-jan,2023-07-10 12:08:05+00:00,0,1,0.8,2,1,1.0,0,0.22555555555555556,1.0,1.2246467991473532e-16,-1.0,0,0,0.1,141,3,1,0,0,0,0,0,0,0,0,0,0.104,0,0,0,0,0,0.0,0,0,0.0,0
invictus_enriched.csv:1643,bert-jan,2023-07-10 12:08:05+00:00,0,1,0.8,2,1,1.0,0,0.22555555555555556,1.0,1.2246467991473532e-16,-1.0,0,0,0.1,83,6,0,0,1,0,0,1,0,0,0,0,0.0026666666666666666,0,0,0,0,0,0.0,0,0,0.0,0
invictus_enriched.csv:1644,bert-jan,2023-07-10 12:08:05+00:00,0,1,0.8,2,1,1.0,0,0.22555555555555556,1.0,1.2246467991473532e-16,-1.0,0,0,0.1,23,1,0,0,0,0,1,1,0,0,0,0,0.0026666666666666666,0,0,0,0,0,0.0,0,0,0.0,0
invictus_enriched.csv:1645,bert-jan,2023-07-10 12:08:05+00:00,0,1,0.8,2,1,1.0,0,0.22555555555555556,1.0,1.2246467991473532e-16,-1.0,0,0,0.1,45,3,0,0,0,0,0,1,0,0,0,0,0.12266666666666666,0,0,0,0,0,0.0,0,0,0.0,0
invictus_enriched.csv:1646,bert-jan,2023-07-10 12:08:05+00:00,0,1,0.8,2,1,1.0,0,0.22555555555555556,1.0,1.2246467991473532e-16,-1.0,0,0,0.1,45,3,0,0,0,0,0,1,0,0,0,0,0.12266666666666666,0,0,0,0,0,0.0,0,0,0.0,0
invictus_enriched.csv:1647,bert-jan,2023-07-10 12:08:05+00:00,0,1,0.8,2,1,1.0,0,0.22555555555555556,1.0,1.2246467991473532e-16,-1.0,0,0,0.1,139,3,1,0,0,0,0,0,0,0,0,0,0.06266666666666666,0,0,0,0,0,0.0,0,0,0.0,0
invictus_enriched.csv:1648,bert-jan,2023-07-10 12:08:05+00:00,0,1,0.8,2,1,1.0,0,0.22555555555555556,1.0,1.2246467991473532e-16,-1.0,0,0,0.1,141,3,1,0,0,0,0,0,0,0,0,0,0.104,0,0,0,0,0,0.0,0,0,0.0,0
invictus_enriched.csv:1649,bert-jan,2023-07-10 12:08:05+00:00,0,1,0.8,2,1,1.0,0,0.22555555555555556,1.0,1.2246467991473532e-16,-1.0,0,0,0.1,45,3,0,0,0,0,0,1,0,0,0,0,0.22266666666666668,0,0,0,0,0,0.0,0,0,0.0,0
invictus_enriched.csv:1650,bert-jan,2023-07-10 12:08:05+00:00,0,1,0.8,2,1,1.0,0,0.22555555555555556,1.0,1.2246467991473532e-16,-1.0,0,0,0.1,146,3,1,0,0,0,0,0,0,0,0,0,0.10666666666666667,0,0,0,0,0,0.0,0,0,0.0,0
invictus_enriched.csv:1651,bert-jan,2023-07-10 12:08:05+00:00,0,1,0.8,2,1,1.0,0,0.22555555555555556,1.0,1.2246467991473532e-16,-1.0,0,0,0.1,141,3,1,0,0,0,0,0,0,0,0,0,0.104,0,0,0,0,0,0.0,0,0,0.0,0
invictus_enriched.csv:1652,bert-jan,2023-07-10 12:08:05+00:00,0,1,0.8,2,1,1.0,0,0.22555555555555556,1.0,1.2246467991473532e-16,-1.0,0,0,0.1,83,6,0,0,1,0,0,1,0,0,0,0,0.0026666666666666666,0,0,0,0,0,0.0,0,0,0.0,0
invictus_enriched.csv:1653,bert-jan,2023-07-10 12:08:06+00:00,0,1,0.8,2,1,0.9997222222222222,0,0.22583333333333333,1.0,1.2246467991473532e-16,-1.0,0,0,0.1,45,3,0,0,0,0,0,1,0,0,0,0,0.12266666666666666,0,0,0,0,0,0.0,0,0,0.0,0
invictus_enriched.csv:1654,bert-jan,2023-07-10 12:08:06+00:00,0,1,0.8,2,1,1.0,0,0.22583333333333333,1.0,1.2246467991473532e-16,-1.0,0,0,0.1,83,6,0,0,0,0,0,1,0,0,0,0,0.18133333333333335,0,0,0,0,0,0.0,0,0,0.0,0
invictus_enriched.csv:1655,bert-jan,2023-07-10 12:08:06+00:00,0,1,0.8,2,1,1.0,0,0.22583333333333333,1.0,1.2246467991473532e-16,-1.0,0,0,0.1,45,3,0,0,0,0,0,1,0,0,0,0,0.22266666666666668,0,0,0,0,0,0.0,0,0,0.0,0
invictus_enriched.csv:1656,bert-jan,2023-07-10 12:08:06+00:00,0,1,0.8,2,1,1.0,0,0.22583333333333333,1.0,1.2246467991473532e-16,-1.0,0,0,0.1,45,3,0,0,0,0,0,1,0,0,0,0,0.12266666666666666,0,0,0,0,0,0.0,0,0,0.0,0
invictus_enriched.csv:1657,bert-jan,2023-07-10 12:08:06+00:00,0,1,0.8,2,1,1.0,0,0.22583333333333333,1.0,1.2246467991473532e-16,-1.0,0,0,0.1,87,6,0,0,0,0,0,1,0,0,0,0,0.12133333333333333,0,0,0,0,0,0.0,0,0,0.0,0
invictus_enriched.csv:1658,bert-jan,2023-07-10 12:08:06+00:00,0,1,0.8,2,1,1.0,1,0.22583333333333333,1.0,1.2246467991473532e-16,-1.0,0,0,0.1,148,3,1,0,0,0,0,0,0,0,0,0,0.09333333333333334,0,0,0,0,0,0.0,0,0,0.0,0
invictus_enriched.csv:1659,bert-jan,2023-07-10 12:08:06+00:00,0,1,0.8,2,1,1.0,0,0.22583333333333333,1.0,1.2246467991473532e-16,-1.0,0,0,0.1,45,3,0,0,0,0,0,1,0,0,0,0,0.12266666666666666,0,0,0,0,0,0.0,0,0,0.0,0
invictus_enriched.csv:1660,bert-jan,2023-07-10 12:08:06+00:00,0,1,0.8,2,1,1.0,0,0.22583333333333333,1.0,1.2246467991473532e-16,-1.0,0,0,0.1,45,3,0,0,0,0,0,1,0,0,0,0,0.12266666666666666,0,0,0,0,0,0.0,0,0,0.0,0
invictus_enriched.csv:1661,bert-jan,2023-07-10 12:08:06+00:00,0,1,0.8,2,1,1.0,0,0.22583333333333333,1.0,1.2246467991473532e-16,-1.0,0,0,0.1,45,3,0,0,0,0,0,1,0,0,0,0,0.12266666666666666,0,0,0,0,0,0.0,0,0,0.0,0
invictus_enriched.csv:1662,bert-jan,2023-07-10 12:08:06+00:00,0,1,0.8,2,1,1.0,0,0.22583333333333333,1.0,1.2246467991473532e-16,-1.0,0,0,0.1,147,3,1,0,0,0,0,0,0,0,0,0,0.09066666666666667,0,0,0,0,0,0.0,0,0,0.0,0
invictus_enriched.csv:1663,bert-jan,2023-07-10 12:08:06+00:00,0,1,0.8,2,1,1.0,0,0.22583333333333333,1.0,1.2246467991473532e-16,-1.0,0,0,0.1,45,3,0,0,0,0,0,1,0,0,0,0,0.12266666666666666,0,0,0,0,0,0.0,0,0,0.0,0
invictus_enriched.csv:1664,bert-jan,2023-07-10 12:08:06+00:00,0,1,0.8,2,1,1.0,0,0.22583333333333333,1.0,1.2246467991473532e-16,-1.0,0,0,0.1,45,3,0,0,0,0,0,1,0,0,0,0,0.22266666666666668,0,0,0,0,0,0.0,0,0,0.0,0
invictus_enriched.csv:1665,bert-jan,2023-07-10 12:08:06+00:00,0,1,0.8,2,1,1.0,0,0.22583333333333333,1.0,1.2246467991473532e-16,-1.0,0,0,0.1,145,4,1,0,0,0,0,0,0,0,0,0,0.16666666666666666,0,0,0,0,0,0.0,0,0,0.0,0
invictus_enriched.csv:1666,bert-jan,2023-07-10 12:08:06+00:00,0,1,0.8,2,1,1.0,0,0.22583333333333333,1.0,1.2246467991473532e-16,-1.0,0,0,0.1,87,6,0,0,0,0,0,1,0,0,0,0,0.12,0,0,0,0,0,0.0,0,0,0.0,0
invictus_enriched.csv:1667,bert-jan,2023-07-10 12:08:06+00:00,0,1,0.8,2,1,1.0,0,0.22583333333333333,1.0,1.2246467991473532e-16,-1.0,0,0,0.1,87,6,0,0,0,0,0,1,0,0,0,0,0.12133333333333333,0,0,0,0,0,0.0,0,0,0.0,0
invictus_enriched.csv:1668,bert-jan,2023-07-10 12:08:06+00:00,0,1,0.8,2,1,1.0,0,0.22583333333333333,1.0,1.2246467991473532e-16,-1.0,0,0,0.1,45,3,0,0,0,0,0,1,0,0,0,0,0.12266666666666666,0,0,0,0,0,0.0,0,0,0.0,0
invictus_enriched.csv:1669,bert-jan,2023-07-10 12:08:06+00:00,0,1,0.8,2,1,1.0,0,0.22583333333333333,1.0,1.2246467991473532e-16,-1.0,0,0,0.1,45,3,0,0,0,0,0,1,0,0,0,0,0.12266666666666666,0,0,0,0,0,0.0,0,0,0.0,0
invictus_enriched.csv:1670,bert-jan,2023-07-10 12:08:07+00:00,0,1,0.8,2,1,0.9997222222222222,0,0.22611111111111112,1.0,1.2246467991473532e-16,-1.0,0,0,0.1,87,6,0,0,0,0,0,1,0,0,0,0,0.12,0,0,0,0,0,0.0,0,0,0.0,0
invictus_enriched.csv:1671,bert-jan,2023-07-10 12:08:07+00:00,0,1,0.8,2,1,1.0,0,0.22611111111111112,1.0,1.2246467991473532e-16,-1.0,0,0,0.1,45,3,0,0,0,0,0,1,0,0,0,0,0.12266666666666666,0,0,0,0,0,0.0,0,0,0.0,0
invictus_enriched.csv:1672,bert-jan,2023-07-10 12:08:07+00:00,0,1,0.8,2,1,1.0,0,0.22611111111111112,1.0,1.2246467991473532e-16,-1.0,0,0,0.1,148,3,1,0,0,0,0,0,0,0,0,0,0.09333333333333334,0,0,0,0,0,0.0,0,0,0.0,0
invictus_enriched.csv:1673,bert-jan,2023-07-10 12:08:07+00:00,0,1,0.8,2,1,1.0,0,0.22611111111111112,1.0,1.2246467991473532e-16,-1.0,0,0,0.1,83,6,0,0,1,0,0,1,0,0,0,0,0.0026666666666666666,0,0,0,0,0,0.0,0,0,0.0,0
invictus_enriched.csv:1676,bert-jan,2023-07-10 12:08:07+00:00,0,1,0.8,2,1,1.0,0,0.22611111111111112,1.0,1.2246467991473532e-16,-1.0,0,0,0.1,138,3,1,0,0,0,0,0,0,0,0,0,0.05466666666666667,0,0,0,0,0,0.0,0,0,0.0,0
invictus_enriched.csv:1677,bert-jan,2023-07-10 12:08:07+00:00,0,1,0.8,2,1,1.0,0,0.22611111111111112,1.0,1.2246467991473532e-16,-1.0,0,0,0.1,138,3,1,0,0,0,0,0,0,0,0,0,0.05466666666666667,0,0,0,0,0,0.0,0,0,0.0,0
invictus_enriched.csv:1678,bert-jan,2023-07-10 12:08:07+00:00,0,1,0.8,2,1,1.0,0,0.22611111111111112,1.0,1.2246467991473532e-16,-1.0,0,0,0.1,45,3,0,0,1,0,0,1,0,0,0,0,0.12266666666666666,0,0,0,0,0,0.0,0,0,0.0,0
invictus_enriched.csv:1679,bert-jan,2023-07-10 12:08:07+00:00,0,1,0.8,2,1,1.0,0,0.22611111111111112,1.0,1.2246467991473532e-16,-1.0,0,0,0.1,138,3,1,0,0,0,0,0,0,0,0,0,0.05466666666666667,0,0,0,0,0,0.0,0,0,0.0,0
invictus_enriched.csv:1680,bert-jan,2023-07-10 12:08:07+00:00,0,1,0.8,2,1,1.0,0,0.22611111111111112,1.0,1.2246467991473532e-16,-1.0,0,0,0.1,45,3,0,0,0,0,0,1,0,0,0,0,0.12266666666666666,0,0,0,0,0,0.0,0,0,0.0,0
invictus_enriched.csv:1681,bert-jan,2023-07-10 12:08:07+00:00,0,1,0.8,2,1,1.0,0,0.22611111111111112,1.0,1.2246467991473532e-16,-1.0,0,0,0.1,45,3,0,0,1,0,0,1,0,0,0,0,0.12266666666666666,0,0,0,0,0,0.0,0,0,0.0,0
invictus_enriched.csv:1682,bert-jan,2023-07-10 12:08:07+00:00,0,1,0.8,2,1,1.0,0,0.22611111111111112,1.0,1.2246467991473532e-16,-1.0,0,0,0.1,138,3,1,0,0,0,0,0,0,0,0,0,0.05466666666666667,0,0,0,0,0,0.0,0,0,0.0,0
invictus_enriched.csv:1685,bert-jan,2023-07-10 12:08:08+00:00,0,1,0.8,2,1,0.9997222222222222,0,0.2263888888888889,1.0,1.2246467991473532e-16,-1.0,0,0,0.1,83,6,0,0,0,0,0,1,0,0,0,0,0.18133333333333335,0,0,0,0,0,0.0,0,0,0.0,0
invictus_enriched.csv:1687,bert-jan,2023-07-10 12:08:08+00:00,0,1,0.8,2,1,1.0,0,0.2263888888888889,1.0,1.2246467991473532e-16,-1.0,0,0,0.1,45,3,0,0,1,0,0,1,0,0,0,0,0.12266666666666666,0,0,0,0,0,0.0,0,0,0.0,0
invictus_enriched.csv:1689,bert-jan,2023-07-10 12:08:09+00:00,0,1,0.8,2,1,0.9997222222222222,0,0.22666666666666666,1.0,1.2246467991473532e-16,-1.0,0,0,0.1,87,6,0,0,0,0,0,1,0,0,0,0,0.12133333333333333,0,0,0,0,0,0.0,0,0,0.0,0
invictus_enriched.csv:1692,bert-jan,2023-07-10 12:08:09+00:00,0,1,0.8,2,1,1.0,0,0.22666666666666666,1.0,1.2246467991473532e-16,-1.0,0,0,0.1,145,4,1,0,1,0,0,0,0,0,0,0,0.16666666666666666,0,0,0,0,0,0.0,0,0,0.0,0
invictus_enriched.csv:1695,bert-jan,2023-07-10 12:08:10+00:00,0,1,0.8,2,1,0.9997222222222222,0,0.22694444444444445,1.0,1.2246467991473532e-16,-1.0,0,0,0.1,145,4,1,0,0,0,0,0,0,0,0,0,0.16666666666666666,0,0,0,0,0,0.0,0,0,0.0,0
invictus_enriched.csv:1696,bert-jan,2023-07-10 12:08:10+00:00,0,1,0.8,2,1,1.0,0,0.22694444444444445,1.0,1.2246467991473532e-16,-1.0,0,0,0.1,87,6,0,0,0,0,0,1,0,0,0,0,0.12133333333333333,0,0,0,0,0,0.0,0,0,0.0,0
invictus_enriched.csv:1697,bert-jan,2023-07-10 12:08:10+00:00,0,1,0.8,2,1,1.0,0,0.22694444444444445,1.0,1.2246467991473532e-16,-1.0,0,0,0.1,83,6,0,0,0,0,0,1,0,0,0,0,0.18133333333333335,0,0,0,0,0,0.0,0,0,0.0,0
invictus_enriched.csv:1699,bert-jan,2023-07-10 12:08:11+00:00,0,1,0.8,2,1,0.9997222222222222,0,0.22722222222222221,1.0,1.2246467991473532e-16,-1.0,0,0,0.1,23,1,0,0,0,0,1,1,0,0,0,0,0.0026666666666666666,0,0,0,0,0,0.0,0,0,0.0,0
invictus_enriched.csv:1700,bert-jan,2023-07-10 12:08:12+00:00,0,1,0.8,2,1,0.9997222222222222,1,0.2275,1.0,1.2246467991473532e-16,-1.0,0,0,0.1,149,6,1,0,0,0,0,0,0,0,0,0,0.07466666666666667,0,0,0,0,0,0.0,0,0,0.0,0
invictus_enriched.csv:1701,bert-jan,2023-07-10 12:08:12+00:00,0,1,0.8,2,1,1.0,0,0.2275,1.0,1.2246467991473532e-16,-1.0,0,0,0.1,149,6,1,0,0,0,0,0,0,0,0,0,0.07466666666666667,0,0,0,0,0,0.0,0,0,0.0,0
invictus_enriched.csv:1702,bert-jan,2023-07-10 12:08:12+00:00,0,1,0.8,2,1,1.0,0,0.2275,1.0,1.2246467991473532e-16,-1.0,0,0,0.1,149,6,1,0,0,0,0,0,0,0,0,0,0.07466666666666667,0,0,0,0,0,0.0,0,0,0.0,0
invictus_enriched.csv:1704,bert-jan,2023-07-10 12:08:12+00:00,0,1,0.8,2,1,1.0,0,0.2275,1.0,1.2246467991473532e-16,-1.0,0,0,0.1,149,6,1,0,0,0,0,0,0,0,0,0,0.07466666666666667,0,0,0,0,0,0.0,0,0,0.0,0
invictus_enriched.csv:1705,bert-jan,2023-07-10 12:08:12+00:00,0,1,0.8,2,1,1.0,0,0.2275,1.0,1.2246467991473532e-16,-1.0,0,0,0.1,149,6,1,0,0,0,0,0,0,0,0,0,0.07466666666666667,0,0,0,0,0,0.0,0,0,0.0,0
invictus_enriched.csv:1706,bert-jan,2023-07-10 12:08:12+00:00,0,1,0.8,2,1,1.0,0,0.2275,1.0,1.2246467991473532e-16,-1.0,0,0,0.1,149,6,1,0,0,0,0,0,0,0,0,0,0.07333333333333333,0,0,0,0,0,0.0,0,0,0.0,0
invictus_enriched.csv:1707,bert-jan,2023-07-10 12:08:12+00:00,0,1,0.8,2,1,1.0,0,0.2275,1.0,1.2246467991473532e-16,-1.0,0,0,0.1,149,6,1,0,0,0,0,0,0,0,0,0,0.07466666666666667,0,0,0,0,0,0.0,0,0,0.0,0
invictus_enriched.csv:1708,bert-jan,2023-07-10 12:08:12+00:00,0,1,0.8,2,1,1.0,0,0.2275,1.0,1.2246467991473532e-16,-1.0,0,0,0.1,149,6,1,0,0,0,0,0,0,0,0,0,0.07466666666666667,0,0,0,0,0,0.0,0,0,0.0,0
invictus_enriched.csv:1709,bert-jan,2023-07-10 12:08:12+00:00,0,1,0.8,2,1,1.0,0,0.2275,1.0,1.2246467991473532e-16,-1.0,0,0,0.1,149,6,1,0,0,0,0,0,0,0,0,0,0.07466666666666667,0,0,0,0,0,0.0,0,0,0.0,0
invictus_enriched.csv:1710,bert-jan,2023-07-10 12:08:12+00:00,0,1,0.8,2,1,1.0,0,0.2275,1.0,1.2246467991473532e-16,-1.0,0,0,0.1,149,6,1,0,0,0,0,0,0,0,0,0,0.07333333333333333,0,0,0,0,0,0.0,0,0,0.0,0
invictus_enriched.csv:1711,bert-jan,2023-07-10 12:08:12+00:00,0,1,0.8,2,1,1.0,0,0.2275,1.0,1.2246467991473532e-16,-1.0,0,0,0.1,149,6,1,0,0,0,0,0,0,0,0,0,0.07466666666666667,0,0,0,0,0,0.0,0,0,0.0,0
invictus_enriched.csv:1712,bert-jan,2023-07-10 12:08:12+00:00,0,1,0.8,2,1,1.0,0,0.2275,1.0,1.2246467991473532e-16,-1.0,0,0,0.1,149,6,1,0,0,0,0,0,0,0,0,0,0.07466666666666667,0,0,0,0,0,0.0,0,0,0.0,0
invictus_enriched.csv:1713,bert-jan,2023-07-10 12:08:12+00:00,0,1,0.8,2,1,1.0,0,0.2275,1.0,1.2246467991473532e-16,-1.0,0,0,0.1,149,6,1,0,0,0,0,0,0,0,0,0,0.07333333333333333,0,0,0,0,0,0.0,0,0,0.0,0
invictus_enriched.csv:1714,bert-jan,2023-07-10 12:08:12+00:00,0,1,0.8,2,1,1.0,0,0.2275,1.0,1.2246467991473532e-16,-1.0,0,0,0.1,149,6,1,0,0,0,0,0,0,0,0,0,0.07466666666666667,0,0,0,0,0,0.0,0,0,0.0,0
invictus_enriched.csv:1715,bert-jan,2023-07-10 12:08:12+00:00,0,1,0.8,2,1,1.0,0,0.2275,1.0,1.2246467991473532e-16,-1.0,0,0,0.1,149,6,1,0,0,0,0,0,0,0,0,0,0.07466666666666667,0,0,0,0,0,0.0,0,0,0.0,0
invictus_enriched.csv:1716,bert-jan,2023-07-10 12:08:12+00:00,0,1,0.8,2,1,1.0,0,0.2275,1.0,1.2246467991473532e-16,-1.0,0,0,0.1,149,6,1,0,0,0,0,0,0,0,0,0,0.07333333333333333,0,0,0,0,0,0.0,0,0,0.0,0
invictus_enriched.csv:1717,bert-jan,2023-07-10 12:08:12+00:00,0,1,0.8,2,1,1.0,0,0.2275,1.0,1.2246467991473532e-16,-1.0,0,0,0.1,149,6,1,0,0,0,0,0,0,0,0,0,0.07333333333333333,0,0,0,0,0,0.0,0,0,0.0,0
invictus_enriched.csv:1718,bert-jan,2023-07-10 12:08:12+00:00,0,1,0.8,2,1,1.0,0,0.2275,1.0,1.2246467991473532e-16,-1.0,0,0,0.1,149,6,1,0,0,0,0,0,0,0,0,0,0.07466666666666667,0,0,0,0,0,0.0,0,0,0.0,0
invictus_enriched.csv:1719,bert-jan,2023-07-10 12:08:12+00:00,0,1,0.8,2,1,1.0,0,0.2275,1.0,1.2246467991473532e-16,-1.0,0,0,0.1,149,6,1,0,0,0,0,0,0,0,0,0,0.07333333333333333,0,0,0,0,0,0.0,0,0,0.0,0
invictus_enriched.csv:1720,bert-jan,2023-07-10 12:08:12+00:00,0,1,0.8,2,1,1.0,0,0.2275,1.0,1.2246467991473532e-16,-1.0,0,0,0.1,149,6,1,0,0,0,0,0,0,0,0,0,0.07466666666666667,0,0,0,0,0,0.0,0,0,0.0,0
invictus_enriched.csv:1722,bert-jan,2023-07-10 12:08:13+00:00,0,1,0.8,2,1,0.9997222222222222,0,0.22777777777777777,1.0,1.2246467991473532e-16,-1.0,0,0,0.1,149,6,1,0,1,0,0,0,0,0,0,0,0.0026666666666666666,0,0,0,0,0,0.0,0,0,0.0,0
invictus_enriched.csv:1723,bert-jan,2023-07-10 12:08:13+00:00,0,1,0.8,2,1,1.0,0,0.22777777777777777,1.0,1.2246467991473532e-16,-1.0,0,0,0.1,149,6,1,0,1,0,0,0,0,0,0,0,0.0026666666666666666,0,0,0,0,0,0.0,0,0,0.0,0
invictus_enriched.csv:1724,bert-jan,2023-07-10 12:08:13+00:00,0,1,0.8,2,1,1.0,0,0.22777777777777777,1.0,1.2246467991473532e-16,-1.0,0,0,0.1,149,6,1,0,1,0,0,0,0,0,0,0,0.0026666666666666666,0,0,0,0,0,0.0,0,0,0.0,0
invictus_enriched.csv:1725,bert-jan,2023-07-10 12:08:13+00:00,0,1,0.8,2,1,1.0,0,0.22777777777777777,1.0,1.2246467991473532e-16,-1.0,0,0,0.1,149,6,1,0,1,0,0,0,0,0,0,0,0.0026666666666666666,0,0,0,0,0,0.0,0,0,0.0,0
invictus_enriched.csv:1726,bert-jan,2023-07-10 12:08:13+00:00,0,1,0.8,2,1,1.0,0,0.22777777777777777,1.0,1.2246467991473532e-16,-1.0,0,0,0.1,149,6,1,0,1,0,0,0,0,0,0,0,0.0026666666666666666,0,0,0,0,0,0.0,0,0,0.0,0
invictus_enriched.csv:1727,bert-jan,2023-07-10 12:08:13+00:00,0,1,0.8,2,1,1.0,0,0.22777777777777777,1.0,1.2246467991473532e-16,-1.0,0,0,0.1,149,6,1,0,1,0,0,0,0,0,0,0,0.0026666666666666666,0,0,0,0,0,0.0,0,0,0.0,0
invictus_enriched.csv:1728,bert-jan,2023-07-10 12:08:13+00:00,0,1,0.8,2,1,1.0,0,0.22777777777777777,1.0,1.2246467991473532e-16,-1.0,0,0,0.1,149,6,1,0,1,0,0,0,0,0,0,0,0.0026666666666666666,0,0,0,0,0,0.0,0,0,0.0,0
invictus_enriched.csv:1729,bert-jan,2023-07-10 12:08:13+00:00,0,1,0.8,2,1,1.0,0,0.22777777777777777,1.0,1.2246467991473532e-16,-1.0,0,0,0.1,149,6,1,0,1,0,0,0,0,0,0,0,0.0026666666666666666,0,0,0,0,0,0.0,0,0,0.0,0
invictus_enriched.csv:1730,bert-jan,2023-07-10 12:08:13+00:00,0,1,0.8,2,1,1.0,0,0.22777777777777777,1.0,1.2246467991473532e-16,-1.0,0,0,0.1,149,6,1,0,1,0,0,0,0,0,0,0,0.0026666666666666666,0,0,0,0,0,0.0,0,0,0.0,0
invictus_enriched.csv:1732,bert-jan,2023-07-10 12:08:14+00:00,0,1,0.8,2,1,0.9997222222222222,0,0.22805555555555557,1.0,1.2246467991473532e-16,-1.0,0,0,0.1,149,6,1,0,1,0,0,0,0,0,0,0,0.0026666666666666666,0,0,0,0,0,0.0,0,0,0.0,0
invictus_enriched.csv:1733,bert-jan,2023-07-10 12:08:14+00:00,0,1,0.8,2,1,1.0,0,0.22805555555555557,1.0,1.2246467991473532e-16,-1.0,0,0,0.1,149,6,1,0,1,0,0,0,0,0,0,0,0.0026666666666666666,0,0,0,0,0,0.0,0,0,0.0,0
invictus_enriched.csv:1734,bert-jan,2023-07-10 12:08:14+00:00,0,1,0.8,2,1,1.0,0,0.22805555555555557,1.0,1.2246467991473532e-16,-1.0,0,0,0.1,149,6,1,0,1,0,0,0,0,0,0,0,0.0026666666666666666,0,0,0,0,0,0.0,0,0,0.0,0
invictus_enriched.csv:1735,bert-jan,2023-07-10 12:08:14+00:00,0,1,0.8,2,1,1.0,0,0.22805555555555557,1.0,1.2246467991473532e-16,-1.0,0,0,0.1,149,6,1,0,1,0,0,0,0,0,0,0,0.0026666666666666666,0,0,0,0,0,0.0,0,0,0.0,0
invictus_enriched.csv:1737,bert-jan,2023-07-10 12:08:14+00:00,0,1,0.8,2,1,1.0,0,0.22805555555555557,1.0,1.2246467991473532e-16,-1.0,0,0,0.1,149,6,1,0,1,0,0,0,0,0,0,0,0.0026666666666666666,0,0,0,0,0,0.0,0,0,0.0,0
invictus_enriched.csv:1738,bert-jan,2023-07-10 12:08:14+00:00,0,1,0.8,2,1,1.0,0,0.22805555555555557,1.0,1.2246467991473532e-16,-1.0,0,0,0.1,149,6,1,0,1,0,0,0,0,0,0,0,0.0026666666666666666,0,0,0,0,0,0.0,0,0,0.0,0
invictus_enriched.csv:1741,bert-jan,2023-07-10 12:08:14+00:00,0,1,0.8,2,1,1.0,0,0.22805555555555557,1.0,1.2246467991473532e-16,-1.0,0,0,0.1,149,6,1,0,1,0,0,0,0,0,0,0,0.0026666666666666666,0,0,0,0,0,0.0,0,0,0.0,0
invictus_enriched.csv:1742,bert-jan,2023-07-10 12:08:14+00:00,0,1,0.8,2,1,1.0,0,0.22805555555555557,1.0,1.2246467991473532e-16,-1.0,0,0,0.1,149,6,1,0,1,0,0,0,0,0,0,0,0.0026666666666666666,0,0,0,0,0,0.0,0,0,0.0,0
invictus_enriched.csv:1743,bert-jan,2023-07-10 12:08:14+00:00,0,1,0.8,2,1,1.0,0,0.22805555555555557,1.0,1.2246467991473532e-16,-1.0,0,0,0.1,149,6,1,0,1,0,0,0,0,0,0,0,0.0026666666666666666,0,0,0,0,0,0.0,0,0,0.0,0
invictus_enriched.csv:1744,bert-jan,2023-07-10 12:08:15+00:00,0,1,0.8,2,1,0.9997222222222222,0,0.22833333333333333,1.0,1.2246467991473532e-16,-1.0,0,0,0.1,149,6,1,0,1,0,0,0,0,0,0,0,0.0026666666666666666,0,0,0,0,0,0.0,0,0,0.0,0
invictus_enriched.csv:1745,bert-jan,2023-07-10 12:08:15+00:00,0,1,0.8,2,1,1.0,0,0.22833333333333333,1.0,1.2246467991473532e-16,-1.0,0,0,0.1,149,6,1,0,1,0,0,0,0,0,0,0,0.0026666666666666666,0,0,0,0,0,0.0,0,0,0.0,0
invictus_enriched.csv:1746,bert-jan,2023-07-10 12:08:15+00:00,0,1,0.8,2,1,1.0,0,0.22833333333333333,1.0,1.2246467991473532e-16,-1.0,0,0,0.1,149,6,1,0,1,0,0,0,0,0,0,0,0.0026666666666666666,0,0,0,0,0,0.0,0,0,0.0,0
invictus_enriched.csv:1748,bert-jan,2023-07-10 12:08:16+00:00,0,1,0.8,2,1,0.9997222222222222,0,0.2286111111111111,1.0,1.2246467991473532e-16,-1.0,0,0,0.1,149,6,1,0,1,0,0,0,0,0,0,0,0.0026666666666666666,0,0,0,0,0,0.0,0,0,0.0,0
invictus_enriched.csv:1750,bert-jan,2023-07-10 12:08:16+00:00,0,1,0.8,2,1,1.0,0,0.2286111111111111,1.0,1.2246467991473532e-16,-1.0,0,0,0.2,63,3,0,0,0,0,0,1,0,0,0,0,0.11333333333333333,0,0,0,0,0,0.0,0,0,0.0,0
invictus_enriched.csv:1751,bert-jan,2023-07-10 12:08:16+00:00,0,1,0.8,2,1,1.0,0,0.2286111111111111,1.0,1.2246467991473532e-16,-1.0,0,0,0.1,149,6,1,0,1,0,0,0,0,0,0,0,0.0026666666666666666,0,0,0,0,0,0.0,0,0,0.0,0
invictus_enriched.csv:1752,bert-jan,2023-07-10 12:08:16+00:00,0,1,0.8,2,1,1.0,0,0.2286111111111111,1.0,1.2246467991473532e-16,-1.0,0,0,0.1,149,6,1,0,1,0,0,0,0,0,0,0,0.0026666666666666666,0,0,0,0,0,0.0,0,0,0.0,0
invictus_enriched.csv:1753,bert-jan,2023-07-10 12:08:16+00:00,0,1,0.8,2,1,1.0,0,0.2286111111111111,1.0,1.2246467991473532e-16,-1.0,0,0,0.2,63,3,0,0,0,0,0,1,0,0,0,0,0.11333333333333333,0,0,0,0,0,0.0,0,0,0.0,0
invictus_enriched.csv:1754,bert-jan,2023-07-10 12:08:16+00:00,0,1,0.8,2,1,1.0,0,0.2286111111111111,1.0,1.2246467991473532e-16,-1.0,0,0,0.1,149,6,1,0,1,0,0,0,0,0,0,0,0.0026666666666666666,0,0,0,0,0,0.0,0,0,0.0,0
invictus_enriched.csv:1755,bert-jan,2023-07-10 12:08:16+00:00,0,1,0.8,2,1,1.0,0,0.2286111111111111,1.0,1.2246467991473532e-16,-1.0,0,0,0.1,149,6,1,0,0,0,0,0,0,0,0,0,0.07466666666666667,0,0,0,0,0,0.0,0,0,0.0,0
invictus_enriched.csv:1756,bert-jan,2023-07-10 12:08:16+00:00,0,1,0.8,2,1,1.0,0,0.2286111111111111,1.0,1.2246467991473532e-16,-1.0,0,0,0.1,149,6,1,0,0,0,0,0,0,0,0,0,0.07466666666666667,0,0,0,0,0,0.0,0,0,0.0,0
invictus_enriched.csv:1757,bert-jan,2023-07-10 12:08:16+00:00,0,1,0.8,2,1,1.0,0,0.2286111111111111,1.0,1.2246467991473532e-16,-1.0,0,0,0.1,149,6,1,0,1,0,0,0,0,0,0,0,0.0026666666666666666,0,0,0,0,0,0.0,0,0,0.0,0
invictus_enriched.csv:1758,bert-jan,2023-07-10 12:08:16+00:00,0,1,0.8,2,1,1.0,0,0.2286111111111111,1.0,1.2246467991473532e-16,-1.0,0,0,0.1,149,6,1,0,1,0,0,0,0,0,0,0,0.0026666666666666666,0,0,0,0,0,0.0,0,0,0.0,0
invictus_enriched.csv:1759,bert-jan,2023-07-10 12:08:17+00:00,0,1,0.8,2,1,0.9997222222222222,0,0.2288888888888889,1.0,1.2246467991473532e-16,-1.0,0,0,0.1,59,3,0,0,0,0,0,1,0,0,0,0,0.128,0,0,0,0,0,0.0,0,0,0.0,0
invictus_enriched.csv:1760,bert-jan,2023-07-10 12:08:17+00:00,0,1,0.8,2,1,1.0,0,0.2288888888888889,1.0,1.2246467991473532e-16,-1.0,0,0,0.1,149,6,1,0,0,0,0,0,0,0,0,0,0.07466666666666667,0,0,0,0,0,0.0,0,0,0.0,0
invictus_enriched.csv:1761,bert-jan,2023-07-10 12:08:17+00:00,0,1,0.8,2,1,1.0,0,0.2288888888888889,1.0,1.2246467991473532e-16,-1.0,0,0,0.1,59,3,0,0,0,0,0,1,0,0,0,0,0.128,0,0,0,0,0,0.0,0,0,0.0,0
invictus_enriched.csv:1762,bert-jan,2023-07-10 12:08:17+00:00,0,1,0.8,2,1,1.0,0,0.2288888888888889,1.0,1.2246467991473532e-16,-1.0,0,0,0.1,149,6,1,0,0,0,0,0,0,0,0,0,0.07466666666666667,0,0,0,0,0,0.0,0,0,0.0,0
invictus_enriched.csv:1765,bert-jan,2023-07-10 12:08:18+00:00,0,1,0.8,2,1,0.9997222222222222,0,0.22916666666666666,1.0,1.2246467991473532e-16,-1.0,0,0,0.1,149,6,1,0,0,0,0,0,0,0,0,0,0.07466666666666667,0,0,0,0,0,0.0,0,0,0.0,0
invictus_enriched.csv:1767,bert-jan,2023-07-10 12:08:18+00:00,0,1,0.8,2,1,1.0,0,0.22916666666666666,1.0,1.2246467991473532e-16,-1.0,0,0,0.1,149,6,1,0,1,0,0,0,0,0,0,0,0.0026666666666666666,0,0,0,0,0,0.0,0,0,0.0,0
invictus_enriched.csv:1768,bert-jan,2023-07-10 12:08:18+00:00,0,1,0.8,2,1,1.0,0,0.22916666666666666,1.0,1.2246467991473532e-16,-1.0,0,0,0.1,149,6,1,0,0,0,0,0,0,0,0,0,0.07466666666666667,0,0,0,0,0,0.0,0,0,0.0,0
invictus_enriched.csv:1769,bert-jan,2023-07-10 12:08:18+00:00,0,1,0.8,2,1,1.0,0,0.22916666666666666,1.0,1.2246467991473532e-16,-1.0,0,0,0.1,149,6,1,0,0,0,0,0,0,0,0,0,0.07333333333333333,0,0,0,0,0,0.0,0,0,0.0,0
invictus_enriched.csv:1770,bert-jan,2023-07-10 12:08:18+00:00,0,1,0.8,2,1,1.0,0,0.22916666666666666,1.0,1.2246467991473532e-16,-1.0,0,0,0.1,149,6,1,0,0,0,0,0,0,0,0,0,0.07466666666666667,0,0,0,0,0,0.0,0,0,0.0,0
invictus_enriched.csv:1772,bert-jan,2023-07-10 12:08:19+00:00,0,1,0.8,2,1,0.9997222222222222,0,0.22944444444444445,1.0,1.2246467991473532e-16,-1.0,0,0,0.1,149,6,1,0,1,0,0,0,0,0,0,0,0.0026666666666666666,0,0,0,0,0,0.0,0,0,0.0,0
invictus_enriched.csv:1773,bert-jan,2023-07-10 12:08:19+00:00,0,1,0.8,2,1,1.0,0,0.22944444444444445,1.0,1.2246467991473532e-16,-1.0,0,0,0.1,149,6,1,0,0,0,0,0,0,0,0,0,0.07466666666666667,0,0,0,0,0,0.0,0,0,0.0,0
invictus_enriched.csv:1774,bert-jan,2023-07-10 12:08:19+00:00,0,1,0.8,2,1,1.0,0,0.22944444444444445,1.0,1.2246467991473532e-16,-1.0,0,0,0.1,149,6,1,0,1,0,0,0,0,0,0,0,0.0026666666666666666,0,0,0,0,0,0.0,0,0,0.0,0
invictus_enriched.csv:1775,bert-jan,2023-07-10 12:08:19+00:00,0,1,0.8,2,1,1.0,0,0.22944444444444445,1.0,1.2246467991473532e-16,-1.0,0,0,0.1,149,6,1,0,0,0,0,0,0,0,0,0,0.07466666666666667,0,0,0,0,0,0.0,0,0,0.0,0
invictus_enriched.csv:1776,bert-jan,2023-07-10 12:08:19+00:00,0,1,0.8,2,1,1.0,0,0.22944444444444445,1.0,1.2246467991473532e-16,-1.0,0,0,0.1,149,6,1,0,0,0,0,0,0,0,0,0,0.07466666666666667,0,0,0,0,0,0.0,0,0,0.0,0
invictus_enriched.csv:1777,bert-jan,2023-07-10 12:08:19+00:00,0,1,0.8,2,1,1.0,0,0.22944444444444445,1.0,1.2246467991473532e-16,-1.0,0,0,0.1,149,6,1,0,0,0,0,0,0,0,0,0,0.07466666666666667,0,0,0,0,0,0.0,0,0,0.0,0
invictus_enriched.csv:1778,bert-jan,2023-07-10 12:08:19+00:00,0,1,0.8,2,1,1.0,0,0.22944444444444445,1.0,1.2246467991473532e-16,-1.0,0,0,0.2,63,3,0,0,0,0,0,1,0,0,0,0,0.11333333333333333,0,0,0,0,0,0.0,0,0,0.0,0
invictus_enriched.csv:1779,bert-jan,2023-07-10 12:08:19+00:00,0,1,0.8,2,1,1.0,0,0.22944444444444445,1.0,1.2246467991473532e-16,-1.0,0,0,0.1,149,6,1,0,1,0,0,0,0,0,0,0,0.0026666666666666666,0,0,0,0,0,0.0,0,0,0.0,0
invictus_enriched.csv:1780,bert-jan,2023-07-10 12:08:19+00:00,0,1,0.8,2,1,1.0,0,0.22944444444444445,1.0,1.2246467991473532e-16,-1.0,0,0,0.1,149,6,1,0,1,0,0,0,0,0,0,0,0.0026666666666666666,0,0,0,0,0,0.0,0,0,0.0,0
invictus_enriched.csv:1781,bert-jan,2023-07-10 12:08:19+00:00,0,1,0.8,2,1,1.0,0,0.22944444444444445,1.0,1.2246467991473532e-16,-1.0,0,0,0.1,149,6,1,0,1,0,0,0,0,0,0,0,0.0026666666666666666,0,0,0,0,0,0.0,0,0,0.0,0
invictus_enriched.csv:1782,bert-jan,2023-07-10 12:08:20+00:00,0,1,0.8,2,1,0.9997222222222222,0,0.22972222222222222,1.0,1.2246467991473532e-16,-1.0,0,0,0.1,149,6,1,0,1,0,0,0,0,0,0,0,0.0026666666666666666,0,0,0,0,0,0.0,0,0,0.0,0
invictus_enriched.csv:1783,bert-jan,2023-07-10 12:08:20+00:00,0,1,0.8,2,1,1.0,0,0.22972222222222222,1.0,1.2246467991473532e-16,-1.0,0,0,0.1,149,6,1,0,1,0,0,0,0,0,0,0,0.0026666666666666666,0,0,0,0,0,0.0,0,0,0.0,0
invictus_enriched.csv:1784,bert-jan,2023-07-10 12:08:20+00:00,0,1,0.8,2,1,1.0,0,0.22972222222222222,1.0,1.2246467991473532e-16,-1.0,0,0,0.1,149,6,1,0,1,0,0,0,0,0,0,0,0.0026666666666666666,0,0,0,0,0,0.0,0,0,0.0,0
invictus_enriched.csv:1785,bert-jan,2023-07-10 12:08:20+00:00,0,1,0.8,2,1,1.0,0,0.22972222222222222,1.0,1.2246467991473532e-16,-1.0,0,0,0.1,149,6,1,0,1,0,0,0,0,0,0,0,0.0026666666666666666,0,0,0,0,0,0.0,0,0,0.0,0
invictus_enriched.csv:1786,bert-jan,2023-07-10 12:08:20+00:00,0,1,0.8,2,1,1.0,0,0.22972222222222222,1.0,1.2246467991473532e-16,-1.0,0,0,0.2,63,3,0,0,0,0,0,1,0,0,0,0,0.11333333333333333,0,0,0,0,0,0.0,0,0,0.0,0
invictus_enriched.csv:1787,bert-jan,2023-07-10 12:08:20+00:00,0,1,0.8,2,1,1.0,0,0.22972222222222222,1.0,1.2246467991473532e-16,-1.0,0,0,0.1,149,6,1,0,1,0,0,0,0,0,0,0,0.0026666666666666666,0,0,0,0,0,0.0,0,0,0.0,0
invictus_enriched.csv:1794,bert-jan,2023-07-10 12:08:22+00:00,0,1,0.8,2,1,0.9994444444444445,0,0.23027777777777778,1.0,1.2246467991473532e-16,-1.0,0,0,0.1,149,6,1,0,0,0,0,0,0,0,0,0,0.07466666666666667,0,0,0,0,0,0.0,0,0,0.0,0
invictus_enriched.csv:1795,bert-jan,2023-07-10 12:08:22+00:00,0,1,0.8,2,1,1.0,0,0.23027777777777778,1.0,1.2246467991473532e-16,-1.0,0,0,0.1,149,6,1,0,0,0,0,0,0,0,0,0,0.07333333333333333,0,0,0,0,0,0.0,0,0,0.0,0
invictus_enriched.csv:1796,bert-jan,2023-07-10 12:08:22+00:00,0,1,0.8,2,1,1.0,0,0.23027777777777778,1.0,1.2246467991473532e-16,-1.0,0,0,0.1,149,6,1,0,0,0,0,0,0,0,0,0,0.07466666666666667,0,0,0,0,0,0.0,0,0,0.0,0
invictus_enriched.csv:1797,bert-jan,2023-07-10 12:08:23+00:00,0,1,0.8,2,1,0.9997222222222222,0,0.23055555555555557,1.0,1.2246467991473532e-16,-1.0,0,0,0.1,149,6,1,0,0,0,0,0,0,0,0,0,0.07466666666666667,0,0,0,0,0,0.0,0,0,0.0,0
invictus_enriched.csv:1801,bert-jan,2023-07-10 12:08:26+00:00,0,1,0.8,2,1,0.9991666666666666,0,0.2313888888888889,1.0,1.2246467991473532e-16,-1.0,0,0,0.1,149,6,1,0,0,0,0,0,0,0,0,0,0.07333333333333333,0,0,0,0,0,0.0,0,0,0.0,0
invictus_enriched.csv:1802,bert-jan,2023-07-10 12:08:26+00:00,0,1,0.8,2,1,1.0,0,0.2313888888888889,1.0,1.2246467991473532e-16,-1.0,0,0,0.2,63,3,0,0,0,0,0,1,0,0,0,0,0.11333333333333333,0,0,0,0,0,0.0,0,0,0.0,0
invictus_enriched.csv:1808,bert-jan,2023-07-10 12:08:26+00:00,0,1,0.8,2,1,1.0,0,0.2313888888888889,1.0,1.2246467991473532e-16,-1.0,0,0,0.1,149,6,1,0,0,0,0,0,0,0,0,0,0.07333333333333333,0,0,0,0,0,0.0,0,0,0.0,0
invictus_enriched.csv:1809,bert-jan,2023-07-10 12:08:26+00:00,0,1,0.8,2,1,1.0,0,0.2313888888888889,1.0,1.2246467991473532e-16,-1.0,0,0,0.1,149,6,1,0,0,0,0,0,0,0,0,0,0.07466666666666667,0,0,0,0,0,0.0,0,0,0.0,0
invictus_enriched.csv:1810,bert-jan,2023-07-10 12:08:27+00:00,0,1,0.8,2,1,0.9997222222222222,0,0.23166666666666666,1.0,1.2246467991473532e-16,-1.0,0,0,0.1,59,3,0,0,0,0,0,1,0,0,0,0,0.128,0,0,0,0,0,0.0,0,0,0.0,0
invictus_enriched.csv:1812,bert-jan,2023-07-10 12:08:27+00:00,0,1,0.8,2,1,1.0,0,0.23166666666666666,1.0,1.2246467991473532e-16,-1.0,0,0,0.1,59,3,0,0,0,0,0,1,0,0,0,0,0.128,0,0,0,0,0,0.0,0,0,0.0,0
invictus_enriched.csv:1813,bert-jan,2023-07-10 12:08:27+00:00,0,1,0.8,2,1,1.0,0,0.23166666666666666,1.0,1.2246467991473532e-16,-1.0,0,0,0.1,149,6,1,0,0,0,0,0,0,0,0,0,0.07466666666666667,0,0,0,0,0,0.0,0,0,0.0,0
invictus_enriched.csv:1815,bert-jan,2023-07-10 12:08:36+00:00,0,1,0.8,2,1,0.9975,0,0.23416666666666666,1.0,1.2246467991473532e-16,-1.0,0,0,0.2,63,3,0,0,0,0,0,1,0,0,0,0,0.11333333333333333,0,0,0,0,0,0.0,0,0,0.0,0
invictus_enriched.csv:1816,bert-jan,2023-07-10 12:08:37+00:00,0,1,0.8,2,1,0.9997222222222222,0,0.23444444444444446,1.0,1.2246467991473532e-16,-1.0,0,0,0.2,63,3,0,0,0,0,0,1,0,0,0,0,0.11333333333333333,0,0,0,0,0,0.0,0,0,0.0,0
invictus_enriched.csv:1817,bert-jan,2023-07-10 12:08:37+00:00,0,1,0.8,2,1,1.0,0,0.23444444444444446,1.0,1.2246467991473532e-16,-1.0,0,0,0.1,125,1,1,0,0,0,1,0,0,0,0,0,0.17733333333333334,0,0,0,0,0,0.0,0,0,0.0,0
invictus_enriched.csv:1818,bert-jan,2023-07-10 12:08:37+00:00,0,1,0.8,2,1,1.0,0,0.23444444444444446,1.0,1.2246467991473532e-16,-1.0,0,0,0.1,129,1,1,0,0,0,1,0,0,0,0,0,0.09866666666666667,0,0,0,0,0,0.0,0,0,0.0,0
invictus_enriched.csv:1819,bert-jan,2023-07-10 12:08:37+00:00,0,1,0.8,2,1,1.0,0,0.23444444444444446,1.0,1.2246467991473532e-16,-1.0,0,0,0.1,59,3,0,0,0,0,0,1,0,0,0,0,0.128,0,0,0,0,0,0.0,0,0,0.0,0
invictus_enriched.csv:1820,bert-jan,2023-07-10 12:08:38+00:00,0,1,0.8,2,1,0.9997222222222222,0,0.23472222222222222,1.0,1.2246467991473532e-16,-1.0,0,0,0.1,27,1,0,0,0,0,1,1,0,0,0,0,0.07866666666666666,0,0,0,0,1,0.0,0,0,0.0,0
invictus_enriched.csv:1821,bert-jan,2023-07-10 12:08:38+00:00,0,1,0.8,2,1,1.0,0,0.23472222222222222,1.0,1.2246467991473532e-16,-1.0,0,0,0.1,59,3,0,0,0,0,0,1,0,0,0,0,0.128,0,0,0,0,0,0.0,0,0,0.0,0
invictus_enriched.csv:1822,bert-jan,2023-07-10 12:08:38+00:00,0,1,0.8,2,1,1.0,1,0.23472222222222222,1.0,1.2246467991473532e-16,-1.0,0,0,0.1,150,3,1,0,0,0,0,0,0,0,0,0,0.06266666666666666,0,0,0,0,0,0.0,0,0,0.0,0
invictus_enriched.csv:1823,bert-jan,2023-07-10 12:08:38+00:00,0,1,0.8,2,1,1.0,0,0.23472222222222222,1.0,1.2246467991473532e-16,-1.0,0,0,0.1,127,1,0,0,0,0,1,1,0,0,0,0,0.07866666666666666,0,0,0,0,0,0.0,0,0,0.0,0
invictus_enriched.csv:1824,bert-jan,2023-07-10 12:08:38+00:00,0,1,0.8,2,1,1.0,0,0.23472222222222222,1.0,1.2246467991473532e-16,-1.0,0,0,0.1,60,3,0,0,0,0,0,1,0,0,0,0,0.30133333333333334,0,0,0,0,0,0.0,0,0,0.0,0
invictus_enriched.csv:1825,bert-jan,2023-07-10 12:08:39+00:00,0,1,0.8,2,1,0.9997222222222222,0,0.235,1.0,1.2246467991473532e-16,-1.0,0,0,0.1,28,1,0,0,0,0,1,1,0,0,0,0,0.07866666666666666,0,0,0,0,0,0.0,0,0,0.0,0
invictus_enriched.csv:1826,bert-jan,2023-07-10 12:08:39+00:00,0,1,0.8,2,1,1.0,0,0.235,1.0,1.2246467991473532e-16,-1.0,0,0,0.1,132,1,1,0,0,0,1,0,0,0,0,0,0.11066666666666666,0,0,0,0,0,0.0,0,0,0.0,0
invictus_enriched.csv:1827,bert-jan,2023-07-10 12:08:39+00:00,0,1,0.8,2,1,1.0,0,0.235,1.0,1.2246467991473532e-16,-1.0,0,0,0.1,140,3,1,0,0,0,0,0,0,0,0,0,0.05333333333333334,0,0,0,0,0,0.0,0,0,0.0,0
invictus_enriched.csv:1828,bert-jan,2023-07-10 12:08:39+00:00,0,1,0.8,2,1,1.0,0,0.235,1.0,1.2246467991473532e-16,-1.0,0,0,0.1,130,1,1,0,0,0,1,0,0,0,0,0,0.07866666666666666,0,0,0,0,0,0.0,0,0,0.0,0
invictus_enriched.csv:1829,bert-jan,2023-07-10 12:08:47+00:00,0,1,0.8,2,1,0.9977777777777778,0,0.23722222222222222,1.0,1.2246467991473532e-16,-1.0,0,0,0.2,63,3,0,0,0,0,0,1,0,0,0,0,0.11333333333333333,0,0,0,0,0,0.0,0,0,0.0,0
invictus_enriched.csv:1830,bert-jan,2023-07-10 12:08:48+00:00,0,1,0.8,2,1,0.9997222222222222,0,0.2375,1.0,1.2246467991473532e-16,-1.0,0,0,0.1,59,3,0,0,0,0,0,1,0,0,0,0,0.128,0,0,0,0,0,0.0,0,0,0.0,0
invictus_enriched.csv:1831,bert-jan,2023-07-10 12:08:48+00:00,0,1,0.8,2,1,1.0,0,0.2375,1.0,1.2246467991473532e-16,-1.0,0,0,0.1,59,3,0,0,0,0,0,1,0,0,0,0,0.128,0,0,0,0,0,0.0,0,0,0.0,0
invictus_enriched.csv:1832,bert-jan,2023-07-10 12:08:58+00:00,0,1,0.8,2,1,0.9972222222222222,0,0.24027777777777778,1.0,1.2246467991473532e-16,-1.0,0,0,0.1,59,3,0,0,0,0,0,1,0,0,0,0,0.128,0,0,0,0,0,0.0,0,0,0.0,0
invictus_enriched.csv:1833,bert-jan,2023-07-10 12:08:59+00:00,0,1,0.8,2,1,0.9997222222222222,0,0.24055555555555555,1.0,1.2246467991473532e-16,-1.0,0,0,0.1,59,3,0,0,0,0,0,1,0,0,0,0,0.128,0,0,0,0,0,0.0,0,0,0.0,0
invictus_enriched.csv:1834,bert-jan,2023-07-10 12:09:08+00:00,0,1,0.8,2,1,0.9975,1,0.24305555555555555,1.0,1.2246467991473532e-16,-1.0,0,0,0.1,151,3,1,0,1,0,0,0,0,0,0,0,0.084,0,0,0,0,0,0.0,0,0,0.0,0
invictus_enriched.csv:1835,bert-jan,2023-07-10 12:09:08+00:00,0,1,0.8,2,1,1.0,0,0.24305555555555555,1.0,1.2246467991473532e-16,-1.0,0,0,0.1,125,1,1,0,0,0,1,0,0,0,0,0,0.156,0,0,0,0,0,0.0,0,0,0.0,0
invictus_enriched.csv:1836,bert-jan,2023-07-10 12:09:08+00:00,0,1,0.8,2,1,1.0,0,0.24305555555555555,1.0,1.2246467991473532e-16,-1.0,0,0,0.2,63,3,0,0,0,0,0,1,0,0,0,0,0.11333333333333333,0,0,0,0,0,0.0,0,0,0.0,0
invictus_enriched.csv:1837,bert-jan,2023-07-10 12:09:09+00:00,0,1,0.8,2,1,0.9997222222222222,0,0.24333333333333335,1.0,1.2246467991473532e-16,-1.0,0,0,0.1,59,3,0,0,0,0,0,1,0,0,0,0,0.128,0,0,0,0,0,0.0,0,0,0.0,0
invictus_enriched.csv:1838,bert-jan,2023-07-10 12:09:09+00:00,0,1,0.8,2,1,1.0,0,0.24333333333333335,1.0,1.2246467991473532e-16,-1.0,0,0,0.1,129,1,1,0,0,0,1,0,0,0,0,0,0.088,0,0,0,0,0,0.0,0,0,0.0,0
invictus_enriched.csv:1839,bert-jan,2023-07-10 12:09:12+00:00,0,1,0.8,2,1,0.9991666666666666,0,0.24416666666666667,1.0,1.2246467991473532e-16,-1.0,0,0,0.1,21,3,0,0,0,0,0,1,0,0,0,0,0.064,0,0,0,0,0,0.0,0,0,0.0,0
invictus_enriched.csv:1840,bert-jan,2023-07-10 12:09:19+00:00,0,1,0.8,2,1,0.9980555555555556,0,0.2461111111111111,1.0,1.2246467991473532e-16,-1.0,0,0,0.1,23,1,0,0,0,0,1,1,0,0,0,0,0.0026666666666666666,0,0,0,0,0,0.0,0,0,0.0,0
invictus_enriched.csv:1841,bert-jan,2023-07-10 12:09:20+00:00,0,1,0.8,2,1,0.9997222222222222,0,0.24638888888888888,1.0,1.2246467991473532e-16,-1.0,0,0,0.1,33,3,0,0,0,0,0,1,0,0,0,0,0.3,0,0,0,0,0,0.0,0,0,0.0,0
invictus_enriched.csv:1842,bert-jan,2023-07-10 12:09:20+00:00,0,1,0.8,2,1,1.0,0,0.24638888888888888,1.0,1.2246467991473532e-16,-1.0,0,0,0.1,32,3,0,0,0,0,0,1,0,0,0,0,0.2,0,0,0,0,0,0.0,0,0,0.0,0
invictus_enriched.csv:1843,bert-jan,2023-07-10 12:09:20+00:00,0,1,0.8,2,1,1.0,0,0.24638888888888888,1.0,1.2246467991473532e-16,-1.0,0,0,0.2,22,2,0,0,0,0,0,1,0,1,0,0,0.0026666666666666666,0,0,0,0,0,0.0,0,0,0.0,0
invictus_enriched.csv:1844,bert-jan,2023-07-10 12:09:21+00:00,0,1,0.8,2,1,0.9997222222222222,0,0.24666666666666667,1.0,1.2246467991473532e-16,-1.0,0,0,0.1,123,1,1,0,0,0,1,0,0,0,0,0,0.3893333333333333,0,0,0,0,0,0.2,0,1,0.0,0
invictus_enriched.csv:1845,bert-jan,2023-07-10 12:09:21+00:00,0,1,0.8,2,1,1.0,0,0.24666666666666667,1.0,1.2246467991473532e-16,-1.0,0,0,0.1,27,1,0,0,0,0,1,1,0,0,0,0,0.07333333333333333,0,0,0,0,1,0.0,0,0,0.0,0
invictus_enriched.csv:1846,bert-jan,2023-07-10 12:09:21+00:00,0,1,0.8,2,1,1.0,0,0.24666666666666667,1.0,1.2246467991473532e-16,-1.0,0,0,0.1,26,1,0,0,0,0,1,1,0,0,0,0,0.07333333333333333,0,0,0,0,0,0.0,0,0,0.0,0
invictus_enriched.csv:1847,bert-jan,2023-07-10 12:09:21+00:00,0,1,0.8,2,1,1.0,0,0.24666666666666667,1.0,1.2246467991473532e-16,-1.0,0,0,0.7,24,1,1,0,0,0,1,0,0,0,0,0,0.5013333333333333,0,0,0,0,0,0.2,0,0,0.6,1
invictus_enriched.csv:1848,bert-jan,2023-07-10 12:09:21+00:00,0,1,0.8,2,1,1.0,0,0.24666666666666667,1.0,1.2246467991473532e-16,-1.0,0,0,0.1,23,1,0,0,0,0,1,1,0,0,0,0,0.0026666666666666666,0,0,0,0,0,0.0,0,0,0.0,0
invictus_enriched.csv:1849,bert-jan,2023-07-10 12:09:21+00:00,0,1,0.8,2,1,1.0,0,0.24666666666666667,1.0,1.2246467991473532e-16,-1.0,0,0,0.1,122,1,0,0,0,0,1,1,0,0,0,0,0.14666666666666667,0,0,0,0,0,0.0,0,0,0.0,0
invictus_enriched.csv:1850,bert-jan,2023-07-10 12:09:21+00:00,0,1,0.8,2,1,1.0,0,0.24666666666666667,1.0,1.2246467991473532e-16,-1.0,0,0,0.1,121,1,0,0,0,0,1,1,0,0,0,0,0.12133333333333333,0,0,0,0,0,0.0,0,0,0.0,0
invictus_enriched.csv:1851,bert-jan,2023-07-10 12:09:21+00:00,0,1,0.8,2,1,1.0,0,0.24666666666666667,1.0,1.2246467991473532e-16,-1.0,0,0,0.1,34,3,1,0,0,0,0,0,0,0,0,0,0.35733333333333334,0,0,0,0,0,0.0,0,0,0.0,0
invictus_enriched.csv:1852,bert-jan,2023-07-10 12:09:21+00:00,0,1,0.8,2,1,1.0,0,0.24666666666666667,1.0,1.2246467991473532e-16,-1.0,0,0,0.1,28,1,0,0,0,0,1,1,0,0,0,0,0.07333333333333333,0,0,0,0,0,0.0,0,0,0.0,0
invictus_enriched.csv:1853,bert-jan,2023-07-10 12:09:22+00:00,0,1,0.8,2,1,0.9997222222222222,0,0.24694444444444444,1.0,1.2246467991473532e-16,-1.0,0,0,0.1,121,1,0,0,0,0,1,1,0,0,0,0,0.12133333333333333,0,0,0,0,0,0.0,0,0,0.0,0
invictus_enriched.csv:1854,bert-jan,2023-07-10 12:09:22+00:00,0,1,0.8,2,1,1.0,0,0.24694444444444444,1.0,1.2246467991473532e-16,-1.0,0,0,0.1,39,3,0,0,0,0,0,1,0,0,0,0,0.04533333333333334,0,0,0,0,0,0.0,0,0,0.0,0
invictus_enriched.csv:1855,bert-jan,2023-07-10 12:09:22+00:00,0,1,0.8,2,1,1.0,0,0.24694444444444444,1.0,1.2246467991473532e-16,-1.0,0,0,0.1,39,3,0,0,0,0,0,1,0,0,0,0,0.04533333333333334,0,0,0,0,0,0.0,0,0,0.0,0
invictus_enriched.csv:1856,bert-jan,2023-07-10 12:09:22+00:00,0,1,0.8,2,1,1.0,0,0.24694444444444444,1.0,1.2246467991473532e-16,-1.0,0,0,0.1,124,1,0,0,0,0,1,1,0,0,0,0,0.12133333333333333,0,0,0,0,0,0.0,0,0,0.0,0
invictus_enriched.csv:1857,bert-jan,2023-07-10 12:09:22+00:00,0,1,0.8,2,1,1.0,0,0.24694444444444444,1.0,1.2246467991473532e-16,-1.0,0,0,0.1,39,3,0,0,0,0,0,1,0,0,0,0,0.04533333333333334,0,0,0,0,0,0.0,0,0,0.0,0
invictus_enriched.csv:1858,bert-jan,2023-07-10 12:09:22+00:00,0,1,0.8,2,1,1.0,0,0.24694444444444444,1.0,1.2246467991473532e-16,-1.0,0,0,0.1,41,3,0,0,0,0,0,1,0,0,0,0,0.13733333333333334,0,0,0,0,0,0.0,0,0,0.0,0
invictus_enriched.csv:1859,bert-jan,2023-07-10 12:09:22+00:00,0,1,0.8,2,1,1.0,0,0.24694444444444444,1.0,1.2246467991473532e-16,-1.0,0,0,0.1,37,3,0,0,0,0,0,1,0,0,0,0,0.10133333333333333,0,0,0,0,0,0.0,0,0,0.0,0
invictus_enriched.csv:1860,bert-jan,2023-07-10 12:09:22+00:00,0,1,0.8,2,1,1.0,0,0.24694444444444444,1.0,1.2246467991473532e-16,-1.0,0,0,0.1,37,3,0,0,0,0,0,1,0,0,0,0,0.10133333333333333,0,0,0,0,0,0.0,0,0,0.0,0
invictus_enriched.csv:1861,bert-jan,2023-07-10 12:09:22+00:00,0,1,0.8,2,1,1.0,0,0.24694444444444444,1.0,1.2246467991473532e-16,-1.0,0,0,0.1,38,3,0,0,0,0,0,1,0,0,0,0,0.1,0,0,0,0,0,0.0,0,0,0.0,0
invictus_enriched.csv:1862,bert-jan,2023-07-10 12:09:22+00:00,0,1,0.8,2,1,1.0,0,0.24694444444444444,1.0,1.2246467991473532e-16,-1.0,0,0,0.1,42,1,1,0,0,0,1,0,0,0,0,0,0.19466666666666665,0,0,0,0,1,0.0,0,0,0.0,1
invictus_enriched.csv:1863,bert-jan,2023-07-10 12:09:23+00:00,0,1,0.8,2,1,0.9997222222222222,0,0.24722222222222223,1.0,1.2246467991473532e-16,-1.0,0,0,0.1,48,3,1,0,0,0,0,0,0,0,0,0,0.2946666666666667,0,0,0,0,0,0.0,0,0,0.0,0
invictus_enriched.csv:1864,bert-jan,2023-07-10 12:09:23+00:00,0,1,0.8,2,1,1.0,0,0.24722222222222223,1.0,1.2246467991473532e-16,-1.0,0,0,0.1,48,3,1,0,0,0,0,0,0,0,0,0,0.31066666666666665,0,0,0,0,0,0.0,0,0,0.0,0
invictus_enriched.csv:1865,bert-jan,2023-07-10 12:09:23+00:00,0,1,0.8,2,1,1.0,0,0.24722222222222223,1.0,1.2246467991473532e-16,-1.0,0,0,0.1,50,3,1,0,0,0,0,0,0,0,0,0,0.24666666666666667,0,0,0,0,0,0.0,0,0,0.0,0
invictus_enriched.csv:1866,bert-jan,2023-07-10 12:09:23+00:00,0,1,0.8,2,1,1.0,0,0.24722222222222223,1.0,1.2246467991473532e-16,-1.0,0,0,0.1,47,3,0,0,0,0,0,1,0,0,0,0,0.304,0,0,0,0,0,0.0,0,0,0.0,0
invictus_enriched.csv:1867,bert-jan,2023-07-10 12:09:23+00:00,0,1,0.8,2,1,1.0,0,0.24722222222222223,1.0,1.2246467991473532e-16,-1.0,0,0,0.1,43,3,0,0,0,0,0,1,0,0,0,0,0.26,0,0,0,0,0,0.0,0,0,0.0,0
invictus_enriched.csv:1868,bert-jan,2023-07-10 12:09:23+00:00,0,1,0.8,2,1,1.0,0,0.24722222222222223,1.0,1.2246467991473532e-16,-1.0,0,0,0.1,45,3,0,0,0,0,0,1,0,0,0,0,0.272,0,0,0,0,0,0.0,0,0,0.0,0
invictus_enriched.csv:1869,bert-jan,2023-07-10 12:09:24+00:00,0,1,0.8,2,1,0.9997222222222222,0,0.2475,1.0,1.2246467991473532e-16,-1.0,0,0,0.1,45,3,0,0,0,0,0,1,0,0,0,0,0.22266666666666668,0,0,0,0,0,0.0,0,0,0.0,0
invictus_enriched.csv:1870,bert-jan,2023-07-10 12:09:24+00:00,0,1,0.8,2,1,1.0,0,0.2475,1.0,1.2246467991473532e-16,-1.0,0,0,0.1,53,3,0,0,0,0,0,1,0,0,0,0,0.11333333333333333,0,0,0,0,0,0.0,0,0,0.0,0
invictus_enriched.csv:1871,bert-jan,2023-07-10 12:09:24+00:00,0,1,0.8,2,1,1.0,0,0.2475,1.0,1.2246467991473532e-16,-1.0,0,0,0.1,51,3,1,0,0,0,0,0,0,0,0,0,0.38666666666666666,0,0,0,0,0,0.0,0,0,0.0,0
invictus_enriched.csv:1872,bert-jan,2023-07-10 12:09:24+00:00,0,1,0.8,2,1,1.0,0,0.2475,1.0,1.2246467991473532e-16,-1.0,0,0,0.1,45,3,0,0,0,0,0,1,0,0,0,0,0.12266666666666666,0,0,0,0,0,0.0,0,0,0.0,0
invictus_enriched.csv:1873,bert-jan,2023-07-10 12:09:24+00:00,0,1,0.8,2,1,1.0,0,0.2475,1.0,1.2246467991473532e-16,-1.0,0,0,0.1,45,3,0,0,0,0,0,1,0,0,0,0,0.12266666666666666,0,0,0,0,0,0.0,0,0,0.0,0
invictus_enriched.csv:1874,bert-jan,2023-07-10 12:09:24+00:00,0,1,0.8,2,1,1.0,0,0.2475,1.0,1.2246467991473532e-16,-1.0,0,0,0.1,55,3,1,0,0,0,0,0,0,0,0,0,0.108,0,0,0,0,0,0.0,0,0,0.0,0
invictus_enriched.csv:1875,bert-jan,2023-07-10 12:09:24+00:00,0,1,0.8,2,1,1.0,0,0.2475,1.0,1.2246467991473532e-16,-1.0,0,0,0.1,45,3,0,0,0,0,0,1,0,0,0,0,0.12266666666666666,0,0,0,0,0,0.0,0,0,0.0,0
invictus_enriched.csv:1876,bert-jan,2023-07-10 12:09:24+00:00,0,1,0.8,2,1,1.0,0,0.2475,1.0,1.2246467991473532e-16,-1.0,0,0,0.1,57,3,1,0,0,0,0,0,0,0,0,0,0.15466666666666667,0,0,0,0,0,0.0,0,0,0.0,0
invictus_enriched.csv:1877,bert-jan,2023-07-10 12:09:24+00:00,0,1,0.8,2,1,1.0,0,0.2475,1.0,1.2246467991473532e-16,-1.0,0,0,0.1,45,3,0,0,0,0,0,1,0,0,0,0,0.12266666666666666,0,0,0,0,0,0.0,0,0,0.0,0
invictus_enriched.csv:1878,bert-jan,2023-07-10 12:09:24+00:00,0,1,0.8,2,1,1.0,0,0.2475,1.0,1.2246467991473532e-16,-1.0,0,0,0.1,53,3,0,0,0,0,0,1,0,0,0,0,0.11333333333333333,0,0,0,0,0,0.0,0,0,0.0,0
invictus_enriched.csv:1879,bert-jan,2023-07-10 12:09:24+00:00,0,1,0.8,2,1,1.0,0,0.2475,1.0,1.2246467991473532e-16,-1.0,0,0,0.1,45,3,0,0,0,0,0,1,0,0,0,0,0.12266666666666666,0,0,0,0,0,0.0,0,0,0.0,0
invictus_enriched.csv:1880,bert-jan,2023-07-10 12:09:24+00:00,0,1,0.8,2,1,1.0,0,0.2475,1.0,1.2246467991473532e-16,-1.0,0,0,0.1,45,3,0,0,0,0,0,1,0,0,0,0,0.12266666666666666,0,0,0,0,0,0.0,0,0,0.0,0
invictus_enriched.csv:1881,bert-jan,2023-07-10 12:09:24+00:00,0,1,0.8,2,1,1.0,0,0.2475,1.0,1.2246467991473532e-16,-1.0,0,0,0.1,45,3,0,0,0,0,0,1,0,0,0,0,0.12266666666666666,0,0,0,0,0,0.0,0,0,0.0,0
invictus_enriched.csv:1882,bert-jan,2023-07-10 12:09:24+00:00,0,1,0.8,2,1,1.0,0,0.2475,1.0,1.2246467991473532e-16,-1.0,0,0,0.1,52,3,0,0,0,0,0,1,0,0,0,0,0.136,0,0,0,0,0,0.0,0,0,0.0,0
invictus_enriched.csv:1883,bert-jan,2023-07-10 12:09:24+00:00,0,1,0.8,2,1,1.0,0,0.2475,1.0,1.2246467991473532e-16,-1.0,0,0,0.1,53,3,0,0,0,0,0,1,0,0,0,0,0.11333333333333333,0,0,0,0,0,0.0,0,0,0.0,0
invictus_enriched.csv:1884,bert-jan,2023-07-10 12:09:24+00:00,0,1,0.8,2,1,1.0,0,0.2475,1.0,1.2246467991473532e-16,-1.0,0,0,0.1,53,3,0,0,0,0,0,1,0,0,0,0,0.11333333333333333,0,0,0,0,0,0.0,0,0,0.0,0
invictus_enriched.csv:1885,bert-jan,2023-07-10 12:09:24+00:00,0,1,0.8,2,1,1.0,0,0.2475,1.0,1.2246467991473532e-16,-1.0,0,0,0.1,51,3,1,0,0,0,0,0,0,0,0,0,0.388,0,0,0,0,0,0.0,0,0,0.0,0
invictus_enriched.csv:1886,bert-jan,2023-07-10 12:09:24+00:00,0,1,0.8,2,1,1.0,0,0.2475,1.0,1.2246467991473532e-16,-1.0,0,0,0.1,52,3,0,0,0,0,0,1,0,0,0,0,0.136,0,0,0,0,0,0.0,0,0,0.0,0
invictus_enriched.csv:1887,bert-jan,2023-07-10 12:09:24+00:00,0,1,0.8,2,1,1.0,0,0.2475,1.0,1.2246467991473532e-16,-1.0,0,0,0.1,54,3,1,0,0,0,0,0,0,0,0,0,0.10666666666666667,0,0,0,0,1,0.0,0,0,0.0,0
invictus_enriched.csv:1888,bert-jan,2023-07-10 12:09:24+00:00,0,1,0.8,2,1,1.0,0,0.2475,1.0,1.2246467991473532e-16,-1.0,0,0,0.1,55,3,1,0,0,0,0,0,0,0,0,0,0.108,0,0,0,0,0,0.0,0,0,0.0,0
invictus_enriched.csv:1889,bert-jan,2023-07-10 12:09:24+00:00,0,1,0.8,2,1,1.0,0,0.2475,1.0,1.2246467991473532e-16,-1.0,0,0,0.1,45,3,0,0,0,0,0,1,0,0,0,0,0.22266666666666668,0,0,0,0,0,0.0,0,0,0.0,0
invictus_enriched.csv:1890,bert-jan,2023-07-10 12:09:25+00:00,0,1,0.8,2,1,0.9997222222222222,0,0.2477777777777778,1.0,1.2246467991473532e-16,-1.0,0,0,0.1,45,3,0,0,0,0,0,1,0,0,0,0,0.22266666666666668,0,0,0,0,0,0.0,0,0,0.0,0
invictus_enriched.csv:1891,bert-jan,2023-07-10 12:09:25+00:00,0,1,0.8,2,1,1.0,0,0.2477777777777778,1.0,1.2246467991473532e-16,-1.0,0,0,0.1,45,3,0,0,0,0,0,1,0,0,0,0,0.12266666666666666,0,0,0,0,0,0.0,0,0,0.0,0
invictus_enriched.csv:1892,bert-jan,2023-07-10 12:09:25+00:00,0,1,0.8,2,1,1.0,0,0.2477777777777778,1.0,1.2246467991473532e-16,-1.0,0,0,0.1,45,3,0,0,0,0,0,1,0,0,0,0,0.12266666666666666,0,0,0,0,0,0.0,0,0,0.0,0
invictus_enriched.csv:1893,bert-jan,2023-07-10 12:09:25+00:00,0,1,0.8,2,1,1.0,0,0.2477777777777778,1.0,1.2246467991473532e-16,-1.0,0,0,0.1,45,3,0,0,0,0,0,1,0,0,0,0,0.22266666666666668,0,0,0,0,0,0.0,0,0,0.0,0
invictus_enriched.csv:1894,bert-jan,2023-07-10 12:09:26+00:00,0,1,0.8,2,1,0.9997222222222222,0,0.24805555555555556,1.0,1.2246467991473532e-16,-1.0,0,0,0.6,30,2,0,0,1,1,0,0,0,0,0,0,0.0026666666666666666,0,0,0,0,0,0.0,0,0,0.0,0
invictus_enriched.csv:1895,bert-jan,2023-07-10 12:09:27+00:00,0,1,0.8,2,1,0.9997222222222222,0,0.24833333333333332,1.0,1.2246467991473532e-16,-1.0,0,0,0.6,30,2,0,0,1,1,0,0,0,0,0,0,0.0026666666666666666,0,0,0,0,0,0.0,0,0,0.0,0
invictus_enriched.csv:1896,bert-jan,2023-07-10 12:09:30+00:00,0,1,0.8,2,1,0.9991666666666666,0,0.24916666666666668,1.0,1.2246467991473532e-16,-1.0,0,0,0.6,30,2,0,0,0,0,0,0,0,0,0,0,0.216,0,0,0,0,0,0.0,0,0,0.0,0
invictus_enriched.csv:1897,bert-jan,2023-07-10 12:09:30+00:00,0,1,0.8,2,1,1.0,0,0.24916666666666668,1.0,1.2246467991473532e-16,-1.0,0,0,0.6,30,2,0,0,0,0,0,0,0,0,0,0,0.216,0,0,0,0,0,0.0,0,0,0.0,0
invictus_enriched.csv:1899,bert-jan,2023-07-10 12:09:50+00:00,0,1,0.8,2,1,0.9944444444444445,0,0.25472222222222224,1.0,1.2246467991473532e-16,-1.0,0,0,0.1,21,3,0,0,0,0,0,1,0,0,0,0,0.064,0,0,0,0,0,0.0,0,0,0.0,0
invictus_enriched.csv:1900,bert-jan,2023-07-10 12:09:54+00:00,0,1,0.8,2,1,0.9988888888888889,0,0.25583333333333336,1.0,1.2246467991473532e-16,-1.0,0,0,0.1,23,1,0,0,0,0,1,1,0,0,0,0,0.0026666666666666666,0,0,0,0,0,0.0,0,0,0.0,0
invictus_enriched.csv:1901,bert-jan,2023-07-10 12:09:55+00:00,0,1,0.8,2,1,0.9997222222222222,0,0.2561111111111111,1.0,1.2246467991473532e-16,-1.0,0,0,0.1,23,1,0,0,0,0,1,1,0,0,0,0,0.0026666666666666666,0,0,0,0,0,0.0,0,0,0.0,0
invictus_enriched.csv:1902,bert-jan,2023-07-10 12:09:56+00:00,0,1,0.8,2,1,0.9997222222222222,0,0.2563888888888889,1.0,1.2246467991473532e-16,-1.0,0,0,0.1,37,3,0,0,0,0,0,1,0,0,0,0,0.10133333333333333,0,0,0,0,0,0.0,0,0,0.0,0
invictus_enriched.csv:1903,bert-jan,2023-07-10 12:09:56+00:00,0,1,0.8,2,1,1.0,0,0.2563888888888889,1.0,1.2246467991473532e-16,-1.0,0,0,0.1,34,3,1,0,0,0,0,0,0,0,0,0,0.344,0,0,0,0,0,0.0,0,0,0.0,0
invictus_enriched.csv:1904,bert-jan,2023-07-10 12:09:57+00:00,0,1,0.8,2,1,0.9997222222222222,0,0.25666666666666665,1.0,1.2246467991473532e-16,-1.0,0,0,0.1,38,3,0,0,0,0,0,1,0,0,0,0,0.1,0,0,0,0,0,0.0,0,0,0.0,0
invictus_enriched.csv:1905,bert-jan,2023-07-10 12:09:57+00:00,0,1,0.8,2,1,1.0,0,0.25666666666666665,1.0,1.2246467991473532e-16,-1.0,0,0,0.1,37,3,0,0,0,0,0,1,0,0,0,0,0.10133333333333333,0,0,0,0,0,0.0,0,0,0.0,0
invictus_enriched.csv:1906,bert-jan,2023-07-10 12:09:58+00:00,0,1,0.8,2,1,0.9997222222222222,0,0.2569444444444444,1.0,1.2246467991473532e-16,-1.0,0,0,0.1,39,3,0,0,0,0,0,1,0,0,0,0,0.04533333333333334,0,0,0,0,0,0.0,0,0,0.0,0
invictus_enriched.csv:1907,bert-jan,2023-07-10 12:09:58+00:00,0,1,0.8,2,1,1.0,0,0.2569444444444444,1.0,1.2246467991473532e-16,-1.0,0,0,0.1,41,3,0,0,0,0,0,1,0,0,0,0,0.13733333333333334,0,0,0,0,0,0.0,0,0,0.0,0
invictus_enriched.csv:1908,bert-jan,2023-07-10 12:09:59+00:00,0,1,0.8,2,1,0.9997222222222222,0,0.25722222222222224,1.0,1.2246467991473532e-16,-1.0,0,0,0.1,39,3,0,0,0,0,0,1,0,0,0,0,0.04533333333333334,0,0,0,0,0,0.0,0,0,0.0,0
invictus_enriched.csv:1909,bert-jan,2023-07-10 12:09:59+00:00,0,1,0.8,2,1,1.0,0,0.25722222222222224,1.0,1.2246467991473532e-16,-1.0,0,0,0.1,43,3,0,0,0,0,0,1,0,0,0,0,0.26,0,0,0,0,0,0.0,0,0,0.0,0
invictus_enriched.csv:1910,bert-jan,2023-07-10 12:10:00+00:00,0,1,0.8,2,1,0.9997222222222222,0,0.2575,1.0,1.2246467991473532e-16,-1.0,0,0,0.1,45,3,0,0,0,0,0,1,0,0,0,0,0.272,0,0,0,0,0,0.0,0,0,0.0,0
invictus_enriched.csv:1911,bert-jan,2023-07-10 12:10:00+00:00,0,1,0.8,2,1,1.0,0,0.2575,1.0,1.2246467991473532e-16,-1.0,0,0,0.1,47,3,0,0,0,0,0,1,0,0,0,0,0.304,0,0,0,0,0,0.0,0,0,0.0,0
invictus_enriched.csv:1912,bert-jan,2023-07-10 12:10:01+00:00,0,1,0.8,2,1,0.9997222222222222,0,0.2577777777777778,1.0,1.2246467991473532e-16,-1.0,0,0,0.1,47,3,0,0,0,0,0,1,0,0,0,0,0.15066666666666667,0,0,0,0,0,0.0,0,0,0.0,0
invictus_enriched.csv:1913,bert-jan,2023-07-10 12:10:01+00:00,0,1,0.8,2,1,1.0,1,0.2577777777777778,1.0,1.2246467991473532e-16,-1.0,0,0,0.1,152,3,1,0,0,0,0,0,0,0,0,0,0.41333333333333333,0,0,0,0,0,0.0,0,0,0.0,0
invictus_enriched.csv:1914,bert-jan,2023-07-10 12:10:02+00:00,0,1,0.8,2,1,0.9997222222222222,0,0.25805555555555554,1.0,1.2246467991473532e-16,-1.0,0,0,0.1,47,3,0,0,0,0,0,1,0,0,0,0,0.15066666666666667,0,0,0,0,0,0.0,0,0,0.0,0
invictus_enriched.csv:1915,bert-jan,2023-07-10 12:10:02+00:00,0,1,0.8,2,1,1.0,0,0.25805555555555554,1.0,1.2246467991473532e-16,-1.0,0,0,0.1,47,3,0,0,0,0,0,1,0,0,0,0,0.15066666666666667,0,0,0,0,0,0.0,0,0,0.0,0
invictus_enriched.csv:1916,bert-jan,2023-07-10 12:10:03+00:00,0,1,0.8,2,1,0.9997222222222222,1,0.25833333333333336,1.0,1.2246467991473532e-16,-1.0,0,0,0.1,153,3,1,0,0,0,0,0,0,0,0,0,0.2906666666666667,0,0,0,0,0,0.0,0,0,0.0,0
invictus_enriched.csv:1917,bert-jan,2023-07-10 12:10:04+00:00,0,1,0.8,2,1,0.9997222222222222,0,0.2586111111111111,1.0,1.2246467991473532e-16,-1.0,0,0,0.1,47,3,0,0,0,0,0,1,0,0,0,0,0.15066666666666667,0,0,0,0,0,0.0,0,0,0.0,0
invictus_enriched.csv:1918,bert-jan,2023-07-10 12:10:04+00:00,0,1,0.8,2,1,1.0,0,0.2586111111111111,1.0,1.2246467991473532e-16,-1.0,0,0,0.1,153,3,1,0,1,0,0,0,0,0,0,0,0.2866666666666667,0,0,0,0,0,0.0,0,0,0.0,0
invictus_enriched.csv:1919,bert-jan,2023-07-10 12:10:05+00:00,0,1,0.8,2,1,0.9997222222222222,1,0.2588888888888889,1.0,1.2246467991473532e-16,-1.0,0,0,0.1,154,3,1,0,0,0,0,0,0,0,0,0,0.3453333333333333,0,0,0,0,0,0.0,0,0,0.0,0
invictus_enriched.csv:1920,bert-jan,2023-07-10 12:10:06+00:00,0,1,0.8,2,1,0.9997222222222222,0,0.25916666666666666,1.0,1.2246467991473532e-16,-1.0,0,0,0.1,47,3,0,0,0,0,0,1,0,0,0,0,0.15066666666666667,0,0,0,0,0,0.0,0,0,0.0,0
invictus_enriched.csv:1921,bert-jan,2023-07-10 12:10:06+00:00,0,1,0.8,2,1,1.0,1,0.25916666666666666,1.0,1.2246467991473532e-16,-1.0,0,0,0.1,155,3,1,0,0,0,0,0,0,0,0,0,0.2946666666666667,0,0,0,0,0,0.0,0,0,0.0,0
invictus_enriched.csv:1922,bert-jan,2023-07-10 12:10:08+00:00,0,1,0.8,2,1,0.9994444444444445,0,0.25972222222222224,1.0,1.2246467991473532e-16,-1.0,0,0,0.1,154,3,1,0,0,0,0,0,0,0,0,0,0.17333333333333334,0,0,0,0,0,0.0,0,0,0.0,0
invictus_enriched.csv:1923,bert-jan,2023-07-10 12:10:19+00:00,0,1,0.8,2,1,0.9969444444444444,0,0.2627777777777778,1.0,1.2246467991473532e-16,-1.0,0,0,0.1,21,3,0,0,0,0,0,1,0,0,0,0,0.064,0,0,0,0,0,0.0,0,0,0.0,0
invictus_enriched.csv:1924,bert-jan,2023-07-10 12:10:23+00:00,0,1,0.8,2,1,0.9988888888888889,0,0.2638888888888889,1.0,1.2246467991473532e-16,-1.0,0,0,0.1,32,3,0,0,0,0,0,1,0,0,0,0,0.2,0,0,0,0,0,0.0,0,0,0.0,0
invictus_enriched.csv:1925,bert-jan,2023-07-10 12:10:23+00:00,0,1,0.8,2,1,1.0,0,0.2638888888888889,1.0,1.2246467991473532e-16,-1.0,0,0,0.1,23,1,0,0,0,0,1,1,0,0,0,0,0.0026666666666666666,0,0,0,0,0,0.0,0,0,0.0,0
invictus_enriched.csv:1926,bert-jan,2023-07-10 12:10:24+00:00,0,1,0.8,2,1,0.9997222222222222,0,0.26416666666666666,1.0,1.2246467991473532e-16,-1.0,0,0,0.1,23,1,0,0,0,0,1,1,0,0,0,0,0.0026666666666666666,0,0,0,0,0,0.0,0,0,0.0,0
invictus_enriched.csv:1927,bert-jan,2023-07-10 12:10:25+00:00,0,1,0.8,2,1,0.9997222222222222,1,0.2644444444444444,1.0,1.2246467991473532e-16,-1.0,0,0,0.1,156,3,1,0,0,0,0,0,0,0,0,0,0.35733333333333334,0,0,0,0,0,0.0,0,0,0.0,0
invictus_enriched.csv:1928,bert-jan,2023-07-10 12:10:35+00:00,0,1,0.8,2,1,0.9972222222222222,0,0.26722222222222225,1.0,1.2246467991473532e-16,-1.0,0,0,0.1,66,3,0,0,0,0,0,1,0,0,0,0,0.10933333333333334,0,0,0,0,0,0.0,0,0,0.0,0
invictus_enriched.csv:1929,bert-jan,2023-07-10 12:10:36+00:00,0,1,0.8,2,1,0.9997222222222222,1,0.2675,1.0,1.2246467991473532e-16,-1.0,0,0,0.1,157,3,1,0,0,0,0,0,0,0,0,0,0.20933333333333334,0,0,0,0,0,0.0,0,0,0.0,0
invictus_enriched.csv:1930,bert-jan,2023-07-10 12:10:36+00:00,0,1,0.8,2,1,1.0,0,0.2675,1.0,1.2246467991473532e-16,-1.0,0,0,0.1,66,3,0,0,0,0,0,1,0,0,0,0,0.10933333333333334,0,0,0,0,0,0.0,0,0,0.0,0
invictus_enriched.csv:1931,bert-jan,2023-07-10 12:10:37+00:00,0,1,0.8,2,1,0.9997222222222222,1,0.2677777777777778,1.0,1.2246467991473532e-16,-1.0,0,0,0.1,158,3,0,0,0,0,0,1,0,0,0,0,0.168,0,0,0,0,0,0.0,0,0,0.0,0
invictus_enriched.csv:1932,bert-jan,2023-07-10 12:10:52+00:00,0,1,0.8,2,1,0.9958333333333333,0,0.27194444444444443,1.0,1.2246467991473532e-16,-1.0,0,0,0.1,158,3,0,0,0,0,0,1,0,0,0,0,0.168,0,0,0,0,0,0.0,0,0,0.0,0
invictus_enriched.csv:1933,bert-jan,2023-07-10 12:10:53+00:00,0,1,0.8,2,1,0.9997222222222222,0,0.2722222222222222,1.0,1.2246467991473532e-16,-1.0,0,0,0.1,158,3,0,0,0,0,0,1,0,0,0,0,0.168,0,0,0,0,0,0.0,0,0,0.0,0
invictus_enriched.csv:1934,bert-jan,2023-07-10 12:10:53+00:00,0,1,0.8,2,1,1.0,1,0.2722222222222222,1.0,1.2246467991473532e-16,-1.0,0,0,0.1,159,3,1,0,0,0,0,0,0,0,0,0,0.44533333333333336,0,0,0,0,0,0.0,0,0,0.0,0
invictus_enriched.csv:1935,bert-jan,2023-07-10 12:10:54+00:00,0,1,0.8,2,1,0.9997222222222222,1,0.2725,1.0,1.2246467991473532e-16,-1.0,0,0,0.1,160,3,1,0,0,0,0,0,0,0,0,0,0.18266666666666667,0,0,0,0,0,0.0,0,0,0.0,0
invictus_enriched.csv:1936,bert-jan,2023-07-10 12:10:59+00:00,0,1,0.8,2,1,0.9986111111111111,0,0.2738888888888889,1.0,1.2246467991473532e-16,-1.0,0,0,0.1,33,3,0,0,0,0,0,1,0,0,0,0,0.16133333333333333,0,0,0,0,0,0.0,0,0,0.0,0
invictus_enriched.csv:1937,bert-jan,2023-07-10 12:11:00+00:00,0,1,0.8,2,1,0.9997222222222222,0,0.27416666666666667,1.0,1.2246467991473532e-16,-1.0,0,0,0.1,33,3,0,0,0,0,0,1,0,0,0,0,0.16133333333333333,0,0,0,0,0,0.0,0,0,0.0,0
invictus_enriched.csv:1938,bert-jan,2023-07-10 12:11:01+00:00,0,1,0.8,2,1,0.9997222222222222,1,0.27444444444444444,1.0,1.2246467991473532e-16,-1.0,0,0,0.1,161,3,1,0,0,0,0,0,0,0,0,0,0.19066666666666668,0,0,0,0,0,0.0,0,0,0.0,0
invictus_enriched.csv:1939,bert-jan,2023-07-10 12:11:09+00:00,0,1,0.8,2,1,0.9977777777777778,0,0.27666666666666667,1.0,1.2246467991473532e-16,-1.0,0,0,0.1,21,3,0,0,0,0,0,1,0,0,0,0,0.064,0,0,0,0,0,0.0,0,0,0.0,0
invictus_enriched.csv:1940,bert-jan,2023-07-10 12:11:13+00:00,0,1,0.8,2,1,0.9988888888888889,0,0.2777777777777778,1.0,1.2246467991473532e-16,-1.0,0,0,0.1,23,1,0,0,0,0,1,1,0,0,0,0,0.0026666666666666666,0,0,0,0,0,0.0,0,0,0.0,0
invictus_enriched.csv:1941,bert-jan,2023-07-10 12:11:14+00:00,0,1,0.8,2,1,0.9997222222222222,0,0.27805555555555556,1.0,1.2246467991473532e-16,-1.0,0,0,0.1,23,1,0,0,0,0,1,1,0,0,0,0,0.0026666666666666666,0,0,0,0,0,0.0,0,0,0.0,0
invictus_enriched.csv:1942,bert-jan,2023-07-10 12:11:14+00:00,0,1,0.8,2,1,1.0,0,0.27805555555555556,1.0,1.2246467991473532e-16,-1.0,0,0,0.1,32,3,0,0,0,0,0,1,0,0,0,0,0.2,0,0,0,0,0,0.0,0,0,0.0,0
invictus_enriched.csv:1943,bert-jan,2023-07-10 12:11:15+00:00,0,1,0.8,2,1,0.9997222222222222,0,0.2783333333333333,1.0,1.2246467991473532e-16,-1.0,0,0,0.1,156,3,1,0,0,0,0,0,0,0,0,0,0.344,0,0,0,0,0,0.0,0,0,0.0,0
invictus_enriched.csv:1944,bert-jan,2023-07-10 12:11:25+00:00,0,1,0.8,2,1,0.9972222222222222,0,0.2811111111111111,1.0,1.2246467991473532e-16,-1.0,0,0,0.1,66,3,0,0,0,0,0,1,0,0,0,0,0.10933333333333334,0,0,0,0,0,0.0,0,0,0.0,0
invictus_enriched.csv:1945,bert-jan,2023-07-10 12:11:26+00:00,0,1,0.8,2,1,0.9997222222222222,0,0.2813888888888889,1.0,1.2246467991473532e-16,-1.0,0,0,0.1,66,3,0,0,0,0,0,1,0,0,0,0,0.10933333333333334,0,0,0,0,0,0.0,0,0,0.0,0
invictus_enriched.csv:1946,bert-jan,2023-07-10 12:11:27+00:00,0,1,0.8,2,1,0.9997222222222222,0,0.2816666666666667,1.0,1.2246467991473532e-16,-1.0,0,0,0.1,157,3,1,0,0,0,0,0,0,0,0,0,0.20933333333333334,0,0,0,0,0,0.0,0,0,0.0,0
invictus_enriched.csv:1947,bert-jan,2023-07-10 12:11:27+00:00,0,1,0.8,2,1,1.0,0,0.2816666666666667,1.0,1.2246467991473532e-16,-1.0,0,0,0.1,158,3,0,0,0,0,0,1,0,0,0,0,0.168,0,0,0,0,0,0.0,0,0,0.0,0
invictus_enriched.csv:1948,bert-jan,2023-07-10 12:11:27+00:00,0,1,0.8,2,1,1.0,0,0.2816666666666667,1.0,1.2246467991473532e-16,-1.0,0,0,0.1,158,3,0,0,0,0,0,1,0,0,0,0,0.168,0,0,0,0,0,0.0,0,0,0.0,0
invictus_enriched.csv:1949,bert-jan,2023-07-10 12:11:28+00:00,0,1,0.8,2,1,0.9997222222222222,1,0.28194444444444444,1.0,1.2246467991473532e-16,-1.0,0,0,0.1,162,3,1,0,0,0,0,0,0,0,0,0,0.21466666666666667,0,0,0,0,0,0.0,0,0,0.0,0
invictus_enriched.csv:1950,bert-jan,2023-07-10 12:11:39+00:00,0,1,0.8,2,1,0.9969444444444444,0,0.285,1.0,1.2246467991473532e-16,-1.0,0,0,0.1,21,3,0,0,0,0,0,1,0,0,0,0,0.064,0,0,0,0,0,0.0,0,0,0.0,0
invictus_enriched.csv:1951,bert-jan,2023-07-10 12:11:45+00:00,0,1,0.8,2,1,0.9983333333333333,0,0.2866666666666667,1.0,1.2246467991473532e-16,-1.0,0,0,0.1,23,1,0,0,0,0,1,1,0,0,0,0,0.0026666666666666666,0,0,0,0,0,0.0,0,0,0.0,0
invictus_enriched.csv:1952,bert-jan,2023-07-10 12:11:45+00:00,0,1,0.8,2,1,1.0,0,0.2866666666666667,1.0,1.2246467991473532e-16,-1.0,0,0,0.1,32,3,0,0,0,0,0,1,0,0,0,0,0.2,0,0,0,0,0,0.0,0,0,0.0,0
invictus_enriched.csv:1953,bert-jan,2023-07-10 12:11:46+00:00,0,1,0.8,2,1,0.9997222222222222,0,0.28694444444444445,1.0,1.2246467991473532e-16,-1.0,0,0,0.1,23,1,0,0,0,0,1,1,0,0,0,0,0.0026666666666666666,0,0,0,0,0,0.0,0,0,0.0,0
invictus_enriched.csv:1954,bert-jan,2023-07-10 12:11:47+00:00,0,1,0.8,2,1,0.9997222222222222,0,0.2872222222222222,1.0,1.2246467991473532e-16,-1.0,0,0,0.1,34,3,1,0,1,0,0,0,0,0,0,0,0.3626666666666667,0,0,0,0,0,0.0,0,0,0.0,0
invictus_enriched.csv:1955,bert-jan,2023-07-10 12:11:49+00:00,0,1,0.8,2,1,0.9994444444444445,0,0.2877777777777778,1.0,1.2246467991473532e-16,-1.0,0,0,0.1,23,1,0,0,0,0,1,1,0,0,0,0,0.0026666666666666666,0,0,0,0,0,0.0,0,0,0.0,0
invictus_enriched.csv:1956,bert-jan,2023-07-10 12:11:49+00:00,0,1,0.8,2,1,1.0,0,0.2877777777777778,1.0,1.2246467991473532e-16,-1.0,0,0,0.1,32,3,0,0,0,0,0,1,0,0,0,0,0.2,0,0,0,0,0,0.0,0,0,0.0,0
invictus_enriched.csv:1957,bert-jan,2023-07-10 12:11:57+00:00,0,1,0.8,2,1,0.9977777777777778,0,0.29,1.0,1.2246467991473532e-16,-1.0,0,0,0.1,161,3,1,0,0,0,0,0,0,0,0,0,0.19466666666666665,0,0,0,0,0,0.0,0,0,0.0,0
invictus_enriched.csv:1958,bert-jan,2023-07-10 12:11:57+00:00,0,1,0.8,2,1,1.0,0,0.29,1.0,1.2246467991473532e-16,-1.0,0,0,0.1,162,3,1,0,0,0,0,0,0,0,0,0,0.21866666666666668,0,0,0,0,0,0.0,0,0,0.0,0
invictus_enriched.csv:1959,bert-jan,2023-07-10 12:11:57+00:00,0,1,0.8,2,1,1.0,1,0.29,1.0,1.2246467991473532e-16,-1.0,0,0,0.1,163,3,1,0,0,0,0,0,0,0,0,0,0.17333333333333334,0,0,0,0,0,0.0,0,0,0.0,0
invictus_enriched.csv:1960,bert-jan,2023-07-10 12:11:57+00:00,0,1,0.8,2,1,1.0,0,0.29,1.0,1.2246467991473532e-16,-1.0,0,0,0.1,106,7,1,0,1,0,0,0,0,0,0,0,0.07066666666666667,0,0,0,0,0,0.0,0,0,0.0,0
invictus_enriched.csv:1961,bert-jan,2023-07-10 12:11:59+00:00,0,1,0.8,2,1,0.9994444444444445,0,0.29055555555555557,1.0,1.2246467991473532e-16,-1.0,0,0,0.1,23,1,0,0,0,0,1,1,0,0,0,0,0.0026666666666666666,0,0,0,0,0,0.0,0,0,0.0,0
invictus_enriched.csv:1962,bert-jan,2023-07-10 12:11:59+00:00,0,1,0.8,2,1,1.0,0,0.29055555555555557,1.0,1.2246467991473532e-16,-1.0,0,0,0.1,23,1,0,0,0,0,1,1,0,0,0,0,0.0026666666666666666,0,0,0,0,0,0.0,0,0,0.0,0
invictus_enriched.csv:1963,bert-jan,2023-07-10 12:12:00+00:00,0,1,0.8,2,1,0.9997222222222222,0,0.29083333333333333,1.0,1.2246467991473532e-16,-1.0,0,0,0.1,26,1,0,0,0,0,1,1,0,0,0,0,0.068,0,0,0,0,0,0.0,0,0,0.0,0
invictus_enriched.csv:1964,bert-jan,2023-07-10 12:12:00+00:00,0,1,0.8,2,1,1.0,0,0.29083333333333333,1.0,1.2246467991473532e-16,-1.0,0,0,0.1,23,1,0,0,0,0,1,1,0,0,0,0,0.0026666666666666666,0,0,0,0,0,0.0,0,0,0.0,0
invictus_enriched.csv:1965,bert-jan,2023-07-10 12:12:00+00:00,0,1,0.8,2,1,1.0,0,0.29083333333333333,1.0,1.2246467991473532e-16,-1.0,0,0,0.1,38,3,0,0,0,0,0,1,0,0,0,0,0.1,0,0,0,0,0,0.0,0,0,0.0,0
invictus_enriched.csv:1966,bert-jan,2023-07-10 12:12:00+00:00,0,1,0.8,2,1,1.0,0,0.29083333333333333,1.0,1.2246467991473532e-16,-1.0,0,0,0.1,38,3,0,0,0,0,0,1,0,0,0,0,0.1,0,0,0,0,0,0.0,0,0,0.0,0
invictus_enriched.csv:1967,bert-jan,2023-07-10 12:12:00+00:00,0,1,0.8,2,1,1.0,0,0.29083333333333333,1.0,1.2246467991473532e-16,-1.0,0,0,0.1,35,3,0,0,0,0,0,1,0,0,0,0,0.15733333333333333,0,0,0,0,0,0.0,0,0,0.0,0
invictus_enriched.csv:1968,bert-jan,2023-07-10 12:12:00+00:00,0,1,0.8,2,1,1.0,0,0.29083333333333333,1.0,1.2246467991473532e-16,-1.0,0,0,0.1,32,3,0,0,0,0,0,1,0,0,0,0,0.2,0,0,0,0,0,0.0,0,0,0.0,0
invictus_enriched.csv:1969,bert-jan,2023-07-10 12:12:00+00:00,0,1,0.8,2,1,1.0,0,0.29083333333333333,1.0,1.2246467991473532e-16,-1.0,0,0,0.1,35,3,0,0,0,0,0,1,0,0,0,0,0.15733333333333333,0,0,0,0,0,0.0,0,0,0.0,0
invictus_enriched.csv:1970,bert-jan,2023-07-10 12:12:00+00:00,0,1,0.8,2,1,1.0,0,0.29083333333333333,1.0,1.2246467991473532e-16,-1.0,0,0,0.1,32,3,0,0,0,0,0,1,0,0,0,0,0.2,0,0,0,0,0,0.0,0,0,0.0,0
invictus_enriched.csv:1971,bert-jan,2023-07-10 12:12:00+00:00,0,1,0.8,2,1,1.0,0,0.29083333333333333,1.0,1.2246467991473532e-16,-1.0,0,0,0.1,23,1,0,0,0,0,1,1,0,0,0,0,0.0026666666666666666,0,0,0,0,0,0.0,0,0,0.0,0
invictus_enriched.csv:1972,bert-jan,2023-07-10 12:12:00+00:00,0,1,0.8,2,1,1.0,0,0.29083333333333333,1.0,1.2246467991473532e-16,-1.0,0,0,0.1,37,3,0,0,0,0,0,1,0,0,0,0,0.10133333333333333,0,0,0,0,0,0.0,0,0,0.0,0
invictus_enriched.csv:1973,bert-jan,2023-07-10 12:12:00+00:00,0,1,0.8,2,1,1.0,0,0.29083333333333333,1.0,1.2246467991473532e-16,-1.0,0,0,0.1,33,3,0,0,0,0,0,1,0,0,0,0,0.26266666666666666,0,0,0,0,0,0.0,0,0,0.0,0
invictus_enriched.csv:1974,bert-jan,2023-07-10 12:12:00+00:00,0,1,0.8,2,1,1.0,0,0.29083333333333333,1.0,1.2246467991473532e-16,-1.0,0,0,0.1,33,3,0,0,0,0,0,1,0,0,0,0,0.26266666666666666,0,0,0,0,0,0.0,0,0,0.0,0
invictus_enriched.csv:1975,bert-jan,2023-07-10 12:12:00+00:00,0,1,0.8,2,1,1.0,0,0.29083333333333333,1.0,1.2246467991473532e-16,-1.0,0,0,0.1,32,3,0,0,0,0,0,1,0,0,0,0,0.2,0,0,0,0,0,0.0,0,0,0.0,0
invictus_enriched.csv:1976,bert-jan,2023-07-10 12:12:00+00:00,0,1,0.8,2,1,1.0,0,0.29083333333333333,1.0,1.2246467991473532e-16,-1.0,0,0,0.1,23,1,0,0,0,0,1,1,0,0,0,0,0.0026666666666666666,0,0,0,0,0,0.0,0,0,0.0,0
invictus_enriched.csv:1977,bert-jan,2023-07-10 12:12:00+00:00,0,1,0.8,2,1,1.0,0,0.29083333333333333,1.0,1.2246467991473532e-16,-1.0,0,0,0.1,23,1,0,0,0,0,1,1,0,0,0,0,0.0026666666666666666,0,0,0,0,0,0.0,0,0,0.0,0
invictus_enriched.csv:1978,bert-jan,2023-07-10 12:12:00+00:00,0,1,0.8,2,1,1.0,0,0.29083333333333333,1.0,1.2246467991473532e-16,-1.0,0,0,0.1,37,3,0,0,0,0,0,1,0,0,0,0,0.10133333333333333,0,0,0,0,0,0.0,0,0,0.0,0
invictus_enriched.csv:1979,bert-jan,2023-07-10 12:12:01+00:00,0,1,0.8,2,1,0.9997222222222222,0,0.2911111111111111,1.0,1.2246467991473532e-16,-1.0,0,0,0.1,33,3,0,0,0,0,0,1,0,0,0,0,0.3,0,0,0,0,0,0.0,0,0,0.0,0
invictus_enriched.csv:1980,bert-jan,2023-07-10 12:12:01+00:00,0,1,0.8,2,1,1.0,0,0.2911111111111111,1.0,1.2246467991473532e-16,-1.0,0,0,0.1,122,1,0,0,0,0,1,1,0,0,0,0,0.14666666666666667,0,0,0,0,0,0.0,0,0,0.0,0
invictus_enriched.csv:1981,bert-jan,2023-07-10 12:12:01+00:00,0,1,0.8,2,1,1.0,0,0.2911111111111111,1.0,1.2246467991473532e-16,-1.0,0,0,0.1,41,3,0,0,0,0,0,1,0,0,0,0,0.13733333333333334,0,0,0,0,0,0.0,0,0,0.0,0
invictus_enriched.csv:1982,bert-jan,2023-07-10 12:12:01+00:00,0,1,0.8,2,1,1.0,0,0.2911111111111111,1.0,1.2246467991473532e-16,-1.0,0,0,0.1,28,1,0,0,0,0,1,1,0,0,0,0,0.068,0,0,0,0,0,0.0,0,0,0.0,0
invictus_enriched.csv:1983,bert-jan,2023-07-10 12:12:01+00:00,0,1,0.8,2,1,1.0,0,0.2911111111111111,1.0,1.2246467991473532e-16,-1.0,0,0,0.1,158,3,0,0,0,0,0,1,0,0,0,0,0.168,0,0,0,0,0,0.0,0,0,0.0,0
invictus_enriched.csv:1984,bert-jan,2023-07-10 12:12:01+00:00,0,1,0.8,2,1,1.0,0,0.2911111111111111,1.0,1.2246467991473532e-16,-1.0,0,0,0.1,27,1,0,0,0,0,1,1,0,0,0,0,0.068,0,0,0,0,1,0.0,0,0,0.0,0
invictus_enriched.csv:1985,bert-jan,2023-07-10 12:12:01+00:00,0,1,0.8,2,1,1.0,0,0.2911111111111111,1.0,1.2246467991473532e-16,-1.0,0,0,0.1,121,1,0,0,0,0,1,1,0,0,0,0,0.12133333333333333,0,0,0,0,0,0.0,0,0,0.0,0
invictus_enriched.csv:1986,bert-jan,2023-07-10 12:12:01+00:00,0,1,0.8,2,1,1.0,0,0.2911111111111111,1.0,1.2246467991473532e-16,-1.0,0,0,0.1,26,1,0,0,0,0,1,1,0,0,0,0,0.07333333333333333,0,0,0,0,0,0.0,0,0,0.0,0
invictus_enriched.csv:1987,bert-jan,2023-07-10 12:12:01+00:00,0,1,0.8,2,1,1.0,0,0.2911111111111111,1.0,1.2246467991473532e-16,-1.0,0,0,0.1,23,1,0,0,0,0,1,1,0,0,0,0,0.0026666666666666666,0,0,0,0,0,0.0,0,0,0.0,0
invictus_enriched.csv:1988,bert-jan,2023-07-10 12:12:01+00:00,0,1,0.8,2,1,1.0,0,0.2911111111111111,1.0,1.2246467991473532e-16,-1.0,0,0,0.1,32,3,0,0,0,0,0,1,0,0,0,0,0.2,0,0,0,0,0,0.0,0,0,0.0,0
invictus_enriched.csv:1989,bert-jan,2023-07-10 12:12:01+00:00,0,1,0.8,2,1,1.0,0,0.2911111111111111,1.0,1.2246467991473532e-16,-1.0,0,0,0.1,66,3,0,0,0,0,0,1,0,0,0,0,0.10933333333333334,0,0,0,0,0,0.0,0,0,0.0,0
invictus_enriched.csv:1990,bert-jan,2023-07-10 12:12:01+00:00,0,1,0.8,2,1,1.0,0,0.2911111111111111,1.0,1.2246467991473532e-16,-1.0,0,0,0.2,22,2,0,0,0,0,0,1,0,1,0,0,0.0026666666666666666,0,0,0,0,0,0.0,0,0,0.0,0
invictus_enriched.csv:1991,bert-jan,2023-07-10 12:12:01+00:00,0,1,0.8,2,1,1.0,0,0.2911111111111111,1.0,1.2246467991473532e-16,-1.0,0,0,0.1,41,3,0,0,0,0,0,1,0,0,0,0,0.13733333333333334,0,0,0,0,0,0.0,0,0,0.0,0
invictus_enriched.csv:1992,bert-jan,2023-07-10 12:12:01+00:00,0,1,0.8,2,1,1.0,0,0.2911111111111111,1.0,1.2246467991473532e-16,-1.0,0,0,0.1,39,3,0,0,0,0,0,1,0,0,0,0,0.04533333333333334,0,0,0,0,0,0.0,0,0,0.0,0
invictus_enriched.csv:1993,bert-jan,2023-07-10 12:12:01+00:00,0,1,0.8,2,1,1.0,0,0.2911111111111111,1.0,1.2246467991473532e-16,-1.0,0,0,0.1,32,3,0,0,0,0,0,1,0,0,0,0,0.2,0,0,0,0,0,0.0,0,0,0.0,0
invictus_enriched.csv:1994,bert-jan,2023-07-10 12:12:01+00:00,0,1,0.8,2,1,1.0,0,0.2911111111111111,1.0,1.2246467991473532e-16,-1.0,0,0,0.1,37,3,0,0,0,0,0,1,0,0,0,0,0.10133333333333333,0,0,0,0,0,0.0,0,0,0.0,0
invictus_enriched.csv:1995,bert-jan,2023-07-10 12:12:01+00:00,0,1,0.8,2,1,1.0,0,0.2911111111111111,1.0,1.2246467991473532e-16,-1.0,0,0,0.1,158,3,0,0,0,0,0,1,0,0,0,0,0.168,0,0,0,0,0,0.0,0,0,0.0,0
invictus_enriched.csv:1996,bert-jan,2023-07-10 12:12:01+00:00,0,1,0.8,2,1,1.0,0,0.2911111111111111,1.0,1.2246467991473532e-16,-1.0,0,0,0.1,28,1,0,0,0,0,1,1,0,0,0,0,0.07333333333333333,0,0,0,0,0,0.0,0,0,0.0,0
invictus_enriched.csv:1997,bert-jan,2023-07-10 12:12:01+00:00,0,1,0.8,2,1,1.0,0,0.2911111111111111,1.0,1.2246467991473532e-16,-1.0,0,0,0.1,39,3,0,0,0,0,0,1,0,0,0,0,0.04533333333333334,0,0,0,0,0,0.0,0,0,0.0,0
invictus_enriched.csv:1998,bert-jan,2023-07-10 12:12:01+00:00,0,1,0.8,2,1,1.0,0,0.2911111111111111,1.0,1.2246467991473532e-16,-1.0,0,0,0.1,38,3,0,0,0,0,0,1,0,0,0,0,0.1,0,0,0,0,0,0.0,0,0,0.0,0
invictus_enriched.csv:1999,bert-jan,2023-07-10 12:12:01+00:00,0,1,0.8,2,1,1.0,0,0.2911111111111111,1.0,1.2246467991473532e-16,-1.0,0,0,0.1,66,3,0,0,0,0,0,1,0,0,0,0,0.10933333333333334,0,0,0,0,0,0.0,0,0,0.0,0
invictus_enriched.csv:2000,bert-jan,2023-07-10 12:12:01+00:00,0,1,0.8,2,1,1.0,0,0.2911111111111111,1.0,1.2246467991473532e-16,-1.0,0,0,0.1,37,3,0,0,0,0,0,1,0,0,0,0,0.10133333333333333,0,0,0,0,0,0.0,0,0,0.0,0
invictus_enriched.csv:2001,bert-jan,2023-07-10 12:12:01+00:00,0,1,0.8,2,1,1.0,0,0.2911111111111111,1.0,1.2246467991473532e-16,-1.0,0,0,0.1,38,3,0,0,0,0,0,1,0,0,0,0,0.1,0,0,0,0,0,0.0,0,0,0.0,0
invictus_enriched.csv:2002,bert-jan,2023-07-10 12:12:01+00:00,0,1,0.8,2,1,1.0,0,0.2911111111111111,1.0,1.2246467991473532e-16,-1.0,0,0,0.1,41,3,0,0,0,0,0,1,0,0,0,0,0.13733333333333334,0,0,0,0,0,0.0,0,0,0.0,0
invictus_enriched.csv:2003,bert-jan,2023-07-10 12:12:02+00:00,0,1,0.8,2,1,0.9997222222222222,0,0.29138888888888886,1.0,1.2246467991473532e-16,-1.0,0,0,0.1,45,3,0,0,0,0,0,1,0,0,0,0,0.272,0,0,0,0,0,0.0,0,0,0.0,0
invictus_enriched.csv:2004,bert-jan,2023-07-10 12:12:02+00:00,0,1,0.8,2,1,1.0,0,0.29138888888888886,1.0,1.2246467991473532e-16,-1.0,0,0,0.1,47,3,0,0,0,0,0,1,0,0,0,0,0.304,0,0,0,0,0,0.0,0,0,0.0,0
invictus_enriched.csv:2005,bert-jan,2023-07-10 12:12:02+00:00,0,1,0.8,2,1,1.0,0,0.29138888888888886,1.0,1.2246467991473532e-16,-1.0,0,0,0.1,39,3,0,0,0,0,0,1,0,0,0,0,0.04533333333333334,0,0,0,0,0,0.0,0,0,0.0,0
invictus_enriched.csv:2006,bert-jan,2023-07-10 12:12:02+00:00,0,1,0.8,2,1,1.0,0,0.29138888888888886,1.0,1.2246467991473532e-16,-1.0,0,0,0.1,39,3,0,0,0,0,0,1,0,0,0,0,0.04533333333333334,0,0,0,0,0,0.0,0,0,0.0,0
invictus_enriched.csv:2007,bert-jan,2023-07-10 12:12:02+00:00,0,1,0.8,2,1,1.0,0,0.29138888888888886,1.0,1.2246467991473532e-16,-1.0,0,0,0.1,124,1,0,0,0,0,1,1,0,0,0,0,0.12133333333333333,0,0,0,0,0,0.0,0,0,0.0,0
invictus_enriched.csv:2008,bert-jan,2023-07-10 12:12:02+00:00,0,1,0.8,2,1,1.0,0,0.29138888888888886,1.0,1.2246467991473532e-16,-1.0,0,0,0.1,39,3,0,0,0,0,0,1,0,0,0,0,0.04533333333333334,0,0,0,0,0,0.0,0,0,0.0,0
invictus_enriched.csv:2009,bert-jan,2023-07-10 12:12:02+00:00,0,1,0.8,2,1,1.0,0,0.29138888888888886,1.0,1.2246467991473532e-16,-1.0,0,0,0.1,39,3,0,0,0,0,0,1,0,0,0,0,0.04533333333333334,0,0,0,0,0,0.0,0,0,0.0,0
invictus_enriched.csv:2010,bert-jan,2023-07-10 12:12:02+00:00,0,1,0.8,2,1,1.0,0,0.29138888888888886,1.0,1.2246467991473532e-16,-1.0,0,0,0.1,39,3,0,0,0,0,0,1,0,0,0,0,0.04533333333333334,0,0,0,0,0,0.0,0,0,0.0,0
invictus_enriched.csv:2011,bert-jan,2023-07-10 12:12:02+00:00,0,1,0.8,2,1,1.0,0,0.29138888888888886,1.0,1.2246467991473532e-16,-1.0,0,0,0.1,33,3,0,0,0,0,0,1,0,0,0,0,0.16133333333333333,0,0,0,0,0,0.0,0,0,0.0,0
invictus_enriched.csv:2012,bert-jan,2023-07-10 12:12:02+00:00,0,1,0.8,2,1,1.0,0,0.29138888888888886,1.0,1.2246467991473532e-16,-1.0,0,0,0.1,41,3,0,0,0,0,0,1,0,0,0,0,0.13733333333333334,0,0,0,0,0,0.0,0,0,0.0,0
invictus_enriched.csv:2013,bert-jan,2023-07-10 12:12:02+00:00,0,1,0.8,2,1,1.0,0,0.29138888888888886,1.0,1.2246467991473532e-16,-1.0,0,0,0.1,23,1,0,0,0,0,1,1,0,0,0,0,0.0026666666666666666,0,0,0,0,0,0.0,0,0,0.0,0
invictus_enriched.csv:2014,bert-jan,2023-07-10 12:12:02+00:00,0,1,0.8,2,1,1.0,0,0.29138888888888886,1.0,1.2246467991473532e-16,-1.0,0,0,0.1,43,3,0,0,0,0,0,1,0,0,0,0,0.26,0,0,0,0,0,0.0,0,0,0.0,0
invictus_enriched.csv:2015,bert-jan,2023-07-10 12:12:02+00:00,0,1,0.8,2,1,1.0,0,0.29138888888888886,1.0,1.2246467991473532e-16,-1.0,0,0,0.1,46,1,0,0,1,0,1,1,0,0,0,0,0.088,0,0,0,0,0,0.0,0,0,0.0,0
invictus_enriched.csv:2016,bert-jan,2023-07-10 12:12:02+00:00,0,1,0.8,2,1,1.0,0,0.29138888888888886,1.0,1.2246467991473532e-16,-1.0,0,0,0.1,43,3,0,0,0,0,0,1,0,0,0,0,0.26,0,0,0,0,0,0.0,0,0,0.0,0
invictus_enriched.csv:2017,bert-jan,2023-07-10 12:12:02+00:00,0,1,0.8,2,1,1.0,0,0.29138888888888886,1.0,1.2246467991473532e-16,-1.0,0,0,0.1,39,3,0,0,0,0,0,1,0,0,0,0,0.04533333333333334,0,0,0,0,0,0.0,0,0,0.0,0
invictus_enriched.csv:2018,bert-jan,2023-07-10 12:12:02+00:00,0,1,0.8,2,1,1.0,0,0.29138888888888886,1.0,1.2246467991473532e-16,-1.0,0,0,0.1,43,3,0,0,0,0,0,1,0,0,0,0,0.26,0,0,0,0,0,0.0,0,0,0.0,0
invictus_enriched.csv:2019,bert-jan,2023-07-10 12:12:02+00:00,0,1,0.8,2,1,1.0,0,0.29138888888888886,1.0,1.2246467991473532e-16,-1.0,0,0,0.1,23,1,0,0,0,0,1,1,0,0,0,0,0.0026666666666666666,0,0,0,0,0,0.0,0,0,0.0,0
invictus_enriched.csv:2020,bert-jan,2023-07-10 12:12:02+00:00,0,1,0.8,2,1,1.0,0,0.29138888888888886,1.0,1.2246467991473532e-16,-1.0,0,0,0.1,121,1,0,0,0,0,1,1,0,0,0,0,0.12133333333333333,0,0,0,0,0,0.0,0,0,0.0,0
invictus_enriched.csv:2021,bert-jan,2023-07-10 12:12:02+00:00,0,1,0.8,2,1,1.0,0,0.29138888888888886,1.0,1.2246467991473532e-16,-1.0,0,0,0.1,27,1,0,0,0,0,1,1,0,0,0,0,0.07333333333333333,0,0,0,0,1,0.0,0,0,0.0,0
invictus_enriched.csv:2022,bert-jan,2023-07-10 12:12:03+00:00,0,1,0.8,2,1,0.9997222222222222,0,0.2916666666666667,1.0,1.2246467991473532e-16,-1.0,0,0,0.1,45,3,0,0,0,0,0,1,0,0,0,0,0.12266666666666666,0,0,0,0,0,0.0,0,0,0.0,0
invictus_enriched.csv:2023,bert-jan,2023-07-10 12:12:03+00:00,0,1,0.8,2,1,1.0,0,0.2916666666666667,1.0,1.2246467991473532e-16,-1.0,0,0,0.1,45,3,0,0,0,0,0,1,0,0,0,0,0.12266666666666666,0,0,0,0,0,0.0,0,0,0.0,0
invictus_enriched.csv:2024,bert-jan,2023-07-10 12:12:03+00:00,0,1,0.8,2,1,1.0,0,0.2916666666666667,1.0,1.2246467991473532e-16,-1.0,0,0,0.1,45,3,0,0,0,0,0,1,0,0,0,0,0.22266666666666668,0,0,0,0,0,0.0,0,0,0.0,0
invictus_enriched.csv:2025,bert-jan,2023-07-10 12:12:03+00:00,0,1,0.8,2,1,1.0,0,0.2916666666666667,1.0,1.2246467991473532e-16,-1.0,0,0,0.1,45,3,0,0,0,0,0,1,0,0,0,0,0.12266666666666666,0,0,0,0,0,0.0,0,0,0.0,0
invictus_enriched.csv:2026,bert-jan,2023-07-10 12:12:03+00:00,0,1,0.8,2,1,1.0,0,0.2916666666666667,1.0,1.2246467991473532e-16,-1.0,0,0,0.1,53,3,0,0,0,0,0,1,0,0,0,0,0.11333333333333333,0,0,0,0,0,0.0,0,0,0.0,0
invictus_enriched.csv:2027,bert-jan,2023-07-10 12:12:03+00:00,0,1,0.8,2,1,1.0,0,0.2916666666666667,1.0,1.2246467991473532e-16,-1.0,0,0,0.1,45,3,0,0,0,0,0,1,0,0,0,0,0.272,0,0,0,0,0,0.0,0,0,0.0,0
invictus_enriched.csv:2028,bert-jan,2023-07-10 12:12:03+00:00,0,1,0.8,2,1,1.0,0,0.2916666666666667,1.0,1.2246467991473532e-16,-1.0,0,0,0.1,43,3,0,0,0,0,0,1,0,0,0,0,0.26,0,0,0,0,0,0.0,0,0,0.0,0
invictus_enriched.csv:2029,bert-jan,2023-07-10 12:12:03+00:00,0,1,0.8,2,1,1.0,0,0.2916666666666667,1.0,1.2246467991473532e-16,-1.0,0,0,0.1,52,3,0,0,0,0,0,1,0,0,0,0,0.136,0,0,0,0,0,0.0,0,0,0.0,0
invictus_enriched.csv:2030,bert-jan,2023-07-10 12:12:03+00:00,0,1,0.8,2,1,1.0,1,0.2916666666666667,1.0,1.2246467991473532e-16,-1.0,0,0,0.1,164,3,1,0,0,0,0,0,0,0,0,0,0.048,0,0,0,0,0,0.0,0,0,0.0,0
invictus_enriched.csv:2031,bert-jan,2023-07-10 12:12:03+00:00,0,1,0.8,2,1,1.0,0,0.2916666666666667,1.0,1.2246467991473532e-16,-1.0,0,0,0.1,39,3,0,0,0,0,0,1,0,0,0,0,0.04533333333333334,0,0,0,0,0,0.0,0,0,0.0,0
invictus_enriched.csv:2032,bert-jan,2023-07-10 12:12:03+00:00,0,1,0.8,2,1,1.0,0,0.2916666666666667,1.0,1.2246467991473532e-16,-1.0,0,0,0.1,47,3,0,0,0,0,0,1,0,0,0,0,0.304,0,0,0,0,0,0.0,0,0,0.0,0
invictus_enriched.csv:2033,bert-jan,2023-07-10 12:12:03+00:00,0,1,0.8,2,1,1.0,1,0.2916666666666667,1.0,1.2246467991473532e-16,-1.0,0,0,0.1,165,3,1,0,0,0,0,0,0,0,0,0,0.07466666666666667,0,0,0,0,0,0.0,0,0,0.0,0
invictus_enriched.csv:2034,bert-jan,2023-07-10 12:12:03+00:00,0,1,0.8,2,1,1.0,0,0.2916666666666667,1.0,1.2246467991473532e-16,-1.0,0,0,0.1,45,3,0,0,0,0,0,1,0,0,0,0,0.272,0,0,0,0,0,0.0,0,0,0.0,0
invictus_enriched.csv:2035,bert-jan,2023-07-10 12:12:03+00:00,0,1,0.8,2,1,1.0,0,0.2916666666666667,1.0,1.2246467991473532e-16,-1.0,0,0,0.1,47,3,0,0,0,0,0,1,0,0,0,0,0.304,0,0,0,0,0,0.0,0,0,0.0,0
invictus_enriched.csv:2036,bert-jan,2023-07-10 12:12:03+00:00,0,1,0.8,2,1,1.0,0,0.2916666666666667,1.0,1.2246467991473532e-16,-1.0,0,0,0.1,45,3,0,0,0,0,0,1,0,0,0,0,0.22266666666666668,0,0,0,0,0,0.0,0,0,0.0,0
invictus_enriched.csv:2037,bert-jan,2023-07-10 12:12:03+00:00,0,1,0.8,2,1,1.0,0,0.2916666666666667,1.0,1.2246467991473532e-16,-1.0,0,0,0.1,53,3,0,0,0,0,0,1,0,0,0,0,0.11333333333333333,0,0,0,0,0,0.0,0,0,0.0,0
invictus_enriched.csv:2038,bert-jan,2023-07-10 12:12:04+00:00,0,1,0.8,2,1,0.9997222222222222,0,0.29194444444444445,1.0,1.2246467991473532e-16,-1.0,0,0,0.1,52,3,0,0,0,0,0,1,0,0,0,0,0.136,0,0,0,0,0,0.0,0,0,0.0,0
invictus_enriched.csv:2039,bert-jan,2023-07-10 12:12:04+00:00,0,1,0.8,2,1,1.0,0,0.29194444444444445,1.0,1.2246467991473532e-16,-1.0,0,0,0.1,45,3,0,0,0,0,0,1,0,0,0,0,0.272,0,0,0,0,0,0.0,0,0,0.0,0
invictus_enriched.csv:2040,bert-jan,2023-07-10 12:12:04+00:00,0,1,0.8,2,1,1.0,0,0.29194444444444445,1.0,1.2246467991473532e-16,-1.0,0,0,0.1,52,3,0,0,0,0,0,1,0,0,0,0,0.136,0,0,0,0,0,0.0,0,0,0.0,0
invictus_enriched.csv:2041,bert-jan,2023-07-10 12:12:04+00:00,0,1,0.8,2,1,1.0,0,0.29194444444444445,1.0,1.2246467991473532e-16,-1.0,0,0,0.1,60,3,0,0,0,0,0,1,0,0,0,0,0.13866666666666666,0,0,0,0,0,0.0,0,0,0.0,0
invictus_enriched.csv:2042,bert-jan,2023-07-10 12:12:04+00:00,0,1,0.8,2,1,1.0,0,0.29194444444444445,1.0,1.2246467991473532e-16,-1.0,0,0,0.1,53,3,0,0,0,0,0,1,0,0,0,0,0.11333333333333333,0,0,0,0,0,0.0,0,0,0.0,0
invictus_enriched.csv:2043,bert-jan,2023-07-10 12:12:04+00:00,0,1,0.8,2,1,1.0,0,0.29194444444444445,1.0,1.2246467991473532e-16,-1.0,0,0,0.1,53,3,0,0,0,0,0,1,0,0,0,0,0.11333333333333333,0,0,0,0,0,0.0,0,0,0.0,0
invictus_enriched.csv:2044,bert-jan,2023-07-10 12:12:04+00:00,0,1,0.8,2,1,1.0,0,0.29194444444444445,1.0,1.2246467991473532e-16,-1.0,0,0,0.1,59,3,0,0,0,0,0,1,0,0,0,0,0.128,0,0,0,0,0,0.0,0,0,0.0,0
invictus_enriched.csv:2045,bert-jan,2023-07-10 12:12:04+00:00,0,1,0.8,2,1,1.0,0,0.29194444444444445,1.0,1.2246467991473532e-16,-1.0,0,0,0.1,23,1,0,0,0,0,1,1,0,0,0,0,0.0026666666666666666,0,0,0,0,0,0.0,0,0,0.0,0
invictus_enriched.csv:2046,bert-jan,2023-07-10 12:12:04+00:00,0,1,0.8,2,1,1.0,0,0.29194444444444445,1.0,1.2246467991473532e-16,-1.0,0,0,0.1,66,3,0,0,1,0,0,1,0,0,0,0,0.10933333333333334,0,0,0,0,0,0.0,0,0,0.0,0
invictus_enriched.csv:2047,bert-jan,2023-07-10 12:12:04+00:00,0,1,0.8,2,1,1.0,0,0.29194444444444445,1.0,1.2246467991473532e-16,-1.0,0,0,0.1,53,3,0,0,0,0,0,1,0,0,0,0,0.11333333333333333,0,0,0,0,0,0.0,0,0,0.0,0
invictus_enriched.csv:2048,bert-jan,2023-07-10 12:12:04+00:00,0,1,0.8,2,1,1.0,1,0.29194444444444445,1.0,1.2246467991473532e-16,-1.0,0,0,0.1,166,3,1,0,0,0,0,0,0,0,0,0,0.08933333333333333,0,0,0,0,0,0.0,0,0,0.0,0
invictus_enriched.csv:2049,bert-jan,2023-07-10 12:12:04+00:00,0,1,0.8,2,1,1.0,0,0.29194444444444445,1.0,1.2246467991473532e-16,-1.0,0,0,0.1,47,3,0,0,0,0,0,1,0,0,0,0,0.304,0,0,0,0,0,0.0,0,0,0.0,0
invictus_enriched.csv:2050,bert-jan,2023-07-10 12:12:04+00:00,0,1,0.8,2,1,1.0,0,0.29194444444444445,1.0,1.2246467991473532e-16,-1.0,0,0,0.1,59,3,0,0,0,0,0,1,0,0,0,0,0.128,0,0,0,0,0,0.0,0,0,0.0,0
invictus_enriched.csv:2051,bert-jan,2023-07-10 12:12:04+00:00,0,1,0.8,2,1,1.0,0,0.29194444444444445,1.0,1.2246467991473532e-16,-1.0,0,0,0.1,47,3,0,0,0,0,0,1,0,0,0,0,0.15066666666666667,0,0,0,0,0,0.0,0,0,0.0,0
invictus_enriched.csv:2052,bert-jan,2023-07-10 12:12:05+00:00,0,1,0.8,2,1,0.9997222222222222,0,0.2922222222222222,1.0,1.2246467991473532e-16,-1.0,0,0,0.1,60,3,0,0,0,0,0,1,0,0,0,0,0.30133333333333334,0,0,0,0,0,0.0,0,0,0.0,0
invictus_enriched.csv:2053,bert-jan,2023-07-10 12:12:05+00:00,0,1,0.8,2,1,1.0,0,0.2922222222222222,1.0,1.2246467991473532e-16,-1.0,0,0,0.1,127,1,0,0,0,0,1,1,0,0,0,0,0.068,0,0,0,0,0,0.0,0,0,0.0,0
invictus_enriched.csv:2054,bert-jan,2023-07-10 12:12:05+00:00,0,1,0.8,2,1,1.0,0,0.2922222222222222,1.0,1.2246467991473532e-16,-1.0,0,0,0.1,130,1,1,0,0,0,1,0,0,0,0,0,0.07333333333333333,0,0,0,0,0,0.0,0,0,0.0,0
invictus_enriched.csv:2055,bert-jan,2023-07-10 12:12:05+00:00,0,1,0.8,2,1,1.0,0,0.2922222222222222,1.0,1.2246467991473532e-16,-1.0,0,0,0.1,27,1,0,0,0,0,1,1,0,0,0,0,0.07333333333333333,0,0,0,0,1,0.0,0,0,0.0,0
invictus_enriched.csv:2056,bert-jan,2023-07-10 12:12:05+00:00,0,1,0.8,2,1,1.0,0,0.2922222222222222,1.0,1.2246467991473532e-16,-1.0,0,0,0.1,126,1,1,0,0,0,1,0,0,0,0,0,0.19466666666666665,0,0,0,0,0,0.0,0,0,0.0,0
invictus_enriched.csv:2057,bert-jan,2023-07-10 12:12:05+00:00,0,1,0.8,2,1,1.0,0,0.2922222222222222,1.0,1.2246467991473532e-16,-1.0,0,0,0.1,127,1,0,0,0,0,1,1,0,0,0,0,0.07333333333333333,0,0,0,0,0,0.0,0,0,0.0,0
invictus_enriched.csv:2058,bert-jan,2023-07-10 12:12:05+00:00,0,1,0.8,2,1,1.0,0,0.2922222222222222,1.0,1.2246467991473532e-16,-1.0,0,0,0.1,137,1,1,0,0,0,1,0,0,0,0,0,0.12133333333333333,0,0,0,0,0,0.0,0,0,0.0,0
invictus_enriched.csv:2059,bert-jan,2023-07-10 12:12:05+00:00,0,1,0.8,2,1,1.0,0,0.2922222222222222,1.0,1.2246467991473532e-16,-1.0,0,0,0.1,23,1,0,0,0,0,1,1,0,0,0,0,0.0026666666666666666,0,0,0,0,0,0.0,0,0,0.0,0
invictus_enriched.csv:2060,bert-jan,2023-07-10 12:12:05+00:00,0,1,0.8,2,1,1.0,0,0.2922222222222222,1.0,1.2246467991473532e-16,-1.0,0,0,0.1,23,1,0,0,0,0,1,1,0,0,0,0,0.0026666666666666666,0,0,0,0,0,0.0,0,0,0.0,0
invictus_enriched.csv:2061,bert-jan,2023-07-10 12:12:05+00:00,0,1,0.8,2,1,1.0,0,0.2922222222222222,1.0,1.2246467991473532e-16,-1.0,0,0,0.1,136,1,0,0,0,0,1,1,0,0,0,0,0.12133333333333333,0,0,0,0,0,0.0,0,0,0.0,0
invictus_enriched.csv:2062,bert-jan,2023-07-10 12:12:05+00:00,0,1,0.8,2,1,1.0,0,0.2922222222222222,1.0,1.2246467991473532e-16,-1.0,0,0,0.1,60,3,0,0,0,0,0,1,0,0,0,0,0.18933333333333333,0,0,0,0,0,0.0,0,0,0.0,0
invictus_enriched.csv:2063,bert-jan,2023-07-10 12:12:05+00:00,0,1,0.8,2,1,1.0,1,0.2922222222222222,1.0,1.2246467991473532e-16,-1.0,0,0,0.1,167,3,1,0,0,0,0,0,0,0,0,0,0.10666666666666667,0,0,0,0,0,0.0,0,0,0.0,0
invictus_enriched.csv:2064,bert-jan,2023-07-10 12:12:05+00:00,0,1,0.8,2,1,1.0,0,0.2922222222222222,1.0,1.2246467991473532e-16,-1.0,0,0,0.1,35,3,0,0,0,0,0,1,0,0,0,0,0.15733333333333333,0,0,0,0,0,0.0,0,0,0.0,0
invictus_enriched.csv:2065,bert-jan,2023-07-10 12:12:05+00:00,0,1,0.8,2,1,1.0,0,0.2922222222222222,1.0,1.2246467991473532e-16,-1.0,0,0,0.1,60,3,0,0,0,0,0,1,0,0,0,0,0.30133333333333334,0,0,0,0,0,0.0,0,0,0.0,0
invictus_enriched.csv:2066,bert-jan,2023-07-10 12:12:05+00:00,0,1,0.8,2,1,1.0,0,0.2922222222222222,1.0,1.2246467991473532e-16,-1.0,0,0,0.1,23,1,0,0,0,0,1,1,0,0,0,0,0.0026666666666666666,0,0,0,0,0,0.0,0,0,0.0,0
invictus_enriched.csv:2067,bert-jan,2023-07-10 12:12:05+00:00,0,1,0.8,2,1,1.0,0,0.2922222222222222,1.0,1.2246467991473532e-16,-1.0,0,0,0.1,139,3,1,0,0,0,0,0,0,0,0,0,0.06266666666666666,0,0,0,0,0,0.0,0,0,0.0,0
invictus_enriched.csv:2068,bert-jan,2023-07-10 12:12:05+00:00,0,1,0.8,2,1,1.0,0,0.2922222222222222,1.0,1.2246467991473532e-16,-1.0,0,0,0.1,45,3,0,0,0,0,0,1,0,0,0,0,0.22266666666666668,0,0,0,0,0,0.0,0,0,0.0,0
invictus_enriched.csv:2069,bert-jan,2023-07-10 12:12:05+00:00,0,1,0.8,2,1,1.0,0,0.2922222222222222,1.0,1.2246467991473532e-16,-1.0,0,0,0.1,45,3,0,0,1,0,0,1,0,0,0,0,0.12266666666666666,0,0,0,0,0,0.0,0,0,0.0,0
invictus_enriched.csv:2070,bert-jan,2023-07-10 12:12:05+00:00,0,1,0.8,2,1,1.0,0,0.2922222222222222,1.0,1.2246467991473532e-16,-1.0,0,0,0.1,138,3,1,0,0,0,0,0,0,0,0,0,0.05466666666666667,0,0,0,0,0,0.0,0,0,0.0,0
invictus_enriched.csv:2071,bert-jan,2023-07-10 12:12:05+00:00,0,1,0.8,2,1,1.0,0,0.2922222222222222,1.0,1.2246467991473532e-16,-1.0,0,0,0.1,45,3,0,0,0,0,0,1,0,0,0,0,0.12266666666666666,0,0,0,0,0,0.0,0,0,0.0,0
invictus_enriched.csv:2072,bert-jan,2023-07-10 12:12:05+00:00,0,1,0.8,2,1,1.0,0,0.2922222222222222,1.0,1.2246467991473532e-16,-1.0,0,0,0.1,45,3,0,0,0,0,0,1,0,0,0,0,0.12266666666666666,0,0,0,0,0,0.0,0,0,0.0,0
invictus_enriched.csv:2073,bert-jan,2023-07-10 12:12:05+00:00,0,1,0.8,2,1,1.0,0,0.2922222222222222,1.0,1.2246467991473532e-16,-1.0,0,0,0.1,45,3,0,0,0,0,0,1,0,0,0,0,0.12266666666666666,0,0,0,0,0,0.0,0,0,0.0,0
invictus_enriched.csv:2074,bert-jan,2023-07-10 12:12:05+00:00,0,1,0.8,2,1,1.0,0,0.2922222222222222,1.0,1.2246467991473532e-16,-1.0,0,0,0.1,60,3,0,0,0,0,0,1,0,0,0,0,0.30133333333333334,0,0,0,0,0,0.0,0,0,0.0,0
invictus_enriched.csv:2075,bert-jan,2023-07-10 12:12:05+00:00,0,1,0.8,2,1,1.0,0,0.2922222222222222,1.0,1.2246467991473532e-16,-1.0,0,0,0.1,60,3,0,0,0,0,0,1,0,0,0,0,0.30133333333333334,0,0,0,0,0,0.0,0,0,0.0,0
invictus_enriched.csv:2076,bert-jan,2023-07-10 12:12:05+00:00,0,1,0.8,2,1,1.0,0,0.2922222222222222,1.0,1.2246467991473532e-16,-1.0,0,0,0.1,45,3,0,0,0,0,0,1,0,0,0,0,0.22266666666666668,0,0,0,0,0,0.0,0,0,0.0,0
invictus_enriched.csv:2077,bert-jan,2023-07-10 12:12:05+00:00,0,1,0.8,2,1,1.0,0,0.2922222222222222,1.0,1.2246467991473532e-16,-1.0,0,0,0.1,139,3,1,0,0,0,0,0,0,0,0,0,0.06266666666666666,0,0,0,0,0,0.0,0,0,0.0,0
invictus_enriched.csv:2078,bert-jan,2023-07-10 12:12:05+00:00,0,1,0.8,2,1,1.0,0,0.2922222222222222,1.0,1.2246467991473532e-16,-1.0,0,0,0.1,141,3,1,0,0,0,0,0,0,0,0,0,0.104,0,0,0,0,0,0.0,0,0,0.0,0
invictus_enriched.csv:2079,bert-jan,2023-07-10 12:12:05+00:00,0,1,0.8,2,1,1.0,0,0.2922222222222222,1.0,1.2246467991473532e-16,-1.0,0,0,0.1,60,3,0,0,0,0,0,1,0,0,0,0,0.18933333333333333,0,0,0,0,0,0.0,0,0,0.0,0
invictus_enriched.csv:2080,bert-jan,2023-07-10 12:12:06+00:00,0,1,0.8,2,1,0.9997222222222222,0,0.2925,1.0,1.2246467991473532e-16,-1.0,0,0,0.1,167,3,1,0,0,0,0,0,0,0,0,0,0.10666666666666667,0,0,0,0,0,0.0,0,0,0.0,0
invictus_enriched.csv:2081,bert-jan,2023-07-10 12:12:06+00:00,0,1,0.8,2,1,1.0,0,0.2925,1.0,1.2246467991473532e-16,-1.0,0,0,0.1,28,1,0,0,0,0,1,1,0,0,0,0,0.068,0,0,0,0,0,0.0,0,0,0.0,0
invictus_enriched.csv:2082,bert-jan,2023-07-10 12:12:06+00:00,0,1,0.8,2,1,1.0,0,0.2925,1.0,1.2246467991473532e-16,-1.0,0,0,0.1,52,3,0,0,0,0,0,1,0,0,0,0,0.136,0,0,0,0,0,0.0,0,0,0.0,0
invictus_enriched.csv:2083,bert-jan,2023-07-10 12:12:06+00:00,0,1,0.8,2,1,1.0,0,0.2925,1.0,1.2246467991473532e-16,-1.0,0,0,0.1,45,3,0,0,0,0,0,1,0,0,0,0,0.12266666666666666,0,0,0,0,0,0.0,0,0,0.0,0
invictus_enriched.csv:2084,bert-jan,2023-07-10 12:12:06+00:00,0,1,0.8,2,1,1.0,0,0.2925,1.0,1.2246467991473532e-16,-1.0,0,0,0.1,142,3,1,0,0,0,0,0,0,0,0,0,0.06133333333333333,0,0,0,0,0,0.0,0,0,0.0,0
invictus_enriched.csv:2085,bert-jan,2023-07-10 12:12:06+00:00,0,1,0.8,2,1,1.0,0,0.2925,1.0,1.2246467991473532e-16,-1.0,0,0,0.1,45,3,0,0,1,0,0,1,0,0,0,0,0.12266666666666666,0,0,0,0,0,0.0,0,0,0.0,0
invictus_enriched.csv:2086,bert-jan,2023-07-10 12:12:06+00:00,0,1,0.8,2,1,1.0,0,0.2925,1.0,1.2246467991473532e-16,-1.0,0,0,0.1,140,3,1,0,0,0,0,0,0,0,0,0,0.05333333333333334,0,0,0,0,0,0.0,0,0,0.0,0
invictus_enriched.csv:2087,bert-jan,2023-07-10 12:12:06+00:00,0,1,0.8,2,1,1.0,1,0.2925,1.0,1.2246467991473532e-16,-1.0,0,0,0.1,168,3,1,0,0,0,0,0,0,0,0,0,0.04666666666666667,0,0,0,0,0,0.0,0,0,0.0,0
invictus_enriched.csv:2088,bert-jan,2023-07-10 12:12:06+00:00,0,1,0.8,2,1,1.0,0,0.2925,1.0,1.2246467991473532e-16,-1.0,0,0,0.1,140,3,1,0,0,0,0,0,0,0,0,0,0.05333333333333334,0,0,0,0,0,0.0,0,0,0.0,0
invictus_enriched.csv:2089,bert-jan,2023-07-10 12:12:06+00:00,0,1,0.8,2,1,1.0,0,0.2925,1.0,1.2246467991473532e-16,-1.0,0,0,0.1,140,3,1,0,0,0,0,0,0,0,0,0,0.05333333333333334,0,0,0,0,0,0.0,0,0,0.0,0
invictus_enriched.csv:2090,bert-jan,2023-07-10 12:12:06+00:00,0,1,0.8,2,1,1.0,0,0.2925,1.0,1.2246467991473532e-16,-1.0,0,0,0.1,60,3,0,0,0,0,0,1,0,0,0,0,0.2946666666666667,0,0,0,0,0,0.0,0,0,0.0,0
invictus_enriched.csv:2091,bert-jan,2023-07-10 12:12:06+00:00,0,1,0.8,2,1,1.0,0,0.2925,1.0,1.2246467991473532e-16,-1.0,0,0,0.1,140,3,1,0,0,0,0,0,0,0,0,0,0.05333333333333334,0,0,0,0,0,0.0,0,0,0.0,0
invictus_enriched.csv:2092,bert-jan,2023-07-10 12:12:06+00:00,0,1,0.8,2,1,1.0,0,0.2925,1.0,1.2246467991473532e-16,-1.0,0,0,0.1,60,3,0,0,0,0,0,1,0,0,0,0,0.30133333333333334,0,0,0,0,0,0.0,0,0,0.0,0
invictus_enriched.csv:2093,bert-jan,2023-07-10 12:12:06+00:00,0,1,0.8,2,1,1.0,0,0.2925,1.0,1.2246467991473532e-16,-1.0,0,0,0.1,52,3,0,0,0,0,0,1,0,0,0,0,0.136,0,0,0,0,0,0.0,0,0,0.0,0
invictus_enriched.csv:2094,bert-jan,2023-07-10 12:12:06+00:00,0,1,0.8,2,1,1.0,0,0.2925,1.0,1.2246467991473532e-16,-1.0,0,0,0.1,128,3,1,0,0,0,0,0,0,0,0,0,0.108,0,0,0,0,0,0.0,0,0,0.0,0
invictus_enriched.csv:2095,bert-jan,2023-07-10 12:12:06+00:00,0,1,0.8,2,1,1.0,0,0.2925,1.0,1.2246467991473532e-16,-1.0,0,0,0.1,35,3,0,0,0,0,0,1,0,0,0,0,0.15733333333333333,0,0,0,0,0,0.0,0,0,0.0,0
invictus_enriched.csv:2096,bert-jan,2023-07-10 12:12:06+00:00,0,1,0.8,2,1,1.0,0,0.2925,1.0,1.2246467991473532e-16,-1.0,0,0,0.1,150,3,1,0,0,0,0,0,0,0,0,0,0.06266666666666666,0,0,0,0,0,0.0,0,0,0.0,0
invictus_enriched.csv:2097,bert-jan,2023-07-10 12:12:06+00:00,0,1,0.8,2,1,1.0,0,0.2925,1.0,1.2246467991473532e-16,-1.0,0,0,0.1,130,1,1,0,0,0,1,0,0,0,0,0,0.068,0,0,0,0,0,0.0,0,0,0.0,0
invictus_enriched.csv:2098,bert-jan,2023-07-10 12:12:08+00:00,0,1,0.8,2,1,0.9994444444444445,0,0.29305555555555557,1.0,1.2246467991473532e-16,-1.0,0,0,0.1,33,3,0,0,0,0,0,1,0,0,0,0,0.16133333333333333,0,0,0,0,0,0.0,0,0,0.0,0
invictus_enriched.csv:2099,bert-jan,2023-07-10 12:12:08+00:00,0,1,0.8,2,1,1.0,0,0.29305555555555557,1.0,1.2246467991473532e-16,-1.0,0,0,0.1,21,3,0,0,0,0,0,1,0,0,0,0,0.064,0,0,0,0,0,0.0,0,0,0.0,0
invictus_enriched.csv:2100,bert-jan,2023-07-10 12:12:10+00:00,0,1,0.8,2,1,0.9994444444444445,0,0.2936111111111111,1.0,1.2246467991473532e-16,-1.0,0,0,0.1,23,1,0,0,0,0,1,1,0,0,0,0,0.0026666666666666666,0,0,0,0,0,0.0,0,0,0.0,0
invictus_enriched.csv:2101,bert-jan,2023-07-10 12:12:10+00:00,0,1,0.8,2,1,1.0,0,0.2936111111111111,1.0,1.2246467991473532e-16,-1.0,0,0,0.1,32,3,0,0,0,0,0,1,0,0,0,0,0.2,0,0,0,0,0,0.0,0,0,0.0,0
invictus_enriched.csv:2102,bert-jan,2023-07-10 12:12:11+00:00,0,1,0.8,2,1,0.9997222222222222,0,0.29388888888888887,1.0,1.2246467991473532e-16,-1.0,0,0,0.1,23,1,0,0,0,0,1,1,0,0,0,0,0.0026666666666666666,0,0,0,0,0,0.0,0,0,0.0,0
invictus_enriched.csv:2103,bert-jan,2023-07-10 12:12:12+00:00,0,1,0.8,2,1,0.9997222222222222,0,0.2941666666666667,1.0,1.2246467991473532e-16,-1.0,0,0,0.1,34,3,1,0,1,0,0,0,0,0,0,0,0.3626666666666667,0,0,0,0,0,0.0,0,0,0.0,0
invictus_enriched.csv:2104,bert-jan,2023-07-10 12:12:14+00:00,0,1,0.8,2,1,0.9994444444444445,0,0.2947222222222222,1.0,1.2246467991473532e-16,-1.0,0,0,0.1,23,1,0,0,0,0,1,1,0,0,0,0,0.0026666666666666666,0,0,0,0,0,0.0,0,0,0.0,0
invictus_enriched.csv:2105,bert-jan,2023-07-10 12:12:14+00:00,0,1,0.8,2,1,1.0,0,0.2947222222222222,1.0,1.2246467991473532e-16,-1.0,0,0,0.1,32,3,0,0,0,0,0,1,0,0,0,0,0.2,0,0,0,0,0,0.0,0,0,0.0,0
invictus_enriched.csv:2108,bert-jan,2023-07-10 12:13:20+00:00,0,0,0.8,2,1,0.9816666666666667,1,0.31305555555555553,1.0,1.2246467991473532e-16,-1.0,0,0,0.1,9,0,0,0,0,0,0,1,0,0,0,0,0.0026666666666666666,0,0,0,0,0,0.0,0,0,0.0,0
invictus_enriched.csv:2109,bert-jan,2023-07-10 12:13:20+00:00,0,0,0.8,2,1,1.0,1,0.31305555555555553,1.0,1.2246467991473532e-16,-1.0,0,0,0.1,10,0,0,0,0,0,0,1,0,0,0,0,0.19466666666666665,0,0,0,0,0,0.0,0,0,0.0,0
invictus_enriched.csv:2110,bert-jan,2023-07-10 12:13:20+00:00,0,0,0.8,2,1,1.0,0,0.31305555555555553,1.0,1.2246467991473532e-16,-1.0,0,0,0.1,10,0,0,0,0,0,0,1,0,0,0,1,0.196,0,0,0,0,0,0.0,0,0,0.0,0
invictus_enriched.csv:2111,bert-jan,2023-07-10 12:13:21+00:00,0,0,0.8,2,1,0.9997222222222222,0,0.31333333333333335,1.0,1.2246467991473532e-16,-1.0,0,0,0.1,10,0,0,0,0,0,0,1,0,0,0,0,0.24266666666666667,0,0,0,0,0,0.0,0,0,0.0,0
invictus_enriched.csv:2112,bert-jan,2023-07-10 12:13:21+00:00,0,0,0.8,2,1,1.0,1,0.31333333333333335,1.0,1.2246467991473532e-16,-1.0,0,0,0.1,169,0,0,0,1,0,0,1,0,0,0,0,0.0026666666666666666,0,0,0,0,0,0.0,0,0,0.0,0
invictus_enriched.csv:2113,bert-jan,2023-07-10 12:13:21+00:00,0,0,0.8,2,1,1.0,0,0.31333333333333335,1.0,1.2246467991473532e-16,-1.0,0,0,0.1,10,0,0,0,0,0,0,1,0,0,0,1,0.244,0,0,0,0,0,0.0,0,0,0.0,0
invictus_enriched.csv:2114,bert-jan,2023-07-10 12:13:21+00:00,0,0,0.8,2,1,1.0,0,0.31333333333333335,1.0,1.2246467991473532e-16,-1.0,0,0,0.1,10,0,0,0,0,0,0,1,0,0,0,0,0.224,0,0,0,0,0,0.0,0,0,0.0,0
invictus_enriched.csv:2115,bert-jan,2023-07-10 12:13:21+00:00,0,0,0.8,2,1,1.0,0,0.31333333333333335,1.0,1.2246467991473532e-16,-1.0,0,0,0.1,10,0,0,0,0,0,0,1,0,0,0,1,0.22533333333333333,0,0,0,0,0,0.0,0,0,0.0,0
invictus_enriched.csv:2116,bert-jan,2023-07-10 12:13:21+00:00,0,0,0.8,2,1,1.0,1,0.31333333333333335,1.0,1.2246467991473532e-16,-1.0,0,0,0.1,170,0,0,0,1,1,0,1,0,0,0,0,0.43066666666666664,0,0,0,0,0,0.0,0,0,0.0,0
invictus_enriched.csv:2117,bert-jan,2023-07-10 12:13:21+00:00,0,0,0.8,2,1,1.0,1,0.31333333333333335,1.0,1.2246467991473532e-16,-1.0,0,0,0.1,171,0,0,0,1,1,0,1,0,0,0,0,0.36133333333333334,0,0,0,0,0,0.0,0,0,0.0,0
invictus_enriched.csv:2118,bert-jan,2023-07-10 12:13:21+00:00,0,0,0.8,2,1,1.0,1,0.31333333333333335,1.0,1.2246467991473532e-16,-1.0,0,0,0.1,172,0,0,0,0,0,0,1,0,0,0,0,0.028,0,0,0,0,0,0.0,0,0,0.0,0
invictus_enriched.csv:2119,bert-jan,2023-07-10 12:13:21+00:00,0,0,0.8,2,1,1.0,0,0.31333333333333335,1.0,1.2246467991473532e-16,-1.0,0,0,0.1,10,0,0,0,0,0,0,1,0,0,0,1,0.25466666666666665,0,0,0,0,0,0.0,0,0,0.0,0
invictus_enriched.csv:2120,bert-jan,2023-07-10 12:13:21+00:00,0,0,0.8,2,1,1.0,0,0.31333333333333335,1.0,1.2246467991473532e-16,-1.0,0,0,0.1,10,0,0,0,0,0,0,1,0,0,0,0,0.25333333333333335,0,0,0,0,0,0.0,0,0,0.0,0
invictus_enriched.csv:2121,bert-jan,2023-07-10 12:13:21+00:00,0,0,0.8,2,1,1.0,1,0.31333333333333335,1.0,1.2246467991473532e-16,-1.0,0,0,0.1,173,3,0,0,0,0,0,1,0,0,0,0,0.04933333333333333,0,0,0,0,0,0.0,0,0,0.0,0
invictus_enriched.csv:2122,bert-jan,2023-07-10 12:13:22+00:00,0,0,0.8,2,1,0.9997222222222222,1,0.3136111111111111,1.0,1.2246467991473532e-16,-1.0,0,0,0.1,174,0,0,0,0,0,0,1,0,0,0,0,0.12133333333333333,0,0,0,0,0,0.0,0,0,0.0,0
invictus_enriched.csv:2123,bert-jan,2023-07-10 12:13:22+00:00,0,0,0.8,2,1,1.0,0,0.3136111111111111,1.0,1.2246467991473532e-16,-1.0,0,0,0.1,174,0,0,0,0,0,0,1,0,0,0,0,0.912,0,0,0,0,0,0.0,0,0,0.0,0
invictus_enriched.csv:2124,bert-jan,2023-07-10 12:13:22+00:00,0,0,0.8,2,1,1.0,1,0.3136111111111111,1.0,1.2246467991473532e-16,-1.0,0,0,0.1,175,0,0,0,0,0,0,1,0,0,0,0,0.029333333333333333,0,0,0,0,0,0.0,0,0,0.0,0
invictus_enriched.csv:2125,bert-jan,2023-07-10 12:13:24+00:00,0,0,0.8,2,1,0.9994444444444445,0,0.31416666666666665,1.0,1.2246467991473532e-16,-1.0,0,0,0.1,173,3,0,0,0,0,0,1,0,0,0,0,0.02266666666666667,0,0,0,0,0,0.0,0,0,0.0,0
invictus_enriched.csv:2126,bert-jan,2023-07-10 12:13:26+00:00,0,0,0.8,2,1,0.9994444444444445,0,0.31472222222222224,1.0,1.2246467991473532e-16,-1.0,0,0,0.1,37,3,0,0,0,0,0,1,0,0,0,0,0.068,0,0,0,0,0,0.0,0,0,0.0,0
invictus_enriched.csv:2127,bert-jan,2023-07-10 12:13:26+00:00,0,0,0.8,2,1,1.0,0,0.31472222222222224,1.0,1.2246467991473532e-16,-1.0,0,0,0.1,21,3,0,0,0,0,0,1,0,0,0,0,0.132,0,0,0,0,0,0.0,0,0,0.0,0
invictus_enriched.csv:2128,bert-jan,2023-07-10 12:13:27+00:00,0,0,0.8,2,1,0.9997222222222222,1,0.315,1.0,1.2246467991473532e-16,-1.0,0,0,0.1,176,3,0,0,0,0,0,1,0,0,0,0,0.07866666666666666,0,0,0,0,0,0.0,0,0,0.0,0
invictus_enriched.csv:2129,bert-jan,2023-07-10 12:13:27+00:00,0,0,0.8,2,1,1.0,1,0.315,1.0,1.2246467991473532e-16,-1.0,0,0,0.1,177,3,0,0,0,0,0,1,0,0,0,0,0.050666666666666665,0,0,0,0,0,0.0,0,0,0.0,0
invictus_enriched.csv:2130,bert-jan,2023-07-10 12:13:27+00:00,0,0,0.8,2,1,1.0,0,0.315,1.0,1.2246467991473532e-16,-1.0,0,0,0.2,63,3,0,0,0,0,0,1,0,0,0,0,0.19466666666666665,0,0,0,0,0,0.0,0,0,0.0,0
invictus_enriched.csv:2131,bert-jan,2023-07-10 12:13:27+00:00,0,0,0.8,2,1,1.0,1,0.315,1.0,1.2246467991473532e-16,-1.0,0,0,0.1,178,3,0,0,0,0,0,1,0,0,0,0,0.088,0,0,0,0,0,0.0,0,0,0.0,0
invictus_enriched.csv:2132,bert-jan,2023-07-10 12:13:27+00:00,0,0,0.8,2,1,1.0,0,0.315,1.0,1.2246467991473532e-16,-1.0,0,0,0.1,52,3,0,0,0,0,0,1,0,0,0,0,0.08666666666666667,0,0,0,0,0,0.0,0,0,0.0,0
invictus_enriched.csv:2133,bert-jan,2023-07-10 12:13:27+00:00,0,0,0.8,2,1,1.0,0,0.315,1.0,1.2246467991473532e-16,-1.0,0,0,0.1,43,3,0,0,0,0,0,1,0,0,0,0,0.08,0,0,0,0,0,0.0,0,0,0.0,0
invictus_enriched.csv:2134,bert-jan,2023-07-10 12:13:27+00:00,0,0,0.8,2,1,1.0,0,0.315,1.0,1.2246467991473532e-16,-1.0,0,0,0.1,59,3,0,0,0,0,0,1,0,0,0,0,0.06933333333333333,0,0,0,0,0,0.0,0,0,0.0,0
invictus_enriched.csv:2135,bert-jan,2023-07-10 12:13:27+00:00,0,0,0.8,2,1,1.0,0,0.315,1.0,1.2246467991473532e-16,-1.0,0,0,0.1,53,3,0,0,0,0,0,1,0,0,0,0,0.072,0,0,0,0,0,0.0,0,0,0.0,0
invictus_enriched.csv:2136,bert-jan,2023-07-10 12:13:27+00:00,0,0,0.8,2,1,1.0,1,0.315,1.0,1.2246467991473532e-16,-1.0,0,0,0.1,179,3,0,0,0,0,0,1,0,0,0,0,0.05466666666666667,0,0,0,0,0,0.0,0,0,0.0,0
invictus_enriched.csv:2137,bert-jan,2023-07-10 12:13:27+00:00,0,0,0.8,2,1,1.0,0,0.315,1.0,1.2246467991473532e-16,-1.0,0,0,0.1,35,3,0,0,0,0,0,1,0,0,0,0,0.08133333333333333,0,0,0,0,0,0.0,0,0,0.0,0
invictus_enriched.csv:2138,bert-jan,2023-07-10 12:13:27+00:00,0,0,0.8,2,1,1.0,0,0.315,1.0,1.2246467991473532e-16,-1.0,0,0,0.1,47,3,0,0,0,0,0,1,0,0,0,0,0.116,0,0,0,0,0,0.0,0,0,0.0,0
invictus_enriched.csv:2139,bert-jan,2023-07-10 12:13:27+00:00,0,0,0.8,2,1,1.0,0,0.315,1.0,1.2246467991473532e-16,-1.0,0,0,0.1,45,3,0,0,0,0,0,1,0,0,0,0,0.07866666666666666,0,0,0,0,0,0.0,0,0,0.0,0
invictus_enriched.csv:2140,bert-jan,2023-07-10 12:13:27+00:00,0,0,0.8,2,1,1.0,1,0.315,1.0,1.2246467991473532e-16,-1.0,0,0,0.1,180,3,0,0,0,0,0,1,0,0,0,0,0.05733333333333333,0,0,0,0,0,0.0,0,0,0.0,0
invictus_enriched.csv:2141,bert-jan,2023-07-10 12:13:27+00:00,0,0,0.8,2,1,1.0,1,0.315,1.0,1.2246467991473532e-16,-1.0,0,0,0.1,181,3,0,0,0,0,0,1,0,0,0,0,0.07066666666666667,0,0,0,0,0,0.0,0,0,0.0,0
invictus_enriched.csv:2142,bert-jan,2023-07-10 12:13:27+00:00,0,0,0.8,2,1,1.0,1,0.315,1.0,1.2246467991473532e-16,-1.0,0,0,0.1,182,3,0,0,0,0,0,1,0,0,0,0,0.09733333333333333,0,0,0,0,0,0.0,0,0,0.0,0
invictus_enriched.csv:2143,bert-jan,2023-07-10 12:13:27+00:00,0,0,0.8,2,1,1.0,1,0.315,1.0,1.2246467991473532e-16,-1.0,0,0,0.1,183,3,0,0,0,0,0,1,0,0,0,0,0.09333333333333334,0,0,0,0,0,0.0,0,0,0.0,0
invictus_enriched.csv:2144,bert-jan,2023-07-10 12:13:29+00:00,0,0,0.8,2,1,0.9994444444444445,0,0.31555555555555553,1.0,1.2246467991473532e-16,-1.0,0,0,0.1,10,0,0,0,0,0,0,1,0,0,0,0,0.19466666666666665,0,0,0,0,0,0.0,0,0,0.0,0
invictus_enriched.csv:2145,bert-jan,2023-07-10 12:13:29+00:00,0,0,0.8,2,1,1.0,0,0.31555555555555553,1.0,1.2246467991473532e-16,-1.0,0,0,0.1,10,0,0,0,0,0,0,1,0,0,0,1,0.196,0,0,0,0,0,0.0,0,0,0.0,0
invictus_enriched.csv:2146,bert-jan,2023-07-10 12:13:30+00:00,0,0,0.8,2,1,0.9997222222222222,0,0.31583333333333335,1.0,1.2246467991473532e-16,-1.0,0,0,0.1,43,3,0,0,0,0,0,1,0,0,0,0,0.08,0,0,0,0,0,0.0,0,0,0.0,0
invictus_enriched.csv:2147,bert-jan,2023-07-10 12:13:30+00:00,0,0,0.8,2,1,1.0,0,0.31583333333333335,1.0,1.2246467991473532e-16,-1.0,0,0,0.1,37,3,0,0,0,0,0,1,0,0,0,0,0.068,0,0,0,0,0,0.0,0,0,0.0,0
invictus_enriched.csv:2148,bert-jan,2023-07-10 12:13:30+00:00,0,0,0.8,2,1,1.0,0,0.31583333333333335,1.0,1.2246467991473532e-16,-1.0,0,0,0.1,176,3,0,0,0,0,0,1,0,0,0,0,0.07866666666666666,0,0,0,0,0,0.0,0,0,0.0,0
invictus_enriched.csv:2149,bert-jan,2023-07-10 12:13:30+00:00,0,0,0.8,2,1,1.0,0,0.31583333333333335,1.0,1.2246467991473532e-16,-1.0,0,0,0.1,21,3,0,0,0,0,0,1,0,0,0,0,0.17733333333333334,0,0,0,0,0,0.0,0,0,0.0,0
invictus_enriched.csv:2150,bert-jan,2023-07-10 12:13:30+00:00,0,0,0.8,2,1,1.0,0,0.31583333333333335,1.0,1.2246467991473532e-16,-1.0,0,0,0.1,45,3,0,0,0,0,0,1,0,0,0,0,0.07866666666666666,0,0,0,0,0,0.0,0,0,0.0,0
invictus_enriched.csv:2151,bert-jan,2023-07-10 12:13:30+00:00,0,0,0.8,2,1,1.0,0,0.31583333333333335,1.0,1.2246467991473532e-16,-1.0,0,0,0.1,9,0,0,0,0,0,0,1,0,0,0,0,0.0026666666666666666,0,0,0,0,0,0.0,0,0,0.0,0
invictus_enriched.csv:2152,bert-jan,2023-07-10 12:13:32+00:00,0,0,0.8,2,1,0.9994444444444445,0,0.3163888888888889,1.0,1.2246467991473532e-16,-1.0,0,0,0.1,52,3,0,0,0,0,0,1,0,0,0,0,0.19466666666666665,0,0,0,0,0,0.0,0,0,0.0,0
invictus_enriched.csv:2153,bert-jan,2023-07-10 12:13:32+00:00,0,0,0.8,2,1,1.0,0,0.3163888888888889,1.0,1.2246467991473532e-16,-1.0,0,0,0.1,181,3,0,0,0,0,0,1,0,0,0,0,0.17333333333333334,0,0,0,0,0,0.0,0,0,0.0,0
invictus_enriched.csv:2154,bert-jan,2023-07-10 12:13:32+00:00,0,0,0.8,2,1,1.0,0,0.3163888888888889,1.0,1.2246467991473532e-16,-1.0,0,0,0.1,178,3,0,0,0,0,0,1,0,0,0,0,0.06533333333333333,0,0,0,0,0,0.0,0,0,0.0,0
invictus_enriched.csv:2155,bert-jan,2023-07-10 12:13:32+00:00,0,0,0.8,2,1,1.0,0,0.3163888888888889,1.0,1.2246467991473532e-16,-1.0,0,0,0.1,43,3,0,0,0,0,0,1,0,0,0,0,0.2866666666666667,0,0,0,0,0,0.0,0,0,0.0,0
invictus_enriched.csv:2156,bert-jan,2023-07-10 12:13:32+00:00,0,0,0.8,2,1,1.0,0,0.3163888888888889,1.0,1.2246467991473532e-16,-1.0,0,0,0.1,37,3,0,0,0,0,0,1,0,0,0,0,0.10133333333333333,0,0,0,0,0,0.0,0,0,0.0,0
invictus_enriched.csv:2157,bert-jan,2023-07-10 12:13:32+00:00,0,0,0.8,2,1,1.0,0,0.3163888888888889,1.0,1.2246467991473532e-16,-1.0,0,0,0.1,178,3,0,0,0,0,0,1,0,0,0,0,0.06533333333333333,0,0,0,0,0,0.0,0,0,0.0,0
invictus_enriched.csv:2158,bert-jan,2023-07-10 12:13:32+00:00,0,0,0.8,2,1,1.0,0,0.3163888888888889,1.0,1.2246467991473532e-16,-1.0,0,0,0.1,52,3,0,0,0,0,0,1,0,0,0,0,0.19466666666666665,0,0,0,0,0,0.0,0,0,0.0,0
invictus_enriched.csv:2159,bert-jan,2023-07-10 12:13:32+00:00,0,0,0.8,2,1,1.0,0,0.3163888888888889,1.0,1.2246467991473532e-16,-1.0,0,0,0.1,37,3,0,0,0,0,0,1,0,0,0,0,0.10133333333333333,0,0,0,0,0,0.0,0,0,0.0,0
invictus_enriched.csv:2160,bert-jan,2023-07-10 12:13:32+00:00,0,0,0.8,2,1,1.0,0,0.3163888888888889,1.0,1.2246467991473532e-16,-1.0,0,0,0.1,37,3,0,0,0,0,0,1,0,0,0,0,0.10133333333333333,0,0,0,0,0,0.0,0,0,0.0,0
invictus_enriched.csv:2161,bert-jan,2023-07-10 12:13:32+00:00,0,0,0.8,2,1,1.0,0,0.3163888888888889,1.0,1.2246467991473532e-16,-1.0,0,0,0.1,39,3,0,0,0,0,0,1,0,0,0,0,0.04533333333333334,0,0,0,0,0,0.0,0,0,0.0,0
invictus_enriched.csv:2162,bert-jan,2023-07-10 12:13:32+00:00,0,0,0.8,2,1,1.0,1,0.3163888888888889,1.0,1.2246467991473532e-16,-1.0,0,0,0.1,184,0,0,0,0,0,0,1,0,0,0,0,0.07066666666666667,0,0,0,0,0,0.0,0,0,0.0,0
invictus_enriched.csv:2163,bert-jan,2023-07-10 12:13:32+00:00,0,0,0.8,2,1,1.0,0,0.3163888888888889,1.0,1.2246467991473532e-16,-1.0,0,0,0.1,53,3,0,0,0,0,0,1,0,0,0,0,0.16533333333333333,0,0,0,0,0,0.0,0,0,0.0,0
invictus_enriched.csv:2164,bert-jan,2023-07-10 12:13:32+00:00,0,0,0.8,2,1,1.0,0,0.3163888888888889,1.0,1.2246467991473532e-16,-1.0,0,0,0.1,59,3,0,0,0,0,0,1,0,0,0,0,0.172,0,0,0,0,0,0.0,0,0,0.0,0
invictus_enriched.csv:2165,bert-jan,2023-07-10 12:13:32+00:00,0,0,0.8,2,1,1.0,0,0.3163888888888889,1.0,1.2246467991473532e-16,-1.0,0,0,0.1,53,3,0,0,0,0,0,1,0,0,0,0,0.16533333333333333,0,0,0,0,0,0.0,0,0,0.0,0
invictus_enriched.csv:2166,bert-jan,2023-07-10 12:13:32+00:00,0,0,0.8,2,1,1.0,0,0.3163888888888889,1.0,1.2246467991473532e-16,-1.0,0,0,0.1,39,3,0,0,0,0,0,1,0,0,0,0,0.04533333333333334,0,0,0,0,0,0.0,0,0,0.0,0
invictus_enriched.csv:2167,bert-jan,2023-07-10 12:13:32+00:00,0,0,0.8,2,1,1.0,0,0.3163888888888889,1.0,1.2246467991473532e-16,-1.0,0,0,0.1,181,3,0,0,0,0,0,1,0,0,0,0,0.17333333333333334,0,0,0,0,0,0.0,0,0,0.0,0
invictus_enriched.csv:2168,bert-jan,2023-07-10 12:13:32+00:00,0,0,0.8,2,1,1.0,0,0.3163888888888889,1.0,1.2246467991473532e-16,-1.0,0,0,0.1,45,3,0,0,0,0,0,1,0,0,0,0,0.17333333333333334,0,0,0,0,0,0.0,0,0,0.0,0
invictus_enriched.csv:2169,bert-jan,2023-07-10 12:13:32+00:00,0,0,0.8,2,1,1.0,0,0.3163888888888889,1.0,1.2246467991473532e-16,-1.0,0,0,0.1,39,3,0,0,0,0,0,1,0,0,0,0,0.04533333333333334,0,0,0,0,0,0.0,0,0,0.0,0
invictus_enriched.csv:2170,bert-jan,2023-07-10 12:13:32+00:00,0,0,0.8,2,1,1.0,0,0.3163888888888889,1.0,1.2246467991473532e-16,-1.0,0,0,0.1,59,3,0,0,0,0,0,1,0,0,0,0,0.172,0,0,0,0,0,0.0,0,0,0.0,0
invictus_enriched.csv:2171,bert-jan,2023-07-10 12:13:32+00:00,0,0,0.8,2,1,1.0,0,0.3163888888888889,1.0,1.2246467991473532e-16,-1.0,0,0,0.1,45,3,0,0,0,0,0,1,0,0,0,0,0.29733333333333334,0,0,0,0,0,0.0,0,0,0.0,0
invictus_enriched.csv:2172,bert-jan,2023-07-10 12:13:32+00:00,0,0,0.8,2,1,1.0,0,0.3163888888888889,1.0,1.2246467991473532e-16,-1.0,0,0,0.1,45,3,0,0,0,0,0,1,0,0,0,0,0.17333333333333334,0,0,0,0,0,0.0,0,0,0.0,0
invictus_enriched.csv:2173,bert-jan,2023-07-10 12:14:37+00:00,0,1,0.8,2,1,0.9819444444444444,0,0.33444444444444443,1.0,1.2246467991473532e-16,-1.0,0,0,0.1,23,1,0,0,0,0,1,1,0,0,0,0,0.0026666666666666666,0,0,0,0,0,0.0,0,0,0.0,0
invictus_enriched.csv:2174,bert-jan,2023-07-10 12:14:37+00:00,0,1,0.8,2,1,1.0,0,0.33444444444444443,1.0,1.2246467991473532e-16,-1.0,0,0,0.1,32,3,0,0,0,0,0,1,0,0,0,0,0.2,0,0,0,0,0,0.0,0,0,0.0,0
invictus_enriched.csv:2175,bert-jan,2023-07-10 12:14:37+00:00,0,1,0.8,2,1,1.0,0,0.33444444444444443,1.0,1.2246467991473532e-16,-1.0,0,0,0.1,37,3,0,0,0,0,0,1,0,0,0,0,0.10133333333333333,0,0,0,0,0,0.0,0,0,0.0,0
invictus_enriched.csv:2176,bert-jan,2023-07-10 12:14:38+00:00,0,1,0.8,2,1,0.9997222222222222,0,0.3347222222222222,1.0,1.2246467991473532e-16,-1.0,0,0,0.1,33,3,0,0,0,0,0,1,0,0,0,0,0.26266666666666666,0,0,0,0,0,0.0,0,0,0.0,0
invictus_enriched.csv:2177,bert-jan,2023-07-10 12:14:38+00:00,0,1,0.8,2,1,1.0,0,0.3347222222222222,1.0,1.2246467991473532e-16,-1.0,0,0,0.1,38,3,0,0,0,0,0,1,0,0,0,0,0.1,0,0,0,0,0,0.0,0,0,0.0,0
invictus_enriched.csv:2178,bert-jan,2023-07-10 12:14:38+00:00,0,1,0.8,2,1,1.0,0,0.3347222222222222,1.0,1.2246467991473532e-16,-1.0,0,0,0.1,41,3,0,0,0,0,0,1,0,0,0,0,0.13733333333333334,0,0,0,0,0,0.0,0,0,0.0,0
invictus_enriched.csv:2179,bert-jan,2023-07-10 12:14:38+00:00,0,1,0.8,2,1,1.0,0,0.3347222222222222,1.0,1.2246467991473532e-16,-1.0,0,0,0.1,35,3,0,0,1,0,0,1,0,0,0,0,0.15733333333333333,0,0,0,0,0,0.0,0,0,0.0,0
invictus_enriched.csv:2180,bert-jan,2023-07-10 12:14:39+00:00,0,1,0.8,2,1,0.9997222222222222,0,0.335,1.0,1.2246467991473532e-16,-1.0,0,0,0.1,39,3,0,0,0,0,0,1,0,0,0,0,0.04533333333333334,0,0,0,0,0,0.0,0,0,0.0,0
invictus_enriched.csv:2181,bert-jan,2023-07-10 12:14:39+00:00,0,1,0.8,2,1,1.0,0,0.335,1.0,1.2246467991473532e-16,-1.0,0,0,0.1,39,3,0,0,0,0,0,1,0,0,0,0,0.04533333333333334,0,0,0,0,0,0.0,0,0,0.0,0
invictus_enriched.csv:2182,bert-jan,2023-07-10 12:14:40+00:00,0,1,0.8,2,1,0.9997222222222222,0,0.3352777777777778,1.0,1.2246467991473532e-16,-1.0,0,0,0.1,43,3,0,0,0,0,0,1,0,0,0,0,0.26,0,0,0,0,0,0.0,0,0,0.0,0
invictus_enriched.csv:2183,bert-jan,2023-07-10 12:14:40+00:00,0,1,0.8,2,1,1.0,0,0.3352777777777778,1.0,1.2246467991473532e-16,-1.0,0,0,0.1,45,3,0,0,0,0,0,1,0,0,0,0,0.272,0,0,0,0,0,0.0,0,0,0.0,0
invictus_enriched.csv:2184,bert-jan,2023-07-10 12:14:41+00:00,0,1,0.8,2,1,0.9997222222222222,0,0.33555555555555555,1.0,1.2246467991473532e-16,-1.0,0,0,0.1,47,3,0,0,0,0,0,1,0,0,0,0,0.304,0,0,0,0,0,0.0,0,0,0.0,0
invictus_enriched.csv:2185,bert-jan,2023-07-10 12:14:41+00:00,0,1,0.8,2,1,1.0,0,0.33555555555555555,1.0,1.2246467991473532e-16,-1.0,0,0,0.1,52,3,0,0,1,0,0,1,0,0,0,0,0.136,0,0,0,0,0,0.0,0,0,0.0,0
invictus_enriched.csv:2186,bert-jan,2023-07-10 12:14:42+00:00,0,1,0.8,2,1,0.9997222222222222,0,0.3358333333333333,1.0,1.2246467991473532e-16,-1.0,0,0,0.1,23,1,0,0,0,0,1,1,0,0,0,0,0.0026666666666666666,0,0,0,0,0,0.0,0,0,0.0,0
invictus_enriched.csv:2187,bert-jan,2023-07-10 12:14:43+00:00,0,1,0.8,2,1,0.9997222222222222,0,0.33611111111111114,1.0,1.2246467991473532e-16,-1.0,0,0,0.1,134,3,1,0,0,0,0,0,0,0,0,0,0.04533333333333334,0,0,0,0,0,0.0,0,0,0.0,0
invictus_enriched.csv:2188,bert-jan,2023-07-10 12:14:45+00:00,0,0,0.8,2,1,0.9994444444444445,0,0.33666666666666667,1.0,1.2246467991473532e-16,-1.0,0,0,0.1,43,3,0,0,0,0,0,1,0,0,0,0,0.08,0,0,0,0,0,0.0,0,0,0.0,0
invictus_enriched.csv:2189,bert-jan,2023-07-10 12:14:45+00:00,0,0,0.8,2,1,1.0,0,0.33666666666666667,1.0,1.2246467991473532e-16,-1.0,0,0,0.1,37,3,0,0,0,0,0,1,0,0,0,0,0.068,0,0,0,0,0,0.0,0,0,0.0,0
invictus_enriched.csv:2190,bert-jan,2023-07-10 12:14:45+00:00,0,0,0.8,2,1,1.0,0,0.33666666666666667,1.0,1.2246467991473532e-16,-1.0,0,0,0.1,45,3,0,0,0,0,0,1,0,0,0,0,0.07866666666666666,0,0,0,0,0,0.0,0,0,0.0,0
invictus_enriched.csv:2191,bert-jan,2023-07-10 12:14:45+00:00,0,0,0.8,2,1,1.0,0,0.33666666666666667,1.0,1.2246467991473532e-16,-1.0,0,0,0.1,37,3,0,0,0,0,0,1,0,0,0,0,0.068,0,0,0,0,0,0.0,0,0,0.0,0
invictus_enriched.csv:2192,bert-jan,2023-07-10 12:14:45+00:00,0,0,0.8,2,1,1.0,0,0.33666666666666667,1.0,1.2246467991473532e-16,-1.0,0,0,0.1,176,3,0,0,0,0,0,1,0,0,0,0,0.07866666666666666,0,0,0,0,0,0.0,0,0,0.0,0
invictus_enriched.csv:2193,bert-jan,2023-07-10 12:14:47+00:00,0,0,0.8,2,1,0.9994444444444445,0,0.3372222222222222,1.0,1.2246467991473532e-16,-1.0,0,0,0.1,176,3,0,0,0,0,0,1,0,0,0,0,0.07866666666666666,0,0,0,0,0,0.0,0,0,0.0,0
invictus_enriched.csv:2194,bert-jan,2023-07-10 12:14:47+00:00,0,0,0.8,2,1,1.0,0,0.3372222222222222,1.0,1.2246467991473532e-16,-1.0,0,0,0.1,37,3,0,0,0,0,0,1,0,0,0,0,0.068,0,0,0,0,0,0.0,0,0,0.0,0
invictus_enriched.csv:2195,bert-jan,2023-07-10 12:14:47+00:00,0,0,0.8,2,1,1.0,0,0.3372222222222222,1.0,1.2246467991473532e-16,-1.0,0,0,0.1,43,3,0,0,0,0,0,1,0,0,0,0,0.08,0,0,0,0,0,0.0,0,0,0.0,0
invictus_enriched.csv:2196,bert-jan,2023-07-10 12:14:47+00:00,0,0,0.8,2,1,1.0,0,0.3372222222222222,1.0,1.2246467991473532e-16,-1.0,0,0,0.1,37,3,0,0,0,0,0,1,0,0,0,0,0.068,0,0,0,0,0,0.0,0,0,0.0,0
invictus_enriched.csv:2197,bert-jan,2023-07-10 12:14:47+00:00,0,0,0.8,2,1,1.0,0,0.3372222222222222,1.0,1.2246467991473532e-16,-1.0,0,0,0.1,45,3,0,0,0,0,0,1,0,0,0,0,0.07866666666666666,0,0,0,0,0,0.0,0,0,0.0,0
invictus_enriched.csv:2198,bert-jan,2023-07-10 12:14:52+00:00,0,1,0.8,2,1,0.9986111111111111,0,0.3386111111111111,1.0,1.2246467991473532e-16,-1.0,0,0,0.1,21,3,0,0,0,0,0,1,0,0,0,0,0.064,0,0,0,0,0,0.0,0,0,0.0,0
invictus_enriched.csv:2199,bert-jan,2023-07-10 12:14:54+00:00,0,1,0.8,2,1,0.9994444444444445,0,0.33916666666666667,1.0,1.2246467991473532e-16,-1.0,0,0,0.1,32,3,0,0,0,0,0,1,0,0,0,0,0.2,0,0,0,0,0,0.0,0,0,0.0,0
invictus_enriched.csv:2200,bert-jan,2023-07-10 12:14:54+00:00,0,1,0.8,2,1,1.0,0,0.33916666666666667,1.0,1.2246467991473532e-16,-1.0,0,0,0.1,23,1,0,0,0,0,1,1,0,0,0,0,0.0026666666666666666,0,0,0,0,0,0.0,0,0,0.0,0
invictus_enriched.csv:2201,bert-jan,2023-07-10 12:14:55+00:00,0,1,0.8,2,1,0.9997222222222222,0,0.33944444444444444,1.0,1.2246467991473532e-16,-1.0,0,0,0.1,23,1,0,0,0,0,1,1,0,0,0,0,0.0026666666666666666,0,0,0,0,0,0.0,0,0,0.0,0
invictus_enriched.csv:2202,bert-jan,2023-07-10 12:14:56+00:00,0,1,0.8,2,1,0.9997222222222222,0,0.3397222222222222,1.0,1.2246467991473532e-16,-1.0,0,0,0.1,37,3,0,0,0,0,0,1,0,0,0,0,0.10133333333333333,0,0,0,0,0,0.0,0,0,0.0,0
invictus_enriched.csv:2203,bert-jan,2023-07-10 12:14:56+00:00,0,1,0.8,2,1,1.0,0,0.3397222222222222,1.0,1.2246467991473532e-16,-1.0,0,0,0.1,34,3,1,0,0,0,0,0,0,0,0,0,0.3626666666666667,0,0,0,0,0,0.0,0,0,0.0,0
invictus_enriched.csv:2204,bert-jan,2023-07-10 12:14:57+00:00,0,1,0.8,2,1,0.9997222222222222,0,0.34,1.0,1.2246467991473532e-16,-1.0,0,0,0.1,38,3,0,0,0,0,0,1,0,0,0,0,0.1,0,0,0,0,0,0.0,0,0,0.0,0
invictus_enriched.csv:2205,bert-jan,2023-07-10 12:14:57+00:00,0,1,0.8,2,1,1.0,0,0.34,1.0,1.2246467991473532e-16,-1.0,0,0,0.1,41,3,0,0,0,0,0,1,0,0,0,0,0.13733333333333334,0,0,0,0,0,0.0,0,0,0.0,0
invictus_enriched.csv:2206,bert-jan,2023-07-10 12:14:57+00:00,0,1,0.8,2,1,1.0,0,0.34,1.0,1.2246467991473532e-16,-1.0,0,0,0.1,37,3,0,0,0,0,0,1,0,0,0,0,0.10133333333333333,0,0,0,0,0,0.0,0,0,0.0,0
invictus_enriched.csv:2207,bert-jan,2023-07-10 12:14:58+00:00,0,1,0.8,2,1,0.9997222222222222,0,0.3402777777777778,1.0,1.2246467991473532e-16,-1.0,0,0,0.1,39,3,0,0,0,0,0,1,0,0,0,0,0.04533333333333334,0,0,0,0,0,0.0,0,0,0.0,0
invictus_enriched.csv:2208,bert-jan,2023-07-10 12:14:58+00:00,0,1,0.8,2,1,1.0,0,0.3402777777777778,1.0,1.2246467991473532e-16,-1.0,0,0,0.1,39,3,0,0,0,0,0,1,0,0,0,0,0.04533333333333334,0,0,0,0,0,0.0,0,0,0.0,0
invictus_enriched.csv:2209,bert-jan,2023-07-10 12:14:59+00:00,0,1,0.8,2,1,0.9997222222222222,0,0.34055555555555556,1.0,1.2246467991473532e-16,-1.0,0,0,0.1,43,3,0,0,0,0,0,1,0,0,0,0,0.26,0,0,0,0,0,0.0,0,0,0.0,0
invictus_enriched.csv:2210,bert-jan,2023-07-10 12:14:59+00:00,0,1,0.8,2,1,1.0,0,0.34055555555555556,1.0,1.2246467991473532e-16,-1.0,0,0,0.1,45,3,0,0,0,0,0,1,0,0,0,0,0.272,0,0,0,0,0,0.0,0,0,0.0,0
invictus_enriched.csv:2211,bert-jan,2023-07-10 12:15:00+00:00,0,1,0.8,2,1,0.9997222222222222,0,0.3408333333333333,1.0,1.2246467991473532e-16,-1.0,0,0,0.1,51,3,1,0,0,0,0,0,0,0,0,0,0.38533333333333336,0,0,0,0,0,0.0,0,0,0.0,0
invictus_enriched.csv:2212,bert-jan,2023-07-10 12:15:00+00:00,0,1,0.8,2,1,1.0,0,0.3408333333333333,1.0,1.2246467991473532e-16,-1.0,0,0,0.1,47,3,0,0,0,0,0,1,0,0,0,0,0.304,0,0,0,0,0,0.0,0,0,0.0,0
invictus_enriched.csv:2213,bert-jan,2023-07-10 12:15:00+00:00,0,1,0.8,2,1,1.0,0,0.3408333333333333,1.0,1.2246467991473532e-16,-1.0,0,0,0.1,48,3,1,0,0,0,0,0,0,0,0,0,0.316,0,0,0,0,0,0.0,0,0,0.0,0
invictus_enriched.csv:2214,bert-jan,2023-07-10 12:15:00+00:00,0,1,0.8,2,1,1.0,0,0.3408333333333333,1.0,1.2246467991473532e-16,-1.0,0,0,0.1,51,3,1,0,0,0,0,0,0,0,0,0,0.38533333333333336,0,0,0,0,0,0.0,0,0,0.0,0
invictus_enriched.csv:2215,bert-jan,2023-07-10 12:15:00+00:00,0,1,0.8,2,1,1.0,0,0.3408333333333333,1.0,1.2246467991473532e-16,-1.0,0,0,0.1,48,3,1,0,0,0,0,0,0,0,0,0,0.316,0,0,0,0,0,0.0,0,0,0.0,0
invictus_enriched.csv:2216,bert-jan,2023-07-10 12:15:01+00:00,0,1,0.8,2,1,0.9997222222222222,0,0.3411111111111111,1.0,1.2246467991473532e-16,-1.0,0,0,0.1,53,3,0,0,0,0,0,1,0,0,0,0,0.11333333333333333,0,0,0,0,0,0.0,0,0,0.0,0
invictus_enriched.csv:2217,bert-jan,2023-07-10 12:15:01+00:00,0,1,0.8,2,1,1.0,0,0.3411111111111111,1.0,1.2246467991473532e-16,-1.0,0,0,0.1,53,3,0,0,0,0,0,1,0,0,0,0,0.11333333333333333,0,0,0,0,0,0.0,0,0,0.0,0
invictus_enriched.csv:2218,bert-jan,2023-07-10 12:15:01+00:00,0,1,0.8,2,1,1.0,0,0.3411111111111111,1.0,1.2246467991473532e-16,-1.0,0,0,0.1,53,3,0,0,0,0,0,1,0,0,0,0,0.11333333333333333,0,0,0,0,0,0.0,0,0,0.0,0
invictus_enriched.csv:2219,bert-jan,2023-07-10 12:15:01+00:00,0,1,0.8,2,1,1.0,0,0.3411111111111111,1.0,1.2246467991473532e-16,-1.0,0,0,0.1,45,3,0,0,0,0,0,1,0,0,0,0,0.12266666666666666,0,0,0,0,0,0.0,0,0,0.0,0
invictus_enriched.csv:2220,bert-jan,2023-07-10 12:15:01+00:00,0,1,0.8,2,1,1.0,0,0.3411111111111111,1.0,1.2246467991473532e-16,-1.0,0,0,0.1,53,3,0,0,0,0,0,1,0,0,0,0,0.11333333333333333,0,0,0,0,0,0.0,0,0,0.0,0
invictus_enriched.csv:2221,bert-jan,2023-07-10 12:15:01+00:00,0,1,0.8,2,1,1.0,0,0.3411111111111111,1.0,1.2246467991473532e-16,-1.0,0,0,0.1,45,3,0,0,0,0,0,1,0,0,0,0,0.12266666666666666,0,0,0,0,0,0.0,0,0,0.0,0
invictus_enriched.csv:2222,bert-jan,2023-07-10 12:15:01+00:00,0,1,0.8,2,1,1.0,0,0.3411111111111111,1.0,1.2246467991473532e-16,-1.0,0,0,0.1,45,3,0,0,0,0,0,1,0,0,0,0,0.12266666666666666,0,0,0,0,0,0.0,0,0,0.0,0
invictus_enriched.csv:2223,bert-jan,2023-07-10 12:15:01+00:00,0,1,0.8,2,1,1.0,0,0.3411111111111111,1.0,1.2246467991473532e-16,-1.0,0,0,0.1,45,3,0,0,0,0,0,1,0,0,0,0,0.12266666666666666,0,0,0,0,0,0.0,0,0,0.0,0
invictus_enriched.csv:2224,bert-jan,2023-07-10 12:15:02+00:00,0,1,0.8,2,1,0.9997222222222222,0,0.3413888888888889,1.0,1.2246467991473532e-16,-1.0,0,0,0.1,55,3,1,0,0,0,0,0,0,0,0,0,0.108,0,0,0,0,0,0.0,0,0,0.0,0
invictus_enriched.csv:2225,bert-jan,2023-07-10 12:15:02+00:00,0,1,0.8,2,1,1.0,0,0.3413888888888889,1.0,1.2246467991473532e-16,-1.0,0,0,0.1,45,3,0,0,0,0,0,1,0,0,0,0,0.22266666666666668,0,0,0,0,0,0.0,0,0,0.0,0
invictus_enriched.csv:2226,bert-jan,2023-07-10 12:15:02+00:00,0,1,0.8,2,1,1.0,0,0.3413888888888889,1.0,1.2246467991473532e-16,-1.0,0,0,0.1,45,3,0,0,0,0,0,1,0,0,0,0,0.22266666666666668,0,0,0,0,0,0.0,0,0,0.0,0
invictus_enriched.csv:2227,bert-jan,2023-07-10 12:15:02+00:00,0,1,0.8,2,1,1.0,0,0.3413888888888889,1.0,1.2246467991473532e-16,-1.0,0,0,0.1,55,3,1,0,0,0,0,0,0,0,0,0,0.108,0,0,0,0,0,0.0,0,0,0.0,0
invictus_enriched.csv:2228,bert-jan,2023-07-10 12:15:03+00:00,0,1,0.8,2,1,0.9997222222222222,1,0.3416666666666667,1.0,1.2246467991473532e-16,-1.0,0,0,0.1,185,0,1,0,0,0,0,0,0,0,0,0,0.44133333333333336,0,0,0,0,0,0.0,0,0,0.0,0
invictus_enriched.csv:2229,bert-jan,2023-07-10 12:15:03+00:00,0,1,0.8,2,1,1.0,0,0.3416666666666667,1.0,1.2246467991473532e-16,-1.0,0,0,0.1,45,3,0,0,0,0,0,1,0,0,0,0,0.22266666666666668,0,0,0,0,0,0.0,0,0,0.0,0
invictus_enriched.csv:2230,bert-jan,2023-07-10 12:15:03+00:00,0,1,0.8,2,1,1.0,0,0.3416666666666667,1.0,1.2246467991473532e-16,-1.0,0,0,0.1,87,0,0,0,0,0,0,1,0,0,0,0,0.124,0,0,0,0,0,0.0,0,0,0.0,0
invictus_enriched.csv:2231,bert-jan,2023-07-10 12:15:03+00:00,0,1,0.8,2,1,1.0,1,0.3416666666666667,1.0,1.2246467991473532e-16,-1.0,0,0,0.1,186,0,0,0,0,0,0,1,0,0,0,0,0.07466666666666667,0,0,0,0,0,0.0,0,0,0.0,0
invictus_enriched.csv:2232,bert-jan,2023-07-10 12:15:03+00:00,0,1,0.8,2,1,1.0,0,0.3416666666666667,1.0,1.2246467991473532e-16,-1.0,0,0,0.1,45,3,0,0,0,0,0,1,0,0,0,0,0.22266666666666668,0,0,0,0,0,0.0,0,0,0.0,0
invictus_enriched.csv:2234,bert-jan,2023-07-10 12:15:06+00:00,0,1,0.8,2,1,0.9991666666666666,1,0.3425,1.0,1.2246467991473532e-16,-1.0,0,0,0.1,187,0,1,0,0,0,0,0,0,0,0,0,0.7626666666666667,0,0,0,0,0,0.0,0,0,0.0,0
invictus_enriched.csv:2235,bert-jan,2023-07-10 12:15:36+00:00,0,1,0.8,2,1,0.9916666666666667,1,0.35083333333333333,1.0,1.2246467991473532e-16,-1.0,0,0,0.1,188,0,0,0,0,0,0,1,0,0,0,0,0.08533333333333333,0,0,0,0,0,0.0,0,0,0.0,0
invictus_enriched.csv:2236,bert-jan,2023-07-10 12:15:47+00:00,0,1,0.8,2,1,0.9969444444444444,0,0.35388888888888886,1.0,1.2246467991473532e-16,-1.0,0,0,0.1,188,0,0,0,0,0,0,1,0,0,0,0,0.08533333333333333,0,0,0,0,0,0.0,0,0,0.0,0
invictus_enriched.csv:2237,bert-jan,2023-07-10 12:15:57+00:00,0,1,0.8,2,1,0.9972222222222222,0,0.3566666666666667,1.0,1.2246467991473532e-16,-1.0,0,0,0.1,188,0,0,0,0,0,0,1,0,0,0,0,0.08533333333333333,0,0,0,0,0,0.0,0,0,0.0,0
invictus_enriched.csv:2241,bert-jan,2023-07-10 12:16:08+00:00,0,1,0.8,2,1,0.9969444444444444,0,0.3597222222222222,1.0,1.2246467991473532e-16,-1.0,0,0,0.1,188,0,0,0,0,0,0,1,0,0,0,0,0.08533333333333333,0,0,0,0,0,0.0,0,0,0.0,0
invictus_enriched.csv:2248,bert-jan,2023-07-10 12:16:18+00:00,0,1,0.8,2,1,0.9972222222222222,0,0.3625,1.0,1.2246467991473532e-16,-1.0,0,0,0.1,188,0,0,0,0,0,0,1,0,0,0,0,0.08533333333333333,0,0,0,0,0,0.0,0,0,0.0,0
invictus_enriched.csv:2249,bert-jan,2023-07-10 12:16:29+00:00,0,1,0.8,2,1,0.9969444444444444,0,0.3655555555555556,1.0,1.2246467991473532e-16,-1.0,0,0,0.1,188,0,0,0,0,0,0,1,0,0,0,0,0.08533333333333333,0,0,0,0,0,0.0,0,0,0.0,0
invictus_enriched.csv:2250,bert-jan,2023-07-10 12:16:39+00:00,0,1,0.8,2,1,0.9972222222222222,0,0.36833333333333335,1.0,1.2246467991473532e-16,-1.0,0,0,0.1,188,0,0,0,0,0,0,1,0,0,0,0,0.08533333333333333,0,0,0,0,0,0.0,0,0,0.0,0
invictus_enriched.csv:2251,bert-jan,2023-07-10 12:16:50+00:00,0,1,0.8,2,1,0.9969444444444444,0,0.3713888888888889,1.0,1.2246467991473532e-16,-1.0,0,0,0.1,188,0,0,0,0,0,0,1,0,0,0,0,0.08533333333333333,0,0,0,0,0,0.0,0,0,0.0,0
invictus_enriched.csv:2252,bert-jan,2023-07-10 12:17:00+00:00,0,1,0.8,2,1,0.9972222222222222,0,0.37416666666666665,1.0,1.2246467991473532e-16,-1.0,0,0,0.1,188,0,0,0,0,0,0,1,0,0,0,0,0.08533333333333333,0,0,0,0,0,0.0,0,0,0.0,0
invictus_enriched.csv:2253,bert-jan,2023-07-10 12:17:11+00:00,0,1,0.8,2,1,0.9969444444444444,0,0.37722222222222224,1.0,1.2246467991473532e-16,-1.0,0,0,0.1,188,0,0,0,0,0,0,1,0,0,0,0,0.08533333333333333,0,0,0,0,0,0.0,0,0,0.0,0
invictus_enriched.csv:2254,bert-jan,2023-07-10 12:17:21+00:00,0,1,0.8,2,1,0.9972222222222222,0,0.38,1.0,1.2246467991473532e-16,-1.0,0,0,0.1,188,0,0,0,0,0,0,1,0,0,0,0,0.08533333333333333,0,0,0,0,0,0.0,0,0,0.0,0
invictus_enriched.csv:2255,bert-jan,2023-07-10 12:17:32+00:00,0,1,0.8,2,1,0.9969444444444444,0,0.38305555555555554,1.0,1.2246467991473532e-16,-1.0,0,0,0.1,188,0,0,0,0,0,0,1,0,0,0,0,0.08533333333333333,0,0,0,0,0,0.0,0,0,0.0,0
invictus_enriched.csv:2256,bert-jan,2023-07-10 12:17:42+00:00,0,1,0.8,2,1,0.9972222222222222,0,0.3858333333333333,1.0,1.2246467991473532e-16,-1.0,0,0,0.1,188,0,0,0,0,0,0,1,0,0,0,0,0.08533333333333333,0,0,0,0,0,0.0,0,0,0.0,0
invictus_enriched.csv:2259,bert-jan,2023-07-10 12:17:53+00:00,0,1,0.8,2,1,0.9969444444444444,0,0.3888888888888889,1.0,1.2246467991473532e-16,-1.0,0,0,0.1,188,0,0,0,0,0,0,1,0,0,0,0,0.08533333333333333,0,0,0,0,0,0.0,0,0,0.0,0
invictus_enriched.csv:2260,bert-jan,2023-07-10 12:18:03+00:00,0,1,0.8,2,1,0.9972222222222222,0,0.39166666666666666,1.0,1.2246467991473532e-16,-1.0,0,0,0.1,188,0,0,0,0,0,0,1,0,0,0,0,0.08533333333333333,0,0,0,0,0,0.0,0,0,0.0,0
invictus_enriched.csv:2261,bert-jan,2023-07-10 12:18:14+00:00,0,1,0.8,2,1,0.9969444444444444,0,0.3947222222222222,1.0,1.2246467991473532e-16,-1.0,0,0,0.1,188,0,0,0,0,0,0,1,0,0,0,0,0.08533333333333333,0,0,0,0,0,0.0,0,0,0.0,0
invictus_enriched.csv:2262,bert-jan,2023-07-10 12:18:24+00:00,0,1,0.8,2,1,0.9972222222222222,0,0.3975,1.0,1.2246467991473532e-16,-1.0,0,0,0.1,188,0,0,0,0,0,0,1,0,0,0,0,0.08533333333333333,0,0,0,0,0,0.0,0,0,0.0,0
invictus_enriched.csv:2263,bert-jan,2023-07-10 12:18:30+00:00,0,0,0.8,2,1,0.9983333333333333,0,0.39916666666666667,1.0,1.2246467991473532e-16,-1.0,0,0,0.1,10,0,0,0,0,0,0,1,0,0,0,1,0.196,0,0,0,0,0,0.0,0,0,0.0,0
invictus_enriched.csv:2264,bert-jan,2023-07-10 12:18:30+00:00,0,0,0.8,2,1,1.0,0,0.39916666666666667,1.0,1.2246467991473532e-16,-1.0,0,0,0.1,10,0,0,0,0,0,0,1,0,0,0,0,0.19466666666666665,0,0,0,0,0,0.0,0,0,0.0,0
invictus_enriched.csv:2265,bert-jan,2023-07-10 12:18:35+00:00,0,1,0.8,2,1,0.9986111111111111,0,0.40055555555555555,1.0,1.2246467991473532e-16,-1.0,0,0,0.1,188,0,0,0,0,0,0,1,0,0,0,0,0.08533333333333333,0,0,0,0,0,0.0,0,0,0.0,0
invictus_enriched.csv:2267,bert-jan,2023-07-10 12:18:45+00:00,0,1,0.8,2,1,0.9972222222222222,0,0.4033333333333333,1.0,1.2246467991473532e-16,-1.0,0,0,0.1,188,0,0,0,0,0,0,1,0,0,0,0,0.08533333333333333,0,0,0,0,0,0.0,0,0,0.0,0
invictus_enriched.csv:2268,bert-jan,2023-07-10 12:18:56+00:00,0,1,0.8,2,1,0.9969444444444444,0,0.4063888888888889,1.0,1.2246467991473532e-16,-1.0,0,0,0.1,188,0,0,0,0,0,0,1,0,0,0,0,0.08533333333333333,0,0,0,0,0,0.0,0,0,0.0,0
invictus_enriched.csv:2269,bert-jan,2023-07-10 12:19:06+00:00,0,1,0.8,2,1,0.9972222222222222,0,0.4091666666666667,1.0,1.2246467991473532e-16,-1.0,0,0,0.1,188,0,0,0,0,0,0,1,0,0,0,0,0.08533333333333333,0,0,0,0,0,0.0,0,0,0.0,0
invictus_enriched.csv:2270,bert-jan,2023-07-10 12:19:17+00:00,0,1,0.8,2,1,0.9969444444444444,0,0.4122222222222222,1.0,1.2246467991473532e-16,-1.0,0,0,0.1,188,0,0,0,0,0,0,1,0,0,0,0,0.08533333333333333,0,0,0,0,0,0.0,0,0,0.0,0
invictus_enriched.csv:2271,bert-jan,2023-07-10 12:19:27+00:00,0,1,0.8,2,1,0.9972222222222222,0,0.415,1.0,1.2246467991473532e-16,-1.0,0,0,0.1,188,0,0,0,0,0,0,1,0,0,0,0,0.08533333333333333,0,0,0,0,0,0.0,0,0,0.0,0
invictus_enriched.csv:2272,bert-jan,2023-07-10 12:19:38+00:00,0,1,0.8,2,1,0.9969444444444444,0,0.41805555555555557,1.0,1.2246467991473532e-16,-1.0,0,0,0.1,188,0,0,0,0,0,0,1,0,0,0,0,0.08533333333333333,0,0,0,0,0,0.0,0,0,0.0,0
invictus_enriched.csv:2273,bert-jan,2023-07-10 12:19:38+00:00,0,1,0.8,2,1,1.0,0,0.41805555555555557,1.0,1.2246467991473532e-16,-1.0,0,0,0.1,188,0,0,0,0,0,0,1,0,0,0,0,0.08533333333333333,0,0,0,0,0,0.0,0,0,0.0,0
invictus_enriched.csv:2274,bert-jan,2023-07-10 12:19:38+00:00,0,1,0.8,2,1,1.0,0,0.41805555555555557,1.0,1.2246467991473532e-16,-1.0,0,0,0.1,87,0,0,0,0,0,0,1,0,0,0,0,0.12533333333333332,0,0,0,0,0,0.0,0,0,0.0,0
invictus_enriched.csv:2275,bert-jan,2023-07-10 12:19:39+00:00,0,1,0.8,2,1,0.9997222222222222,1,0.41833333333333333,1.0,1.2246467991473532e-16,-1.0,0,0,0.1,189,0,1,0,0,0,0,0,0,0,0,0,0.21066666666666667,0,0,0,0,0,0.0,0,0,0.0,0
invictus_enriched.csv:2276,bert-jan,2023-07-10 12:20:09+00:00,0,1,0.8,2,1,0.9916666666666667,1,0.4266666666666667,1.0,1.2246467991473532e-16,-1.0,0,0,0.1,190,0,0,0,0,0,0,1,0,0,0,0,0.11733333333333333,0,0,0,0,0,0.0,0,0,0.0,0
invictus_enriched.csv:2277,bert-jan,2023-07-10 12:20:20+00:00,0,1,0.8,2,1,0.9969444444444444,0,0.4297222222222222,1.0,1.2246467991473532e-16,-1.0,0,0,0.1,190,0,0,0,0,0,0,1,0,0,0,0,0.11733333333333333,0,0,0,0,0,0.0,0,0,0.0,0
invictus_enriched.csv:2278,bert-jan,2023-07-10 12:20:30+00:00,0,1,0.8,2,1,0.9972222222222222,0,0.4325,1.0,1.2246467991473532e-16,-1.0,0,0,0.1,190,0,0,0,0,0,0,1,0,0,0,0,0.11733333333333333,0,0,0,0,0,0.0,0,0,0.0,0
invictus_enriched.csv:2279,bert-jan,2023-07-10 12:20:41+00:00,0,1,0.8,2,1,0.9969444444444444,0,0.43555555555555553,1.0,1.2246467991473532e-16,-1.0,0,0,0.1,190,0,0,0,0,0,0,1,0,0,0,0,0.11733333333333333,0,0,0,0,0,0.0,0,0,0.0,0
invictus_enriched.csv:2280,bert-jan,2023-07-10 12:20:51+00:00,0,1,0.8,2,1,0.9972222222222222,0,0.43833333333333335,1.0,1.2246467991473532e-16,-1.0,0,0,0.1,190,0,0,0,0,0,0,1,0,0,0,0,0.11733333333333333,0,0,0,0,0,0.0,0,0,0.0,0
invictus_enriched.csv:2281,bert-jan,2023-07-10 12:21:02+00:00,0,1,0.8,2,1,0.9969444444444444,0,0.4413888888888889,1.0,1.2246467991473532e-16,-1.0,0,0,0.1,190,0,0,0,0,0,0,1,0,0,0,0,0.11733333333333333,0,0,0,0,0,0.0,0,0,0.0,0
invictus_enriched.csv:2282,bert-jan,2023-07-10 12:21:12+00:00,0,1,0.8,2,1,0.9972222222222222,0,0.44416666666666665,1.0,1.2246467991473532e-16,-1.0,0,0,0.1,190,0,0,0,0,0,0,1,0,0,0,0,0.11733333333333333,0,0,0,0,0,0.0,0,0,0.0,0
invictus_enriched.csv:2283,bert-jan,2023-07-10 12:21:22+00:00,0,1,0.8,2,1,0.9972222222222222,0,0.4469444444444444,1.0,1.2246467991473532e-16,-1.0,0,0,0.1,190,0,0,0,0,0,0,1,0,0,0,0,0.11733333333333333,0,0,0,0,0,0.0,0,0,0.0,0
invictus_enriched.csv:2284,bert-jan,2023-07-10 12:21:33+00:00,0,1,0.8,2,1,0.9969444444444444,0,0.45,1.0,1.2246467991473532e-16,-1.0,0,0,0.1,190,0,0,0,0,0,0,1,0,0,0,0,0.11733333333333333,0,0,0,0,0,0.0,0,0,0.0,0
invictus_enriched.csv:2285,bert-jan,2023-07-10 12:21:43+00:00,0,1,0.8,2,1,0.9972222222222222,0,0.4527777777777778,1.0,1.2246467991473532e-16,-1.0,0,0,0.1,190,0,0,0,0,0,0,1,0,0,0,0,0.11733333333333333,0,0,0,0,0,0.0,0,0,0.0,0
invictus_enriched.csv:2286,bert-jan,2023-07-10 12:21:54+00:00,0,1,0.8,2,1,0.9969444444444444,0,0.4558333333333333,1.0,1.2246467991473532e-16,-1.0,0,0,0.1,190,0,0,0,0,0,0,1,0,0,0,0,0.11733333333333333,0,0,0,0,0,0.0,0,0,0.0,0
invictus_enriched.csv:2287,bert-jan,2023-07-10 12:22:04+00:00,0,1,0.8,2,1,0.9972222222222222,0,0.45861111111111114,1.0,1.2246467991473532e-16,-1.0,0,0,0.1,190,0,0,0,0,0,0,1,0,0,0,0,0.11733333333333333,0,0,0,0,0,0.0,0,0,0.0,0
invictus_enriched.csv:2288,bert-jan,2023-07-10 12:22:05+00:00,0,1,0.8,2,1,0.9997222222222222,0,0.4588888888888889,1.0,1.2246467991473532e-16,-1.0,0,0,0.1,190,0,0,0,0,0,0,1,0,0,0,0,0.11733333333333333,0,0,0,0,0,0.0,0,0,0.0,0
invictus_enriched.csv:2289,bert-jan,2023-07-10 12:22:05+00:00,0,1,0.8,2,1,1.0,0,0.4588888888888889,1.0,1.2246467991473532e-16,-1.0,0,0,0.1,87,0,0,0,0,0,0,1,0,0,0,0,0.10133333333333333,0,0,0,0,0,0.0,0,0,0.0,0
invictus_enriched.csv:2290,bert-jan,2023-07-10 12:22:06+00:00,0,1,0.8,2,1,0.9997222222222222,1,0.45916666666666667,1.0,1.2246467991473532e-16,-1.0,0,0,0.1,191,0,1,0,0,0,0,0,0,0,0,0,0.13466666666666666,0,0,0,0,0,0.0,0,0,0.0,0
invictus_enriched.csv:2291,bert-jan,2023-07-10 12:22:28+00:00,0,1,0.8,2,1,0.9938888888888889,0,0.4652777777777778,1.0,1.2246467991473532e-16,-1.0,0,0,0.1,21,3,0,0,0,0,0,1,0,0,0,0,0.064,0,0,0,0,0,0.0,0,0,0.0,0
invictus_enriched.csv:2292,bert-jan,2023-07-10 12:22:33+00:00,0,1,0.8,2,1,0.9986111111111111,0,0.4666666666666667,1.0,1.2246467991473532e-16,-1.0,0,0,0.1,23,1,0,0,0,0,1,1,0,0,0,0,0.0026666666666666666,0,0,0,0,0,0.0,0,0,0.0,0
invictus_enriched.csv:2293,bert-jan,2023-07-10 12:22:33+00:00,0,1,0.8,2,1,1.0,0,0.4666666666666667,1.0,1.2246467991473532e-16,-1.0,0,0,0.1,23,1,0,0,0,0,1,1,0,0,0,0,0.0026666666666666666,0,0,0,0,0,0.0,0,0,0.0,0
invictus_enriched.csv:2294,bert-jan,2023-07-10 12:22:34+00:00,0,1,0.8,2,1,0.9997222222222222,0,0.46694444444444444,1.0,1.2246467991473532e-16,-1.0,0,0,0.1,93,4,0,0,1,0,0,1,0,0,0,0,0.168,0,0,0,0,0,0.0,0,0,0.0,0
invictus_enriched.csv:2295,bert-jan,2023-07-10 12:22:34+00:00,0,1,0.8,2,1,1.0,0,0.46694444444444444,1.0,1.2246467991473532e-16,-1.0,0,0,0.1,92,4,1,0,0,0,0,0,0,0,0,0,0.18,0,0,0,0,0,0.0,0,0,0.0,0
invictus_enriched.csv:2296,bert-jan,2023-07-10 12:22:35+00:00,0,1,0.8,2,1,0.9997222222222222,0,0.4672222222222222,1.0,1.2246467991473532e-16,-1.0,0,0,0.1,95,4,1,0,0,0,0,0,0,0,0,0,0.336,0,0,0,0,1,0.0,0,0,0.0,0
invictus_enriched.csv:2297,bert-jan,2023-07-10 12:22:36+00:00,0,1,0.8,2,1,0.9997222222222222,0,0.4675,1.0,1.2246467991473532e-16,-1.0,0,0,0.1,96,4,0,0,1,0,0,1,0,0,0,0,0.168,0,0,0,0,0,0.0,0,0,0.0,0
invictus_enriched.csv:2298,bert-jan,2023-07-10 12:22:36+00:00,0,1,0.8,2,1,1.0,0,0.4675,1.0,1.2246467991473532e-16,-1.0,0,0,0.1,4,4,0,0,0,0,0,1,0,0,0,0,0.16266666666666665,0,0,0,0,0,0.0,0,0,0.0,0
invictus_enriched.csv:2299,bert-jan,2023-07-10 12:22:36+00:00,0,1,0.8,2,1,1.0,0,0.4675,1.0,1.2246467991473532e-16,-1.0,0,0,0.1,97,4,0,0,1,0,0,1,0,0,0,0,0.164,0,0,0,0,0,0.0,0,0,0.0,0
invictus_enriched.csv:2300,bert-jan,2023-07-10 12:22:37+00:00,0,1,0.8,2,1,0.9997222222222222,0,0.4677777777777778,1.0,1.2246467991473532e-16,-1.0,0,0,0.1,98,4,0,0,0,0,0,1,0,0,0,0,0.172,0,0,0,0,0,0.0,0,0,0.0,0
invictus_enriched.csv:2301,bert-jan,2023-07-10 12:22:37+00:00,0,1,0.8,2,1,1.0,0,0.4677777777777778,1.0,1.2246467991473532e-16,-1.0,0,0,0.1,99,4,0,0,0,0,0,1,0,0,0,0,0.172,0,0,0,0,0,0.0,0,0,0.0,0
invictus_enriched.csv:2302,bert-jan,2023-07-10 12:22:38+00:00,0,1,0.8,2,1,0.9997222222222222,0,0.46805555555555556,1.0,1.2246467991473532e-16,-1.0,0,0,0.1,101,4,0,0,0,0,0,1,0,0,0,0,0.17733333333333334,0,0,0,0,0,0.0,0,0,0.0,0
invictus_enriched.csv:2303,bert-jan,2023-07-10 12:22:38+00:00,0,1,0.8,2,1,1.0,0,0.46805555555555556,1.0,1.2246467991473532e-16,-1.0,0,0,0.1,2,4,0,0,0,0,0,1,0,0,0,0,0.168,0,0,0,0,0,0.0,0,0,0.0,0
invictus_enriched.csv:2304,bert-jan,2023-07-10 12:22:38+00:00,0,1,0.8,2,1,1.0,0,0.46805555555555556,1.0,1.2246467991473532e-16,-1.0,0,0,0.1,100,4,0,0,1,0,0,1,0,0,0,0,0.17066666666666666,0,0,0,0,0,0.0,0,0,0.0,0
invictus_enriched.csv:2305,bert-jan,2023-07-10 12:22:39+00:00,0,1,0.8,2,1,0.9997222222222222,0,0.4683333333333333,1.0,1.2246467991473532e-16,-1.0,0,0,0.1,102,4,0,0,1,0,0,1,0,0,0,0,0.17333333333333334,0,0,0,0,0,0.0,0,0,0.0,0
invictus_enriched.csv:2306,bert-jan,2023-07-10 12:22:39+00:00,0,1,0.8,2,1,1.0,0,0.4683333333333333,1.0,1.2246467991473532e-16,-1.0,0,0,0.1,103,4,0,0,0,0,0,1,0,0,0,0,0.172,0,0,0,0,0,0.0,0,0,0.0,0
invictus_enriched.csv:2307,bert-jan,2023-07-10 12:22:40+00:00,0,1,0.8,2,1,0.9997222222222222,0,0.4686111111111111,1.0,1.2246467991473532e-16,-1.0,0,0,0.1,104,4,0,0,1,0,0,1,0,0,0,0,0.17333333333333334,0,0,0,0,0,0.0,0,0,0.0,0
invictus_enriched.csv:2308,bert-jan,2023-07-10 12:22:40+00:00,0,1,0.8,2,1,1.0,0,0.4686111111111111,1.0,1.2246467991473532e-16,-1.0,0,0,0.1,93,4,0,0,0,0,0,1,0,0,0,0,0.168,0,0,0,0,0,0.0,0,0,0.0,0
invictus_enriched.csv:2309,bert-jan,2023-07-10 12:22:41+00:00,0,1,0.8,2,1,0.9997222222222222,0,0.4688888888888889,1.0,1.2246467991473532e-16,-1.0,0,0,0.1,94,4,1,0,0,0,0,0,0,0,0,0,0.604,0,0,0,0,1,0.0,0,0,0.0,1
invictus_enriched.csv:2312,bert-jan,2023-07-10 12:22:58+00:00,0,1,0.8,2,1,0.9952777777777778,0,0.4736111111111111,1.0,1.2246467991473532e-16,-1.0,0,0,0.1,21,3,0,0,0,0,0,1,0,0,0,0,0.064,0,0,0,0,0,0.0,0,0,0.0,0
invictus_enriched.csv:2313,bert-jan,2023-07-10 12:23:04+00:00,0,1,0.8,2,1,0.9983333333333333,0,0.4752777777777778,1.0,1.2246467991473532e-16,-1.0,0,0,0.1,23,1,0,0,0,0,1,1,0,0,0,0,0.0026666666666666666,0,0,0,0,0,0.0,0,0,0.0,0
invictus_enriched.csv:2314,bert-jan,2023-07-10 12:23:04+00:00,0,1,0.8,2,1,1.0,0,0.4752777777777778,1.0,1.2246467991473532e-16,-1.0,0,0,0.2,22,2,0,0,0,0,0,1,0,1,0,0,0.0026666666666666666,0,0,0,0,0,0.0,0,0,0.0,0
invictus_enriched.csv:2315,bert-jan,2023-07-10 12:23:05+00:00,0,1,0.8,2,1,0.9997222222222222,0,0.47555555555555556,1.0,1.2246467991473532e-16,-1.0,0,0,0.1,23,1,0,0,0,0,1,1,0,0,0,0,0.06666666666666667,0,0,0,0,0,0.0,0,0,0.0,0
invictus_enriched.csv:2316,bert-jan,2023-07-10 12:23:05+00:00,0,1,0.8,2,1,1.0,1,0.47555555555555556,1.0,1.2246467991473532e-16,-1.0,0,0,0.7,192,1,1,0,0,0,1,0,0,0,0,0,0.084,0,0,0,0,0,0.0,0,0,0.0,1
invictus_enriched.csv:2317,bert-jan,2023-07-10 12:23:05+00:00,0,1,0.8,2,1,1.0,0,0.47555555555555556,1.0,1.2246467991473532e-16,-1.0,0,0,0.1,23,1,0,0,0,0,1,1,0,0,0,0,0.0026666666666666666,0,0,0,0,0,0.0,0,0,0.0,0
invictus_enriched.csv:2318,bert-jan,2023-07-10 12:23:06+00:00,0,1,0.8,2,1,0.9997222222222222,1,0.47583333333333333,1.0,1.2246467991473532e-16,-1.0,0,0,0.8,193,1,1,0,0,0,1,0,0,0,0,0,0.10933333333333334,0,0,0,0,0,0.0,0,0,0.0,1
invictus_enriched.csv:2320,bert-jan,2023-07-10 12:23:30+00:00,0,0,0.8,2,1,0.9933333333333333,0,0.4825,1.0,1.2246467991473532e-16,-1.0,0,0,0.1,10,0,0,0,0,0,0,1,0,0,0,1,0.196,0,0,0,0,0,0.0,0,0,0.0,0
invictus_enriched.csv:2321,bert-jan,2023-07-10 12:23:30+00:00,0,0,0.8,2,1,1.0,0,0.4825,1.0,1.2246467991473532e-16,-1.0,0,0,0.1,10,0,0,0,0,0,0,1,0,0,0,0,0.19466666666666665,0,0,0,0,0,0.0,0,0,0.0,0
invictus_enriched.csv:2322,bert-jan,2023-07-10 12:24:02+00:00,0,1,0.8,2,1,0.9911111111111112,0,0.4913888888888889,1.0,1.2246467991473532e-16,-1.0,0,0,0.1,21,3,0,0,0,0,0,1,0,0,0,0,0.064,0,0,0,0,0,0.0,0,0,0.0,0
invictus_enriched.csv:2323,bert-jan,2023-07-10 12:24:06+00:00,0,1,0.8,2,1,0.9988888888888889,0,0.4925,1.0,1.2246467991473532e-16,-1.0,0,0,0.1,23,1,0,0,0,0,1,1,0,0,0,0,0.0026666666666666666,0,0,0,0,0,0.0,0,0,0.0,0
invictus_enriched.csv:2324,bert-jan,2023-07-10 12:24:07+00:00,0,1,0.8,2,1,0.9997222222222222,0,0.49277777777777776,1.0,1.2246467991473532e-16,-1.0,0,0,0.1,23,1,0,0,0,0,1,1,0,0,0,0,0.0026666666666666666,0,0,0,0,0,0.0,0,0,0.0,0
invictus_enriched.csv:2325,bert-jan,2023-07-10 12:24:07+00:00,0,1,0.8,2,1,1.0,0,0.49277777777777776,1.0,1.2246467991473532e-16,-1.0,0,0,0.7,24,1,1,0,0,0,1,0,0,0,0,0,0.37466666666666665,0,0,0,0,0,0.2,0,0,0.6,1
invictus_enriched.csv:2326,bert-jan,2023-07-10 12:24:08+00:00,0,1,0.8,2,1,0.9997222222222222,0,0.4930555555555556,1.0,1.2246467991473532e-16,-1.0,0,0,0.1,26,1,0,0,0,0,1,1,0,0,0,0,0.064,0,0,0,0,0,0.0,0,0,0.0,0
invictus_enriched.csv:2327,bert-jan,2023-07-10 12:24:09+00:00,0,1,0.8,2,1,0.9997222222222222,0,0.49333333333333335,1.0,1.2246467991473532e-16,-1.0,0,0,0.1,27,1,0,0,0,0,1,1,0,0,0,0,0.064,0,0,0,0,1,0.0,0,0,0.0,0
invictus_enriched.csv:2328,bert-jan,2023-07-10 12:24:09+00:00,0,1,0.8,2,1,1.0,0,0.49333333333333335,1.0,1.2246467991473532e-16,-1.0,0,0,0.1,28,1,0,0,0,0,1,1,0,0,0,0,0.064,0,0,0,0,0,0.0,0,0,0.0,0
invictus_enriched.csv:2329,bert-jan,2023-07-10 12:24:10+00:00,0,1,0.8,2,1,0.9997222222222222,0,0.4936111111111111,1.0,1.2246467991473532e-16,-1.0,0,0,0.1,27,1,0,0,0,0,1,1,0,0,0,0,0.064,0,0,0,0,1,0.0,0,0,0.0,0
invictus_enriched.csv:2330,bert-jan,2023-07-10 12:24:10+00:00,0,1,0.8,2,1,1.0,0,0.4936111111111111,1.0,1.2246467991473532e-16,-1.0,0,0,0.1,42,1,1,0,0,0,1,0,0,0,0,0,0.144,0,0,0,0,1,0.0,0,0,1.0,1
invictus_enriched.csv:2331,bert-jan,2023-07-10 12:24:11+00:00,0,1,0.8,2,1,0.9997222222222222,1,0.4938888888888889,1.0,1.2246467991473532e-16,-1.0,0,0,1.0,195,1,1,0,0,0,1,0,0,0,0,0,0.6146666666666667,0,0,0,0,0,0.4,0,0,0.6,1
invictus_enriched.csv:2332,bert-jan,2023-07-10 12:24:22+00:00,0,1,0.8,2,1,0.9969444444444444,0,0.49694444444444447,1.0,1.2246467991473532e-16,-1.0,0,0,0.1,21,3,0,0,0,0,0,1,0,0,0,0,0.064,0,0,0,0,0,0.0,0,0,0.0,0
invictus_enriched.csv:2333,bert-jan,2023-07-10 12:24:26+00:00,0,1,0.8,2,1,0.9988888888888889,0,0.49805555555555553,1.0,1.2246467991473532e-16,-1.0,0,0,0.1,23,1,0,0,0,0,1,1,0,0,0,0,0.0026666666666666666,0,0,0,0,0,0.0,0,0,0.0,0
invictus_enriched.csv:2334,bert-jan,2023-07-10 12:24:27+00:00,0,1,0.8,2,1,0.9997222222222222,0,0.49833333333333335,1.0,1.2246467991473532e-16,-1.0,0,0,0.1,23,1,0,0,0,0,1,1,0,0,0,0,0.0026666666666666666,0,0,0,0,0,0.0,0,0,0.0,0
invictus_enriched.csv:2335,bert-jan,2023-07-10 12:24:28+00:00,0,1,0.8,2,1,0.9997222222222222,0,0.4986111111111111,1.0,1.2246467991473532e-16,-1.0,0,0,0.7,192,1,1,0,0,0,1,0,0,0,0,0,0.15333333333333332,0,0,0,0,0,0.0,0,0,0.0,1
invictus_enriched.csv:2336,bert-jan,2023-07-10 12:24:28+00:00,0,1,0.8,2,1,1.0,0,0.4986111111111111,1.0,1.2246467991473532e-16,-1.0,0,0,0.1,23,1,0,0,0,0,1,1,0,0,0,0,0.064,0,0,0,0,0,0.0,0,0,0.0,0
invictus_enriched.csv:2337,bert-jan,2023-07-10 12:24:29+00:00,0,1,0.8,2,1,0.9997222222222222,1,0.4988888888888889,1.0,1.2246467991473532e-16,-1.0,0,0,0.8,196,1,1,0,0,0,1,0,0,0,0,0,0.064,0,0,1,0,0,0.0,0,0,0.0,1
invictus_enriched.csv:2338,bert-jan,2023-07-10 12:24:49+00:00,0,1,0.8,2,1,0.9944444444444445,1,0.5044444444444445,1.0,1.2246467991473532e-16,-1.0,0,0,1.0,197,1,1,0,0,0,1,0,0,0,0,0,0.12533333333333332,0,0,0,0,1,0.0,0,0,1.0,1
invictus_enriched.csv:2339,bert-jan,2023-07-10 12:24:49+00:00,0,1,0.8,2,1,1.0,0,0.5044444444444445,1.0,1.2246467991473532e-16,-1.0,0,0,0.7,192,1,1,0,0,0,1,0,0,0,0,0,0.11733333333333333,0,0,0,0,0,0.0,0,0,0.0,1
invictus_enriched.csv:2340,bert-jan,2023-07-10 12:24:49+00:00,0,1,0.8,2,1,1.0,0,0.5044444444444445,1.0,1.2246467991473532e-16,-1.0,0,0,0.1,21,3,0,0,0,0,0,1,0,0,0,0,0.064,0,0,0,0,0,0.0,0,0,0.0,0
invictus_enriched.csv:2341,bert-jan,2023-07-10 12:24:50+00:00,0,1,0.8,2,1,0.9997222222222222,0,0.5047222222222222,1.0,1.2246467991473532e-16,-1.0,0,0,0.8,196,1,1,0,0,0,1,0,0,0,0,0,0.04533333333333334,0,0,1,0,0,0.0,0,0,0.0,1
invictus_enriched.csv:2342,bert-jan,2023-07-10 12:24:58+00:00,0,1,0.8,2,1,0.9977777777777778,0,0.5069444444444444,1.0,1.2246467991473532e-16,-1.0,0,0,0.1,21,3,0,0,0,0,0,1,0,0,0,0,0.064,0,0,0,0,0,0.0,0,0,0.0,0
invictus_enriched.csv:2343,bert-jan,2023-07-10 12:25:02+00:00,0,1,0.8,2,1,0.9988888888888889,0,0.5080555555555556,1.0,1.2246467991473532e-16,-1.0,0,0,0.1,23,1,0,0,0,0,1,1,0,0,0,0,0.0026666666666666666,0,0,0,0,0,0.0,0,0,0.0,0
invictus_enriched.csv:2344,bert-jan,2023-07-10 12:25:03+00:00,0,1,0.8,2,1,0.9997222222222222,0,0.5083333333333333,1.0,1.2246467991473532e-16,-1.0,0,0,0.1,23,1,0,0,0,0,1,1,0,0,0,0,0.0026666666666666666,0,0,0,0,0,0.0,0,0,0.0,0
invictus_enriched.csv:2345,bert-jan,2023-07-10 12:25:03+00:00,0,1,0.8,2,1,1.0,0,0.5083333333333333,1.0,1.2246467991473532e-16,-1.0,0,0,0.1,23,1,0,0,0,0,1,1,0,0,0,0,0.068,0,0,0,0,0,0.0,0,0,0.0,0
invictus_enriched.csv:2346,bert-jan,2023-07-10 12:25:03+00:00,0,1,0.8,2,1,1.0,0,0.5083333333333333,1.0,1.2246467991473532e-16,-1.0,0,0,0.7,192,1,1,0,0,0,1,0,0,0,0,0,0.15733333333333333,0,0,0,0,0,0.0,0,0,0.0,1
invictus_enriched.csv:2347,bert-jan,2023-07-10 12:25:04+00:00,0,1,0.8,2,1,0.9997222222222222,0,0.5086111111111111,1.0,1.2246467991473532e-16,-1.0,0,0,0.8,193,1,1,0,0,0,1,0,0,0,0,0,0.11066666666666666,0,0,0,0,0,0.0,0,0,0.0,1
invictus_enriched.csv:2348,bert-jan,2023-07-10 12:25:05+00:00,0,1,0.8,2,1,0.9997222222222222,0,0.5088888888888888,1.0,1.2246467991473532e-16,-1.0,0,0,0.2,22,2,0,0,0,0,0,1,0,1,0,0,0.0026666666666666666,0,0,0,0,0,0.0,0,0,0.0,0
invictus_enriched.csv:2349,bert-jan,2023-07-10 12:25:18+00:00,0,1,0.8,2,1,0.9963888888888889,0,0.5125,1.0,1.2246467991473532e-16,-1.0,0,0,0.1,21,3,0,0,0,0,0,1,0,0,0,0,0.064,0,0,0,0,0,0.0,0,0,0.0,0
invictus_enriched.csv:2350,bert-jan,2023-07-10 12:25:23+00:00,0,1,0.8,2,1,0.9986111111111111,0,0.5138888888888888,1.0,1.2246467991473532e-16,-1.0,0,0,0.1,23,1,0,0,0,0,1,1,0,0,0,0,0.0026666666666666666,0,0,0,0,0,0.0,0,0,0.0,0
invictus_enriched.csv:2351,bert-jan,2023-07-10 12:25:24+00:00,0,1,0.8,2,1,0.9997222222222222,0,0.5141666666666667,1.0,1.2246467991473532e-16,-1.0,0,0,0.1,26,1,0,0,0,0,1,1,0,0,0,0,0.06666666666666667,0,0,0,0,0,0.0,0,0,0.0,0
invictus_enriched.csv:2352,bert-jan,2023-07-10 12:25:24+00:00,0,1,0.8,2,1,1.0,0,0.5141666666666667,1.0,1.2246467991473532e-16,-1.0,0,0,0.7,24,1,1,0,0,0,1,0,0,0,0,0,0.5666666666666667,0,0,0,0,0,0.2,0,0,0.6,1
invictus_enriched.csv:2353,bert-jan,2023-07-10 12:25:24+00:00,0,1,0.8,2,1,1.0,0,0.5141666666666667,1.0,1.2246467991473532e-16,-1.0,0,0,0.1,92,4,1,0,0,0,0,0,0,0,0,0,0.21466666666666667,0,0,0,0,0,0.0,0,0,0.0,0
invictus_enriched.csv:2354,bert-jan,2023-07-10 12:25:24+00:00,0,1,0.8,2,1,1.0,0,0.5141666666666667,1.0,1.2246467991473532e-16,-1.0,0,0,0.1,23,1,0,0,0,0,1,1,0,0,0,0,0.0026666666666666666,0,0,0,0,0,0.0,0,0,0.0,0
invictus_enriched.csv:2355,bert-jan,2023-07-10 12:25:25+00:00,0,1,0.8,2,1,0.9997222222222222,0,0.5144444444444445,1.0,1.2246467991473532e-16,-1.0,0,0,0.1,93,4,0,0,1,0,0,1,0,0,0,0,0.20266666666666666,0,0,0,0,0,0.0,0,0,0.0,0
invictus_enriched.csv:2356,bert-jan,2023-07-10 12:25:25+00:00,0,1,0.8,2,1,1.0,0,0.5144444444444445,1.0,1.2246467991473532e-16,-1.0,0,0,0.1,28,1,0,0,0,0,1,1,0,0,0,0,0.06666666666666667,0,0,0,0,0,0.0,0,0,0.0,0
invictus_enriched.csv:2357,bert-jan,2023-07-10 12:25:25+00:00,0,1,0.8,2,1,1.0,0,0.5144444444444445,1.0,1.2246467991473532e-16,-1.0,0,0,0.1,95,4,1,0,0,0,0,0,0,0,0,0,0.37066666666666664,0,0,0,0,1,0.0,0,0,0.0,0
invictus_enriched.csv:2358,bert-jan,2023-07-10 12:25:26+00:00,0,1,0.8,2,1,0.9997222222222222,0,0.5147222222222222,1.0,1.2246467991473532e-16,-1.0,0,0,0.1,4,4,0,0,0,0,0,1,0,0,0,0,0.19733333333333333,0,0,0,0,0,0.0,0,0,0.0,0
invictus_enriched.csv:2359,bert-jan,2023-07-10 12:25:26+00:00,0,1,0.8,2,1,1.0,0,0.5147222222222222,1.0,1.2246467991473532e-16,-1.0,0,0,0.1,27,1,0,0,0,0,1,1,0,0,0,0,0.06666666666666667,0,0,0,0,1,0.0,0,0,0.0,0
invictus_enriched.csv:2360,bert-jan,2023-07-10 12:25:26+00:00,0,1,0.8,2,1,1.0,0,0.5147222222222222,1.0,1.2246467991473532e-16,-1.0,0,0,0.1,97,4,0,0,1,0,0,1,0,0,0,0,0.19866666666666666,0,0,0,0,0,0.0,0,0,0.0,0
invictus_enriched.csv:2361,bert-jan,2023-07-10 12:25:27+00:00,0,1,0.8,2,1,0.9997222222222222,0,0.515,1.0,1.2246467991473532e-16,-1.0,0,0,0.1,96,4,0,0,1,0,0,1,0,0,0,0,0.20266666666666666,0,0,0,0,0,0.0,0,0,0.0,0
invictus_enriched.csv:2362,bert-jan,2023-07-10 12:25:27+00:00,0,1,0.8,2,1,1.0,0,0.515,1.0,1.2246467991473532e-16,-1.0,0,0,0.1,99,4,0,0,0,0,0,1,0,0,0,0,0.20666666666666667,0,0,0,0,0,0.0,0,0,0.0,0
invictus_enriched.csv:2363,bert-jan,2023-07-10 12:25:27+00:00,0,1,0.8,2,1,1.0,0,0.515,1.0,1.2246467991473532e-16,-1.0,0,0,0.1,98,4,0,0,0,0,0,1,0,0,0,0,0.20666666666666667,0,0,0,0,0,0.0,0,0,0.0,0
invictus_enriched.csv:2364,bert-jan,2023-07-10 12:25:28+00:00,0,1,0.8,2,1,0.9997222222222222,0,0.5152777777777777,1.0,1.2246467991473532e-16,-1.0,0,0,0.1,2,4,0,0,0,0,0,1,0,0,0,0,0.20266666666666666,0,0,0,0,0,0.0,0,0,0.0,0
invictus_enriched.csv:2365,bert-jan,2023-07-10 12:25:28+00:00,0,1,0.8,2,1,1.0,0,0.5152777777777777,1.0,1.2246467991473532e-16,-1.0,0,0,0.1,101,4,0,0,0,0,0,1,0,0,0,0,0.212,0,0,0,0,0,0.0,0,0,0.0,0
invictus_enriched.csv:2366,bert-jan,2023-07-10 12:25:29+00:00,0,1,0.8,2,1,0.9997222222222222,0,0.5155555555555555,1.0,1.2246467991473532e-16,-1.0,0,0,0.1,100,4,0,0,1,0,0,1,0,0,0,0,0.20533333333333334,0,0,0,0,0,0.0,0,0,0.0,0
invictus_enriched.csv:2367,bert-jan,2023-07-10 12:25:29+00:00,0,1,0.8,2,1,1.0,0,0.5155555555555555,1.0,1.2246467991473532e-16,-1.0,0,0,0.1,103,4,0,0,0,0,0,1,0,0,0,0,0.20666666666666667,0,0,0,0,0,0.0,0,0,0.0,0
invictus_enriched.csv:2368,bert-jan,2023-07-10 12:25:29+00:00,0,1,0.8,2,1,1.0,0,0.5155555555555555,1.0,1.2246467991473532e-16,-1.0,0,0,0.1,102,4,0,0,1,0,0,1,0,0,0,0,0.208,0,0,0,0,0,0.0,0,0,0.0,0
invictus_enriched.csv:2369,bert-jan,2023-07-10 12:25:30+00:00,0,1,0.8,2,1,0.9997222222222222,0,0.5158333333333334,1.0,1.2246467991473532e-16,-1.0,0,0,0.1,104,4,0,0,1,0,0,1,0,0,0,0,0.208,0,0,0,0,0,0.0,0,0,0.0,0
invictus_enriched.csv:2370,bert-jan,2023-07-10 12:25:31+00:00,0,1,0.8,2,1,0.9997222222222222,0,0.5161111111111111,1.0,1.2246467991473532e-16,-1.0,0,0,0.1,93,4,0,0,0,0,0,1,0,0,0,0,0.20266666666666666,0,0,0,0,0,0.0,0,0,0.0,0
invictus_enriched.csv:2372,bert-jan,2023-07-10 12:25:33+00:00,0,1,0.8,2,1,0.9994444444444445,1,0.5166666666666667,1.0,1.2246467991473532e-16,-1.0,0,0,0.1,198,8,1,0,0,0,0,0,0,0,0,0,0.5586666666666666,0,0,0,0,0,0.0,0,0,0.0,0
invictus_enriched.csv:2373,bert-jan,2023-07-10 12:25:38+00:00,0,1,0.8,2,1,0.9986111111111111,1,0.5180555555555556,1.0,1.2246467991473532e-16,-1.0,0,0,0.1,199,8,0,0,0,0,0,1,0,0,0,0,0.06933333333333333,0,0,0,0,0,0.0,0,0,0.0,0
invictus_enriched.csv:2374,bert-jan,2023-07-10 12:25:38+00:00,0,1,0.8,2,1,1.0,0,0.5180555555555556,1.0,1.2246467991473532e-16,-1.0,0,0,0.1,199,8,0,0,0,0,0,1,0,0,0,0,0.06933333333333333,0,0,0,0,0,0.0,0,0,0.0,0
invictus_enriched.csv:2375,bert-jan,2023-07-10 12:25:39+00:00,0,1,0.8,2,1,0.9997222222222222,1,0.5183333333333333,1.0,1.2246467991473532e-16,-1.0,0,0,0.1,200,8,0,0,0,0,0,1,0,0,0,0,0.06933333333333333,0,0,0,0,0,0.0,0,0,0.0,0
invictus_enriched.csv:2376,bert-jan,2023-07-10 12:25:39+00:00,0,1,0.8,2,1,1.0,1,0.5183333333333333,1.0,1.2246467991473532e-16,-1.0,0,0,0.1,201,8,0,0,0,0,0,1,0,0,0,0,0.09466666666666666,0,0,0,0,0,0.0,0,0,0.0,0
invictus_enriched.csv:2377,bert-jan,2023-07-10 12:25:40+00:00,0,1,0.8,2,1,0.9997222222222222,1,0.5186111111111111,1.0,1.2246467991473532e-16,-1.0,0,0,0.1,202,8,1,0,0,0,0,0,0,0,0,0,0.176,0,0,0,0,0,0.0,0,0,0.0,0
invictus_enriched.csv:2378,bert-jan,2023-07-10 12:26:29+00:00,0,1,0.8,2,1,0.9863888888888889,0,0.5322222222222223,1.0,1.2246467991473532e-16,-1.0,0,0,0.1,21,3,0,0,0,0,0,1,0,0,0,0,0.064,0,0,0,0,0,0.0,0,0,0.0,0
invictus_enriched.csv:2379,bert-jan,2023-07-10 12:26:36+00:00,0,1,0.8,2,1,0.9980555555555556,0,0.5341666666666667,1.0,1.2246467991473532e-16,-1.0,0,0,0.1,23,1,0,0,0,0,1,1,0,0,0,0,0.0026666666666666666,0,0,0,0,0,0.0,0,0,0.0,0
invictus_enriched.csv:2380,bert-jan,2023-07-10 12:26:37+00:00,0,1,0.8,2,1,0.9997222222222222,0,0.5344444444444445,1.0,1.2246467991473532e-16,-1.0,0,0,0.7,24,1,1,0,0,0,1,0,0,0,0,0,0.464,0,0,0,0,0,0.2,0,0,0.6,1
invictus_enriched.csv:2381,bert-jan,2023-07-10 12:26:37+00:00,0,1,0.8,2,1,1.0,0,0.5344444444444445,1.0,1.2246467991473532e-16,-1.0,0,0,0.1,23,1,0,0,0,0,1,1,0,0,0,0,0.0026666666666666666,0,0,0,0,0,0.0,0,0,0.0,0
invictus_enriched.csv:2382,bert-jan,2023-07-10 12:26:37+00:00,0,1,0.8,2,1,1.0,0,0.5344444444444445,1.0,1.2246467991473532e-16,-1.0,0,0,0.1,92,4,1,0,0,0,0,0,0,0,0,0,0.196,0,0,0,0,0,0.0,0,0,0.0,0
invictus_enriched.csv:2383,bert-jan,2023-07-10 12:26:37+00:00,0,1,0.8,2,1,1.0,0,0.5344444444444445,1.0,1.2246467991473532e-16,-1.0,0,0,0.1,27,1,0,0,0,0,1,1,0,0,0,0,0.072,0,0,0,0,1,0.0,0,0,0.0,0
invictus_enriched.csv:2384,bert-jan,2023-07-10 12:26:37+00:00,0,1,0.8,2,1,1.0,0,0.5344444444444445,1.0,1.2246467991473532e-16,-1.0,0,0,0.1,28,1,0,0,0,0,1,1,0,0,0,0,0.072,0,0,0,0,0,0.0,0,0,0.0,0
invictus_enriched.csv:2385,bert-jan,2023-07-10 12:26:37+00:00,0,1,0.8,2,1,1.0,0,0.5344444444444445,1.0,1.2246467991473532e-16,-1.0,0,0,0.1,93,4,0,0,1,0,0,1,0,0,0,0,0.184,0,0,0,0,0,0.0,0,0,0.0,0
invictus_enriched.csv:2386,bert-jan,2023-07-10 12:26:37+00:00,0,1,0.8,2,1,1.0,0,0.5344444444444445,1.0,1.2246467991473532e-16,-1.0,0,0,0.1,26,1,0,0,0,0,1,1,0,0,0,0,0.072,0,0,0,0,0,0.0,0,0,0.0,0
invictus_enriched.csv:2387,bert-jan,2023-07-10 12:26:38+00:00,0,1,0.8,2,1,0.9997222222222222,0,0.5347222222222222,1.0,1.2246467991473532e-16,-1.0,0,0,0.1,98,4,0,0,0,0,0,1,0,0,0,0,0.188,0,0,0,0,0,0.0,0,0,0.0,0
invictus_enriched.csv:2388,bert-jan,2023-07-10 12:26:38+00:00,0,1,0.8,2,1,1.0,0,0.5347222222222222,1.0,1.2246467991473532e-16,-1.0,0,0,0.1,101,4,0,0,0,0,0,1,0,0,0,0,0.19333333333333333,0,0,0,0,0,0.0,0,0,0.0,0
invictus_enriched.csv:2389,bert-jan,2023-07-10 12:26:38+00:00,0,1,0.8,2,1,1.0,0,0.5347222222222222,1.0,1.2246467991473532e-16,-1.0,0,0,0.1,99,4,0,0,0,0,0,1,0,0,0,0,0.188,0,0,0,0,0,0.0,0,0,0.0,0
invictus_enriched.csv:2390,bert-jan,2023-07-10 12:26:38+00:00,0,1,0.8,2,1,1.0,0,0.5347222222222222,1.0,1.2246467991473532e-16,-1.0,0,0,0.1,96,4,0,0,1,0,0,1,0,0,0,0,0.184,0,0,0,0,0,0.0,0,0,0.0,0
invictus_enriched.csv:2391,bert-jan,2023-07-10 12:26:38+00:00,0,1,0.8,2,1,1.0,0,0.5347222222222222,1.0,1.2246467991473532e-16,-1.0,0,0,0.1,4,4,0,0,0,0,0,1,0,0,0,0,0.17866666666666667,0,0,0,0,0,0.0,0,0,0.0,0
invictus_enriched.csv:2392,bert-jan,2023-07-10 12:26:38+00:00,0,1,0.8,2,1,1.0,0,0.5347222222222222,1.0,1.2246467991473532e-16,-1.0,0,0,0.1,3,4,0,0,1,0,0,1,0,0,0,0,0.18266666666666667,0,0,0,0,0,0.0,0,0,0.0,0
invictus_enriched.csv:2393,bert-jan,2023-07-10 12:26:38+00:00,0,1,0.8,2,1,1.0,0,0.5347222222222222,1.0,1.2246467991473532e-16,-1.0,0,0,0.1,95,4,1,0,0,0,0,0,0,0,0,0,0.352,0,0,0,0,1,0.0,0,0,0.0,0
invictus_enriched.csv:2394,bert-jan,2023-07-10 12:26:38+00:00,0,1,0.8,2,1,1.0,0,0.5347222222222222,1.0,1.2246467991473532e-16,-1.0,0,0,0.1,97,4,0,0,1,0,0,1,0,0,0,0,0.18,0,0,0,0,0,0.0,0,0,0.0,0
invictus_enriched.csv:2395,bert-jan,2023-07-10 12:26:39+00:00,0,1,0.8,2,1,0.9997222222222222,0,0.535,1.0,1.2246467991473532e-16,-1.0,0,0,0.1,100,4,0,0,1,0,0,1,0,0,0,0,0.18666666666666668,0,0,0,0,0,0.0,0,0,0.0,0
invictus_enriched.csv:2396,bert-jan,2023-07-10 12:26:39+00:00,0,1,0.8,2,1,1.0,0,0.535,1.0,1.2246467991473532e-16,-1.0,0,0,0.1,104,4,0,0,1,0,0,1,0,0,0,0,0.18933333333333333,0,0,0,0,0,0.0,0,0,0.0,0
invictus_enriched.csv:2397,bert-jan,2023-07-10 12:26:39+00:00,0,1,0.8,2,1,1.0,0,0.535,1.0,1.2246467991473532e-16,-1.0,0,0,0.1,2,4,0,0,0,0,0,1,0,0,0,0,0.184,0,0,0,0,0,0.0,0,0,0.0,0
invictus_enriched.csv:2398,bert-jan,2023-07-10 12:26:39+00:00,0,1,0.8,2,1,1.0,0,0.535,1.0,1.2246467991473532e-16,-1.0,0,0,0.1,102,4,0,0,1,0,0,1,0,0,0,0,0.18933333333333333,0,0,0,0,0,0.0,0,0,0.0,0
invictus_enriched.csv:2399,bert-jan,2023-07-10 12:26:39+00:00,0,1,0.8,2,1,1.0,0,0.535,1.0,1.2246467991473532e-16,-1.0,0,0,0.1,93,4,0,0,0,0,0,1,0,0,0,0,0.184,0,0,0,0,0,0.0,0,0,0.0,0
invictus_enriched.csv:2400,bert-jan,2023-07-10 12:26:39+00:00,0,1,0.8,2,1,1.0,0,0.535,1.0,1.2246467991473532e-16,-1.0,0,0,0.1,103,4,0,0,0,0,0,1,0,0,0,0,0.188,0,0,0,0,0,0.0,0,0,0.0,0
invictus_enriched.csv:2401,bert-jan,2023-07-10 12:26:40+00:00,0,1,0.8,2,1,0.9997222222222222,0,0.5352777777777777,1.0,1.2246467991473532e-16,-1.0,0,0,0.1,198,8,1,0,1,0,0,0,0,0,0,0,0.5746666666666667,0,0,0,0,0,0.0,0,0,0.0,0
invictus_enriched.csv:2402,bert-jan,2023-07-10 12:26:41+00:00,0,1,0.8,2,1,0.9997222222222222,0,0.5355555555555556,1.0,1.2246467991473532e-16,-1.0,0,0,0.1,198,8,1,0,1,0,0,0,0,0,0,0,0.5746666666666667,0,0,0,0,0,0.0,0,0,0.0,0
invictus_enriched.csv:2403,bert-jan,2023-07-10 12:26:42+00:00,0,1,0.8,2,1,0.9997222222222222,0,0.5358333333333334,1.0,1.2246467991473532e-16,-1.0,0,0,0.1,198,8,1,0,1,0,0,0,0,0,0,0,0.5746666666666667,0,0,0,0,0,0.0,0,0,0.0,0
invictus_enriched.csv:2404,bert-jan,2023-07-10 12:26:44+00:00,0,1,0.8,2,1,0.9994444444444445,0,0.5363888888888889,1.0,1.2246467991473532e-16,-1.0,0,0,0.1,198,8,1,0,1,0,0,0,0,0,0,0,0.5746666666666667,0,0,0,0,0,0.0,0,0,0.0,0
invictus_enriched.csv:2405,bert-jan,2023-07-10 12:26:49+00:00,0,1,0.8,2,1,0.9986111111111111,0,0.5377777777777778,1.0,1.2246467991473532e-16,-1.0,0,0,0.1,199,8,0,0,0,0,0,1,0,0,0,0,0.07466666666666667,0,0,0,0,0,0.0,0,0,0.0,0
invictus_enriched.csv:2406,bert-jan,2023-07-10 12:26:49+00:00,0,1,0.8,2,1,1.0,0,0.5377777777777778,1.0,1.2246467991473532e-16,-1.0,0,0,0.1,198,8,1,0,0,0,0,0,0,0,0,0,0.5746666666666667,0,0,0,0,0,0.0,0,0,0.0,0
invictus_enriched.csv:2408,bert-jan,2023-07-10 12:26:54+00:00,0,1,0.8,2,1,0.9986111111111111,0,0.5391666666666667,1.0,1.2246467991473532e-16,-1.0,0,0,0.1,201,8,0,0,0,0,0,1,0,0,0,0,0.1,0,0,0,0,0,0.0,0,0,0.0,0
invictus_enriched.csv:2409,bert-jan,2023-07-10 12:26:54+00:00,0,1,0.8,2,1,1.0,0,0.5391666666666667,1.0,1.2246467991473532e-16,-1.0,0,0,0.1,199,8,0,0,0,0,0,1,0,0,0,0,0.07466666666666667,0,0,0,0,0,0.0,0,0,0.0,0
invictus_enriched.csv:2410,bert-jan,2023-07-10 12:26:54+00:00,0,1,0.8,2,1,1.0,0,0.5391666666666667,1.0,1.2246467991473532e-16,-1.0,0,0,0.1,199,8,0,0,0,0,0,1,0,0,0,0,0.07466666666666667,0,0,0,0,0,0.0,0,0,0.0,0
invictus_enriched.csv:2411,bert-jan,2023-07-10 12:26:54+00:00,0,1,0.8,2,1,1.0,0,0.5391666666666667,1.0,1.2246467991473532e-16,-1.0,0,0,0.1,200,8,0,0,0,0,0,1,0,0,0,0,0.07466666666666667,0,0,0,0,0,0.0,0,0,0.0,0
invictus_enriched.csv:2412,bert-jan,2023-07-10 12:26:56+00:00,0,1,0.8,2,1,0.9994444444444445,1,0.5397222222222222,1.0,1.2246467991473532e-16,-1.0,0,0,0.1,203,8,1,0,0,0,0,0,0,0,0,0,0.456,0,0,0,0,0,0.0,0,0,0.0,0
invictus_enriched.csv:2413,bert-jan,2023-07-10 12:27:04+00:00,0,1,0.8,2,1,0.9977777777777778,0,0.5419444444444445,1.0,1.2246467991473532e-16,-1.0,0,0,0.1,21,3,0,0,0,0,0,1,0,0,0,0,0.064,0,0,0,0,0,0.0,0,0,0.0,0
invictus_enriched.csv:2414,bert-jan,2023-07-10 12:27:10+00:00,0,1,0.8,2,1,0.9983333333333333,0,0.5436111111111112,1.0,1.2246467991473532e-16,-1.0,0,0,0.1,23,1,0,0,0,0,1,1,0,0,0,0,0.0026666666666666666,0,0,0,0,0,0.0,0,0,0.0,0
invictus_enriched.csv:2415,bert-jan,2023-07-10 12:27:11+00:00,0,1,0.8,2,1,0.9997222222222222,0,0.5438888888888889,1.0,1.2246467991473532e-16,-1.0,0,0,0.7,24,1,1,0,0,0,1,0,0,0,0,0,0.508,0,0,0,0,0,0.2,0,0,0.6,1
invictus_enriched.csv:2416,bert-jan,2023-07-10 12:27:11+00:00,0,1,0.8,2,1,1.0,0,0.5438888888888889,1.0,1.2246467991473532e-16,-1.0,0,0,0.1,23,1,0,0,0,0,1,1,0,0,0,0,0.0026666666666666666,0,0,0,0,0,0.0,0,0,0.0,0
invictus_enriched.csv:2417,bert-jan,2023-07-10 12:27:11+00:00,0,1,0.8,2,1,1.0,0,0.5438888888888889,1.0,1.2246467991473532e-16,-1.0,0,0,0.1,27,1,0,0,0,0,1,1,0,0,0,0,0.06666666666666667,0,0,0,0,1,0.0,0,0,0.0,0
invictus_enriched.csv:2418,bert-jan,2023-07-10 12:27:11+00:00,0,1,0.8,2,1,1.0,0,0.5438888888888889,1.0,1.2246467991473532e-16,-1.0,0,0,0.1,26,1,0,0,0,0,1,1,0,0,0,0,0.06666666666666667,0,0,0,0,0,0.0,0,0,0.0,0
invictus_enriched.csv:2419,bert-jan,2023-07-10 12:27:11+00:00,0,1,0.8,2,1,1.0,0,0.5438888888888889,1.0,1.2246467991473532e-16,-1.0,0,0,0.1,28,1,0,0,0,0,1,1,0,0,0,0,0.06666666666666667,0,0,0,0,0,0.0,0,0,0.0,0
invictus_enriched.csv:2421,bert-jan,2023-07-10 12:27:13+00:00,0,1,0.8,2,1,0.9994444444444445,1,0.5444444444444444,1.0,1.2246467991473532e-16,-1.0,0,0,0.1,204,0,1,0,0,0,0,0,0,0,0,0,0.352,0,0,0,0,0,0.0,0,0,0.0,0
invictus_enriched.csv:2422,bert-jan,2023-07-10 12:27:13+00:00,0,1,0.8,2,1,1.0,1,0.5444444444444444,1.0,1.2246467991473532e-16,-1.0,0,0,0.1,205,0,1,0,0,0,0,0,0,0,0,0,1.0,0,0,0,0,0,0.0,0,0,0.0,0
invictus_enriched.csv:2425,bert-jan,2023-07-10 12:27:31+00:00,0,1,0.8,2,0,0.9963888888888889,1,0.5358333333333334,0.22395023328149302,1.2246467991473532e-16,-1.0,0,0,0.1,206,0,1,0,0,0,0,0,0,0,0,0,0.0026666666666666666,0,0,0,0,0,0.0,0,0,0.0,0
invictus_enriched.csv:2427,bert-jan,2023-07-10 12:27:45+00:00,0,1,0.8,2,0,0.9911111111111112,1,0.5533333333333333,1.0,1.2246467991473532e-16,-1.0,0,0,0.1,194,0,1,0,0,0,0,0,0,0,0,0,0.0026666666666666666,0,0,0,0,0,0.0,0,0,0.0,0
invictus_enriched.csv:2428,bert-jan,2023-07-10 12:27:45+00:00,0,0,0.8,2,1,1.0,0,0.5533333333333333,1.0,1.2246467991473532e-16,-1.0,0,0,0.1,173,3,0,0,0,0,0,1,0,0,0,0,0.02266666666666667,0,0,0,0,0,0.0,0,0,0.0,0
invictus_enriched.csv:2431,bert-jan,2023-07-10 12:27:47+00:00,0,0,0.8,2,1,0.9994444444444445,0,0.5538888888888889,1.0,1.2246467991473532e-16,-1.0,0,0,0.1,176,3,0,0,0,0,0,1,0,0,0,0,0.07866666666666666,0,0,0,0,0,0.0,0,0,0.0,0
invictus_enriched.csv:2432,bert-jan,2023-07-10 12:27:47+00:00,0,0,0.8,2,1,1.0,0,0.5538888888888889,1.0,1.2246467991473532e-16,-1.0,0,0,0.1,21,3,0,0,0,0,0,1,0,0,0,0,0.17733333333333334,0,0,0,0,0,0.0,0,0,0.0,0
invictus_enriched.csv:2433,bert-jan,2023-07-10 12:27:47+00:00,0,0,0.8,2,1,1.0,0,0.5538888888888889,1.0,1.2246467991473532e-16,-1.0,0,0,0.1,43,3,0,0,0,0,0,1,0,0,0,0,0.08,0,0,0,0,0,0.0,0,0,0.0,0
invictus_enriched.csv:2434,bert-jan,2023-07-10 12:27:47+00:00,0,0,0.8,2,1,1.0,0,0.5538888888888889,1.0,1.2246467991473532e-16,-1.0,0,0,0.1,37,3,0,0,0,0,0,1,0,0,0,0,0.068,0,0,0,0,0,0.0,0,0,0.0,0
invictus_enriched.csv:2435,bert-jan,2023-07-10 12:27:47+00:00,0,0,0.8,2,1,1.0,0,0.5538888888888889,1.0,1.2246467991473532e-16,-1.0,0,0,0.1,45,3,0,0,0,0,0,1,0,0,0,0,0.07866666666666666,0,0,0,0,0,0.0,0,0,0.0,0
invictus_enriched.csv:2438,bert-jan,2023-07-10 12:27:49+00:00,0,0,0.8,2,1,0.9994444444444445,0,0.5544444444444444,1.0,1.2246467991473532e-16,-1.0,0,0,0.1,10,0,0,0,0,0,0,1,0,0,0,1,0.196,0,0,0,0,0,0.0,0,0,0.0,0
invictus_enriched.csv:2439,bert-jan,2023-07-10 12:27:49+00:00,0,0,0.8,2,1,1.0,0,0.5544444444444444,1.0,1.2246467991473532e-16,-1.0,0,0,0.1,10,0,0,0,0,0,0,1,0,0,0,0,0.19466666666666665,0,0,0,0,0,0.0,0,0,0.0,0
invictus_enriched.csv:2440,bert-jan,2023-07-10 12:27:50+00:00,0,0,0.8,2,1,0.9997222222222222,0,0.5547222222222222,1.0,1.2246467991473532e-16,-1.0,0,0,0.1,173,3,0,0,0,0,0,1,0,0,0,0,0.04933333333333333,0,0,0,0,0,0.0,0,0,0.0,0
invictus_enriched.csv:2441,bert-jan,2023-07-10 12:27:50+00:00,0,0,0.8,2,1,1.0,0,0.5547222222222222,1.0,1.2246467991473532e-16,-1.0,0,0,0.1,9,0,0,0,0,0,0,1,0,0,0,0,0.0026666666666666666,0,0,0,0,0,0.0,0,0,0.0,0
invictus_enriched.csv:2442,bert-jan,2023-07-10 12:27:50+00:00,0,0,0.8,2,1,1.0,0,0.5547222222222222,1.0,1.2246467991473532e-16,-1.0,0,0,0.1,175,0,0,0,0,0,0,1,0,0,0,0,0.029333333333333333,0,0,0,0,0,0.0,0,0,0.0,0
invictus_enriched.csv:2443,bert-jan,2023-07-10 12:27:54+00:00,0,0,0.8,2,1,0.9988888888888889,0,0.5558333333333333,1.0,1.2246467991473532e-16,-1.0,0,0,0.2,63,3,0,0,0,0,0,1,0,0,0,0,0.076,0,0,0,0,0,0.0,0,0,0.0,0
invictus_enriched.csv:2444,bert-jan,2023-07-10 12:27:54+00:00,0,0,0.8,2,1,1.0,0,0.5558333333333333,1.0,1.2246467991473532e-16,-1.0,0,0,0.1,66,3,0,0,0,0,0,1,0,0,0,0,0.072,0,0,0,0,0,0.0,0,0,0.0,0
invictus_enriched.csv:2445,bert-jan,2023-07-10 12:27:54+00:00,0,0,0.8,2,1,1.0,1,0.5558333333333333,1.0,1.2246467991473532e-16,-1.0,0,0,0.1,207,0,0,0,0,0,0,1,0,0,0,0,0.02266666666666667,0,0,0,0,0,0.0,0,0,0.0,0
invictus_enriched.csv:2446,bert-jan,2023-07-10 12:27:54+00:00,0,0,0.8,2,1,1.0,1,0.5558333333333333,1.0,1.2246467991473532e-16,-1.0,0,0,0.1,208,3,0,0,0,0,0,1,0,0,0,0,0.072,0,0,0,0,0,0.0,0,0,0.0,0
invictus_enriched.csv:2447,bert-jan,2023-07-10 12:27:54+00:00,0,0,0.8,2,1,1.0,0,0.5558333333333333,1.0,1.2246467991473532e-16,-1.0,0,0,0.1,21,3,0,0,0,0,0,1,0,0,0,0,0.064,0,0,0,0,0,0.0,0,0,0.0,0
invictus_enriched.csv:2448,bert-jan,2023-07-10 12:27:54+00:00,0,0,0.8,2,1,1.0,1,0.5558333333333333,1.0,1.2246467991473532e-16,-1.0,0,0,0.1,209,3,0,0,0,0,0,1,0,0,0,0,0.116,0,0,0,0,0,0.0,0,0,0.0,0
invictus_enriched.csv:2449,bert-jan,2023-07-10 12:27:54+00:00,0,0,0.8,2,1,1.0,1,0.5558333333333333,1.0,1.2246467991473532e-16,-1.0,0,0,0.1,210,0,0,0,0,0,0,1,0,0,0,0,0.025333333333333333,0,0,0,0,0,0.0,0,0,0.0,0
invictus_enriched.csv:2450,bert-jan,2023-07-10 12:27:54+00:00,0,0,0.8,2,1,1.0,0,0.5558333333333333,1.0,1.2246467991473532e-16,-1.0,0,0,0.1,35,3,0,0,0,0,0,1,0,0,0,0,0.08133333333333333,0,0,0,0,0,0.0,0,0,0.0,0
invictus_enriched.csv:2451,bert-jan,2023-07-10 12:27:54+00:00,0,0,0.8,2,1,1.0,1,0.5558333333333333,1.0,1.2246467991473532e-16,-1.0,0,0,0.1,211,3,0,0,0,0,0,1,0,0,0,0,0.092,0,0,0,0,0,0.0,0,0,0.0,0
invictus_enriched.csv:2452,bert-jan,2023-07-10 12:27:54+00:00,0,0,0.8,2,1,1.0,1,0.5558333333333333,1.0,1.2246467991473532e-16,-1.0,0,0,0.1,212,3,0,0,0,0,0,1,0,0,0,0,0.104,0,0,0,0,0,0.0,0,0,0.0,0
invictus_enriched.csv:2453,bert-jan,2023-07-10 12:27:54+00:00,0,0,0.8,2,1,1.0,0,0.5558333333333333,1.0,1.2246467991473532e-16,-1.0,0,0,0.1,207,0,0,0,0,0,0,1,0,0,0,0,0.02266666666666667,0,0,0,0,0,0.0,0,0,0.0,0
invictus_enriched.csv:2454,bert-jan,2023-07-10 12:27:54+00:00,0,0,0.8,2,1,1.0,1,0.5558333333333333,1.0,1.2246467991473532e-16,-1.0,0,0,0.1,213,3,0,0,0,0,0,1,0,0,0,0,0.06,0,0,0,0,0,0.0,0,0,0.0,0
invictus_enriched.csv:2455,bert-jan,2023-07-10 12:27:54+00:00,0,0,0.8,2,1,1.0,0,0.5558333333333333,1.0,1.2246467991473532e-16,-1.0,0,0,0.1,32,3,0,0,0,0,0,1,0,0,0,0,0.07466666666666667,0,0,0,0,0,0.0,0,0,0.0,0
invictus_enriched.csv:2456,bert-jan,2023-07-10 12:27:54+00:00,0,0,0.8,2,1,1.0,0,0.5558333333333333,1.0,1.2246467991473532e-16,-1.0,0,0,0.1,47,3,0,0,0,0,0,1,0,0,0,0,0.116,0,0,0,0,0,0.0,0,0,0.0,0
invictus_enriched.csv:2457,bert-jan,2023-07-10 12:27:54+00:00,0,0,0.8,2,1,1.0,1,0.5558333333333333,1.0,1.2246467991473532e-16,-1.0,0,0,0.1,214,3,0,0,0,0,0,1,0,0,0,0,0.07066666666666667,0,0,0,0,0,0.0,0,0,0.0,0
invictus_enriched.csv:2458,bert-jan,2023-07-10 12:27:54+00:00,0,0,0.8,2,1,1.0,0,0.5558333333333333,1.0,1.2246467991473532e-16,-1.0,0,0,0.1,158,3,0,0,0,0,0,1,0,0,0,0,0.17466666666666666,0,0,0,0,0,0.0,0,0,0.0,0
invictus_enriched.csv:2459,bert-jan,2023-07-10 12:27:55+00:00,0,0,0.8,2,1,0.9997222222222222,0,0.5561111111111111,1.0,1.2246467991473532e-16,-1.0,0,0,0.1,9,0,0,0,0,0,0,1,0,0,0,0,0.0026666666666666666,0,0,0,0,0,0.0,0,0,0.0,0
invictus_enriched.csv:2460,bert-jan,2023-07-10 12:27:55+00:00,0,0,0.8,2,1,1.0,0,0.5561111111111111,1.0,1.2246467991473532e-16,-1.0,0,0,0.1,10,0,0,0,0,0,0,1,0,0,0,0,0.19466666666666665,0,0,0,0,0,0.0,0,0,0.0,0
invictus_enriched.csv:2461,bert-jan,2023-07-10 12:27:55+00:00,0,0,0.8,2,1,1.0,0,0.5561111111111111,1.0,1.2246467991473532e-16,-1.0,0,0,0.1,10,0,0,0,0,0,0,1,0,0,0,1,0.196,0,0,0,0,0,0.0,0,0,0.0,0
invictus_enriched.csv:2462,bert-jan,2023-07-10 12:27:58+00:00,0,0,0.8,2,1,0.9991666666666666,0,0.5569444444444445,1.0,1.2246467991473532e-16,-1.0,0,0,0.1,35,3,0,0,0,0,0,1,0,0,0,0,0.08133333333333333,0,0,0,0,0,0.0,0,0,0.0,0
invictus_enriched.csv:2463,bert-jan,2023-07-10 12:27:58+00:00,0,0,0.8,2,1,1.0,0,0.5569444444444445,1.0,1.2246467991473532e-16,-1.0,0,0,0.1,35,3,0,0,0,0,0,1,0,0,0,0,0.08133333333333333,0,0,0,0,0,0.0,0,0,0.0,0
invictus_enriched.csv:2464,bert-jan,2023-07-10 12:27:58+00:00,0,0,0.8,2,1,1.0,1,0.5569444444444445,1.0,1.2246467991473532e-16,-1.0,0,0,0.1,215,3,0,0,0,0,0,1,0,0,0,0,0.11466666666666667,0,0,0,0,0,0.0,0,0,0.0,0
invictus_enriched.csv:2465,bert-jan,2023-07-10 12:27:58+00:00,0,0,0.8,2,1,1.0,1,0.5569444444444445,1.0,1.2246467991473532e-16,-1.0,0,0,0.1,216,3,0,0,0,0,0,1,0,0,0,0,0.07333333333333333,0,0,0,0,0,0.0,0,0,0.0,0
invictus_enriched.csv:2466,bert-jan,2023-07-10 12:27:58+00:00,0,0,0.8,2,1,1.0,0,0.5569444444444445,1.0,1.2246467991473532e-16,-1.0,0,0,0.1,59,3,0,0,0,0,0,1,0,0,0,0,0.06933333333333333,0,0,0,0,0,0.0,0,0,0.0,0
invictus_enriched.csv:2467,bert-jan,2023-07-10 12:27:58+00:00,0,0,0.8,2,1,1.0,0,0.5569444444444445,1.0,1.2246467991473532e-16,-1.0,0,0,0.1,59,3,0,0,0,0,0,1,0,0,0,0,0.06933333333333333,0,0,0,0,0,0.0,0,0,0.0,0
invictus_enriched.csv:2468,bert-jan,2023-07-10 12:27:58+00:00,0,0,0.8,2,1,1.0,0,0.5569444444444445,1.0,1.2246467991473532e-16,-1.0,0,0,0.1,64,3,0,0,0,0,0,1,0,0,0,0,0.16266666666666665,0,0,0,0,0,0.0,0,0,0.0,0
invictus_enriched.csv:2469,bert-jan,2023-07-10 12:27:58+00:00,0,0,0.8,2,1,1.0,0,0.5569444444444445,1.0,1.2246467991473532e-16,-1.0,0,0,0.1,216,3,0,0,0,0,0,1,0,0,0,0,0.07333333333333333,0,0,0,0,0,0.0,0,0,0.0,0
invictus_enriched.csv:2470,bert-jan,2023-07-10 12:27:58+00:00,0,0,0.8,2,1,1.0,0,0.5569444444444445,1.0,1.2246467991473532e-16,-1.0,0,0,0.1,215,3,0,0,0,0,0,1,0,0,0,0,0.18133333333333335,0,0,0,0,0,0.0,0,0,0.0,0
invictus_enriched.csv:2471,bert-jan,2023-07-10 12:27:58+00:00,0,0,0.8,2,1,1.0,0,0.5569444444444445,1.0,1.2246467991473532e-16,-1.0,0,0,0.1,215,3,0,0,0,0,0,1,0,0,0,0,0.11466666666666667,0,0,0,0,0,0.0,0,0,0.0,0
invictus_enriched.csv:2472,bert-jan,2023-07-10 12:27:58+00:00,0,0,0.8,2,1,1.0,0,0.5569444444444445,1.0,1.2246467991473532e-16,-1.0,0,0,0.1,35,3,0,0,0,0,0,1,0,0,0,0,0.13333333333333333,0,0,0,0,0,0.0,0,0,0.0,0
invictus_enriched.csv:2473,bert-jan,2023-07-10 12:27:58+00:00,0,0,0.8,2,1,1.0,0,0.5569444444444445,1.0,1.2246467991473532e-16,-1.0,0,0,0.1,216,3,0,0,0,0,0,1,0,0,0,0,0.14133333333333334,0,0,0,0,0,0.0,0,0,0.0,0
invictus_enriched.csv:2474,bert-jan,2023-07-10 12:28:08+00:00,0,0,0.8,2,1,0.9972222222222222,0,0.5597222222222222,1.0,1.2246467991473532e-16,-1.0,0,0,0.1,215,3,0,0,0,0,0,1,0,0,0,0,0.11466666666666667,0,0,0,0,0,0.0,0,0,0.0,0
invictus_enriched.csv:2475,bert-jan,2023-07-10 12:28:08+00:00,0,0,0.8,2,1,1.0,0,0.5597222222222222,1.0,1.2246467991473532e-16,-1.0,0,0,0.1,35,3,0,0,0,0,0,1,0,0,0,0,0.08133333333333333,0,0,0,0,0,0.0,0,0,0.0,0
invictus_enriched.csv:2476,bert-jan,2023-07-10 12:28:08+00:00,0,0,0.8,2,1,1.0,0,0.5597222222222222,1.0,1.2246467991473532e-16,-1.0,0,0,0.1,59,3,0,0,0,0,0,1,0,0,0,0,0.06933333333333333,0,0,0,0,0,0.0,0,0,0.0,0
invictus_enriched.csv:2477,bert-jan,2023-07-10 12:28:08+00:00,0,0,0.8,2,1,1.0,0,0.5597222222222222,1.0,1.2246467991473532e-16,-1.0,0,0,0.1,59,3,0,0,0,0,0,1,0,0,0,0,0.06933333333333333,0,0,0,0,0,0.0,0,0,0.0,0
invictus_enriched.csv:2478,bert-jan,2023-07-10 12:28:08+00:00,0,0,0.8,2,1,1.0,0,0.5597222222222222,1.0,1.2246467991473532e-16,-1.0,0,0,0.1,215,3,0,0,0,0,0,1,0,0,0,0,0.11466666666666667,0,0,0,0,0,0.0,0,0,0.0,0
invictus_enriched.csv:2479,bert-jan,2023-07-10 12:28:08+00:00,0,0,0.8,2,1,1.0,0,0.5597222222222222,1.0,1.2246467991473532e-16,-1.0,0,0,0.1,35,3,0,0,0,0,0,1,0,0,0,0,0.08133333333333333,0,0,0,0,0,0.0,0,0,0.0,0
invictus_enriched.csv:2480,bert-jan,2023-07-10 12:28:08+00:00,0,0,0.8,2,1,1.0,0,0.5597222222222222,1.0,1.2246467991473532e-16,-1.0,0,0,0.1,216,3,0,0,0,0,0,1,0,0,0,0,0.07333333333333333,0,0,0,0,0,0.0,0,0,0.0,0
invictus_enriched.csv:2481,bert-jan,2023-07-10 12:28:08+00:00,0,0,0.8,2,1,1.0,0,0.5597222222222222,1.0,1.2246467991473532e-16,-1.0,0,0,0.1,216,3,0,0,0,0,0,1,0,0,0,0,0.07333333333333333,0,0,0,0,0,0.0,0,0,0.0,0
invictus_enriched.csv:2482,bert-jan,2023-07-10 12:28:08+00:00,0,0,0.8,2,1,1.0,0,0.5597222222222222,1.0,1.2246467991473532e-16,-1.0,0,0,0.1,128,3,1,0,0,0,0,0,0,0,0,0,0.108,0,0,0,0,0,0.0,0,0,0.0,0
invictus_enriched.csv:2483,bert-jan,2023-07-10 12:28:16+00:00,0,0,0.8,2,1,0.9977777777777778,0,0.5619444444444445,1.0,1.2246467991473532e-16,-1.0,0,0,0.1,21,3,0,0,0,0,0,1,0,0,0,0,0.064,0,0,0,0,0,0.0,0,0,0.0,0
invictus_enriched.csv:2484,bert-jan,2023-07-10 12:28:18+00:00,0,0,0.8,2,1,0.9994444444444445,1,0.5625,1.0,1.2246467991473532e-16,-1.0,0,0,0.1,217,0,0,0,0,0,0,1,0,0,0,0,0.22133333333333333,0,0,0,0,0,0.0,0,0,0.0,0
invictus_enriched.csv:2485,bert-jan,2023-07-10 12:28:18+00:00,0,0,0.8,2,1,1.0,0,0.5625,1.0,1.2246467991473532e-16,-1.0,0,0,0.1,188,0,0,0,0,0,0,1,0,0,0,0,0.0026666666666666666,0,0,0,0,0,0.0,0,0,0.0,0
invictus_enriched.csv:2486,bert-jan,2023-07-10 12:28:19+00:00,0,0,0.8,2,1,0.9997222222222222,0,0.5627777777777778,1.0,1.2246467991473532e-16,-1.0,0,0,0.1,21,3,0,0,0,0,0,1,0,0,0,0,0.064,0,0,0,0,0,0.0,0,0,0.0,0
invictus_enriched.csv:2487,bert-jan,2023-07-10 12:28:19+00:00,0,0,0.8,2,1,1.0,1,0.5627777777777778,1.0,1.2246467991473532e-16,-1.0,0,0,0.1,218,0,0,0,0,0,0,1,0,0,0,0,0.0026666666666666666,0,0,0,0,0,0.0,0,0,0.0,0
invictus_enriched.csv:2488,bert-jan,2023-07-10 12:28:19+00:00,0,0,0.8,2,1,1.0,1,0.5627777777777778,1.0,1.2246467991473532e-16,-1.0,0,0,0.1,219,0,0,0,0,0,0,1,0,0,0,0,0.0026666666666666666,0,0,0,0,0,0.0,0,0,0.0,0
invictus_enriched.csv:2489,bert-jan,2023-07-10 12:28:19+00:00,0,0,0.8,2,1,1.0,1,0.5627777777777778,1.0,1.2246467991473532e-16,-1.0,0,0,0.1,220,0,0,0,0,0,0,1,0,0,0,0,0.0026666666666666666,0,0,0,0,0,0.0,0,0,0.0,0
invictus_enriched.csv:2490,bert-jan,2023-07-10 12:28:19+00:00,0,0,0.8,2,1,1.0,1,0.5627777777777778,1.0,1.2246467991473532e-16,-1.0,0,0,0.1,221,0,0,0,0,0,0,1,0,0,0,0,0.0026666666666666666,0,0,0,0,0,0.0,0,0,0.0,0
invictus_enriched.csv:2491,bert-jan,2023-07-10 12:28:19+00:00,0,0,0.8,2,1,1.0,0,0.5627777777777778,1.0,1.2246467991473532e-16,-1.0,0,0,0.1,21,0,0,0,0,0,0,1,0,0,0,0,0.0026666666666666666,0,0,0,0,0,0.0,0,0,0.0,0
invictus_enriched.csv:2492,bert-jan,2023-07-10 12:28:19+00:00,0,0,0.8,2,1,1.0,0,0.5627777777777778,1.0,1.2246467991473532e-16,-1.0,0,0,0.1,190,0,0,0,0,0,0,1,0,0,0,0,0.064,0,0,0,0,0,0.0,0,0,0.0,0
invictus_enriched.csv:2493,bert-jan,2023-07-10 12:28:19+00:00,0,0,0.8,2,1,1.0,1,0.5627777777777778,1.0,1.2246467991473532e-16,-1.0,0,0,0.1,222,0,0,0,0,0,0,1,0,0,0,0,0.064,0,0,0,0,0,0.0,0,0,0.0,0
invictus_enriched.csv:2494,bert-jan,2023-07-10 12:28:19+00:00,0,0,0.8,2,1,1.0,0,0.5627777777777778,1.0,1.2246467991473532e-16,-1.0,0,0,0.1,188,0,0,0,0,0,0,1,0,0,0,0,0.0026666666666666666,0,0,0,0,0,0.0,0,0,0.0,0
invictus_enriched.csv:2495,bert-jan,2023-07-10 12:28:19+00:00,0,0,0.8,2,1,1.0,1,0.5627777777777778,1.0,1.2246467991473532e-16,-1.0,0,0,0.1,223,0,0,0,0,0,0,1,0,0,0,0,0.0026666666666666666,0,0,0,0,0,0.0,0,0,0.0,0
invictus_enriched.csv:2496,bert-jan,2023-07-10 12:28:19+00:00,0,0,0.8,2,1,1.0,0,0.5627777777777778,1.0,1.2246467991473532e-16,-1.0,0,0,0.1,37,3,0,0,0,0,0,1,0,0,0,0,0.04133333333333333,0,0,0,0,0,0.0,0,0,0.0,0
invictus_enriched.csv:2497,bert-jan,2023-07-10 12:28:19+00:00,0,0,0.8,2,1,1.0,1,0.5627777777777778,1.0,1.2246467991473532e-16,-1.0,0,0,0.1,224,0,0,0,0,0,0,1,0,0,0,0,0.024,0,0,0,0,0,0.0,0,0,0.0,0
invictus_enriched.csv:2498,bert-jan,2023-07-10 12:28:20+00:00,0,0,0.8,2,1,0.9997222222222222,0,0.5630555555555555,1.0,1.2246467991473532e-16,-1.0,0,0,0.1,9,0,0,0,0,0,0,1,0,0,0,0,0.0026666666666666666,0,0,0,0,0,0.0,0,0,0.0,0
invictus_enriched.csv:2499,bert-jan,2023-07-10 12:28:20+00:00,0,0,0.8,2,1,1.0,0,0.5630555555555555,1.0,1.2246467991473532e-16,-1.0,0,0,0.1,10,0,0,0,0,0,0,1,0,0,0,0,0.19466666666666665,0,0,0,0,0,0.0,0,0,0.0,0
invictus_enriched.csv:2500,bert-jan,2023-07-10 12:28:20+00:00,0,0,0.8,2,1,1.0,0,0.5630555555555555,1.0,1.2246467991473532e-16,-1.0,0,0,0.1,10,0,0,0,0,0,0,1,0,0,0,1,0.196,0,0,0,0,0,0.0,0,0,0.0,0
invictus_enriched.csv:2501,bert-jan,2023-07-10 12:28:21+00:00,0,0,0.8,2,1,0.9997222222222222,1,0.5633333333333334,1.0,1.2246467991473532e-16,-1.0,0,0,0.1,225,0,0,0,0,0,0,1,0,0,0,0,0.07733333333333334,0,0,0,0,0,0.0,0,0,0.0,0
invictus_enriched.csv:2502,bert-jan,2023-07-10 12:28:21+00:00,0,0,0.8,2,1,1.0,1,0.5633333333333334,1.0,1.2246467991473532e-16,-1.0,0,0,0.1,226,0,0,0,0,0,0,1,0,0,0,0,0.0026666666666666666,0,0,0,0,0,0.0,0,0,0.0,0
invictus_enriched.csv:2503,bert-jan,2023-07-10 12:28:24+00:00,0,1,0.8,2,1,0.9991666666666666,1,0.5641666666666667,1.0,1.2246467991473532e-16,-1.0,0,0,0.1,227,8,1,0,0,0,0,0,0,0,0,0,0.10533333333333333,0,0,0,0,0,0.0,0,0,0.0,0
invictus_enriched.csv:2504,bert-jan,2023-07-10 12:28:24+00:00,0,1,0.8,2,1,1.0,0,0.5641666666666667,1.0,1.2246467991473532e-16,-1.0,0,0,1.0,195,1,1,0,0,0,1,0,0,0,0,0,0.30666666666666664,0,0,0,0,0,0.2,0,0,0.6,1
invictus_enriched.csv:2505,bert-jan,2023-07-10 12:28:24+00:00,0,1,0.8,2,1,1.0,0,0.5641666666666667,1.0,1.2246467991473532e-16,-1.0,0,0,0.1,203,8,1,0,0,0,0,0,0,0,0,0,0.5586666666666666,0,0,0,0,0,0.0,0,0,0.0,0
invictus_enriched.csv:2506,bert-jan,2023-07-10 12:28:24+00:00,0,1,0.8,2,1,1.0,1,0.5641666666666667,1.0,1.2246467991473532e-16,-1.0,0,0,0.1,228,4,1,0,0,0,0,0,0,0,0,0,0.18,0,0,0,0,0,0.0,0,0,0.0,1
invictus_enriched.csv:2507,bert-jan,2023-07-10 12:28:24+00:00,0,1,0.8,2,1,1.0,1,0.5641666666666667,1.0,1.2246467991473532e-16,-1.0,0,0,0.1,229,0,0,0,0,0,0,1,0,0,0,0,0.02266666666666667,0,0,0,0,0,0.0,0,0,0.0,0
invictus_enriched.csv:2508,bert-jan,2023-07-10 12:28:24+00:00,0,1,0.8,2,1,1.0,1,0.5641666666666667,1.0,1.2246467991473532e-16,-1.0,0,0,0.1,230,1,0,0,0,0,1,1,0,0,0,0,0.04533333333333334,0,0,0,0,0,0.0,0,0,0.0,0
invictus_enriched.csv:2509,bert-jan,2023-07-10 12:28:24+00:00,0,1,0.8,2,1,1.0,1,0.5641666666666667,1.0,1.2246467991473532e-16,-1.0,0,0,0.1,231,1,1,0,0,0,1,0,0,0,0,0,0.09733333333333333,0,0,0,0,0,0.0,0,0,0.0,0
invictus_enriched.csv:2510,bert-jan,2023-07-10 12:28:24+00:00,0,1,0.8,2,1,1.0,1,0.5641666666666667,1.0,1.2246467991473532e-16,-1.0,0,0,0.1,232,1,1,0,0,0,1,0,0,0,0,0,0.12533333333333332,0,0,0,0,0,0.0,0,0,1.0,0
invictus_enriched.csv:2511,bert-jan,2023-07-10 12:28:24+00:00,0,1,0.8,2,1,1.0,1,0.5641666666666667,1.0,1.2246467991473532e-16,-1.0,0,0,0.1,233,1,1,0,0,0,1,0,0,0,0,0,0.04533333333333334,0,0,0,0,0,0.0,0,0,0.0,0
invictus_enriched.csv:2512,bert-jan,2023-07-10 12:28:24+00:00,0,1,0.8,2,1,1.0,0,0.5641666666666667,1.0,1.2246467991473532e-16,-1.0,0,0,0.1,191,0,1,0,0,0,0,0,0,0,0,0,0.13866666666666666,0,0,0,0,0,0.0,0,0,0.0,0
invictus_enriched.csv:2513,bert-jan,2023-07-10 12:28:24+00:00,0,1,0.8,2,1,1.0,1,0.5641666666666667,1.0,1.2246467991473532e-16,-1.0,0,0,0.1,234,0,0,0,0,0,0,1,0,0,0,0,0.02266666666666667,0,0,0,0,0,0.0,0,0,0.0,0
invictus_enriched.csv:2514,bert-jan,2023-07-10 12:28:24+00:00,0,1,0.8,2,1,1.0,1,0.5641666666666667,1.0,1.2246467991473532e-16,-1.0,0,0,0.1,235,0,1,0,0,0,0,0,0,0,0,0,0.076,0,0,0,0,0,0.0,0,0,0.0,0
invictus_enriched.csv:2515,bert-jan,2023-07-10 12:28:24+00:00,0,1,0.8,2,1,1.0,0,0.5641666666666667,1.0,1.2246467991473532e-16,-1.0,0,0,0.1,106,7,1,0,1,0,0,0,0,0,0,0,0.07066666666666667,0,0,0,0,0,0.0,0,0,0.0,0
invictus_enriched.csv:2516,bert-jan,2023-07-10 12:28:24+00:00,0,1,0.8,2,1,1.0,0,0.5641666666666667,1.0,1.2246467991473532e-16,-1.0,0,0,0.1,230,1,0,0,0,0,1,1,0,0,0,0,0.064,0,0,0,0,0,0.0,0,0,0.0,0
invictus_enriched.csv:2517,bert-jan,2023-07-10 12:28:24+00:00,0,1,0.8,2,1,1.0,1,0.5641666666666667,1.0,1.2246467991473532e-16,-1.0,0,0,0.1,236,0,1,0,0,0,0,0,0,0,0,0,0.07066666666666667,0,0,0,0,0,0.0,0,0,0.0,0
invictus_enriched.csv:2518,bert-jan,2023-07-10 12:28:24+00:00,0,1,0.8,2,1,1.0,0,0.5641666666666667,1.0,1.2246467991473532e-16,-1.0,0,0,0.1,231,1,1,0,0,0,1,0,0,0,0,0,0.116,0,0,0,0,0,0.0,0,0,0.0,0
invictus_enriched.csv:2519,bert-jan,2023-07-10 12:28:24+00:00,0,1,0.8,2,1,1.0,1,0.5641666666666667,1.0,1.2246467991473532e-16,-1.0,0,0,0.1,237,1,1,0,0,0,1,0,0,0,0,0,0.068,0,0,0,0,0,0.0,0,0,0.0,0
invictus_enriched.csv:2521,bert-jan,2023-07-10 12:28:25+00:00,0,0,0.8,2,1,0.9997222222222222,0,0.5644444444444444,1.0,1.2246467991473532e-16,-1.0,0,0,0.1,225,0,0,0,0,0,0,1,0,0,0,0,0.12266666666666666,0,0,0,0,0,0.0,0,0,0.0,0
invictus_enriched.csv:2523,bert-jan,2023-07-10 12:28:26+00:00,0,0,0.8,2,1,0.9997222222222222,0,0.5647222222222222,1.0,1.2246467991473532e-16,-1.0,0,0,0.1,225,0,0,0,0,0,0,1,0,0,0,0,0.072,0,0,0,0,0,0.0,0,0,0.0,0
invictus_enriched.csv:2524,bert-jan,2023-07-10 12:28:26+00:00,0,0,0.8,2,1,1.0,0,0.5647222222222222,1.0,1.2246467991473532e-16,-1.0,0,0,0.1,225,0,0,0,0,0,0,1,0,0,0,0,0.06266666666666666,0,0,0,0,0,0.0,0,0,0.0,0
invictus_enriched.csv:2525,bert-jan,2023-07-10 12:28:26+00:00,0,0,0.8,2,1,1.0,0,0.5647222222222222,1.0,1.2246467991473532e-16,-1.0,0,0,0.1,225,0,0,0,0,0,0,1,0,0,0,0,0.06266666666666666,0,0,0,0,0,0.0,0,0,0.0,0
invictus_enriched.csv:2526,bert-jan,2023-07-10 12:28:26+00:00,0,0,0.8,2,1,1.0,0,0.5647222222222222,1.0,1.2246467991473532e-16,-1.0,0,0,0.1,225,0,0,0,0,0,0,1,0,0,0,0,0.05333333333333334,0,0,0,0,0,0.0,0,0,0.0,0
invictus_enriched.csv:2527,bert-jan,2023-07-10 12:28:26+00:00,0,0,0.8,2,1,1.0,0,0.5647222222222222,1.0,1.2246467991473532e-16,-1.0,0,0,0.1,225,0,0,0,0,0,0,1,0,0,0,0,0.12266666666666666,0,0,0,0,0,0.0,0,0,0.0,0
invictus_enriched.csv:2528,bert-jan,2023-07-10 12:28:26+00:00,0,0,0.8,2,1,1.0,0,0.5647222222222222,1.0,1.2246467991473532e-16,-1.0,0,0,0.1,225,0,0,0,0,0,0,1,0,0,0,0,0.06266666666666666,0,0,0,0,0,0.0,0,0,0.0,0
invictus_enriched.csv:2529,bert-jan,2023-07-10 12:28:26+00:00,0,0,0.8,2,1,1.0,0,0.5647222222222222,1.0,1.2246467991473532e-16,-1.0,0,0,0.1,225,0,0,0,0,0,0,1,0,0,0,0,0.06266666666666666,0,0,0,0,0,0.0,0,0,0.0,0
invictus_enriched.csv:2530,bert-jan,2023-07-10 12:28:26+00:00,0,0,0.8,2,1,1.0,0,0.5647222222222222,1.0,1.2246467991473532e-16,-1.0,0,0,0.1,225,0,0,0,0,0,0,1,0,0,0,0,0.064,0,0,0,0,0,0.0,0,0,0.0,0
invictus_enriched.csv:2531,bert-jan,2023-07-10 12:28:26+00:00,0,0,0.8,2,1,1.0,0,0.5647222222222222,1.0,1.2246467991473532e-16,-1.0,0,0,0.1,225,0,0,0,0,0,0,1,0,0,0,0,0.072,0,0,0,0,0,0.0,0,0,0.0,0
invictus_enriched.csv:2532,bert-jan,2023-07-10 12:28:26+00:00,0,0,0.8,2,1,1.0,0,0.5647222222222222,1.0,1.2246467991473532e-16,-1.0,0,0,0.1,225,0,0,0,0,0,0,1,0,0,0,0,0.06533333333333333,0,0,0,0,0,0.0,0,0,0.0,0
invictus_enriched.csv:2534,bert-jan,2023-07-10 12:28:26+00:00,0,0,0.8,2,1,1.0,0,0.5647222222222222,1.0,1.2246467991473532e-16,-1.0,0,0,0.1,225,0,0,0,0,0,0,1,0,0,0,0,0.06,0,0,0,0,0,0.0,0,0,0.0,0
invictus_enriched.csv:2535,bert-jan,2023-07-10 12:28:26+00:00,0,0,0.8,2,1,1.0,0,0.5647222222222222,1.0,1.2246467991473532e-16,-1.0,0,0,0.1,225,0,0,0,0,0,0,1,0,0,0,0,0.05733333333333333,0,0,0,0,0,0.0,0,0,0.0,0
invictus_enriched.csv:2536,bert-jan,2023-07-10 12:28:26+00:00,0,0,0.8,2,1,1.0,0,0.5647222222222222,1.0,1.2246467991473532e-16,-1.0,0,0,0.1,225,0,0,0,0,0,0,1,0,0,0,0,0.07333333333333333,0,0,0,0,0,0.0,0,0,0.0,0
invictus_enriched.csv:2537,bert-jan,2023-07-10 12:28:27+00:00,0,0,0.8,2,1,0.9997222222222222,0,0.565,1.0,1.2246467991473532e-16,-1.0,0,0,0.1,225,0,0,0,0,0,0,1,0,0,0,0,0.056,0,0,0,0,0,0.0,0,0,0.0,0
invictus_enriched.csv:2538,bert-jan,2023-07-10 12:28:27+00:00,0,0,0.8,2,1,1.0,0,0.565,1.0,1.2246467991473532e-16,-1.0,0,0,0.1,225,0,0,0,0,0,0,1,0,0,0,0,0.05333333333333334,0,0,0,0,0,0.0,0,0,0.0,0
invictus_enriched.csv:2539,bert-jan,2023-07-10 12:28:27+00:00,0,0,0.8,2,1,1.0,0,0.565,1.0,1.2246467991473532e-16,-1.0,0,0,0.1,225,0,0,0,0,0,0,1,0,0,0,0,0.058666666666666666,0,0,0,0,0,0.0,0,0,0.0,0
invictus_enriched.csv:2540,bert-jan,2023-07-10 12:28:27+00:00,0,0,0.8,2,1,1.0,1,0.565,1.0,1.2246467991473532e-16,-1.0,0,0,0.1,238,0,0,0,0,0,0,1,0,0,0,0,0.0026666666666666666,0,0,0,0,0,0.0,0,0,0.0,0
invictus_enriched.csv:2541,bert-jan,2023-07-10 12:28:27+00:00,0,0,0.8,2,1,1.0,0,0.565,1.0,1.2246467991473532e-16,-1.0,0,0,0.1,225,0,0,0,0,0,0,1,0,0,0,0,0.06933333333333333,0,0,0,0,0,0.0,0,0,0.0,0
invictus_enriched.csv:2542,bert-jan,2023-07-10 12:28:27+00:00,0,0,0.8,2,1,1.0,0,0.565,1.0,1.2246467991473532e-16,-1.0,0,0,0.1,225,0,0,0,0,0,0,1,0,0,0,0,0.064,0,0,0,0,0,0.0,0,0,0.0,0
invictus_enriched.csv:2543,bert-jan,2023-07-10 12:28:27+00:00,0,0,0.8,2,1,1.0,1,0.565,1.0,1.2246467991473532e-16,-1.0,0,0,0.1,239,0,0,0,0,0,0,1,0,0,0,0,0.030666666666666665,0,0,0,0,0,0.0,0,0,0.0,0
invictus_enriched.csv:2544,bert-jan,2023-07-10 12:28:27+00:00,0,0,0.8,2,1,1.0,0,0.565,1.0,1.2246467991473532e-16,-1.0,0,0,0.1,225,0,0,0,0,0,0,1,0,0,0,0,0.056,0,0,0,0,0,0.0,0,0,0.0,0
invictus_enriched.csv:2545,bert-jan,2023-07-10 12:28:28+00:00,0,0,0.8,2,1,0.9997222222222222,1,0.5652777777777778,1.0,1.2246467991473532e-16,-1.0,0,0,0.1,240,0,0,0,0,0,0,0,0,0,0,0,0.2786666666666667,0,0,0,0,0,0.0,0,0,0.0,0
invictus_enriched.csv:2546,bert-jan,2023-07-10 12:28:28+00:00,0,0,0.8,2,1,1.0,1,0.5652777777777778,1.0,1.2246467991473532e-16,-1.0,0,0,0.1,241,0,0,0,0,0,0,1,0,0,0,0,0.0026666666666666666,0,0,0,0,0,0.0,0,0,0.0,0
invictus_enriched.csv:2547,bert-jan,2023-07-10 12:28:28+00:00,0,0,0.8,2,1,1.0,0,0.5652777777777778,1.0,1.2246467991473532e-16,-1.0,0,0,0.1,47,3,0,0,0,0,0,1,0,0,0,0,0.08933333333333333,0,0,0,0,0,0.0,0,0,0.0,0
invictus_enriched.csv:2548,bert-jan,2023-07-10 12:28:28+00:00,0,1,0.8,2,1,1.0,0,0.5652777777777778,1.0,1.2246467991473532e-16,-1.0,0,0,0.1,23,1,0,0,0,0,1,1,0,0,0,0,0.0026666666666666666,0,0,0,0,0,0.0,0,0,0.0,0
invictus_enriched.csv:2549,bert-jan,2023-07-10 12:28:28+00:00,0,0,0.8,2,1,1.0,0,0.5652777777777778,1.0,1.2246467991473532e-16,-1.0,0,0,0.1,53,3,0,0,0,0,0,1,0,0,0,0,0.04533333333333334,0,0,0,0,0,0.0,0,0,0.0,0
invictus_enriched.csv:2550,bert-jan,2023-07-10 12:28:28+00:00,0,0,0.8,2,1,1.0,1,0.5652777777777778,1.0,1.2246467991473532e-16,-1.0,0,0,0.1,242,0,0,0,0,0,0,1,0,0,0,0,0.025333333333333333,0,0,0,0,0,0.0,0,0,0.0,0
invictus_enriched.csv:2551,bert-jan,2023-07-10 12:28:28+00:00,0,1,0.8,2,1,1.0,0,0.5652777777777778,1.0,1.2246467991473532e-16,-1.0,0,0,0.1,23,1,0,0,0,0,1,1,0,0,0,0,0.0026666666666666666,0,0,0,0,0,0.0,0,0,0.0,0
invictus_enriched.csv:2552,bert-jan,2023-07-10 12:28:28+00:00,0,0,0.8,2,1,1.0,0,0.5652777777777778,1.0,1.2246467991473532e-16,-1.0,0,0,0.1,188,0,0,0,0,0,0,1,0,0,0,0,0.0026666666666666666,0,0,0,0,0,0.0,0,0,0.0,0
invictus_enriched.csv:2553,bert-jan,2023-07-10 12:28:28+00:00,0,0,0.8,2,1,1.0,0,0.5652777777777778,1.0,1.2246467991473532e-16,-1.0,0,0,0.1,240,0,0,0,0,0,0,0,0,0,0,0,0.264,0,0,0,0,0,0.0,0,0,0.0,0
invictus_enriched.csv:2554,bert-jan,2023-07-10 12:28:28+00:00,0,0,0.8,2,1,1.0,1,0.5652777777777778,1.0,1.2246467991473532e-16,-1.0,0,0,0.1,243,0,0,0,0,0,0,1,0,0,0,0,0.0026666666666666666,0,0,0,0,0,0.0,0,0,0.0,0
invictus_enriched.csv:2555,bert-jan,2023-07-10 12:28:28+00:00,0,0,0.8,2,1,1.0,1,0.5652777777777778,1.0,1.2246467991473532e-16,-1.0,0,0,0.1,244,0,0,0,0,0,0,1,0,0,0,0,0.06666666666666667,0,0,0,0,0,0.0,0,0,0.0,0
invictus_enriched.csv:2556,bert-jan,2023-07-10 12:28:28+00:00,0,0,0.8,2,1,1.0,1,0.5652777777777778,1.0,1.2246467991473532e-16,-1.0,0,0,0.1,245,0,0,0,0,0,0,1,0,0,0,0,0.31733333333333336,0,0,0,0,0,0.0,0,0,0.0,0
invictus_enriched.csv:2557,bert-jan,2023-07-10 12:28:28+00:00,0,0,0.8,2,1,1.0,1,0.5652777777777778,1.0,1.2246467991473532e-16,-1.0,0,0,0.1,246,0,0,0,0,0,0,1,0,0,0,0,0.25333333333333335,0,0,0,0,0,0.0,0,0,0.0,0
invictus_enriched.csv:2558,bert-jan,2023-07-10 12:28:28+00:00,0,0,0.8,2,1,1.0,0,0.5652777777777778,1.0,1.2246467991473532e-16,-1.0,0,0,0.1,245,0,0,0,0,0,0,1,0,0,0,0,0.30933333333333335,0,0,0,0,0,0.0,0,0,0.0,0
invictus_enriched.csv:2559,bert-jan,2023-07-10 12:28:28+00:00,0,0,0.8,2,1,1.0,1,0.5652777777777778,1.0,1.2246467991473532e-16,-1.0,0,0,0.1,247,0,0,0,1,0,0,1,0,0,0,0,0.050666666666666665,0,0,0,0,0,0.0,0,0,0.0,0
invictus_enriched.csv:2560,bert-jan,2023-07-10 12:28:28+00:00,0,0,0.8,2,1,1.0,0,0.5652777777777778,1.0,1.2246467991473532e-16,-1.0,0,0,0.1,245,0,0,0,0,0,0,1,0,0,0,0,0.30933333333333335,0,0,0,0,0,0.0,0,0,0.0,0
invictus_enriched.csv:2561,bert-jan,2023-07-10 12:28:28+00:00,0,0,0.8,2,1,1.0,1,0.5652777777777778,1.0,1.2246467991473532e-16,-1.0,0,0,0.1,248,0,0,0,0,0,0,1,0,0,0,0,0.0026666666666666666,0,0,0,0,0,0.0,0,0,0.0,0
invictus_enriched.csv:2562,bert-jan,2023-07-10 12:28:28+00:00,0,0,0.8,2,1,1.0,0,0.5652777777777778,1.0,1.2246467991473532e-16,-1.0,0,0,0.1,188,0,0,0,0,0,0,1,0,0,0,0,0.0026666666666666666,0,0,0,0,0,0.0,0,0,0.0,0
invictus_enriched.csv:2563,bert-jan,2023-07-10 12:28:28+00:00,0,0,0.8,2,1,1.0,0,0.5652777777777778,1.0,1.2246467991473532e-16,-1.0,0,0,0.1,247,0,0,0,1,0,0,1,0,0,0,0,0.06533333333333333,0,0,0,0,0,0.0,0,0,0.0,0
invictus_enriched.csv:2564,bert-jan,2023-07-10 12:28:28+00:00,0,0,0.8,2,1,1.0,0,0.5652777777777778,1.0,1.2246467991473532e-16,-1.0,0,0,0.1,217,0,0,0,0,0,0,1,0,0,0,0,0.22133333333333333,0,0,0,0,0,0.0,0,0,0.0,0
invictus_enriched.csv:2565,bert-jan,2023-07-10 12:28:28+00:00,0,0,0.8,2,1,1.0,0,0.5652777777777778,1.0,1.2246467991473532e-16,-1.0,0,0,0.1,245,0,0,0,0,0,0,1,0,0,0,0,0.31733333333333336,0,0,0,0,0,0.0,0,0,0.0,0
invictus_enriched.csv:2566,bert-jan,2023-07-10 12:28:29+00:00,0,0,0.8,2,1,0.9997222222222222,1,0.5655555555555556,1.0,1.2246467991473532e-16,-1.0,0,0,0.1,249,0,0,0,0,0,0,1,0,0,0,0,0.13333333333333333,0,0,0,0,0,0.0,0,0,0.0,0
invictus_enriched.csv:2567,bert-jan,2023-07-10 12:28:29+00:00,0,0,0.8,2,1,1.0,1,0.5655555555555556,1.0,1.2246467991473532e-16,-1.0,0,0,0.1,250,0,0,0,0,0,0,1,0,0,0,0,0.09066666666666667,0,0,0,0,0,0.0,0,0,0.0,0
invictus_enriched.csv:2568,bert-jan,2023-07-10 12:28:29+00:00,0,1,0.8,2,1,1.0,0,0.5655555555555556,1.0,1.2246467991473532e-16,-1.0,0,0,0.1,32,3,0,0,0,0,0,1,0,0,0,0,0.2,0,0,0,0,0,0.0,0,0,0.0,0
invictus_enriched.csv:2569,bert-jan,2023-07-10 12:28:29+00:00,0,1,0.8,2,1,1.0,0,0.5655555555555556,1.0,1.2246467991473532e-16,-1.0,0,0,0.1,37,3,0,0,0,0,0,1,0,0,0,0,0.10133333333333333,0,0,0,0,0,0.0,0,0,0.0,0
invictus_enriched.csv:2570,bert-jan,2023-07-10 12:28:29+00:00,0,1,0.8,2,1,1.0,0,0.5655555555555556,1.0,1.2246467991473532e-16,-1.0,0,0,0.1,23,1,0,0,0,0,1,1,0,0,0,0,0.0026666666666666666,0,0,0,0,0,0.0,0,0,0.0,0
invictus_enriched.csv:2571,bert-jan,2023-07-10 12:28:29+00:00,0,1,0.8,2,1,1.0,0,0.5655555555555556,1.0,1.2246467991473532e-16,-1.0,0,0,0.1,66,3,0,0,0,0,0,1,0,0,0,0,0.10933333333333334,0,0,0,0,0,0.0,0,0,0.0,0
invictus_enriched.csv:2572,bert-jan,2023-07-10 12:28:30+00:00,0,1,0.8,2,1,0.9997222222222222,0,0.5658333333333333,1.0,1.2246467991473532e-16,-1.0,0,0,0.1,23,1,0,0,0,0,1,1,0,0,0,0,0.0026666666666666666,0,0,0,0,0,0.0,0,0,0.0,0
invictus_enriched.csv:2573,bert-jan,2023-07-10 12:28:30+00:00,0,1,0.8,2,1,1.0,0,0.5658333333333333,1.0,1.2246467991473532e-16,-1.0,0,0,0.1,23,1,0,0,0,0,1,1,0,0,0,0,0.0026666666666666666,0,0,0,0,0,0.0,0,0,0.0,0
invictus_enriched.csv:2574,bert-jan,2023-07-10 12:28:30+00:00,0,1,0.8,2,1,1.0,0,0.5658333333333333,1.0,1.2246467991473532e-16,-1.0,0,0,0.1,23,1,0,0,0,0,1,1,0,0,0,0,0.0026666666666666666,0,0,0,0,0,0.0,0,0,0.0,0
invictus_enriched.csv:2575,bert-jan,2023-07-10 12:28:30+00:00,0,1,0.8,2,1,1.0,0,0.5658333333333333,1.0,1.2246467991473532e-16,-1.0,0,0,0.1,23,1,0,0,0,0,1,1,0,0,0,0,0.0026666666666666666,0,0,0,0,0,0.0,0,0,0.0,0
invictus_enriched.csv:2576,bert-jan,2023-07-10 12:28:30+00:00,0,0,0.8,2,1,1.0,0,0.5658333333333333,1.0,1.2246467991473532e-16,-1.0,0,0,0.1,249,0,0,0,0,0,0,1,0,0,0,0,0.07733333333333334,0,0,0,0,0,0.0,0,0,0.0,0
invictus_enriched.csv:2577,bert-jan,2023-07-10 12:28:30+00:00,0,1,0.8,2,1,1.0,0,0.5658333333333333,1.0,1.2246467991473532e-16,-1.0,0,0,0.1,32,3,0,0,0,0,0,1,0,0,0,0,0.2,0,0,0,0,0,0.0,0,0,0.0,0
invictus_enriched.csv:2578,bert-jan,2023-07-10 12:28:30+00:00,0,1,0.8,2,1,1.0,0,0.5658333333333333,1.0,1.2246467991473532e-16,-1.0,0,0,0.1,23,1,0,0,0,0,1,1,0,0,0,0,0.0026666666666666666,0,0,0,0,0,0.0,0,0,0.0,0
invictus_enriched.csv:2579,bert-jan,2023-07-10 12:28:30+00:00,0,1,0.8,2,1,1.0,0,0.5658333333333333,1.0,1.2246467991473532e-16,-1.0,0,0,0.1,26,1,0,0,1,0,1,1,0,0,0,0,0.068,0,0,0,0,0,0.0,0,0,0.0,0
invictus_enriched.csv:2580,bert-jan,2023-07-10 12:28:30+00:00,0,1,0.8,2,1,1.0,0,0.5658333333333333,1.0,1.2246467991473532e-16,-1.0,0,0,0.1,33,3,0,0,0,0,0,1,0,0,0,0,0.16133333333333333,0,0,0,0,0,0.0,0,0,0.0,0
invictus_enriched.csv:2581,bert-jan,2023-07-10 12:28:30+00:00,0,1,0.8,2,1,1.0,0,0.5658333333333333,1.0,1.2246467991473532e-16,-1.0,0,0,0.1,158,3,0,0,0,0,0,1,0,0,0,0,0.168,0,0,0,0,0,0.0,0,0,0.0,0
invictus_enriched.csv:2582,bert-jan,2023-07-10 12:28:30+00:00,0,1,0.8,2,1,1.0,0,0.5658333333333333,1.0,1.2246467991473532e-16,-1.0,0,0,0.1,33,3,0,0,0,0,0,1,0,0,0,0,0.26266666666666666,0,0,0,0,0,0.0,0,0,0.0,0
invictus_enriched.csv:2583,bert-jan,2023-07-10 12:28:30+00:00,0,1,0.8,2,1,1.0,0,0.5658333333333333,1.0,1.2246467991473532e-16,-1.0,0,0,0.1,23,1,0,0,0,0,1,1,0,0,0,0,0.0026666666666666666,0,0,0,0,0,0.0,0,0,0.0,0
invictus_enriched.csv:2584,bert-jan,2023-07-10 12:28:30+00:00,0,1,0.8,2,1,1.0,0,0.5658333333333333,1.0,1.2246467991473532e-16,-1.0,0,0,0.1,23,1,0,0,0,0,1,1,0,0,0,0,0.0026666666666666666,0,0,0,0,0,0.0,0,0,0.0,0
invictus_enriched.csv:2585,bert-jan,2023-07-10 12:28:30+00:00,0,1,0.8,2,1,1.0,0,0.5658333333333333,1.0,1.2246467991473532e-16,-1.0,0,0,0.1,38,3,0,0,0,0,0,1,0,0,0,0,0.1,0,0,0,0,0,0.0,0,0,0.0,0
invictus_enriched.csv:2586,bert-jan,2023-07-10 12:28:30+00:00,0,1,0.8,2,1,1.0,0,0.5658333333333333,1.0,1.2246467991473532e-16,-1.0,0,0,0.1,41,3,0,0,0,0,0,1,0,0,0,0,0.13733333333333334,0,0,0,0,0,0.0,0,0,0.0,0
invictus_enriched.csv:2587,bert-jan,2023-07-10 12:28:30+00:00,0,0,0.8,2,1,1.0,0,0.5658333333333333,1.0,1.2246467991473532e-16,-1.0,0,0,0.1,249,0,0,0,0,0,0,1,0,0,0,0,0.11066666666666666,0,0,0,0,0,0.0,0,0,0.0,0
invictus_enriched.csv:2588,bert-jan,2023-07-10 12:28:30+00:00,0,1,0.8,2,1,1.0,0,0.5658333333333333,1.0,1.2246467991473532e-16,-1.0,0,0,0.1,37,3,0,0,0,0,0,1,0,0,0,0,0.10133333333333333,0,0,0,0,0,0.0,0,0,0.0,0
invictus_enriched.csv:2589,bert-jan,2023-07-10 12:28:30+00:00,0,0,0.8,2,1,1.0,0,0.5658333333333333,1.0,1.2246467991473532e-16,-1.0,0,0,0.1,249,0,0,0,0,0,0,1,0,0,0,0,0.10933333333333334,0,0,0,0,0,0.0,0,0,0.0,0
invictus_enriched.csv:2590,bert-jan,2023-07-10 12:28:30+00:00,0,1,0.8,2,1,1.0,0,0.5658333333333333,1.0,1.2246467991473532e-16,-1.0,0,0,0.1,23,1,0,0,0,0,1,1,0,0,0,0,0.068,0,0,0,0,0,0.0,0,0,0.0,0
invictus_enriched.csv:2591,bert-jan,2023-07-10 12:28:31+00:00,0,1,0.8,2,1,0.9997222222222222,0,0.5661111111111111,1.0,1.2246467991473532e-16,-1.0,0,0,0.1,4,4,0,0,0,0,0,1,0,0,0,0,0.16266666666666665,0,0,0,0,0,0.0,0,0,0.0,0
invictus_enriched.csv:2592,bert-jan,2023-07-10 12:28:31+00:00,0,1,0.8,2,1,1.0,0,0.5661111111111111,1.0,1.2246467991473532e-16,-1.0,0,0,0.1,4,4,0,0,0,0,0,1,0,0,0,0,0.19733333333333333,0,0,0,0,0,0.0,0,0,0.0,0
invictus_enriched.csv:2593,bert-jan,2023-07-10 12:28:31+00:00,0,1,0.8,2,1,1.0,1,0.5661111111111111,1.0,1.2246467991473532e-16,-1.0,0,0,0.1,251,1,0,0,0,0,1,1,0,0,0,0,0.06666666666666667,0,0,0,0,0,0.0,0,0,0.0,0
invictus_enriched.csv:2594,bert-jan,2023-07-10 12:28:31+00:00,0,1,0.8,2,1,1.0,0,0.5661111111111111,1.0,1.2246467991473532e-16,-1.0,0,0,0.1,32,3,0,0,0,0,0,1,0,0,0,0,0.2,0,0,0,0,0,0.0,0,0,0.0,0
invictus_enriched.csv:2595,bert-jan,2023-07-10 12:28:31+00:00,0,1,0.8,2,1,1.0,0,0.5661111111111111,1.0,1.2246467991473532e-16,-1.0,0,0,0.1,39,3,0,0,0,0,0,1,0,0,0,0,0.04533333333333334,0,0,0,0,0,0.0,0,0,0.0,0
invictus_enriched.csv:2596,bert-jan,2023-07-10 12:28:31+00:00,0,1,0.8,2,1,1.0,0,0.5661111111111111,1.0,1.2246467991473532e-16,-1.0,0,0,0.1,26,1,0,0,0,0,1,1,0,0,0,0,0.064,0,0,0,0,0,0.0,0,0,0.0,0
invictus_enriched.csv:2597,bert-jan,2023-07-10 12:28:31+00:00,0,1,0.8,2,1,1.0,0,0.5661111111111111,1.0,1.2246467991473532e-16,-1.0,0,0,0.1,35,3,0,0,1,0,0,1,0,0,0,0,0.15733333333333333,0,0,0,0,0,0.0,0,0,0.0,0
invictus_enriched.csv:2598,bert-jan,2023-07-10 12:28:31+00:00,0,1,0.8,2,1,1.0,0,0.5661111111111111,1.0,1.2246467991473532e-16,-1.0,0,0,0.1,28,1,0,0,0,0,1,1,0,0,0,0,0.064,0,0,0,0,0,0.0,0,0,0.0,0
invictus_enriched.csv:2599,bert-jan,2023-07-10 12:28:31+00:00,0,1,0.8,2,1,1.0,0,0.5661111111111111,1.0,1.2246467991473532e-16,-1.0,0,0,0.1,23,1,0,0,0,0,1,1,0,0,0,0,0.06666666666666667,0,0,0,0,0,0.0,0,0,0.0,0
invictus_enriched.csv:2600,bert-jan,2023-07-10 12:28:31+00:00,0,1,0.8,2,1,1.0,0,0.5661111111111111,1.0,1.2246467991473532e-16,-1.0,0,0,0.1,38,3,0,0,0,0,0,1,0,0,0,0,0.1,0,0,0,0,0,0.0,0,0,0.0,0
invictus_enriched.csv:2601,bert-jan,2023-07-10 12:28:31+00:00,0,1,0.8,2,1,1.0,0,0.5661111111111111,1.0,1.2246467991473532e-16,-1.0,0,0,0.1,41,3,0,0,0,0,0,1,0,0,0,0,0.13733333333333334,0,0,0,0,0,0.0,0,0,0.0,0
invictus_enriched.csv:2602,bert-jan,2023-07-10 12:28:31+00:00,0,1,0.8,2,1,1.0,0,0.5661111111111111,1.0,1.2246467991473532e-16,-1.0,0,0,0.1,39,3,0,0,0,0,0,1,0,0,0,0,0.04533333333333334,0,0,0,0,0,0.0,0,0,0.0,0
invictus_enriched.csv:2603,bert-jan,2023-07-10 12:28:31+00:00,0,1,0.8,2,1,1.0,0,0.5661111111111111,1.0,1.2246467991473532e-16,-1.0,0,0,0.1,38,3,0,0,0,0,0,1,0,0,0,0,0.1,0,0,0,0,0,0.0,0,0,0.0,0
invictus_enriched.csv:2604,bert-jan,2023-07-10 12:28:31+00:00,0,1,0.8,2,1,1.0,0,0.5661111111111111,1.0,1.2246467991473532e-16,-1.0,0,0,0.1,37,3,0,0,0,0,0,1,0,0,0,0,0.10133333333333333,0,0,0,0,0,0.0,0,0,0.0,0
invictus_enriched.csv:2605,bert-jan,2023-07-10 12:28:31+00:00,0,1,0.8,2,1,1.0,0,0.5661111111111111,1.0,1.2246467991473532e-16,-1.0,0,0,0.2,22,2,0,0,0,0,0,1,0,1,0,0,0.0026666666666666666,0,0,0,0,0,0.0,0,0,0.0,0
invictus_enriched.csv:2606,bert-jan,2023-07-10 12:28:31+00:00,0,1,0.8,2,1,1.0,0,0.5661111111111111,1.0,1.2246467991473532e-16,-1.0,0,0,0.1,23,1,0,0,0,0,1,1,0,0,0,0,0.064,0,0,0,0,0,0.0,0,0,0.0,0
invictus_enriched.csv:2607,bert-jan,2023-07-10 12:28:31+00:00,0,1,0.8,2,1,1.0,0,0.5661111111111111,1.0,1.2246467991473532e-16,-1.0,0,0,0.1,23,1,0,0,0,0,1,1,0,0,0,0,0.0026666666666666666,0,0,0,0,0,0.0,0,0,0.0,0
invictus_enriched.csv:2608,bert-jan,2023-07-10 12:28:31+00:00,0,1,0.8,2,1,1.0,0,0.5661111111111111,1.0,1.2246467991473532e-16,-1.0,0,0,0.1,26,1,0,0,0,0,1,1,0,0,0,0,0.06666666666666667,0,0,0,0,0,0.0,0,0,0.0,0
invictus_enriched.csv:2609,bert-jan,2023-07-10 12:28:31+00:00,0,1,0.8,2,1,1.0,0,0.5661111111111111,1.0,1.2246467991473532e-16,-1.0,0,0,0.1,39,3,0,0,0,0,0,1,0,0,0,0,0.04533333333333334,0,0,0,0,0,0.0,0,0,0.0,0
invictus_enriched.csv:2610,bert-jan,2023-07-10 12:28:32+00:00,0,1,0.8,2,1,0.9997222222222222,0,0.5663888888888889,1.0,1.2246467991473532e-16,-1.0,0,0,0.1,41,3,0,0,0,0,0,1,0,0,0,0,0.13733333333333334,0,0,0,0,0,0.0,0,0,0.0,0
invictus_enriched.csv:2611,bert-jan,2023-07-10 12:28:32+00:00,0,1,0.8,2,1,1.0,0,0.5663888888888889,1.0,1.2246467991473532e-16,-1.0,0,0,0.1,96,4,0,0,1,0,0,1,0,0,0,0,0.20266666666666666,0,0,0,0,0,0.0,0,0,0.0,0
invictus_enriched.csv:2612,bert-jan,2023-07-10 12:28:32+00:00,0,1,0.8,2,1,1.0,0,0.5663888888888889,1.0,1.2246467991473532e-16,-1.0,0,0,0.1,45,3,0,0,0,0,0,1,0,0,0,0,0.272,0,0,0,0,0,0.0,0,0,0.0,0
invictus_enriched.csv:2613,bert-jan,2023-07-10 12:28:32+00:00,0,1,0.8,2,1,1.0,0,0.5663888888888889,1.0,1.2246467991473532e-16,-1.0,0,0,0.1,39,3,0,0,0,0,0,1,0,0,0,0,0.04533333333333334,0,0,0,0,0,0.0,0,0,0.0,0
invictus_enriched.csv:2614,bert-jan,2023-07-10 12:28:32+00:00,0,1,0.8,2,1,1.0,0,0.5663888888888889,1.0,1.2246467991473532e-16,-1.0,0,0,0.1,27,1,0,0,0,0,1,1,0,0,0,0,0.064,0,0,0,0,1,0.0,0,0,0.0,0
invictus_enriched.csv:2615,bert-jan,2023-07-10 12:28:32+00:00,0,1,0.8,2,1,1.0,0,0.5663888888888889,1.0,1.2246467991473532e-16,-1.0,0,0,0.1,23,1,0,0,0,0,1,1,0,0,0,0,0.0026666666666666666,0,0,0,0,0,0.0,0,0,0.0,0
invictus_enriched.csv:2616,bert-jan,2023-07-10 12:28:32+00:00,0,1,0.8,2,1,1.0,0,0.5663888888888889,1.0,1.2246467991473532e-16,-1.0,0,0,0.1,99,4,0,0,0,0,0,1,0,0,0,0,0.20666666666666667,0,0,0,0,0,0.0,0,0,0.0,0
invictus_enriched.csv:2617,bert-jan,2023-07-10 12:28:32+00:00,0,1,0.8,2,1,1.0,0,0.5663888888888889,1.0,1.2246467991473532e-16,-1.0,0,0,0.1,39,3,0,0,0,0,0,1,0,0,0,0,0.04533333333333334,0,0,0,0,0,0.0,0,0,0.0,0
invictus_enriched.csv:2618,bert-jan,2023-07-10 12:28:32+00:00,0,1,0.8,2,1,1.0,0,0.5663888888888889,1.0,1.2246467991473532e-16,-1.0,0,0,0.1,96,4,0,0,1,0,0,1,0,0,0,0,0.168,0,0,0,0,0,0.0,0,0,0.0,0
invictus_enriched.csv:2619,bert-jan,2023-07-10 12:28:32+00:00,0,1,0.8,2,1,1.0,0,0.5663888888888889,1.0,1.2246467991473532e-16,-1.0,0,0,0.1,23,1,0,0,0,0,1,1,0,0,0,0,0.0026666666666666666,0,0,0,0,0,0.0,0,0,0.0,0
invictus_enriched.csv:2620,bert-jan,2023-07-10 12:28:32+00:00,0,1,0.8,2,1,1.0,0,0.5663888888888889,1.0,1.2246467991473532e-16,-1.0,0,0,0.1,28,1,0,0,0,0,1,1,0,0,0,0,0.06666666666666667,0,0,0,0,0,0.0,0,0,0.0,0
invictus_enriched.csv:2621,bert-jan,2023-07-10 12:28:32+00:00,0,1,0.8,2,1,1.0,1,0.5663888888888889,1.0,1.2246467991473532e-16,-1.0,0,0,0.1,252,1,0,0,0,0,1,1,0,0,0,0,0.068,0,0,0,0,0,0.0,0,0,0.0,0
invictus_enriched.csv:2622,bert-jan,2023-07-10 12:28:32+00:00,0,1,0.8,2,1,1.0,0,0.5663888888888889,1.0,1.2246467991473532e-16,-1.0,0,0,0.1,39,3,0,0,0,0,0,1,0,0,0,0,0.04533333333333334,0,0,0,0,0,0.0,0,0,0.0,0
invictus_enriched.csv:2623,bert-jan,2023-07-10 12:28:32+00:00,0,1,0.8,2,1,1.0,0,0.5663888888888889,1.0,1.2246467991473532e-16,-1.0,0,0,0.1,97,4,0,0,1,0,0,1,0,0,0,0,0.19866666666666666,0,0,0,0,0,0.0,0,0,0.0,0
invictus_enriched.csv:2624,bert-jan,2023-07-10 12:28:32+00:00,0,1,0.8,2,1,1.0,0,0.5663888888888889,1.0,1.2246467991473532e-16,-1.0,0,0,0.1,99,4,0,0,0,0,0,1,0,0,0,0,0.172,0,0,0,0,0,0.0,0,0,0.0,0
invictus_enriched.csv:2625,bert-jan,2023-07-10 12:28:32+00:00,0,1,0.8,2,1,1.0,0,0.5663888888888889,1.0,1.2246467991473532e-16,-1.0,0,0,0.1,43,3,0,0,0,0,0,1,0,0,0,0,0.26,0,0,0,0,0,0.0,0,0,0.0,0
invictus_enriched.csv:2626,bert-jan,2023-07-10 12:28:32+00:00,0,1,0.8,2,1,1.0,0,0.5663888888888889,1.0,1.2246467991473532e-16,-1.0,0,0,0.1,27,1,0,0,0,0,1,1,0,0,0,0,0.064,0,0,0,0,1,0.0,0,0,0.0,0
invictus_enriched.csv:2627,bert-jan,2023-07-10 12:28:32+00:00,0,1,0.8,2,1,1.0,0,0.5663888888888889,1.0,1.2246467991473532e-16,-1.0,0,0,0.1,23,1,0,0,0,0,1,1,0,0,0,0,0.0026666666666666666,0,0,0,0,0,0.0,0,0,0.0,0
invictus_enriched.csv:2628,bert-jan,2023-07-10 12:28:32+00:00,0,1,0.8,2,1,1.0,0,0.5663888888888889,1.0,1.2246467991473532e-16,-1.0,0,0,0.1,97,4,0,0,1,0,0,1,0,0,0,0,0.164,0,0,0,0,0,0.0,0,0,0.0,0
invictus_enriched.csv:2629,bert-jan,2023-07-10 12:28:32+00:00,0,1,0.8,2,1,1.0,0,0.5663888888888889,1.0,1.2246467991473532e-16,-1.0,0,0,0.1,23,1,0,0,0,0,1,1,0,0,0,0,0.0026666666666666666,0,0,0,0,0,0.0,0,0,0.0,0
invictus_enriched.csv:2630,bert-jan,2023-07-10 12:28:32+00:00,0,1,0.8,2,1,1.0,0,0.5663888888888889,1.0,1.2246467991473532e-16,-1.0,0,0,0.1,43,3,0,0,0,0,0,1,0,0,0,0,0.26,0,0,0,0,0,0.0,0,0,0.0,0
invictus_enriched.csv:2631,bert-jan,2023-07-10 12:28:32+00:00,0,1,0.8,2,1,1.0,0,0.5663888888888889,1.0,1.2246467991473532e-16,-1.0,0,0,0.1,27,1,0,0,0,0,1,1,0,0,0,0,0.06666666666666667,0,0,0,0,1,0.0,0,0,0.0,0
invictus_enriched.csv:2632,bert-jan,2023-07-10 12:28:33+00:00,0,1,0.8,2,1,0.9997222222222222,0,0.5666666666666667,1.0,1.2246467991473532e-16,-1.0,0,0,0.1,166,3,1,0,0,0,0,0,0,0,0,0,0.08933333333333333,0,0,0,0,0,0.0,0,0,0.0,0
invictus_enriched.csv:2633,bert-jan,2023-07-10 12:28:33+00:00,0,1,0.8,2,1,1.0,0,0.5666666666666667,1.0,1.2246467991473532e-16,-1.0,0,0,0.1,26,1,0,0,0,0,1,1,0,0,0,0,0.072,0,0,0,0,0,0.0,0,0,0.0,0
invictus_enriched.csv:2634,bert-jan,2023-07-10 12:28:33+00:00,0,1,0.8,2,1,1.0,0,0.5666666666666667,1.0,1.2246467991473532e-16,-1.0,0,0,0.1,28,1,0,0,0,0,1,1,0,0,0,0,0.072,0,0,0,0,0,0.0,0,0,0.0,0
invictus_enriched.csv:2635,bert-jan,2023-07-10 12:28:33+00:00,0,1,0.8,2,1,1.0,0,0.5666666666666667,1.0,1.2246467991473532e-16,-1.0,0,0,0.2,22,2,0,0,0,0,0,1,0,1,0,0,0.0026666666666666666,0,0,0,0,0,0.0,0,0,0.0,0
invictus_enriched.csv:2636,bert-jan,2023-07-10 12:28:33+00:00,0,1,0.8,2,1,1.0,0,0.5666666666666667,1.0,1.2246467991473532e-16,-1.0,0,0,0.1,101,4,0,0,0,0,0,1,0,0,0,0,0.212,0,0,0,0,0,0.0,0,0,0.0,0
invictus_enriched.csv:2637,bert-jan,2023-07-10 12:28:33+00:00,0,1,0.8,2,1,1.0,0,0.5666666666666667,1.0,1.2246467991473532e-16,-1.0,0,0,0.1,3,4,0,0,1,0,0,1,0,0,0,0,0.18266666666666667,0,0,0,0,0,0.0,0,0,0.0,0
invictus_enriched.csv:2638,bert-jan,2023-07-10 12:28:33+00:00,0,1,0.8,2,1,1.0,0,0.5666666666666667,1.0,1.2246467991473532e-16,-1.0,0,0,0.1,101,4,0,0,0,0,0,1,0,0,0,0,0.17733333333333334,0,0,0,0,0,0.0,0,0,0.0,0
invictus_enriched.csv:2639,bert-jan,2023-07-10 12:28:33+00:00,0,1,0.8,2,1,1.0,0,0.5666666666666667,1.0,1.2246467991473532e-16,-1.0,0,0,0.1,45,3,0,0,0,0,0,1,0,0,0,0,0.272,0,0,0,0,0,0.0,0,0,0.0,0
invictus_enriched.csv:2640,bert-jan,2023-07-10 12:28:33+00:00,0,1,0.8,2,1,1.0,0,0.5666666666666667,1.0,1.2246467991473532e-16,-1.0,0,0,0.1,98,4,0,0,0,0,0,1,0,0,0,0,0.20666666666666667,0,0,0,0,0,0.0,0,0,0.0,0
invictus_enriched.csv:2641,bert-jan,2023-07-10 12:28:33+00:00,0,1,0.8,2,1,1.0,0,0.5666666666666667,1.0,1.2246467991473532e-16,-1.0,0,0,0.1,252,1,0,0,0,0,1,1,0,0,0,0,0.06666666666666667,0,0,0,0,0,0.0,0,0,0.0,0
invictus_enriched.csv:2642,bert-jan,2023-07-10 12:28:33+00:00,0,1,0.8,2,1,1.0,1,0.5666666666666667,1.0,1.2246467991473532e-16,-1.0,0,0,0.1,19,1,0,0,0,0,1,1,0,0,0,0,0.068,0,0,0,0,0,0.0,0,0,0.0,0
invictus_enriched.csv:2643,bert-jan,2023-07-10 12:28:33+00:00,0,1,0.8,2,1,1.0,0,0.5666666666666667,1.0,1.2246467991473532e-16,-1.0,0,0,0.1,43,3,0,0,0,0,0,1,0,0,0,0,0.26,0,0,0,0,0,0.0,0,0,0.0,0
invictus_enriched.csv:2644,bert-jan,2023-07-10 12:28:33+00:00,0,1,0.8,2,1,1.0,0,0.5666666666666667,1.0,1.2246467991473532e-16,-1.0,0,0,0.1,230,1,0,0,0,0,1,1,0,0,0,0,0.068,0,0,0,0,0,0.0,0,0,0.0,0
invictus_enriched.csv:2645,bert-jan,2023-07-10 12:28:33+00:00,0,1,0.8,2,1,1.0,0,0.5666666666666667,1.0,1.2246467991473532e-16,-1.0,0,0,0.1,230,1,0,0,0,0,1,1,0,0,0,0,0.06666666666666667,0,0,0,0,0,0.0,0,0,0.0,0
invictus_enriched.csv:2646,bert-jan,2023-07-10 12:28:33+00:00,0,1,0.8,2,1,1.0,0,0.5666666666666667,1.0,1.2246467991473532e-16,-1.0,0,0,0.1,19,1,0,0,0,0,1,1,0,0,0,0,0.06666666666666667,0,0,0,0,0,0.0,0,0,0.0,0
invictus_enriched.csv:2647,bert-jan,2023-07-10 12:28:33+00:00,0,1,0.8,2,1,1.0,0,0.5666666666666667,1.0,1.2246467991473532e-16,-1.0,0,0,0.1,33,3,0,0,0,0,0,1,0,0,0,0,0.3,0,0,0,0,0,0.0,0,0,0.0,0
invictus_enriched.csv:2648,bert-jan,2023-07-10 12:28:33+00:00,0,1,0.8,2,1,1.0,0,0.5666666666666667,1.0,1.2246467991473532e-16,-1.0,0,0,0.1,47,3,0,0,1,0,0,1,0,0,0,0,0.15066666666666667,0,0,0,0,0,0.0,0,0,0.0,0
invictus_enriched.csv:2649,bert-jan,2023-07-10 12:28:33+00:00,0,1,0.8,2,1,1.0,0,0.5666666666666667,1.0,1.2246467991473532e-16,-1.0,0,0,0.1,45,3,0,0,0,0,0,1,0,0,0,0,0.272,0,0,0,0,0,0.0,0,0,0.0,0
invictus_enriched.csv:2650,bert-jan,2023-07-10 12:28:33+00:00,0,1,0.8,2,1,1.0,0,0.5666666666666667,1.0,1.2246467991473532e-16,-1.0,0,0,0.1,47,3,0,0,0,0,0,1,0,0,0,0,0.304,0,0,0,0,0,0.0,0,0,0.0,0
invictus_enriched.csv:2651,bert-jan,2023-07-10 12:28:33+00:00,0,1,0.8,2,1,1.0,0,0.5666666666666667,1.0,1.2246467991473532e-16,-1.0,0,0,0.1,47,3,0,0,0,0,0,1,0,0,0,0,0.304,0,0,0,0,0,0.0,0,0,0.0,0
invictus_enriched.csv:2652,bert-jan,2023-07-10 12:28:33+00:00,0,1,0.8,2,1,1.0,0,0.5666666666666667,1.0,1.2246467991473532e-16,-1.0,0,0,0.1,237,1,1,0,0,0,1,0,0,0,0,0,0.06666666666666667,0,0,0,0,0,0.0,0,0,0.0,0
invictus_enriched.csv:2653,bert-jan,2023-07-10 12:28:33+00:00,0,1,0.8,2,1,1.0,0,0.5666666666666667,1.0,1.2246467991473532e-16,-1.0,0,0,0.1,98,4,0,0,0,0,0,1,0,0,0,0,0.172,0,0,0,0,0,0.0,0,0,0.0,0
invictus_enriched.csv:2654,bert-jan,2023-07-10 12:28:33+00:00,0,1,0.8,2,1,1.0,0,0.5666666666666667,1.0,1.2246467991473532e-16,-1.0,0,0,0.1,19,1,0,0,0,0,1,1,0,0,0,0,0.064,0,0,0,0,0,0.0,0,0,0.0,0
invictus_enriched.csv:2655,bert-jan,2023-07-10 12:28:33+00:00,0,1,0.8,2,1,1.0,0,0.5666666666666667,1.0,1.2246467991473532e-16,-1.0,0,0,0.1,23,1,0,0,0,0,1,1,0,0,0,0,0.0026666666666666666,0,0,0,0,0,0.0,0,0,0.0,0
invictus_enriched.csv:2656,bert-jan,2023-07-10 12:28:33+00:00,0,1,0.8,2,1,1.0,0,0.5666666666666667,1.0,1.2246467991473532e-16,-1.0,0,0,0.1,23,1,0,0,0,0,1,1,0,0,0,0,0.0026666666666666666,0,0,0,0,0,0.0,0,0,0.0,0
invictus_enriched.csv:2657,bert-jan,2023-07-10 12:28:33+00:00,0,1,0.8,2,1,1.0,0,0.5666666666666667,1.0,1.2246467991473532e-16,-1.0,0,0,0.1,165,3,1,0,0,0,0,0,0,0,0,0,0.07466666666666667,0,0,0,0,0,0.0,0,0,0.0,0
invictus_enriched.csv:2658,bert-jan,2023-07-10 12:28:33+00:00,0,1,0.8,2,1,1.0,0,0.5666666666666667,1.0,1.2246467991473532e-16,-1.0,0,0,0.1,230,1,0,0,0,0,1,1,0,0,0,0,0.064,0,0,0,0,0,0.0,0,0,0.0,0
invictus_enriched.csv:2659,bert-jan,2023-07-10 12:28:33+00:00,0,1,0.8,2,1,1.0,0,0.5666666666666667,1.0,1.2246467991473532e-16,-1.0,0,0,0.1,39,3,0,0,0,0,0,1,0,0,0,0,0.04533333333333334,0,0,0,0,0,0.0,0,0,0.0,0
invictus_enriched.csv:2660,bert-jan,2023-07-10 12:28:33+00:00,0,1,0.8,2,1,1.0,0,0.5666666666666667,1.0,1.2246467991473532e-16,-1.0,0,0,0.1,39,3,0,0,0,0,0,1,0,0,0,0,0.04533333333333334,0,0,0,0,0,0.0,0,0,0.0,0
invictus_enriched.csv:2661,bert-jan,2023-07-10 12:28:33+00:00,0,1,0.8,2,1,1.0,0,0.5666666666666667,1.0,1.2246467991473532e-16,-1.0,0,0,0.1,41,3,0,0,0,0,0,1,0,0,0,0,0.13733333333333334,0,0,0,0,0,0.0,0,0,0.0,0
invictus_enriched.csv:2662,bert-jan,2023-07-10 12:28:33+00:00,0,1,0.8,2,1,1.0,0,0.5666666666666667,1.0,1.2246467991473532e-16,-1.0,0,0,0.1,23,1,0,0,0,0,1,1,0,0,0,0,0.0026666666666666666,0,0,0,0,0,0.0,0,0,0.0,0
invictus_enriched.csv:2663,bert-jan,2023-07-10 12:28:33+00:00,0,1,0.8,2,1,1.0,0,0.5666666666666667,1.0,1.2246467991473532e-16,-1.0,0,0,0.1,38,3,0,0,0,0,0,1,0,0,0,0,0.1,0,0,0,0,0,0.0,0,0,0.0,0
invictus_enriched.csv:2664,bert-jan,2023-07-10 12:28:33+00:00,0,1,0.8,2,1,1.0,0,0.5666666666666667,1.0,1.2246467991473532e-16,-1.0,0,0,0.1,23,1,0,0,0,0,1,1,0,0,0,0,0.0026666666666666666,0,0,0,0,0,0.0,0,0,0.0,0
invictus_enriched.csv:2665,bert-jan,2023-07-10 12:28:33+00:00,0,1,0.8,2,1,1.0,0,0.5666666666666667,1.0,1.2246467991473532e-16,-1.0,0,0,0.1,252,1,0,0,0,0,1,1,0,0,0,0,0.064,0,0,0,0,0,0.0,0,0,0.0,0
invictus_enriched.csv:2666,bert-jan,2023-07-10 12:28:33+00:00,0,1,0.8,2,1,1.0,0,0.5666666666666667,1.0,1.2246467991473532e-16,-1.0,0,0,0.1,32,3,0,0,0,0,0,1,0,0,0,0,0.2,0,0,0,0,0,0.0,0,0,0.0,0
invictus_enriched.csv:2667,bert-jan,2023-07-10 12:28:33+00:00,0,1,0.8,2,1,1.0,0,0.5666666666666667,1.0,1.2246467991473532e-16,-1.0,0,0,0.1,26,1,0,0,0,0,1,1,0,0,0,0,0.06666666666666667,0,0,0,0,0,0.0,0,0,0.0,0
invictus_enriched.csv:2668,bert-jan,2023-07-10 12:28:33+00:00,0,1,0.8,2,1,1.0,0,0.5666666666666667,1.0,1.2246467991473532e-16,-1.0,0,0,0.1,28,1,0,0,0,0,1,1,0,0,0,0,0.06666666666666667,0,0,0,0,0,0.0,0,0,0.0,0
invictus_enriched.csv:2669,bert-jan,2023-07-10 12:28:33+00:00,0,1,0.8,2,1,1.0,0,0.5666666666666667,1.0,1.2246467991473532e-16,-1.0,0,0,0.1,27,1,0,0,0,0,1,1,0,0,0,0,0.06666666666666667,0,0,0,0,1,0.0,0,0,0.0,0
invictus_enriched.csv:2670,bert-jan,2023-07-10 12:28:33+00:00,0,1,0.8,2,1,1.0,0,0.5666666666666667,1.0,1.2246467991473532e-16,-1.0,0,0,0.1,37,3,0,0,0,0,0,1,0,0,0,0,0.10133333333333333,0,0,0,0,0,0.0,0,0,0.0,0
invictus_enriched.csv:2671,bert-jan,2023-07-10 12:28:34+00:00,0,1,0.8,2,1,0.9997222222222222,0,0.5669444444444445,1.0,1.2246467991473532e-16,-1.0,0,0,0.1,27,1,0,0,0,0,1,1,0,0,0,0,0.064,0,0,0,0,1,0.0,0,0,0.0,0
invictus_enriched.csv:2672,bert-jan,2023-07-10 12:28:34+00:00,0,1,0.8,2,1,1.0,1,0.5669444444444445,1.0,1.2246467991473532e-16,-1.0,0,0,0.1,20,1,0,0,0,0,1,1,0,0,0,0,0.068,0,0,0,0,0,0.0,0,0,0.0,0
invictus_enriched.csv:2673,bert-jan,2023-07-10 12:28:34+00:00,0,1,0.8,2,1,1.0,0,0.5669444444444445,1.0,1.2246467991473532e-16,-1.0,0,0,0.1,237,1,1,0,1,0,1,0,0,0,0,0,0.068,0,0,0,0,0,0.0,0,0,0.0,0
invictus_enriched.csv:2674,bert-jan,2023-07-10 12:28:34+00:00,0,1,0.8,2,1,1.0,0,0.5669444444444445,1.0,1.2246467991473532e-16,-1.0,0,0,0.1,20,1,0,0,0,0,1,1,0,0,0,0,0.064,0,0,0,0,0,0.0,0,0,0.0,0
invictus_enriched.csv:2675,bert-jan,2023-07-10 12:28:34+00:00,0,1,0.8,2,1,1.0,0,0.5669444444444445,1.0,1.2246467991473532e-16,-1.0,0,0,0.1,102,4,0,0,1,0,0,1,0,0,0,0,0.208,0,0,0,0,0,0.0,0,0,0.0,0
invictus_enriched.csv:2676,bert-jan,2023-07-10 12:28:34+00:00,0,1,0.8,2,1,1.0,1,0.5669444444444445,1.0,1.2246467991473532e-16,-1.0,0,0,0.1,253,1,0,0,0,0,1,1,0,0,0,0,0.042666666666666665,0,0,0,0,0,0.0,0,0,0.0,0
invictus_enriched.csv:2677,bert-jan,2023-07-10 12:28:34+00:00,0,1,0.8,2,1,1.0,1,0.5669444444444445,1.0,1.2246467991473532e-16,-1.0,0,0,0.1,254,1,0,0,0,0,1,1,0,0,0,0,0.06666666666666667,0,0,0,0,0,0.0,0,0,0.0,0
invictus_enriched.csv:2678,bert-jan,2023-07-10 12:28:34+00:00,0,1,0.8,2,1,1.0,1,0.5669444444444445,1.0,1.2246467991473532e-16,-1.0,0,0,0.1,255,1,0,0,0,0,1,1,0,0,0,0,0.06666666666666667,0,0,0,0,0,0.0,0,0,0.0,0
invictus_enriched.csv:2679,bert-jan,2023-07-10 12:28:34+00:00,0,0,0.8,2,1,1.0,0,0.5669444444444445,1.0,1.2246467991473532e-16,-1.0,0,0,0.1,249,0,0,0,0,0,0,1,0,0,0,0,0.11066666666666666,0,0,0,0,0,0.0,0,0,0.0,0
invictus_enriched.csv:2680,bert-jan,2023-07-10 12:28:34+00:00,0,1,0.8,2,1,1.0,0,0.5669444444444445,1.0,1.2246467991473532e-16,-1.0,0,0,0.1,53,3,0,0,1,0,0,1,0,0,0,0,0.11333333333333333,0,0,0,0,0,0.0,0,0,0.0,0
invictus_enriched.csv:2681,bert-jan,2023-07-10 12:28:34+00:00,0,1,0.8,2,1,1.0,0,0.5669444444444445,1.0,1.2246467991473532e-16,-1.0,0,0,0.1,237,1,1,0,1,0,1,0,0,0,0,0,0.06666666666666667,0,0,0,0,0,0.0,0,0,0.0,0
invictus_enriched.csv:2682,bert-jan,2023-07-10 12:28:34+00:00,0,1,0.8,2,1,1.0,0,0.5669444444444445,1.0,1.2246467991473532e-16,-1.0,0,0,0.1,127,1,0,0,0,0,1,1,0,0,0,0,0.064,0,0,0,0,0,0.0,0,0,0.0,0
invictus_enriched.csv:2683,bert-jan,2023-07-10 12:28:34+00:00,0,1,0.8,2,1,1.0,0,0.5669444444444445,1.0,1.2246467991473532e-16,-1.0,0,0,0.1,253,1,0,0,0,0,1,1,0,0,0,0,0.042666666666666665,0,0,0,0,0,0.0,0,0,0.0,0
invictus_enriched.csv:2684,bert-jan,2023-07-10 12:28:34+00:00,0,1,0.8,2,1,1.0,0,0.5669444444444445,1.0,1.2246467991473532e-16,-1.0,0,0,0.1,20,1,0,0,0,0,1,1,0,0,0,0,0.06666666666666667,0,0,0,0,0,0.0,0,0,0.0,0
invictus_enriched.csv:2685,bert-jan,2023-07-10 12:28:34+00:00,0,1,0.8,2,1,1.0,0,0.5669444444444445,1.0,1.2246467991473532e-16,-1.0,0,0,0.1,2,4,0,0,0,0,0,1,0,0,0,0,0.168,0,0,0,0,0,0.0,0,0,0.0,0
invictus_enriched.csv:2686,bert-jan,2023-07-10 12:28:34+00:00,0,1,0.8,2,1,1.0,0,0.5669444444444445,1.0,1.2246467991473532e-16,-1.0,0,0,0.1,253,1,0,0,0,0,1,1,0,0,0,0,0.042666666666666665,0,0,0,0,0,0.0,0,0,0.0,0
invictus_enriched.csv:2687,bert-jan,2023-07-10 12:28:34+00:00,0,1,0.8,2,1,1.0,0,0.5669444444444445,1.0,1.2246467991473532e-16,-1.0,0,0,0.1,45,3,0,0,0,0,0,1,0,0,0,0,0.272,0,0,0,0,0,0.0,0,0,0.0,0
invictus_enriched.csv:2688,bert-jan,2023-07-10 12:28:34+00:00,0,1,0.8,2,1,1.0,0,0.5669444444444445,1.0,1.2246467991473532e-16,-1.0,0,0,0.1,47,3,0,0,0,0,0,1,0,0,0,0,0.304,0,0,0,0,0,0.0,0,0,0.0,0
invictus_enriched.csv:2689,bert-jan,2023-07-10 12:28:34+00:00,0,1,0.8,2,1,1.0,0,0.5669444444444445,1.0,1.2246467991473532e-16,-1.0,0,0,0.1,45,3,0,0,0,0,0,1,0,0,0,0,0.12266666666666666,0,0,0,0,0,0.0,0,0,0.0,0
invictus_enriched.csv:2690,bert-jan,2023-07-10 12:28:34+00:00,0,1,0.8,2,1,1.0,0,0.5669444444444445,1.0,1.2246467991473532e-16,-1.0,0,0,0.1,2,4,0,0,0,0,0,1,0,0,0,0,0.184,0,0,0,0,0,0.0,0,0,0.0,0
invictus_enriched.csv:2691,bert-jan,2023-07-10 12:28:34+00:00,0,1,0.8,2,1,1.0,0,0.5669444444444445,1.0,1.2246467991473532e-16,-1.0,0,0,0.1,126,1,1,0,0,0,1,0,0,0,0,0,0.144,0,0,0,0,0,0.0,0,0,1.0,0
invictus_enriched.csv:2692,bert-jan,2023-07-10 12:28:34+00:00,0,1,0.8,2,1,1.0,0,0.5669444444444445,1.0,1.2246467991473532e-16,-1.0,0,0,0.1,45,3,0,0,0,0,0,1,0,0,0,0,0.12266666666666666,0,0,0,0,0,0.0,0,0,0.0,0
invictus_enriched.csv:2693,bert-jan,2023-07-10 12:28:34+00:00,0,1,0.8,2,1,1.0,0,0.5669444444444445,1.0,1.2246467991473532e-16,-1.0,0,0,0.1,43,3,0,0,0,0,0,1,0,0,0,0,0.26,0,0,0,0,0,0.0,0,0,0.0,0
invictus_enriched.csv:2694,bert-jan,2023-07-10 12:28:34+00:00,0,1,0.8,2,1,1.0,0,0.5669444444444445,1.0,1.2246467991473532e-16,-1.0,0,0,0.1,100,4,0,0,1,0,0,1,0,0,0,0,0.18666666666666668,0,0,0,0,0,0.0,0,0,0.0,0
invictus_enriched.csv:2695,bert-jan,2023-07-10 12:28:34+00:00,0,1,0.8,2,1,1.0,0,0.5669444444444445,1.0,1.2246467991473532e-16,-1.0,0,0,0.1,47,3,0,0,0,0,0,1,0,0,0,0,0.304,0,0,0,0,0,0.0,0,0,0.0,0
invictus_enriched.csv:2696,bert-jan,2023-07-10 12:28:34+00:00,0,0,0.8,2,1,1.0,0,0.5669444444444445,1.0,1.2246467991473532e-16,-1.0,0,0,0.1,249,0,0,0,0,0,0,1,0,0,0,0,0.10933333333333334,0,0,0,0,0,0.0,0,0,0.0,0
invictus_enriched.csv:2697,bert-jan,2023-07-10 12:28:34+00:00,0,0,0.8,2,1,1.0,0,0.5669444444444445,1.0,1.2246467991473532e-16,-1.0,0,0,0.1,249,0,0,0,0,0,0,1,0,0,0,0,0.08266666666666667,0,0,0,0,0,0.0,0,0,0.0,0
invictus_enriched.csv:2698,bert-jan,2023-07-10 12:28:34+00:00,0,1,0.8,2,1,1.0,0,0.5669444444444445,1.0,1.2246467991473532e-16,-1.0,0,0,0.1,52,3,0,0,0,0,0,1,0,0,0,0,0.136,0,0,0,0,0,0.0,0,0,0.0,0
invictus_enriched.csv:2699,bert-jan,2023-07-10 12:28:34+00:00,0,1,0.8,2,1,1.0,0,0.5669444444444445,1.0,1.2246467991473532e-16,-1.0,0,0,0.1,39,3,0,0,0,0,0,1,0,0,0,0,0.04533333333333334,0,0,0,0,0,0.0,0,0,0.0,0
invictus_enriched.csv:2700,bert-jan,2023-07-10 12:28:34+00:00,0,1,0.8,2,1,1.0,0,0.5669444444444445,1.0,1.2246467991473532e-16,-1.0,0,0,0.1,45,3,0,0,0,0,0,1,0,0,0,0,0.12266666666666666,0,0,0,0,0,0.0,0,0,0.0,0
invictus_enriched.csv:2701,bert-jan,2023-07-10 12:28:34+00:00,0,1,0.8,2,1,1.0,0,0.5669444444444445,1.0,1.2246467991473532e-16,-1.0,0,0,0.1,53,3,0,0,0,0,0,1,0,0,0,0,0.11333333333333333,0,0,0,0,0,0.0,0,0,0.0,0
invictus_enriched.csv:2702,bert-jan,2023-07-10 12:28:34+00:00,0,1,0.8,2,1,1.0,0,0.5669444444444445,1.0,1.2246467991473532e-16,-1.0,0,0,0.1,100,4,0,0,1,0,0,1,0,0,0,0,0.17066666666666666,0,0,0,0,0,0.0,0,0,0.0,0
invictus_enriched.csv:2703,bert-jan,2023-07-10 12:28:34+00:00,0,1,0.8,2,1,1.0,0,0.5669444444444445,1.0,1.2246467991473532e-16,-1.0,0,0,0.1,4,4,0,0,0,0,0,1,0,0,0,0,0.17866666666666667,0,0,0,0,0,0.0,0,0,0.0,0
invictus_enriched.csv:2704,bert-jan,2023-07-10 12:28:34+00:00,0,1,0.8,2,1,1.0,0,0.5669444444444445,1.0,1.2246467991473532e-16,-1.0,0,0,0.1,102,4,0,0,1,0,0,1,0,0,0,0,0.17333333333333334,0,0,0,0,0,0.0,0,0,0.0,0
invictus_enriched.csv:2705,bert-jan,2023-07-10 12:28:34+00:00,0,1,0.8,2,1,1.0,0,0.5669444444444445,1.0,1.2246467991473532e-16,-1.0,0,0,0.1,52,3,0,0,0,0,0,1,0,0,0,0,0.136,0,0,0,0,0,0.0,0,0,0.0,0
invictus_enriched.csv:2706,bert-jan,2023-07-10 12:28:34+00:00,0,1,0.8,2,1,1.0,0,0.5669444444444445,1.0,1.2246467991473532e-16,-1.0,0,0,0.1,97,4,0,0,1,0,0,1,0,0,0,0,0.18,0,0,0,0,0,0.0,0,0,0.0,0
invictus_enriched.csv:2707,bert-jan,2023-07-10 12:28:34+00:00,0,1,0.8,2,1,1.0,0,0.5669444444444445,1.0,1.2246467991473532e-16,-1.0,0,0,0.1,100,4,0,0,1,0,0,1,0,0,0,0,0.20533333333333334,0,0,0,0,0,0.0,0,0,0.0,0
invictus_enriched.csv:2708,bert-jan,2023-07-10 12:28:34+00:00,0,1,0.8,2,1,1.0,0,0.5669444444444445,1.0,1.2246467991473532e-16,-1.0,0,0,0.1,233,1,1,0,0,0,1,0,0,0,0,0,0.06666666666666667,0,0,0,0,0,0.0,0,0,0.0,0
invictus_enriched.csv:2709,bert-jan,2023-07-10 12:28:34+00:00,0,1,0.8,2,1,1.0,0,0.5669444444444445,1.0,1.2246467991473532e-16,-1.0,0,0,0.1,27,1,0,0,0,0,1,1,0,0,0,0,0.072,0,0,0,0,1,0.0,0,0,0.0,0
invictus_enriched.csv:2710,bert-jan,2023-07-10 12:28:34+00:00,0,1,0.8,2,1,1.0,0,0.5669444444444445,1.0,1.2246467991473532e-16,-1.0,0,0,0.1,99,4,0,0,0,0,0,1,0,0,0,0,0.188,0,0,0,0,0,0.0,0,0,0.0,0
invictus_enriched.csv:2711,bert-jan,2023-07-10 12:28:34+00:00,0,1,0.8,2,1,1.0,0,0.5669444444444445,1.0,1.2246467991473532e-16,-1.0,0,0,0.1,66,3,0,0,1,0,0,1,0,0,0,0,0.10933333333333334,0,0,0,0,0,0.0,0,0,0.0,0
invictus_enriched.csv:2712,bert-jan,2023-07-10 12:28:34+00:00,0,1,0.8,2,1,1.0,0,0.5669444444444445,1.0,1.2246467991473532e-16,-1.0,0,0,0.1,98,4,0,0,0,0,0,1,0,0,0,0,0.188,0,0,0,0,0,0.0,0,0,0.0,0
invictus_enriched.csv:2713,bert-jan,2023-07-10 12:28:34+00:00,0,1,0.8,2,1,1.0,0,0.5669444444444445,1.0,1.2246467991473532e-16,-1.0,0,0,0.1,103,4,0,0,0,0,0,1,0,0,0,0,0.188,0,0,0,0,0,0.0,0,0,0.0,0
invictus_enriched.csv:2714,bert-jan,2023-07-10 12:28:34+00:00,0,1,0.8,2,1,1.0,0,0.5669444444444445,1.0,1.2246467991473532e-16,-1.0,0,0,0.1,53,3,0,0,0,0,0,1,0,0,0,0,0.11333333333333333,0,0,0,0,0,0.0,0,0,0.0,0
invictus_enriched.csv:2715,bert-jan,2023-07-10 12:28:34+00:00,0,1,0.8,2,1,1.0,0,0.5669444444444445,1.0,1.2246467991473532e-16,-1.0,0,0,0.1,96,4,0,0,1,0,0,1,0,0,0,0,0.184,0,0,0,0,0,0.0,0,0,0.0,0
invictus_enriched.csv:2716,bert-jan,2023-07-10 12:28:34+00:00,0,1,0.8,2,1,1.0,0,0.5669444444444445,1.0,1.2246467991473532e-16,-1.0,0,0,0.1,45,3,0,0,0,0,0,1,0,0,0,0,0.12266666666666666,0,0,0,0,0,0.0,0,0,0.0,0
invictus_enriched.csv:2717,bert-jan,2023-07-10 12:28:34+00:00,0,1,0.8,2,1,1.0,0,0.5669444444444445,1.0,1.2246467991473532e-16,-1.0,0,0,0.1,102,4,0,0,1,0,0,1,0,0,0,0,0.18933333333333333,0,0,0,0,0,0.0,0,0,0.0,0
invictus_enriched.csv:2718,bert-jan,2023-07-10 12:28:34+00:00,0,1,0.8,2,1,1.0,0,0.5669444444444445,1.0,1.2246467991473532e-16,-1.0,0,0,0.1,53,3,0,0,0,0,0,1,0,0,0,0,0.11333333333333333,0,0,0,0,0,0.0,0,0,0.0,0
invictus_enriched.csv:2719,bert-jan,2023-07-10 12:28:34+00:00,0,1,0.8,2,1,1.0,0,0.5669444444444445,1.0,1.2246467991473532e-16,-1.0,0,0,0.1,101,4,0,0,0,0,0,1,0,0,0,0,0.19333333333333333,0,0,0,0,0,0.0,0,0,0.0,0
invictus_enriched.csv:2720,bert-jan,2023-07-10 12:28:34+00:00,0,1,0.8,2,1,1.0,0,0.5669444444444445,1.0,1.2246467991473532e-16,-1.0,0,0,0.1,23,1,0,0,0,0,1,1,0,0,0,0,0.0026666666666666666,0,0,0,0,0,0.0,0,0,0.0,0
invictus_enriched.csv:2721,bert-jan,2023-07-10 12:28:34+00:00,0,1,0.8,2,1,1.0,0,0.5669444444444445,1.0,1.2246467991473532e-16,-1.0,0,0,0.1,2,4,0,0,0,0,0,1,0,0,0,0,0.20266666666666666,0,0,0,0,0,0.0,0,0,0.0,0
invictus_enriched.csv:2722,bert-jan,2023-07-10 12:28:35+00:00,0,1,0.8,2,1,0.9997222222222222,0,0.5672222222222222,1.0,1.2246467991473532e-16,-1.0,0,0,0.1,104,4,0,0,1,0,0,1,0,0,0,0,0.17333333333333334,0,0,0,0,0,0.0,0,0,0.0,0
invictus_enriched.csv:2723,bert-jan,2023-07-10 12:28:35+00:00,0,1,0.8,2,1,1.0,0,0.5672222222222222,1.0,1.2246467991473532e-16,-1.0,0,0,0.1,23,1,0,0,0,0,1,1,0,0,0,0,0.0026666666666666666,0,0,0,0,0,0.0,0,0,0.0,0
invictus_enriched.csv:2724,bert-jan,2023-07-10 12:28:35+00:00,0,1,0.8,2,1,1.0,0,0.5672222222222222,1.0,1.2246467991473532e-16,-1.0,0,0,0.1,233,1,1,0,0,0,1,0,0,0,0,0,0.064,0,0,0,0,0,0.0,0,0,0.0,0
invictus_enriched.csv:2725,bert-jan,2023-07-10 12:28:35+00:00,0,1,0.8,2,1,1.0,0,0.5672222222222222,1.0,1.2246467991473532e-16,-1.0,0,0,0.1,201,8,0,0,0,0,0,1,0,0,0,0,0.1,0,0,0,0,0,0.0,0,0,0.0,0
invictus_enriched.csv:2726,bert-jan,2023-07-10 12:28:35+00:00,0,1,0.8,2,1,1.0,0,0.5672222222222222,1.0,1.2246467991473532e-16,-1.0,0,0,0.1,142,3,1,0,0,0,0,0,0,0,0,0,0.06133333333333333,0,0,0,0,0,0.0,0,0,0.0,0
invictus_enriched.csv:2727,bert-jan,2023-07-10 12:28:35+00:00,0,1,0.8,2,1,1.0,0,0.5672222222222222,1.0,1.2246467991473532e-16,-1.0,0,0,0.1,104,4,0,0,1,0,0,1,0,0,0,0,0.208,0,0,0,0,0,0.0,0,0,0.0,0
invictus_enriched.csv:2728,bert-jan,2023-07-10 12:28:35+00:00,0,1,0.8,2,1,1.0,0,0.5672222222222222,1.0,1.2246467991473532e-16,-1.0,0,0,0.1,134,3,1,0,0,0,0,0,0,0,0,0,0.04533333333333334,0,0,0,0,0,0.0,0,0,0.0,0
invictus_enriched.csv:2729,bert-jan,2023-07-10 12:28:35+00:00,0,1,0.8,2,1,1.0,0,0.5672222222222222,1.0,1.2246467991473532e-16,-1.0,0,0,0.1,127,1,0,0,0,0,1,1,0,0,0,0,0.06666666666666667,0,0,0,0,0,0.0,0,0,0.0,0
invictus_enriched.csv:2730,bert-jan,2023-07-10 12:28:35+00:00,0,1,0.8,2,1,1.0,0,0.5672222222222222,1.0,1.2246467991473532e-16,-1.0,0,0,0.1,60,3,0,0,0,0,0,1,0,0,0,0,0.30133333333333334,0,0,0,0,0,0.0,0,0,0.0,0
invictus_enriched.csv:2731,bert-jan,2023-07-10 12:28:35+00:00,0,1,0.8,2,1,1.0,0,0.5672222222222222,1.0,1.2246467991473532e-16,-1.0,0,0,0.1,233,1,1,0,0,0,1,0,0,0,0,0,0.068,0,0,0,0,0,0.0,0,0,0.0,0
invictus_enriched.csv:2732,bert-jan,2023-07-10 12:28:35+00:00,0,1,0.8,2,1,1.0,0,0.5672222222222222,1.0,1.2246467991473532e-16,-1.0,0,0,0.1,103,4,0,0,0,0,0,1,0,0,0,0,0.20666666666666667,0,0,0,0,0,0.0,0,0,0.0,0
invictus_enriched.csv:2733,bert-jan,2023-07-10 12:28:35+00:00,0,1,0.8,2,1,1.0,0,0.5672222222222222,1.0,1.2246467991473532e-16,-1.0,0,0,0.1,186,0,0,0,0,0,0,1,0,0,0,0,0.07466666666666667,0,0,0,0,0,0.0,0,0,0.0,0
invictus_enriched.csv:2734,bert-jan,2023-07-10 12:28:35+00:00,0,1,0.8,2,1,1.0,0,0.5672222222222222,1.0,1.2246467991473532e-16,-1.0,0,0,0.1,45,3,0,0,0,0,0,1,0,0,0,0,0.22266666666666668,0,0,0,0,0,0.0,0,0,0.0,0
invictus_enriched.csv:2735,bert-jan,2023-07-10 12:28:35+00:00,0,1,0.8,2,1,1.0,0,0.5672222222222222,1.0,1.2246467991473532e-16,-1.0,0,0,0.1,87,0,0,0,0,0,0,1,0,0,0,0,0.124,0,0,0,0,0,0.0,0,0,0.0,0
invictus_enriched.csv:2736,bert-jan,2023-07-10 12:28:35+00:00,0,1,0.8,2,1,1.0,0,0.5672222222222222,1.0,1.2246467991473532e-16,-1.0,0,0,0.1,130,1,1,0,0,0,1,0,0,0,0,0,0.064,0,0,0,0,0,0.0,0,0,0.0,0
invictus_enriched.csv:2737,bert-jan,2023-07-10 12:28:35+00:00,0,1,0.8,2,1,1.0,0,0.5672222222222222,1.0,1.2246467991473532e-16,-1.0,0,0,0.1,254,1,0,0,0,0,1,1,0,0,0,0,0.064,0,0,0,0,0,0.0,0,0,0.0,0
invictus_enriched.csv:2738,bert-jan,2023-07-10 12:28:35+00:00,0,1,0.8,2,1,1.0,0,0.5672222222222222,1.0,1.2246467991473532e-16,-1.0,0,0,0.1,104,4,0,0,1,0,0,1,0,0,0,0,0.18933333333333333,0,0,0,0,0,0.0,0,0,0.0,0
invictus_enriched.csv:2739,bert-jan,2023-07-10 12:28:35+00:00,0,1,0.8,2,1,1.0,0,0.5672222222222222,1.0,1.2246467991473532e-16,-1.0,0,0,0.1,254,1,0,0,0,0,1,1,0,0,0,0,0.068,0,0,0,0,0,0.0,0,0,0.0,0
invictus_enriched.csv:2740,bert-jan,2023-07-10 12:28:35+00:00,0,1,0.8,2,1,1.0,0,0.5672222222222222,1.0,1.2246467991473532e-16,-1.0,0,0,0.1,130,1,1,0,0,0,1,0,0,0,0,0,0.06666666666666667,0,0,0,0,0,0.0,0,0,0.0,0
invictus_enriched.csv:2741,bert-jan,2023-07-10 12:28:35+00:00,0,1,0.8,2,1,1.0,0,0.5672222222222222,1.0,1.2246467991473532e-16,-1.0,0,0,0.1,93,4,0,0,0,0,0,1,0,0,0,0,0.184,0,0,0,0,0,0.0,0,0,0.0,0
invictus_enriched.csv:2742,bert-jan,2023-07-10 12:28:35+00:00,0,1,0.8,2,1,1.0,0,0.5672222222222222,1.0,1.2246467991473532e-16,-1.0,0,0,0.1,45,3,0,0,0,0,0,1,0,0,0,0,0.22266666666666668,0,0,0,0,0,0.0,0,0,0.0,0
invictus_enriched.csv:2743,bert-jan,2023-07-10 12:28:35+00:00,0,1,0.8,2,1,1.0,0,0.5672222222222222,1.0,1.2246467991473532e-16,-1.0,0,0,0.1,28,1,0,0,0,0,1,1,0,0,0,0,0.064,0,0,0,0,0,0.0,0,0,0.0,0
invictus_enriched.csv:2744,bert-jan,2023-07-10 12:28:35+00:00,0,1,0.8,2,1,1.0,0,0.5672222222222222,1.0,1.2246467991473532e-16,-1.0,0,0,0.1,237,1,1,0,1,0,1,0,0,0,0,0,0.064,0,0,0,0,0,0.0,0,0,0.0,0
invictus_enriched.csv:2745,bert-jan,2023-07-10 12:28:35+00:00,0,1,0.8,2,1,1.0,0,0.5672222222222222,1.0,1.2246467991473532e-16,-1.0,0,0,0.1,103,4,0,0,0,0,0,1,0,0,0,0,0.172,0,0,0,0,0,0.0,0,0,0.0,0
invictus_enriched.csv:2746,bert-jan,2023-07-10 12:28:35+00:00,0,1,0.8,2,1,1.0,0,0.5672222222222222,1.0,1.2246467991473532e-16,-1.0,0,0,0.1,199,8,0,0,0,0,0,1,0,0,0,0,0.07466666666666667,0,0,0,0,0,0.0,0,0,0.0,0
invictus_enriched.csv:2747,bert-jan,2023-07-10 12:28:35+00:00,0,1,0.8,2,1,1.0,0,0.5672222222222222,1.0,1.2246467991473532e-16,-1.0,0,0,0.1,23,1,0,0,0,0,1,1,0,0,0,0,0.0026666666666666666,0,0,0,0,0,0.0,0,0,0.0,0
invictus_enriched.csv:2748,bert-jan,2023-07-10 12:28:36+00:00,0,1,0.8,2,1,0.9997222222222222,0,0.5675,1.0,1.2246467991473532e-16,-1.0,0,0,0.1,188,0,0,0,0,0,0,1,0,0,0,0,0.08533333333333333,0,0,0,0,0,0.0,0,0,0.0,0
invictus_enriched.csv:2749,bert-jan,2023-07-10 12:28:36+00:00,0,1,0.8,2,1,1.0,0,0.5675,1.0,1.2246467991473532e-16,-1.0,0,0,0.1,93,4,0,0,0,0,0,1,0,0,0,0,0.20266666666666666,0,0,0,0,0,0.0,0,0,0.0,0
invictus_enriched.csv:2750,bert-jan,2023-07-10 12:28:36+00:00,0,1,0.8,2,1,1.0,0,0.5675,1.0,1.2246467991473532e-16,-1.0,0,0,0.1,45,3,0,0,0,0,0,1,0,0,0,0,0.12266666666666666,0,0,0,0,0,0.0,0,0,0.0,0
invictus_enriched.csv:2751,bert-jan,2023-07-10 12:28:36+00:00,0,1,0.8,2,1,1.0,0,0.5675,1.0,1.2246467991473532e-16,-1.0,0,0,0.1,23,1,0,0,0,0,1,1,0,0,0,0,0.0026666666666666666,0,0,0,0,0,0.0,0,0,0.0,0
invictus_enriched.csv:2752,bert-jan,2023-07-10 12:28:36+00:00,0,1,0.8,2,1,1.0,0,0.5675,1.0,1.2246467991473532e-16,-1.0,0,0,0.1,93,4,0,0,0,0,0,1,0,0,0,0,0.168,0,0,0,0,0,0.0,0,0,0.0,0
invictus_enriched.csv:2753,bert-jan,2023-07-10 12:28:36+00:00,0,1,0.8,2,1,1.0,0,0.5675,1.0,1.2246467991473532e-16,-1.0,0,0,0.1,200,8,0,0,0,0,0,1,0,0,0,0,0.07466666666666667,0,0,0,0,0,0.0,0,0,0.0,0
invictus_enriched.csv:2754,bert-jan,2023-07-10 12:28:36+00:00,0,1,0.8,2,1,1.0,0,0.5675,1.0,1.2246467991473532e-16,-1.0,0,0,0.1,140,3,1,0,0,0,0,0,0,0,0,0,0.05333333333333334,0,0,0,0,0,0.0,0,0,0.0,0
invictus_enriched.csv:2755,bert-jan,2023-07-10 12:28:36+00:00,0,1,0.8,2,1,1.0,0,0.5675,1.0,1.2246467991473532e-16,-1.0,0,0,0.1,87,0,0,0,0,0,0,1,0,0,0,0,0.12533333333333332,0,0,0,0,0,0.0,0,0,0.0,0
invictus_enriched.csv:2756,bert-jan,2023-07-10 12:28:36+00:00,0,1,0.8,2,1,1.0,0,0.5675,1.0,1.2246467991473532e-16,-1.0,0,0,0.1,138,3,1,0,0,0,0,0,0,0,0,0,0.05466666666666667,0,0,0,0,0,0.0,0,0,0.0,0
invictus_enriched.csv:2757,bert-jan,2023-07-10 12:28:36+00:00,0,1,0.8,2,1,1.0,0,0.5675,1.0,1.2246467991473532e-16,-1.0,0,0,0.1,52,3,0,0,0,0,0,1,0,0,0,0,0.136,0,0,0,0,0,0.0,0,0,0.0,0
invictus_enriched.csv:2758,bert-jan,2023-07-10 12:28:36+00:00,0,1,0.8,2,1,1.0,0,0.5675,1.0,1.2246467991473532e-16,-1.0,0,0,0.1,167,3,1,0,0,0,0,0,0,0,0,0,0.10666666666666667,0,0,0,0,0,0.0,0,0,0.0,0
invictus_enriched.csv:2759,bert-jan,2023-07-10 12:28:37+00:00,0,1,0.8,2,1,0.9997222222222222,0,0.5677777777777778,1.0,1.2246467991473532e-16,-1.0,0,0,0.1,45,3,0,0,1,0,0,1,0,0,0,0,0.12266666666666666,0,0,0,0,0,0.0,0,0,0.0,0
invictus_enriched.csv:2760,bert-jan,2023-07-10 12:28:37+00:00,0,1,0.8,2,1,1.0,0,0.5677777777777778,1.0,1.2246467991473532e-16,-1.0,0,0,0.1,23,1,0,0,0,0,1,1,0,0,0,0,0.0026666666666666666,0,0,0,0,0,0.0,0,0,0.0,0
invictus_enriched.csv:2761,bert-jan,2023-07-10 12:28:37+00:00,0,1,0.8,2,1,1.0,0,0.5677777777777778,1.0,1.2246467991473532e-16,-1.0,0,0,0.1,142,3,1,0,0,0,0,0,0,0,0,0,0.06133333333333333,0,0,0,0,0,0.0,0,0,0.0,0
invictus_enriched.csv:2762,bert-jan,2023-07-10 12:28:37+00:00,0,1,0.8,2,1,1.0,0,0.5677777777777778,1.0,1.2246467991473532e-16,-1.0,0,0,0.1,45,3,0,0,1,0,0,1,0,0,0,0,0.12266666666666666,0,0,0,0,0,0.0,0,0,0.0,0
invictus_enriched.csv:2763,bert-jan,2023-07-10 12:28:37+00:00,0,1,0.8,2,1,1.0,0,0.5677777777777778,1.0,1.2246467991473532e-16,-1.0,0,0,0.1,134,3,1,0,0,0,0,0,0,0,0,0,0.04533333333333334,0,0,0,0,0,0.0,0,0,0.0,0
invictus_enriched.csv:2764,bert-jan,2023-07-10 12:28:37+00:00,0,1,0.8,2,1,1.0,0,0.5677777777777778,1.0,1.2246467991473532e-16,-1.0,0,0,0.1,199,8,0,0,0,0,0,1,0,0,0,0,0.06933333333333333,0,0,0,0,0,0.0,0,0,0.0,0
invictus_enriched.csv:2765,bert-jan,2023-07-10 12:28:37+00:00,0,1,0.8,2,1,1.0,0,0.5677777777777778,1.0,1.2246467991473532e-16,-1.0,0,0,0.1,23,1,0,0,0,0,1,1,0,0,0,0,0.0026666666666666666,0,0,0,0,0,0.0,0,0,0.0,0
invictus_enriched.csv:2766,bert-jan,2023-07-10 12:28:37+00:00,0,1,0.8,2,1,1.0,0,0.5677777777777778,1.0,1.2246467991473532e-16,-1.0,0,0,0.1,145,4,1,0,0,0,0,0,0,0,0,0,0.148,0,0,0,0,0,0.0,0,0,0.0,0
invictus_enriched.csv:2767,bert-jan,2023-07-10 12:28:37+00:00,0,1,0.8,2,1,1.0,0,0.5677777777777778,1.0,1.2246467991473532e-16,-1.0,0,0,0.1,190,0,0,0,0,0,0,1,0,0,0,0,0.11733333333333333,0,0,0,0,0,0.0,0,0,0.0,0
invictus_enriched.csv:2768,bert-jan,2023-07-10 12:28:37+00:00,0,1,0.8,2,1,1.0,0,0.5677777777777778,1.0,1.2246467991473532e-16,-1.0,0,0,0.1,87,0,0,0,0,0,0,1,0,0,0,0,0.10133333333333333,0,0,0,0,0,0.0,0,0,0.0,0
invictus_enriched.csv:2769,bert-jan,2023-07-10 12:28:38+00:00,0,1,0.8,2,1,0.9997222222222222,0,0.5680555555555555,1.0,1.2246467991473532e-16,-1.0,0,0,0.1,23,1,0,0,0,0,1,1,0,0,0,0,0.0026666666666666666,0,0,0,0,0,0.0,0,0,0.0,0
invictus_enriched.csv:2770,bert-jan,2023-07-10 12:28:38+00:00,0,0,0.8,2,1,1.0,0,0.5680555555555555,1.0,1.2246467991473532e-16,-1.0,0,0,0.1,249,0,0,0,0,0,0,1,0,0,0,0,0.07866666666666666,0,0,0,0,0,0.0,0,0,0.0,0
invictus_enriched.csv:2771,bert-jan,2023-07-10 12:28:38+00:00,0,0,0.8,2,1,1.0,0,0.5680555555555555,1.0,1.2246467991473532e-16,-1.0,0,0,0.1,249,0,0,0,0,0,0,1,0,0,0,0,0.08266666666666667,0,0,0,0,0,0.0,0,0,0.0,0
invictus_enriched.csv:2772,bert-jan,2023-07-10 12:28:38+00:00,0,0,0.8,2,1,1.0,0,0.5680555555555555,1.0,1.2246467991473532e-16,-1.0,0,0,0.1,249,0,0,0,0,0,0,1,0,0,0,0,0.192,0,0,0,0,0,0.0,0,0,0.0,0
invictus_enriched.csv:2773,bert-jan,2023-07-10 12:28:38+00:00,0,0,0.8,2,1,1.0,0,0.5680555555555555,1.0,1.2246467991473532e-16,-1.0,0,0,0.1,249,0,0,0,0,0,0,1,0,0,0,0,0.192,0,0,0,0,0,0.0,0,0,0.0,0
invictus_enriched.csv:2774,bert-jan,2023-07-10 12:28:38+00:00,0,1,0.8,2,1,1.0,0,0.5680555555555555,1.0,1.2246467991473532e-16,-1.0,0,0,0.1,201,8,0,0,0,0,0,1,0,0,0,0,0.09466666666666666,0,0,0,0,0,0.0,0,0,0.0,0
invictus_enriched.csv:2775,bert-jan,2023-07-10 12:28:38+00:00,0,1,0.8,2,1,1.0,0,0.5680555555555555,1.0,1.2246467991473532e-16,-1.0,0,0,0.1,200,8,0,0,0,0,0,1,0,0,0,0,0.06933333333333333,0,0,0,0,0,0.0,0,0,0.0,0
invictus_enriched.csv:2776,bert-jan,2023-07-10 12:28:38+00:00,0,1,0.8,2,1,1.0,0,0.5680555555555555,1.0,1.2246467991473532e-16,-1.0,0,0,0.1,145,4,1,0,0,0,0,0,0,0,0,0,0.164,0,0,0,0,0,0.0,0,0,0.0,0
invictus_enriched.csv:2777,bert-jan,2023-07-10 12:28:38+00:00,0,1,0.8,2,1,1.0,0,0.5680555555555555,1.0,1.2246467991473532e-16,-1.0,0,0,0.1,139,3,1,0,0,0,0,0,0,0,0,0,0.06266666666666666,0,0,0,0,0,0.0,0,0,0.0,0
invictus_enriched.csv:2778,bert-jan,2023-07-10 12:28:38+00:00,0,1,0.8,2,1,1.0,1,0.5680555555555555,1.0,1.2246467991473532e-16,-1.0,0,0,0.1,256,8,1,0,0,0,0,0,0,0,0,0,0.07466666666666667,0,0,0,0,0,0.0,0,0,0.0,0
invictus_enriched.csv:2779,bert-jan,2023-07-10 12:28:38+00:00,0,1,0.8,2,1,1.0,0,0.5680555555555555,1.0,1.2246467991473532e-16,-1.0,0,0,0.1,37,3,0,0,1,0,0,1,0,0,0,0,0.10133333333333333,0,0,0,0,0,0.0,0,0,0.0,0
invictus_enriched.csv:2780,bert-jan,2023-07-10 12:28:38+00:00,0,1,0.8,2,1,1.0,0,0.5680555555555555,1.0,1.2246467991473532e-16,-1.0,0,0,0.1,134,3,1,0,0,0,0,0,0,0,0,0,0.04533333333333334,0,0,0,0,0,0.0,0,0,0.0,0
invictus_enriched.csv:2781,bert-jan,2023-07-10 12:28:38+00:00,0,0,0.8,2,1,1.0,0,0.5680555555555555,1.0,1.2246467991473532e-16,-1.0,0,0,0.1,249,0,0,0,0,0,0,1,0,0,0,0,0.192,0,0,0,0,0,0.0,0,0,0.0,0
invictus_enriched.csv:2782,bert-jan,2023-07-10 12:28:38+00:00,0,1,0.8,2,1,1.0,1,0.5680555555555555,1.0,1.2246467991473532e-16,-1.0,0,0,0.1,257,0,1,0,0,0,0,0,0,0,0,0,0.05333333333333334,0,0,0,0,0,0.0,0,0,0.0,0
invictus_enriched.csv:2783,bert-jan,2023-07-10 12:28:38+00:00,0,1,0.8,2,1,1.0,0,0.5680555555555555,1.0,1.2246467991473532e-16,-1.0,0,0,0.1,139,3,1,0,0,0,0,0,0,0,0,0,0.06266666666666666,0,0,0,0,0,0.0,0,0,0.0,0
invictus_enriched.csv:2784,bert-jan,2023-07-10 12:28:38+00:00,0,0,0.8,2,1,1.0,0,0.5680555555555555,1.0,1.2246467991473532e-16,-1.0,0,0,0.1,249,0,0,0,0,0,0,1,0,0,0,0,0.092,0,0,0,0,0,0.0,0,0,0.0,0
invictus_enriched.csv:2785,bert-jan,2023-07-10 12:28:38+00:00,0,1,0.8,2,1,1.0,0,0.5680555555555555,1.0,1.2246467991473532e-16,-1.0,0,0,0.1,130,1,1,0,0,0,1,0,0,0,0,0,0.072,0,0,0,0,0,0.0,0,0,0.0,0
invictus_enriched.csv:2786,bert-jan,2023-07-10 12:28:38+00:00,0,1,0.8,2,1,1.0,0,0.5680555555555555,1.0,1.2246467991473532e-16,-1.0,0,0,0.1,127,1,0,0,0,0,1,1,0,0,0,0,0.072,0,0,0,0,0,0.0,0,0,0.0,0
invictus_enriched.csv:2787,bert-jan,2023-07-10 12:28:39+00:00,0,0,0.8,2,1,0.9997222222222222,0,0.5683333333333334,1.0,1.2246467991473532e-16,-1.0,0,0,0.1,188,0,0,0,0,0,0,1,0,0,0,0,0.124,0,0,0,0,0,0.0,0,0,0.0,0
invictus_enriched.csv:2788,bert-jan,2023-07-10 12:28:39+00:00,0,1,0.8,2,1,1.0,0,0.5683333333333334,1.0,1.2246467991473532e-16,-1.0,0,0,0.1,45,3,0,0,0,0,0,1,0,0,0,0,0.12266666666666666,0,0,0,0,0,0.0,0,0,0.0,0
invictus_enriched.csv:2789,bert-jan,2023-07-10 12:28:39+00:00,0,1,0.8,2,1,1.0,0,0.5683333333333334,1.0,1.2246467991473532e-16,-1.0,0,0,0.1,45,3,0,0,0,0,0,1,0,0,0,0,0.22266666666666668,0,0,0,0,0,0.0,0,0,0.0,0
invictus_enriched.csv:2790,bert-jan,2023-07-10 12:28:39+00:00,0,0,0.8,2,1,1.0,0,0.5683333333333334,1.0,1.2246467991473532e-16,-1.0,0,0,0.1,249,0,0,0,0,0,0,1,0,0,0,0,0.19733333333333333,0,0,0,0,0,0.0,0,0,0.0,0
invictus_enriched.csv:2791,bert-jan,2023-07-10 12:28:39+00:00,0,0,0.8,2,1,1.0,0,0.5683333333333334,1.0,1.2246467991473532e-16,-1.0,0,0,0.1,249,0,0,0,0,0,0,1,0,0,0,0,0.188,0,0,0,0,0,0.0,0,0,0.0,0
invictus_enriched.csv:2792,bert-jan,2023-07-10 12:28:39+00:00,0,1,0.8,2,1,1.0,0,0.5683333333333334,1.0,1.2246467991473532e-16,-1.0,0,0,0.1,256,8,1,0,0,0,0,0,0,0,0,0,0.06933333333333333,0,0,0,0,0,0.0,0,0,0.0,0
invictus_enriched.csv:2793,bert-jan,2023-07-10 12:28:39+00:00,0,0,0.8,2,1,1.0,0,0.5683333333333334,1.0,1.2246467991473532e-16,-1.0,0,0,0.1,249,0,0,0,0,0,0,1,0,0,0,0,0.188,0,0,0,0,0,0.0,0,0,0.0,0
invictus_enriched.csv:2794,bert-jan,2023-07-10 12:28:39+00:00,0,0,0.8,2,1,1.0,0,0.5683333333333334,1.0,1.2246467991473532e-16,-1.0,0,0,0.1,249,0,0,0,0,0,0,1,0,0,0,0,0.18266666666666667,0,0,0,0,0,0.0,0,0,0.0,0
invictus_enriched.csv:2795,bert-jan,2023-07-10 12:28:39+00:00,0,0,0.8,2,1,1.0,0,0.5683333333333334,1.0,1.2246467991473532e-16,-1.0,0,0,0.1,249,0,0,0,0,0,0,1,0,0,0,0,0.18266666666666667,0,0,0,0,0,0.0,0,0,0.0,0
invictus_enriched.csv:2796,bert-jan,2023-07-10 12:28:39+00:00,0,0,0.8,2,1,1.0,0,0.5683333333333334,1.0,1.2246467991473532e-16,-1.0,0,0,0.1,249,0,0,0,0,0,0,1,0,0,0,0,0.19333333333333333,0,0,0,0,0,0.0,0,0,0.0,0
invictus_enriched.csv:2797,bert-jan,2023-07-10 12:28:39+00:00,0,1,0.8,2,1,1.0,0,0.5683333333333334,1.0,1.2246467991473532e-16,-1.0,0,0,0.1,23,1,0,0,0,0,1,1,0,0,0,0,0.0026666666666666666,0,0,0,0,0,0.0,0,0,0.0,0
invictus_enriched.csv:2798,bert-jan,2023-07-10 12:28:39+00:00,0,1,0.8,2,1,1.0,1,0.5683333333333334,1.0,1.2246467991473532e-16,-1.0,0,0,0.1,258,0,1,0,1,0,0,0,0,0,0,0,0.164,0,0,0,0,0,0.0,0,0,0.0,0
invictus_enriched.csv:2799,bert-jan,2023-07-10 12:28:39+00:00,0,1,0.8,2,1,1.0,0,0.5683333333333334,1.0,1.2246467991473532e-16,-1.0,0,0,0.1,45,3,0,0,0,0,0,1,0,0,0,0,0.22266666666666668,0,0,0,0,0,0.0,0,0,0.0,0
invictus_enriched.csv:2800,bert-jan,2023-07-10 12:28:39+00:00,0,1,0.8,2,1,1.0,0,0.5683333333333334,1.0,1.2246467991473532e-16,-1.0,0,0,0.1,45,3,0,0,0,0,0,1,0,0,0,0,0.12266666666666666,0,0,0,0,0,0.0,0,0,0.0,0
invictus_enriched.csv:2801,bert-jan,2023-07-10 12:28:39+00:00,0,0,0.8,2,1,1.0,0,0.5683333333333334,1.0,1.2246467991473532e-16,-1.0,0,0,0.1,188,0,0,0,0,0,0,1,0,0,0,0,0.08533333333333333,0,0,0,0,0,0.0,0,0,0.0,0
invictus_enriched.csv:2802,bert-jan,2023-07-10 12:28:39+00:00,0,0,0.8,2,1,1.0,0,0.5683333333333334,1.0,1.2246467991473532e-16,-1.0,0,0,0.1,258,0,1,0,0,0,0,0,0,0,0,0,0.2693333333333333,0,0,0,0,0,0.0,0,0,0.0,0
invictus_enriched.csv:2803,bert-jan,2023-07-10 12:28:39+00:00,0,0,0.8,2,1,1.0,0,0.5683333333333334,1.0,1.2246467991473532e-16,-1.0,0,0,0.1,249,0,0,0,0,0,0,1,0,0,0,0,0.192,0,0,0,0,0,0.0,0,0,0.0,0
invictus_enriched.csv:2804,bert-jan,2023-07-10 12:28:40+00:00,0,1,0.8,2,1,0.9997222222222222,0,0.5686111111111111,1.0,1.2246467991473532e-16,-1.0,0,0,0.1,127,1,0,0,0,0,1,1,0,0,0,0,0.06666666666666667,0,0,0,0,0,0.0,0,0,0.0,0
invictus_enriched.csv:2805,bert-jan,2023-07-10 12:28:40+00:00,0,1,0.8,2,1,1.0,0,0.5686111111111111,1.0,1.2246467991473532e-16,-1.0,0,0,0.1,138,3,1,0,0,0,0,0,0,0,0,0,0.05466666666666667,0,0,0,0,0,0.0,0,0,0.0,0
invictus_enriched.csv:2806,bert-jan,2023-07-10 12:28:40+00:00,0,1,0.8,2,1,1.0,0,0.5686111111111111,1.0,1.2246467991473532e-16,-1.0,0,0,0.1,45,3,0,0,1,0,0,1,0,0,0,0,0.12266666666666666,0,0,0,0,0,0.0,0,0,0.0,0
invictus_enriched.csv:2807,bert-jan,2023-07-10 12:28:40+00:00,0,1,0.8,2,1,1.0,0,0.5686111111111111,1.0,1.2246467991473532e-16,-1.0,0,0,0.1,145,4,1,0,0,0,0,0,0,0,0,0,0.18266666666666667,0,0,0,0,0,0.0,0,0,0.0,0
invictus_enriched.csv:2808,bert-jan,2023-07-10 12:28:40+00:00,0,1,0.8,2,1,1.0,0,0.5686111111111111,1.0,1.2246467991473532e-16,-1.0,0,0,0.1,28,1,0,0,0,0,1,1,0,0,0,0,0.06666666666666667,0,0,0,0,0,0.0,0,0,0.0,0
invictus_enriched.csv:2809,bert-jan,2023-07-10 12:28:40+00:00,0,1,0.8,2,1,1.0,0,0.5686111111111111,1.0,1.2246467991473532e-16,-1.0,0,0,0.1,138,3,1,0,0,0,0,0,0,0,0,0,0.05466666666666667,0,0,0,0,0,0.0,0,0,0.0,0
invictus_enriched.csv:2810,bert-jan,2023-07-10 12:28:40+00:00,0,1,0.8,2,1,1.0,0,0.5686111111111111,1.0,1.2246467991473532e-16,-1.0,0,0,0.1,45,3,0,0,1,0,0,1,0,0,0,0,0.12266666666666666,0,0,0,0,0,0.0,0,0,0.0,0
invictus_enriched.csv:2811,bert-jan,2023-07-10 12:28:41+00:00,0,1,0.8,2,1,0.9997222222222222,0,0.5688888888888889,1.0,1.2246467991473532e-16,-1.0,0,0,0.1,130,1,1,0,0,0,1,0,0,0,0,0,0.06666666666666667,0,0,0,0,0,0.0,0,0,0.0,0
invictus_enriched.csv:2812,bert-jan,2023-07-10 12:28:43+00:00,0,0,0.8,2,1,0.9994444444444445,0,0.5694444444444444,1.0,1.2246467991473532e-16,-1.0,0,0,0.1,249,0,0,0,0,0,0,1,0,0,0,0,0.30133333333333334,0,0,0,0,0,0.0,0,0,0.0,0
invictus_enriched.csv:2813,bert-jan,2023-07-10 12:28:43+00:00,0,0,0.8,2,1,1.0,0,0.5694444444444444,1.0,1.2246467991473532e-16,-1.0,0,0,0.1,249,0,0,0,0,0,0,1,0,0,0,0,0.30533333333333335,0,0,0,0,0,0.0,0,0,0.0,0
invictus_enriched.csv:2814,bert-jan,2023-07-10 12:28:43+00:00,0,0,0.8,2,1,1.0,0,0.5694444444444444,1.0,1.2246467991473532e-16,-1.0,0,0,0.1,249,0,0,0,0,0,0,1,0,0,0,0,0.284,0,0,0,0,0,0.0,0,0,0.0,0
invictus_enriched.csv:2815,bert-jan,2023-07-10 12:28:43+00:00,0,0,0.8,2,1,1.0,0,0.5694444444444444,1.0,1.2246467991473532e-16,-1.0,0,0,0.1,249,0,0,0,0,0,0,1,0,0,0,0,0.2946666666666667,0,0,0,0,0,0.0,0,0,0.0,0
invictus_enriched.csv:2816,bert-jan,2023-07-10 12:28:43+00:00,0,0,0.8,2,1,1.0,0,0.5694444444444444,1.0,1.2246467991473532e-16,-1.0,0,0,0.1,249,0,0,0,0,0,0,1,0,0,0,0,0.284,0,0,0,0,0,0.0,0,0,0.0,0
invictus_enriched.csv:2817,bert-jan,2023-07-10 12:28:43+00:00,0,0,0.8,2,1,1.0,0,0.5694444444444444,1.0,1.2246467991473532e-16,-1.0,0,0,0.1,249,0,0,0,0,0,0,1,0,0,0,0,0.12666666666666668,0,0,0,0,0,0.0,0,0,0.0,0
invictus_enriched.csv:2818,bert-jan,2023-07-10 12:28:43+00:00,0,0,0.8,2,1,1.0,0,0.5694444444444444,1.0,1.2246467991473532e-16,-1.0,0,0,0.1,249,0,0,0,0,0,0,1,0,0,0,0,0.12266666666666666,0,0,0,0,0,0.0,0,0,0.0,0
invictus_enriched.csv:2819,bert-jan,2023-07-10 12:28:43+00:00,0,0,0.8,2,1,1.0,0,0.5694444444444444,1.0,1.2246467991473532e-16,-1.0,0,0,0.1,249,0,0,0,0,0,0,1,0,0,0,0,0.128,0,0,0,0,0,0.0,0,0,0.0,0
invictus_enriched.csv:2820,bert-jan,2023-07-10 12:28:43+00:00,0,0,0.8,2,1,1.0,0,0.5694444444444444,1.0,1.2246467991473532e-16,-1.0,0,0,0.1,249,0,0,0,0,0,0,1,0,0,0,0,0.296,0,0,0,0,0,0.0,0,0,0.0,0
invictus_enriched.csv:2821,bert-jan,2023-07-10 12:28:44+00:00,0,0,0.8,2,1,0.9997222222222222,0,0.5697222222222222,1.0,1.2246467991473532e-16,-1.0,0,0,0.1,249,0,0,0,0,0,0,1,0,0,0,0,0.30133333333333334,0,0,0,0,0,0.0,0,0,0.0,0
invictus_enriched.csv:2822,bert-jan,2023-07-10 12:28:44+00:00,0,0,0.8,2,1,1.0,0,0.5697222222222222,1.0,1.2246467991473532e-16,-1.0,0,0,0.1,249,0,0,0,0,0,0,1,0,0,0,0,0.30666666666666664,0,0,0,0,0,0.0,0,0,0.0,0
invictus_enriched.csv:2823,bert-jan,2023-07-10 12:28:46+00:00,0,0,0.8,2,1,0.9994444444444445,0,0.5702777777777778,1.0,1.2246467991473532e-16,-1.0,0,0,0.1,249,0,0,0,0,0,0,1,0,0,0,0,0.1,0,0,0,0,0,0.0,0,0,0.0,0
invictus_enriched.csv:2824,bert-jan,2023-07-10 12:28:47+00:00,0,0,0.8,2,1,0.9997222222222222,0,0.5705555555555556,1.0,1.2246467991473532e-16,-1.0,0,0,0.1,249,0,0,0,0,0,0,1,0,0,0,0,0.17866666666666667,0,0,0,0,0,0.0,0,0,0.0,0
invictus_enriched.csv:2825,bert-jan,2023-07-10 12:28:47+00:00,0,0,0.8,2,1,1.0,0,0.5705555555555556,1.0,1.2246467991473532e-16,-1.0,0,0,0.1,249,0,0,0,0,0,0,1,0,0,0,0,0.08,0,0,0,0,0,0.0,0,0,0.0,0
invictus_enriched.csv:2826,bert-jan,2023-07-10 12:28:47+00:00,0,0,0.8,2,1,1.0,0,0.5705555555555556,1.0,1.2246467991473532e-16,-1.0,0,0,0.1,249,0,0,0,0,0,0,1,0,0,0,0,0.1,0,0,0,0,0,0.0,0,0,0.0,0
invictus_enriched.csv:2827,bert-jan,2023-07-10 12:28:48+00:00,0,0,0.8,2,1,0.9997222222222222,0,0.5708333333333333,1.0,1.2246467991473532e-16,-1.0,0,0,0.1,249,0,0,0,0,0,0,1,0,0,0,0,0.17866666666666667,0,0,0,0,0,0.0,0,0,0.0,0
invictus_enriched.csv:2828,bert-jan,2023-07-10 12:28:48+00:00,0,0,0.8,2,1,1.0,0,0.5708333333333333,1.0,1.2246467991473532e-16,-1.0,0,0,0.1,249,0,0,0,0,0,0,1,0,0,0,0,0.17866666666666667,0,0,0,0,0,0.0,0,0,0.0,0
invictus_enriched.csv:2829,bert-jan,2023-07-10 12:28:48+00:00,0,0,0.8,2,1,1.0,0,0.5708333333333333,1.0,1.2246467991473532e-16,-1.0,0,0,0.1,249,0,0,0,0,0,0,1,0,0,0,0,0.17866666666666667,0,0,0,0,0,0.0,0,0,0.0,0
invictus_enriched.csv:2830,bert-jan,2023-07-10 12:28:48+00:00,0,0,0.8,2,1,1.0,0,0.5708333333333333,1.0,1.2246467991473532e-16,-1.0,0,0,0.1,249,0,0,0,0,0,0,1,0,0,0,0,0.21466666666666667,0,0,0,0,0,0.0,0,0,0.0,0
invictus_enriched.csv:2831,bert-jan,2023-07-10 12:28:48+00:00,0,0,0.8,2,1,1.0,0,0.5708333333333333,1.0,1.2246467991473532e-16,-1.0,0,0,0.1,249,0,0,0,0,0,0,1,0,0,0,0,0.21466666666666667,0,0,0,0,0,0.0,0,0,0.0,0
invictus_enriched.csv:2832,bert-jan,2023-07-10 12:28:51+00:00,0,0,0.8,2,1,0.9991666666666666,0,0.5716666666666667,1.0,1.2246467991473532e-16,-1.0,0,0,0.1,249,0,0,0,0,0,0,1,0,0,0,0,0.10133333333333333,0,0,0,0,0,0.0,0,0,0.0,0
invictus_enriched.csv:2833,bert-jan,2023-07-10 12:28:51+00:00,0,0,0.8,2,1,1.0,0,0.5716666666666667,1.0,1.2246467991473532e-16,-1.0,0,0,0.1,249,0,0,0,0,0,0,1,0,0,0,0,0.216,0,0,0,0,0,0.0,0,0,0.0,0
invictus_enriched.csv:2834,bert-jan,2023-07-10 12:28:51+00:00,0,0,0.8,2,1,1.0,0,0.5716666666666667,1.0,1.2246467991473532e-16,-1.0,0,0,0.1,249,0,0,0,0,0,0,1,0,0,0,0,0.1,0,0,0,0,0,0.0,0,0,0.0,0
invictus_enriched.csv:2835,bert-jan,2023-07-10 12:28:52+00:00,0,0,0.8,2,1,0.9997222222222222,0,0.5719444444444445,1.0,1.2246467991473532e-16,-1.0,0,0,0.1,249,0,0,0,0,0,0,1,0,0,0,0,0.21466666666666667,0,0,0,0,0,0.0,0,0,0.0,0
invictus_enriched.csv:2836,bert-jan,2023-07-10 12:28:52+00:00,0,0,0.8,2,1,1.0,0,0.5719444444444445,1.0,1.2246467991473532e-16,-1.0,0,0,0.1,249,0,0,0,0,0,0,1,0,0,0,0,0.21466666666666667,0,0,0,0,0,0.0,0,0,0.0,0
invictus_enriched.csv:2837,bert-jan,2023-07-10 12:28:54+00:00,0,0,0.8,2,1,0.9994444444444445,0,0.5725,1.0,1.2246467991473532e-16,-1.0,0,0,0.1,188,0,0,0,0,0,0,1,0,0,0,0,0.124,0,0,0,0,0,0.0,0,0,0.0,0
invictus_enriched.csv:2838,bert-jan,2023-07-10 12:29:09+00:00,0,0,0.8,2,1,0.9958333333333333,0,0.5766666666666667,1.0,1.2246467991473532e-16,-1.0,0,0,0.1,188,0,0,0,0,0,0,1,0,0,0,0,0.124,0,0,0,0,0,0.0,0,0,0.0,0
invictus_enriched.csv:2839,bert-jan,2023-07-10 12:29:09+00:00,0,1,0.8,2,1,1.0,0,0.5766666666666667,1.0,1.2246467991473532e-16,-1.0,0,0,0.1,188,0,0,0,0,0,0,1,0,0,0,0,0.08533333333333333,0,0,0,0,0,0.0,0,0,0.0,0
invictus_enriched.csv:2840,bert-jan,2023-07-10 12:29:14+00:00,0,0,0.8,2,1,0.9986111111111111,0,0.5780555555555555,1.0,1.2246467991473532e-16,-1.0,0,0,0.1,175,0,0,0,0,0,0,1,0,0,0,0,0.029333333333333333,0,0,0,0,0,0.0,0,0,0.0,0
invictus_enriched.csv:2841,bert-jan,2023-07-10 12:29:17+00:00,0,0,0.8,2,1,0.9991666666666666,0,0.5788888888888889,1.0,1.2246467991473532e-16,-1.0,0,0,0.1,108,7,0,0,0,0,0,1,0,0,0,0,0.06666666666666667,0,0,0,0,0,0.0,0,0,0.0,0
invictus_enriched.csv:2842,bert-jan,2023-07-10 12:29:17+00:00,0,0,0.8,2,1,1.0,1,0.5788888888888889,1.0,1.2246467991473532e-16,-1.0,0,0,0.2,6,4,0,0,0,0,0,1,0,0,0,0,0.052,0,0,0,0,0,0.0,0,0,0.0,0
invictus_enriched.csv:2843,bert-jan,2023-07-10 12:29:18+00:00,0,0,0.8,2,1,0.9997222222222222,1,0.5791666666666667,1.0,1.2246467991473532e-16,-1.0,0,0,0.1,259,7,0,0,0,0,0,0,0,0,0,0,0.128,0,0,0,0,0,0.0,0,0,0.0,0
invictus_enriched.csv:2844,bert-jan,2023-07-10 12:29:18+00:00,0,0,0.8,2,1,1.0,0,0.5791666666666667,1.0,1.2246467991473532e-16,-1.0,0,0,0.1,259,7,0,0,0,0,0,0,0,0,0,0,0.06133333333333333,0,0,0,0,0,0.0,0,0,0.0,0
invictus_enriched.csv:2845,bert-jan,2023-07-10 12:29:18+00:00,0,0,0.8,2,1,1.0,1,0.5791666666666667,1.0,1.2246467991473532e-16,-1.0,0,0,0.1,260,0,0,0,0,0,0,1,0,0,0,0,0.064,0,0,0,0,0,0.0,0,0,0.0,0
invictus_enriched.csv:2846,bert-jan,2023-07-10 12:29:18+00:00,0,0,0.8,2,1,1.0,0,0.5791666666666667,1.0,1.2246467991473532e-16,-1.0,0,0,0.1,108,7,0,0,0,0,0,1,0,0,0,0,0.06666666666666667,0,0,0,0,0,0.0,0,0,0.0,0
invictus_enriched.csv:2847,bert-jan,2023-07-10 12:29:18+00:00,0,0,0.8,2,1,1.0,0,0.5791666666666667,1.0,1.2246467991473532e-16,-1.0,0,0,0.1,226,0,0,0,0,0,0,1,0,0,0,0,0.0026666666666666666,0,0,0,0,0,0.0,0,0,0.0,0
invictus_enriched.csv:2848,bert-jan,2023-07-10 12:29:19+00:00,0,0,0.8,2,1,0.9997222222222222,0,0.5794444444444444,1.0,1.2246467991473532e-16,-1.0,0,0,0.1,10,0,0,0,0,0,0,1,0,0,0,0,0.19466666666666665,0,0,0,0,0,0.0,0,0,0.0,0
invictus_enriched.csv:2849,bert-jan,2023-07-10 12:29:19+00:00,0,0,0.8,2,1,1.0,0,0.5794444444444444,1.0,1.2246467991473532e-16,-1.0,0,0,0.1,10,0,0,0,0,0,0,1,0,0,0,1,0.196,0,0,0,0,0,0.0,0,0,0.0,0
invictus_enriched.csv:2850,bert-jan,2023-07-10 12:29:19+00:00,0,0,0.8,2,1,1.0,0,0.5794444444444444,1.0,1.2246467991473532e-16,-1.0,0,0,0.1,9,0,0,0,0,0,0,1,0,0,0,0,0.0026666666666666666,0,0,0,0,0,0.0,0,0,0.0,0
invictus_enriched.csv:2851,bert-jan,2023-07-10 12:29:20+00:00,0,0,0.8,2,1,0.9997222222222222,0,0.5797222222222222,1.0,1.2246467991473532e-16,-1.0,0,0,0.1,108,7,0,0,0,0,0,1,0,0,0,0,0.06666666666666667,0,0,0,0,0,0.0,0,0,0.0,0
invictus_enriched.csv:2852,bert-jan,2023-07-10 12:29:43+00:00,0,0,0.8,2,1,0.9936111111111111,0,0.5861111111111111,1.0,1.2246467991473532e-16,-1.0,0,0,0.2,6,4,0,0,0,0,0,1,0,0,0,0,0.037333333333333336,0,0,0,0,0,0.0,0,0,0.0,0
invictus_enriched.csv:2853,bert-jan,2023-07-10 12:29:44+00:00,0,0,0.8,2,1,0.9997222222222222,1,0.5863888888888888,1.0,1.2246467991473532e-16,-1.0,0,0,0.1,8,4,0,0,0,0,0,1,0,0,0,1,0.128,0,0,0,0,0,0.0,0,0,0.0,0
invictus_enriched.csv:2854,bert-jan,2023-07-10 12:29:44+00:00,0,0,0.8,2,1,1.0,1,0.5863888888888888,1.0,1.2246467991473532e-16,-1.0,0,0,0.1,7,4,0,0,0,0,0,1,0,0,0,0,0.07866666666666666,0,0,0,0,0,0.0,0,0,0.0,0
invictus_enriched.csv:2855,bert-jan,2023-07-10 12:29:45+00:00,0,0,0.8,2,1,0.9997222222222222,0,0.5866666666666667,1.0,1.2246467991473532e-16,-1.0,0,0,0.1,8,4,0,0,0,0,0,1,0,0,0,1,0.128,0,0,0,0,0,0.0,0,0,0.0,0
invictus_enriched.csv:2856,bert-jan,2023-07-10 12:29:45+00:00,0,0,0.8,2,1,1.0,0,0.5866666666666667,1.0,1.2246467991473532e-16,-1.0,0,0,0.1,7,4,0,0,0,0,0,1,0,0,0,1,0.07866666666666666,0,0,0,0,0,0.0,0,0,0.0,0
invictus_enriched.csv:2857,bert-jan,2023-07-10 12:29:46+00:00,0,0,0.8,2,1,0.9997222222222222,0,0.5869444444444445,1.0,1.2246467991473532e-16,-1.0,0,0,0.1,10,0,0,0,0,0,0,1,0,0,0,1,0.196,0,0,0,0,0,0.0,0,0,0.0,0
invictus_enriched.csv:2858,bert-jan,2023-07-10 12:29:46+00:00,0,0,0.8,2,1,1.0,0,0.5869444444444445,1.0,1.2246467991473532e-16,-1.0,0,0,0.1,9,0,0,0,0,0,0,1,0,0,0,0,0.0026666666666666666,0,0,0,0,0,0.0,0,0,0.0,0
invictus_enriched.csv:2859,bert-jan,2023-07-10 12:29:46+00:00,0,0,0.8,2,1,1.0,0,0.5869444444444445,1.0,1.2246467991473532e-16,-1.0,0,0,0.1,10,0,0,0,0,0,0,1,0,0,0,0,0.19466666666666665,0,0,0,0,0,0.0,0,0,0.0,0
invictus_enriched.csv:2860,bert-jan,2023-07-10 12:29:48+00:00,0,0,0.8,2,1,0.9994444444444445,1,0.5875,1.0,1.2246467991473532e-16,-1.0,0,0,0.1,12,4,0,0,0,0,0,1,0,0,0,0,0.16133333333333333,0,0,0,0,0,0.0,0,0,0.0,0
invictus_enriched.csv:2861,bert-jan,2023-07-10 12:29:48+00:00,0,0,0.8,2,1,1.0,0,0.5875,1.0,1.2246467991473532e-16,-1.0,0,0,0.1,12,4,0,0,0,0,0,1,0,0,0,0,0.16133333333333333,0,0,0,0,0,0.0,0,0,0.0,0
invictus_enriched.csv:2862,bert-jan,2023-07-10 12:29:48+00:00,0,0,0.8,2,1,1.0,1,0.5875,1.0,1.2246467991473532e-16,-1.0,0,0,0.1,13,4,0,0,0,0,0,1,0,0,0,0,0.24533333333333332,0,0,0,0,0,0.0,0,0,0.0,0
invictus_enriched.csv:2863,bert-jan,2023-07-10 12:29:48+00:00,0,0,0.8,2,1,1.0,1,0.5875,1.0,1.2246467991473532e-16,-1.0,0,0,0.1,11,4,0,0,1,0,0,1,0,0,0,0,0.18,0,0,0,0,0,0.0,0,0,0.0,0
invictus_enriched.csv:2864,bert-jan,2023-07-10 12:29:48+00:00,0,0,0.8,2,1,1.0,0,0.5875,1.0,1.2246467991473532e-16,-1.0,0,0,0.1,13,4,0,0,1,0,0,1,0,0,0,0,0.18666666666666668,0,0,0,0,0,0.0,0,0,0.0,0
invictus_enriched.csv:2865,bert-jan,2023-07-10 12:29:48+00:00,0,0,0.8,2,1,1.0,0,0.5875,1.0,1.2246467991473532e-16,-1.0,0,0,0.1,4,4,0,0,0,0,0,1,0,0,0,0,0.168,0,0,0,0,0,0.0,0,0,0.0,0
invictus_enriched.csv:2866,bert-jan,2023-07-10 12:29:48+00:00,0,0,0.8,2,1,1.0,0,0.5875,1.0,1.2246467991473532e-16,-1.0,0,0,0.1,4,4,0,0,0,0,0,1,0,0,0,0,0.16,0,0,0,0,0,0.0,0,0,0.0,0
invictus_enriched.csv:2867,bert-jan,2023-07-10 12:29:48+00:00,0,0,0.8,2,1,1.0,0,0.5875,1.0,1.2246467991473532e-16,-1.0,0,0,0.1,13,4,0,0,0,0,0,1,0,0,0,0,0.23466666666666666,0,0,0,0,0,0.0,0,0,0.0,0
invictus_enriched.csv:2868,bert-jan,2023-07-10 12:29:48+00:00,0,0,0.8,2,1,1.0,0,0.5875,1.0,1.2246467991473532e-16,-1.0,0,0,0.1,4,4,0,0,0,0,0,1,0,0,0,0,0.22666666666666666,0,0,0,0,0,0.0,0,0,0.0,0
invictus_enriched.csv:2869,bert-jan,2023-07-10 12:29:48+00:00,0,0,0.8,2,1,1.0,0,0.5875,1.0,1.2246467991473532e-16,-1.0,0,0,0.1,4,4,0,0,0,0,0,1,0,0,0,0,0.216,0,0,0,0,0,0.0,0,0,0.0,0
invictus_enriched.csv:2870,bert-jan,2023-07-10 12:29:48+00:00,0,0,0.8,2,1,1.0,0,0.5875,1.0,1.2246467991473532e-16,-1.0,0,0,0.1,12,4,0,0,0,0,0,1,0,0,0,0,0.172,0,0,0,0,0,0.0,0,0,0.0,0
invictus_enriched.csv:2871,bert-jan,2023-07-10 12:29:48+00:00,0,0,0.8,2,1,1.0,1,0.5875,1.0,1.2246467991473532e-16,-1.0,0,0,0.1,14,4,0,0,1,0,0,1,0,0,0,0,0.07866666666666666,0,0,0,0,0,0.0,0,0,0.0,0
invictus_enriched.csv:2872,bert-jan,2023-07-10 12:29:48+00:00,0,0,0.8,2,1,1.0,0,0.5875,1.0,1.2246467991473532e-16,-1.0,0,0,0.1,12,4,0,0,0,0,0,1,0,0,0,0,0.16133333333333333,0,0,0,0,0,0.0,0,0,0.0,0
invictus_enriched.csv:2873,bert-jan,2023-07-10 12:29:48+00:00,0,0,0.8,2,1,1.0,0,0.5875,1.0,1.2246467991473532e-16,-1.0,0,0,0.1,11,4,0,0,0,0,0,1,0,0,0,0,0.172,0,0,0,0,0,0.0,0,0,0.0,0
invictus_enriched.csv:2874,bert-jan,2023-07-10 12:29:48+00:00,0,0,0.8,2,1,1.0,0,0.5875,1.0,1.2246467991473532e-16,-1.0,0,0,0.1,11,4,0,0,0,0,0,1,0,0,0,0,0.228,0,0,0,0,0,0.0,0,0,0.0,0
invictus_enriched.csv:2875,bert-jan,2023-07-10 12:29:48+00:00,0,0,0.8,2,1,1.0,0,0.5875,1.0,1.2246467991473532e-16,-1.0,0,0,0.1,11,4,0,0,0,0,0,1,0,0,0,0,0.23866666666666667,0,0,0,0,0,0.0,0,0,0.0,0
invictus_enriched.csv:2876,bert-jan,2023-07-10 12:29:48+00:00,0,0,0.8,2,1,1.0,0,0.5875,1.0,1.2246467991473532e-16,-1.0,0,0,0.1,4,4,0,0,0,0,0,1,0,0,0,0,0.168,0,0,0,0,0,0.0,0,0,0.0,0
invictus_enriched.csv:2877,bert-jan,2023-07-10 12:29:48+00:00,0,0,0.8,2,1,1.0,0,0.5875,1.0,1.2246467991473532e-16,-1.0,0,0,0.1,12,4,0,0,0,0,0,1,0,0,0,0,0.19066666666666668,0,0,0,0,0,0.0,0,0,0.0,0
invictus_enriched.csv:2878,bert-jan,2023-07-10 12:29:48+00:00,0,0,0.8,2,1,1.0,0,0.5875,1.0,1.2246467991473532e-16,-1.0,0,0,0.1,4,4,0,0,0,0,0,1,0,0,0,0,0.168,0,0,0,0,0,0.0,0,0,0.0,0
invictus_enriched.csv:2879,bert-jan,2023-07-10 12:29:48+00:00,0,0,0.8,2,1,1.0,0,0.5875,1.0,1.2246467991473532e-16,-1.0,0,0,0.1,13,4,0,0,1,0,0,1,0,0,0,0,0.18666666666666668,0,0,0,0,0,0.0,0,0,0.0,0
invictus_enriched.csv:2880,bert-jan,2023-07-10 12:29:48+00:00,0,0,0.8,2,1,1.0,0,0.5875,1.0,1.2246467991473532e-16,-1.0,0,0,0.1,11,4,0,0,1,0,0,1,0,0,0,0,0.18,0,0,0,0,0,0.0,0,0,0.0,0
invictus_enriched.csv:2881,bert-jan,2023-07-10 12:29:48+00:00,0,0,0.8,2,1,1.0,0,0.5875,1.0,1.2246467991473532e-16,-1.0,0,0,0.1,12,4,0,0,0,0,0,1,0,0,0,0,0.18533333333333332,0,0,0,0,0,0.0,0,0,0.0,0
invictus_enriched.csv:2882,bert-jan,2023-07-10 12:29:48+00:00,0,0,0.8,2,1,1.0,0,0.5875,1.0,1.2246467991473532e-16,-1.0,0,0,0.1,12,4,0,0,0,0,0,1,0,0,0,0,0.15733333333333333,0,0,0,0,0,0.0,0,0,0.0,0
invictus_enriched.csv:2883,bert-jan,2023-07-10 12:29:48+00:00,0,0,0.8,2,1,1.0,0,0.5875,1.0,1.2246467991473532e-16,-1.0,0,0,0.1,12,4,0,0,0,0,0,1,0,0,0,0,0.16133333333333333,0,0,0,0,0,0.0,0,0,0.0,0
invictus_enriched.csv:2884,bert-jan,2023-07-10 12:29:48+00:00,0,0,0.8,2,1,1.0,0,0.5875,1.0,1.2246467991473532e-16,-1.0,0,0,0.1,4,4,0,0,0,0,0,1,0,0,0,0,0.18933333333333333,0,0,0,0,0,0.0,0,0,0.0,0
invictus_enriched.csv:2885,bert-jan,2023-07-10 12:29:48+00:00,0,0,0.8,2,1,1.0,0,0.5875,1.0,1.2246467991473532e-16,-1.0,0,0,0.1,11,4,0,0,0,0,0,1,0,0,0,0,0.20133333333333334,0,0,0,0,0,0.0,0,0,0.0,0
invictus_enriched.csv:2886,bert-jan,2023-07-10 12:29:48+00:00,0,0,0.8,2,1,1.0,0,0.5875,1.0,1.2246467991473532e-16,-1.0,0,0,0.1,13,4,0,0,0,0,0,1,0,0,0,0,0.208,0,0,0,0,0,0.0,0,0,0.0,0
invictus_enriched.csv:2887,bert-jan,2023-07-10 12:29:48+00:00,0,0,0.8,2,1,1.0,0,0.5875,1.0,1.2246467991473532e-16,-1.0,0,0,0.1,13,4,0,0,1,0,0,1,0,0,0,0,0.18666666666666668,0,0,0,0,0,0.0,0,0,0.0,0
invictus_enriched.csv:2888,bert-jan,2023-07-10 12:29:48+00:00,0,0,0.8,2,1,1.0,0,0.5875,1.0,1.2246467991473532e-16,-1.0,0,0,0.1,4,4,0,0,0,0,0,1,0,0,0,0,0.168,0,0,0,0,0,0.0,0,0,0.0,0
invictus_enriched.csv:2889,bert-jan,2023-07-10 12:29:48+00:00,0,0,0.8,2,1,1.0,0,0.5875,1.0,1.2246467991473532e-16,-1.0,0,0,0.1,11,4,0,0,1,0,0,1,0,0,0,0,0.18,0,0,0,0,0,0.0,0,0,0.0,0
invictus_enriched.csv:2890,bert-jan,2023-07-10 12:29:48+00:00,0,0,0.8,2,1,1.0,0,0.5875,1.0,1.2246467991473532e-16,-1.0,0,0,0.1,13,4,0,0,1,0,0,1,0,0,0,0,0.17866666666666667,0,0,0,0,0,0.0,0,0,0.0,0
invictus_enriched.csv:2891,bert-jan,2023-07-10 12:29:48+00:00,0,0,0.8,2,1,1.0,0,0.5875,1.0,1.2246467991473532e-16,-1.0,0,0,0.1,11,4,0,0,1,0,0,1,0,0,0,0,0.18,0,0,0,0,0,0.0,0,0,0.0,0
invictus_enriched.csv:2892,bert-jan,2023-07-10 12:29:48+00:00,0,0,0.8,2,1,1.0,0,0.5875,1.0,1.2246467991473532e-16,-1.0,0,0,0.1,13,4,0,0,1,0,0,1,0,0,0,0,0.18666666666666668,0,0,0,0,0,0.0,0,0,0.0,0
invictus_enriched.csv:2898,bert-jan,2023-07-10 12:34:46+00:00,0,0,0.8,2,1,0.9172222222222222,0,0.6702777777777778,1.0,1.2246467991473532e-16,-1.0,0,0,0.1,10,0,0,0,0,0,0,1,0,0,0,1,0.196,0,0,0,0,0,0.0,0,0,0.0,0
invictus_enriched.csv:810,cloudtrail.amazonaws.com,2023-07-10 12:00:05+00:00,0,1,0.1,6,0,0.9219444444444445,1,0.07861111111111112,0.127208480565371,1.2246467991473532e-16,-1.0,0,0,0.1,4,4,0,0,0,0,0,1,0,0,0,1,0.19466666666666665,0,0,0,0,0,0.0,0,0,0.0,0
invictus_enriched.csv:838,cloudtrail.amazonaws.com,2023-07-10 12:00:31+00:00,0,1,0.1,6,0,0.9927777777777778,0,0.08583333333333333,0.13592233009708737,1.2246467991473532e-16,-1.0,0,0,0.1,4,4,0,0,0,0,0,1,0,0,0,1,0.19466666666666665,0,0,0,0,0,0.0,0,0,0.0,0
invictus_enriched.csv:1093,cloudtrail.amazonaws.com,2023-07-10 12:07:07+00:00,0,1,0.1,6,0,0.9508333333333333,0,0.19583333333333333,0.11063829787234043,1.2246467991473532e-16,-1.0,0,0,0.1,4,4,0,0,0,0,0,1,0,0,0,1,0.19466666666666665,0,0,0,0,0,0.0,0,0,0.0,0
invictus_enriched.csv:1095,cloudtrail.amazonaws.com,2023-07-10 12:07:11+00:00,0,1,0.1,6,0,0.9988888888888889,0,0.19694444444444445,0.11847672778561354,1.2246467991473532e-16,-1.0,0,0,0.1,4,4,0,0,0,0,0,1,0,0,0,1,0.19466666666666665,0,0,0,0,0,0.0,0,0,0.0,0
invictus_enriched.csv:1096,cloudtrail.amazonaws.com,2023-07-10 12:07:12+00:00,0,1,0.1,6,0,0.9997222222222222,0,0.19722222222222222,0.1267605633802817,1.2246467991473532e-16,-1.0,0,0,0.1,4,4,0,0,0,0,0,1,0,0,0,1,0.19466666666666665,0,0,0,0,0,0.0,0,0,0.0,0
invictus_enriched.csv:1133,cloudtrail.amazonaws.com,2023-07-10 12:07:32+00:00,0,1,0.1,6,0,0.9944444444444445,0,0.20277777777777778,0.1315068493150685,1.2246467991473532e-16,-1.0,0,0,0.1,4,4,0,0,0,0,0,1,0,0,0,1,0.19466666666666665,0,0,0,0,0,0.0,0,0,0.0,0
invictus_enriched.csv:1446,cloudtrail.amazonaws.com,2023-07-10 12:07:59+00:00,0,1,0.1,6,0,0.9925,0,0.21027777777777779,0.13474240422721268,1.2246467991473532e-16,-1.0,0,0,0.1,4,4,0,0,0,0,0,1,0,0,0,1,0.19466666666666665,0,0,0,0,0,0.0,0,0,0.0,0
invictus_enriched.csv:1691,cloudtrail.amazonaws.com,2023-07-10 12:08:09+00:00,0,1,0.1,6,0,1.0,0,0.21305555555555555,0.21121251629726207,1.2246467991473532e-16,-1.0,0,0,0.1,4,4,0,0,0,0,0,1,0,0,0,1,0.19466666666666665,0,0,0,0,0,0.0,0,0,0.0,0
invictus_enriched.csv:195,ec2.amazonaws.com,2023-07-10 11:55:22+00:00,0,1,0.1,6,0,0.0,1,0.0,0.1,0.258819045102521,-0.9659258262890682,0,0,0.6,30,2,0,0,0,0,0,0,0,0,0,1,0.17466666666666666,0,0,0,0,0,0.0,0,0,0.0,0
invictus_enriched.csv:196,ec2.amazonaws.com,2023-07-10 11:55:22+00:00,0,1,0.1,6,0,1.0,0,0.0,1.0,0.258819045102521,-0.9659258262890682,0,0,0.6,30,2,0,0,0,0,0,0,0,0,0,1,0.17466666666666666,0,0,0,0,0,0.0,0,0,0.0,0
invictus_enriched.csv:992,ec2.amazonaws.com,2023-07-10 12:03:25+00:00,0,1,0.1,6,0,0.9516666666666667,0,0.13416666666666666,0.09937888198757763,1.2246467991473532e-16,-1.0,0,0,0.6,30,2,0,0,0,0,0,0,0,0,0,1,0.164,0,0,0,0,0,0.0,0,0,0.0,0
invictus_enriched.csv:993,ec2.amazonaws.com,2023-07-10 12:03:25+00:00,0,1,0.1,6,0,1.0,0,0.13416666666666666,0.11180124223602483,1.2246467991473532e-16,-1.0,0,0,0.6,30,2,0,0,0,0,0,0,0,0,0,1,0.164,0,0,0,0,0,0.0,0,0,0.0,0
invictus_enriched.csv:200,inspector2.amazonaws.com,2023-07-10 11:55:24+00:00,0,1,0.1,6,0,0.9997222222222222,0,0.0005555555555555556,1.0,0.258819045102521,-0.9659258262890682,0,0,0.6,30,2,0,0,0,0,0,0,0,0,0,1,0.26666666666666666,0,0,0,0,0,0.0,0,0,0.0,0
invictus_enriched.csv:201,inspector2.amazonaws.com,2023-07-10 11:55:24+00:00,0,1,0.1,6,0,1.0,0,0.0005555555555555556,1.0,0.258819045102521,-0.9659258262890682,0,0,0.6,30,2,0,0,0,0,0,0,0,0,0,1,0.268,0,0,0,0,0,0.0,0,0,0.0,0
invictus_enriched.csv:1009,inspector2.amazonaws.com,2023-07-10 12:04:10+00:00,0,1,0.1,6,0,0.9877777777777778,0,0.14666666666666667,0.125,1.2246467991473532e-16,-1.0,0,0,0.6,30,2,0,0,0,0,0,0,0,0,0,1,0.2653333333333333,0,0,0,0,0,0.0,0,0,0.0,0
invictus_enriched.csv:1010,inspector2.amazonaws.com,2023-07-10 12:04:10+00:00,0,1,0.1,6,0,1.0,0,0.14666666666666667,0.13636363636363635,1.2246467991473532e-16,-1.0,0,0,0.6,30,2,0,0,0,0,0,0,0,0,0,1,0.26666666666666666,0,0,0,0,0,0.0,0,0,0.0,0
invictus_enriched.csv:2371,lambda.amazonaws.com,2023-07-10 12:25:32+00:00,0,1,0.1,6,0,0.8858333333333334,0,0.5027777777777778,0.22209944751381214,1.2246467991473532e-16,-1.0,0,0,0.6,30,2,0,0,0,0,0,0,0,0,0,1,0.17866666666666667,0,0,0,0,0,0.0,0,0,0.0,0
invictus_enriched.csv:2407,lambda.amazonaws.com,2023-07-10 12:26:49+00:00,0,1,0.1,6,0,0.9786111111111111,0,0.5241666666666667,0.21621621621621623,1.2246467991473532e-16,-1.0,0,0,0.6,30,2,0,0,0,0,0,0,0,0,0,1,0.184,0,0,0,0,0,0.0,0,0,0.0,0
invictus_enriched.csv:2233,rds.amazonaws.com,2023-07-10 12:15:04+00:00,0,1,0.1,6,0,0.8897222222222222,0,0.3283333333333333,0.29949238578680204,1.2246467991473532e-16,-1.0,0,0,0.6,30,2,0,0,0,0,0,0,0,0,0,1,1.0,0,0,0,0,0,0.0,0,0,0.0,0
invictus_enriched.csv:2238,rds.amazonaws.com,2023-07-10 12:15:59+00:00,0,1,0.1,6,0,0.9847222222222223,0,0.3436111111111111,0.29102667744543254,1.2246467991473532e-16,-1.0,0,0,0.6,30,2,0,0,0,0,0,0,0,0,0,1,1.0,0,0,0,0,0,0.0,0,0,0.0,0
invictus_enriched.csv:2240,rds.amazonaws.com,2023-07-10 12:15:59+00:00,0,1,0.1,6,0,1.0,0,0.3436111111111111,0.295877122069523,1.2246467991473532e-16,-1.0,0,0,0.6,30,2,0,0,0,0,0,0,0,0,0,1,1.0,0,0,0,0,0,0.0,0,0,0.0,0
invictus_enriched.csv:2242,rds.amazonaws.com,2023-07-10 12:16:14+00:00,0,1,0.1,6,0,0.9958333333333333,0,0.3477777777777778,0.2971246006389776,1.2246467991473532e-16,-1.0,0,0,0.6,30,2,0,0,0,0,0,0,0,0,0,1,1.0,0,0,0,0,0,0.0,0,0,0.0,0
invictus_enriched.csv:2244,rds.amazonaws.com,2023-07-10 12:16:14+00:00,0,1,0.1,6,0,1.0,0,0.3477777777777778,0.3019169329073482,1.2246467991473532e-16,-1.0,0,0,0.6,30,2,0,0,0,0,0,0,0,0,0,1,1.0,0,0,0,0,0,0.0,0,0,0.0,0
invictus_enriched.csv:2245,rds.amazonaws.com,2023-07-10 12:16:14+00:00,0,1,0.1,6,0,1.0,0,0.3477777777777778,0.30670926517571884,1.2246467991473532e-16,-1.0,0,0,0.6,30,2,0,0,0,0,0,0,0,0,0,1,1.0,0,0,0,0,0,0.0,0,0,0.0,0
invictus_enriched.csv:2247,rds.amazonaws.com,2023-07-10 12:16:15+00:00,0,1,0.1,6,0,0.9997222222222222,0,0.34805555555555556,0.3112529928172386,1.2246467991473532e-16,-1.0,0,0,0.6,30,2,0,0,0,0,0,0,0,0,0,1,1.0,0,0,0,0,0,0.0,0,0,0.0,0
invictus_enriched.csv:2266,rds.amazonaws.com,2023-07-10 12:18:41+00:00,0,1,0.1,6,0,0.9594444444444444,0,0.38861111111111113,0.2830593280914939,1.2246467991473532e-16,-1.0,0,0,0.6,30,2,0,0,0,0,0,0,0,0,0,1,0.664,0,0,0,0,0,0.0,0,0,0.0,0
invictus_enriched.csv:2893,rds.amazonaws.com,2023-07-10 12:32:00+00:00,0,1,0.1,6,0,0.9405555555555556,0,0.6105555555555555,0.20746132848043675,1.2246467991473532e-16,-1.0,0,0,0.6,30,2,0,0,0,0,0,0,0,0,0,1,1.0,0,0,0,0,0,0.0,0,0,0.0,0
invictus_enriched.csv:2894,rds.amazonaws.com,2023-07-10 12:32:00+00:00,0,1,0.1,6,0,1.0,0,0.6105555555555555,0.21019108280254778,1.2246467991473532e-16,-1.0,0,0,0.6,30,2,0,0,0,0,0,0,0,0,0,1,1.0,0,0,0,0,0,0.0,0,0,0.0,0
invictus_enriched.csv:2420,rolesanywhere.amazonaws.com,2023-07-10 12:27:13+00:00,0,1,0.1,6,0,0.9933333333333333,0,0.5308333333333334,0.21664050235478807,1.2246467991473532e-16,-1.0,0,0,0.6,30,2,0,0,0,0,0,0,0,0,0,1,0.22933333333333333,0,0,0,0,0,0.0,0,0,0.0,0
invictus_enriched.csv:2423,rolesanywhere.amazonaws.com,2023-07-10 12:27:13+00:00,0,1,0.1,6,0,1.0,0,0.5308333333333334,0.21978021978021975,1.2246467991473532e-16,-1.0,0,0,0.6,30,2,0,0,0,0,0,0,0,0,0,1,0.22933333333333333,0,0,0,0,0,0.0,0,0,0.0,0
invictus_enriched.csv:2424,rolesanywhere.amazonaws.com,2023-07-10 12:27:18+00:00,0,1,0.1,6,0,0.9986111111111111,0,0.5322222222222223,0.22233820459290188,1.2246467991473532e-16,-1.0,0,0,0.6,30,2,0,0,0,0,0,0,0,0,0,1,0.22933333333333333,0,0,0,0,0,0.0,0,0,0.0,0
invictus_enriched.csv:2520,rolesanywhere.amazonaws.com,2023-07-10 12:28:25+00:00,0,1,0.1,6,0,0.985,0,0.5508333333333333,0.22087745839636916,1.2246467991473532e-16,-1.0,0,0,0.6,30,2,0,0,0,0,0,0,0,0,0,1,0.22933333333333333,0,0,0,0,0,0.0,0,0,0.0,0
invictus_enriched.csv:2522,rolesanywhere.amazonaws.com,2023-07-10 12:28:25+00:00,0,1,0.1,6,0,1.0,0,0.5508333333333333,0.2239031770045386,1.2246467991473532e-16,-1.0,0,0,0.6,30,2,0,0,0,0,0,0,0,0,0,1,0.22933333333333333,0,0,0,0,0,0.0,0,0,0.0,0
invictus_enriched.csv:2533,rolesanywhere.amazonaws.com,2023-07-10 12:28:26+00:00,0,1,0.1,6,0,0.9997222222222222,0,0.5511111111111111,0.22681451612903225,1.2246467991473532e-16,-1.0,0,0,0.6,30,2,0,0,0,0,0,0,0,0,0,1,0.22933333333333333,0,0,0,0,0,0.0,0,0,0.0,0
invictus_enriched.csv:1024,stratus-red-team-ec2-enumerate-role,2023-07-10 12:05:15+00:00,1,0,0.5,3,1,0.0,1,0.0,0.1,1.2246467991473532e-16,-1.0,0,0,0.1,71,6,1,0,0,0,0,0,0,0,0,1,0.16666666666666666,0,0,0,0,0,0.0,0,0,0.0,0
invictus_enriched.csv:1025,stratus-red-team-ec2-enumerate-role,2023-07-10 12:05:16+00:00,1,0,0.5,3,1,0.9997222222222222,0,0.0002777777777777778,1.0,1.2246467991473532e-16,-1.0,0,0,0.1,71,6,1,0,0,0,0,0,0,0,0,1,0.36933333333333335,0,0,0,0,0,0.0,0,0,0.0,0
invictus_enriched.csv:1026,stratus-red-team-ec2-enumerate-role,2023-07-10 12:05:31+00:00,1,0,0.5,3,1,0.9958333333333333,1,0.0044444444444444444,1.0,1.2246467991473532e-16,-1.0,0,0,0.1,74,6,1,0,0,0,0,0,0,0,0,1,0.32666666666666666,0,0,0,0,0,0.0,0,0,0.0,0
invictus_enriched.csv:1027,stratus-red-team-ec2-enumerate-role,2023-07-10 12:05:31+00:00,1,0,0.5,3,1,1.0,0,0.0044444444444444444,1.0,1.2246467991473532e-16,-1.0,0,0,0.1,74,6,1,0,0,0,0,0,0,0,0,1,0.3293333333333333,0,0,0,0,0,0.0,0,0,0.0,0
invictus_enriched.csv:1028,stratus-red-team-ec2-enumerate-role,2023-07-10 12:05:54+00:00,1,0,0.5,3,1,0.9936111111111111,1,0.010833333333333334,0.7692307692307692,1.2246467991473532e-16,-1.0,0,0,0.1,89,6,1,0,0,0,0,0,0,0,0,1,0.6213333333333333,0,0,0,0,1,0.0,0,0,0.0,0
invictus_enriched.csv:1029,stratus-red-team-ec2-enumerate-role,2023-07-10 12:05:54+00:00,1,0,0.5,3,1,1.0,1,0.010833333333333334,0.923076923076923,1.2246467991473532e-16,-1.0,0,0,0.1,88,6,1,0,0,0,0,0,0,0,0,1,1.0,0,0,0,0,1,0.0,0,0,0.0,0
invictus_enriched.csv:1030,stratus-red-team-ec2-enumerate-role,2023-07-10 12:05:54+00:00,1,0,0.5,3,1,1.0,0,0.010833333333333334,1.0,1.2246467991473532e-16,-1.0,0,0,0.1,74,6,1,0,0,0,0,0,0,0,0,1,0.39466666666666667,0,0,0,0,0,0.0,0,0,0.0,0
invictus_enriched.csv:1092,stratus-red-team-ec2-enumerate-role,2023-07-10 12:07:06+00:00,1,0,0.5,3,1,0.98,0,0.030833333333333334,0.43243243243243235,1.2246467991473532e-16,-1.0,0,0,0.1,71,6,1,0,0,0,0,0,0,0,0,1,0.36933333333333335,0,0,0,0,0,0.0,0,0,0.0,0
invictus_enriched.csv:98,stratus-red-team-ec2-get-password-data-role,2023-07-10 11:54:47+00:00,1,0,0.5,3,1,0.0,1,0.0,0.1,0.258819045102521,-0.9659258262890682,0,0,0.1,31,3,0,0,1,0,0,1,0,0,0,0,0.048,0,0,0,0,0,0.0,0,0,0.0,1
invictus_enriched.csv:99,stratus-red-team-ec2-get-password-data-role,2023-07-10 11:54:47+00:00,1,0,0.5,3,1,1.0,0,0.0,1.0,0.258819045102521,-0.9659258262890682,0,0,0.1,31,3,0,0,1,0,0,1,0,0,0,0,0.048,0,0,0,0,0,0.0,0,0,0.0,1
invictus_enriched.csv:100,stratus-red-team-ec2-get-password-data-role,2023-07-10 11:54:47+00:00,1,0,0.5,3,1,1.0,0,0.0,1.0,0.258819045102521,-0.9659258262890682,0,0,0.1,31,3,0,0,1,0,0,1,0,0,0,0,0.048,0,0,0,0,0,0.0,0,0,0.0,1
invictus_enriched.csv:102,stratus-red-team-ec2-get-password-data-role,2023-07-10 11:54:47+00:00,1,0,0.5,3,1,1.0,0,0.0,1.0,0.258819045102521,-0.9659258262890682,0,0,0.1,31,3,0,0,1,0,0,1,0,0,0,0,0.048,0,0,0,0,0,0.0,0,0,0.0,1
invictus_enriched.csv:103,stratus-red-team-ec2-get-password-data-role,2023-07-10 11:54:48+00:00,1,0,0.5,3,1,0.9997222222222222,0,0.0002777777777777778,1.0,0.258819045102521,-0.9659258262890682,0,0,0.1,31,3,0,0,1,0,0,1,0,0,0,0,0.048,0,0,0,0,0,0.0,0,0,0.0,1
invictus_enriched.csv:104,stratus-red-team-ec2-get-password-data-role,2023-07-10 11:54:48+00:00,1,0,0.5,3,1,1.0,0,0.0002777777777777778,1.0,0.258819045102521,-0.9659258262890682,0,0,0.1,31,3,0,0,1,0,0,1,0,0,0,0,0.048,0,0,0,0,0,0.0,0,0,0.0,1
invictus_enriched.csv:105,stratus-red-team-ec2-get-password-data-role,2023-07-10 11:54:48+00:00,1,0,0.5,3,1,1.0,0,0.0002777777777777778,1.0,0.258819045102521,-0.9659258262890682,0,0,0.1,31,3,0,0,1,0,0,1,0,0,0,0,0.048,0,0,0,0,0,0.0,0,0,0.0,1
invictus_enriched.csv:106,stratus-red-team-ec2-get-password-data-role,2023-07-10 11:54:48+00:00,1,0,0.5,3,1,1.0,0,0.0002777777777777778,1.0,0.258819045102521,-0.9659258262890682,0,0,0.1,31,3,0,0,1,0,0,1,0,0,0,0,0.048,0,0,0,0,0,0.0,0,0,0.0,1
invictus_enriched.csv:107,stratus-red-team-ec2-get-password-data-role,2023-07-10 11:54:48+00:00,1,0,0.5,3,1,1.0,0,0.0002777777777777778,1.0,0.258819045102521,-0.9659258262890682,0,0,0.1,31,3,0,0,1,0,0,1,0,0,0,0,0.048,0,0,0,0,0,0.0,0,0,0.0,1
invictus_enriched.csv:108,stratus-red-team-ec2-get-password-data-role,2023-07-10 11:54:48+00:00,1,0,0.5,3,1,1.0,0,0.0002777777777777778,1.0,0.258819045102521,-0.9659258262890682,0,0,0.1,31,3,0,0,1,0,0,1,0,0,0,0,0.048,0,0,0,0,0,0.0,0,0,0.0,1
invictus_enriched.csv:109,stratus-red-team-ec2-get-password-data-role,2023-07-10 11:54:48+00:00,1,0,0.5,3,1,1.0,0,0.0002777777777777778,1.0,0.258819045102521,-0.9659258262890682,0,0,0.1,31,3,0,0,1,0,0,1,0,0,0,0,0.048,0,0,0,0,0,0.0,0,0,0.0,1
invictus_enriched.csv:110,stratus-red-team-ec2-get-password-data-role,2023-07-10 11:54:48+00:00,1,0,0.5,3,1,1.0,0,0.0002777777777777778,1.0,0.258819045102521,-0.9659258262890682,0,0,0.1,31,3,0,0,1,0,0,1,0,0,0,0,0.048,0,0,0,0,0,0.0,0,0,0.0,1
invictus_enriched.csv:111,stratus-red-team-ec2-get-password-data-role,2023-07-10 11:54:48+00:00,1,0,0.5,3,1,1.0,0,0.0002777777777777778,1.0,0.258819045102521,-0.9659258262890682,0,0,0.1,31,3,0,0,1,0,0,1,0,0,0,0,0.048,0,0,0,0,0,0.0,0,0,0.0,1
invictus_enriched.csv:112,stratus-red-team-ec2-get-password-data-role,2023-07-10 11:54:49+00:00,1,0,0.5,3,1,0.9997222222222222,0,0.0005555555555555556,1.0,0.258819045102521,-0.9659258262890682,0,0,0.1,31,3,0,0,1,0,0,1,0,0,0,0,0.048,0,0,0,0,0,0.0,0,0,0.0,1
invictus_enriched.csv:113,stratus-red-team-ec2-get-password-data-role,2023-07-10 11:54:49+00:00,1,0,0.5,3,1,1.0,0,0.0005555555555555556,1.0,0.258819045102521,-0.9659258262890682,0,0,0.1,31,3,0,0,1,0,0,1,0,0,0,0,0.048,0,0,0,0,0,0.0,0,0,0.0,1
invictus_enriched.csv:114,stratus-red-team-ec2-get-password-data-role,2023-07-10 11:54:49+00:00,1,0,0.5,3,1,1.0,0,0.0005555555555555556,1.0,0.258819045102521,-0.9659258262890682,0,0,0.1,31,3,0,0,1,0,0,1,0,0,0,0,0.048,0,0,0,0,0,0.0,0,0,0.0,1
invictus_enriched.csv:115,stratus-red-team-ec2-get-password-data-role,2023-07-10 11:54:49+00:00,1,0,0.5,3,1,1.0,0,0.0005555555555555556,1.0,0.258819045102521,-0.9659258262890682,0,0,0.1,31,3,0,0,1,0,0,1,0,0,0,0,0.048,0,0,0,0,0,0.0,0,0,0.0,1
invictus_enriched.csv:116,stratus-red-team-ec2-get-password-data-role,2023-07-10 11:54:49+00:00,1,0,0.5,3,1,1.0,0,0.0005555555555555556,1.0,0.258819045102521,-0.9659258262890682,0,0,0.1,31,3,0,0,1,0,0,1,0,0,0,0,0.048,0,0,0,0,0,0.0,0,0,0.0,1
invictus_enriched.csv:117,stratus-red-team-ec2-get-password-data-role,2023-07-10 11:54:49+00:00,1,0,0.5,3,1,1.0,0,0.0005555555555555556,1.0,0.258819045102521,-0.9659258262890682,0,0,0.1,31,3,0,0,1,0,0,1,0,0,0,0,0.048,0,0,0,0,0,0.0,0,0,0.0,1
invictus_enriched.csv:118,stratus-red-team-ec2-get-password-data-role,2023-07-10 11:54:49+00:00,1,0,0.5,3,1,1.0,0,0.0005555555555555556,1.0,0.258819045102521,-0.9659258262890682,0,0,0.1,31,3,0,0,1,0,0,1,0,0,0,0,0.048,0,0,0,0,0,0.0,0,0,0.0,1
invictus_enriched.csv:119,stratus-red-team-ec2-get-password-data-role,2023-07-10 11:54:49+00:00,1,0,0.5,3,1,1.0,0,0.0005555555555555556,1.0,0.258819045102521,-0.9659258262890682,0,0,0.1,31,3,0,0,1,0,0,1,0,0,0,0,0.048,0,0,0,0,0,0.0,0,0,0.0,1
invictus_enriched.csv:120,stratus-red-team-ec2-get-password-data-role,2023-07-10 11:54:49+00:00,1,0,0.5,3,1,1.0,0,0.0005555555555555556,1.0,0.258819045102521,-0.9659258262890682,0,0,0.1,31,3,0,0,1,0,0,1,0,0,0,0,0.048,0,0,0,0,0,0.0,0,0,0.0,1
invictus_enriched.csv:121,stratus-red-team-ec2-get-password-data-role,2023-07-10 11:54:50+00:00,1,0,0.5,3,1,0.9997222222222222,0,0.0008333333333333334,1.0,0.258819045102521,-0.9659258262890682,0,0,0.1,31,3,0,0,1,0,0,1,0,0,0,0,0.048,0,0,0,0,0,0.0,0,0,0.0,1
invictus_enriched.csv:122,stratus-red-team-ec2-get-password-data-role,2023-07-10 11:54:50+00:00,1,0,0.5,3,1,1.0,0,0.0008333333333333334,1.0,0.258819045102521,-0.9659258262890682,0,0,0.1,31,3,0,0,1,0,0,1,0,0,0,0,0.048,0,0,0,0,0,0.0,0,0,0.0,1
invictus_enriched.csv:123,stratus-red-team-ec2-get-password-data-role,2023-07-10 11:54:50+00:00,1,0,0.5,3,1,1.0,0,0.0008333333333333334,1.0,0.258819045102521,-0.9659258262890682,0,0,0.1,31,3,0,0,1,0,0,1,0,0,0,0,0.048,0,0,0,0,0,0.0,0,0,0.0,1
invictus_enriched.csv:124,stratus-red-team-ec2-get-password-data-role,2023-07-10 11:54:50+00:00,1,0,0.5,3,1,1.0,0,0.0008333333333333334,1.0,0.258819045102521,-0.9659258262890682,0,0,0.1,31,3,0,0,1,0,0,1,0,0,0,0,0.048,0,0,0,0,0,0.0,0,0,0.0,1
invictus_enriched.csv:125,stratus-red-team-ec2-get-password-data-role,2023-07-10 11:54:50+00:00,1,0,0.5,3,1,1.0,0,0.0008333333333333334,1.0,0.258819045102521,-0.9659258262890682,0,0,0.1,31,3,0,0,1,0,0,1,0,0,0,0,0.048,0,0,0,0,0,0.0,0,0,0.0,1
invictus_enriched.csv:126,stratus-red-team-ec2-get-password-data-role,2023-07-10 11:54:50+00:00,1,0,0.5,3,1,1.0,0,0.0008333333333333334,1.0,0.258819045102521,-0.9659258262890682,0,0,0.1,31,3,0,0,1,0,0,1,0,0,0,0,0.048,0,0,0,0,0,0.0,0,0,0.0,1
invictus_enriched.csv:127,stratus-red-team-ec2-get-password-data-role,2023-07-10 11:54:50+00:00,1,0,0.5,3,1,1.0,0,0.0008333333333333334,1.0,0.258819045102521,-0.9659258262890682,0,0,0.1,31,3,0,0,1,0,0,1,0,0,0,0,0.048,0,0,0,0,0,0.0,0,0,0.0,1
invictus_enriched.csv:253,stratus-red-team-ec2-steal-credentials-role,2023-07-10 11:57:16+00:00,1,0,0.5,3,1,0.0,1,0.0,0.1,0.258819045102521,-0.9659258262890682,0,0,0.1,71,6,1,0,0,0,0,0,0,0,0,1,0.36933333333333335,0,0,0,0,0,0.0,0,0,0.0,0
invictus_enriched.csv:254,stratus-red-team-ec2-steal-credentials-role,2023-07-10 11:57:16+00:00,1,0,0.5,3,1,1.0,0,0.0,1.0,0.258819045102521,-0.9659258262890682,0,0,0.1,71,6,1,0,0,0,0,0,0,0,0,1,0.16666666666666666,0,0,0,0,0,0.0,0,0,0.0,0
invictus_enriched.csv:256,stratus-red-team-ec2-steal-credentials-role,2023-07-10 11:57:22+00:00,1,0,0.5,3,1,0.9983333333333333,1,0.0016666666666666668,1.0,0.258819045102521,-0.9659258262890682,0,0,0.2,63,3,0,0,0,0,0,1,0,0,0,0,0.04933333333333333,0,0,0,0,0,0.0,0,0,0.0,0
invictus_enriched.csv:257,stratus-red-team-ec2-steal-credentials-role,2023-07-10 11:57:22+00:00,1,0,0.5,3,1,1.0,1,0.0016666666666666668,1.0,0.258819045102521,-0.9659258262890682,0,0,0.2,22,2,0,0,0,0,0,1,0,1,0,0,0.0026666666666666666,0,0,0,0,0,0.0,0,0,0.0,0
invictus_enriched.csv:261,stratus-red-team-ec2-steal-credentials-role,2023-07-10 11:57:45+00:00,1,0,0.5,3,1,0.9936111111111111,1,0.008055555555555555,1.0,0.258819045102521,-0.9659258262890682,0,0,0.1,72,6,0,0,0,0,0,1,0,0,0,1,0.07333333333333333,0,0,0,0,0,0.0,0,0,0.0,0
invictus_enriched.csv:262,stratus-red-team-ec2-steal-credentials-role,2023-07-10 11:57:45+00:00,1,0,0.5,3,1,1.0,1,0.008055555555555555,1.0,0.258819045102521,-0.9659258262890682,0,0,0.1,73,6,0,0,0,0,0,1,0,0,0,1,0.084,0,0,0,0,0,0.0,0,0,0.0,0
invictus_enriched.csv:263,stratus-red-team-ec2-steal-credentials-role,2023-07-10 11:57:45+00:00,1,0,0.5,3,1,1.0,1,0.008055555555555555,1.0,0.258819045102521,-0.9659258262890682,0,0,0.1,74,6,1,0,0,0,0,0,0,0,0,1,0.3293333333333333,0,0,0,0,0,0.0,0,0,0.0,0
invictus_enriched.csv:264,stratus-red-team-ec2-steal-credentials-role,2023-07-10 11:57:45+00:00,1,0,0.5,3,1,1.0,0,0.008055555555555555,1.0,0.258819045102521,-0.9659258262890682,0,0,0.1,74,6,1,0,0,0,0,0,0,0,0,1,0.32666666666666666,0,0,0,0,0,0.0,0,0,0.0,0
invictus_enriched.csv:573,stratus-red-team-ec2-steal-credentials-role,2023-07-10 11:58:13+00:00,1,0,0.5,3,1,0.9922222222222222,0,0.015833333333333335,0.9473684210526316,0.258819045102521,-0.9659258262890682,0,0,0.1,74,6,1,0,0,0,0,0,0,0,0,1,0.39466666666666667,0,0,0,0,0,0.0,0,0,0.0,0
invictus_enriched.csv:574,stratus-red-team-ec2-steal-credentials-role,2023-07-10 11:58:13+00:00,1,0,0.5,3,1,1.0,1,0.015833333333333335,1.0,0.258819045102521,-0.9659258262890682,0,0,0.1,88,6,1,0,0,0,0,0,0,0,0,1,1.0,0,0,0,0,1,0.0,0,0,0.0,0
invictus_enriched.csv:578,stratus-red-team-ec2-steal-credentials-role,2023-07-10 11:58:13+00:00,1,0,0.5,3,1,1.0,0,0.015833333333333335,1.0,0.258819045102521,-0.9659258262890682,0,0,0.1,74,6,1,0,0,0,0,0,0,0,0,1,0.39866666666666667,0,0,0,0,0,0.0,0,0,0.0,0
invictus_enriched.csv:579,stratus-red-team-ec2-steal-credentials-role,2023-07-10 11:58:13+00:00,1,0,0.5,3,1,1.0,1,0.015833333333333335,1.0,0.258819045102521,-0.9659258262890682,0,0,0.1,89,6,1,0,0,0,0,0,0,0,0,1,0.6213333333333333,0,0,0,0,1,0.0,0,0,0.0,0
invictus_enriched.csv:866,stratus-red-team-ec2-steal-credentials-role,2023-07-10 12:02:01+00:00,1,0,0.5,3,1,0.9366666666666666,0,0.07916666666666666,0.2736842105263158,1.2246467991473532e-16,-1.0,0,0,0.1,71,6,1,0,0,0,0,0,0,0,0,1,0.36933333333333335,0,0,0,0,0,0.0,0,0,0.0,0
invictus_enriched.csv:1091,stratus-red-team-ec2-steal-credentials-role,2023-07-10 12:07:01+00:00,1,0,0.5,3,1,0.9166666666666666,0,0.1625,0.14358974358974358,1.2246467991473532e-16,-1.0,0,0,0.1,71,6,1,0,0,0,0,0,0,0,0,1,0.36933333333333335,0,0,0,0,0,0.0,0,0,0.0,0
invictus_enriched.csv:1134,stratus-red-team-ec2-steal-credentials-role,2023-07-10 12:07:39+00:00,1,0,0.5,3,1,0.9894444444444445,0,0.17305555555555555,0.14446227929373998,1.2246467991473532e-16,-1.0,0,0,0.1,72,6,0,0,0,0,0,1,0,0,0,1,0.07333333333333333,0,0,0,0,0,0.0,0,0,0.0,0
invictus_enriched.csv:1090,stratus-red-team-ec2lui-role-pcccexdthk,2023-07-10 12:06:42+00:00,1,0,0.5,3,1,0.0,1,0.0,0.1,1.2246467991473532e-16,-1.0,0,0,0.1,61,3,1,0,1,0,0,0,0,0,0,0,0.452,0,0,0,0,0,0.0,0,0,0.0,0
invictus_enriched.csv:1898,stratus-red-team-ec2lui-role-wuzemnoeqa,2023-07-10 12:09:31+00:00,1,0,0.5,3,1,0.0,1,0.0,0.1,1.2246467991473532e-16,-1.0,0,0,0.1,61,3,1,0,1,0,0,0,0,0,0,0,0.452,0,0,0,0,0,0.0,0,0,0.0,0
invictus_enriched.csv:912,stratus-red-team-get-usr-data-role,2023-07-10 12:02:55+00:00,1,0,0.5,3,1,0.0,1,0.0,0.1,1.2246467991473532e-16,-1.0,0,0,0.1,65,3,0,0,1,0,0,1,0,0,0,0,0.07066666666666667,0,0,0,0,0,0.0,0,0,0.0,0
invictus_enriched.csv:913,stratus-red-team-get-usr-data-role,2023-07-10 12:02:55+00:00,1,0,0.5,3,1,1.0,0,0.0,1.0,1.2246467991473532e-16,-1.0,0,0,0.1,65,3,0,0,1,0,0,1,0,0,0,0,0.07066666666666667,0,0,0,0,0,0.0,0,0,0.0,0
invictus_enriched.csv:914,stratus-red-team-get-usr-data-role,2023-07-10 12:02:55+00:00,1,0,0.5,3,1,1.0,0,0.0,1.0,1.2246467991473532e-16,-1.0,0,0,0.1,65,3,0,0,1,0,0,1,0,0,0,0,0.07066666666666667,0,0,0,0,0,0.0,0,0,0.0,0
invictus_enriched.csv:915,stratus-red-team-get-usr-data-role,2023-07-10 12:02:55+00:00,1,0,0.5,3,1,1.0,0,0.0,1.0,1.2246467991473532e-16,-1.0,0,0,0.1,65,3,0,0,1,0,0,1,0,0,0,0,0.07066666666666667,0,0,0,0,0,0.0,0,0,0.0,0
invictus_enriched.csv:916,stratus-red-team-get-usr-data-role,2023-07-10 12:02:55+00:00,1,0,0.5,3,1,1.0,0,0.0,1.0,1.2246467991473532e-16,-1.0,0,0,0.1,65,3,0,0,1,0,0,1,0,0,0,0,0.07066666666666667,0,0,0,0,0,0.0,0,0,0.0,0
invictus_enriched.csv:917,stratus-red-team-get-usr-data-role,2023-07-10 12:02:55+00:00,1,0,0.5,3,1,1.0,0,0.0,1.0,1.2246467991473532e-16,-1.0,0,0,0.1,65,3,0,0,1,0,0,1,0,0,0,0,0.07066666666666667,0,0,0,0,0,0.0,0,0,0.0,0
invictus_enriched.csv:918,stratus-red-team-get-usr-data-role,2023-07-10 12:02:56+00:00,1,0,0.5,3,1,0.9997222222222222,0,0.0002777777777777778,1.0,1.2246467991473532e-16,-1.0,0,0,0.1,65,3,0,0,1,0,0,1,0,0,0,0,0.07066666666666667,0,0,0,0,0,0.0,0,0,0.0,0
invictus_enriched.csv:919,stratus-red-team-get-usr-data-role,2023-07-10 12:02:56+00:00,1,0,0.5,3,1,1.0,0,0.0002777777777777778,1.0,1.2246467991473532e-16,-1.0,0,0,0.1,65,3,0,0,1,0,0,1,0,0,0,0,0.07066666666666667,0,0,0,0,0,0.0,0,0,0.0,0
invictus_enriched.csv:920,stratus-red-team-get-usr-data-role,2023-07-10 12:02:56+00:00,1,0,0.5,3,1,1.0,0,0.0002777777777777778,1.0,1.2246467991473532e-16,-1.0,0,0,0.1,65,3,0,0,1,0,0,1,0,0,0,0,0.07066666666666667,0,0,0,0,0,0.0,0,0,0.0,0
invictus_enriched.csv:921,stratus-red-team-get-usr-data-role,2023-07-10 12:02:56+00:00,1,0,0.5,3,1,1.0,0,0.0002777777777777778,1.0,1.2246467991473532e-16,-1.0,0,0,0.1,65,3,0,0,1,0,0,1,0,0,0,0,0.07066666666666667,0,0,0,0,0,0.0,0,0,0.0,0
invictus_enriched.csv:922,stratus-red-team-get-usr-data-role,2023-07-10 12:02:56+00:00,1,0,0.5,3,1,1.0,0,0.0002777777777777778,1.0,1.2246467991473532e-16,-1.0,0,0,0.1,65,3,0,0,1,0,0,1,0,0,0,0,0.07066666666666667,0,0,0,0,0,0.0,0,0,0.0,0
invictus_enriched.csv:923,stratus-red-team-get-usr-data-role,2023-07-10 12:02:57+00:00,1,0,0.5,3,1,0.9997222222222222,0,0.0005555555555555556,1.0,1.2246467991473532e-16,-1.0,0,0,0.1,65,3,0,0,1,0,0,1,0,0,0,0,0.07066666666666667,0,0,0,0,0,0.0,0,0,0.0,0
invictus_enriched.csv:924,stratus-red-team-get-usr-data-role,2023-07-10 12:02:57+00:00,1,0,0.5,3,1,1.0,0,0.0005555555555555556,1.0,1.2246467991473532e-16,-1.0,0,0,0.1,65,3,0,0,1,0,0,1,0,0,0,0,0.07066666666666667,0,0,0,0,0,0.0,0,0,0.0,0
invictus_enriched.csv:925,stratus-red-team-get-usr-data-role,2023-07-10 12:02:57+00:00,1,0,0.5,3,1,1.0,0,0.0005555555555555556,1.0,1.2246467991473532e-16,-1.0,0,0,0.1,65,3,0,0,1,0,0,1,0,0,0,0,0.07066666666666667,0,0,0,0,0,0.0,0,0,0.0,0
invictus_enriched.csv:926,stratus-red-team-get-usr-data-role,2023-07-10 12:02:57+00:00,1,0,0.5,3,1,1.0,0,0.0005555555555555556,1.0,1.2246467991473532e-16,-1.0,0,0,0.1,65,3,0,0,1,0,0,1,0,0,0,0,0.07066666666666667,0,0,0,0,0,0.0,0,0,0.0,0
invictus_enriched.csv:869,stratus-red-team-leave-org-role,2023-07-10 12:02:05+00:00,1,0,0.5,3,1,0.0,1,0.0,0.1,1.2246467991473532e-16,-1.0,0,0,0.1,114,0,1,0,1,1,0,0,0,0,0,0,0.0026666666666666666,0,0,0,0,0,0.0,0,0,0.0,0
invictus_enriched.csv:2319,stratus-red-team-nmfalu-gfjyeaypjt,2023-07-10 12:23:15+00:00,0,1,0.8,2,0,0.0,1,0.0,0.1,1.2246467991473532e-16,-1.0,0,0,0.1,194,0,1,0,0,0,0,0,0,0,0,0,0.0026666666666666666,0,0,0,0,0,0.0,0,0,0.0,0
invictus_enriched.csv:198,unknown_user,2023-07-10 11:55:23+00:00,0,1,0.3,0,0,0.9997222222222222,1,0.0002777777777777778,1.0,0.258819045102521,-0.9659258262890682,0,0,0.1,62,3,1,0,0,0,0,0,0,0,0,1,0.0026666666666666666,0,0,0,0,0,0.0,0,0,0.0,0
invictus_enriched.csv:994,unknown_user,2023-07-10 12:03:26+00:00,0,1,0.3,0,0,0.9997222222222222,0,0.13444444444444445,0.12396694214876033,1.2246467991473532e-16,-1.0,0,0,0.1,62,3,1,0,0,0,0,0,0,0,0,1,0.0026666666666666666,0,0,0,0,0,0.0,0,0,0.0,0
invictus_enriched.csv:1626,unknown_user,2023-07-10 12:08:04+00:00,0,1,0.3,0,0,0.9986111111111111,1,0.21166666666666667,0.14173228346456695,1.2246467991473532e-16,-1.0,0,0,0.1,143,5,1,0,0,0,0,0,0,0,0,1,0.0026666666666666666,0,0,0,1,0,0.0,0,0,0.0,0
invictus_enriched.csv:1627,unknown_user,2023-07-10 12:08:04+00:00,0,1,0.3,0,0,1.0,1,0.21166666666666667,0.14960629921259844,1.2246467991473532e-16,-1.0,0,0,0.1,144,5,1,0,0,0,0,0,0,0,0,1,0.0026666666666666666,0,0,0,1,0,0.0,0,0,0.0,0
invictus_enriched.csv:1674,unknown_user,2023-07-10 12:08:07+00:00,0,1,0.3,0,0,0.9991666666666666,0,0.2125,0.1568627450980392,1.2246467991473532e-16,-1.0,0,0,0.1,144,5,1,0,0,0,0,0,0,0,0,1,0.0026666666666666666,0,0,0,1,0,0.0,0,0,0.0,0
invictus_enriched.csv:1675,unknown_user,2023-07-10 12:08:07+00:00,0,1,0.3,0,0,1.0,0,0.2125,0.16470588235294117,1.2246467991473532e-16,-1.0,0,0,0.1,143,5,1,0,0,0,0,0,0,0,0,1,0.0026666666666666666,0,0,0,1,0,0.0,0,0,0.0,0
invictus_enriched.csv:1683,unknown_user,2023-07-10 12:08:08+00:00,0,1,0.3,0,0,0.9997222222222222,0,0.2127777777777778,0.17232375979112272,1.2246467991473532e-16,-1.0,0,0,0.1,143,5,1,0,0,0,0,0,0,0,0,1,0.0026666666666666666,0,0,0,1,0,0.0,0,0,0.0,0
invictus_enriched.csv:1684,unknown_user,2023-07-10 12:08:08+00:00,0,1,0.3,0,0,1.0,0,0.2127777777777778,0.18015665796344646,1.2246467991473532e-16,-1.0,0,0,0.1,143,5,1,0,0,0,0,0,0,0,0,1,0.0026666666666666666,0,0,0,1,0,0.0,0,0,0.0,0
invictus_enriched.csv:1686,unknown_user,2023-07-10 12:08:08+00:00,0,1,0.3,0,0,1.0,0,0.2127777777777778,0.18798955613577023,1.2246467991473532e-16,-1.0,0,0,0.1,144,5,1,0,0,0,0,0,0,0,0,1,0.0026666666666666666,0,0,0,1,0,0.0,0,0,0.0,0
invictus_enriched.csv:1688,unknown_user,2023-07-10 12:08:08+00:00,0,1,0.3,0,0,1.0,0,0.2127777777777778,0.19582245430809397,1.2246467991473532e-16,-1.0,0,0,0.1,144,5,1,0,0,0,0,0,0,0,0,1,0.0026666666666666666,0,0,0,1,0,0.0,0,0,0.0,0
invictus_enriched.csv:1690,unknown_user,2023-07-10 12:08:09+00:00,0,1,0.3,0,0,0.9997222222222222,0,0.21305555555555555,0.20338983050847456,1.2246467991473532e-16,-1.0,0,0,0.1,143,5,1,0,0,0,0,0,0,0,0,1,0.0026666666666666666,0,0,0,1,0,0.0,0,0,0.0,0
invictus_enriched.csv:1693,unknown_user,2023-07-10 12:08:09+00:00,0,1,0.3,0,0,1.0,0,0.21305555555555555,0.21903520208604954,1.2246467991473532e-16,-1.0,0,0,0.1,144,5,1,0,0,0,0,0,0,0,0,1,0.0026666666666666666,0,0,0,1,0,0.0,0,0,0.0,0
invictus_enriched.csv:1694,unknown_user,2023-07-10 12:08:10+00:00,0,1,0.3,0,0,0.9997222222222222,0,0.21333333333333335,0.2265625,1.2246467991473532e-16,-1.0,0,0,0.1,143,5,1,0,0,0,0,0,0,0,0,1,0.0026666666666666666,0,0,0,1,0,0.0,0,0,0.0,0
invictus_enriched.csv:1698,unknown_user,2023-07-10 12:08:10+00:00,0,1,0.3,0,0,1.0,0,0.21333333333333335,0.234375,1.2246467991473532e-16,-1.0,0,0,0.1,144,5,1,0,0,0,0,0,0,0,0,1,0.0026666666666666666,0,0,0,1,0,0.0,0,0,0.0,0
invictus_enriched.csv:1703,unknown_user,2023-07-10 12:08:12+00:00,0,1,0.3,0,0,0.9994444444444445,0,0.21388888888888888,0.24155844155844153,1.2246467991473532e-16,-1.0,0,0,0.1,143,5,1,0,0,0,0,0,0,0,0,1,0.0026666666666666666,0,0,0,1,0,0.0,0,0,0.0,0
invictus_enriched.csv:1721,unknown_user,2023-07-10 12:08:12+00:00,0,1,0.3,0,0,1.0,0,0.21388888888888888,0.24935064935064935,1.2246467991473532e-16,-1.0,0,0,0.1,144,5,1,0,0,0,0,0,0,0,0,1,0.0026666666666666666,0,0,0,1,0,0.0,0,0,0.0,0
invictus_enriched.csv:1731,unknown_user,2023-07-10 12:08:14+00:00,0,1,0.3,0,0,0.9994444444444445,0,0.21444444444444444,0.2564766839378238,1.2246467991473532e-16,-1.0,0,0,0.1,143,5,1,0,0,0,0,0,0,0,0,1,0.0026666666666666666,0,0,0,1,0,0.0,0,0,0.0,0
invictus_enriched.csv:1736,unknown_user,2023-07-10 12:08:14+00:00,0,1,0.3,0,0,1.0,0,0.21444444444444444,0.26424870466321243,1.2246467991473532e-16,-1.0,0,0,0.1,144,5,1,0,0,0,0,0,0,0,0,1,0.0026666666666666666,0,0,0,1,0,0.0,0,0,0.0,0
invictus_enriched.csv:1739,unknown_user,2023-07-10 12:08:14+00:00,0,1,0.3,0,0,1.0,0,0.21444444444444444,0.272020725388601,1.2246467991473532e-16,-1.0,0,0,0.1,143,5,1,0,0,0,0,0,0,0,0,1,0.0026666666666666666,0,0,0,1,0,0.0,0,0,0.0,0
invictus_enriched.csv:1740,unknown_user,2023-07-10 12:08:14+00:00,0,1,0.3,0,0,1.0,0,0.21444444444444444,0.27979274611398963,1.2246467991473532e-16,-1.0,0,0,0.1,144,5,1,0,0,0,0,0,0,0,0,1,0.0026666666666666666,0,0,0,1,0,0.0,0,0,0.0,0
invictus_enriched.csv:1747,unknown_user,2023-07-10 12:08:16+00:00,0,1,0.3,0,0,0.9994444444444445,0,0.215,0.28682170542635654,1.2246467991473532e-16,-1.0,0,0,0.1,144,5,1,0,0,0,0,0,0,0,0,1,0.0026666666666666666,0,0,0,1,0,0.0,0,0,0.0,0
invictus_enriched.csv:1749,unknown_user,2023-07-10 12:08:16+00:00,0,1,0.3,0,0,1.0,0,0.215,0.2945736434108527,1.2246467991473532e-16,-1.0,0,0,0.1,143,5,1,0,0,0,0,0,0,0,0,1,0.0026666666666666666,0,0,0,1,0,0.0,0,0,0.0,0
invictus_enriched.csv:1763,unknown_user,2023-07-10 12:08:18+00:00,0,1,0.3,0,0,0.9994444444444445,0,0.21555555555555556,0.3015463917525773,1.2246467991473532e-16,-1.0,0,0,0.1,143,5,1,0,0,0,0,0,0,0,0,1,0.0026666666666666666,0,0,0,1,0,0.0,0,0,0.0,0
invictus_enriched.csv:1764,unknown_user,2023-07-10 12:08:18+00:00,0,1,0.3,0,0,1.0,0,0.21555555555555556,0.30927835051546393,1.2246467991473532e-16,-1.0,0,0,0.1,144,5,1,0,0,0,0,0,0,0,0,1,0.0026666666666666666,0,0,0,1,0,0.0,0,0,0.0,0
invictus_enriched.csv:1766,unknown_user,2023-07-10 12:08:18+00:00,0,1,0.3,0,0,1.0,0,0.21555555555555556,0.3170103092783505,1.2246467991473532e-16,-1.0,0,0,0.1,143,5,1,0,0,0,0,0,0,0,0,1,0.0026666666666666666,0,0,0,1,0,0.0,0,0,0.0,0
invictus_enriched.csv:1771,unknown_user,2023-07-10 12:08:18+00:00,0,1,0.3,0,0,1.0,0,0.21555555555555556,0.3247422680412371,1.2246467991473532e-16,-1.0,0,0,0.1,144,5,1,0,0,0,0,0,0,0,0,1,0.0026666666666666666,0,0,0,1,0,0.0,0,0,0.0,0
invictus_enriched.csv:1788,unknown_user,2023-07-10 12:08:21+00:00,0,1,0.3,0,0,0.9991666666666666,0,0.21638888888888888,0.33119383825417203,1.2246467991473532e-16,-1.0,0,0,0.1,144,5,1,0,0,0,0,0,0,0,0,1,0.0026666666666666666,0,0,0,1,0,0.0,0,0,0.0,0
invictus_enriched.csv:1789,unknown_user,2023-07-10 12:08:21+00:00,0,1,0.3,0,0,1.0,0,0.21638888888888888,0.3388960205391528,1.2246467991473532e-16,-1.0,0,0,0.1,143,5,1,0,0,0,0,0,0,0,0,1,0.0026666666666666666,0,0,0,1,0,0.0,0,0,0.0,0
invictus_enriched.csv:1790,unknown_user,2023-07-10 12:08:21+00:00,0,1,0.3,0,0,1.0,0,0.21638888888888888,0.34659820282413356,1.2246467991473532e-16,-1.0,0,0,0.1,144,5,1,0,0,0,0,0,0,0,0,1,0.0026666666666666666,0,0,0,1,0,0.0,0,0,0.0,0
invictus_enriched.csv:1791,unknown_user,2023-07-10 12:08:21+00:00,0,1,0.3,0,0,1.0,0,0.21638888888888888,0.35430038510911427,1.2246467991473532e-16,-1.0,0,0,0.1,143,5,1,0,0,0,0,0,0,0,0,1,0.0026666666666666666,0,0,0,1,0,0.0,0,0,0.0,0
invictus_enriched.csv:1792,unknown_user,2023-07-10 12:08:22+00:00,0,1,0.3,0,0,0.9997222222222222,0,0.21666666666666667,0.36153846153846153,1.2246467991473532e-16,-1.0,0,0,0.1,143,5,1,0,0,0,0,0,0,0,0,1,0.0026666666666666666,0,0,0,1,0,0.0,0,0,0.0,0
invictus_enriched.csv:1793,unknown_user,2023-07-10 12:08:22+00:00,0,1,0.3,0,0,1.0,0,0.21666666666666667,0.36923076923076925,1.2246467991473532e-16,-1.0,0,0,0.1,144,5,1,0,0,0,0,0,0,0,0,1,0.0026666666666666666,0,0,0,1,0,0.0,0,0,0.0,0
invictus_enriched.csv:1798,unknown_user,2023-07-10 12:08:24+00:00,0,1,0.3,0,0,0.9994444444444445,0,0.21722222222222223,0.3759590792838875,1.2246467991473532e-16,-1.0,0,0,0.1,143,5,1,0,0,0,0,0,0,0,0,1,0.0026666666666666666,0,0,0,1,0,0.0,0,0,0.0,0
invictus_enriched.csv:1799,unknown_user,2023-07-10 12:08:24+00:00,0,1,0.3,0,0,1.0,0,0.21722222222222223,0.3836317135549872,1.2246467991473532e-16,-1.0,0,0,0.1,144,5,1,0,0,0,0,0,0,0,0,1,0.0026666666666666666,0,0,0,1,0,0.0,0,0,0.0,0
invictus_enriched.csv:1800,unknown_user,2023-07-10 12:08:25+00:00,0,1,0.3,0,0,0.9997222222222222,0,0.2175,0.3908045977011494,1.2246467991473532e-16,-1.0,0,0,0.1,144,5,1,0,0,0,0,0,0,0,0,1,0.0026666666666666666,0,0,0,1,0,0.0,0,0,0.0,0
invictus_enriched.csv:1803,unknown_user,2023-07-10 12:08:26+00:00,0,1,0.3,0,0,0.9997222222222222,0,0.21777777777777776,0.3979591836734694,1.2246467991473532e-16,-1.0,0,0,0.1,143,5,1,0,0,0,0,0,0,0,0,1,0.0026666666666666666,0,0,0,1,0,0.0,0,0,0.0,0
invictus_enriched.csv:1804,unknown_user,2023-07-10 12:08:26+00:00,0,1,0.3,0,0,1.0,0,0.21777777777777776,0.40561224489795916,1.2246467991473532e-16,-1.0,0,0,0.1,144,5,1,0,0,0,0,0,0,0,0,1,0.0026666666666666666,0,0,0,1,0,0.0,0,0,0.0,0
invictus_enriched.csv:1805,unknown_user,2023-07-10 12:08:26+00:00,0,1,0.3,0,0,1.0,0,0.21777777777777776,0.413265306122449,1.2246467991473532e-16,-1.0,0,0,0.1,143,5,1,0,0,0,0,0,0,0,0,1,0.0026666666666666666,0,0,0,1,0,0.0,0,0,0.0,0
invictus_enriched.csv:1806,unknown_user,2023-07-10 12:08:26+00:00,0,1,0.3,0,0,1.0,0,0.21777777777777776,0.4209183673469388,1.2246467991473532e-16,-1.0,0,0,0.1,144,5,1,0,0,0,0,0,0,0,0,1,0.0026666666666666666,0,0,0,1,0,0.0,0,0,0.0,0
invictus_enriched.csv:1807,unknown_user,2023-07-10 12:08:26+00:00,0,1,0.3,0,0,1.0,0,0.21777777777777776,0.42857142857142855,1.2246467991473532e-16,-1.0,0,0,0.1,143,5,1,0,0,0,0,0,0,0,0,1,0.0026666666666666666,0,0,0,1,0,0.0,0,0,0.0,0
invictus_enriched.csv:1811,unknown_user,2023-07-10 12:08:27+00:00,0,1,0.3,0,0,0.9997222222222222,0,0.21805555555555556,0.4356687898089172,1.2246467991473532e-16,-1.0,0,0,0.1,143,5,1,0,0,0,0,0,0,0,0,1,0.0026666666666666666,0,0,0,1,0,0.0,0,0,0.0,0
invictus_enriched.csv:1814,unknown_user,2023-07-10 12:08:27+00:00,0,1,0.3,0,0,1.0,0,0.21805555555555556,0.44331210191082804,1.2246467991473532e-16,-1.0,0,0,0.1,144,5,1,0,0,0,0,0,0,0,0,1,0.0026666666666666666,0,0,0,1,0,0.0,0,0,0.0,0
