log_id,username,timestamp,label,label_orig,P_event
synthetic_cloudtrail.csv:1527,fe:AWSServiceRoleForEC2,2024-02-20 15:00:12+00:00,0,0,0.14537147
synthetic_cloudtrail.csv:1528,fe:AWSServiceRoleForEC2,2024-02-20 15:00:42+00:00,0,0,0.27337864
synthetic_cloudtrail.csv:1529,fe:AWSServiceRoleForEC2,2024-02-20 15:01:01+00:00,0,0,0.12651107
synthetic_cloudtrail.csv:1530,fe:AWSServiceRoleForEC2,2024-02-20 15:01:07+00:00,0,0,0.1350968
synthetic_cloudtrail.csv:1531,fe:AWSServiceRoleForEC2,2024-02-20 15:01:21+00:00,0,0,0.12641287
synthetic_cloudtrail.csv:1532,fe:AWSServiceRoleForEC2,2024-02-20 15:01:48+00:00,0,0,0.1317648
synthetic_cloudtrail.csv:2445,fe:AWSServiceRoleForEC2,2024-03-25 16:00:21+00:00,0,0,0.11738084
synthetic_cloudtrail.csv:2446,fe:AWSServiceRoleForEC2,2024-03-25 16:00:26+00:00,0,0,0.12809211
synthetic_cloudtrail.csv:2447,fe:AWSServiceRoleForEC2,2024-03-25 16:00:33+00:00,0,0,0.11333956
synthetic_cloudtrail.csv:2448,fe:AWSServiceRoleForEC2,2024-03-25 16:00:47+00:00,0,0,0.13150313
synthetic_cloudtrail.csv:2449,fe:AWSServiceRoleForEC2,2024-03-25 16:01:02+00:00,0,0,0.108434014
synthetic_cloudtrail.csv:2450,fe:AWSServiceRoleForEC2,2024-03-25 16:01:14+00:00,0,0,0.24858016
synthetic_cloudtrail.csv:2451,fe:AWSServiceRoleForEC2,2024-03-25 16:01:44+00:00,0,0,0.11326677
synthetic_cloudtrail.csv:2452,fe:AWSServiceRoleForEC2,2024-03-25 16:02:05+00:00,0,0,0.2421682
synthetic_cloudtrail.csv:2453,fe:AWSServiceRoleForEC2,2024-03-25 16:02:33+00:00,0,0,0.13675489
synthetic_cloudtrail.csv:2454,fe:AWSServiceRoleForEC2,2024-03-25 16:02:46+00:00,0,0,0.11403103
synthetic_cloudtrail.csv:2455,fe:AWSServiceRoleForEC2,2024-03-25 16:03:06+00:00,0,0,0.115724295
synthetic_cloudtrail.csv:2456,fe:AWSServiceRoleForEC2,2024-03-25 16:03:14+00:00,0,0,0.11714683
synthetic_cloudtrail.csv:2457,fe:AWSServiceRoleForEC2,2024-03-25 16:03:30+00:00,0,0,0.10787904
synthetic_cloudtrail.csv:2458,fe:AWSServiceRoleForEC2,2024-03-25 16:03:50+00:00,0,0,0.115134835
synthetic_cloudtrail.csv:2459,fe:AWSServiceRoleForEC2,2024-03-25 16:03:57+00:00,0,0,0.111320384
synthetic_cloudtrail.csv:3449,fe:AWSServiceRoleForEC2,2024-05-01 10:00:09+00:00,0,0,0.1261917
synthetic_cloudtrail.csv:3450,fe:AWSServiceRoleForEC2,2024-05-01 10:00:21+00:00,0,0,0.27607068
synthetic_cloudtrail.csv:3451,fe:AWSServiceRoleForEC2,2024-05-01 10:00:51+00:00,0,0,0.12136583
synthetic_cloudtrail.csv:3452,fe:AWSServiceRoleForEC2,2024-05-01 10:00:56+00:00,0,0,0.14139076
synthetic_cloudtrail.csv:3453,fe:AWSServiceRoleForEC2,2024-05-01 10:01:22+00:00,0,0,0.11601397
synthetic_cloudtrail.csv:3454,fe:AWSServiceRoleForEC2,2024-05-01 10:01:24+00:00,0,0,0.14120914
synthetic_cloudtrail.csv:3455,fe:AWSServiceRoleForEC2,2024-05-01 10:01:43+00:00,0,0,0.11401042
synthetic_cloudtrail.csv:3456,fe:AWSServiceRoleForEC2,2024-05-01 10:02:02+00:00,0,0,0.13507582
synthetic_cloudtrail.csv:3457,fe:AWSServiceRoleForEC2,2024-05-01 10:02:05+00:00,0,0,0.11388822
synthetic_cloudtrail.csv:3458,fe:AWSServiceRoleForEC2,2024-05-01 10:02:16+00:00,0,0,0.13670912
synthetic_cloudtrail.csv:3528,fe:AWSServiceRoleForEC2,2024-05-04 10:00:21+00:00,0,0,0.11787031
synthetic_cloudtrail.csv:3529,fe:AWSServiceRoleForEC2,2024-05-04 10:00:32+00:00,0,0,0.31760186
synthetic_cloudtrail.csv:3530,fe:AWSServiceRoleForEC2,2024-05-04 10:00:38+00:00,0,0,0.13215198
synthetic_cloudtrail.csv:3531,fe:AWSServiceRoleForEC2,2024-05-04 10:00:47+00:00,0,0,0.1349055
synthetic_cloudtrail.csv:3532,fe:AWSServiceRoleForEC2,2024-05-04 10:00:49+00:00,0,0,0.13684663
synthetic_cloudtrail.csv:3533,fe:AWSServiceRoleForEC2,2024-05-04 10:01:07+00:00,0,0,0.1250729
synthetic_cloudtrail.csv:3534,fe:AWSServiceRoleForEC2,2024-05-04 10:01:22+00:00,0,0,0.12747377
synthetic_cloudtrail.csv:3535,fe:AWSServiceRoleForEC2,2024-05-04 10:01:42+00:00,0,0,0.15076867
synthetic_cloudtrail.csv:3536,fe:AWSServiceRoleForEC2,2024-05-04 10:02:12+00:00,0,0,0.14447397
synthetic_cloudtrail.csv:3537,fe:AWSServiceRoleForEC2,2024-05-04 10:02:30+00:00,0,0,0.12571073
synthetic_cloudtrail.csv:3538,fe:AWSServiceRoleForEC2,2024-05-04 10:02:32+00:00,0,0,0.11935585
synthetic_cloudtrail.csv:3730,fe:AWSServiceRoleForEC2,2024-05-12 12:00:20+00:00,0,0,0.121848665
synthetic_cloudtrail.csv:3731,fe:AWSServiceRoleForEC2,2024-05-12 12:00:25+00:00,0,0,0.12976225
synthetic_cloudtrail.csv:3732,fe:AWSServiceRoleForEC2,2024-05-12 12:00:53+00:00,0,0,0.29900894
synthetic_cloudtrail.csv:3733,fe:AWSServiceRoleForEC2,2024-05-12 12:01:07+00:00,0,0,0.14493132
synthetic_cloudtrail.csv:3734,fe:AWSServiceRoleForEC2,2024-05-12 12:01:25+00:00,0,0,0.26801947
synthetic_cloudtrail.csv:3735,fe:AWSServiceRoleForEC2,2024-05-12 12:01:38+00:00,0,0,0.12759332
synthetic_cloudtrail.csv:3736,fe:AWSServiceRoleForEC2,2024-05-12 12:01:53+00:00,0,0,0.12945852
synthetic_cloudtrail.csv:3737,fe:AWSServiceRoleForEC2,2024-05-12 12:02:03+00:00,0,0,0.12003424
synthetic_cloudtrail.csv:3738,fe:AWSServiceRoleForEC2,2024-05-12 12:02:28+00:00,0,0,0.12447002
synthetic_cloudtrail.csv:3739,fe:AWSServiceRoleForEC2,2024-05-12 12:02:47+00:00,0,0,0.25633323
synthetic_cloudtrail.csv:3740,fe:AWSServiceRoleForEC2,2024-05-12 12:03:15+00:00,0,0,0.115190014
synthetic_cloudtrail.csv:4674,fe:AWSServiceRoleForEC2,2024-06-10 19:00:06+00:00,0,0,0.30432943
synthetic_cloudtrail.csv:4675,fe:AWSServiceRoleForEC2,2024-06-10 19:00:10+00:00,0,0,0.317633
synthetic_cloudtrail.csv:4676,fe:AWSServiceRoleForEC2,2024-06-10 19:00:33+00:00,0,0,0.14237145
synthetic_cloudtrail.csv:4677,fe:AWSServiceRoleForEC2,2024-06-10 19:00:46+00:00,0,0,0.14140314
synthetic_cloudtrail.csv:4678,fe:AWSServiceRoleForEC2,2024-06-10 19:01:01+00:00,0,0,0.13710687
synthetic_cloudtrail.csv:4679,fe:AWSServiceRoleForEC2,2024-06-10 19:01:18+00:00,0,0,0.13174266
synthetic_cloudtrail.csv:4680,fe:AWSServiceRoleForEC2,2024-06-10 19:01:40+00:00,0,0,0.13311876
synthetic_cloudtrail.csv:4681,fe:AWSServiceRoleForEC2,2024-06-10 19:01:54+00:00,0,0,0.12212603
synthetic_cloudtrail.csv:4801,fe:AWSServiceRoleForEC2,2024-06-15 12:00:09+00:00,0,0,0.13190597
synthetic_cloudtrail.csv:4802,fe:AWSServiceRoleForEC2,2024-06-15 12:00:35+00:00,0,0,0.28490096
synthetic_cloudtrail.csv:4803,fe:AWSServiceRoleForEC2,2024-06-15 12:00:47+00:00,0,0,0.12995753
synthetic_cloudtrail.csv:4804,fe:AWSServiceRoleForEC2,2024-06-15 12:00:55+00:00,0,0,0.1265468
synthetic_cloudtrail.csv:4805,fe:AWSServiceRoleForEC2,2024-06-15 12:01:08+00:00,0,0,0.14603937
synthetic_cloudtrail.csv:4806,fe:AWSServiceRoleForEC2,2024-06-15 12:01:23+00:00,0,0,0.12304374
synthetic_cloudtrail.csv:4807,fe:AWSServiceRoleForEC2,2024-06-15 12:01:43+00:00,0,0,0.11668387
synthetic_cloudtrail.csv:4808,fe:AWSServiceRoleForEC2,2024-06-15 12:01:46+00:00,0,0,0.2576954
synthetic_cloudtrail.csv:4809,fe:AWSServiceRoleForEC2,2024-06-15 12:01:55+00:00,0,0,0.12352956
synthetic_cloudtrail.csv:4810,fe:AWSServiceRoleForEC2,2024-06-15 12:01:56+00:00,0,0,0.1361982
synthetic_cloudtrail.csv:4811,fe:AWSServiceRoleForEC2,2024-06-15 12:02:17+00:00,0,0,0.25260326
synthetic_cloudtrail.csv:4812,fe:AWSServiceRoleForEC2,2024-06-15 12:02:38+00:00,0,0,0.11187925
synthetic_cloudtrail.csv:4813,fe:AWSServiceRoleForEC2,2024-06-15 12:02:48+00:00,0,0,0.11876505
synthetic_cloudtrail.csv:4814,fe:AWSServiceRoleForEC2,2024-06-15 12:03:13+00:00,0,0,0.10937788
synthetic_cloudtrail.csv:5657,fe:AWSServiceRoleForEC2,2024-07-16 17:00:01+00:00,0,0,0.10016143
synthetic_cloudtrail.csv:5658,fe:AWSServiceRoleForEC2,2024-07-16 17:00:12+00:00,0,0,0.131237
synthetic_cloudtrail.csv:5659,fe:AWSServiceRoleForEC2,2024-07-16 17:00:28+00:00,0,0,0.124248184
synthetic_cloudtrail.csv:5660,fe:AWSServiceRoleForEC2,2024-07-16 17:00:37+00:00,0,0,0.12422782
synthetic_cloudtrail.csv:5661,fe:AWSServiceRoleForEC2,2024-07-16 17:01:02+00:00,0,0,0.10306122
synthetic_cloudtrail.csv:5662,fe:AWSServiceRoleForEC2,2024-07-16 17:01:32+00:00,0,0,0.13427058
synthetic_cloudtrail.csv:5663,fe:AWSServiceRoleForEC2,2024-07-16 17:01:42+00:00,0,0,0.10613983
synthetic_cloudtrail.csv:5664,fe:AWSServiceRoleForEC2,2024-07-16 17:01:47+00:00,0,0,0.112789646
synthetic_cloudtrail.csv:5665,fe:AWSServiceRoleForEC2,2024-07-16 17:01:50+00:00,0,0,0.10749844
synthetic_cloudtrail.csv:5666,fe:AWSServiceRoleForEC2,2024-07-16 17:02:02+00:00,0,0,0.2651484
synthetic_cloudtrail.csv:5667,fe:AWSServiceRoleForEC2,2024-07-16 17:02:29+00:00,0,0,0.27501327
synthetic_cloudtrail.csv:5668,fe:AWSServiceRoleForEC2,2024-07-16 17:02:34+00:00,0,0,0.11229011
synthetic_cloudtrail.csv:5669,fe:AWSServiceRoleForEC2,2024-07-16 17:02:45+00:00,0,0,0.11523937
synthetic_cloudtrail.csv:5670,fe:AWSServiceRoleForEC2,2024-07-16 17:03:07+00:00,0,0,0.13270348
synthetic_cloudtrail.csv:6048,fe:AWSServiceRoleForEC2,2024-08-03 12:00:08+00:00,0,0,0.12438881
synthetic_cloudtrail.csv:6049,fe:AWSServiceRoleForEC2,2024-08-03 12:00:18+00:00,0,0,0.123324685
synthetic_cloudtrail.csv:6050,fe:AWSServiceRoleForEC2,2024-08-03 12:00:48+00:00,0,0,0.2893335
synthetic_cloudtrail.csv:6051,fe:AWSServiceRoleForEC2,2024-08-03 12:00:50+00:00,0,0,0.1315746
synthetic_cloudtrail.csv:6052,fe:AWSServiceRoleForEC2,2024-08-03 12:01:13+00:00,0,0,0.14633997
synthetic_cloudtrail.csv:6053,fe:AWSServiceRoleForEC2,2024-08-03 12:01:18+00:00,0,0,0.123504855
synthetic_cloudtrail.csv:6054,fe:AWSServiceRoleForEC2,2024-08-03 12:01:21+00:00,0,0,0.12773724
synthetic_cloudtrail.csv:6055,fe:AWSServiceRoleForEC2,2024-08-03 12:01:49+00:00,0,0,0.116665475
synthetic_cloudtrail.csv:6616,fe:AWSServiceRoleForEC2,2024-08-25 16:00:27+00:00,0,0,0.10986373
synthetic_cloudtrail.csv:6617,fe:AWSServiceRoleForEC2,2024-08-25 16:00:43+00:00,0,0,0.12475681
synthetic_cloudtrail.csv:6618,fe:AWSServiceRoleForEC2,2024-08-25 16:01:08+00:00,0,0,0.12624866
synthetic_cloudtrail.csv:6619,fe:AWSServiceRoleForEC2,2024-08-25 16:01:38+00:00,0,0,0.27156284
synthetic_cloudtrail.csv:6620,fe:AWSServiceRoleForEC2,2024-08-25 16:02:05+00:00,0,0,0.13515913
synthetic_cloudtrail.csv:6621,fe:AWSServiceRoleForEC2,2024-08-25 16:02:08+00:00,0,0,0.26256737
synthetic_cloudtrail.csv:6622,fe:AWSServiceRoleForEC2,2024-08-25 16:02:20+00:00,0,0,0.24129184
synthetic_cloudtrail.csv:7870,fe:AWSServiceRoleForEC2,2024-10-11 16:00:28+00:00,0,0,0.10807086
synthetic_cloudtrail.csv:7871,fe:AWSServiceRoleForEC2,2024-10-11 16:00:31+00:00,0,0,0.2693279
synthetic_cloudtrail.csv:7872,fe:AWSServiceRoleForEC2,2024-10-11 16:00:38+00:00,0,0,0.1207616
synthetic_cloudtrail.csv:7873,fe:AWSServiceRoleForEC2,2024-10-11 16:00:42+00:00,0,0,0.118632145
synthetic_cloudtrail.csv:7874,fe:AWSServiceRoleForEC2,2024-10-11 16:01:06+00:00,0,0,0.12221849
synthetic_cloudtrail.csv:7875,fe:AWSServiceRoleForEC2,2024-10-11 16:01:24+00:00,0,0,0.1225035
synthetic_cloudtrail.csv:7876,fe:AWSServiceRoleForEC2,2024-10-11 16:01:54+00:00,0,0,0.114893705
synthetic_cloudtrail.csv:8787,fe:AWSServiceRoleForEC2,2024-11-15 16:00:08+00:00,0,0,0.12705877
synthetic_cloudtrail.csv:8788,fe:AWSServiceRoleForEC2,2024-11-15 16:00:22+00:00,0,0,0.117304064
synthetic_cloudtrail.csv:8789,fe:AWSServiceRoleForEC2,2024-11-15 16:00:51+00:00,0,0,0.12150293
synthetic_cloudtrail.csv:8790,fe:AWSServiceRoleForEC2,2024-11-15 16:01:17+00:00,0,0,0.11740675
synthetic_cloudtrail.csv:8791,fe:AWSServiceRoleForEC2,2024-11-15 16:01:21+00:00,0,0,0.112009615
synthetic_cloudtrail.csv:8792,fe:AWSServiceRoleForEC2,2024-11-15 16:01:33+00:00,0,0,0.11613508
synthetic_cloudtrail.csv:8793,fe:AWSServiceRoleForEC2,2024-11-15 16:01:50+00:00,0,0,0.13160458
synthetic_cloudtrail.csv:8794,fe:AWSServiceRoleForEC2,2024-11-15 16:02:10+00:00,0,0,0.10421952
synthetic_cloudtrail.csv:8795,fe:AWSServiceRoleForEC2,2024-11-15 16:02:13+00:00,0,0,0.2629005
synthetic_cloudtrail.csv:8796,fe:AWSServiceRoleForEC2,2024-11-15 16:02:31+00:00,0,0,0.108842485
synthetic_cloudtrail.csv:8797,fe:AWSServiceRoleForEC2,2024-11-15 16:02:52+00:00,0,0,0.113100454
synthetic_cloudtrail.csv:8798,fe:AWSServiceRoleForEC2,2024-11-15 16:03:10+00:00,0,0,0.23117417
synthetic_cloudtrail.csv:8799,fe:AWSServiceRoleForEC2,2024-11-15 16:03:15+00:00,0,0,0.24442326
synthetic_cloudtrail.csv:8800,fe:AWSServiceRoleForEC2,2024-11-15 16:03:25+00:00,0,0,0.113662526
synthetic_cloudtrail.csv:8801,fe:AWSServiceRoleForEC2,2024-11-15 16:03:52+00:00,0,0,0.110317975
synthetic_cloudtrail.csv:8963,fe:AWSServiceRoleForEC2,2024-11-21 09:00:02+00:00,0,0,0.11905565
synthetic_cloudtrail.csv:8964,fe:AWSServiceRoleForEC2,2024-11-21 09:00:16+00:00,0,0,0.12843013
synthetic_cloudtrail.csv:8965,fe:AWSServiceRoleForEC2,2024-11-21 09:00:26+00:00,0,0,0.28852877
synthetic_cloudtrail.csv:8966,fe:AWSServiceRoleForEC2,2024-11-21 09:00:33+00:00,0,0,0.14532082
synthetic_cloudtrail.csv:8967,fe:AWSServiceRoleForEC2,2024-11-21 09:01:01+00:00,0,0,0.14153858
synthetic_cloudtrail.csv:8968,fe:AWSServiceRoleForEC2,2024-11-21 09:01:15+00:00,0,0,0.118321635
synthetic_cloudtrail.csv:8969,fe:AWSServiceRoleForEC2,2024-11-21 09:01:31+00:00,0,0,0.14261708
synthetic_cloudtrail.csv:8970,fe:AWSServiceRoleForEC2,2024-11-21 09:01:57+00:00,0,0,0.13364255
synthetic_cloudtrail.csv:8971,fe:AWSServiceRoleForEC2,2024-11-21 09:02:05+00:00,0,0,0.11509793
synthetic_cloudtrail.csv:9240,fe:AWSServiceRoleForEC2,2024-11-28 16:00:13+00:00,0,0,0.108097106
synthetic_cloudtrail.csv:9241,fe:AWSServiceRoleForEC2,2024-11-28 16:00:34+00:00,0,0,0.112932794
synthetic_cloudtrail.csv:9242,fe:AWSServiceRoleForEC2,2024-11-28 16:01:02+00:00,0,0,0.25712848
synthetic_cloudtrail.csv:9243,fe:AWSServiceRoleForEC2,2024-11-28 16:01:04+00:00,0,0,0.25074834
synthetic_cloudtrail.csv:9244,fe:AWSServiceRoleForEC2,2024-11-28 16:01:07+00:00,0,0,0.12362109
synthetic_cloudtrail.csv:9245,fe:AWSServiceRoleForEC2,2024-11-28 16:01:13+00:00,0,0,0.11405765
synthetic_cloudtrail.csv:9246,fe:AWSServiceRoleForEC2,2024-11-28 16:01:31+00:00,0,0,0.13445736
synthetic_cloudtrail.csv:9247,fe:AWSServiceRoleForEC2,2024-11-28 16:01:32+00:00,0,0,0.1157708
synthetic_cloudtrail.csv:9249,fe:AWSServiceRoleForEC2,2024-11-28 16:01:44+00:00,0,0,0.13625129
synthetic_cloudtrail.csv:733,fe:AutoScalingRole,2024-01-23 10:00:11+00:00,0,0,0.14944492
synthetic_cloudtrail.csv:734,fe:AutoScalingRole,2024-01-23 10:00:41+00:00,0,0,0.12705696
synthetic_cloudtrail.csv:735,fe:AutoScalingRole,2024-01-23 10:00:45+00:00,0,0,0.12675771
synthetic_cloudtrail.csv:736,fe:AutoScalingRole,2024-01-23 10:01:08+00:00,0,0,0.12862536
synthetic_cloudtrail.csv:737,fe:AutoScalingRole,2024-01-23 10:01:17+00:00,0,0,0.31915575
synthetic_cloudtrail.csv:738,fe:AutoScalingRole,2024-01-23 10:01:37+00:00,0,0,0.1331923
synthetic_cloudtrail.csv:739,fe:AutoScalingRole,2024-01-23 10:02:06+00:00,0,0,0.14719373
synthetic_cloudtrail.csv:740,fe:AutoScalingRole,2024-01-23 10:02:30+00:00,0,0,0.11791854
synthetic_cloudtrail.csv:741,fe:AutoScalingRole,2024-01-23 10:02:54+00:00,0,0,0.12209545
synthetic_cloudtrail.csv:742,fe:AutoScalingRole,2024-01-23 10:03:17+00:00,0,0,0.1439475
synthetic_cloudtrail.csv:743,fe:AutoScalingRole,2024-01-23 10:03:29+00:00,0,0,0.111534
synthetic_cloudtrail.csv:744,fe:AutoScalingRole,2024-01-23 10:03:57+00:00,0,0,0.11770356
synthetic_cloudtrail.csv:745,fe:AutoScalingRole,2024-01-23 10:04:24+00:00,0,0,0.113799535
synthetic_cloudtrail.csv:746,fe:AutoScalingRole,2024-01-23 10:04:29+00:00,0,0,0.26759663
synthetic_cloudtrail.csv:747,fe:AutoScalingRole,2024-01-23 10:04:42+00:00,0,0,0.119353436
synthetic_cloudtrail.csv:1962,fe:AutoScalingRole,2024-03-07 13:00:26+00:00,0,0,0.11645539
synthetic_cloudtrail.csv:1963,fe:AutoScalingRole,2024-03-07 13:00:27+00:00,0,0,0.28806242
synthetic_cloudtrail.csv:1964,fe:AutoScalingRole,2024-03-07 13:00:39+00:00,0,0,0.121124245
synthetic_cloudtrail.csv:1965,fe:AutoScalingRole,2024-03-07 13:00:45+00:00,0,0,0.26150903
synthetic_cloudtrail.csv:1966,fe:AutoScalingRole,2024-03-07 13:00:49+00:00,0,0,0.27154806
synthetic_cloudtrail.csv:1967,fe:AutoScalingRole,2024-03-07 13:00:54+00:00,0,0,0.12865302
synthetic_cloudtrail.csv:1968,fe:AutoScalingRole,2024-03-07 13:01:20+00:00,0,0,0.12108774
synthetic_cloudtrail.csv:1969,fe:AutoScalingRole,2024-03-07 13:01:43+00:00,0,0,0.11713554
synthetic_cloudtrail.csv:1970,fe:AutoScalingRole,2024-03-07 13:01:47+00:00,0,0,0.14130546
synthetic_cloudtrail.csv:1971,fe:AutoScalingRole,2024-03-07 13:02:08+00:00,0,0,0.11907507
synthetic_cloudtrail.csv:1972,fe:AutoScalingRole,2024-03-07 13:02:14+00:00,0,0,0.114805296
synthetic_cloudtrail.csv:3941,fe:AutoScalingRole,2024-05-18 14:00:17+00:00,0,0,0.10335507
synthetic_cloudtrail.csv:3942,fe:AutoScalingRole,2024-05-18 14:00:22+00:00,0,0,0.14028744
synthetic_cloudtrail.csv:3943,fe:AutoScalingRole,2024-05-18 14:00:35+00:00,0,0,0.3039575
synthetic_cloudtrail.csv:3944,fe:AutoScalingRole,2024-05-18 14:00:51+00:00,0,0,0.14209469
synthetic_cloudtrail.csv:3945,fe:AutoScalingRole,2024-05-18 14:01:02+00:00,0,0,0.114109084
synthetic_cloudtrail.csv:3946,fe:AutoScalingRole,2024-05-18 14:01:03+00:00,0,0,0.11472257
synthetic_cloudtrail.csv:4005,fe:AutoScalingRole,2024-05-20 11:00:02+00:00,0,0,0.121626884
synthetic_cloudtrail.csv:4006,fe:AutoScalingRole,2024-05-20 11:00:26+00:00,0,0,0.29324168
synthetic_cloudtrail.csv:4007,fe:AutoScalingRole,2024-05-20 11:00:33+00:00,0,0,0.14006948
synthetic_cloudtrail.csv:4008,fe:AutoScalingRole,2024-05-20 11:01:01+00:00,0,0,0.2550603
synthetic_cloudtrail.csv:4009,fe:AutoScalingRole,2024-05-20 11:01:27+00:00,0,0,0.14212233
synthetic_cloudtrail.csv:4010,fe:AutoScalingRole,2024-05-20 11:01:46+00:00,0,0,0.11915954
synthetic_cloudtrail.csv:4011,fe:AutoScalingRole,2024-05-20 11:01:50+00:00,0,0,0.12621042
synthetic_cloudtrail.csv:4012,fe:AutoScalingRole,2024-05-20 11:02:01+00:00,0,0,0.12438494
synthetic_cloudtrail.csv:4013,fe:AutoScalingRole,2024-05-20 11:02:23+00:00,0,0,0.13746801
synthetic_cloudtrail.csv:4014,fe:AutoScalingRole,2024-05-20 11:02:49+00:00,0,0,0.11290985
synthetic_cloudtrail.csv:4015,fe:AutoScalingRole,2024-05-20 11:02:50+00:00,0,0,0.1396169
synthetic_cloudtrail.csv:4016,fe:AutoScalingRole,2024-05-20 11:03:20+00:00,0,0,0.12691802
synthetic_cloudtrail.csv:4017,fe:AutoScalingRole,2024-05-20 11:03:33+00:00,0,0,0.10959373
synthetic_cloudtrail.csv:4018,fe:AutoScalingRole,2024-05-20 11:03:35+00:00,0,0,0.13161743
synthetic_cloudtrail.csv:4536,fe:AutoScalingRole,2024-06-06 07:00:16+00:00,0,0,0.30953425
synthetic_cloudtrail.csv:4537,fe:AutoScalingRole,2024-06-06 07:00:29+00:00,0,0,0.14130205
synthetic_cloudtrail.csv:4538,fe:AutoScalingRole,2024-06-06 07:00:33+00:00,0,0,0.12790717
synthetic_cloudtrail.csv:4539,fe:AutoScalingRole,2024-06-06 07:00:44+00:00,0,0,0.13204204
synthetic_cloudtrail.csv:4540,fe:AutoScalingRole,2024-06-06 07:00:55+00:00,0,0,0.14991571
synthetic_cloudtrail.csv:4541,fe:AutoScalingRole,2024-06-06 07:01:08+00:00,0,0,0.14418344
synthetic_cloudtrail.csv:4542,fe:AutoScalingRole,2024-06-06 07:01:27+00:00,0,0,0.11564251
synthetic_cloudtrail.csv:4543,fe:AutoScalingRole,2024-06-06 07:01:36+00:00,0,0,0.12435768
synthetic_cloudtrail.csv:4544,fe:AutoScalingRole,2024-06-06 07:01:58+00:00,0,0,0.14871372
synthetic_cloudtrail.csv:4545,fe:AutoScalingRole,2024-06-06 07:02:23+00:00,0,0,0.10979451
synthetic_cloudtrail.csv:4546,fe:AutoScalingRole,2024-06-06 07:02:47+00:00,0,0,0.11848689
synthetic_cloudtrail.csv:4547,fe:AutoScalingRole,2024-06-06 07:03:07+00:00,0,0,0.1151797
synthetic_cloudtrail.csv:4979,fe:AutoScalingRole,2024-06-22 16:00:27+00:00,0,0,0.11312801
synthetic_cloudtrail.csv:4980,fe:AutoScalingRole,2024-06-22 16:00:37+00:00,0,0,0.11649762
synthetic_cloudtrail.csv:4981,fe:AutoScalingRole,2024-06-22 16:01:01+00:00,0,0,0.12512177
synthetic_cloudtrail.csv:4982,fe:AutoScalingRole,2024-06-22 16:01:30+00:00,0,0,0.27164152
synthetic_cloudtrail.csv:4983,fe:AutoScalingRole,2024-06-22 16:01:59+00:00,0,0,0.11674351
synthetic_cloudtrail.csv:4984,fe:AutoScalingRole,2024-06-22 16:02:05+00:00,0,0,0.11734472
synthetic_cloudtrail.csv:4985,fe:AutoScalingRole,2024-06-22 16:02:09+00:00,0,0,0.118068814
synthetic_cloudtrail.csv:4986,fe:AutoScalingRole,2024-06-22 16:02:34+00:00,0,0,0.25086045
synthetic_cloudtrail.csv:4987,fe:AutoScalingRole,2024-06-22 16:03:02+00:00,0,0,0.118093826
synthetic_cloudtrail.csv:4988,fe:AutoScalingRole,2024-06-22 16:03:26+00:00,0,0,0.12018759
synthetic_cloudtrail.csv:4989,fe:AutoScalingRole,2024-06-22 16:03:34+00:00,0,0,0.1185559
synthetic_cloudtrail.csv:4990,fe:AutoScalingRole,2024-06-22 16:04:00+00:00,0,0,0.11253401
synthetic_cloudtrail.csv:4991,fe:AutoScalingRole,2024-06-22 16:04:30+00:00,0,0,0.119391106
synthetic_cloudtrail.csv:4992,fe:AutoScalingRole,2024-06-22 16:04:56+00:00,0,0,0.23277052
synthetic_cloudtrail.csv:7029,fe:AutoScalingRole,2024-09-10 14:00:08+00:00,0,0,0.102088094
synthetic_cloudtrail.csv:7030,fe:AutoScalingRole,2024-09-10 14:00:13+00:00,0,0,0.30491796
synthetic_cloudtrail.csv:7031,fe:AutoScalingRole,2024-09-10 14:00:41+00:00,0,0,0.11672411
synthetic_cloudtrail.csv:7032,fe:AutoScalingRole,2024-09-10 14:01:11+00:00,0,0,0.15502024
synthetic_cloudtrail.csv:7033,fe:AutoScalingRole,2024-09-10 14:01:30+00:00,0,0,0.24446964
synthetic_cloudtrail.csv:7034,fe:AutoScalingRole,2024-09-10 14:01:54+00:00,0,0,0.11962957
synthetic_cloudtrail.csv:7035,fe:AutoScalingRole,2024-09-10 14:02:22+00:00,0,0,0.1382959
synthetic_cloudtrail.csv:7036,fe:AutoScalingRole,2024-09-10 14:02:37+00:00,0,0,0.13777702
synthetic_cloudtrail.csv:7037,fe:AutoScalingRole,2024-09-10 14:02:48+00:00,0,0,0.13043953
synthetic_cloudtrail.csv:7038,fe:AutoScalingRole,2024-09-10 14:03:16+00:00,0,0,0.106753446
synthetic_cloudtrail.csv:7039,fe:AutoScalingRole,2024-09-10 14:03:19+00:00,0,0,0.1158302
synthetic_cloudtrail.csv:7040,fe:AutoScalingRole,2024-09-10 14:03:23+00:00,0,0,0.11639058
synthetic_cloudtrail.csv:7229,fe:AutoScalingRole,2024-09-16 13:00:25+00:00,0,0,0.1219532
synthetic_cloudtrail.csv:7230,fe:AutoScalingRole,2024-09-16 13:00:34+00:00,0,0,0.11650979
synthetic_cloudtrail.csv:7231,fe:AutoScalingRole,2024-09-16 13:00:36+00:00,0,0,0.26694804
synthetic_cloudtrail.csv:7232,fe:AutoScalingRole,2024-09-16 13:00:52+00:00,0,0,0.11572403
synthetic_cloudtrail.csv:7233,fe:AutoScalingRole,2024-09-16 13:01:03+00:00,0,0,0.12159181
synthetic_cloudtrail.csv:7234,fe:AutoScalingRole,2024-09-16 13:01:18+00:00,0,0,0.12265994
synthetic_cloudtrail.csv:7235,fe:AutoScalingRole,2024-09-16 13:01:21+00:00,0,0,0.11683592
synthetic_cloudtrail.csv:7236,fe:AutoScalingRole,2024-09-16 13:01:45+00:00,0,0,0.115369424
synthetic_cloudtrail.csv:7237,fe:AutoScalingRole,2024-09-16 13:02:12+00:00,0,0,0.11692029
synthetic_cloudtrail.csv:7238,fe:AutoScalingRole,2024-09-16 13:02:37+00:00,0,0,0.23832941
synthetic_cloudtrail.csv:7239,fe:AutoScalingRole,2024-09-16 13:02:58+00:00,0,0,0.24844387
synthetic_cloudtrail.csv:7240,fe:AutoScalingRole,2024-09-16 13:03:17+00:00,0,0,0.113962054
synthetic_cloudtrail.csv:7241,fe:AutoScalingRole,2024-09-16 13:03:37+00:00,0,0,0.24613437
synthetic_cloudtrail.csv:7242,fe:AutoScalingRole,2024-09-16 13:03:47+00:00,0,0,0.2598643
synthetic_cloudtrail.csv:7243,fe:AutoScalingRole,2024-09-16 13:04:09+00:00,0,0,0.11757224
synthetic_cloudtrail.csv:8010,fe:AutoScalingRole,2024-10-16 19:00:01+00:00,0,0,0.10321935
synthetic_cloudtrail.csv:8011,fe:AutoScalingRole,2024-10-16 19:00:16+00:00,0,0,0.31663606
synthetic_cloudtrail.csv:8012,fe:AutoScalingRole,2024-10-16 19:00:43+00:00,0,0,0.12179039
synthetic_cloudtrail.csv:8014,fe:AutoScalingRole,2024-10-16 19:01:10+00:00,0,0,0.12589222
synthetic_cloudtrail.csv:8016,fe:AutoScalingRole,2024-10-16 19:01:38+00:00,0,0,0.12222333
synthetic_cloudtrail.csv:8017,fe:AutoScalingRole,2024-10-16 19:02:01+00:00,0,0,0.12874697
synthetic_cloudtrail.csv:8019,fe:AutoScalingRole,2024-10-16 19:02:27+00:00,0,0,0.15862615
synthetic_cloudtrail.csv:8020,fe:AutoScalingRole,2024-10-16 19:02:36+00:00,0,0,0.13817546
synthetic_cloudtrail.csv:8022,fe:AutoScalingRole,2024-10-16 19:02:53+00:00,0,0,0.13634534
synthetic_cloudtrail.csv:8023,fe:AutoScalingRole,2024-10-16 19:03:10+00:00,0,0,0.1082941
synthetic_cloudtrail.csv:8026,fe:AutoScalingRole,2024-10-16 19:03:25+00:00,0,0,0.13102102
synthetic_cloudtrail.csv:8027,fe:AutoScalingRole,2024-10-16 19:03:30+00:00,0,0,0.1091308
synthetic_cloudtrail.csv:8029,fe:AutoScalingRole,2024-10-16 19:03:59+00:00,0,0,0.109418266
synthetic_cloudtrail.csv:8030,fe:AutoScalingRole,2024-10-16 19:04:13+00:00,0,0,0.10110478
synthetic_cloudtrail.csv:522,fe:CodeDeployRole,2024-01-18 10:00:19+00:00,0,0,0.14459257
synthetic_cloudtrail.csv:524,fe:CodeDeployRole,2024-01-18 10:00:40+00:00,0,0,0.13237526
synthetic_cloudtrail.csv:525,fe:CodeDeployRole,2024-01-18 10:00:55+00:00,0,0,0.14101802
synthetic_cloudtrail.csv:527,fe:CodeDeployRole,2024-01-18 10:01:08+00:00,0,0,0.29548258
synthetic_cloudtrail.csv:529,fe:CodeDeployRole,2024-01-18 10:01:32+00:00,0,0,0.11979238
synthetic_cloudtrail.csv:532,fe:CodeDeployRole,2024-01-18 10:01:48+00:00,0,0,0.12431933
synthetic_cloudtrail.csv:533,fe:CodeDeployRole,2024-01-18 10:01:49+00:00,0,0,0.13225745
synthetic_cloudtrail.csv:535,fe:CodeDeployRole,2024-01-18 10:01:59+00:00,0,0,0.14268519
synthetic_cloudtrail.csv:537,fe:CodeDeployRole,2024-01-18 10:02:12+00:00,0,0,0.12177579
synthetic_cloudtrail.csv:538,fe:CodeDeployRole,2024-01-18 10:02:27+00:00,0,0,0.1150803
synthetic_cloudtrail.csv:539,fe:CodeDeployRole,2024-01-18 10:02:29+00:00,0,0,0.25660238
synthetic_cloudtrail.csv:541,fe:CodeDeployRole,2024-01-18 10:02:55+00:00,0,0,0.11413599
synthetic_cloudtrail.csv:542,fe:CodeDeployRole,2024-01-18 10:03:24+00:00,0,0,0.118386954
synthetic_cloudtrail.csv:543,fe:CodeDeployRole,2024-01-18 10:03:52+00:00,0,0,0.115539186
synthetic_cloudtrail.csv:544,fe:CodeDeployRole,2024-01-18 10:03:57+00:00,0,0,0.11941687
synthetic_cloudtrail.csv:1103,fe:CodeDeployRole,2024-02-07 11:00:02+00:00,0,0,0.106939115
synthetic_cloudtrail.csv:1104,fe:CodeDeployRole,2024-02-07 11:00:11+00:00,0,0,0.14663523
synthetic_cloudtrail.csv:1105,fe:CodeDeployRole,2024-02-07 11:00:27+00:00,0,0,0.12016651
synthetic_cloudtrail.csv:1106,fe:CodeDeployRole,2024-02-07 11:00:49+00:00,0,0,0.11736368
synthetic_cloudtrail.csv:1107,fe:CodeDeployRole,2024-02-07 11:01:00+00:00,0,0,0.11756818
synthetic_cloudtrail.csv:1108,fe:CodeDeployRole,2024-02-07 11:01:17+00:00,0,0,0.12172967
synthetic_cloudtrail.csv:1109,fe:CodeDeployRole,2024-02-07 11:01:18+00:00,0,0,0.14018764
synthetic_cloudtrail.csv:1110,fe:CodeDeployRole,2024-02-07 11:01:19+00:00,0,0,0.11536779
synthetic_cloudtrail.csv:1111,fe:CodeDeployRole,2024-02-07 11:01:30+00:00,0,0,0.1105856
synthetic_cloudtrail.csv:1186,fe:CodeDeployRole,2024-02-10 10:00:29+00:00,0,0,0.3179084
synthetic_cloudtrail.csv:1187,fe:CodeDeployRole,2024-02-10 10:00:34+00:00,0,0,0.1454352
synthetic_cloudtrail.csv:1188,fe:CodeDeployRole,2024-02-10 10:00:44+00:00,0,0,0.14030682
synthetic_cloudtrail.csv:1189,fe:CodeDeployRole,2024-02-10 10:01:11+00:00,0,0,0.12669528
synthetic_cloudtrail.csv:1190,fe:CodeDeployRole,2024-02-10 10:01:17+00:00,0,0,0.15315764
synthetic_cloudtrail.csv:1191,fe:CodeDeployRole,2024-02-10 10:01:19+00:00,0,0,0.12255411
synthetic_cloudtrail.csv:1192,fe:CodeDeployRole,2024-02-10 10:01:28+00:00,0,0,0.28390646
synthetic_cloudtrail.csv:1193,fe:CodeDeployRole,2024-02-10 10:01:48+00:00,0,0,0.12414233
synthetic_cloudtrail.csv:1194,fe:CodeDeployRole,2024-02-10 10:02:16+00:00,0,0,0.13240018
synthetic_cloudtrail.csv:1195,fe:CodeDeployRole,2024-02-10 10:02:32+00:00,0,0,0.12564164
synthetic_cloudtrail.csv:1196,fe:CodeDeployRole,2024-02-10 10:02:48+00:00,0,0,0.2916993
synthetic_cloudtrail.csv:1197,fe:CodeDeployRole,2024-02-10 10:02:57+00:00,0,0,0.13070883
synthetic_cloudtrail.csv:1198,fe:CodeDeployRole,2024-02-10 10:03:02+00:00,0,0,0.283072
synthetic_cloudtrail.csv:1199,fe:CodeDeployRole,2024-02-10 10:03:04+00:00,0,0,0.28869408
synthetic_cloudtrail.csv:2066,fe:CodeDeployRole,2024-03-13 12:00:08+00:00,0,0,0.12089553
synthetic_cloudtrail.csv:2067,fe:CodeDeployRole,2024-03-13 12:00:24+00:00,0,0,0.12592895
synthetic_cloudtrail.csv:2068,fe:CodeDeployRole,2024-03-13 12:00:39+00:00,0,0,0.28298116
synthetic_cloudtrail.csv:2069,fe:CodeDeployRole,2024-03-13 12:01:03+00:00,0,0,0.123819984
synthetic_cloudtrail.csv:2070,fe:CodeDeployRole,2024-03-13 12:01:30+00:00,0,0,0.12563461
synthetic_cloudtrail.csv:2071,fe:CodeDeployRole,2024-03-13 12:01:46+00:00,0,0,0.1276415
synthetic_cloudtrail.csv:2072,fe:CodeDeployRole,2024-03-13 12:02:05+00:00,0,0,0.11244363
synthetic_cloudtrail.csv:2073,fe:CodeDeployRole,2024-03-13 12:02:09+00:00,0,0,0.11842787
synthetic_cloudtrail.csv:2074,fe:CodeDeployRole,2024-03-13 12:02:29+00:00,0,0,0.24125825
synthetic_cloudtrail.csv:2075,fe:CodeDeployRole,2024-03-13 12:02:58+00:00,0,0,0.24989559
synthetic_cloudtrail.csv:2243,fe:CodeDeployRole,2024-03-19 09:00:04+00:00,0,0,0.12740672
synthetic_cloudtrail.csv:2244,fe:CodeDeployRole,2024-03-19 09:00:34+00:00,0,0,0.27319056
synthetic_cloudtrail.csv:2245,fe:CodeDeployRole,2024-03-19 09:00:46+00:00,0,0,0.14151824
synthetic_cloudtrail.csv:2246,fe:CodeDeployRole,2024-03-19 09:01:11+00:00,0,0,0.12265022
synthetic_cloudtrail.csv:2247,fe:CodeDeployRole,2024-03-19 09:01:16+00:00,0,0,0.25274584
synthetic_cloudtrail.csv:2248,fe:CodeDeployRole,2024-03-19 09:01:28+00:00,0,0,0.14101058
synthetic_cloudtrail.csv:2249,fe:CodeDeployRole,2024-03-19 09:01:36+00:00,0,0,0.11972414
synthetic_cloudtrail.csv:2250,fe:CodeDeployRole,2024-03-19 09:01:58+00:00,0,0,0.1441976
synthetic_cloudtrail.csv:2251,fe:CodeDeployRole,2024-03-19 09:02:07+00:00,0,0,0.25125435
synthetic_cloudtrail.csv:2252,fe:CodeDeployRole,2024-03-19 09:02:16+00:00,0,0,0.12300113
synthetic_cloudtrail.csv:2253,fe:CodeDeployRole,2024-03-19 09:02:32+00:00,0,0,0.12761874
synthetic_cloudtrail.csv:2254,fe:CodeDeployRole,2024-03-19 09:02:37+00:00,0,0,0.12046317
synthetic_cloudtrail.csv:3226,fe:CodeDeployRole,2024-04-26 09:00:05+00:00,0,0,0.10934282
synthetic_cloudtrail.csv:3227,fe:CodeDeployRole,2024-04-26 09:00:35+00:00,0,0,0.12795049
synthetic_cloudtrail.csv:3228,fe:CodeDeployRole,2024-04-26 09:00:49+00:00,0,0,0.13196093
synthetic_cloudtrail.csv:3229,fe:CodeDeployRole,2024-04-26 09:01:09+00:00,0,0,0.29160592
synthetic_cloudtrail.csv:3230,fe:CodeDeployRole,2024-04-26 09:01:20+00:00,0,0,0.14882652
synthetic_cloudtrail.csv:3231,fe:CodeDeployRole,2024-04-26 09:01:41+00:00,0,0,0.11580205
synthetic_cloudtrail.csv:3232,fe:CodeDeployRole,2024-04-26 09:01:48+00:00,0,0,0.12650254
synthetic_cloudtrail.csv:3233,fe:CodeDeployRole,2024-04-26 09:02:00+00:00,0,0,0.25992373
synthetic_cloudtrail.csv:3234,fe:CodeDeployRole,2024-04-26 09:02:14+00:00,0,0,0.13773124
synthetic_cloudtrail.csv:4439,fe:CodeDeployRole,2024-06-03 19:00:18+00:00,0,0,0.13180675
synthetic_cloudtrail.csv:4440,fe:CodeDeployRole,2024-06-03 19:00:26+00:00,0,0,0.27773917
synthetic_cloudtrail.csv:4441,fe:CodeDeployRole,2024-06-03 19:00:38+00:00,0,0,0.2611974
synthetic_cloudtrail.csv:4442,fe:CodeDeployRole,2024-06-03 19:00:53+00:00,0,0,0.14739712
synthetic_cloudtrail.csv:4443,fe:CodeDeployRole,2024-06-03 19:01:14+00:00,0,0,0.12833565
synthetic_cloudtrail.csv:4444,fe:CodeDeployRole,2024-06-03 19:01:35+00:00,0,0,0.11167869
synthetic_cloudtrail.csv:4445,fe:CodeDeployRole,2024-06-03 19:02:03+00:00,0,0,0.10824064
synthetic_cloudtrail.csv:4446,fe:CodeDeployRole,2024-06-03 19:02:16+00:00,0,0,0.13254243
synthetic_cloudtrail.csv:4447,fe:CodeDeployRole,2024-06-03 19:02:26+00:00,0,0,0.09748775
synthetic_cloudtrail.csv:4448,fe:CodeDeployRole,2024-06-03 19:02:42+00:00,0,0,0.10558327
synthetic_cloudtrail.csv:4449,fe:CodeDeployRole,2024-06-03 19:02:55+00:00,0,0,0.23641518
synthetic_cloudtrail.csv:4450,fe:CodeDeployRole,2024-06-03 19:03:00+00:00,0,0,0.122633085
synthetic_cloudtrail.csv:4451,fe:CodeDeployRole,2024-06-03 19:03:24+00:00,0,0,0.093213886
synthetic_cloudtrail.csv:5361,fe:CodeDeployRole,2024-07-07 10:00:12+00:00,0,0,0.11778384
synthetic_cloudtrail.csv:5362,fe:CodeDeployRole,2024-07-07 10:00:20+00:00,0,0,0.31631902
synthetic_cloudtrail.csv:5363,fe:CodeDeployRole,2024-07-07 10:00:24+00:00,0,0,0.29783428
synthetic_cloudtrail.csv:5364,fe:CodeDeployRole,2024-07-07 10:00:38+00:00,0,0,0.12640356
synthetic_cloudtrail.csv:5365,fe:CodeDeployRole,2024-07-07 10:00:51+00:00,0,0,0.1527954
synthetic_cloudtrail.csv:5366,fe:CodeDeployRole,2024-07-07 10:00:53+00:00,0,0,0.1522513
synthetic_cloudtrail.csv:5367,fe:CodeDeployRole,2024-07-07 10:01:12+00:00,0,0,0.26367965
synthetic_cloudtrail.csv:5368,fe:CodeDeployRole,2024-07-07 10:01:33+00:00,0,0,0.28077188
synthetic_cloudtrail.csv:5369,fe:CodeDeployRole,2024-07-07 10:01:36+00:00,0,0,0.28976867
synthetic_cloudtrail.csv:5370,fe:CodeDeployRole,2024-07-07 10:01:58+00:00,0,0,0.1498395
synthetic_cloudtrail.csv:5371,fe:CodeDeployRole,2024-07-07 10:02:27+00:00,0,0,0.11349822
synthetic_cloudtrail.csv:5372,fe:CodeDeployRole,2024-07-07 10:02:35+00:00,0,0,0.26896948
synthetic_cloudtrail.csv:5373,fe:CodeDeployRole,2024-07-07 10:02:51+00:00,0,0,0.11869752
synthetic_cloudtrail.csv:5374,fe:CodeDeployRole,2024-07-07 10:02:58+00:00,0,0,0.12636341
synthetic_cloudtrail.csv:5375,fe:CodeDeployRole,2024-07-07 10:03:17+00:00,0,0,0.12472133
synthetic_cloudtrail.csv:5869,fe:CodeDeployRole,2024-07-25 10:00:24+00:00,0,0,0.11864286
synthetic_cloudtrail.csv:5870,fe:CodeDeployRole,2024-07-25 10:00:35+00:00,0,0,0.1263329
synthetic_cloudtrail.csv:5871,fe:CodeDeployRole,2024-07-25 10:00:46+00:00,0,0,0.11729815
synthetic_cloudtrail.csv:5872,fe:CodeDeployRole,2024-07-25 10:01:05+00:00,0,0,0.27861565
synthetic_cloudtrail.csv:5873,fe:CodeDeployRole,2024-07-25 10:01:33+00:00,0,0,0.14105953
synthetic_cloudtrail.csv:5874,fe:CodeDeployRole,2024-07-25 10:01:41+00:00,0,0,0.13217734
synthetic_cloudtrail.csv:5875,fe:CodeDeployRole,2024-07-25 10:02:07+00:00,0,0,0.11481231
synthetic_cloudtrail.csv:5876,fe:CodeDeployRole,2024-07-25 10:02:17+00:00,0,0,0.13836531
synthetic_cloudtrail.csv:5877,fe:CodeDeployRole,2024-07-25 10:02:34+00:00,0,0,0.12904358
synthetic_cloudtrail.csv:5878,fe:CodeDeployRole,2024-07-25 10:02:45+00:00,0,0,0.12723093
synthetic_cloudtrail.csv:6953,fe:CodeDeployRole,2024-09-07 10:00:28+00:00,0,0,0.11774753
synthetic_cloudtrail.csv:6954,fe:CodeDeployRole,2024-09-07 10:00:49+00:00,0,0,0.14245118
synthetic_cloudtrail.csv:6955,fe:CodeDeployRole,2024-09-07 10:00:57+00:00,0,0,0.13934429
synthetic_cloudtrail.csv:6956,fe:CodeDeployRole,2024-09-07 10:01:06+00:00,0,0,0.2909042
synthetic_cloudtrail.csv:6957,fe:CodeDeployRole,2024-09-07 10:01:28+00:00,0,0,0.124204695
synthetic_cloudtrail.csv:6958,fe:CodeDeployRole,2024-09-07 10:01:45+00:00,0,0,0.28037426
synthetic_cloudtrail.csv:6959,fe:CodeDeployRole,2024-09-07 10:01:53+00:00,0,0,0.1252606
synthetic_cloudtrail.csv:6960,fe:CodeDeployRole,2024-09-07 10:01:56+00:00,0,0,0.13424002
synthetic_cloudtrail.csv:6961,fe:CodeDeployRole,2024-09-07 10:02:05+00:00,0,0,0.12493349
synthetic_cloudtrail.csv:6962,fe:CodeDeployRole,2024-09-07 10:02:09+00:00,0,0,0.11629726
synthetic_cloudtrail.csv:7801,fe:CodeDeployRole,2024-10-09 17:00:07+00:00,0,0,0.26702583
synthetic_cloudtrail.csv:7802,fe:CodeDeployRole,2024-10-09 17:00:12+00:00,0,0,0.12613629
synthetic_cloudtrail.csv:7803,fe:CodeDeployRole,2024-10-09 17:00:32+00:00,0,0,0.11963915
synthetic_cloudtrail.csv:7804,fe:CodeDeployRole,2024-10-09 17:00:50+00:00,0,0,0.12002892
synthetic_cloudtrail.csv:7805,fe:CodeDeployRole,2024-10-09 17:01:05+00:00,0,0,0.12603928
synthetic_cloudtrail.csv:7806,fe:CodeDeployRole,2024-10-09 17:01:06+00:00,0,0,0.1480784
synthetic_cloudtrail.csv:7807,fe:CodeDeployRole,2024-10-09 17:01:21+00:00,0,0,0.12773621
synthetic_cloudtrail.csv:7808,fe:CodeDeployRole,2024-10-09 17:01:27+00:00,0,0,0.114613086
synthetic_cloudtrail.csv:7809,fe:CodeDeployRole,2024-10-09 17:01:51+00:00,0,0,0.114977606
synthetic_cloudtrail.csv:7810,fe:CodeDeployRole,2024-10-09 17:02:15+00:00,0,0,0.12987556
synthetic_cloudtrail.csv:7811,fe:CodeDeployRole,2024-10-09 17:02:44+00:00,0,0,0.23765028
synthetic_cloudtrail.csv:7812,fe:CodeDeployRole,2024-10-09 17:02:46+00:00,0,0,0.13060628
synthetic_cloudtrail.csv:7813,fe:CodeDeployRole,2024-10-09 17:03:03+00:00,0,0,0.12491433
synthetic_cloudtrail.csv:7814,fe:CodeDeployRole,2024-10-09 17:03:22+00:00,0,0,0.21031483
synthetic_cloudtrail.csv:7815,fe:CodeDeployRole,2024-10-09 17:03:51+00:00,0,0,0.10483056
synthetic_cloudtrail.csv:8513,fe:CodeDeployRole,2024-11-05 14:00:19+00:00,0,0,0.1204734
synthetic_cloudtrail.csv:8514,fe:CodeDeployRole,2024-11-05 14:00:26+00:00,0,0,0.11808251
synthetic_cloudtrail.csv:8515,fe:CodeDeployRole,2024-11-05 14:00:27+00:00,0,0,0.11430119
synthetic_cloudtrail.csv:8516,fe:CodeDeployRole,2024-11-05 14:00:52+00:00,0,0,0.11646147
synthetic_cloudtrail.csv:8517,fe:CodeDeployRole,2024-11-05 14:01:17+00:00,0,0,0.11136317
synthetic_cloudtrail.csv:8518,fe:CodeDeployRole,2024-11-05 14:01:25+00:00,0,0,0.25827613
synthetic_cloudtrail.csv:8519,fe:CodeDeployRole,2024-11-05 14:01:36+00:00,0,0,0.13085577
synthetic_cloudtrail.csv:8520,fe:CodeDeployRole,2024-11-05 14:01:47+00:00,0,0,0.106459536
synthetic_cloudtrail.csv:8521,fe:CodeDeployRole,2024-11-05 14:02:04+00:00,0,0,0.11137232
synthetic_cloudtrail.csv:8522,fe:CodeDeployRole,2024-11-05 14:02:11+00:00,0,0,0.23810117
synthetic_cloudtrail.csv:8523,fe:CodeDeployRole,2024-11-05 14:02:23+00:00,0,0,0.24687546
synthetic_cloudtrail.csv:8524,fe:CodeDeployRole,2024-11-05 14:02:31+00:00,0,0,0.25669193
synthetic_cloudtrail.csv:8525,fe:CodeDeployRole,2024-11-05 14:02:45+00:00,0,0,0.116996944
synthetic_cloudtrail.csv:9336,fe:CodeDeployRole,2024-12-03 15:00:29+00:00,0,0,0.27869073
synthetic_cloudtrail.csv:9337,fe:CodeDeployRole,2024-12-03 15:00:34+00:00,0,0,0.15013537
synthetic_cloudtrail.csv:9338,fe:CodeDeployRole,2024-12-03 15:00:39+00:00,0,0,0.10992532
synthetic_cloudtrail.csv:9339,fe:CodeDeployRole,2024-12-03 15:00:59+00:00,0,0,0.10996077
synthetic_cloudtrail.csv:9340,fe:CodeDeployRole,2024-12-03 15:01:15+00:00,0,0,0.10960547
synthetic_cloudtrail.csv:9341,fe:CodeDeployRole,2024-12-03 15:01:36+00:00,0,0,0.12890154
synthetic_cloudtrail.csv:9342,fe:CodeDeployRole,2024-12-03 15:01:52+00:00,0,0,0.11117918
synthetic_cloudtrail.csv:9343,fe:CodeDeployRole,2024-12-03 15:02:01+00:00,0,0,0.24789259
synthetic_cloudtrail.csv:9344,fe:CodeDeployRole,2024-12-03 15:02:29+00:00,0,0,0.1154815
synthetic_cloudtrail.csv:9345,fe:CodeDeployRole,2024-12-03 15:02:52+00:00,0,0,0.13715735
synthetic_cloudtrail.csv:9724,fe:CodeDeployRole,2024-12-15 08:00:27+00:00,0,0,0.119269945
synthetic_cloudtrail.csv:9725,fe:CodeDeployRole,2024-12-15 08:00:43+00:00,0,0,0.33997062
synthetic_cloudtrail.csv:9726,fe:CodeDeployRole,2024-12-15 08:01:09+00:00,0,0,0.13568318
synthetic_cloudtrail.csv:9728,fe:CodeDeployRole,2024-12-15 08:01:38+00:00,0,0,0.13900071
synthetic_cloudtrail.csv:9729,fe:CodeDeployRole,2024-12-15 08:02:03+00:00,0,0,0.13279039
synthetic_cloudtrail.csv:9730,fe:CodeDeployRole,2024-12-15 08:02:13+00:00,0,0,0.31500152
synthetic_cloudtrail.csv:9731,fe:CodeDeployRole,2024-12-15 08:02:39+00:00,0,0,0.30305207
synthetic_cloudtrail.csv:9733,fe:CodeDeployRole,2024-12-15 08:02:53+00:00,0,0,0.12697959
synthetic_cloudtrail.csv:9734,fe:CodeDeployRole,2024-12-15 08:02:58+00:00,0,0,0.12720887
synthetic_cloudtrail.csv:9736,fe:CodeDeployRole,2024-12-15 08:03:23+00:00,0,0,0.29567686
synthetic_cloudtrail.csv:9737,fe:CodeDeployRole,2024-12-15 08:03:53+00:00,0,0,0.3065731
synthetic_cloudtrail.csv:9739,fe:CodeDeployRole,2024-12-15 08:04:16+00:00,0,0,0.13054693
synthetic_cloudtrail.csv:9740,fe:CodeDeployRole,2024-12-15 08:04:29+00:00,0,0,0.1270434
synthetic_cloudtrail.csv:9741,fe:CodeDeployRole,2024-12-15 08:04:39+00:00,0,0,0.13167234
synthetic_cloudtrail.csv:9742,fe:CodeDeployRole,2024-12-15 08:04:59+00:00,0,0,0.12242286
synthetic_cloudtrail.csv:10021,fe:CodeDeployRole,2024-12-28 15:00:10+00:00,0,0,0.2787215
synthetic_cloudtrail.csv:10022,fe:CodeDeployRole,2024-12-28 15:00:36+00:00,0,0,0.30573785
synthetic_cloudtrail.csv:10023,fe:CodeDeployRole,2024-12-28 15:00:45+00:00,0,0,0.13687469
synthetic_cloudtrail.csv:10024,fe:CodeDeployRole,2024-12-28 15:01:06+00:00,0,0,0.12456012
synthetic_cloudtrail.csv:10025,fe:CodeDeployRole,2024-12-28 15:01:23+00:00,0,0,0.2731108
synthetic_cloudtrail.csv:10026,fe:CodeDeployRole,2024-12-28 15:01:40+00:00,0,0,0.12624317
synthetic_cloudtrail.csv:10027,fe:CodeDeployRole,2024-12-28 15:01:59+00:00,0,0,0.1508658
synthetic_cloudtrail.csv:10028,fe:CodeDeployRole,2024-12-28 15:02:29+00:00,0,0,0.13778812
synthetic_cloudtrail.csv:10029,fe:CodeDeployRole,2024-12-28 15:02:54+00:00,0,0,0.24763623
synthetic_cloudtrail.csv:10030,fe:CodeDeployRole,2024-12-28 15:03:09+00:00,0,0,0.11750844
synthetic_cloudtrail.csv:10031,fe:CodeDeployRole,2024-12-28 15:03:18+00:00,0,0,0.124288045
synthetic_cloudtrail.csv:10032,fe:CodeDeployRole,2024-12-28 15:03:26+00:00,0,0,0.1428106
synthetic_cloudtrail.csv:1267,fe:ECSTaskRole,2024-02-12 19:00:09+00:00,0,0,0.15325573
synthetic_cloudtrail.csv:1268,fe:ECSTaskRole,2024-02-12 19:00:31+00:00,0,0,0.11991662
synthetic_cloudtrail.csv:1270,fe:ECSTaskRole,2024-02-12 19:00:59+00:00,0,0,0.12408693
synthetic_cloudtrail.csv:1272,fe:ECSTaskRole,2024-02-12 19:01:29+00:00,0,0,0.117722824
synthetic_cloudtrail.csv:1273,fe:ECSTaskRole,2024-02-12 19:01:38+00:00,0,0,0.27034104
synthetic_cloudtrail.csv:1275,fe:ECSTaskRole,2024-02-12 19:01:51+00:00,0,0,0.112619095
synthetic_cloudtrail.csv:1276,fe:ECSTaskRole,2024-02-12 19:02:21+00:00,0,0,0.111431904
synthetic_cloudtrail.csv:1277,fe:ECSTaskRole,2024-02-12 19:02:39+00:00,0,0,0.14320627
synthetic_cloudtrail.csv:1278,fe:ECSTaskRole,2024-02-12 19:02:41+00:00,0,0,0.12808713
synthetic_cloudtrail.csv:1280,fe:ECSTaskRole,2024-02-12 19:02:54+00:00,0,0,0.23104917
synthetic_cloudtrail.csv:1312,fe:ECSTaskRole,2024-02-13 15:00:15+00:00,0,0,0.10951217
synthetic_cloudtrail.csv:1313,fe:ECSTaskRole,2024-02-13 15:00:38+00:00,0,0,0.2826997
synthetic_cloudtrail.csv:1314,fe:ECSTaskRole,2024-02-13 15:00:51+00:00,0,0,0.12650262
synthetic_cloudtrail.csv:1315,fe:ECSTaskRole,2024-02-13 15:01:19+00:00,0,0,0.121032365
synthetic_cloudtrail.csv:1316,fe:ECSTaskRole,2024-02-13 15:01:32+00:00,0,0,0.10988787
synthetic_cloudtrail.csv:1317,fe:ECSTaskRole,2024-02-13 15:01:50+00:00,0,0,0.11049869
synthetic_cloudtrail.csv:1318,fe:ECSTaskRole,2024-02-13 15:02:12+00:00,0,0,0.11109489
synthetic_cloudtrail.csv:1319,fe:ECSTaskRole,2024-02-13 15:02:33+00:00,0,0,0.110819556
synthetic_cloudtrail.csv:1320,fe:ECSTaskRole,2024-02-13 15:02:58+00:00,0,0,0.13468964
synthetic_cloudtrail.csv:1321,fe:ECSTaskRole,2024-02-13 15:03:14+00:00,0,0,0.102251075
synthetic_cloudtrail.csv:1322,fe:ECSTaskRole,2024-02-13 15:03:29+00:00,0,0,0.104543395
synthetic_cloudtrail.csv:1323,fe:ECSTaskRole,2024-02-13 15:03:43+00:00,0,0,0.10911032
synthetic_cloudtrail.csv:1324,fe:ECSTaskRole,2024-02-13 15:04:04+00:00,0,0,0.112479165
synthetic_cloudtrail.csv:1486,fe:ECSTaskRole,2024-02-19 13:00:13+00:00,0,0,0.29248783
synthetic_cloudtrail.csv:1488,fe:ECSTaskRole,2024-02-19 13:00:29+00:00,0,0,0.12797095
synthetic_cloudtrail.csv:1491,fe:ECSTaskRole,2024-02-19 13:00:58+00:00,0,0,0.1248598
synthetic_cloudtrail.csv:1492,fe:ECSTaskRole,2024-02-19 13:01:01+00:00,0,0,0.14876756
synthetic_cloudtrail.csv:1494,fe:ECSTaskRole,2024-02-19 13:01:25+00:00,0,0,0.25539467
synthetic_cloudtrail.csv:1497,fe:ECSTaskRole,2024-02-19 13:01:53+00:00,0,0,0.12259588
synthetic_cloudtrail.csv:1498,fe:ECSTaskRole,2024-02-19 13:01:59+00:00,0,0,0.12274586
synthetic_cloudtrail.csv:1499,fe:ECSTaskRole,2024-02-19 13:02:19+00:00,0,0,0.27529505
synthetic_cloudtrail.csv:1501,fe:ECSTaskRole,2024-02-19 13:02:28+00:00,0,0,0.122161865
synthetic_cloudtrail.csv:1502,fe:ECSTaskRole,2024-02-19 13:02:47+00:00,0,0,0.26867107
synthetic_cloudtrail.csv:1504,fe:ECSTaskRole,2024-02-19 13:03:02+00:00,0,0,0.14626046
synthetic_cloudtrail.csv:1505,fe:ECSTaskRole,2024-02-19 13:03:21+00:00,0,0,0.11173681
synthetic_cloudtrail.csv:1508,fe:ECSTaskRole,2024-02-19 13:03:34+00:00,0,0,0.14117175
synthetic_cloudtrail.csv:1509,fe:ECSTaskRole,2024-02-19 13:03:49+00:00,0,0,0.24372944
synthetic_cloudtrail.csv:2234,fe:ECSTaskRole,2024-03-19 08:00:19+00:00,0,0,0.124153055
synthetic_cloudtrail.csv:2235,fe:ECSTaskRole,2024-03-19 08:00:46+00:00,0,0,0.14272402
synthetic_cloudtrail.csv:2236,fe:ECSTaskRole,2024-03-19 08:01:12+00:00,0,0,0.1231004
synthetic_cloudtrail.csv:2237,fe:ECSTaskRole,2024-03-19 08:01:40+00:00,0,0,0.12934901
synthetic_cloudtrail.csv:2238,fe:ECSTaskRole,2024-03-19 08:01:55+00:00,0,0,0.1323142
synthetic_cloudtrail.csv:2239,fe:ECSTaskRole,2024-03-19 08:02:18+00:00,0,0,0.15543538
synthetic_cloudtrail.csv:2240,fe:ECSTaskRole,2024-03-19 08:02:48+00:00,0,0,0.2930947
synthetic_cloudtrail.csv:2241,fe:ECSTaskRole,2024-03-19 08:02:58+00:00,0,0,0.15002346
synthetic_cloudtrail.csv:2242,fe:ECSTaskRole,2024-03-19 08:03:25+00:00,0,0,0.112797484
synthetic_cloudtrail.csv:2880,fe:ECSTaskRole,2024-04-12 19:00:17+00:00,0,0,0.28480077
synthetic_cloudtrail.csv:2881,fe:ECSTaskRole,2024-04-12 19:00:20+00:00,0,0,0.13325225
synthetic_cloudtrail.csv:2882,fe:ECSTaskRole,2024-04-12 19:00:41+00:00,0,0,0.15484686
synthetic_cloudtrail.csv:2883,fe:ECSTaskRole,2024-04-12 19:00:57+00:00,0,0,0.124364436
synthetic_cloudtrail.csv:2884,fe:ECSTaskRole,2024-04-12 19:00:59+00:00,0,0,0.13293988
synthetic_cloudtrail.csv:2885,fe:ECSTaskRole,2024-04-12 19:01:08+00:00,0,0,0.12671435
synthetic_cloudtrail.csv:2886,fe:ECSTaskRole,2024-04-12 19:01:38+00:00,0,0,0.13854264
synthetic_cloudtrail.csv:2887,fe:ECSTaskRole,2024-04-12 19:02:05+00:00,0,0,0.24969026
synthetic_cloudtrail.csv:2888,fe:ECSTaskRole,2024-04-12 19:02:12+00:00,0,0,0.1217987
synthetic_cloudtrail.csv:2889,fe:ECSTaskRole,2024-04-12 19:02:23+00:00,0,0,0.11624826
synthetic_cloudtrail.csv:2890,fe:ECSTaskRole,2024-04-12 19:02:49+00:00,0,0,0.116667524
synthetic_cloudtrail.csv:2891,fe:ECSTaskRole,2024-04-12 19:03:08+00:00,0,0,0.13554226
synthetic_cloudtrail.csv:2892,fe:ECSTaskRole,2024-04-12 19:03:16+00:00,0,0,0.10886175
synthetic_cloudtrail.csv:3649,fe:ECSTaskRole,2024-05-08 15:00:01+00:00,0,0,0.114384174
synthetic_cloudtrail.csv:3650,fe:ECSTaskRole,2024-05-08 15:00:02+00:00,0,0,0.27428427
synthetic_cloudtrail.csv:3651,fe:ECSTaskRole,2024-05-08 15:00:05+00:00,0,0,0.12353259
synthetic_cloudtrail.csv:3652,fe:ECSTaskRole,2024-05-08 15:00:20+00:00,0,0,0.12395592
synthetic_cloudtrail.csv:3653,fe:ECSTaskRole,2024-05-08 15:00:40+00:00,0,0,0.12582842
synthetic_cloudtrail.csv:3654,fe:ECSTaskRole,2024-05-08 15:00:45+00:00,0,0,0.1430028
synthetic_cloudtrail.csv:3655,fe:ECSTaskRole,2024-05-08 15:01:12+00:00,0,0,0.12940173
synthetic_cloudtrail.csv:3656,fe:ECSTaskRole,2024-05-08 15:01:24+00:00,0,0,0.13063595
synthetic_cloudtrail.csv:3657,fe:ECSTaskRole,2024-05-08 15:01:54+00:00,0,0,0.10809529
synthetic_cloudtrail.csv:3658,fe:ECSTaskRole,2024-05-08 15:01:56+00:00,0,0,0.13112673
synthetic_cloudtrail.csv:4518,fe:ECSTaskRole,2024-06-05 11:00:22+00:00,0,0,0.10628337
synthetic_cloudtrail.csv:4519,fe:ECSTaskRole,2024-06-05 11:00:40+00:00,0,0,0.12413805
synthetic_cloudtrail.csv:4520,fe:ECSTaskRole,2024-06-05 11:00:57+00:00,0,0,0.1297513
synthetic_cloudtrail.csv:4521,fe:ECSTaskRole,2024-06-05 11:01:07+00:00,0,0,0.12385153
synthetic_cloudtrail.csv:4522,fe:ECSTaskRole,2024-06-05 11:01:23+00:00,0,0,0.13027065
synthetic_cloudtrail.csv:4523,fe:ECSTaskRole,2024-06-05 11:01:35+00:00,0,0,0.12989926
synthetic_cloudtrail.csv:5124,fe:ECSTaskRole,2024-07-01 16:00:23+00:00,0,0,0.11349969
synthetic_cloudtrail.csv:5125,fe:ECSTaskRole,2024-07-01 16:00:33+00:00,0,0,0.26620573
synthetic_cloudtrail.csv:5126,fe:ECSTaskRole,2024-07-01 16:00:52+00:00,0,0,0.13746369
synthetic_cloudtrail.csv:5127,fe:ECSTaskRole,2024-07-01 16:00:55+00:00,0,0,0.115978114
synthetic_cloudtrail.csv:5128,fe:ECSTaskRole,2024-07-01 16:01:07+00:00,0,0,0.2320404
synthetic_cloudtrail.csv:5129,fe:ECSTaskRole,2024-07-01 16:01:11+00:00,0,0,0.11691231
synthetic_cloudtrail.csv:5130,fe:ECSTaskRole,2024-07-01 16:01:41+00:00,0,0,0.23346747
synthetic_cloudtrail.csv:5131,fe:ECSTaskRole,2024-07-01 16:01:50+00:00,0,0,0.12194347
synthetic_cloudtrail.csv:5132,fe:ECSTaskRole,2024-07-01 16:02:19+00:00,0,0,0.11069522
synthetic_cloudtrail.csv:5133,fe:ECSTaskRole,2024-07-01 16:02:34+00:00,0,0,0.13445151
synthetic_cloudtrail.csv:5614,fe:ECSTaskRole,2024-07-15 10:00:22+00:00,0,0,0.3174402
synthetic_cloudtrail.csv:5615,fe:ECSTaskRole,2024-07-15 10:00:34+00:00,0,0,0.31983063
synthetic_cloudtrail.csv:5616,fe:ECSTaskRole,2024-07-15 10:01:00+00:00,0,0,0.14267008
synthetic_cloudtrail.csv:5617,fe:ECSTaskRole,2024-07-15 10:01:14+00:00,0,0,0.1318167
synthetic_cloudtrail.csv:5618,fe:ECSTaskRole,2024-07-15 10:01:39+00:00,0,0,0.12537834
synthetic_cloudtrail.csv:5619,fe:ECSTaskRole,2024-07-15 10:02:05+00:00,0,0,0.12173906
synthetic_cloudtrail.csv:5620,fe:ECSTaskRole,2024-07-15 10:02:07+00:00,0,0,0.12922186
synthetic_cloudtrail.csv:5621,fe:ECSTaskRole,2024-07-15 10:02:22+00:00,0,0,0.1429765
synthetic_cloudtrail.csv:5622,fe:ECSTaskRole,2024-07-15 10:02:37+00:00,0,0,0.11793281
synthetic_cloudtrail.csv:5623,fe:ECSTaskRole,2024-07-15 10:02:40+00:00,0,0,0.1264964
synthetic_cloudtrail.csv:5624,fe:ECSTaskRole,2024-07-15 10:03:02+00:00,0,0,0.12662254
synthetic_cloudtrail.csv:5625,fe:ECSTaskRole,2024-07-15 10:03:21+00:00,0,0,0.24672824
synthetic_cloudtrail.csv:5626,fe:ECSTaskRole,2024-07-15 10:03:43+00:00,0,0,0.123590276
synthetic_cloudtrail.csv:5627,fe:ECSTaskRole,2024-07-15 10:04:12+00:00,0,0,0.12359213
synthetic_cloudtrail.csv:5628,fe:ECSTaskRole,2024-07-15 10:04:34+00:00,0,0,0.10961167
synthetic_cloudtrail.csv:6401,fe:ECSTaskRole,2024-08-18 17:00:11+00:00,0,0,0.28004274
synthetic_cloudtrail.csv:6402,fe:ECSTaskRole,2024-08-18 17:00:35+00:00,0,0,0.14754432
synthetic_cloudtrail.csv:6403,fe:ECSTaskRole,2024-08-18 17:00:48+00:00,0,0,0.12231024
synthetic_cloudtrail.csv:6404,fe:ECSTaskRole,2024-08-18 17:00:54+00:00,0,0,0.119478084
synthetic_cloudtrail.csv:6405,fe:ECSTaskRole,2024-08-18 17:01:13+00:00,0,0,0.26062316
synthetic_cloudtrail.csv:6406,fe:ECSTaskRole,2024-08-18 17:01:41+00:00,0,0,0.14146063
synthetic_cloudtrail.csv:6407,fe:ECSTaskRole,2024-08-18 17:02:05+00:00,0,0,0.13711293
synthetic_cloudtrail.csv:6408,fe:ECSTaskRole,2024-08-18 17:02:13+00:00,0,0,0.10649506
synthetic_cloudtrail.csv:6409,fe:ECSTaskRole,2024-08-18 17:02:18+00:00,0,0,0.116098344
synthetic_cloudtrail.csv:6410,fe:ECSTaskRole,2024-08-18 17:02:40+00:00,0,0,0.23895073
synthetic_cloudtrail.csv:8101,fe:ECSTaskRole,2024-10-19 13:00:11+00:00,0,0,0.11603184
synthetic_cloudtrail.csv:8102,fe:ECSTaskRole,2024-10-19 13:00:36+00:00,0,0,0.11896022
synthetic_cloudtrail.csv:8103,fe:ECSTaskRole,2024-10-19 13:00:48+00:00,0,0,0.14179231
synthetic_cloudtrail.csv:8104,fe:ECSTaskRole,2024-10-19 13:00:57+00:00,0,0,0.11570984
synthetic_cloudtrail.csv:8105,fe:ECSTaskRole,2024-10-19 13:01:27+00:00,0,0,0.115383305
synthetic_cloudtrail.csv:8106,fe:ECSTaskRole,2024-10-19 13:01:30+00:00,0,0,0.11898184
synthetic_cloudtrail.csv:8107,fe:ECSTaskRole,2024-10-19 13:01:49+00:00,0,0,0.12404563
synthetic_cloudtrail.csv:8109,fe:ECSTaskRole,2024-10-19 13:02:19+00:00,0,0,0.120540135
synthetic_cloudtrail.csv:8110,fe:ECSTaskRole,2024-10-19 13:02:46+00:00,0,0,0.11035607
synthetic_cloudtrail.csv:8112,fe:ECSTaskRole,2024-10-19 13:03:04+00:00,0,0,0.11439285
synthetic_cloudtrail.csv:8113,fe:ECSTaskRole,2024-10-19 13:03:26+00:00,0,0,0.11601136
synthetic_cloudtrail.csv:8186,fe:ECSTaskRole,2024-10-20 14:00:20+00:00,0,0,0.10618133
synthetic_cloudtrail.csv:8187,fe:ECSTaskRole,2024-10-20 14:00:45+00:00,0,0,0.113147706
synthetic_cloudtrail.csv:8188,fe:ECSTaskRole,2024-10-20 14:01:00+00:00,0,0,0.33477
synthetic_cloudtrail.csv:8189,fe:ECSTaskRole,2024-10-20 14:01:28+00:00,0,0,0.13312022
synthetic_cloudtrail.csv:8190,fe:ECSTaskRole,2024-10-20 14:01:38+00:00,0,0,0.13248888
synthetic_cloudtrail.csv:8191,fe:ECSTaskRole,2024-10-20 14:01:40+00:00,0,0,0.12452876
synthetic_cloudtrail.csv:8192,fe:ECSTaskRole,2024-10-20 14:01:54+00:00,0,0,0.26838976
synthetic_cloudtrail.csv:8193,fe:ECSTaskRole,2024-10-20 14:01:58+00:00,0,0,0.11406127
synthetic_cloudtrail.csv:8194,fe:ECSTaskRole,2024-10-20 14:02:16+00:00,0,0,0.11209794
synthetic_cloudtrail.csv:1425,fe:LambdaExecutionRole,2024-02-18 11:00:18+00:00,0,0,0.1520471
synthetic_cloudtrail.csv:1426,fe:LambdaExecutionRole,2024-02-18 11:00:47+00:00,0,0,0.12899171
synthetic_cloudtrail.csv:1427,fe:LambdaExecutionRole,2024-02-18 11:01:02+00:00,0,0,0.14124738
synthetic_cloudtrail.csv:1428,fe:LambdaExecutionRole,2024-02-18 11:01:21+00:00,0,0,0.1287292
synthetic_cloudtrail.csv:1429,fe:LambdaExecutionRole,2024-02-18 11:01:45+00:00,0,0,0.15410717
synthetic_cloudtrail.csv:1430,fe:LambdaExecutionRole,2024-02-18 11:01:54+00:00,0,0,0.14592166
synthetic_cloudtrail.csv:1431,fe:LambdaExecutionRole,2024-02-18 11:02:03+00:00,0,0,0.117221765
synthetic_cloudtrail.csv:1432,fe:LambdaExecutionRole,2024-02-18 11:02:15+00:00,0,0,0.14722016
synthetic_cloudtrail.csv:1433,fe:LambdaExecutionRole,2024-02-18 11:02:25+00:00,0,0,0.30483344
synthetic_cloudtrail.csv:1434,fe:LambdaExecutionRole,2024-02-18 11:02:27+00:00,0,0,0.14491558
synthetic_cloudtrail.csv:1435,fe:LambdaExecutionRole,2024-02-18 11:02:53+00:00,0,0,0.11383146
synthetic_cloudtrail.csv:2834,fe:LambdaExecutionRole,2024-04-11 17:00:13+00:00,0,0,0.10759073
synthetic_cloudtrail.csv:2835,fe:LambdaExecutionRole,2024-04-11 17:00:32+00:00,0,0,0.26640347
synthetic_cloudtrail.csv:2836,fe:LambdaExecutionRole,2024-04-11 17:00:55+00:00,0,0,0.13933249
synthetic_cloudtrail.csv:2837,fe:LambdaExecutionRole,2024-04-11 17:00:57+00:00,0,0,0.1072264
synthetic_cloudtrail.csv:2838,fe:LambdaExecutionRole,2024-04-11 17:01:27+00:00,0,0,0.12755528
synthetic_cloudtrail.csv:2839,fe:LambdaExecutionRole,2024-04-11 17:01:38+00:00,0,0,0.108549945
synthetic_cloudtrail.csv:2840,fe:LambdaExecutionRole,2024-04-11 17:01:52+00:00,0,0,0.12885974
synthetic_cloudtrail.csv:2841,fe:LambdaExecutionRole,2024-04-11 17:01:53+00:00,0,0,0.120986074
synthetic_cloudtrail.csv:2842,fe:LambdaExecutionRole,2024-04-11 17:02:14+00:00,0,0,0.11794838
synthetic_cloudtrail.csv:2843,fe:LambdaExecutionRole,2024-04-11 17:02:30+00:00,0,0,0.12075113
synthetic_cloudtrail.csv:2844,fe:LambdaExecutionRole,2024-04-11 17:02:45+00:00,0,0,0.10043457
synthetic_cloudtrail.csv:3415,fe:LambdaExecutionRole,2024-04-28 09:00:15+00:00,0,0,0.11890736
synthetic_cloudtrail.csv:3416,fe:LambdaExecutionRole,2024-04-28 09:00:41+00:00,0,0,0.12350768
synthetic_cloudtrail.csv:3417,fe:LambdaExecutionRole,2024-04-28 09:00:53+00:00,0,0,0.12958995
synthetic_cloudtrail.csv:3418,fe:LambdaExecutionRole,2024-04-28 09:01:04+00:00,0,0,0.11810012
synthetic_cloudtrail.csv:3419,fe:LambdaExecutionRole,2024-04-28 09:01:18+00:00,0,0,0.119941436
synthetic_cloudtrail.csv:3420,fe:LambdaExecutionRole,2024-04-28 09:01:32+00:00,0,0,0.12732178
synthetic_cloudtrail.csv:3421,fe:LambdaExecutionRole,2024-04-28 09:01:56+00:00,0,0,0.12714566
synthetic_cloudtrail.csv:3422,fe:LambdaExecutionRole,2024-04-28 09:02:02+00:00,0,0,0.12921451
synthetic_cloudtrail.csv:3423,fe:LambdaExecutionRole,2024-04-28 09:02:13+00:00,0,0,0.14373896
synthetic_cloudtrail.csv:3424,fe:LambdaExecutionRole,2024-04-28 09:02:42+00:00,0,0,0.121683255
synthetic_cloudtrail.csv:4410,fe:LambdaExecutionRole,2024-06-03 13:00:19+00:00,0,0,0.10337597
synthetic_cloudtrail.csv:4411,fe:LambdaExecutionRole,2024-06-03 13:00:34+00:00,0,0,0.120378755
synthetic_cloudtrail.csv:4412,fe:LambdaExecutionRole,2024-06-03 13:00:43+00:00,0,0,0.1379721
synthetic_cloudtrail.csv:4413,fe:LambdaExecutionRole,2024-06-03 13:01:03+00:00,0,0,0.11930403
synthetic_cloudtrail.csv:4414,fe:LambdaExecutionRole,2024-06-03 13:01:26+00:00,0,0,0.2768789
synthetic_cloudtrail.csv:4415,fe:LambdaExecutionRole,2024-06-03 13:01:37+00:00,0,0,0.116724595
synthetic_cloudtrail.csv:4416,fe:LambdaExecutionRole,2024-06-03 13:02:05+00:00,0,0,0.1153945
synthetic_cloudtrail.csv:4417,fe:LambdaExecutionRole,2024-06-03 13:02:24+00:00,0,0,0.11799468
synthetic_cloudtrail.csv:4418,fe:LambdaExecutionRole,2024-06-03 13:02:43+00:00,0,0,0.11527853
synthetic_cloudtrail.csv:4419,fe:LambdaExecutionRole,2024-06-03 13:03:02+00:00,0,0,0.1229852
synthetic_cloudtrail.csv:4420,fe:LambdaExecutionRole,2024-06-03 13:03:15+00:00,0,0,0.1207089
synthetic_cloudtrail.csv:4421,fe:LambdaExecutionRole,2024-06-03 13:03:41+00:00,0,0,0.1371144
synthetic_cloudtrail.csv:4422,fe:LambdaExecutionRole,2024-06-03 13:03:52+00:00,0,0,0.12417672
synthetic_cloudtrail.csv:4423,fe:LambdaExecutionRole,2024-06-03 13:04:01+00:00,0,0,0.105168454
synthetic_cloudtrail.csv:4424,fe:LambdaExecutionRole,2024-06-03 13:04:25+00:00,0,0,0.12853906
synthetic_cloudtrail.csv:5161,fe:LambdaExecutionRole,2024-07-02 15:00:05+00:00,0,0,0.1133048
synthetic_cloudtrail.csv:5162,fe:LambdaExecutionRole,2024-07-02 15:00:11+00:00,0,0,0.12312234
synthetic_cloudtrail.csv:5163,fe:LambdaExecutionRole,2024-07-02 15:00:19+00:00,0,0,0.11663209
synthetic_cloudtrail.csv:5164,fe:LambdaExecutionRole,2024-07-02 15:00:37+00:00,0,0,0.12229789
synthetic_cloudtrail.csv:5165,fe:LambdaExecutionRole,2024-07-02 15:00:43+00:00,0,0,0.26725242
synthetic_cloudtrail.csv:5166,fe:LambdaExecutionRole,2024-07-02 15:01:13+00:00,0,0,0.11819725
synthetic_cloudtrail.csv:5167,fe:LambdaExecutionRole,2024-07-02 15:01:39+00:00,0,0,0.1071366
synthetic_cloudtrail.csv:5168,fe:LambdaExecutionRole,2024-07-02 15:01:58+00:00,0,0,0.110729985
synthetic_cloudtrail.csv:5169,fe:LambdaExecutionRole,2024-07-02 15:02:00+00:00,0,0,0.13318798
synthetic_cloudtrail.csv:5839,fe:LambdaExecutionRole,2024-07-23 18:00:17+00:00,0,0,0.24920082
synthetic_cloudtrail.csv:5840,fe:LambdaExecutionRole,2024-07-23 18:00:32+00:00,0,0,0.12018713
synthetic_cloudtrail.csv:5841,fe:LambdaExecutionRole,2024-07-23 18:00:47+00:00,0,0,0.12449714
synthetic_cloudtrail.csv:5842,fe:LambdaExecutionRole,2024-07-23 18:00:51+00:00,0,0,0.12223151
synthetic_cloudtrail.csv:5843,fe:LambdaExecutionRole,2024-07-23 18:01:15+00:00,0,0,0.12514806
synthetic_cloudtrail.csv:5844,fe:LambdaExecutionRole,2024-07-23 18:01:29+00:00,0,0,0.24980602
synthetic_cloudtrail.csv:5845,fe:LambdaExecutionRole,2024-07-23 18:01:48+00:00,0,0,0.12077946
synthetic_cloudtrail.csv:5846,fe:LambdaExecutionRole,2024-07-23 18:02:09+00:00,0,0,0.124937
synthetic_cloudtrail.csv:5847,fe:LambdaExecutionRole,2024-07-23 18:02:26+00:00,0,0,0.14211832
synthetic_cloudtrail.csv:5848,fe:LambdaExecutionRole,2024-07-23 18:02:33+00:00,0,0,0.22117023
synthetic_cloudtrail.csv:5849,fe:LambdaExecutionRole,2024-07-23 18:02:45+00:00,0,0,0.10967387
synthetic_cloudtrail.csv:7929,fe:LambdaExecutionRole,2024-10-14 09:00:25+00:00,0,0,0.13549615
synthetic_cloudtrail.csv:7930,fe:LambdaExecutionRole,2024-10-14 09:00:53+00:00,0,0,0.12588462
synthetic_cloudtrail.csv:7931,fe:LambdaExecutionRole,2024-10-14 09:01:20+00:00,0,0,0.14353362
synthetic_cloudtrail.csv:7932,fe:LambdaExecutionRole,2024-10-14 09:01:39+00:00,0,0,0.11911156
synthetic_cloudtrail.csv:7933,fe:LambdaExecutionRole,2024-10-14 09:01:48+00:00,0,0,0.13847709
synthetic_cloudtrail.csv:7934,fe:LambdaExecutionRole,2024-10-14 09:02:09+00:00,0,0,0.112932354
synthetic_cloudtrail.csv:7935,fe:LambdaExecutionRole,2024-10-14 09:02:14+00:00,0,0,0.13945787
synthetic_cloudtrail.csv:8855,fe:LambdaExecutionRole,2024-11-17 07:00:25+00:00,0,0,0.3095937
synthetic_cloudtrail.csv:8856,fe:LambdaExecutionRole,2024-11-17 07:00:34+00:00,0,0,0.34730834
synthetic_cloudtrail.csv:8857,fe:LambdaExecutionRole,2024-11-17 07:00:39+00:00,0,0,0.16580269
synthetic_cloudtrail.csv:8858,fe:LambdaExecutionRole,2024-11-17 07:01:04+00:00,0,0,0.13339414
synthetic_cloudtrail.csv:8859,fe:LambdaExecutionRole,2024-11-17 07:01:34+00:00,0,0,0.31521258
synthetic_cloudtrail.csv:8860,fe:LambdaExecutionRole,2024-11-17 07:01:56+00:00,0,0,0.34410074
synthetic_cloudtrail.csv:8861,fe:LambdaExecutionRole,2024-11-17 07:02:04+00:00,0,0,0.17237274
synthetic_cloudtrail.csv:8862,fe:LambdaExecutionRole,2024-11-17 07:02:10+00:00,0,0,0.13481745
synthetic_cloudtrail.csv:9433,fe:LambdaExecutionRole,2024-12-07 07:00:10+00:00,0,0,0.119198136
synthetic_cloudtrail.csv:9434,fe:LambdaExecutionRole,2024-12-07 07:00:14+00:00,0,0,0.13044254
synthetic_cloudtrail.csv:9435,fe:LambdaExecutionRole,2024-12-07 07:00:28+00:00,0,0,0.14526446
synthetic_cloudtrail.csv:9436,fe:LambdaExecutionRole,2024-12-07 07:00:50+00:00,0,0,0.12555596
synthetic_cloudtrail.csv:9437,fe:LambdaExecutionRole,2024-12-07 07:01:06+00:00,0,0,0.122279406
synthetic_cloudtrail.csv:9438,fe:LambdaExecutionRole,2024-12-07 07:01:13+00:00,0,0,0.14850435
synthetic_cloudtrail.csv:9439,fe:LambdaExecutionRole,2024-12-07 07:01:27+00:00,0,0,0.29481506
synthetic_cloudtrail.csv:9440,fe:LambdaExecutionRole,2024-12-07 07:01:50+00:00,0,0,0.12081234
synthetic_cloudtrail.csv:9984,fe:LambdaExecutionRole,2024-12-27 17:00:12+00:00,0,0,0.10015397
synthetic_cloudtrail.csv:9985,fe:LambdaExecutionRole,2024-12-27 17:00:25+00:00,0,0,0.28700736
synthetic_cloudtrail.csv:9986,fe:LambdaExecutionRole,2024-12-27 17:00:32+00:00,0,0,0.11656244
synthetic_cloudtrail.csv:9987,fe:LambdaExecutionRole,2024-12-27 17:00:49+00:00,0,0,0.1379982
synthetic_cloudtrail.csv:9988,fe:LambdaExecutionRole,2024-12-27 17:01:09+00:00,0,0,0.10238262
synthetic_cloudtrail.csv:9989,fe:LambdaExecutionRole,2024-12-27 17:01:13+00:00,0,0,0.11269652
synthetic_cloudtrail.csv:9990,fe:LambdaExecutionRole,2024-12-27 17:01:18+00:00,0,0,0.110832505
synthetic_cloudtrail.csv:9991,fe:LambdaExecutionRole,2024-12-27 17:01:23+00:00,0,0,0.11745398
synthetic_cloudtrail.csv:9992,fe:LambdaExecutionRole,2024-12-27 17:01:48+00:00,0,0,0.11490772
synthetic_cloudtrail.csv:9993,fe:LambdaExecutionRole,2024-12-27 17:01:54+00:00,0,0,0.11053053
synthetic_cloudtrail.csv:9994,fe:LambdaExecutionRole,2024-12-27 17:02:19+00:00,0,0,0.114812024
synthetic_cloudtrail.csv:5441,fe:aaecez,2024-07-09 11:01:33+00:00,0,0,0.1272101
synthetic_cloudtrail.csv:5442,fe:aaecez,2024-07-09 11:02:51+00:00,0,0,0.12786882
synthetic_cloudtrail.csv:5443,fe:aaecez,2024-07-09 11:03:26+00:00,0,0,0.11311348
synthetic_cloudtrail.csv:5444,fe:aaecez,2024-07-09 11:05:22+00:00,0,0,0.116714925
synthetic_cloudtrail.csv:5445,fe:aaecez,2024-07-09 11:06:23+00:00,0,0,0.11856397
synthetic_cloudtrail.csv:5446,fe:aaecez,2024-07-09 11:07:01+00:00,0,0,0.1205415
synthetic_cloudtrail.csv:5447,fe:aaecez,2024-07-09 11:08:43+00:00,0,0,0.123553
synthetic_cloudtrail.csv:5448,fe:aaecez,2024-07-09 11:10:35+00:00,0,0,0.13062504
synthetic_cloudtrail.csv:5449,fe:aaecez,2024-07-09 11:11:46+00:00,0,0,0.1373802
synthetic_cloudtrail.csv:5450,fe:aaecez,2024-07-09 11:13:31+00:00,0,0,0.12987246
synthetic_cloudtrail.csv:5451,fe:aaecez,2024-07-09 11:14:50+00:00,0,0,0.11523749
synthetic_cloudtrail.csv:5452,fe:aaecez,2024-07-09 11:15:40+00:00,0,0,0.10725676
synthetic_cloudtrail.csv:5453,fe:aaecez,2024-07-09 11:16:16+00:00,0,0,0.11560129
synthetic_cloudtrail.csv:6056,fe:adnqhk,2024-08-03 14:00:41+00:00,0,0,0.12993805
synthetic_cloudtrail.csv:6057,fe:adnqhk,2024-08-03 14:01:36+00:00,0,0,0.12859225
synthetic_cloudtrail.csv:6058,fe:adnqhk,2024-08-03 14:02:01+00:00,0,0,0.11594452
synthetic_cloudtrail.csv:6059,fe:adnqhk,2024-08-03 14:02:40+00:00,0,0,0.11968261
synthetic_cloudtrail.csv:6060,fe:adnqhk,2024-08-03 14:03:06+00:00,0,0,0.1269466
synthetic_cloudtrail.csv:6061,fe:adnqhk,2024-08-03 14:04:11+00:00,0,0,0.14197692
synthetic_cloudtrail.csv:6062,fe:adnqhk,2024-08-03 14:04:28+00:00,0,0,0.13061441
synthetic_cloudtrail.csv:6063,fe:adnqhk,2024-08-03 14:06:10+00:00,0,0,0.12888752
synthetic_cloudtrail.csv:6064,fe:adnqhk,2024-08-03 14:06:57+00:00,0,0,0.104336895
synthetic_cloudtrail.csv:6065,fe:adnqhk,2024-08-03 14:08:19+00:00,0,0,0.112011924
synthetic_cloudtrail.csv:3659,fe:adtjzwys,2024-05-08 19:00:30+00:00,0,0,0.11942055
synthetic_cloudtrail.csv:3660,fe:adtjzwys,2024-05-08 19:00:37+00:00,0,0,0.11203462
synthetic_cloudtrail.csv:3661,fe:adtjzwys,2024-05-08 19:00:43+00:00,0,0,0.13749364
synthetic_cloudtrail.csv:3662,fe:adtjzwys,2024-05-08 19:01:11+00:00,0,0,0.14074995
synthetic_cloudtrail.csv:3663,fe:adtjzwys,2024-05-08 19:01:32+00:00,0,0,0.12838306
synthetic_cloudtrail.csv:3664,fe:adtjzwys,2024-05-08 19:01:36+00:00,0,0,0.13388163
synthetic_cloudtrail.csv:3665,fe:adtjzwys,2024-05-08 19:02:27+00:00,1,1,0.99480915
synthetic_cloudtrail.csv:3666,fe:adtjzwys,2024-05-08 19:03:11+00:00,1,1,0.99571335
synthetic_cloudtrail.csv:3667,fe:adtjzwys,2024-05-08 19:03:32+00:00,1,1,0.9948255
synthetic_cloudtrail.csv:3668,fe:adtjzwys,2024-05-08 19:03:55+00:00,0,0,0.12849392
synthetic_cloudtrail.csv:3669,fe:adtjzwys,2024-05-08 19:05:03+00:00,0,0,0.11945451
synthetic_cloudtrail.csv:3670,fe:adtjzwys,2024-05-08 19:06:07+00:00,0,0,0.13602929
synthetic_cloudtrail.csv:9874,fe:aelxyi,2024-12-20 09:00:25+00:00,0,0,0.18228088
synthetic_cloudtrail.csv:9875,fe:aelxyi,2024-12-20 09:01:56+00:00,0,0,0.23339692
synthetic_cloudtrail.csv:9876,fe:aelxyi,2024-12-20 09:03:28+00:00,0,0,0.13114555
synthetic_cloudtrail.csv:9877,fe:aelxyi,2024-12-20 09:03:46+00:00,0,0,0.124305904
synthetic_cloudtrail.csv:9878,fe:aelxyi,2024-12-20 09:05:36+00:00,0,0,0.13016875
synthetic_cloudtrail.csv:9879,fe:aelxyi,2024-12-20 09:06:58+00:00,0,0,0.1212731
synthetic_cloudtrail.csv:9880,fe:aelxyi,2024-12-20 09:07:29+00:00,0,0,0.12855797
synthetic_cloudtrail.csv:9881,fe:aelxyi,2024-12-20 09:09:23+00:00,0,0,0.14862506
synthetic_cloudtrail.csv:9882,fe:aelxyi,2024-12-20 09:09:58+00:00,0,0,0.10965341
synthetic_cloudtrail.csv:9883,fe:aelxyi,2024-12-20 09:11:38+00:00,0,0,0.13546498
synthetic_cloudtrail.csv:9884,fe:aelxyi,2024-12-20 09:13:15+00:00,0,0,0.12480724
synthetic_cloudtrail.csv:9885,fe:aelxyi,2024-12-20 09:14:28+00:00,0,0,0.1422863
synthetic_cloudtrail.csv:9886,fe:aelxyi,2024-12-20 09:15:41+00:00,0,0,0.10470857
synthetic_cloudtrail.csv:9887,fe:aelxyi,2024-12-20 09:16:50+00:00,0,0,0.11943786
synthetic_cloudtrail.csv:9888,fe:aelxyi,2024-12-20 09:17:55+00:00,0,0,0.11972112
synthetic_cloudtrail.csv:9889,fe:aelxyi,2024-12-20 09:18:29+00:00,0,0,0.13069987
synthetic_cloudtrail.csv:9890,fe:aelxyi,2024-12-20 09:18:47+00:00,0,0,0.119644076
synthetic_cloudtrail.csv:9891,fe:aelxyi,2024-12-20 09:19:26+00:00,0,0,0.11564826
synthetic_cloudtrail.csv:9892,fe:aelxyi,2024-12-20 09:19:48+00:00,0,0,0.115768865
synthetic_cloudtrail.csv:9893,fe:aelxyi,2024-12-20 09:20:56+00:00,0,0,0.121628635
synthetic_cloudtrail.csv:7938,fe:afnhrp,2024-10-14 17:00:47+00:00,0,0,0.13513267
synthetic_cloudtrail.csv:7945,fe:afnhrp,2024-10-14 17:02:24+00:00,0,0,0.12115278
synthetic_cloudtrail.csv:7948,fe:afnhrp,2024-10-14 17:03:52+00:00,0,0,0.14170527
synthetic_cloudtrail.csv:7949,fe:afnhrp,2024-10-14 17:03:59+00:00,0,0,0.12260135
synthetic_cloudtrail.csv:7950,fe:afnhrp,2024-10-14 17:04:11+00:00,0,0,0.12900726
synthetic_cloudtrail.csv:7952,fe:afnhrp,2024-10-14 17:05:49+00:00,0,0,0.13520437
synthetic_cloudtrail.csv:7954,fe:afnhrp,2024-10-14 17:07:33+00:00,0,0,0.15439881
synthetic_cloudtrail.csv:7955,fe:afnhrp,2024-10-14 17:09:11+00:00,0,0,0.12726219
synthetic_cloudtrail.csv:7956,fe:afnhrp,2024-10-14 17:10:53+00:00,0,0,0.13374728
synthetic_cloudtrail.csv:7957,fe:afnhrp,2024-10-14 17:11:31+00:00,0,0,0.12666099
synthetic_cloudtrail.csv:7958,fe:afnhrp,2024-10-14 17:12:00+00:00,0,0,0.12531218
synthetic_cloudtrail.csv:7959,fe:afnhrp,2024-10-14 17:13:04+00:00,0,0,0.1411949
synthetic_cloudtrail.csv:7960,fe:afnhrp,2024-10-14 17:14:57+00:00,0,0,0.11003616
synthetic_cloudtrail.csv:2227,fe:afwvizxxjv,2024-03-18 17:00:24+00:00,0,0,0.12172648
synthetic_cloudtrail.csv:2228,fe:afwvizxxjv,2024-03-18 17:00:37+00:00,0,0,0.10267051
synthetic_cloudtrail.csv:2229,fe:afwvizxxjv,2024-03-18 17:00:58+00:00,0,0,0.11981398
synthetic_cloudtrail.csv:2230,fe:afwvizxxjv,2024-03-18 17:01:24+00:00,1,1,0.992021
synthetic_cloudtrail.csv:2231,fe:afwvizxxjv,2024-03-18 17:02:09+00:00,0,0,0.15708554
synthetic_cloudtrail.csv:2232,fe:afwvizxxjv,2024-03-18 17:03:27+00:00,0,0,0.11274693
synthetic_cloudtrail.csv:2233,fe:afwvizxxjv,2024-03-18 17:03:53+00:00,0,0,0.11717462
synthetic_cloudtrail.csv:7132,fe:agwkxyv,2024-09-14 08:00:13+00:00,0,0,0.12687635
synthetic_cloudtrail.csv:7133,fe:agwkxyv,2024-09-14 08:00:36+00:00,0,0,0.12000359
synthetic_cloudtrail.csv:7134,fe:agwkxyv,2024-09-14 08:00:41+00:00,0,0,0.14385857
synthetic_cloudtrail.csv:7135,fe:agwkxyv,2024-09-14 08:01:06+00:00,0,0,0.14953049
synthetic_cloudtrail.csv:7136,fe:agwkxyv,2024-09-14 08:01:23+00:00,0,0,0.1353309
synthetic_cloudtrail.csv:7137,fe:agwkxyv,2024-09-14 08:01:26+00:00,0,0,0.13029978
synthetic_cloudtrail.csv:7138,fe:agwkxyv,2024-09-14 08:01:43+00:00,0,0,0.1504216
synthetic_cloudtrail.csv:7139,fe:agwkxyv,2024-09-14 08:02:39+00:00,1,1,0.9943632
synthetic_cloudtrail.csv:7140,fe:agwkxyv,2024-09-14 08:03:19+00:00,1,1,0.9911316
synthetic_cloudtrail.csv:6138,fe:ahofqj,2024-08-06 08:00:06+00:00,0,0,0.11549758
synthetic_cloudtrail.csv:6139,fe:ahofqj,2024-08-06 08:00:13+00:00,0,0,0.1173904
synthetic_cloudtrail.csv:6140,fe:ahofqj,2024-08-06 08:01:31+00:00,0,0,0.11516417
synthetic_cloudtrail.csv:6141,fe:ahofqj,2024-08-06 08:03:28+00:00,0,0,0.13525827
synthetic_cloudtrail.csv:6142,fe:ahofqj,2024-08-06 08:03:56+00:00,0,0,0.13073361
synthetic_cloudtrail.csv:6143,fe:ahofqj,2024-08-06 08:04:15+00:00,0,0,0.1353202
synthetic_cloudtrail.csv:6144,fe:ahofqj,2024-08-06 08:05:48+00:00,0,0,0.126381
synthetic_cloudtrail.csv:6145,fe:ahofqj,2024-08-06 08:06:28+00:00,0,0,0.14627701
synthetic_cloudtrail.csv:6146,fe:ahofqj,2024-08-06 08:07:13+00:00,0,0,0.12120778
synthetic_cloudtrail.csv:6147,fe:ahofqj,2024-08-06 08:07:56+00:00,0,0,0.14083135
synthetic_cloudtrail.csv:6148,fe:ahofqj,2024-08-06 08:09:32+00:00,0,0,0.12379391
synthetic_cloudtrail.csv:6149,fe:ahofqj,2024-08-06 08:10:39+00:00,0,0,0.11310101
synthetic_cloudtrail.csv:6150,fe:ahofqj,2024-08-06 08:12:08+00:00,0,0,0.120633274
synthetic_cloudtrail.csv:6151,fe:ahofqj,2024-08-06 08:12:25+00:00,0,0,0.1453129
synthetic_cloudtrail.csv:6152,fe:ahofqj,2024-08-06 08:12:44+00:00,0,0,0.113429464
synthetic_cloudtrail.csv:6153,fe:ahofqj,2024-08-06 08:14:14+00:00,0,0,0.11333315
synthetic_cloudtrail.csv:6154,fe:ahofqj,2024-08-06 08:15:47+00:00,0,0,0.14331102
synthetic_cloudtrail.csv:6155,fe:ahofqj,2024-08-06 08:16:42+00:00,0,0,0.11672601
synthetic_cloudtrail.csv:6156,fe:ahofqj,2024-08-06 08:18:24+00:00,0,0,0.1215663
synthetic_cloudtrail.csv:5981,fe:ahzjtr,2024-08-01 18:00:27+00:00,0,0,0.116648555
synthetic_cloudtrail.csv:5982,fe:ahzjtr,2024-08-01 18:01:37+00:00,0,0,0.13402228
synthetic_cloudtrail.csv:5983,fe:ahzjtr,2024-08-01 18:02:08+00:00,0,0,0.14484182
synthetic_cloudtrail.csv:5984,fe:ahzjtr,2024-08-01 18:03:50+00:00,0,0,0.12206691
synthetic_cloudtrail.csv:5985,fe:ahzjtr,2024-08-01 18:04:21+00:00,0,0,0.12043279
synthetic_cloudtrail.csv:5986,fe:ahzjtr,2024-08-01 18:04:26+00:00,0,0,0.12273668
synthetic_cloudtrail.csv:5987,fe:ahzjtr,2024-08-01 18:05:51+00:00,0,0,0.16129947
synthetic_cloudtrail.csv:5988,fe:ahzjtr,2024-08-01 18:06:56+00:00,0,0,0.13134019
synthetic_cloudtrail.csv:5989,fe:ahzjtr,2024-08-01 18:08:47+00:00,0,0,0.11202233
synthetic_cloudtrail.csv:5990,fe:ahzjtr,2024-08-01 18:08:52+00:00,0,0,0.11038516
synthetic_cloudtrail.csv:5991,fe:ahzjtr,2024-08-01 18:09:33+00:00,0,0,0.20090961
synthetic_cloudtrail.csv:5992,fe:ahzjtr,2024-08-01 18:10:07+00:00,0,0,0.12235266
synthetic_cloudtrail.csv:5993,fe:ahzjtr,2024-08-01 18:10:30+00:00,0,0,0.18220964
synthetic_cloudtrail.csv:5994,fe:ahzjtr,2024-08-01 18:11:57+00:00,0,0,0.11582083
synthetic_cloudtrail.csv:344,fe:aibzuf,2024-01-13 12:01:17+00:00,0,0,0.12935787
synthetic_cloudtrail.csv:347,fe:aibzuf,2024-01-13 12:02:11+00:00,0,0,0.11191818
synthetic_cloudtrail.csv:348,fe:aibzuf,2024-01-13 12:02:32+00:00,0,0,0.13021667
synthetic_cloudtrail.csv:353,fe:aibzuf,2024-01-13 12:04:20+00:00,0,0,0.11797158
synthetic_cloudtrail.csv:356,fe:aibzuf,2024-01-13 12:06:07+00:00,0,0,0.12874737
synthetic_cloudtrail.csv:357,fe:aibzuf,2024-01-13 12:06:41+00:00,0,0,0.118929535
synthetic_cloudtrail.csv:359,fe:aibzuf,2024-01-13 12:07:25+00:00,0,0,0.12383487
synthetic_cloudtrail.csv:361,fe:aibzuf,2024-01-13 12:09:15+00:00,0,0,0.13165063
synthetic_cloudtrail.csv:362,fe:aibzuf,2024-01-13 12:09:59+00:00,0,0,0.14215797
synthetic_cloudtrail.csv:363,fe:aibzuf,2024-01-13 12:10:57+00:00,0,0,0.23869184
synthetic_cloudtrail.csv:364,fe:aibzuf,2024-01-13 12:11:41+00:00,0,0,0.14151657
synthetic_cloudtrail.csv:365,fe:aibzuf,2024-01-13 12:12:06+00:00,0,0,0.11166407
synthetic_cloudtrail.csv:367,fe:aibzuf,2024-01-13 12:12:58+00:00,0,0,0.11706879
synthetic_cloudtrail.csv:368,fe:aibzuf,2024-01-13 12:13:25+00:00,0,0,0.12714264
synthetic_cloudtrail.csv:369,fe:aibzuf,2024-01-13 12:13:48+00:00,0,0,0.11730455
synthetic_cloudtrail.csv:371,fe:aibzuf,2024-01-13 12:15:34+00:00,0,0,0.12855153
synthetic_cloudtrail.csv:372,fe:aibzuf,2024-01-13 12:16:56+00:00,0,0,0.12181044
synthetic_cloudtrail.csv:374,fe:aibzuf,2024-01-13 12:18:46+00:00,0,0,0.13466236
synthetic_cloudtrail.csv:376,fe:aibzuf,2024-01-13 12:20:41+00:00,0,0,0.14745365
synthetic_cloudtrail.csv:378,fe:aibzuf,2024-01-13 12:22:33+00:00,0,0,0.11203486
synthetic_cloudtrail.csv:4083,fe:ajrddk,2024-05-23 12:01:44+00:00,0,0,0.77579904
synthetic_cloudtrail.csv:4084,fe:ajrddk,2024-05-23 12:03:12+00:00,0,0,0.13242164
synthetic_cloudtrail.csv:4085,fe:ajrddk,2024-05-23 12:04:04+00:00,0,0,0.1355717
synthetic_cloudtrail.csv:4086,fe:ajrddk,2024-05-23 12:05:16+00:00,0,0,0.13700572
synthetic_cloudtrail.csv:4087,fe:ajrddk,2024-05-23 12:06:56+00:00,0,0,0.13627343
synthetic_cloudtrail.csv:4088,fe:ajrddk,2024-05-23 12:08:07+00:00,0,0,0.12273038
synthetic_cloudtrail.csv:4089,fe:ajrddk,2024-05-23 12:09:19+00:00,0,0,0.15842144
synthetic_cloudtrail.csv:4090,fe:ajrddk,2024-05-23 12:10:48+00:00,0,0,0.11609534
synthetic_cloudtrail.csv:4091,fe:ajrddk,2024-05-23 12:11:32+00:00,0,0,0.11576608
synthetic_cloudtrail.csv:1826,fe:aksqmn,2024-03-03 13:00:41+00:00,0,0,0.15119235
synthetic_cloudtrail.csv:1827,fe:aksqmn,2024-03-03 13:01:51+00:00,0,0,0.11100826
synthetic_cloudtrail.csv:1828,fe:aksqmn,2024-03-03 13:02:43+00:00,0,0,0.12419789
synthetic_cloudtrail.csv:1829,fe:aksqmn,2024-03-03 13:03:26+00:00,0,0,0.13622843
synthetic_cloudtrail.csv:1830,fe:aksqmn,2024-03-03 13:04:24+00:00,0,0,0.14574529
synthetic_cloudtrail.csv:1831,fe:aksqmn,2024-03-03 13:04:34+00:00,0,0,0.11207253
synthetic_cloudtrail.csv:1832,fe:aksqmn,2024-03-03 13:04:54+00:00,0,0,0.11491181
synthetic_cloudtrail.csv:1833,fe:aksqmn,2024-03-03 13:05:41+00:00,0,0,0.14179783
synthetic_cloudtrail.csv:1834,fe:aksqmn,2024-03-03 13:07:38+00:00,0,0,0.11672371
synthetic_cloudtrail.csv:1835,fe:aksqmn,2024-03-03 13:08:49+00:00,0,0,0.14178647
synthetic_cloudtrail.csv:1836,fe:aksqmn,2024-03-03 13:09:10+00:00,0,0,0.117122926
synthetic_cloudtrail.csv:1837,fe:aksqmn,2024-03-03 13:10:41+00:00,0,0,0.12367918
synthetic_cloudtrail.csv:1838,fe:aksqmn,2024-03-03 13:10:52+00:00,0,0,0.13395634
synthetic_cloudtrail.csv:1839,fe:aksqmn,2024-03-03 13:12:18+00:00,0,0,0.12781587
synthetic_cloudtrail.csv:1840,fe:aksqmn,2024-03-03 13:13:03+00:00,0,0,0.14264232
synthetic_cloudtrail.csv:1841,fe:aksqmn,2024-03-03 13:13:41+00:00,0,0,0.12291658
synthetic_cloudtrail.csv:1842,fe:aksqmn,2024-03-03 13:14:29+00:00,0,0,0.15778959
synthetic_cloudtrail.csv:4283,fe:amsmnyroxpgm,2024-05-27 10:00:19+00:00,0,0,0.13972406
synthetic_cloudtrail.csv:4284,fe:amsmnyroxpgm,2024-05-27 10:00:38+00:00,0,0,0.11897931
synthetic_cloudtrail.csv:4285,fe:amsmnyroxpgm,2024-05-27 10:00:57+00:00,0,0,0.13656816
synthetic_cloudtrail.csv:4286,fe:amsmnyroxpgm,2024-05-27 10:01:26+00:00,0,0,0.14997698
synthetic_cloudtrail.csv:4287,fe:amsmnyroxpgm,2024-05-27 10:01:46+00:00,0,0,0.13093129
synthetic_cloudtrail.csv:4288,fe:amsmnyroxpgm,2024-05-27 10:02:01+00:00,0,0,0.14115319
synthetic_cloudtrail.csv:4289,fe:amsmnyroxpgm,2024-05-27 10:02:07+00:00,1,1,0.9949386
synthetic_cloudtrail.csv:4290,fe:amsmnyroxpgm,2024-05-27 10:02:49+00:00,1,1,0.99514836
synthetic_cloudtrail.csv:4291,fe:amsmnyroxpgm,2024-05-27 10:03:01+00:00,1,1,0.9950637
synthetic_cloudtrail.csv:4292,fe:amsmnyroxpgm,2024-05-27 10:03:24+00:00,0,0,0.15346208
synthetic_cloudtrail.csv:4293,fe:amsmnyroxpgm,2024-05-27 10:03:52+00:00,0,0,0.12805945
synthetic_cloudtrail.csv:4294,fe:amsmnyroxpgm,2024-05-27 10:04:05+00:00,0,0,0.14344937
synthetic_cloudtrail.csv:4295,fe:amsmnyroxpgm,2024-05-27 10:04:51+00:00,0,0,0.12786639
synthetic_cloudtrail.csv:4296,fe:amsmnyroxpgm,2024-05-27 10:06:06+00:00,0,0,0.12952155
synthetic_cloudtrail.csv:2978,fe:anhsrav,2024-04-16 10:00:29+00:00,0,0,0.12856591
synthetic_cloudtrail.csv:2979,fe:anhsrav,2024-04-16 10:00:32+00:00,0,0,0.15379447
synthetic_cloudtrail.csv:2980,fe:anhsrav,2024-04-16 10:00:37+00:00,0,0,0.16020688
synthetic_cloudtrail.csv:2981,fe:anhsrav,2024-04-16 10:01:05+00:00,1,1,0.99253994
synthetic_cloudtrail.csv:2982,fe:anhsrav,2024-04-16 10:02:00+00:00,1,1,0.99181503
synthetic_cloudtrail.csv:2983,fe:anhsrav,2024-04-16 10:02:39+00:00,1,1,0.9621434
synthetic_cloudtrail.csv:2984,fe:anhsrav,2024-04-16 10:03:33+00:00,0,0,0.13435832
synthetic_cloudtrail.csv:2985,fe:anhsrav,2024-04-16 10:05:03+00:00,0,0,0.13468435
synthetic_cloudtrail.csv:3909,fe:anrsaf,2024-05-17 16:00:11+00:00,0,0,0.1278944
synthetic_cloudtrail.csv:3910,fe:anrsaf,2024-05-17 16:01:32+00:00,0,0,0.12171643
synthetic_cloudtrail.csv:3911,fe:anrsaf,2024-05-17 16:02:31+00:00,0,0,0.1265057
synthetic_cloudtrail.csv:3912,fe:anrsaf,2024-05-17 16:03:16+00:00,0,0,0.12068328
synthetic_cloudtrail.csv:3913,fe:anrsaf,2024-05-17 16:04:44+00:00,0,0,0.11807247
synthetic_cloudtrail.csv:3914,fe:anrsaf,2024-05-17 16:05:30+00:00,0,0,0.13722032
synthetic_cloudtrail.csv:3915,fe:anrsaf,2024-05-17 16:07:08+00:00,0,0,0.111249484
synthetic_cloudtrail.csv:3916,fe:anrsaf,2024-05-17 16:07:27+00:00,0,0,0.12726825
synthetic_cloudtrail.csv:3917,fe:anrsaf,2024-05-17 16:07:34+00:00,0,0,0.12655793
synthetic_cloudtrail.csv:3918,fe:anrsaf,2024-05-17 16:08:19+00:00,0,0,0.104001254
synthetic_cloudtrail.csv:3919,fe:anrsaf,2024-05-17 16:09:34+00:00,0,0,0.10537401
synthetic_cloudtrail.csv:3921,fe:anrsaf,2024-05-17 16:10:51+00:00,0,0,0.11182368
synthetic_cloudtrail.csv:3922,fe:anrsaf,2024-05-17 16:10:57+00:00,0,0,0.122938454
synthetic_cloudtrail.csv:3923,fe:anrsaf,2024-05-17 16:11:51+00:00,0,0,0.09997526
synthetic_cloudtrail.csv:3924,fe:anrsaf,2024-05-17 16:12:33+00:00,0,0,0.097181916
synthetic_cloudtrail.csv:3925,fe:anrsaf,2024-05-17 16:12:41+00:00,0,0,0.10232649
synthetic_cloudtrail.csv:8600,fe:apbjaxhm,2024-11-10 11:00:16+00:00,0,0,0.12858686
synthetic_cloudtrail.csv:8601,fe:apbjaxhm,2024-11-10 11:00:44+00:00,0,0,0.120573595
synthetic_cloudtrail.csv:8602,fe:apbjaxhm,2024-11-10 11:01:14+00:00,0,0,0.13128786
synthetic_cloudtrail.csv:8603,fe:apbjaxhm,2024-11-10 11:01:40+00:00,0,0,0.13727777
synthetic_cloudtrail.csv:8604,fe:apbjaxhm,2024-11-10 11:02:06+00:00,0,0,0.14695935
synthetic_cloudtrail.csv:8605,fe:apbjaxhm,2024-11-10 11:02:10+00:00,0,0,0.1559908
synthetic_cloudtrail.csv:8606,fe:apbjaxhm,2024-11-10 11:02:16+00:00,0,0,0.12823415
synthetic_cloudtrail.csv:8607,fe:apbjaxhm,2024-11-10 11:02:41+00:00,0,0,0.14642906
synthetic_cloudtrail.csv:8608,fe:apbjaxhm,2024-11-10 11:03:06+00:00,1,1,0.99574405
synthetic_cloudtrail.csv:8609,fe:apbjaxhm,2024-11-10 11:03:46+00:00,0,0,0.13275248
synthetic_cloudtrail.csv:8610,fe:apbjaxhm,2024-11-10 11:04:17+00:00,0,0,0.11791217
synthetic_cloudtrail.csv:8611,fe:apbjaxhm,2024-11-10 11:05:06+00:00,0,0,0.11746163
synthetic_cloudtrail.csv:4249,fe:arn:aws:iam::195658545264:root,2024-05-26 11:05:51+00:00,0,0,0.15810531
synthetic_cloudtrail.csv:4253,fe:arn:aws:iam::195658545264:root,2024-05-26 11:08:32+00:00,0,0,0.13544664
synthetic_cloudtrail.csv:4262,fe:arn:aws:iam::195658545264:root,2024-05-26 11:17:59+00:00,0,0,0.13552274
synthetic_cloudtrail.csv:4263,fe:arn:aws:iam::195658545264:root,2024-05-26 11:26:35+00:00,0,0,0.1362205
synthetic_cloudtrail.csv:4264,fe:arn:aws:iam::195658545264:root,2024-05-26 11:30:05+00:00,0,0,0.13312095
synthetic_cloudtrail.csv:4265,fe:arn:aws:iam::195658545264:root,2024-05-26 11:32:33+00:00,0,0,0.12850103
synthetic_cloudtrail.csv:6532,fe:arn:aws:iam::236507080575:root,2024-08-22 19:05:32+00:00,0,0,0.14096738
synthetic_cloudtrail.csv:6533,fe:arn:aws:iam::236507080575:root,2024-08-22 19:10:48+00:00,0,0,0.1243332
synthetic_cloudtrail.csv:6534,fe:arn:aws:iam::236507080575:root,2024-08-22 19:20:17+00:00,0,0,0.1227458
synthetic_cloudtrail.csv:6535,fe:arn:aws:iam::236507080575:root,2024-08-22 19:28:25+00:00,0,0,0.12540689
synthetic_cloudtrail.csv:6536,fe:arn:aws:iam::236507080575:root,2024-08-22 19:30:18+00:00,0,0,0.12657943
synthetic_cloudtrail.csv:6537,fe:arn:aws:iam::236507080575:root,2024-08-22 19:33:03+00:00,0,0,0.12269819
synthetic_cloudtrail.csv:6538,fe:arn:aws:iam::236507080575:root,2024-08-22 19:35:46+00:00,0,0,0.1197334
synthetic_cloudtrail.csv:6539,fe:arn:aws:iam::236507080575:root,2024-08-22 19:41:12+00:00,0,0,0.12229504
synthetic_cloudtrail.csv:6540,fe:arn:aws:iam::236507080575:root,2024-08-22 19:45:17+00:00,0,0,0.11847904
synthetic_cloudtrail.csv:6541,fe:arn:aws:iam::236507080575:root,2024-08-22 19:49:35+00:00,0,0,0.12225682
synthetic_cloudtrail.csv:5794,fe:arn:aws:iam::286334910474:root,2024-07-21 16:08:27+00:00,0,0,0.15043868
synthetic_cloudtrail.csv:5798,fe:arn:aws:iam::286334910474:root,2024-07-21 16:17:34+00:00,0,0,0.12701002
synthetic_cloudtrail.csv:5801,fe:arn:aws:iam::286334910474:root,2024-07-21 16:19:39+00:00,0,0,0.119903706
synthetic_cloudtrail.csv:5802,fe:arn:aws:iam::286334910474:root,2024-07-21 16:21:18+00:00,0,0,0.13565794
synthetic_cloudtrail.csv:5805,fe:arn:aws:iam::286334910474:root,2024-07-21 16:23:58+00:00,0,0,0.12421062
synthetic_cloudtrail.csv:5809,fe:arn:aws:iam::286334910474:root,2024-07-21 16:33:06+00:00,0,0,0.13073692
synthetic_cloudtrail.csv:5810,fe:arn:aws:iam::286334910474:root,2024-07-21 16:40:18+00:00,0,0,0.13025355
synthetic_cloudtrail.csv:5811,fe:arn:aws:iam::286334910474:root,2024-07-21 16:46:56+00:00,0,0,0.12663421
synthetic_cloudtrail.csv:5812,fe:arn:aws:iam::286334910474:root,2024-07-21 16:55:12+00:00,0,0,0.13167903
synthetic_cloudtrail.csv:5813,fe:arn:aws:iam::286334910474:root,2024-07-21 17:01:18+00:00,0,0,0.12833653
synthetic_cloudtrail.csv:1325,fe:arn:aws:iam::471885651819:root,2024-02-13 23:01:23+00:00,0,0,0.14211507
synthetic_cloudtrail.csv:1326,fe:arn:aws:iam::471885651819:root,2024-02-13 23:05:36+00:00,0,0,0.12458558
synthetic_cloudtrail.csv:1327,fe:arn:aws:iam::471885651819:root,2024-02-13 23:13:47+00:00,0,0,0.12689438
synthetic_cloudtrail.csv:1328,fe:arn:aws:iam::471885651819:root,2024-02-13 23:20:55+00:00,0,0,0.129269
synthetic_cloudtrail.csv:1329,fe:arn:aws:iam::471885651819:root,2024-02-13 23:28:00+00:00,0,0,0.12650149
synthetic_cloudtrail.csv:1330,fe:arn:aws:iam::471885651819:root,2024-02-13 23:35:44+00:00,0,0,0.12969773
synthetic_cloudtrail.csv:1331,fe:arn:aws:iam::471885651819:root,2024-02-13 23:44:29+00:00,0,0,0.12938593
synthetic_cloudtrail.csv:1332,fe:arn:aws:iam::471885651819:root,2024-02-13 23:45:56+00:00,0,0,0.12854579
synthetic_cloudtrail.csv:1333,fe:arn:aws:iam::471885651819:root,2024-02-13 23:48:22+00:00,0,0,0.12878959
synthetic_cloudtrail.csv:1334,fe:arn:aws:iam::471885651819:root,2024-02-13 23:54:46+00:00,0,0,0.12602757
synthetic_cloudtrail.csv:3112,fe:arn:aws:iam::473546908995:root,2024-04-21 19:01:37+00:00,0,0,0.1459445
synthetic_cloudtrail.csv:3113,fe:arn:aws:iam::473546908995:root,2024-04-21 19:09:18+00:00,0,0,0.12174556
synthetic_cloudtrail.csv:3114,fe:arn:aws:iam::473546908995:root,2024-04-21 19:17:23+00:00,0,0,0.12758167
synthetic_cloudtrail.csv:3115,fe:arn:aws:iam::473546908995:root,2024-04-21 19:21:53+00:00,0,0,0.1286291
synthetic_cloudtrail.csv:3116,fe:arn:aws:iam::473546908995:root,2024-04-21 19:29:55+00:00,0,0,0.12541254
synthetic_cloudtrail.csv:3117,fe:arn:aws:iam::473546908995:root,2024-04-21 19:37:05+00:00,0,0,0.12831509
synthetic_cloudtrail.csv:7536,fe:arn:aws:iam::535838349855:root,2024-10-01 13:08:36+00:00,0,0,0.15053861
synthetic_cloudtrail.csv:7537,fe:arn:aws:iam::535838349855:root,2024-10-01 13:10:23+00:00,0,0,0.113723435
synthetic_cloudtrail.csv:7538,fe:arn:aws:iam::535838349855:root,2024-10-01 13:19:34+00:00,0,0,0.13475585
synthetic_cloudtrail.csv:7539,fe:arn:aws:iam::535838349855:root,2024-10-01 13:22:38+00:00,0,0,0.12816958
synthetic_cloudtrail.csv:7540,fe:arn:aws:iam::535838349855:root,2024-10-01 13:28:43+00:00,0,0,0.1262778
synthetic_cloudtrail.csv:7541,fe:arn:aws:iam::535838349855:root,2024-10-01 13:38:15+00:00,0,0,0.1285167
synthetic_cloudtrail.csv:7542,fe:arn:aws:iam::535838349855:root,2024-10-01 13:42:17+00:00,0,0,0.12740162
synthetic_cloudtrail.csv:7543,fe:arn:aws:iam::535838349855:root,2024-10-01 13:47:22+00:00,0,0,0.12514223
synthetic_cloudtrail.csv:7920,fe:arn:aws:iam::570230524210:root,2024-10-13 16:01:21+00:00,0,0,0.14493193
synthetic_cloudtrail.csv:7921,fe:arn:aws:iam::570230524210:root,2024-10-13 16:03:44+00:00,0,0,0.1324327
synthetic_cloudtrail.csv:7922,fe:arn:aws:iam::570230524210:root,2024-10-13 16:12:33+00:00,0,0,0.12854336
synthetic_cloudtrail.csv:7923,fe:arn:aws:iam::570230524210:root,2024-10-13 16:19:02+00:00,0,0,0.12446077
synthetic_cloudtrail.csv:7924,fe:arn:aws:iam::570230524210:root,2024-10-13 16:23:56+00:00,0,0,0.13153696
synthetic_cloudtrail.csv:7925,fe:arn:aws:iam::570230524210:root,2024-10-13 16:31:43+00:00,0,0,0.12766631
synthetic_cloudtrail.csv:7926,fe:arn:aws:iam::570230524210:root,2024-10-13 16:40:57+00:00,0,0,0.12509558
synthetic_cloudtrail.csv:7927,fe:arn:aws:iam::570230524210:root,2024-10-13 16:47:40+00:00,0,0,0.12852637
synthetic_cloudtrail.csv:7928,fe:arn:aws:iam::570230524210:root,2024-10-13 16:53:45+00:00,0,0,0.125975
synthetic_cloudtrail.csv:9995,fe:arn:aws:iam::575090012423:root,2024-12-27 22:02:30+00:00,0,0,0.14275438
synthetic_cloudtrail.csv:9996,fe:arn:aws:iam::575090012423:root,2024-12-27 22:10:32+00:00,0,0,0.11921566
synthetic_cloudtrail.csv:9997,fe:arn:aws:iam::575090012423:root,2024-12-27 22:15:21+00:00,0,0,0.12871844
synthetic_cloudtrail.csv:9998,fe:arn:aws:iam::575090012423:root,2024-12-27 22:19:12+00:00,0,0,0.11069838
synthetic_cloudtrail.csv:9999,fe:arn:aws:iam::575090012423:root,2024-12-27 22:20:53+00:00,0,0,0.12531623
synthetic_cloudtrail.csv:10000,fe:arn:aws:iam::575090012423:root,2024-12-27 22:27:53+00:00,0,0,0.12734851
synthetic_cloudtrail.csv:10001,fe:arn:aws:iam::575090012423:root,2024-12-27 22:36:55+00:00,0,0,0.12650841
synthetic_cloudtrail.csv:8739,fe:arn:aws:iam::672147339683:root,2024-11-14 08:04:10+00:00,0,0,0.1476961
synthetic_cloudtrail.csv:8740,fe:arn:aws:iam::672147339683:root,2024-11-14 08:10:30+00:00,0,0,0.13035835
synthetic_cloudtrail.csv:8741,fe:arn:aws:iam::672147339683:root,2024-11-14 08:13:47+00:00,0,0,0.12723729
synthetic_cloudtrail.csv:8742,fe:arn:aws:iam::672147339683:root,2024-11-14 08:23:47+00:00,0,0,0.13060303
synthetic_cloudtrail.csv:8743,fe:arn:aws:iam::672147339683:root,2024-11-14 08:25:03+00:00,0,0,0.13634068
synthetic_cloudtrail.csv:8744,fe:arn:aws:iam::672147339683:root,2024-11-14 08:33:39+00:00,0,0,0.12969895
synthetic_cloudtrail.csv:8745,fe:arn:aws:iam::672147339683:root,2024-11-14 08:41:45+00:00,0,0,0.13353041
synthetic_cloudtrail.csv:3193,fe:arn:aws:iam::695235166449:root,2024-04-24 02:05:51+00:00,0,0,0.14932913
synthetic_cloudtrail.csv:3194,fe:arn:aws:iam::695235166449:root,2024-04-24 02:10:17+00:00,0,0,0.12797
synthetic_cloudtrail.csv:3195,fe:arn:aws:iam::695235166449:root,2024-04-24 02:18:31+00:00,0,0,0.1305613
synthetic_cloudtrail.csv:3196,fe:arn:aws:iam::695235166449:root,2024-04-24 02:23:42+00:00,0,0,0.12907773
synthetic_cloudtrail.csv:3197,fe:arn:aws:iam::695235166449:root,2024-04-24 02:30:42+00:00,0,0,0.13077836
synthetic_cloudtrail.csv:3198,fe:arn:aws:iam::695235166449:root,2024-04-24 02:32:33+00:00,0,0,0.13041669
synthetic_cloudtrail.csv:4555,fe:arn:aws:iam::793637035949:root,2024-06-06 09:04:00+00:00,0,0,0.15716685
synthetic_cloudtrail.csv:4556,fe:arn:aws:iam::793637035949:root,2024-06-06 09:05:06+00:00,0,0,0.11892689
synthetic_cloudtrail.csv:4557,fe:arn:aws:iam::793637035949:root,2024-06-06 09:11:54+00:00,0,0,0.14066827
synthetic_cloudtrail.csv:4558,fe:arn:aws:iam::793637035949:root,2024-06-06 09:16:07+00:00,0,0,0.13393416
synthetic_cloudtrail.csv:4559,fe:arn:aws:iam::793637035949:root,2024-06-06 09:17:40+00:00,0,0,0.12693684
synthetic_cloudtrail.csv:4560,fe:arn:aws:iam::793637035949:root,2024-06-06 09:19:58+00:00,0,0,0.12525806
synthetic_cloudtrail.csv:4561,fe:arn:aws:iam::793637035949:root,2024-06-06 09:29:38+00:00,0,0,0.13161045
synthetic_cloudtrail.csv:4562,fe:arn:aws:iam::793637035949:root,2024-06-06 09:33:49+00:00,0,0,0.13613336
synthetic_cloudtrail.csv:8845,fe:arn:aws:iam::847586634573:root,2024-11-17 00:03:52+00:00,0,0,0.14322501
synthetic_cloudtrail.csv:8846,fe:arn:aws:iam::847586634573:root,2024-11-17 00:09:31+00:00,0,0,0.12728402
synthetic_cloudtrail.csv:8847,fe:arn:aws:iam::847586634573:root,2024-11-17 00:15:52+00:00,0,0,0.1303002
synthetic_cloudtrail.csv:8848,fe:arn:aws:iam::847586634573:root,2024-11-17 00:20:58+00:00,0,0,0.12842992
synthetic_cloudtrail.csv:8849,fe:arn:aws:iam::847586634573:root,2024-11-17 00:29:59+00:00,0,0,0.12799193
synthetic_cloudtrail.csv:8850,fe:arn:aws:iam::847586634573:root,2024-11-17 00:31:41+00:00,0,0,0.13548371
synthetic_cloudtrail.csv:8851,fe:arn:aws:iam::847586634573:root,2024-11-17 00:41:12+00:00,0,0,0.13029046
synthetic_cloudtrail.csv:8852,fe:arn:aws:iam::847586634573:root,2024-11-17 00:42:53+00:00,0,0,0.1302778
synthetic_cloudtrail.csv:8853,fe:arn:aws:iam::847586634573:root,2024-11-17 00:50:45+00:00,0,0,0.12723687
synthetic_cloudtrail.csv:8854,fe:arn:aws:iam::847586634573:root,2024-11-17 00:57:18+00:00,0,0,0.1277311
synthetic_cloudtrail.csv:5073,fe:arn:aws:iam::863133007230:root,2024-06-25 20:07:41+00:00,0,0,0.13702708
synthetic_cloudtrail.csv:5074,fe:arn:aws:iam::863133007230:root,2024-06-25 20:15:26+00:00,0,0,0.119578846
synthetic_cloudtrail.csv:5075,fe:arn:aws:iam::863133007230:root,2024-06-25 20:23:39+00:00,0,0,0.12561205
synthetic_cloudtrail.csv:5076,fe:arn:aws:iam::863133007230:root,2024-06-25 20:30:37+00:00,0,0,0.12594156
synthetic_cloudtrail.csv:5077,fe:arn:aws:iam::863133007230:root,2024-06-25 20:36:55+00:00,0,0,0.121669784
synthetic_cloudtrail.csv:5078,fe:arn:aws:iam::863133007230:root,2024-06-25 20:39:23+00:00,0,0,0.1219312
synthetic_cloudtrail.csv:5079,fe:arn:aws:iam::863133007230:root,2024-06-25 20:47:14+00:00,0,0,0.122848034
synthetic_cloudtrail.csv:5080,fe:arn:aws:iam::863133007230:root,2024-06-25 20:48:41+00:00,0,0,0.12011913
synthetic_cloudtrail.csv:5081,fe:arn:aws:iam::863133007230:root,2024-06-25 20:50:46+00:00,0,0,0.123572335
synthetic_cloudtrail.csv:170,fe:arn:aws:iam::920823194082:root,2024-01-08 10:08:14+00:00,0,0,0.15840316
synthetic_cloudtrail.csv:171,fe:arn:aws:iam::920823194082:root,2024-01-08 10:14:54+00:00,0,0,0.13284408
synthetic_cloudtrail.csv:172,fe:arn:aws:iam::920823194082:root,2024-01-08 10:18:46+00:00,0,0,0.1390022
synthetic_cloudtrail.csv:173,fe:arn:aws:iam::920823194082:root,2024-01-08 10:20:24+00:00,0,0,0.13367951
synthetic_cloudtrail.csv:174,fe:arn:aws:iam::920823194082:root,2024-01-08 10:26:14+00:00,0,0,0.13117193
synthetic_cloudtrail.csv:175,fe:arn:aws:iam::920823194082:root,2024-01-08 10:33:11+00:00,0,0,0.13755456
synthetic_cloudtrail.csv:176,fe:arn:aws:iam::920823194082:root,2024-01-08 10:41:49+00:00,0,0,0.13600676
synthetic_cloudtrail.csv:1037,fe:arn:aws:iam::927719205847:root,2024-02-06 09:09:03+00:00,0,0,0.15313041
synthetic_cloudtrail.csv:1038,fe:arn:aws:iam::927719205847:root,2024-02-06 09:12:54+00:00,0,0,0.14394243
synthetic_cloudtrail.csv:1039,fe:arn:aws:iam::927719205847:root,2024-02-06 09:22:22+00:00,0,0,0.1362725
synthetic_cloudtrail.csv:1040,fe:arn:aws:iam::927719205847:root,2024-02-06 09:25:15+00:00,0,0,0.13590485
synthetic_cloudtrail.csv:1041,fe:arn:aws:iam::927719205847:root,2024-02-06 09:27:30+00:00,0,0,0.13244589
synthetic_cloudtrail.csv:1042,fe:arn:aws:iam::927719205847:root,2024-02-06 09:33:22+00:00,0,0,0.12824884
synthetic_cloudtrail.csv:2323,fe:arn:aws:iam::979597963790:root,2024-03-20 18:03:39+00:00,0,0,0.14163907
synthetic_cloudtrail.csv:2324,fe:arn:aws:iam::979597963790:root,2024-03-20 18:06:52+00:00,0,0,0.122043796
synthetic_cloudtrail.csv:2325,fe:arn:aws:iam::979597963790:root,2024-03-20 18:13:21+00:00,0,0,0.11866164
synthetic_cloudtrail.csv:2326,fe:arn:aws:iam::979597963790:root,2024-03-20 18:15:20+00:00,0,0,0.12385488
synthetic_cloudtrail.csv:2327,fe:arn:aws:iam::979597963790:root,2024-03-20 18:18:20+00:00,0,0,0.12393389
synthetic_cloudtrail.csv:2328,fe:arn:aws:iam::979597963790:root,2024-03-20 18:22:56+00:00,0,0,0.11656518
synthetic_cloudtrail.csv:2329,fe:arn:aws:iam::979597963790:root,2024-03-20 18:32:22+00:00,0,0,0.12466242
synthetic_cloudtrail.csv:2330,fe:arn:aws:iam::979597963790:root,2024-03-20 18:39:08+00:00,0,0,0.12777616
synthetic_cloudtrail.csv:704,fe:astltg,2024-01-22 10:01:41+00:00,0,0,0.13842185
synthetic_cloudtrail.csv:705,fe:astltg,2024-01-22 10:02:54+00:00,0,0,0.24386929
synthetic_cloudtrail.csv:706,fe:astltg,2024-01-22 10:04:04+00:00,0,0,0.13999632
synthetic_cloudtrail.csv:707,fe:astltg,2024-01-22 10:05:01+00:00,0,0,0.13327174
synthetic_cloudtrail.csv:708,fe:astltg,2024-01-22 10:06:33+00:00,0,0,0.12065551
synthetic_cloudtrail.csv:709,fe:astltg,2024-01-22 10:08:05+00:00,0,0,0.12839639
synthetic_cloudtrail.csv:710,fe:astltg,2024-01-22 10:09:17+00:00,0,0,0.11941484
synthetic_cloudtrail.csv:711,fe:astltg,2024-01-22 10:10:29+00:00,0,0,0.11529827
synthetic_cloudtrail.csv:712,fe:astltg,2024-01-22 10:11:04+00:00,0,0,0.14277224
synthetic_cloudtrail.csv:713,fe:astltg,2024-01-22 10:11:10+00:00,0,0,0.12478486
synthetic_cloudtrail.csv:714,fe:astltg,2024-01-22 10:11:58+00:00,0,0,0.12445911
synthetic_cloudtrail.csv:715,fe:astltg,2024-01-22 10:13:39+00:00,0,0,0.12632623
synthetic_cloudtrail.csv:4110,fe:aupxrs,2024-05-24 12:01:01+00:00,0,0,0.1336906
synthetic_cloudtrail.csv:4112,fe:aupxrs,2024-05-24 12:01:36+00:00,0,0,0.11750378
synthetic_cloudtrail.csv:4114,fe:aupxrs,2024-05-24 12:03:28+00:00,0,0,0.13483118
synthetic_cloudtrail.csv:4115,fe:aupxrs,2024-05-24 12:03:57+00:00,0,0,0.121703595
synthetic_cloudtrail.csv:4117,fe:aupxrs,2024-05-24 12:04:51+00:00,0,0,0.12742715
synthetic_cloudtrail.csv:4120,fe:aupxrs,2024-05-24 12:06:01+00:00,0,0,0.30184984
synthetic_cloudtrail.csv:4123,fe:aupxrs,2024-05-24 12:07:55+00:00,0,0,0.13811517
synthetic_cloudtrail.csv:4124,fe:aupxrs,2024-05-24 12:08:38+00:00,0,0,0.11933012
synthetic_cloudtrail.csv:4128,fe:aupxrs,2024-05-24 12:10:30+00:00,0,0,0.12349537
synthetic_cloudtrail.csv:4129,fe:aupxrs,2024-05-24 12:10:55+00:00,0,0,0.13626656
synthetic_cloudtrail.csv:4132,fe:aupxrs,2024-05-24 12:12:48+00:00,0,0,0.20563135
synthetic_cloudtrail.csv:4134,fe:aupxrs,2024-05-24 12:14:00+00:00,0,0,0.14250174
synthetic_cloudtrail.csv:4137,fe:aupxrs,2024-05-24 12:15:43+00:00,0,0,0.13259101
synthetic_cloudtrail.csv:4139,fe:aupxrs,2024-05-24 12:16:54+00:00,0,0,0.10681566
synthetic_cloudtrail.csv:4140,fe:aupxrs,2024-05-24 12:17:06+00:00,0,0,0.119513385
synthetic_cloudtrail.csv:4141,fe:aupxrs,2024-05-24 12:18:02+00:00,0,0,0.2213314
synthetic_cloudtrail.csv:4146,fe:aupxrs,2024-05-24 12:19:04+00:00,0,0,0.1177016
synthetic_cloudtrail.csv:4147,fe:aupxrs,2024-05-24 12:19:34+00:00,0,0,0.12114784
synthetic_cloudtrail.csv:4148,fe:aupxrs,2024-05-24 12:19:54+00:00,0,0,0.121841356
synthetic_cloudtrail.csv:1973,fe:avgpqlczo,2024-03-07 17:07:41+00:00,0,0,0.4457601
synthetic_cloudtrail.csv:1974,fe:avgpqlczo,2024-03-07 17:12:58+00:00,0,0,0.15206368
synthetic_cloudtrail.csv:1975,fe:avgpqlczo,2024-03-07 17:17:19+00:00,0,0,0.1344077
synthetic_cloudtrail.csv:1976,fe:avgpqlczo,2024-03-07 17:20:18+00:00,0,0,0.18942952
synthetic_cloudtrail.csv:8695,fe:avsq,2024-11-12 16:00:13+00:00,0,0,0.11276039
synthetic_cloudtrail.csv:8696,fe:avsq,2024-11-12 16:00:26+00:00,0,0,0.11448759
synthetic_cloudtrail.csv:8697,fe:avsq,2024-11-12 16:00:55+00:00,0,0,0.113540374
synthetic_cloudtrail.csv:8698,fe:avsq,2024-11-12 16:01:12+00:00,0,0,0.114483625
synthetic_cloudtrail.csv:8699,fe:avsq,2024-11-12 16:01:20+00:00,0,0,0.14843157
synthetic_cloudtrail.csv:8700,fe:avsq,2024-11-12 16:02:15+00:00,1,1,0.99438715
synthetic_cloudtrail.csv:8701,fe:avsq,2024-11-12 16:03:04+00:00,1,1,0.99573046
synthetic_cloudtrail.csv:8702,fe:avsq,2024-11-12 16:03:21+00:00,1,1,0.99463826
synthetic_cloudtrail.csv:8703,fe:avsq,2024-11-12 16:04:46+00:00,0,0,0.11744087
synthetic_cloudtrail.csv:8704,fe:avsq,2024-11-12 16:06:13+00:00,0,0,0.12783664
synthetic_cloudtrail.csv:8705,fe:avsq,2024-11-12 16:06:54+00:00,0,0,0.10053854
synthetic_cloudtrail.csv:8706,fe:avsq,2024-11-12 16:07:47+00:00,0,0,0.12119685
synthetic_cloudtrail.csv:8707,fe:avsq,2024-11-12 16:09:03+00:00,0,0,0.14491527
synthetic_cloudtrail.csv:6715,fe:awnndn,2024-09-01 10:01:01+00:00,0,0,0.14219707
synthetic_cloudtrail.csv:6716,fe:awnndn,2024-09-01 10:02:51+00:00,0,0,0.12807557
synthetic_cloudtrail.csv:6717,fe:awnndn,2024-09-01 10:03:16+00:00,0,0,0.13863382
synthetic_cloudtrail.csv:6718,fe:awnndn,2024-09-01 10:03:59+00:00,0,0,0.14873232
synthetic_cloudtrail.csv:6719,fe:awnndn,2024-09-01 10:04:21+00:00,0,0,0.1609655
synthetic_cloudtrail.csv:6720,fe:awnndn,2024-09-01 10:06:05+00:00,0,0,0.13365835
synthetic_cloudtrail.csv:6721,fe:awnndn,2024-09-01 10:07:10+00:00,0,0,0.13806175
synthetic_cloudtrail.csv:6722,fe:awnndn,2024-09-01 10:08:59+00:00,0,0,0.11870735
synthetic_cloudtrail.csv:6723,fe:awnndn,2024-09-01 10:10:08+00:00,0,0,0.12305904
synthetic_cloudtrail.csv:6724,fe:awnndn,2024-09-01 10:10:27+00:00,0,0,0.15582223
synthetic_cloudtrail.csv:6725,fe:awnndn,2024-09-01 10:10:37+00:00,0,0,0.151977
synthetic_cloudtrail.csv:6726,fe:awnndn,2024-09-01 10:12:18+00:00,0,0,0.114979096
synthetic_cloudtrail.csv:6727,fe:awnndn,2024-09-01 10:13:21+00:00,0,0,0.14931045
synthetic_cloudtrail.csv:6728,fe:awnndn,2024-09-01 10:14:45+00:00,0,0,0.14240955
synthetic_cloudtrail.csv:6729,fe:awnndn,2024-09-01 10:15:25+00:00,0,0,0.13018845
synthetic_cloudtrail.csv:6730,fe:awnndn,2024-09-01 10:16:02+00:00,0,0,0.12130874
synthetic_cloudtrail.csv:6731,fe:awnndn,2024-09-01 10:17:47+00:00,0,0,0.1251893
synthetic_cloudtrail.csv:6732,fe:awnndn,2024-09-01 10:18:27+00:00,0,0,0.12167766
synthetic_cloudtrail.csv:6733,fe:awnndn,2024-09-01 10:19:30+00:00,0,0,0.12938866
synthetic_cloudtrail.csv:6734,fe:awnndn,2024-09-01 10:19:56+00:00,0,0,0.14179403
synthetic_cloudtrail.csv:5292,fe:axan,2024-07-05 11:00:26+00:00,0,0,0.121125616
synthetic_cloudtrail.csv:5293,fe:axan,2024-07-05 11:00:49+00:00,0,0,0.12685353
synthetic_cloudtrail.csv:5294,fe:axan,2024-07-05 11:01:17+00:00,0,0,0.13831946
synthetic_cloudtrail.csv:5295,fe:axan,2024-07-05 11:01:37+00:00,0,0,0.12639272
synthetic_cloudtrail.csv:5296,fe:axan,2024-07-05 11:01:46+00:00,0,0,0.12429921
synthetic_cloudtrail.csv:5297,fe:axan,2024-07-05 11:01:55+00:00,0,0,0.1520235
synthetic_cloudtrail.csv:5298,fe:axan,2024-07-05 11:01:59+00:00,0,0,0.12618825
synthetic_cloudtrail.csv:5299,fe:axan,2024-07-05 11:02:37+00:00,1,1,0.99548596
synthetic_cloudtrail.csv:5300,fe:axan,2024-07-05 11:02:51+00:00,1,1,0.99637306
synthetic_cloudtrail.csv:5301,fe:axan,2024-07-05 11:03:32+00:00,1,1,0.99435717
synthetic_cloudtrail.csv:8283,fe:axbkc,2024-10-24 11:10:16+00:00,0,0,0.47462276
synthetic_cloudtrail.csv:8284,fe:axbkc,2024-10-24 11:24:50+00:00,0,0,0.17250022
synthetic_cloudtrail.csv:8285,fe:axbkc,2024-10-24 11:29:16+00:00,0,0,0.17642665
synthetic_cloudtrail.csv:8286,fe:axbkc,2024-10-24 11:34:18+00:00,0,0,0.16256715
synthetic_cloudtrail.csv:8287,fe:axbkc,2024-10-24 11:41:35+00:00,0,0,0.1598179
synthetic_cloudtrail.csv:8288,fe:axbkc,2024-10-24 11:46:20+00:00,0,0,0.18698184
synthetic_cloudtrail.csv:283,fe:axwk,2024-01-12 08:00:28+00:00,0,0,0.12675399
synthetic_cloudtrail.csv:284,fe:axwk,2024-01-12 08:00:40+00:00,0,0,0.12443717
synthetic_cloudtrail.csv:285,fe:axwk,2024-01-12 08:01:03+00:00,0,0,0.13788787
synthetic_cloudtrail.csv:286,fe:axwk,2024-01-12 08:01:23+00:00,0,0,0.1456525
synthetic_cloudtrail.csv:287,fe:axwk,2024-01-12 08:01:48+00:00,0,0,0.15097642
synthetic_cloudtrail.csv:288,fe:axwk,2024-01-12 08:01:55+00:00,1,1,0.9952792
synthetic_cloudtrail.csv:289,fe:axwk,2024-01-12 08:02:17+00:00,0,0,0.1464658
synthetic_cloudtrail.csv:290,fe:axwk,2024-01-12 08:03:38+00:00,0,0,0.45919117
synthetic_cloudtrail.csv:716,fe:azydxn,2024-01-22 15:01:48+00:00,0,0,0.14319155
synthetic_cloudtrail.csv:717,fe:azydxn,2024-01-22 15:02:47+00:00,0,0,0.13147876
synthetic_cloudtrail.csv:718,fe:azydxn,2024-01-22 15:03:51+00:00,0,0,0.12882955
synthetic_cloudtrail.csv:719,fe:azydxn,2024-01-22 15:04:54+00:00,0,0,0.106310084
synthetic_cloudtrail.csv:720,fe:azydxn,2024-01-22 15:06:38+00:00,0,0,0.11981305
synthetic_cloudtrail.csv:721,fe:azydxn,2024-01-22 15:07:07+00:00,0,0,0.11412582
synthetic_cloudtrail.csv:722,fe:azydxn,2024-01-22 15:08:41+00:00,0,0,0.1123298
synthetic_cloudtrail.csv:723,fe:azydxn,2024-01-22 15:08:47+00:00,1,0,0.4360413
synthetic_cloudtrail.csv:4466,fe:bccvvn,2024-06-04 09:00:48+00:00,0,0,0.12756976
synthetic_cloudtrail.csv:4467,fe:bccvvn,2024-06-04 09:02:08+00:00,0,0,0.12447723
synthetic_cloudtrail.csv:4468,fe:bccvvn,2024-06-04 09:02:24+00:00,0,0,0.12841083
synthetic_cloudtrail.csv:4469,fe:bccvvn,2024-06-04 09:02:57+00:00,0,0,0.14903171
synthetic_cloudtrail.csv:4470,fe:bccvvn,2024-06-04 09:04:51+00:00,0,0,0.114539474
synthetic_cloudtrail.csv:4471,fe:bccvvn,2024-06-04 09:05:52+00:00,0,0,0.14560147
synthetic_cloudtrail.csv:4472,fe:bccvvn,2024-06-04 09:07:45+00:00,0,0,0.10750207
synthetic_cloudtrail.csv:4473,fe:bccvvn,2024-06-04 09:08:57+00:00,0,0,0.1171794
synthetic_cloudtrail.csv:4474,fe:bccvvn,2024-06-04 09:10:37+00:00,0,0,0.11578505
synthetic_cloudtrail.csv:4475,fe:bccvvn,2024-06-04 09:11:40+00:00,0,0,0.11742595
synthetic_cloudtrail.csv:4476,fe:bccvvn,2024-06-04 09:13:16+00:00,0,0,0.14930509
synthetic_cloudtrail.csv:4477,fe:bccvvn,2024-06-04 09:14:11+00:00,0,0,0.14536
synthetic_cloudtrail.csv:4478,fe:bccvvn,2024-06-04 09:14:54+00:00,0,0,0.13710414
synthetic_cloudtrail.csv:4479,fe:bccvvn,2024-06-04 09:15:27+00:00,0,0,0.10867058
synthetic_cloudtrail.csv:4480,fe:bccvvn,2024-06-04 09:16:52+00:00,0,0,0.11435733
synthetic_cloudtrail.csv:4481,fe:bccvvn,2024-06-04 09:17:29+00:00,0,0,0.23276834
synthetic_cloudtrail.csv:4482,fe:bccvvn,2024-06-04 09:18:47+00:00,0,0,0.14932317
synthetic_cloudtrail.csv:4483,fe:bccvvn,2024-06-04 09:20:27+00:00,0,0,0.11404445
synthetic_cloudtrail.csv:4484,fe:bccvvn,2024-06-04 09:20:39+00:00,0,0,0.12857677
synthetic_cloudtrail.csv:1487,fe:bcwnbcvwiamu,2024-02-19 13:00:28+00:00,0,0,0.1368352
synthetic_cloudtrail.csv:1489,fe:bcwnbcvwiamu,2024-02-19 13:00:32+00:00,0,0,0.12547751
synthetic_cloudtrail.csv:1490,fe:bcwnbcvwiamu,2024-02-19 13:00:57+00:00,0,0,0.12661673
synthetic_cloudtrail.csv:1493,fe:bcwnbcvwiamu,2024-02-19 13:01:20+00:00,0,0,0.14175805
synthetic_cloudtrail.csv:1495,fe:bcwnbcvwiamu,2024-02-19 13:01:37+00:00,0,0,0.13314474
synthetic_cloudtrail.csv:1496,fe:bcwnbcvwiamu,2024-02-19 13:01:51+00:00,0,0,0.13685009
synthetic_cloudtrail.csv:1500,fe:bcwnbcvwiamu,2024-02-19 13:02:20+00:00,0,0,0.13234927
synthetic_cloudtrail.csv:1503,fe:bcwnbcvwiamu,2024-02-19 13:02:48+00:00,1,1,0.99371076
synthetic_cloudtrail.csv:1506,fe:bcwnbcvwiamu,2024-02-19 13:03:21+00:00,1,1,0.9917579
synthetic_cloudtrail.csv:6911,fe:bcyhsg,2024-09-06 10:00:50+00:00,0,0,0.115288235
synthetic_cloudtrail.csv:6912,fe:bcyhsg,2024-09-06 10:02:42+00:00,0,0,0.13785961
synthetic_cloudtrail.csv:6913,fe:bcyhsg,2024-09-06 10:03:31+00:00,0,0,0.1273854
synthetic_cloudtrail.csv:6914,fe:bcyhsg,2024-09-06 10:04:15+00:00,0,0,0.12628756
synthetic_cloudtrail.csv:6915,fe:bcyhsg,2024-09-06 10:06:13+00:00,0,0,0.12552205
synthetic_cloudtrail.csv:6916,fe:bcyhsg,2024-09-06 10:07:41+00:00,0,0,0.14203404
synthetic_cloudtrail.csv:6917,fe:bcyhsg,2024-09-06 10:08:54+00:00,0,0,0.1227349
synthetic_cloudtrail.csv:6918,fe:bcyhsg,2024-09-06 10:09:21+00:00,0,0,0.14910035
synthetic_cloudtrail.csv:6919,fe:bcyhsg,2024-09-06 10:11:05+00:00,0,0,0.110153064
synthetic_cloudtrail.csv:6920,fe:bcyhsg,2024-09-06 10:12:27+00:00,0,0,0.11449644
synthetic_cloudtrail.csv:6921,fe:bcyhsg,2024-09-06 10:13:30+00:00,0,0,0.11608622
synthetic_cloudtrail.csv:6922,fe:bcyhsg,2024-09-06 10:14:29+00:00,0,0,0.13216501
synthetic_cloudtrail.csv:6923,fe:bcyhsg,2024-09-06 10:14:44+00:00,0,0,0.12077391
synthetic_cloudtrail.csv:6924,fe:bcyhsg,2024-09-06 10:14:58+00:00,0,0,0.14279056
synthetic_cloudtrail.csv:6925,fe:bcyhsg,2024-09-06 10:16:38+00:00,0,0,0.10953937
synthetic_cloudtrail.csv:6926,fe:bcyhsg,2024-09-06 10:17:34+00:00,0,0,0.13357618
synthetic_cloudtrail.csv:6927,fe:bcyhsg,2024-09-06 10:18:24+00:00,0,0,0.15045352
synthetic_cloudtrail.csv:6928,fe:bcyhsg,2024-09-06 10:19:57+00:00,0,0,0.11637213
synthetic_cloudtrail.csv:6929,fe:bcyhsg,2024-09-06 10:20:16+00:00,0,0,0.11897585
synthetic_cloudtrail.csv:6930,fe:bcyhsg,2024-09-06 10:20:36+00:00,0,0,0.123365805
synthetic_cloudtrail.csv:6697,fe:bdmcfj,2024-09-01 09:01:11+00:00,0,0,0.11968603
synthetic_cloudtrail.csv:6698,fe:bdmcfj,2024-09-01 09:03:03+00:00,0,0,0.28023455
synthetic_cloudtrail.csv:6699,fe:bdmcfj,2024-09-01 09:03:54+00:00,0,0,0.13672115
synthetic_cloudtrail.csv:6700,fe:bdmcfj,2024-09-01 09:04:25+00:00,0,0,0.12253314
synthetic_cloudtrail.csv:6701,fe:bdmcfj,2024-09-01 09:04:45+00:00,0,0,0.13104017
synthetic_cloudtrail.csv:6702,fe:bdmcfj,2024-09-01 09:06:11+00:00,0,0,0.15945762
synthetic_cloudtrail.csv:6703,fe:bdmcfj,2024-09-01 09:06:32+00:00,0,0,0.1252309
synthetic_cloudtrail.csv:6704,fe:bdmcfj,2024-09-01 09:07:24+00:00,0,0,0.13160026
synthetic_cloudtrail.csv:6705,fe:bdmcfj,2024-09-01 09:09:04+00:00,0,0,0.11410376
synthetic_cloudtrail.csv:6706,fe:bdmcfj,2024-09-01 09:10:16+00:00,0,0,0.11999667
synthetic_cloudtrail.csv:6707,fe:bdmcfj,2024-09-01 09:11:27+00:00,0,0,0.122854725
synthetic_cloudtrail.csv:6708,fe:bdmcfj,2024-09-01 09:13:11+00:00,0,0,0.12395629
synthetic_cloudtrail.csv:6709,fe:bdmcfj,2024-09-01 09:14:11+00:00,0,0,0.11997533
synthetic_cloudtrail.csv:6710,fe:bdmcfj,2024-09-01 09:15:24+00:00,0,0,0.12418173
synthetic_cloudtrail.csv:6711,fe:bdmcfj,2024-09-01 09:16:50+00:00,0,0,0.14504793
synthetic_cloudtrail.csv:6712,fe:bdmcfj,2024-09-01 09:17:07+00:00,0,0,0.12354604
synthetic_cloudtrail.csv:6713,fe:bdmcfj,2024-09-01 09:17:27+00:00,0,0,0.123674825
synthetic_cloudtrail.csv:6714,fe:bdmcfj,2024-09-01 09:18:02+00:00,0,0,0.11716751
synthetic_cloudtrail.csv:4724,fe:beruceezopfh,2024-06-12 15:00:20+00:00,0,0,0.14661641
synthetic_cloudtrail.csv:4725,fe:beruceezopfh,2024-06-12 15:00:34+00:00,0,0,0.13314626
synthetic_cloudtrail.csv:4726,fe:beruceezopfh,2024-06-12 15:00:42+00:00,0,0,0.12495606
synthetic_cloudtrail.csv:4727,fe:beruceezopfh,2024-06-12 15:01:39+00:00,1,1,0.99268544
synthetic_cloudtrail.csv:4728,fe:beruceezopfh,2024-06-12 15:02:12+00:00,1,1,0.99310726
synthetic_cloudtrail.csv:4729,fe:beruceezopfh,2024-06-12 15:02:17+00:00,1,1,0.9936777
synthetic_cloudtrail.csv:4730,fe:beruceezopfh,2024-06-12 15:03:40+00:00,0,0,0.1177445
synthetic_cloudtrail.csv:4731,fe:beruceezopfh,2024-06-12 15:04:21+00:00,0,0,0.12542042
synthetic_cloudtrail.csv:4732,fe:beruceezopfh,2024-06-12 15:04:58+00:00,0,0,0.13622017
synthetic_cloudtrail.csv:7970,fe:bivumc,2024-10-16 09:01:19+00:00,0,0,0.11349397
synthetic_cloudtrail.csv:7971,fe:bivumc,2024-10-16 09:01:31+00:00,0,0,0.13053551
synthetic_cloudtrail.csv:7972,fe:bivumc,2024-10-16 09:03:25+00:00,0,0,0.12056578
synthetic_cloudtrail.csv:7973,fe:bivumc,2024-10-16 09:04:59+00:00,0,0,0.13348506
synthetic_cloudtrail.csv:7974,fe:bivumc,2024-10-16 09:06:40+00:00,0,0,0.12714785
synthetic_cloudtrail.csv:7975,fe:bivumc,2024-10-16 09:08:33+00:00,0,0,0.12232981
synthetic_cloudtrail.csv:7976,fe:bivumc,2024-10-16 09:08:48+00:00,0,0,0.1399545
synthetic_cloudtrail.csv:7977,fe:bivumc,2024-10-16 09:10:39+00:00,0,0,0.13754979
synthetic_cloudtrail.csv:8526,fe:bkgzjh,2024-11-05 16:01:41+00:00,0,0,0.11922625
synthetic_cloudtrail.csv:8527,fe:bkgzjh,2024-11-05 16:02:46+00:00,0,0,0.11981007
synthetic_cloudtrail.csv:8528,fe:bkgzjh,2024-11-05 16:03:15+00:00,0,0,0.13059317
synthetic_cloudtrail.csv:8529,fe:bkgzjh,2024-11-05 16:03:51+00:00,0,0,0.1262926
synthetic_cloudtrail.csv:8530,fe:bkgzjh,2024-11-05 16:05:41+00:00,0,0,0.1165347
synthetic_cloudtrail.csv:8531,fe:bkgzjh,2024-11-05 16:07:00+00:00,0,0,0.24417743
synthetic_cloudtrail.csv:8532,fe:bkgzjh,2024-11-05 16:07:39+00:00,0,0,0.12832692
synthetic_cloudtrail.csv:8533,fe:bkgzjh,2024-11-05 16:08:59+00:00,0,0,0.1279321
synthetic_cloudtrail.csv:8534,fe:bkgzjh,2024-11-05 16:10:50+00:00,0,0,0.13640447
synthetic_cloudtrail.csv:8535,fe:bkgzjh,2024-11-05 16:12:05+00:00,0,0,0.13499299
synthetic_cloudtrail.csv:8536,fe:bkgzjh,2024-11-05 16:12:19+00:00,0,0,0.18977195
synthetic_cloudtrail.csv:8537,fe:bkgzjh,2024-11-05 16:13:16+00:00,0,0,0.12102231
synthetic_cloudtrail.csv:8538,fe:bkgzjh,2024-11-05 16:13:34+00:00,0,0,0.13649596
synthetic_cloudtrail.csv:8539,fe:bkgzjh,2024-11-05 16:14:17+00:00,0,0,0.12662144
synthetic_cloudtrail.csv:1075,fe:blnolw,2024-02-06 18:00:30+00:00,0,0,0.13672253
synthetic_cloudtrail.csv:1076,fe:blnolw,2024-02-06 18:00:55+00:00,0,0,0.117866024
synthetic_cloudtrail.csv:1077,fe:blnolw,2024-02-06 18:01:40+00:00,0,0,0.1173856
synthetic_cloudtrail.csv:1078,fe:blnolw,2024-02-06 18:03:23+00:00,0,0,0.12774737
synthetic_cloudtrail.csv:1079,fe:blnolw,2024-02-06 18:04:11+00:00,0,0,0.102218166
synthetic_cloudtrail.csv:1080,fe:blnolw,2024-02-06 18:05:02+00:00,0,0,0.11790756
synthetic_cloudtrail.csv:1081,fe:blnolw,2024-02-06 18:06:13+00:00,0,0,0.11879926
synthetic_cloudtrail.csv:1082,fe:blnolw,2024-02-06 18:06:59+00:00,0,0,0.12070809
synthetic_cloudtrail.csv:1083,fe:blnolw,2024-02-06 18:07:49+00:00,0,0,0.26386705
synthetic_cloudtrail.csv:1084,fe:blnolw,2024-02-06 18:08:28+00:00,0,0,0.11679873
synthetic_cloudtrail.csv:1085,fe:blnolw,2024-02-06 18:09:56+00:00,0,0,0.13883331
synthetic_cloudtrail.csv:1086,fe:blnolw,2024-02-06 18:10:54+00:00,0,0,0.1293914
synthetic_cloudtrail.csv:1087,fe:blnolw,2024-02-06 18:11:34+00:00,0,0,0.0975485
synthetic_cloudtrail.csv:1088,fe:blnolw,2024-02-06 18:12:02+00:00,0,0,0.107939966
synthetic_cloudtrail.csv:1089,fe:blnolw,2024-02-06 18:13:06+00:00,0,0,0.11272431
synthetic_cloudtrail.csv:8311,fe:bmlkkj,2024-10-26 10:00:16+00:00,0,0,0.13841687
synthetic_cloudtrail.csv:8312,fe:bmlkkj,2024-10-26 10:00:25+00:00,0,0,0.13368388
synthetic_cloudtrail.csv:8313,fe:bmlkkj,2024-10-26 10:00:40+00:00,0,0,0.12351258
synthetic_cloudtrail.csv:8314,fe:bmlkkj,2024-10-26 10:01:00+00:00,0,0,0.11597681
synthetic_cloudtrail.csv:8315,fe:bmlkkj,2024-10-26 10:01:23+00:00,0,0,0.12272817
synthetic_cloudtrail.csv:8316,fe:bmlkkj,2024-10-26 10:01:40+00:00,0,0,0.14024216
synthetic_cloudtrail.csv:8317,fe:bmlkkj,2024-10-26 10:02:07+00:00,0,0,0.13073595
synthetic_cloudtrail.csv:8318,fe:bmlkkj,2024-10-26 10:02:24+00:00,0,0,0.12623306
synthetic_cloudtrail.csv:8319,fe:bmlkkj,2024-10-26 10:02:54+00:00,1,1,0.99602026
synthetic_cloudtrail.csv:8320,fe:bmlkkj,2024-10-26 10:03:50+00:00,1,1,0.9961118
synthetic_cloudtrail.csv:8321,fe:bmlkkj,2024-10-26 10:04:44+00:00,1,1,0.9957943
synthetic_cloudtrail.csv:8322,fe:bmlkkj,2024-10-26 10:05:04+00:00,0,0,0.11905814
synthetic_cloudtrail.csv:8323,fe:bmlkkj,2024-10-26 10:05:26+00:00,0,0,0.13745977
synthetic_cloudtrail.csv:8324,fe:bmlkkj,2024-10-26 10:05:58+00:00,0,0,0.11644739
synthetic_cloudtrail.csv:8325,fe:bmlkkj,2024-10-26 10:07:11+00:00,0,0,0.11835762
synthetic_cloudtrail.csv:8326,fe:bmlkkj,2024-10-26 10:07:26+00:00,0,0,0.12226962
synthetic_cloudtrail.csv:3089,fe:bnbykg,2024-04-21 12:01:12+00:00,0,0,0.14628564
synthetic_cloudtrail.csv:3090,fe:bnbykg,2024-04-21 12:02:14+00:00,0,0,0.12134993
synthetic_cloudtrail.csv:3091,fe:bnbykg,2024-04-21 12:02:44+00:00,0,0,0.13938959
synthetic_cloudtrail.csv:3092,fe:bnbykg,2024-04-21 12:03:46+00:00,0,0,0.14931908
synthetic_cloudtrail.csv:3093,fe:bnbykg,2024-04-21 12:04:39+00:00,0,0,0.11514185
synthetic_cloudtrail.csv:3094,fe:bnbykg,2024-04-21 12:05:47+00:00,0,0,0.120247625
synthetic_cloudtrail.csv:3095,fe:bnbykg,2024-04-21 12:07:04+00:00,0,0,0.11216573
synthetic_cloudtrail.csv:3096,fe:bnbykg,2024-04-21 12:07:25+00:00,0,0,0.14243837
synthetic_cloudtrail.csv:3097,fe:bnbykg,2024-04-21 12:08:17+00:00,0,0,0.115195066
synthetic_cloudtrail.csv:3098,fe:bnbykg,2024-04-21 12:09:48+00:00,0,0,0.118604995
synthetic_cloudtrail.csv:3099,fe:bnbykg,2024-04-21 12:10:38+00:00,0,0,0.12385153
synthetic_cloudtrail.csv:3100,fe:bnbykg,2024-04-21 12:12:09+00:00,0,0,0.116712615
synthetic_cloudtrail.csv:3101,fe:bnbykg,2024-04-21 12:13:35+00:00,0,0,0.11876775
synthetic_cloudtrail.csv:3102,fe:bnbykg,2024-04-21 12:14:14+00:00,0,0,0.17085004
synthetic_cloudtrail.csv:3103,fe:bnbykg,2024-04-21 12:15:37+00:00,0,0,0.15211387
synthetic_cloudtrail.csv:3253,fe:bnytkp,2024-04-26 13:00:39+00:00,0,0,0.12599786
synthetic_cloudtrail.csv:3254,fe:bnytkp,2024-04-26 13:02:29+00:00,0,0,0.12051869
synthetic_cloudtrail.csv:3255,fe:bnytkp,2024-04-26 13:03:43+00:00,0,0,0.11073062
synthetic_cloudtrail.csv:3256,fe:bnytkp,2024-04-26 13:04:32+00:00,0,0,0.12765864
synthetic_cloudtrail.csv:3257,fe:bnytkp,2024-04-26 13:05:12+00:00,0,0,0.22878198
synthetic_cloudtrail.csv:3258,fe:bnytkp,2024-04-26 13:06:56+00:00,0,0,0.123452224
synthetic_cloudtrail.csv:3259,fe:bnytkp,2024-04-26 13:07:44+00:00,0,0,0.10693974
synthetic_cloudtrail.csv:3260,fe:bnytkp,2024-04-26 13:09:36+00:00,0,0,0.12922777
synthetic_cloudtrail.csv:3261,fe:bnytkp,2024-04-26 13:11:10+00:00,0,0,0.10832493
synthetic_cloudtrail.csv:3262,fe:bnytkp,2024-04-26 13:12:43+00:00,0,0,0.119757175
synthetic_cloudtrail.csv:3263,fe:bnytkp,2024-04-26 13:14:00+00:00,0,0,0.12280967
synthetic_cloudtrail.csv:3264,fe:bnytkp,2024-04-26 13:16:00+00:00,0,0,0.12729082
synthetic_cloudtrail.csv:3265,fe:bnytkp,2024-04-26 13:16:47+00:00,0,0,0.12994719
synthetic_cloudtrail.csv:3266,fe:bnytkp,2024-04-26 13:16:59+00:00,0,0,0.14345782
synthetic_cloudtrail.csv:3267,fe:bnytkp,2024-04-26 13:18:04+00:00,0,0,0.14147851
synthetic_cloudtrail.csv:3268,fe:bnytkp,2024-04-26 13:20:01+00:00,0,0,0.22084309
synthetic_cloudtrail.csv:3269,fe:bnytkp,2024-04-26 13:21:58+00:00,0,0,0.15377735
synthetic_cloudtrail.csv:3270,fe:bnytkp,2024-04-26 13:23:45+00:00,0,0,0.13579512
synthetic_cloudtrail.csv:3271,fe:bnytkp,2024-04-26 13:24:33+00:00,1,0,0.28146172
synthetic_cloudtrail.csv:2598,fe:bpzqpv,2024-04-04 17:00:28+00:00,0,0,0.14239721
synthetic_cloudtrail.csv:2599,fe:bpzqpv,2024-04-04 17:01:11+00:00,0,0,0.1338511
synthetic_cloudtrail.csv:2600,fe:bpzqpv,2024-04-04 17:02:50+00:00,0,0,0.13757934
synthetic_cloudtrail.csv:2601,fe:bpzqpv,2024-04-04 17:04:43+00:00,0,0,0.14771554
synthetic_cloudtrail.csv:2602,fe:bpzqpv,2024-04-04 17:06:01+00:00,0,0,0.17148188
synthetic_cloudtrail.csv:2603,fe:bpzqpv,2024-04-04 17:06:41+00:00,0,0,0.12383432
synthetic_cloudtrail.csv:2604,fe:bpzqpv,2024-04-04 17:08:37+00:00,0,0,0.13177268
synthetic_cloudtrail.csv:2605,fe:bpzqpv,2024-04-04 17:09:28+00:00,0,0,0.15154693
synthetic_cloudtrail.csv:2606,fe:bpzqpv,2024-04-04 17:10:35+00:00,0,0,0.13106456
synthetic_cloudtrail.csv:2607,fe:bpzqpv,2024-04-04 17:10:48+00:00,0,0,0.12448908
synthetic_cloudtrail.csv:9973,fe:bqpyxw,2024-12-27 14:01:31+00:00,0,0,0.1258352
synthetic_cloudtrail.csv:9974,fe:bqpyxw,2024-12-27 14:03:01+00:00,0,0,0.25145063
synthetic_cloudtrail.csv:9975,fe:bqpyxw,2024-12-27 14:03:39+00:00,0,0,0.123920865
synthetic_cloudtrail.csv:9976,fe:bqpyxw,2024-12-27 14:04:36+00:00,0,0,0.12573922
synthetic_cloudtrail.csv:9977,fe:bqpyxw,2024-12-27 14:05:24+00:00,0,0,0.119730406
synthetic_cloudtrail.csv:9978,fe:bqpyxw,2024-12-27 14:07:11+00:00,0,0,0.12560438
synthetic_cloudtrail.csv:9979,fe:bqpyxw,2024-12-27 14:08:37+00:00,0,0,0.12360319
synthetic_cloudtrail.csv:9980,fe:bqpyxw,2024-12-27 14:09:13+00:00,0,0,0.118943155
synthetic_cloudtrail.csv:9981,fe:bqpyxw,2024-12-27 14:10:04+00:00,0,0,0.13273808
synthetic_cloudtrail.csv:9982,fe:bqpyxw,2024-12-27 14:11:17+00:00,0,0,0.11424842
synthetic_cloudtrail.csv:9983,fe:bqpyxw,2024-12-27 14:12:13+00:00,0,0,0.14434193
synthetic_cloudtrail.csv:6219,fe:brgzxl,2024-08-11 07:01:12+00:00,0,0,0.1337331
synthetic_cloudtrail.csv:6220,fe:brgzxl,2024-08-11 07:01:56+00:00,0,0,0.120904155
synthetic_cloudtrail.csv:6221,fe:brgzxl,2024-08-11 07:02:30+00:00,0,0,0.15208778
synthetic_cloudtrail.csv:6222,fe:brgzxl,2024-08-11 07:04:12+00:00,0,0,0.14307941
synthetic_cloudtrail.csv:6223,fe:brgzxl,2024-08-11 07:05:58+00:00,0,0,0.1417152
synthetic_cloudtrail.csv:6224,fe:brgzxl,2024-08-11 07:06:07+00:00,0,0,0.14656006
synthetic_cloudtrail.csv:6225,fe:brgzxl,2024-08-11 07:07:53+00:00,0,0,0.120692976
synthetic_cloudtrail.csv:6226,fe:brgzxl,2024-08-11 07:09:49+00:00,0,0,0.12394026
synthetic_cloudtrail.csv:6227,fe:brgzxl,2024-08-11 07:10:00+00:00,1,0,0.39606622
synthetic_cloudtrail.csv:6228,fe:brgzxl,2024-08-11 07:10:41+00:00,0,0,0.13456945
synthetic_cloudtrail.csv:6229,fe:brgzxl,2024-08-11 07:11:37+00:00,0,0,0.1315337
synthetic_cloudtrail.csv:6230,fe:brgzxl,2024-08-11 07:12:51+00:00,0,0,0.14991213
synthetic_cloudtrail.csv:6231,fe:brgzxl,2024-08-11 07:13:39+00:00,0,0,0.13348426
synthetic_cloudtrail.csv:6232,fe:brgzxl,2024-08-11 07:14:41+00:00,0,0,0.12879616
synthetic_cloudtrail.csv:6233,fe:brgzxl,2024-08-11 07:15:28+00:00,0,0,0.13703386
synthetic_cloudtrail.csv:6234,fe:brgzxl,2024-08-11 07:16:20+00:00,0,0,0.17738761
synthetic_cloudtrail.csv:6235,fe:brgzxl,2024-08-11 07:18:20+00:00,0,0,0.17237458
synthetic_cloudtrail.csv:6236,fe:brgzxl,2024-08-11 07:18:29+00:00,0,0,0.121243544
synthetic_cloudtrail.csv:6237,fe:brgzxl,2024-08-11 07:19:50+00:00,0,0,0.1504232
synthetic_cloudtrail.csv:3118,fe:brynhs,2024-04-22 09:01:46+00:00,0,0,0.10865485
synthetic_cloudtrail.csv:3119,fe:brynhs,2024-04-22 09:03:15+00:00,0,0,0.101353616
synthetic_cloudtrail.csv:3120,fe:brynhs,2024-04-22 09:05:02+00:00,0,0,0.13133831
synthetic_cloudtrail.csv:3121,fe:brynhs,2024-04-22 09:06:36+00:00,0,0,0.12231193
synthetic_cloudtrail.csv:3122,fe:brynhs,2024-04-22 09:08:20+00:00,0,0,0.10606636
synthetic_cloudtrail.csv:3123,fe:brynhs,2024-04-22 09:08:54+00:00,0,0,0.117882825
synthetic_cloudtrail.csv:3124,fe:brynhs,2024-04-22 09:10:32+00:00,0,0,0.1146976
synthetic_cloudtrail.csv:3125,fe:brynhs,2024-04-22 09:12:03+00:00,0,0,0.11632426
synthetic_cloudtrail.csv:9497,fe:bsdhmy,2024-12-09 09:01:47+00:00,0,0,0.12756608
synthetic_cloudtrail.csv:9498,fe:bsdhmy,2024-12-09 09:02:28+00:00,0,0,0.12295699
synthetic_cloudtrail.csv:9499,fe:bsdhmy,2024-12-09 09:02:47+00:00,0,0,0.12789705
synthetic_cloudtrail.csv:9500,fe:bsdhmy,2024-12-09 09:04:07+00:00,0,0,0.15816931
synthetic_cloudtrail.csv:9501,fe:bsdhmy,2024-12-09 09:04:33+00:00,0,0,0.1432885
synthetic_cloudtrail.csv:9502,fe:bsdhmy,2024-12-09 09:05:26+00:00,0,0,0.13388355
synthetic_cloudtrail.csv:9503,fe:bsdhmy,2024-12-09 09:07:15+00:00,0,0,0.16953537
synthetic_cloudtrail.csv:9504,fe:bsdhmy,2024-12-09 09:08:32+00:00,0,0,0.11150416
synthetic_cloudtrail.csv:9505,fe:bsdhmy,2024-12-09 09:09:47+00:00,0,0,0.114592984
synthetic_cloudtrail.csv:9506,fe:bsdhmy,2024-12-09 09:10:54+00:00,0,0,0.117348686
synthetic_cloudtrail.csv:9507,fe:bsdhmy,2024-12-09 09:12:15+00:00,0,0,0.1499921
synthetic_cloudtrail.csv:9508,fe:bsdhmy,2024-12-09 09:13:08+00:00,0,0,0.13715991
synthetic_cloudtrail.csv:9509,fe:bsdhmy,2024-12-09 09:13:38+00:00,0,0,0.12361228
synthetic_cloudtrail.csv:9510,fe:bsdhmy,2024-12-09 09:14:05+00:00,0,0,0.11061603
synthetic_cloudtrail.csv:9511,fe:bsdhmy,2024-12-09 09:14:44+00:00,0,0,0.11156216
synthetic_cloudtrail.csv:9512,fe:bsdhmy,2024-12-09 09:16:30+00:00,0,0,0.11670443
synthetic_cloudtrail.csv:5335,fe:bsfxsfhtrkiu,2024-07-06 12:00:30+00:00,0,0,0.12790482
synthetic_cloudtrail.csv:5336,fe:bsfxsfhtrkiu,2024-07-06 12:00:37+00:00,0,0,0.1367669
synthetic_cloudtrail.csv:5337,fe:bsfxsfhtrkiu,2024-07-06 12:00:54+00:00,0,0,0.12146672
synthetic_cloudtrail.csv:5338,fe:bsfxsfhtrkiu,2024-07-06 12:01:01+00:00,0,0,0.13309953
synthetic_cloudtrail.csv:5339,fe:bsfxsfhtrkiu,2024-07-06 12:01:56+00:00,1,1,0.9946814
synthetic_cloudtrail.csv:5340,fe:bsfxsfhtrkiu,2024-07-06 12:02:21+00:00,1,1,0.9943773
synthetic_cloudtrail.csv:5341,fe:bsfxsfhtrkiu,2024-07-06 12:02:44+00:00,0,0,0.11243505
synthetic_cloudtrail.csv:5342,fe:bsfxsfhtrkiu,2024-07-06 12:03:18+00:00,0,0,0.13683069
synthetic_cloudtrail.csv:5343,fe:bsfxsfhtrkiu,2024-07-06 12:03:28+00:00,0,0,0.13166809
synthetic_cloudtrail.csv:5344,fe:bsfxsfhtrkiu,2024-07-06 12:04:13+00:00,0,0,0.12267066
synthetic_cloudtrail.csv:8423,fe:bueoldtbh,2024-11-01 18:00:13+00:00,0,0,0.12131604
synthetic_cloudtrail.csv:8424,fe:bueoldtbh,2024-11-01 18:00:32+00:00,0,0,0.12370783
synthetic_cloudtrail.csv:8425,fe:bueoldtbh,2024-11-01 18:00:39+00:00,0,0,0.1569898
synthetic_cloudtrail.csv:8426,fe:bueoldtbh,2024-11-01 18:00:48+00:00,0,0,0.12825136
synthetic_cloudtrail.csv:8427,fe:bueoldtbh,2024-11-01 18:01:30+00:00,1,1,0.99443287
synthetic_cloudtrail.csv:8428,fe:bueoldtbh,2024-11-01 18:01:38+00:00,1,1,0.9945734
synthetic_cloudtrail.csv:8429,fe:bueoldtbh,2024-11-01 18:02:44+00:00,0,0,0.13844977
synthetic_cloudtrail.csv:8430,fe:bueoldtbh,2024-11-01 18:03:52+00:00,0,0,0.12916313
synthetic_cloudtrail.csv:8431,fe:bueoldtbh,2024-11-01 18:04:16+00:00,0,0,0.13698353
synthetic_cloudtrail.csv:8432,fe:bueoldtbh,2024-11-01 18:05:18+00:00,0,0,0.11513817
synthetic_cloudtrail.csv:7413,fe:bxpkntcf,2024-09-23 10:00:18+00:00,0,0,0.11627669
synthetic_cloudtrail.csv:7414,fe:bxpkntcf,2024-09-23 10:00:46+00:00,0,0,0.11328502
synthetic_cloudtrail.csv:7415,fe:bxpkntcf,2024-09-23 10:00:53+00:00,0,0,0.12681699
synthetic_cloudtrail.csv:7416,fe:bxpkntcf,2024-09-23 10:00:56+00:00,0,0,0.12045894
synthetic_cloudtrail.csv:7417,fe:bxpkntcf,2024-09-23 10:01:26+00:00,0,0,0.11609754
synthetic_cloudtrail.csv:7418,fe:bxpkntcf,2024-09-23 10:02:19+00:00,1,1,0.99474347
synthetic_cloudtrail.csv:7419,fe:bxpkntcf,2024-09-23 10:02:24+00:00,1,1,0.99603254
synthetic_cloudtrail.csv:7420,fe:bxpkntcf,2024-09-23 10:02:36+00:00,0,0,0.14245515
synthetic_cloudtrail.csv:7421,fe:bxpkntcf,2024-09-23 10:03:49+00:00,1,0,0.28450507
synthetic_cloudtrail.csv:7422,fe:bxpkntcf,2024-09-23 10:04:14+00:00,0,0,0.12360521
synthetic_cloudtrail.csv:2812,fe:bzajhi,2024-04-11 10:01:00+00:00,0,0,0.13723812
synthetic_cloudtrail.csv:2813,fe:bzajhi,2024-04-11 10:01:46+00:00,0,0,0.12205219
synthetic_cloudtrail.csv:2814,fe:bzajhi,2024-04-11 10:03:09+00:00,0,0,0.121770754
synthetic_cloudtrail.csv:2815,fe:bzajhi,2024-04-11 10:04:29+00:00,0,0,0.14243343
synthetic_cloudtrail.csv:2816,fe:bzajhi,2024-04-11 10:04:34+00:00,0,0,0.13581002
synthetic_cloudtrail.csv:2817,fe:bzajhi,2024-04-11 10:06:29+00:00,0,0,0.12244124
synthetic_cloudtrail.csv:2818,fe:bzajhi,2024-04-11 10:06:36+00:00,0,0,0.12826297
synthetic_cloudtrail.csv:2819,fe:bzajhi,2024-04-11 10:07:35+00:00,0,0,0.1240747
synthetic_cloudtrail.csv:2820,fe:bzajhi,2024-04-11 10:08:23+00:00,0,0,0.14291799
synthetic_cloudtrail.csv:2821,fe:bzajhi,2024-04-11 10:08:39+00:00,0,0,0.107678376
synthetic_cloudtrail.csv:8559,fe:cacizo,2024-11-07 19:00:30+00:00,0,0,0.119061686
synthetic_cloudtrail.csv:8562,fe:cacizo,2024-11-07 19:01:47+00:00,0,0,0.11906444
synthetic_cloudtrail.csv:8564,fe:cacizo,2024-11-07 19:03:29+00:00,0,0,0.11157371
synthetic_cloudtrail.csv:8567,fe:cacizo,2024-11-07 19:05:22+00:00,0,0,0.12936106
synthetic_cloudtrail.csv:8569,fe:cacizo,2024-11-07 19:07:11+00:00,0,0,0.10159804
synthetic_cloudtrail.csv:8570,fe:cacizo,2024-11-07 19:07:58+00:00,0,0,0.124209255
synthetic_cloudtrail.csv:8572,fe:cacizo,2024-11-07 19:08:48+00:00,0,0,0.10473395
synthetic_cloudtrail.csv:8574,fe:cacizo,2024-11-07 19:10:28+00:00,0,0,0.10820291
synthetic_cloudtrail.csv:8576,fe:cacizo,2024-11-07 19:11:53+00:00,0,0,0.11876699
synthetic_cloudtrail.csv:8578,fe:cacizo,2024-11-07 19:12:45+00:00,0,0,0.10766275
synthetic_cloudtrail.csv:8580,fe:cacizo,2024-11-07 19:13:15+00:00,0,0,0.11406214
synthetic_cloudtrail.csv:8581,fe:cacizo,2024-11-07 19:14:40+00:00,0,0,0.11267078
synthetic_cloudtrail.csv:6308,fe:cdetfytpqgfo,2024-08-12 14:00:12+00:00,0,0,0.13808142
synthetic_cloudtrail.csv:6309,fe:cdetfytpqgfo,2024-08-12 14:00:19+00:00,0,0,0.1267489
synthetic_cloudtrail.csv:6310,fe:cdetfytpqgfo,2024-08-12 14:00:34+00:00,0,0,0.14824194
synthetic_cloudtrail.csv:6311,fe:cdetfytpqgfo,2024-08-12 14:00:59+00:00,0,0,0.15183774
synthetic_cloudtrail.csv:6312,fe:cdetfytpqgfo,2024-08-12 14:01:20+00:00,0,0,0.12962812
synthetic_cloudtrail.csv:6313,fe:cdetfytpqgfo,2024-08-12 14:01:45+00:00,0,0,0.122320235
synthetic_cloudtrail.csv:6314,fe:cdetfytpqgfo,2024-08-12 14:01:54+00:00,0,0,0.14013577
synthetic_cloudtrail.csv:6315,fe:cdetfytpqgfo,2024-08-12 14:02:01+00:00,1,1,0.9958412
synthetic_cloudtrail.csv:6316,fe:cdetfytpqgfo,2024-08-12 14:02:29+00:00,1,1,0.9952303
synthetic_cloudtrail.csv:6317,fe:cdetfytpqgfo,2024-08-12 14:02:57+00:00,0,0,0.14116843
synthetic_cloudtrail.csv:6318,fe:cdetfytpqgfo,2024-08-12 14:04:23+00:00,0,0,0.1697236
synthetic_cloudtrail.csv:6319,fe:cdetfytpqgfo,2024-08-12 14:05:30+00:00,0,0,0.15180904
synthetic_cloudtrail.csv:6320,fe:cdetfytpqgfo,2024-08-12 14:05:45+00:00,0,0,0.1359723
synthetic_cloudtrail.csv:6321,fe:cdetfytpqgfo,2024-08-12 14:05:59+00:00,0,0,0.17998768
synthetic_cloudtrail.csv:32,fe:cedivo,2024-01-03 07:00:41+00:00,0,0,0.9012957
synthetic_cloudtrail.csv:33,fe:cedivo,2024-01-03 07:01:05+00:00,0,0,0.1538935
synthetic_cloudtrail.csv:34,fe:cedivo,2024-01-03 07:02:09+00:00,0,0,0.118277185
synthetic_cloudtrail.csv:35,fe:cedivo,2024-01-03 07:03:48+00:00,0,0,0.13313574
synthetic_cloudtrail.csv:36,fe:cedivo,2024-01-03 07:05:22+00:00,0,0,0.12440029
synthetic_cloudtrail.csv:37,fe:cedivo,2024-01-03 07:06:11+00:00,0,0,0.13630277
synthetic_cloudtrail.csv:38,fe:cedivo,2024-01-03 07:07:03+00:00,0,0,0.13914329
synthetic_cloudtrail.csv:39,fe:cedivo,2024-01-03 07:07:09+00:00,0,0,0.12771435
synthetic_cloudtrail.csv:40,fe:cedivo,2024-01-03 07:08:49+00:00,0,0,0.15519987
synthetic_cloudtrail.csv:41,fe:cedivo,2024-01-03 07:10:30+00:00,0,0,0.124355085
synthetic_cloudtrail.csv:42,fe:cedivo,2024-01-03 07:11:00+00:00,0,0,0.13063583
synthetic_cloudtrail.csv:43,fe:cedivo,2024-01-03 07:11:17+00:00,0,0,0.11227281
synthetic_cloudtrail.csv:44,fe:cedivo,2024-01-03 07:12:19+00:00,0,0,0.11872104
synthetic_cloudtrail.csv:45,fe:cedivo,2024-01-03 07:13:49+00:00,0,0,0.12820464
synthetic_cloudtrail.csv:46,fe:cedivo,2024-01-03 07:14:35+00:00,0,0,0.12752208
synthetic_cloudtrail.csv:47,fe:cedivo,2024-01-03 07:16:20+00:00,0,0,0.15269637
synthetic_cloudtrail.csv:48,fe:cedivo,2024-01-03 07:16:38+00:00,0,0,0.14140603
synthetic_cloudtrail.csv:49,fe:cedivo,2024-01-03 07:18:23+00:00,0,0,0.11344159
synthetic_cloudtrail.csv:50,fe:cedivo,2024-01-03 07:18:39+00:00,0,0,0.114234954
synthetic_cloudtrail.csv:6963,fe:cejlwb,2024-09-07 18:01:33+00:00,0,0,0.1158879
synthetic_cloudtrail.csv:6964,fe:cejlwb,2024-09-07 18:02:28+00:00,0,0,0.14083488
synthetic_cloudtrail.csv:6965,fe:cejlwb,2024-09-07 18:03:08+00:00,0,0,0.110929385
synthetic_cloudtrail.csv:6966,fe:cejlwb,2024-09-07 18:04:31+00:00,0,0,0.11987836
synthetic_cloudtrail.csv:6967,fe:cejlwb,2024-09-07 18:05:08+00:00,0,0,0.15045111
synthetic_cloudtrail.csv:6968,fe:cejlwb,2024-09-07 18:05:25+00:00,0,0,0.12583195
synthetic_cloudtrail.csv:6969,fe:cejlwb,2024-09-07 18:06:10+00:00,0,0,0.11970215
synthetic_cloudtrail.csv:6970,fe:cejlwb,2024-09-07 18:06:17+00:00,0,0,0.13323863
synthetic_cloudtrail.csv:6971,fe:cejlwb,2024-09-07 18:07:30+00:00,0,0,0.112948045
synthetic_cloudtrail.csv:6972,fe:cejlwb,2024-09-07 18:07:57+00:00,0,0,0.12611495
synthetic_cloudtrail.csv:6973,fe:cejlwb,2024-09-07 18:08:50+00:00,0,0,0.109346956
synthetic_cloudtrail.csv:6974,fe:cejlwb,2024-09-07 18:09:10+00:00,0,0,0.10563007
synthetic_cloudtrail.csv:6975,fe:cejlwb,2024-09-07 18:09:18+00:00,0,0,0.20938835
synthetic_cloudtrail.csv:6976,fe:cejlwb,2024-09-07 18:10:56+00:00,0,0,0.105599
synthetic_cloudtrail.csv:6977,fe:cejlwb,2024-09-07 18:12:09+00:00,0,0,0.10858809
synthetic_cloudtrail.csv:6978,fe:cejlwb,2024-09-07 18:13:29+00:00,0,0,0.11134586
synthetic_cloudtrail.csv:6979,fe:cejlwb,2024-09-07 18:15:18+00:00,0,0,0.11428076
synthetic_cloudtrail.csv:6430,fe:cevvoi,2024-08-20 13:00:10+00:00,0,0,0.11798268
synthetic_cloudtrail.csv:6431,fe:cevvoi,2024-08-20 13:00:18+00:00,0,0,0.117753915
synthetic_cloudtrail.csv:6432,fe:cevvoi,2024-08-20 13:00:21+00:00,0,0,0.12835869
synthetic_cloudtrail.csv:6433,fe:cevvoi,2024-08-20 13:00:37+00:00,0,0,0.13281292
synthetic_cloudtrail.csv:6435,fe:cevvoi,2024-08-20 13:00:53+00:00,0,0,0.12923409
synthetic_cloudtrail.csv:6437,fe:cevvoi,2024-08-20 13:01:17+00:00,0,0,0.124665976
synthetic_cloudtrail.csv:6438,fe:cevvoi,2024-08-20 13:01:49+00:00,1,1,0.99399537
synthetic_cloudtrail.csv:6440,fe:cevvoi,2024-08-20 13:02:42+00:00,1,1,0.99267465
synthetic_cloudtrail.csv:4563,fe:cfiwzz,2024-06-06 13:01:02+00:00,0,0,0.12893674
synthetic_cloudtrail.csv:4564,fe:cfiwzz,2024-06-06 13:02:48+00:00,0,0,0.116050996
synthetic_cloudtrail.csv:4565,fe:cfiwzz,2024-06-06 13:03:14+00:00,0,0,0.11017262
synthetic_cloudtrail.csv:4566,fe:cfiwzz,2024-06-06 13:04:03+00:00,0,0,0.11802242
synthetic_cloudtrail.csv:4567,fe:cfiwzz,2024-06-06 13:04:34+00:00,0,0,0.13120602
synthetic_cloudtrail.csv:4568,fe:cfiwzz,2024-06-06 13:06:07+00:00,1,0,0.6037391
synthetic_cloudtrail.csv:4569,fe:cfiwzz,2024-06-06 13:08:07+00:00,0,0,0.16031955
synthetic_cloudtrail.csv:4570,fe:cfiwzz,2024-06-06 13:08:54+00:00,0,0,0.13007331
synthetic_cloudtrail.csv:4571,fe:cfiwzz,2024-06-06 13:09:14+00:00,0,0,0.1267105
synthetic_cloudtrail.csv:4572,fe:cfiwzz,2024-06-06 13:09:50+00:00,0,0,0.13233435
synthetic_cloudtrail.csv:4573,fe:cfiwzz,2024-06-06 13:10:57+00:00,0,0,0.121741444
synthetic_cloudtrail.csv:4574,fe:cfiwzz,2024-06-06 13:12:36+00:00,0,0,0.1173717
synthetic_cloudtrail.csv:4575,fe:cfiwzz,2024-06-06 13:13:11+00:00,0,0,0.12822619
synthetic_cloudtrail.csv:4576,fe:cfiwzz,2024-06-06 13:14:49+00:00,0,0,0.16276938
synthetic_cloudtrail.csv:1002,fe:cfzwiw,2024-02-05 18:01:22+00:00,0,0,0.12531047
synthetic_cloudtrail.csv:1003,fe:cfzwiw,2024-02-05 18:01:43+00:00,0,0,0.11096411
synthetic_cloudtrail.csv:1004,fe:cfzwiw,2024-02-05 18:03:01+00:00,0,0,0.1119361
synthetic_cloudtrail.csv:1005,fe:cfzwiw,2024-02-05 18:04:46+00:00,0,0,0.15302032
synthetic_cloudtrail.csv:1006,fe:cfzwiw,2024-02-05 18:05:59+00:00,0,0,0.1182494
synthetic_cloudtrail.csv:1007,fe:cfzwiw,2024-02-05 18:06:23+00:00,0,0,0.11162189
synthetic_cloudtrail.csv:1008,fe:cfzwiw,2024-02-05 18:06:48+00:00,0,0,0.119050406
synthetic_cloudtrail.csv:1009,fe:cfzwiw,2024-02-05 18:08:16+00:00,0,0,0.12526958
synthetic_cloudtrail.csv:1010,fe:cfzwiw,2024-02-05 18:09:38+00:00,0,0,0.11859348
synthetic_cloudtrail.csv:1011,fe:cfzwiw,2024-02-05 18:10:15+00:00,0,0,0.11919375
synthetic_cloudtrail.csv:1012,fe:cfzwiw,2024-02-05 18:10:41+00:00,0,0,0.118124865
synthetic_cloudtrail.csv:1013,fe:cfzwiw,2024-02-05 18:11:02+00:00,0,0,0.11886035
synthetic_cloudtrail.csv:1014,fe:cfzwiw,2024-02-05 18:11:39+00:00,0,0,0.098832436
synthetic_cloudtrail.csv:1015,fe:cfzwiw,2024-02-05 18:13:31+00:00,0,0,0.10320881
synthetic_cloudtrail.csv:9894,fe:cilrpb,2024-12-20 19:00:42+00:00,0,0,0.11297151
synthetic_cloudtrail.csv:9895,fe:cilrpb,2024-12-20 19:02:15+00:00,0,0,0.12797548
synthetic_cloudtrail.csv:9896,fe:cilrpb,2024-12-20 19:03:14+00:00,0,0,0.11942246
synthetic_cloudtrail.csv:9897,fe:cilrpb,2024-12-20 19:03:47+00:00,0,0,0.123054884
synthetic_cloudtrail.csv:9898,fe:cilrpb,2024-12-20 19:04:02+00:00,0,0,0.13345791
synthetic_cloudtrail.csv:9899,fe:cilrpb,2024-12-20 19:04:14+00:00,0,0,0.116176926
synthetic_cloudtrail.csv:9900,fe:cilrpb,2024-12-20 19:04:23+00:00,0,0,0.12959385
synthetic_cloudtrail.csv:9901,fe:cilrpb,2024-12-20 19:05:03+00:00,0,0,0.12616518
synthetic_cloudtrail.csv:9902,fe:cilrpb,2024-12-20 19:05:44+00:00,0,0,0.10587233
synthetic_cloudtrail.csv:9903,fe:cilrpb,2024-12-20 19:07:16+00:00,0,0,0.10648737
synthetic_cloudtrail.csv:9904,fe:cilrpb,2024-12-20 19:08:01+00:00,0,0,0.11122359
synthetic_cloudtrail.csv:9905,fe:cilrpb,2024-12-20 19:09:07+00:00,0,0,0.107900865
synthetic_cloudtrail.csv:9906,fe:cilrpb,2024-12-20 19:10:17+00:00,0,0,0.11425456
synthetic_cloudtrail.csv:2950,fe:ciqezi,2024-04-13 15:00:49+00:00,0,0,0.12365656
synthetic_cloudtrail.csv:2951,fe:ciqezi,2024-04-13 15:02:22+00:00,0,0,0.11266332
synthetic_cloudtrail.csv:2952,fe:ciqezi,2024-04-13 15:02:55+00:00,0,0,0.14383738
synthetic_cloudtrail.csv:2953,fe:ciqezi,2024-04-13 15:03:50+00:00,0,0,0.1201118
synthetic_cloudtrail.csv:2954,fe:ciqezi,2024-04-13 15:05:30+00:00,0,0,0.12534972
synthetic_cloudtrail.csv:2955,fe:ciqezi,2024-04-13 15:06:52+00:00,0,0,0.13056806
synthetic_cloudtrail.csv:2956,fe:ciqezi,2024-04-13 15:08:01+00:00,0,0,0.12951727
synthetic_cloudtrail.csv:2957,fe:ciqezi,2024-04-13 15:08:37+00:00,0,0,0.119156145
synthetic_cloudtrail.csv:2958,fe:ciqezi,2024-04-13 15:09:34+00:00,0,0,0.116628595
synthetic_cloudtrail.csv:5153,fe:ciulbm,2024-07-02 14:01:45+00:00,0,0,0.13227676
synthetic_cloudtrail.csv:5154,fe:ciulbm,2024-07-02 14:01:57+00:00,0,0,0.105899945
synthetic_cloudtrail.csv:5155,fe:ciulbm,2024-07-02 14:02:42+00:00,0,0,0.12518084
synthetic_cloudtrail.csv:5156,fe:ciulbm,2024-07-02 14:03:14+00:00,0,0,0.12382307
synthetic_cloudtrail.csv:5157,fe:ciulbm,2024-07-02 14:03:58+00:00,0,0,0.11707773
synthetic_cloudtrail.csv:5158,fe:ciulbm,2024-07-02 14:04:27+00:00,0,0,0.121768154
synthetic_cloudtrail.csv:5159,fe:ciulbm,2024-07-02 14:06:11+00:00,0,0,0.12573999
synthetic_cloudtrail.csv:5160,fe:ciulbm,2024-07-02 14:07:08+00:00,0,0,0.12504263
synthetic_cloudtrail.csv:2196,fe:ckfbeb,2024-03-17 08:01:19+00:00,0,0,0.12926047
synthetic_cloudtrail.csv:2197,fe:ckfbeb,2024-03-17 08:02:36+00:00,0,0,0.12644356
synthetic_cloudtrail.csv:2198,fe:ckfbeb,2024-03-17 08:03:35+00:00,0,0,0.1240989
synthetic_cloudtrail.csv:2199,fe:ckfbeb,2024-03-17 08:05:09+00:00,0,0,0.13294376
synthetic_cloudtrail.csv:2200,fe:ckfbeb,2024-03-17 08:06:47+00:00,0,0,0.12074796
synthetic_cloudtrail.csv:2201,fe:ckfbeb,2024-03-17 08:08:28+00:00,0,0,0.12761766
synthetic_cloudtrail.csv:2202,fe:ckfbeb,2024-03-17 08:09:20+00:00,0,0,0.12942189
synthetic_cloudtrail.csv:2203,fe:ckfbeb,2024-03-17 08:09:35+00:00,0,0,0.15913765
synthetic_cloudtrail.csv:2204,fe:ckfbeb,2024-03-17 08:11:33+00:00,0,0,0.14124
synthetic_cloudtrail.csv:2205,fe:ckfbeb,2024-03-17 08:12:22+00:00,0,0,0.11774683
synthetic_cloudtrail.csv:2206,fe:ckfbeb,2024-03-17 08:13:46+00:00,0,0,0.119042866
synthetic_cloudtrail.csv:2207,fe:ckfbeb,2024-03-17 08:14:12+00:00,0,0,0.13024409
synthetic_cloudtrail.csv:4425,fe:ckyzad,2024-06-03 15:01:43+00:00,0,0,0.13638519
synthetic_cloudtrail.csv:4426,fe:ckyzad,2024-06-03 15:02:14+00:00,0,0,0.10678877
synthetic_cloudtrail.csv:4427,fe:ckyzad,2024-06-03 15:02:58+00:00,0,0,0.112004854
synthetic_cloudtrail.csv:4428,fe:ckyzad,2024-06-03 15:04:01+00:00,0,0,0.110588685
synthetic_cloudtrail.csv:4429,fe:ckyzad,2024-06-03 15:05:53+00:00,0,0,0.11276175
synthetic_cloudtrail.csv:4430,fe:ckyzad,2024-06-03 15:06:27+00:00,0,0,0.12246089
synthetic_cloudtrail.csv:4431,fe:ckyzad,2024-06-03 15:06:54+00:00,0,0,0.12261996
synthetic_cloudtrail.csv:4432,fe:ckyzad,2024-06-03 15:08:21+00:00,0,0,0.11698394
synthetic_cloudtrail.csv:4433,fe:ckyzad,2024-06-03 15:08:55+00:00,0,0,0.24756935
synthetic_cloudtrail.csv:4434,fe:ckyzad,2024-06-03 15:10:48+00:00,0,0,0.13931938
synthetic_cloudtrail.csv:4435,fe:ckyzad,2024-06-03 15:12:13+00:00,0,0,0.11937731
synthetic_cloudtrail.csv:4436,fe:ckyzad,2024-06-03 15:12:23+00:00,0,0,0.14195004
synthetic_cloudtrail.csv:74,fe:cloudtrail.amazonaws.com,2024-01-03 13:10:07+00:00,0,0,0.14012194
synthetic_cloudtrail.csv:77,fe:cloudtrail.amazonaws.com,2024-01-03 13:19:59+00:00,0,0,0.12592293
synthetic_cloudtrail.csv:163,fe:cloudtrail.amazonaws.com,2024-01-08 08:13:04+00:00,0,0,0.11268279
synthetic_cloudtrail.csv:167,fe:cloudtrail.amazonaws.com,2024-01-08 08:29:03+00:00,0,0,0.116007574
synthetic_cloudtrail.csv:246,fe:cloudtrail.amazonaws.com,2024-01-09 23:04:37+00:00,0,0,0.10882903
synthetic_cloudtrail.csv:334,fe:cloudtrail.amazonaws.com,2024-01-13 02:05:44+00:00,0,0,0.11261221
synthetic_cloudtrail.csv:337,fe:cloudtrail.amazonaws.com,2024-01-13 02:14:24+00:00,0,0,0.12664987
synthetic_cloudtrail.csv:338,fe:cloudtrail.amazonaws.com,2024-01-13 02:16:14+00:00,0,0,0.1331354
synthetic_cloudtrail.csv:366,fe:cloudtrail.amazonaws.com,2024-01-13 12:12:36+00:00,0,0,0.11070438
synthetic_cloudtrail.csv:370,fe:cloudtrail.amazonaws.com,2024-01-13 12:15:07+00:00,0,0,0.12372252
synthetic_cloudtrail.csv:373,fe:cloudtrail.amazonaws.com,2024-01-13 12:17:39+00:00,0,0,0.12874472
synthetic_cloudtrail.csv:377,fe:cloudtrail.amazonaws.com,2024-01-13 12:21:26+00:00,0,0,0.13037717
synthetic_cloudtrail.csv:380,fe:cloudtrail.amazonaws.com,2024-01-13 12:24:58+00:00,0,0,0.13500753
synthetic_cloudtrail.csv:381,fe:cloudtrail.amazonaws.com,2024-01-13 12:25:56+00:00,0,0,0.13846244
synthetic_cloudtrail.csv:395,fe:cloudtrail.amazonaws.com,2024-01-13 18:05:12+00:00,0,0,0.10695274
synthetic_cloudtrail.csv:396,fe:cloudtrail.amazonaws.com,2024-01-13 18:10:11+00:00,0,0,0.11873132
synthetic_cloudtrail.csv:400,fe:cloudtrail.amazonaws.com,2024-01-13 18:22:20+00:00,0,0,0.1110474
synthetic_cloudtrail.csv:402,fe:cloudtrail.amazonaws.com,2024-01-13 18:27:16+00:00,0,0,0.121485405
synthetic_cloudtrail.csv:405,fe:cloudtrail.amazonaws.com,2024-01-13 18:32:05+00:00,0,0,0.12627108
synthetic_cloudtrail.csv:406,fe:cloudtrail.amazonaws.com,2024-01-13 18:35:24+00:00,0,0,0.128888
synthetic_cloudtrail.csv:407,fe:cloudtrail.amazonaws.com,2024-01-13 18:39:24+00:00,0,0,0.12909263
synthetic_cloudtrail.csv:421,fe:cloudtrail.amazonaws.com,2024-01-15 23:00:31+00:00,0,0,0.10588539
synthetic_cloudtrail.csv:422,fe:cloudtrail.amazonaws.com,2024-01-15 23:03:15+00:00,0,0,0.1265166
synthetic_cloudtrail.csv:424,fe:cloudtrail.amazonaws.com,2024-01-15 23:11:30+00:00,0,0,0.12812029
synthetic_cloudtrail.csv:426,fe:cloudtrail.amazonaws.com,2024-01-15 23:18:51+00:00,0,0,0.12720427
synthetic_cloudtrail.csv:604,fe:cloudtrail.amazonaws.com,2024-01-19 01:24:24+00:00,0,0,0.111026935
synthetic_cloudtrail.csv:606,fe:cloudtrail.amazonaws.com,2024-01-19 01:31:03+00:00,0,0,0.12557843
synthetic_cloudtrail.csv:607,fe:cloudtrail.amazonaws.com,2024-01-19 01:34:44+00:00,0,0,0.13101847
synthetic_cloudtrail.csv:608,fe:cloudtrail.amazonaws.com,2024-01-19 01:36:00+00:00,0,0,0.1409888
synthetic_cloudtrail.csv:836,fe:cloudtrail.amazonaws.com,2024-01-27 23:12:51+00:00,0,0,0.11122966
synthetic_cloudtrail.csv:838,fe:cloudtrail.amazonaws.com,2024-01-27 23:19:26+00:00,0,0,0.12586705
synthetic_cloudtrail.csv:843,fe:cloudtrail.amazonaws.com,2024-01-28 06:07:56+00:00,0,0,0.113751315
synthetic_cloudtrail.csv:1017,fe:cloudtrail.amazonaws.com,2024-02-06 01:04:20+00:00,0,0,0.10934938
synthetic_cloudtrail.csv:1020,fe:cloudtrail.amazonaws.com,2024-02-06 01:10:46+00:00,0,0,0.1249378
synthetic_cloudtrail.csv:1021,fe:cloudtrail.amazonaws.com,2024-02-06 01:14:50+00:00,0,0,0.12958094
synthetic_cloudtrail.csv:1022,fe:cloudtrail.amazonaws.com,2024-02-06 01:16:47+00:00,0,0,0.13826256
synthetic_cloudtrail.csv:1025,fe:cloudtrail.amazonaws.com,2024-02-06 01:25:53+00:00,0,0,0.12961145
synthetic_cloudtrail.csv:1035,fe:cloudtrail.amazonaws.com,2024-02-06 06:27:13+00:00,0,0,0.11284342
synthetic_cloudtrail.csv:1091,fe:cloudtrail.amazonaws.com,2024-02-07 02:06:49+00:00,0,0,0.110910416
synthetic_cloudtrail.csv:1092,fe:cloudtrail.amazonaws.com,2024-02-07 02:07:38+00:00,0,0,0.12895605
synthetic_cloudtrail.csv:1093,fe:cloudtrail.amazonaws.com,2024-02-07 02:12:22+00:00,0,0,0.13285652
synthetic_cloudtrail.csv:1097,fe:cloudtrail.amazonaws.com,2024-02-07 02:22:32+00:00,0,0,0.11544118
synthetic_cloudtrail.csv:1099,fe:cloudtrail.amazonaws.com,2024-02-07 02:26:18+00:00,0,0,0.12994075
synthetic_cloudtrail.csv:1101,fe:cloudtrail.amazonaws.com,2024-02-07 02:29:36+00:00,0,0,0.13722426
synthetic_cloudtrail.csv:1102,fe:cloudtrail.amazonaws.com,2024-02-07 02:31:08+00:00,0,0,0.14221586
synthetic_cloudtrail.csv:1113,fe:cloudtrail.amazonaws.com,2024-02-08 00:05:25+00:00,0,0,0.10998974
synthetic_cloudtrail.csv:1116,fe:cloudtrail.amazonaws.com,2024-02-08 00:14:14+00:00,0,0,0.12385482
synthetic_cloudtrail.csv:1141,fe:cloudtrail.amazonaws.com,2024-02-08 13:20:36+00:00,0,0,0.10850815
synthetic_cloudtrail.csv:1142,fe:cloudtrail.amazonaws.com,2024-02-08 13:21:38+00:00,0,0,0.123486474
synthetic_cloudtrail.csv:1143,fe:cloudtrail.amazonaws.com,2024-02-08 13:25:16+00:00,0,0,0.12661693
synthetic_cloudtrail.csv:1144,fe:cloudtrail.amazonaws.com,2024-02-08 13:27:25+00:00,0,0,0.13055626
synthetic_cloudtrail.csv:1146,fe:cloudtrail.amazonaws.com,2024-02-08 13:32:42+00:00,0,0,0.13003515
synthetic_cloudtrail.csv:1156,fe:cloudtrail.amazonaws.com,2024-02-09 14:10:39+00:00,0,0,0.10746183
synthetic_cloudtrail.csv:1157,fe:cloudtrail.amazonaws.com,2024-02-09 14:14:57+00:00,0,0,0.119565874
synthetic_cloudtrail.csv:1161,fe:cloudtrail.amazonaws.com,2024-02-09 14:25:36+00:00,0,0,0.11151081
synthetic_cloudtrail.csv:1205,fe:cloudtrail.amazonaws.com,2024-02-10 19:17:56+00:00,0,0,0.109172
synthetic_cloudtrail.csv:1207,fe:cloudtrail.amazonaws.com,2024-02-11 05:03:18+00:00,0,0,0.10989532
synthetic_cloudtrail.csv:1208,fe:cloudtrail.amazonaws.com,2024-02-11 05:07:20+00:00,0,0,0.12929493
synthetic_cloudtrail.csv:1210,fe:cloudtrail.amazonaws.com,2024-02-11 05:09:36+00:00,0,0,0.13673417
synthetic_cloudtrail.csv:1211,fe:cloudtrail.amazonaws.com,2024-02-11 05:11:11+00:00,0,0,0.1406846
synthetic_cloudtrail.csv:1212,fe:cloudtrail.amazonaws.com,2024-02-11 05:15:09+00:00,0,0,0.14266779
synthetic_cloudtrail.csv:1221,fe:cloudtrail.amazonaws.com,2024-02-11 10:04:31+00:00,0,0,0.10696149
synthetic_cloudtrail.csv:1229,fe:cloudtrail.amazonaws.com,2024-02-11 10:26:05+00:00,0,0,0.114688255
synthetic_cloudtrail.csv:1230,fe:cloudtrail.amazonaws.com,2024-02-11 10:27:50+00:00,0,0,0.12784529
synthetic_cloudtrail.csv:1233,fe:cloudtrail.amazonaws.com,2024-02-11 10:38:27+00:00,0,0,0.11703189
synthetic_cloudtrail.csv:1339,fe:cloudtrail.amazonaws.com,2024-02-14 02:13:54+00:00,0,0,0.111214794
synthetic_cloudtrail.csv:1342,fe:cloudtrail.amazonaws.com,2024-02-14 02:22:23+00:00,0,0,0.124946974
synthetic_cloudtrail.csv:1345,fe:cloudtrail.amazonaws.com,2024-02-14 02:31:37+00:00,0,0,0.12822467
synthetic_cloudtrail.csv:1347,fe:cloudtrail.amazonaws.com,2024-02-14 02:36:55+00:00,0,0,0.12997743
synthetic_cloudtrail.csv:1379,fe:cloudtrail.amazonaws.com,2024-02-15 01:12:08+00:00,0,0,0.11068084
synthetic_cloudtrail.csv:1406,fe:cloudtrail.amazonaws.com,2024-02-16 23:13:31+00:00,0,0,0.1096452
synthetic_cloudtrail.csv:1407,fe:cloudtrail.amazonaws.com,2024-02-16 23:15:51+00:00,0,0,0.1264983
synthetic_cloudtrail.csv:1409,fe:cloudtrail.amazonaws.com,2024-02-16 23:21:05+00:00,0,0,0.13178517
synthetic_cloudtrail.csv:1414,fe:cloudtrail.amazonaws.com,2024-02-16 23:33:47+00:00,0,0,0.11375941
synthetic_cloudtrail.csv:1416,fe:cloudtrail.amazonaws.com,2024-02-16 23:40:48+00:00,0,0,0.12774637
synthetic_cloudtrail.csv:1450,fe:cloudtrail.amazonaws.com,2024-02-19 01:05:21+00:00,0,0,0.109847784
synthetic_cloudtrail.csv:1457,fe:cloudtrail.amazonaws.com,2024-02-19 01:23:26+00:00,0,0,0.113490686
synthetic_cloudtrail.csv:1458,fe:cloudtrail.amazonaws.com,2024-02-19 01:28:18+00:00,0,0,0.12819982
synthetic_cloudtrail.csv:1460,fe:cloudtrail.amazonaws.com,2024-02-19 05:04:00+00:00,0,0,0.10844027
synthetic_cloudtrail.csv:1463,fe:cloudtrail.amazonaws.com,2024-02-19 05:10:56+00:00,0,0,0.12634964
synthetic_cloudtrail.csv:1465,fe:cloudtrail.amazonaws.com,2024-02-19 05:15:56+00:00,0,0,0.12974872
synthetic_cloudtrail.csv:1466,fe:cloudtrail.amazonaws.com,2024-02-19 05:20:27+00:00,0,0,0.13658668
synthetic_cloudtrail.csv:1586,fe:cloudtrail.amazonaws.com,2024-02-22 00:00:32+00:00,0,0,0.10643897
synthetic_cloudtrail.csv:1589,fe:cloudtrail.amazonaws.com,2024-02-22 00:09:42+00:00,0,0,0.124326274
synthetic_cloudtrail.csv:1595,fe:cloudtrail.amazonaws.com,2024-02-22 00:24:00+00:00,0,0,0.113692224
synthetic_cloudtrail.csv:1629,fe:cloudtrail.amazonaws.com,2024-02-23 22:07:30+00:00,0,0,0.10873045
synthetic_cloudtrail.csv:1630,fe:cloudtrail.amazonaws.com,2024-02-23 22:11:56+00:00,0,0,0.12439151
synthetic_cloudtrail.csv:1633,fe:cloudtrail.amazonaws.com,2024-02-23 22:17:52+00:00,0,0,0.12774143
synthetic_cloudtrail.csv:1637,fe:cloudtrail.amazonaws.com,2024-02-23 22:30:00+00:00,0,0,0.113077156
synthetic_cloudtrail.csv:1638,fe:cloudtrail.amazonaws.com,2024-02-23 22:34:54+00:00,0,0,0.12784003
synthetic_cloudtrail.csv:1652,fe:cloudtrail.amazonaws.com,2024-02-25 06:01:23+00:00,0,0,0.10991025
synthetic_cloudtrail.csv:1653,fe:cloudtrail.amazonaws.com,2024-02-25 06:04:29+00:00,0,0,0.12981524
synthetic_cloudtrail.csv:1656,fe:cloudtrail.amazonaws.com,2024-02-25 06:12:39+00:00,0,0,0.13125849
synthetic_cloudtrail.csv:1662,fe:cloudtrail.amazonaws.com,2024-02-25 08:04:46+00:00,0,0,0.109512344
synthetic_cloudtrail.csv:1663,fe:cloudtrail.amazonaws.com,2024-02-25 08:08:58+00:00,0,0,0.12913685
synthetic_cloudtrail.csv:1665,fe:cloudtrail.amazonaws.com,2024-02-25 08:12:43+00:00,0,0,0.13578634
synthetic_cloudtrail.csv:1666,fe:cloudtrail.amazonaws.com,2024-02-25 08:14:50+00:00,0,0,0.14112982
synthetic_cloudtrail.csv:1667,fe:cloudtrail.amazonaws.com,2024-02-25 08:18:54+00:00,0,0,0.14301035
synthetic_cloudtrail.csv:1669,fe:cloudtrail.amazonaws.com,2024-02-25 08:24:18+00:00,0,0,0.14033993
synthetic_cloudtrail.csv:1671,fe:cloudtrail.amazonaws.com,2024-02-25 08:29:53+00:00,0,0,0.13233909
synthetic_cloudtrail.csv:1672,fe:cloudtrail.amazonaws.com,2024-02-25 08:31:30+00:00,0,0,0.1424265
synthetic_cloudtrail.csv:1674,fe:cloudtrail.amazonaws.com,2024-02-25 08:34:34+00:00,0,0,0.14195977
synthetic_cloudtrail.csv:1675,fe:cloudtrail.amazonaws.com,2024-02-25 08:38:31+00:00,0,0,0.14513461
synthetic_cloudtrail.csv:1711,fe:cloudtrail.amazonaws.com,2024-02-27 17:01:10+00:00,0,0,0.100914404
synthetic_cloudtrail.csv:1714,fe:cloudtrail.amazonaws.com,2024-02-27 17:08:23+00:00,0,0,0.11663838
synthetic_cloudtrail.csv:1715,fe:cloudtrail.amazonaws.com,2024-02-27 17:09:16+00:00,0,0,0.12545435
synthetic_cloudtrail.csv:1718,fe:cloudtrail.amazonaws.com,2024-02-27 17:17:45+00:00,0,0,0.124718085
synthetic_cloudtrail.csv:1719,fe:cloudtrail.amazonaws.com,2024-02-27 17:19:50+00:00,0,0,0.12260373
synthetic_cloudtrail.csv:1720,fe:cloudtrail.amazonaws.com,2024-02-27 17:24:13+00:00,0,0,0.12645626
synthetic_cloudtrail.csv:1888,fe:cloudtrail.amazonaws.com,2024-03-04 19:07:13+00:00,0,0,0.10728932
synthetic_cloudtrail.csv:1891,fe:cloudtrail.amazonaws.com,2024-03-04 19:13:21+00:00,0,0,0.12221252
synthetic_cloudtrail.csv:1892,fe:cloudtrail.amazonaws.com,2024-03-04 19:15:21+00:00,0,0,0.13129191
synthetic_cloudtrail.csv:1894,fe:cloudtrail.amazonaws.com,2024-03-04 19:24:28+00:00,0,0,0.12680641
synthetic_cloudtrail.csv:1895,fe:cloudtrail.amazonaws.com,2024-03-04 19:25:30+00:00,0,0,0.13019542
synthetic_cloudtrail.csv:1904,fe:cloudtrail.amazonaws.com,2024-03-05 04:24:45+00:00,0,0,0.112308756
synthetic_cloudtrail.csv:1906,fe:cloudtrail.amazonaws.com,2024-03-05 04:30:31+00:00,0,0,0.12675701
synthetic_cloudtrail.csv:1932,fe:cloudtrail.amazonaws.com,2024-03-05 14:10:16+00:00,0,0,0.107299514
synthetic_cloudtrail.csv:1935,fe:cloudtrail.amazonaws.com,2024-03-05 14:18:06+00:00,0,0,0.11812545
synthetic_cloudtrail.csv:1937,fe:cloudtrail.amazonaws.com,2024-03-05 14:25:11+00:00,0,0,0.1212999
synthetic_cloudtrail.csv:1940,fe:cloudtrail.amazonaws.com,2024-03-05 14:32:07+00:00,0,0,0.121740654
synthetic_cloudtrail.csv:1995,fe:cloudtrail.amazonaws.com,2024-03-09 15:14:47+00:00,0,0,0.108035
synthetic_cloudtrail.csv:1999,fe:cloudtrail.amazonaws.com,2024-03-09 16:07:15+00:00,0,0,0.10753126
synthetic_cloudtrail.csv:2000,fe:cloudtrail.amazonaws.com,2024-03-09 16:09:54+00:00,0,0,0.1203794
synthetic_cloudtrail.csv:2040,fe:cloudtrail.amazonaws.com,2024-03-12 18:03:52+00:00,0,0,0.104407705
synthetic_cloudtrail.csv:2041,fe:cloudtrail.amazonaws.com,2024-03-12 18:06:58+00:00,0,0,0.118399575
synthetic_cloudtrail.csv:2044,fe:cloudtrail.amazonaws.com,2024-03-12 18:16:35+00:00,0,0,0.11977246
synthetic_cloudtrail.csv:2045,fe:cloudtrail.amazonaws.com,2024-03-12 18:19:34+00:00,0,0,0.121378504
synthetic_cloudtrail.csv:2047,fe:cloudtrail.amazonaws.com,2024-03-12 18:22:47+00:00,0,0,0.12642863
synthetic_cloudtrail.csv:2048,fe:cloudtrail.amazonaws.com,2024-03-13 04:02:24+00:00,0,0,0.10824386
synthetic_cloudtrail.csv:2052,fe:cloudtrail.amazonaws.com,2024-03-13 04:14:54+00:00,0,0,0.115445025
synthetic_cloudtrail.csv:2054,fe:cloudtrail.amazonaws.com,2024-03-13 04:20:31+00:00,0,0,0.12876056
synthetic_cloudtrail.csv:2214,fe:cloudtrail.amazonaws.com,2024-03-18 00:02:39+00:00,0,0,0.10642262
synthetic_cloudtrail.csv:2215,fe:cloudtrail.amazonaws.com,2024-03-18 00:07:30+00:00,0,0,0.1258091
synthetic_cloudtrail.csv:2216,fe:cloudtrail.amazonaws.com,2024-03-18 00:10:16+00:00,0,0,0.13345261
synthetic_cloudtrail.csv:2217,fe:cloudtrail.amazonaws.com,2024-03-18 00:12:16+00:00,0,0,0.13711199
synthetic_cloudtrail.csv:2221,fe:cloudtrail.amazonaws.com,2024-03-18 00:17:21+00:00,0,0,0.1387307
synthetic_cloudtrail.csv:2222,fe:cloudtrail.amazonaws.com,2024-03-18 00:20:42+00:00,0,0,0.1384911
synthetic_cloudtrail.csv:2223,fe:cloudtrail.amazonaws.com,2024-03-18 00:24:31+00:00,0,0,0.13745427
synthetic_cloudtrail.csv:2224,fe:cloudtrail.amazonaws.com,2024-03-18 00:28:59+00:00,0,0,0.13794772
synthetic_cloudtrail.csv:2367,fe:cloudtrail.amazonaws.com,2024-03-22 23:23:18+00:00,0,0,0.10973475
synthetic_cloudtrail.csv:2486,fe:cloudtrail.amazonaws.com,2024-03-27 02:01:25+00:00,0,0,0.10753158
synthetic_cloudtrail.csv:2487,fe:cloudtrail.amazonaws.com,2024-03-27 02:04:02+00:00,0,0,0.12766276
synthetic_cloudtrail.csv:2489,fe:cloudtrail.amazonaws.com,2024-03-27 02:11:24+00:00,0,0,0.13200094
synthetic_cloudtrail.csv:2580,fe:cloudtrail.amazonaws.com,2024-04-03 17:08:07+00:00,0,0,0.10571739
synthetic_cloudtrail.csv:2581,fe:cloudtrail.amazonaws.com,2024-04-03 17:11:25+00:00,0,0,0.118498534
synthetic_cloudtrail.csv:2671,fe:cloudtrail.amazonaws.com,2024-04-07 14:03:56+00:00,0,0,0.103385694
synthetic_cloudtrail.csv:2674,fe:cloudtrail.amazonaws.com,2024-04-07 14:15:40+00:00,0,0,0.112359375
synthetic_cloudtrail.csv:2677,fe:cloudtrail.amazonaws.com,2024-04-07 14:29:12+00:00,0,0,0.112479694
synthetic_cloudtrail.csv:2692,fe:cloudtrail.amazonaws.com,2024-04-07 22:03:41+00:00,0,0,0.10648805
synthetic_cloudtrail.csv:2696,fe:cloudtrail.amazonaws.com,2024-04-07 22:13:03+00:00,0,0,0.12439719
synthetic_cloudtrail.csv:2700,fe:cloudtrail.amazonaws.com,2024-04-07 22:24:37+00:00,0,0,0.11473186
synthetic_cloudtrail.csv:2701,fe:cloudtrail.amazonaws.com,2024-04-07 22:25:52+00:00,0,0,0.13203935
synthetic_cloudtrail.csv:2708,fe:cloudtrail.amazonaws.com,2024-04-09 13:01:24+00:00,0,0,0.103046164
synthetic_cloudtrail.csv:2711,fe:cloudtrail.amazonaws.com,2024-04-09 13:08:36+00:00,0,0,0.11884499
synthetic_cloudtrail.csv:2714,fe:cloudtrail.amazonaws.com,2024-04-09 13:13:59+00:00,0,0,0.12231324
synthetic_cloudtrail.csv:2716,fe:cloudtrail.amazonaws.com,2024-04-09 13:16:59+00:00,0,0,0.12854567
synthetic_cloudtrail.csv:2728,fe:cloudtrail.amazonaws.com,2024-04-10 04:07:17+00:00,0,0,0.111600965
synthetic_cloudtrail.csv:2729,fe:cloudtrail.amazonaws.com,2024-04-10 04:08:59+00:00,0,0,0.12813194
synthetic_cloudtrail.csv:2731,fe:cloudtrail.amazonaws.com,2024-04-10 04:11:58+00:00,0,0,0.13381338
synthetic_cloudtrail.csv:2732,fe:cloudtrail.amazonaws.com,2024-04-10 04:14:43+00:00,0,0,0.13722387
synthetic_cloudtrail.csv:2734,fe:cloudtrail.amazonaws.com,2024-04-10 04:21:09+00:00,0,0,0.13710336
synthetic_cloudtrail.csv:2736,fe:cloudtrail.amazonaws.com,2024-04-10 04:25:51+00:00,0,0,0.13038874
synthetic_cloudtrail.csv:2774,fe:cloudtrail.amazonaws.com,2024-04-10 14:08:02+00:00,0,0,0.10723674
synthetic_cloudtrail.csv:2779,fe:cloudtrail.amazonaws.com,2024-04-10 14:24:21+00:00,0,0,0.110329956
synthetic_cloudtrail.csv:2780,fe:cloudtrail.amazonaws.com,2024-04-10 14:25:05+00:00,0,0,0.12568025
synthetic_cloudtrail.csv:2781,fe:cloudtrail.amazonaws.com,2024-04-10 14:28:00+00:00,0,0,0.12874725
synthetic_cloudtrail.csv:2792,fe:cloudtrail.amazonaws.com,2024-04-11 07:08:27+00:00,0,0,0.11220431
synthetic_cloudtrail.csv:2796,fe:cloudtrail.amazonaws.com,2024-04-11 07:23:47+00:00,0,0,0.11562813
synthetic_cloudtrail.csv:2860,fe:cloudtrail.amazonaws.com,2024-04-12 15:05:08+00:00,0,0,0.106055595
synthetic_cloudtrail.csv:2864,fe:cloudtrail.amazonaws.com,2024-04-12 15:14:46+00:00,0,0,0.11695516
synthetic_cloudtrail.csv:2865,fe:cloudtrail.amazonaws.com,2024-04-12 15:16:57+00:00,0,0,0.122851804
synthetic_cloudtrail.csv:2866,fe:cloudtrail.amazonaws.com,2024-04-12 15:18:42+00:00,0,0,0.12889232
synthetic_cloudtrail.csv:2867,fe:cloudtrail.amazonaws.com,2024-04-12 15:20:39+00:00,0,0,0.13128646
synthetic_cloudtrail.csv:2868,fe:cloudtrail.amazonaws.com,2024-04-12 15:25:38+00:00,0,0,0.1313777
synthetic_cloudtrail.csv:2870,fe:cloudtrail.amazonaws.com,2024-04-12 15:28:56+00:00,0,0,0.12966767
synthetic_cloudtrail.csv:2871,fe:cloudtrail.amazonaws.com,2024-04-12 15:30:39+00:00,0,0,0.1337095
synthetic_cloudtrail.csv:2893,fe:cloudtrail.amazonaws.com,2024-04-13 04:02:11+00:00,0,0,0.10966524
synthetic_cloudtrail.csv:2963,fe:cloudtrail.amazonaws.com,2024-04-14 04:14:05+00:00,0,0,0.11349824
synthetic_cloudtrail.csv:2964,fe:cloudtrail.amazonaws.com,2024-04-14 04:16:32+00:00,0,0,0.12961933
synthetic_cloudtrail.csv:2968,fe:cloudtrail.amazonaws.com,2024-04-14 04:19:30+00:00,0,0,0.13591535
synthetic_cloudtrail.csv:2969,fe:cloudtrail.amazonaws.com,2024-04-14 04:21:09+00:00,0,0,0.14062296
synthetic_cloudtrail.csv:2970,fe:cloudtrail.amazonaws.com,2024-04-14 04:22:50+00:00,0,0,0.14202803
synthetic_cloudtrail.csv:2971,fe:cloudtrail.amazonaws.com,2024-04-14 04:23:42+00:00,0,0,0.14420572
synthetic_cloudtrail.csv:2972,fe:cloudtrail.amazonaws.com,2024-04-14 04:25:04+00:00,0,0,0.14829375
synthetic_cloudtrail.csv:2988,fe:cloudtrail.amazonaws.com,2024-04-17 14:12:47+00:00,0,0,0.10738705
synthetic_cloudtrail.csv:2990,fe:cloudtrail.amazonaws.com,2024-04-17 14:16:20+00:00,0,0,0.11976068
synthetic_cloudtrail.csv:2997,fe:cloudtrail.amazonaws.com,2024-04-17 14:38:37+00:00,0,0,0.110048994
synthetic_cloudtrail.csv:3007,fe:cloudtrail.amazonaws.com,2024-04-18 05:26:28+00:00,0,0,0.11263487
synthetic_cloudtrail.csv:3009,fe:cloudtrail.amazonaws.com,2024-04-18 05:34:41+00:00,0,0,0.12634836
synthetic_cloudtrail.csv:3063,fe:cloudtrail.amazonaws.com,2024-04-19 22:01:44+00:00,0,0,0.10505551
synthetic_cloudtrail.csv:3064,fe:cloudtrail.amazonaws.com,2024-04-19 22:05:27+00:00,0,0,0.12524787
synthetic_cloudtrail.csv:3068,fe:cloudtrail.amazonaws.com,2024-04-19 22:14:47+00:00,0,0,0.12658621
synthetic_cloudtrail.csv:3071,fe:cloudtrail.amazonaws.com,2024-04-20 03:12:17+00:00,0,0,0.113111965
synthetic_cloudtrail.csv:3072,fe:cloudtrail.amazonaws.com,2024-04-20 03:17:03+00:00,0,0,0.12799829
synthetic_cloudtrail.csv:3074,fe:cloudtrail.amazonaws.com,2024-04-20 03:21:26+00:00,0,0,0.13444369
synthetic_cloudtrail.csv:3075,fe:cloudtrail.amazonaws.com,2024-04-20 03:23:45+00:00,0,0,0.1404149
synthetic_cloudtrail.csv:3076,fe:cloudtrail.amazonaws.com,2024-04-20 03:28:02+00:00,0,0,0.13987331
synthetic_cloudtrail.csv:3183,fe:cloudtrail.amazonaws.com,2024-04-23 19:03:06+00:00,0,0,0.10335095
synthetic_cloudtrail.csv:3184,fe:cloudtrail.amazonaws.com,2024-04-23 19:06:11+00:00,0,0,0.12414959
synthetic_cloudtrail.csv:3187,fe:cloudtrail.amazonaws.com,2024-04-23 19:09:35+00:00,0,0,0.13056184
synthetic_cloudtrail.csv:3189,fe:cloudtrail.amazonaws.com,2024-04-23 19:14:09+00:00,0,0,0.13457836
synthetic_cloudtrail.csv:3190,fe:cloudtrail.amazonaws.com,2024-04-23 19:14:53+00:00,0,0,0.14236747
synthetic_cloudtrail.csv:3199,fe:cloudtrail.amazonaws.com,2024-04-24 12:02:11+00:00,0,0,0.1039307
synthetic_cloudtrail.csv:3202,fe:cloudtrail.amazonaws.com,2024-04-24 12:10:20+00:00,0,0,0.11948802
synthetic_cloudtrail.csv:3308,fe:cloudtrail.amazonaws.com,2024-04-26 18:03:50+00:00,0,0,0.10530422
synthetic_cloudtrail.csv:3319,fe:cloudtrail.amazonaws.com,2024-04-27 06:15:30+00:00,0,0,0.113918126
synthetic_cloudtrail.csv:3321,fe:cloudtrail.amazonaws.com,2024-04-27 06:21:17+00:00,0,0,0.12831809
synthetic_cloudtrail.csv:3323,fe:cloudtrail.amazonaws.com,2024-04-27 06:28:23+00:00,0,0,0.13171488
synthetic_cloudtrail.csv:3324,fe:cloudtrail.amazonaws.com,2024-04-27 06:33:00+00:00,0,0,0.1328983
synthetic_cloudtrail.csv:3403,fe:cloudtrail.amazonaws.com,2024-04-28 03:08:45+00:00,0,0,0.1129949
synthetic_cloudtrail.csv:3404,fe:cloudtrail.amazonaws.com,2024-04-28 03:11:24+00:00,0,0,0.12895097
synthetic_cloudtrail.csv:3405,fe:cloudtrail.amazonaws.com,2024-04-28 03:13:31+00:00,0,0,0.13615847
synthetic_cloudtrail.csv:3411,fe:cloudtrail.amazonaws.com,2024-04-28 03:35:11+00:00,0,0,0.11625787
synthetic_cloudtrail.csv:3412,fe:cloudtrail.amazonaws.com,2024-04-28 03:36:46+00:00,0,0,0.13325098
synthetic_cloudtrail.csv:3414,fe:cloudtrail.amazonaws.com,2024-04-28 03:42:02+00:00,0,0,0.13802962
synthetic_cloudtrail.csv:3574,fe:cloudtrail.amazonaws.com,2024-05-05 21:10:39+00:00,0,0,0.10978835
synthetic_cloudtrail.csv:3576,fe:cloudtrail.amazonaws.com,2024-05-05 21:16:55+00:00,0,0,0.12451958
synthetic_cloudtrail.csv:3579,fe:cloudtrail.amazonaws.com,2024-05-05 21:25:01+00:00,0,0,0.12759711
synthetic_cloudtrail.csv:3582,fe:cloudtrail.amazonaws.com,2024-05-05 21:29:10+00:00,0,0,0.12924477
synthetic_cloudtrail.csv:3583,fe:cloudtrail.amazonaws.com,2024-05-05 21:31:33+00:00,0,0,0.13803765
synthetic_cloudtrail.csv:3626,fe:cloudtrail.amazonaws.com,2024-05-08 00:04:28+00:00,0,0,0.1064088
synthetic_cloudtrail.csv:3627,fe:cloudtrail.amazonaws.com,2024-05-08 00:08:59+00:00,0,0,0.12592481
synthetic_cloudtrail.csv:3628,fe:cloudtrail.amazonaws.com,2024-05-08 00:09:52+00:00,0,0,0.13568667
synthetic_cloudtrail.csv:3631,fe:cloudtrail.amazonaws.com,2024-05-08 00:17:55+00:00,0,0,0.13505349
synthetic_cloudtrail.csv:3633,fe:cloudtrail.amazonaws.com,2024-05-08 01:03:36+00:00,0,0,0.1071403
synthetic_cloudtrail.csv:3634,fe:cloudtrail.amazonaws.com,2024-05-08 01:05:59+00:00,0,0,0.12811886
synthetic_cloudtrail.csv:3642,fe:cloudtrail.amazonaws.com,2024-05-08 01:28:30+00:00,0,0,0.113150515
synthetic_cloudtrail.csv:3645,fe:cloudtrail.amazonaws.com,2024-05-08 01:36:02+00:00,0,0,0.12706135
synthetic_cloudtrail.csv:3741,fe:cloudtrail.amazonaws.com,2024-05-12 13:04:00+00:00,0,0,0.104195625
synthetic_cloudtrail.csv:3742,fe:cloudtrail.amazonaws.com,2024-05-12 13:06:03+00:00,0,0,0.122437894
synthetic_cloudtrail.csv:3744,fe:cloudtrail.amazonaws.com,2024-05-12 13:10:50+00:00,0,0,0.12570405
synthetic_cloudtrail.csv:3770,fe:cloudtrail.amazonaws.com,2024-05-13 09:04:51+00:00,0,0,0.10639834
synthetic_cloudtrail.csv:3771,fe:cloudtrail.amazonaws.com,2024-05-13 09:08:27+00:00,0,0,0.12336442
synthetic_cloudtrail.csv:3776,fe:cloudtrail.amazonaws.com,2024-05-13 09:24:39+00:00,0,0,0.114340894
synthetic_cloudtrail.csv:3777,fe:cloudtrail.amazonaws.com,2024-05-13 09:25:33+00:00,0,0,0.12867814
synthetic_cloudtrail.csv:3780,fe:cloudtrail.amazonaws.com,2024-05-13 09:35:13+00:00,0,0,0.12780896
synthetic_cloudtrail.csv:3850,fe:cloudtrail.amazonaws.com,2024-05-15 01:10:05+00:00,0,0,0.1105131
synthetic_cloudtrail.csv:3851,fe:cloudtrail.amazonaws.com,2024-05-15 01:14:41+00:00,0,0,0.1257479
synthetic_cloudtrail.csv:3862,fe:cloudtrail.amazonaws.com,2024-05-15 11:08:09+00:00,0,0,0.109845154
synthetic_cloudtrail.csv:3869,fe:cloudtrail.amazonaws.com,2024-05-15 11:28:21+00:00,0,0,0.11253761
synthetic_cloudtrail.csv:3871,fe:cloudtrail.amazonaws.com,2024-05-15 23:03:52+00:00,0,0,0.10574209
synthetic_cloudtrail.csv:3872,fe:cloudtrail.amazonaws.com,2024-05-15 23:05:57+00:00,0,0,0.12677716
synthetic_cloudtrail.csv:3874,fe:cloudtrail.amazonaws.com,2024-05-15 23:12:29+00:00,0,0,0.13134484
synthetic_cloudtrail.csv:3879,fe:cloudtrail.amazonaws.com,2024-05-15 23:31:04+00:00,0,0,0.112596564
synthetic_cloudtrail.csv:3881,fe:cloudtrail.amazonaws.com,2024-05-15 23:35:16+00:00,0,0,0.12791441
synthetic_cloudtrail.csv:3885,fe:cloudtrail.amazonaws.com,2024-05-16 01:06:19+00:00,0,0,0.110358
synthetic_cloudtrail.csv:3887,fe:cloudtrail.amazonaws.com,2024-05-16 01:11:08+00:00,0,0,0.1253486
synthetic_cloudtrail.csv:3888,fe:cloudtrail.amazonaws.com,2024-05-16 01:13:35+00:00,0,0,0.13332903
synthetic_cloudtrail.csv:3889,fe:cloudtrail.amazonaws.com,2024-05-16 01:16:40+00:00,0,0,0.13785416
synthetic_cloudtrail.csv:3893,fe:cloudtrail.amazonaws.com,2024-05-16 01:25:06+00:00,0,0,0.1289569
synthetic_cloudtrail.csv:3896,fe:cloudtrail.amazonaws.com,2024-05-17 09:04:04+00:00,0,0,0.110692866
synthetic_cloudtrail.csv:3900,fe:cloudtrail.amazonaws.com,2024-05-17 09:14:21+00:00,0,0,0.11510295
synthetic_cloudtrail.csv:3904,fe:cloudtrail.amazonaws.com,2024-05-17 09:23:12+00:00,0,0,0.12406485
synthetic_cloudtrail.csv:3905,fe:cloudtrail.amazonaws.com,2024-05-17 09:24:51+00:00,0,0,0.1284285
synthetic_cloudtrail.csv:3907,fe:cloudtrail.amazonaws.com,2024-05-17 09:27:36+00:00,0,0,0.13291843
synthetic_cloudtrail.csv:3951,fe:cloudtrail.amazonaws.com,2024-05-18 19:09:14+00:00,0,0,0.108854614
synthetic_cloudtrail.csv:3953,fe:cloudtrail.amazonaws.com,2024-05-18 19:15:12+00:00,0,0,0.123791486
synthetic_cloudtrail.csv:3954,fe:cloudtrail.amazonaws.com,2024-05-18 19:17:05+00:00,0,0,0.13308957
synthetic_cloudtrail.csv:3958,fe:cloudtrail.amazonaws.com,2024-05-18 19:25:40+00:00,0,0,0.12821914
synthetic_cloudtrail.csv:3960,fe:cloudtrail.amazonaws.com,2024-05-18 19:28:58+00:00,0,0,0.12902696
synthetic_cloudtrail.csv:4052,fe:cloudtrail.amazonaws.com,2024-05-22 22:08:09+00:00,0,0,0.10872589
synthetic_cloudtrail.csv:4057,fe:cloudtrail.amazonaws.com,2024-05-22 22:20:45+00:00,0,0,0.112620644
synthetic_cloudtrail.csv:4058,fe:cloudtrail.amazonaws.com,2024-05-22 22:22:16+00:00,0,0,0.12990198
synthetic_cloudtrail.csv:4072,fe:cloudtrail.amazonaws.com,2024-05-23 11:00:56+00:00,0,0,0.10483283
synthetic_cloudtrail.csv:4076,fe:cloudtrail.amazonaws.com,2024-05-23 11:13:34+00:00,0,0,0.11326428
synthetic_cloudtrail.csv:4077,fe:cloudtrail.amazonaws.com,2024-05-23 11:15:55+00:00,0,0,0.12538585
synthetic_cloudtrail.csv:4080,fe:cloudtrail.amazonaws.com,2024-05-23 11:25:11+00:00,0,0,0.12484697
synthetic_cloudtrail.csv:4174,fe:cloudtrail.amazonaws.com,2024-05-25 13:05:57+00:00,0,0,0.10914067
synthetic_cloudtrail.csv:4175,fe:cloudtrail.amazonaws.com,2024-05-25 13:10:57+00:00,0,0,0.120947205
synthetic_cloudtrail.csv:4176,fe:cloudtrail.amazonaws.com,2024-05-25 13:11:52+00:00,0,0,0.12908073
synthetic_cloudtrail.csv:4177,fe:cloudtrail.amazonaws.com,2024-05-25 13:13:39+00:00,0,0,0.13032031
synthetic_cloudtrail.csv:4184,fe:cloudtrail.amazonaws.com,2024-05-25 13:30:43+00:00,0,0,0.11279617
synthetic_cloudtrail.csv:4455,fe:cloudtrail.amazonaws.com,2024-06-03 22:08:49+00:00,0,0,0.1086966
synthetic_cloudtrail.csv:4457,fe:cloudtrail.amazonaws.com,2024-06-03 22:16:26+00:00,0,0,0.12324099
synthetic_cloudtrail.csv:4459,fe:cloudtrail.amazonaws.com,2024-06-03 22:20:35+00:00,0,0,0.12814307
synthetic_cloudtrail.csv:4460,fe:cloudtrail.amazonaws.com,2024-06-03 22:24:48+00:00,0,0,0.13542937
synthetic_cloudtrail.csv:4461,fe:cloudtrail.amazonaws.com,2024-06-03 22:29:48+00:00,0,0,0.13648824
synthetic_cloudtrail.csv:4462,fe:cloudtrail.amazonaws.com,2024-06-03 22:32:19+00:00,0,0,0.13847603
synthetic_cloudtrail.csv:4464,fe:cloudtrail.amazonaws.com,2024-06-03 22:35:27+00:00,0,0,0.13836896
synthetic_cloudtrail.csv:4465,fe:cloudtrail.amazonaws.com,2024-06-03 22:38:54+00:00,0,0,0.14167912
synthetic_cloudtrail.csv:4549,fe:cloudtrail.amazonaws.com,2024-06-06 08:05:29+00:00,0,0,0.11197871
synthetic_cloudtrail.csv:4550,fe:cloudtrail.amazonaws.com,2024-06-06 08:07:23+00:00,0,0,0.12821455
synthetic_cloudtrail.csv:4551,fe:cloudtrail.amazonaws.com,2024-06-06 08:11:19+00:00,0,0,0.13366584
synthetic_cloudtrail.csv:4553,fe:cloudtrail.amazonaws.com,2024-06-06 08:18:19+00:00,0,0,0.12990604
synthetic_cloudtrail.csv:4577,fe:cloudtrail.amazonaws.com,2024-06-07 13:02:40+00:00,0,0,0.10303144
synthetic_cloudtrail.csv:4579,fe:cloudtrail.amazonaws.com,2024-06-07 13:09:25+00:00,0,0,0.11902283
synthetic_cloudtrail.csv:4583,fe:cloudtrail.amazonaws.com,2024-06-07 13:15:31+00:00,0,0,0.122051336
synthetic_cloudtrail.csv:4586,fe:cloudtrail.amazonaws.com,2024-06-07 13:23:36+00:00,0,0,0.12198239
synthetic_cloudtrail.csv:4588,fe:cloudtrail.amazonaws.com,2024-06-07 13:30:40+00:00,0,0,0.122283675
synthetic_cloudtrail.csv:4589,fe:cloudtrail.amazonaws.com,2024-06-07 13:33:20+00:00,0,0,0.12950204
synthetic_cloudtrail.csv:4607,fe:cloudtrail.amazonaws.com,2024-06-08 21:02:01+00:00,0,0,0.105785005
synthetic_cloudtrail.csv:4609,fe:cloudtrail.amazonaws.com,2024-06-08 21:06:09+00:00,0,0,0.12552999
synthetic_cloudtrail.csv:4610,fe:cloudtrail.amazonaws.com,2024-06-08 21:07:33+00:00,0,0,0.13449661
synthetic_cloudtrail.csv:4613,fe:cloudtrail.amazonaws.com,2024-06-08 21:16:36+00:00,0,0,0.12872852
synthetic_cloudtrail.csv:4615,fe:cloudtrail.amazonaws.com,2024-06-08 21:22:34+00:00,0,0,0.12787317
synthetic_cloudtrail.csv:4616,fe:cloudtrail.amazonaws.com,2024-06-08 21:23:17+00:00,0,0,0.13970171
synthetic_cloudtrail.csv:4619,fe:cloudtrail.amazonaws.com,2024-06-08 21:29:38+00:00,0,0,0.13653976
synthetic_cloudtrail.csv:4715,fe:cloudtrail.amazonaws.com,2024-06-11 16:03:27+00:00,0,0,0.10112019
synthetic_cloudtrail.csv:4716,fe:cloudtrail.amazonaws.com,2024-06-11 16:07:54+00:00,0,0,0.11802002
synthetic_cloudtrail.csv:4719,fe:cloudtrail.amazonaws.com,2024-06-11 16:14:24+00:00,0,0,0.12042765
synthetic_cloudtrail.csv:4723,fe:cloudtrail.amazonaws.com,2024-06-11 16:24:49+00:00,0,0,0.11011503
synthetic_cloudtrail.csv:4745,fe:cloudtrail.amazonaws.com,2024-06-13 20:04:49+00:00,0,0,0.10744317
synthetic_cloudtrail.csv:4746,fe:cloudtrail.amazonaws.com,2024-06-13 20:09:17+00:00,0,0,0.12335242
synthetic_cloudtrail.csv:4750,fe:cloudtrail.amazonaws.com,2024-06-13 20:19:09+00:00,0,0,0.12545474
synthetic_cloudtrail.csv:4751,fe:cloudtrail.amazonaws.com,2024-06-13 21:02:01+00:00,0,0,0.10471217
synthetic_cloudtrail.csv:4753,fe:cloudtrail.amazonaws.com,2024-06-13 21:03:12+00:00,0,0,0.12666994
synthetic_cloudtrail.csv:4760,fe:cloudtrail.amazonaws.com,2024-06-13 21:15:09+00:00,0,0,0.111915916
synthetic_cloudtrail.csv:4763,fe:cloudtrail.amazonaws.com,2024-06-13 21:19:50+00:00,0,0,0.12642437
synthetic_cloudtrail.csv:4765,fe:cloudtrail.amazonaws.com,2024-06-13 21:23:07+00:00,0,0,0.13442889
synthetic_cloudtrail.csv:4772,fe:cloudtrail.amazonaws.com,2024-06-13 21:31:20+00:00,0,0,0.1275658
synthetic_cloudtrail.csv:4774,fe:cloudtrail.amazonaws.com,2024-06-13 21:35:45+00:00,0,0,0.12826942
synthetic_cloudtrail.csv:4797,fe:cloudtrail.amazonaws.com,2024-06-14 20:06:35+00:00,0,0,0.107759885
synthetic_cloudtrail.csv:4799,fe:cloudtrail.amazonaws.com,2024-06-14 20:10:00+00:00,0,0,0.12392875
synthetic_cloudtrail.csv:4867,fe:cloudtrail.amazonaws.com,2024-06-17 15:04:10+00:00,0,0,0.101575956
synthetic_cloudtrail.csv:4880,fe:cloudtrail.amazonaws.com,2024-06-17 15:13:22+00:00,0,0,0.11699051
synthetic_cloudtrail.csv:4900,fe:cloudtrail.amazonaws.com,2024-06-18 08:04:30+00:00,0,0,0.11191555
synthetic_cloudtrail.csv:4902,fe:cloudtrail.amazonaws.com,2024-06-18 08:08:15+00:00,0,0,0.12680846
synthetic_cloudtrail.csv:4906,fe:cloudtrail.amazonaws.com,2024-06-18 08:20:06+00:00,0,0,0.116002545
synthetic_cloudtrail.csv:4909,fe:cloudtrail.amazonaws.com,2024-06-18 08:29:37+00:00,0,0,0.12809637
synthetic_cloudtrail.csv:4925,fe:cloudtrail.amazonaws.com,2024-06-19 12:09:47+00:00,0,0,0.108884305
synthetic_cloudtrail.csv:4926,fe:cloudtrail.amazonaws.com,2024-06-19 12:14:14+00:00,0,0,0.12080615
synthetic_cloudtrail.csv:4929,fe:cloudtrail.amazonaws.com,2024-06-19 12:20:29+00:00,0,0,0.123567685
synthetic_cloudtrail.csv:4931,fe:cloudtrail.amazonaws.com,2024-06-19 12:29:26+00:00,0,0,0.122811526
synthetic_cloudtrail.csv:4932,fe:cloudtrail.amazonaws.com,2024-06-19 12:33:42+00:00,0,0,0.12433061
synthetic_cloudtrail.csv:5036,fe:cloudtrail.amazonaws.com,2024-06-23 22:10:47+00:00,0,0,0.11040626
synthetic_cloudtrail.csv:5038,fe:cloudtrail.amazonaws.com,2024-06-23 22:14:24+00:00,0,0,0.12630494
synthetic_cloudtrail.csv:5040,fe:cloudtrail.amazonaws.com,2024-06-25 11:02:59+00:00,0,0,0.10930582
synthetic_cloudtrail.csv:5042,fe:cloudtrail.amazonaws.com,2024-06-25 11:06:17+00:00,0,0,0.12191888
synthetic_cloudtrail.csv:5045,fe:cloudtrail.amazonaws.com,2024-06-25 11:11:06+00:00,0,0,0.12603953
synthetic_cloudtrail.csv:5051,fe:cloudtrail.amazonaws.com,2024-06-25 11:20:17+00:00,0,0,0.12346612
synthetic_cloudtrail.csv:5053,fe:cloudtrail.amazonaws.com,2024-06-25 11:23:39+00:00,0,0,0.12522899
synthetic_cloudtrail.csv:5054,fe:cloudtrail.amazonaws.com,2024-06-25 11:23:51+00:00,0,0,0.13667023
synthetic_cloudtrail.csv:5056,fe:cloudtrail.amazonaws.com,2024-06-25 11:27:01+00:00,0,0,0.1335133
synthetic_cloudtrail.csv:5057,fe:cloudtrail.amazonaws.com,2024-06-25 11:27:51+00:00,0,0,0.1387572
synthetic_cloudtrail.csv:5060,fe:cloudtrail.amazonaws.com,2024-06-25 11:37:16+00:00,0,0,0.12685058
synthetic_cloudtrail.csv:5062,fe:cloudtrail.amazonaws.com,2024-06-25 11:44:58+00:00,0,0,0.12433042
synthetic_cloudtrail.csv:5115,fe:cloudtrail.amazonaws.com,2024-07-01 11:00:53+00:00,0,0,0.10482837
synthetic_cloudtrail.csv:5117,fe:cloudtrail.amazonaws.com,2024-07-01 11:05:20+00:00,0,0,0.12147177
synthetic_cloudtrail.csv:5120,fe:cloudtrail.amazonaws.com,2024-07-01 11:10:00+00:00,0,0,0.12604901
synthetic_cloudtrail.csv:5123,fe:cloudtrail.amazonaws.com,2024-07-01 11:20:53+00:00,0,0,0.113809265
synthetic_cloudtrail.csv:5245,fe:cloudtrail.amazonaws.com,2024-07-04 16:14:07+00:00,0,0,0.106108226
synthetic_cloudtrail.csv:5246,fe:cloudtrail.amazonaws.com,2024-07-04 16:18:55+00:00,0,0,0.118152924
synthetic_cloudtrail.csv:5252,fe:cloudtrail.amazonaws.com,2024-07-04 16:34:44+00:00,0,0,0.10937821
synthetic_cloudtrail.csv:5264,fe:cloudtrail.amazonaws.com,2024-07-05 06:05:06+00:00,0,0,0.111863054
synthetic_cloudtrail.csv:5266,fe:cloudtrail.amazonaws.com,2024-07-05 06:11:24+00:00,0,0,0.12599862
synthetic_cloudtrail.csv:5270,fe:cloudtrail.amazonaws.com,2024-07-05 06:25:05+00:00,0,0,0.11596213
synthetic_cloudtrail.csv:5271,fe:cloudtrail.amazonaws.com,2024-07-05 06:27:20+00:00,0,0,0.13142143
synthetic_cloudtrail.csv:5272,fe:cloudtrail.amazonaws.com,2024-07-05 06:32:01+00:00,0,0,0.13700178
synthetic_cloudtrail.csv:5273,fe:cloudtrail.amazonaws.com,2024-07-05 06:32:43+00:00,0,0,0.14471568
synthetic_cloudtrail.csv:5274,fe:cloudtrail.amazonaws.com,2024-07-05 06:35:22+00:00,0,0,0.14489523
synthetic_cloudtrail.csv:5275,fe:cloudtrail.amazonaws.com,2024-07-05 06:37:42+00:00,0,0,0.14550392
synthetic_cloudtrail.csv:5276,fe:cloudtrail.amazonaws.com,2024-07-05 06:41:57+00:00,0,0,0.14506738
synthetic_cloudtrail.csv:5384,fe:cloudtrail.amazonaws.com,2024-07-07 18:04:35+00:00,0,0,0.10200602
synthetic_cloudtrail.csv:5387,fe:cloudtrail.amazonaws.com,2024-07-07 18:13:46+00:00,0,0,0.11707684
synthetic_cloudtrail.csv:5389,fe:cloudtrail.amazonaws.com,2024-07-07 18:15:47+00:00,0,0,0.12290064
synthetic_cloudtrail.csv:5390,fe:cloudtrail.amazonaws.com,2024-07-07 18:16:33+00:00,0,0,0.1300381
synthetic_cloudtrail.csv:5391,fe:cloudtrail.amazonaws.com,2024-07-07 18:20:41+00:00,0,0,0.12843291
synthetic_cloudtrail.csv:5494,fe:cloudtrail.amazonaws.com,2024-07-11 13:06:34+00:00,0,0,0.10760069
synthetic_cloudtrail.csv:5496,fe:cloudtrail.amazonaws.com,2024-07-11 13:11:21+00:00,0,0,0.1196618
synthetic_cloudtrail.csv:5499,fe:cloudtrail.amazonaws.com,2024-07-11 13:19:04+00:00,0,0,0.1220714
synthetic_cloudtrail.csv:5500,fe:cloudtrail.amazonaws.com,2024-07-11 13:20:55+00:00,0,0,0.13016924
synthetic_cloudtrail.csv:5506,fe:cloudtrail.amazonaws.com,2024-07-12 04:10:43+00:00,0,0,0.111869946
synthetic_cloudtrail.csv:5509,fe:cloudtrail.amazonaws.com,2024-07-12 04:18:07+00:00,0,0,0.12555312
synthetic_cloudtrail.csv:5510,fe:cloudtrail.amazonaws.com,2024-07-12 04:21:44+00:00,0,0,0.1308136
synthetic_cloudtrail.csv:5542,fe:cloudtrail.amazonaws.com,2024-07-13 06:11:24+00:00,0,0,0.11374823
synthetic_cloudtrail.csv:5544,fe:cloudtrail.amazonaws.com,2024-07-13 06:16:23+00:00,0,0,0.12831089
synthetic_cloudtrail.csv:5545,fe:cloudtrail.amazonaws.com,2024-07-13 06:16:53+00:00,0,0,0.1392693
synthetic_cloudtrail.csv:5548,fe:cloudtrail.amazonaws.com,2024-07-13 06:27:17+00:00,0,0,0.11851959
synthetic_cloudtrail.csv:5577,fe:cloudtrail.amazonaws.com,2024-07-14 12:00:59+00:00,0,0,0.10509903
synthetic_cloudtrail.csv:5578,fe:cloudtrail.amazonaws.com,2024-07-14 12:05:11+00:00,0,0,0.12207112
synthetic_cloudtrail.csv:5583,fe:cloudtrail.amazonaws.com,2024-07-14 12:23:06+00:00,0,0,0.113453485
synthetic_cloudtrail.csv:5610,fe:cloudtrail.amazonaws.com,2024-07-15 03:23:29+00:00,0,0,0.11191859
synthetic_cloudtrail.csv:5646,fe:cloudtrail.amazonaws.com,2024-07-15 23:02:28+00:00,0,0,0.105735265
synthetic_cloudtrail.csv:5648,fe:cloudtrail.amazonaws.com,2024-07-15 23:07:42+00:00,0,0,0.12489495
synthetic_cloudtrail.csv:5650,fe:cloudtrail.amazonaws.com,2024-07-15 23:13:08+00:00,0,0,0.12805128
synthetic_cloudtrail.csv:5652,fe:cloudtrail.amazonaws.com,2024-07-15 23:19:58+00:00,0,0,0.12782848
synthetic_cloudtrail.csv:5653,fe:cloudtrail.amazonaws.com,2024-07-15 23:20:56+00:00,0,0,0.13935302
synthetic_cloudtrail.csv:5655,fe:cloudtrail.amazonaws.com,2024-07-15 23:26:51+00:00,0,0,0.13605116
synthetic_cloudtrail.csv:5675,fe:cloudtrail.amazonaws.com,2024-07-18 13:03:49+00:00,0,0,0.10701568
synthetic_cloudtrail.csv:5676,fe:cloudtrail.amazonaws.com,2024-07-18 13:06:10+00:00,0,0,0.12109831
synthetic_cloudtrail.csv:5679,fe:cloudtrail.amazonaws.com,2024-07-18 13:16:35+00:00,0,0,0.111929104
synthetic_cloudtrail.csv:5680,fe:cloudtrail.amazonaws.com,2024-07-18 13:20:12+00:00,0,0,0.1230676
synthetic_cloudtrail.csv:5795,fe:cloudtrail.amazonaws.com,2024-07-21 16:09:06+00:00,0,0,0.10706245
synthetic_cloudtrail.csv:5796,fe:cloudtrail.amazonaws.com,2024-07-21 16:10:49+00:00,0,0,0.12090057
synthetic_cloudtrail.csv:5797,fe:cloudtrail.amazonaws.com,2024-07-21 16:13:55+00:00,0,0,0.12471972
synthetic_cloudtrail.csv:5799,fe:cloudtrail.amazonaws.com,2024-07-21 16:17:51+00:00,0,0,0.12660491
synthetic_cloudtrail.csv:5807,fe:cloudtrail.amazonaws.com,2024-07-21 16:30:37+00:00,0,0,0.11124416
synthetic_cloudtrail.csv:5918,fe:cloudtrail.amazonaws.com,2024-07-27 06:08:00+00:00,0,0,0.11376857
synthetic_cloudtrail.csv:5996,fe:cloudtrail.amazonaws.com,2024-08-01 19:04:04+00:00,0,0,0.10690925
synthetic_cloudtrail.csv:5998,fe:cloudtrail.amazonaws.com,2024-08-01 19:11:43+00:00,0,0,0.12178849
synthetic_cloudtrail.csv:6001,fe:cloudtrail.amazonaws.com,2024-08-02 02:03:32+00:00,0,0,0.10751078
synthetic_cloudtrail.csv:6003,fe:cloudtrail.amazonaws.com,2024-08-02 02:08:04+00:00,0,0,0.12651059
synthetic_cloudtrail.csv:6006,fe:cloudtrail.amazonaws.com,2024-08-02 02:13:46+00:00,0,0,0.12920837
synthetic_cloudtrail.csv:6007,fe:cloudtrail.amazonaws.com,2024-08-02 02:18:13+00:00,0,0,0.12988493
synthetic_cloudtrail.csv:6008,fe:cloudtrail.amazonaws.com,2024-08-02 02:18:51+00:00,0,0,0.14103055
synthetic_cloudtrail.csv:6009,fe:cloudtrail.amazonaws.com,2024-08-02 02:23:40+00:00,0,0,0.13959883
synthetic_cloudtrail.csv:6010,fe:cloudtrail.amazonaws.com,2024-08-02 02:25:18+00:00,0,0,0.14406058
synthetic_cloudtrail.csv:6034,fe:cloudtrail.amazonaws.com,2024-08-03 11:00:33+00:00,0,0,0.10602582
synthetic_cloudtrail.csv:6038,fe:cloudtrail.amazonaws.com,2024-08-03 11:11:59+00:00,0,0,0.11505989
synthetic_cloudtrail.csv:6041,fe:cloudtrail.amazonaws.com,2024-08-03 11:15:23+00:00,0,0,0.12584344
synthetic_cloudtrail.csv:6045,fe:cloudtrail.amazonaws.com,2024-08-03 11:25:37+00:00,0,0,0.11587458
synthetic_cloudtrail.csv:6113,fe:cloudtrail.amazonaws.com,2024-08-05 05:01:06+00:00,0,0,0.108394265
synthetic_cloudtrail.csv:6114,fe:cloudtrail.amazonaws.com,2024-08-05 05:04:29+00:00,0,0,0.12785777
synthetic_cloudtrail.csv:6116,fe:cloudtrail.amazonaws.com,2024-08-05 05:09:54+00:00,0,0,0.1331868
synthetic_cloudtrail.csv:6118,fe:cloudtrail.amazonaws.com,2024-08-05 05:15:29+00:00,0,0,0.1299045
synthetic_cloudtrail.csv:6119,fe:cloudtrail.amazonaws.com,2024-08-05 05:17:53+00:00,0,0,0.13847624
synthetic_cloudtrail.csv:6123,fe:cloudtrail.amazonaws.com,2024-08-05 05:31:05+00:00,0,0,0.116194434
synthetic_cloudtrail.csv:6125,fe:cloudtrail.amazonaws.com,2024-08-05 05:33:07+00:00,0,0,0.13207299
synthetic_cloudtrail.csv:6176,fe:cloudtrail.amazonaws.com,2024-08-07 23:03:55+00:00,0,0,0.105734155
synthetic_cloudtrail.csv:6177,fe:cloudtrail.amazonaws.com,2024-08-07 23:06:57+00:00,0,0,0.12614582
synthetic_cloudtrail.csv:6178,fe:cloudtrail.amazonaws.com,2024-08-07 23:09:34+00:00,0,0,0.13327445
synthetic_cloudtrail.csv:6179,fe:cloudtrail.amazonaws.com,2024-08-07 23:12:35+00:00,0,0,0.1360314
synthetic_cloudtrail.csv:6181,fe:cloudtrail.amazonaws.com,2024-08-07 23:15:17+00:00,0,0,0.14092636
synthetic_cloudtrail.csv:6256,fe:cloudtrail.amazonaws.com,2024-08-11 09:07:54+00:00,0,0,0.11233293
synthetic_cloudtrail.csv:6260,fe:cloudtrail.amazonaws.com,2024-08-11 09:13:44+00:00,0,0,0.12367024
synthetic_cloudtrail.csv:6261,fe:cloudtrail.amazonaws.com,2024-08-11 09:16:42+00:00,0,0,0.12958415
synthetic_cloudtrail.csv:6262,fe:cloudtrail.amazonaws.com,2024-08-11 09:18:37+00:00,0,0,0.13471727
synthetic_cloudtrail.csv:6293,fe:cloudtrail.amazonaws.com,2024-08-11 15:01:20+00:00,0,0,0.10269269
synthetic_cloudtrail.csv:6294,fe:cloudtrail.amazonaws.com,2024-08-11 15:05:02+00:00,0,0,0.11979495
synthetic_cloudtrail.csv:6304,fe:cloudtrail.amazonaws.com,2024-08-11 21:15:18+00:00,0,0,0.1098939
synthetic_cloudtrail.csv:6305,fe:cloudtrail.amazonaws.com,2024-08-11 21:19:13+00:00,0,0,0.1258608
synthetic_cloudtrail.csv:6307,fe:cloudtrail.amazonaws.com,2024-08-11 21:25:17+00:00,0,0,0.13178758
synthetic_cloudtrail.csv:6334,fe:cloudtrail.amazonaws.com,2024-08-13 02:10:28+00:00,0,0,0.111038454
synthetic_cloudtrail.csv:6336,fe:cloudtrail.amazonaws.com,2024-08-13 02:16:19+00:00,0,0,0.12554708
synthetic_cloudtrail.csv:6357,fe:cloudtrail.amazonaws.com,2024-08-13 11:07:38+00:00,0,0,0.10944279
synthetic_cloudtrail.csv:6360,fe:cloudtrail.amazonaws.com,2024-08-13 11:14:21+00:00,0,0,0.120645374
synthetic_cloudtrail.csv:6362,fe:cloudtrail.amazonaws.com,2024-08-13 11:19:07+00:00,0,0,0.12448012
synthetic_cloudtrail.csv:6369,fe:cloudtrail.amazonaws.com,2024-08-14 20:04:27+00:00,0,0,0.10758403
synthetic_cloudtrail.csv:6373,fe:cloudtrail.amazonaws.com,2024-08-14 20:17:03+00:00,0,0,0.11155666
synthetic_cloudtrail.csv:6375,fe:cloudtrail.amazonaws.com,2024-08-14 20:20:38+00:00,0,0,0.12679121
synthetic_cloudtrail.csv:6412,fe:cloudtrail.amazonaws.com,2024-08-19 04:06:09+00:00,0,0,0.11179628
synthetic_cloudtrail.csv:6418,fe:cloudtrail.amazonaws.com,2024-08-19 04:17:02+00:00,0,0,0.11578021
synthetic_cloudtrail.csv:6419,fe:cloudtrail.amazonaws.com,2024-08-19 04:21:36+00:00,0,0,0.12960206
synthetic_cloudtrail.csv:6424,fe:cloudtrail.amazonaws.com,2024-08-20 03:14:45+00:00,0,0,0.11164901
synthetic_cloudtrail.csv:6426,fe:cloudtrail.amazonaws.com,2024-08-20 03:22:39+00:00,0,0,0.1254167
synthetic_cloudtrail.csv:6428,fe:cloudtrail.amazonaws.com,2024-08-20 03:29:13+00:00,0,0,0.12926653
synthetic_cloudtrail.csv:6467,fe:cloudtrail.amazonaws.com,2024-08-21 00:02:07+00:00,0,0,0.10639847
synthetic_cloudtrail.csv:6471,fe:cloudtrail.amazonaws.com,2024-08-21 00:10:42+00:00,0,0,0.12428721
synthetic_cloudtrail.csv:6472,fe:cloudtrail.amazonaws.com,2024-08-21 00:11:50+00:00,0,0,0.13480303
synthetic_cloudtrail.csv:6478,fe:cloudtrail.amazonaws.com,2024-08-21 09:13:48+00:00,0,0,0.11140962
synthetic_cloudtrail.csv:6479,fe:cloudtrail.amazonaws.com,2024-08-21 09:14:37+00:00,0,0,0.12629938
synthetic_cloudtrail.csv:6517,fe:cloudtrail.amazonaws.com,2024-08-22 00:04:43+00:00,0,0,0.10639841
synthetic_cloudtrail.csv:6521,fe:cloudtrail.amazonaws.com,2024-08-22 00:16:21+00:00,0,0,0.113784075
synthetic_cloudtrail.csv:6523,fe:cloudtrail.amazonaws.com,2024-08-22 00:18:13+00:00,0,0,0.13004586
synthetic_cloudtrail.csv:6525,fe:cloudtrail.amazonaws.com,2024-08-22 00:23:08+00:00,0,0,0.13514562
synthetic_cloudtrail.csv:6543,fe:cloudtrail.amazonaws.com,2024-08-22 23:03:59+00:00,0,0,0.10916607
synthetic_cloudtrail.csv:6547,fe:cloudtrail.amazonaws.com,2024-08-22 23:16:59+00:00,0,0,0.11307628
synthetic_cloudtrail.csv:6548,fe:cloudtrail.amazonaws.com,2024-08-22 23:18:54+00:00,0,0,0.12971012
synthetic_cloudtrail.csv:6625,fe:cloudtrail.amazonaws.com,2024-08-25 20:05:57+00:00,0,0,0.109024525
synthetic_cloudtrail.csv:6629,fe:cloudtrail.amazonaws.com,2024-08-25 20:16:11+00:00,0,0,0.11369778
synthetic_cloudtrail.csv:6645,fe:cloudtrail.amazonaws.com,2024-08-26 21:03:15+00:00,0,0,0.10437399
synthetic_cloudtrail.csv:6646,fe:cloudtrail.amazonaws.com,2024-08-26 21:07:13+00:00,0,0,0.12455189
synthetic_cloudtrail.csv:6650,fe:cloudtrail.amazonaws.com,2024-08-26 21:21:17+00:00,0,0,0.111849
synthetic_cloudtrail.csv:6690,fe:cloudtrail.amazonaws.com,2024-08-28 23:07:56+00:00,0,0,0.10934291
synthetic_cloudtrail.csv:6691,fe:cloudtrail.amazonaws.com,2024-08-28 23:10:39+00:00,0,0,0.12579146
synthetic_cloudtrail.csv:6692,fe:cloudtrail.amazonaws.com,2024-08-28 23:14:39+00:00,0,0,0.13194442
synthetic_cloudtrail.csv:6695,fe:cloudtrail.amazonaws.com,2024-08-28 23:23:39+00:00,0,0,0.1275885
synthetic_cloudtrail.csv:6696,fe:cloudtrail.amazonaws.com,2024-08-28 23:27:21+00:00,0,0,0.1291003
synthetic_cloudtrail.csv:6756,fe:cloudtrail.amazonaws.com,2024-09-02 22:06:17+00:00,0,0,0.1086389
synthetic_cloudtrail.csv:6757,fe:cloudtrail.amazonaws.com,2024-09-02 22:09:02+00:00,0,0,0.12523755
synthetic_cloudtrail.csv:6758,fe:cloudtrail.amazonaws.com,2024-09-02 22:12:14+00:00,0,0,0.1319294
synthetic_cloudtrail.csv:6760,fe:cloudtrail.amazonaws.com,2024-09-02 22:18:33+00:00,0,0,0.13543345
synthetic_cloudtrail.csv:6761,fe:cloudtrail.amazonaws.com,2024-09-02 22:23:31+00:00,0,0,0.12826246
synthetic_cloudtrail.csv:6763,fe:cloudtrail.amazonaws.com,2024-09-02 22:30:27+00:00,0,0,0.1280399
synthetic_cloudtrail.csv:6765,fe:cloudtrail.amazonaws.com,2024-09-02 22:35:52+00:00,0,0,0.12842841
synthetic_cloudtrail.csv:6768,fe:cloudtrail.amazonaws.com,2024-09-04 03:01:07+00:00,0,0,0.10791816
synthetic_cloudtrail.csv:6771,fe:cloudtrail.amazonaws.com,2024-09-04 03:08:03+00:00,0,0,0.12583931
synthetic_cloudtrail.csv:6772,fe:cloudtrail.amazonaws.com,2024-09-04 03:11:43+00:00,0,0,0.13011754
synthetic_cloudtrail.csv:6898,fe:cloudtrail.amazonaws.com,2024-09-06 03:01:55+00:00,0,0,0.10791808
synthetic_cloudtrail.csv:6899,fe:cloudtrail.amazonaws.com,2024-09-06 03:04:32+00:00,0,0,0.12790401
synthetic_cloudtrail.csv:6901,fe:cloudtrail.amazonaws.com,2024-09-06 03:06:35+00:00,0,0,0.13486663
synthetic_cloudtrail.csv:6902,fe:cloudtrail.amazonaws.com,2024-09-06 03:11:23+00:00,0,0,0.13607824
synthetic_cloudtrail.csv:6903,fe:cloudtrail.amazonaws.com,2024-09-06 03:14:36+00:00,0,0,0.13884546
synthetic_cloudtrail.csv:6904,fe:cloudtrail.amazonaws.com,2024-09-06 03:19:23+00:00,0,0,0.1370956
synthetic_cloudtrail.csv:6905,fe:cloudtrail.amazonaws.com,2024-09-06 03:21:47+00:00,0,0,0.13949351
synthetic_cloudtrail.csv:6906,fe:cloudtrail.amazonaws.com,2024-09-06 03:26:11+00:00,0,0,0.13813543
synthetic_cloudtrail.csv:6907,fe:cloudtrail.amazonaws.com,2024-09-06 03:27:39+00:00,0,0,0.14380708
synthetic_cloudtrail.csv:6997,fe:cloudtrail.amazonaws.com,2024-09-08 17:05:57+00:00,0,0,0.10646194
synthetic_cloudtrail.csv:7002,fe:cloudtrail.amazonaws.com,2024-09-08 17:17:26+00:00,0,0,0.11073561
synthetic_cloudtrail.csv:7004,fe:cloudtrail.amazonaws.com,2024-09-08 17:22:43+00:00,0,0,0.1207639
synthetic_cloudtrail.csv:7005,fe:cloudtrail.amazonaws.com,2024-09-08 17:26:32+00:00,0,0,0.12623478
synthetic_cloudtrail.csv:7006,fe:cloudtrail.amazonaws.com,2024-09-08 17:31:09+00:00,0,0,0.12743746
synthetic_cloudtrail.csv:7008,fe:cloudtrail.amazonaws.com,2024-09-08 17:34:51+00:00,0,0,0.12849307
synthetic_cloudtrail.csv:7009,fe:cloudtrail.amazonaws.com,2024-09-09 00:03:11+00:00,0,0,0.1063975
synthetic_cloudtrail.csv:7010,fe:cloudtrail.amazonaws.com,2024-09-09 00:03:51+00:00,0,0,0.12820642
synthetic_cloudtrail.csv:7013,fe:cloudtrail.amazonaws.com,2024-09-09 00:13:33+00:00,0,0,0.12970014
synthetic_cloudtrail.csv:7041,fe:cloudtrail.amazonaws.com,2024-09-10 15:04:30+00:00,0,0,0.10157052
synthetic_cloudtrail.csv:7043,fe:cloudtrail.amazonaws.com,2024-09-10 15:07:11+00:00,0,0,0.1192115
synthetic_cloudtrail.csv:7044,fe:cloudtrail.amazonaws.com,2024-09-10 15:10:16+00:00,0,0,0.12421576
synthetic_cloudtrail.csv:7048,fe:cloudtrail.amazonaws.com,2024-09-10 15:27:14+00:00,0,0,0.10952104
synthetic_cloudtrail.csv:7087,fe:cloudtrail.amazonaws.com,2024-09-11 23:03:07+00:00,0,0,0.105732314
synthetic_cloudtrail.csv:7088,fe:cloudtrail.amazonaws.com,2024-09-11 23:07:49+00:00,0,0,0.12533459
synthetic_cloudtrail.csv:7090,fe:cloudtrail.amazonaws.com,2024-09-11 23:11:47+00:00,0,0,0.1320577
synthetic_cloudtrail.csv:7092,fe:cloudtrail.amazonaws.com,2024-09-11 23:19:03+00:00,0,0,0.12804635
synthetic_cloudtrail.csv:7096,fe:cloudtrail.amazonaws.com,2024-09-11 23:28:27+00:00,0,0,0.12687953
synthetic_cloudtrail.csv:7102,fe:cloudtrail.amazonaws.com,2024-09-12 19:06:20+00:00,0,0,0.10704334
synthetic_cloudtrail.csv:7108,fe:cloudtrail.amazonaws.com,2024-09-12 19:26:27+00:00,0,0,0.11026801
synthetic_cloudtrail.csv:7165,fe:cloudtrail.amazonaws.com,2024-09-14 23:04:32+00:00,0,0,0.11066271
synthetic_cloudtrail.csv:7166,fe:cloudtrail.amazonaws.com,2024-09-14 23:05:35+00:00,0,0,0.12882455
synthetic_cloudtrail.csv:7170,fe:cloudtrail.amazonaws.com,2024-09-14 23:18:52+00:00,0,0,0.11480121
synthetic_cloudtrail.csv:7176,fe:cloudtrail.amazonaws.com,2024-09-15 05:07:54+00:00,0,0,0.11360003
synthetic_cloudtrail.csv:7180,fe:cloudtrail.amazonaws.com,2024-09-15 05:20:10+00:00,0,0,0.11770827
synthetic_cloudtrail.csv:7182,fe:cloudtrail.amazonaws.com,2024-09-15 05:25:26+00:00,0,0,0.13100563
synthetic_cloudtrail.csv:7371,fe:cloudtrail.amazonaws.com,2024-09-19 16:08:48+00:00,0,0,0.10585833
synthetic_cloudtrail.csv:7377,fe:cloudtrail.amazonaws.com,2024-09-19 16:31:16+00:00,0,0,0.10850323
synthetic_cloudtrail.csv:7378,fe:cloudtrail.amazonaws.com,2024-09-19 16:34:11+00:00,0,0,0.121153325
synthetic_cloudtrail.csv:7379,fe:cloudtrail.amazonaws.com,2024-09-19 16:36:18+00:00,0,0,0.12742665
synthetic_cloudtrail.csv:7386,fe:cloudtrail.amazonaws.com,2024-09-20 08:13:37+00:00,0,0,0.11227409
synthetic_cloudtrail.csv:7467,fe:cloudtrail.amazonaws.com,2024-09-27 08:25:32+00:00,0,0,0.112547174
synthetic_cloudtrail.csv:7489,fe:cloudtrail.amazonaws.com,2024-09-28 00:06:36+00:00,0,0,0.11129064
synthetic_cloudtrail.csv:7490,fe:cloudtrail.amazonaws.com,2024-09-28 00:11:05+00:00,0,0,0.12674782
synthetic_cloudtrail.csv:7491,fe:cloudtrail.amazonaws.com,2024-09-28 00:11:51+00:00,0,0,0.1367765
synthetic_cloudtrail.csv:7493,fe:cloudtrail.amazonaws.com,2024-09-28 00:19:50+00:00,0,0,0.13646987
synthetic_cloudtrail.csv:7496,fe:cloudtrail.amazonaws.com,2024-09-28 00:29:08+00:00,0,0,0.12883148
synthetic_cloudtrail.csv:7509,fe:cloudtrail.amazonaws.com,2024-09-28 10:04:22+00:00,0,0,0.106886104
synthetic_cloudtrail.csv:7512,fe:cloudtrail.amazonaws.com,2024-09-28 10:13:48+00:00,0,0,0.122264065
synthetic_cloudtrail.csv:7517,fe:cloudtrail.amazonaws.com,2024-09-28 10:30:07+00:00,0,0,0.11547693
synthetic_cloudtrail.csv:7607,fe:cloudtrail.amazonaws.com,2024-10-04 09:02:21+00:00,0,0,0.11080101
synthetic_cloudtrail.csv:7611,fe:cloudtrail.amazonaws.com,2024-10-04 09:06:55+00:00,0,0,0.12275941
synthetic_cloudtrail.csv:7612,fe:cloudtrail.amazonaws.com,2024-10-04 09:10:47+00:00,0,0,0.12772469
synthetic_cloudtrail.csv:7615,fe:cloudtrail.amazonaws.com,2024-10-04 09:18:56+00:00,0,0,0.12546577
synthetic_cloudtrail.csv:7733,fe:cloudtrail.amazonaws.com,2024-10-08 11:15:31+00:00,0,0,0.110048786
synthetic_cloudtrail.csv:7734,fe:cloudtrail.amazonaws.com,2024-10-08 11:17:35+00:00,0,0,0.123384066
synthetic_cloudtrail.csv:7736,fe:cloudtrail.amazonaws.com,2024-10-08 11:22:04+00:00,0,0,0.12702312
synthetic_cloudtrail.csv:7754,fe:cloudtrail.amazonaws.com,2024-10-09 00:02:58+00:00,0,0,0.10639659
synthetic_cloudtrail.csv:7758,fe:cloudtrail.amazonaws.com,2024-10-09 00:12:58+00:00,0,0,0.12402373
synthetic_cloudtrail.csv:7760,fe:cloudtrail.amazonaws.com,2024-10-09 00:18:48+00:00,0,0,0.12760124
synthetic_cloudtrail.csv:7761,fe:cloudtrail.amazonaws.com,2024-10-09 00:22:57+00:00,0,0,0.1352784
synthetic_cloudtrail.csv:7889,fe:cloudtrail.amazonaws.com,2024-10-11 22:06:03+00:00,0,0,0.10877648
synthetic_cloudtrail.csv:7890,fe:cloudtrail.amazonaws.com,2024-10-11 22:09:38+00:00,0,0,0.12478163
synthetic_cloudtrail.csv:7892,fe:cloudtrail.amazonaws.com,2024-10-11 22:15:27+00:00,0,0,0.13038445
synthetic_cloudtrail.csv:7894,fe:cloudtrail.amazonaws.com,2024-10-11 22:17:34+00:00,0,0,0.13768895
synthetic_cloudtrail.csv:7961,fe:cloudtrail.amazonaws.com,2024-10-15 00:04:51+00:00,0,0,0.10639651
synthetic_cloudtrail.csv:7962,fe:cloudtrail.amazonaws.com,2024-10-15 00:07:17+00:00,0,0,0.12700523
synthetic_cloudtrail.csv:7964,fe:cloudtrail.amazonaws.com,2024-10-15 00:13:26+00:00,0,0,0.13174997
synthetic_cloudtrail.csv:7967,fe:cloudtrail.amazonaws.com,2024-10-15 00:27:02+00:00,0,0,0.11378993
synthetic_cloudtrail.csv:7968,fe:cloudtrail.amazonaws.com,2024-10-15 00:30:18+00:00,0,0,0.12926297
synthetic_cloudtrail.csv:8052,fe:cloudtrail.amazonaws.com,2024-10-17 14:05:40+00:00,0,0,0.107104614
synthetic_cloudtrail.csv:8054,fe:cloudtrail.amazonaws.com,2024-10-17 14:11:46+00:00,0,0,0.11857022
synthetic_cloudtrail.csv:8055,fe:cloudtrail.amazonaws.com,2024-10-17 14:15:08+00:00,0,0,0.1245303
synthetic_cloudtrail.csv:8057,fe:cloudtrail.amazonaws.com,2024-10-17 14:18:12+00:00,0,0,0.12852477
synthetic_cloudtrail.csv:8128,fe:cloudtrail.amazonaws.com,2024-10-19 14:04:21+00:00,0,0,0.10335803
synthetic_cloudtrail.csv:8131,fe:cloudtrail.amazonaws.com,2024-10-19 14:11:56+00:00,0,0,0.11895267
synthetic_cloudtrail.csv:8136,fe:cloudtrail.amazonaws.com,2024-10-19 14:26:02+00:00,0,0,0.11216636
synthetic_cloudtrail.csv:8167,fe:cloudtrail.amazonaws.com,2024-10-19 19:07:48+00:00,0,0,0.1083887
synthetic_cloudtrail.csv:8171,fe:cloudtrail.amazonaws.com,2024-10-20 04:03:00+00:00,0,0,0.109644264
synthetic_cloudtrail.csv:8278,fe:cloudtrail.amazonaws.com,2024-10-24 07:26:37+00:00,0,0,0.11281318
synthetic_cloudtrail.csv:8279,fe:cloudtrail.amazonaws.com,2024-10-24 07:30:17+00:00,0,0,0.12798002
synthetic_cloudtrail.csv:8280,fe:cloudtrail.amazonaws.com,2024-10-24 07:31:15+00:00,0,0,0.1376653
synthetic_cloudtrail.csv:8289,fe:cloudtrail.amazonaws.com,2024-10-25 02:03:15+00:00,0,0,0.10750719
synthetic_cloudtrail.csv:8293,fe:cloudtrail.amazonaws.com,2024-10-25 02:10:47+00:00,0,0,0.12534815
synthetic_cloudtrail.csv:8295,fe:cloudtrail.amazonaws.com,2024-10-25 02:17:42+00:00,0,0,0.12825656
synthetic_cloudtrail.csv:8296,fe:cloudtrail.amazonaws.com,2024-10-25 02:21:09+00:00,0,0,0.13042769
synthetic_cloudtrail.csv:8378,fe:cloudtrail.amazonaws.com,2024-10-27 14:22:13+00:00,0,0,0.10892579
synthetic_cloudtrail.csv:8381,fe:cloudtrail.amazonaws.com,2024-10-28 04:01:00+00:00,0,0,0.108214624
synthetic_cloudtrail.csv:8388,fe:cloudtrail.amazonaws.com,2024-10-28 04:26:44+00:00,0,0,0.11422461
synthetic_cloudtrail.csv:8392,fe:cloudtrail.amazonaws.com,2024-10-28 04:34:37+00:00,0,0,0.12751238
synthetic_cloudtrail.csv:8394,fe:cloudtrail.amazonaws.com,2024-10-28 04:40:10+00:00,0,0,0.13085887
synthetic_cloudtrail.csv:8436,fe:cloudtrail.amazonaws.com,2024-11-02 02:15:29+00:00,0,0,0.11273481
synthetic_cloudtrail.csv:8438,fe:cloudtrail.amazonaws.com,2024-11-02 02:23:07+00:00,0,0,0.12682925
synthetic_cloudtrail.csv:8441,fe:cloudtrail.amazonaws.com,2024-11-02 02:31:35+00:00,0,0,0.13009365
synthetic_cloudtrail.csv:8477,fe:cloudtrail.amazonaws.com,2024-11-04 08:05:52+00:00,0,0,0.11192251
synthetic_cloudtrail.csv:8478,fe:cloudtrail.amazonaws.com,2024-11-04 08:09:13+00:00,0,0,0.1271295
synthetic_cloudtrail.csv:8479,fe:cloudtrail.amazonaws.com,2024-11-04 08:12:42+00:00,0,0,0.13365673
synthetic_cloudtrail.csv:8481,fe:cloudtrail.amazonaws.com,2024-11-04 08:20:11+00:00,0,0,0.13001165
synthetic_cloudtrail.csv:8483,fe:cloudtrail.amazonaws.com,2024-11-04 08:24:15+00:00,0,0,0.13069162
synthetic_cloudtrail.csv:8485,fe:cloudtrail.amazonaws.com,2024-11-04 08:31:36+00:00,0,0,0.1305324
synthetic_cloudtrail.csv:8554,fe:cloudtrail.amazonaws.com,2024-11-07 12:04:42+00:00,0,0,0.108760245
synthetic_cloudtrail.csv:8555,fe:cloudtrail.amazonaws.com,2024-11-07 12:05:38+00:00,0,0,0.12369519
synthetic_cloudtrail.csv:8556,fe:cloudtrail.amazonaws.com,2024-11-07 12:07:17+00:00,0,0,0.12815599
synthetic_cloudtrail.csv:8557,fe:cloudtrail.amazonaws.com,2024-11-07 12:07:55+00:00,0,0,0.13319696
synthetic_cloudtrail.csv:8558,fe:cloudtrail.amazonaws.com,2024-11-07 12:11:23+00:00,0,0,0.13050304
synthetic_cloudtrail.csv:8748,fe:cloudtrail.amazonaws.com,2024-11-14 13:06:57+00:00,0,0,0.10778949
synthetic_cloudtrail.csv:8751,fe:cloudtrail.amazonaws.com,2024-11-14 13:15:51+00:00,0,0,0.11860045
synthetic_cloudtrail.csv:8806,fe:cloudtrail.amazonaws.com,2024-11-15 17:11:38+00:00,0,0,0.105796196
synthetic_cloudtrail.csv:8807,fe:cloudtrail.amazonaws.com,2024-11-15 17:14:27+00:00,0,0,0.118890494
synthetic_cloudtrail.csv:8809,fe:cloudtrail.amazonaws.com,2024-11-15 17:18:13+00:00,0,0,0.12335402
synthetic_cloudtrail.csv:8833,fe:cloudtrail.amazonaws.com,2024-11-16 09:08:38+00:00,0,0,0.11243997
synthetic_cloudtrail.csv:8834,fe:cloudtrail.amazonaws.com,2024-11-16 09:10:59+00:00,0,0,0.12544607
synthetic_cloudtrail.csv:8840,fe:cloudtrail.amazonaws.com,2024-11-16 09:28:12+00:00,0,0,0.11593723
synthetic_cloudtrail.csv:8841,fe:cloudtrail.amazonaws.com,2024-11-16 09:30:18+00:00,0,0,0.12853919
synthetic_cloudtrail.csv:8844,fe:cloudtrail.amazonaws.com,2024-11-16 09:36:26+00:00,0,0,0.13148262
synthetic_cloudtrail.csv:8937,fe:cloudtrail.amazonaws.com,2024-11-20 12:11:27+00:00,0,0,0.109030366
synthetic_cloudtrail.csv:8938,fe:cloudtrail.amazonaws.com,2024-11-20 12:14:23+00:00,0,0,0.12176005
synthetic_cloudtrail.csv:8939,fe:cloudtrail.amazonaws.com,2024-11-20 12:16:44+00:00,0,0,0.12736993
synthetic_cloudtrail.csv:8940,fe:cloudtrail.amazonaws.com,2024-11-20 12:20:13+00:00,0,0,0.12904939
synthetic_cloudtrail.csv:8941,fe:cloudtrail.amazonaws.com,2024-11-20 12:23:55+00:00,0,0,0.1335909
synthetic_cloudtrail.csv:8997,fe:cloudtrail.amazonaws.com,2024-11-22 02:22:21+00:00,0,0,0.11144325
synthetic_cloudtrail.csv:9051,fe:cloudtrail.amazonaws.com,2024-11-23 12:01:02+00:00,0,0,0.10509262
synthetic_cloudtrail.csv:9052,fe:cloudtrail.amazonaws.com,2024-11-23 12:02:16+00:00,0,0,0.12409194
synthetic_cloudtrail.csv:9054,fe:cloudtrail.amazonaws.com,2024-11-23 12:08:25+00:00,0,0,0.12632424
synthetic_cloudtrail.csv:9057,fe:cloudtrail.amazonaws.com,2024-11-23 12:14:00+00:00,0,0,0.124524735
synthetic_cloudtrail.csv:9104,fe:cloudtrail.amazonaws.com,2024-11-25 02:08:13+00:00,0,0,0.11089675
synthetic_cloudtrail.csv:9106,fe:cloudtrail.amazonaws.com,2024-11-25 02:11:54+00:00,0,0,0.12621759
synthetic_cloudtrail.csv:9108,fe:cloudtrail.amazonaws.com,2024-11-25 02:17:03+00:00,0,0,0.13213685
synthetic_cloudtrail.csv:9109,fe:cloudtrail.amazonaws.com,2024-11-25 02:19:45+00:00,0,0,0.13848978
synthetic_cloudtrail.csv:9173,fe:cloudtrail.amazonaws.com,2024-11-26 20:02:56+00:00,0,0,0.10378505
synthetic_cloudtrail.csv:9174,fe:cloudtrail.amazonaws.com,2024-11-26 20:04:30+00:00,0,0,0.12558554
synthetic_cloudtrail.csv:9175,fe:cloudtrail.amazonaws.com,2024-11-26 20:07:29+00:00,0,0,0.131699
synthetic_cloudtrail.csv:9176,fe:cloudtrail.amazonaws.com,2024-11-26 20:08:42+00:00,0,0,0.13711412
synthetic_cloudtrail.csv:9261,fe:cloudtrail.amazonaws.com,2024-11-28 21:04:16+00:00,0,0,0.10802822
synthetic_cloudtrail.csv:9262,fe:cloudtrail.amazonaws.com,2024-11-28 21:08:10+00:00,0,0,0.12406109
synthetic_cloudtrail.csv:9264,fe:cloudtrail.amazonaws.com,2024-11-28 21:11:30+00:00,0,0,0.13114737
synthetic_cloudtrail.csv:9267,fe:cloudtrail.amazonaws.com,2024-11-28 21:15:58+00:00,0,0,0.13527943
synthetic_cloudtrail.csv:9270,fe:cloudtrail.amazonaws.com,2024-11-28 21:25:54+00:00,0,0,0.1263952
synthetic_cloudtrail.csv:9407,fe:cloudtrail.amazonaws.com,2024-12-05 10:01:09+00:00,0,0,0.10566798
synthetic_cloudtrail.csv:9408,fe:cloudtrail.amazonaws.com,2024-12-05 10:04:20+00:00,0,0,0.12295099
synthetic_cloudtrail.csv:9414,fe:cloudtrail.amazonaws.com,2024-12-05 10:21:07+00:00,0,0,0.11359514
synthetic_cloudtrail.csv:9417,fe:cloudtrail.amazonaws.com,2024-12-05 10:26:54+00:00,0,0,0.12408129
synthetic_cloudtrail.csv:9478,fe:cloudtrail.amazonaws.com,2024-12-08 06:12:11+00:00,0,0,0.11392367
synthetic_cloudtrail.csv:9483,fe:cloudtrail.amazonaws.com,2024-12-08 06:24:11+00:00,0,0,0.11811941
synthetic_cloudtrail.csv:9484,fe:cloudtrail.amazonaws.com,2024-12-08 06:27:25+00:00,0,0,0.13262492
synthetic_cloudtrail.csv:9485,fe:cloudtrail.amazonaws.com,2024-12-08 06:28:42+00:00,0,0,0.14187966
synthetic_cloudtrail.csv:9526,fe:cloudtrail.amazonaws.com,2024-12-09 14:04:59+00:00,0,0,0.102219716
synthetic_cloudtrail.csv:9530,fe:cloudtrail.amazonaws.com,2024-12-09 14:18:09+00:00,0,0,0.1105298
synthetic_cloudtrail.csv:9545,fe:cloudtrail.amazonaws.com,2024-12-09 17:08:48+00:00,0,0,0.10571434
synthetic_cloudtrail.csv:9558,fe:cloudtrail.amazonaws.com,2024-12-09 17:25:39+00:00,0,0,0.10870574
synthetic_cloudtrail.csv:9559,fe:cloudtrail.amazonaws.com,2024-12-09 17:26:21+00:00,0,0,0.12421302
synthetic_cloudtrail.csv:9563,fe:cloudtrail.amazonaws.com,2024-12-09 17:37:48+00:00,0,0,0.110054694
synthetic_cloudtrail.csv:9566,fe:cloudtrail.amazonaws.com,2024-12-10 10:08:00+00:00,0,0,0.11060972
synthetic_cloudtrail.csv:9567,fe:cloudtrail.amazonaws.com,2024-12-10 10:12:11+00:00,0,0,0.12244032
synthetic_cloudtrail.csv:9568,fe:cloudtrail.amazonaws.com,2024-12-10 10:16:19+00:00,0,0,0.12723348
synthetic_cloudtrail.csv:9573,fe:cloudtrail.amazonaws.com,2024-12-10 10:33:52+00:00,0,0,0.11389642
synthetic_cloudtrail.csv:9627,fe:cloudtrail.amazonaws.com,2024-12-12 01:13:43+00:00,0,0,0.110690735
synthetic_cloudtrail.csv:9628,fe:cloudtrail.amazonaws.com,2024-12-12 01:18:16+00:00,0,0,0.12597397
synthetic_cloudtrail.csv:9629,fe:cloudtrail.amazonaws.com,2024-12-12 01:21:09+00:00,0,0,0.13365483
synthetic_cloudtrail.csv:9630,fe:cloudtrail.amazonaws.com,2024-12-12 01:23:50+00:00,0,0,0.1389682
synthetic_cloudtrail.csv:9632,fe:cloudtrail.amazonaws.com,2024-12-12 01:29:30+00:00,0,0,0.13797614
synthetic_cloudtrail.csv:9633,fe:cloudtrail.amazonaws.com,2024-12-12 01:33:05+00:00,0,0,0.13920963
synthetic_cloudtrail.csv:9635,fe:cloudtrail.amazonaws.com,2024-12-12 01:36:07+00:00,0,0,0.13914739
synthetic_cloudtrail.csv:9652,fe:cloudtrail.amazonaws.com,2024-12-13 01:02:45+00:00,0,0,0.106994964
synthetic_cloudtrail.csv:9656,fe:cloudtrail.amazonaws.com,2024-12-13 01:17:01+00:00,0,0,0.11392723
synthetic_cloudtrail.csv:9670,fe:cloudtrail.amazonaws.com,2024-12-13 13:02:04+00:00,0,0,0.107235186
synthetic_cloudtrail.csv:9679,fe:cloudtrail.amazonaws.com,2024-12-13 15:06:31+00:00,0,0,0.10639243
synthetic_cloudtrail.csv:9680,fe:cloudtrail.amazonaws.com,2024-12-13 15:10:23+00:00,0,0,0.118810356
synthetic_cloudtrail.csv:9682,fe:cloudtrail.amazonaws.com,2024-12-13 15:16:11+00:00,0,0,0.12287963
synthetic_cloudtrail.csv:9844,fe:cloudtrail.amazonaws.com,2024-12-18 04:11:03+00:00,0,0,0.111964166
synthetic_cloudtrail.csv:9847,fe:cloudtrail.amazonaws.com,2024-12-18 04:19:02+00:00,0,0,0.1253838
synthetic_cloudtrail.csv:9848,fe:cloudtrail.amazonaws.com,2024-12-18 04:21:10+00:00,0,0,0.13184243
synthetic_cloudtrail.csv:9849,fe:cloudtrail.amazonaws.com,2024-12-18 04:24:48+00:00,0,0,0.1378831
synthetic_cloudtrail.csv:9852,fe:cloudtrail.amazonaws.com,2024-12-18 04:32:21+00:00,0,0,0.13043167
synthetic_cloudtrail.csv:9853,fe:cloudtrail.amazonaws.com,2024-12-18 04:34:32+00:00,0,0,0.14013201
synthetic_cloudtrail.csv:9866,fe:cloudtrail.amazonaws.com,2024-12-19 12:17:53+00:00,0,0,0.10918605
synthetic_cloudtrail.csv:9868,fe:cloudtrail.amazonaws.com,2024-12-19 12:20:48+00:00,0,0,0.121843256
synthetic_cloudtrail.csv:9873,fe:cloudtrail.amazonaws.com,2024-12-19 12:40:59+00:00,0,0,0.112038314
synthetic_cloudtrail.csv:9923,fe:cloudtrail.amazonaws.com,2024-12-21 13:19:18+00:00,0,0,0.10965449
synthetic_cloudtrail.csv:9924,fe:cloudtrail.amazonaws.com,2024-12-21 13:20:39+00:00,0,0,0.1240546
synthetic_cloudtrail.csv:9959,fe:cloudtrail.amazonaws.com,2024-12-25 09:02:21+00:00,0,0,0.10638315
synthetic_cloudtrail.csv:9960,fe:cloudtrail.amazonaws.com,2024-12-25 09:06:25+00:00,0,0,0.123138554
synthetic_cloudtrail.csv:9961,fe:cloudtrail.amazonaws.com,2024-12-25 09:09:57+00:00,0,0,0.12812279
synthetic_cloudtrail.csv:9962,fe:cloudtrail.amazonaws.com,2024-12-25 09:13:08+00:00,0,0,0.13222511
synthetic_cloudtrail.csv:9966,fe:cloudtrail.amazonaws.com,2024-12-25 09:24:22+00:00,0,0,0.11528914
synthetic_cloudtrail.csv:9969,fe:cloudtrail.amazonaws.com,2024-12-25 09:30:46+00:00,0,0,0.12518997
synthetic_cloudtrail.csv:9971,fe:cloudtrail.amazonaws.com,2024-12-25 09:35:11+00:00,0,0,0.12710024
synthetic_cloudtrail.csv:10010,fe:cloudtrail.amazonaws.com,2024-12-28 01:19:40+00:00,0,0,0.11220849
synthetic_cloudtrail.csv:10011,fe:cloudtrail.amazonaws.com,2024-12-28 10:01:24+00:00,0,0,0.1068833
synthetic_cloudtrail.csv:10015,fe:cloudtrail.amazonaws.com,2024-12-28 10:14:40+00:00,0,0,0.11558576
synthetic_cloudtrail.csv:10016,fe:cloudtrail.amazonaws.com,2024-12-28 10:16:24+00:00,0,0,0.12812965
synthetic_cloudtrail.csv:7244,fe:cmkavy,2024-09-16 16:01:28+00:00,0,0,0.12432303
synthetic_cloudtrail.csv:7245,fe:cmkavy,2024-09-16 16:01:37+00:00,0,0,0.11233517
synthetic_cloudtrail.csv:7246,fe:cmkavy,2024-09-16 16:02:03+00:00,0,0,0.11560328
synthetic_cloudtrail.csv:7247,fe:cmkavy,2024-09-16 16:03:27+00:00,0,0,0.11322231
synthetic_cloudtrail.csv:7248,fe:cmkavy,2024-09-16 16:05:18+00:00,0,0,0.12406276
synthetic_cloudtrail.csv:7249,fe:cmkavy,2024-09-16 16:06:18+00:00,0,0,0.13406798
synthetic_cloudtrail.csv:7250,fe:cmkavy,2024-09-16 16:06:48+00:00,0,0,0.12290782
synthetic_cloudtrail.csv:7251,fe:cmkavy,2024-09-16 16:07:44+00:00,0,0,0.12131626
synthetic_cloudtrail.csv:7252,fe:cmkavy,2024-09-16 16:09:36+00:00,0,0,0.10148104
synthetic_cloudtrail.csv:7253,fe:cmkavy,2024-09-16 16:10:44+00:00,0,0,0.1162035
synthetic_cloudtrail.csv:1392,fe:cnfujv,2024-02-16 17:00:39+00:00,0,0,0.11882519
synthetic_cloudtrail.csv:1393,fe:cnfujv,2024-02-16 17:01:24+00:00,0,0,0.23591247
synthetic_cloudtrail.csv:1394,fe:cnfujv,2024-02-16 17:02:26+00:00,0,0,0.11749701
synthetic_cloudtrail.csv:1395,fe:cnfujv,2024-02-16 17:03:17+00:00,0,0,0.1235857
synthetic_cloudtrail.csv:1396,fe:cnfujv,2024-02-16 17:04:15+00:00,0,0,0.16696022
synthetic_cloudtrail.csv:1397,fe:cnfujv,2024-02-16 17:04:25+00:00,0,0,0.11455608
synthetic_cloudtrail.csv:1398,fe:cnfujv,2024-02-16 17:05:16+00:00,0,0,0.1226906
synthetic_cloudtrail.csv:1399,fe:cnfujv,2024-02-16 17:06:27+00:00,0,0,0.122739464
synthetic_cloudtrail.csv:1400,fe:cnfujv,2024-02-16 17:07:40+00:00,0,0,0.11602235
synthetic_cloudtrail.csv:1401,fe:cnfujv,2024-02-16 17:09:39+00:00,0,0,0.20539264
synthetic_cloudtrail.csv:1402,fe:cnfujv,2024-02-16 17:10:55+00:00,0,0,0.1174586
synthetic_cloudtrail.csv:1858,fe:cnlyfhrwjz,2024-03-04 10:00:23+00:00,0,0,0.12125615
synthetic_cloudtrail.csv:1859,fe:cnlyfhrwjz,2024-03-04 10:00:47+00:00,0,0,0.12316382
synthetic_cloudtrail.csv:1860,fe:cnlyfhrwjz,2024-03-04 10:01:03+00:00,0,0,0.115301825
synthetic_cloudtrail.csv:1861,fe:cnlyfhrwjz,2024-03-04 10:01:29+00:00,1,1,0.9928837
synthetic_cloudtrail.csv:1862,fe:cnlyfhrwjz,2024-03-04 10:01:34+00:00,1,1,0.99510103
synthetic_cloudtrail.csv:1863,fe:cnlyfhrwjz,2024-03-04 10:02:03+00:00,1,1,0.99260944
synthetic_cloudtrail.csv:8395,fe:couhay,2024-10-28 13:01:32+00:00,0,0,0.19659746
synthetic_cloudtrail.csv:8396,fe:couhay,2024-10-28 13:03:15+00:00,0,0,0.12815462
synthetic_cloudtrail.csv:8397,fe:couhay,2024-10-28 13:03:28+00:00,0,0,0.108229354
synthetic_cloudtrail.csv:8398,fe:couhay,2024-10-28 13:05:19+00:00,0,0,0.12782347
synthetic_cloudtrail.csv:8399,fe:couhay,2024-10-28 13:05:54+00:00,0,0,0.110563055
synthetic_cloudtrail.csv:8400,fe:couhay,2024-10-28 13:07:47+00:00,0,0,0.113764174
synthetic_cloudtrail.csv:8401,fe:couhay,2024-10-28 13:09:06+00:00,0,0,0.15218395
synthetic_cloudtrail.csv:8402,fe:couhay,2024-10-28 13:10:31+00:00,0,0,0.11087164
synthetic_cloudtrail.csv:8403,fe:couhay,2024-10-28 13:11:24+00:00,0,0,0.11278751
synthetic_cloudtrail.csv:8404,fe:couhay,2024-10-28 13:13:07+00:00,0,0,0.12632285
synthetic_cloudtrail.csv:8405,fe:couhay,2024-10-28 13:13:44+00:00,0,0,0.110513344
synthetic_cloudtrail.csv:8406,fe:couhay,2024-10-28 13:14:45+00:00,0,0,0.26620284
synthetic_cloudtrail.csv:8407,fe:couhay,2024-10-28 13:15:49+00:00,0,0,0.11138584
synthetic_cloudtrail.csv:8408,fe:couhay,2024-10-28 13:17:40+00:00,0,0,0.12706852
synthetic_cloudtrail.csv:8409,fe:couhay,2024-10-28 13:19:27+00:00,0,0,0.11466915
synthetic_cloudtrail.csv:8410,fe:couhay,2024-10-28 13:20:16+00:00,0,0,0.11562274
synthetic_cloudtrail.csv:8411,fe:couhay,2024-10-28 13:20:29+00:00,0,0,0.12470773
synthetic_cloudtrail.csv:1234,fe:cploxvz,2024-02-11 12:00:29+00:00,0,0,0.14399533
synthetic_cloudtrail.csv:1235,fe:cploxvz,2024-02-11 12:00:49+00:00,0,0,0.14185475
synthetic_cloudtrail.csv:1236,fe:cploxvz,2024-02-11 12:01:08+00:00,0,0,0.1338181
synthetic_cloudtrail.csv:1237,fe:cploxvz,2024-02-11 12:01:26+00:00,1,1,0.99156463
synthetic_cloudtrail.csv:1238,fe:cploxvz,2024-02-11 12:02:18+00:00,1,1,0.98804027
synthetic_cloudtrail.csv:695,fe:csoere,2024-01-21 09:01:12+00:00,0,0,0.1197903
synthetic_cloudtrail.csv:696,fe:csoere,2024-01-21 09:01:36+00:00,0,0,0.117017105
synthetic_cloudtrail.csv:697,fe:csoere,2024-01-21 09:02:28+00:00,0,0,0.14776951
synthetic_cloudtrail.csv:698,fe:csoere,2024-01-21 09:03:19+00:00,0,0,0.13890234
synthetic_cloudtrail.csv:699,fe:csoere,2024-01-21 09:04:29+00:00,0,0,0.119043
synthetic_cloudtrail.csv:700,fe:csoere,2024-01-21 09:04:49+00:00,0,0,0.1280289
synthetic_cloudtrail.csv:701,fe:csoere,2024-01-21 09:04:57+00:00,0,0,0.121595755
synthetic_cloudtrail.csv:702,fe:csoere,2024-01-21 09:05:08+00:00,0,0,0.117561616
synthetic_cloudtrail.csv:703,fe:csoere,2024-01-21 09:06:30+00:00,0,0,0.12757906
synthetic_cloudtrail.csv:54,fe:ctozdr,2024-01-03 11:01:16+00:00,0,0,0.13637616
synthetic_cloudtrail.csv:55,fe:ctozdr,2024-01-03 11:01:38+00:00,0,0,0.12037552
synthetic_cloudtrail.csv:56,fe:ctozdr,2024-01-03 11:02:01+00:00,0,0,0.14603579
synthetic_cloudtrail.csv:57,fe:ctozdr,2024-01-03 11:02:45+00:00,0,0,0.10708796
synthetic_cloudtrail.csv:58,fe:ctozdr,2024-01-03 11:03:30+00:00,0,0,0.13786718
synthetic_cloudtrail.csv:59,fe:ctozdr,2024-01-03 11:04:05+00:00,0,0,0.11323223
synthetic_cloudtrail.csv:60,fe:ctozdr,2024-01-03 11:05:34+00:00,0,0,0.14625514
synthetic_cloudtrail.csv:61,fe:ctozdr,2024-01-03 11:06:16+00:00,0,0,0.1093346
synthetic_cloudtrail.csv:62,fe:ctozdr,2024-01-03 11:08:03+00:00,0,0,0.12691928
synthetic_cloudtrail.csv:63,fe:ctozdr,2024-01-03 11:10:03+00:00,0,0,0.108219735
synthetic_cloudtrail.csv:64,fe:ctozdr,2024-01-03 11:10:46+00:00,0,0,0.12312861
synthetic_cloudtrail.csv:65,fe:ctozdr,2024-01-03 11:11:31+00:00,0,0,0.11912627
synthetic_cloudtrail.csv:66,fe:ctozdr,2024-01-03 11:13:24+00:00,0,0,0.13083558
synthetic_cloudtrail.csv:67,fe:ctozdr,2024-01-03 11:14:22+00:00,0,0,0.11760893
synthetic_cloudtrail.csv:68,fe:ctozdr,2024-01-03 11:15:56+00:00,0,0,0.1223343
synthetic_cloudtrail.csv:69,fe:ctozdr,2024-01-03 11:17:37+00:00,0,0,0.118949205
synthetic_cloudtrail.csv:70,fe:ctozdr,2024-01-03 11:19:09+00:00,0,0,0.1307949
synthetic_cloudtrail.csv:7254,fe:cupspc,2024-09-17 07:01:44+00:00,0,0,0.10944215
synthetic_cloudtrail.csv:7255,fe:cupspc,2024-09-17 07:03:15+00:00,0,0,0.1382424
synthetic_cloudtrail.csv:7256,fe:cupspc,2024-09-17 07:04:00+00:00,0,0,0.11411467
synthetic_cloudtrail.csv:7257,fe:cupspc,2024-09-17 07:04:54+00:00,0,0,0.15238166
synthetic_cloudtrail.csv:7258,fe:cupspc,2024-09-17 07:06:14+00:00,0,0,0.13765131
synthetic_cloudtrail.csv:7259,fe:cupspc,2024-09-17 07:06:45+00:00,0,0,0.11672154
synthetic_cloudtrail.csv:7260,fe:cupspc,2024-09-17 07:08:21+00:00,0,0,0.117961824
synthetic_cloudtrail.csv:7261,fe:cupspc,2024-09-17 07:10:19+00:00,0,0,0.14754432
synthetic_cloudtrail.csv:7262,fe:cupspc,2024-09-17 07:10:26+00:00,0,0,0.11590865
synthetic_cloudtrail.csv:7263,fe:cupspc,2024-09-17 07:12:25+00:00,0,0,0.11936539
synthetic_cloudtrail.csv:7264,fe:cupspc,2024-09-17 07:14:18+00:00,0,0,0.14638568
synthetic_cloudtrail.csv:7265,fe:cupspc,2024-09-17 07:16:16+00:00,0,0,0.1398023
synthetic_cloudtrail.csv:7266,fe:cupspc,2024-09-17 07:17:27+00:00,0,0,0.119079314
synthetic_cloudtrail.csv:1941,fe:cxpvsbki,2024-03-06 15:00:23+00:00,0,0,0.12129134
synthetic_cloudtrail.csv:1942,fe:cxpvsbki,2024-03-06 15:00:32+00:00,0,0,0.110049374
synthetic_cloudtrail.csv:1943,fe:cxpvsbki,2024-03-06 15:00:45+00:00,0,0,0.12775639
synthetic_cloudtrail.csv:1944,fe:cxpvsbki,2024-03-06 15:01:08+00:00,0,0,0.13086706
synthetic_cloudtrail.csv:1945,fe:cxpvsbki,2024-03-06 15:01:34+00:00,0,0,0.11318278
synthetic_cloudtrail.csv:1946,fe:cxpvsbki,2024-03-06 15:01:56+00:00,0,0,0.12801133
synthetic_cloudtrail.csv:1947,fe:cxpvsbki,2024-03-06 15:02:07+00:00,0,0,0.11730658
synthetic_cloudtrail.csv:1948,fe:cxpvsbki,2024-03-06 15:02:43+00:00,1,1,0.994348
synthetic_cloudtrail.csv:1949,fe:cxpvsbki,2024-03-06 15:03:30+00:00,1,1,0.99326444
synthetic_cloudtrail.csv:4212,fe:cyegzf,2024-05-26 10:00:41+00:00,0,0,0.13391131
synthetic_cloudtrail.csv:4213,fe:cyegzf,2024-05-26 10:01:18+00:00,0,0,0.11880947
synthetic_cloudtrail.csv:4215,fe:cyegzf,2024-05-26 10:02:22+00:00,0,0,0.117328726
synthetic_cloudtrail.csv:4216,fe:cyegzf,2024-05-26 10:02:36+00:00,0,0,0.12132283
synthetic_cloudtrail.csv:4217,fe:cyegzf,2024-05-26 10:03:05+00:00,0,0,0.14242321
synthetic_cloudtrail.csv:4220,fe:cyegzf,2024-05-26 10:04:28+00:00,0,0,0.30000502
synthetic_cloudtrail.csv:4222,fe:cyegzf,2024-05-26 10:05:52+00:00,0,0,0.1228788
synthetic_cloudtrail.csv:4224,fe:cyegzf,2024-05-26 10:07:48+00:00,0,0,0.14587478
synthetic_cloudtrail.csv:4227,fe:cyegzf,2024-05-26 10:08:48+00:00,0,0,0.112740345
synthetic_cloudtrail.csv:4231,fe:cyegzf,2024-05-26 10:10:27+00:00,0,0,0.1270003
synthetic_cloudtrail.csv:4232,fe:cyegzf,2024-05-26 10:10:44+00:00,0,0,0.12536834
synthetic_cloudtrail.csv:4234,fe:cyegzf,2024-05-26 10:12:42+00:00,0,0,0.13077515
synthetic_cloudtrail.csv:4236,fe:cyegzf,2024-05-26 10:14:17+00:00,0,0,0.16701223
synthetic_cloudtrail.csv:4237,fe:cyegzf,2024-05-26 10:14:41+00:00,0,0,0.14240305
synthetic_cloudtrail.csv:4239,fe:cyegzf,2024-05-26 10:15:48+00:00,0,0,0.122910134
synthetic_cloudtrail.csv:4241,fe:cyegzf,2024-05-26 10:17:38+00:00,0,0,0.12289563
synthetic_cloudtrail.csv:4243,fe:cyegzf,2024-05-26 10:18:29+00:00,0,0,0.120982036
synthetic_cloudtrail.csv:4599,fe:cylebmnof,2024-06-08 12:00:07+00:00,0,0,0.11657321
synthetic_cloudtrail.csv:4600,fe:cylebmnof,2024-06-08 12:00:36+00:00,0,0,0.11137842
synthetic_cloudtrail.csv:4601,fe:cylebmnof,2024-06-08 12:00:48+00:00,0,0,0.13838522
synthetic_cloudtrail.csv:4602,fe:cylebmnof,2024-06-08 12:01:01+00:00,0,0,0.12900469
synthetic_cloudtrail.csv:4603,fe:cylebmnof,2024-06-08 12:01:23+00:00,0,0,0.12383139
synthetic_cloudtrail.csv:4604,fe:cylebmnof,2024-06-08 12:01:39+00:00,1,1,0.9944007
synthetic_cloudtrail.csv:4605,fe:cylebmnof,2024-06-08 12:02:28+00:00,0,0,0.118929535
synthetic_cloudtrail.csv:4606,fe:cylebmnof,2024-06-08 12:03:46+00:00,1,0,0.32555914
synthetic_cloudtrail.csv:5319,fe:czesmh,2024-07-06 07:01:36+00:00,0,0,0.17046973
synthetic_cloudtrail.csv:5320,fe:czesmh,2024-07-06 07:02:01+00:00,0,0,0.12905423
synthetic_cloudtrail.csv:5321,fe:czesmh,2024-07-06 07:02:45+00:00,0,0,0.1252008
synthetic_cloudtrail.csv:5322,fe:czesmh,2024-07-06 07:04:25+00:00,0,0,0.12261425
synthetic_cloudtrail.csv:5323,fe:czesmh,2024-07-06 07:04:50+00:00,0,0,0.12902655
synthetic_cloudtrail.csv:5324,fe:czesmh,2024-07-06 07:05:14+00:00,0,0,0.15120897
synthetic_cloudtrail.csv:5325,fe:czesmh,2024-07-06 07:07:01+00:00,0,0,0.12314578
synthetic_cloudtrail.csv:5326,fe:czesmh,2024-07-06 07:07:38+00:00,0,0,0.13082153
synthetic_cloudtrail.csv:5327,fe:czesmh,2024-07-06 07:09:08+00:00,0,0,0.12383119
synthetic_cloudtrail.csv:5328,fe:czesmh,2024-07-06 07:09:34+00:00,0,0,0.11567548
synthetic_cloudtrail.csv:5329,fe:czesmh,2024-07-06 07:09:53+00:00,0,0,0.114204064
synthetic_cloudtrail.csv:5330,fe:czesmh,2024-07-06 07:10:09+00:00,0,0,0.1258728
synthetic_cloudtrail.csv:5331,fe:czesmh,2024-07-06 07:11:19+00:00,0,0,0.107969016
synthetic_cloudtrail.csv:5332,fe:czesmh,2024-07-06 07:11:53+00:00,0,0,0.11402887
synthetic_cloudtrail.csv:5333,fe:czesmh,2024-07-06 07:13:01+00:00,0,0,0.1126096
synthetic_cloudtrail.csv:5334,fe:czesmh,2024-07-06 07:14:49+00:00,0,0,0.1356528
synthetic_cloudtrail.csv:3206,fe:dcgmuc,2024-04-25 12:00:33+00:00,0,0,0.13277377
synthetic_cloudtrail.csv:3207,fe:dcgmuc,2024-04-25 12:01:41+00:00,0,0,0.120784596
synthetic_cloudtrail.csv:3208,fe:dcgmuc,2024-04-25 12:02:34+00:00,0,0,0.11699894
synthetic_cloudtrail.csv:3209,fe:dcgmuc,2024-04-25 12:02:54+00:00,0,0,0.11725384
synthetic_cloudtrail.csv:3210,fe:dcgmuc,2024-04-25 12:03:24+00:00,0,0,0.1251992
synthetic_cloudtrail.csv:3211,fe:dcgmuc,2024-04-25 12:04:22+00:00,0,0,0.113655984
synthetic_cloudtrail.csv:3212,fe:dcgmuc,2024-04-25 12:04:35+00:00,0,0,0.12161422
synthetic_cloudtrail.csv:3213,fe:dcgmuc,2024-04-25 12:05:42+00:00,0,0,0.1520112
synthetic_cloudtrail.csv:3214,fe:dcgmuc,2024-04-25 12:07:42+00:00,0,0,0.12017022
synthetic_cloudtrail.csv:3215,fe:dcgmuc,2024-04-25 12:09:36+00:00,0,0,0.1390677
synthetic_cloudtrail.csv:3216,fe:dcgmuc,2024-04-25 12:11:00+00:00,0,0,0.1155918
synthetic_cloudtrail.csv:3217,fe:dcgmuc,2024-04-25 12:11:21+00:00,0,0,0.1137606
synthetic_cloudtrail.csv:3218,fe:dcgmuc,2024-04-25 12:11:49+00:00,0,0,0.11399333
synthetic_cloudtrail.csv:3219,fe:dcgmuc,2024-04-25 12:13:34+00:00,0,0,0.11963152
synthetic_cloudtrail.csv:3220,fe:dcgmuc,2024-04-25 12:15:26+00:00,0,0,0.120277405
synthetic_cloudtrail.csv:3221,fe:dcgmuc,2024-04-25 12:16:08+00:00,0,0,0.11964088
synthetic_cloudtrail.csv:3222,fe:dcgmuc,2024-04-25 12:17:03+00:00,0,0,0.13763899
synthetic_cloudtrail.csv:3223,fe:dcgmuc,2024-04-25 12:18:09+00:00,0,0,0.11840153
synthetic_cloudtrail.csv:3224,fe:dcgmuc,2024-04-25 12:18:37+00:00,0,0,0.12921691
synthetic_cloudtrail.csv:3225,fe:dcgmuc,2024-04-25 12:19:06+00:00,0,0,0.13054703
synthetic_cloudtrail.csv:91,fe:dclgsb,2024-01-06 08:01:13+00:00,0,0,0.13769755
synthetic_cloudtrail.csv:92,fe:dclgsb,2024-01-06 08:03:06+00:00,0,0,0.1517556
synthetic_cloudtrail.csv:93,fe:dclgsb,2024-01-06 08:03:46+00:00,0,0,0.13219017
synthetic_cloudtrail.csv:94,fe:dclgsb,2024-01-06 08:04:28+00:00,0,0,0.14610109
synthetic_cloudtrail.csv:95,fe:dclgsb,2024-01-06 08:06:27+00:00,0,0,0.14679717
synthetic_cloudtrail.csv:96,fe:dclgsb,2024-01-06 08:08:10+00:00,0,0,0.14080024
synthetic_cloudtrail.csv:97,fe:dclgsb,2024-01-06 08:09:24+00:00,0,0,0.14002904
synthetic_cloudtrail.csv:98,fe:dclgsb,2024-01-06 08:10:40+00:00,0,0,0.12568787
synthetic_cloudtrail.csv:99,fe:dclgsb,2024-01-06 08:11:39+00:00,0,0,0.124608286
synthetic_cloudtrail.csv:100,fe:dclgsb,2024-01-06 08:12:04+00:00,0,0,0.12120579
synthetic_cloudtrail.csv:101,fe:dclgsb,2024-01-06 08:13:43+00:00,0,0,0.30060947
synthetic_cloudtrail.csv:102,fe:dclgsb,2024-01-06 08:15:42+00:00,0,0,0.12530155
synthetic_cloudtrail.csv:103,fe:dclgsb,2024-01-06 08:16:37+00:00,0,0,0.1321856
synthetic_cloudtrail.csv:8137,fe:deaohd,2024-10-19 17:01:14+00:00,0,0,0.12915723
synthetic_cloudtrail.csv:8138,fe:deaohd,2024-10-19 17:02:08+00:00,0,0,0.118513644
synthetic_cloudtrail.csv:8139,fe:deaohd,2024-10-19 17:04:08+00:00,0,0,0.11640443
synthetic_cloudtrail.csv:8140,fe:deaohd,2024-10-19 17:05:40+00:00,0,0,0.12278368
synthetic_cloudtrail.csv:8141,fe:deaohd,2024-10-19 17:06:48+00:00,0,0,0.14324468
synthetic_cloudtrail.csv:8142,fe:deaohd,2024-10-19 17:07:06+00:00,0,0,0.13760993
synthetic_cloudtrail.csv:8143,fe:deaohd,2024-10-19 17:08:36+00:00,0,0,0.14988881
synthetic_cloudtrail.csv:8144,fe:deaohd,2024-10-19 17:10:17+00:00,0,0,0.13966855
synthetic_cloudtrail.csv:8145,fe:deaohd,2024-10-19 17:10:50+00:00,1,0,0.3402254
synthetic_cloudtrail.csv:9201,fe:dgdzrn,2024-11-27 12:00:30+00:00,0,0,0.12269704
synthetic_cloudtrail.csv:9202,fe:dgdzrn,2024-11-27 12:00:58+00:00,0,0,0.124407016
synthetic_cloudtrail.csv:9203,fe:dgdzrn,2024-11-27 12:01:20+00:00,0,0,0.15710284
synthetic_cloudtrail.csv:9204,fe:dgdzrn,2024-11-27 12:01:38+00:00,0,0,0.15865733
synthetic_cloudtrail.csv:9205,fe:dgdzrn,2024-11-27 12:01:51+00:00,0,0,0.13271616
synthetic_cloudtrail.csv:9206,fe:dgdzrn,2024-11-27 12:01:54+00:00,0,0,0.14747551
synthetic_cloudtrail.csv:9207,fe:dgdzrn,2024-11-27 12:02:12+00:00,0,0,0.13791054
synthetic_cloudtrail.csv:9208,fe:dgdzrn,2024-11-27 12:02:32+00:00,0,0,0.13415113
synthetic_cloudtrail.csv:9209,fe:dgdzrn,2024-11-27 12:03:28+00:00,1,1,0.99560475
synthetic_cloudtrail.csv:9210,fe:dgdzrn,2024-11-27 12:04:02+00:00,1,1,0.9959466
synthetic_cloudtrail.csv:9211,fe:dgdzrn,2024-11-27 12:04:22+00:00,1,1,0.99563724
synthetic_cloudtrail.csv:9212,fe:dgdzrn,2024-11-27 12:04:36+00:00,0,0,0.13165464
synthetic_cloudtrail.csv:9213,fe:dgdzrn,2024-11-27 12:05:42+00:00,0,0,0.17481689
synthetic_cloudtrail.csv:9214,fe:dgdzrn,2024-11-27 12:06:31+00:00,0,0,0.15389931
synthetic_cloudtrail.csv:8998,fe:dgeee,2024-11-22 08:13:25+00:00,0,0,0.37490517
synthetic_cloudtrail.csv:8999,fe:dgeee,2024-11-22 08:28:02+00:00,0,0,0.18713114
synthetic_cloudtrail.csv:6165,fe:dggkyq,2024-08-07 12:00:17+00:00,0,0,0.1200093
synthetic_cloudtrail.csv:6166,fe:dggkyq,2024-08-07 12:02:07+00:00,0,0,0.11713414
synthetic_cloudtrail.csv:6167,fe:dggkyq,2024-08-07 12:03:15+00:00,0,0,0.122871205
synthetic_cloudtrail.csv:6168,fe:dggkyq,2024-08-07 12:03:54+00:00,0,0,0.14603066
synthetic_cloudtrail.csv:6169,fe:dggkyq,2024-08-07 12:04:39+00:00,0,0,0.12046821
synthetic_cloudtrail.csv:6170,fe:dggkyq,2024-08-07 12:05:12+00:00,0,0,0.12491298
synthetic_cloudtrail.csv:6171,fe:dggkyq,2024-08-07 12:06:38+00:00,0,0,0.13563952
synthetic_cloudtrail.csv:6172,fe:dggkyq,2024-08-07 12:07:20+00:00,0,0,0.15388422
synthetic_cloudtrail.csv:6173,fe:dggkyq,2024-08-07 12:08:50+00:00,0,0,0.24494231
synthetic_cloudtrail.csv:6174,fe:dggkyq,2024-08-07 12:09:43+00:00,0,0,0.140761
synthetic_cloudtrail.csv:6175,fe:dggkyq,2024-08-07 12:10:26+00:00,0,0,0.12547138
synthetic_cloudtrail.csv:9658,fe:dgqqgc,2024-12-13 12:01:07+00:00,0,0,0.12723427
synthetic_cloudtrail.csv:9659,fe:dgqqgc,2024-12-13 12:03:05+00:00,0,0,0.11893633
synthetic_cloudtrail.csv:9660,fe:dgqqgc,2024-12-13 12:03:10+00:00,0,0,0.1488833
synthetic_cloudtrail.csv:9661,fe:dgqqgc,2024-12-13 12:04:20+00:00,0,0,0.1351296
synthetic_cloudtrail.csv:9662,fe:dgqqgc,2024-12-13 12:06:12+00:00,0,0,0.12284722
synthetic_cloudtrail.csv:9663,fe:dgqqgc,2024-12-13 12:06:42+00:00,0,0,0.14312494
synthetic_cloudtrail.csv:9664,fe:dgqqgc,2024-12-13 12:08:24+00:00,1,0,0.28120315
synthetic_cloudtrail.csv:9665,fe:dgqqgc,2024-12-13 12:08:42+00:00,0,0,0.13257973
synthetic_cloudtrail.csv:9666,fe:dgqqgc,2024-12-13 12:10:38+00:00,0,0,0.121678144
synthetic_cloudtrail.csv:9667,fe:dgqqgc,2024-12-13 12:11:32+00:00,0,0,0.11892044
synthetic_cloudtrail.csv:9668,fe:dgqqgc,2024-12-13 12:11:40+00:00,0,0,0.12763424
synthetic_cloudtrail.csv:807,fe:dgurty,2024-01-26 19:01:08+00:00,0,0,0.1268784
synthetic_cloudtrail.csv:808,fe:dgurty,2024-01-26 19:03:07+00:00,0,0,0.12185906
synthetic_cloudtrail.csv:809,fe:dgurty,2024-01-26 19:04:43+00:00,0,0,0.12070745
synthetic_cloudtrail.csv:810,fe:dgurty,2024-01-26 19:05:29+00:00,0,0,0.1343886
synthetic_cloudtrail.csv:811,fe:dgurty,2024-01-26 19:07:21+00:00,0,0,0.14803244
synthetic_cloudtrail.csv:812,fe:dgurty,2024-01-26 19:09:11+00:00,0,0,0.122835584
synthetic_cloudtrail.csv:813,fe:dgurty,2024-01-26 19:10:30+00:00,0,0,0.17083316
synthetic_cloudtrail.csv:814,fe:dgurty,2024-01-26 19:11:49+00:00,0,0,0.12355013
synthetic_cloudtrail.csv:815,fe:dgurty,2024-01-26 19:13:13+00:00,0,0,0.17020205
synthetic_cloudtrail.csv:816,fe:dgurty,2024-01-26 19:13:19+00:00,0,0,0.17037101
synthetic_cloudtrail.csv:817,fe:dgurty,2024-01-26 19:14:53+00:00,0,0,0.17572908
synthetic_cloudtrail.csv:818,fe:dgurty,2024-01-26 19:16:03+00:00,0,0,0.12664516
synthetic_cloudtrail.csv:819,fe:dgurty,2024-01-26 19:17:33+00:00,0,0,0.1317556
synthetic_cloudtrail.csv:820,fe:dgurty,2024-01-26 19:18:51+00:00,0,0,0.16295162
synthetic_cloudtrail.csv:821,fe:dgurty,2024-01-26 19:20:32+00:00,0,0,0.12187676
synthetic_cloudtrail.csv:5395,fe:difzcv,2024-07-08 14:01:41+00:00,0,0,0.13311425
synthetic_cloudtrail.csv:5396,fe:difzcv,2024-07-08 14:01:59+00:00,0,0,0.109515615
synthetic_cloudtrail.csv:5397,fe:difzcv,2024-07-08 14:03:40+00:00,0,0,0.12721062
synthetic_cloudtrail.csv:5398,fe:difzcv,2024-07-08 14:04:43+00:00,0,0,0.11303537
synthetic_cloudtrail.csv:5399,fe:difzcv,2024-07-08 14:06:42+00:00,0,0,0.10172483
synthetic_cloudtrail.csv:5400,fe:difzcv,2024-07-08 14:07:50+00:00,0,0,0.112363905
synthetic_cloudtrail.csv:5401,fe:difzcv,2024-07-08 14:08:24+00:00,0,0,0.13134788
synthetic_cloudtrail.csv:5402,fe:difzcv,2024-07-08 14:09:49+00:00,0,0,0.112598285
synthetic_cloudtrail.csv:5403,fe:difzcv,2024-07-08 14:10:18+00:00,0,0,0.12901899
synthetic_cloudtrail.csv:5404,fe:difzcv,2024-07-08 14:11:52+00:00,0,0,0.11264202
synthetic_cloudtrail.csv:5405,fe:difzcv,2024-07-08 14:13:50+00:00,0,0,0.1469809
synthetic_cloudtrail.csv:5406,fe:difzcv,2024-07-08 14:15:07+00:00,0,0,0.13582309
synthetic_cloudtrail.csv:5407,fe:difzcv,2024-07-08 14:16:37+00:00,0,0,0.119016275
synthetic_cloudtrail.csv:5408,fe:difzcv,2024-07-08 14:17:35+00:00,0,0,0.12391211
synthetic_cloudtrail.csv:5409,fe:difzcv,2024-07-08 14:19:16+00:00,0,0,0.11626122
synthetic_cloudtrail.csv:5410,fe:difzcv,2024-07-08 14:20:40+00:00,0,0,0.1260899
synthetic_cloudtrail.csv:5411,fe:difzcv,2024-07-08 14:21:59+00:00,0,0,0.12733875
synthetic_cloudtrail.csv:5412,fe:difzcv,2024-07-08 14:22:56+00:00,0,0,0.135494
synthetic_cloudtrail.csv:4041,fe:djejro,2024-05-21 14:02:00+00:00,0,0,0.12246419
synthetic_cloudtrail.csv:4042,fe:djejro,2024-05-21 14:03:48+00:00,0,0,0.12042933
synthetic_cloudtrail.csv:4043,fe:djejro,2024-05-21 14:05:35+00:00,0,0,0.11781427
synthetic_cloudtrail.csv:4044,fe:djejro,2024-05-21 14:06:09+00:00,0,0,0.11599564
synthetic_cloudtrail.csv:4045,fe:djejro,2024-05-21 14:06:54+00:00,0,0,0.120526895
synthetic_cloudtrail.csv:4046,fe:djejro,2024-05-21 14:07:37+00:00,0,0,0.12210899
synthetic_cloudtrail.csv:4047,fe:djejro,2024-05-21 14:08:13+00:00,0,0,0.1234496
synthetic_cloudtrail.csv:4048,fe:djejro,2024-05-21 14:08:36+00:00,0,0,0.11800428
synthetic_cloudtrail.csv:4049,fe:djejro,2024-05-21 14:09:09+00:00,0,0,0.12096423
synthetic_cloudtrail.csv:9111,fe:dllfrc,2024-11-25 09:00:08+00:00,0,0,0.1484588
synthetic_cloudtrail.csv:9112,fe:dllfrc,2024-11-25 09:01:34+00:00,0,0,0.13201587
synthetic_cloudtrail.csv:9113,fe:dllfrc,2024-11-25 09:02:55+00:00,0,0,0.14536135
synthetic_cloudtrail.csv:9114,fe:dllfrc,2024-11-25 09:03:15+00:00,0,0,0.14035383
synthetic_cloudtrail.csv:9115,fe:dllfrc,2024-11-25 09:05:11+00:00,0,0,0.12190153
synthetic_cloudtrail.csv:9116,fe:dllfrc,2024-11-25 09:06:34+00:00,0,0,0.12382788
synthetic_cloudtrail.csv:9117,fe:dllfrc,2024-11-25 09:07:08+00:00,0,0,0.121751636
synthetic_cloudtrail.csv:9118,fe:dllfrc,2024-11-25 09:09:08+00:00,0,0,0.11856337
synthetic_cloudtrail.csv:9319,fe:dpjire,2024-12-03 14:01:59+00:00,0,0,0.12874684
synthetic_cloudtrail.csv:9320,fe:dpjire,2024-12-03 14:03:07+00:00,0,0,0.12480141
synthetic_cloudtrail.csv:9321,fe:dpjire,2024-12-03 14:04:05+00:00,0,0,0.11330966
synthetic_cloudtrail.csv:9322,fe:dpjire,2024-12-03 14:05:00+00:00,0,0,0.114897124
synthetic_cloudtrail.csv:9323,fe:dpjire,2024-12-03 14:05:32+00:00,0,0,0.114781566
synthetic_cloudtrail.csv:9324,fe:dpjire,2024-12-03 14:06:37+00:00,0,0,0.12309214
synthetic_cloudtrail.csv:9325,fe:dpjire,2024-12-03 14:07:23+00:00,0,0,0.14245437
synthetic_cloudtrail.csv:9326,fe:dpjire,2024-12-03 14:07:38+00:00,0,0,0.11677178
synthetic_cloudtrail.csv:9327,fe:dpjire,2024-12-03 14:08:10+00:00,0,0,0.11886664
synthetic_cloudtrail.csv:9328,fe:dpjire,2024-12-03 14:08:35+00:00,0,0,0.12049703
synthetic_cloudtrail.csv:9329,fe:dpjire,2024-12-03 14:08:43+00:00,0,0,0.14704764
synthetic_cloudtrail.csv:9330,fe:dpjire,2024-12-03 14:10:10+00:00,0,0,0.11338022
synthetic_cloudtrail.csv:9331,fe:dpjire,2024-12-03 14:10:34+00:00,0,0,0.11050793
synthetic_cloudtrail.csv:9332,fe:dpjire,2024-12-03 14:10:55+00:00,0,0,0.11297382
synthetic_cloudtrail.csv:9333,fe:dpjire,2024-12-03 14:12:16+00:00,0,0,0.11250265
synthetic_cloudtrail.csv:9334,fe:dpjire,2024-12-03 14:13:40+00:00,0,0,0.10706715
synthetic_cloudtrail.csv:9335,fe:dpjire,2024-12-03 14:14:36+00:00,0,0,0.13120973
synthetic_cloudtrail.csv:8443,fe:dpmnou,2024-11-03 08:01:20+00:00,0,0,0.15382853
synthetic_cloudtrail.csv:8444,fe:dpmnou,2024-11-03 08:03:16+00:00,0,0,0.115669556
synthetic_cloudtrail.csv:8445,fe:dpmnou,2024-11-03 08:03:23+00:00,0,0,0.11896955
synthetic_cloudtrail.csv:8446,fe:dpmnou,2024-11-03 08:04:42+00:00,0,0,0.15523878
synthetic_cloudtrail.csv:8447,fe:dpmnou,2024-11-03 08:05:54+00:00,0,0,0.12784623
synthetic_cloudtrail.csv:8448,fe:dpmnou,2024-11-03 08:07:31+00:00,0,0,0.1459317
synthetic_cloudtrail.csv:8449,fe:dpmnou,2024-11-03 08:08:49+00:00,0,0,0.118415676
synthetic_cloudtrail.csv:8450,fe:dpmnou,2024-11-03 08:10:06+00:00,0,0,0.117883965
synthetic_cloudtrail.csv:8451,fe:dpmnou,2024-11-03 08:11:27+00:00,0,0,0.12287996
synthetic_cloudtrail.csv:8452,fe:dpmnou,2024-11-03 08:12:29+00:00,0,0,0.13203427
synthetic_cloudtrail.csv:8453,fe:dpmnou,2024-11-03 08:13:56+00:00,0,0,0.1353893
synthetic_cloudtrail.csv:8454,fe:dpmnou,2024-11-03 08:14:49+00:00,0,0,0.13989344
synthetic_cloudtrail.csv:8455,fe:dpmnou,2024-11-03 08:16:11+00:00,0,0,0.32233924
synthetic_cloudtrail.csv:8456,fe:dpmnou,2024-11-03 08:17:44+00:00,0,0,0.12931955
synthetic_cloudtrail.csv:8457,fe:dpmnou,2024-11-03 08:18:33+00:00,0,0,0.13409342
synthetic_cloudtrail.csv:8458,fe:dpmnou,2024-11-03 08:20:23+00:00,0,0,0.13198952
synthetic_cloudtrail.csv:9753,fe:dqchoq,2024-12-15 16:01:11+00:00,0,0,0.119269155
synthetic_cloudtrail.csv:9754,fe:dqchoq,2024-12-15 16:02:56+00:00,0,0,0.13307947
synthetic_cloudtrail.csv:9755,fe:dqchoq,2024-12-15 16:04:15+00:00,0,0,0.13801013
synthetic_cloudtrail.csv:9756,fe:dqchoq,2024-12-15 16:06:12+00:00,0,0,0.13744628
synthetic_cloudtrail.csv:9757,fe:dqchoq,2024-12-15 16:08:05+00:00,0,0,0.12795894
synthetic_cloudtrail.csv:9758,fe:dqchoq,2024-12-15 16:08:51+00:00,0,0,0.11455666
synthetic_cloudtrail.csv:9759,fe:dqchoq,2024-12-15 16:10:05+00:00,0,0,0.10852804
synthetic_cloudtrail.csv:9760,fe:dqchoq,2024-12-15 16:10:22+00:00,0,0,0.11407513
synthetic_cloudtrail.csv:9761,fe:dqchoq,2024-12-15 16:11:47+00:00,0,0,0.110902555
synthetic_cloudtrail.csv:9762,fe:dqchoq,2024-12-15 16:13:40+00:00,0,0,0.1386507
synthetic_cloudtrail.csv:9763,fe:dqchoq,2024-12-15 16:13:49+00:00,0,0,0.116218776
synthetic_cloudtrail.csv:9764,fe:dqchoq,2024-12-15 16:14:56+00:00,0,0,0.13059156
synthetic_cloudtrail.csv:9765,fe:dqchoq,2024-12-15 16:15:02+00:00,0,0,0.20240447
synthetic_cloudtrail.csv:9766,fe:dqchoq,2024-12-15 16:16:39+00:00,0,0,0.103668734
synthetic_cloudtrail.csv:9767,fe:dqchoq,2024-12-15 16:18:02+00:00,0,0,0.11696534
synthetic_cloudtrail.csv:9768,fe:dqchoq,2024-12-15 16:19:14+00:00,0,0,0.11352825
synthetic_cloudtrail.csv:9769,fe:dqchoq,2024-12-15 16:19:26+00:00,0,0,0.11791178
synthetic_cloudtrail.csv:9770,fe:dqchoq,2024-12-15 16:20:59+00:00,0,0,0.1223893
synthetic_cloudtrail.csv:9771,fe:dqchoq,2024-12-15 16:21:33+00:00,0,0,0.11516668
synthetic_cloudtrail.csv:2496,fe:dqyjhwavgj,2024-03-27 14:00:04+00:00,0,0,0.12265405
synthetic_cloudtrail.csv:2497,fe:dqyjhwavgj,2024-03-27 14:00:18+00:00,0,0,0.1183026
synthetic_cloudtrail.csv:2498,fe:dqyjhwavgj,2024-03-27 14:00:28+00:00,0,0,0.13051853
synthetic_cloudtrail.csv:2499,fe:dqyjhwavgj,2024-03-27 14:00:48+00:00,0,0,0.12084779
synthetic_cloudtrail.csv:2500,fe:dqyjhwavgj,2024-03-27 14:00:56+00:00,0,0,0.12768851
synthetic_cloudtrail.csv:2501,fe:dqyjhwavgj,2024-03-27 14:01:17+00:00,0,0,0.13268216
synthetic_cloudtrail.csv:2502,fe:dqyjhwavgj,2024-03-27 14:01:53+00:00,1,1,0.99568933
synthetic_cloudtrail.csv:2503,fe:dqyjhwavgj,2024-03-27 14:02:45+00:00,1,1,0.995275
synthetic_cloudtrail.csv:2504,fe:dqyjhwavgj,2024-03-27 14:04:05+00:00,0,0,0.11613825
synthetic_cloudtrail.csv:2505,fe:dqyjhwavgj,2024-03-27 14:05:35+00:00,0,0,0.12489565
synthetic_cloudtrail.csv:2506,fe:dqyjhwavgj,2024-03-27 14:06:19+00:00,0,0,0.11406107
synthetic_cloudtrail.csv:2507,fe:dqyjhwavgj,2024-03-27 14:06:51+00:00,0,0,0.115640394
synthetic_cloudtrail.csv:6277,fe:droonp,2024-08-11 12:00:32+00:00,0,0,0.13426533
synthetic_cloudtrail.csv:6278,fe:droonp,2024-08-11 12:01:01+00:00,0,0,0.12562455
synthetic_cloudtrail.csv:6279,fe:droonp,2024-08-11 12:01:25+00:00,0,0,0.12477026
synthetic_cloudtrail.csv:6280,fe:droonp,2024-08-11 12:01:51+00:00,0,0,0.11120094
synthetic_cloudtrail.csv:6281,fe:droonp,2024-08-11 12:02:04+00:00,0,0,0.12210603
synthetic_cloudtrail.csv:6282,fe:droonp,2024-08-11 12:03:25+00:00,0,0,0.12450309
synthetic_cloudtrail.csv:6283,fe:droonp,2024-08-11 12:03:55+00:00,0,0,0.1097153
synthetic_cloudtrail.csv:6284,fe:droonp,2024-08-11 12:04:02+00:00,0,0,0.1152164
synthetic_cloudtrail.csv:6285,fe:droonp,2024-08-11 12:04:25+00:00,0,0,0.14464054
synthetic_cloudtrail.csv:6286,fe:droonp,2024-08-11 12:06:12+00:00,0,0,0.10920982
synthetic_cloudtrail.csv:6287,fe:droonp,2024-08-11 12:06:21+00:00,0,0,0.10956827
synthetic_cloudtrail.csv:6288,fe:droonp,2024-08-11 12:08:07+00:00,0,0,0.11520752
synthetic_cloudtrail.csv:6289,fe:droonp,2024-08-11 12:08:59+00:00,0,0,0.24815106
synthetic_cloudtrail.csv:6290,fe:droonp,2024-08-11 12:09:57+00:00,0,0,0.117394775
synthetic_cloudtrail.csv:6291,fe:droonp,2024-08-11 12:11:32+00:00,0,0,0.11029141
synthetic_cloudtrail.csv:6292,fe:droonp,2024-08-11 12:12:51+00:00,0,0,0.1315196
synthetic_cloudtrail.csv:982,fe:duoiph,2024-02-05 11:01:06+00:00,0,0,0.13011555
synthetic_cloudtrail.csv:983,fe:duoiph,2024-02-05 11:02:55+00:00,0,0,0.26482886
synthetic_cloudtrail.csv:984,fe:duoiph,2024-02-05 11:04:50+00:00,0,0,0.13268575
synthetic_cloudtrail.csv:985,fe:duoiph,2024-02-05 11:06:12+00:00,0,0,0.12800336
synthetic_cloudtrail.csv:986,fe:duoiph,2024-02-05 11:06:53+00:00,0,0,0.12044648
synthetic_cloudtrail.csv:987,fe:duoiph,2024-02-05 11:07:27+00:00,0,0,0.11836536
synthetic_cloudtrail.csv:988,fe:duoiph,2024-02-05 11:08:35+00:00,0,0,0.1266824
synthetic_cloudtrail.csv:989,fe:duoiph,2024-02-05 11:09:26+00:00,0,0,0.12194452
synthetic_cloudtrail.csv:990,fe:duoiph,2024-02-05 11:10:30+00:00,0,0,0.122907184
synthetic_cloudtrail.csv:991,fe:duoiph,2024-02-05 11:11:23+00:00,0,0,0.12440489
synthetic_cloudtrail.csv:992,fe:duoiph,2024-02-05 11:12:40+00:00,0,0,0.12566856
synthetic_cloudtrail.csv:993,fe:duoiph,2024-02-05 11:14:26+00:00,0,0,0.14692755
synthetic_cloudtrail.csv:994,fe:duoiph,2024-02-05 11:14:40+00:00,0,0,0.12613498
synthetic_cloudtrail.csv:995,fe:duoiph,2024-02-05 11:16:27+00:00,0,0,0.10544115
synthetic_cloudtrail.csv:996,fe:duoiph,2024-02-05 11:16:51+00:00,0,0,0.12800881
synthetic_cloudtrail.csv:997,fe:duoiph,2024-02-05 11:18:47+00:00,0,0,0.10623526
synthetic_cloudtrail.csv:998,fe:duoiph,2024-02-05 11:19:28+00:00,0,0,0.1186555
synthetic_cloudtrail.csv:999,fe:duoiph,2024-02-05 11:19:38+00:00,0,0,0.10300742
synthetic_cloudtrail.csv:1000,fe:duoiph,2024-02-05 11:21:10+00:00,0,0,0.111099124
synthetic_cloudtrail.csv:1001,fe:duoiph,2024-02-05 11:22:09+00:00,0,0,0.12081221
synthetic_cloudtrail.csv:6935,fe:duxnki,2024-09-06 18:01:40+00:00,0,0,0.6009219
synthetic_cloudtrail.csv:6936,fe:duxnki,2024-09-06 18:02:03+00:00,0,0,0.13503614
synthetic_cloudtrail.csv:6937,fe:duxnki,2024-09-06 18:03:22+00:00,0,0,0.117022835
synthetic_cloudtrail.csv:6938,fe:duxnki,2024-09-06 18:04:47+00:00,0,0,0.116940394
synthetic_cloudtrail.csv:6939,fe:duxnki,2024-09-06 18:06:25+00:00,0,0,0.12688546
synthetic_cloudtrail.csv:6940,fe:duxnki,2024-09-06 18:07:25+00:00,0,0,0.117413126
synthetic_cloudtrail.csv:6941,fe:duxnki,2024-09-06 18:08:56+00:00,0,0,0.12955558
synthetic_cloudtrail.csv:6942,fe:duxnki,2024-09-06 18:09:49+00:00,0,0,0.12302292
synthetic_cloudtrail.csv:6943,fe:duxnki,2024-09-06 18:11:04+00:00,0,0,0.1181093
synthetic_cloudtrail.csv:6944,fe:duxnki,2024-09-06 18:12:54+00:00,0,0,0.12460053
synthetic_cloudtrail.csv:6945,fe:duxnki,2024-09-06 18:13:16+00:00,0,0,0.11530089
synthetic_cloudtrail.csv:6946,fe:duxnki,2024-09-06 18:13:50+00:00,0,0,0.10912241
synthetic_cloudtrail.csv:6947,fe:duxnki,2024-09-06 18:14:06+00:00,0,0,0.115639634
synthetic_cloudtrail.csv:6948,fe:duxnki,2024-09-06 18:15:58+00:00,0,0,0.12166325
synthetic_cloudtrail.csv:6949,fe:duxnki,2024-09-06 18:16:24+00:00,0,0,0.13344301
synthetic_cloudtrail.csv:6950,fe:duxnki,2024-09-06 18:18:12+00:00,0,0,0.10439975
synthetic_cloudtrail.csv:6951,fe:duxnki,2024-09-06 18:18:58+00:00,0,0,0.10862728
synthetic_cloudtrail.csv:6952,fe:duxnki,2024-09-06 18:19:58+00:00,0,0,0.15068492
synthetic_cloudtrail.csv:3715,fe:dxfzuu,2024-05-12 10:01:03+00:00,0,0,0.12929556
synthetic_cloudtrail.csv:3716,fe:dxfzuu,2024-05-12 10:01:19+00:00,0,0,0.13170396
synthetic_cloudtrail.csv:3717,fe:dxfzuu,2024-05-12 10:02:22+00:00,0,0,0.12876856
synthetic_cloudtrail.csv:3718,fe:dxfzuu,2024-05-12 10:04:13+00:00,0,0,0.123590685
synthetic_cloudtrail.csv:3719,fe:dxfzuu,2024-05-12 10:05:18+00:00,0,0,0.12733646
synthetic_cloudtrail.csv:3720,fe:dxfzuu,2024-05-12 10:06:06+00:00,0,0,0.1592363
synthetic_cloudtrail.csv:3721,fe:dxfzuu,2024-05-12 10:06:12+00:00,0,0,0.13449197
synthetic_cloudtrail.csv:3722,fe:dxfzuu,2024-05-12 10:07:43+00:00,0,0,0.111810565
synthetic_cloudtrail.csv:3723,fe:dxfzuu,2024-05-12 10:08:21+00:00,0,0,0.12123909
synthetic_cloudtrail.csv:3724,fe:dxfzuu,2024-05-12 10:10:11+00:00,0,0,0.11550995
synthetic_cloudtrail.csv:3725,fe:dxfzuu,2024-05-12 10:12:02+00:00,0,0,0.1258062
synthetic_cloudtrail.csv:3726,fe:dxfzuu,2024-05-12 10:12:45+00:00,0,0,0.11126987
synthetic_cloudtrail.csv:3727,fe:dxfzuu,2024-05-12 10:14:07+00:00,0,0,0.11338365
synthetic_cloudtrail.csv:3728,fe:dxfzuu,2024-05-12 10:16:03+00:00,0,0,0.14423852
synthetic_cloudtrail.csv:3729,fe:dxfzuu,2024-05-12 10:16:46+00:00,0,0,0.13071756
synthetic_cloudtrail.csv:9637,fe:easocy,2024-12-12 11:01:43+00:00,0,0,0.13011532
synthetic_cloudtrail.csv:9638,fe:easocy,2024-12-12 11:02:36+00:00,0,0,0.119064525
synthetic_cloudtrail.csv:9639,fe:easocy,2024-12-12 11:04:04+00:00,0,0,0.12108448
synthetic_cloudtrail.csv:9640,fe:easocy,2024-12-12 11:05:16+00:00,0,0,0.15199353
synthetic_cloudtrail.csv:9641,fe:easocy,2024-12-12 11:06:11+00:00,0,0,0.1303749
synthetic_cloudtrail.csv:9642,fe:easocy,2024-12-12 11:07:29+00:00,0,0,0.10656359
synthetic_cloudtrail.csv:9643,fe:easocy,2024-12-12 11:08:12+00:00,0,0,0.12368638
synthetic_cloudtrail.csv:9644,fe:easocy,2024-12-12 11:09:14+00:00,0,0,0.11331618
synthetic_cloudtrail.csv:9645,fe:easocy,2024-12-12 11:09:44+00:00,0,0,0.11340228
synthetic_cloudtrail.csv:9646,fe:easocy,2024-12-12 11:11:04+00:00,0,0,0.1282381
synthetic_cloudtrail.csv:9647,fe:easocy,2024-12-12 11:11:33+00:00,0,0,0.11192416
synthetic_cloudtrail.csv:9648,fe:easocy,2024-12-12 11:13:18+00:00,0,0,0.22067507
synthetic_cloudtrail.csv:9649,fe:easocy,2024-12-12 11:14:08+00:00,0,0,0.10986975
synthetic_cloudtrail.csv:9650,fe:easocy,2024-12-12 11:14:33+00:00,0,0,0.124104895
synthetic_cloudtrail.csv:9651,fe:easocy,2024-12-12 11:15:03+00:00,0,0,0.11920849
synthetic_cloudtrail.csv:863,fe:ecnvxd,2024-01-28 10:01:37+00:00,0,0,0.14043169
synthetic_cloudtrail.csv:864,fe:ecnvxd,2024-01-28 10:02:59+00:00,0,0,0.113663584
synthetic_cloudtrail.csv:865,fe:ecnvxd,2024-01-28 10:04:00+00:00,0,0,0.12188861
synthetic_cloudtrail.csv:866,fe:ecnvxd,2024-01-28 10:05:17+00:00,0,0,0.11881072
synthetic_cloudtrail.csv:867,fe:ecnvxd,2024-01-28 10:06:05+00:00,0,0,0.11533712
synthetic_cloudtrail.csv:868,fe:ecnvxd,2024-01-28 10:07:09+00:00,0,0,0.1247432
synthetic_cloudtrail.csv:869,fe:ecnvxd,2024-01-28 10:07:16+00:00,0,0,0.14814226
synthetic_cloudtrail.csv:870,fe:ecnvxd,2024-01-28 10:08:29+00:00,0,0,0.12739453
synthetic_cloudtrail.csv:871,fe:ecnvxd,2024-01-28 10:09:11+00:00,0,0,0.11816139
synthetic_cloudtrail.csv:872,fe:ecnvxd,2024-01-28 10:09:57+00:00,0,0,0.11946768
synthetic_cloudtrail.csv:873,fe:ecnvxd,2024-01-28 10:11:33+00:00,0,0,0.12192832
synthetic_cloudtrail.csv:874,fe:ecnvxd,2024-01-28 10:12:03+00:00,0,0,0.13261059
synthetic_cloudtrail.csv:8594,fe:ecrqf,2024-11-09 19:14:01+00:00,0,0,0.15631947
synthetic_cloudtrail.csv:8595,fe:ecrqf,2024-11-09 19:20:12+00:00,0,0,0.18959112
synthetic_cloudtrail.csv:8596,fe:ecrqf,2024-11-09 19:22:37+00:00,0,0,0.17917494
synthetic_cloudtrail.csv:8597,fe:ecrqf,2024-11-09 19:36:17+00:00,0,0,0.17014506
synthetic_cloudtrail.csv:8598,fe:ecrqf,2024-11-09 19:48:20+00:00,0,0,0.15501165
synthetic_cloudtrail.csv:8599,fe:ecrqf,2024-11-09 19:52:06+00:00,0,0,0.19472344
synthetic_cloudtrail.csv:7988,fe:edddgtp,2024-10-16 11:03:20+00:00,0,0,0.18620831
synthetic_cloudtrail.csv:7991,fe:edddgtp,2024-10-16 11:16:04+00:00,0,0,0.17565337
synthetic_cloudtrail.csv:8725,fe:eell,2024-11-13 18:00:11+00:00,0,0,0.12182666
synthetic_cloudtrail.csv:8726,fe:eell,2024-11-13 18:00:17+00:00,0,0,0.10364267
synthetic_cloudtrail.csv:8727,fe:eell,2024-11-13 18:00:44+00:00,0,0,0.10890029
synthetic_cloudtrail.csv:8728,fe:eell,2024-11-13 18:01:06+00:00,0,0,0.119479544
synthetic_cloudtrail.csv:8729,fe:eell,2024-11-13 18:01:44+00:00,1,1,0.9931712
synthetic_cloudtrail.csv:8730,fe:eell,2024-11-13 18:02:09+00:00,1,1,0.99544865
synthetic_cloudtrail.csv:8731,fe:eell,2024-11-13 18:02:18+00:00,1,1,0.9933965
synthetic_cloudtrail.csv:8626,fe:eeviuq,2024-11-11 08:00:30+00:00,0,0,0.11866747
synthetic_cloudtrail.csv:8627,fe:eeviuq,2024-11-11 08:01:44+00:00,0,0,0.11539746
synthetic_cloudtrail.csv:8628,fe:eeviuq,2024-11-11 08:01:51+00:00,0,0,0.12464351
synthetic_cloudtrail.csv:8629,fe:eeviuq,2024-11-11 08:03:28+00:00,0,0,0.16685084
synthetic_cloudtrail.csv:8630,fe:eeviuq,2024-11-11 08:04:09+00:00,0,0,0.11611101
synthetic_cloudtrail.csv:8631,fe:eeviuq,2024-11-11 08:04:28+00:00,0,0,0.12494507
synthetic_cloudtrail.csv:8632,fe:eeviuq,2024-11-11 08:05:33+00:00,0,0,0.12549
synthetic_cloudtrail.csv:8633,fe:eeviuq,2024-11-11 08:07:25+00:00,0,0,0.1379097
synthetic_cloudtrail.csv:8634,fe:eeviuq,2024-11-11 08:09:00+00:00,0,0,0.13211605
synthetic_cloudtrail.csv:8635,fe:eeviuq,2024-11-11 08:09:35+00:00,0,0,0.15151845
synthetic_cloudtrail.csv:8636,fe:eeviuq,2024-11-11 08:11:21+00:00,0,0,0.14397514
synthetic_cloudtrail.csv:8637,fe:eeviuq,2024-11-11 08:12:13+00:00,0,0,0.13808107
synthetic_cloudtrail.csv:8638,fe:eeviuq,2024-11-11 08:13:14+00:00,0,0,0.1086981
synthetic_cloudtrail.csv:8639,fe:eeviuq,2024-11-11 08:15:05+00:00,0,0,0.11275605
synthetic_cloudtrail.csv:8640,fe:eeviuq,2024-11-11 08:16:45+00:00,0,0,0.12562059
synthetic_cloudtrail.csv:8641,fe:eeviuq,2024-11-11 08:17:29+00:00,0,0,0.125911
synthetic_cloudtrail.csv:8642,fe:eeviuq,2024-11-11 08:18:35+00:00,0,0,0.13462046
synthetic_cloudtrail.csv:8643,fe:eeviuq,2024-11-11 08:20:09+00:00,0,0,0.1438788
synthetic_cloudtrail.csv:8644,fe:eeviuq,2024-11-11 08:21:27+00:00,0,0,0.13613151
synthetic_cloudtrail.csv:8645,fe:eeviuq,2024-11-11 08:22:52+00:00,0,0,0.1310835
synthetic_cloudtrail.csv:1919,fe:egqpkurozsk,2024-03-05 14:00:25+00:00,0,0,0.11278756
synthetic_cloudtrail.csv:1920,fe:egqpkurozsk,2024-03-05 14:00:35+00:00,0,0,0.122492604
synthetic_cloudtrail.csv:1921,fe:egqpkurozsk,2024-03-05 14:00:49+00:00,0,0,0.12729244
synthetic_cloudtrail.csv:1922,fe:egqpkurozsk,2024-03-05 14:01:16+00:00,0,0,0.143456
synthetic_cloudtrail.csv:1923,fe:egqpkurozsk,2024-03-05 14:01:32+00:00,0,0,0.13064101
synthetic_cloudtrail.csv:1924,fe:egqpkurozsk,2024-03-05 14:01:49+00:00,0,0,0.12620147
synthetic_cloudtrail.csv:1925,fe:egqpkurozsk,2024-03-05 14:02:15+00:00,0,0,0.14972907
synthetic_cloudtrail.csv:1926,fe:egqpkurozsk,2024-03-05 14:02:38+00:00,0,0,0.14197099
synthetic_cloudtrail.csv:1927,fe:egqpkurozsk,2024-03-05 14:03:31+00:00,1,1,0.9961255
synthetic_cloudtrail.csv:1929,fe:egqpkurozsk,2024-03-05 14:04:29+00:00,0,0,0.11708692
synthetic_cloudtrail.csv:1930,fe:egqpkurozsk,2024-03-05 14:05:14+00:00,1,0,0.85058516
synthetic_cloudtrail.csv:7819,fe:ehxmsq,2024-10-10 13:01:10+00:00,0,0,0.12354191
synthetic_cloudtrail.csv:7822,fe:ehxmsq,2024-10-10 13:01:36+00:00,0,0,0.101897076
synthetic_cloudtrail.csv:7825,fe:ehxmsq,2024-10-10 13:01:55+00:00,0,0,0.13419743
synthetic_cloudtrail.csv:7828,fe:ehxmsq,2024-10-10 13:03:13+00:00,0,0,0.114512645
synthetic_cloudtrail.csv:7832,fe:ehxmsq,2024-10-10 13:05:07+00:00,0,0,0.15149742
synthetic_cloudtrail.csv:7833,fe:ehxmsq,2024-10-10 13:06:49+00:00,1,0,0.3085003
synthetic_cloudtrail.csv:7834,fe:ehxmsq,2024-10-10 13:07:09+00:00,0,0,0.18085952
synthetic_cloudtrail.csv:7835,fe:ehxmsq,2024-10-10 13:08:07+00:00,1,0,0.29316548
synthetic_cloudtrail.csv:7836,fe:ehxmsq,2024-10-10 13:08:22+00:00,0,0,0.1535713
synthetic_cloudtrail.csv:7837,fe:ehxmsq,2024-10-10 13:10:04+00:00,0,0,0.16731954
synthetic_cloudtrail.csv:7838,fe:ehxmsq,2024-10-10 13:10:21+00:00,0,0,0.13945433
synthetic_cloudtrail.csv:7839,fe:ehxmsq,2024-10-10 13:11:51+00:00,0,0,0.111899644
synthetic_cloudtrail.csv:7840,fe:ehxmsq,2024-10-10 13:13:35+00:00,0,0,0.1159852
synthetic_cloudtrail.csv:7841,fe:ehxmsq,2024-10-10 13:15:34+00:00,0,0,0.1264339
synthetic_cloudtrail.csv:7842,fe:ehxmsq,2024-10-10 13:15:55+00:00,0,0,0.12382697
synthetic_cloudtrail.csv:7843,fe:ehxmsq,2024-10-10 13:17:29+00:00,0,0,0.13147116
synthetic_cloudtrail.csv:7844,fe:ehxmsq,2024-10-10 13:17:51+00:00,0,0,0.120035104
synthetic_cloudtrail.csv:2005,fe:eigafh,2024-03-11 13:00:06+00:00,0,0,0.12873827
synthetic_cloudtrail.csv:2006,fe:eigafh,2024-03-11 13:00:38+00:00,0,0,0.11944749
synthetic_cloudtrail.csv:2007,fe:eigafh,2024-03-11 13:02:03+00:00,0,0,0.32934684
synthetic_cloudtrail.csv:2008,fe:eigafh,2024-03-11 13:03:22+00:00,0,0,0.12725317
synthetic_cloudtrail.csv:2009,fe:eigafh,2024-03-11 13:05:16+00:00,0,0,0.13747382
synthetic_cloudtrail.csv:2010,fe:eigafh,2024-03-11 13:05:25+00:00,0,0,0.12222317
synthetic_cloudtrail.csv:2011,fe:eigafh,2024-03-11 13:05:31+00:00,0,0,0.15963188
synthetic_cloudtrail.csv:2012,fe:eigafh,2024-03-11 13:06:24+00:00,0,0,0.109289266
synthetic_cloudtrail.csv:2013,fe:eigafh,2024-03-11 13:06:40+00:00,0,0,0.11419981
synthetic_cloudtrail.csv:2014,fe:eigafh,2024-03-11 13:08:21+00:00,0,0,0.121011026
synthetic_cloudtrail.csv:2015,fe:eigafh,2024-03-11 13:10:10+00:00,0,0,0.1139077
synthetic_cloudtrail.csv:3043,fe:eknuvi,2024-04-19 16:01:11+00:00,0,0,0.13741134
synthetic_cloudtrail.csv:3044,fe:eknuvi,2024-04-19 16:02:05+00:00,0,0,0.11427296
synthetic_cloudtrail.csv:3045,fe:eknuvi,2024-04-19 16:02:38+00:00,0,0,0.11632983
synthetic_cloudtrail.csv:3046,fe:eknuvi,2024-04-19 16:03:39+00:00,0,0,0.13187364
synthetic_cloudtrail.csv:3047,fe:eknuvi,2024-04-19 16:04:22+00:00,0,0,0.15861528
synthetic_cloudtrail.csv:3048,fe:eknuvi,2024-04-19 16:05:22+00:00,0,0,0.12360122
synthetic_cloudtrail.csv:3049,fe:eknuvi,2024-04-19 16:05:45+00:00,0,0,0.13694747
synthetic_cloudtrail.csv:3050,fe:eknuvi,2024-04-19 16:06:57+00:00,0,0,0.1187572
synthetic_cloudtrail.csv:3051,fe:eknuvi,2024-04-19 16:08:56+00:00,0,0,0.13669142
synthetic_cloudtrail.csv:3052,fe:eknuvi,2024-04-19 16:10:01+00:00,0,0,0.119911455
synthetic_cloudtrail.csv:3053,fe:eknuvi,2024-04-19 16:12:00+00:00,0,0,0.11904479
synthetic_cloudtrail.csv:3054,fe:eknuvi,2024-04-19 16:12:32+00:00,0,0,0.114514805
synthetic_cloudtrail.csv:3055,fe:eknuvi,2024-04-19 16:12:40+00:00,0,0,0.110998824
synthetic_cloudtrail.csv:3056,fe:eknuvi,2024-04-19 16:13:47+00:00,0,0,0.111615956
synthetic_cloudtrail.csv:3057,fe:eknuvi,2024-04-19 16:15:01+00:00,0,0,0.1305229
synthetic_cloudtrail.csv:3058,fe:eknuvi,2024-04-19 16:15:37+00:00,0,0,0.105174705
synthetic_cloudtrail.csv:3059,fe:eknuvi,2024-04-19 16:16:30+00:00,0,0,0.11237489
synthetic_cloudtrail.csv:3060,fe:eknuvi,2024-04-19 16:17:41+00:00,0,0,0.11741038
synthetic_cloudtrail.csv:3061,fe:eknuvi,2024-04-19 16:18:44+00:00,0,0,0.22396605
synthetic_cloudtrail.csv:3062,fe:eknuvi,2024-04-19 16:18:51+00:00,0,0,0.13830516
synthetic_cloudtrail.csv:8486,fe:elfdh,2024-11-04 13:00:25+00:00,0,0,0.13025758
synthetic_cloudtrail.csv:8487,fe:elfdh,2024-11-04 13:00:47+00:00,0,0,0.10201724
synthetic_cloudtrail.csv:8488,fe:elfdh,2024-11-04 13:01:13+00:00,0,0,0.11757276
synthetic_cloudtrail.csv:8489,fe:elfdh,2024-11-04 13:01:19+00:00,0,0,0.11570319
synthetic_cloudtrail.csv:8490,fe:elfdh,2024-11-04 13:01:32+00:00,0,0,0.12589015
synthetic_cloudtrail.csv:8491,fe:elfdh,2024-11-04 13:01:59+00:00,1,1,0.9944729
synthetic_cloudtrail.csv:8492,fe:elfdh,2024-11-04 13:02:55+00:00,1,1,0.9942761
synthetic_cloudtrail.csv:8493,fe:elfdh,2024-11-04 13:03:01+00:00,1,1,0.9880406
synthetic_cloudtrail.csv:8494,fe:elfdh,2024-11-04 13:03:38+00:00,0,0,0.101920284
synthetic_cloudtrail.csv:8495,fe:elfdh,2024-11-04 13:04:48+00:00,0,0,0.12762775
synthetic_cloudtrail.csv:8496,fe:elfdh,2024-11-04 13:05:57+00:00,0,0,0.12562922
synthetic_cloudtrail.csv:3750,fe:embwfg,2024-05-13 07:01:07+00:00,0,0,0.10952057
synthetic_cloudtrail.csv:3751,fe:embwfg,2024-05-13 07:02:31+00:00,0,0,0.121029094
synthetic_cloudtrail.csv:3752,fe:embwfg,2024-05-13 07:02:41+00:00,0,0,0.13392422
synthetic_cloudtrail.csv:3753,fe:embwfg,2024-05-13 07:04:08+00:00,0,0,0.12321325
synthetic_cloudtrail.csv:3754,fe:embwfg,2024-05-13 07:04:34+00:00,0,0,0.11805733
synthetic_cloudtrail.csv:3755,fe:embwfg,2024-05-13 07:06:32+00:00,0,0,0.12895474
synthetic_cloudtrail.csv:3756,fe:embwfg,2024-05-13 07:07:32+00:00,0,0,0.105553046
synthetic_cloudtrail.csv:3757,fe:embwfg,2024-05-13 07:08:36+00:00,0,0,0.26109678
synthetic_cloudtrail.csv:3758,fe:embwfg,2024-05-13 07:09:43+00:00,0,0,0.11929529
synthetic_cloudtrail.csv:3759,fe:embwfg,2024-05-13 07:11:03+00:00,0,0,0.11754866
synthetic_cloudtrail.csv:3760,fe:embwfg,2024-05-13 07:12:49+00:00,0,0,0.12823622
synthetic_cloudtrail.csv:3761,fe:embwfg,2024-05-13 07:14:33+00:00,0,0,0.11647656
synthetic_cloudtrail.csv:3762,fe:embwfg,2024-05-13 07:15:43+00:00,0,0,0.12165219
synthetic_cloudtrail.csv:3763,fe:embwfg,2024-05-13 07:16:58+00:00,0,0,0.14370911
synthetic_cloudtrail.csv:3764,fe:embwfg,2024-05-13 07:18:08+00:00,0,0,0.12748262
synthetic_cloudtrail.csv:3765,fe:embwfg,2024-05-13 07:18:39+00:00,0,0,0.14254358
synthetic_cloudtrail.csv:3766,fe:embwfg,2024-05-13 07:19:40+00:00,0,0,0.119481705
synthetic_cloudtrail.csv:3767,fe:embwfg,2024-05-13 07:20:34+00:00,0,0,0.12568898
synthetic_cloudtrail.csv:3768,fe:embwfg,2024-05-13 07:22:26+00:00,0,0,0.13012978
synthetic_cloudtrail.csv:3769,fe:embwfg,2024-05-13 07:23:37+00:00,0,0,0.13286053
synthetic_cloudtrail.csv:1269,fe:emobux,2024-02-12 19:00:34+00:00,0,0,0.13616914
synthetic_cloudtrail.csv:1271,fe:emobux,2024-02-12 19:01:24+00:00,0,0,0.116279274
synthetic_cloudtrail.csv:1279,fe:emobux,2024-02-12 19:02:43+00:00,0,0,0.11927849
synthetic_cloudtrail.csv:1282,fe:emobux,2024-02-12 19:03:11+00:00,0,0,0.11403002
synthetic_cloudtrail.csv:1283,fe:emobux,2024-02-12 19:03:44+00:00,0,0,0.121422425
synthetic_cloudtrail.csv:1284,fe:emobux,2024-02-12 19:04:50+00:00,0,0,0.11805549
synthetic_cloudtrail.csv:1286,fe:emobux,2024-02-12 19:04:58+00:00,0,0,0.1205323
synthetic_cloudtrail.csv:1290,fe:emobux,2024-02-12 19:06:41+00:00,0,0,0.12984115
synthetic_cloudtrail.csv:1291,fe:emobux,2024-02-12 19:08:11+00:00,0,0,0.1111814
synthetic_cloudtrail.csv:1294,fe:emobux,2024-02-12 19:09:36+00:00,0,0,0.13219613
synthetic_cloudtrail.csv:1296,fe:emobux,2024-02-12 19:11:14+00:00,0,0,0.1455876
synthetic_cloudtrail.csv:6572,fe:emzbw,2024-08-24 14:00:29+00:00,0,0,0.11522808
synthetic_cloudtrail.csv:6573,fe:emzbw,2024-08-24 14:00:43+00:00,0,0,0.10396361
synthetic_cloudtrail.csv:6574,fe:emzbw,2024-08-24 14:01:01+00:00,0,0,0.11053939
synthetic_cloudtrail.csv:6575,fe:emzbw,2024-08-24 14:01:11+00:00,0,0,0.13135928
synthetic_cloudtrail.csv:6576,fe:emzbw,2024-08-24 14:01:36+00:00,0,0,0.14047697
synthetic_cloudtrail.csv:6577,fe:emzbw,2024-08-24 14:01:52+00:00,0,0,0.11570218
synthetic_cloudtrail.csv:6578,fe:emzbw,2024-08-24 14:02:13+00:00,0,0,0.11618428
synthetic_cloudtrail.csv:6579,fe:emzbw,2024-08-24 14:02:37+00:00,1,1,0.99572766
synthetic_cloudtrail.csv:6580,fe:emzbw,2024-08-24 14:02:44+00:00,1,1,0.9963237
synthetic_cloudtrail.csv:6581,fe:emzbw,2024-08-24 14:03:38+00:00,0,0,0.118042074
synthetic_cloudtrail.csv:6582,fe:emzbw,2024-08-24 14:04:05+00:00,0,0,0.11842303
synthetic_cloudtrail.csv:6583,fe:emzbw,2024-08-24 14:05:04+00:00,0,0,0.13942434
synthetic_cloudtrail.csv:6584,fe:emzbw,2024-08-24 14:06:10+00:00,0,0,0.10678411
synthetic_cloudtrail.csv:3607,fe:enuxwcgf,2024-05-07 18:00:03+00:00,0,0,0.13594067
synthetic_cloudtrail.csv:3608,fe:enuxwcgf,2024-05-07 18:00:07+00:00,0,0,0.14147897
synthetic_cloudtrail.csv:3610,fe:enuxwcgf,2024-05-07 18:00:37+00:00,0,0,0.12131331
synthetic_cloudtrail.csv:3613,fe:enuxwcgf,2024-05-07 18:01:01+00:00,1,1,0.992622
synthetic_cloudtrail.csv:3616,fe:enuxwcgf,2024-05-07 18:01:52+00:00,1,1,0.9944377
synthetic_cloudtrail.csv:3618,fe:enuxwcgf,2024-05-07 18:02:34+00:00,0,0,0.124257736
synthetic_cloudtrail.csv:3619,fe:enuxwcgf,2024-05-07 18:02:54+00:00,0,0,0.13418704
synthetic_cloudtrail.csv:3621,fe:enuxwcgf,2024-05-07 18:03:48+00:00,0,0,0.14017582
synthetic_cloudtrail.csv:3624,fe:enuxwcgf,2024-05-07 18:05:08+00:00,0,0,0.18091257
synthetic_cloudtrail.csv:4211,fe:enzdjp,2024-05-26 10:00:19+00:00,0,0,0.14681548
synthetic_cloudtrail.csv:4214,fe:enzdjp,2024-05-26 10:01:54+00:00,0,0,0.12723885
synthetic_cloudtrail.csv:4218,fe:enzdjp,2024-05-26 10:03:50+00:00,0,0,0.10881444
synthetic_cloudtrail.csv:4221,fe:enzdjp,2024-05-26 10:05:25+00:00,0,0,0.11692257
synthetic_cloudtrail.csv:4223,fe:enzdjp,2024-05-26 10:07:05+00:00,0,0,0.11839848
synthetic_cloudtrail.csv:4225,fe:enzdjp,2024-05-26 10:08:25+00:00,0,0,0.13824463
synthetic_cloudtrail.csv:4226,fe:enzdjp,2024-05-26 10:08:44+00:00,0,0,0.12240298
synthetic_cloudtrail.csv:4229,fe:enzdjp,2024-05-26 10:09:59+00:00,0,0,0.11766656
synthetic_cloudtrail.csv:4230,fe:enzdjp,2024-05-26 10:10:10+00:00,0,0,0.13890648
synthetic_cloudtrail.csv:4233,fe:enzdjp,2024-05-26 10:11:40+00:00,0,0,0.10741306
synthetic_cloudtrail.csv:4235,fe:enzdjp,2024-05-26 10:13:35+00:00,0,0,0.113429315
synthetic_cloudtrail.csv:4238,fe:enzdjp,2024-05-26 10:14:42+00:00,0,0,0.1276725
synthetic_cloudtrail.csv:4240,fe:enzdjp,2024-05-26 10:16:04+00:00,0,0,0.11564634
synthetic_cloudtrail.csv:8178,fe:eosrxmvawofn,2024-10-20 07:00:03+00:00,0,0,0.12589526
synthetic_cloudtrail.csv:8179,fe:eosrxmvawofn,2024-10-20 07:00:09+00:00,0,0,0.13975362
synthetic_cloudtrail.csv:8180,fe:eosrxmvawofn,2024-10-20 07:00:13+00:00,0,0,0.14044648
synthetic_cloudtrail.csv:8181,fe:eosrxmvawofn,2024-10-20 07:00:32+00:00,0,0,0.15152909
synthetic_cloudtrail.csv:8182,fe:eosrxmvawofn,2024-10-20 07:01:20+00:00,1,1,0.9943051
synthetic_cloudtrail.csv:8183,fe:eosrxmvawofn,2024-10-20 07:01:54+00:00,1,1,0.99372137
synthetic_cloudtrail.csv:8184,fe:eosrxmvawofn,2024-10-20 07:02:10+00:00,0,0,0.12824066
synthetic_cloudtrail.csv:8185,fe:eosrxmvawofn,2024-10-20 07:03:24+00:00,0,0,0.16235225
synthetic_cloudtrail.csv:9300,fe:etmdrf,2024-12-03 08:01:31+00:00,0,0,0.15120989
synthetic_cloudtrail.csv:9301,fe:etmdrf,2024-12-03 08:02:56+00:00,0,0,0.13115036
synthetic_cloudtrail.csv:9302,fe:etmdrf,2024-12-03 08:04:08+00:00,0,0,0.13533808
synthetic_cloudtrail.csv:9303,fe:etmdrf,2024-12-03 08:04:34+00:00,0,0,0.123391815
synthetic_cloudtrail.csv:9304,fe:etmdrf,2024-12-03 08:05:36+00:00,0,0,0.11844126
synthetic_cloudtrail.csv:9305,fe:etmdrf,2024-12-03 08:06:48+00:00,0,0,0.12113431
synthetic_cloudtrail.csv:9306,fe:etmdrf,2024-12-03 08:07:06+00:00,0,0,0.13916776
synthetic_cloudtrail.csv:9307,fe:etmdrf,2024-12-03 08:07:57+00:00,0,0,0.12302431
synthetic_cloudtrail.csv:9308,fe:etmdrf,2024-12-03 08:08:54+00:00,0,0,0.12292911
synthetic_cloudtrail.csv:9309,fe:etmdrf,2024-12-03 08:09:08+00:00,0,0,0.14387949
synthetic_cloudtrail.csv:9310,fe:etmdrf,2024-12-03 08:10:40+00:00,0,0,0.120856315
synthetic_cloudtrail.csv:9311,fe:etmdrf,2024-12-03 08:12:07+00:00,0,0,0.16051596
synthetic_cloudtrail.csv:9312,fe:etmdrf,2024-12-03 08:13:07+00:00,0,0,0.12844977
synthetic_cloudtrail.csv:9313,fe:etmdrf,2024-12-03 08:14:31+00:00,0,0,0.13780907
synthetic_cloudtrail.csv:9314,fe:etmdrf,2024-12-03 08:14:45+00:00,0,0,0.13311087
synthetic_cloudtrail.csv:9315,fe:etmdrf,2024-12-03 08:14:50+00:00,0,0,0.14112183
synthetic_cloudtrail.csv:9316,fe:etmdrf,2024-12-03 08:16:32+00:00,0,0,0.14467596
synthetic_cloudtrail.csv:9317,fe:etmdrf,2024-12-03 08:17:54+00:00,0,0,0.1288313
synthetic_cloudtrail.csv:9318,fe:etmdrf,2024-12-03 08:19:04+00:00,0,0,0.13753709
synthetic_cloudtrail.csv:7276,fe:eulwcj,2024-09-18 07:00:50+00:00,0,0,0.12575482
synthetic_cloudtrail.csv:7277,fe:eulwcj,2024-09-18 07:01:43+00:00,0,0,0.11334138
synthetic_cloudtrail.csv:7278,fe:eulwcj,2024-09-18 07:03:24+00:00,0,0,0.14124094
synthetic_cloudtrail.csv:7279,fe:eulwcj,2024-09-18 07:05:19+00:00,0,0,0.12193615
synthetic_cloudtrail.csv:7280,fe:eulwcj,2024-09-18 07:06:07+00:00,0,0,0.116929
synthetic_cloudtrail.csv:7281,fe:eulwcj,2024-09-18 07:07:45+00:00,0,0,0.15178803
synthetic_cloudtrail.csv:7282,fe:eulwcj,2024-09-18 07:08:00+00:00,0,0,0.11392949
synthetic_cloudtrail.csv:7283,fe:eulwcj,2024-09-18 07:09:33+00:00,0,0,0.1209994
synthetic_cloudtrail.csv:7284,fe:eulwcj,2024-09-18 07:10:42+00:00,0,0,0.13836347
synthetic_cloudtrail.csv:7285,fe:eulwcj,2024-09-18 07:11:57+00:00,0,0,0.12233324
synthetic_cloudtrail.csv:7286,fe:eulwcj,2024-09-18 07:13:10+00:00,0,0,0.116475366
synthetic_cloudtrail.csv:7287,fe:eulwcj,2024-09-18 07:14:11+00:00,0,0,0.117783345
synthetic_cloudtrail.csv:7288,fe:eulwcj,2024-09-18 07:15:42+00:00,0,0,0.12748271
synthetic_cloudtrail.csv:7289,fe:eulwcj,2024-09-18 07:17:20+00:00,0,0,0.12578353
synthetic_cloudtrail.csv:8668,fe:evburm,2024-11-12 10:01:46+00:00,0,0,0.12649782
synthetic_cloudtrail.csv:8669,fe:evburm,2024-11-12 10:03:26+00:00,0,0,0.12455006
synthetic_cloudtrail.csv:8670,fe:evburm,2024-11-12 10:05:25+00:00,0,0,0.12657245
synthetic_cloudtrail.csv:8671,fe:evburm,2024-11-12 10:05:49+00:00,0,0,0.11984521
synthetic_cloudtrail.csv:8672,fe:evburm,2024-11-12 10:07:46+00:00,0,0,0.12008321
synthetic_cloudtrail.csv:8673,fe:evburm,2024-11-12 10:09:31+00:00,0,0,0.117020905
synthetic_cloudtrail.csv:8674,fe:evburm,2024-11-12 10:09:38+00:00,0,0,0.12026001
synthetic_cloudtrail.csv:8675,fe:evburm,2024-11-12 10:10:48+00:00,0,0,0.12919685
synthetic_cloudtrail.csv:8676,fe:evburm,2024-11-12 10:10:54+00:00,0,0,0.22084378
synthetic_cloudtrail.csv:8677,fe:evburm,2024-11-12 10:12:04+00:00,0,0,0.12101158
synthetic_cloudtrail.csv:8678,fe:evburm,2024-11-12 10:12:43+00:00,0,0,0.1199244
synthetic_cloudtrail.csv:8679,fe:evburm,2024-11-12 10:13:54+00:00,0,0,0.12138752
synthetic_cloudtrail.csv:7570,fe:evofck,2024-10-03 12:00:18+00:00,0,0,0.13441698
synthetic_cloudtrail.csv:7571,fe:evofck,2024-10-03 12:01:27+00:00,0,0,0.11268161
synthetic_cloudtrail.csv:7572,fe:evofck,2024-10-03 12:03:13+00:00,0,0,0.122456
synthetic_cloudtrail.csv:7573,fe:evofck,2024-10-03 12:04:09+00:00,0,0,0.1338027
synthetic_cloudtrail.csv:7574,fe:evofck,2024-10-03 12:05:13+00:00,0,0,0.10937801
synthetic_cloudtrail.csv:7575,fe:evofck,2024-10-03 12:06:17+00:00,0,0,0.106259316
synthetic_cloudtrail.csv:7576,fe:evofck,2024-10-03 12:07:58+00:00,0,0,0.116723396
synthetic_cloudtrail.csv:7577,fe:evofck,2024-10-03 12:09:41+00:00,0,0,0.12800935
synthetic_cloudtrail.csv:7578,fe:evofck,2024-10-03 12:10:03+00:00,0,0,0.13546361
synthetic_cloudtrail.csv:7579,fe:evofck,2024-10-03 12:11:52+00:00,0,0,0.1116258
synthetic_cloudtrail.csv:7580,fe:evofck,2024-10-03 12:12:14+00:00,0,0,0.12900196
synthetic_cloudtrail.csv:7581,fe:evofck,2024-10-03 12:13:57+00:00,0,0,0.094495535
synthetic_cloudtrail.csv:8680,fe:evzbtknouu,2024-11-12 13:00:11+00:00,0,0,0.10868197
synthetic_cloudtrail.csv:8682,fe:evzbtknouu,2024-11-12 13:00:19+00:00,0,0,0.12998956
synthetic_cloudtrail.csv:8684,fe:evzbtknouu,2024-11-12 13:00:35+00:00,0,0,0.12038141
synthetic_cloudtrail.csv:8687,fe:evzbtknouu,2024-11-12 13:01:08+00:00,1,1,0.993682
synthetic_cloudtrail.csv:8688,fe:evzbtknouu,2024-11-12 13:01:19+00:00,1,1,0.9929871
synthetic_cloudtrail.csv:8691,fe:evzbtknouu,2024-11-12 13:02:03+00:00,1,0,0.9586666
synthetic_cloudtrail.csv:8693,fe:evzbtknouu,2024-11-12 13:03:03+00:00,0,0,0.17919455
synthetic_cloudtrail.csv:2741,fe:exggpn,2024-04-10 08:01:08+00:00,0,0,0.12688506
synthetic_cloudtrail.csv:2742,fe:exggpn,2024-04-10 08:02:48+00:00,0,0,0.12540925
synthetic_cloudtrail.csv:2743,fe:exggpn,2024-04-10 08:04:02+00:00,0,0,0.12709141
synthetic_cloudtrail.csv:2744,fe:exggpn,2024-04-10 08:06:02+00:00,0,0,0.14082348
synthetic_cloudtrail.csv:2745,fe:exggpn,2024-04-10 08:06:12+00:00,0,0,0.11388833
synthetic_cloudtrail.csv:2746,fe:exggpn,2024-04-10 08:06:19+00:00,0,0,0.1185688
synthetic_cloudtrail.csv:2747,fe:exggpn,2024-04-10 08:06:37+00:00,0,0,0.13875806
synthetic_cloudtrail.csv:2748,fe:exggpn,2024-04-10 08:08:01+00:00,0,0,0.1264325
synthetic_cloudtrail.csv:2749,fe:exggpn,2024-04-10 08:09:15+00:00,0,0,0.2557195
synthetic_cloudtrail.csv:2750,fe:exggpn,2024-04-10 08:11:01+00:00,0,0,0.11848501
synthetic_cloudtrail.csv:2751,fe:exggpn,2024-04-10 08:12:00+00:00,0,0,0.11435568
synthetic_cloudtrail.csv:2752,fe:exggpn,2024-04-10 08:12:48+00:00,0,0,0.11692127
synthetic_cloudtrail.csv:2753,fe:exggpn,2024-04-10 08:13:09+00:00,0,0,0.11248754
synthetic_cloudtrail.csv:2754,fe:exggpn,2024-04-10 08:14:40+00:00,0,0,0.124213606
synthetic_cloudtrail.csv:2755,fe:exggpn,2024-04-10 08:15:36+00:00,0,0,0.30268082
synthetic_cloudtrail.csv:1549,fe:eznerb,2024-02-20 19:02:48+00:00,0,0,0.20287588
synthetic_cloudtrail.csv:1550,fe:eznerb,2024-02-20 19:08:35+00:00,0,0,0.16761287
synthetic_cloudtrail.csv:1551,fe:eznerb,2024-02-20 19:12:56+00:00,0,0,0.29987654
synthetic_cloudtrail.csv:1552,fe:eznerb,2024-02-20 19:18:33+00:00,0,0,0.16880551
synthetic_cloudtrail.csv:1553,fe:eznerb,2024-02-20 19:21:19+00:00,0,0,0.21745335
synthetic_cloudtrail.csv:1554,fe:eznerb,2024-02-20 19:34:12+00:00,0,0,0.18229377
synthetic_cloudtrail.csv:4967,fe:fbcofpfrikd,2024-06-21 19:00:16+00:00,0,0,0.12354115
synthetic_cloudtrail.csv:4968,fe:fbcofpfrikd,2024-06-21 19:00:21+00:00,0,0,0.124326095
synthetic_cloudtrail.csv:4969,fe:fbcofpfrikd,2024-06-21 19:00:32+00:00,0,0,0.123157136
synthetic_cloudtrail.csv:4970,fe:fbcofpfrikd,2024-06-21 19:00:51+00:00,0,0,0.13249332
synthetic_cloudtrail.csv:4971,fe:fbcofpfrikd,2024-06-21 19:01:01+00:00,0,0,0.15984352
synthetic_cloudtrail.csv:4972,fe:fbcofpfrikd,2024-06-21 19:01:25+00:00,1,1,0.994086
synthetic_cloudtrail.csv:4973,fe:fbcofpfrikd,2024-06-21 19:01:33+00:00,1,1,0.9952749
synthetic_cloudtrail.csv:4974,fe:fbcofpfrikd,2024-06-21 19:02:03+00:00,1,1,0.99431854
synthetic_cloudtrail.csv:4975,fe:fbcofpfrikd,2024-06-21 19:03:07+00:00,0,0,0.12635167
synthetic_cloudtrail.csv:4976,fe:fbcofpfrikd,2024-06-21 19:03:34+00:00,0,0,0.13504644
synthetic_cloudtrail.csv:4977,fe:fbcofpfrikd,2024-06-21 19:04:41+00:00,0,0,0.14265773
synthetic_cloudtrail.csv:4978,fe:fbcofpfrikd,2024-06-21 19:05:01+00:00,0,0,0.17415357
synthetic_cloudtrail.csv:9704,fe:fbohtw,2024-12-14 13:01:25+00:00,0,0,0.11793683
synthetic_cloudtrail.csv:9705,fe:fbohtw,2024-12-14 13:02:44+00:00,0,0,0.1259745
synthetic_cloudtrail.csv:9706,fe:fbohtw,2024-12-14 13:02:59+00:00,0,0,0.12205577
synthetic_cloudtrail.csv:9707,fe:fbohtw,2024-12-14 13:03:27+00:00,0,0,0.13105573
synthetic_cloudtrail.csv:9708,fe:fbohtw,2024-12-14 13:05:14+00:00,0,0,0.12910831
synthetic_cloudtrail.csv:9709,fe:fbohtw,2024-12-14 13:05:20+00:00,0,0,0.13361269
synthetic_cloudtrail.csv:9710,fe:fbohtw,2024-12-14 13:07:13+00:00,0,0,0.13030967
synthetic_cloudtrail.csv:9711,fe:fbohtw,2024-12-14 13:07:52+00:00,0,0,0.11511202
synthetic_cloudtrail.csv:9712,fe:fbohtw,2024-12-14 13:09:45+00:00,0,0,0.14133786
synthetic_cloudtrail.csv:9713,fe:fbohtw,2024-12-14 13:10:26+00:00,0,0,0.13186836
synthetic_cloudtrail.csv:9714,fe:fbohtw,2024-12-14 13:11:39+00:00,0,0,0.121900834
synthetic_cloudtrail.csv:9715,fe:fbohtw,2024-12-14 13:13:12+00:00,0,0,0.11342965
synthetic_cloudtrail.csv:9716,fe:fbohtw,2024-12-14 13:13:29+00:00,0,0,0.11481684
synthetic_cloudtrail.csv:6827,fe:fbtrioiaid,2024-09-05 08:00:04+00:00,0,0,0.11132597
synthetic_cloudtrail.csv:6828,fe:fbtrioiaid,2024-09-05 08:00:15+00:00,0,0,0.12113505
synthetic_cloudtrail.csv:6829,fe:fbtrioiaid,2024-09-05 08:00:19+00:00,0,0,0.14302954
synthetic_cloudtrail.csv:6830,fe:fbtrioiaid,2024-09-05 08:00:23+00:00,0,0,0.13031207
synthetic_cloudtrail.csv:6831,fe:fbtrioiaid,2024-09-05 08:00:53+00:00,0,0,0.13630849
synthetic_cloudtrail.csv:6832,fe:fbtrioiaid,2024-09-05 08:01:13+00:00,0,0,0.1514268
synthetic_cloudtrail.csv:6833,fe:fbtrioiaid,2024-09-05 08:02:08+00:00,1,1,0.9941247
synthetic_cloudtrail.csv:6834,fe:fbtrioiaid,2024-09-05 08:02:13+00:00,1,1,0.9949944
synthetic_cloudtrail.csv:6835,fe:fbtrioiaid,2024-09-05 08:03:00+00:00,1,1,0.9936242
synthetic_cloudtrail.csv:6836,fe:fbtrioiaid,2024-09-05 08:03:49+00:00,0,0,0.11886358
synthetic_cloudtrail.csv:6837,fe:fbtrioiaid,2024-09-05 08:04:34+00:00,0,0,0.12629339
synthetic_cloudtrail.csv:5696,fe:fbvlqmjhk,2024-07-19 10:00:20+00:00,0,0,0.124301605
synthetic_cloudtrail.csv:5698,fe:fbvlqmjhk,2024-07-19 10:00:23+00:00,0,0,0.13989325
synthetic_cloudtrail.csv:5700,fe:fbvlqmjhk,2024-07-19 10:00:45+00:00,0,0,0.12531036
synthetic_cloudtrail.csv:5704,fe:fbvlqmjhk,2024-07-19 10:01:42+00:00,1,1,0.992725
synthetic_cloudtrail.csv:5706,fe:fbvlqmjhk,2024-07-19 10:01:59+00:00,1,1,0.9935389
synthetic_cloudtrail.csv:5707,fe:fbvlqmjhk,2024-07-19 10:02:10+00:00,1,1,0.99352735
synthetic_cloudtrail.csv:5710,fe:fbvlqmjhk,2024-07-19 10:03:13+00:00,1,0,0.9625532
synthetic_cloudtrail.csv:5712,fe:fbvlqmjhk,2024-07-19 10:04:24+00:00,0,0,0.12766862
synthetic_cloudtrail.csv:5715,fe:fbvlqmjhk,2024-07-19 10:05:02+00:00,0,0,0.13624936
synthetic_cloudtrail.csv:5717,fe:fbvlqmjhk,2024-07-19 10:06:07+00:00,0,0,0.13503836
synthetic_cloudtrail.csv:5719,fe:fbvlqmjhk,2024-07-19 10:07:04+00:00,0,0,0.13742863
synthetic_cloudtrail.csv:3585,fe:fdijigt,2024-05-06 10:00:16+00:00,0,0,0.12855914
synthetic_cloudtrail.csv:3586,fe:fdijigt,2024-05-06 10:00:41+00:00,0,0,0.14415231
synthetic_cloudtrail.csv:3587,fe:fdijigt,2024-05-06 10:01:10+00:00,0,0,0.14033596
synthetic_cloudtrail.csv:3588,fe:fdijigt,2024-05-06 10:01:15+00:00,1,1,0.9939155
synthetic_cloudtrail.csv:3589,fe:fdijigt,2024-05-06 10:02:12+00:00,1,1,0.99301815
synthetic_cloudtrail.csv:3590,fe:fdijigt,2024-05-06 10:03:32+00:00,1,0,0.96057683
synthetic_cloudtrail.csv:3591,fe:fdijigt,2024-05-06 10:03:54+00:00,0,0,0.16276018
synthetic_cloudtrail.csv:3592,fe:fdijigt,2024-05-06 10:04:57+00:00,1,0,0.77759504
synthetic_cloudtrail.csv:3593,fe:fdijigt,2024-05-06 10:05:17+00:00,0,0,0.14922638
synthetic_cloudtrail.csv:7739,fe:fdpcxu,2024-10-08 17:01:41+00:00,0,0,0.13664177
synthetic_cloudtrail.csv:7740,fe:fdpcxu,2024-10-08 17:03:32+00:00,0,0,0.10523593
synthetic_cloudtrail.csv:7741,fe:fdpcxu,2024-10-08 17:05:09+00:00,0,0,0.12016584
synthetic_cloudtrail.csv:7742,fe:fdpcxu,2024-10-08 17:06:46+00:00,0,0,0.12509699
synthetic_cloudtrail.csv:7743,fe:fdpcxu,2024-10-08 17:08:13+00:00,0,0,0.12089585
synthetic_cloudtrail.csv:7744,fe:fdpcxu,2024-10-08 17:09:05+00:00,0,0,0.1234794
synthetic_cloudtrail.csv:7745,fe:fdpcxu,2024-10-08 17:10:05+00:00,0,0,0.13183586
synthetic_cloudtrail.csv:7746,fe:fdpcxu,2024-10-08 17:11:37+00:00,0,0,0.115766406
synthetic_cloudtrail.csv:7747,fe:fdpcxu,2024-10-08 17:12:46+00:00,0,0,0.12518536
synthetic_cloudtrail.csv:7748,fe:fdpcxu,2024-10-08 17:13:03+00:00,0,0,0.12533957
synthetic_cloudtrail.csv:7749,fe:fdpcxu,2024-10-08 17:13:47+00:00,0,0,0.13846688
synthetic_cloudtrail.csv:7750,fe:fdpcxu,2024-10-08 17:14:45+00:00,0,0,0.106575325
synthetic_cloudtrail.csv:7751,fe:fdpcxu,2024-10-08 17:15:01+00:00,0,0,0.12735973
synthetic_cloudtrail.csv:7752,fe:fdpcxu,2024-10-08 17:16:18+00:00,0,0,0.10755539
synthetic_cloudtrail.csv:7753,fe:fdpcxu,2024-10-08 17:16:54+00:00,0,0,0.11161483
synthetic_cloudtrail.csv:2608,fe:fehexq,2024-04-05 08:00:35+00:00,0,0,0.12635192
synthetic_cloudtrail.csv:2609,fe:fehexq,2024-04-05 08:01:39+00:00,0,0,0.12509106
synthetic_cloudtrail.csv:2610,fe:fehexq,2024-04-05 08:02:08+00:00,0,0,0.11729631
synthetic_cloudtrail.csv:2611,fe:fehexq,2024-04-05 08:02:29+00:00,0,0,0.12732433
synthetic_cloudtrail.csv:2612,fe:fehexq,2024-04-05 08:03:00+00:00,0,0,0.12162875
synthetic_cloudtrail.csv:2613,fe:fehexq,2024-04-05 08:04:55+00:00,0,0,0.120698065
synthetic_cloudtrail.csv:2614,fe:fehexq,2024-04-05 08:06:02+00:00,0,0,0.11697439
synthetic_cloudtrail.csv:2615,fe:fehexq,2024-04-05 08:06:07+00:00,0,0,0.12899195
synthetic_cloudtrail.csv:2616,fe:fehexq,2024-04-05 08:06:51+00:00,0,0,0.12512927
synthetic_cloudtrail.csv:2617,fe:fehexq,2024-04-05 08:08:16+00:00,0,0,0.12061656
synthetic_cloudtrail.csv:2618,fe:fehexq,2024-04-05 08:09:18+00:00,0,0,0.14050546
synthetic_cloudtrail.csv:2619,fe:fehexq,2024-04-05 08:10:53+00:00,0,0,0.1218478
synthetic_cloudtrail.csv:2620,fe:fehexq,2024-04-05 08:11:02+00:00,0,0,0.14645846
synthetic_cloudtrail.csv:2621,fe:fehexq,2024-04-05 08:11:57+00:00,0,0,0.12586883
synthetic_cloudtrail.csv:8811,fe:fglcgo,2024-11-15 19:01:55+00:00,0,0,0.14430837
synthetic_cloudtrail.csv:8812,fe:fglcgo,2024-11-15 19:02:34+00:00,0,0,0.30280837
synthetic_cloudtrail.csv:8813,fe:fglcgo,2024-11-15 19:03:44+00:00,0,0,0.18444672
synthetic_cloudtrail.csv:8814,fe:fglcgo,2024-11-15 19:03:51+00:00,0,0,0.12276829
synthetic_cloudtrail.csv:8815,fe:fglcgo,2024-11-15 19:05:46+00:00,0,0,0.1121174
synthetic_cloudtrail.csv:8816,fe:fglcgo,2024-11-15 19:07:11+00:00,0,0,0.11835479
synthetic_cloudtrail.csv:8817,fe:fglcgo,2024-11-15 19:07:29+00:00,0,0,0.111537844
synthetic_cloudtrail.csv:8818,fe:fglcgo,2024-11-15 19:08:19+00:00,0,0,0.11242237
synthetic_cloudtrail.csv:8819,fe:fglcgo,2024-11-15 19:09:19+00:00,0,0,0.14289305
synthetic_cloudtrail.csv:8820,fe:fglcgo,2024-11-15 19:10:42+00:00,0,0,0.14092821
synthetic_cloudtrail.csv:8821,fe:fglcgo,2024-11-15 19:12:16+00:00,0,0,0.13221177
synthetic_cloudtrail.csv:8822,fe:fglcgo,2024-11-15 19:13:06+00:00,0,0,0.14097406
synthetic_cloudtrail.csv:4695,fe:fguect,2024-06-11 15:01:59+00:00,0,0,0.12513553
synthetic_cloudtrail.csv:4696,fe:fguect,2024-06-11 15:02:44+00:00,0,0,0.11572022
synthetic_cloudtrail.csv:4697,fe:fguect,2024-06-11 15:03:10+00:00,0,0,0.13265081
synthetic_cloudtrail.csv:4698,fe:fguect,2024-06-11 15:03:45+00:00,0,0,0.11026381
synthetic_cloudtrail.csv:4699,fe:fguect,2024-06-11 15:05:16+00:00,0,0,0.113932386
synthetic_cloudtrail.csv:4700,fe:fguect,2024-06-11 15:05:59+00:00,0,0,0.11693052
synthetic_cloudtrail.csv:4701,fe:fguect,2024-06-11 15:07:10+00:00,0,0,0.11252798
synthetic_cloudtrail.csv:4702,fe:fguect,2024-06-11 15:07:36+00:00,0,0,0.2388802
synthetic_cloudtrail.csv:4703,fe:fguect,2024-06-11 15:09:18+00:00,0,0,0.11907009
synthetic_cloudtrail.csv:4704,fe:fguect,2024-06-11 15:10:19+00:00,0,0,0.12269257
synthetic_cloudtrail.csv:4705,fe:fguect,2024-06-11 15:10:25+00:00,0,0,0.107454695
synthetic_cloudtrail.csv:4706,fe:fguect,2024-06-11 15:11:01+00:00,0,0,0.10287919
synthetic_cloudtrail.csv:4707,fe:fguect,2024-06-11 15:11:53+00:00,0,0,0.11493123
synthetic_cloudtrail.csv:4708,fe:fguect,2024-06-11 15:13:41+00:00,0,0,0.105585106
synthetic_cloudtrail.csv:4709,fe:fguect,2024-06-11 15:14:02+00:00,0,0,0.12267286
synthetic_cloudtrail.csv:4710,fe:fguect,2024-06-11 15:14:13+00:00,0,0,0.11813336
synthetic_cloudtrail.csv:4711,fe:fguect,2024-06-11 15:15:24+00:00,0,0,0.12220707
synthetic_cloudtrail.csv:4712,fe:fguect,2024-06-11 15:15:45+00:00,0,0,0.13946593
synthetic_cloudtrail.csv:4713,fe:fguect,2024-06-11 15:16:16+00:00,0,0,0.12442535
synthetic_cloudtrail.csv:4714,fe:fguect,2024-06-11 15:17:57+00:00,0,0,0.11319082
synthetic_cloudtrail.csv:1747,fe:fiqcvd,2024-03-01 11:01:13+00:00,0,0,0.13625878
synthetic_cloudtrail.csv:1748,fe:fiqcvd,2024-03-01 11:03:00+00:00,0,0,0.134751
synthetic_cloudtrail.csv:1749,fe:fiqcvd,2024-03-01 11:03:08+00:00,0,0,0.14385474
synthetic_cloudtrail.csv:1750,fe:fiqcvd,2024-03-01 11:05:07+00:00,0,0,0.1235429
synthetic_cloudtrail.csv:1751,fe:fiqcvd,2024-03-01 11:06:28+00:00,0,0,0.12106805
synthetic_cloudtrail.csv:1752,fe:fiqcvd,2024-03-01 11:08:06+00:00,0,0,0.12894127
synthetic_cloudtrail.csv:1753,fe:fiqcvd,2024-03-01 11:09:20+00:00,0,0,0.14147352
synthetic_cloudtrail.csv:1754,fe:fiqcvd,2024-03-01 11:10:02+00:00,0,0,0.117676474
synthetic_cloudtrail.csv:1755,fe:fiqcvd,2024-03-01 11:10:09+00:00,0,0,0.13851304
synthetic_cloudtrail.csv:1756,fe:fiqcvd,2024-03-01 11:10:57+00:00,0,0,0.13073699
synthetic_cloudtrail.csv:1757,fe:fiqcvd,2024-03-01 11:12:12+00:00,0,0,0.10813709
synthetic_cloudtrail.csv:1758,fe:fiqcvd,2024-03-01 11:13:23+00:00,0,0,0.12059723
synthetic_cloudtrail.csv:1759,fe:fiqcvd,2024-03-01 11:13:50+00:00,0,0,0.111843385
synthetic_cloudtrail.csv:6549,fe:fjrrojddosr,2024-08-23 10:00:25+00:00,0,0,0.11793127
synthetic_cloudtrail.csv:6550,fe:fjrrojddosr,2024-08-23 10:00:28+00:00,0,0,0.11872773
synthetic_cloudtrail.csv:6551,fe:fjrrojddosr,2024-08-23 10:00:47+00:00,0,0,0.12847784
synthetic_cloudtrail.csv:6552,fe:fjrrojddosr,2024-08-23 10:01:43+00:00,1,1,0.99026614
synthetic_cloudtrail.csv:6553,fe:fjrrojddosr,2024-08-23 10:02:24+00:00,1,1,0.9863783
synthetic_cloudtrail.csv:1850,fe:fknqxo,2024-03-03 18:01:26+00:00,0,0,0.14577615
synthetic_cloudtrail.csv:1851,fe:fknqxo,2024-03-03 18:02:14+00:00,0,0,0.111831434
synthetic_cloudtrail.csv:1852,fe:fknqxo,2024-03-03 18:03:20+00:00,0,0,0.12211311
synthetic_cloudtrail.csv:1853,fe:fknqxo,2024-03-03 18:03:37+00:00,0,0,0.118298724
synthetic_cloudtrail.csv:1854,fe:fknqxo,2024-03-03 18:05:21+00:00,0,0,0.14864165
synthetic_cloudtrail.csv:1855,fe:fknqxo,2024-03-03 18:06:31+00:00,0,0,0.14062925
synthetic_cloudtrail.csv:1856,fe:fknqxo,2024-03-03 18:07:12+00:00,0,0,0.12042977
synthetic_cloudtrail.csv:1857,fe:fknqxo,2024-03-03 18:07:20+00:00,0,0,0.13649684
synthetic_cloudtrail.csv:6453,fe:fnbyjzmj,2024-08-20 19:00:20+00:00,0,0,0.13327742
synthetic_cloudtrail.csv:6454,fe:fnbyjzmj,2024-08-20 19:00:31+00:00,0,0,0.14311752
synthetic_cloudtrail.csv:6455,fe:fnbyjzmj,2024-08-20 19:00:49+00:00,0,0,0.17832908
synthetic_cloudtrail.csv:6456,fe:fnbyjzmj,2024-08-20 19:01:10+00:00,0,0,0.14214893
synthetic_cloudtrail.csv:6457,fe:fnbyjzmj,2024-08-20 19:01:15+00:00,0,0,0.15597774
synthetic_cloudtrail.csv:6458,fe:fnbyjzmj,2024-08-20 19:01:41+00:00,0,0,0.12200141
synthetic_cloudtrail.csv:6459,fe:fnbyjzmj,2024-08-20 19:02:40+00:00,1,1,0.9944378
synthetic_cloudtrail.csv:6460,fe:fnbyjzmj,2024-08-20 19:03:22+00:00,1,1,0.9944365
synthetic_cloudtrail.csv:6461,fe:fnbyjzmj,2024-08-20 19:03:40+00:00,1,1,0.99485284
synthetic_cloudtrail.csv:6462,fe:fnbyjzmj,2024-08-20 19:04:01+00:00,0,0,0.14466272
synthetic_cloudtrail.csv:6463,fe:fnbyjzmj,2024-08-20 19:04:54+00:00,0,0,0.140805
synthetic_cloudtrail.csv:6464,fe:fnbyjzmj,2024-08-20 19:06:15+00:00,0,0,0.13317703
synthetic_cloudtrail.csv:6465,fe:fnbyjzmj,2024-08-20 19:07:21+00:00,0,0,0.15634929
synthetic_cloudtrail.csv:6466,fe:fnbyjzmj,2024-08-20 19:07:57+00:00,0,0,0.26395518
synthetic_cloudtrail.csv:2424,fe:foojlchhy,2024-03-25 08:00:16+00:00,0,0,0.12654267
synthetic_cloudtrail.csv:2425,fe:foojlchhy,2024-03-25 08:00:43+00:00,0,0,0.1280798
synthetic_cloudtrail.csv:2426,fe:foojlchhy,2024-03-25 08:00:48+00:00,0,0,0.1466705
synthetic_cloudtrail.csv:2427,fe:foojlchhy,2024-03-25 08:00:59+00:00,0,0,0.12469225
synthetic_cloudtrail.csv:2428,fe:foojlchhy,2024-03-25 08:01:02+00:00,0,0,0.1576684
synthetic_cloudtrail.csv:2429,fe:foojlchhy,2024-03-25 08:01:12+00:00,0,0,0.13271631
synthetic_cloudtrail.csv:2430,fe:foojlchhy,2024-03-25 08:01:15+00:00,0,0,0.16104473
synthetic_cloudtrail.csv:2431,fe:foojlchhy,2024-03-25 08:01:36+00:00,0,0,0.12468252
synthetic_cloudtrail.csv:2432,fe:foojlchhy,2024-03-25 08:02:05+00:00,1,1,0.9945568
synthetic_cloudtrail.csv:2433,fe:foojlchhy,2024-03-25 08:02:24+00:00,1,1,0.9919899
synthetic_cloudtrail.csv:2541,fe:fpvlhx,2024-04-01 19:00:40+00:00,0,0,0.12898521
synthetic_cloudtrail.csv:2542,fe:fpvlhx,2024-04-01 19:01:53+00:00,0,0,0.11778048
synthetic_cloudtrail.csv:2543,fe:fpvlhx,2024-04-01 19:03:13+00:00,0,0,0.13382012
synthetic_cloudtrail.csv:2544,fe:fpvlhx,2024-04-01 19:03:42+00:00,0,0,0.1320375
synthetic_cloudtrail.csv:2545,fe:fpvlhx,2024-04-01 19:04:52+00:00,0,0,0.11106709
synthetic_cloudtrail.csv:2546,fe:fpvlhx,2024-04-01 19:06:37+00:00,0,0,0.1309396
synthetic_cloudtrail.csv:2547,fe:fpvlhx,2024-04-01 19:08:02+00:00,0,0,0.13095579
synthetic_cloudtrail.csv:2548,fe:fpvlhx,2024-04-01 19:08:33+00:00,0,0,0.121709056
synthetic_cloudtrail.csv:2549,fe:fpvlhx,2024-04-01 19:08:55+00:00,0,0,0.109097116
synthetic_cloudtrail.csv:2550,fe:fpvlhx,2024-04-01 19:10:19+00:00,0,0,0.118596375
synthetic_cloudtrail.csv:2551,fe:fpvlhx,2024-04-01 19:10:41+00:00,0,0,0.1204204
synthetic_cloudtrail.csv:2552,fe:fpvlhx,2024-04-01 19:11:41+00:00,0,0,0.136777
synthetic_cloudtrail.csv:2553,fe:fpvlhx,2024-04-01 19:13:21+00:00,0,0,0.121095374
synthetic_cloudtrail.csv:2554,fe:fpvlhx,2024-04-01 19:13:31+00:00,0,0,0.109077774
synthetic_cloudtrail.csv:2555,fe:fpvlhx,2024-04-01 19:14:07+00:00,0,0,0.11347413
synthetic_cloudtrail.csv:2556,fe:fpvlhx,2024-04-01 19:15:26+00:00,0,0,0.119432725
synthetic_cloudtrail.csv:2557,fe:fpvlhx,2024-04-01 19:17:03+00:00,0,0,0.13620526
synthetic_cloudtrail.csv:1555,fe:fqecit,2024-02-21 11:01:51+00:00,0,0,0.13007684
synthetic_cloudtrail.csv:1556,fe:fqecit,2024-02-21 11:02:42+00:00,0,0,0.13248307
synthetic_cloudtrail.csv:1557,fe:fqecit,2024-02-21 11:03:37+00:00,0,0,0.11885768
synthetic_cloudtrail.csv:1558,fe:fqecit,2024-02-21 11:04:39+00:00,0,0,0.13045321
synthetic_cloudtrail.csv:1559,fe:fqecit,2024-02-21 11:06:33+00:00,0,0,0.12285284
synthetic_cloudtrail.csv:1560,fe:fqecit,2024-02-21 11:07:52+00:00,0,0,0.532745
synthetic_cloudtrail.csv:1561,fe:fqecit,2024-02-21 11:08:59+00:00,0,0,0.12741941
synthetic_cloudtrail.csv:1562,fe:fqecit,2024-02-21 11:09:13+00:00,0,0,0.13022225
synthetic_cloudtrail.csv:1563,fe:fqecit,2024-02-21 11:10:01+00:00,0,0,0.12421227
synthetic_cloudtrail.csv:1564,fe:fqecit,2024-02-21 11:11:17+00:00,0,0,0.113646075
synthetic_cloudtrail.csv:1565,fe:fqecit,2024-02-21 11:11:43+00:00,0,0,0.13481127
synthetic_cloudtrail.csv:1566,fe:fqecit,2024-02-21 11:13:12+00:00,0,0,0.12101935
synthetic_cloudtrail.csv:1567,fe:fqecit,2024-02-21 11:13:40+00:00,0,0,0.115857966
synthetic_cloudtrail.csv:1568,fe:fqecit,2024-02-21 11:14:24+00:00,0,0,0.12224613
synthetic_cloudtrail.csv:1569,fe:fqecit,2024-02-21 11:15:56+00:00,0,0,0.11605454
synthetic_cloudtrail.csv:1570,fe:fqecit,2024-02-21 11:16:04+00:00,0,0,0.12076915
synthetic_cloudtrail.csv:1571,fe:fqecit,2024-02-21 11:17:31+00:00,0,0,0.11623376
synthetic_cloudtrail.csv:1572,fe:fqecit,2024-02-21 11:17:52+00:00,0,0,0.14176288
synthetic_cloudtrail.csv:1573,fe:fqecit,2024-02-21 11:18:50+00:00,0,0,0.12335598
synthetic_cloudtrail.csv:6672,fe:fryajp,2024-08-28 13:00:15+00:00,0,0,0.12686993
synthetic_cloudtrail.csv:6673,fe:fryajp,2024-08-28 13:02:00+00:00,0,0,0.12396118
synthetic_cloudtrail.csv:6674,fe:fryajp,2024-08-28 13:03:06+00:00,0,0,0.103313476
synthetic_cloudtrail.csv:6675,fe:fryajp,2024-08-28 13:03:59+00:00,0,0,0.12399534
synthetic_cloudtrail.csv:6676,fe:fryajp,2024-08-28 13:05:10+00:00,0,0,0.122438625
synthetic_cloudtrail.csv:6677,fe:fryajp,2024-08-28 13:06:25+00:00,0,0,0.120731555
synthetic_cloudtrail.csv:6678,fe:fryajp,2024-08-28 13:07:46+00:00,0,0,0.12496103
synthetic_cloudtrail.csv:6679,fe:fryajp,2024-08-28 13:08:38+00:00,0,0,0.1013205
synthetic_cloudtrail.csv:6680,fe:fryajp,2024-08-28 13:09:08+00:00,0,0,0.10780363
synthetic_cloudtrail.csv:6681,fe:fryajp,2024-08-28 13:10:54+00:00,0,0,0.10988421
synthetic_cloudtrail.csv:6682,fe:fryajp,2024-08-28 13:12:18+00:00,0,0,0.10541901
synthetic_cloudtrail.csv:6683,fe:fryajp,2024-08-28 13:13:30+00:00,0,0,0.12065441
synthetic_cloudtrail.csv:6684,fe:fryajp,2024-08-28 13:13:53+00:00,0,0,0.11273537
synthetic_cloudtrail.csv:6685,fe:fryajp,2024-08-28 13:15:29+00:00,0,0,0.11250127
synthetic_cloudtrail.csv:6686,fe:fryajp,2024-08-28 13:17:19+00:00,0,0,0.15461734
synthetic_cloudtrail.csv:6687,fe:fryajp,2024-08-28 13:18:53+00:00,0,0,0.10922075
synthetic_cloudtrail.csv:6688,fe:fryajp,2024-08-28 13:19:10+00:00,0,0,0.12618853
synthetic_cloudtrail.csv:428,fe:fsmjih,2024-01-16 07:00:57+00:00,0,0,0.14686027
synthetic_cloudtrail.csv:429,fe:fsmjih,2024-01-16 07:01:50+00:00,0,0,0.12527516
synthetic_cloudtrail.csv:430,fe:fsmjih,2024-01-16 07:02:49+00:00,0,0,0.14381087
synthetic_cloudtrail.csv:431,fe:fsmjih,2024-01-16 07:03:09+00:00,0,0,0.11333755
synthetic_cloudtrail.csv:432,fe:fsmjih,2024-01-16 07:04:54+00:00,0,0,0.15144867
synthetic_cloudtrail.csv:433,fe:fsmjih,2024-01-16 07:06:09+00:00,0,0,0.11344684
synthetic_cloudtrail.csv:434,fe:fsmjih,2024-01-16 07:07:02+00:00,0,0,0.13304502
synthetic_cloudtrail.csv:435,fe:fsmjih,2024-01-16 07:07:22+00:00,0,0,0.12726864
synthetic_cloudtrail.csv:436,fe:fsmjih,2024-01-16 07:08:54+00:00,0,0,0.10265017
synthetic_cloudtrail.csv:437,fe:fsmjih,2024-01-16 07:10:18+00:00,0,0,0.111576885
synthetic_cloudtrail.csv:6481,fe:ftkozn,2024-08-21 13:00:37+00:00,0,0,0.12861651
synthetic_cloudtrail.csv:6482,fe:ftkozn,2024-08-21 13:01:19+00:00,0,0,0.13499276
synthetic_cloudtrail.csv:6483,fe:ftkozn,2024-08-21 13:02:51+00:00,0,0,0.11130236
synthetic_cloudtrail.csv:6484,fe:ftkozn,2024-08-21 13:02:57+00:00,0,0,0.12263245
synthetic_cloudtrail.csv:6485,fe:ftkozn,2024-08-21 13:04:07+00:00,0,0,0.13688701
synthetic_cloudtrail.csv:6486,fe:ftkozn,2024-08-21 13:04:51+00:00,0,0,0.11676716
synthetic_cloudtrail.csv:6487,fe:ftkozn,2024-08-21 13:05:37+00:00,0,0,0.11450594
synthetic_cloudtrail.csv:6488,fe:ftkozn,2024-08-21 13:05:51+00:00,0,0,0.13471012
synthetic_cloudtrail.csv:6489,fe:ftkozn,2024-08-21 13:07:38+00:00,0,0,0.12914118
synthetic_cloudtrail.csv:6490,fe:ftkozn,2024-08-21 13:08:44+00:00,0,0,0.121509984
synthetic_cloudtrail.csv:6491,fe:ftkozn,2024-08-21 13:09:05+00:00,0,0,0.10824834
synthetic_cloudtrail.csv:6492,fe:ftkozn,2024-08-21 13:09:30+00:00,0,0,0.13894705
synthetic_cloudtrail.csv:6493,fe:ftkozn,2024-08-21 13:10:16+00:00,0,0,0.10729451
synthetic_cloudtrail.csv:6494,fe:ftkozn,2024-08-21 13:11:38+00:00,0,0,0.10531995
synthetic_cloudtrail.csv:6495,fe:ftkozn,2024-08-21 13:13:28+00:00,0,0,0.11841171
synthetic_cloudtrail.csv:6496,fe:ftkozn,2024-08-21 13:14:56+00:00,0,0,0.11186561
synthetic_cloudtrail.csv:6497,fe:ftkozn,2024-08-21 13:15:01+00:00,0,0,0.11824851
synthetic_cloudtrail.csv:6498,fe:ftkozn,2024-08-21 13:16:52+00:00,0,0,0.117367916
synthetic_cloudtrail.csv:6499,fe:ftkozn,2024-08-21 13:17:25+00:00,0,0,0.11563088
synthetic_cloudtrail.csv:6500,fe:ftkozn,2024-08-21 13:18:02+00:00,0,0,0.1321517
synthetic_cloudtrail.csv:2275,fe:ftrgej,2024-03-19 18:01:50+00:00,0,0,0.12056242
synthetic_cloudtrail.csv:2276,fe:ftrgej,2024-03-19 18:02:24+00:00,0,0,0.105192356
synthetic_cloudtrail.csv:2277,fe:ftrgej,2024-03-19 18:02:52+00:00,0,0,0.115508065
synthetic_cloudtrail.csv:2281,fe:ftrgej,2024-03-19 18:04:19+00:00,0,0,0.12946418
synthetic_cloudtrail.csv:2282,fe:ftrgej,2024-03-19 18:04:47+00:00,0,0,0.117204525
synthetic_cloudtrail.csv:2287,fe:ftrgej,2024-03-19 18:06:38+00:00,0,0,0.122909866
synthetic_cloudtrail.csv:2288,fe:ftrgej,2024-03-19 18:07:24+00:00,0,0,0.13498123
synthetic_cloudtrail.csv:2289,fe:ftrgej,2024-03-19 18:07:48+00:00,0,0,0.11794117
synthetic_cloudtrail.csv:2290,fe:ftrgej,2024-03-19 18:08:24+00:00,0,0,0.121636756
synthetic_cloudtrail.csv:2291,fe:ftrgej,2024-03-19 18:09:35+00:00,0,0,0.12056403
synthetic_cloudtrail.csv:2292,fe:ftrgej,2024-03-19 18:09:42+00:00,0,0,0.11808279
synthetic_cloudtrail.csv:2293,fe:ftrgej,2024-03-19 18:11:05+00:00,0,0,0.12773444
synthetic_cloudtrail.csv:2294,fe:ftrgej,2024-03-19 18:11:29+00:00,0,0,0.11770257
synthetic_cloudtrail.csv:2295,fe:ftrgej,2024-03-19 18:12:41+00:00,0,0,0.11824616
synthetic_cloudtrail.csv:2296,fe:ftrgej,2024-03-19 18:13:44+00:00,0,0,0.121681504
synthetic_cloudtrail.csv:2803,fe:fuznzmvafvya,2024-04-11 09:00:06+00:00,0,0,0.1270185
synthetic_cloudtrail.csv:2804,fe:fuznzmvafvya,2024-04-11 09:00:10+00:00,0,0,0.133209
synthetic_cloudtrail.csv:2805,fe:fuznzmvafvya,2024-04-11 09:00:31+00:00,0,0,0.124258146
synthetic_cloudtrail.csv:2806,fe:fuznzmvafvya,2024-04-11 09:01:16+00:00,1,1,0.9942516
synthetic_cloudtrail.csv:2807,fe:fuznzmvafvya,2024-04-11 09:02:04+00:00,1,1,0.99384165
synthetic_cloudtrail.csv:2808,fe:fuznzmvafvya,2024-04-11 09:02:53+00:00,0,0,0.12139592
synthetic_cloudtrail.csv:2809,fe:fuznzmvafvya,2024-04-11 09:03:11+00:00,0,0,0.17061955
synthetic_cloudtrail.csv:2810,fe:fuznzmvafvya,2024-04-11 09:03:46+00:00,0,0,0.117632
synthetic_cloudtrail.csv:2811,fe:fuznzmvafvya,2024-04-11 09:05:00+00:00,0,0,0.1343529
synthetic_cloudtrail.csv:8146,fe:fwdnjk,2024-10-19 18:00:10+00:00,0,0,0.13109192
synthetic_cloudtrail.csv:8148,fe:fwdnjk,2024-10-19 18:01:38+00:00,0,0,0.118238166
synthetic_cloudtrail.csv:8150,fe:fwdnjk,2024-10-19 18:02:36+00:00,0,0,0.121284686
synthetic_cloudtrail.csv:8152,fe:fwdnjk,2024-10-19 18:02:55+00:00,0,0,0.1513074
synthetic_cloudtrail.csv:8153,fe:fwdnjk,2024-10-19 18:03:52+00:00,0,0,0.11282495
synthetic_cloudtrail.csv:8155,fe:fwdnjk,2024-10-19 18:05:20+00:00,0,0,0.11758453
synthetic_cloudtrail.csv:8157,fe:fwdnjk,2024-10-19 18:07:09+00:00,0,0,0.13627447
synthetic_cloudtrail.csv:8158,fe:fwdnjk,2024-10-19 18:07:19+00:00,0,0,0.21350722
synthetic_cloudtrail.csv:8160,fe:fwdnjk,2024-10-19 18:07:48+00:00,0,0,0.22853947
synthetic_cloudtrail.csv:8412,fe:fxejefdbvnri,2024-11-01 17:00:15+00:00,0,0,0.12096049
synthetic_cloudtrail.csv:8413,fe:fxejefdbvnri,2024-11-01 17:00:25+00:00,0,0,0.11836245
synthetic_cloudtrail.csv:8414,fe:fxejefdbvnri,2024-11-01 17:00:32+00:00,0,0,0.14231768
synthetic_cloudtrail.csv:8415,fe:fxejefdbvnri,2024-11-01 17:00:54+00:00,0,0,0.1413344
synthetic_cloudtrail.csv:8416,fe:fxejefdbvnri,2024-11-01 17:01:08+00:00,0,0,0.12671897
synthetic_cloudtrail.csv:8417,fe:fxejefdbvnri,2024-11-01 17:01:57+00:00,1,1,0.99367875
synthetic_cloudtrail.csv:8418,fe:fxejefdbvnri,2024-11-01 17:02:49+00:00,0,0,0.11880155
synthetic_cloudtrail.csv:8419,fe:fxejefdbvnri,2024-11-01 17:03:58+00:00,0,0,0.13364302
synthetic_cloudtrail.csv:8420,fe:fxejefdbvnri,2024-11-01 17:04:43+00:00,0,0,0.11986104
synthetic_cloudtrail.csv:8421,fe:fxejefdbvnri,2024-11-01 17:06:13+00:00,0,0,0.12559824
synthetic_cloudtrail.csv:8422,fe:fxejefdbvnri,2024-11-01 17:07:05+00:00,0,0,0.14843588
synthetic_cloudtrail.csv:1953,fe:fxwalb,2024-03-07 07:00:57+00:00,0,0,0.115226895
synthetic_cloudtrail.csv:1954,fe:fxwalb,2024-03-07 07:01:03+00:00,0,0,0.13144746
synthetic_cloudtrail.csv:1955,fe:fxwalb,2024-03-07 07:01:24+00:00,0,0,0.122897044
synthetic_cloudtrail.csv:1956,fe:fxwalb,2024-03-07 07:02:43+00:00,0,0,0.117844105
synthetic_cloudtrail.csv:1957,fe:fxwalb,2024-03-07 07:04:19+00:00,0,0,0.13121904
synthetic_cloudtrail.csv:1958,fe:fxwalb,2024-03-07 07:04:42+00:00,0,0,0.13848586
synthetic_cloudtrail.csv:1959,fe:fxwalb,2024-03-07 07:05:27+00:00,0,0,0.11713397
synthetic_cloudtrail.csv:1960,fe:fxwalb,2024-03-07 07:05:55+00:00,0,0,0.12425778
synthetic_cloudtrail.csv:1961,fe:fxwalb,2024-03-07 07:06:33+00:00,0,0,0.15064724
synthetic_cloudtrail.csv:4944,fe:fyrgrc,2024-06-20 07:02:00+00:00,0,0,0.16370195
synthetic_cloudtrail.csv:4945,fe:fyrgrc,2024-06-20 07:03:41+00:00,0,0,0.12011111
synthetic_cloudtrail.csv:4946,fe:fyrgrc,2024-06-20 07:04:40+00:00,0,0,0.12280078
synthetic_cloudtrail.csv:4947,fe:fyrgrc,2024-06-20 07:05:36+00:00,0,0,0.13079262
synthetic_cloudtrail.csv:4948,fe:fyrgrc,2024-06-20 07:07:14+00:00,0,0,0.15195958
synthetic_cloudtrail.csv:4949,fe:fyrgrc,2024-06-20 07:08:35+00:00,0,0,0.13026825
synthetic_cloudtrail.csv:4950,fe:fyrgrc,2024-06-20 07:10:25+00:00,0,0,0.1331675
synthetic_cloudtrail.csv:4951,fe:fyrgrc,2024-06-20 07:11:53+00:00,0,0,0.12744568
synthetic_cloudtrail.csv:4952,fe:fyrgrc,2024-06-20 07:12:31+00:00,0,0,0.14021671
synthetic_cloudtrail.csv:1255,fe:gagmpb,2024-02-12 18:01:32+00:00,0,0,0.11857604
synthetic_cloudtrail.csv:1256,fe:gagmpb,2024-02-12 18:02:00+00:00,0,0,0.10917114
synthetic_cloudtrail.csv:1257,fe:gagmpb,2024-02-12 18:03:04+00:00,0,0,0.23879042
synthetic_cloudtrail.csv:1258,fe:gagmpb,2024-02-12 18:04:25+00:00,0,0,0.115679
synthetic_cloudtrail.csv:1259,fe:gagmpb,2024-02-12 18:05:14+00:00,0,0,0.11599125
synthetic_cloudtrail.csv:1260,fe:gagmpb,2024-02-12 18:07:10+00:00,0,0,0.11664457
synthetic_cloudtrail.csv:1261,fe:gagmpb,2024-02-12 18:08:16+00:00,0,0,0.10864961
synthetic_cloudtrail.csv:1262,fe:gagmpb,2024-02-12 18:09:31+00:00,0,0,0.11421119
synthetic_cloudtrail.csv:1263,fe:gagmpb,2024-02-12 18:11:00+00:00,0,0,0.11578249
synthetic_cloudtrail.csv:1264,fe:gagmpb,2024-02-12 18:11:39+00:00,0,0,0.115395084
synthetic_cloudtrail.csv:1265,fe:gagmpb,2024-02-12 18:12:55+00:00,0,0,0.117036775
synthetic_cloudtrail.csv:1266,fe:gagmpb,2024-02-12 18:14:54+00:00,0,0,0.123154834
synthetic_cloudtrail.csv:2134,fe:gbfcvs,2024-03-14 15:00:24+00:00,0,0,0.124959245
synthetic_cloudtrail.csv:2135,fe:gbfcvs,2024-03-14 15:00:56+00:00,0,0,0.11357109
synthetic_cloudtrail.csv:2136,fe:gbfcvs,2024-03-14 15:01:04+00:00,0,0,0.14336738
synthetic_cloudtrail.csv:2137,fe:gbfcvs,2024-03-14 15:01:20+00:00,0,0,0.11403909
synthetic_cloudtrail.csv:2138,fe:gbfcvs,2024-03-14 15:01:39+00:00,0,0,0.11051326
synthetic_cloudtrail.csv:2139,fe:gbfcvs,2024-03-14 15:02:00+00:00,0,0,0.11334505
synthetic_cloudtrail.csv:2140,fe:gbfcvs,2024-03-14 15:02:47+00:00,0,0,0.120337985
synthetic_cloudtrail.csv:2141,fe:gbfcvs,2024-03-14 15:04:21+00:00,0,0,0.12664396
synthetic_cloudtrail.csv:2142,fe:gbfcvs,2024-03-14 15:06:08+00:00,0,0,0.124246575
synthetic_cloudtrail.csv:2143,fe:gbfcvs,2024-03-14 15:06:18+00:00,0,0,0.12692523
synthetic_cloudtrail.csv:2144,fe:gbfcvs,2024-03-14 15:07:53+00:00,0,0,0.11240186
synthetic_cloudtrail.csv:2145,fe:gbfcvs,2024-03-14 15:08:37+00:00,0,0,0.12994382
synthetic_cloudtrail.csv:2146,fe:gbfcvs,2024-03-14 15:09:07+00:00,0,0,0.10822588
synthetic_cloudtrail.csv:2147,fe:gbfcvs,2024-03-14 15:09:35+00:00,0,0,0.13552232
synthetic_cloudtrail.csv:2148,fe:gbfcvs,2024-03-14 15:11:02+00:00,0,0,0.11051732
synthetic_cloudtrail.csv:2149,fe:gbfcvs,2024-03-14 15:12:21+00:00,0,0,0.11840907
synthetic_cloudtrail.csv:2150,fe:gbfcvs,2024-03-14 15:13:14+00:00,0,0,0.11097273
synthetic_cloudtrail.csv:2151,fe:gbfcvs,2024-03-14 15:13:29+00:00,0,0,0.14793101
synthetic_cloudtrail.csv:2152,fe:gbfcvs,2024-03-14 15:14:21+00:00,0,0,0.11186674
synthetic_cloudtrail.csv:2153,fe:gbfcvs,2024-03-14 15:14:37+00:00,0,0,0.12165522
synthetic_cloudtrail.csv:8755,fe:gboffi,2024-11-14 19:00:40+00:00,0,0,0.1225778
synthetic_cloudtrail.csv:8756,fe:gboffi,2024-11-14 19:00:52+00:00,0,0,0.107015975
synthetic_cloudtrail.csv:8757,fe:gboffi,2024-11-14 19:01:02+00:00,0,0,0.11414538
synthetic_cloudtrail.csv:8758,fe:gboffi,2024-11-14 19:02:12+00:00,0,0,0.11666495
synthetic_cloudtrail.csv:8759,fe:gboffi,2024-11-14 19:03:09+00:00,0,0,0.11641403
synthetic_cloudtrail.csv:8760,fe:gboffi,2024-11-14 19:03:22+00:00,0,0,0.11929602
synthetic_cloudtrail.csv:8761,fe:gboffi,2024-11-14 19:03:29+00:00,0,0,0.12538621
synthetic_cloudtrail.csv:8762,fe:gboffi,2024-11-14 19:03:34+00:00,0,0,0.12087571
synthetic_cloudtrail.csv:8763,fe:gboffi,2024-11-14 19:04:30+00:00,0,0,0.11400489
synthetic_cloudtrail.csv:8764,fe:gboffi,2024-11-14 19:06:23+00:00,0,0,0.15410036
synthetic_cloudtrail.csv:8765,fe:gboffi,2024-11-14 19:08:17+00:00,0,0,0.120651916
synthetic_cloudtrail.csv:8766,fe:gboffi,2024-11-14 19:09:44+00:00,0,0,0.14400837
synthetic_cloudtrail.csv:8767,fe:gboffi,2024-11-14 19:10:34+00:00,0,0,0.101698935
synthetic_cloudtrail.csv:8768,fe:gboffi,2024-11-14 19:12:24+00:00,0,0,0.148301
synthetic_cloudtrail.csv:9574,fe:gdmgkg,2024-12-10 11:00:12+00:00,0,0,0.9592971
synthetic_cloudtrail.csv:9575,fe:gdmgkg,2024-12-10 11:01:49+00:00,0,0,0.13789973
synthetic_cloudtrail.csv:9576,fe:gdmgkg,2024-12-10 11:02:07+00:00,0,0,0.14635183
synthetic_cloudtrail.csv:9577,fe:gdmgkg,2024-12-10 11:03:31+00:00,0,0,0.12704283
synthetic_cloudtrail.csv:9578,fe:gdmgkg,2024-12-10 11:05:15+00:00,0,0,0.13040118
synthetic_cloudtrail.csv:9579,fe:gdmgkg,2024-12-10 11:05:48+00:00,0,0,0.13722636
synthetic_cloudtrail.csv:9580,fe:gdmgkg,2024-12-10 11:06:08+00:00,0,0,0.1244592
synthetic_cloudtrail.csv:9581,fe:gdmgkg,2024-12-10 11:06:17+00:00,0,0,0.11767085
synthetic_cloudtrail.csv:9582,fe:gdmgkg,2024-12-10 11:07:59+00:00,0,0,0.11869311
synthetic_cloudtrail.csv:9583,fe:gdmgkg,2024-12-10 11:09:57+00:00,0,0,0.13382602
synthetic_cloudtrail.csv:9584,fe:gdmgkg,2024-12-10 11:10:30+00:00,0,0,0.114202656
synthetic_cloudtrail.csv:2297,fe:gdxijanq,2024-03-19 19:00:15+00:00,0,0,0.13343468
synthetic_cloudtrail.csv:2298,fe:gdxijanq,2024-03-19 19:00:20+00:00,0,0,0.14386994
synthetic_cloudtrail.csv:2299,fe:gdxijanq,2024-03-19 19:00:30+00:00,0,0,0.122632176
synthetic_cloudtrail.csv:2300,fe:gdxijanq,2024-03-19 19:00:52+00:00,0,0,0.12858701
synthetic_cloudtrail.csv:2301,fe:gdxijanq,2024-03-19 19:01:15+00:00,0,0,0.14583878
synthetic_cloudtrail.csv:2302,fe:gdxijanq,2024-03-19 19:01:43+00:00,1,1,0.99355537
synthetic_cloudtrail.csv:2303,fe:gdxijanq,2024-03-19 19:01:49+00:00,1,1,0.994054
synthetic_cloudtrail.csv:2304,fe:gdxijanq,2024-03-19 19:01:59+00:00,0,0,0.1516918
synthetic_cloudtrail.csv:2305,fe:gdxijanq,2024-03-19 19:03:15+00:00,0,0,0.124853455
synthetic_cloudtrail.csv:2306,fe:gdxijanq,2024-03-19 19:03:39+00:00,0,0,0.14268078
synthetic_cloudtrail.csv:2307,fe:gdxijanq,2024-03-19 19:04:58+00:00,0,0,0.13654509
synthetic_cloudtrail.csv:2308,fe:gdxijanq,2024-03-19 19:06:19+00:00,0,0,0.14516824
synthetic_cloudtrail.csv:7183,fe:gfnqbr,2024-09-15 08:00:46+00:00,0,0,0.1518539
synthetic_cloudtrail.csv:7184,fe:gfnqbr,2024-09-15 08:01:56+00:00,0,0,0.10743289
synthetic_cloudtrail.csv:7187,fe:gfnqbr,2024-09-15 08:02:29+00:00,0,0,0.127587
synthetic_cloudtrail.csv:7188,fe:gfnqbr,2024-09-15 08:03:54+00:00,0,0,0.1537869
synthetic_cloudtrail.csv:7190,fe:gfnqbr,2024-09-15 08:05:04+00:00,0,0,0.12694994
synthetic_cloudtrail.csv:7192,fe:gfnqbr,2024-09-15 08:06:10+00:00,0,0,0.13505507
synthetic_cloudtrail.csv:7194,fe:gfnqbr,2024-09-15 08:07:57+00:00,0,0,0.14420964
synthetic_cloudtrail.csv:7195,fe:gfnqbr,2024-09-15 08:08:03+00:00,0,0,0.13527201
synthetic_cloudtrail.csv:7198,fe:gfnqbr,2024-09-15 08:09:48+00:00,0,0,0.1007012
synthetic_cloudtrail.csv:6821,fe:ghqb,2024-09-05 07:04:47+00:00,0,0,0.20419271
synthetic_cloudtrail.csv:6822,fe:ghqb,2024-09-05 07:15:47+00:00,0,0,0.175816
synthetic_cloudtrail.csv:6823,fe:ghqb,2024-09-05 07:27:46+00:00,0,0,0.18954253
synthetic_cloudtrail.csv:6824,fe:ghqb,2024-09-05 07:35:10+00:00,0,0,0.17123334
synthetic_cloudtrail.csv:6825,fe:ghqb,2024-09-05 07:46:40+00:00,0,0,0.18637067
synthetic_cloudtrail.csv:6826,fe:ghqb,2024-09-05 07:50:05+00:00,0,0,0.20996544
synthetic_cloudtrail.csv:3327,fe:gjlvgc,2024-04-27 07:01:30+00:00,0,0,0.13180386
synthetic_cloudtrail.csv:3328,fe:gjlvgc,2024-04-27 07:03:02+00:00,0,0,0.11586803
synthetic_cloudtrail.csv:3329,fe:gjlvgc,2024-04-27 07:04:26+00:00,0,0,0.1491259
synthetic_cloudtrail.csv:3330,fe:gjlvgc,2024-04-27 07:04:57+00:00,0,0,0.27653736
synthetic_cloudtrail.csv:3331,fe:gjlvgc,2024-04-27 07:05:05+00:00,0,0,0.15239717
synthetic_cloudtrail.csv:3332,fe:gjlvgc,2024-04-27 07:05:38+00:00,0,0,0.11469598
synthetic_cloudtrail.csv:3333,fe:gjlvgc,2024-04-27 07:07:29+00:00,0,0,0.15263423
synthetic_cloudtrail.csv:3334,fe:gjlvgc,2024-04-27 07:08:39+00:00,0,0,0.118728176
synthetic_cloudtrail.csv:3335,fe:gjlvgc,2024-04-27 07:09:23+00:00,0,0,0.17444524
synthetic_cloudtrail.csv:4993,fe:gjpawh,2024-06-23 07:01:14+00:00,0,0,0.12948713
synthetic_cloudtrail.csv:4994,fe:gjpawh,2024-06-23 07:01:41+00:00,0,0,0.117162876
synthetic_cloudtrail.csv:4995,fe:gjpawh,2024-06-23 07:03:14+00:00,0,0,0.34467882
synthetic_cloudtrail.csv:4996,fe:gjpawh,2024-06-23 07:03:45+00:00,0,0,0.13551047
synthetic_cloudtrail.csv:4997,fe:gjpawh,2024-06-23 07:04:35+00:00,0,0,0.13610402
synthetic_cloudtrail.csv:4998,fe:gjpawh,2024-06-23 07:04:59+00:00,0,0,0.13583471
synthetic_cloudtrail.csv:4999,fe:gjpawh,2024-06-23 07:06:14+00:00,0,0,0.14675766
synthetic_cloudtrail.csv:5000,fe:gjpawh,2024-06-23 07:06:47+00:00,0,0,0.14162205
synthetic_cloudtrail.csv:5001,fe:gjpawh,2024-06-23 07:08:40+00:00,0,0,0.124318756
synthetic_cloudtrail.csv:5002,fe:gjpawh,2024-06-23 07:10:15+00:00,0,0,0.14543964
synthetic_cloudtrail.csv:8657,fe:gkdzqrrx,2024-11-12 08:00:26+00:00,0,0,0.12646626
synthetic_cloudtrail.csv:8658,fe:gkdzqrrx,2024-11-12 08:00:34+00:00,0,0,0.13443637
synthetic_cloudtrail.csv:8659,fe:gkdzqrrx,2024-11-12 08:00:53+00:00,0,0,0.13596985
synthetic_cloudtrail.csv:8660,fe:gkdzqrrx,2024-11-12 08:01:10+00:00,0,0,0.13963927
synthetic_cloudtrail.csv:8661,fe:gkdzqrrx,2024-11-12 08:01:28+00:00,0,0,0.15386976
synthetic_cloudtrail.csv:8662,fe:gkdzqrrx,2024-11-12 08:01:33+00:00,0,0,0.12514096
synthetic_cloudtrail.csv:8663,fe:gkdzqrrx,2024-11-12 08:02:09+00:00,1,1,0.9942099
synthetic_cloudtrail.csv:8664,fe:gkdzqrrx,2024-11-12 08:02:34+00:00,1,1,0.9947061
synthetic_cloudtrail.csv:8665,fe:gkdzqrrx,2024-11-12 08:02:54+00:00,1,1,0.9944535
synthetic_cloudtrail.csv:8666,fe:gkdzqrrx,2024-11-12 08:03:26+00:00,0,0,0.12555487
synthetic_cloudtrail.csv:8667,fe:gkdzqrrx,2024-11-12 08:03:47+00:00,0,0,0.14053258
synthetic_cloudtrail.csv:1436,fe:gmqwpvn,2024-02-18 13:00:20+00:00,0,0,0.13780822
synthetic_cloudtrail.csv:1437,fe:gmqwpvn,2024-02-18 13:00:29+00:00,0,0,0.15101744
synthetic_cloudtrail.csv:1438,fe:gmqwpvn,2024-02-18 13:00:56+00:00,0,0,0.15334623
synthetic_cloudtrail.csv:1439,fe:gmqwpvn,2024-02-18 13:01:22+00:00,0,0,0.13840944
synthetic_cloudtrail.csv:1440,fe:gmqwpvn,2024-02-18 13:01:32+00:00,0,0,0.15553555
synthetic_cloudtrail.csv:1441,fe:gmqwpvn,2024-02-18 13:02:13+00:00,1,1,0.9938304
synthetic_cloudtrail.csv:1442,fe:gmqwpvn,2024-02-18 13:02:24+00:00,1,1,0.99497426
synthetic_cloudtrail.csv:1443,fe:gmqwpvn,2024-02-18 13:02:55+00:00,1,1,0.99348277
synthetic_cloudtrail.csv:1444,fe:gmqwpvn,2024-02-18 13:04:16+00:00,0,0,0.14597055
synthetic_cloudtrail.csv:1445,fe:gmqwpvn,2024-02-18 13:04:53+00:00,0,0,0.11911133
synthetic_cloudtrail.csv:1446,fe:gmqwpvn,2024-02-18 13:05:27+00:00,0,0,0.124938875
synthetic_cloudtrail.csv:1447,fe:gmqwpvn,2024-02-18 13:06:18+00:00,0,0,0.13459137
synthetic_cloudtrail.csv:1448,fe:gmqwpvn,2024-02-18 13:07:10+00:00,0,0,0.16173181
synthetic_cloudtrail.csv:3498,fe:goyoxx,2024-05-04 08:00:52+00:00,0,0,0.13418859
synthetic_cloudtrail.csv:3500,fe:goyoxx,2024-05-04 08:02:04+00:00,0,0,0.13987318
synthetic_cloudtrail.csv:3501,fe:goyoxx,2024-05-04 08:02:55+00:00,0,0,0.13043012
synthetic_cloudtrail.csv:3503,fe:goyoxx,2024-05-04 08:04:41+00:00,0,0,0.15982732
synthetic_cloudtrail.csv:3505,fe:goyoxx,2024-05-04 08:06:18+00:00,0,0,0.13708788
synthetic_cloudtrail.csv:3507,fe:goyoxx,2024-05-04 08:06:55+00:00,0,0,0.12864262
synthetic_cloudtrail.csv:3509,fe:goyoxx,2024-05-04 08:07:37+00:00,1,0,0.98687994
synthetic_cloudtrail.csv:3512,fe:goyoxx,2024-05-04 08:08:37+00:00,0,0,0.14439568
synthetic_cloudtrail.csv:3514,fe:goyoxx,2024-05-04 08:09:17+00:00,0,0,0.13782789
synthetic_cloudtrail.csv:3517,fe:goyoxx,2024-05-04 08:10:52+00:00,0,0,0.12835331
synthetic_cloudtrail.csv:3518,fe:goyoxx,2024-05-04 08:11:06+00:00,0,0,0.17108946
synthetic_cloudtrail.csv:3520,fe:goyoxx,2024-05-04 08:12:55+00:00,0,0,0.1289232
synthetic_cloudtrail.csv:3521,fe:goyoxx,2024-05-04 08:13:07+00:00,0,0,0.12855083
synthetic_cloudtrail.csv:3522,fe:goyoxx,2024-05-04 08:13:20+00:00,0,0,0.15916473
synthetic_cloudtrail.csv:3524,fe:goyoxx,2024-05-04 08:14:13+00:00,0,0,0.13420682
synthetic_cloudtrail.csv:4775,fe:gsip,2024-06-14 08:07:15+00:00,0,0,0.18120703
synthetic_cloudtrail.csv:4776,fe:gsip,2024-06-14 08:18:23+00:00,0,0,0.18636487
synthetic_cloudtrail.csv:4777,fe:gsip,2024-06-14 08:26:04+00:00,0,0,0.14926621
synthetic_cloudtrail.csv:4778,fe:gsip,2024-06-14 08:39:16+00:00,0,0,0.20621905
synthetic_cloudtrail.csv:4779,fe:gsip,2024-06-14 08:48:56+00:00,0,0,0.17394276
synthetic_cloudtrail.csv:4376,fe:gsvwgj,2024-06-02 14:02:00+00:00,0,0,0.1315727
synthetic_cloudtrail.csv:4379,fe:gsvwgj,2024-06-02 14:02:46+00:00,0,0,0.13579491
synthetic_cloudtrail.csv:4380,fe:gsvwgj,2024-06-02 14:02:57+00:00,0,0,0.13608913
synthetic_cloudtrail.csv:4382,fe:gsvwgj,2024-06-02 14:04:06+00:00,1,0,0.74860597
synthetic_cloudtrail.csv:4384,fe:gsvwgj,2024-06-02 14:04:29+00:00,0,0,0.13177544
synthetic_cloudtrail.csv:4386,fe:gsvwgj,2024-06-02 14:05:27+00:00,0,0,0.1290929
synthetic_cloudtrail.csv:4387,fe:gsvwgj,2024-06-02 14:07:11+00:00,0,0,0.13498132
synthetic_cloudtrail.csv:4388,fe:gsvwgj,2024-06-02 14:07:36+00:00,0,0,0.13461874
synthetic_cloudtrail.csv:4389,fe:gsvwgj,2024-06-02 14:07:58+00:00,0,0,0.1533507
synthetic_cloudtrail.csv:4390,fe:gsvwgj,2024-06-02 14:09:24+00:00,0,0,0.12353975
synthetic_cloudtrail.csv:4391,fe:gsvwgj,2024-06-02 14:10:16+00:00,0,0,0.13772628
synthetic_cloudtrail.csv:4392,fe:gsvwgj,2024-06-02 14:11:55+00:00,0,0,0.13071546
synthetic_cloudtrail.csv:4393,fe:gsvwgj,2024-06-02 14:13:34+00:00,0,0,0.1629131
synthetic_cloudtrail.csv:4394,fe:gsvwgj,2024-06-02 14:15:07+00:00,0,0,0.12023354
synthetic_cloudtrail.csv:4395,fe:gsvwgj,2024-06-02 14:15:17+00:00,0,0,0.12373559
synthetic_cloudtrail.csv:4396,fe:gsvwgj,2024-06-02 14:15:27+00:00,0,0,0.124171995
synthetic_cloudtrail.csv:4397,fe:gsvwgj,2024-06-02 14:17:04+00:00,0,0,0.12236402
synthetic_cloudtrail.csv:4398,fe:gsvwgj,2024-06-02 14:17:43+00:00,0,0,0.13859282
synthetic_cloudtrail.csv:3781,fe:gtgtcv,2024-05-13 11:00:12+00:00,0,0,0.12864737
synthetic_cloudtrail.csv:3783,fe:gtgtcv,2024-05-13 11:00:36+00:00,0,0,0.13112432
synthetic_cloudtrail.csv:3788,fe:gtgtcv,2024-05-13 11:01:55+00:00,0,0,0.10248925
synthetic_cloudtrail.csv:3794,fe:gtgtcv,2024-05-13 11:03:36+00:00,0,0,0.1355347
synthetic_cloudtrail.csv:3796,fe:gtgtcv,2024-05-13 11:04:36+00:00,0,0,0.13047118
synthetic_cloudtrail.csv:3798,fe:gtgtcv,2024-05-13 11:05:31+00:00,0,0,0.16833957
synthetic_cloudtrail.csv:3800,fe:gtgtcv,2024-05-13 11:06:05+00:00,0,0,0.1302761
synthetic_cloudtrail.csv:3801,fe:gtgtcv,2024-05-13 11:06:55+00:00,0,0,0.16061607
synthetic_cloudtrail.csv:3803,fe:gtgtcv,2024-05-13 11:07:19+00:00,0,0,0.1546723
synthetic_cloudtrail.csv:3805,fe:gtgtcv,2024-05-13 11:08:34+00:00,0,0,0.10953995
synthetic_cloudtrail.csv:3806,fe:gtgtcv,2024-05-13 11:09:46+00:00,0,0,0.14880215
synthetic_cloudtrail.csv:3807,fe:gtgtcv,2024-05-13 11:09:53+00:00,0,0,0.12763642
synthetic_cloudtrail.csv:7597,fe:guefk,2024-10-04 09:00:03+00:00,0,0,0.11702912
synthetic_cloudtrail.csv:7598,fe:guefk,2024-10-04 09:00:26+00:00,0,0,0.11988014
synthetic_cloudtrail.csv:7600,fe:guefk,2024-10-04 09:00:50+00:00,0,0,0.11712177
synthetic_cloudtrail.csv:7601,fe:guefk,2024-10-04 09:00:57+00:00,0,0,0.119926974
synthetic_cloudtrail.csv:7602,fe:guefk,2024-10-04 09:01:27+00:00,0,0,0.14254391
synthetic_cloudtrail.csv:7603,fe:guefk,2024-10-04 09:01:42+00:00,0,0,0.12559792
synthetic_cloudtrail.csv:7604,fe:guefk,2024-10-04 09:01:57+00:00,0,0,0.1298339
synthetic_cloudtrail.csv:7605,fe:guefk,2024-10-04 09:02:06+00:00,0,0,0.13016076
synthetic_cloudtrail.csv:7606,fe:guefk,2024-10-04 09:02:15+00:00,1,1,0.99669456
synthetic_cloudtrail.csv:7608,fe:guefk,2024-10-04 09:03:37+00:00,0,0,0.12108005
synthetic_cloudtrail.csv:7609,fe:guefk,2024-10-04 09:04:04+00:00,0,0,0.13888022
synthetic_cloudtrail.csv:7610,fe:guefk,2024-10-04 09:05:30+00:00,0,0,0.12714918
synthetic_cloudtrail.csv:4327,fe:gxzjbrxjig,2024-06-01 14:00:29+00:00,0,0,0.10728352
synthetic_cloudtrail.csv:4328,fe:gxzjbrxjig,2024-06-01 14:00:40+00:00,0,0,0.1130983
synthetic_cloudtrail.csv:4329,fe:gxzjbrxjig,2024-06-01 14:00:50+00:00,0,0,0.12110703
synthetic_cloudtrail.csv:4330,fe:gxzjbrxjig,2024-06-01 14:01:05+00:00,0,0,0.12006625
synthetic_cloudtrail.csv:4331,fe:gxzjbrxjig,2024-06-01 14:01:12+00:00,0,0,0.15821293
synthetic_cloudtrail.csv:4332,fe:gxzjbrxjig,2024-06-01 14:01:42+00:00,0,0,0.11390684
synthetic_cloudtrail.csv:4333,fe:gxzjbrxjig,2024-06-01 14:02:03+00:00,0,0,0.11496086
synthetic_cloudtrail.csv:4334,fe:gxzjbrxjig,2024-06-01 14:02:12+00:00,0,0,0.14724045
synthetic_cloudtrail.csv:4335,fe:gxzjbrxjig,2024-06-01 14:03:06+00:00,1,1,0.9956527
synthetic_cloudtrail.csv:4336,fe:gxzjbrxjig,2024-06-01 14:03:34+00:00,1,1,0.99626607
synthetic_cloudtrail.csv:4337,fe:gxzjbrxjig,2024-06-01 14:04:45+00:00,0,0,0.11462948
synthetic_cloudtrail.csv:4338,fe:gxzjbrxjig,2024-06-01 14:06:03+00:00,0,0,0.11551537
synthetic_cloudtrail.csv:4339,fe:gxzjbrxjig,2024-06-01 14:06:32+00:00,0,0,0.11783823
synthetic_cloudtrail.csv:4340,fe:gxzjbrxjig,2024-06-01 14:07:42+00:00,0,0,0.15112813
synthetic_cloudtrail.csv:5485,fe:habsmvp,2024-07-10 16:00:24+00:00,0,0,0.13182099
synthetic_cloudtrail.csv:5486,fe:habsmvp,2024-07-10 16:00:34+00:00,0,0,0.114690125
synthetic_cloudtrail.csv:5487,fe:habsmvp,2024-07-10 16:00:55+00:00,0,0,0.11978975
synthetic_cloudtrail.csv:5488,fe:habsmvp,2024-07-10 16:01:01+00:00,0,0,0.13345608
synthetic_cloudtrail.csv:5489,fe:habsmvp,2024-07-10 16:01:15+00:00,1,1,0.9928396
synthetic_cloudtrail.csv:5490,fe:habsmvp,2024-07-10 16:01:38+00:00,0,0,0.14821099
synthetic_cloudtrail.csv:5491,fe:habsmvp,2024-07-10 16:01:53+00:00,0,0,0.13943215
synthetic_cloudtrail.csv:5492,fe:habsmvp,2024-07-10 16:03:20+00:00,0,0,0.13381332
synthetic_cloudtrail.csv:8497,fe:haedyv,2024-11-05 08:01:37+00:00,0,0,0.15108462
synthetic_cloudtrail.csv:8498,fe:haedyv,2024-11-05 08:02:58+00:00,0,0,0.14079522
synthetic_cloudtrail.csv:8499,fe:haedyv,2024-11-05 08:03:31+00:00,0,0,0.1087324
synthetic_cloudtrail.csv:8500,fe:haedyv,2024-11-05 08:03:37+00:00,0,0,0.13077728
synthetic_cloudtrail.csv:8501,fe:haedyv,2024-11-05 08:04:03+00:00,0,0,0.1545044
synthetic_cloudtrail.csv:8502,fe:haedyv,2024-11-05 08:05:53+00:00,0,0,0.124210015
synthetic_cloudtrail.csv:8503,fe:haedyv,2024-11-05 08:06:16+00:00,0,0,0.13342923
synthetic_cloudtrail.csv:8504,fe:haedyv,2024-11-05 08:07:37+00:00,0,0,0.1336405
synthetic_cloudtrail.csv:8505,fe:haedyv,2024-11-05 08:08:30+00:00,0,0,0.12601498
synthetic_cloudtrail.csv:8506,fe:haedyv,2024-11-05 08:10:10+00:00,0,0,0.1579695
synthetic_cloudtrail.csv:8507,fe:haedyv,2024-11-05 08:11:09+00:00,1,0,0.36692935
synthetic_cloudtrail.csv:8508,fe:haedyv,2024-11-05 08:12:33+00:00,0,0,0.13852143
synthetic_cloudtrail.csv:8509,fe:haedyv,2024-11-05 08:13:10+00:00,0,0,0.11434981
synthetic_cloudtrail.csv:8510,fe:haedyv,2024-11-05 08:13:49+00:00,0,0,0.12476563
synthetic_cloudtrail.csv:8511,fe:haedyv,2024-11-05 08:15:16+00:00,0,0,0.13136885
synthetic_cloudtrail.csv:8512,fe:haedyv,2024-11-05 08:16:09+00:00,0,0,0.11550995
synthetic_cloudtrail.csv:1597,fe:hchdfn,2024-02-23 16:00:37+00:00,0,0,0.1326545
synthetic_cloudtrail.csv:1598,fe:hchdfn,2024-02-23 16:02:23+00:00,0,0,0.12157696
synthetic_cloudtrail.csv:1599,fe:hchdfn,2024-02-23 16:04:20+00:00,0,0,0.13838142
synthetic_cloudtrail.csv:1600,fe:hchdfn,2024-02-23 16:05:49+00:00,0,0,0.11681348
synthetic_cloudtrail.csv:1601,fe:hchdfn,2024-02-23 16:07:37+00:00,0,0,0.12435278
synthetic_cloudtrail.csv:1602,fe:hchdfn,2024-02-23 16:08:04+00:00,0,0,0.12577257
synthetic_cloudtrail.csv:1603,fe:hchdfn,2024-02-23 16:09:49+00:00,0,0,0.1187582
synthetic_cloudtrail.csv:1604,fe:hchdfn,2024-02-23 16:10:15+00:00,0,0,0.11911308
synthetic_cloudtrail.csv:1605,fe:hchdfn,2024-02-23 16:10:44+00:00,0,0,0.12571293
synthetic_cloudtrail.csv:1606,fe:hchdfn,2024-02-23 16:12:28+00:00,0,0,0.12517923
synthetic_cloudtrail.csv:1607,fe:hchdfn,2024-02-23 16:14:27+00:00,0,0,0.12330826
synthetic_cloudtrail.csv:1608,fe:hchdfn,2024-02-23 16:16:03+00:00,0,0,0.13045456
synthetic_cloudtrail.csv:1609,fe:hchdfn,2024-02-23 16:16:23+00:00,0,0,0.12219382
synthetic_cloudtrail.csv:1610,fe:hchdfn,2024-02-23 16:17:59+00:00,0,0,0.12632672
synthetic_cloudtrail.csv:1611,fe:hchdfn,2024-02-23 16:19:21+00:00,0,0,0.14367108
synthetic_cloudtrail.csv:1612,fe:hchdfn,2024-02-23 16:20:45+00:00,0,0,0.12614399
synthetic_cloudtrail.csv:1613,fe:hchdfn,2024-02-23 16:22:20+00:00,0,0,0.15520304
synthetic_cloudtrail.csv:3598,fe:hdnvck,2024-05-07 12:00:26+00:00,0,0,0.1372626
synthetic_cloudtrail.csv:3599,fe:hdnvck,2024-05-07 12:00:30+00:00,0,0,0.12450527
synthetic_cloudtrail.csv:3600,fe:hdnvck,2024-05-07 12:00:55+00:00,0,0,0.15756427
synthetic_cloudtrail.csv:3601,fe:hdnvck,2024-05-07 12:01:09+00:00,0,0,0.12785876
synthetic_cloudtrail.csv:3602,fe:hdnvck,2024-05-07 12:01:17+00:00,1,1,0.9933606
synthetic_cloudtrail.csv:3603,fe:hdnvck,2024-05-07 12:01:43+00:00,0,0,0.17807207
synthetic_cloudtrail.csv:3604,fe:hdnvck,2024-05-07 12:03:04+00:00,0,0,0.13032258
synthetic_cloudtrail.csv:3605,fe:hdnvck,2024-05-07 12:04:17+00:00,0,0,0.12584315
synthetic_cloudtrail.csv:3606,fe:hdnvck,2024-05-07 12:04:40+00:00,0,0,0.13184866
synthetic_cloudtrail.csv:7544,fe:heqgd,2024-10-02 12:00:03+00:00,0,0,0.10985959
synthetic_cloudtrail.csv:7545,fe:heqgd,2024-10-02 12:00:28+00:00,0,0,0.112834215
synthetic_cloudtrail.csv:7546,fe:heqgd,2024-10-02 12:00:43+00:00,0,0,0.11849946
synthetic_cloudtrail.csv:7547,fe:heqgd,2024-10-02 12:01:09+00:00,0,0,0.13247682
synthetic_cloudtrail.csv:7548,fe:heqgd,2024-10-02 12:01:15+00:00,0,0,0.10778613
synthetic_cloudtrail.csv:7549,fe:heqgd,2024-10-02 12:01:35+00:00,0,0,0.12191239
synthetic_cloudtrail.csv:7550,fe:heqgd,2024-10-02 12:01:51+00:00,1,1,0.99499846
synthetic_cloudtrail.csv:7551,fe:heqgd,2024-10-02 12:03:10+00:00,0,0,0.105749905
synthetic_cloudtrail.csv:7552,fe:heqgd,2024-10-02 12:03:27+00:00,0,0,0.13593456
synthetic_cloudtrail.csv:7553,fe:heqgd,2024-10-02 12:04:49+00:00,0,0,0.13392107
synthetic_cloudtrail.csv:5082,fe:hfbx,2024-06-26 09:04:35+00:00,0,0,0.5922395
synthetic_cloudtrail.csv:5083,fe:hfbx,2024-06-26 09:10:11+00:00,0,0,0.20558347
synthetic_cloudtrail.csv:5084,fe:hfbx,2024-06-26 09:19:54+00:00,0,0,0.16980357
synthetic_cloudtrail.csv:5085,fe:hfbx,2024-06-26 09:29:28+00:00,0,0,0.16974242
synthetic_cloudtrail.csv:5086,fe:hfbx,2024-06-26 09:37:44+00:00,0,0,0.17365348
synthetic_cloudtrail.csv:7156,fe:hglgnv,2024-09-14 13:01:25+00:00,0,0,0.124792084
synthetic_cloudtrail.csv:7157,fe:hglgnv,2024-09-14 13:02:44+00:00,0,0,0.13960718
synthetic_cloudtrail.csv:7158,fe:hglgnv,2024-09-14 13:03:05+00:00,0,0,0.11388963
synthetic_cloudtrail.csv:7159,fe:hglgnv,2024-09-14 13:04:47+00:00,0,0,0.122973226
synthetic_cloudtrail.csv:7160,fe:hglgnv,2024-09-14 13:05:33+00:00,0,0,0.124370866
synthetic_cloudtrail.csv:7161,fe:hglgnv,2024-09-14 13:05:38+00:00,0,0,0.14415862
synthetic_cloudtrail.csv:7162,fe:hglgnv,2024-09-14 13:05:59+00:00,0,0,0.13452798
synthetic_cloudtrail.csv:7163,fe:hglgnv,2024-09-14 13:06:43+00:00,0,0,0.1262227
synthetic_cloudtrail.csv:2769,fe:hgzfahux,2024-04-10 11:06:40+00:00,0,0,0.19825958
synthetic_cloudtrail.csv:2770,fe:hgzfahux,2024-04-10 11:13:18+00:00,0,0,0.16681118
synthetic_cloudtrail.csv:2771,fe:hgzfahux,2024-04-10 11:18:11+00:00,0,0,0.19165558
synthetic_cloudtrail.csv:8922,fe:hhpxzwqzc,2024-11-19 18:00:09+00:00,0,0,0.14626102
synthetic_cloudtrail.csv:8923,fe:hhpxzwqzc,2024-11-19 18:00:16+00:00,0,0,0.12863389
synthetic_cloudtrail.csv:8924,fe:hhpxzwqzc,2024-11-19 18:00:21+00:00,0,0,0.13033856
synthetic_cloudtrail.csv:8925,fe:hhpxzwqzc,2024-11-19 18:00:40+00:00,0,0,0.13797988
synthetic_cloudtrail.csv:8926,fe:hhpxzwqzc,2024-11-19 18:00:57+00:00,0,0,0.1506605
synthetic_cloudtrail.csv:8927,fe:hhpxzwqzc,2024-11-19 18:01:33+00:00,1,1,0.99511343
synthetic_cloudtrail.csv:8928,fe:hhpxzwqzc,2024-11-19 18:02:56+00:00,0,0,0.12542482
synthetic_cloudtrail.csv:8929,fe:hhpxzwqzc,2024-11-19 18:03:22+00:00,0,0,0.14565443
synthetic_cloudtrail.csv:8930,fe:hhpxzwqzc,2024-11-19 18:03:55+00:00,0,0,0.13192597
synthetic_cloudtrail.csv:8931,fe:hhpxzwqzc,2024-11-19 18:04:15+00:00,0,0,0.14892884
synthetic_cloudtrail.csv:6651,fe:hiqggm,2024-08-28 08:00:07+00:00,0,0,0.1310499
synthetic_cloudtrail.csv:6652,fe:hiqggm,2024-08-28 08:00:37+00:00,0,0,0.1355882
synthetic_cloudtrail.csv:6653,fe:hiqggm,2024-08-28 08:01:42+00:00,0,0,0.13258627
synthetic_cloudtrail.csv:6654,fe:hiqggm,2024-08-28 08:02:31+00:00,0,0,0.12764964
synthetic_cloudtrail.csv:6655,fe:hiqggm,2024-08-28 08:02:53+00:00,0,0,0.15551989
synthetic_cloudtrail.csv:6656,fe:hiqggm,2024-08-28 08:04:52+00:00,0,0,0.1318731
synthetic_cloudtrail.csv:6657,fe:hiqggm,2024-08-28 08:05:38+00:00,0,0,0.14219706
synthetic_cloudtrail.csv:6658,fe:hiqggm,2024-08-28 08:07:04+00:00,0,0,0.11063127
synthetic_cloudtrail.csv:6659,fe:hiqggm,2024-08-28 08:07:14+00:00,0,0,0.11504283
synthetic_cloudtrail.csv:6660,fe:hiqggm,2024-08-28 08:07:46+00:00,0,0,0.11677756
synthetic_cloudtrail.csv:6661,fe:hiqggm,2024-08-28 08:08:37+00:00,0,0,0.14331721
synthetic_cloudtrail.csv:6662,fe:hiqggm,2024-08-28 08:09:43+00:00,0,0,0.11289619
synthetic_cloudtrail.csv:3552,fe:hjttivdrgrl,2024-05-04 17:00:07+00:00,0,0,0.13327898
synthetic_cloudtrail.csv:3553,fe:hjttivdrgrl,2024-05-04 17:00:27+00:00,0,0,0.124976
synthetic_cloudtrail.csv:3554,fe:hjttivdrgrl,2024-05-04 17:00:57+00:00,0,0,0.13680257
synthetic_cloudtrail.csv:3555,fe:hjttivdrgrl,2024-05-04 17:01:02+00:00,1,1,0.99317235
synthetic_cloudtrail.csv:3556,fe:hjttivdrgrl,2024-05-04 17:01:11+00:00,1,1,0.99454933
synthetic_cloudtrail.csv:3557,fe:hjttivdrgrl,2024-05-04 17:01:50+00:00,1,1,0.9933473
synthetic_cloudtrail.csv:3558,fe:hjttivdrgrl,2024-05-04 17:02:14+00:00,0,0,0.13777125
synthetic_cloudtrail.csv:3559,fe:hjttivdrgrl,2024-05-04 17:03:27+00:00,0,0,0.10976544
synthetic_cloudtrail.csv:5177,fe:hmmmy,2024-07-02 19:00:18+00:00,0,0,0.13315569
synthetic_cloudtrail.csv:5179,fe:hmmmy,2024-07-02 19:00:43+00:00,0,0,0.11643762
synthetic_cloudtrail.csv:5181,fe:hmmmy,2024-07-02 19:01:04+00:00,0,0,0.116507225
synthetic_cloudtrail.csv:5183,fe:hmmmy,2024-07-02 19:01:14+00:00,0,0,0.1117003
synthetic_cloudtrail.csv:5185,fe:hmmmy,2024-07-02 19:01:38+00:00,0,0,0.11352631
synthetic_cloudtrail.csv:5186,fe:hmmmy,2024-07-02 19:01:56+00:00,0,0,0.122797474
synthetic_cloudtrail.csv:5189,fe:hmmmy,2024-07-02 19:02:20+00:00,0,0,0.11625356
synthetic_cloudtrail.csv:5191,fe:hmmmy,2024-07-02 19:03:14+00:00,1,1,0.9939767
synthetic_cloudtrail.csv:5192,fe:hmmmy,2024-07-02 19:03:49+00:00,1,1,0.99609333
synthetic_cloudtrail.csv:5193,fe:hmmmy,2024-07-02 19:04:05+00:00,1,1,0.9942715
synthetic_cloudtrail.csv:8327,fe:hmpwak,2024-10-27 07:01:14+00:00,0,0,0.14941333
synthetic_cloudtrail.csv:8328,fe:hmpwak,2024-10-27 07:03:11+00:00,0,0,0.14029467
synthetic_cloudtrail.csv:8329,fe:hmpwak,2024-10-27 07:03:39+00:00,0,0,0.11443626
synthetic_cloudtrail.csv:8330,fe:hmpwak,2024-10-27 07:05:26+00:00,0,0,0.117911115
synthetic_cloudtrail.csv:8331,fe:hmpwak,2024-10-27 07:06:20+00:00,0,0,0.12136864
synthetic_cloudtrail.csv:8332,fe:hmpwak,2024-10-27 07:06:51+00:00,0,0,0.124009125
synthetic_cloudtrail.csv:8333,fe:hmpwak,2024-10-27 07:08:36+00:00,0,0,0.123921394
synthetic_cloudtrail.csv:8334,fe:hmpwak,2024-10-27 07:08:43+00:00,0,0,0.28382415
synthetic_cloudtrail.csv:8335,fe:hmpwak,2024-10-27 07:08:53+00:00,0,0,0.12701474
synthetic_cloudtrail.csv:8336,fe:hmpwak,2024-10-27 07:09:35+00:00,0,0,0.12567432
synthetic_cloudtrail.csv:8337,fe:hmpwak,2024-10-27 07:09:46+00:00,0,0,0.14820114
synthetic_cloudtrail.csv:8338,fe:hmpwak,2024-10-27 07:09:57+00:00,0,0,0.11810854
synthetic_cloudtrail.csv:8339,fe:hmpwak,2024-10-27 07:11:41+00:00,0,0,0.11414025
synthetic_cloudtrail.csv:8340,fe:hmpwak,2024-10-27 07:11:56+00:00,0,0,0.12238843
synthetic_cloudtrail.csv:8341,fe:hmpwak,2024-10-27 07:12:56+00:00,0,0,0.12019505
synthetic_cloudtrail.csv:6365,fe:hnppdko,2024-08-14 09:04:19+00:00,0,0,0.43604285
synthetic_cloudtrail.csv:6366,fe:hnppdko,2024-08-14 09:08:11+00:00,0,0,0.16596967
synthetic_cloudtrail.csv:6367,fe:hnppdko,2024-08-14 09:17:15+00:00,0,0,0.13873318
synthetic_cloudtrail.csv:1700,fe:hnvqfu,2024-02-27 11:00:13+00:00,0,0,0.13785048
synthetic_cloudtrail.csv:1701,fe:hnvqfu,2024-02-27 11:00:33+00:00,0,0,0.1314901
synthetic_cloudtrail.csv:1702,fe:hnvqfu,2024-02-27 11:00:41+00:00,0,0,0.12886997
synthetic_cloudtrail.csv:1703,fe:hnvqfu,2024-02-27 11:01:05+00:00,0,0,0.14676175
synthetic_cloudtrail.csv:1704,fe:hnvqfu,2024-02-27 11:01:16+00:00,0,0,0.13395973
synthetic_cloudtrail.csv:1705,fe:hnvqfu,2024-02-27 11:01:23+00:00,0,0,0.15160765
synthetic_cloudtrail.csv:1706,fe:hnvqfu,2024-02-27 11:01:34+00:00,1,1,0.99561465
synthetic_cloudtrail.csv:1707,fe:hnvqfu,2024-02-27 11:02:06+00:00,0,0,0.29417896
synthetic_cloudtrail.csv:1708,fe:hnvqfu,2024-02-27 11:03:23+00:00,0,0,0.11733179
synthetic_cloudtrail.csv:1709,fe:hnvqfu,2024-02-27 11:04:47+00:00,0,0,0.1360357
synthetic_cloudtrail.csv:1710,fe:hnvqfu,2024-02-27 11:06:10+00:00,0,0,0.15209568
synthetic_cloudtrail.csv:610,fe:hqmxcd,2024-01-19 09:01:34+00:00,0,0,0.12389782
synthetic_cloudtrail.csv:611,fe:hqmxcd,2024-01-19 09:03:21+00:00,0,0,0.11780522
synthetic_cloudtrail.csv:612,fe:hqmxcd,2024-01-19 09:04:52+00:00,0,0,0.14320184
synthetic_cloudtrail.csv:613,fe:hqmxcd,2024-01-19 09:06:46+00:00,0,0,0.12023346
synthetic_cloudtrail.csv:614,fe:hqmxcd,2024-01-19 09:07:37+00:00,0,0,0.13397643
synthetic_cloudtrail.csv:615,fe:hqmxcd,2024-01-19 09:09:37+00:00,0,0,0.11628905
synthetic_cloudtrail.csv:616,fe:hqmxcd,2024-01-19 09:10:55+00:00,0,0,0.13612808
synthetic_cloudtrail.csv:617,fe:hqmxcd,2024-01-19 09:12:17+00:00,0,0,0.119768776
synthetic_cloudtrail.csv:618,fe:hqmxcd,2024-01-19 09:14:02+00:00,0,0,0.13561891
synthetic_cloudtrail.csv:619,fe:hqmxcd,2024-01-19 09:15:26+00:00,0,0,0.13380533
synthetic_cloudtrail.csv:620,fe:hqmxcd,2024-01-19 09:16:05+00:00,0,0,0.1377435
synthetic_cloudtrail.csv:621,fe:hqmxcd,2024-01-19 09:17:13+00:00,0,0,0.12072191
synthetic_cloudtrail.csv:9441,fe:hrgfnp,2024-12-07 08:01:35+00:00,0,0,0.13219386
synthetic_cloudtrail.csv:9442,fe:hrgfnp,2024-12-07 08:02:20+00:00,0,0,0.30616808
synthetic_cloudtrail.csv:9443,fe:hrgfnp,2024-12-07 08:02:28+00:00,0,0,0.12828186
synthetic_cloudtrail.csv:9444,fe:hrgfnp,2024-12-07 08:03:18+00:00,0,0,0.13599908
synthetic_cloudtrail.csv:9445,fe:hrgfnp,2024-12-07 08:03:54+00:00,0,0,0.13354796
synthetic_cloudtrail.csv:9446,fe:hrgfnp,2024-12-07 08:05:04+00:00,0,0,0.13418439
synthetic_cloudtrail.csv:9447,fe:hrgfnp,2024-12-07 08:06:19+00:00,0,0,0.15988062
synthetic_cloudtrail.csv:9448,fe:hrgfnp,2024-12-07 08:08:14+00:00,0,0,0.13512738
synthetic_cloudtrail.csv:9449,fe:hrgfnp,2024-12-07 08:08:44+00:00,0,0,0.13484553
synthetic_cloudtrail.csv:9450,fe:hrgfnp,2024-12-07 08:09:25+00:00,0,0,0.15674101
synthetic_cloudtrail.csv:9451,fe:hrgfnp,2024-12-07 08:11:05+00:00,0,0,0.12063458
synthetic_cloudtrail.csv:9452,fe:hrgfnp,2024-12-07 08:12:53+00:00,0,0,0.12371038
synthetic_cloudtrail.csv:9453,fe:hrgfnp,2024-12-07 08:13:12+00:00,0,0,0.25438422
synthetic_cloudtrail.csv:9454,fe:hrgfnp,2024-12-07 08:13:27+00:00,0,0,0.12545411
synthetic_cloudtrail.csv:9455,fe:hrgfnp,2024-12-07 08:15:07+00:00,0,0,0.14135909
synthetic_cloudtrail.csv:129,fe:hskfbzqlr,2024-01-07 17:00:22+00:00,0,0,0.12626646
synthetic_cloudtrail.csv:130,fe:hskfbzqlr,2024-01-07 17:00:42+00:00,0,0,0.112638146
synthetic_cloudtrail.csv:131,fe:hskfbzqlr,2024-01-07 17:00:50+00:00,0,0,0.121931806
synthetic_cloudtrail.csv:132,fe:hskfbzqlr,2024-01-07 17:01:07+00:00,0,0,0.13479657
synthetic_cloudtrail.csv:133,fe:hskfbzqlr,2024-01-07 17:01:33+00:00,0,0,0.12614977
synthetic_cloudtrail.csv:134,fe:hskfbzqlr,2024-01-07 17:01:44+00:00,0,0,0.13933353
synthetic_cloudtrail.csv:135,fe:hskfbzqlr,2024-01-07 17:02:06+00:00,0,0,0.12274208
synthetic_cloudtrail.csv:136,fe:hskfbzqlr,2024-01-07 17:02:29+00:00,0,0,0.12486993
synthetic_cloudtrail.csv:137,fe:hskfbzqlr,2024-01-07 17:03:13+00:00,1,1,0.99544597
synthetic_cloudtrail.csv:138,fe:hskfbzqlr,2024-01-07 17:04:18+00:00,0,0,0.11666218
synthetic_cloudtrail.csv:139,fe:hskfbzqlr,2024-01-07 17:05:36+00:00,0,0,0.13797618
synthetic_cloudtrail.csv:140,fe:hskfbzqlr,2024-01-07 17:06:57+00:00,0,0,0.13789019
synthetic_cloudtrail.csv:5178,fe:hvwjzvuls,2024-07-02 19:00:20+00:00,0,0,0.14684495
synthetic_cloudtrail.csv:5180,fe:hvwjzvuls,2024-07-02 19:00:48+00:00,0,0,0.13285433
synthetic_cloudtrail.csv:5182,fe:hvwjzvuls,2024-07-02 19:01:09+00:00,0,0,0.15098926
synthetic_cloudtrail.csv:5184,fe:hvwjzvuls,2024-07-02 19:01:37+00:00,1,1,0.9913011
synthetic_cloudtrail.csv:5187,fe:hvwjzvuls,2024-07-02 19:01:58+00:00,1,1,0.9913653
synthetic_cloudtrail.csv:5188,fe:hvwjzvuls,2024-07-02 19:02:09+00:00,0,0,0.13302061
synthetic_cloudtrail.csv:5190,fe:hvwjzvuls,2024-07-02 19:03:09+00:00,0,0,0.12896807
synthetic_cloudtrail.csv:7291,fe:hwacacb,2024-09-18 12:00:28+00:00,0,0,0.11687124
synthetic_cloudtrail.csv:7292,fe:hwacacb,2024-09-18 12:00:39+00:00,0,0,0.106749594
synthetic_cloudtrail.csv:7294,fe:hwacacb,2024-09-18 12:00:55+00:00,0,0,0.11691596
synthetic_cloudtrail.csv:7296,fe:hwacacb,2024-09-18 12:01:24+00:00,0,0,0.12932599
synthetic_cloudtrail.csv:7302,fe:hwacacb,2024-09-18 12:02:23+00:00,1,1,0.993486
synthetic_cloudtrail.csv:7303,fe:hwacacb,2024-09-18 12:02:39+00:00,1,1,0.99547076
synthetic_cloudtrail.csv:7307,fe:hwacacb,2024-09-18 12:04:01+00:00,0,0,0.1072787
synthetic_cloudtrail.csv:7309,fe:hwacacb,2024-09-18 12:04:59+00:00,0,0,0.12786368
synthetic_cloudtrail.csv:7310,fe:hwacacb,2024-09-18 12:05:14+00:00,0,0,0.11503363
synthetic_cloudtrail.csv:7311,fe:hwacacb,2024-09-18 12:05:49+00:00,0,0,0.114936724
synthetic_cloudtrail.csv:7313,fe:hwacacb,2024-09-18 12:06:04+00:00,0,0,0.121206574
synthetic_cloudtrail.csv:5671,fe:hwfff,2024-07-17 19:05:40+00:00,0,0,0.20574434
synthetic_cloudtrail.csv:5672,fe:hwfff,2024-07-17 19:09:31+00:00,0,0,0.13713688
synthetic_cloudtrail.csv:5673,fe:hwfff,2024-07-17 19:15:45+00:00,0,0,0.19746645
synthetic_cloudtrail.csv:7690,fe:hxumxa,2024-10-07 09:00:12+00:00,0,0,0.14113134
synthetic_cloudtrail.csv:7691,fe:hxumxa,2024-10-07 09:00:24+00:00,0,0,0.12819435
synthetic_cloudtrail.csv:7692,fe:hxumxa,2024-10-07 09:00:45+00:00,0,0,0.12786539
synthetic_cloudtrail.csv:7693,fe:hxumxa,2024-10-07 09:01:14+00:00,0,0,0.1455602
synthetic_cloudtrail.csv:7694,fe:hxumxa,2024-10-07 09:01:23+00:00,0,0,0.12821497
synthetic_cloudtrail.csv:7695,fe:hxumxa,2024-10-07 09:01:29+00:00,0,0,0.15995872
synthetic_cloudtrail.csv:7696,fe:hxumxa,2024-10-07 09:01:51+00:00,0,0,0.13164504
synthetic_cloudtrail.csv:7697,fe:hxumxa,2024-10-07 09:02:09+00:00,0,0,0.13592525
synthetic_cloudtrail.csv:7698,fe:hxumxa,2024-10-07 09:02:29+00:00,1,1,0.99533045
synthetic_cloudtrail.csv:7699,fe:hxumxa,2024-10-07 09:03:09+00:00,1,1,0.99620557
synthetic_cloudtrail.csv:7700,fe:hxumxa,2024-10-07 09:04:36+00:00,0,0,0.13442378
synthetic_cloudtrail.csv:7701,fe:hxumxa,2024-10-07 09:05:50+00:00,0,0,0.1360437
synthetic_cloudtrail.csv:7702,fe:hxumxa,2024-10-07 09:06:08+00:00,0,0,0.19758737
synthetic_cloudtrail.csv:7703,fe:hxumxa,2024-10-07 09:07:22+00:00,0,0,0.12534432
synthetic_cloudtrail.csv:7704,fe:hxumxa,2024-10-07 09:08:39+00:00,0,0,0.13857138
synthetic_cloudtrail.csv:622,fe:hxvhff,2024-01-19 14:00:36+00:00,0,0,0.95906764
synthetic_cloudtrail.csv:623,fe:hxvhff,2024-01-19 14:00:48+00:00,0,0,0.21171814
synthetic_cloudtrail.csv:624,fe:hxvhff,2024-01-19 14:01:09+00:00,0,0,0.12694071
synthetic_cloudtrail.csv:625,fe:hxvhff,2024-01-19 14:01:20+00:00,0,0,0.16838485
synthetic_cloudtrail.csv:626,fe:hxvhff,2024-01-19 14:02:09+00:00,0,0,0.11562293
synthetic_cloudtrail.csv:627,fe:hxvhff,2024-01-19 14:03:15+00:00,0,0,0.16606021
synthetic_cloudtrail.csv:628,fe:hxvhff,2024-01-19 14:04:47+00:00,0,0,0.12776747
synthetic_cloudtrail.csv:629,fe:hxvhff,2024-01-19 14:06:01+00:00,1,0,0.65410984
synthetic_cloudtrail.csv:630,fe:hxvhff,2024-01-19 14:06:52+00:00,0,0,0.12269165
synthetic_cloudtrail.csv:631,fe:hxvhff,2024-01-19 14:08:01+00:00,0,0,0.12740624
synthetic_cloudtrail.csv:1691,fe:hyjfdl,2024-02-27 08:00:31+00:00,0,0,0.12715264
synthetic_cloudtrail.csv:1692,fe:hyjfdl,2024-02-27 08:00:49+00:00,0,0,0.13673674
synthetic_cloudtrail.csv:1693,fe:hyjfdl,2024-02-27 08:02:32+00:00,0,0,0.12978977
synthetic_cloudtrail.csv:1694,fe:hyjfdl,2024-02-27 08:03:23+00:00,0,0,0.14949806
synthetic_cloudtrail.csv:1695,fe:hyjfdl,2024-02-27 08:05:21+00:00,0,0,0.14362735
synthetic_cloudtrail.csv:1696,fe:hyjfdl,2024-02-27 08:05:32+00:00,0,0,0.120669045
synthetic_cloudtrail.csv:1697,fe:hyjfdl,2024-02-27 08:06:03+00:00,0,0,0.12106207
synthetic_cloudtrail.csv:1698,fe:hyjfdl,2024-02-27 08:07:18+00:00,0,0,0.121044494
synthetic_cloudtrail.csv:1699,fe:hyjfdl,2024-02-27 08:07:43+00:00,0,0,0.1320598
synthetic_cloudtrail.csv:9182,fe:hyqbex,2024-11-27 07:01:07+00:00,0,0,0.1162668
synthetic_cloudtrail.csv:9183,fe:hyqbex,2024-11-27 07:01:48+00:00,0,0,0.121129945
synthetic_cloudtrail.csv:9184,fe:hyqbex,2024-11-27 07:03:33+00:00,0,0,0.121552244
synthetic_cloudtrail.csv:9185,fe:hyqbex,2024-11-27 07:04:45+00:00,0,0,0.123035796
synthetic_cloudtrail.csv:9186,fe:hyqbex,2024-11-27 07:05:02+00:00,0,0,0.13472876
synthetic_cloudtrail.csv:9187,fe:hyqbex,2024-11-27 07:06:33+00:00,0,0,0.11977841
synthetic_cloudtrail.csv:9188,fe:hyqbex,2024-11-27 07:08:14+00:00,0,0,0.16055936
synthetic_cloudtrail.csv:9189,fe:hyqbex,2024-11-27 07:08:54+00:00,0,0,0.11593853
synthetic_cloudtrail.csv:9190,fe:hyqbex,2024-11-27 07:10:40+00:00,0,0,0.11747686
synthetic_cloudtrail.csv:9191,fe:hyqbex,2024-11-27 07:12:09+00:00,0,0,0.121514745
synthetic_cloudtrail.csv:9192,fe:hyqbex,2024-11-27 07:12:50+00:00,0,0,0.11978474
synthetic_cloudtrail.csv:3016,fe:hzynan,2024-04-19 10:00:19+00:00,0,0,0.12698354
synthetic_cloudtrail.csv:3017,fe:hzynan,2024-04-19 10:00:41+00:00,0,0,0.12433692
synthetic_cloudtrail.csv:3018,fe:hzynan,2024-04-19 10:01:04+00:00,0,0,0.11381255
synthetic_cloudtrail.csv:3019,fe:hzynan,2024-04-19 10:01:11+00:00,0,0,0.1266448
synthetic_cloudtrail.csv:3020,fe:hzynan,2024-04-19 10:01:39+00:00,0,0,0.12406754
synthetic_cloudtrail.csv:3021,fe:hzynan,2024-04-19 10:02:02+00:00,0,0,0.11635034
synthetic_cloudtrail.csv:3022,fe:hzynan,2024-04-19 10:02:17+00:00,0,0,0.13326828
synthetic_cloudtrail.csv:3023,fe:hzynan,2024-04-19 10:03:01+00:00,1,1,0.99548894
synthetic_cloudtrail.csv:3024,fe:hzynan,2024-04-19 10:03:34+00:00,1,1,0.99644285
synthetic_cloudtrail.csv:3025,fe:hzynan,2024-04-19 10:03:44+00:00,1,1,0.9948797
synthetic_cloudtrail.csv:3539,fe:iaiklonczqy,2024-05-04 16:00:14+00:00,0,0,0.13736875
synthetic_cloudtrail.csv:3540,fe:iaiklonczqy,2024-05-04 16:00:31+00:00,0,0,0.11327814
synthetic_cloudtrail.csv:3541,fe:iaiklonczqy,2024-05-04 16:00:51+00:00,0,0,0.13563344
synthetic_cloudtrail.csv:3542,fe:iaiklonczqy,2024-05-04 16:00:55+00:00,0,0,0.11476391
synthetic_cloudtrail.csv:3543,fe:iaiklonczqy,2024-05-04 16:00:59+00:00,0,0,0.1237253
synthetic_cloudtrail.csv:3544,fe:iaiklonczqy,2024-05-04 16:01:19+00:00,0,0,0.1185287
synthetic_cloudtrail.csv:3545,fe:iaiklonczqy,2024-05-04 16:01:34+00:00,0,0,0.110918306
synthetic_cloudtrail.csv:3546,fe:iaiklonczqy,2024-05-04 16:02:05+00:00,1,1,0.99515474
synthetic_cloudtrail.csv:3547,fe:iaiklonczqy,2024-05-04 16:02:28+00:00,0,0,0.119504064
synthetic_cloudtrail.csv:3548,fe:iaiklonczqy,2024-05-04 16:03:56+00:00,0,0,0.14086106
synthetic_cloudtrail.csv:3549,fe:iaiklonczqy,2024-05-04 16:04:33+00:00,0,0,0.1515305
synthetic_cloudtrail.csv:3550,fe:iaiklonczqy,2024-05-04 16:05:20+00:00,0,0,0.11487799
synthetic_cloudtrail.csv:3551,fe:iaiklonczqy,2024-05-04 16:06:04+00:00,0,0,0.11464649
synthetic_cloudtrail.csv:3782,fe:iauddefsiwyv,2024-05-13 11:00:28+00:00,0,0,0.121163405
synthetic_cloudtrail.csv:3784,fe:iauddefsiwyv,2024-05-13 11:00:38+00:00,0,0,0.122875385
synthetic_cloudtrail.csv:3785,fe:iauddefsiwyv,2024-05-13 11:00:56+00:00,0,0,0.14314432
synthetic_cloudtrail.csv:3786,fe:iauddefsiwyv,2024-05-13 11:01:14+00:00,0,0,0.13034992
synthetic_cloudtrail.csv:3787,fe:iauddefsiwyv,2024-05-13 11:01:44+00:00,0,0,0.12163707
synthetic_cloudtrail.csv:3789,fe:iauddefsiwyv,2024-05-13 11:02:06+00:00,0,0,0.13346127
synthetic_cloudtrail.csv:3790,fe:iauddefsiwyv,2024-05-13 11:02:22+00:00,0,0,0.12133195
synthetic_cloudtrail.csv:3791,fe:iauddefsiwyv,2024-05-13 11:02:32+00:00,1,1,0.9959317
synthetic_cloudtrail.csv:3792,fe:iauddefsiwyv,2024-05-13 11:03:24+00:00,1,1,0.99630153
synthetic_cloudtrail.csv:3793,fe:iauddefsiwyv,2024-05-13 11:03:35+00:00,1,1,0.99537694
synthetic_cloudtrail.csv:3795,fe:iauddefsiwyv,2024-05-13 11:03:45+00:00,0,0,0.12929818
synthetic_cloudtrail.csv:3797,fe:iauddefsiwyv,2024-05-13 11:04:37+00:00,0,0,0.11820876
synthetic_cloudtrail.csv:3799,fe:iauddefsiwyv,2024-05-13 11:06:02+00:00,0,0,0.12564482
synthetic_cloudtrail.csv:3802,fe:iauddefsiwyv,2024-05-13 11:07:10+00:00,0,0,0.12518838
synthetic_cloudtrail.csv:3804,fe:iauddefsiwyv,2024-05-13 11:07:50+00:00,0,0,0.11707411
synthetic_cloudtrail.csv:2655,fe:icclcu,2024-04-06 13:00:09+00:00,0,0,0.11887928
synthetic_cloudtrail.csv:2656,fe:icclcu,2024-04-06 13:01:07+00:00,0,0,0.12926097
synthetic_cloudtrail.csv:2657,fe:icclcu,2024-04-06 13:02:34+00:00,0,0,0.12549326
synthetic_cloudtrail.csv:2658,fe:icclcu,2024-04-06 13:02:41+00:00,0,0,0.12940338
synthetic_cloudtrail.csv:2659,fe:icclcu,2024-04-06 13:02:48+00:00,0,0,0.15193048
synthetic_cloudtrail.csv:2660,fe:icclcu,2024-04-06 13:03:50+00:00,0,0,0.1451963
synthetic_cloudtrail.csv:2661,fe:icclcu,2024-04-06 13:04:36+00:00,0,0,0.13699782
synthetic_cloudtrail.csv:2662,fe:icclcu,2024-04-06 13:05:20+00:00,0,0,0.26406005
synthetic_cloudtrail.csv:2663,fe:icclcu,2024-04-06 13:06:24+00:00,0,0,0.11494449
synthetic_cloudtrail.csv:2664,fe:icclcu,2024-04-06 13:08:00+00:00,0,0,0.12943253
synthetic_cloudtrail.csv:2665,fe:icclcu,2024-04-06 13:09:59+00:00,0,0,0.11828101
synthetic_cloudtrail.csv:2666,fe:icclcu,2024-04-06 13:10:41+00:00,0,0,0.14028955
synthetic_cloudtrail.csv:2667,fe:icclcu,2024-04-06 13:10:50+00:00,0,0,0.115134835
synthetic_cloudtrail.csv:2668,fe:icclcu,2024-04-06 13:12:45+00:00,0,0,0.120461375
synthetic_cloudtrail.csv:2669,fe:icclcu,2024-04-06 13:13:43+00:00,0,0,0.13351381
synthetic_cloudtrail.csv:2670,fe:icclcu,2024-04-06 13:15:36+00:00,0,0,0.118484154
synthetic_cloudtrail.csv:3961,fe:icymjp,2024-05-19 09:01:24+00:00,0,0,0.13083442
synthetic_cloudtrail.csv:3962,fe:icymjp,2024-05-19 09:03:14+00:00,0,0,0.12372246
synthetic_cloudtrail.csv:3963,fe:icymjp,2024-05-19 09:03:48+00:00,0,0,0.12986413
synthetic_cloudtrail.csv:3964,fe:icymjp,2024-05-19 09:04:09+00:00,0,0,0.12553564
synthetic_cloudtrail.csv:3965,fe:icymjp,2024-05-19 09:05:28+00:00,0,0,0.11766977
synthetic_cloudtrail.csv:3966,fe:icymjp,2024-05-19 09:05:38+00:00,0,0,0.13521367
synthetic_cloudtrail.csv:3967,fe:icymjp,2024-05-19 09:05:58+00:00,0,0,0.14027868
synthetic_cloudtrail.csv:3968,fe:icymjp,2024-05-19 09:07:42+00:00,0,0,0.12246226
synthetic_cloudtrail.csv:3969,fe:icymjp,2024-05-19 09:08:20+00:00,0,0,0.1210569
synthetic_cloudtrail.csv:3970,fe:icymjp,2024-05-19 09:10:15+00:00,0,0,0.1444174
synthetic_cloudtrail.csv:3971,fe:icymjp,2024-05-19 09:11:14+00:00,0,0,0.12541012
synthetic_cloudtrail.csv:3972,fe:icymjp,2024-05-19 09:12:11+00:00,0,0,0.12527443
synthetic_cloudtrail.csv:3973,fe:icymjp,2024-05-19 09:13:54+00:00,0,0,0.12861168
synthetic_cloudtrail.csv:3974,fe:icymjp,2024-05-19 09:15:27+00:00,0,0,0.12749562
synthetic_cloudtrail.csv:3975,fe:icymjp,2024-05-19 09:16:47+00:00,0,0,0.13419963
synthetic_cloudtrail.csv:3976,fe:icymjp,2024-05-19 09:18:38+00:00,0,0,0.13681673
synthetic_cloudtrail.csv:3977,fe:icymjp,2024-05-19 09:19:45+00:00,0,0,0.16171753
synthetic_cloudtrail.csv:3978,fe:icymjp,2024-05-19 09:20:17+00:00,0,0,0.12983273
synthetic_cloudtrail.csv:3979,fe:icymjp,2024-05-19 09:21:41+00:00,0,0,0.12493637
synthetic_cloudtrail.csv:3980,fe:icymjp,2024-05-19 09:22:33+00:00,0,0,0.33058226
synthetic_cloudtrail.csv:3164,fe:iekuww,2024-04-23 15:00:06+00:00,0,0,0.12516081
synthetic_cloudtrail.csv:3165,fe:iekuww,2024-04-23 15:01:03+00:00,0,0,0.12718278
synthetic_cloudtrail.csv:3166,fe:iekuww,2024-04-23 15:02:40+00:00,0,0,0.12345897
synthetic_cloudtrail.csv:3167,fe:iekuww,2024-04-23 15:02:56+00:00,0,0,0.113725565
synthetic_cloudtrail.csv:3168,fe:iekuww,2024-04-23 15:04:52+00:00,0,0,0.11125359
synthetic_cloudtrail.csv:3169,fe:iekuww,2024-04-23 15:05:39+00:00,0,0,0.13841853
synthetic_cloudtrail.csv:3170,fe:iekuww,2024-04-23 15:05:45+00:00,0,0,0.2574722
synthetic_cloudtrail.csv:3171,fe:iekuww,2024-04-23 15:07:01+00:00,0,0,0.12825797
synthetic_cloudtrail.csv:3172,fe:iekuww,2024-04-23 15:07:23+00:00,0,0,0.12400299
synthetic_cloudtrail.csv:3173,fe:iekuww,2024-04-23 15:08:06+00:00,0,0,0.09966077
synthetic_cloudtrail.csv:3174,fe:iekuww,2024-04-23 15:08:52+00:00,0,0,0.10751453
synthetic_cloudtrail.csv:3175,fe:iekuww,2024-04-23 15:09:20+00:00,0,0,0.11717364
synthetic_cloudtrail.csv:3176,fe:iekuww,2024-04-23 15:10:55+00:00,0,0,0.09971313
synthetic_cloudtrail.csv:3177,fe:iekuww,2024-04-23 15:11:43+00:00,0,0,0.10819839
synthetic_cloudtrail.csv:3178,fe:iekuww,2024-04-23 15:12:10+00:00,0,0,0.10834354
synthetic_cloudtrail.csv:3179,fe:iekuww,2024-04-23 15:13:28+00:00,0,0,0.10975855
synthetic_cloudtrail.csv:3180,fe:iekuww,2024-04-23 15:15:12+00:00,0,0,0.122235134
synthetic_cloudtrail.csv:3181,fe:iekuww,2024-04-23 15:15:34+00:00,0,0,0.19020705
synthetic_cloudtrail.csv:3182,fe:iekuww,2024-04-23 15:16:42+00:00,0,0,0.12441694
synthetic_cloudtrail.csv:5697,fe:ietwblovnoos,2024-07-19 10:00:21+00:00,0,0,0.13101874
synthetic_cloudtrail.csv:5699,fe:ietwblovnoos,2024-07-19 10:00:24+00:00,0,0,0.102336936
synthetic_cloudtrail.csv:5701,fe:ietwblovnoos,2024-07-19 10:00:46+00:00,0,0,0.115456685
synthetic_cloudtrail.csv:5702,fe:ietwblovnoos,2024-07-19 10:01:12+00:00,0,0,0.118164346
synthetic_cloudtrail.csv:5703,fe:ietwblovnoos,2024-07-19 10:01:35+00:00,0,0,0.13031185
synthetic_cloudtrail.csv:5705,fe:ietwblovnoos,2024-07-19 10:01:49+00:00,1,1,0.99499476
synthetic_cloudtrail.csv:5708,fe:ietwblovnoos,2024-07-19 10:02:12+00:00,1,1,0.9952179
synthetic_cloudtrail.csv:5709,fe:ietwblovnoos,2024-07-19 10:03:03+00:00,1,1,0.99483794
synthetic_cloudtrail.csv:5711,fe:ietwblovnoos,2024-07-19 10:03:56+00:00,0,0,0.13535032
synthetic_cloudtrail.csv:5713,fe:ietwblovnoos,2024-07-19 10:04:40+00:00,0,0,0.1208496
synthetic_cloudtrail.csv:5714,fe:ietwblovnoos,2024-07-19 10:05:01+00:00,0,0,0.12735339
synthetic_cloudtrail.csv:5716,fe:ietwblovnoos,2024-07-19 10:05:51+00:00,0,0,0.115267806
synthetic_cloudtrail.csv:5718,fe:ietwblovnoos,2024-07-19 10:06:44+00:00,0,0,0.13114718
synthetic_cloudtrail.csv:7185,fe:ifakgx,2024-09-15 08:01:59+00:00,0,0,0.1240915
synthetic_cloudtrail.csv:7186,fe:ifakgx,2024-09-15 08:02:29+00:00,0,0,0.1400584
synthetic_cloudtrail.csv:7189,fe:ifakgx,2024-09-15 08:04:16+00:00,0,0,0.121187605
synthetic_cloudtrail.csv:7191,fe:ifakgx,2024-09-15 08:06:00+00:00,0,0,0.11914851
synthetic_cloudtrail.csv:7193,fe:ifakgx,2024-09-15 08:06:35+00:00,0,0,0.12914935
synthetic_cloudtrail.csv:7196,fe:ifakgx,2024-09-15 08:08:26+00:00,0,0,0.15337466
synthetic_cloudtrail.csv:7197,fe:ifakgx,2024-09-15 08:09:43+00:00,0,0,0.118759006
synthetic_cloudtrail.csv:7199,fe:ifakgx,2024-09-15 08:10:22+00:00,0,0,0.11382651
synthetic_cloudtrail.csv:7200,fe:ifakgx,2024-09-15 08:11:33+00:00,0,0,0.12302519
synthetic_cloudtrail.csv:7201,fe:ifakgx,2024-09-15 08:12:02+00:00,0,0,0.16396277
synthetic_cloudtrail.csv:7202,fe:ifakgx,2024-09-15 08:12:33+00:00,0,0,0.12164209
synthetic_cloudtrail.csv:7203,fe:ifakgx,2024-09-15 08:14:27+00:00,0,0,0.12236366
synthetic_cloudtrail.csv:7204,fe:ifakgx,2024-09-15 08:14:55+00:00,0,0,0.12207372
synthetic_cloudtrail.csv:7205,fe:ifakgx,2024-09-15 08:16:31+00:00,0,0,0.12903844
synthetic_cloudtrail.csv:5776,fe:ihcagk,2024-07-21 14:01:27+00:00,0,0,0.14036772
synthetic_cloudtrail.csv:5777,fe:ihcagk,2024-07-21 14:01:55+00:00,0,0,0.12906794
synthetic_cloudtrail.csv:5778,fe:ihcagk,2024-07-21 14:02:49+00:00,0,0,0.12307756
synthetic_cloudtrail.csv:5779,fe:ihcagk,2024-07-21 14:03:06+00:00,0,0,0.13647364
synthetic_cloudtrail.csv:5780,fe:ihcagk,2024-07-21 14:04:25+00:00,0,0,0.13292216
synthetic_cloudtrail.csv:5781,fe:ihcagk,2024-07-21 14:05:55+00:00,0,0,0.11703071
synthetic_cloudtrail.csv:5782,fe:ihcagk,2024-07-21 14:07:51+00:00,0,0,0.2630042
synthetic_cloudtrail.csv:5783,fe:ihcagk,2024-07-21 14:09:32+00:00,0,0,0.1085464
synthetic_cloudtrail.csv:5784,fe:ihcagk,2024-07-21 14:10:33+00:00,0,0,0.120162174
synthetic_cloudtrail.csv:5785,fe:ihcagk,2024-07-21 14:12:12+00:00,0,0,0.11539775
synthetic_cloudtrail.csv:5786,fe:ihcagk,2024-07-21 14:13:51+00:00,0,0,0.11093148
synthetic_cloudtrail.csv:5787,fe:ihcagk,2024-07-21 14:15:30+00:00,0,0,0.11464357
synthetic_cloudtrail.csv:5788,fe:ihcagk,2024-07-21 14:16:28+00:00,0,0,0.12680739
synthetic_cloudtrail.csv:5789,fe:ihcagk,2024-07-21 14:18:25+00:00,0,0,0.13962175
synthetic_cloudtrail.csv:5790,fe:ihcagk,2024-07-21 14:19:42+00:00,0,0,0.11674695
synthetic_cloudtrail.csv:5791,fe:ihcagk,2024-07-21 14:20:38+00:00,0,0,0.12313636
synthetic_cloudtrail.csv:971,fe:ihdvbj,2024-02-04 11:01:38+00:00,0,0,0.13336498
synthetic_cloudtrail.csv:972,fe:ihdvbj,2024-02-04 11:02:28+00:00,0,0,0.10094261
synthetic_cloudtrail.csv:973,fe:ihdvbj,2024-02-04 11:03:34+00:00,0,0,0.123164095
synthetic_cloudtrail.csv:974,fe:ihdvbj,2024-02-04 11:04:56+00:00,0,0,0.13849443
synthetic_cloudtrail.csv:975,fe:ihdvbj,2024-02-04 11:06:04+00:00,0,0,0.121295884
synthetic_cloudtrail.csv:976,fe:ihdvbj,2024-02-04 11:06:29+00:00,0,0,0.14668126
synthetic_cloudtrail.csv:977,fe:ihdvbj,2024-02-04 11:07:06+00:00,0,0,0.108072564
synthetic_cloudtrail.csv:978,fe:ihdvbj,2024-02-04 11:07:16+00:00,0,0,0.1075063
synthetic_cloudtrail.csv:979,fe:ihdvbj,2024-02-04 11:08:29+00:00,0,0,0.12373634
synthetic_cloudtrail.csv:980,fe:ihdvbj,2024-02-04 11:10:28+00:00,0,0,0.11760987
synthetic_cloudtrail.csv:981,fe:ihdvbj,2024-02-04 11:11:25+00:00,0,0,0.1311477
synthetic_cloudtrail.csv:8342,fe:ihlhaka,2024-10-27 12:00:10+00:00,0,0,0.1477744
synthetic_cloudtrail.csv:8343,fe:ihlhaka,2024-10-27 12:00:40+00:00,0,0,0.12583138
synthetic_cloudtrail.csv:8344,fe:ihlhaka,2024-10-27 12:00:59+00:00,0,0,0.14473246
synthetic_cloudtrail.csv:8345,fe:ihlhaka,2024-10-27 12:01:08+00:00,0,0,0.14865689
synthetic_cloudtrail.csv:8346,fe:ihlhaka,2024-10-27 12:01:21+00:00,1,1,0.9935915
synthetic_cloudtrail.csv:8347,fe:ihlhaka,2024-10-27 12:02:03+00:00,1,1,0.9945639
synthetic_cloudtrail.csv:8348,fe:ihlhaka,2024-10-27 12:03:03+00:00,1,1,0.99044937
synthetic_cloudtrail.csv:4399,fe:ijcijq,2024-06-02 18:00:22+00:00,0,0,0.107073516
synthetic_cloudtrail.csv:4400,fe:ijcijq,2024-06-02 18:00:35+00:00,0,0,0.10679395
synthetic_cloudtrail.csv:4401,fe:ijcijq,2024-06-02 18:01:05+00:00,0,0,0.128315
synthetic_cloudtrail.csv:4402,fe:ijcijq,2024-06-02 18:01:08+00:00,0,0,0.117848344
synthetic_cloudtrail.csv:4403,fe:ijcijq,2024-06-02 18:01:31+00:00,0,0,0.11683765
synthetic_cloudtrail.csv:4404,fe:ijcijq,2024-06-02 18:01:46+00:00,0,0,0.11965733
synthetic_cloudtrail.csv:4405,fe:ijcijq,2024-06-02 18:02:14+00:00,1,1,0.9944174
synthetic_cloudtrail.csv:4406,fe:ijcijq,2024-06-02 18:02:36+00:00,1,1,0.99329585
synthetic_cloudtrail.csv:7052,fe:ijvrpieuujmw,2024-09-10 18:00:18+00:00,0,0,0.115371674
synthetic_cloudtrail.csv:7053,fe:ijvrpieuujmw,2024-09-10 18:00:43+00:00,0,0,0.105369404
synthetic_cloudtrail.csv:7054,fe:ijvrpieuujmw,2024-09-10 18:00:49+00:00,0,0,0.11602791
synthetic_cloudtrail.csv:7055,fe:ijvrpieuujmw,2024-09-10 18:01:15+00:00,0,0,0.12990703
synthetic_cloudtrail.csv:7056,fe:ijvrpieuujmw,2024-09-10 18:01:35+00:00,0,0,0.108964086
synthetic_cloudtrail.csv:7057,fe:ijvrpieuujmw,2024-09-10 18:01:45+00:00,1,1,0.99460477
synthetic_cloudtrail.csv:7058,fe:ijvrpieuujmw,2024-09-10 18:02:01+00:00,1,1,0.99593216
synthetic_cloudtrail.csv:7059,fe:ijvrpieuujmw,2024-09-10 18:03:17+00:00,0,0,0.12810668
synthetic_cloudtrail.csv:7060,fe:ijvrpieuujmw,2024-09-10 18:04:21+00:00,0,0,0.105053686
synthetic_cloudtrail.csv:7061,fe:ijvrpieuujmw,2024-09-10 18:04:37+00:00,0,0,0.11666908
synthetic_cloudtrail.csv:7062,fe:ijvrpieuujmw,2024-09-10 18:05:16+00:00,0,0,0.13888559
synthetic_cloudtrail.csv:2569,fe:ijzlgat,2024-04-03 12:00:08+00:00,0,0,0.12589794
synthetic_cloudtrail.csv:2570,fe:ijzlgat,2024-04-03 12:00:35+00:00,0,0,0.11090646
synthetic_cloudtrail.csv:2571,fe:ijzlgat,2024-04-03 12:01:05+00:00,0,0,0.12645754
synthetic_cloudtrail.csv:2572,fe:ijzlgat,2024-04-03 12:01:21+00:00,1,1,0.99187917
synthetic_cloudtrail.csv:2573,fe:ijzlgat,2024-04-03 12:01:26+00:00,1,1,0.9909496
synthetic_cloudtrail.csv:4149,fe:ilcqyp,2024-05-24 18:00:18+00:00,0,0,0.1273613
synthetic_cloudtrail.csv:4150,fe:ilcqyp,2024-05-24 18:01:22+00:00,0,0,0.12218744
synthetic_cloudtrail.csv:4151,fe:ilcqyp,2024-05-24 18:01:27+00:00,0,0,0.16039985
synthetic_cloudtrail.csv:4152,fe:ilcqyp,2024-05-24 18:03:20+00:00,0,0,0.108614795
synthetic_cloudtrail.csv:4153,fe:ilcqyp,2024-05-24 18:05:03+00:00,0,0,0.114828065
synthetic_cloudtrail.csv:4154,fe:ilcqyp,2024-05-24 18:05:31+00:00,0,0,0.16100976
synthetic_cloudtrail.csv:4155,fe:ilcqyp,2024-05-24 18:06:47+00:00,0,0,0.12268228
synthetic_cloudtrail.csv:4156,fe:ilcqyp,2024-05-24 18:08:10+00:00,0,0,0.124431714
synthetic_cloudtrail.csv:211,fe:ilutprq,2024-01-09 11:00:06+00:00,0,0,0.12552
synthetic_cloudtrail.csv:212,fe:ilutprq,2024-01-09 11:00:35+00:00,0,0,0.12982172
synthetic_cloudtrail.csv:213,fe:ilutprq,2024-01-09 11:00:39+00:00,0,0,0.13594802
synthetic_cloudtrail.csv:214,fe:ilutprq,2024-01-09 11:00:46+00:00,0,0,0.12663496
synthetic_cloudtrail.csv:215,fe:ilutprq,2024-01-09 11:01:11+00:00,0,0,0.15713812
synthetic_cloudtrail.csv:216,fe:ilutprq,2024-01-09 11:02:09+00:00,1,1,0.9942537
synthetic_cloudtrail.csv:217,fe:ilutprq,2024-01-09 11:02:29+00:00,1,1,0.9936394
synthetic_cloudtrail.csv:218,fe:ilutprq,2024-01-09 11:03:20+00:00,1,1,0.9641359
synthetic_cloudtrail.csv:219,fe:ilutprq,2024-01-09 11:03:40+00:00,0,0,0.12339792
synthetic_cloudtrail.csv:220,fe:ilutprq,2024-01-09 11:05:09+00:00,0,0,0.16510044
synthetic_cloudtrail.csv:221,fe:ilutprq,2024-01-09 11:06:05+00:00,0,0,0.12833823
synthetic_cloudtrail.csv:222,fe:ilutprq,2024-01-09 11:07:18+00:00,0,0,0.124355145
synthetic_cloudtrail.csv:5308,fe:imtmgqny,2024-07-05 16:00:13+00:00,0,0,0.123675846
synthetic_cloudtrail.csv:5309,fe:imtmgqny,2024-07-05 16:00:17+00:00,0,0,0.13618116
synthetic_cloudtrail.csv:5310,fe:imtmgqny,2024-07-05 16:00:41+00:00,0,0,0.11987643
synthetic_cloudtrail.csv:5311,fe:imtmgqny,2024-07-05 16:00:51+00:00,0,0,0.12423062
synthetic_cloudtrail.csv:5312,fe:imtmgqny,2024-07-05 16:01:18+00:00,0,0,0.12754102
synthetic_cloudtrail.csv:5313,fe:imtmgqny,2024-07-05 16:01:38+00:00,1,1,0.9944066
synthetic_cloudtrail.csv:5314,fe:imtmgqny,2024-07-05 16:02:47+00:00,0,0,0.113401435
synthetic_cloudtrail.csv:5315,fe:imtmgqny,2024-07-05 16:03:57+00:00,0,0,0.12412224
synthetic_cloudtrail.csv:5316,fe:imtmgqny,2024-07-05 16:05:00+00:00,0,0,0.15610513
synthetic_cloudtrail.csv:5317,fe:imtmgqny,2024-07-05 16:05:50+00:00,0,0,0.10251476
synthetic_cloudtrail.csv:5318,fe:imtmgqny,2024-07-05 16:06:23+00:00,0,0,0.117367364
synthetic_cloudtrail.csv:5526,fe:iopfwu,2024-07-12 14:00:13+00:00,0,0,0.13070409
synthetic_cloudtrail.csv:5527,fe:iopfwu,2024-07-12 14:00:18+00:00,0,0,0.12029181
synthetic_cloudtrail.csv:5528,fe:iopfwu,2024-07-12 14:00:27+00:00,0,0,0.13439138
synthetic_cloudtrail.csv:5529,fe:iopfwu,2024-07-12 14:00:42+00:00,0,0,0.13162552
synthetic_cloudtrail.csv:5530,fe:iopfwu,2024-07-12 14:01:11+00:00,0,0,0.1387734
synthetic_cloudtrail.csv:5531,fe:iopfwu,2024-07-12 14:01:18+00:00,0,0,0.14722739
synthetic_cloudtrail.csv:5532,fe:iopfwu,2024-07-12 14:01:37+00:00,0,0,0.11659711
synthetic_cloudtrail.csv:5533,fe:iopfwu,2024-07-12 14:01:55+00:00,1,1,0.99585414
synthetic_cloudtrail.csv:5534,fe:iopfwu,2024-07-12 14:02:33+00:00,1,1,0.99556786
synthetic_cloudtrail.csv:5535,fe:iopfwu,2024-07-12 14:03:52+00:00,0,0,0.119308725
synthetic_cloudtrail.csv:5536,fe:iopfwu,2024-07-12 14:04:12+00:00,0,0,0.1752318
synthetic_cloudtrail.csv:5537,fe:iopfwu,2024-07-12 14:05:23+00:00,0,0,0.11447029
synthetic_cloudtrail.csv:5538,fe:iopfwu,2024-07-12 14:05:58+00:00,0,0,0.12767057
synthetic_cloudtrail.csv:6800,fe:irsapo,2024-09-04 13:01:24+00:00,0,0,0.14438213
synthetic_cloudtrail.csv:6801,fe:irsapo,2024-09-04 13:03:22+00:00,0,0,0.12797959
synthetic_cloudtrail.csv:6802,fe:irsapo,2024-09-04 13:05:11+00:00,0,0,0.15122667
synthetic_cloudtrail.csv:6803,fe:irsapo,2024-09-04 13:06:08+00:00,0,0,0.1442736
synthetic_cloudtrail.csv:6804,fe:irsapo,2024-09-04 13:06:48+00:00,0,0,0.119454905
synthetic_cloudtrail.csv:6805,fe:irsapo,2024-09-04 13:07:22+00:00,0,0,0.12480513
synthetic_cloudtrail.csv:6806,fe:irsapo,2024-09-04 13:08:14+00:00,0,0,0.12187594
synthetic_cloudtrail.csv:6807,fe:irsapo,2024-09-04 13:10:13+00:00,0,0,0.11397337
synthetic_cloudtrail.csv:6808,fe:irsapo,2024-09-04 13:11:51+00:00,0,0,0.23853809
synthetic_cloudtrail.csv:6809,fe:irsapo,2024-09-04 13:12:37+00:00,0,0,0.12316718
synthetic_cloudtrail.csv:6810,fe:irsapo,2024-09-04 13:12:52+00:00,0,0,0.1355704
synthetic_cloudtrail.csv:6811,fe:irsapo,2024-09-04 13:14:37+00:00,0,0,0.114247136
synthetic_cloudtrail.csv:6812,fe:irsapo,2024-09-04 13:15:48+00:00,0,0,0.11494801
synthetic_cloudtrail.csv:6813,fe:irsapo,2024-09-04 13:15:56+00:00,0,0,0.12051489
synthetic_cloudtrail.csv:6814,fe:irsapo,2024-09-04 13:17:53+00:00,0,0,0.12659699
synthetic_cloudtrail.csv:6815,fe:irsapo,2024-09-04 13:19:32+00:00,0,0,0.13934878
synthetic_cloudtrail.csv:8900,fe:irzxny,2024-11-19 09:00:49+00:00,0,0,0.10846752
synthetic_cloudtrail.csv:8901,fe:irzxny,2024-11-19 09:00:59+00:00,0,0,0.10186589
synthetic_cloudtrail.csv:8902,fe:irzxny,2024-11-19 09:02:41+00:00,0,0,0.09801579
synthetic_cloudtrail.csv:8903,fe:irzxny,2024-11-19 09:04:33+00:00,0,0,0.114614055
synthetic_cloudtrail.csv:8904,fe:irzxny,2024-11-19 09:05:07+00:00,0,0,0.112319596
synthetic_cloudtrail.csv:8905,fe:irzxny,2024-11-19 09:05:25+00:00,0,0,0.12084114
synthetic_cloudtrail.csv:8906,fe:irzxny,2024-11-19 09:06:25+00:00,0,0,0.12126211
synthetic_cloudtrail.csv:8907,fe:irzxny,2024-11-19 09:07:13+00:00,0,0,0.14689316
synthetic_cloudtrail.csv:9281,fe:iurjfm,2024-12-02 10:00:52+00:00,0,0,0.16920671
synthetic_cloudtrail.csv:9282,fe:iurjfm,2024-12-02 10:02:52+00:00,0,0,0.11405673
synthetic_cloudtrail.csv:9283,fe:iurjfm,2024-12-02 10:04:11+00:00,0,0,0.13983002
synthetic_cloudtrail.csv:9284,fe:iurjfm,2024-12-02 10:05:35+00:00,0,0,0.10959727
synthetic_cloudtrail.csv:9285,fe:iurjfm,2024-12-02 10:06:18+00:00,0,0,0.12316208
synthetic_cloudtrail.csv:9286,fe:iurjfm,2024-12-02 10:07:57+00:00,0,0,0.14236122
synthetic_cloudtrail.csv:9287,fe:iurjfm,2024-12-02 10:08:20+00:00,0,0,0.10688759
synthetic_cloudtrail.csv:9288,fe:iurjfm,2024-12-02 10:10:18+00:00,0,0,0.11611792
synthetic_cloudtrail.csv:9289,fe:iurjfm,2024-12-02 10:11:38+00:00,0,0,0.14449924
synthetic_cloudtrail.csv:9290,fe:iurjfm,2024-12-02 10:13:15+00:00,0,0,0.11189671
synthetic_cloudtrail.csv:9291,fe:iurjfm,2024-12-02 10:14:42+00:00,0,0,0.11618594
synthetic_cloudtrail.csv:12,fe:ivedmw,2024-01-02 18:01:32+00:00,0,0,0.12654163
synthetic_cloudtrail.csv:13,fe:ivedmw,2024-01-02 18:02:30+00:00,0,0,0.12892504
synthetic_cloudtrail.csv:15,fe:ivedmw,2024-01-02 18:03:33+00:00,0,0,0.12519029
synthetic_cloudtrail.csv:17,fe:ivedmw,2024-01-02 18:04:23+00:00,0,0,0.123816505
synthetic_cloudtrail.csv:20,fe:ivedmw,2024-01-02 18:04:58+00:00,0,0,0.114673816
synthetic_cloudtrail.csv:23,fe:ivedmw,2024-01-02 18:06:56+00:00,0,0,0.11769112
synthetic_cloudtrail.csv:24,fe:ivedmw,2024-01-02 18:08:12+00:00,0,0,0.15558864
synthetic_cloudtrail.csv:27,fe:ivedmw,2024-01-02 18:08:55+00:00,0,0,0.12286983
synthetic_cloudtrail.csv:29,fe:ivedmw,2024-01-02 18:10:42+00:00,0,0,0.11493189
synthetic_cloudtrail.csv:30,fe:ivedmw,2024-01-02 18:11:02+00:00,0,0,0.12486294
synthetic_cloudtrail.csv:6190,fe:iwvspjijdt,2024-08-08 16:05:15+00:00,0,0,0.1997071
synthetic_cloudtrail.csv:6191,fe:iwvspjijdt,2024-08-08 16:11:26+00:00,0,0,0.20155878
synthetic_cloudtrail.csv:6192,fe:iwvspjijdt,2024-08-08 16:16:12+00:00,0,0,0.19178236
synthetic_cloudtrail.csv:6193,fe:iwvspjijdt,2024-08-08 16:25:45+00:00,0,0,0.17924005
synthetic_cloudtrail.csv:412,fe:ixlxlv,2024-01-15 13:00:19+00:00,0,0,0.12685318
synthetic_cloudtrail.csv:413,fe:ixlxlv,2024-01-15 13:01:20+00:00,0,0,0.12241071
synthetic_cloudtrail.csv:414,fe:ixlxlv,2024-01-15 13:02:43+00:00,0,0,0.1251943
synthetic_cloudtrail.csv:415,fe:ixlxlv,2024-01-15 13:04:02+00:00,0,0,0.12082704
synthetic_cloudtrail.csv:416,fe:ixlxlv,2024-01-15 13:04:32+00:00,0,0,0.14392652
synthetic_cloudtrail.csv:417,fe:ixlxlv,2024-01-15 13:06:25+00:00,0,0,0.1532881
synthetic_cloudtrail.csv:418,fe:ixlxlv,2024-01-15 13:06:33+00:00,0,0,0.15527424
synthetic_cloudtrail.csv:419,fe:ixlxlv,2024-01-15 13:08:04+00:00,0,0,0.12855396
synthetic_cloudtrail.csv:420,fe:ixlxlv,2024-01-15 13:09:42+00:00,0,0,0.121552624
synthetic_cloudtrail.csv:3982,fe:ixsmkg,2024-05-20 07:01:52+00:00,0,0,0.13813844
synthetic_cloudtrail.csv:3985,fe:ixsmkg,2024-05-20 07:03:20+00:00,0,0,0.13310905
synthetic_cloudtrail.csv:3987,fe:ixsmkg,2024-05-20 07:04:17+00:00,0,0,0.15733439
synthetic_cloudtrail.csv:3988,fe:ixsmkg,2024-05-20 07:04:29+00:00,0,0,0.14340855
synthetic_cloudtrail.csv:3990,fe:ixsmkg,2024-05-20 07:05:36+00:00,0,0,0.13502754
synthetic_cloudtrail.csv:3993,fe:ixsmkg,2024-05-20 07:07:16+00:00,0,0,0.11435366
synthetic_cloudtrail.csv:3994,fe:ixsmkg,2024-05-20 07:07:40+00:00,0,0,0.14792927
synthetic_cloudtrail.csv:3996,fe:ixsmkg,2024-05-20 07:08:39+00:00,0,0,0.11380605
synthetic_cloudtrail.csv:3997,fe:ixsmkg,2024-05-20 07:09:15+00:00,0,0,0.12326117
synthetic_cloudtrail.csv:4000,fe:ixsmkg,2024-05-20 07:10:03+00:00,0,0,0.11661023
synthetic_cloudtrail.csv:8708,fe:iyhicm,2024-11-13 15:00:06+00:00,0,0,0.12575686
synthetic_cloudtrail.csv:8709,fe:iyhicm,2024-11-13 15:01:44+00:00,0,0,0.123433694
synthetic_cloudtrail.csv:8710,fe:iyhicm,2024-11-13 15:03:02+00:00,0,0,0.1277952
synthetic_cloudtrail.csv:8711,fe:iyhicm,2024-11-13 15:04:15+00:00,0,0,0.12827455
synthetic_cloudtrail.csv:8712,fe:iyhicm,2024-11-13 15:06:05+00:00,0,0,0.13459945
synthetic_cloudtrail.csv:8713,fe:iyhicm,2024-11-13 15:06:59+00:00,0,0,0.13805084
synthetic_cloudtrail.csv:8714,fe:iyhicm,2024-11-13 15:08:35+00:00,0,0,0.15783902
synthetic_cloudtrail.csv:8715,fe:iyhicm,2024-11-13 15:10:04+00:00,0,0,0.2803298
synthetic_cloudtrail.csv:8716,fe:iyhicm,2024-11-13 15:12:01+00:00,0,0,0.15960354
synthetic_cloudtrail.csv:8717,fe:iyhicm,2024-11-13 15:13:59+00:00,0,0,0.10940646
synthetic_cloudtrail.csv:8718,fe:iyhicm,2024-11-13 15:15:56+00:00,0,0,0.112524696
synthetic_cloudtrail.csv:8719,fe:iyhicm,2024-11-13 15:17:00+00:00,0,0,0.11805464
synthetic_cloudtrail.csv:8720,fe:iyhicm,2024-11-13 15:18:28+00:00,0,0,0.12764107
synthetic_cloudtrail.csv:8721,fe:iyhicm,2024-11-13 15:19:53+00:00,0,0,0.13964254
synthetic_cloudtrail.csv:8722,fe:iyhicm,2024-11-13 15:21:32+00:00,0,0,0.11565999
synthetic_cloudtrail.csv:8723,fe:iyhicm,2024-11-13 15:22:18+00:00,0,0,0.12822597
synthetic_cloudtrail.csv:8724,fe:iyhicm,2024-11-13 15:24:07+00:00,0,0,0.18074487
synthetic_cloudtrail.csv:2586,fe:iyvhxtamii,2024-04-04 09:00:03+00:00,0,0,0.12198728
synthetic_cloudtrail.csv:2587,fe:iyvhxtamii,2024-04-04 09:00:08+00:00,0,0,0.12630466
synthetic_cloudtrail.csv:2588,fe:iyvhxtamii,2024-04-04 09:00:15+00:00,0,0,0.13766545
synthetic_cloudtrail.csv:2589,fe:iyvhxtamii,2024-04-04 09:00:31+00:00,0,0,0.11922462
synthetic_cloudtrail.csv:2590,fe:iyvhxtamii,2024-04-04 09:00:52+00:00,0,0,0.15700117
synthetic_cloudtrail.csv:2591,fe:iyvhxtamii,2024-04-04 09:01:04+00:00,0,0,0.120988294
synthetic_cloudtrail.csv:2592,fe:iyvhxtamii,2024-04-04 09:01:10+00:00,1,1,0.9952744
synthetic_cloudtrail.csv:2593,fe:iyvhxtamii,2024-04-04 09:01:43+00:00,1,1,0.9948809
synthetic_cloudtrail.csv:2594,fe:iyvhxtamii,2024-04-04 09:01:56+00:00,1,1,0.9743658
synthetic_cloudtrail.csv:2595,fe:iyvhxtamii,2024-04-04 09:02:32+00:00,1,0,0.9753607
synthetic_cloudtrail.csv:2596,fe:iyvhxtamii,2024-04-04 09:03:39+00:00,0,0,0.12265074
synthetic_cloudtrail.csv:2597,fe:iyvhxtamii,2024-04-04 09:05:08+00:00,0,0,0.109677926
synthetic_cloudtrail.csv:4659,fe:izvxcyws,2024-06-10 12:09:44+00:00,0,0,0.19903326
synthetic_cloudtrail.csv:4660,fe:izvxcyws,2024-06-10 12:17:43+00:00,0,0,0.16583651
synthetic_cloudtrail.csv:4661,fe:izvxcyws,2024-06-10 12:31:47+00:00,0,0,0.14235239
synthetic_cloudtrail.csv:4662,fe:izvxcyws,2024-06-10 12:46:20+00:00,0,0,0.13543718
synthetic_cloudtrail.csv:4663,fe:izvxcyws,2024-06-10 12:50:13+00:00,0,0,0.19321223
synthetic_cloudtrail.csv:1678,fe:jbvxdo,2024-02-26 10:01:33+00:00,0,0,0.13895607
synthetic_cloudtrail.csv:1679,fe:jbvxdo,2024-02-26 10:01:54+00:00,0,0,0.10980264
synthetic_cloudtrail.csv:1680,fe:jbvxdo,2024-02-26 10:02:44+00:00,0,0,0.13774282
synthetic_cloudtrail.csv:1681,fe:jbvxdo,2024-02-26 10:04:20+00:00,0,0,0.13346846
synthetic_cloudtrail.csv:1682,fe:jbvxdo,2024-02-26 10:05:30+00:00,0,0,0.11177819
synthetic_cloudtrail.csv:1683,fe:jbvxdo,2024-02-26 10:07:01+00:00,0,0,0.12156402
synthetic_cloudtrail.csv:1684,fe:jbvxdo,2024-02-26 10:07:43+00:00,0,0,0.13731468
synthetic_cloudtrail.csv:1685,fe:jbvxdo,2024-02-26 10:08:18+00:00,0,0,0.14347345
synthetic_cloudtrail.csv:1686,fe:jbvxdo,2024-02-26 10:08:51+00:00,0,0,0.11430827
synthetic_cloudtrail.csv:1687,fe:jbvxdo,2024-02-26 10:08:57+00:00,0,0,0.1310522
synthetic_cloudtrail.csv:1688,fe:jbvxdo,2024-02-26 10:10:42+00:00,0,0,0.116332114
synthetic_cloudtrail.csv:1689,fe:jbvxdo,2024-02-26 10:12:33+00:00,0,0,0.12182718
synthetic_cloudtrail.csv:1690,fe:jbvxdo,2024-02-26 10:12:59+00:00,0,0,0.13118708
synthetic_cloudtrail.csv:9947,fe:jdfqcjlu,2024-12-25 08:00:19+00:00,0,0,0.118571855
synthetic_cloudtrail.csv:9948,fe:jdfqcjlu,2024-12-25 08:00:34+00:00,0,0,0.120317236
synthetic_cloudtrail.csv:9949,fe:jdfqcjlu,2024-12-25 08:00:58+00:00,0,0,0.12857617
synthetic_cloudtrail.csv:9950,fe:jdfqcjlu,2024-12-25 08:01:21+00:00,0,0,0.1379155
synthetic_cloudtrail.csv:9951,fe:jdfqcjlu,2024-12-25 08:01:50+00:00,0,0,0.12515755
synthetic_cloudtrail.csv:9952,fe:jdfqcjlu,2024-12-25 08:02:14+00:00,0,0,0.16803892
synthetic_cloudtrail.csv:9953,fe:jdfqcjlu,2024-12-25 08:03:12+00:00,1,1,0.9943423
synthetic_cloudtrail.csv:9954,fe:jdfqcjlu,2024-12-25 08:03:47+00:00,1,1,0.9940823
synthetic_cloudtrail.csv:9955,fe:jdfqcjlu,2024-12-25 08:04:49+00:00,0,0,0.13023426
synthetic_cloudtrail.csv:9956,fe:jdfqcjlu,2024-12-25 08:05:14+00:00,0,0,0.13791837
synthetic_cloudtrail.csv:9957,fe:jdfqcjlu,2024-12-25 08:05:58+00:00,0,0,0.1517114
synthetic_cloudtrail.csv:9958,fe:jdfqcjlu,2024-12-25 08:06:38+00:00,0,0,0.13551491
synthetic_cloudtrail.csv:646,fe:jgepii,2024-01-20 15:01:23+00:00,0,0,0.77175635
synthetic_cloudtrail.csv:647,fe:jgepii,2024-01-20 15:01:33+00:00,0,0,0.13044561
synthetic_cloudtrail.csv:649,fe:jgepii,2024-01-20 15:01:48+00:00,0,0,0.14479569
synthetic_cloudtrail.csv:650,fe:jgepii,2024-01-20 15:02:08+00:00,0,0,0.13852598
synthetic_cloudtrail.csv:651,fe:jgepii,2024-01-20 15:02:43+00:00,0,0,0.13899368
synthetic_cloudtrail.csv:652,fe:jgepii,2024-01-20 15:02:54+00:00,0,0,0.27542436
synthetic_cloudtrail.csv:653,fe:jgepii,2024-01-20 15:03:34+00:00,0,0,0.14241812
synthetic_cloudtrail.csv:655,fe:jgepii,2024-01-20 15:04:38+00:00,0,0,0.12408043
synthetic_cloudtrail.csv:658,fe:jgepii,2024-01-20 15:05:23+00:00,0,0,0.12902488
synthetic_cloudtrail.csv:4200,fe:jgworw,2024-05-26 09:00:27+00:00,0,0,0.16423756
synthetic_cloudtrail.csv:4201,fe:jgworw,2024-05-26 09:01:03+00:00,0,0,0.109456584
synthetic_cloudtrail.csv:4202,fe:jgworw,2024-05-26 09:01:54+00:00,0,0,0.12416792
synthetic_cloudtrail.csv:4203,fe:jgworw,2024-05-26 09:02:43+00:00,0,0,0.12702058
synthetic_cloudtrail.csv:4204,fe:jgworw,2024-05-26 09:03:23+00:00,0,0,0.1258586
synthetic_cloudtrail.csv:4205,fe:jgworw,2024-05-26 09:04:18+00:00,0,0,0.118211634
synthetic_cloudtrail.csv:4206,fe:jgworw,2024-05-26 09:04:29+00:00,0,0,0.1327122
synthetic_cloudtrail.csv:4207,fe:jgworw,2024-05-26 09:04:41+00:00,0,0,0.13136756
synthetic_cloudtrail.csv:4208,fe:jgworw,2024-05-26 09:05:42+00:00,0,0,0.13840795
synthetic_cloudtrail.csv:4209,fe:jgworw,2024-05-26 09:06:58+00:00,0,0,0.12905729
synthetic_cloudtrail.csv:4210,fe:jgworw,2024-05-26 09:08:48+00:00,0,0,0.1226039
synthetic_cloudtrail.csv:6263,fe:jhwjjge,2024-08-11 11:00:03+00:00,0,0,0.13218856
synthetic_cloudtrail.csv:6264,fe:jhwjjge,2024-08-11 11:00:25+00:00,0,0,0.11977043
synthetic_cloudtrail.csv:6265,fe:jhwjjge,2024-08-11 11:00:39+00:00,0,0,0.121009246
synthetic_cloudtrail.csv:6266,fe:jhwjjge,2024-08-11 11:00:43+00:00,0,0,0.119052164
synthetic_cloudtrail.csv:6267,fe:jhwjjge,2024-08-11 11:01:03+00:00,0,0,0.122544035
synthetic_cloudtrail.csv:6268,fe:jhwjjge,2024-08-11 11:01:19+00:00,0,0,0.11666201
synthetic_cloudtrail.csv:6269,fe:jhwjjge,2024-08-11 11:01:22+00:00,0,0,0.15140396
synthetic_cloudtrail.csv:6270,fe:jhwjjge,2024-08-11 11:01:27+00:00,0,0,0.12032038
synthetic_cloudtrail.csv:6271,fe:jhwjjge,2024-08-11 11:01:37+00:00,1,1,0.9958461
synthetic_cloudtrail.csv:6272,fe:jhwjjge,2024-08-11 11:01:54+00:00,1,1,0.99525225
synthetic_cloudtrail.csv:6273,fe:jhwjjge,2024-08-11 11:02:40+00:00,1,1,0.9868966
synthetic_cloudtrail.csv:6274,fe:jhwjjge,2024-08-11 11:03:32+00:00,0,0,0.12233476
synthetic_cloudtrail.csv:6275,fe:jhwjjge,2024-08-11 11:04:13+00:00,0,0,0.14375547
synthetic_cloudtrail.csv:6276,fe:jhwjjge,2024-08-11 11:04:37+00:00,0,0,0.118753046
synthetic_cloudtrail.csv:198,fe:jivjoxbwvndq,2024-01-09 07:00:09+00:00,0,0,0.12727997
synthetic_cloudtrail.csv:199,fe:jivjoxbwvndq,2024-01-09 07:00:17+00:00,0,0,0.13174033
synthetic_cloudtrail.csv:200,fe:jivjoxbwvndq,2024-01-09 07:00:45+00:00,0,0,0.14805304
synthetic_cloudtrail.csv:201,fe:jivjoxbwvndq,2024-01-09 07:01:14+00:00,0,0,0.13816589
synthetic_cloudtrail.csv:202,fe:jivjoxbwvndq,2024-01-09 07:01:30+00:00,0,0,0.13676992
synthetic_cloudtrail.csv:203,fe:jivjoxbwvndq,2024-01-09 07:01:49+00:00,1,1,0.9936614
synthetic_cloudtrail.csv:204,fe:jivjoxbwvndq,2024-01-09 07:02:27+00:00,1,1,0.9953453
synthetic_cloudtrail.csv:205,fe:jivjoxbwvndq,2024-01-09 07:03:24+00:00,1,1,0.9933193
synthetic_cloudtrail.csv:7978,fe:jjbib,2024-10-16 11:00:29+00:00,0,0,0.15139812
synthetic_cloudtrail.csv:7979,fe:jjbib,2024-10-16 11:00:59+00:00,0,0,0.13057443
synthetic_cloudtrail.csv:7980,fe:jjbib,2024-10-16 11:01:27+00:00,0,0,0.12564103
synthetic_cloudtrail.csv:7981,fe:jjbib,2024-10-16 11:01:38+00:00,0,0,0.13852267
synthetic_cloudtrail.csv:7982,fe:jjbib,2024-10-16 11:01:43+00:00,0,0,0.12764917
synthetic_cloudtrail.csv:7983,fe:jjbib,2024-10-16 11:01:57+00:00,0,0,0.14146583
synthetic_cloudtrail.csv:7984,fe:jjbib,2024-10-16 11:02:09+00:00,0,0,0.16339637
synthetic_cloudtrail.csv:7985,fe:jjbib,2024-10-16 11:02:38+00:00,0,0,0.13156515
synthetic_cloudtrail.csv:7986,fe:jjbib,2024-10-16 11:03:12+00:00,1,1,0.9956665
synthetic_cloudtrail.csv:7987,fe:jjbib,2024-10-16 11:03:20+00:00,1,1,0.9965245
synthetic_cloudtrail.csv:7989,fe:jjbib,2024-10-16 11:03:34+00:00,0,0,0.16786842
synthetic_cloudtrail.csv:7990,fe:jjbib,2024-10-16 11:04:28+00:00,0,0,0.13320772
synthetic_cloudtrail.csv:8212,fe:jlrduh,2024-10-21 17:00:53+00:00,0,0,0.1491978
synthetic_cloudtrail.csv:8213,fe:jlrduh,2024-10-21 17:01:13+00:00,0,0,0.109131105
synthetic_cloudtrail.csv:8214,fe:jlrduh,2024-10-21 17:01:20+00:00,0,0,0.11428792
synthetic_cloudtrail.csv:8215,fe:jlrduh,2024-10-21 17:01:50+00:00,0,0,0.11380335
synthetic_cloudtrail.csv:8216,fe:jlrduh,2024-10-21 17:02:42+00:00,0,0,0.11466411
synthetic_cloudtrail.csv:8217,fe:jlrduh,2024-10-21 17:03:54+00:00,0,0,0.108234696
synthetic_cloudtrail.csv:8218,fe:jlrduh,2024-10-21 17:05:00+00:00,0,0,0.1207181
synthetic_cloudtrail.csv:8219,fe:jlrduh,2024-10-21 17:05:07+00:00,0,0,0.121245466
synthetic_cloudtrail.csv:8220,fe:jlrduh,2024-10-21 17:05:39+00:00,0,0,0.11895105
synthetic_cloudtrail.csv:8221,fe:jlrduh,2024-10-21 17:07:32+00:00,0,0,0.109861866
synthetic_cloudtrail.csv:8222,fe:jlrduh,2024-10-21 17:08:30+00:00,0,0,0.12204179
synthetic_cloudtrail.csv:8223,fe:jlrduh,2024-10-21 17:08:37+00:00,0,0,0.13827893
synthetic_cloudtrail.csv:8224,fe:jlrduh,2024-10-21 17:10:20+00:00,0,0,0.11921844
synthetic_cloudtrail.csv:8225,fe:jlrduh,2024-10-21 17:11:57+00:00,0,0,0.14340729
synthetic_cloudtrail.csv:8226,fe:jlrduh,2024-10-21 17:13:10+00:00,0,0,0.12568477
synthetic_cloudtrail.csv:8227,fe:jlrduh,2024-10-21 17:13:43+00:00,0,0,0.13163753
synthetic_cloudtrail.csv:756,fe:jlytdk,2024-01-24 11:00:56+00:00,0,0,0.12793916
synthetic_cloudtrail.csv:757,fe:jlytdk,2024-01-24 11:01:07+00:00,0,0,0.26207623
synthetic_cloudtrail.csv:758,fe:jlytdk,2024-01-24 11:01:25+00:00,0,0,0.12264289
synthetic_cloudtrail.csv:759,fe:jlytdk,2024-01-24 11:03:08+00:00,0,0,0.122476704
synthetic_cloudtrail.csv:760,fe:jlytdk,2024-01-24 11:03:15+00:00,0,0,0.11959765
synthetic_cloudtrail.csv:761,fe:jlytdk,2024-01-24 11:04:36+00:00,0,0,0.12177592
synthetic_cloudtrail.csv:762,fe:jlytdk,2024-01-24 11:04:45+00:00,0,0,0.12358381
synthetic_cloudtrail.csv:763,fe:jlytdk,2024-01-24 11:05:01+00:00,0,0,0.13243493
synthetic_cloudtrail.csv:764,fe:jlytdk,2024-01-24 11:05:33+00:00,0,0,0.13035516
synthetic_cloudtrail.csv:765,fe:jlytdk,2024-01-24 11:06:56+00:00,0,0,0.12298376
synthetic_cloudtrail.csv:766,fe:jlytdk,2024-01-24 11:07:21+00:00,0,0,0.13668466
synthetic_cloudtrail.csv:767,fe:jlytdk,2024-01-24 11:07:39+00:00,0,0,0.13153039
synthetic_cloudtrail.csv:768,fe:jlytdk,2024-01-24 11:07:46+00:00,0,0,0.11836198
synthetic_cloudtrail.csv:769,fe:jlytdk,2024-01-24 11:08:18+00:00,0,0,0.12533565
synthetic_cloudtrail.csv:770,fe:jlytdk,2024-01-24 11:09:45+00:00,0,0,0.11029884
synthetic_cloudtrail.csv:771,fe:jlytdk,2024-01-24 11:11:09+00:00,0,0,0.110589996
synthetic_cloudtrail.csv:772,fe:jlytdk,2024-01-24 11:13:03+00:00,0,0,0.12942737
synthetic_cloudtrail.csv:773,fe:jlytdk,2024-01-24 11:14:13+00:00,0,0,0.12956694
synthetic_cloudtrail.csv:774,fe:jlytdk,2024-01-24 11:14:22+00:00,0,0,0.1233792
synthetic_cloudtrail.csv:8769,fe:jnttmq,2024-11-15 09:00:36+00:00,0,0,0.13599089
synthetic_cloudtrail.csv:8770,fe:jnttmq,2024-11-15 09:01:49+00:00,0,0,0.13772658
synthetic_cloudtrail.csv:8771,fe:jnttmq,2024-11-15 09:03:07+00:00,0,0,0.11367661
synthetic_cloudtrail.csv:8772,fe:jnttmq,2024-11-15 09:03:31+00:00,0,0,0.11639621
synthetic_cloudtrail.csv:8773,fe:jnttmq,2024-11-15 09:03:37+00:00,0,0,0.13298887
synthetic_cloudtrail.csv:8774,fe:jnttmq,2024-11-15 09:03:56+00:00,0,0,0.16337909
synthetic_cloudtrail.csv:8775,fe:jnttmq,2024-11-15 09:05:37+00:00,0,0,0.11427757
synthetic_cloudtrail.csv:8776,fe:jnttmq,2024-11-15 09:06:12+00:00,0,0,0.11692989
synthetic_cloudtrail.csv:8777,fe:jnttmq,2024-11-15 09:07:37+00:00,0,0,0.24451274
synthetic_cloudtrail.csv:8778,fe:jnttmq,2024-11-15 09:08:41+00:00,0,0,0.23893826
synthetic_cloudtrail.csv:8779,fe:jnttmq,2024-11-15 09:08:53+00:00,0,0,0.13373625
synthetic_cloudtrail.csv:8780,fe:jnttmq,2024-11-15 09:09:37+00:00,0,0,0.111348175
synthetic_cloudtrail.csv:8781,fe:jnttmq,2024-11-15 09:11:36+00:00,0,0,0.12702557
synthetic_cloudtrail.csv:8782,fe:jnttmq,2024-11-15 09:12:50+00:00,0,0,0.11078558
synthetic_cloudtrail.csv:8783,fe:jnttmq,2024-11-15 09:13:14+00:00,0,0,0.13328141
synthetic_cloudtrail.csv:8784,fe:jnttmq,2024-11-15 09:13:34+00:00,0,0,0.117176995
synthetic_cloudtrail.csv:8785,fe:jnttmq,2024-11-15 09:13:47+00:00,0,0,0.097257935
synthetic_cloudtrail.csv:8786,fe:jnttmq,2024-11-15 09:15:33+00:00,0,0,0.114943944
synthetic_cloudtrail.csv:2622,fe:jppbhk,2024-04-05 14:01:43+00:00,0,0,0.13095008
synthetic_cloudtrail.csv:2623,fe:jppbhk,2024-04-05 14:02:44+00:00,0,0,0.11343713
synthetic_cloudtrail.csv:2624,fe:jppbhk,2024-04-05 14:04:06+00:00,0,0,0.18439625
synthetic_cloudtrail.csv:2625,fe:jppbhk,2024-04-05 14:04:36+00:00,0,0,0.111177884
synthetic_cloudtrail.csv:2626,fe:jppbhk,2024-04-05 14:05:57+00:00,0,0,0.14032573
synthetic_cloudtrail.csv:2627,fe:jppbhk,2024-04-05 14:06:37+00:00,0,0,0.11751916
synthetic_cloudtrail.csv:2628,fe:jppbhk,2024-04-05 14:06:54+00:00,0,0,0.1166657
synthetic_cloudtrail.csv:2629,fe:jppbhk,2024-04-05 14:08:32+00:00,0,0,0.12242073
synthetic_cloudtrail.csv:2630,fe:jppbhk,2024-04-05 14:09:01+00:00,0,0,0.114454955
synthetic_cloudtrail.csv:2631,fe:jppbhk,2024-04-05 14:10:45+00:00,0,0,0.14289853
synthetic_cloudtrail.csv:2632,fe:jppbhk,2024-04-05 14:11:55+00:00,0,0,0.15142208
synthetic_cloudtrail.csv:2784,fe:jsdadfvyrpe,2024-04-11 07:00:08+00:00,0,0,0.15208681
synthetic_cloudtrail.csv:2785,fe:jsdadfvyrpe,2024-04-11 07:00:25+00:00,0,0,0.120240636
synthetic_cloudtrail.csv:2786,fe:jsdadfvyrpe,2024-04-11 07:00:52+00:00,0,0,0.12042765
synthetic_cloudtrail.csv:2787,fe:jsdadfvyrpe,2024-04-11 07:01:09+00:00,0,0,0.15466084
synthetic_cloudtrail.csv:2788,fe:jsdadfvyrpe,2024-04-11 07:01:15+00:00,1,1,0.9949733
synthetic_cloudtrail.csv:2789,fe:jsdadfvyrpe,2024-04-11 07:02:31+00:00,0,0,0.39028847
synthetic_cloudtrail.csv:2790,fe:jsdadfvyrpe,2024-04-11 07:03:38+00:00,0,0,0.12424552
synthetic_cloudtrail.csv:141,fe:jshqcb,2024-01-08 07:01:03+00:00,0,0,0.11557664
synthetic_cloudtrail.csv:142,fe:jshqcb,2024-01-08 07:01:40+00:00,0,0,0.15074176
synthetic_cloudtrail.csv:143,fe:jshqcb,2024-01-08 07:01:59+00:00,0,0,0.12071257
synthetic_cloudtrail.csv:144,fe:jshqcb,2024-01-08 07:03:45+00:00,0,0,0.12282865
synthetic_cloudtrail.csv:145,fe:jshqcb,2024-01-08 07:04:07+00:00,0,0,0.12528913
synthetic_cloudtrail.csv:146,fe:jshqcb,2024-01-08 07:05:30+00:00,0,0,0.16747062
synthetic_cloudtrail.csv:147,fe:jshqcb,2024-01-08 07:06:35+00:00,0,0,0.12805419
synthetic_cloudtrail.csv:148,fe:jshqcb,2024-01-08 07:08:22+00:00,0,0,0.14718309
synthetic_cloudtrail.csv:149,fe:jshqcb,2024-01-08 07:10:18+00:00,0,0,0.13262779
synthetic_cloudtrail.csv:150,fe:jshqcb,2024-01-08 07:10:53+00:00,0,0,0.11753397
synthetic_cloudtrail.csv:151,fe:jshqcb,2024-01-08 07:12:23+00:00,0,0,0.11923175
synthetic_cloudtrail.csv:152,fe:jshqcb,2024-01-08 07:12:46+00:00,0,0,0.12357397
synthetic_cloudtrail.csv:153,fe:jshqcb,2024-01-08 07:13:31+00:00,0,0,0.12093853
synthetic_cloudtrail.csv:154,fe:jshqcb,2024-01-08 07:14:57+00:00,0,0,0.14631307
synthetic_cloudtrail.csv:155,fe:jshqcb,2024-01-08 07:15:17+00:00,0,0,0.115557
synthetic_cloudtrail.csv:156,fe:jshqcb,2024-01-08 07:17:11+00:00,0,0,0.12677795
synthetic_cloudtrail.csv:157,fe:jshqcb,2024-01-08 07:18:59+00:00,0,0,0.11879078
synthetic_cloudtrail.csv:158,fe:jshqcb,2024-01-08 07:20:52+00:00,0,0,0.12036907
synthetic_cloudtrail.csv:159,fe:jshqcb,2024-01-08 07:21:53+00:00,0,0,0.12255488
synthetic_cloudtrail.csv:2520,fe:jsmgeb,2024-03-28 18:01:33+00:00,0,0,0.1109018
synthetic_cloudtrail.csv:2521,fe:jsmgeb,2024-03-28 18:02:28+00:00,0,0,0.11718725
synthetic_cloudtrail.csv:2522,fe:jsmgeb,2024-03-28 18:02:58+00:00,0,0,0.2615761
synthetic_cloudtrail.csv:2523,fe:jsmgeb,2024-03-28 18:03:06+00:00,0,0,0.12187671
synthetic_cloudtrail.csv:2524,fe:jsmgeb,2024-03-28 18:04:06+00:00,0,0,0.117109254
synthetic_cloudtrail.csv:2525,fe:jsmgeb,2024-03-28 18:05:51+00:00,0,0,0.12837839
synthetic_cloudtrail.csv:2526,fe:jsmgeb,2024-03-28 18:06:00+00:00,0,0,0.13941397
synthetic_cloudtrail.csv:2527,fe:jsmgeb,2024-03-28 18:07:39+00:00,0,0,0.11352348
synthetic_cloudtrail.csv:2528,fe:jsmgeb,2024-03-28 18:09:33+00:00,0,0,0.13339317
synthetic_cloudtrail.csv:2529,fe:jsmgeb,2024-03-28 18:11:23+00:00,0,0,0.11679878
synthetic_cloudtrail.csv:2530,fe:jsmgeb,2024-03-28 18:11:46+00:00,0,0,0.11355238
synthetic_cloudtrail.csv:2531,fe:jsmgeb,2024-03-28 18:12:31+00:00,0,0,0.115854226
synthetic_cloudtrail.csv:2532,fe:jsmgeb,2024-03-28 18:14:01+00:00,0,0,0.117678665
synthetic_cloudtrail.csv:7629,fe:juukey,2024-10-05 11:01:23+00:00,0,0,0.14000498
synthetic_cloudtrail.csv:7630,fe:juukey,2024-10-05 11:02:07+00:00,0,0,0.11114924
synthetic_cloudtrail.csv:7631,fe:juukey,2024-10-05 11:03:04+00:00,0,0,0.117956944
synthetic_cloudtrail.csv:7632,fe:juukey,2024-10-05 11:04:57+00:00,0,0,0.12122742
synthetic_cloudtrail.csv:7633,fe:juukey,2024-10-05 11:06:54+00:00,0,0,0.11690491
synthetic_cloudtrail.csv:7634,fe:juukey,2024-10-05 11:07:25+00:00,0,0,0.13234295
synthetic_cloudtrail.csv:7635,fe:juukey,2024-10-05 11:09:14+00:00,0,0,0.120415196
synthetic_cloudtrail.csv:7636,fe:juukey,2024-10-05 11:10:07+00:00,0,0,0.121873155
synthetic_cloudtrail.csv:7637,fe:juukey,2024-10-05 11:10:26+00:00,0,0,0.10890213
synthetic_cloudtrail.csv:7638,fe:juukey,2024-10-05 11:11:19+00:00,0,0,0.1079062
synthetic_cloudtrail.csv:7639,fe:juukey,2024-10-05 11:11:53+00:00,0,0,0.13151652
synthetic_cloudtrail.csv:4621,fe:juutxiwx,2024-06-09 10:00:30+00:00,0,0,0.14286096
synthetic_cloudtrail.csv:4622,fe:juutxiwx,2024-06-09 10:01:00+00:00,0,0,0.14708471
synthetic_cloudtrail.csv:4623,fe:juutxiwx,2024-06-09 10:01:09+00:00,0,0,0.14896663
synthetic_cloudtrail.csv:4624,fe:juutxiwx,2024-06-09 10:01:31+00:00,0,0,0.14351746
synthetic_cloudtrail.csv:4625,fe:juutxiwx,2024-06-09 10:01:45+00:00,0,0,0.14302096
synthetic_cloudtrail.csv:4626,fe:juutxiwx,2024-06-09 10:02:05+00:00,0,0,0.13487576
synthetic_cloudtrail.csv:4627,fe:juutxiwx,2024-06-09 10:02:33+00:00,1,1,0.9945621
synthetic_cloudtrail.csv:4628,fe:juutxiwx,2024-06-09 10:03:05+00:00,0,0,0.15204652
synthetic_cloudtrail.csv:4629,fe:juutxiwx,2024-06-09 10:03:17+00:00,0,0,0.13449667
synthetic_cloudtrail.csv:4630,fe:juutxiwx,2024-06-09 10:04:37+00:00,0,0,0.14154075
synthetic_cloudtrail.csv:4631,fe:juutxiwx,2024-06-09 10:05:16+00:00,0,0,0.13889454
synthetic_cloudtrail.csv:3646,fe:jyyzznufkc,2024-05-08 10:05:01+00:00,0,0,0.1847675
synthetic_cloudtrail.csv:3647,fe:jyyzznufkc,2024-05-08 10:08:43+00:00,0,0,0.24985465
synthetic_cloudtrail.csv:3648,fe:jyyzznufkc,2024-05-08 10:19:42+00:00,0,0,0.1899932
synthetic_cloudtrail.csv:1977,fe:kcxsvs,2024-03-08 07:00:50+00:00,0,0,0.1262835
synthetic_cloudtrail.csv:1978,fe:kcxsvs,2024-03-08 07:01:59+00:00,0,0,0.13554823
synthetic_cloudtrail.csv:1979,fe:kcxsvs,2024-03-08 07:02:10+00:00,0,0,0.1110211
synthetic_cloudtrail.csv:1980,fe:kcxsvs,2024-03-08 07:02:41+00:00,0,0,0.1346871
synthetic_cloudtrail.csv:1981,fe:kcxsvs,2024-03-08 07:03:31+00:00,0,0,0.11694479
synthetic_cloudtrail.csv:1982,fe:kcxsvs,2024-03-08 07:05:01+00:00,0,0,0.118194275
synthetic_cloudtrail.csv:1983,fe:kcxsvs,2024-03-08 07:06:28+00:00,0,0,0.11699975
synthetic_cloudtrail.csv:1984,fe:kcxsvs,2024-03-08 07:08:07+00:00,0,0,0.12169056
synthetic_cloudtrail.csv:1985,fe:kcxsvs,2024-03-08 07:08:46+00:00,0,0,0.11826382
synthetic_cloudtrail.csv:1986,fe:kcxsvs,2024-03-08 07:09:33+00:00,0,0,0.13714632
synthetic_cloudtrail.csv:1987,fe:kcxsvs,2024-03-08 07:11:04+00:00,0,0,0.101874374
synthetic_cloudtrail.csv:1988,fe:kcxsvs,2024-03-08 07:11:37+00:00,0,0,0.11795242
synthetic_cloudtrail.csv:1989,fe:kcxsvs,2024-03-08 07:12:31+00:00,0,0,0.116831355
synthetic_cloudtrail.csv:7445,fe:kdlz,2024-09-25 14:00:18+00:00,0,0,0.12846775
synthetic_cloudtrail.csv:7446,fe:kdlz,2024-09-25 14:00:26+00:00,0,0,0.106338784
synthetic_cloudtrail.csv:7447,fe:kdlz,2024-09-25 14:00:39+00:00,0,0,0.112637736
synthetic_cloudtrail.csv:7448,fe:kdlz,2024-09-25 14:00:52+00:00,0,0,0.1280661
synthetic_cloudtrail.csv:7449,fe:kdlz,2024-09-25 14:01:04+00:00,0,0,0.14702335
synthetic_cloudtrail.csv:7450,fe:kdlz,2024-09-25 14:01:09+00:00,0,0,0.1284724
synthetic_cloudtrail.csv:7451,fe:kdlz,2024-09-25 14:01:29+00:00,0,0,0.114608504
synthetic_cloudtrail.csv:7452,fe:kdlz,2024-09-25 14:01:43+00:00,0,0,0.120589346
synthetic_cloudtrail.csv:7453,fe:kdlz,2024-09-25 14:01:59+00:00,1,1,0.9958897
synthetic_cloudtrail.csv:7454,fe:kdlz,2024-09-25 14:02:07+00:00,1,1,0.9957912
synthetic_cloudtrail.csv:7455,fe:kdlz,2024-09-25 14:02:29+00:00,1,1,0.98871094
synthetic_cloudtrail.csv:7456,fe:kdlz,2024-09-25 14:02:48+00:00,0,0,0.10679093
synthetic_cloudtrail.csv:7457,fe:kdlz,2024-09-25 14:04:12+00:00,0,0,0.12735027
synthetic_cloudtrail.csv:7458,fe:kdlz,2024-09-25 14:05:24+00:00,0,0,0.118326835
synthetic_cloudtrail.csv:6596,fe:kfxoar,2024-08-25 10:01:14+00:00,0,0,0.14895213
synthetic_cloudtrail.csv:6597,fe:kfxoar,2024-08-25 10:02:48+00:00,0,0,0.12213725
synthetic_cloudtrail.csv:6598,fe:kfxoar,2024-08-25 10:04:23+00:00,0,0,0.1191294
synthetic_cloudtrail.csv:6599,fe:kfxoar,2024-08-25 10:05:35+00:00,0,0,0.14246383
synthetic_cloudtrail.csv:6600,fe:kfxoar,2024-08-25 10:06:37+00:00,0,0,0.14490621
synthetic_cloudtrail.csv:6601,fe:kfxoar,2024-08-25 10:07:55+00:00,0,0,0.11248287
synthetic_cloudtrail.csv:6602,fe:kfxoar,2024-08-25 10:08:47+00:00,0,0,0.12535733
synthetic_cloudtrail.csv:6603,fe:kfxoar,2024-08-25 10:09:11+00:00,0,0,0.11448806
synthetic_cloudtrail.csv:6604,fe:kfxoar,2024-08-25 10:09:46+00:00,0,0,0.11185323
synthetic_cloudtrail.csv:6605,fe:kfxoar,2024-08-25 10:10:05+00:00,0,0,0.2791792
synthetic_cloudtrail.csv:6606,fe:kfxoar,2024-08-25 10:10:43+00:00,0,0,0.10436749
synthetic_cloudtrail.csv:2255,fe:khxkuk,2024-03-19 13:00:12+00:00,0,0,0.13224308
synthetic_cloudtrail.csv:2256,fe:khxkuk,2024-03-19 13:00:30+00:00,0,0,0.12575528
synthetic_cloudtrail.csv:2257,fe:khxkuk,2024-03-19 13:02:08+00:00,0,0,0.2837941
synthetic_cloudtrail.csv:2258,fe:khxkuk,2024-03-19 13:03:08+00:00,0,0,0.14290155
synthetic_cloudtrail.csv:2259,fe:khxkuk,2024-03-19 13:04:51+00:00,0,0,0.14554311
synthetic_cloudtrail.csv:2260,fe:khxkuk,2024-03-19 13:05:44+00:00,0,0,0.13665086
synthetic_cloudtrail.csv:2261,fe:khxkuk,2024-03-19 13:07:34+00:00,0,0,0.11146105
synthetic_cloudtrail.csv:2262,fe:khxkuk,2024-03-19 13:08:38+00:00,0,0,0.11892941
synthetic_cloudtrail.csv:2263,fe:khxkuk,2024-03-19 13:10:13+00:00,0,0,0.11621329
synthetic_cloudtrail.csv:2264,fe:khxkuk,2024-03-19 13:11:53+00:00,0,0,0.11471574
synthetic_cloudtrail.csv:2265,fe:khxkuk,2024-03-19 13:13:46+00:00,0,0,0.11960287
synthetic_cloudtrail.csv:2266,fe:khxkuk,2024-03-19 13:15:44+00:00,0,0,0.12109767
synthetic_cloudtrail.csv:2267,fe:khxkuk,2024-03-19 13:16:29+00:00,0,0,0.13764656
synthetic_cloudtrail.csv:2268,fe:khxkuk,2024-03-19 13:17:00+00:00,0,0,0.12219707
synthetic_cloudtrail.csv:2269,fe:khxkuk,2024-03-19 13:17:49+00:00,0,0,0.11623895
synthetic_cloudtrail.csv:2270,fe:khxkuk,2024-03-19 13:17:58+00:00,0,0,0.14153285
synthetic_cloudtrail.csv:2271,fe:khxkuk,2024-03-19 13:18:57+00:00,0,0,0.11033937
synthetic_cloudtrail.csv:2272,fe:khxkuk,2024-03-19 13:19:55+00:00,0,0,0.11619756
synthetic_cloudtrail.csv:2273,fe:khxkuk,2024-03-19 13:21:51+00:00,0,0,0.12976545
synthetic_cloudtrail.csv:4847,fe:kipkar,2024-06-16 15:04:02+00:00,0,0,0.17582954
synthetic_cloudtrail.csv:4848,fe:kipkar,2024-06-16 15:09:27+00:00,0,0,0.1596957
synthetic_cloudtrail.csv:4849,fe:kipkar,2024-06-16 15:22:29+00:00,0,0,0.15699531
synthetic_cloudtrail.csv:4850,fe:kipkar,2024-06-16 15:36:23+00:00,0,0,0.17016411
synthetic_cloudtrail.csv:4851,fe:kipkar,2024-06-16 15:39:10+00:00,0,0,0.27550346
synthetic_cloudtrail.csv:4852,fe:kipkar,2024-06-16 15:53:19+00:00,0,0,0.13948794
synthetic_cloudtrail.csv:4953,fe:klrscl,2024-06-21 18:01:11+00:00,0,0,0.11903061
synthetic_cloudtrail.csv:4954,fe:klrscl,2024-06-21 18:01:17+00:00,0,0,0.11483741
synthetic_cloudtrail.csv:4955,fe:klrscl,2024-06-21 18:02:35+00:00,0,0,0.13129184
synthetic_cloudtrail.csv:4956,fe:klrscl,2024-06-21 18:03:27+00:00,0,0,0.12850797
synthetic_cloudtrail.csv:4957,fe:klrscl,2024-06-21 18:04:55+00:00,0,0,0.11613579
synthetic_cloudtrail.csv:4958,fe:klrscl,2024-06-21 18:06:24+00:00,0,0,0.13584287
synthetic_cloudtrail.csv:4959,fe:klrscl,2024-06-21 18:07:51+00:00,0,0,0.123582385
synthetic_cloudtrail.csv:4960,fe:klrscl,2024-06-21 18:08:40+00:00,0,0,0.11264016
synthetic_cloudtrail.csv:4961,fe:klrscl,2024-06-21 18:09:57+00:00,0,0,0.115822904
synthetic_cloudtrail.csv:4962,fe:klrscl,2024-06-21 18:10:28+00:00,0,0,0.11335574
synthetic_cloudtrail.csv:4963,fe:klrscl,2024-06-21 18:12:01+00:00,0,0,0.11784711
synthetic_cloudtrail.csv:4964,fe:klrscl,2024-06-21 18:12:39+00:00,0,0,0.10763643
synthetic_cloudtrail.csv:4965,fe:klrscl,2024-06-21 18:14:25+00:00,0,0,0.12008316
synthetic_cloudtrail.csv:4966,fe:klrscl,2024-06-21 18:15:08+00:00,0,0,0.11959405
synthetic_cloudtrail.csv:9943,fe:kmiuh,2024-12-24 13:06:29+00:00,0,0,0.15674695
synthetic_cloudtrail.csv:9944,fe:kmiuh,2024-12-24 13:09:07+00:00,0,0,0.14396521
synthetic_cloudtrail.csv:9945,fe:kmiuh,2024-12-24 13:19:51+00:00,0,0,0.16051313
synthetic_cloudtrail.csv:9946,fe:kmiuh,2024-12-24 13:30:02+00:00,0,0,0.17499246
synthetic_cloudtrail.csv:5376,fe:kmojsb,2024-07-07 13:01:22+00:00,0,0,0.14979118
synthetic_cloudtrail.csv:5377,fe:kmojsb,2024-07-07 13:01:31+00:00,0,0,0.1124686
synthetic_cloudtrail.csv:5378,fe:kmojsb,2024-07-07 13:01:53+00:00,0,0,0.118652895
synthetic_cloudtrail.csv:5379,fe:kmojsb,2024-07-07 13:03:03+00:00,0,0,0.1272499
synthetic_cloudtrail.csv:5380,fe:kmojsb,2024-07-07 13:04:11+00:00,0,0,0.20734315
synthetic_cloudtrail.csv:5381,fe:kmojsb,2024-07-07 13:04:55+00:00,0,0,0.13328165
synthetic_cloudtrail.csv:5382,fe:kmojsb,2024-07-07 13:06:18+00:00,0,0,0.1218398
synthetic_cloudtrail.csv:5383,fe:kmojsb,2024-07-07 13:07:20+00:00,0,0,0.10736827
synthetic_cloudtrail.csv:1910,fe:knrmtv,2024-03-05 10:00:49+00:00,0,0,0.1281259
synthetic_cloudtrail.csv:1911,fe:knrmtv,2024-03-05 10:01:08+00:00,0,0,0.13057737
synthetic_cloudtrail.csv:1912,fe:knrmtv,2024-03-05 10:01:51+00:00,0,0,0.14064181
synthetic_cloudtrail.csv:1913,fe:knrmtv,2024-03-05 10:02:10+00:00,0,0,0.13739568
synthetic_cloudtrail.csv:1914,fe:knrmtv,2024-03-05 10:02:59+00:00,0,0,0.14118898
synthetic_cloudtrail.csv:1915,fe:knrmtv,2024-03-05 10:04:12+00:00,0,0,0.13014424
synthetic_cloudtrail.csv:1916,fe:knrmtv,2024-03-05 10:05:29+00:00,0,0,0.12251803
synthetic_cloudtrail.csv:1917,fe:knrmtv,2024-03-05 10:06:27+00:00,0,0,0.11616165
synthetic_cloudtrail.csv:1918,fe:knrmtv,2024-03-05 10:07:09+00:00,0,0,0.12217452
synthetic_cloudtrail.csv:1243,fe:kopsmg,2024-02-11 19:02:00+00:00,0,0,0.14875211
synthetic_cloudtrail.csv:1244,fe:kopsmg,2024-02-11 19:03:17+00:00,0,0,0.24750635
synthetic_cloudtrail.csv:1245,fe:kopsmg,2024-02-11 19:03:57+00:00,0,0,0.13278112
synthetic_cloudtrail.csv:1246,fe:kopsmg,2024-02-11 19:05:16+00:00,0,0,0.15064451
synthetic_cloudtrail.csv:1247,fe:kopsmg,2024-02-11 19:07:05+00:00,0,0,0.23359746
synthetic_cloudtrail.csv:1248,fe:kopsmg,2024-02-11 19:07:20+00:00,0,0,0.12686598
synthetic_cloudtrail.csv:1249,fe:kopsmg,2024-02-11 19:08:25+00:00,0,0,0.14129452
synthetic_cloudtrail.csv:1250,fe:kopsmg,2024-02-11 19:09:03+00:00,0,0,0.11968838
synthetic_cloudtrail.csv:1251,fe:kopsmg,2024-02-11 19:10:22+00:00,0,0,0.1170114
synthetic_cloudtrail.csv:1252,fe:kopsmg,2024-02-11 19:11:40+00:00,0,0,0.15552607
synthetic_cloudtrail.csv:1253,fe:kopsmg,2024-02-11 19:13:39+00:00,0,0,0.12941962
synthetic_cloudtrail.csv:1254,fe:kopsmg,2024-02-11 19:14:37+00:00,0,0,0.11675526
synthetic_cloudtrail.csv:8195,fe:kpidcl,2024-10-21 09:00:52+00:00,0,0,0.14281599
synthetic_cloudtrail.csv:8196,fe:kpidcl,2024-10-21 09:02:33+00:00,0,0,0.22631256
synthetic_cloudtrail.csv:8197,fe:kpidcl,2024-10-21 09:03:06+00:00,0,0,0.14128329
synthetic_cloudtrail.csv:8198,fe:kpidcl,2024-10-21 09:03:28+00:00,0,0,0.12794656
synthetic_cloudtrail.csv:8199,fe:kpidcl,2024-10-21 09:03:43+00:00,0,0,0.14262186
synthetic_cloudtrail.csv:8200,fe:kpidcl,2024-10-21 09:05:14+00:00,0,0,0.14613113
synthetic_cloudtrail.csv:8201,fe:kpidcl,2024-10-21 09:06:21+00:00,0,0,0.13557775
synthetic_cloudtrail.csv:8202,fe:kpidcl,2024-10-21 09:08:05+00:00,0,0,0.10727092
synthetic_cloudtrail.csv:8203,fe:kpidcl,2024-10-21 09:09:47+00:00,0,0,0.12531348
synthetic_cloudtrail.csv:8204,fe:kpidcl,2024-10-21 09:10:22+00:00,0,0,0.11127931
synthetic_cloudtrail.csv:8205,fe:kpidcl,2024-10-21 09:11:29+00:00,0,0,0.1211837
synthetic_cloudtrail.csv:8206,fe:kpidcl,2024-10-21 09:12:05+00:00,0,0,0.117716596
synthetic_cloudtrail.csv:8207,fe:kpidcl,2024-10-21 09:13:03+00:00,0,0,0.1161361
synthetic_cloudtrail.csv:8208,fe:kpidcl,2024-10-21 09:14:05+00:00,0,0,0.12910588
synthetic_cloudtrail.csv:8209,fe:kpidcl,2024-10-21 09:15:43+00:00,0,0,0.22390388
synthetic_cloudtrail.csv:8210,fe:kpidcl,2024-10-21 09:17:32+00:00,0,0,0.12737316
synthetic_cloudtrail.csv:8211,fe:kpidcl,2024-10-21 09:18:11+00:00,0,0,0.13345957
synthetic_cloudtrail.csv:5720,fe:kpylxrpwap,2024-07-20 09:00:20+00:00,0,0,0.13335727
synthetic_cloudtrail.csv:5721,fe:kpylxrpwap,2024-07-20 09:00:39+00:00,0,0,0.14813766
synthetic_cloudtrail.csv:5722,fe:kpylxrpwap,2024-07-20 09:00:51+00:00,0,0,0.144499
synthetic_cloudtrail.csv:5723,fe:kpylxrpwap,2024-07-20 09:01:04+00:00,0,0,0.13432187
synthetic_cloudtrail.csv:5724,fe:kpylxrpwap,2024-07-20 09:01:19+00:00,0,0,0.13499375
synthetic_cloudtrail.csv:5725,fe:kpylxrpwap,2024-07-20 09:01:49+00:00,0,0,0.14597607
synthetic_cloudtrail.csv:5726,fe:kpylxrpwap,2024-07-20 09:02:11+00:00,1,1,0.99498206
synthetic_cloudtrail.csv:5727,fe:kpylxrpwap,2024-07-20 09:03:06+00:00,1,1,0.99401736
synthetic_cloudtrail.csv:5728,fe:kpylxrpwap,2024-07-20 09:03:28+00:00,1,1,0.9885057
synthetic_cloudtrail.csv:5729,fe:kpylxrpwap,2024-07-20 09:04:36+00:00,0,0,0.12235919
synthetic_cloudtrail.csv:5730,fe:kpylxrpwap,2024-07-20 09:05:39+00:00,0,0,0.15043485
synthetic_cloudtrail.csv:5731,fe:kpylxrpwap,2024-07-20 09:07:08+00:00,0,0,0.13863422
synthetic_cloudtrail.csv:2901,fe:kqdye,2024-04-13 09:00:24+00:00,0,0,0.13280955
synthetic_cloudtrail.csv:2903,fe:kqdye,2024-04-13 09:00:38+00:00,0,0,0.12043944
synthetic_cloudtrail.csv:2904,fe:kqdye,2024-04-13 09:00:42+00:00,0,0,0.13327849
synthetic_cloudtrail.csv:2905,fe:kqdye,2024-04-13 09:00:45+00:00,0,0,0.13575983
synthetic_cloudtrail.csv:2906,fe:kqdye,2024-04-13 09:01:07+00:00,0,0,0.13640536
synthetic_cloudtrail.csv:2907,fe:kqdye,2024-04-13 09:01:19+00:00,0,0,0.12731288
synthetic_cloudtrail.csv:2910,fe:kqdye,2024-04-13 09:01:48+00:00,0,0,0.14312729
synthetic_cloudtrail.csv:2912,fe:kqdye,2024-04-13 09:02:17+00:00,1,1,0.9955603
synthetic_cloudtrail.csv:2913,fe:kqdye,2024-04-13 09:02:34+00:00,1,1,0.9958289
synthetic_cloudtrail.csv:2916,fe:kqdye,2024-04-13 09:03:34+00:00,1,1,0.99529546
synthetic_cloudtrail.csv:2917,fe:kqdye,2024-04-13 09:04:13+00:00,0,0,0.14771862
synthetic_cloudtrail.csv:2921,fe:kqdye,2024-04-13 09:05:36+00:00,0,0,0.121607386
synthetic_cloudtrail.csv:2922,fe:kqdye,2024-04-13 09:05:48+00:00,0,0,0.15907961
synthetic_cloudtrail.csv:2923,fe:kqdye,2024-04-13 09:06:37+00:00,0,0,0.11848121
synthetic_cloudtrail.csv:2925,fe:kqdye,2024-04-13 09:06:53+00:00,0,0,0.7076036
synthetic_cloudtrail.csv:8823,fe:ksoghwztmvr,2024-11-16 09:00:05+00:00,0,0,0.13030133
synthetic_cloudtrail.csv:8824,fe:ksoghwztmvr,2024-11-16 09:00:21+00:00,0,0,0.13266377
synthetic_cloudtrail.csv:8825,fe:ksoghwztmvr,2024-11-16 09:00:41+00:00,0,0,0.12915842
synthetic_cloudtrail.csv:8826,fe:ksoghwztmvr,2024-11-16 09:01:33+00:00,1,1,0.99233705
synthetic_cloudtrail.csv:8827,fe:ksoghwztmvr,2024-11-16 09:01:52+00:00,1,1,0.9930299
synthetic_cloudtrail.csv:8828,fe:ksoghwztmvr,2024-11-16 09:02:17+00:00,0,0,0.11318916
synthetic_cloudtrail.csv:8829,fe:ksoghwztmvr,2024-11-16 09:03:24+00:00,0,0,0.13123643
synthetic_cloudtrail.csv:8831,fe:ksoghwztmvr,2024-11-16 09:04:04+00:00,0,0,0.13754386
synthetic_cloudtrail.csv:9929,fe:ksvineku,2024-12-22 10:00:04+00:00,0,0,0.13739978
synthetic_cloudtrail.csv:9930,fe:ksvineku,2024-12-22 10:00:10+00:00,0,0,0.1390772
synthetic_cloudtrail.csv:9931,fe:ksvineku,2024-12-22 10:00:28+00:00,0,0,0.14123261
synthetic_cloudtrail.csv:9932,fe:ksvineku,2024-12-22 10:00:41+00:00,0,0,0.1325697
synthetic_cloudtrail.csv:9933,fe:ksvineku,2024-12-22 10:01:00+00:00,0,0,0.13459505
synthetic_cloudtrail.csv:9934,fe:ksvineku,2024-12-22 10:01:20+00:00,0,0,0.14448713
synthetic_cloudtrail.csv:9935,fe:ksvineku,2024-12-22 10:01:50+00:00,0,0,0.1540418
synthetic_cloudtrail.csv:9936,fe:ksvineku,2024-12-22 10:02:05+00:00,0,0,0.12970258
synthetic_cloudtrail.csv:9937,fe:ksvineku,2024-12-22 10:02:39+00:00,1,1,0.9962941
synthetic_cloudtrail.csv:9938,fe:ksvineku,2024-12-22 10:03:05+00:00,1,1,0.99562126
synthetic_cloudtrail.csv:9939,fe:ksvineku,2024-12-22 10:03:40+00:00,0,0,0.12995662
synthetic_cloudtrail.csv:9940,fe:ksvineku,2024-12-22 10:05:02+00:00,0,0,0.12867947
synthetic_cloudtrail.csv:5277,fe:kuaxsf,2024-07-05 09:00:14+00:00,0,0,0.11350048
synthetic_cloudtrail.csv:5278,fe:kuaxsf,2024-07-05 09:01:01+00:00,0,0,0.13720495
synthetic_cloudtrail.csv:5279,fe:kuaxsf,2024-07-05 09:02:23+00:00,0,0,0.11508111
synthetic_cloudtrail.csv:5280,fe:kuaxsf,2024-07-05 09:03:07+00:00,0,0,0.12055196
synthetic_cloudtrail.csv:5281,fe:kuaxsf,2024-07-05 09:05:06+00:00,0,0,0.12843347
synthetic_cloudtrail.csv:5282,fe:kuaxsf,2024-07-05 09:06:12+00:00,0,0,0.11548011
synthetic_cloudtrail.csv:5283,fe:kuaxsf,2024-07-05 09:07:47+00:00,0,0,0.1282888
synthetic_cloudtrail.csv:5284,fe:kuaxsf,2024-07-05 09:08:01+00:00,0,0,0.122183
synthetic_cloudtrail.csv:5285,fe:kuaxsf,2024-07-05 09:09:44+00:00,0,0,0.114823125
synthetic_cloudtrail.csv:5286,fe:kuaxsf,2024-07-05 09:10:27+00:00,0,0,0.14960016
synthetic_cloudtrail.csv:5287,fe:kuaxsf,2024-07-05 09:11:34+00:00,0,0,0.11964914
synthetic_cloudtrail.csv:5288,fe:kuaxsf,2024-07-05 09:12:59+00:00,0,0,0.123006016
synthetic_cloudtrail.csv:5289,fe:kuaxsf,2024-07-05 09:14:01+00:00,0,0,0.114396885
synthetic_cloudtrail.csv:5290,fe:kuaxsf,2024-07-05 09:14:38+00:00,0,0,0.121059895
synthetic_cloudtrail.csv:5291,fe:kuaxsf,2024-07-05 09:15:50+00:00,0,0,0.1297137
synthetic_cloudtrail.csv:4590,fe:kvdcub,2024-06-07 18:01:24+00:00,0,0,0.12850554
synthetic_cloudtrail.csv:4591,fe:kvdcub,2024-06-07 18:01:46+00:00,0,0,0.107923135
synthetic_cloudtrail.csv:4592,fe:kvdcub,2024-06-07 18:03:11+00:00,0,0,0.124985054
synthetic_cloudtrail.csv:4593,fe:kvdcub,2024-06-07 18:03:47+00:00,0,0,0.18377069
synthetic_cloudtrail.csv:4594,fe:kvdcub,2024-06-07 18:04:23+00:00,0,0,0.11378783
synthetic_cloudtrail.csv:4595,fe:kvdcub,2024-06-07 18:05:32+00:00,0,0,0.13360481
synthetic_cloudtrail.csv:4596,fe:kvdcub,2024-06-07 18:07:05+00:00,0,0,0.11610494
synthetic_cloudtrail.csv:4597,fe:kvdcub,2024-06-07 18:08:45+00:00,0,0,0.13283025
synthetic_cloudtrail.csv:4598,fe:kvdcub,2024-06-07 18:09:18+00:00,0,0,0.10067747
synthetic_cloudtrail.csv:7845,fe:kvyerj,2024-10-10 14:00:12+00:00,0,0,0.12901261
synthetic_cloudtrail.csv:7846,fe:kvyerj,2024-10-10 14:01:00+00:00,0,0,0.1153766
synthetic_cloudtrail.csv:7847,fe:kvyerj,2024-10-10 14:01:26+00:00,0,0,0.11824457
synthetic_cloudtrail.csv:7848,fe:kvyerj,2024-10-10 14:01:55+00:00,0,0,0.13045351
synthetic_cloudtrail.csv:7849,fe:kvyerj,2024-10-10 14:03:12+00:00,0,0,0.12531261
synthetic_cloudtrail.csv:7850,fe:kvyerj,2024-10-10 14:04:39+00:00,0,0,0.1098971
synthetic_cloudtrail.csv:7851,fe:kvyerj,2024-10-10 14:05:17+00:00,0,0,0.13815477
synthetic_cloudtrail.csv:7852,fe:kvyerj,2024-10-10 14:06:58+00:00,0,0,0.108904555
synthetic_cloudtrail.csv:7853,fe:kvyerj,2024-10-10 14:07:51+00:00,0,0,0.1097276
synthetic_cloudtrail.csv:7854,fe:kvyerj,2024-10-10 14:09:15+00:00,0,0,0.12245031
synthetic_cloudtrail.csv:7855,fe:kvyerj,2024-10-10 14:10:35+00:00,0,0,0.11609994
synthetic_cloudtrail.csv:7856,fe:kvyerj,2024-10-10 14:10:51+00:00,0,0,0.22931352
synthetic_cloudtrail.csv:7857,fe:kvyerj,2024-10-10 14:12:05+00:00,0,0,0.13652164
synthetic_cloudtrail.csv:7858,fe:kvyerj,2024-10-10 14:13:44+00:00,0,0,0.10601302
synthetic_cloudtrail.csv:7859,fe:kvyerj,2024-10-10 14:15:29+00:00,0,0,0.120099984
synthetic_cloudtrail.csv:7860,fe:kvyerj,2024-10-10 14:17:10+00:00,0,0,0.11773449
synthetic_cloudtrail.csv:7861,fe:kvyerj,2024-10-10 14:17:44+00:00,0,0,0.28151816
synthetic_cloudtrail.csv:7862,fe:kvyerj,2024-10-10 14:18:21+00:00,0,0,0.2860869
synthetic_cloudtrail.csv:7863,fe:kvyerj,2024-10-10 14:19:32+00:00,0,0,0.12048537
synthetic_cloudtrail.csv:7864,fe:kvyerj,2024-10-10 14:19:59+00:00,0,0,0.13392504
synthetic_cloudtrail.csv:7337,fe:kxzury,2024-09-18 19:01:45+00:00,0,0,0.13349576
synthetic_cloudtrail.csv:7340,fe:kxzury,2024-09-18 19:03:39+00:00,0,0,0.10559798
synthetic_cloudtrail.csv:7342,fe:kxzury,2024-09-18 19:05:36+00:00,0,0,0.12521417
synthetic_cloudtrail.csv:7345,fe:kxzury,2024-09-18 19:06:17+00:00,0,0,0.12336656
synthetic_cloudtrail.csv:7347,fe:kxzury,2024-09-18 19:07:42+00:00,0,0,0.12490017
synthetic_cloudtrail.csv:7350,fe:kxzury,2024-09-18 19:09:16+00:00,0,0,0.12461649
synthetic_cloudtrail.csv:7351,fe:kxzury,2024-09-18 19:09:34+00:00,0,0,0.120414004
synthetic_cloudtrail.csv:7352,fe:kxzury,2024-09-18 19:09:41+00:00,0,0,0.123468265
synthetic_cloudtrail.csv:7355,fe:kxzury,2024-09-18 19:11:18+00:00,0,0,0.12361745
synthetic_cloudtrail.csv:7356,fe:kxzury,2024-09-18 19:11:38+00:00,0,0,0.22929718
synthetic_cloudtrail.csv:7357,fe:kxzury,2024-09-18 19:11:51+00:00,0,0,0.1160909
synthetic_cloudtrail.csv:7358,fe:kxzury,2024-09-18 19:12:15+00:00,0,0,0.124222174
synthetic_cloudtrail.csv:7360,fe:kxzury,2024-09-18 19:14:03+00:00,0,0,0.11322453
synthetic_cloudtrail.csv:7363,fe:kxzury,2024-09-18 19:15:08+00:00,0,0,0.12021681
synthetic_cloudtrail.csv:51,fe:ldkynfr,2024-01-03 08:04:46+00:00,0,0,0.18300325
synthetic_cloudtrail.csv:52,fe:ldkynfr,2024-01-03 08:11:06+00:00,0,0,0.16078174
synthetic_cloudtrail.csv:53,fe:ldkynfr,2024-01-03 08:17:55+00:00,0,0,0.16318195
synthetic_cloudtrail.csv:303,fe:lekluh,2024-01-12 12:00:24+00:00,0,0,0.12956664
synthetic_cloudtrail.csv:304,fe:lekluh,2024-01-12 12:01:54+00:00,0,0,0.136701
synthetic_cloudtrail.csv:305,fe:lekluh,2024-01-12 12:02:58+00:00,0,0,0.14964917
synthetic_cloudtrail.csv:306,fe:lekluh,2024-01-12 12:04:46+00:00,0,0,0.11255895
synthetic_cloudtrail.csv:307,fe:lekluh,2024-01-12 12:05:33+00:00,0,0,0.11618347
synthetic_cloudtrail.csv:308,fe:lekluh,2024-01-12 12:07:04+00:00,0,0,0.12599298
synthetic_cloudtrail.csv:309,fe:lekluh,2024-01-12 12:07:10+00:00,0,0,0.120589405
synthetic_cloudtrail.csv:310,fe:lekluh,2024-01-12 12:08:32+00:00,0,0,0.1249628
synthetic_cloudtrail.csv:311,fe:lekluh,2024-01-12 12:08:43+00:00,0,0,0.1164919
synthetic_cloudtrail.csv:312,fe:lekluh,2024-01-12 12:09:57+00:00,0,0,0.11484461
synthetic_cloudtrail.csv:313,fe:lekluh,2024-01-12 12:10:26+00:00,0,0,0.110295326
synthetic_cloudtrail.csv:314,fe:lekluh,2024-01-12 12:10:55+00:00,0,0,0.111101314
synthetic_cloudtrail.csv:315,fe:lekluh,2024-01-12 12:12:19+00:00,0,0,0.12137687
synthetic_cloudtrail.csv:316,fe:lekluh,2024-01-12 12:12:36+00:00,0,0,0.13052596
synthetic_cloudtrail.csv:317,fe:lekluh,2024-01-12 12:13:30+00:00,0,0,0.10355049
synthetic_cloudtrail.csv:318,fe:lekluh,2024-01-12 12:14:28+00:00,0,0,0.10768384
synthetic_cloudtrail.csv:319,fe:lekluh,2024-01-12 12:15:16+00:00,0,0,0.11301864
synthetic_cloudtrail.csv:320,fe:lekluh,2024-01-12 12:16:05+00:00,0,0,0.11744821
synthetic_cloudtrail.csv:321,fe:lekluh,2024-01-12 12:16:57+00:00,0,0,0.10799962
synthetic_cloudtrail.csv:9091,fe:lexncc,2024-11-24 19:00:19+00:00,0,0,0.13776697
synthetic_cloudtrail.csv:9092,fe:lexncc,2024-11-24 19:01:59+00:00,0,0,0.123038724
synthetic_cloudtrail.csv:9093,fe:lexncc,2024-11-24 19:02:40+00:00,0,0,0.13264202
synthetic_cloudtrail.csv:9094,fe:lexncc,2024-11-24 19:02:47+00:00,0,0,0.118184775
synthetic_cloudtrail.csv:9095,fe:lexncc,2024-11-24 19:02:55+00:00,0,0,0.12986116
synthetic_cloudtrail.csv:9096,fe:lexncc,2024-11-24 19:03:06+00:00,0,0,0.121326886
synthetic_cloudtrail.csv:9097,fe:lexncc,2024-11-24 19:03:28+00:00,0,0,0.12140183
synthetic_cloudtrail.csv:9098,fe:lexncc,2024-11-24 19:04:02+00:00,0,0,0.12809828
synthetic_cloudtrail.csv:9099,fe:lexncc,2024-11-24 19:05:41+00:00,0,0,0.11374524
synthetic_cloudtrail.csv:9100,fe:lexncc,2024-11-24 19:06:25+00:00,0,0,0.1506405
synthetic_cloudtrail.csv:7877,fe:lfwccqrq,2024-10-11 19:00:26+00:00,0,0,0.1382479
synthetic_cloudtrail.csv:7878,fe:lfwccqrq,2024-10-11 19:00:37+00:00,0,0,0.12953721
synthetic_cloudtrail.csv:7879,fe:lfwccqrq,2024-10-11 19:00:54+00:00,0,0,0.12965462
synthetic_cloudtrail.csv:7880,fe:lfwccqrq,2024-10-11 19:01:00+00:00,1,1,0.9916672
synthetic_cloudtrail.csv:7881,fe:lfwccqrq,2024-10-11 19:01:50+00:00,1,1,0.990965
synthetic_cloudtrail.csv:7882,fe:lfwccqrq,2024-10-11 19:02:22+00:00,1,1,0.9732092
synthetic_cloudtrail.csv:7883,fe:lfwccqrq,2024-10-11 19:03:47+00:00,0,0,0.12348941
synthetic_cloudtrail.csv:7884,fe:lfwccqrq,2024-10-11 19:05:03+00:00,0,0,0.12633522
synthetic_cloudtrail.csv:7885,fe:lfwccqrq,2024-10-11 19:05:35+00:00,0,0,0.19371524
synthetic_cloudtrail.csv:7886,fe:lfwccqrq,2024-10-11 19:06:53+00:00,0,0,0.19988875
synthetic_cloudtrail.csv:7887,fe:lfwccqrq,2024-10-11 19:07:55+00:00,0,0,0.13073939
synthetic_cloudtrail.csv:4485,fe:lgfylkpxk,2024-06-04 10:00:10+00:00,0,0,0.13302001
synthetic_cloudtrail.csv:4486,fe:lgfylkpxk,2024-06-04 10:00:29+00:00,0,0,0.11855376
synthetic_cloudtrail.csv:4487,fe:lgfylkpxk,2024-06-04 10:00:49+00:00,0,0,0.13550529
synthetic_cloudtrail.csv:4488,fe:lgfylkpxk,2024-06-04 10:01:35+00:00,1,1,0.994578
synthetic_cloudtrail.csv:4489,fe:lgfylkpxk,2024-06-04 10:02:41+00:00,0,0,0.12302807
synthetic_cloudtrail.csv:4490,fe:lgfylkpxk,2024-06-04 10:03:54+00:00,0,0,0.1240879
synthetic_cloudtrail.csv:7582,fe:lgishz,2024-10-03 14:00:10+00:00,0,0,0.13474368
synthetic_cloudtrail.csv:7583,fe:lgishz,2024-10-03 14:01:38+00:00,0,0,0.135282
synthetic_cloudtrail.csv:7584,fe:lgishz,2024-10-03 14:02:17+00:00,0,0,0.11534726
synthetic_cloudtrail.csv:7585,fe:lgishz,2024-10-03 14:03:58+00:00,0,0,0.12339626
synthetic_cloudtrail.csv:7586,fe:lgishz,2024-10-03 14:04:45+00:00,0,0,0.11715487
synthetic_cloudtrail.csv:7587,fe:lgishz,2024-10-03 14:05:15+00:00,0,0,0.14552031
synthetic_cloudtrail.csv:7588,fe:lgishz,2024-10-03 14:05:51+00:00,0,0,0.11491944
synthetic_cloudtrail.csv:7589,fe:lgishz,2024-10-03 14:06:32+00:00,0,0,0.123671584
synthetic_cloudtrail.csv:7590,fe:lgishz,2024-10-03 14:07:52+00:00,0,0,0.128499
synthetic_cloudtrail.csv:7591,fe:lgishz,2024-10-03 14:08:47+00:00,0,0,0.13238019
synthetic_cloudtrail.csv:7592,fe:lgishz,2024-10-03 14:10:39+00:00,0,0,0.1269136
synthetic_cloudtrail.csv:7593,fe:lgishz,2024-10-03 14:12:21+00:00,0,0,0.12696089
synthetic_cloudtrail.csv:7594,fe:lgishz,2024-10-03 14:12:48+00:00,0,0,0.11976522
synthetic_cloudtrail.csv:7595,fe:lgishz,2024-10-03 14:13:16+00:00,0,0,0.11595216
synthetic_cloudtrail.csv:7596,fe:lgishz,2024-10-03 14:13:40+00:00,0,0,0.1396616
synthetic_cloudtrail.csv:5136,fe:libghn,2024-07-02 07:00:54+00:00,0,0,0.16308749
synthetic_cloudtrail.csv:5139,fe:libghn,2024-07-02 07:01:20+00:00,0,0,0.11103546
synthetic_cloudtrail.csv:5142,fe:libghn,2024-07-02 07:03:00+00:00,0,0,0.12456203
synthetic_cloudtrail.csv:5145,fe:libghn,2024-07-02 07:04:12+00:00,0,0,0.3509314
synthetic_cloudtrail.csv:5147,fe:libghn,2024-07-02 07:05:44+00:00,0,0,0.1214963
synthetic_cloudtrail.csv:5148,fe:libghn,2024-07-02 07:06:11+00:00,0,0,0.15857014
synthetic_cloudtrail.csv:5149,fe:libghn,2024-07-02 07:07:45+00:00,0,0,0.115725614
synthetic_cloudtrail.csv:5150,fe:libghn,2024-07-02 07:08:00+00:00,0,0,0.12706892
synthetic_cloudtrail.csv:5151,fe:libghn,2024-07-02 07:09:33+00:00,0,0,0.13203761
synthetic_cloudtrail.csv:5152,fe:libghn,2024-07-02 07:10:15+00:00,0,0,0.11346706
synthetic_cloudtrail.csv:3687,fe:ljbbepcrhciv,2024-05-09 10:00:25+00:00,0,0,0.12273909
synthetic_cloudtrail.csv:3688,fe:ljbbepcrhciv,2024-05-09 10:00:29+00:00,0,0,0.12637495
synthetic_cloudtrail.csv:3689,fe:ljbbepcrhciv,2024-05-09 10:00:46+00:00,0,0,0.12681136
synthetic_cloudtrail.csv:3690,fe:ljbbepcrhciv,2024-05-09 10:01:06+00:00,0,0,0.15178223
synthetic_cloudtrail.csv:3691,fe:ljbbepcrhciv,2024-05-09 10:01:15+00:00,0,0,0.13484722
synthetic_cloudtrail.csv:3692,fe:ljbbepcrhciv,2024-05-09 10:01:42+00:00,0,0,0.15091163
synthetic_cloudtrail.csv:3693,fe:ljbbepcrhciv,2024-05-09 10:01:52+00:00,0,0,0.14857116
synthetic_cloudtrail.csv:3694,fe:ljbbepcrhciv,2024-05-09 10:02:09+00:00,0,0,0.12811933
synthetic_cloudtrail.csv:3695,fe:ljbbepcrhciv,2024-05-09 10:02:23+00:00,1,1,0.9957344
synthetic_cloudtrail.csv:3696,fe:ljbbepcrhciv,2024-05-09 10:03:15+00:00,1,1,0.99623173
synthetic_cloudtrail.csv:3697,fe:ljbbepcrhciv,2024-05-09 10:03:29+00:00,1,1,0.994273
synthetic_cloudtrail.csv:4023,fe:ljedub,2024-05-21 12:01:17+00:00,0,0,0.13446292
synthetic_cloudtrail.csv:4024,fe:ljedub,2024-05-21 12:02:11+00:00,0,0,0.1161423
synthetic_cloudtrail.csv:4025,fe:ljedub,2024-05-21 12:03:27+00:00,0,0,0.22186925
synthetic_cloudtrail.csv:4026,fe:ljedub,2024-05-21 12:04:20+00:00,0,0,0.10592033
synthetic_cloudtrail.csv:4027,fe:ljedub,2024-05-21 12:06:11+00:00,0,0,0.113935605
synthetic_cloudtrail.csv:4028,fe:ljedub,2024-05-21 12:07:11+00:00,0,0,0.11742131
synthetic_cloudtrail.csv:4029,fe:ljedub,2024-05-21 12:09:02+00:00,0,0,0.14357553
synthetic_cloudtrail.csv:4030,fe:ljedub,2024-05-21 12:09:53+00:00,0,0,0.10566726
synthetic_cloudtrail.csv:4031,fe:ljedub,2024-05-21 12:10:02+00:00,0,0,0.11439216
synthetic_cloudtrail.csv:4032,fe:ljedub,2024-05-21 12:10:23+00:00,0,0,0.12722193
synthetic_cloudtrail.csv:4033,fe:ljedub,2024-05-21 12:10:41+00:00,0,0,0.111435324
synthetic_cloudtrail.csv:4034,fe:ljedub,2024-05-21 12:12:41+00:00,0,0,0.13378681
synthetic_cloudtrail.csv:4035,fe:ljedub,2024-05-21 12:13:01+00:00,0,0,0.12640154
synthetic_cloudtrail.csv:4036,fe:ljedub,2024-05-21 12:14:20+00:00,0,0,0.11574642
synthetic_cloudtrail.csv:4037,fe:ljedub,2024-05-21 12:15:47+00:00,0,0,0.13167319
synthetic_cloudtrail.csv:4038,fe:ljedub,2024-05-21 12:17:00+00:00,0,0,0.14857012
synthetic_cloudtrail.csv:4039,fe:ljedub,2024-05-21 12:18:24+00:00,0,0,0.11054968
synthetic_cloudtrail.csv:4040,fe:ljedub,2024-05-21 12:19:53+00:00,0,0,0.11679254
synthetic_cloudtrail.csv:5551,fe:ljfivb,2024-07-13 13:00:33+00:00,0,0,0.12680648
synthetic_cloudtrail.csv:5552,fe:ljfivb,2024-07-13 13:00:50+00:00,0,0,0.119467564
synthetic_cloudtrail.csv:5553,fe:ljfivb,2024-07-13 13:02:26+00:00,0,0,0.14130716
synthetic_cloudtrail.csv:5554,fe:ljfivb,2024-07-13 13:03:33+00:00,0,0,0.10396511
synthetic_cloudtrail.csv:5555,fe:ljfivb,2024-07-13 13:04:42+00:00,0,0,0.12350206
synthetic_cloudtrail.csv:5556,fe:ljfivb,2024-07-13 13:05:10+00:00,0,0,0.1217873
synthetic_cloudtrail.csv:5557,fe:ljfivb,2024-07-13 13:06:58+00:00,0,0,0.12749185
synthetic_cloudtrail.csv:5558,fe:ljfivb,2024-07-13 13:08:58+00:00,0,0,0.12577087
synthetic_cloudtrail.csv:5559,fe:ljfivb,2024-07-13 13:10:37+00:00,0,0,0.13263491
synthetic_cloudtrail.csv:5560,fe:ljfivb,2024-07-13 13:11:26+00:00,0,0,0.11044871
synthetic_cloudtrail.csv:5561,fe:ljfivb,2024-07-13 13:13:14+00:00,0,0,0.1181303
synthetic_cloudtrail.csv:5562,fe:ljfivb,2024-07-13 13:13:44+00:00,0,0,0.120754525
synthetic_cloudtrail.csv:5563,fe:ljfivb,2024-07-13 13:15:34+00:00,0,0,0.121704705
synthetic_cloudtrail.csv:4649,fe:lkll,2024-06-09 19:00:05+00:00,0,0,0.12836696
synthetic_cloudtrail.csv:4650,fe:lkll,2024-06-09 19:00:08+00:00,0,0,0.103236586
synthetic_cloudtrail.csv:4651,fe:lkll,2024-06-09 19:00:23+00:00,0,0,0.1084988
synthetic_cloudtrail.csv:4652,fe:lkll,2024-06-09 19:00:48+00:00,0,0,0.12998267
synthetic_cloudtrail.csv:4653,fe:lkll,2024-06-09 19:01:08+00:00,1,1,0.9932059
synthetic_cloudtrail.csv:4654,fe:lkll,2024-06-09 19:01:24+00:00,1,1,0.99324244
synthetic_cloudtrail.csv:4655,fe:lkll,2024-06-09 19:01:52+00:00,0,0,0.104939274
synthetic_cloudtrail.csv:4656,fe:lkll,2024-06-09 19:02:50+00:00,0,0,0.11593024
synthetic_cloudtrail.csv:4657,fe:lkll,2024-06-09 19:03:09+00:00,0,0,0.119080424
synthetic_cloudtrail.csv:4658,fe:lkll,2024-06-09 19:04:12+00:00,0,0,0.11807835
synthetic_cloudtrail.csv:6788,fe:lkybr,2024-09-04 12:00:11+00:00,0,0,0.1140634
synthetic_cloudtrail.csv:6789,fe:lkybr,2024-09-04 12:00:34+00:00,0,0,0.1170111
synthetic_cloudtrail.csv:6790,fe:lkybr,2024-09-04 12:00:50+00:00,0,0,0.123212025
synthetic_cloudtrail.csv:6791,fe:lkybr,2024-09-04 12:01:19+00:00,0,0,0.1271578
synthetic_cloudtrail.csv:6792,fe:lkybr,2024-09-04 12:01:32+00:00,0,0,0.14822769
synthetic_cloudtrail.csv:6793,fe:lkybr,2024-09-04 12:01:43+00:00,0,0,0.12556586
synthetic_cloudtrail.csv:6794,fe:lkybr,2024-09-04 12:02:31+00:00,1,1,0.9956605
synthetic_cloudtrail.csv:6795,fe:lkybr,2024-09-04 12:02:54+00:00,0,0,0.14937018
synthetic_cloudtrail.csv:6796,fe:lkybr,2024-09-04 12:03:21+00:00,0,0,0.16818547
synthetic_cloudtrail.csv:6797,fe:lkybr,2024-09-04 12:04:25+00:00,0,0,0.13340457
synthetic_cloudtrail.csv:6798,fe:lkybr,2024-09-04 12:04:58+00:00,0,0,0.13373642
synthetic_cloudtrail.csv:6799,fe:lkybr,2024-09-04 12:06:01+00:00,0,0,0.13239728
synthetic_cloudtrail.csv:9058,fe:lpgqyw,2024-11-23 19:00:42+00:00,0,0,0.11295162
synthetic_cloudtrail.csv:9059,fe:lpgqyw,2024-11-23 19:01:48+00:00,0,0,0.11414491
synthetic_cloudtrail.csv:9060,fe:lpgqyw,2024-11-23 19:03:35+00:00,0,0,0.12940931
synthetic_cloudtrail.csv:9061,fe:lpgqyw,2024-11-23 19:04:17+00:00,0,0,0.13198493
synthetic_cloudtrail.csv:9062,fe:lpgqyw,2024-11-23 19:05:04+00:00,0,0,0.16328344
synthetic_cloudtrail.csv:9063,fe:lpgqyw,2024-11-23 19:05:10+00:00,0,0,0.11831176
synthetic_cloudtrail.csv:9064,fe:lpgqyw,2024-11-23 19:05:35+00:00,0,0,0.1143566
synthetic_cloudtrail.csv:9065,fe:lpgqyw,2024-11-23 19:06:37+00:00,0,0,0.11567321
synthetic_cloudtrail.csv:9066,fe:lpgqyw,2024-11-23 19:06:43+00:00,0,0,0.12746185
synthetic_cloudtrail.csv:9067,fe:lpgqyw,2024-11-23 19:07:33+00:00,0,0,0.23846774
synthetic_cloudtrail.csv:9068,fe:lpgqyw,2024-11-23 19:08:27+00:00,0,0,0.1341438
synthetic_cloudtrail.csv:9069,fe:lpgqyw,2024-11-23 19:10:25+00:00,0,0,0.10280449
synthetic_cloudtrail.csv:9070,fe:lpgqyw,2024-11-23 19:11:36+00:00,0,0,0.124628015
synthetic_cloudtrail.csv:9071,fe:lpgqyw,2024-11-23 19:12:31+00:00,0,0,0.1130667
synthetic_cloudtrail.csv:9072,fe:lpgqyw,2024-11-23 19:14:12+00:00,0,0,0.25033492
synthetic_cloudtrail.csv:9073,fe:lpgqyw,2024-11-23 19:15:32+00:00,0,0,0.12282964
synthetic_cloudtrail.csv:9074,fe:lpgqyw,2024-11-23 19:16:31+00:00,0,0,0.121222936
synthetic_cloudtrail.csv:9075,fe:lpgqyw,2024-11-23 19:17:29+00:00,0,0,0.12951747
synthetic_cloudtrail.csv:9076,fe:lpgqyw,2024-11-23 19:19:12+00:00,0,0,0.1297512
synthetic_cloudtrail.csv:9077,fe:lpgqyw,2024-11-23 19:19:43+00:00,0,0,0.1212655
synthetic_cloudtrail.csv:9383,fe:lpol,2024-12-04 15:00:03+00:00,0,0,0.12415872
synthetic_cloudtrail.csv:9384,fe:lpol,2024-12-04 15:00:12+00:00,0,0,0.12719642
synthetic_cloudtrail.csv:9385,fe:lpol,2024-12-04 15:00:36+00:00,0,0,0.13467684
synthetic_cloudtrail.csv:9386,fe:lpol,2024-12-04 15:00:39+00:00,0,0,0.14442253
synthetic_cloudtrail.csv:9387,fe:lpol,2024-12-04 15:01:07+00:00,0,0,0.13528149
synthetic_cloudtrail.csv:9388,fe:lpol,2024-12-04 15:01:18+00:00,0,0,0.1352727
synthetic_cloudtrail.csv:9389,fe:lpol,2024-12-04 15:01:22+00:00,0,0,0.14078458
synthetic_cloudtrail.csv:9390,fe:lpol,2024-12-04 15:01:39+00:00,1,1,0.9952088
synthetic_cloudtrail.csv:9391,fe:lpol,2024-12-04 15:02:14+00:00,1,1,0.99578214
synthetic_cloudtrail.csv:9392,fe:lpol,2024-12-04 15:03:20+00:00,0,0,0.14174943
synthetic_cloudtrail.csv:9393,fe:lpol,2024-12-04 15:03:46+00:00,0,0,0.17706828
synthetic_cloudtrail.csv:6023,fe:lpzal,2024-08-02 15:00:28+00:00,0,0,0.13017403
synthetic_cloudtrail.csv:6024,fe:lpzal,2024-08-02 15:00:33+00:00,0,0,0.12220744
synthetic_cloudtrail.csv:6025,fe:lpzal,2024-08-02 15:00:44+00:00,0,0,0.12258438
synthetic_cloudtrail.csv:6026,fe:lpzal,2024-08-02 15:00:50+00:00,0,0,0.120638154
synthetic_cloudtrail.csv:6027,fe:lpzal,2024-08-02 15:00:56+00:00,0,0,0.12137359
synthetic_cloudtrail.csv:6028,fe:lpzal,2024-08-02 15:01:25+00:00,0,0,0.15230843
synthetic_cloudtrail.csv:6029,fe:lpzal,2024-08-02 15:01:32+00:00,0,0,0.13931902
synthetic_cloudtrail.csv:6030,fe:lpzal,2024-08-02 15:01:53+00:00,0,0,0.11271971
synthetic_cloudtrail.csv:6031,fe:lpzal,2024-08-02 15:02:50+00:00,1,1,0.9963108
synthetic_cloudtrail.csv:6032,fe:lpzal,2024-08-02 15:04:13+00:00,0,0,0.11354518
synthetic_cloudtrail.csv:6033,fe:lpzal,2024-08-02 15:05:31+00:00,0,0,0.12961984
synthetic_cloudtrail.csv:9687,fe:lsfdmp,2024-12-13 18:01:50+00:00,0,0,0.13046102
synthetic_cloudtrail.csv:9688,fe:lsfdmp,2024-12-13 18:03:18+00:00,0,0,0.10541496
synthetic_cloudtrail.csv:9689,fe:lsfdmp,2024-12-13 18:04:09+00:00,0,0,0.1148627
synthetic_cloudtrail.csv:9690,fe:lsfdmp,2024-12-13 18:06:07+00:00,0,0,0.11191453
synthetic_cloudtrail.csv:9691,fe:lsfdmp,2024-12-13 18:06:56+00:00,0,0,0.11207706
synthetic_cloudtrail.csv:9692,fe:lsfdmp,2024-12-13 18:07:37+00:00,0,0,0.12178541
synthetic_cloudtrail.csv:9693,fe:lsfdmp,2024-12-13 18:08:16+00:00,0,0,0.10333389
synthetic_cloudtrail.csv:9694,fe:lsfdmp,2024-12-13 18:08:24+00:00,0,0,0.11389865
synthetic_cloudtrail.csv:9695,fe:lsfdmp,2024-12-13 18:08:32+00:00,0,0,0.10995859
synthetic_cloudtrail.csv:9696,fe:lsfdmp,2024-12-13 18:08:58+00:00,0,0,0.11207829
synthetic_cloudtrail.csv:9697,fe:lsfdmp,2024-12-13 18:09:34+00:00,0,0,0.14049856
synthetic_cloudtrail.csv:9698,fe:lsfdmp,2024-12-13 18:10:16+00:00,0,0,0.1247615
synthetic_cloudtrail.csv:9699,fe:lsfdmp,2024-12-13 18:11:56+00:00,0,0,0.11112039
synthetic_cloudtrail.csv:9700,fe:lsfdmp,2024-12-13 18:13:54+00:00,0,0,0.09780669
synthetic_cloudtrail.csv:9701,fe:lsfdmp,2024-12-13 18:14:31+00:00,0,0,0.10477688
synthetic_cloudtrail.csv:9702,fe:lsfdmp,2024-12-13 18:16:10+00:00,0,0,0.11637624
synthetic_cloudtrail.csv:9703,fe:lsfdmp,2024-12-13 18:16:23+00:00,0,0,0.10944652
synthetic_cloudtrail.csv:4157,fe:lsoowq,2024-05-25 11:01:57+00:00,0,0,0.11732157
synthetic_cloudtrail.csv:4158,fe:lsoowq,2024-05-25 11:03:41+00:00,0,0,0.13164195
synthetic_cloudtrail.csv:4159,fe:lsoowq,2024-05-25 11:04:23+00:00,0,0,0.11888095
synthetic_cloudtrail.csv:4160,fe:lsoowq,2024-05-25 11:05:06+00:00,0,0,0.14970379
synthetic_cloudtrail.csv:4161,fe:lsoowq,2024-05-25 11:06:32+00:00,0,0,0.12802637
synthetic_cloudtrail.csv:4162,fe:lsoowq,2024-05-25 11:07:08+00:00,0,0,0.13446243
synthetic_cloudtrail.csv:4163,fe:lsoowq,2024-05-25 11:07:30+00:00,0,0,0.13361104
synthetic_cloudtrail.csv:4164,fe:lsoowq,2024-05-25 11:08:42+00:00,0,0,0.12976928
synthetic_cloudtrail.csv:4165,fe:lsoowq,2024-05-25 11:10:22+00:00,0,0,0.12024508
synthetic_cloudtrail.csv:4166,fe:lsoowq,2024-05-25 11:10:32+00:00,0,0,0.11179595
synthetic_cloudtrail.csv:4167,fe:lsoowq,2024-05-25 11:10:41+00:00,0,0,0.13080971
synthetic_cloudtrail.csv:4168,fe:lsoowq,2024-05-25 11:11:46+00:00,0,0,0.12278592
synthetic_cloudtrail.csv:4169,fe:lsoowq,2024-05-25 11:13:20+00:00,0,0,0.12475022
synthetic_cloudtrail.csv:4170,fe:lsoowq,2024-05-25 11:14:32+00:00,0,0,0.11986603
synthetic_cloudtrail.csv:4171,fe:lsoowq,2024-05-25 11:16:01+00:00,0,0,0.120188534
synthetic_cloudtrail.csv:5103,fe:ltgurq,2024-06-28 13:01:23+00:00,0,0,0.13484004
synthetic_cloudtrail.csv:5104,fe:ltgurq,2024-06-28 13:03:05+00:00,0,0,0.117376946
synthetic_cloudtrail.csv:5105,fe:ltgurq,2024-06-28 13:04:32+00:00,0,0,0.13586673
synthetic_cloudtrail.csv:5106,fe:ltgurq,2024-06-28 13:06:05+00:00,0,0,0.10567148
synthetic_cloudtrail.csv:5107,fe:ltgurq,2024-06-28 13:07:44+00:00,0,0,0.13121325
synthetic_cloudtrail.csv:5108,fe:ltgurq,2024-06-28 13:08:20+00:00,0,0,0.11028824
synthetic_cloudtrail.csv:5109,fe:ltgurq,2024-06-28 13:09:52+00:00,0,0,0.25049576
synthetic_cloudtrail.csv:5110,fe:ltgurq,2024-06-28 13:11:15+00:00,0,0,0.11823307
synthetic_cloudtrail.csv:5111,fe:ltgurq,2024-06-28 13:12:18+00:00,0,0,0.13671513
synthetic_cloudtrail.csv:5112,fe:ltgurq,2024-06-28 13:13:27+00:00,0,0,0.117986076
synthetic_cloudtrail.csv:5113,fe:ltgurq,2024-06-28 13:14:41+00:00,0,0,0.109815866
synthetic_cloudtrail.csv:5114,fe:ltgurq,2024-06-28 13:15:27+00:00,0,0,0.10984718
synthetic_cloudtrail.csv:7206,fe:lwbvbj,2024-09-15 11:00:38+00:00,0,0,0.17122568
synthetic_cloudtrail.csv:7207,fe:lwbvbj,2024-09-15 11:00:49+00:00,0,0,0.12071521
synthetic_cloudtrail.csv:7208,fe:lwbvbj,2024-09-15 11:02:01+00:00,0,0,0.13966595
synthetic_cloudtrail.csv:7209,fe:lwbvbj,2024-09-15 11:02:37+00:00,0,0,0.12711743
synthetic_cloudtrail.csv:7210,fe:lwbvbj,2024-09-15 11:03:30+00:00,0,0,0.13061494
synthetic_cloudtrail.csv:7211,fe:lwbvbj,2024-09-15 11:05:19+00:00,0,0,0.108991
synthetic_cloudtrail.csv:7212,fe:lwbvbj,2024-09-15 11:06:37+00:00,0,0,0.12620106
synthetic_cloudtrail.csv:7213,fe:lwbvbj,2024-09-15 11:07:07+00:00,0,0,0.11306979
synthetic_cloudtrail.csv:7214,fe:lwbvbj,2024-09-15 11:07:52+00:00,0,0,0.11581297
synthetic_cloudtrail.csv:7215,fe:lwbvbj,2024-09-15 11:08:55+00:00,0,0,0.117992885
synthetic_cloudtrail.csv:7216,fe:lwbvbj,2024-09-15 11:10:12+00:00,0,0,0.11725456
synthetic_cloudtrail.csv:7217,fe:lwbvbj,2024-09-15 11:10:51+00:00,0,0,0.12173227
synthetic_cloudtrail.csv:7218,fe:lwbvbj,2024-09-15 11:12:30+00:00,0,0,0.112492464
synthetic_cloudtrail.csv:7219,fe:lwbvbj,2024-09-15 11:13:53+00:00,0,0,0.12431663
synthetic_cloudtrail.csv:4502,fe:lwvngf,2024-06-04 19:01:36+00:00,0,0,0.11877088
synthetic_cloudtrail.csv:4503,fe:lwvngf,2024-06-04 19:03:19+00:00,0,0,0.12826274
synthetic_cloudtrail.csv:4504,fe:lwvngf,2024-06-04 19:05:00+00:00,0,0,0.11723563
synthetic_cloudtrail.csv:4505,fe:lwvngf,2024-06-04 19:06:37+00:00,0,0,0.13570355
synthetic_cloudtrail.csv:4506,fe:lwvngf,2024-06-04 19:07:10+00:00,0,0,0.10747059
synthetic_cloudtrail.csv:4507,fe:lwvngf,2024-06-04 19:08:01+00:00,0,0,0.12232026
synthetic_cloudtrail.csv:4508,fe:lwvngf,2024-06-04 19:08:18+00:00,0,0,0.10994806
synthetic_cloudtrail.csv:4509,fe:lwvngf,2024-06-04 19:09:57+00:00,0,0,0.11332289
synthetic_cloudtrail.csv:4510,fe:lwvngf,2024-06-04 19:11:18+00:00,0,0,0.10999691
synthetic_cloudtrail.csv:4511,fe:lwvngf,2024-06-04 19:11:38+00:00,0,0,0.13301788
synthetic_cloudtrail.csv:4512,fe:lwvngf,2024-06-04 19:12:30+00:00,0,0,0.12820373
synthetic_cloudtrail.csv:4513,fe:lwvngf,2024-06-04 19:13:24+00:00,0,0,0.13157782
synthetic_cloudtrail.csv:4514,fe:lwvngf,2024-06-04 19:14:02+00:00,0,0,0.12800327
synthetic_cloudtrail.csv:4515,fe:lwvngf,2024-06-04 19:14:25+00:00,0,0,0.13006401
synthetic_cloudtrail.csv:4516,fe:lwvngf,2024-06-04 19:14:39+00:00,0,0,0.12718749
synthetic_cloudtrail.csv:4517,fe:lwvngf,2024-06-04 19:16:10+00:00,0,0,0.12605546
synthetic_cloudtrail.csv:9119,fe:lxkvmh,2024-11-25 12:01:20+00:00,0,0,0.114570834
synthetic_cloudtrail.csv:9120,fe:lxkvmh,2024-11-25 12:02:55+00:00,0,0,0.14518759
synthetic_cloudtrail.csv:9121,fe:lxkvmh,2024-11-25 12:03:28+00:00,0,0,0.11100899
synthetic_cloudtrail.csv:9122,fe:lxkvmh,2024-11-25 12:04:31+00:00,0,0,0.14699504
synthetic_cloudtrail.csv:9123,fe:lxkvmh,2024-11-25 12:06:03+00:00,0,0,0.1282986
synthetic_cloudtrail.csv:9124,fe:lxkvmh,2024-11-25 12:06:37+00:00,0,0,0.116477124
synthetic_cloudtrail.csv:9125,fe:lxkvmh,2024-11-25 12:07:52+00:00,0,0,0.12522435
synthetic_cloudtrail.csv:9126,fe:lxkvmh,2024-11-25 12:08:52+00:00,0,0,0.10385709
synthetic_cloudtrail.csv:1764,fe:lyjizk,2024-03-02 13:02:00+00:00,0,0,0.14213242
synthetic_cloudtrail.csv:1765,fe:lyjizk,2024-03-02 13:02:54+00:00,0,0,0.12189402
synthetic_cloudtrail.csv:1766,fe:lyjizk,2024-03-02 13:03:08+00:00,0,0,0.13100882
synthetic_cloudtrail.csv:1767,fe:lyjizk,2024-03-02 13:04:42+00:00,0,0,0.12835535
synthetic_cloudtrail.csv:1768,fe:lyjizk,2024-03-02 13:06:32+00:00,0,0,0.13125372
synthetic_cloudtrail.csv:1769,fe:lyjizk,2024-03-02 13:08:08+00:00,0,0,0.12748952
synthetic_cloudtrail.csv:1770,fe:lyjizk,2024-03-02 13:08:42+00:00,0,0,0.13454822
synthetic_cloudtrail.csv:1771,fe:lyjizk,2024-03-02 13:09:09+00:00,0,0,0.15195844
synthetic_cloudtrail.csv:1772,fe:lyjizk,2024-03-02 13:10:51+00:00,0,0,0.11833258
synthetic_cloudtrail.csv:1773,fe:lyjizk,2024-03-02 13:12:17+00:00,0,0,0.13358732
synthetic_cloudtrail.csv:1774,fe:lyjizk,2024-03-02 13:13:04+00:00,0,0,0.12025155
synthetic_cloudtrail.csv:1775,fe:lyjizk,2024-03-02 13:14:43+00:00,0,0,0.12538405
synthetic_cloudtrail.csv:1776,fe:lyjizk,2024-03-02 13:15:42+00:00,0,0,0.12074003
synthetic_cloudtrail.csv:2633,fe:lytdyc,2024-04-05 18:00:17+00:00,0,0,0.6307684
synthetic_cloudtrail.csv:2634,fe:lytdyc,2024-04-05 18:02:03+00:00,0,0,0.12512834
synthetic_cloudtrail.csv:2635,fe:lytdyc,2024-04-05 18:03:41+00:00,0,0,0.13381694
synthetic_cloudtrail.csv:2636,fe:lytdyc,2024-04-05 18:05:00+00:00,0,0,0.15186767
synthetic_cloudtrail.csv:2637,fe:lytdyc,2024-04-05 18:05:40+00:00,0,0,0.1377803
synthetic_cloudtrail.csv:2638,fe:lytdyc,2024-04-05 18:07:17+00:00,0,0,0.12157514
synthetic_cloudtrail.csv:2639,fe:lytdyc,2024-04-05 18:08:51+00:00,0,0,0.118962415
synthetic_cloudtrail.csv:2640,fe:lytdyc,2024-04-05 18:09:10+00:00,0,0,0.1338955
synthetic_cloudtrail.csv:2641,fe:lytdyc,2024-04-05 18:10:00+00:00,0,0,0.11256797
synthetic_cloudtrail.csv:2642,fe:lytdyc,2024-04-05 18:11:55+00:00,0,0,0.11081751
synthetic_cloudtrail.csv:2643,fe:lytdyc,2024-04-05 18:12:53+00:00,0,0,0.11148249
synthetic_cloudtrail.csv:2644,fe:lytdyc,2024-04-05 18:13:59+00:00,0,0,0.11842014
synthetic_cloudtrail.csv:4935,fe:lzkcq,2024-06-19 14:00:29+00:00,0,0,0.13742164
synthetic_cloudtrail.csv:4936,fe:lzkcq,2024-06-19 14:00:51+00:00,0,0,0.11463844
synthetic_cloudtrail.csv:4937,fe:lzkcq,2024-06-19 14:00:54+00:00,0,0,0.124325685
synthetic_cloudtrail.csv:4938,fe:lzkcq,2024-06-19 14:01:18+00:00,0,0,0.11847352
synthetic_cloudtrail.csv:4939,fe:lzkcq,2024-06-19 14:02:02+00:00,1,1,0.99425113
synthetic_cloudtrail.csv:4940,fe:lzkcq,2024-06-19 14:02:42+00:00,1,1,0.9935235
synthetic_cloudtrail.csv:4941,fe:lzkcq,2024-06-19 14:03:08+00:00,0,0,0.13219075
synthetic_cloudtrail.csv:4942,fe:lzkcq,2024-06-19 14:04:33+00:00,0,0,0.1374074
synthetic_cloudtrail.csv:4943,fe:lzkcq,2024-06-19 14:05:05+00:00,0,0,0.14181311
synthetic_cloudtrail.csv:6434,fe:mbuyle,2024-08-20 13:00:46+00:00,0,0,0.109291755
synthetic_cloudtrail.csv:6436,fe:mbuyle,2024-08-20 13:01:02+00:00,0,0,0.11690814
synthetic_cloudtrail.csv:6439,fe:mbuyle,2024-08-20 13:02:12+00:00,0,0,0.11712817
synthetic_cloudtrail.csv:6442,fe:mbuyle,2024-08-20 13:03:54+00:00,0,0,0.11493025
synthetic_cloudtrail.csv:6445,fe:mbuyle,2024-08-20 13:05:35+00:00,0,0,0.121808775
synthetic_cloudtrail.csv:6446,fe:mbuyle,2024-08-20 13:07:34+00:00,0,0,0.26124063
synthetic_cloudtrail.csv:6447,fe:mbuyle,2024-08-20 13:09:14+00:00,0,0,0.12210101
synthetic_cloudtrail.csv:6448,fe:mbuyle,2024-08-20 13:10:44+00:00,0,0,0.1195402
synthetic_cloudtrail.csv:6449,fe:mbuyle,2024-08-20 13:11:08+00:00,0,0,0.12214219
synthetic_cloudtrail.csv:6450,fe:mbuyle,2024-08-20 13:11:40+00:00,0,0,0.12126267
synthetic_cloudtrail.csv:6451,fe:mbuyle,2024-08-20 13:13:26+00:00,0,0,0.12709375
synthetic_cloudtrail.csv:6452,fe:mbuyle,2024-08-20 13:14:33+00:00,0,0,0.12476425
synthetic_cloudtrail.csv:6874,fe:mckyrw,2024-09-05 13:01:06+00:00,0,0,0.12719955
synthetic_cloudtrail.csv:6877,fe:mckyrw,2024-09-05 13:01:56+00:00,0,0,0.24445505
synthetic_cloudtrail.csv:6882,fe:mckyrw,2024-09-05 13:03:41+00:00,0,0,0.115778856
synthetic_cloudtrail.csv:6884,fe:mckyrw,2024-09-05 13:05:12+00:00,0,0,0.1351641
synthetic_cloudtrail.csv:6886,fe:mckyrw,2024-09-05 13:06:03+00:00,0,0,0.14055584
synthetic_cloudtrail.csv:6889,fe:mckyrw,2024-09-05 13:06:53+00:00,0,0,0.120885536
synthetic_cloudtrail.csv:6891,fe:mckyrw,2024-09-05 13:07:28+00:00,0,0,0.122720614
synthetic_cloudtrail.csv:6892,fe:mckyrw,2024-09-05 13:07:50+00:00,0,0,0.11637246
synthetic_cloudtrail.csv:6893,fe:mckyrw,2024-09-05 13:08:23+00:00,0,0,0.12848882
synthetic_cloudtrail.csv:6894,fe:mckyrw,2024-09-05 13:09:39+00:00,0,0,0.16576253
synthetic_cloudtrail.csv:6895,fe:mckyrw,2024-09-05 13:10:53+00:00,0,0,0.10473033
synthetic_cloudtrail.csv:6896,fe:mckyrw,2024-09-05 13:12:35+00:00,0,0,0.113599166
synthetic_cloudtrail.csv:6897,fe:mckyrw,2024-09-05 13:12:56+00:00,0,0,0.10925989
synthetic_cloudtrail.csv:451,fe:meaalp,2024-01-16 15:00:17+00:00,0,0,0.13662238
synthetic_cloudtrail.csv:458,fe:meaalp,2024-01-16 15:01:47+00:00,0,0,0.09750847
synthetic_cloudtrail.csv:461,fe:meaalp,2024-01-16 15:03:37+00:00,0,0,0.13516822
synthetic_cloudtrail.csv:465,fe:meaalp,2024-01-16 15:05:15+00:00,0,0,0.09772612
synthetic_cloudtrail.csv:466,fe:meaalp,2024-01-16 15:05:36+00:00,0,0,0.11916117
synthetic_cloudtrail.csv:467,fe:meaalp,2024-01-16 15:05:56+00:00,0,0,0.114330426
synthetic_cloudtrail.csv:469,fe:meaalp,2024-01-16 15:07:00+00:00,0,0,0.11948922
synthetic_cloudtrail.csv:470,fe:meaalp,2024-01-16 15:07:46+00:00,0,0,0.12876426
synthetic_cloudtrail.csv:471,fe:meaalp,2024-01-16 15:09:34+00:00,0,0,0.13045518
synthetic_cloudtrail.csv:472,fe:meaalp,2024-01-16 15:11:23+00:00,0,0,0.12290871
synthetic_cloudtrail.csv:473,fe:meaalp,2024-01-16 15:12:28+00:00,0,0,0.2096524
synthetic_cloudtrail.csv:474,fe:meaalp,2024-01-16 15:13:47+00:00,0,0,0.1240812
synthetic_cloudtrail.csv:475,fe:meaalp,2024-01-16 15:15:23+00:00,0,0,0.11326504
synthetic_cloudtrail.csv:476,fe:meaalp,2024-01-16 15:16:17+00:00,0,0,0.11150578
synthetic_cloudtrail.csv:477,fe:meaalp,2024-01-16 15:17:47+00:00,0,0,0.11466506
synthetic_cloudtrail.csv:478,fe:meaalp,2024-01-16 15:18:02+00:00,0,0,0.11715483
synthetic_cloudtrail.csv:479,fe:meaalp,2024-01-16 15:19:37+00:00,0,0,0.14146805
synthetic_cloudtrail.csv:480,fe:meaalp,2024-01-16 15:21:25+00:00,0,0,0.124252215
synthetic_cloudtrail.csv:481,fe:meaalp,2024-01-16 15:22:43+00:00,0,0,0.12355659
synthetic_cloudtrail.csv:2026,fe:meppcr,2024-03-12 10:01:14+00:00,0,0,0.13032521
synthetic_cloudtrail.csv:2027,fe:meppcr,2024-03-12 10:02:32+00:00,0,0,0.13766083
synthetic_cloudtrail.csv:2028,fe:meppcr,2024-03-12 10:02:41+00:00,0,0,0.12430319
synthetic_cloudtrail.csv:2029,fe:meppcr,2024-03-12 10:03:48+00:00,0,0,0.12738597
synthetic_cloudtrail.csv:2030,fe:meppcr,2024-03-12 10:04:52+00:00,0,0,0.14917521
synthetic_cloudtrail.csv:2031,fe:meppcr,2024-03-12 10:06:37+00:00,0,0,0.121305175
synthetic_cloudtrail.csv:2032,fe:meppcr,2024-03-12 10:06:42+00:00,0,0,0.117208466
synthetic_cloudtrail.csv:2033,fe:meppcr,2024-03-12 10:07:14+00:00,0,0,0.11323877
synthetic_cloudtrail.csv:2034,fe:meppcr,2024-03-12 10:08:15+00:00,0,0,0.1065741
synthetic_cloudtrail.csv:2035,fe:meppcr,2024-03-12 10:10:03+00:00,0,0,0.13593525
synthetic_cloudtrail.csv:2036,fe:meppcr,2024-03-12 10:11:40+00:00,0,0,0.122334115
synthetic_cloudtrail.csv:2037,fe:meppcr,2024-03-12 10:13:40+00:00,0,0,0.12859014
synthetic_cloudtrail.csv:2038,fe:meppcr,2024-03-12 10:14:59+00:00,0,0,0.13182689
synthetic_cloudtrail.csv:576,fe:mevuag,2024-01-18 16:01:28+00:00,0,0,0.13432059
synthetic_cloudtrail.csv:577,fe:mevuag,2024-01-18 16:02:29+00:00,0,0,0.10756286
synthetic_cloudtrail.csv:578,fe:mevuag,2024-01-18 16:03:19+00:00,0,0,0.11550903
synthetic_cloudtrail.csv:579,fe:mevuag,2024-01-18 16:04:47+00:00,0,0,0.11581336
synthetic_cloudtrail.csv:580,fe:mevuag,2024-01-18 16:05:24+00:00,0,0,0.23812988
synthetic_cloudtrail.csv:581,fe:mevuag,2024-01-18 16:06:10+00:00,0,0,0.116747
synthetic_cloudtrail.csv:582,fe:mevuag,2024-01-18 16:07:20+00:00,0,0,0.11959343
synthetic_cloudtrail.csv:583,fe:mevuag,2024-01-18 16:08:21+00:00,0,0,0.11572717
synthetic_cloudtrail.csv:584,fe:mevuag,2024-01-18 16:08:47+00:00,0,0,0.11800764
synthetic_cloudtrail.csv:585,fe:mevuag,2024-01-18 16:10:11+00:00,0,0,0.124139406
synthetic_cloudtrail.csv:586,fe:mevuag,2024-01-18 16:11:35+00:00,0,0,0.118331365
synthetic_cloudtrail.csv:587,fe:mevuag,2024-01-18 16:12:03+00:00,0,0,0.14938703
synthetic_cloudtrail.csv:588,fe:mevuag,2024-01-18 16:12:26+00:00,0,0,0.20853071
synthetic_cloudtrail.csv:589,fe:mevuag,2024-01-18 16:12:39+00:00,0,0,0.108413264
synthetic_cloudtrail.csv:590,fe:mevuag,2024-01-18 16:14:33+00:00,0,0,0.11374907
synthetic_cloudtrail.csv:591,fe:mevuag,2024-01-18 16:14:58+00:00,0,0,0.1306621
synthetic_cloudtrail.csv:592,fe:mevuag,2024-01-18 16:15:49+00:00,0,0,0.12272688
synthetic_cloudtrail.csv:593,fe:mevuag,2024-01-18 16:17:03+00:00,0,0,0.116374806
synthetic_cloudtrail.csv:594,fe:mevuag,2024-01-18 16:18:16+00:00,0,0,0.123704456
synthetic_cloudtrail.csv:595,fe:mevuag,2024-01-18 16:18:23+00:00,0,0,0.14771634
synthetic_cloudtrail.csv:4309,fe:mhkuux,2024-06-01 12:00:53+00:00,0,0,0.1377554
synthetic_cloudtrail.csv:4310,fe:mhkuux,2024-06-01 12:02:21+00:00,0,0,0.11253244
synthetic_cloudtrail.csv:4311,fe:mhkuux,2024-06-01 12:03:18+00:00,0,0,0.11395923
synthetic_cloudtrail.csv:4312,fe:mhkuux,2024-06-01 12:03:47+00:00,0,0,0.1382919
synthetic_cloudtrail.csv:4313,fe:mhkuux,2024-06-01 12:04:49+00:00,0,0,0.11088494
synthetic_cloudtrail.csv:4314,fe:mhkuux,2024-06-01 12:05:07+00:00,0,0,0.10805476
synthetic_cloudtrail.csv:4315,fe:mhkuux,2024-06-01 12:06:10+00:00,0,0,0.11417911
synthetic_cloudtrail.csv:4316,fe:mhkuux,2024-06-01 12:07:21+00:00,0,0,0.11306208
synthetic_cloudtrail.csv:4317,fe:mhkuux,2024-06-01 12:07:31+00:00,0,0,0.11898084
synthetic_cloudtrail.csv:4318,fe:mhkuux,2024-06-01 12:08:01+00:00,0,0,0.12104846
synthetic_cloudtrail.csv:4319,fe:mhkuux,2024-06-01 12:09:26+00:00,0,0,0.11029607
synthetic_cloudtrail.csv:4320,fe:mhkuux,2024-06-01 12:10:32+00:00,0,0,0.11752048
synthetic_cloudtrail.csv:4321,fe:mhkuux,2024-06-01 12:11:01+00:00,0,0,0.1202135
synthetic_cloudtrail.csv:4322,fe:mhkuux,2024-06-01 12:11:59+00:00,0,0,0.1153855
synthetic_cloudtrail.csv:4323,fe:mhkuux,2024-06-01 12:13:58+00:00,0,0,0.11148804
synthetic_cloudtrail.csv:4324,fe:mhkuux,2024-06-01 12:14:16+00:00,0,0,0.11256103
synthetic_cloudtrail.csv:4325,fe:mhkuux,2024-06-01 12:15:44+00:00,0,0,0.12515336
synthetic_cloudtrail.csv:4326,fe:mhkuux,2024-06-01 12:17:42+00:00,0,0,0.13299838
synthetic_cloudtrail.csv:7719,fe:mhvydf,2024-10-07 19:00:45+00:00,0,0,0.11926717
synthetic_cloudtrail.csv:7720,fe:mhvydf,2024-10-07 19:01:14+00:00,0,0,0.12363461
synthetic_cloudtrail.csv:7721,fe:mhvydf,2024-10-07 19:02:13+00:00,0,0,0.123554945
synthetic_cloudtrail.csv:7722,fe:mhvydf,2024-10-07 19:02:45+00:00,0,0,0.13522406
synthetic_cloudtrail.csv:7723,fe:mhvydf,2024-10-07 19:04:08+00:00,0,0,0.11602719
synthetic_cloudtrail.csv:7724,fe:mhvydf,2024-10-07 19:06:01+00:00,0,0,0.12051383
synthetic_cloudtrail.csv:7725,fe:mhvydf,2024-10-07 19:07:03+00:00,0,0,0.27747074
synthetic_cloudtrail.csv:7726,fe:mhvydf,2024-10-07 19:07:10+00:00,0,0,0.13503851
synthetic_cloudtrail.csv:7727,fe:mhvydf,2024-10-07 19:08:03+00:00,0,0,0.11547562
synthetic_cloudtrail.csv:5764,fe:mipqxordqt,2024-07-21 13:00:22+00:00,0,0,0.12580447
synthetic_cloudtrail.csv:5765,fe:mipqxordqt,2024-07-21 13:00:31+00:00,0,0,0.11942419
synthetic_cloudtrail.csv:5766,fe:mipqxordqt,2024-07-21 13:00:43+00:00,0,0,0.1317712
synthetic_cloudtrail.csv:5767,fe:mipqxordqt,2024-07-21 13:01:00+00:00,0,0,0.11646196
synthetic_cloudtrail.csv:5768,fe:mipqxordqt,2024-07-21 13:01:28+00:00,0,0,0.13831308
synthetic_cloudtrail.csv:5769,fe:mipqxordqt,2024-07-21 13:01:50+00:00,0,0,0.1473046
synthetic_cloudtrail.csv:5770,fe:mipqxordqt,2024-07-21 13:02:15+00:00,0,0,0.12205787
synthetic_cloudtrail.csv:5771,fe:mipqxordqt,2024-07-21 13:02:42+00:00,0,0,0.13596866
synthetic_cloudtrail.csv:5772,fe:mipqxordqt,2024-07-21 13:03:31+00:00,1,1,0.9954228
synthetic_cloudtrail.csv:5773,fe:mipqxordqt,2024-07-21 13:03:41+00:00,1,1,0.9953441
synthetic_cloudtrail.csv:5774,fe:mipqxordqt,2024-07-21 13:04:09+00:00,0,0,0.119653575
synthetic_cloudtrail.csv:5775,fe:mipqxordqt,2024-07-21 13:04:50+00:00,0,0,0.11664198
synthetic_cloudtrail.csv:3337,fe:mkynxpq,2024-04-27 11:00:13+00:00,0,0,0.13109733
synthetic_cloudtrail.csv:3339,fe:mkynxpq,2024-04-27 11:00:37+00:00,0,0,0.11806124
synthetic_cloudtrail.csv:3341,fe:mkynxpq,2024-04-27 11:00:44+00:00,0,0,0.12174173
synthetic_cloudtrail.csv:3344,fe:mkynxpq,2024-04-27 11:01:07+00:00,0,0,0.117088474
synthetic_cloudtrail.csv:3345,fe:mkynxpq,2024-04-27 11:01:23+00:00,0,0,0.123484455
synthetic_cloudtrail.csv:3347,fe:mkynxpq,2024-04-27 11:01:26+00:00,0,0,0.12567016
synthetic_cloudtrail.csv:3349,fe:mkynxpq,2024-04-27 11:01:48+00:00,0,0,0.13154127
synthetic_cloudtrail.csv:3350,fe:mkynxpq,2024-04-27 11:02:26+00:00,1,1,0.99570066
synthetic_cloudtrail.csv:3353,fe:mkynxpq,2024-04-27 11:03:12+00:00,1,1,0.99560106
synthetic_cloudtrail.csv:3355,fe:mkynxpq,2024-04-27 11:04:07+00:00,1,1,0.99539423
synthetic_cloudtrail.csv:3357,fe:mkynxpq,2024-04-27 11:05:04+00:00,0,0,0.15077919
synthetic_cloudtrail.csv:3358,fe:mkynxpq,2024-04-27 11:05:28+00:00,0,0,0.11743004
synthetic_cloudtrail.csv:3360,fe:mkynxpq,2024-04-27 11:06:09+00:00,0,0,0.12006636
synthetic_cloudtrail.csv:3363,fe:mkynxpq,2024-04-27 11:07:27+00:00,0,0,0.11362662
synthetic_cloudtrail.csv:7769,fe:mnmedc,2024-10-09 12:00:06+00:00,0,0,0.122300915
synthetic_cloudtrail.csv:7770,fe:mnmedc,2024-10-09 12:01:49+00:00,0,0,0.11716671
synthetic_cloudtrail.csv:7771,fe:mnmedc,2024-10-09 12:02:28+00:00,0,0,0.12713306
synthetic_cloudtrail.csv:7772,fe:mnmedc,2024-10-09 12:04:20+00:00,0,0,0.12249164
synthetic_cloudtrail.csv:7773,fe:mnmedc,2024-10-09 12:05:49+00:00,0,0,0.12708299
synthetic_cloudtrail.csv:7774,fe:mnmedc,2024-10-09 12:06:28+00:00,0,0,0.11869168
synthetic_cloudtrail.csv:7775,fe:mnmedc,2024-10-09 12:08:01+00:00,0,0,0.12041053
synthetic_cloudtrail.csv:7776,fe:mnmedc,2024-10-09 12:08:25+00:00,0,0,0.11724039
synthetic_cloudtrail.csv:7777,fe:mnmedc,2024-10-09 12:10:07+00:00,0,0,0.11770713
synthetic_cloudtrail.csv:7778,fe:mnmedc,2024-10-09 12:11:47+00:00,0,0,0.14337167
synthetic_cloudtrail.csv:7779,fe:mnmedc,2024-10-09 12:12:54+00:00,0,0,0.10783571
synthetic_cloudtrail.csv:7780,fe:mnmedc,2024-10-09 12:14:42+00:00,0,0,0.12376968
synthetic_cloudtrail.csv:7781,fe:mnmedc,2024-10-09 12:14:49+00:00,0,0,0.12410496
synthetic_cloudtrail.csv:7782,fe:mnmedc,2024-10-09 12:15:46+00:00,0,0,0.121697746
synthetic_cloudtrail.csv:7783,fe:mnmedc,2024-10-09 12:17:45+00:00,0,0,0.15115541
synthetic_cloudtrail.csv:7784,fe:mnmedc,2024-10-09 12:19:39+00:00,0,0,0.10633156
synthetic_cloudtrail.csv:7785,fe:mnmedc,2024-10-09 12:20:12+00:00,0,0,0.13333885
synthetic_cloudtrail.csv:7786,fe:mnmedc,2024-10-09 12:20:22+00:00,0,0,0.120263524
synthetic_cloudtrail.csv:7787,fe:mnmedc,2024-10-09 12:21:15+00:00,0,0,0.11404326
synthetic_cloudtrail.csv:7075,fe:moqdso,2024-09-11 14:00:26+00:00,0,0,0.13632216
synthetic_cloudtrail.csv:7076,fe:moqdso,2024-09-11 14:02:21+00:00,0,0,0.123420715
synthetic_cloudtrail.csv:7077,fe:moqdso,2024-09-11 14:03:22+00:00,0,0,0.11876409
synthetic_cloudtrail.csv:7078,fe:moqdso,2024-09-11 14:03:40+00:00,0,0,0.12476356
synthetic_cloudtrail.csv:7079,fe:moqdso,2024-09-11 14:04:09+00:00,0,0,0.13398135
synthetic_cloudtrail.csv:7080,fe:moqdso,2024-09-11 14:06:02+00:00,0,0,0.11245012
synthetic_cloudtrail.csv:7081,fe:moqdso,2024-09-11 14:06:41+00:00,0,0,0.12649329
synthetic_cloudtrail.csv:7082,fe:moqdso,2024-09-11 14:07:53+00:00,0,0,0.14926365
synthetic_cloudtrail.csv:7083,fe:moqdso,2024-09-11 14:08:04+00:00,0,0,0.120267086
synthetic_cloudtrail.csv:7084,fe:moqdso,2024-09-11 14:08:51+00:00,0,0,0.1171891
synthetic_cloudtrail.csv:7085,fe:moqdso,2024-09-11 14:10:39+00:00,0,0,0.11722494
synthetic_cloudtrail.csv:7086,fe:moqdso,2024-09-11 14:11:15+00:00,0,0,0.10822494
synthetic_cloudtrail.csv:8097,fe:mpgmho,2024-10-18 19:03:00+00:00,0,0,0.22190674
synthetic_cloudtrail.csv:8098,fe:mpgmho,2024-10-18 19:10:45+00:00,0,0,0.15978028
synthetic_cloudtrail.csv:8099,fe:mpgmho,2024-10-18 19:19:59+00:00,0,0,0.18034771
synthetic_cloudtrail.csv:8100,fe:mpgmho,2024-10-18 19:26:16+00:00,0,0,0.16880386
synthetic_cloudtrail.csv:520,fe:msaioyx,2024-01-18 10:00:03+00:00,0,0,0.121797346
synthetic_cloudtrail.csv:521,fe:msaioyx,2024-01-18 10:00:11+00:00,0,0,0.11893909
synthetic_cloudtrail.csv:523,fe:msaioyx,2024-01-18 10:00:40+00:00,0,0,0.12496304
synthetic_cloudtrail.csv:526,fe:msaioyx,2024-01-18 10:01:05+00:00,0,0,0.13130687
synthetic_cloudtrail.csv:528,fe:msaioyx,2024-01-18 10:01:28+00:00,0,0,0.1297055
synthetic_cloudtrail.csv:530,fe:msaioyx,2024-01-18 10:01:34+00:00,1,1,0.9946498
synthetic_cloudtrail.csv:531,fe:msaioyx,2024-01-18 10:01:47+00:00,1,1,0.9940011
synthetic_cloudtrail.csv:534,fe:msaioyx,2024-01-18 10:01:58+00:00,1,1,0.9619723
synthetic_cloudtrail.csv:536,fe:msaioyx,2024-01-18 10:02:09+00:00,0,0,0.116327
synthetic_cloudtrail.csv:540,fe:msaioyx,2024-01-18 10:02:38+00:00,0,0,0.12339832
synthetic_cloudtrail.csv:545,fe:msaioyx,2024-01-18 10:04:05+00:00,0,0,0.11421221
synthetic_cloudtrail.csv:546,fe:msaioyx,2024-01-18 10:04:37+00:00,0,0,0.1502163
synthetic_cloudtrail.csv:547,fe:msaioyx,2024-01-18 10:05:34+00:00,0,0,0.11794296
synthetic_cloudtrail.csv:438,fe:mshovm,2024-01-16 09:01:26+00:00,0,0,0.14373145
synthetic_cloudtrail.csv:439,fe:mshovm,2024-01-16 09:02:37+00:00,0,0,0.10634554
synthetic_cloudtrail.csv:440,fe:mshovm,2024-01-16 09:04:30+00:00,1,0,0.98482937
synthetic_cloudtrail.csv:441,fe:mshovm,2024-01-16 09:05:11+00:00,0,0,0.16532895
synthetic_cloudtrail.csv:442,fe:mshovm,2024-01-16 09:05:26+00:00,0,0,0.14621933
synthetic_cloudtrail.csv:443,fe:mshovm,2024-01-16 09:06:57+00:00,0,0,0.10932187
synthetic_cloudtrail.csv:444,fe:mshovm,2024-01-16 09:08:03+00:00,1,0,0.92073274
synthetic_cloudtrail.csv:445,fe:mshovm,2024-01-16 09:08:52+00:00,0,0,0.1525227
synthetic_cloudtrail.csv:446,fe:mshovm,2024-01-16 09:10:06+00:00,0,0,0.12235492
synthetic_cloudtrail.csv:447,fe:mshovm,2024-01-16 09:11:04+00:00,0,0,0.13717443
synthetic_cloudtrail.csv:448,fe:mshovm,2024-01-16 09:12:08+00:00,0,0,0.1163929
synthetic_cloudtrail.csv:449,fe:mshovm,2024-01-16 09:12:42+00:00,0,0,0.11909235
synthetic_cloudtrail.csv:450,fe:mshovm,2024-01-16 09:13:52+00:00,0,0,0.12639832
synthetic_cloudtrail.csv:3808,fe:muczovbkg,2024-05-13 15:00:15+00:00,0,0,0.10603934
synthetic_cloudtrail.csv:3809,fe:muczovbkg,2024-05-13 15:00:43+00:00,0,0,0.11332636
synthetic_cloudtrail.csv:3810,fe:muczovbkg,2024-05-13 15:01:02+00:00,0,0,0.113292545
synthetic_cloudtrail.csv:3811,fe:muczovbkg,2024-05-13 15:01:08+00:00,0,0,0.131745
synthetic_cloudtrail.csv:3812,fe:muczovbkg,2024-05-13 15:01:31+00:00,0,0,0.14310582
synthetic_cloudtrail.csv:3813,fe:muczovbkg,2024-05-13 15:01:58+00:00,0,0,0.11466687
synthetic_cloudtrail.csv:3814,fe:muczovbkg,2024-05-13 15:02:19+00:00,0,0,0.11660953
synthetic_cloudtrail.csv:3815,fe:muczovbkg,2024-05-13 15:02:39+00:00,0,0,0.12882076
synthetic_cloudtrail.csv:3816,fe:muczovbkg,2024-05-13 15:03:04+00:00,1,1,0.99555427
synthetic_cloudtrail.csv:3817,fe:muczovbkg,2024-05-13 15:04:21+00:00,1,0,0.5996872
synthetic_cloudtrail.csv:3818,fe:muczovbkg,2024-05-13 15:05:18+00:00,0,0,0.12416116
synthetic_cloudtrail.csv:3819,fe:muczovbkg,2024-05-13 15:05:57+00:00,0,0,0.14041008
synthetic_cloudtrail.csv:7124,fe:muvw,2024-09-13 18:00:23+00:00,0,0,0.11999691
synthetic_cloudtrail.csv:7125,fe:muvw,2024-09-13 18:00:34+00:00,0,0,0.12709832
synthetic_cloudtrail.csv:7126,fe:muvw,2024-09-13 18:00:49+00:00,0,0,0.11532856
synthetic_cloudtrail.csv:7127,fe:muvw,2024-09-13 18:01:49+00:00,1,1,0.99292904
synthetic_cloudtrail.csv:7128,fe:muvw,2024-09-13 18:01:58+00:00,1,1,0.99358094
synthetic_cloudtrail.csv:7129,fe:muvw,2024-09-13 18:02:43+00:00,1,1,0.9939814
synthetic_cloudtrail.csv:7130,fe:muvw,2024-09-13 18:03:24+00:00,0,0,0.12545446
synthetic_cloudtrail.csv:7131,fe:muvw,2024-09-13 18:03:40+00:00,0,0,0.12682326
synthetic_cloudtrail.csv:5202,fe:mwniwy,2024-07-03 08:01:27+00:00,0,0,0.11480892
synthetic_cloudtrail.csv:5203,fe:mwniwy,2024-07-03 08:02:04+00:00,0,0,0.12153901
synthetic_cloudtrail.csv:5204,fe:mwniwy,2024-07-03 08:02:36+00:00,0,0,0.12709966
synthetic_cloudtrail.csv:5205,fe:mwniwy,2024-07-03 08:03:04+00:00,0,0,0.13159731
synthetic_cloudtrail.csv:5206,fe:mwniwy,2024-07-03 08:03:55+00:00,0,0,0.13432734
synthetic_cloudtrail.csv:5207,fe:mwniwy,2024-07-03 08:05:38+00:00,0,0,0.13055064
synthetic_cloudtrail.csv:5208,fe:mwniwy,2024-07-03 08:07:07+00:00,0,0,0.12837696
synthetic_cloudtrail.csv:5209,fe:mwniwy,2024-07-03 08:08:49+00:00,0,0,0.13724865
synthetic_cloudtrail.csv:5210,fe:mwniwy,2024-07-03 08:10:05+00:00,0,0,0.11484722
synthetic_cloudtrail.csv:5211,fe:mwniwy,2024-07-03 08:10:30+00:00,0,0,0.13077703
synthetic_cloudtrail.csv:5212,fe:mwniwy,2024-07-03 08:11:33+00:00,0,0,0.11952288
synthetic_cloudtrail.csv:5213,fe:mwniwy,2024-07-03 08:11:50+00:00,0,0,0.122819655
synthetic_cloudtrail.csv:5214,fe:mwniwy,2024-07-03 08:13:42+00:00,0,0,0.1288475
synthetic_cloudtrail.csv:5215,fe:mwniwy,2024-07-03 08:14:19+00:00,0,0,0.124494545
synthetic_cloudtrail.csv:5216,fe:mwniwy,2024-07-03 08:15:57+00:00,0,0,0.12575194
synthetic_cloudtrail.csv:6011,fe:nbfgan,2024-08-02 13:01:29+00:00,0,0,0.13185582
synthetic_cloudtrail.csv:6012,fe:nbfgan,2024-08-02 13:03:04+00:00,0,0,0.12683393
synthetic_cloudtrail.csv:6013,fe:nbfgan,2024-08-02 13:03:22+00:00,0,0,0.14665583
synthetic_cloudtrail.csv:6014,fe:nbfgan,2024-08-02 13:05:12+00:00,0,0,0.13960668
synthetic_cloudtrail.csv:6015,fe:nbfgan,2024-08-02 13:06:42+00:00,0,0,0.11380517
synthetic_cloudtrail.csv:6016,fe:nbfgan,2024-08-02 13:07:04+00:00,0,0,0.12156997
synthetic_cloudtrail.csv:6017,fe:nbfgan,2024-08-02 13:08:05+00:00,0,0,0.12656692
synthetic_cloudtrail.csv:6018,fe:nbfgan,2024-08-02 13:08:28+00:00,1,0,0.39542383
synthetic_cloudtrail.csv:6019,fe:nbfgan,2024-08-02 13:08:42+00:00,0,0,0.15289585
synthetic_cloudtrail.csv:6020,fe:nbfgan,2024-08-02 13:10:05+00:00,1,0,0.32511148
synthetic_cloudtrail.csv:6021,fe:nbfgan,2024-08-02 13:11:14+00:00,0,0,0.12945141
synthetic_cloudtrail.csv:6022,fe:nbfgan,2024-08-02 13:11:20+00:00,0,0,0.120579906
synthetic_cloudtrail.csv:9292,fe:nccrls,2024-12-02 17:01:02+00:00,0,0,0.113807194
synthetic_cloudtrail.csv:9293,fe:nccrls,2024-12-02 17:01:43+00:00,0,0,0.13185136
synthetic_cloudtrail.csv:9294,fe:nccrls,2024-12-02 17:02:09+00:00,0,0,0.10695836
synthetic_cloudtrail.csv:9295,fe:nccrls,2024-12-02 17:02:46+00:00,0,0,0.11302772
synthetic_cloudtrail.csv:9296,fe:nccrls,2024-12-02 17:03:09+00:00,0,0,0.12489004
synthetic_cloudtrail.csv:9297,fe:nccrls,2024-12-02 17:04:56+00:00,0,0,0.14208701
synthetic_cloudtrail.csv:9298,fe:nccrls,2024-12-02 17:05:50+00:00,0,0,0.12821525
synthetic_cloudtrail.csv:9299,fe:nccrls,2024-12-02 17:06:52+00:00,0,0,0.1277703
synthetic_cloudtrail.csv:919,fe:nczcpg,2024-02-02 09:01:49+00:00,0,0,0.8993525
synthetic_cloudtrail.csv:920,fe:nczcpg,2024-02-02 09:03:31+00:00,0,0,0.13415977
synthetic_cloudtrail.csv:921,fe:nczcpg,2024-02-02 09:03:54+00:00,0,0,0.15882118
synthetic_cloudtrail.csv:922,fe:nczcpg,2024-02-02 09:04:25+00:00,0,0,0.119261965
synthetic_cloudtrail.csv:923,fe:nczcpg,2024-02-02 09:05:32+00:00,0,0,0.14074011
synthetic_cloudtrail.csv:924,fe:nczcpg,2024-02-02 09:05:52+00:00,0,0,0.12594816
synthetic_cloudtrail.csv:925,fe:nczcpg,2024-02-02 09:06:56+00:00,0,0,0.14115912
synthetic_cloudtrail.csv:926,fe:nczcpg,2024-02-02 09:07:25+00:00,0,0,0.14309454
synthetic_cloudtrail.csv:927,fe:nczcpg,2024-02-02 09:08:45+00:00,0,0,0.13322006
synthetic_cloudtrail.csv:928,fe:nczcpg,2024-02-02 09:09:03+00:00,0,0,0.1557894
synthetic_cloudtrail.csv:929,fe:nczcpg,2024-02-02 09:10:15+00:00,0,0,0.16545525
synthetic_cloudtrail.csv:930,fe:nczcpg,2024-02-02 09:12:07+00:00,0,0,0.12629029
synthetic_cloudtrail.csv:931,fe:nczcpg,2024-02-02 09:13:19+00:00,0,0,0.13187112
synthetic_cloudtrail.csv:932,fe:nczcpg,2024-02-02 09:14:51+00:00,0,0,0.13139114
synthetic_cloudtrail.csv:933,fe:nczcpg,2024-02-02 09:16:49+00:00,0,0,0.13327174
synthetic_cloudtrail.csv:934,fe:nczcpg,2024-02-02 09:18:14+00:00,0,0,0.1543008
synthetic_cloudtrail.csv:935,fe:nczcpg,2024-02-02 09:20:04+00:00,0,0,0.1305908
synthetic_cloudtrail.csv:936,fe:nczcpg,2024-02-02 09:21:41+00:00,0,0,0.14159597
synthetic_cloudtrail.csv:937,fe:nczcpg,2024-02-02 09:22:06+00:00,0,0,0.1585612
synthetic_cloudtrail.csv:9039,fe:ndswlg,2024-11-23 10:01:24+00:00,0,0,0.73509693
synthetic_cloudtrail.csv:9040,fe:ndswlg,2024-11-23 10:02:54+00:00,0,0,0.13877304
synthetic_cloudtrail.csv:9041,fe:ndswlg,2024-11-23 10:04:18+00:00,0,0,0.12146055
synthetic_cloudtrail.csv:9042,fe:ndswlg,2024-11-23 10:04:57+00:00,0,0,0.14655955
synthetic_cloudtrail.csv:9043,fe:ndswlg,2024-11-23 10:06:53+00:00,0,0,0.15068087
synthetic_cloudtrail.csv:9044,fe:ndswlg,2024-11-23 10:08:36+00:00,0,0,0.12745664
synthetic_cloudtrail.csv:9045,fe:ndswlg,2024-11-23 10:09:48+00:00,0,0,0.123955525
synthetic_cloudtrail.csv:9046,fe:ndswlg,2024-11-23 10:10:23+00:00,0,0,0.16707493
synthetic_cloudtrail.csv:9047,fe:ndswlg,2024-11-23 10:11:21+00:00,0,0,0.13835162
synthetic_cloudtrail.csv:9048,fe:ndswlg,2024-11-23 10:13:05+00:00,0,0,0.13085753
synthetic_cloudtrail.csv:9049,fe:ndswlg,2024-11-23 10:13:12+00:00,0,0,0.11262335
synthetic_cloudtrail.csv:9050,fe:ndswlg,2024-11-23 10:14:13+00:00,0,0,0.11889787
synthetic_cloudtrail.csv:3378,fe:nenlkx,2024-04-27 15:01:50+00:00,0,0,0.12521733
synthetic_cloudtrail.csv:3379,fe:nenlkx,2024-04-27 15:02:17+00:00,0,0,0.13039498
synthetic_cloudtrail.csv:3380,fe:nenlkx,2024-04-27 15:03:22+00:00,0,0,0.119875975
synthetic_cloudtrail.csv:3381,fe:nenlkx,2024-04-27 15:03:44+00:00,0,0,0.11381097
synthetic_cloudtrail.csv:3382,fe:nenlkx,2024-04-27 15:04:54+00:00,0,0,0.1135313
synthetic_cloudtrail.csv:3383,fe:nenlkx,2024-04-27 15:06:02+00:00,0,0,0.114085816
synthetic_cloudtrail.csv:3384,fe:nenlkx,2024-04-27 15:07:32+00:00,0,0,0.11626996
synthetic_cloudtrail.csv:3385,fe:nenlkx,2024-04-27 15:09:23+00:00,0,0,0.122118376
synthetic_cloudtrail.csv:3386,fe:nenlkx,2024-04-27 15:11:22+00:00,0,0,0.11777463
synthetic_cloudtrail.csv:3387,fe:nenlkx,2024-04-27 15:11:33+00:00,0,0,0.11701379
synthetic_cloudtrail.csv:3388,fe:nenlkx,2024-04-27 15:12:47+00:00,0,0,0.12609622
synthetic_cloudtrail.csv:3389,fe:nenlkx,2024-04-27 15:14:11+00:00,0,0,0.116617754
synthetic_cloudtrail.csv:3390,fe:nenlkx,2024-04-27 15:15:56+00:00,0,0,0.12015173
synthetic_cloudtrail.csv:3391,fe:nenlkx,2024-04-27 15:17:01+00:00,0,0,0.12018735
synthetic_cloudtrail.csv:1214,fe:neskvy,2024-02-11 07:00:07+00:00,0,0,0.11301689
synthetic_cloudtrail.csv:1215,fe:neskvy,2024-02-11 07:00:24+00:00,0,0,0.12215018
synthetic_cloudtrail.csv:1216,fe:neskvy,2024-02-11 07:00:54+00:00,0,0,0.114626504
synthetic_cloudtrail.csv:1217,fe:neskvy,2024-02-11 07:01:24+00:00,1,1,0.99096304
synthetic_cloudtrail.csv:1218,fe:neskvy,2024-02-11 07:02:08+00:00,1,1,0.98749834
synthetic_cloudtrail.csv:1219,fe:neskvy,2024-02-11 07:02:58+00:00,0,0,0.11044293
synthetic_cloudtrail.csv:1220,fe:neskvy,2024-02-11 07:03:57+00:00,0,0,0.12449659
synthetic_cloudtrail.csv:4864,fe:netlwr,2024-06-17 15:01:02+00:00,0,0,0.19519907
synthetic_cloudtrail.csv:4865,fe:netlwr,2024-06-17 15:02:35+00:00,0,0,0.12653509
synthetic_cloudtrail.csv:4866,fe:netlwr,2024-06-17 15:03:02+00:00,0,0,0.14144449
synthetic_cloudtrail.csv:4868,fe:netlwr,2024-06-17 15:04:52+00:00,0,0,0.13776493
synthetic_cloudtrail.csv:4869,fe:netlwr,2024-06-17 15:06:07+00:00,0,0,0.11404909
synthetic_cloudtrail.csv:4870,fe:netlwr,2024-06-17 15:06:12+00:00,0,0,0.1263637
synthetic_cloudtrail.csv:4872,fe:netlwr,2024-06-17 15:07:27+00:00,0,0,0.12039912
synthetic_cloudtrail.csv:4873,fe:netlwr,2024-06-17 15:07:45+00:00,0,0,0.1253856
synthetic_cloudtrail.csv:4875,fe:netlwr,2024-06-17 15:09:14+00:00,0,0,0.15710595
synthetic_cloudtrail.csv:4876,fe:netlwr,2024-06-17 15:10:18+00:00,1,0,0.30546695
synthetic_cloudtrail.csv:4877,fe:netlwr,2024-06-17 15:11:01+00:00,0,0,0.12284193
synthetic_cloudtrail.csv:4878,fe:netlwr,2024-06-17 15:12:30+00:00,0,0,0.1152267
synthetic_cloudtrail.csv:4879,fe:netlwr,2024-06-17 15:13:02+00:00,0,0,0.1346896
synthetic_cloudtrail.csv:4881,fe:netlwr,2024-06-17 15:14:34+00:00,0,0,0.12287066
synthetic_cloudtrail.csv:4883,fe:netlwr,2024-06-17 15:15:31+00:00,0,0,0.10905005
synthetic_cloudtrail.csv:4885,fe:netlwr,2024-06-17 15:17:28+00:00,0,0,0.11200241
synthetic_cloudtrail.csv:4886,fe:netlwr,2024-06-17 15:17:41+00:00,0,0,0.120357364
synthetic_cloudtrail.csv:9802,fe:neuadi,2024-12-16 18:00:23+00:00,0,0,0.1286749
synthetic_cloudtrail.csv:9803,fe:neuadi,2024-12-16 18:02:10+00:00,0,0,0.12130346
synthetic_cloudtrail.csv:9804,fe:neuadi,2024-12-16 18:03:40+00:00,0,0,0.11755456
synthetic_cloudtrail.csv:9805,fe:neuadi,2024-12-16 18:05:38+00:00,0,0,0.12772132
synthetic_cloudtrail.csv:9806,fe:neuadi,2024-12-16 18:05:48+00:00,0,0,0.12127103
synthetic_cloudtrail.csv:9807,fe:neuadi,2024-12-16 18:06:50+00:00,0,0,0.12730014
synthetic_cloudtrail.csv:9808,fe:neuadi,2024-12-16 18:08:34+00:00,0,0,0.12051429
synthetic_cloudtrail.csv:9809,fe:neuadi,2024-12-16 18:09:37+00:00,0,0,0.14436102
synthetic_cloudtrail.csv:9810,fe:neuadi,2024-12-16 18:10:50+00:00,0,0,0.11044353
synthetic_cloudtrail.csv:9811,fe:neuadi,2024-12-16 18:12:19+00:00,0,0,0.11952674
synthetic_cloudtrail.csv:9812,fe:neuadi,2024-12-16 18:12:48+00:00,0,0,0.12325632
synthetic_cloudtrail.csv:9813,fe:neuadi,2024-12-16 18:13:35+00:00,0,0,0.13300718
synthetic_cloudtrail.csv:9814,fe:neuadi,2024-12-16 18:15:02+00:00,0,0,0.0984228
synthetic_cloudtrail.csv:9815,fe:neuadi,2024-12-16 18:16:43+00:00,0,0,0.117834486
synthetic_cloudtrail.csv:9816,fe:neuadi,2024-12-16 18:16:48+00:00,0,0,0.10813539
synthetic_cloudtrail.csv:9817,fe:neuadi,2024-12-16 18:17:54+00:00,0,0,0.11312483
synthetic_cloudtrail.csv:9818,fe:neuadi,2024-12-16 18:19:38+00:00,0,0,0.103417225
synthetic_cloudtrail.csv:5170,fe:nezwftp,2024-07-02 16:00:10+00:00,0,0,0.121585
synthetic_cloudtrail.csv:5171,fe:nezwftp,2024-07-02 16:00:21+00:00,0,0,0.11788674
synthetic_cloudtrail.csv:5172,fe:nezwftp,2024-07-02 16:00:45+00:00,0,0,0.12602349
synthetic_cloudtrail.csv:5173,fe:nezwftp,2024-07-02 16:01:31+00:00,1,1,0.9925195
synthetic_cloudtrail.csv:5174,fe:nezwftp,2024-07-02 16:02:02+00:00,1,1,0.99485415
synthetic_cloudtrail.csv:5175,fe:nezwftp,2024-07-02 16:02:25+00:00,0,0,0.14187305
synthetic_cloudtrail.csv:5176,fe:nezwftp,2024-07-02 16:02:38+00:00,0,0,0.11068899
synthetic_cloudtrail.csv:7063,fe:nfcqpkwt,2024-09-11 10:00:29+00:00,0,0,0.14082488
synthetic_cloudtrail.csv:7064,fe:nfcqpkwt,2024-09-11 10:00:32+00:00,0,0,0.1422182
synthetic_cloudtrail.csv:7065,fe:nfcqpkwt,2024-09-11 10:01:00+00:00,0,0,0.14648905
synthetic_cloudtrail.csv:7066,fe:nfcqpkwt,2024-09-11 10:01:06+00:00,0,0,0.16060352
synthetic_cloudtrail.csv:7067,fe:nfcqpkwt,2024-09-11 10:01:16+00:00,0,0,0.13299717
synthetic_cloudtrail.csv:7068,fe:nfcqpkwt,2024-09-11 10:01:28+00:00,0,0,0.1442245
synthetic_cloudtrail.csv:7069,fe:nfcqpkwt,2024-09-11 10:02:18+00:00,1,1,0.9944131
synthetic_cloudtrail.csv:7070,fe:nfcqpkwt,2024-09-11 10:03:01+00:00,1,1,0.99419
synthetic_cloudtrail.csv:7071,fe:nfcqpkwt,2024-09-11 10:03:53+00:00,0,0,0.12341694
synthetic_cloudtrail.csv:7072,fe:nfcqpkwt,2024-09-11 10:04:57+00:00,0,0,0.14972281
synthetic_cloudtrail.csv:7073,fe:nfcqpkwt,2024-09-11 10:05:23+00:00,0,0,0.12495728
synthetic_cloudtrail.csv:7074,fe:nfcqpkwt,2024-09-11 10:05:45+00:00,0,0,0.17595415
synthetic_cloudtrail.csv:5564,fe:nfmqy,2024-07-14 08:00:26+00:00,0,0,0.12988229
synthetic_cloudtrail.csv:5565,fe:nfmqy,2024-07-14 08:00:33+00:00,0,0,0.117567495
synthetic_cloudtrail.csv:5566,fe:nfmqy,2024-07-14 08:01:03+00:00,0,0,0.1429258
synthetic_cloudtrail.csv:5567,fe:nfmqy,2024-07-14 08:01:15+00:00,0,0,0.14826968
synthetic_cloudtrail.csv:5568,fe:nfmqy,2024-07-14 08:01:39+00:00,0,0,0.14899696
synthetic_cloudtrail.csv:5569,fe:nfmqy,2024-07-14 08:01:46+00:00,1,1,0.9941282
synthetic_cloudtrail.csv:5570,fe:nfmqy,2024-07-14 08:02:21+00:00,1,1,0.99287146
synthetic_cloudtrail.csv:5571,fe:nfmqy,2024-07-14 08:02:29+00:00,1,1,0.9780327
synthetic_cloudtrail.csv:5572,fe:nfmqy,2024-07-14 08:03:01+00:00,0,0,0.13822186
synthetic_cloudtrail.csv:5573,fe:nfmqy,2024-07-14 08:03:35+00:00,0,0,0.09748295
synthetic_cloudtrail.csv:5574,fe:nfmqy,2024-07-14 08:04:32+00:00,0,0,0.12255172
synthetic_cloudtrail.csv:5575,fe:nfmqy,2024-07-14 08:06:00+00:00,0,0,0.112743646
synthetic_cloudtrail.csv:5576,fe:nfmqy,2024-07-14 08:06:20+00:00,0,0,0.12822323
synthetic_cloudtrail.csv:5414,fe:nfqdylmxkj,2024-07-09 08:00:16+00:00,0,0,0.11900213
synthetic_cloudtrail.csv:5416,fe:nfqdylmxkj,2024-07-09 08:00:39+00:00,0,0,0.11112237
synthetic_cloudtrail.csv:5418,fe:nfqdylmxkj,2024-07-09 08:00:47+00:00,0,0,0.11394433
synthetic_cloudtrail.csv:5420,fe:nfqdylmxkj,2024-07-09 08:01:15+00:00,0,0,0.12774552
synthetic_cloudtrail.csv:5422,fe:nfqdylmxkj,2024-07-09 08:01:32+00:00,0,0,0.11807574
synthetic_cloudtrail.csv:5424,fe:nfqdylmxkj,2024-07-09 08:02:02+00:00,0,0,0.11839436
synthetic_cloudtrail.csv:5426,fe:nfqdylmxkj,2024-07-09 08:02:12+00:00,0,0,0.14792797
synthetic_cloudtrail.csv:5427,fe:nfqdylmxkj,2024-07-09 08:02:31+00:00,1,1,0.9953056
synthetic_cloudtrail.csv:5431,fe:nfqdylmxkj,2024-07-09 08:03:09+00:00,1,1,0.99614596
synthetic_cloudtrail.csv:5433,fe:nfqdylmxkj,2024-07-09 08:03:48+00:00,0,0,0.12644453
synthetic_cloudtrail.csv:5434,fe:nfqdylmxkj,2024-07-09 08:04:28+00:00,0,0,0.12680407
synthetic_cloudtrail.csv:5436,fe:nfqdylmxkj,2024-07-09 08:05:44+00:00,0,0,0.120923914
synthetic_cloudtrail.csv:5438,fe:nfqdylmxkj,2024-07-09 08:06:29+00:00,0,0,0.1295122
synthetic_cloudtrail.csv:3671,fe:ngoztu,2024-05-09 09:01:33+00:00,0,0,0.14325882
synthetic_cloudtrail.csv:3672,fe:ngoztu,2024-05-09 09:02:18+00:00,0,0,0.11279137
synthetic_cloudtrail.csv:3673,fe:ngoztu,2024-05-09 09:04:12+00:00,0,0,0.12419641
synthetic_cloudtrail.csv:3674,fe:ngoztu,2024-05-09 09:05:17+00:00,0,0,0.13496369
synthetic_cloudtrail.csv:3675,fe:ngoztu,2024-05-09 09:06:14+00:00,0,0,0.141235
synthetic_cloudtrail.csv:3676,fe:ngoztu,2024-05-09 09:07:04+00:00,0,0,0.11627554
synthetic_cloudtrail.csv:3677,fe:ngoztu,2024-05-09 09:08:22+00:00,0,0,0.1172562
synthetic_cloudtrail.csv:3678,fe:ngoztu,2024-05-09 09:09:06+00:00,0,0,0.11736704
synthetic_cloudtrail.csv:3679,fe:ngoztu,2024-05-09 09:09:45+00:00,0,0,0.12239542
synthetic_cloudtrail.csv:3680,fe:ngoztu,2024-05-09 09:10:11+00:00,0,0,0.113766596
synthetic_cloudtrail.csv:3681,fe:ngoztu,2024-05-09 09:10:18+00:00,0,0,0.12377057
synthetic_cloudtrail.csv:3682,fe:ngoztu,2024-05-09 09:11:43+00:00,0,0,0.12278283
synthetic_cloudtrail.csv:3683,fe:ngoztu,2024-05-09 09:12:21+00:00,0,0,0.12681238
synthetic_cloudtrail.csv:3684,fe:ngoztu,2024-05-09 09:13:04+00:00,0,0,0.10364271
synthetic_cloudtrail.csv:3685,fe:ngoztu,2024-05-09 09:14:05+00:00,0,0,0.10594635
synthetic_cloudtrail.csv:3686,fe:ngoztu,2024-05-09 09:14:19+00:00,0,0,0.118136525
synthetic_cloudtrail.csv:4783,fe:niktus,2024-06-14 19:01:31+00:00,0,0,0.11433504
synthetic_cloudtrail.csv:4784,fe:niktus,2024-06-14 19:02:57+00:00,0,0,0.12073928
synthetic_cloudtrail.csv:4785,fe:niktus,2024-06-14 19:04:13+00:00,0,0,0.127746
synthetic_cloudtrail.csv:4786,fe:niktus,2024-06-14 19:05:21+00:00,0,0,0.16507071
synthetic_cloudtrail.csv:4787,fe:niktus,2024-06-14 19:07:21+00:00,0,0,0.12166789
synthetic_cloudtrail.csv:4788,fe:niktus,2024-06-14 19:08:08+00:00,0,0,0.1407915
synthetic_cloudtrail.csv:4789,fe:niktus,2024-06-14 19:10:03+00:00,0,0,0.1685688
synthetic_cloudtrail.csv:4790,fe:niktus,2024-06-14 19:10:14+00:00,0,0,0.12714349
synthetic_cloudtrail.csv:4791,fe:niktus,2024-06-14 19:11:26+00:00,0,0,0.21400794
synthetic_cloudtrail.csv:4792,fe:niktus,2024-06-14 19:12:18+00:00,0,0,0.11218613
synthetic_cloudtrail.csv:4793,fe:niktus,2024-06-14 19:13:02+00:00,0,0,0.11625679
synthetic_cloudtrail.csv:4794,fe:niktus,2024-06-14 19:14:36+00:00,0,0,0.15660517
synthetic_cloudtrail.csv:5455,fe:nisnmv,2024-07-09 15:01:49+00:00,0,0,0.11520662
synthetic_cloudtrail.csv:5456,fe:nisnmv,2024-07-09 15:02:00+00:00,0,0,0.10661944
synthetic_cloudtrail.csv:5458,fe:nisnmv,2024-07-09 15:02:44+00:00,0,0,0.12039566
synthetic_cloudtrail.csv:5459,fe:nisnmv,2024-07-09 15:03:00+00:00,0,0,0.13261315
synthetic_cloudtrail.csv:5461,fe:nisnmv,2024-07-09 15:04:24+00:00,0,0,0.12994967
synthetic_cloudtrail.csv:5464,fe:nisnmv,2024-07-09 15:06:03+00:00,0,0,0.1377248
synthetic_cloudtrail.csv:5466,fe:nisnmv,2024-07-09 15:07:05+00:00,0,0,0.12357554
synthetic_cloudtrail.csv:5468,fe:nisnmv,2024-07-09 15:09:00+00:00,0,0,0.1174557
synthetic_cloudtrail.csv:5471,fe:nisnmv,2024-07-09 15:09:29+00:00,0,0,0.1133605
synthetic_cloudtrail.csv:5472,fe:nisnmv,2024-07-09 15:10:17+00:00,0,0,0.12033452
synthetic_cloudtrail.csv:5474,fe:nisnmv,2024-07-09 15:11:48+00:00,0,0,0.117047645
synthetic_cloudtrail.csv:5475,fe:nisnmv,2024-07-09 15:12:40+00:00,0,0,0.13437966
synthetic_cloudtrail.csv:5478,fe:nisnmv,2024-07-09 15:14:39+00:00,0,0,0.12213304
synthetic_cloudtrail.csv:5480,fe:nisnmv,2024-07-09 15:15:51+00:00,0,0,0.11835486
synthetic_cloudtrail.csv:5481,fe:nisnmv,2024-07-09 15:15:59+00:00,0,0,0.123547435
synthetic_cloudtrail.csv:5482,fe:nisnmv,2024-07-09 15:16:04+00:00,0,0,0.115344465
synthetic_cloudtrail.csv:5484,fe:nisnmv,2024-07-09 15:16:40+00:00,0,0,0.13102062
synthetic_cloudtrail.csv:5879,fe:nkpvpu,2024-07-25 14:01:59+00:00,0,0,0.118805185
synthetic_cloudtrail.csv:5880,fe:nkpvpu,2024-07-25 14:03:46+00:00,0,0,0.12993333
synthetic_cloudtrail.csv:5881,fe:nkpvpu,2024-07-25 14:05:33+00:00,0,0,0.116484135
synthetic_cloudtrail.csv:5882,fe:nkpvpu,2024-07-25 14:06:54+00:00,0,0,0.11008426
synthetic_cloudtrail.csv:5883,fe:nkpvpu,2024-07-25 14:07:09+00:00,0,0,0.13500081
synthetic_cloudtrail.csv:5884,fe:nkpvpu,2024-07-25 14:08:28+00:00,0,0,0.111064516
synthetic_cloudtrail.csv:5885,fe:nkpvpu,2024-07-25 14:09:30+00:00,0,0,0.114872456
synthetic_cloudtrail.csv:5886,fe:nkpvpu,2024-07-25 14:10:55+00:00,0,0,0.117196836
synthetic_cloudtrail.csv:5887,fe:nkpvpu,2024-07-25 14:11:05+00:00,0,0,0.11979632
synthetic_cloudtrail.csv:5888,fe:nkpvpu,2024-07-25 14:12:40+00:00,0,0,0.11816634
synthetic_cloudtrail.csv:5889,fe:nkpvpu,2024-07-25 14:14:01+00:00,0,0,0.12006556
synthetic_cloudtrail.csv:5890,fe:nkpvpu,2024-07-25 14:15:34+00:00,0,0,0.14183927
synthetic_cloudtrail.csv:5891,fe:nkpvpu,2024-07-25 14:16:09+00:00,0,0,0.11146033
synthetic_cloudtrail.csv:5892,fe:nkpvpu,2024-07-25 14:16:38+00:00,0,0,0.11583923
synthetic_cloudtrail.csv:5893,fe:nkpvpu,2024-07-25 14:17:55+00:00,0,0,0.3130696
synthetic_cloudtrail.csv:5894,fe:nkpvpu,2024-07-25 14:19:49+00:00,0,0,0.120578505
synthetic_cloudtrail.csv:5895,fe:nkpvpu,2024-07-25 14:20:45+00:00,0,0,0.14883454
synthetic_cloudtrail.csv:5896,fe:nkpvpu,2024-07-25 14:21:20+00:00,0,0,0.113547385
synthetic_cloudtrail.csv:5897,fe:nkpvpu,2024-07-25 14:21:38+00:00,0,0,0.13222964
synthetic_cloudtrail.csv:1786,fe:nnkwblbi,2024-03-02 18:00:12+00:00,0,0,0.10712872
synthetic_cloudtrail.csv:1787,fe:nnkwblbi,2024-03-02 18:00:37+00:00,0,0,0.117715105
synthetic_cloudtrail.csv:1788,fe:nnkwblbi,2024-03-02 18:01:05+00:00,0,0,0.11061094
synthetic_cloudtrail.csv:1789,fe:nnkwblbi,2024-03-02 18:01:14+00:00,0,0,0.12589139
synthetic_cloudtrail.csv:1790,fe:nnkwblbi,2024-03-02 18:01:38+00:00,0,0,0.12784846
synthetic_cloudtrail.csv:1791,fe:nnkwblbi,2024-03-02 18:02:15+00:00,1,1,0.99332136
synthetic_cloudtrail.csv:1792,fe:nnkwblbi,2024-03-02 18:02:25+00:00,1,1,0.9925525
synthetic_cloudtrail.csv:8612,fe:noatfw,2024-11-10 12:00:08+00:00,0,0,0.11072014
synthetic_cloudtrail.csv:8613,fe:noatfw,2024-11-10 12:00:23+00:00,0,0,0.109717816
synthetic_cloudtrail.csv:8614,fe:noatfw,2024-11-10 12:01:23+00:00,0,0,0.13038296
synthetic_cloudtrail.csv:8615,fe:noatfw,2024-11-10 12:03:07+00:00,0,0,0.12231651
synthetic_cloudtrail.csv:8616,fe:noatfw,2024-11-10 12:04:47+00:00,0,0,0.11535491
synthetic_cloudtrail.csv:8617,fe:noatfw,2024-11-10 12:06:13+00:00,0,0,0.122970276
synthetic_cloudtrail.csv:8618,fe:noatfw,2024-11-10 12:07:13+00:00,0,0,0.12223422
synthetic_cloudtrail.csv:8619,fe:noatfw,2024-11-10 12:08:40+00:00,0,0,0.12952979
synthetic_cloudtrail.csv:8620,fe:noatfw,2024-11-10 12:10:25+00:00,0,0,0.12210196
synthetic_cloudtrail.csv:8621,fe:noatfw,2024-11-10 12:12:13+00:00,0,0,0.119782664
synthetic_cloudtrail.csv:8622,fe:noatfw,2024-11-10 12:14:00+00:00,0,0,0.123138174
synthetic_cloudtrail.csv:8623,fe:noatfw,2024-11-10 12:14:52+00:00,0,0,0.13516606
synthetic_cloudtrail.csv:8624,fe:noatfw,2024-11-10 12:16:24+00:00,0,0,0.1299987
synthetic_cloudtrail.csv:8625,fe:noatfw,2024-11-10 12:17:19+00:00,0,0,0.124694854
synthetic_cloudtrail.csv:2927,fe:nokdfb,2024-04-13 14:00:27+00:00,0,0,0.14043261
synthetic_cloudtrail.csv:2928,fe:nokdfb,2024-04-13 14:01:27+00:00,0,0,0.11074314
synthetic_cloudtrail.csv:2929,fe:nokdfb,2024-04-13 14:01:32+00:00,0,0,0.1308485
synthetic_cloudtrail.csv:2930,fe:nokdfb,2024-04-13 14:01:44+00:00,0,0,0.116217665
synthetic_cloudtrail.csv:2931,fe:nokdfb,2024-04-13 14:03:36+00:00,0,0,0.12911718
synthetic_cloudtrail.csv:2932,fe:nokdfb,2024-04-13 14:04:39+00:00,0,0,0.12967254
synthetic_cloudtrail.csv:2933,fe:nokdfb,2024-04-13 14:04:48+00:00,0,0,0.12794985
synthetic_cloudtrail.csv:2934,fe:nokdfb,2024-04-13 14:05:28+00:00,0,0,0.11801258
synthetic_cloudtrail.csv:2935,fe:nokdfb,2024-04-13 14:06:15+00:00,0,0,0.12633295
synthetic_cloudtrail.csv:2936,fe:nokdfb,2024-04-13 14:07:00+00:00,0,0,0.13014063
synthetic_cloudtrail.csv:2938,fe:nokdfb,2024-04-13 14:07:23+00:00,0,0,0.11834781
synthetic_cloudtrail.csv:2939,fe:nokdfb,2024-04-13 14:07:45+00:00,0,0,0.12226578
synthetic_cloudtrail.csv:2940,fe:nokdfb,2024-04-13 14:08:28+00:00,0,0,0.12565608
synthetic_cloudtrail.csv:2941,fe:nokdfb,2024-04-13 14:09:25+00:00,0,0,0.10669441
synthetic_cloudtrail.csv:2942,fe:nokdfb,2024-04-13 14:11:19+00:00,0,0,0.14097053
synthetic_cloudtrail.csv:2943,fe:nokdfb,2024-04-13 14:11:51+00:00,0,0,0.12764354
synthetic_cloudtrail.csv:2944,fe:nokdfb,2024-04-13 14:13:03+00:00,1,0,0.2726009
synthetic_cloudtrail.csv:2945,fe:nokdfb,2024-04-13 14:14:32+00:00,0,0,0.11482911
synthetic_cloudtrail.csv:2946,fe:nokdfb,2024-04-13 14:14:38+00:00,0,0,0.11953703
synthetic_cloudtrail.csv:2947,fe:nokdfb,2024-04-13 14:15:56+00:00,0,0,0.12479684
synthetic_cloudtrail.csv:9010,fe:nowhaiq,2024-11-22 15:00:17+00:00,0,0,0.11348702
synthetic_cloudtrail.csv:9011,fe:nowhaiq,2024-11-22 15:00:38+00:00,0,0,0.108497955
synthetic_cloudtrail.csv:9012,fe:nowhaiq,2024-11-22 15:00:57+00:00,0,0,0.11755642
synthetic_cloudtrail.csv:9013,fe:nowhaiq,2024-11-22 15:01:39+00:00,1,1,0.9925251
synthetic_cloudtrail.csv:9014,fe:nowhaiq,2024-11-22 15:01:53+00:00,1,1,0.994892
synthetic_cloudtrail.csv:9015,fe:nowhaiq,2024-11-22 15:02:51+00:00,1,1,0.99190336
synthetic_cloudtrail.csv:8069,fe:npdvmf,2024-10-18 09:01:35+00:00,0,0,0.12921129
synthetic_cloudtrail.csv:8070,fe:npdvmf,2024-10-18 09:01:50+00:00,0,0,0.10728269
synthetic_cloudtrail.csv:8071,fe:npdvmf,2024-10-18 09:02:31+00:00,0,0,0.13593794
synthetic_cloudtrail.csv:8072,fe:npdvmf,2024-10-18 09:02:47+00:00,0,0,0.11487914
synthetic_cloudtrail.csv:8073,fe:npdvmf,2024-10-18 09:04:23+00:00,0,0,0.1234658
synthetic_cloudtrail.csv:8074,fe:npdvmf,2024-10-18 09:04:59+00:00,0,0,0.13929273
synthetic_cloudtrail.csv:8075,fe:npdvmf,2024-10-18 09:06:08+00:00,0,0,0.12741199
synthetic_cloudtrail.csv:8076,fe:npdvmf,2024-10-18 09:07:47+00:00,0,0,0.12581402
synthetic_cloudtrail.csv:8077,fe:npdvmf,2024-10-18 09:09:17+00:00,0,0,0.11207407
synthetic_cloudtrail.csv:8078,fe:npdvmf,2024-10-18 09:09:58+00:00,0,0,0.12273692
synthetic_cloudtrail.csv:1162,fe:npeqxr,2024-02-09 16:00:34+00:00,0,0,0.1194978
synthetic_cloudtrail.csv:1163,fe:npeqxr,2024-02-09 16:02:26+00:00,0,0,0.11584283
synthetic_cloudtrail.csv:1164,fe:npeqxr,2024-02-09 16:03:05+00:00,0,0,0.12363749
synthetic_cloudtrail.csv:1165,fe:npeqxr,2024-02-09 16:03:37+00:00,0,0,0.13096657
synthetic_cloudtrail.csv:1166,fe:npeqxr,2024-02-09 16:05:11+00:00,0,0,0.13792293
synthetic_cloudtrail.csv:1167,fe:npeqxr,2024-02-09 16:06:04+00:00,0,0,0.14563265
synthetic_cloudtrail.csv:1168,fe:npeqxr,2024-02-09 16:07:08+00:00,0,0,0.1106184
synthetic_cloudtrail.csv:1169,fe:npeqxr,2024-02-09 16:07:47+00:00,0,0,0.1435817
synthetic_cloudtrail.csv:1170,fe:npeqxr,2024-02-09 16:09:15+00:00,0,0,0.12663081
synthetic_cloudtrail.csv:1171,fe:npeqxr,2024-02-09 16:09:49+00:00,0,0,0.128249
synthetic_cloudtrail.csv:1172,fe:npeqxr,2024-02-09 16:11:33+00:00,0,0,0.11025984
synthetic_cloudtrail.csv:1173,fe:npeqxr,2024-02-09 16:13:22+00:00,0,0,0.1180455
synthetic_cloudtrail.csv:1174,fe:npeqxr,2024-02-09 16:14:46+00:00,0,0,0.12577754
synthetic_cloudtrail.csv:1175,fe:npeqxr,2024-02-09 16:15:00+00:00,0,0,0.10068619
synthetic_cloudtrail.csv:1176,fe:npeqxr,2024-02-09 16:16:05+00:00,0,0,0.10074912
synthetic_cloudtrail.csv:3929,fe:npwjrn,2024-05-18 08:01:01+00:00,0,0,0.8159832
synthetic_cloudtrail.csv:3930,fe:npwjrn,2024-05-18 08:02:24+00:00,0,0,0.15391174
synthetic_cloudtrail.csv:3931,fe:npwjrn,2024-05-18 08:03:13+00:00,0,0,0.14516315
synthetic_cloudtrail.csv:3932,fe:npwjrn,2024-05-18 08:03:43+00:00,0,0,0.13941666
synthetic_cloudtrail.csv:3933,fe:npwjrn,2024-05-18 08:04:59+00:00,0,0,0.13450289
synthetic_cloudtrail.csv:3934,fe:npwjrn,2024-05-18 08:06:03+00:00,0,0,0.1401339
synthetic_cloudtrail.csv:3935,fe:npwjrn,2024-05-18 08:06:36+00:00,0,0,0.13133724
synthetic_cloudtrail.csv:3936,fe:npwjrn,2024-05-18 08:07:15+00:00,0,0,0.13564648
synthetic_cloudtrail.csv:3937,fe:npwjrn,2024-05-18 08:09:06+00:00,0,0,0.12234184
synthetic_cloudtrail.csv:3938,fe:npwjrn,2024-05-18 08:09:48+00:00,0,0,0.12167794
synthetic_cloudtrail.csv:3939,fe:npwjrn,2024-05-18 08:10:04+00:00,0,0,0.13510504
synthetic_cloudtrail.csv:3940,fe:npwjrn,2024-05-18 08:11:47+00:00,0,0,0.1215257
synthetic_cloudtrail.csv:7554,fe:nquajvohqfup,2024-10-03 11:00:09+00:00,0,0,0.14778858
synthetic_cloudtrail.csv:7555,fe:nquajvohqfup,2024-10-03 11:00:25+00:00,0,0,0.11349058
synthetic_cloudtrail.csv:7556,fe:nquajvohqfup,2024-10-03 11:00:48+00:00,0,0,0.11961959
synthetic_cloudtrail.csv:7557,fe:nquajvohqfup,2024-10-03 11:01:10+00:00,0,0,0.12910157
synthetic_cloudtrail.csv:7558,fe:nquajvohqfup,2024-10-03 11:01:39+00:00,0,0,0.14021012
synthetic_cloudtrail.csv:7559,fe:nquajvohqfup,2024-10-03 11:02:09+00:00,0,0,0.15186226
synthetic_cloudtrail.csv:7560,fe:nquajvohqfup,2024-10-03 11:02:32+00:00,0,0,0.14971589
synthetic_cloudtrail.csv:7561,fe:nquajvohqfup,2024-10-03 11:02:36+00:00,0,0,0.13284163
synthetic_cloudtrail.csv:7562,fe:nquajvohqfup,2024-10-03 11:03:30+00:00,1,1,0.99560803
synthetic_cloudtrail.csv:7563,fe:nquajvohqfup,2024-10-03 11:04:04+00:00,1,1,0.99654406
synthetic_cloudtrail.csv:7564,fe:nquajvohqfup,2024-10-03 11:04:35+00:00,1,1,0.99527943
synthetic_cloudtrail.csv:7565,fe:nquajvohqfup,2024-10-03 11:05:44+00:00,0,0,0.2117149
synthetic_cloudtrail.csv:7566,fe:nquajvohqfup,2024-10-03 11:05:57+00:00,0,0,0.17675464
synthetic_cloudtrail.csv:7567,fe:nquajvohqfup,2024-10-03 11:06:28+00:00,0,0,0.1541062
synthetic_cloudtrail.csv:7568,fe:nquajvohqfup,2024-10-03 11:07:32+00:00,0,0,0.11395729
synthetic_cloudtrail.csv:7569,fe:nquajvohqfup,2024-10-03 11:08:20+00:00,0,0,0.14377007
synthetic_cloudtrail.csv:9941,fe:nqzisj,2024-12-24 09:07:52+00:00,0,0,0.18639992
synthetic_cloudtrail.csv:9942,fe:nqzisj,2024-12-24 09:16:32+00:00,0,0,0.1705249
synthetic_cloudtrail.csv:1043,fe:nsnkgp,2024-02-06 13:00:17+00:00,0,0,0.12597173
synthetic_cloudtrail.csv:1044,fe:nsnkgp,2024-02-06 13:02:02+00:00,0,0,0.11480791
synthetic_cloudtrail.csv:1045,fe:nsnkgp,2024-02-06 13:02:29+00:00,0,0,0.14207257
synthetic_cloudtrail.csv:1046,fe:nsnkgp,2024-02-06 13:03:29+00:00,0,0,0.116277955
synthetic_cloudtrail.csv:1047,fe:nsnkgp,2024-02-06 13:04:20+00:00,0,0,0.11728466
synthetic_cloudtrail.csv:1048,fe:nsnkgp,2024-02-06 13:06:00+00:00,0,0,0.117835775
synthetic_cloudtrail.csv:1049,fe:nsnkgp,2024-02-06 13:06:54+00:00,0,0,0.123745725
synthetic_cloudtrail.csv:1050,fe:nsnkgp,2024-02-06 13:07:44+00:00,0,0,0.114747025
synthetic_cloudtrail.csv:1051,fe:nsnkgp,2024-02-06 13:09:16+00:00,0,0,0.26522824
synthetic_cloudtrail.csv:1052,fe:nsnkgp,2024-02-06 13:09:42+00:00,0,0,0.12298272
synthetic_cloudtrail.csv:1053,fe:nsnkgp,2024-02-06 13:09:59+00:00,0,0,0.12801069
synthetic_cloudtrail.csv:1054,fe:nsnkgp,2024-02-06 13:11:12+00:00,0,0,0.1286709
synthetic_cloudtrail.csv:1055,fe:nsnkgp,2024-02-06 13:12:48+00:00,0,0,0.12892376
synthetic_cloudtrail.csv:1056,fe:nsnkgp,2024-02-06 13:13:08+00:00,0,0,0.10705735
synthetic_cloudtrail.csv:1057,fe:nsnkgp,2024-02-06 13:13:51+00:00,0,0,0.115134
synthetic_cloudtrail.csv:1058,fe:nsnkgp,2024-02-06 13:14:23+00:00,0,0,0.13835265
synthetic_cloudtrail.csv:9926,fe:ntaddkra,2024-12-21 15:03:09+00:00,0,0,0.16201267
synthetic_cloudtrail.csv:9927,fe:ntaddkra,2024-12-21 15:17:59+00:00,0,0,0.16505921
synthetic_cloudtrail.csv:9928,fe:ntaddkra,2024-12-21 15:23:54+00:00,0,0,0.14879435
synthetic_cloudtrail.csv:3470,fe:ntvxgp,2024-05-01 19:01:41+00:00,0,0,0.11411988
synthetic_cloudtrail.csv:3471,fe:ntvxgp,2024-05-01 19:03:40+00:00,0,0,0.33615068
synthetic_cloudtrail.csv:3472,fe:ntvxgp,2024-05-01 19:05:24+00:00,0,0,0.16722538
synthetic_cloudtrail.csv:3473,fe:ntvxgp,2024-05-01 19:06:51+00:00,0,0,0.11644818
synthetic_cloudtrail.csv:3474,fe:ntvxgp,2024-05-01 19:08:19+00:00,0,0,0.13057354
synthetic_cloudtrail.csv:3475,fe:ntvxgp,2024-05-01 19:10:19+00:00,0,0,0.14991234
synthetic_cloudtrail.csv:3476,fe:ntvxgp,2024-05-01 19:10:56+00:00,0,0,0.15355553
synthetic_cloudtrail.csv:3477,fe:ntvxgp,2024-05-01 19:12:42+00:00,0,0,0.12164725
synthetic_cloudtrail.csv:3478,fe:ntvxgp,2024-05-01 19:14:05+00:00,0,0,0.11298307
synthetic_cloudtrail.csv:3479,fe:ntvxgp,2024-05-01 19:14:21+00:00,0,0,0.117217
synthetic_cloudtrail.csv:3480,fe:ntvxgp,2024-05-01 19:15:32+00:00,0,0,0.12084585
synthetic_cloudtrail.csv:3481,fe:ntvxgp,2024-05-01 19:16:30+00:00,0,0,0.23919934
synthetic_cloudtrail.csv:3482,fe:ntvxgp,2024-05-01 19:17:32+00:00,0,0,0.11838439
synthetic_cloudtrail.csv:3483,fe:ntvxgp,2024-05-01 19:17:52+00:00,0,0,0.12444606
synthetic_cloudtrail.csv:3484,fe:ntvxgp,2024-05-01 19:18:38+00:00,0,0,0.13956912
synthetic_cloudtrail.csv:3706,fe:nubhxrrvepx,2024-05-09 15:00:29+00:00,0,0,0.11354889
synthetic_cloudtrail.csv:3707,fe:nubhxrrvepx,2024-05-09 15:00:44+00:00,0,0,0.10933834
synthetic_cloudtrail.csv:3708,fe:nubhxrrvepx,2024-05-09 15:00:57+00:00,0,0,0.117321484
synthetic_cloudtrail.csv:3709,fe:nubhxrrvepx,2024-05-09 15:01:12+00:00,0,0,0.115511835
synthetic_cloudtrail.csv:3710,fe:nubhxrrvepx,2024-05-09 15:01:56+00:00,1,1,0.9923881
synthetic_cloudtrail.csv:3711,fe:nubhxrrvepx,2024-05-09 15:02:49+00:00,1,1,0.9908155
synthetic_cloudtrail.csv:3609,fe:nuqsedmgnad,2024-05-07 18:00:28+00:00,0,0,0.13087349
synthetic_cloudtrail.csv:3611,fe:nuqsedmgnad,2024-05-07 18:00:50+00:00,0,0,0.11732016
synthetic_cloudtrail.csv:3612,fe:nuqsedmgnad,2024-05-07 18:00:58+00:00,0,0,0.14155863
synthetic_cloudtrail.csv:3614,fe:nuqsedmgnad,2024-05-07 18:01:22+00:00,0,0,0.12522458
synthetic_cloudtrail.csv:3615,fe:nuqsedmgnad,2024-05-07 18:01:41+00:00,1,1,0.9937797
synthetic_cloudtrail.csv:3617,fe:nuqsedmgnad,2024-05-07 18:02:16+00:00,1,1,0.9947745
synthetic_cloudtrail.csv:3620,fe:nuqsedmgnad,2024-05-07 18:03:13+00:00,1,1,0.99333405
synthetic_cloudtrail.csv:3622,fe:nuqsedmgnad,2024-05-07 18:03:58+00:00,0,0,0.12822539
synthetic_cloudtrail.csv:3623,fe:nuqsedmgnad,2024-05-07 18:04:16+00:00,0,0,0.12424339
synthetic_cloudtrail.csv:3625,fe:nuqsedmgnad,2024-05-07 18:05:15+00:00,1,0,0.9908083
synthetic_cloudtrail.csv:4524,fe:nvsqqe,2024-06-05 13:00:24+00:00,0,0,0.1156637
synthetic_cloudtrail.csv:4525,fe:nvsqqe,2024-06-05 13:00:52+00:00,0,0,0.118014336
synthetic_cloudtrail.csv:4526,fe:nvsqqe,2024-06-05 13:01:14+00:00,0,0,0.11042951
synthetic_cloudtrail.csv:4527,fe:nvsqqe,2024-06-05 13:01:29+00:00,0,0,0.12032204
synthetic_cloudtrail.csv:4528,fe:nvsqqe,2024-06-05 13:01:34+00:00,0,0,0.13132222
synthetic_cloudtrail.csv:4529,fe:nvsqqe,2024-06-05 13:01:45+00:00,0,0,0.1439064
synthetic_cloudtrail.csv:4530,fe:nvsqqe,2024-06-05 13:01:55+00:00,0,0,0.15264504
synthetic_cloudtrail.csv:4531,fe:nvsqqe,2024-06-05 13:02:10+00:00,1,1,0.99512404
synthetic_cloudtrail.csv:4532,fe:nvsqqe,2024-06-05 13:02:29+00:00,1,1,0.9954129
synthetic_cloudtrail.csv:4533,fe:nvsqqe,2024-06-05 13:02:53+00:00,1,1,0.99520063
synthetic_cloudtrail.csv:4534,fe:nvsqqe,2024-06-05 13:03:35+00:00,0,0,0.15000883
synthetic_cloudtrail.csv:4535,fe:nvsqqe,2024-06-05 13:04:18+00:00,0,0,0.13913424
synthetic_cloudtrail.csv:6376,fe:nwmcfxtxhfl,2024-08-18 07:00:25+00:00,0,0,0.12313705
synthetic_cloudtrail.csv:6377,fe:nwmcfxtxhfl,2024-08-18 07:00:30+00:00,0,0,0.13523984
synthetic_cloudtrail.csv:6378,fe:nwmcfxtxhfl,2024-08-18 07:00:48+00:00,0,0,0.12219297
synthetic_cloudtrail.csv:6379,fe:nwmcfxtxhfl,2024-08-18 07:00:56+00:00,0,0,0.15745409
synthetic_cloudtrail.csv:6380,fe:nwmcfxtxhfl,2024-08-18 07:01:21+00:00,0,0,0.123413496
synthetic_cloudtrail.csv:6381,fe:nwmcfxtxhfl,2024-08-18 07:01:36+00:00,0,0,0.1387055
synthetic_cloudtrail.csv:6382,fe:nwmcfxtxhfl,2024-08-18 07:02:01+00:00,0,0,0.1311225
synthetic_cloudtrail.csv:6383,fe:nwmcfxtxhfl,2024-08-18 07:02:22+00:00,0,0,0.15139784
synthetic_cloudtrail.csv:6384,fe:nwmcfxtxhfl,2024-08-18 07:02:27+00:00,1,1,0.9964222
synthetic_cloudtrail.csv:6385,fe:nwmcfxtxhfl,2024-08-18 07:02:52+00:00,0,0,0.1329385
synthetic_cloudtrail.csv:6386,fe:nwmcfxtxhfl,2024-08-18 07:03:23+00:00,0,0,0.12794527
synthetic_cloudtrail.csv:6387,fe:nwmcfxtxhfl,2024-08-18 07:03:51+00:00,0,0,0.13216127
synthetic_cloudtrail.csv:9772,fe:nwqp,2024-12-15 17:00:21+00:00,0,0,0.11035676
synthetic_cloudtrail.csv:9773,fe:nwqp,2024-12-15 17:00:32+00:00,0,0,0.10220335
synthetic_cloudtrail.csv:9774,fe:nwqp,2024-12-15 17:00:59+00:00,0,0,0.124801196
synthetic_cloudtrail.csv:9775,fe:nwqp,2024-12-15 17:01:15+00:00,0,0,0.11909272
synthetic_cloudtrail.csv:9776,fe:nwqp,2024-12-15 17:01:31+00:00,0,0,0.13717325
synthetic_cloudtrail.csv:9777,fe:nwqp,2024-12-15 17:01:48+00:00,0,0,0.14613074
synthetic_cloudtrail.csv:9778,fe:nwqp,2024-12-15 17:01:56+00:00,0,0,0.11768976
synthetic_cloudtrail.csv:9779,fe:nwqp,2024-12-15 17:02:22+00:00,0,0,0.118060306
synthetic_cloudtrail.csv:9780,fe:nwqp,2024-12-15 17:03:07+00:00,1,1,0.99590623
synthetic_cloudtrail.csv:9781,fe:nwqp,2024-12-15 17:04:06+00:00,1,1,0.9954007
synthetic_cloudtrail.csv:9782,fe:nwqp,2024-12-15 17:05:12+00:00,0,0,0.15025236
synthetic_cloudtrail.csv:9783,fe:nwqp,2024-12-15 17:05:42+00:00,0,0,0.10631698
synthetic_cloudtrail.csv:9784,fe:nwqp,2024-12-15 17:06:34+00:00,0,0,0.13876389
synthetic_cloudtrail.csv:548,fe:nxyvr,2024-01-18 12:00:13+00:00,0,0,0.124681674
synthetic_cloudtrail.csv:549,fe:nxyvr,2024-01-18 12:00:25+00:00,0,0,0.110191174
synthetic_cloudtrail.csv:550,fe:nxyvr,2024-01-18 12:00:54+00:00,0,0,0.121882774
synthetic_cloudtrail.csv:551,fe:nxyvr,2024-01-18 12:00:57+00:00,0,0,0.14356948
synthetic_cloudtrail.csv:552,fe:nxyvr,2024-01-18 12:01:01+00:00,0,0,0.13052206
synthetic_cloudtrail.csv:553,fe:nxyvr,2024-01-18 12:01:17+00:00,0,0,0.1307472
synthetic_cloudtrail.csv:554,fe:nxyvr,2024-01-18 12:01:30+00:00,0,0,0.106418535
synthetic_cloudtrail.csv:556,fe:nxyvr,2024-01-18 12:01:47+00:00,1,1,0.99585634
synthetic_cloudtrail.csv:557,fe:nxyvr,2024-01-18 12:02:32+00:00,1,1,0.9964078
synthetic_cloudtrail.csv:559,fe:nxyvr,2024-01-18 12:03:23+00:00,0,0,0.1593928
synthetic_cloudtrail.csv:560,fe:nxyvr,2024-01-18 12:03:52+00:00,0,0,0.16297452
synthetic_cloudtrail.csv:561,fe:nxyvr,2024-01-18 12:04:23+00:00,0,0,0.12690528
synthetic_cloudtrail.csv:7110,fe:nyoiyowdqt,2024-09-13 13:00:06+00:00,0,0,0.12903862
synthetic_cloudtrail.csv:7111,fe:nyoiyowdqt,2024-09-13 13:00:36+00:00,0,0,0.12045965
synthetic_cloudtrail.csv:7112,fe:nyoiyowdqt,2024-09-13 13:01:01+00:00,0,0,0.12519464
synthetic_cloudtrail.csv:7113,fe:nyoiyowdqt,2024-09-13 13:01:15+00:00,0,0,0.119409256
synthetic_cloudtrail.csv:7114,fe:nyoiyowdqt,2024-09-13 13:01:28+00:00,0,0,0.1275355
synthetic_cloudtrail.csv:7115,fe:nyoiyowdqt,2024-09-13 13:01:31+00:00,0,0,0.12298728
synthetic_cloudtrail.csv:7116,fe:nyoiyowdqt,2024-09-13 13:01:34+00:00,0,0,0.12664953
synthetic_cloudtrail.csv:7117,fe:nyoiyowdqt,2024-09-13 13:02:02+00:00,0,0,0.13467102
synthetic_cloudtrail.csv:7118,fe:nyoiyowdqt,2024-09-13 13:02:41+00:00,1,1,0.9955859
synthetic_cloudtrail.csv:7119,fe:nyoiyowdqt,2024-09-13 13:03:12+00:00,1,1,0.9955253
synthetic_cloudtrail.csv:7120,fe:nyoiyowdqt,2024-09-13 13:03:34+00:00,1,1,0.9750542
synthetic_cloudtrail.csv:7121,fe:nyoiyowdqt,2024-09-13 13:04:20+00:00,0,0,0.121757634
synthetic_cloudtrail.csv:7122,fe:nyoiyowdqt,2024-09-13 13:04:37+00:00,0,0,0.11723385
synthetic_cloudtrail.csv:7123,fe:nyoiyowdqt,2024-09-13 13:05:09+00:00,0,0,0.12508722
synthetic_cloudtrail.csv:7763,fe:ocmaie,2024-10-09 07:12:29+00:00,0,0,0.15027815
synthetic_cloudtrail.csv:7764,fe:ocmaie,2024-10-09 07:17:10+00:00,0,0,0.2160375
synthetic_cloudtrail.csv:7765,fe:ocmaie,2024-10-09 07:25:40+00:00,0,0,0.15008393
synthetic_cloudtrail.csv:7766,fe:ocmaie,2024-10-09 07:39:03+00:00,0,0,0.20700145
synthetic_cloudtrail.csv:7767,fe:ocmaie,2024-10-09 07:49:54+00:00,0,0,0.1451256
synthetic_cloudtrail.csv:7768,fe:ocmaie,2024-10-09 08:01:22+00:00,0,0,0.16177073
synthetic_cloudtrail.csv:9587,fe:odcpjg,2024-12-10 13:01:49+00:00,0,0,0.12860607
synthetic_cloudtrail.csv:9590,fe:odcpjg,2024-12-10 13:03:26+00:00,0,0,0.11447379
synthetic_cloudtrail.csv:9591,fe:odcpjg,2024-12-10 13:03:31+00:00,0,0,0.133523
synthetic_cloudtrail.csv:9593,fe:odcpjg,2024-12-10 13:03:46+00:00,0,0,0.12224018
synthetic_cloudtrail.csv:9594,fe:odcpjg,2024-12-10 13:04:27+00:00,0,0,0.122369565
synthetic_cloudtrail.csv:9595,fe:odcpjg,2024-12-10 13:04:37+00:00,0,0,0.12370651
synthetic_cloudtrail.csv:9597,fe:odcpjg,2024-12-10 13:06:22+00:00,0,0,0.12735955
synthetic_cloudtrail.csv:9600,fe:odcpjg,2024-12-10 13:07:55+00:00,0,0,0.1448598
synthetic_cloudtrail.csv:9602,fe:odcpjg,2024-12-10 13:09:32+00:00,0,0,0.10633387
synthetic_cloudtrail.csv:9604,fe:odcpjg,2024-12-10 13:10:47+00:00,0,0,0.11586957
synthetic_cloudtrail.csv:9606,fe:odcpjg,2024-12-10 13:12:07+00:00,0,0,0.11341577
synthetic_cloudtrail.csv:9609,fe:odcpjg,2024-12-10 13:14:04+00:00,0,0,0.13471623
synthetic_cloudtrail.csv:9612,fe:odcpjg,2024-12-10 13:14:52+00:00,0,0,0.11285936
synthetic_cloudtrail.csv:9613,fe:odcpjg,2024-12-10 13:15:31+00:00,0,0,0.13392061
synthetic_cloudtrail.csv:9616,fe:odcpjg,2024-12-10 13:17:15+00:00,0,0,0.11180443
synthetic_cloudtrail.csv:9619,fe:odcpjg,2024-12-10 13:18:34+00:00,0,0,0.12357545
synthetic_cloudtrail.csv:9620,fe:odcpjg,2024-12-10 13:19:01+00:00,0,0,0.118254915
synthetic_cloudtrail.csv:9622,fe:odcpjg,2024-12-10 13:20:03+00:00,0,0,0.12580252
synthetic_cloudtrail.csv:6560,fe:odwae,2024-08-24 11:00:04+00:00,0,0,0.13104275
synthetic_cloudtrail.csv:6561,fe:odwae,2024-08-24 11:00:31+00:00,0,0,0.106538184
synthetic_cloudtrail.csv:6562,fe:odwae,2024-08-24 11:00:52+00:00,0,0,0.13029963
synthetic_cloudtrail.csv:6563,fe:odwae,2024-08-24 11:01:08+00:00,0,0,0.13875273
synthetic_cloudtrail.csv:6564,fe:odwae,2024-08-24 11:01:17+00:00,0,0,0.14125885
synthetic_cloudtrail.csv:6565,fe:odwae,2024-08-24 11:01:26+00:00,0,0,0.127244
synthetic_cloudtrail.csv:6566,fe:odwae,2024-08-24 11:01:55+00:00,0,0,0.12508848
synthetic_cloudtrail.csv:6567,fe:odwae,2024-08-24 11:02:40+00:00,1,1,0.99636084
synthetic_cloudtrail.csv:6568,fe:odwae,2024-08-24 11:04:05+00:00,0,0,0.13609417
synthetic_cloudtrail.csv:6569,fe:odwae,2024-08-24 11:05:14+00:00,0,0,0.13528048
synthetic_cloudtrail.csv:6570,fe:odwae,2024-08-24 11:05:47+00:00,0,0,0.13245614
synthetic_cloudtrail.csv:6571,fe:odwae,2024-08-24 11:06:49+00:00,0,0,0.16789469
synthetic_cloudtrail.csv:847,fe:oepl,2024-01-28 09:00:19+00:00,0,0,0.123290636
synthetic_cloudtrail.csv:848,fe:oepl,2024-01-28 09:00:46+00:00,0,0,0.115456834
synthetic_cloudtrail.csv:849,fe:oepl,2024-01-28 09:01:14+00:00,0,0,0.12130318
synthetic_cloudtrail.csv:850,fe:oepl,2024-01-28 09:01:40+00:00,0,0,0.1236272
synthetic_cloudtrail.csv:851,fe:oepl,2024-01-28 09:01:50+00:00,0,0,0.12241237
synthetic_cloudtrail.csv:852,fe:oepl,2024-01-28 09:02:09+00:00,0,0,0.11087136
synthetic_cloudtrail.csv:853,fe:oepl,2024-01-28 09:02:12+00:00,0,0,0.11187376
synthetic_cloudtrail.csv:854,fe:oepl,2024-01-28 09:02:37+00:00,1,1,0.99584866
synthetic_cloudtrail.csv:855,fe:oepl,2024-01-28 09:03:02+00:00,1,1,0.9965522
synthetic_cloudtrail.csv:856,fe:oepl,2024-01-28 09:03:39+00:00,1,1,0.9948885
synthetic_cloudtrail.csv:2076,fe:oevgyj,2024-03-13 13:00:25+00:00,0,0,0.115328655
synthetic_cloudtrail.csv:2079,fe:oevgyj,2024-03-13 13:00:50+00:00,0,0,0.123746544
synthetic_cloudtrail.csv:2085,fe:oevgyj,2024-03-13 13:01:53+00:00,0,0,0.121446714
synthetic_cloudtrail.csv:2086,fe:oevgyj,2024-03-13 13:02:06+00:00,0,0,0.12362953
synthetic_cloudtrail.csv:2088,fe:oevgyj,2024-03-13 13:02:25+00:00,0,0,0.247273
synthetic_cloudtrail.csv:2089,fe:oevgyj,2024-03-13 13:02:51+00:00,0,0,0.119429015
synthetic_cloudtrail.csv:2091,fe:oevgyj,2024-03-13 13:03:44+00:00,0,0,0.1385844
synthetic_cloudtrail.csv:2093,fe:oevgyj,2024-03-13 13:04:11+00:00,0,0,0.13379924
synthetic_cloudtrail.csv:2096,fe:oevgyj,2024-03-13 13:06:08+00:00,0,0,0.10875785
synthetic_cloudtrail.csv:2097,fe:oevgyj,2024-03-13 13:06:33+00:00,0,0,0.12434423
synthetic_cloudtrail.csv:2098,fe:oevgyj,2024-03-13 13:08:02+00:00,0,0,0.11211436
synthetic_cloudtrail.csv:2099,fe:oevgyj,2024-03-13 13:09:25+00:00,0,0,0.107106775
synthetic_cloudtrail.csv:2100,fe:oevgyj,2024-03-13 13:09:43+00:00,0,0,0.113347374
synthetic_cloudtrail.csv:2101,fe:oevgyj,2024-03-13 13:10:33+00:00,0,0,0.11736836
synthetic_cloudtrail.csv:2102,fe:oevgyj,2024-03-13 13:11:08+00:00,0,0,0.1288893
synthetic_cloudtrail.csv:2103,fe:oevgyj,2024-03-13 13:12:14+00:00,0,0,0.1241464
synthetic_cloudtrail.csv:2645,fe:ofzxyddce,2024-04-06 11:00:25+00:00,0,0,0.12870213
synthetic_cloudtrail.csv:2646,fe:ofzxyddce,2024-04-06 11:00:48+00:00,0,0,0.12117923
synthetic_cloudtrail.csv:2647,fe:ofzxyddce,2024-04-06 11:01:05+00:00,0,0,0.14003561
synthetic_cloudtrail.csv:2648,fe:ofzxyddce,2024-04-06 11:01:25+00:00,0,0,0.1412728
synthetic_cloudtrail.csv:2649,fe:ofzxyddce,2024-04-06 11:01:38+00:00,0,0,0.13415322
synthetic_cloudtrail.csv:2650,fe:ofzxyddce,2024-04-06 11:02:37+00:00,1,1,0.9940799
synthetic_cloudtrail.csv:2651,fe:ofzxyddce,2024-04-06 11:04:05+00:00,0,0,0.113227904
synthetic_cloudtrail.csv:2652,fe:ofzxyddce,2024-04-06 11:04:59+00:00,0,0,0.16594577
synthetic_cloudtrail.csv:2653,fe:ofzxyddce,2024-04-06 11:06:22+00:00,0,0,0.14316049
synthetic_cloudtrail.csv:2654,fe:ofzxyddce,2024-04-06 11:06:50+00:00,0,0,0.108321115
synthetic_cloudtrail.csv:322,fe:oigr,2024-01-12 13:00:06+00:00,0,0,0.14553012
synthetic_cloudtrail.csv:323,fe:oigr,2024-01-12 13:00:11+00:00,0,0,0.1261078
synthetic_cloudtrail.csv:324,fe:oigr,2024-01-12 13:00:36+00:00,0,0,0.13527593
synthetic_cloudtrail.csv:325,fe:oigr,2024-01-12 13:01:05+00:00,0,0,0.1415598
synthetic_cloudtrail.csv:326,fe:oigr,2024-01-12 13:01:35+00:00,0,0,0.15359457
synthetic_cloudtrail.csv:327,fe:oigr,2024-01-12 13:01:46+00:00,1,1,0.9948927
synthetic_cloudtrail.csv:328,fe:oigr,2024-01-12 13:02:07+00:00,1,1,0.99439055
synthetic_cloudtrail.csv:329,fe:oigr,2024-01-12 13:03:00+00:00,0,0,0.12668909
synthetic_cloudtrail.csv:330,fe:oigr,2024-01-12 13:03:11+00:00,0,0,0.13962492
synthetic_cloudtrail.csv:331,fe:oigr,2024-01-12 13:04:15+00:00,0,0,0.1445881
synthetic_cloudtrail.csv:332,fe:oigr,2024-01-12 13:04:49+00:00,0,0,0.14344788
synthetic_cloudtrail.csv:2348,fe:okbfuk,2024-03-22 11:00:28+00:00,0,0,0.13621432
synthetic_cloudtrail.csv:2349,fe:okbfuk,2024-03-22 11:00:55+00:00,0,0,0.12896892
synthetic_cloudtrail.csv:2350,fe:okbfuk,2024-03-22 11:02:20+00:00,0,0,0.123028375
synthetic_cloudtrail.csv:2351,fe:okbfuk,2024-03-22 11:02:51+00:00,0,0,0.13806239
synthetic_cloudtrail.csv:2352,fe:okbfuk,2024-03-22 11:03:39+00:00,0,0,0.12764028
synthetic_cloudtrail.csv:2353,fe:okbfuk,2024-03-22 11:05:25+00:00,0,0,0.11078187
synthetic_cloudtrail.csv:2354,fe:okbfuk,2024-03-22 11:05:55+00:00,0,0,0.12794481
synthetic_cloudtrail.csv:2355,fe:okbfuk,2024-03-22 11:06:36+00:00,0,0,0.11286892
synthetic_cloudtrail.csv:2356,fe:okbfuk,2024-03-22 11:08:28+00:00,0,0,0.13362625
synthetic_cloudtrail.csv:2357,fe:okbfuk,2024-03-22 11:09:32+00:00,0,0,0.10681327
synthetic_cloudtrail.csv:2358,fe:okbfuk,2024-03-22 11:10:59+00:00,0,0,0.11622397
synthetic_cloudtrail.csv:2359,fe:okbfuk,2024-03-22 11:11:07+00:00,0,0,0.118862756
synthetic_cloudtrail.csv:9486,fe:olywiupz,2024-12-08 10:00:23+00:00,0,0,0.12624598
synthetic_cloudtrail.csv:9487,fe:olywiupz,2024-12-08 10:00:41+00:00,0,0,0.12861164
synthetic_cloudtrail.csv:9488,fe:olywiupz,2024-12-08 10:00:46+00:00,0,0,0.13705045
synthetic_cloudtrail.csv:9489,fe:olywiupz,2024-12-08 10:01:05+00:00,0,0,0.1282925
synthetic_cloudtrail.csv:9490,fe:olywiupz,2024-12-08 10:01:25+00:00,0,0,0.15022287
synthetic_cloudtrail.csv:9491,fe:olywiupz,2024-12-08 10:01:36+00:00,1,1,0.99576795
synthetic_cloudtrail.csv:9492,fe:olywiupz,2024-12-08 10:02:46+00:00,0,0,0.11329639
synthetic_cloudtrail.csv:9493,fe:olywiupz,2024-12-08 10:04:14+00:00,1,0,0.41619334
synthetic_cloudtrail.csv:9494,fe:olywiupz,2024-12-08 10:04:30+00:00,0,0,0.1599288
synthetic_cloudtrail.csv:9495,fe:olywiupz,2024-12-08 10:04:44+00:00,0,0,0.13812067
synthetic_cloudtrail.csv:9496,fe:olywiupz,2024-12-08 10:05:27+00:00,0,0,0.12768783
synthetic_cloudtrail.csv:7523,fe:onfjdz,2024-10-01 09:01:54+00:00,0,0,0.1164553
synthetic_cloudtrail.csv:7524,fe:onfjdz,2024-10-01 09:02:46+00:00,0,0,0.13170739
synthetic_cloudtrail.csv:7525,fe:onfjdz,2024-10-01 09:04:01+00:00,0,0,0.12164799
synthetic_cloudtrail.csv:7526,fe:onfjdz,2024-10-01 09:04:08+00:00,0,0,0.259903
synthetic_cloudtrail.csv:7527,fe:onfjdz,2024-10-01 09:05:59+00:00,0,0,0.122858636
synthetic_cloudtrail.csv:7528,fe:onfjdz,2024-10-01 09:06:44+00:00,0,0,0.12773913
synthetic_cloudtrail.csv:7529,fe:onfjdz,2024-10-01 09:07:26+00:00,0,0,0.1293007
synthetic_cloudtrail.csv:7530,fe:onfjdz,2024-10-01 09:08:23+00:00,0,0,0.12776662
synthetic_cloudtrail.csv:7531,fe:onfjdz,2024-10-01 09:10:06+00:00,0,0,0.11607258
synthetic_cloudtrail.csv:7532,fe:onfjdz,2024-10-01 09:11:08+00:00,0,0,0.22768125
synthetic_cloudtrail.csv:7533,fe:onfjdz,2024-10-01 09:11:54+00:00,0,0,0.15349765
synthetic_cloudtrail.csv:7534,fe:onfjdz,2024-10-01 09:12:29+00:00,0,0,0.12269451
synthetic_cloudtrail.csv:7535,fe:onfjdz,2024-10-01 09:13:49+00:00,0,0,0.11948563
synthetic_cloudtrail.csv:6816,fe:onrkiua,2024-09-04 18:12:41+00:00,0,0,0.17762247
synthetic_cloudtrail.csv:6817,fe:onrkiua,2024-09-04 18:27:28+00:00,0,0,0.15429424
synthetic_cloudtrail.csv:6818,fe:onrkiua,2024-09-04 18:33:29+00:00,0,0,0.1563915
synthetic_cloudtrail.csv:6819,fe:onrkiua,2024-09-04 18:38:16+00:00,0,0,0.18166934
synthetic_cloudtrail.csv:6820,fe:onrkiua,2024-09-04 18:50:32+00:00,0,0,0.15567079
synthetic_cloudtrail.csv:1348,fe:opyffa,2024-02-14 12:00:46+00:00,0,0,0.1129407
synthetic_cloudtrail.csv:1349,fe:opyffa,2024-02-14 12:02:04+00:00,0,0,0.11660996
synthetic_cloudtrail.csv:1350,fe:opyffa,2024-02-14 12:03:04+00:00,0,0,0.13596717
synthetic_cloudtrail.csv:1351,fe:opyffa,2024-02-14 12:03:18+00:00,0,0,0.13869989
synthetic_cloudtrail.csv:1352,fe:opyffa,2024-02-14 12:03:23+00:00,0,0,0.1408187
synthetic_cloudtrail.csv:1353,fe:opyffa,2024-02-14 12:04:11+00:00,0,0,0.13237616
synthetic_cloudtrail.csv:1354,fe:opyffa,2024-02-14 12:04:39+00:00,0,0,0.2645042
synthetic_cloudtrail.csv:1355,fe:opyffa,2024-02-14 12:06:24+00:00,0,0,0.122594066
synthetic_cloudtrail.csv:1356,fe:opyffa,2024-02-14 12:06:31+00:00,0,0,0.12201367
synthetic_cloudtrail.csv:1357,fe:opyffa,2024-02-14 12:06:57+00:00,0,0,0.1210892
synthetic_cloudtrail.csv:1358,fe:opyffa,2024-02-14 12:08:09+00:00,0,0,0.113355584
synthetic_cloudtrail.csv:1359,fe:opyffa,2024-02-14 12:10:08+00:00,0,0,0.224249
synthetic_cloudtrail.csv:1360,fe:opyffa,2024-02-14 12:11:52+00:00,0,0,0.12174437
synthetic_cloudtrail.csv:1361,fe:opyffa,2024-02-14 12:12:31+00:00,0,0,0.14838439
synthetic_cloudtrail.csv:1362,fe:opyffa,2024-02-14 12:13:27+00:00,0,0,0.10789637
synthetic_cloudtrail.csv:1363,fe:opyffa,2024-02-14 12:14:55+00:00,0,0,0.10692081
synthetic_cloudtrail.csv:1364,fe:opyffa,2024-02-14 12:15:13+00:00,0,0,0.11959891
synthetic_cloudtrail.csv:775,fe:oqbfaq,2024-01-24 18:02:00+00:00,0,0,0.13319544
synthetic_cloudtrail.csv:776,fe:oqbfaq,2024-01-24 18:03:26+00:00,0,0,0.12938718
synthetic_cloudtrail.csv:777,fe:oqbfaq,2024-01-24 18:04:23+00:00,0,0,0.14026631
synthetic_cloudtrail.csv:778,fe:oqbfaq,2024-01-24 18:05:43+00:00,0,0,0.12124803
synthetic_cloudtrail.csv:779,fe:oqbfaq,2024-01-24 18:06:09+00:00,0,0,0.13095112
synthetic_cloudtrail.csv:780,fe:oqbfaq,2024-01-24 18:07:41+00:00,0,0,0.11943623
synthetic_cloudtrail.csv:781,fe:oqbfaq,2024-01-24 18:08:12+00:00,0,0,0.10776476
synthetic_cloudtrail.csv:782,fe:oqbfaq,2024-01-24 18:08:17+00:00,0,0,0.12333028
synthetic_cloudtrail.csv:783,fe:oqbfaq,2024-01-24 18:09:47+00:00,0,0,0.115626775
synthetic_cloudtrail.csv:784,fe:oqbfaq,2024-01-24 18:10:20+00:00,0,0,0.12877087
synthetic_cloudtrail.csv:785,fe:oqbfaq,2024-01-24 18:10:41+00:00,0,0,0.10838116
synthetic_cloudtrail.csv:786,fe:oqbfaq,2024-01-24 18:11:52+00:00,0,0,0.15921138
synthetic_cloudtrail.csv:787,fe:oqbfaq,2024-01-24 18:13:32+00:00,0,0,0.10930383
synthetic_cloudtrail.csv:788,fe:oqbfaq,2024-01-24 18:13:50+00:00,0,0,0.11932418
synthetic_cloudtrail.csv:789,fe:oqbfaq,2024-01-24 18:14:20+00:00,0,0,0.118560195
synthetic_cloudtrail.csv:790,fe:oqbfaq,2024-01-24 18:14:41+00:00,0,0,0.12159474
synthetic_cloudtrail.csv:791,fe:oqbfaq,2024-01-24 18:15:18+00:00,0,0,0.12140174
synthetic_cloudtrail.csv:792,fe:oqbfaq,2024-01-24 18:16:59+00:00,0,0,0.10909843
synthetic_cloudtrail.csv:793,fe:oqbfaq,2024-01-24 18:17:19+00:00,0,0,0.11979514
synthetic_cloudtrail.csv:794,fe:oqbfaq,2024-01-24 18:17:49+00:00,0,0,0.16205132
synthetic_cloudtrail.csv:1118,fe:oqezza,2024-02-08 12:00:20+00:00,0,0,0.15153567
synthetic_cloudtrail.csv:1119,fe:oqezza,2024-02-08 12:01:41+00:00,0,0,0.11187509
synthetic_cloudtrail.csv:1120,fe:oqezza,2024-02-08 12:02:46+00:00,0,0,0.24256197
synthetic_cloudtrail.csv:1121,fe:oqezza,2024-02-08 12:04:19+00:00,0,0,0.12461424
synthetic_cloudtrail.csv:1122,fe:oqezza,2024-02-08 12:06:04+00:00,0,0,0.14168109
synthetic_cloudtrail.csv:1123,fe:oqezza,2024-02-08 12:06:15+00:00,0,0,0.12714833
synthetic_cloudtrail.csv:1124,fe:oqezza,2024-02-08 12:06:25+00:00,0,0,0.13263287
synthetic_cloudtrail.csv:1125,fe:oqezza,2024-02-08 12:06:55+00:00,0,0,0.116952315
synthetic_cloudtrail.csv:1126,fe:oqezza,2024-02-08 12:08:38+00:00,0,0,0.12739769
synthetic_cloudtrail.csv:1127,fe:oqezza,2024-02-08 12:09:40+00:00,0,0,0.12751397
synthetic_cloudtrail.csv:1128,fe:oqezza,2024-02-08 12:11:40+00:00,0,0,0.24214624
synthetic_cloudtrail.csv:1129,fe:oqezza,2024-02-08 12:13:04+00:00,0,0,0.1349467
synthetic_cloudtrail.csv:1130,fe:oqezza,2024-02-08 12:13:28+00:00,0,0,0.13814889
synthetic_cloudtrail.csv:1131,fe:oqezza,2024-02-08 12:14:42+00:00,0,0,0.10444777
synthetic_cloudtrail.csv:1132,fe:oqezza,2024-02-08 12:16:12+00:00,0,0,0.12937361
synthetic_cloudtrail.csv:1133,fe:oqezza,2024-02-08 12:17:19+00:00,0,0,0.13858123
synthetic_cloudtrail.csv:1134,fe:oqezza,2024-02-08 12:18:19+00:00,1,0,0.26554105
synthetic_cloudtrail.csv:1147,fe:orfg,2024-02-09 10:00:11+00:00,0,0,0.13118395
synthetic_cloudtrail.csv:1148,fe:orfg,2024-02-09 10:00:38+00:00,0,0,0.10887827
synthetic_cloudtrail.csv:1149,fe:orfg,2024-02-09 10:00:48+00:00,0,0,0.11126591
synthetic_cloudtrail.csv:1150,fe:orfg,2024-02-09 10:01:14+00:00,1,1,0.9924218
synthetic_cloudtrail.csv:1151,fe:orfg,2024-02-09 10:01:35+00:00,0,0,0.117073104
synthetic_cloudtrail.csv:1152,fe:orfg,2024-02-09 10:02:52+00:00,0,0,0.11967548
synthetic_cloudtrail.csv:4370,fe:osiiddv,2024-06-02 14:00:13+00:00,0,0,0.13787933
synthetic_cloudtrail.csv:4371,fe:osiiddv,2024-06-02 14:00:29+00:00,0,0,0.13830222
synthetic_cloudtrail.csv:4372,fe:osiiddv,2024-06-02 14:00:38+00:00,0,0,0.166618
synthetic_cloudtrail.csv:4373,fe:osiiddv,2024-06-02 14:00:58+00:00,0,0,0.14404358
synthetic_cloudtrail.csv:4374,fe:osiiddv,2024-06-02 14:01:12+00:00,0,0,0.1366337
synthetic_cloudtrail.csv:4375,fe:osiiddv,2024-06-02 14:01:34+00:00,1,1,0.9943251
synthetic_cloudtrail.csv:4377,fe:osiiddv,2024-06-02 14:02:13+00:00,1,1,0.99372804
synthetic_cloudtrail.csv:4378,fe:osiiddv,2024-06-02 14:02:27+00:00,1,1,0.98638517
synthetic_cloudtrail.csv:4381,fe:osiiddv,2024-06-02 14:03:01+00:00,0,0,0.15539148
synthetic_cloudtrail.csv:4383,fe:osiiddv,2024-06-02 14:04:23+00:00,0,0,0.16386706
synthetic_cloudtrail.csv:4385,fe:osiiddv,2024-06-02 14:04:55+00:00,0,0,0.12457764
synthetic_cloudtrail.csv:9161,fe:osvdmnrhk,2024-11-26 11:00:27+00:00,0,0,0.11743519
synthetic_cloudtrail.csv:9162,fe:osvdmnrhk,2024-11-26 11:00:56+00:00,0,0,0.11386206
synthetic_cloudtrail.csv:9163,fe:osvdmnrhk,2024-11-26 11:01:14+00:00,0,0,0.120438844
synthetic_cloudtrail.csv:9164,fe:osvdmnrhk,2024-11-26 11:01:21+00:00,1,1,0.9923465
synthetic_cloudtrail.csv:9165,fe:osvdmnrhk,2024-11-26 11:01:47+00:00,1,1,0.99487597
synthetic_cloudtrail.csv:9166,fe:osvdmnrhk,2024-11-26 11:01:58+00:00,1,1,0.9924036
synthetic_cloudtrail.csv:6238,fe:osyhkmbwji,2024-08-11 09:00:11+00:00,0,0,0.13593557
synthetic_cloudtrail.csv:6239,fe:osyhkmbwji,2024-08-11 09:00:23+00:00,0,0,0.13681772
synthetic_cloudtrail.csv:6240,fe:osyhkmbwji,2024-08-11 09:00:41+00:00,0,0,0.15264717
synthetic_cloudtrail.csv:6241,fe:osyhkmbwji,2024-08-11 09:01:05+00:00,0,0,0.1253394
synthetic_cloudtrail.csv:6242,fe:osyhkmbwji,2024-08-11 09:01:17+00:00,0,0,0.13610668
synthetic_cloudtrail.csv:6243,fe:osyhkmbwji,2024-08-11 09:01:46+00:00,0,0,0.11995532
synthetic_cloudtrail.csv:6244,fe:osyhkmbwji,2024-08-11 09:02:04+00:00,0,0,0.14442797
synthetic_cloudtrail.csv:6245,fe:osyhkmbwji,2024-08-11 09:02:10+00:00,0,0,0.122988
synthetic_cloudtrail.csv:6246,fe:osyhkmbwji,2024-08-11 09:02:27+00:00,1,1,0.9961242
synthetic_cloudtrail.csv:6247,fe:osyhkmbwji,2024-08-11 09:03:21+00:00,1,1,0.9967213
synthetic_cloudtrail.csv:6249,fe:osyhkmbwji,2024-08-11 09:03:58+00:00,1,1,0.99479645
synthetic_cloudtrail.csv:8228,fe:oxoacy,2024-10-21 19:01:52+00:00,0,0,0.13001898
synthetic_cloudtrail.csv:8229,fe:oxoacy,2024-10-21 19:02:35+00:00,0,0,0.113998696
synthetic_cloudtrail.csv:8230,fe:oxoacy,2024-10-21 19:04:03+00:00,0,0,0.11966854
synthetic_cloudtrail.csv:8231,fe:oxoacy,2024-10-21 19:05:11+00:00,0,0,0.14433882
synthetic_cloudtrail.csv:8232,fe:oxoacy,2024-10-21 19:06:04+00:00,0,0,0.11773866
synthetic_cloudtrail.csv:8233,fe:oxoacy,2024-10-21 19:07:02+00:00,0,0,0.12641369
synthetic_cloudtrail.csv:8234,fe:oxoacy,2024-10-21 19:08:01+00:00,0,0,0.104811735
synthetic_cloudtrail.csv:8235,fe:oxoacy,2024-10-21 19:08:06+00:00,0,0,0.13322325
synthetic_cloudtrail.csv:8236,fe:oxoacy,2024-10-21 19:09:23+00:00,0,0,0.12402907
synthetic_cloudtrail.csv:8237,fe:oxoacy,2024-10-21 19:11:12+00:00,0,0,0.12982738
synthetic_cloudtrail.csv:8238,fe:oxoacy,2024-10-21 19:12:22+00:00,0,0,0.12947345
synthetic_cloudtrail.csv:8239,fe:oxoacy,2024-10-21 19:14:15+00:00,0,0,0.13054751
synthetic_cloudtrail.csv:3348,fe:oxyzna,2024-04-27 11:01:37+00:00,0,0,0.12922744
synthetic_cloudtrail.csv:3351,fe:oxyzna,2024-04-27 11:02:27+00:00,0,0,0.122006916
synthetic_cloudtrail.csv:3354,fe:oxyzna,2024-04-27 11:03:28+00:00,0,0,0.122867465
synthetic_cloudtrail.csv:3356,fe:oxyzna,2024-04-27 11:04:57+00:00,0,0,0.13142654
synthetic_cloudtrail.csv:3359,fe:oxyzna,2024-04-27 11:06:04+00:00,0,0,0.115834415
synthetic_cloudtrail.csv:3361,fe:oxyzna,2024-04-27 11:06:46+00:00,0,0,0.12076566
synthetic_cloudtrail.csv:3362,fe:oxyzna,2024-04-27 11:07:23+00:00,0,0,0.11865499
synthetic_cloudtrail.csv:3364,fe:oxyzna,2024-04-27 11:08:34+00:00,0,0,0.14481495
synthetic_cloudtrail.csv:3365,fe:oxyzna,2024-04-27 11:09:31+00:00,0,0,0.14607677
synthetic_cloudtrail.csv:3366,fe:oxyzna,2024-04-27 11:10:35+00:00,0,0,0.11157689
synthetic_cloudtrail.csv:3367,fe:oxyzna,2024-04-27 11:12:05+00:00,0,0,0.11883167
synthetic_cloudtrail.csv:3368,fe:oxyzna,2024-04-27 11:12:48+00:00,0,0,0.13713314
synthetic_cloudtrail.csv:3369,fe:oxyzna,2024-04-27 11:14:18+00:00,0,0,0.12658827
synthetic_cloudtrail.csv:3370,fe:oxyzna,2024-04-27 11:14:47+00:00,0,0,0.12194654
synthetic_cloudtrail.csv:3371,fe:oxyzna,2024-04-27 11:16:27+00:00,0,0,0.123675235
synthetic_cloudtrail.csv:3372,fe:oxyzna,2024-04-27 11:16:46+00:00,0,0,0.11928077
synthetic_cloudtrail.csv:3373,fe:oxyzna,2024-04-27 11:17:12+00:00,0,0,0.11865384
synthetic_cloudtrail.csv:3374,fe:oxyzna,2024-04-27 11:19:12+00:00,0,0,0.14406954
synthetic_cloudtrail.csv:7895,fe:oyjoopdhrlpy,2024-10-12 11:00:25+00:00,0,0,0.15074734
synthetic_cloudtrail.csv:7896,fe:oyjoopdhrlpy,2024-10-12 11:00:48+00:00,0,0,0.12995926
synthetic_cloudtrail.csv:7897,fe:oyjoopdhrlpy,2024-10-12 11:01:12+00:00,0,0,0.13867788
synthetic_cloudtrail.csv:7898,fe:oyjoopdhrlpy,2024-10-12 11:01:58+00:00,1,1,0.9925761
synthetic_cloudtrail.csv:7899,fe:oyjoopdhrlpy,2024-10-12 11:02:03+00:00,1,1,0.9926035
synthetic_cloudtrail.csv:7900,fe:oyjoopdhrlpy,2024-10-12 11:02:37+00:00,0,0,0.1374914
synthetic_cloudtrail.csv:7901,fe:oyjoopdhrlpy,2024-10-12 11:03:40+00:00,0,0,0.14104146
synthetic_cloudtrail.csv:2937,fe:ozyz,2024-04-13 14:07:13+00:00,0,0,0.3004944
synthetic_cloudtrail.csv:2948,fe:ozyz,2024-04-13 14:18:22+00:00,0,0,0.16871686
synthetic_cloudtrail.csv:2949,fe:ozyz,2024-04-13 14:28:40+00:00,0,0,0.1467107
synthetic_cloudtrail.csv:7316,fe:pbrpuk,2024-09-18 18:00:41+00:00,0,0,0.1286889
synthetic_cloudtrail.csv:7317,fe:pbrpuk,2024-09-18 18:01:36+00:00,0,0,0.14211576
synthetic_cloudtrail.csv:7318,fe:pbrpuk,2024-09-18 18:02:26+00:00,0,0,0.117017016
synthetic_cloudtrail.csv:7319,fe:pbrpuk,2024-09-18 18:03:50+00:00,0,0,0.110811375
synthetic_cloudtrail.csv:7320,fe:pbrpuk,2024-09-18 18:05:50+00:00,0,0,0.12527388
synthetic_cloudtrail.csv:7321,fe:pbrpuk,2024-09-18 18:05:55+00:00,0,0,0.12589793
synthetic_cloudtrail.csv:7322,fe:pbrpuk,2024-09-18 18:07:24+00:00,0,0,0.12708475
synthetic_cloudtrail.csv:7323,fe:pbrpuk,2024-09-18 18:08:33+00:00,0,0,0.109889485
synthetic_cloudtrail.csv:7324,fe:pbrpuk,2024-09-18 18:10:32+00:00,0,0,0.107506685
synthetic_cloudtrail.csv:7325,fe:pbrpuk,2024-09-18 18:12:26+00:00,0,0,0.124072395
synthetic_cloudtrail.csv:7326,fe:pbrpuk,2024-09-18 18:14:26+00:00,0,0,0.12599614
synthetic_cloudtrail.csv:7327,fe:pbrpuk,2024-09-18 18:15:37+00:00,0,0,0.114615895
synthetic_cloudtrail.csv:7328,fe:pbrpuk,2024-09-18 18:16:46+00:00,0,0,0.12656735
synthetic_cloudtrail.csv:7329,fe:pbrpuk,2024-09-18 18:18:10+00:00,0,0,0.128573
synthetic_cloudtrail.csv:7330,fe:pbrpuk,2024-09-18 18:19:48+00:00,0,0,0.14926054
synthetic_cloudtrail.csv:7331,fe:pbrpuk,2024-09-18 18:21:38+00:00,0,0,0.14171785
synthetic_cloudtrail.csv:7332,fe:pbrpuk,2024-09-18 18:23:12+00:00,0,0,0.108205006
synthetic_cloudtrail.csv:7333,fe:pbrpuk,2024-09-18 18:23:38+00:00,0,0,0.1143739
synthetic_cloudtrail.csv:7334,fe:pbrpuk,2024-09-18 18:25:08+00:00,0,0,0.12552224
synthetic_cloudtrail.csv:7335,fe:pbrpuk,2024-09-18 18:26:59+00:00,1,0,0.28356966
synthetic_cloudtrail.csv:1512,fe:pcpldhftry,2024-02-20 07:00:17+00:00,0,0,0.153115
synthetic_cloudtrail.csv:1513,fe:pcpldhftry,2024-02-20 07:00:34+00:00,0,0,0.1382582
synthetic_cloudtrail.csv:1514,fe:pcpldhftry,2024-02-20 07:01:01+00:00,0,0,0.12799802
synthetic_cloudtrail.csv:1515,fe:pcpldhftry,2024-02-20 07:01:05+00:00,0,0,0.1464905
synthetic_cloudtrail.csv:1516,fe:pcpldhftry,2024-02-20 07:01:31+00:00,0,0,0.13808411
synthetic_cloudtrail.csv:1517,fe:pcpldhftry,2024-02-20 07:01:40+00:00,0,0,0.17376553
synthetic_cloudtrail.csv:1518,fe:pcpldhftry,2024-02-20 07:01:49+00:00,0,0,0.1381171
synthetic_cloudtrail.csv:1519,fe:pcpldhftry,2024-02-20 07:02:03+00:00,0,0,0.12813021
synthetic_cloudtrail.csv:1520,fe:pcpldhftry,2024-02-20 07:02:27+00:00,1,1,0.99555993
synthetic_cloudtrail.csv:1521,fe:pcpldhftry,2024-02-20 07:03:08+00:00,1,1,0.9961565
synthetic_cloudtrail.csv:1522,fe:pcpldhftry,2024-02-20 07:03:21+00:00,0,0,0.13849919
synthetic_cloudtrail.csv:1523,fe:pcpldhftry,2024-02-20 07:03:38+00:00,0,0,0.4838488
synthetic_cloudtrail.csv:1524,fe:pcpldhftry,2024-02-20 07:03:57+00:00,0,0,0.14684674
synthetic_cloudtrail.csv:1525,fe:pcpldhftry,2024-02-20 07:04:16+00:00,0,0,0.17159759
synthetic_cloudtrail.csv:1526,fe:pcpldhftry,2024-02-20 07:05:09+00:00,0,0,0.17102998
synthetic_cloudtrail.csv:9717,fe:pdkcl,2024-12-15 07:00:29+00:00,0,0,0.112565234
synthetic_cloudtrail.csv:9718,fe:pdkcl,2024-12-15 07:00:40+00:00,0,0,0.1330223
synthetic_cloudtrail.csv:9719,fe:pdkcl,2024-12-15 07:01:09+00:00,0,0,0.12444709
synthetic_cloudtrail.csv:9720,fe:pdkcl,2024-12-15 07:01:31+00:00,1,1,0.99226695
synthetic_cloudtrail.csv:9721,fe:pdkcl,2024-12-15 07:02:10+00:00,1,1,0.9912375
synthetic_cloudtrail.csv:9722,fe:pdkcl,2024-12-15 07:02:27+00:00,0,0,0.13551828
synthetic_cloudtrail.csv:9723,fe:pdkcl,2024-12-15 07:03:53+00:00,1,0,0.94709253
synthetic_cloudtrail.csv:1642,fe:pdwpgrln,2024-02-24 10:00:14+00:00,0,0,0.12945507
synthetic_cloudtrail.csv:1643,fe:pdwpgrln,2024-02-24 10:00:24+00:00,0,0,0.13858761
synthetic_cloudtrail.csv:1644,fe:pdwpgrln,2024-02-24 10:00:33+00:00,0,0,0.13810068
synthetic_cloudtrail.csv:1645,fe:pdwpgrln,2024-02-24 10:00:37+00:00,0,0,0.12433317
synthetic_cloudtrail.csv:1646,fe:pdwpgrln,2024-02-24 10:00:49+00:00,1,1,0.994294
synthetic_cloudtrail.csv:1647,fe:pdwpgrln,2024-02-24 10:01:20+00:00,1,1,0.9950355
synthetic_cloudtrail.csv:1648,fe:pdwpgrln,2024-02-24 10:02:02+00:00,1,1,0.9938139
synthetic_cloudtrail.csv:1649,fe:pdwpgrln,2024-02-24 10:03:30+00:00,0,0,0.13695718
synthetic_cloudtrail.csv:1650,fe:pdwpgrln,2024-02-24 10:04:16+00:00,0,0,0.11002535
synthetic_cloudtrail.csv:1651,fe:pdwpgrln,2024-02-24 10:05:37+00:00,0,0,0.11107837
synthetic_cloudtrail.csv:5733,fe:pevqnp,2024-07-20 15:01:32+00:00,0,0,0.12071796
synthetic_cloudtrail.csv:5735,fe:pevqnp,2024-07-20 15:02:27+00:00,0,0,0.14023376
synthetic_cloudtrail.csv:5737,fe:pevqnp,2024-07-20 15:02:49+00:00,0,0,0.12317958
synthetic_cloudtrail.csv:5738,fe:pevqnp,2024-07-20 15:02:54+00:00,0,0,0.10645417
synthetic_cloudtrail.csv:5741,fe:pevqnp,2024-07-20 15:04:47+00:00,0,0,0.14456324
synthetic_cloudtrail.csv:5744,fe:pevqnp,2024-07-20 15:06:37+00:00,0,0,0.11765079
synthetic_cloudtrail.csv:5746,fe:pevqnp,2024-07-20 15:08:27+00:00,0,0,0.124866076
synthetic_cloudtrail.csv:5748,fe:pevqnp,2024-07-20 15:09:29+00:00,0,0,0.111519754
synthetic_cloudtrail.csv:5751,fe:pevqnp,2024-07-20 15:10:41+00:00,1,0,0.35077927
synthetic_cloudtrail.csv:5753,fe:pevqnp,2024-07-20 15:12:18+00:00,0,0,0.12713392
synthetic_cloudtrail.csv:5231,fe:phzlec,2024-07-04 10:01:13+00:00,0,0,0.14928013
synthetic_cloudtrail.csv:5232,fe:phzlec,2024-07-04 10:02:21+00:00,0,0,0.123067826
synthetic_cloudtrail.csv:5233,fe:phzlec,2024-07-04 10:03:15+00:00,0,0,0.11993927
synthetic_cloudtrail.csv:5234,fe:phzlec,2024-07-04 10:04:56+00:00,0,0,0.14257327
synthetic_cloudtrail.csv:5235,fe:phzlec,2024-07-04 10:05:41+00:00,0,0,0.12194457
synthetic_cloudtrail.csv:5236,fe:phzlec,2024-07-04 10:06:37+00:00,0,0,0.12851381
synthetic_cloudtrail.csv:5237,fe:phzlec,2024-07-04 10:08:27+00:00,0,0,0.24020979
synthetic_cloudtrail.csv:5238,fe:phzlec,2024-07-04 10:10:02+00:00,0,0,0.11600462
synthetic_cloudtrail.csv:5239,fe:phzlec,2024-07-04 10:11:04+00:00,0,0,0.11956503
synthetic_cloudtrail.csv:5240,fe:phzlec,2024-07-04 10:11:31+00:00,0,0,0.113437
synthetic_cloudtrail.csv:9031,fe:pjndua,2024-11-22 18:01:11+00:00,0,0,0.1417432
synthetic_cloudtrail.csv:9032,fe:pjndua,2024-11-22 18:02:02+00:00,0,0,0.11535753
synthetic_cloudtrail.csv:9033,fe:pjndua,2024-11-22 18:03:51+00:00,0,0,0.124818526
synthetic_cloudtrail.csv:9034,fe:pjndua,2024-11-22 18:04:23+00:00,0,0,0.13023177
synthetic_cloudtrail.csv:9035,fe:pjndua,2024-11-22 18:05:23+00:00,0,0,0.15324429
synthetic_cloudtrail.csv:9036,fe:pjndua,2024-11-22 18:06:24+00:00,0,0,0.36205348
synthetic_cloudtrail.csv:9037,fe:pjndua,2024-11-22 18:08:22+00:00,0,0,0.15073858
synthetic_cloudtrail.csv:9038,fe:pjndua,2024-11-22 18:09:08+00:00,0,0,0.13475247
synthetic_cloudtrail.csv:3154,fe:pjuim,2024-04-23 08:00:23+00:00,0,0,0.13004208
synthetic_cloudtrail.csv:3155,fe:pjuim,2024-04-23 08:00:46+00:00,0,0,0.11851612
synthetic_cloudtrail.csv:3156,fe:pjuim,2024-04-23 08:01:12+00:00,0,0,0.12581961
synthetic_cloudtrail.csv:3157,fe:pjuim,2024-04-23 08:01:35+00:00,0,0,0.117901236
synthetic_cloudtrail.csv:3158,fe:pjuim,2024-04-23 08:01:53+00:00,0,0,0.1280838
synthetic_cloudtrail.csv:3159,fe:pjuim,2024-04-23 08:01:58+00:00,0,0,0.14159955
synthetic_cloudtrail.csv:3160,fe:pjuim,2024-04-23 08:02:23+00:00,1,1,0.99426395
synthetic_cloudtrail.csv:3161,fe:pjuim,2024-04-23 08:02:55+00:00,1,1,0.99345315
synthetic_cloudtrail.csv:3162,fe:pjuim,2024-04-23 08:03:06+00:00,0,0,0.124209076
synthetic_cloudtrail.csv:3163,fe:pjuim,2024-04-23 08:03:48+00:00,1,0,0.9837975
synthetic_cloudtrail.csv:89,fe:pjwgwdsds,2024-01-04 16:02:18+00:00,0,0,0.2678871
synthetic_cloudtrail.csv:90,fe:pjwgwdsds,2024-01-04 16:14:25+00:00,0,0,0.17060113
synthetic_cloudtrail.csv:4632,fe:pkbtldcxxp,2024-06-09 12:00:20+00:00,0,0,0.124222934
synthetic_cloudtrail.csv:4633,fe:pkbtldcxxp,2024-06-09 12:00:45+00:00,0,0,0.11168711
synthetic_cloudtrail.csv:4634,fe:pkbtldcxxp,2024-06-09 12:00:56+00:00,0,0,0.11848234
synthetic_cloudtrail.csv:4635,fe:pkbtldcxxp,2024-06-09 12:01:18+00:00,1,1,0.9925166
synthetic_cloudtrail.csv:4636,fe:pkbtldcxxp,2024-06-09 12:01:25+00:00,1,1,0.9947247
synthetic_cloudtrail.csv:4637,fe:pkbtldcxxp,2024-06-09 12:02:22+00:00,0,0,0.12621364
synthetic_cloudtrail.csv:4638,fe:pkbtldcxxp,2024-06-09 12:03:37+00:00,0,0,0.09340164
synthetic_cloudtrail.csv:4639,fe:pkbtldcxxp,2024-06-09 12:04:33+00:00,0,0,0.107676305
synthetic_cloudtrail.csv:4640,fe:pkbtldcxxp,2024-06-09 12:05:13+00:00,0,0,0.11105345
synthetic_cloudtrail.csv:3126,fe:pkxvex,2024-04-22 17:00:44+00:00,0,0,0.13871516
synthetic_cloudtrail.csv:3127,fe:pkxvex,2024-04-22 17:01:55+00:00,0,0,0.106786475
synthetic_cloudtrail.csv:3128,fe:pkxvex,2024-04-22 17:02:43+00:00,0,0,0.14026068
synthetic_cloudtrail.csv:3129,fe:pkxvex,2024-04-22 17:03:33+00:00,0,0,0.11947008
synthetic_cloudtrail.csv:3130,fe:pkxvex,2024-04-22 17:05:18+00:00,0,0,0.11649203
synthetic_cloudtrail.csv:3131,fe:pkxvex,2024-04-22 17:06:43+00:00,0,0,0.12465956
synthetic_cloudtrail.csv:3132,fe:pkxvex,2024-04-22 17:07:37+00:00,0,0,0.12792742
synthetic_cloudtrail.csv:3133,fe:pkxvex,2024-04-22 17:08:11+00:00,0,0,0.10736182
synthetic_cloudtrail.csv:3134,fe:pkxvex,2024-04-22 17:09:31+00:00,0,0,0.106530726
synthetic_cloudtrail.csv:3135,fe:pkxvex,2024-04-22 17:11:20+00:00,0,0,0.11132291
synthetic_cloudtrail.csv:3136,fe:pkxvex,2024-04-22 17:11:50+00:00,0,0,0.23806773
synthetic_cloudtrail.csv:3137,fe:pkxvex,2024-04-22 17:13:38+00:00,0,0,0.12758733
synthetic_cloudtrail.csv:3138,fe:pkxvex,2024-04-22 17:14:29+00:00,0,0,0.11244182
synthetic_cloudtrail.csv:3139,fe:pkxvex,2024-04-22 17:16:22+00:00,0,0,0.13499081
synthetic_cloudtrail.csv:3140,fe:pkxvex,2024-04-22 17:17:07+00:00,0,0,0.14002708
synthetic_cloudtrail.csv:3141,fe:pkxvex,2024-04-22 17:17:13+00:00,0,0,0.15407713
synthetic_cloudtrail.csv:1799,fe:plfzbmxzctov,2024-03-03 10:00:10+00:00,0,0,0.13257754
synthetic_cloudtrail.csv:1800,fe:plfzbmxzctov,2024-03-03 10:00:38+00:00,0,0,0.13333756
synthetic_cloudtrail.csv:1801,fe:plfzbmxzctov,2024-03-03 10:00:58+00:00,0,0,0.14262821
synthetic_cloudtrail.csv:1802,fe:plfzbmxzctov,2024-03-03 10:01:38+00:00,1,1,0.9930356
synthetic_cloudtrail.csv:1803,fe:plfzbmxzctov,2024-03-03 10:02:38+00:00,1,1,0.99162275
synthetic_cloudtrail.csv:1804,fe:plfzbmxzctov,2024-03-03 10:02:50+00:00,1,1,0.96665055
synthetic_cloudtrail.csv:1805,fe:plfzbmxzctov,2024-03-03 10:03:04+00:00,0,0,0.1305558
synthetic_cloudtrail.csv:1806,fe:plfzbmxzctov,2024-03-03 10:04:16+00:00,0,0,0.13766254
synthetic_cloudtrail.csv:1807,fe:plfzbmxzctov,2024-03-03 10:05:03+00:00,0,0,0.13330087
synthetic_cloudtrail.csv:1808,fe:plfzbmxzctov,2024-03-03 10:05:22+00:00,0,0,0.13166928
synthetic_cloudtrail.csv:7423,fe:plmraq,2024-09-23 13:01:59+00:00,0,0,0.14083023
synthetic_cloudtrail.csv:7424,fe:plmraq,2024-09-23 13:02:06+00:00,0,0,0.11393231
synthetic_cloudtrail.csv:7425,fe:plmraq,2024-09-23 13:02:19+00:00,0,0,0.14010204
synthetic_cloudtrail.csv:7426,fe:plmraq,2024-09-23 13:03:36+00:00,0,0,0.12488417
synthetic_cloudtrail.csv:7427,fe:plmraq,2024-09-23 13:04:20+00:00,0,0,0.13046212
synthetic_cloudtrail.csv:7428,fe:plmraq,2024-09-23 13:05:00+00:00,0,0,0.12218897
synthetic_cloudtrail.csv:7429,fe:plmraq,2024-09-23 13:05:43+00:00,0,0,0.120633356
synthetic_cloudtrail.csv:7430,fe:plmraq,2024-09-23 13:06:33+00:00,0,0,0.13699369
synthetic_cloudtrail.csv:7431,fe:plmraq,2024-09-23 13:07:13+00:00,0,0,0.12740813
synthetic_cloudtrail.csv:7432,fe:plmraq,2024-09-23 13:08:34+00:00,0,0,0.15373503
synthetic_cloudtrail.csv:7433,fe:plmraq,2024-09-23 13:10:12+00:00,0,0,0.14098285
synthetic_cloudtrail.csv:7434,fe:plmraq,2024-09-23 13:10:37+00:00,0,0,0.12464784
synthetic_cloudtrail.csv:7435,fe:plmraq,2024-09-23 13:11:20+00:00,0,0,0.11527794
synthetic_cloudtrail.csv:7436,fe:plmraq,2024-09-23 13:12:23+00:00,0,0,0.13209385
synthetic_cloudtrail.csv:6846,fe:pmgjlmuxu,2024-09-05 09:03:04+00:00,0,0,0.15279761
synthetic_cloudtrail.csv:6854,fe:pmgjlmuxu,2024-09-05 09:06:34+00:00,0,0,0.2906497
synthetic_cloudtrail.csv:9535,fe:pojrig,2024-12-09 17:01:22+00:00,0,0,0.13200139
synthetic_cloudtrail.csv:9536,fe:pojrig,2024-12-09 17:01:55+00:00,0,0,0.108291894
synthetic_cloudtrail.csv:9538,fe:pojrig,2024-12-09 17:03:23+00:00,0,0,0.116112344
synthetic_cloudtrail.csv:9540,fe:pojrig,2024-12-09 17:04:19+00:00,0,0,0.11697963
synthetic_cloudtrail.csv:9541,fe:pojrig,2024-12-09 17:05:04+00:00,0,0,0.116306566
synthetic_cloudtrail.csv:9542,fe:pojrig,2024-12-09 17:05:46+00:00,0,0,0.116377704
synthetic_cloudtrail.csv:9543,fe:pojrig,2024-12-09 17:06:47+00:00,0,0,0.113489844
synthetic_cloudtrail.csv:9544,fe:pojrig,2024-12-09 17:08:35+00:00,0,0,0.12269537
synthetic_cloudtrail.csv:9546,fe:pojrig,2024-12-09 17:10:25+00:00,0,0,0.11702345
synthetic_cloudtrail.csv:9547,fe:pojrig,2024-12-09 17:11:57+00:00,0,0,0.13120326
synthetic_cloudtrail.csv:9549,fe:pojrig,2024-12-09 17:12:38+00:00,0,0,0.1149337
synthetic_cloudtrail.csv:9550,fe:pojrig,2024-12-09 17:13:02+00:00,0,0,0.112040006
synthetic_cloudtrail.csv:9551,fe:pojrig,2024-12-09 17:14:59+00:00,0,0,0.121678874
synthetic_cloudtrail.csv:9553,fe:pojrig,2024-12-09 17:15:49+00:00,0,0,0.12722772
synthetic_cloudtrail.csv:9554,fe:pojrig,2024-12-09 17:17:00+00:00,0,0,0.11489254
synthetic_cloudtrail.csv:4733,fe:porhmm,2024-06-13 07:00:10+00:00,0,0,0.13701947
synthetic_cloudtrail.csv:4734,fe:porhmm,2024-06-13 07:01:52+00:00,0,0,0.1168474
synthetic_cloudtrail.csv:4735,fe:porhmm,2024-06-13 07:03:52+00:00,0,0,0.13706596
synthetic_cloudtrail.csv:4736,fe:porhmm,2024-06-13 07:04:42+00:00,0,0,0.11497704
synthetic_cloudtrail.csv:4737,fe:porhmm,2024-06-13 07:06:06+00:00,0,0,0.11565736
synthetic_cloudtrail.csv:4738,fe:porhmm,2024-06-13 07:06:17+00:00,0,0,0.11368267
synthetic_cloudtrail.csv:4739,fe:porhmm,2024-06-13 07:07:50+00:00,0,0,0.13406901
synthetic_cloudtrail.csv:4740,fe:porhmm,2024-06-13 07:09:39+00:00,0,0,0.11056147
synthetic_cloudtrail.csv:4741,fe:porhmm,2024-06-13 07:11:23+00:00,0,0,0.11792246
synthetic_cloudtrail.csv:4742,fe:porhmm,2024-06-13 07:12:20+00:00,0,0,0.1152374
synthetic_cloudtrail.csv:4743,fe:porhmm,2024-06-13 07:13:34+00:00,0,0,0.14071198
synthetic_cloudtrail.csv:9785,fe:pqwkmg,2024-12-16 13:00:19+00:00,0,0,0.14797287
synthetic_cloudtrail.csv:9786,fe:pqwkmg,2024-12-16 13:01:10+00:00,0,0,0.121111095
synthetic_cloudtrail.csv:9787,fe:pqwkmg,2024-12-16 13:02:15+00:00,0,0,0.24033548
synthetic_cloudtrail.csv:9788,fe:pqwkmg,2024-12-16 13:03:30+00:00,0,0,0.11998285
synthetic_cloudtrail.csv:9789,fe:pqwkmg,2024-12-16 13:03:41+00:00,0,0,0.14146598
synthetic_cloudtrail.csv:9790,fe:pqwkmg,2024-12-16 13:04:01+00:00,0,0,0.112229735
synthetic_cloudtrail.csv:9791,fe:pqwkmg,2024-12-16 13:05:36+00:00,0,0,0.1363872
synthetic_cloudtrail.csv:9792,fe:pqwkmg,2024-12-16 13:07:12+00:00,0,0,0.13263951
synthetic_cloudtrail.csv:9793,fe:pqwkmg,2024-12-16 13:08:40+00:00,0,0,0.12982407
synthetic_cloudtrail.csv:9794,fe:pqwkmg,2024-12-16 13:09:14+00:00,0,0,0.10738026
synthetic_cloudtrail.csv:9795,fe:pqwkmg,2024-12-16 13:09:47+00:00,0,0,0.11904258
synthetic_cloudtrail.csv:9796,fe:pqwkmg,2024-12-16 13:11:16+00:00,0,0,0.10774725
synthetic_cloudtrail.csv:9797,fe:pqwkmg,2024-12-16 13:11:27+00:00,0,0,0.11440447
synthetic_cloudtrail.csv:9798,fe:pqwkmg,2024-12-16 13:12:51+00:00,0,0,0.11120055
synthetic_cloudtrail.csv:9799,fe:pqwkmg,2024-12-16 13:14:08+00:00,0,0,0.15740682
synthetic_cloudtrail.csv:9800,fe:pqwkmg,2024-12-16 13:14:31+00:00,0,0,0.21012768
synthetic_cloudtrail.csv:9801,fe:pqwkmg,2024-12-16 13:15:09+00:00,0,0,0.11887029
synthetic_cloudtrail.csv:7364,fe:prldxcls,2024-09-19 14:11:33+00:00,0,0,0.48362175
synthetic_cloudtrail.csv:7365,fe:prldxcls,2024-09-19 14:15:49+00:00,0,0,0.16443834
synthetic_cloudtrail.csv:7366,fe:prldxcls,2024-09-19 14:25:42+00:00,0,0,0.16866937
synthetic_cloudtrail.csv:7367,fe:prldxcls,2024-09-19 14:36:43+00:00,0,0,0.17368639
synthetic_cloudtrail.csv:7368,fe:prldxcls,2024-09-19 14:40:15+00:00,0,0,0.21526124
synthetic_cloudtrail.csv:9819,fe:psffcx,2024-12-17 16:00:44+00:00,0,0,0.12781672
synthetic_cloudtrail.csv:9820,fe:psffcx,2024-12-17 16:02:41+00:00,0,0,0.09736464
synthetic_cloudtrail.csv:9821,fe:psffcx,2024-12-17 16:02:58+00:00,0,0,0.119403504
synthetic_cloudtrail.csv:9822,fe:psffcx,2024-12-17 16:04:41+00:00,0,0,0.11726946
synthetic_cloudtrail.csv:9823,fe:psffcx,2024-12-17 16:04:52+00:00,0,0,0.11771555
synthetic_cloudtrail.csv:9824,fe:psffcx,2024-12-17 16:05:57+00:00,0,0,0.121901244
synthetic_cloudtrail.csv:9825,fe:psffcx,2024-12-17 16:06:34+00:00,0,0,0.11588688
synthetic_cloudtrail.csv:9826,fe:psffcx,2024-12-17 16:07:08+00:00,0,0,0.123219125
synthetic_cloudtrail.csv:9000,fe:ptjwwyg,2024-11-22 14:00:24+00:00,0,0,0.12226395
synthetic_cloudtrail.csv:9001,fe:ptjwwyg,2024-11-22 14:00:36+00:00,0,0,0.10713784
synthetic_cloudtrail.csv:9002,fe:ptjwwyg,2024-11-22 14:01:05+00:00,0,0,0.12951042
synthetic_cloudtrail.csv:9003,fe:ptjwwyg,2024-11-22 14:01:17+00:00,0,0,0.11207318
synthetic_cloudtrail.csv:9004,fe:ptjwwyg,2024-11-22 14:01:21+00:00,0,0,0.13259345
synthetic_cloudtrail.csv:9005,fe:ptjwwyg,2024-11-22 14:01:36+00:00,1,1,0.9946109
synthetic_cloudtrail.csv:9006,fe:ptjwwyg,2024-11-22 14:02:17+00:00,1,1,0.9943975
synthetic_cloudtrail.csv:9007,fe:ptjwwyg,2024-11-22 14:03:09+00:00,0,0,0.12779105
synthetic_cloudtrail.csv:9008,fe:ptjwwyg,2024-11-22 14:03:51+00:00,0,0,0.11374796
synthetic_cloudtrail.csv:9009,fe:ptjwwyg,2024-11-22 14:04:15+00:00,0,0,0.2519503
synthetic_cloudtrail.csv:3272,fe:pvlrvueeqlv,2024-04-26 14:00:21+00:00,0,0,0.11855523
synthetic_cloudtrail.csv:3273,fe:pvlrvueeqlv,2024-04-26 14:00:46+00:00,0,0,0.11975742
synthetic_cloudtrail.csv:3274,fe:pvlrvueeqlv,2024-04-26 14:00:58+00:00,0,0,0.13222572
synthetic_cloudtrail.csv:3276,fe:pvlrvueeqlv,2024-04-26 14:01:51+00:00,1,1,0.9921753
synthetic_cloudtrail.csv:3278,fe:pvlrvueeqlv,2024-04-26 14:02:20+00:00,1,1,0.9929126
synthetic_cloudtrail.csv:3279,fe:pvlrvueeqlv,2024-04-26 14:03:02+00:00,1,1,0.9343946
synthetic_cloudtrail.csv:3281,fe:pvlrvueeqlv,2024-04-26 14:03:54+00:00,0,0,0.13001093
synthetic_cloudtrail.csv:3284,fe:pvlrvueeqlv,2024-04-26 14:05:24+00:00,0,0,0.113207445
synthetic_cloudtrail.csv:3286,fe:pvlrvueeqlv,2024-04-26 14:06:11+00:00,0,0,0.12837881
synthetic_cloudtrail.csv:3287,fe:pvlrvueeqlv,2024-04-26 14:07:29+00:00,0,0,0.12273195
synthetic_cloudtrail.csv:673,fe:pvzltxap,2024-01-20 18:00:19+00:00,0,0,0.12603632
synthetic_cloudtrail.csv:675,fe:pvzltxap,2024-01-20 18:00:40+00:00,0,0,0.12251065
synthetic_cloudtrail.csv:676,fe:pvzltxap,2024-01-20 18:00:51+00:00,0,0,0.12154448
synthetic_cloudtrail.csv:678,fe:pvzltxap,2024-01-20 18:01:18+00:00,1,1,0.99284667
synthetic_cloudtrail.csv:680,fe:pvzltxap,2024-01-20 18:02:11+00:00,1,1,0.99200565
synthetic_cloudtrail.csv:682,fe:pvzltxap,2024-01-20 18:02:49+00:00,0,0,0.12018587
synthetic_cloudtrail.csv:683,fe:pvzltxap,2024-01-20 18:02:59+00:00,0,0,0.121542886
synthetic_cloudtrail.csv:685,fe:pvzltxap,2024-01-20 18:03:34+00:00,0,0,0.13429475
synthetic_cloudtrail.csv:686,fe:pvzltxap,2024-01-20 18:04:21+00:00,0,0,0.12669346
synthetic_cloudtrail.csv:689,fe:pvzltxap,2024-01-20 18:05:50+00:00,0,0,0.19119816
synthetic_cloudtrail.csv:384,fe:pwjqgsqrgom,2024-01-13 18:00:21+00:00,0,0,0.14080215
synthetic_cloudtrail.csv:385,fe:pwjqgsqrgom,2024-01-13 18:00:50+00:00,0,0,0.11542789
synthetic_cloudtrail.csv:386,fe:pwjqgsqrgom,2024-01-13 18:01:04+00:00,0,0,0.13268064
synthetic_cloudtrail.csv:388,fe:pwjqgsqrgom,2024-01-13 18:01:19+00:00,0,0,0.12650537
synthetic_cloudtrail.csv:389,fe:pwjqgsqrgom,2024-01-13 18:01:24+00:00,0,0,0.14294124
synthetic_cloudtrail.csv:390,fe:pwjqgsqrgom,2024-01-13 18:01:48+00:00,0,0,0.12163576
synthetic_cloudtrail.csv:391,fe:pwjqgsqrgom,2024-01-13 18:02:14+00:00,1,1,0.99592006
synthetic_cloudtrail.csv:392,fe:pwjqgsqrgom,2024-01-13 18:02:47+00:00,0,0,0.11855387
synthetic_cloudtrail.csv:393,fe:pwjqgsqrgom,2024-01-13 18:03:51+00:00,0,0,0.15519074
synthetic_cloudtrail.csv:394,fe:pwjqgsqrgom,2024-01-13 18:04:44+00:00,0,0,0.12962715
synthetic_cloudtrail.csv:6838,fe:pxfrce,2024-09-05 09:00:08+00:00,0,0,0.13312343
synthetic_cloudtrail.csv:6842,fe:pxfrce,2024-09-05 09:01:45+00:00,0,0,0.12482426
synthetic_cloudtrail.csv:6843,fe:pxfrce,2024-09-05 09:01:51+00:00,0,0,0.11466429
synthetic_cloudtrail.csv:6845,fe:pxfrce,2024-09-05 09:02:25+00:00,0,0,0.11618812
synthetic_cloudtrail.csv:6847,fe:pxfrce,2024-09-05 09:03:08+00:00,0,0,0.120629966
synthetic_cloudtrail.csv:6851,fe:pxfrce,2024-09-05 09:05:08+00:00,0,0,0.11733231
synthetic_cloudtrail.csv:6853,fe:pxfrce,2024-09-05 09:06:02+00:00,0,0,0.133442
synthetic_cloudtrail.csv:6856,fe:pxfrce,2024-09-05 09:07:40+00:00,0,0,0.13660757
synthetic_cloudtrail.csv:6857,fe:pxfrce,2024-09-05 09:09:01+00:00,0,0,0.10325485
synthetic_cloudtrail.csv:6860,fe:pxfrce,2024-09-05 09:10:33+00:00,0,0,0.14023161
synthetic_cloudtrail.csv:6862,fe:pxfrce,2024-09-05 09:12:09+00:00,0,0,0.11558339
synthetic_cloudtrail.csv:6863,fe:pxfrce,2024-09-05 09:14:01+00:00,0,0,0.113311194
synthetic_cloudtrail.csv:6864,fe:pxfrce,2024-09-05 09:14:35+00:00,0,0,0.14171402
synthetic_cloudtrail.csv:6865,fe:pxfrce,2024-09-05 09:16:30+00:00,0,0,0.11232224
synthetic_cloudtrail.csv:6866,fe:pxfrce,2024-09-05 09:16:56+00:00,0,0,0.12472431
synthetic_cloudtrail.csv:6867,fe:pxfrce,2024-09-05 09:17:29+00:00,0,0,0.12206069
synthetic_cloudtrail.csv:6868,fe:pxfrce,2024-09-05 09:18:53+00:00,0,0,0.1148712
synthetic_cloudtrail.csv:7902,fe:pyfyen,2024-10-13 12:01:22+00:00,0,0,0.13880038
synthetic_cloudtrail.csv:7903,fe:pyfyen,2024-10-13 12:01:27+00:00,0,0,0.11832356
synthetic_cloudtrail.csv:7904,fe:pyfyen,2024-10-13 12:01:48+00:00,0,0,0.12559693
synthetic_cloudtrail.csv:7905,fe:pyfyen,2024-10-13 12:02:17+00:00,0,0,0.11464012
synthetic_cloudtrail.csv:7906,fe:pyfyen,2024-10-13 12:03:37+00:00,0,0,0.13056676
synthetic_cloudtrail.csv:7907,fe:pyfyen,2024-10-13 12:04:36+00:00,0,0,0.13460484
synthetic_cloudtrail.csv:7908,fe:pyfyen,2024-10-13 12:04:45+00:00,0,0,0.11756383
synthetic_cloudtrail.csv:7909,fe:pyfyen,2024-10-13 12:06:26+00:00,0,0,0.12692277
synthetic_cloudtrail.csv:7910,fe:pyfyen,2024-10-13 12:07:57+00:00,0,0,0.12593083
synthetic_cloudtrail.csv:7911,fe:pyfyen,2024-10-13 12:09:31+00:00,0,0,0.26314494
synthetic_cloudtrail.csv:7912,fe:pyfyen,2024-10-13 12:10:04+00:00,0,0,0.1173796
synthetic_cloudtrail.csv:7913,fe:pyfyen,2024-10-13 12:10:28+00:00,0,0,0.107976265
synthetic_cloudtrail.csv:7914,fe:pyfyen,2024-10-13 12:12:04+00:00,0,0,0.109885775
synthetic_cloudtrail.csv:7915,fe:pyfyen,2024-10-13 12:13:37+00:00,0,0,0.13832368
synthetic_cloudtrail.csv:7916,fe:pyfyen,2024-10-13 12:14:48+00:00,0,0,0.12050844
synthetic_cloudtrail.csv:7917,fe:pyfyen,2024-10-13 12:15:44+00:00,0,0,0.12927154
synthetic_cloudtrail.csv:7918,fe:pyfyen,2024-10-13 12:17:36+00:00,0,0,0.13358715
synthetic_cloudtrail.csv:7919,fe:pyfyen,2024-10-13 12:18:45+00:00,0,0,0.1144422
synthetic_cloudtrail.csv:555,fe:pzvahq,2024-01-18 12:01:45+00:00,0,0,0.13380344
synthetic_cloudtrail.csv:558,fe:pzvahq,2024-01-18 12:03:06+00:00,0,0,0.1127831
synthetic_cloudtrail.csv:562,fe:pzvahq,2024-01-18 12:04:48+00:00,0,0,0.24774875
synthetic_cloudtrail.csv:563,fe:pzvahq,2024-01-18 12:05:28+00:00,0,0,0.22045594
synthetic_cloudtrail.csv:564,fe:pzvahq,2024-01-18 12:06:40+00:00,0,0,0.12101815
synthetic_cloudtrail.csv:565,fe:pzvahq,2024-01-18 12:07:29+00:00,0,0,0.12206661
synthetic_cloudtrail.csv:566,fe:pzvahq,2024-01-18 12:07:58+00:00,0,0,0.122057915
synthetic_cloudtrail.csv:567,fe:pzvahq,2024-01-18 12:08:51+00:00,0,0,0.115565784
synthetic_cloudtrail.csv:568,fe:pzvahq,2024-01-18 12:09:20+00:00,0,0,0.1408469
synthetic_cloudtrail.csv:569,fe:pzvahq,2024-01-18 12:10:58+00:00,0,0,0.12172652
synthetic_cloudtrail.csv:570,fe:pzvahq,2024-01-18 12:11:23+00:00,0,0,0.10622652
synthetic_cloudtrail.csv:571,fe:pzvahq,2024-01-18 12:11:33+00:00,0,0,0.113639675
synthetic_cloudtrail.csv:572,fe:pzvahq,2024-01-18 12:13:10+00:00,0,0,0.11425802
synthetic_cloudtrail.csv:573,fe:pzvahq,2024-01-18 12:13:39+00:00,0,0,0.11284157
synthetic_cloudtrail.csv:574,fe:pzvahq,2024-01-18 12:14:32+00:00,0,0,0.11453824
synthetic_cloudtrail.csv:575,fe:pzvahq,2024-01-18 12:16:05+00:00,0,0,0.10750535
synthetic_cloudtrail.csv:9854,fe:qbbsbibdqk,2024-12-18 13:00:04+00:00,0,0,0.13063711
synthetic_cloudtrail.csv:9855,fe:qbbsbibdqk,2024-12-18 13:00:26+00:00,0,0,0.13302933
synthetic_cloudtrail.csv:9856,fe:qbbsbibdqk,2024-12-18 13:00:30+00:00,0,0,0.12714663
synthetic_cloudtrail.csv:9857,fe:qbbsbibdqk,2024-12-18 13:00:36+00:00,1,1,0.9926824
synthetic_cloudtrail.csv:9858,fe:qbbsbibdqk,2024-12-18 13:01:27+00:00,1,1,0.9920872
synthetic_cloudtrail.csv:9859,fe:qbbsbibdqk,2024-12-18 13:02:15+00:00,0,0,0.1371123
synthetic_cloudtrail.csv:9860,fe:qbbsbibdqk,2024-12-18 13:03:17+00:00,1,0,0.3269238
synthetic_cloudtrail.csv:9861,fe:qbbsbibdqk,2024-12-18 13:03:52+00:00,0,0,0.1461434
synthetic_cloudtrail.csv:886,fe:qdlmqt,2024-01-28 17:00:40+00:00,0,0,0.14767604
synthetic_cloudtrail.csv:887,fe:qdlmqt,2024-01-28 17:02:39+00:00,0,0,0.12115515
synthetic_cloudtrail.csv:888,fe:qdlmqt,2024-01-28 17:04:32+00:00,0,0,0.11868035
synthetic_cloudtrail.csv:889,fe:qdlmqt,2024-01-28 17:04:53+00:00,0,0,0.12854859
synthetic_cloudtrail.csv:890,fe:qdlmqt,2024-01-28 17:06:52+00:00,0,0,0.119051196
synthetic_cloudtrail.csv:891,fe:qdlmqt,2024-01-28 17:08:31+00:00,0,0,0.11854731
synthetic_cloudtrail.csv:892,fe:qdlmqt,2024-01-28 17:09:36+00:00,0,0,0.12684195
synthetic_cloudtrail.csv:893,fe:qdlmqt,2024-01-28 17:10:30+00:00,0,0,0.11698781
synthetic_cloudtrail.csv:894,fe:qdlmqt,2024-01-28 17:12:30+00:00,0,0,0.14857608
synthetic_cloudtrail.csv:895,fe:qdlmqt,2024-01-28 17:14:04+00:00,0,0,0.13160205
synthetic_cloudtrail.csv:896,fe:qdlmqt,2024-01-28 17:16:00+00:00,0,0,0.12754543
synthetic_cloudtrail.csv:897,fe:qdlmqt,2024-01-28 17:16:54+00:00,0,0,0.1109774
synthetic_cloudtrail.csv:898,fe:qdlmqt,2024-01-28 17:18:27+00:00,0,0,0.12130619
synthetic_cloudtrail.csv:899,fe:qdlmqt,2024-01-28 17:19:40+00:00,0,0,0.11291366
synthetic_cloudtrail.csv:900,fe:qdlmqt,2024-01-28 17:20:40+00:00,0,0,0.1239671
synthetic_cloudtrail.csv:901,fe:qdlmqt,2024-01-28 17:20:46+00:00,0,0,0.13674921
synthetic_cloudtrail.csv:902,fe:qdlmqt,2024-01-28 17:21:46+00:00,0,0,0.10374109
synthetic_cloudtrail.csv:903,fe:qdlmqt,2024-01-28 17:22:28+00:00,0,0,0.12416391
synthetic_cloudtrail.csv:4910,fe:qevpiw,2024-06-18 10:00:35+00:00,0,0,0.12377246
synthetic_cloudtrail.csv:4911,fe:qevpiw,2024-06-18 10:00:54+00:00,0,0,0.11688544
synthetic_cloudtrail.csv:4912,fe:qevpiw,2024-06-18 10:01:59+00:00,0,0,0.12054131
synthetic_cloudtrail.csv:4913,fe:qevpiw,2024-06-18 10:02:15+00:00,0,0,0.14151919
synthetic_cloudtrail.csv:4914,fe:qevpiw,2024-06-18 10:02:27+00:00,0,0,0.1257485
synthetic_cloudtrail.csv:4915,fe:qevpiw,2024-06-18 10:03:12+00:00,0,0,0.10417832
synthetic_cloudtrail.csv:4916,fe:qevpiw,2024-06-18 10:03:47+00:00,0,0,0.11374347
synthetic_cloudtrail.csv:4917,fe:qevpiw,2024-06-18 10:05:02+00:00,0,0,0.11736483
synthetic_cloudtrail.csv:4918,fe:qevpiw,2024-06-18 10:06:13+00:00,0,0,0.12351033
synthetic_cloudtrail.csv:4919,fe:qevpiw,2024-06-18 10:07:11+00:00,0,0,0.12207231
synthetic_cloudtrail.csv:4920,fe:qevpiw,2024-06-18 10:08:05+00:00,0,0,0.12803268
synthetic_cloudtrail.csv:4921,fe:qevpiw,2024-06-18 10:08:42+00:00,0,0,0.12789668
synthetic_cloudtrail.csv:4922,fe:qevpiw,2024-06-18 10:09:27+00:00,0,0,0.11219192
synthetic_cloudtrail.csv:5826,fe:qifq,2024-07-23 10:00:20+00:00,0,0,0.13022004
synthetic_cloudtrail.csv:5827,fe:qifq,2024-07-23 10:00:49+00:00,0,0,0.11771183
synthetic_cloudtrail.csv:5828,fe:qifq,2024-07-23 10:00:55+00:00,0,0,0.13933931
synthetic_cloudtrail.csv:5829,fe:qifq,2024-07-23 10:01:13+00:00,0,0,0.12230165
synthetic_cloudtrail.csv:5830,fe:qifq,2024-07-23 10:01:31+00:00,0,0,0.11863171
synthetic_cloudtrail.csv:5831,fe:qifq,2024-07-23 10:01:50+00:00,0,0,0.1278829
synthetic_cloudtrail.csv:5832,fe:qifq,2024-07-23 10:02:24+00:00,1,1,0.99513227
synthetic_cloudtrail.csv:5833,fe:qifq,2024-07-23 10:03:16+00:00,1,1,0.9956825
synthetic_cloudtrail.csv:5834,fe:qifq,2024-07-23 10:04:15+00:00,1,1,0.99453247
synthetic_cloudtrail.csv:5835,fe:qifq,2024-07-23 10:05:28+00:00,0,0,0.114920095
synthetic_cloudtrail.csv:5836,fe:qifq,2024-07-23 10:06:34+00:00,0,0,0.86144865
synthetic_cloudtrail.csv:5837,fe:qifq,2024-07-23 10:07:03+00:00,0,0,0.13782199
synthetic_cloudtrail.csv:5838,fe:qifq,2024-07-23 10:07:29+00:00,0,0,0.130546
synthetic_cloudtrail.csv:2003,fe:qilsoj,2024-03-11 08:06:22+00:00,0,0,0.23926866
synthetic_cloudtrail.csv:2004,fe:qilsoj,2024-03-11 08:09:00+00:00,0,0,0.15491258
synthetic_cloudtrail.csv:7865,fe:qivgiarmh,2024-10-11 15:10:59+00:00,0,0,0.15274383
synthetic_cloudtrail.csv:7866,fe:qivgiarmh,2024-10-11 15:17:37+00:00,0,0,0.21125054
synthetic_cloudtrail.csv:7867,fe:qivgiarmh,2024-10-11 15:32:07+00:00,0,0,0.16864713
synthetic_cloudtrail.csv:7868,fe:qivgiarmh,2024-10-11 15:38:39+00:00,0,0,0.15884131
synthetic_cloudtrail.csv:7869,fe:qivgiarmh,2024-10-11 15:52:41+00:00,0,0,0.16945451
synthetic_cloudtrail.csv:9127,fe:qkkxhs,2024-11-26 08:01:44+00:00,0,0,0.11549598
synthetic_cloudtrail.csv:9128,fe:qkkxhs,2024-11-26 08:03:01+00:00,0,0,0.13602251
synthetic_cloudtrail.csv:9129,fe:qkkxhs,2024-11-26 08:04:09+00:00,0,0,0.115643315
synthetic_cloudtrail.csv:9130,fe:qkkxhs,2024-11-26 08:05:03+00:00,0,0,0.13561277
synthetic_cloudtrail.csv:9131,fe:qkkxhs,2024-11-26 08:06:20+00:00,0,0,0.12383318
synthetic_cloudtrail.csv:9132,fe:qkkxhs,2024-11-26 08:07:47+00:00,0,0,0.13070394
synthetic_cloudtrail.csv:9133,fe:qkkxhs,2024-11-26 08:09:21+00:00,0,0,0.12362831
synthetic_cloudtrail.csv:9134,fe:qkkxhs,2024-11-26 08:09:52+00:00,0,0,0.11935433
synthetic_cloudtrail.csv:9135,fe:qkkxhs,2024-11-26 08:11:07+00:00,0,0,0.115269326
synthetic_cloudtrail.csv:9136,fe:qkkxhs,2024-11-26 08:12:21+00:00,0,0,0.1253835
synthetic_cloudtrail.csv:9137,fe:qkkxhs,2024-11-26 08:14:12+00:00,0,0,0.11717325
synthetic_cloudtrail.csv:9138,fe:qkkxhs,2024-11-26 08:15:04+00:00,0,0,0.15347911
synthetic_cloudtrail.csv:2558,fe:qlgdgqobrmeq,2024-04-02 08:00:16+00:00,0,0,0.11902433
synthetic_cloudtrail.csv:2559,fe:qlgdgqobrmeq,2024-04-02 08:00:37+00:00,0,0,0.11374088
synthetic_cloudtrail.csv:2560,fe:qlgdgqobrmeq,2024-04-02 08:01:05+00:00,0,0,0.120737195
synthetic_cloudtrail.csv:2561,fe:qlgdgqobrmeq,2024-04-02 08:01:35+00:00,0,0,0.12986471
synthetic_cloudtrail.csv:2562,fe:qlgdgqobrmeq,2024-04-02 08:01:38+00:00,0,0,0.13372049
synthetic_cloudtrail.csv:2563,fe:qlgdgqobrmeq,2024-04-02 08:01:49+00:00,0,0,0.12870118
synthetic_cloudtrail.csv:2564,fe:qlgdgqobrmeq,2024-04-02 08:02:19+00:00,0,0,0.1578321
synthetic_cloudtrail.csv:2565,fe:qlgdgqobrmeq,2024-04-02 08:02:51+00:00,1,1,0.9949122
synthetic_cloudtrail.csv:2566,fe:qlgdgqobrmeq,2024-04-02 08:03:17+00:00,0,0,0.11883424
synthetic_cloudtrail.csv:2567,fe:qlgdgqobrmeq,2024-04-02 08:04:00+00:00,0,0,0.12316152
synthetic_cloudtrail.csv:2568,fe:qlgdgqobrmeq,2024-04-02 08:04:31+00:00,0,0,0.1322327
synthetic_cloudtrail.csv:1472,fe:qltjrs,2024-02-19 07:00:31+00:00,0,0,0.12576784
synthetic_cloudtrail.csv:1473,fe:qltjrs,2024-02-19 07:01:14+00:00,0,0,0.116609715
synthetic_cloudtrail.csv:1474,fe:qltjrs,2024-02-19 07:02:13+00:00,0,0,0.122133166
synthetic_cloudtrail.csv:1475,fe:qltjrs,2024-02-19 07:02:41+00:00,0,0,0.14285451
synthetic_cloudtrail.csv:1476,fe:qltjrs,2024-02-19 07:03:26+00:00,0,0,0.14924054
synthetic_cloudtrail.csv:1477,fe:qltjrs,2024-02-19 07:03:39+00:00,0,0,0.14207098
synthetic_cloudtrail.csv:1478,fe:qltjrs,2024-02-19 07:04:44+00:00,0,0,0.10637773
synthetic_cloudtrail.csv:1479,fe:qltjrs,2024-02-19 07:05:05+00:00,0,0,0.11791764
synthetic_cloudtrail.csv:1480,fe:qltjrs,2024-02-19 07:06:58+00:00,0,0,0.15997314
synthetic_cloudtrail.csv:1481,fe:qltjrs,2024-02-19 07:08:29+00:00,0,0,0.14205535
synthetic_cloudtrail.csv:1482,fe:qltjrs,2024-02-19 07:08:51+00:00,0,0,0.12516159
synthetic_cloudtrail.csv:1483,fe:qltjrs,2024-02-19 07:08:56+00:00,0,0,0.12484086
synthetic_cloudtrail.csv:1484,fe:qltjrs,2024-02-19 07:10:02+00:00,0,0,0.114792526
synthetic_cloudtrail.csv:1485,fe:qltjrs,2024-02-19 07:11:15+00:00,0,0,0.12276329
synthetic_cloudtrail.csv:3425,fe:qnqfvo,2024-04-28 13:00:05+00:00,0,0,0.1367404
synthetic_cloudtrail.csv:3426,fe:qnqfvo,2024-04-28 13:00:40+00:00,0,0,0.12089703
synthetic_cloudtrail.csv:3427,fe:qnqfvo,2024-04-28 13:01:34+00:00,0,0,0.123826556
synthetic_cloudtrail.csv:3428,fe:qnqfvo,2024-04-28 13:03:31+00:00,0,0,0.12490948
synthetic_cloudtrail.csv:3429,fe:qnqfvo,2024-04-28 13:04:14+00:00,0,0,0.13073815
synthetic_cloudtrail.csv:3430,fe:qnqfvo,2024-04-28 13:05:11+00:00,0,0,0.1490646
synthetic_cloudtrail.csv:3431,fe:qnqfvo,2024-04-28 13:07:08+00:00,0,0,0.12376083
synthetic_cloudtrail.csv:3432,fe:qnqfvo,2024-04-28 13:08:43+00:00,0,0,0.104184836
synthetic_cloudtrail.csv:3433,fe:qnqfvo,2024-04-28 13:09:49+00:00,0,0,0.11246165
synthetic_cloudtrail.csv:3434,fe:qnqfvo,2024-04-28 13:11:34+00:00,0,0,0.13032356
synthetic_cloudtrail.csv:3435,fe:qnqfvo,2024-04-28 13:13:34+00:00,0,0,0.11535248
synthetic_cloudtrail.csv:3436,fe:qnqfvo,2024-04-28 13:14:55+00:00,0,0,0.12112939
synthetic_cloudtrail.csv:3437,fe:qnqfvo,2024-04-28 13:16:12+00:00,0,0,0.113592476
synthetic_cloudtrail.csv:3438,fe:qnqfvo,2024-04-28 13:17:24+00:00,0,0,0.14672454
synthetic_cloudtrail.csv:3439,fe:qnqfvo,2024-04-28 13:19:03+00:00,0,0,0.11995686
synthetic_cloudtrail.csv:3440,fe:qnqfvo,2024-04-28 13:19:11+00:00,0,0,0.122929834
synthetic_cloudtrail.csv:3441,fe:qnqfvo,2024-04-28 13:20:11+00:00,0,0,0.12957773
synthetic_cloudtrail.csv:644,fe:qnxbkt,2024-01-20 15:00:30+00:00,0,0,0.13416918
synthetic_cloudtrail.csv:645,fe:qnxbkt,2024-01-20 15:00:39+00:00,0,0,0.11637087
synthetic_cloudtrail.csv:648,fe:qnxbkt,2024-01-20 15:01:38+00:00,0,0,0.12500392
synthetic_cloudtrail.csv:654,fe:qnxbkt,2024-01-20 15:03:36+00:00,0,0,0.13286543
synthetic_cloudtrail.csv:656,fe:qnxbkt,2024-01-20 15:04:47+00:00,0,0,0.14251363
synthetic_cloudtrail.csv:657,fe:qnxbkt,2024-01-20 15:04:56+00:00,0,0,0.12510426
synthetic_cloudtrail.csv:659,fe:qnxbkt,2024-01-20 15:06:44+00:00,0,0,0.11924588
synthetic_cloudtrail.csv:660,fe:qnxbkt,2024-01-20 15:07:16+00:00,0,0,0.13396636
synthetic_cloudtrail.csv:661,fe:qnxbkt,2024-01-20 15:07:37+00:00,0,0,0.12316013
synthetic_cloudtrail.csv:662,fe:qnxbkt,2024-01-20 15:09:31+00:00,0,0,0.11982323
synthetic_cloudtrail.csv:663,fe:qnxbkt,2024-01-20 15:11:07+00:00,0,0,0.13227902
synthetic_cloudtrail.csv:664,fe:qnxbkt,2024-01-20 15:11:16+00:00,0,0,0.117000915
synthetic_cloudtrail.csv:665,fe:qnxbkt,2024-01-20 15:12:23+00:00,0,0,0.11680307
synthetic_cloudtrail.csv:666,fe:qnxbkt,2024-01-20 15:13:24+00:00,0,0,0.12246561
synthetic_cloudtrail.csv:667,fe:qnxbkt,2024-01-20 15:14:30+00:00,0,0,0.12708887
synthetic_cloudtrail.csv:668,fe:qnxbkt,2024-01-20 15:16:20+00:00,0,0,0.10788274
synthetic_cloudtrail.csv:669,fe:qnxbkt,2024-01-20 15:18:13+00:00,0,0,0.11927325
synthetic_cloudtrail.csv:670,fe:qnxbkt,2024-01-20 15:19:52+00:00,0,0,0.118671805
synthetic_cloudtrail.csv:671,fe:qnxbkt,2024-01-20 15:21:37+00:00,0,0,0.124290965
synthetic_cloudtrail.csv:672,fe:qnxbkt,2024-01-20 15:22:53+00:00,0,0,0.13076064
synthetic_cloudtrail.csv:452,fe:qocrasvh,2024-01-16 15:00:25+00:00,0,0,0.11950649
synthetic_cloudtrail.csv:453,fe:qocrasvh,2024-01-16 15:00:32+00:00,0,0,0.11976786
synthetic_cloudtrail.csv:454,fe:qocrasvh,2024-01-16 15:00:40+00:00,0,0,0.13295932
synthetic_cloudtrail.csv:455,fe:qocrasvh,2024-01-16 15:00:54+00:00,0,0,0.12435137
synthetic_cloudtrail.csv:456,fe:qocrasvh,2024-01-16 15:01:12+00:00,0,0,0.14903581
synthetic_cloudtrail.csv:457,fe:qocrasvh,2024-01-16 15:01:39+00:00,0,0,0.14957398
synthetic_cloudtrail.csv:459,fe:qocrasvh,2024-01-16 15:02:32+00:00,1,1,0.99438655
synthetic_cloudtrail.csv:460,fe:qocrasvh,2024-01-16 15:03:33+00:00,0,0,0.124710366
synthetic_cloudtrail.csv:462,fe:qocrasvh,2024-01-16 15:04:17+00:00,0,0,0.13778333
synthetic_cloudtrail.csv:463,fe:qocrasvh,2024-01-16 15:04:51+00:00,0,0,0.13406748
synthetic_cloudtrail.csv:464,fe:qocrasvh,2024-01-16 15:05:09+00:00,0,0,0.20320827
synthetic_cloudtrail.csv:468,fe:qocrasvh,2024-01-16 15:06:24+00:00,0,0,0.12715666
synthetic_cloudtrail.csv:6630,fe:qpfsna,2024-08-26 12:00:21+00:00,0,0,0.12935452
synthetic_cloudtrail.csv:6631,fe:qpfsna,2024-08-26 12:00:49+00:00,0,0,0.12016234
synthetic_cloudtrail.csv:6632,fe:qpfsna,2024-08-26 12:01:58+00:00,0,0,0.123440474
synthetic_cloudtrail.csv:6633,fe:qpfsna,2024-08-26 12:03:32+00:00,0,0,0.13997912
synthetic_cloudtrail.csv:6634,fe:qpfsna,2024-08-26 12:05:21+00:00,0,0,0.13867308
synthetic_cloudtrail.csv:6635,fe:qpfsna,2024-08-26 12:07:20+00:00,0,0,0.11026136
synthetic_cloudtrail.csv:6636,fe:qpfsna,2024-08-26 12:09:18+00:00,0,0,0.11958701
synthetic_cloudtrail.csv:6637,fe:qpfsna,2024-08-26 12:09:26+00:00,0,0,0.1220296
synthetic_cloudtrail.csv:6638,fe:qpfsna,2024-08-26 12:11:19+00:00,0,0,0.11627942
synthetic_cloudtrail.csv:6639,fe:qpfsna,2024-08-26 12:11:51+00:00,0,0,0.13075647
synthetic_cloudtrail.csv:6640,fe:qpfsna,2024-08-26 12:12:49+00:00,1,0,0.2819863
synthetic_cloudtrail.csv:6641,fe:qpfsna,2024-08-26 12:13:13+00:00,0,0,0.1428806
synthetic_cloudtrail.csv:6642,fe:qpfsna,2024-08-26 12:13:31+00:00,0,0,0.14049514
synthetic_cloudtrail.csv:6643,fe:qpfsna,2024-08-26 12:14:47+00:00,0,0,0.24047112
synthetic_cloudtrail.csv:6644,fe:qpfsna,2024-08-26 12:15:34+00:00,0,0,0.12208792
synthetic_cloudtrail.csv:2055,fe:qpqdptevkegw,2024-03-13 10:00:03+00:00,0,0,0.12437737
synthetic_cloudtrail.csv:2056,fe:qpqdptevkegw,2024-03-13 10:00:23+00:00,0,0,0.12666145
synthetic_cloudtrail.csv:2057,fe:qpqdptevkegw,2024-03-13 10:00:50+00:00,0,0,0.1109118
synthetic_cloudtrail.csv:2058,fe:qpqdptevkegw,2024-03-13 10:01:13+00:00,0,0,0.12363101
synthetic_cloudtrail.csv:2059,fe:qpqdptevkegw,2024-03-13 10:01:22+00:00,0,0,0.13442482
synthetic_cloudtrail.csv:2060,fe:qpqdptevkegw,2024-03-13 10:01:25+00:00,0,0,0.14271075
synthetic_cloudtrail.csv:2061,fe:qpqdptevkegw,2024-03-13 10:02:02+00:00,1,1,0.9942081
synthetic_cloudtrail.csv:2062,fe:qpqdptevkegw,2024-03-13 10:02:35+00:00,1,1,0.993707
synthetic_cloudtrail.csv:2063,fe:qpqdptevkegw,2024-03-13 10:02:52+00:00,1,1,0.90628034
synthetic_cloudtrail.csv:2064,fe:qpqdptevkegw,2024-03-13 10:04:10+00:00,0,0,0.16638161
synthetic_cloudtrail.csv:2065,fe:qpqdptevkegw,2024-03-13 10:05:33+00:00,0,0,0.11718585
synthetic_cloudtrail.csv:9513,fe:qpwpx,2024-12-09 11:00:27+00:00,0,0,0.12109923
synthetic_cloudtrail.csv:9514,fe:qpwpx,2024-12-09 11:00:42+00:00,0,0,0.1140474
synthetic_cloudtrail.csv:9515,fe:qpwpx,2024-12-09 11:00:50+00:00,0,0,0.1310762
synthetic_cloudtrail.csv:9516,fe:qpwpx,2024-12-09 11:01:09+00:00,0,0,0.116101764
synthetic_cloudtrail.csv:9517,fe:qpwpx,2024-12-09 11:01:39+00:00,0,0,0.13990615
synthetic_cloudtrail.csv:9518,fe:qpwpx,2024-12-09 11:02:02+00:00,1,1,0.9945734
synthetic_cloudtrail.csv:9519,fe:qpwpx,2024-12-09 11:02:09+00:00,1,1,0.99516594
synthetic_cloudtrail.csv:9520,fe:qpwpx,2024-12-09 11:02:18+00:00,1,1,0.99486935
synthetic_cloudtrail.csv:9521,fe:qpwpx,2024-12-09 11:03:42+00:00,0,0,0.123436496
synthetic_cloudtrail.csv:9522,fe:qpwpx,2024-12-09 11:04:00+00:00,0,0,0.118492134
synthetic_cloudtrail.csv:9523,fe:qpwpx,2024-12-09 11:04:47+00:00,0,0,0.14260134
synthetic_cloudtrail.csv:9524,fe:qpwpx,2024-12-09 11:06:01+00:00,0,0,0.13310097
synthetic_cloudtrail.csv:9525,fe:qpwpx,2024-12-09 11:06:38+00:00,0,0,0.13519941
synthetic_cloudtrail.csv:8646,fe:qreupm,2024-11-11 17:01:24+00:00,0,0,0.1271655
synthetic_cloudtrail.csv:8647,fe:qreupm,2024-11-11 17:01:58+00:00,0,0,0.114171766
synthetic_cloudtrail.csv:8648,fe:qreupm,2024-11-11 17:03:51+00:00,0,0,0.11312807
synthetic_cloudtrail.csv:8649,fe:qreupm,2024-11-11 17:04:26+00:00,0,0,0.11848465
synthetic_cloudtrail.csv:8650,fe:qreupm,2024-11-11 17:05:17+00:00,0,0,0.11899931
synthetic_cloudtrail.csv:8651,fe:qreupm,2024-11-11 17:06:35+00:00,0,0,0.12374
synthetic_cloudtrail.csv:8652,fe:qreupm,2024-11-11 17:08:22+00:00,0,0,0.12759067
synthetic_cloudtrail.csv:8653,fe:qreupm,2024-11-11 17:10:02+00:00,0,0,0.12568292
synthetic_cloudtrail.csv:8654,fe:qreupm,2024-11-11 17:11:12+00:00,0,0,0.148188
synthetic_cloudtrail.csv:8655,fe:qreupm,2024-11-11 17:12:04+00:00,0,0,0.122567326
synthetic_cloudtrail.csv:8656,fe:qreupm,2024-11-11 17:12:16+00:00,0,0,0.11709043
synthetic_cloudtrail.csv:7498,fe:qrnzunctkybc,2024-09-28 08:00:08+00:00,0,0,0.11230957
synthetic_cloudtrail.csv:7499,fe:qrnzunctkybc,2024-09-28 08:00:25+00:00,0,0,0.11762021
synthetic_cloudtrail.csv:7500,fe:qrnzunctkybc,2024-09-28 08:00:33+00:00,0,0,0.13825814
synthetic_cloudtrail.csv:7501,fe:qrnzunctkybc,2024-09-28 08:01:02+00:00,0,0,0.13867205
synthetic_cloudtrail.csv:7502,fe:qrnzunctkybc,2024-09-28 08:01:59+00:00,1,1,0.99449944
synthetic_cloudtrail.csv:7503,fe:qrnzunctkybc,2024-09-28 08:02:36+00:00,1,1,0.99378246
synthetic_cloudtrail.csv:7504,fe:qrnzunctkybc,2024-09-28 08:03:15+00:00,0,0,0.1440131
synthetic_cloudtrail.csv:7505,fe:qrnzunctkybc,2024-09-28 08:04:11+00:00,0,0,0.13658021
synthetic_cloudtrail.csv:7506,fe:qrnzunctkybc,2024-09-28 08:04:42+00:00,0,0,0.14385451
synthetic_cloudtrail.csv:7507,fe:qrnzunctkybc,2024-09-28 08:06:12+00:00,0,0,0.11795698
synthetic_cloudtrail.csv:7508,fe:qrnzunctkybc,2024-09-28 08:06:47+00:00,0,0,0.1287435
synthetic_cloudtrail.csv:5087,fe:qsidhc,2024-06-27 18:01:37+00:00,0,0,0.12975593
synthetic_cloudtrail.csv:5088,fe:qsidhc,2024-06-27 18:03:26+00:00,0,0,0.10915272
synthetic_cloudtrail.csv:5089,fe:qsidhc,2024-06-27 18:03:35+00:00,0,0,0.117514156
synthetic_cloudtrail.csv:5090,fe:qsidhc,2024-06-27 18:04:54+00:00,0,0,0.11973455
synthetic_cloudtrail.csv:5091,fe:qsidhc,2024-06-27 18:06:15+00:00,0,0,0.12620343
synthetic_cloudtrail.csv:5092,fe:qsidhc,2024-06-27 18:08:11+00:00,0,0,0.10559542
synthetic_cloudtrail.csv:5093,fe:qsidhc,2024-06-27 18:09:59+00:00,0,0,0.11796014
synthetic_cloudtrail.csv:5094,fe:qsidhc,2024-06-27 18:11:44+00:00,0,0,0.12988879
synthetic_cloudtrail.csv:5095,fe:qsidhc,2024-06-27 18:12:03+00:00,0,0,0.120371915
synthetic_cloudtrail.csv:5096,fe:qsidhc,2024-06-27 18:13:55+00:00,0,0,0.13499565
synthetic_cloudtrail.csv:5097,fe:qsidhc,2024-06-27 18:15:33+00:00,0,0,0.12601838
synthetic_cloudtrail.csv:5098,fe:qsidhc,2024-06-27 18:17:11+00:00,0,0,0.13127032
synthetic_cloudtrail.csv:5099,fe:qsidhc,2024-06-27 18:18:51+00:00,0,0,0.12240236
synthetic_cloudtrail.csv:5100,fe:qsidhc,2024-06-27 18:19:30+00:00,0,0,0.1252638
synthetic_cloudtrail.csv:5101,fe:qsidhc,2024-06-27 18:19:47+00:00,0,0,0.12688336
synthetic_cloudtrail.csv:5102,fe:qsidhc,2024-06-27 18:20:56+00:00,0,0,0.13400443
synthetic_cloudtrail.csv:2331,fe:qtdaoi,2024-03-21 15:01:49+00:00,0,0,0.13234392
synthetic_cloudtrail.csv:2332,fe:qtdaoi,2024-03-21 15:03:36+00:00,0,0,0.11659532
synthetic_cloudtrail.csv:2333,fe:qtdaoi,2024-03-21 15:05:36+00:00,0,0,0.13410154
synthetic_cloudtrail.csv:2334,fe:qtdaoi,2024-03-21 15:07:19+00:00,0,0,0.11581563
synthetic_cloudtrail.csv:2335,fe:qtdaoi,2024-03-21 15:08:30+00:00,0,0,0.114190355
synthetic_cloudtrail.csv:2336,fe:qtdaoi,2024-03-21 15:08:47+00:00,0,0,0.12726285
synthetic_cloudtrail.csv:2337,fe:qtdaoi,2024-03-21 15:09:57+00:00,0,0,0.12306574
synthetic_cloudtrail.csv:2338,fe:qtdaoi,2024-03-21 15:10:16+00:00,0,0,0.11956252
synthetic_cloudtrail.csv:2339,fe:qtdaoi,2024-03-21 15:11:16+00:00,0,0,0.14538556
synthetic_cloudtrail.csv:2340,fe:qtdaoi,2024-03-21 15:12:23+00:00,0,0,0.1131617
synthetic_cloudtrail.csv:2341,fe:qtdaoi,2024-03-21 15:12:41+00:00,0,0,0.11691529
synthetic_cloudtrail.csv:2342,fe:qtdaoi,2024-03-21 15:13:25+00:00,0,0,0.1160632
synthetic_cloudtrail.csv:2343,fe:qtdaoi,2024-03-21 15:14:02+00:00,0,0,0.13064699
synthetic_cloudtrail.csv:2344,fe:qtdaoi,2024-03-21 15:14:39+00:00,0,0,0.0969591
synthetic_cloudtrail.csv:2345,fe:qtdaoi,2024-03-21 15:15:41+00:00,0,0,0.1135221
synthetic_cloudtrail.csv:2346,fe:qtdaoi,2024-03-21 15:16:28+00:00,0,0,0.09854097
synthetic_cloudtrail.csv:2347,fe:qtdaoi,2024-03-21 15:17:55+00:00,0,0,0.11026735
synthetic_cloudtrail.csv:938,fe:quqwms,2024-02-02 10:01:29+00:00,0,0,0.121245645
synthetic_cloudtrail.csv:939,fe:quqwms,2024-02-02 10:02:10+00:00,0,0,0.11282365
synthetic_cloudtrail.csv:940,fe:quqwms,2024-02-02 10:03:11+00:00,0,0,0.12341306
synthetic_cloudtrail.csv:941,fe:quqwms,2024-02-02 10:03:28+00:00,0,0,0.124188714
synthetic_cloudtrail.csv:942,fe:quqwms,2024-02-02 10:03:59+00:00,0,0,0.12694688
synthetic_cloudtrail.csv:943,fe:quqwms,2024-02-02 10:05:45+00:00,0,0,0.40094775
synthetic_cloudtrail.csv:944,fe:quqwms,2024-02-02 10:06:47+00:00,0,0,0.1318392
synthetic_cloudtrail.csv:945,fe:quqwms,2024-02-02 10:07:17+00:00,0,0,0.121773414
synthetic_cloudtrail.csv:946,fe:quqwms,2024-02-02 10:09:06+00:00,0,0,0.12438813
synthetic_cloudtrail.csv:947,fe:quqwms,2024-02-02 10:10:58+00:00,0,0,0.11869639
synthetic_cloudtrail.csv:948,fe:quqwms,2024-02-02 10:11:50+00:00,0,0,0.24450815
synthetic_cloudtrail.csv:949,fe:quqwms,2024-02-02 10:12:22+00:00,0,0,0.15062465
synthetic_cloudtrail.csv:950,fe:quqwms,2024-02-02 10:14:06+00:00,0,0,0.12439034
synthetic_cloudtrail.csv:951,fe:quqwms,2024-02-02 10:14:46+00:00,0,0,0.11933639
synthetic_cloudtrail.csv:952,fe:quqwms,2024-02-02 10:15:37+00:00,0,0,0.12733638
synthetic_cloudtrail.csv:953,fe:quqwms,2024-02-02 10:17:20+00:00,0,0,0.11387574
synthetic_cloudtrail.csv:954,fe:quqwms,2024-02-02 10:18:51+00:00,0,0,0.13276555
synthetic_cloudtrail.csv:955,fe:quqwms,2024-02-02 10:19:39+00:00,0,0,0.1524305
synthetic_cloudtrail.csv:956,fe:quqwms,2024-02-02 10:20:37+00:00,0,0,0.11450374
synthetic_cloudtrail.csv:181,fe:qxsmkyfeij,2024-01-08 16:00:23+00:00,0,0,0.12196701
synthetic_cloudtrail.csv:182,fe:qxsmkyfeij,2024-01-08 16:00:43+00:00,0,0,0.11089045
synthetic_cloudtrail.csv:183,fe:qxsmkyfeij,2024-01-08 16:01:02+00:00,0,0,0.11310126
synthetic_cloudtrail.csv:184,fe:qxsmkyfeij,2024-01-08 16:01:24+00:00,0,0,0.12228831
synthetic_cloudtrail.csv:185,fe:qxsmkyfeij,2024-01-08 16:01:52+00:00,0,0,0.13386174
synthetic_cloudtrail.csv:186,fe:qxsmkyfeij,2024-01-08 16:02:10+00:00,0,0,0.13617839
synthetic_cloudtrail.csv:187,fe:qxsmkyfeij,2024-01-08 16:02:59+00:00,1,1,0.9947101
synthetic_cloudtrail.csv:188,fe:qxsmkyfeij,2024-01-08 16:03:04+00:00,1,1,0.9958925
synthetic_cloudtrail.csv:189,fe:qxsmkyfeij,2024-01-08 16:03:24+00:00,1,1,0.9947614
synthetic_cloudtrail.csv:4244,fe:qyxtyi,2024-05-26 11:00:56+00:00,0,0,0.1329549
synthetic_cloudtrail.csv:4245,fe:qyxtyi,2024-05-26 11:01:18+00:00,0,0,0.11704184
synthetic_cloudtrail.csv:4246,fe:qyxtyi,2024-05-26 11:02:15+00:00,0,0,0.100899495
synthetic_cloudtrail.csv:4247,fe:qyxtyi,2024-05-26 11:03:14+00:00,0,0,0.115931645
synthetic_cloudtrail.csv:4248,fe:qyxtyi,2024-05-26 11:04:24+00:00,0,0,0.11639695
synthetic_cloudtrail.csv:4250,fe:qyxtyi,2024-05-26 11:05:56+00:00,0,0,0.11592488
synthetic_cloudtrail.csv:4251,fe:qyxtyi,2024-05-26 11:06:23+00:00,0,0,0.13206361
synthetic_cloudtrail.csv:4252,fe:qyxtyi,2024-05-26 11:07:52+00:00,0,0,0.11039186
synthetic_cloudtrail.csv:4254,fe:qyxtyi,2024-05-26 11:09:37+00:00,0,0,0.12539408
synthetic_cloudtrail.csv:4255,fe:qyxtyi,2024-05-26 11:09:59+00:00,0,0,0.1250656
synthetic_cloudtrail.csv:4256,fe:qyxtyi,2024-05-26 11:11:39+00:00,0,0,0.12144
synthetic_cloudtrail.csv:4257,fe:qyxtyi,2024-05-26 11:12:22+00:00,0,0,0.14294785
synthetic_cloudtrail.csv:4258,fe:qyxtyi,2024-05-26 11:12:55+00:00,0,0,0.118151166
synthetic_cloudtrail.csv:4259,fe:qyxtyi,2024-05-26 11:13:21+00:00,0,0,0.12272237
synthetic_cloudtrail.csv:4260,fe:qyxtyi,2024-05-26 11:14:42+00:00,0,0,0.115824066
synthetic_cloudtrail.csv:4261,fe:qyxtyi,2024-05-26 11:16:23+00:00,0,0,0.119940914
synthetic_cloudtrail.csv:4186,fe:qyznx,2024-05-26 08:00:24+00:00,0,0,0.15610823
synthetic_cloudtrail.csv:4187,fe:qyznx,2024-05-26 08:00:28+00:00,0,0,0.13225895
synthetic_cloudtrail.csv:4188,fe:qyznx,2024-05-26 08:00:54+00:00,0,0,0.13012731
synthetic_cloudtrail.csv:4189,fe:qyznx,2024-05-26 08:01:23+00:00,0,0,0.1277202
synthetic_cloudtrail.csv:4190,fe:qyznx,2024-05-26 08:01:50+00:00,0,0,0.12305045
synthetic_cloudtrail.csv:4191,fe:qyznx,2024-05-26 08:02:10+00:00,0,0,0.1408128
synthetic_cloudtrail.csv:4192,fe:qyznx,2024-05-26 08:02:36+00:00,1,1,0.9944863
synthetic_cloudtrail.csv:4193,fe:qyznx,2024-05-26 08:03:29+00:00,1,1,0.9921131
synthetic_cloudtrail.csv:7144,fe:raqejh,2024-09-14 12:01:37+00:00,0,0,0.11021566
synthetic_cloudtrail.csv:7145,fe:raqejh,2024-09-14 12:01:49+00:00,0,0,0.12812573
synthetic_cloudtrail.csv:7146,fe:raqejh,2024-09-14 12:03:17+00:00,0,0,0.115673564
synthetic_cloudtrail.csv:7147,fe:raqejh,2024-09-14 12:05:00+00:00,0,0,0.12256751
synthetic_cloudtrail.csv:7148,fe:raqejh,2024-09-14 12:06:09+00:00,0,0,0.12188818
synthetic_cloudtrail.csv:7149,fe:raqejh,2024-09-14 12:07:41+00:00,0,0,0.113546886
synthetic_cloudtrail.csv:7150,fe:raqejh,2024-09-14 12:08:19+00:00,0,0,0.12778132
synthetic_cloudtrail.csv:7151,fe:raqejh,2024-09-14 12:10:15+00:00,0,0,0.116605565
synthetic_cloudtrail.csv:7152,fe:raqejh,2024-09-14 12:10:43+00:00,0,0,0.12293639
synthetic_cloudtrail.csv:7153,fe:raqejh,2024-09-14 12:12:19+00:00,0,0,0.14377888
synthetic_cloudtrail.csv:7154,fe:raqejh,2024-09-14 12:13:19+00:00,0,0,0.13074075
synthetic_cloudtrail.csv:7155,fe:raqejh,2024-09-14 12:14:59+00:00,0,0,0.115463
synthetic_cloudtrail.csv:6869,fe:rcnympmhj,2024-09-05 13:00:12+00:00,0,0,0.11797035
synthetic_cloudtrail.csv:6870,fe:rcnympmhj,2024-09-05 13:00:31+00:00,0,0,0.121525995
synthetic_cloudtrail.csv:6871,fe:rcnympmhj,2024-09-05 13:00:51+00:00,0,0,0.12654707
synthetic_cloudtrail.csv:6872,fe:rcnympmhj,2024-09-05 13:00:58+00:00,0,0,0.119527675
synthetic_cloudtrail.csv:6873,fe:rcnympmhj,2024-09-05 13:01:03+00:00,0,0,0.12555243
synthetic_cloudtrail.csv:6875,fe:rcnympmhj,2024-09-05 13:01:15+00:00,0,0,0.12192857
synthetic_cloudtrail.csv:6876,fe:rcnympmhj,2024-09-05 13:01:37+00:00,0,0,0.15032968
synthetic_cloudtrail.csv:6878,fe:rcnympmhj,2024-09-05 13:01:59+00:00,0,0,0.1507855
synthetic_cloudtrail.csv:6879,fe:rcnympmhj,2024-09-05 13:02:40+00:00,1,1,0.9957045
synthetic_cloudtrail.csv:6880,fe:rcnympmhj,2024-09-05 13:03:08+00:00,1,1,0.9954236
synthetic_cloudtrail.csv:6881,fe:rcnympmhj,2024-09-05 13:03:33+00:00,1,1,0.9443793
synthetic_cloudtrail.csv:6883,fe:rcnympmhj,2024-09-05 13:04:58+00:00,0,0,0.11457921
synthetic_cloudtrail.csv:6885,fe:rcnympmhj,2024-09-05 13:05:56+00:00,0,0,0.11336089
synthetic_cloudtrail.csv:6887,fe:rcnympmhj,2024-09-05 13:06:21+00:00,0,0,0.15092337
synthetic_cloudtrail.csv:6888,fe:rcnympmhj,2024-09-05 13:06:45+00:00,0,0,0.12137651
synthetic_cloudtrail.csv:6890,fe:rcnympmhj,2024-09-05 13:07:08+00:00,0,0,0.12764081
synthetic_cloudtrail.csv:795,fe:rczjbc,2024-01-25 08:00:32+00:00,0,0,0.12727185
synthetic_cloudtrail.csv:796,fe:rczjbc,2024-01-25 08:01:57+00:00,0,0,0.12296648
synthetic_cloudtrail.csv:797,fe:rczjbc,2024-01-25 08:02:25+00:00,0,0,0.15200607
synthetic_cloudtrail.csv:798,fe:rczjbc,2024-01-25 08:03:25+00:00,0,0,0.11977763
synthetic_cloudtrail.csv:799,fe:rczjbc,2024-01-25 08:03:41+00:00,0,0,0.12880267
synthetic_cloudtrail.csv:800,fe:rczjbc,2024-01-25 08:05:15+00:00,0,0,0.12822367
synthetic_cloudtrail.csv:801,fe:rczjbc,2024-01-25 08:07:12+00:00,0,0,0.11768476
synthetic_cloudtrail.csv:802,fe:rczjbc,2024-01-25 08:07:45+00:00,0,0,0.12494242
synthetic_cloudtrail.csv:803,fe:rczjbc,2024-01-25 08:09:25+00:00,0,0,0.12426663
synthetic_cloudtrail.csv:804,fe:rczjbc,2024-01-25 08:10:34+00:00,0,0,0.13253859
synthetic_cloudtrail.csv:805,fe:rczjbc,2024-01-25 08:11:24+00:00,0,0,0.13180025
synthetic_cloudtrail.csv:806,fe:rczjbc,2024-01-25 08:12:45+00:00,0,0,0.12400757
synthetic_cloudtrail.csv:6778,fe:rdwtrx,2024-09-04 11:00:32+00:00,0,0,0.12296674
synthetic_cloudtrail.csv:6779,fe:rdwtrx,2024-09-04 11:01:03+00:00,0,0,0.1459259
synthetic_cloudtrail.csv:6780,fe:rdwtrx,2024-09-04 11:01:37+00:00,0,0,0.110796176
synthetic_cloudtrail.csv:6781,fe:rdwtrx,2024-09-04 11:03:16+00:00,0,0,0.1332831
synthetic_cloudtrail.csv:6782,fe:rdwtrx,2024-09-04 11:04:45+00:00,0,0,0.14770712
synthetic_cloudtrail.csv:6783,fe:rdwtrx,2024-09-04 11:05:04+00:00,0,0,0.11344886
synthetic_cloudtrail.csv:6784,fe:rdwtrx,2024-09-04 11:06:28+00:00,0,0,0.12404427
synthetic_cloudtrail.csv:6785,fe:rdwtrx,2024-09-04 11:06:45+00:00,0,0,0.11510147
synthetic_cloudtrail.csv:6786,fe:rdwtrx,2024-09-04 11:07:47+00:00,0,0,0.12798263
synthetic_cloudtrail.csv:6787,fe:rdwtrx,2024-09-04 11:08:56+00:00,0,0,0.12124744
synthetic_cloudtrail.csv:71,fe:resource-explorer-2.amazonaws.com,2024-01-03 13:01:28+00:00,0,0,0.17652446
synthetic_cloudtrail.csv:72,fe:resource-explorer-2.amazonaws.com,2024-01-03 13:02:48+00:00,0,0,0.18352513
synthetic_cloudtrail.csv:73,fe:resource-explorer-2.amazonaws.com,2024-01-03 13:06:46+00:00,0,0,0.22661531
synthetic_cloudtrail.csv:75,fe:resource-explorer-2.amazonaws.com,2024-01-03 13:12:41+00:00,0,0,0.18881817
synthetic_cloudtrail.csv:76,fe:resource-explorer-2.amazonaws.com,2024-01-03 13:16:36+00:00,0,0,0.1769931
synthetic_cloudtrail.csv:78,fe:resource-explorer-2.amazonaws.com,2024-01-03 13:24:54+00:00,0,0,0.1642607
synthetic_cloudtrail.csv:160,fe:resource-explorer-2.amazonaws.com,2024-01-08 08:04:40+00:00,0,0,0.15062836
synthetic_cloudtrail.csv:161,fe:resource-explorer-2.amazonaws.com,2024-01-08 08:07:45+00:00,0,0,0.16629496
synthetic_cloudtrail.csv:162,fe:resource-explorer-2.amazonaws.com,2024-01-08 08:10:01+00:00,0,0,0.17090115
synthetic_cloudtrail.csv:164,fe:resource-explorer-2.amazonaws.com,2024-01-08 08:16:29+00:00,0,0,0.1704708
synthetic_cloudtrail.csv:165,fe:resource-explorer-2.amazonaws.com,2024-01-08 08:20:27+00:00,0,0,0.16749823
synthetic_cloudtrail.csv:166,fe:resource-explorer-2.amazonaws.com,2024-01-08 08:24:59+00:00,0,0,0.17057347
synthetic_cloudtrail.csv:168,fe:resource-explorer-2.amazonaws.com,2024-01-08 08:31:57+00:00,0,0,0.16616975
synthetic_cloudtrail.csv:169,fe:resource-explorer-2.amazonaws.com,2024-01-08 08:36:25+00:00,0,0,0.16710646
synthetic_cloudtrail.csv:245,fe:resource-explorer-2.amazonaws.com,2024-01-09 23:03:38+00:00,0,0,0.14864269
synthetic_cloudtrail.csv:247,fe:resource-explorer-2.amazonaws.com,2024-01-09 23:09:05+00:00,0,0,0.16719587
synthetic_cloudtrail.csv:248,fe:resource-explorer-2.amazonaws.com,2024-01-09 23:09:47+00:00,0,0,0.17691433
synthetic_cloudtrail.csv:249,fe:resource-explorer-2.amazonaws.com,2024-01-09 23:14:17+00:00,0,0,0.17814219
synthetic_cloudtrail.csv:250,fe:resource-explorer-2.amazonaws.com,2024-01-09 23:18:47+00:00,0,0,0.18460152
synthetic_cloudtrail.csv:251,fe:resource-explorer-2.amazonaws.com,2024-01-09 23:23:41+00:00,0,0,0.17547067
synthetic_cloudtrail.csv:252,fe:resource-explorer-2.amazonaws.com,2024-01-09 23:25:28+00:00,0,0,0.18025166
synthetic_cloudtrail.csv:253,fe:resource-explorer-2.amazonaws.com,2024-01-09 23:27:31+00:00,0,0,0.191598
synthetic_cloudtrail.csv:254,fe:resource-explorer-2.amazonaws.com,2024-01-09 23:31:30+00:00,0,0,0.18946284
synthetic_cloudtrail.csv:333,fe:resource-explorer-2.amazonaws.com,2024-01-13 02:03:30+00:00,0,0,0.1503935
synthetic_cloudtrail.csv:335,fe:resource-explorer-2.amazonaws.com,2024-01-13 02:06:40+00:00,0,0,0.16965474
synthetic_cloudtrail.csv:336,fe:resource-explorer-2.amazonaws.com,2024-01-13 02:10:19+00:00,0,0,0.17491572
synthetic_cloudtrail.csv:339,fe:resource-explorer-2.amazonaws.com,2024-01-13 02:17:33+00:00,0,0,0.17049462
synthetic_cloudtrail.csv:350,fe:resource-explorer-2.amazonaws.com,2024-01-13 12:03:15+00:00,0,0,0.14855647
synthetic_cloudtrail.csv:360,fe:resource-explorer-2.amazonaws.com,2024-01-13 12:07:55+00:00,0,0,0.16405013
synthetic_cloudtrail.csv:375,fe:resource-explorer-2.amazonaws.com,2024-01-13 12:19:03+00:00,0,0,0.15859826
synthetic_cloudtrail.csv:379,fe:resource-explorer-2.amazonaws.com,2024-01-13 12:23:49+00:00,0,0,0.16647565
synthetic_cloudtrail.csv:382,fe:resource-explorer-2.amazonaws.com,2024-01-13 12:27:45+00:00,0,0,0.17780948
synthetic_cloudtrail.csv:383,fe:resource-explorer-2.amazonaws.com,2024-01-13 12:28:24+00:00,0,0,0.2565837
synthetic_cloudtrail.csv:387,fe:resource-explorer-2.amazonaws.com,2024-01-13 18:01:17+00:00,0,0,0.14548871
synthetic_cloudtrail.csv:397,fe:resource-explorer-2.amazonaws.com,2024-01-13 18:14:18+00:00,0,0,0.15588233
synthetic_cloudtrail.csv:398,fe:resource-explorer-2.amazonaws.com,2024-01-13 18:18:24+00:00,0,0,0.16743337
synthetic_cloudtrail.csv:399,fe:resource-explorer-2.amazonaws.com,2024-01-13 18:20:16+00:00,0,0,0.18359675
synthetic_cloudtrail.csv:401,fe:resource-explorer-2.amazonaws.com,2024-01-13 18:25:24+00:00,0,0,0.19675803
synthetic_cloudtrail.csv:403,fe:resource-explorer-2.amazonaws.com,2024-01-13 18:29:03+00:00,0,0,0.2065862
synthetic_cloudtrail.csv:404,fe:resource-explorer-2.amazonaws.com,2024-01-13 18:30:10+00:00,0,0,0.36526394
synthetic_cloudtrail.csv:423,fe:resource-explorer-2.amazonaws.com,2024-01-15 23:06:53+00:00,0,0,0.15031318
synthetic_cloudtrail.csv:425,fe:resource-explorer-2.amazonaws.com,2024-01-15 23:15:49+00:00,0,0,0.1634645
synthetic_cloudtrail.csv:427,fe:resource-explorer-2.amazonaws.com,2024-01-15 23:22:52+00:00,0,0,0.16775882
synthetic_cloudtrail.csv:596,fe:resource-explorer-2.amazonaws.com,2024-01-19 01:04:25+00:00,0,0,0.14728983
synthetic_cloudtrail.csv:597,fe:resource-explorer-2.amazonaws.com,2024-01-19 01:07:28+00:00,0,0,0.16657704
synthetic_cloudtrail.csv:598,fe:resource-explorer-2.amazonaws.com,2024-01-19 01:08:12+00:00,0,0,0.1747982
synthetic_cloudtrail.csv:599,fe:resource-explorer-2.amazonaws.com,2024-01-19 01:11:29+00:00,0,0,0.1740698
synthetic_cloudtrail.csv:600,fe:resource-explorer-2.amazonaws.com,2024-01-19 01:12:22+00:00,0,0,0.18034026
synthetic_cloudtrail.csv:601,fe:resource-explorer-2.amazonaws.com,2024-01-19 01:14:27+00:00,0,0,0.19920218
synthetic_cloudtrail.csv:602,fe:resource-explorer-2.amazonaws.com,2024-01-19 01:16:14+00:00,0,0,0.2030899
synthetic_cloudtrail.csv:603,fe:resource-explorer-2.amazonaws.com,2024-01-19 01:20:07+00:00,0,0,0.18722366
synthetic_cloudtrail.csv:605,fe:resource-explorer-2.amazonaws.com,2024-01-19 01:28:26+00:00,0,0,0.16722646
synthetic_cloudtrail.csv:609,fe:resource-explorer-2.amazonaws.com,2024-01-19 01:37:36+00:00,0,0,0.16649757
synthetic_cloudtrail.csv:833,fe:resource-explorer-2.amazonaws.com,2024-01-27 23:01:31+00:00,0,0,0.1476148
synthetic_cloudtrail.csv:834,fe:resource-explorer-2.amazonaws.com,2024-01-27 23:04:29+00:00,0,0,0.16955496
synthetic_cloudtrail.csv:835,fe:resource-explorer-2.amazonaws.com,2024-01-27 23:08:39+00:00,0,0,0.17544237
synthetic_cloudtrail.csv:837,fe:resource-explorer-2.amazonaws.com,2024-01-27 23:17:30+00:00,0,0,0.16996203
synthetic_cloudtrail.csv:839,fe:resource-explorer-2.amazonaws.com,2024-01-27 23:23:41+00:00,0,0,0.17086694
synthetic_cloudtrail.csv:840,fe:resource-explorer-2.amazonaws.com,2024-01-27 23:27:15+00:00,0,0,0.17971866
synthetic_cloudtrail.csv:841,fe:resource-explorer-2.amazonaws.com,2024-01-28 06:03:36+00:00,0,0,0.14836796
synthetic_cloudtrail.csv:842,fe:resource-explorer-2.amazonaws.com,2024-01-28 06:07:14+00:00,0,0,0.16585974
synthetic_cloudtrail.csv:844,fe:resource-explorer-2.amazonaws.com,2024-01-28 06:11:43+00:00,0,0,0.1704243
synthetic_cloudtrail.csv:845,fe:resource-explorer-2.amazonaws.com,2024-01-28 06:13:27+00:00,0,0,0.17619
synthetic_cloudtrail.csv:846,fe:resource-explorer-2.amazonaws.com,2024-01-28 06:14:11+00:00,0,0,0.20308428
synthetic_cloudtrail.csv:1016,fe:resource-explorer-2.amazonaws.com,2024-02-06 01:03:37+00:00,0,0,0.14685713
synthetic_cloudtrail.csv:1018,fe:resource-explorer-2.amazonaws.com,2024-02-06 01:05:04+00:00,0,0,0.16686653
synthetic_cloudtrail.csv:1019,fe:resource-explorer-2.amazonaws.com,2024-02-06 01:09:58+00:00,0,0,0.17030747
synthetic_cloudtrail.csv:1023,fe:resource-explorer-2.amazonaws.com,2024-02-06 01:19:43+00:00,0,0,0.16604099
synthetic_cloudtrail.csv:1024,fe:resource-explorer-2.amazonaws.com,2024-02-06 01:21:41+00:00,0,0,0.17026556
synthetic_cloudtrail.csv:1026,fe:resource-explorer-2.amazonaws.com,2024-02-06 01:27:42+00:00,0,0,0.17224652
synthetic_cloudtrail.csv:1027,fe:resource-explorer-2.amazonaws.com,2024-02-06 06:04:03+00:00,0,0,0.14670832
synthetic_cloudtrail.csv:1028,fe:resource-explorer-2.amazonaws.com,2024-02-06 06:08:44+00:00,0,0,0.16243838
synthetic_cloudtrail.csv:1029,fe:resource-explorer-2.amazonaws.com,2024-02-06 06:09:32+00:00,0,0,0.17065734
synthetic_cloudtrail.csv:1030,fe:resource-explorer-2.amazonaws.com,2024-02-06 06:11:52+00:00,0,0,0.17092215
synthetic_cloudtrail.csv:1031,fe:resource-explorer-2.amazonaws.com,2024-02-06 06:12:58+00:00,0,0,0.1746442
synthetic_cloudtrail.csv:1032,fe:resource-explorer-2.amazonaws.com,2024-02-06 06:17:51+00:00,0,0,0.17738833
synthetic_cloudtrail.csv:1033,fe:resource-explorer-2.amazonaws.com,2024-02-06 06:21:28+00:00,0,0,0.17386602
synthetic_cloudtrail.csv:1034,fe:resource-explorer-2.amazonaws.com,2024-02-06 06:24:31+00:00,0,0,0.17068624
synthetic_cloudtrail.csv:1036,fe:resource-explorer-2.amazonaws.com,2024-02-06 06:28:20+00:00,0,0,0.17048116
synthetic_cloudtrail.csv:1090,fe:resource-explorer-2.amazonaws.com,2024-02-07 02:04:07+00:00,0,0,0.14674312
synthetic_cloudtrail.csv:1094,fe:resource-explorer-2.amazonaws.com,2024-02-07 02:15:14+00:00,0,0,0.15628852
synthetic_cloudtrail.csv:1095,fe:resource-explorer-2.amazonaws.com,2024-02-07 02:18:27+00:00,0,0,0.16802658
synthetic_cloudtrail.csv:1096,fe:resource-explorer-2.amazonaws.com,2024-02-07 02:21:43+00:00,0,0,0.17277871
synthetic_cloudtrail.csv:1098,fe:resource-explorer-2.amazonaws.com,2024-02-07 02:23:46+00:00,0,0,0.176813
synthetic_cloudtrail.csv:1100,fe:resource-explorer-2.amazonaws.com,2024-02-07 02:28:41+00:00,0,0,0.17294328
synthetic_cloudtrail.csv:1112,fe:resource-explorer-2.amazonaws.com,2024-02-08 00:01:31+00:00,0,0,0.14600359
synthetic_cloudtrail.csv:1114,fe:resource-explorer-2.amazonaws.com,2024-02-08 00:08:29+00:00,0,0,0.16390553
synthetic_cloudtrail.csv:1115,fe:resource-explorer-2.amazonaws.com,2024-02-08 00:11:32+00:00,0,0,0.1694506
synthetic_cloudtrail.csv:1117,fe:resource-explorer-2.amazonaws.com,2024-02-08 00:18:11+00:00,0,0,0.17198761
synthetic_cloudtrail.csv:1135,fe:resource-explorer-2.amazonaws.com,2024-02-08 13:02:28+00:00,0,0,0.14316763
synthetic_cloudtrail.csv:1136,fe:resource-explorer-2.amazonaws.com,2024-02-08 13:03:43+00:00,0,0,0.16056776
synthetic_cloudtrail.csv:1137,fe:resource-explorer-2.amazonaws.com,2024-02-08 13:05:12+00:00,0,0,0.16688238
synthetic_cloudtrail.csv:1138,fe:resource-explorer-2.amazonaws.com,2024-02-08 13:10:03+00:00,0,0,0.16933207
synthetic_cloudtrail.csv:1139,fe:resource-explorer-2.amazonaws.com,2024-02-08 13:13:52+00:00,0,0,0.17468669
synthetic_cloudtrail.csv:1140,fe:resource-explorer-2.amazonaws.com,2024-02-08 13:16:28+00:00,0,0,0.17130552
synthetic_cloudtrail.csv:1145,fe:resource-explorer-2.amazonaws.com,2024-02-08 13:28:43+00:00,0,0,0.15232696
synthetic_cloudtrail.csv:1153,fe:resource-explorer-2.amazonaws.com,2024-02-09 14:00:42+00:00,0,0,0.14232622
synthetic_cloudtrail.csv:1154,fe:resource-explorer-2.amazonaws.com,2024-02-09 14:05:02+00:00,0,0,0.15846165
synthetic_cloudtrail.csv:1155,fe:resource-explorer-2.amazonaws.com,2024-02-09 14:06:26+00:00,0,0,0.16654925
synthetic_cloudtrail.csv:1158,fe:resource-explorer-2.amazonaws.com,2024-02-09 14:18:30+00:00,0,0,0.15172268
synthetic_cloudtrail.csv:1159,fe:resource-explorer-2.amazonaws.com,2024-02-09 14:19:38+00:00,0,0,0.16451539
synthetic_cloudtrail.csv:1160,fe:resource-explorer-2.amazonaws.com,2024-02-09 14:21:32+00:00,0,0,0.17225812
synthetic_cloudtrail.csv:1200,fe:resource-explorer-2.amazonaws.com,2024-02-10 19:05:00+00:00,0,0,0.14484371
synthetic_cloudtrail.csv:1201,fe:resource-explorer-2.amazonaws.com,2024-02-10 19:06:14+00:00,0,0,0.16927911
synthetic_cloudtrail.csv:1202,fe:resource-explorer-2.amazonaws.com,2024-02-10 19:10:08+00:00,0,0,0.1762386
synthetic_cloudtrail.csv:1203,fe:resource-explorer-2.amazonaws.com,2024-02-10 19:11:20+00:00,0,0,0.20168436
synthetic_cloudtrail.csv:1204,fe:resource-explorer-2.amazonaws.com,2024-02-10 19:16:14+00:00,0,0,0.3386902
synthetic_cloudtrail.csv:1206,fe:resource-explorer-2.amazonaws.com,2024-02-10 19:21:05+00:00,0,0,0.20478928
synthetic_cloudtrail.csv:1209,fe:resource-explorer-2.amazonaws.com,2024-02-11 05:07:52+00:00,0,0,0.15161377
synthetic_cloudtrail.csv:1213,fe:resource-explorer-2.amazonaws.com,2024-02-11 05:16:20+00:00,0,0,0.16295132
synthetic_cloudtrail.csv:1222,fe:resource-explorer-2.amazonaws.com,2024-02-11 10:08:34+00:00,0,0,0.15095772
synthetic_cloudtrail.csv:1223,fe:resource-explorer-2.amazonaws.com,2024-02-11 10:10:44+00:00,0,0,0.16352123
synthetic_cloudtrail.csv:1224,fe:resource-explorer-2.amazonaws.com,2024-02-11 10:12:20+00:00,0,0,0.17062783
synthetic_cloudtrail.csv:1225,fe:resource-explorer-2.amazonaws.com,2024-02-11 10:13:59+00:00,0,0,0.18412891
synthetic_cloudtrail.csv:1226,fe:resource-explorer-2.amazonaws.com,2024-02-11 10:16:26+00:00,0,0,0.21872532
synthetic_cloudtrail.csv:1227,fe:resource-explorer-2.amazonaws.com,2024-02-11 10:18:55+00:00,0,0,0.46842745
synthetic_cloudtrail.csv:1228,fe:resource-explorer-2.amazonaws.com,2024-02-11 10:22:24+00:00,0,0,0.2849976
synthetic_cloudtrail.csv:1231,fe:resource-explorer-2.amazonaws.com,2024-02-11 10:32:08+00:00,0,0,0.16445458
synthetic_cloudtrail.csv:1232,fe:resource-explorer-2.amazonaws.com,2024-02-11 10:36:19+00:00,0,0,0.16603665
synthetic_cloudtrail.csv:1335,fe:resource-explorer-2.amazonaws.com,2024-02-14 02:02:49+00:00,0,0,0.14625342
synthetic_cloudtrail.csv:1336,fe:resource-explorer-2.amazonaws.com,2024-02-14 02:05:39+00:00,0,0,0.16514759
synthetic_cloudtrail.csv:1337,fe:resource-explorer-2.amazonaws.com,2024-02-14 02:07:10+00:00,0,0,0.1718567
synthetic_cloudtrail.csv:1338,fe:resource-explorer-2.amazonaws.com,2024-02-14 02:11:05+00:00,0,0,0.17178972
synthetic_cloudtrail.csv:1340,fe:resource-explorer-2.amazonaws.com,2024-02-14 02:18:04+00:00,0,0,0.16636293
synthetic_cloudtrail.csv:1341,fe:resource-explorer-2.amazonaws.com,2024-02-14 02:20:00+00:00,0,0,0.1743517
synthetic_cloudtrail.csv:1343,fe:resource-explorer-2.amazonaws.com,2024-02-14 02:25:11+00:00,0,0,0.17183144
synthetic_cloudtrail.csv:1344,fe:resource-explorer-2.amazonaws.com,2024-02-14 02:28:07+00:00,0,0,0.17436856
synthetic_cloudtrail.csv:1346,fe:resource-explorer-2.amazonaws.com,2024-02-14 02:32:11+00:00,0,0,0.1731826
synthetic_cloudtrail.csv:1376,fe:resource-explorer-2.amazonaws.com,2024-02-15 01:02:14+00:00,0,0,0.14593358
synthetic_cloudtrail.csv:1377,fe:resource-explorer-2.amazonaws.com,2024-02-15 01:07:00+00:00,0,0,0.1643819
synthetic_cloudtrail.csv:1378,fe:resource-explorer-2.amazonaws.com,2024-02-15 01:10:53+00:00,0,0,0.16995242
synthetic_cloudtrail.csv:1380,fe:resource-explorer-2.amazonaws.com,2024-02-15 01:15:05+00:00,0,0,0.17278951
synthetic_cloudtrail.csv:1381,fe:resource-explorer-2.amazonaws.com,2024-02-15 01:19:05+00:00,0,0,0.17328332
synthetic_cloudtrail.csv:1403,fe:resource-explorer-2.amazonaws.com,2024-02-16 23:01:47+00:00,0,0,0.1449853
synthetic_cloudtrail.csv:1404,fe:resource-explorer-2.amazonaws.com,2024-02-16 23:04:40+00:00,0,0,0.1658031
synthetic_cloudtrail.csv:1405,fe:resource-explorer-2.amazonaws.com,2024-02-16 23:08:47+00:00,0,0,0.17081128
synthetic_cloudtrail.csv:1408,fe:resource-explorer-2.amazonaws.com,2024-02-16 23:19:21+00:00,0,0,0.15536019
synthetic_cloudtrail.csv:1410,fe:resource-explorer-2.amazonaws.com,2024-02-16 23:23:26+00:00,0,0,0.16829774
synthetic_cloudtrail.csv:1411,fe:resource-explorer-2.amazonaws.com,2024-02-16 23:27:13+00:00,0,0,0.17417967
synthetic_cloudtrail.csv:1412,fe:resource-explorer-2.amazonaws.com,2024-02-16 23:28:13+00:00,0,0,0.183413
synthetic_cloudtrail.csv:1413,fe:resource-explorer-2.amazonaws.com,2024-02-16 23:32:32+00:00,0,0,0.18374886
synthetic_cloudtrail.csv:1415,fe:resource-explorer-2.amazonaws.com,2024-02-16 23:38:02+00:00,0,0,0.1762721
synthetic_cloudtrail.csv:1449,fe:resource-explorer-2.amazonaws.com,2024-02-19 01:04:10+00:00,0,0,0.14581461
synthetic_cloudtrail.csv:1451,fe:resource-explorer-2.amazonaws.com,2024-02-19 01:06:37+00:00,0,0,0.16544446
synthetic_cloudtrail.csv:1452,fe:resource-explorer-2.amazonaws.com,2024-02-19 01:10:21+00:00,0,0,0.17019746
synthetic_cloudtrail.csv:1453,fe:resource-explorer-2.amazonaws.com,2024-02-19 01:14:17+00:00,0,0,0.17339154
synthetic_cloudtrail.csv:1454,fe:resource-explorer-2.amazonaws.com,2024-02-19 01:18:05+00:00,0,0,0.173313
synthetic_cloudtrail.csv:1455,fe:resource-explorer-2.amazonaws.com,2024-02-19 01:19:28+00:00,0,0,0.18050171
synthetic_cloudtrail.csv:1456,fe:resource-explorer-2.amazonaws.com,2024-02-19 01:22:37+00:00,0,0,0.17866416
synthetic_cloudtrail.csv:1459,fe:resource-explorer-2.amazonaws.com,2024-02-19 01:33:18+00:00,0,0,0.15569377
synthetic_cloudtrail.csv:1461,fe:resource-explorer-2.amazonaws.com,2024-02-19 05:04:52+00:00,0,0,0.14888544
synthetic_cloudtrail.csv:1462,fe:resource-explorer-2.amazonaws.com,2024-02-19 05:08:28+00:00,0,0,0.1621881
synthetic_cloudtrail.csv:1464,fe:resource-explorer-2.amazonaws.com,2024-02-19 05:14:02+00:00,0,0,0.16592321
synthetic_cloudtrail.csv:1467,fe:resource-explorer-2.amazonaws.com,2024-02-19 05:22:46+00:00,0,0,0.16341838
synthetic_cloudtrail.csv:1468,fe:resource-explorer-2.amazonaws.com,2024-02-19 05:25:09+00:00,0,0,0.16665053
synthetic_cloudtrail.csv:1469,fe:resource-explorer-2.amazonaws.com,2024-02-19 05:25:46+00:00,0,0,0.17502646
synthetic_cloudtrail.csv:1470,fe:resource-explorer-2.amazonaws.com,2024-02-19 05:27:01+00:00,0,0,0.17878783
synthetic_cloudtrail.csv:1471,fe:resource-explorer-2.amazonaws.com,2024-02-19 05:31:41+00:00,0,0,0.1753899
synthetic_cloudtrail.csv:1587,fe:resource-explorer-2.amazonaws.com,2024-02-22 00:03:20+00:00,0,0,0.1490624
synthetic_cloudtrail.csv:1588,fe:resource-explorer-2.amazonaws.com,2024-02-22 00:06:26+00:00,0,0,0.16518979
synthetic_cloudtrail.csv:1590,fe:resource-explorer-2.amazonaws.com,2024-02-22 00:12:46+00:00,0,0,0.1689923
synthetic_cloudtrail.csv:1591,fe:resource-explorer-2.amazonaws.com,2024-02-22 00:13:45+00:00,0,0,0.17826885
synthetic_cloudtrail.csv:1592,fe:resource-explorer-2.amazonaws.com,2024-02-22 00:16:05+00:00,0,0,0.18243842
synthetic_cloudtrail.csv:1593,fe:resource-explorer-2.amazonaws.com,2024-02-22 00:20:38+00:00,0,0,0.17865069
synthetic_cloudtrail.csv:1594,fe:resource-explorer-2.amazonaws.com,2024-02-22 00:21:31+00:00,0,0,0.19359115
synthetic_cloudtrail.csv:1596,fe:resource-explorer-2.amazonaws.com,2024-02-22 00:25:19+00:00,0,0,0.18272814
synthetic_cloudtrail.csv:1628,fe:resource-explorer-2.amazonaws.com,2024-02-23 22:04:01+00:00,0,0,0.14417747
synthetic_cloudtrail.csv:1631,fe:resource-explorer-2.amazonaws.com,2024-02-23 22:15:04+00:00,0,0,0.1545693
synthetic_cloudtrail.csv:1632,fe:resource-explorer-2.amazonaws.com,2024-02-23 22:16:21+00:00,0,0,0.17062895
synthetic_cloudtrail.csv:1634,fe:resource-explorer-2.amazonaws.com,2024-02-23 22:21:09+00:00,0,0,0.17356855
synthetic_cloudtrail.csv:1635,fe:resource-explorer-2.amazonaws.com,2024-02-23 22:24:30+00:00,0,0,0.1801231
synthetic_cloudtrail.csv:1636,fe:resource-explorer-2.amazonaws.com,2024-02-23 22:25:05+00:00,0,0,0.20613943
synthetic_cloudtrail.csv:1639,fe:resource-explorer-2.amazonaws.com,2024-02-23 22:37:57+00:00,0,0,0.15415546
synthetic_cloudtrail.csv:1640,fe:resource-explorer-2.amazonaws.com,2024-02-23 22:39:56+00:00,0,0,0.17028624
synthetic_cloudtrail.csv:1641,fe:resource-explorer-2.amazonaws.com,2024-02-23 22:42:01+00:00,0,0,0.17775057
synthetic_cloudtrail.csv:1654,fe:resource-explorer-2.amazonaws.com,2024-02-25 06:07:24+00:00,0,0,0.15103178
synthetic_cloudtrail.csv:1655,fe:resource-explorer-2.amazonaws.com,2024-02-25 06:11:09+00:00,0,0,0.16447109
synthetic_cloudtrail.csv:1657,fe:resource-explorer-2.amazonaws.com,2024-02-25 06:14:19+00:00,0,0,0.17070085
synthetic_cloudtrail.csv:1658,fe:resource-explorer-2.amazonaws.com,2024-02-25 06:15:22+00:00,0,0,0.17762661
synthetic_cloudtrail.csv:1659,fe:resource-explorer-2.amazonaws.com,2024-02-25 06:17:12+00:00,0,0,0.18154736
synthetic_cloudtrail.csv:1660,fe:resource-explorer-2.amazonaws.com,2024-02-25 06:20:09+00:00,0,0,0.20858313
synthetic_cloudtrail.csv:1661,fe:resource-explorer-2.amazonaws.com,2024-02-25 06:23:28+00:00,0,0,0.20954509
synthetic_cloudtrail.csv:1664,fe:resource-explorer-2.amazonaws.com,2024-02-25 08:10:12+00:00,0,0,0.150559
synthetic_cloudtrail.csv:1668,fe:resource-explorer-2.amazonaws.com,2024-02-25 08:19:25+00:00,0,0,0.161699
synthetic_cloudtrail.csv:1670,fe:resource-explorer-2.amazonaws.com,2024-02-25 08:28:02+00:00,0,0,0.16521293
synthetic_cloudtrail.csv:1673,fe:resource-explorer-2.amazonaws.com,2024-02-25 08:32:55+00:00,0,0,0.16703723
synthetic_cloudtrail.csv:1712,fe:resource-explorer-2.amazonaws.com,2024-02-27 17:05:51+00:00,0,0,0.14440212
synthetic_cloudtrail.csv:1713,fe:resource-explorer-2.amazonaws.com,2024-02-27 17:06:39+00:00,0,0,0.16098991
synthetic_cloudtrail.csv:1716,fe:resource-explorer-2.amazonaws.com,2024-02-27 17:10:41+00:00,0,0,0.16550545
synthetic_cloudtrail.csv:1717,fe:resource-explorer-2.amazonaws.com,2024-02-27 17:14:18+00:00,0,0,0.17121811
synthetic_cloudtrail.csv:1721,fe:resource-explorer-2.amazonaws.com,2024-02-27 17:25:27+00:00,0,0,0.15116072
synthetic_cloudtrail.csv:1722,fe:resource-explorer-2.amazonaws.com,2024-02-27 17:30:02+00:00,0,0,0.16250025
synthetic_cloudtrail.csv:1887,fe:resource-explorer-2.amazonaws.com,2024-03-04 19:04:24+00:00,0,0,0.14216222
synthetic_cloudtrail.csv:1889,fe:resource-explorer-2.amazonaws.com,2024-03-04 19:08:36+00:00,0,0,0.16294603
synthetic_cloudtrail.csv:1890,fe:resource-explorer-2.amazonaws.com,2024-03-04 19:10:13+00:00,0,0,0.17179914
synthetic_cloudtrail.csv:1893,fe:resource-explorer-2.amazonaws.com,2024-03-04 19:19:48+00:00,0,0,0.1650353
synthetic_cloudtrail.csv:1896,fe:resource-explorer-2.amazonaws.com,2024-03-05 04:02:10+00:00,0,0,0.14599828
synthetic_cloudtrail.csv:1897,fe:resource-explorer-2.amazonaws.com,2024-03-05 04:05:54+00:00,0,0,0.16312054
synthetic_cloudtrail.csv:1898,fe:resource-explorer-2.amazonaws.com,2024-03-05 04:08:37+00:00,0,0,0.16865076
synthetic_cloudtrail.csv:1899,fe:resource-explorer-2.amazonaws.com,2024-03-05 04:10:29+00:00,0,0,0.17177723
synthetic_cloudtrail.csv:1900,fe:resource-explorer-2.amazonaws.com,2024-03-05 04:13:43+00:00,0,0,0.17393164
synthetic_cloudtrail.csv:1901,fe:resource-explorer-2.amazonaws.com,2024-03-05 04:16:32+00:00,0,0,0.17494048
synthetic_cloudtrail.csv:1902,fe:resource-explorer-2.amazonaws.com,2024-03-05 04:21:23+00:00,0,0,0.1703738
synthetic_cloudtrail.csv:1903,fe:resource-explorer-2.amazonaws.com,2024-03-05 04:23:56+00:00,0,0,0.17238526
synthetic_cloudtrail.csv:1905,fe:resource-explorer-2.amazonaws.com,2024-03-05 04:27:59+00:00,0,0,0.17114861
synthetic_cloudtrail.csv:1907,fe:resource-explorer-2.amazonaws.com,2024-03-05 04:33:34+00:00,0,0,0.17048949
synthetic_cloudtrail.csv:1908,fe:resource-explorer-2.amazonaws.com,2024-03-05 04:35:53+00:00,0,0,0.17296883
synthetic_cloudtrail.csv:1909,fe:resource-explorer-2.amazonaws.com,2024-03-05 04:39:06+00:00,0,0,0.17257759
synthetic_cloudtrail.csv:1928,fe:resource-explorer-2.amazonaws.com,2024-03-05 14:03:53+00:00,0,0,0.1417312
synthetic_cloudtrail.csv:1931,fe:resource-explorer-2.amazonaws.com,2024-03-05 14:06:19+00:00,0,0,0.15903887
synthetic_cloudtrail.csv:1933,fe:resource-explorer-2.amazonaws.com,2024-03-05 14:11:44+00:00,0,0,0.16324916
synthetic_cloudtrail.csv:1934,fe:resource-explorer-2.amazonaws.com,2024-03-05 14:16:34+00:00,0,0,0.16156638
synthetic_cloudtrail.csv:1936,fe:resource-explorer-2.amazonaws.com,2024-03-05 14:21:08+00:00,0,0,0.16764842
synthetic_cloudtrail.csv:1938,fe:resource-explorer-2.amazonaws.com,2024-03-05 14:25:48+00:00,0,0,0.16832466
synthetic_cloudtrail.csv:1939,fe:resource-explorer-2.amazonaws.com,2024-03-05 14:30:10+00:00,0,0,0.16922006
synthetic_cloudtrail.csv:1990,fe:resource-explorer-2.amazonaws.com,2024-03-09 15:00:57+00:00,0,0,0.14348584
synthetic_cloudtrail.csv:1991,fe:resource-explorer-2.amazonaws.com,2024-03-09 15:04:14+00:00,0,0,0.16209957
synthetic_cloudtrail.csv:1992,fe:resource-explorer-2.amazonaws.com,2024-03-09 15:07:26+00:00,0,0,0.1692981
synthetic_cloudtrail.csv:1993,fe:resource-explorer-2.amazonaws.com,2024-03-09 15:08:24+00:00,0,0,0.18463926
synthetic_cloudtrail.csv:1994,fe:resource-explorer-2.amazonaws.com,2024-03-09 15:10:25+00:00,0,0,0.21480373
synthetic_cloudtrail.csv:1996,fe:resource-explorer-2.amazonaws.com,2024-03-09 15:15:50+00:00,0,0,0.31487513
synthetic_cloudtrail.csv:1997,fe:resource-explorer-2.amazonaws.com,2024-03-09 16:00:47+00:00,0,0,0.14413558
synthetic_cloudtrail.csv:1998,fe:resource-explorer-2.amazonaws.com,2024-03-09 16:04:09+00:00,0,0,0.16310495
synthetic_cloudtrail.csv:2001,fe:resource-explorer-2.amazonaws.com,2024-03-09 16:14:44+00:00,0,0,0.15402496
synthetic_cloudtrail.csv:2002,fe:resource-explorer-2.amazonaws.com,2024-03-09 16:18:20+00:00,0,0,0.16578832
synthetic_cloudtrail.csv:2039,fe:resource-explorer-2.amazonaws.com,2024-03-12 18:03:06+00:00,0,0,0.1412096
synthetic_cloudtrail.csv:2042,fe:resource-explorer-2.amazonaws.com,2024-03-12 18:09:20+00:00,0,0,0.15815847
synthetic_cloudtrail.csv:2043,fe:resource-explorer-2.amazonaws.com,2024-03-12 18:13:31+00:00,0,0,0.16340914
synthetic_cloudtrail.csv:2046,fe:resource-explorer-2.amazonaws.com,2024-03-12 18:20:28+00:00,0,0,0.16264151
synthetic_cloudtrail.csv:2049,fe:resource-explorer-2.amazonaws.com,2024-03-13 04:07:07+00:00,0,0,0.14960733
synthetic_cloudtrail.csv:2050,fe:resource-explorer-2.amazonaws.com,2024-03-13 04:10:33+00:00,0,0,0.1626524
synthetic_cloudtrail.csv:2051,fe:resource-explorer-2.amazonaws.com,2024-03-13 04:14:02+00:00,0,0,0.16787685
synthetic_cloudtrail.csv:2053,fe:resource-explorer-2.amazonaws.com,2024-03-13 04:18:58+00:00,0,0,0.16999173
synthetic_cloudtrail.csv:2218,fe:resource-explorer-2.amazonaws.com,2024-03-18 00:13:41+00:00,0,0,0.14900698
synthetic_cloudtrail.csv:2219,fe:resource-explorer-2.amazonaws.com,2024-03-18 00:14:57+00:00,0,0,0.167084
synthetic_cloudtrail.csv:2220,fe:resource-explorer-2.amazonaws.com,2024-03-18 00:16:28+00:00,0,0,0.17373997
synthetic_cloudtrail.csv:2225,fe:resource-explorer-2.amazonaws.com,2024-03-18 00:33:56+00:00,0,0,0.15373531
synthetic_cloudtrail.csv:2226,fe:resource-explorer-2.amazonaws.com,2024-03-18 00:38:42+00:00,0,0,0.1671788
synthetic_cloudtrail.csv:2360,fe:resource-explorer-2.amazonaws.com,2024-03-22 23:04:04+00:00,0,0,0.14473285
synthetic_cloudtrail.csv:2361,fe:resource-explorer-2.amazonaws.com,2024-03-22 23:05:20+00:00,0,0,0.16661818
synthetic_cloudtrail.csv:2362,fe:resource-explorer-2.amazonaws.com,2024-03-22 23:10:04+00:00,0,0,0.17047226
synthetic_cloudtrail.csv:2363,fe:resource-explorer-2.amazonaws.com,2024-03-22 23:11:58+00:00,0,0,0.17592987
synthetic_cloudtrail.csv:2364,fe:resource-explorer-2.amazonaws.com,2024-03-22 23:16:50+00:00,0,0,0.17381701
synthetic_cloudtrail.csv:2365,fe:resource-explorer-2.amazonaws.com,2024-03-22 23:19:04+00:00,0,0,0.18236955
synthetic_cloudtrail.csv:2366,fe:resource-explorer-2.amazonaws.com,2024-03-22 23:21:27+00:00,0,0,0.18640108
synthetic_cloudtrail.csv:2368,fe:resource-explorer-2.amazonaws.com,2024-03-22 23:26:49+00:00,0,0,0.17864262
synthetic_cloudtrail.csv:2369,fe:resource-explorer-2.amazonaws.com,2024-03-22 23:27:35+00:00,0,0,0.19386595
synthetic_cloudtrail.csv:2488,fe:resource-explorer-2.amazonaws.com,2024-03-27 02:08:43+00:00,0,0,0.14966622
synthetic_cloudtrail.csv:2490,fe:resource-explorer-2.amazonaws.com,2024-03-27 02:12:25+00:00,0,0,0.16383123
synthetic_cloudtrail.csv:2491,fe:resource-explorer-2.amazonaws.com,2024-03-27 02:15:15+00:00,0,0,0.1701417
synthetic_cloudtrail.csv:2492,fe:resource-explorer-2.amazonaws.com,2024-03-27 02:19:31+00:00,0,0,0.1724472
synthetic_cloudtrail.csv:2493,fe:resource-explorer-2.amazonaws.com,2024-03-27 02:23:24+00:00,0,0,0.1729066
synthetic_cloudtrail.csv:2494,fe:resource-explorer-2.amazonaws.com,2024-03-27 02:24:15+00:00,0,0,0.18166849
synthetic_cloudtrail.csv:2495,fe:resource-explorer-2.amazonaws.com,2024-03-27 02:24:55+00:00,0,0,0.18984373
synthetic_cloudtrail.csv:2577,fe:resource-explorer-2.amazonaws.com,2024-04-03 17:01:14+00:00,0,0,0.14097121
synthetic_cloudtrail.csv:2578,fe:resource-explorer-2.amazonaws.com,2024-04-03 17:01:50+00:00,0,0,0.16047361
synthetic_cloudtrail.csv:2579,fe:resource-explorer-2.amazonaws.com,2024-04-03 17:06:11+00:00,0,0,0.16563444
synthetic_cloudtrail.csv:2582,fe:resource-explorer-2.amazonaws.com,2024-04-03 17:13:11+00:00,0,0,0.16169651
synthetic_cloudtrail.csv:2583,fe:resource-explorer-2.amazonaws.com,2024-04-03 17:14:05+00:00,0,0,0.17473406
synthetic_cloudtrail.csv:2584,fe:resource-explorer-2.amazonaws.com,2024-04-03 17:18:35+00:00,0,0,0.1715016
synthetic_cloudtrail.csv:2585,fe:resource-explorer-2.amazonaws.com,2024-04-03 17:23:20+00:00,0,0,0.17828412
synthetic_cloudtrail.csv:2672,fe:resource-explorer-2.amazonaws.com,2024-04-07 14:07:07+00:00,0,0,0.14768897
synthetic_cloudtrail.csv:2673,fe:resource-explorer-2.amazonaws.com,2024-04-07 14:11:31+00:00,0,0,0.16106594
synthetic_cloudtrail.csv:2675,fe:resource-explorer-2.amazonaws.com,2024-04-07 14:20:13+00:00,0,0,0.1636934
synthetic_cloudtrail.csv:2676,fe:resource-explorer-2.amazonaws.com,2024-04-07 14:24:26+00:00,0,0,0.16533111
synthetic_cloudtrail.csv:2678,fe:resource-explorer-2.amazonaws.com,2024-04-07 14:31:55+00:00,0,0,0.16488385
synthetic_cloudtrail.csv:2679,fe:resource-explorer-2.amazonaws.com,2024-04-07 14:36:42+00:00,0,0,0.16588663
synthetic_cloudtrail.csv:2680,fe:resource-explorer-2.amazonaws.com,2024-04-07 14:40:55+00:00,0,0,0.17788865
synthetic_cloudtrail.csv:2693,fe:resource-explorer-2.amazonaws.com,2024-04-07 22:07:35+00:00,0,0,0.14989625
synthetic_cloudtrail.csv:2694,fe:resource-explorer-2.amazonaws.com,2024-04-07 22:10:21+00:00,0,0,0.16883914
synthetic_cloudtrail.csv:2695,fe:resource-explorer-2.amazonaws.com,2024-04-07 22:12:32+00:00,0,0,0.17749399
synthetic_cloudtrail.csv:2697,fe:resource-explorer-2.amazonaws.com,2024-04-07 22:14:02+00:00,0,0,0.18775447
synthetic_cloudtrail.csv:2698,fe:resource-explorer-2.amazonaws.com,2024-04-07 22:18:08+00:00,0,0,0.23039064
synthetic_cloudtrail.csv:2699,fe:resource-explorer-2.amazonaws.com,2024-04-07 22:22:44+00:00,0,0,0.18750387
synthetic_cloudtrail.csv:2709,fe:resource-explorer-2.amazonaws.com,2024-04-09 13:03:58+00:00,0,0,0.14579225
synthetic_cloudtrail.csv:2710,fe:resource-explorer-2.amazonaws.com,2024-04-09 13:06:07+00:00,0,0,0.15874131
synthetic_cloudtrail.csv:2712,fe:resource-explorer-2.amazonaws.com,2024-04-09 13:11:18+00:00,0,0,0.1629951
synthetic_cloudtrail.csv:2713,fe:resource-explorer-2.amazonaws.com,2024-04-09 13:12:43+00:00,0,0,0.17096747
synthetic_cloudtrail.csv:2715,fe:resource-explorer-2.amazonaws.com,2024-04-09 13:16:27+00:00,0,0,0.17118254
synthetic_cloudtrail.csv:2717,fe:resource-explorer-2.amazonaws.com,2024-04-09 13:19:37+00:00,0,0,0.19644411
synthetic_cloudtrail.csv:2718,fe:resource-explorer-2.amazonaws.com,2024-04-09 13:22:58+00:00,0,0,0.17175992
synthetic_cloudtrail.csv:2727,fe:resource-explorer-2.amazonaws.com,2024-04-10 04:04:51+00:00,0,0,0.14586659
synthetic_cloudtrail.csv:2730,fe:resource-explorer-2.amazonaws.com,2024-04-10 04:10:35+00:00,0,0,0.16185641
synthetic_cloudtrail.csv:2733,fe:resource-explorer-2.amazonaws.com,2024-04-10 04:17:44+00:00,0,0,0.16434044
synthetic_cloudtrail.csv:2735,fe:resource-explorer-2.amazonaws.com,2024-04-10 04:22:15+00:00,0,0,0.16564322
synthetic_cloudtrail.csv:2737,fe:resource-explorer-2.amazonaws.com,2024-04-10 04:30:00+00:00,0,0,0.1647104
synthetic_cloudtrail.csv:2738,fe:resource-explorer-2.amazonaws.com,2024-04-10 04:31:49+00:00,0,0,0.17273653
synthetic_cloudtrail.csv:2739,fe:resource-explorer-2.amazonaws.com,2024-04-10 04:34:46+00:00,0,0,0.17215143
synthetic_cloudtrail.csv:2740,fe:resource-explorer-2.amazonaws.com,2024-04-10 04:37:44+00:00,0,0,0.17474979
synthetic_cloudtrail.csv:2772,fe:resource-explorer-2.amazonaws.com,2024-04-10 14:02:34+00:00,0,0,0.14163364
synthetic_cloudtrail.csv:2773,fe:resource-explorer-2.amazonaws.com,2024-04-10 14:06:53+00:00,0,0,0.1578985
synthetic_cloudtrail.csv:2775,fe:resource-explorer-2.amazonaws.com,2024-04-10 14:12:52+00:00,0,0,0.1609947
synthetic_cloudtrail.csv:2776,fe:resource-explorer-2.amazonaws.com,2024-04-10 14:15:19+00:00,0,0,0.1700291
synthetic_cloudtrail.csv:2777,fe:resource-explorer-2.amazonaws.com,2024-04-10 14:18:39+00:00,0,0,0.17010348
synthetic_cloudtrail.csv:2778,fe:resource-explorer-2.amazonaws.com,2024-04-10 14:21:50+00:00,0,0,0.188995
synthetic_cloudtrail.csv:2782,fe:resource-explorer-2.amazonaws.com,2024-04-10 14:32:52+00:00,0,0,0.15143016
synthetic_cloudtrail.csv:2783,fe:resource-explorer-2.amazonaws.com,2024-04-10 14:34:36+00:00,0,0,0.16397329
synthetic_cloudtrail.csv:2791,fe:resource-explorer-2.amazonaws.com,2024-04-11 07:04:51+00:00,0,0,0.1451183
synthetic_cloudtrail.csv:2793,fe:resource-explorer-2.amazonaws.com,2024-04-11 07:11:31+00:00,0,0,0.15999863
synthetic_cloudtrail.csv:2794,fe:resource-explorer-2.amazonaws.com,2024-04-11 07:16:15+00:00,0,0,0.1637486
synthetic_cloudtrail.csv:2795,fe:resource-explorer-2.amazonaws.com,2024-04-11 07:20:23+00:00,0,0,0.16801551
synthetic_cloudtrail.csv:2797,fe:resource-explorer-2.amazonaws.com,2024-04-11 07:24:24+00:00,0,0,0.16861616
synthetic_cloudtrail.csv:2798,fe:resource-explorer-2.amazonaws.com,2024-04-11 07:27:58+00:00,0,0,0.1692508
synthetic_cloudtrail.csv:2799,fe:resource-explorer-2.amazonaws.com,2024-04-11 07:29:17+00:00,0,0,0.17608036
synthetic_cloudtrail.csv:2800,fe:resource-explorer-2.amazonaws.com,2024-04-11 07:30:13+00:00,0,0,0.18464443
synthetic_cloudtrail.csv:2801,fe:resource-explorer-2.amazonaws.com,2024-04-11 07:32:19+00:00,0,0,0.18819405
synthetic_cloudtrail.csv:2802,fe:resource-explorer-2.amazonaws.com,2024-04-11 07:34:21+00:00,0,0,0.19433363
synthetic_cloudtrail.csv:2859,fe:resource-explorer-2.amazonaws.com,2024-04-12 15:03:32+00:00,0,0,0.14109282
synthetic_cloudtrail.csv:2861,fe:resource-explorer-2.amazonaws.com,2024-04-12 15:07:40+00:00,0,0,0.1578847
synthetic_cloudtrail.csv:2862,fe:resource-explorer-2.amazonaws.com,2024-04-12 15:10:22+00:00,0,0,0.16490889
synthetic_cloudtrail.csv:2863,fe:resource-explorer-2.amazonaws.com,2024-04-12 15:13:18+00:00,0,0,0.16918845
synthetic_cloudtrail.csv:2869,fe:resource-explorer-2.amazonaws.com,2024-04-12 15:28:03+00:00,0,0,0.15005155
synthetic_cloudtrail.csv:2872,fe:resource-explorer-2.amazonaws.com,2024-04-12 15:34:02+00:00,0,0,0.1603994
synthetic_cloudtrail.csv:2873,fe:resource-explorer-2.amazonaws.com,2024-04-12 18:01:54+00:00,0,0,0.14111012
synthetic_cloudtrail.csv:2874,fe:resource-explorer-2.amazonaws.com,2024-04-12 18:05:46+00:00,0,0,0.15935253
synthetic_cloudtrail.csv:2875,fe:resource-explorer-2.amazonaws.com,2024-04-12 18:10:40+00:00,0,0,0.1650957
synthetic_cloudtrail.csv:2876,fe:resource-explorer-2.amazonaws.com,2024-04-12 18:12:28+00:00,0,0,0.17435862
synthetic_cloudtrail.csv:2877,fe:resource-explorer-2.amazonaws.com,2024-04-12 18:13:24+00:00,0,0,0.20045538
synthetic_cloudtrail.csv:2878,fe:resource-explorer-2.amazonaws.com,2024-04-12 18:16:17+00:00,0,0,0.20626235
synthetic_cloudtrail.csv:2879,fe:resource-explorer-2.amazonaws.com,2024-04-12 18:20:23+00:00,0,0,0.23428714
synthetic_cloudtrail.csv:2894,fe:resource-explorer-2.amazonaws.com,2024-04-13 04:03:01+00:00,0,0,0.15033455
synthetic_cloudtrail.csv:2895,fe:resource-explorer-2.amazonaws.com,2024-04-13 04:05:58+00:00,0,0,0.16580822
synthetic_cloudtrail.csv:2896,fe:resource-explorer-2.amazonaws.com,2024-04-13 04:07:50+00:00,0,0,0.17301433
synthetic_cloudtrail.csv:2897,fe:resource-explorer-2.amazonaws.com,2024-04-13 04:11:26+00:00,0,0,0.17460774
synthetic_cloudtrail.csv:2898,fe:resource-explorer-2.amazonaws.com,2024-04-13 04:12:45+00:00,0,0,0.18135305
synthetic_cloudtrail.csv:2899,fe:resource-explorer-2.amazonaws.com,2024-04-13 04:15:28+00:00,0,0,0.19648118
synthetic_cloudtrail.csv:2900,fe:resource-explorer-2.amazonaws.com,2024-04-13 04:16:36+00:00,0,0,0.21248098
synthetic_cloudtrail.csv:2959,fe:resource-explorer-2.amazonaws.com,2024-04-14 04:03:04+00:00,0,0,0.1471396
synthetic_cloudtrail.csv:2960,fe:resource-explorer-2.amazonaws.com,2024-04-14 04:06:49+00:00,0,0,0.16542448
synthetic_cloudtrail.csv:2961,fe:resource-explorer-2.amazonaws.com,2024-04-14 04:08:11+00:00,0,0,0.17346233
synthetic_cloudtrail.csv:2962,fe:resource-explorer-2.amazonaws.com,2024-04-14 04:12:51+00:00,0,0,0.17333288
synthetic_cloudtrail.csv:2965,fe:resource-explorer-2.amazonaws.com,2024-04-14 04:17:19+00:00,0,0,0.17429681
synthetic_cloudtrail.csv:2966,fe:resource-explorer-2.amazonaws.com,2024-04-14 04:18:04+00:00,0,0,0.1925157
synthetic_cloudtrail.csv:2967,fe:resource-explorer-2.amazonaws.com,2024-04-14 04:18:50+00:00,0,0,0.19609708
synthetic_cloudtrail.csv:2986,fe:resource-explorer-2.amazonaws.com,2024-04-17 14:04:30+00:00,0,0,0.14153394
synthetic_cloudtrail.csv:2987,fe:resource-explorer-2.amazonaws.com,2024-04-17 14:08:21+00:00,0,0,0.15804972
synthetic_cloudtrail.csv:2989,fe:resource-explorer-2.amazonaws.com,2024-04-17 14:13:37+00:00,0,0,0.16301036
synthetic_cloudtrail.csv:2991,fe:resource-explorer-2.amazonaws.com,2024-04-17 14:17:18+00:00,0,0,0.16882293
synthetic_cloudtrail.csv:2992,fe:resource-explorer-2.amazonaws.com,2024-04-17 14:22:04+00:00,0,0,0.167958
synthetic_cloudtrail.csv:2993,fe:resource-explorer-2.amazonaws.com,2024-04-17 14:26:04+00:00,0,0,0.16976146
synthetic_cloudtrail.csv:2994,fe:resource-explorer-2.amazonaws.com,2024-04-17 14:29:41+00:00,0,0,0.1701037
synthetic_cloudtrail.csv:2995,fe:resource-explorer-2.amazonaws.com,2024-04-17 14:32:19+00:00,0,0,0.17323697
synthetic_cloudtrail.csv:2996,fe:resource-explorer-2.amazonaws.com,2024-04-17 14:37:19+00:00,0,0,0.17158537
synthetic_cloudtrail.csv:2998,fe:resource-explorer-2.amazonaws.com,2024-04-18 05:01:44+00:00,0,0,0.14557125
synthetic_cloudtrail.csv:2999,fe:resource-explorer-2.amazonaws.com,2024-04-18 05:03:57+00:00,0,0,0.1631634
synthetic_cloudtrail.csv:3000,fe:resource-explorer-2.amazonaws.com,2024-04-18 05:06:45+00:00,0,0,0.16788946
synthetic_cloudtrail.csv:3001,fe:resource-explorer-2.amazonaws.com,2024-04-18 05:11:06+00:00,0,0,0.16866285
synthetic_cloudtrail.csv:3002,fe:resource-explorer-2.amazonaws.com,2024-04-18 05:15:32+00:00,0,0,0.16933125
synthetic_cloudtrail.csv:3003,fe:resource-explorer-2.amazonaws.com,2024-04-18 05:20:27+00:00,0,0,0.16898483
synthetic_cloudtrail.csv:3004,fe:resource-explorer-2.amazonaws.com,2024-04-18 05:22:55+00:00,0,0,0.17116864
synthetic_cloudtrail.csv:3005,fe:resource-explorer-2.amazonaws.com,2024-04-18 05:23:34+00:00,0,0,0.17841563
synthetic_cloudtrail.csv:3006,fe:resource-explorer-2.amazonaws.com,2024-04-18 05:24:35+00:00,0,0,0.1826764
synthetic_cloudtrail.csv:3008,fe:resource-explorer-2.amazonaws.com,2024-04-18 05:30:35+00:00,0,0,0.17455491
synthetic_cloudtrail.csv:3065,fe:resource-explorer-2.amazonaws.com,2024-04-19 22:09:43+00:00,0,0,0.14767118
synthetic_cloudtrail.csv:3066,fe:resource-explorer-2.amazonaws.com,2024-04-19 22:12:12+00:00,0,0,0.16548665
synthetic_cloudtrail.csv:3067,fe:resource-explorer-2.amazonaws.com,2024-04-19 22:12:49+00:00,0,0,0.17541987
synthetic_cloudtrail.csv:3069,fe:resource-explorer-2.amazonaws.com,2024-04-20 03:04:26+00:00,0,0,0.14709708
synthetic_cloudtrail.csv:3070,fe:resource-explorer-2.amazonaws.com,2024-04-20 03:08:28+00:00,0,0,0.16580002
synthetic_cloudtrail.csv:3073,fe:resource-explorer-2.amazonaws.com,2024-04-20 03:20:46+00:00,0,0,0.15669547
synthetic_cloudtrail.csv:3185,fe:resource-explorer-2.amazonaws.com,2024-04-23 19:07:51+00:00,0,0,0.14549677
synthetic_cloudtrail.csv:3186,fe:resource-explorer-2.amazonaws.com,2024-04-23 19:08:56+00:00,0,0,0.16526781
synthetic_cloudtrail.csv:3188,fe:resource-explorer-2.amazonaws.com,2024-04-23 19:12:49+00:00,0,0,0.17013688
synthetic_cloudtrail.csv:3191,fe:resource-explorer-2.amazonaws.com,2024-04-23 19:19:12+00:00,0,0,0.16593133
synthetic_cloudtrail.csv:3192,fe:resource-explorer-2.amazonaws.com,2024-04-23 19:20:56+00:00,0,0,0.17811297
synthetic_cloudtrail.csv:3200,fe:resource-explorer-2.amazonaws.com,2024-04-24 12:06:01+00:00,0,0,0.14643727
synthetic_cloudtrail.csv:3201,fe:resource-explorer-2.amazonaws.com,2024-04-24 12:07:31+00:00,0,0,0.15937956
synthetic_cloudtrail.csv:3203,fe:resource-explorer-2.amazonaws.com,2024-04-24 12:12:09+00:00,0,0,0.16331379
synthetic_cloudtrail.csv:3204,fe:resource-explorer-2.amazonaws.com,2024-04-24 12:15:28+00:00,0,0,0.1681612
synthetic_cloudtrail.csv:3205,fe:resource-explorer-2.amazonaws.com,2024-04-24 12:19:43+00:00,0,0,0.16807365
synthetic_cloudtrail.csv:3307,fe:resource-explorer-2.amazonaws.com,2024-04-26 18:01:44+00:00,0,0,0.14100337
synthetic_cloudtrail.csv:3309,fe:resource-explorer-2.amazonaws.com,2024-04-26 18:07:14+00:00,0,0,0.15836346
synthetic_cloudtrail.csv:3310,fe:resource-explorer-2.amazonaws.com,2024-04-26 18:09:09+00:00,0,0,0.16707066
synthetic_cloudtrail.csv:3311,fe:resource-explorer-2.amazonaws.com,2024-04-26 18:13:05+00:00,0,0,0.17155555
synthetic_cloudtrail.csv:3312,fe:resource-explorer-2.amazonaws.com,2024-04-26 18:17:20+00:00,0,0,0.17407203
synthetic_cloudtrail.csv:3313,fe:resource-explorer-2.amazonaws.com,2024-04-26 18:19:31+00:00,0,0,0.17448278
synthetic_cloudtrail.csv:3314,fe:resource-explorer-2.amazonaws.com,2024-04-27 06:03:36+00:00,0,0,0.14689516
synthetic_cloudtrail.csv:3315,fe:resource-explorer-2.amazonaws.com,2024-04-27 06:06:05+00:00,0,0,0.16522835
synthetic_cloudtrail.csv:3316,fe:resource-explorer-2.amazonaws.com,2024-04-27 06:09:24+00:00,0,0,0.17041284
synthetic_cloudtrail.csv:3317,fe:resource-explorer-2.amazonaws.com,2024-04-27 06:11:03+00:00,0,0,0.17572182
synthetic_cloudtrail.csv:3318,fe:resource-explorer-2.amazonaws.com,2024-04-27 06:13:49+00:00,0,0,0.18905857
synthetic_cloudtrail.csv:3320,fe:resource-explorer-2.amazonaws.com,2024-04-27 06:17:10+00:00,0,0,0.18549241
synthetic_cloudtrail.csv:3322,fe:resource-explorer-2.amazonaws.com,2024-04-27 06:24:30+00:00,0,0,0.16648841
synthetic_cloudtrail.csv:3325,fe:resource-explorer-2.amazonaws.com,2024-04-27 06:37:13+00:00,0,0,0.15605624
synthetic_cloudtrail.csv:3326,fe:resource-explorer-2.amazonaws.com,2024-04-27 06:41:08+00:00,0,0,0.16773131
synthetic_cloudtrail.csv:3401,fe:resource-explorer-2.amazonaws.com,2024-04-28 03:02:48+00:00,0,0,0.14703244
synthetic_cloudtrail.csv:3402,fe:resource-explorer-2.amazonaws.com,2024-04-28 03:05:39+00:00,0,0,0.16644223
synthetic_cloudtrail.csv:3406,fe:resource-explorer-2.amazonaws.com,2024-04-28 03:17:20+00:00,0,0,0.15671492
synthetic_cloudtrail.csv:3407,fe:resource-explorer-2.amazonaws.com,2024-04-28 03:22:16+00:00,0,0,0.1680624
synthetic_cloudtrail.csv:3408,fe:resource-explorer-2.amazonaws.com,2024-04-28 03:25:07+00:00,0,0,0.17506602
synthetic_cloudtrail.csv:3409,fe:resource-explorer-2.amazonaws.com,2024-04-28 03:28:08+00:00,0,0,0.17672491
synthetic_cloudtrail.csv:3410,fe:resource-explorer-2.amazonaws.com,2024-04-28 03:32:52+00:00,0,0,0.17571272
synthetic_cloudtrail.csv:3413,fe:resource-explorer-2.amazonaws.com,2024-04-28 03:41:16+00:00,0,0,0.16805588
synthetic_cloudtrail.csv:3572,fe:resource-explorer-2.amazonaws.com,2024-05-05 21:03:40+00:00,0,0,0.14511703
synthetic_cloudtrail.csv:3573,fe:resource-explorer-2.amazonaws.com,2024-05-05 21:06:01+00:00,0,0,0.1686304
synthetic_cloudtrail.csv:3575,fe:resource-explorer-2.amazonaws.com,2024-05-05 21:13:59+00:00,0,0,0.16961536
synthetic_cloudtrail.csv:3577,fe:resource-explorer-2.amazonaws.com,2024-05-05 21:19:03+00:00,0,0,0.17055453
synthetic_cloudtrail.csv:3578,fe:resource-explorer-2.amazonaws.com,2024-05-05 21:21:03+00:00,0,0,0.18438572
synthetic_cloudtrail.csv:3580,fe:resource-explorer-2.amazonaws.com,2024-05-05 21:26:34+00:00,0,0,0.1836726
synthetic_cloudtrail.csv:3581,fe:resource-explorer-2.amazonaws.com,2024-05-05 21:27:39+00:00,0,0,0.24062337
synthetic_cloudtrail.csv:3584,fe:resource-explorer-2.amazonaws.com,2024-05-05 21:35:29+00:00,0,0,0.18245478
synthetic_cloudtrail.csv:3629,fe:resource-explorer-2.amazonaws.com,2024-05-08 00:13:26+00:00,0,0,0.14874853
synthetic_cloudtrail.csv:3630,fe:resource-explorer-2.amazonaws.com,2024-05-08 00:16:00+00:00,0,0,0.16538787
synthetic_cloudtrail.csv:3632,fe:resource-explorer-2.amazonaws.com,2024-05-08 00:22:43+00:00,0,0,0.1688873
synthetic_cloudtrail.csv:3635,fe:resource-explorer-2.amazonaws.com,2024-05-08 01:08:43+00:00,0,0,0.15007842
synthetic_cloudtrail.csv:3636,fe:resource-explorer-2.amazonaws.com,2024-05-08 01:10:53+00:00,0,0,0.16592842
synthetic_cloudtrail.csv:3637,fe:resource-explorer-2.amazonaws.com,2024-05-08 01:14:03+00:00,0,0,0.1710031
synthetic_cloudtrail.csv:3638,fe:resource-explorer-2.amazonaws.com,2024-05-08 01:18:14+00:00,0,0,0.17264625
synthetic_cloudtrail.csv:3639,fe:resource-explorer-2.amazonaws.com,2024-05-08 01:21:08+00:00,0,0,0.17436388
synthetic_cloudtrail.csv:3640,fe:resource-explorer-2.amazonaws.com,2024-05-08 01:24:41+00:00,0,0,0.17389677
synthetic_cloudtrail.csv:3641,fe:resource-explorer-2.amazonaws.com,2024-05-08 01:27:03+00:00,0,0,0.17889075
synthetic_cloudtrail.csv:3643,fe:resource-explorer-2.amazonaws.com,2024-05-08 01:30:58+00:00,0,0,0.17773634
synthetic_cloudtrail.csv:3644,fe:resource-explorer-2.amazonaws.com,2024-05-08 01:32:22+00:00,0,0,0.18286525
synthetic_cloudtrail.csv:3743,fe:resource-explorer-2.amazonaws.com,2024-05-12 13:09:18+00:00,0,0,0.14807981
synthetic_cloudtrail.csv:3745,fe:resource-explorer-2.amazonaws.com,2024-05-12 13:12:33+00:00,0,0,0.16161393
synthetic_cloudtrail.csv:3746,fe:resource-explorer-2.amazonaws.com,2024-05-12 13:15:42+00:00,0,0,0.16870445
synthetic_cloudtrail.csv:3747,fe:resource-explorer-2.amazonaws.com,2024-05-12 13:17:39+00:00,0,0,0.18205883
synthetic_cloudtrail.csv:3748,fe:resource-explorer-2.amazonaws.com,2024-05-12 13:21:11+00:00,0,0,0.2872662
synthetic_cloudtrail.csv:3749,fe:resource-explorer-2.amazonaws.com,2024-05-12 13:23:11+00:00,0,0,0.3226118
synthetic_cloudtrail.csv:3772,fe:resource-explorer-2.amazonaws.com,2024-05-13 09:12:55+00:00,0,0,0.14884794
synthetic_cloudtrail.csv:3773,fe:resource-explorer-2.amazonaws.com,2024-05-13 09:13:58+00:00,0,0,0.16096427
synthetic_cloudtrail.csv:3774,fe:resource-explorer-2.amazonaws.com,2024-05-13 09:17:48+00:00,0,0,0.16447294
synthetic_cloudtrail.csv:3775,fe:resource-explorer-2.amazonaws.com,2024-05-13 09:22:06+00:00,0,0,0.16711564
synthetic_cloudtrail.csv:3778,fe:resource-explorer-2.amazonaws.com,2024-05-13 09:26:51+00:00,0,0,0.16699228
synthetic_cloudtrail.csv:3779,fe:resource-explorer-2.amazonaws.com,2024-05-13 09:30:20+00:00,0,0,0.1680282
synthetic_cloudtrail.csv:3847,fe:resource-explorer-2.amazonaws.com,2024-05-15 01:02:47+00:00,0,0,0.14540848
synthetic_cloudtrail.csv:3848,fe:resource-explorer-2.amazonaws.com,2024-05-15 01:07:09+00:00,0,0,0.16413613
synthetic_cloudtrail.csv:3849,fe:resource-explorer-2.amazonaws.com,2024-05-15 01:08:03+00:00,0,0,0.17295462
synthetic_cloudtrail.csv:3852,fe:resource-explorer-2.amazonaws.com,2024-05-15 01:17:02+00:00,0,0,0.17013876
synthetic_cloudtrail.csv:3861,fe:resource-explorer-2.amazonaws.com,2024-05-15 11:03:29+00:00,0,0,0.14383489
synthetic_cloudtrail.csv:3863,fe:resource-explorer-2.amazonaws.com,2024-05-15 11:10:47+00:00,0,0,0.1573979
synthetic_cloudtrail.csv:3864,fe:resource-explorer-2.amazonaws.com,2024-05-15 11:14:55+00:00,0,0,0.16164352
synthetic_cloudtrail.csv:3865,fe:resource-explorer-2.amazonaws.com,2024-05-15 11:17:44+00:00,0,0,0.16756393
synthetic_cloudtrail.csv:3866,fe:resource-explorer-2.amazonaws.com,2024-05-15 11:20:01+00:00,0,0,0.17847693
synthetic_cloudtrail.csv:3867,fe:resource-explorer-2.amazonaws.com,2024-05-15 11:22:10+00:00,0,0,0.19253226
synthetic_cloudtrail.csv:3868,fe:resource-explorer-2.amazonaws.com,2024-05-15 11:23:42+00:00,0,0,0.23763299
synthetic_cloudtrail.csv:3870,fe:resource-explorer-2.amazonaws.com,2024-05-15 11:30:30+00:00,0,0,0.16999479
synthetic_cloudtrail.csv:3873,fe:resource-explorer-2.amazonaws.com,2024-05-15 23:07:36+00:00,0,0,0.14808841
synthetic_cloudtrail.csv:3875,fe:resource-explorer-2.amazonaws.com,2024-05-15 23:17:02+00:00,0,0,0.16159742
synthetic_cloudtrail.csv:3876,fe:resource-explorer-2.amazonaws.com,2024-05-15 23:21:06+00:00,0,0,0.16797946
synthetic_cloudtrail.csv:3877,fe:resource-explorer-2.amazonaws.com,2024-05-15 23:23:35+00:00,0,0,0.1751605
synthetic_cloudtrail.csv:3878,fe:resource-explorer-2.amazonaws.com,2024-05-15 23:27:26+00:00,0,0,0.17547202
synthetic_cloudtrail.csv:3880,fe:resource-explorer-2.amazonaws.com,2024-05-15 23:33:42+00:00,0,0,0.16801202
synthetic_cloudtrail.csv:3882,fe:resource-explorer-2.amazonaws.com,2024-05-15 23:40:01+00:00,0,0,0.16781579
synthetic_cloudtrail.csv:3883,fe:resource-explorer-2.amazonaws.com,2024-05-15 23:40:41+00:00,0,0,0.18000636
synthetic_cloudtrail.csv:3884,fe:resource-explorer-2.amazonaws.com,2024-05-16 01:03:24+00:00,0,0,0.14537291
synthetic_cloudtrail.csv:3886,fe:resource-explorer-2.amazonaws.com,2024-05-16 01:09:04+00:00,0,0,0.16335344
synthetic_cloudtrail.csv:3890,fe:resource-explorer-2.amazonaws.com,2024-05-16 01:19:14+00:00,0,0,0.15532751
synthetic_cloudtrail.csv:3891,fe:resource-explorer-2.amazonaws.com,2024-05-16 01:22:08+00:00,0,0,0.16827212
synthetic_cloudtrail.csv:3892,fe:resource-explorer-2.amazonaws.com,2024-05-16 01:24:10+00:00,0,0,0.1747531
synthetic_cloudtrail.csv:3894,fe:resource-explorer-2.amazonaws.com,2024-05-16 01:26:19+00:00,0,0,0.17831674
synthetic_cloudtrail.csv:3895,fe:resource-explorer-2.amazonaws.com,2024-05-17 09:02:35+00:00,0,0,0.14541252
synthetic_cloudtrail.csv:3897,fe:resource-explorer-2.amazonaws.com,2024-05-17 09:08:52+00:00,0,0,0.15859048
synthetic_cloudtrail.csv:3898,fe:resource-explorer-2.amazonaws.com,2024-05-17 09:09:42+00:00,0,0,0.16664156
synthetic_cloudtrail.csv:3899,fe:resource-explorer-2.amazonaws.com,2024-05-17 09:10:51+00:00,0,0,0.16994193
synthetic_cloudtrail.csv:3901,fe:resource-explorer-2.amazonaws.com,2024-05-17 09:14:52+00:00,0,0,0.18169034
synthetic_cloudtrail.csv:3902,fe:resource-explorer-2.amazonaws.com,2024-05-17 09:18:42+00:00,0,0,0.19536132
synthetic_cloudtrail.csv:3903,fe:resource-explorer-2.amazonaws.com,2024-05-17 09:21:55+00:00,0,0,0.16827914
synthetic_cloudtrail.csv:3906,fe:resource-explorer-2.amazonaws.com,2024-05-17 09:26:16+00:00,0,0,0.16773474
synthetic_cloudtrail.csv:3908,fe:resource-explorer-2.amazonaws.com,2024-05-17 09:31:27+00:00,0,0,0.16730133
synthetic_cloudtrail.csv:3947,fe:resource-explorer-2.amazonaws.com,2024-05-18 19:01:32+00:00,0,0,0.14405176
synthetic_cloudtrail.csv:3948,fe:resource-explorer-2.amazonaws.com,2024-05-18 19:05:17+00:00,0,0,0.16692209
synthetic_cloudtrail.csv:3949,fe:resource-explorer-2.amazonaws.com,2024-05-18 19:06:22+00:00,0,0,0.17847958
synthetic_cloudtrail.csv:3950,fe:resource-explorer-2.amazonaws.com,2024-05-18 19:07:28+00:00,0,0,0.1949944
synthetic_cloudtrail.csv:3952,fe:resource-explorer-2.amazonaws.com,2024-05-18 19:11:54+00:00,0,0,0.3217573
synthetic_cloudtrail.csv:3955,fe:resource-explorer-2.amazonaws.com,2024-05-18 19:21:10+00:00,0,0,0.16841622
synthetic_cloudtrail.csv:3956,fe:resource-explorer-2.amazonaws.com,2024-05-18 19:24:18+00:00,0,0,0.17148162
synthetic_cloudtrail.csv:3957,fe:resource-explorer-2.amazonaws.com,2024-05-18 19:24:58+00:00,0,0,0.19677074
synthetic_cloudtrail.csv:3959,fe:resource-explorer-2.amazonaws.com,2024-05-18 19:27:09+00:00,0,0,0.27586642
synthetic_cloudtrail.csv:4050,fe:resource-explorer-2.amazonaws.com,2024-05-22 22:02:58+00:00,0,0,0.14380367
synthetic_cloudtrail.csv:4051,fe:resource-explorer-2.amazonaws.com,2024-05-22 22:04:51+00:00,0,0,0.16581206
synthetic_cloudtrail.csv:4053,fe:resource-explorer-2.amazonaws.com,2024-05-22 22:11:31+00:00,0,0,0.16913646
synthetic_cloudtrail.csv:4054,fe:resource-explorer-2.amazonaws.com,2024-05-22 22:12:05+00:00,0,0,0.17846331
synthetic_cloudtrail.csv:4055,fe:resource-explorer-2.amazonaws.com,2024-05-22 22:13:57+00:00,0,0,0.19856153
synthetic_cloudtrail.csv:4056,fe:resource-explorer-2.amazonaws.com,2024-05-22 22:18:50+00:00,0,0,0.18467955
synthetic_cloudtrail.csv:4059,fe:resource-explorer-2.amazonaws.com,2024-05-22 22:26:03+00:00,0,0,0.1668689
synthetic_cloudtrail.csv:4060,fe:resource-explorer-2.amazonaws.com,2024-05-22 22:29:28+00:00,0,0,0.16905849
synthetic_cloudtrail.csv:4073,fe:resource-explorer-2.amazonaws.com,2024-05-23 11:02:37+00:00,0,0,0.14696728
synthetic_cloudtrail.csv:4074,fe:resource-explorer-2.amazonaws.com,2024-05-23 11:06:25+00:00,0,0,0.1579305
synthetic_cloudtrail.csv:4075,fe:resource-explorer-2.amazonaws.com,2024-05-23 11:10:35+00:00,0,0,0.16307832
synthetic_cloudtrail.csv:4078,fe:resource-explorer-2.amazonaws.com,2024-05-23 11:19:50+00:00,0,0,0.16033301
synthetic_cloudtrail.csv:4079,fe:resource-explorer-2.amazonaws.com,2024-05-23 11:21:26+00:00,0,0,0.1637182
synthetic_cloudtrail.csv:4081,fe:resource-explorer-2.amazonaws.com,2024-05-23 11:29:04+00:00,0,0,0.16543126
synthetic_cloudtrail.csv:4082,fe:resource-explorer-2.amazonaws.com,2024-05-23 11:31:08+00:00,0,0,0.17295578
synthetic_cloudtrail.csv:4172,fe:resource-explorer-2.amazonaws.com,2024-05-25 13:02:02+00:00,0,0,0.14431977
synthetic_cloudtrail.csv:4173,fe:resource-explorer-2.amazonaws.com,2024-05-25 13:04:39+00:00,0,0,0.16223405
synthetic_cloudtrail.csv:4178,fe:resource-explorer-2.amazonaws.com,2024-05-25 13:16:46+00:00,0,0,0.15414017
synthetic_cloudtrail.csv:4179,fe:resource-explorer-2.amazonaws.com,2024-05-25 13:17:54+00:00,0,0,0.1674256
synthetic_cloudtrail.csv:4180,fe:resource-explorer-2.amazonaws.com,2024-05-25 13:19:47+00:00,0,0,0.18306173
synthetic_cloudtrail.csv:4181,fe:resource-explorer-2.amazonaws.com,2024-05-25 13:24:21+00:00,0,0,0.2311934
synthetic_cloudtrail.csv:4182,fe:resource-explorer-2.amazonaws.com,2024-05-25 13:25:48+00:00,0,0,0.3756069
synthetic_cloudtrail.csv:4183,fe:resource-explorer-2.amazonaws.com,2024-05-25 13:28:09+00:00,0,0,0.3470724
synthetic_cloudtrail.csv:4185,fe:resource-explorer-2.amazonaws.com,2024-05-25 13:32:44+00:00,0,0,0.2794958
synthetic_cloudtrail.csv:4452,fe:resource-explorer-2.amazonaws.com,2024-06-03 22:02:37+00:00,0,0,0.14383838
synthetic_cloudtrail.csv:4453,fe:resource-explorer-2.amazonaws.com,2024-06-03 22:05:43+00:00,0,0,0.16503121
synthetic_cloudtrail.csv:4454,fe:resource-explorer-2.amazonaws.com,2024-06-03 22:07:11+00:00,0,0,0.17302689
synthetic_cloudtrail.csv:4456,fe:resource-explorer-2.amazonaws.com,2024-06-03 22:12:37+00:00,0,0,0.17263877
synthetic_cloudtrail.csv:4458,fe:resource-explorer-2.amazonaws.com,2024-06-03 22:18:39+00:00,0,0,0.16719566
synthetic_cloudtrail.csv:4463,fe:resource-explorer-2.amazonaws.com,2024-06-03 22:34:55+00:00,0,0,0.15290634
synthetic_cloudtrail.csv:4548,fe:resource-explorer-2.amazonaws.com,2024-06-06 08:02:15+00:00,0,0,0.1445069
synthetic_cloudtrail.csv:4552,fe:resource-explorer-2.amazonaws.com,2024-06-06 08:15:44+00:00,0,0,0.15256369
synthetic_cloudtrail.csv:4554,fe:resource-explorer-2.amazonaws.com,2024-06-06 08:22:14+00:00,0,0,0.16168393
synthetic_cloudtrail.csv:4578,fe:resource-explorer-2.amazonaws.com,2024-06-07 13:06:57+00:00,0,0,0.14555933
synthetic_cloudtrail.csv:4580,fe:resource-explorer-2.amazonaws.com,2024-06-07 13:11:49+00:00,0,0,0.15674847
synthetic_cloudtrail.csv:4581,fe:resource-explorer-2.amazonaws.com,2024-06-07 13:13:18+00:00,0,0,0.16543137
synthetic_cloudtrail.csv:4582,fe:resource-explorer-2.amazonaws.com,2024-06-07 13:14:59+00:00,0,0,0.17043748
synthetic_cloudtrail.csv:4584,fe:resource-explorer-2.amazonaws.com,2024-06-07 13:17:50+00:00,0,0,0.20826729
synthetic_cloudtrail.csv:4585,fe:resource-explorer-2.amazonaws.com,2024-06-07 13:21:19+00:00,0,0,0.25174123
synthetic_cloudtrail.csv:4587,fe:resource-explorer-2.amazonaws.com,2024-06-07 13:28:10+00:00,0,0,0.16135862
synthetic_cloudtrail.csv:4608,fe:resource-explorer-2.amazonaws.com,2024-06-08 21:04:58+00:00,0,0,0.14896096
synthetic_cloudtrail.csv:4611,fe:resource-explorer-2.amazonaws.com,2024-06-08 21:11:54+00:00,0,0,0.16560067
synthetic_cloudtrail.csv:4612,fe:resource-explorer-2.amazonaws.com,2024-06-08 21:13:51+00:00,0,0,0.17698653
synthetic_cloudtrail.csv:4614,fe:resource-explorer-2.amazonaws.com,2024-06-08 21:18:07+00:00,0,0,0.18334283
synthetic_cloudtrail.csv:4617,fe:resource-explorer-2.amazonaws.com,2024-06-08 21:24:02+00:00,0,0,0.17074232
synthetic_cloudtrail.csv:4618,fe:resource-explorer-2.amazonaws.com,2024-06-08 21:25:37+00:00,0,0,0.19041643
synthetic_cloudtrail.csv:4620,fe:resource-explorer-2.amazonaws.com,2024-06-08 21:32:45+00:00,0,0,0.18163867
synthetic_cloudtrail.csv:4717,fe:resource-explorer-2.amazonaws.com,2024-06-11 16:09:20+00:00,0,0,0.14414495
synthetic_cloudtrail.csv:4718,fe:resource-explorer-2.amazonaws.com,2024-06-11 16:13:16+00:00,0,0,0.15747842
synthetic_cloudtrail.csv:4720,fe:resource-explorer-2.amazonaws.com,2024-06-11 16:17:23+00:00,0,0,0.16420887
synthetic_cloudtrail.csv:4721,fe:resource-explorer-2.amazonaws.com,2024-06-11 16:18:53+00:00,0,0,0.17176883
synthetic_cloudtrail.csv:4722,fe:resource-explorer-2.amazonaws.com,2024-06-11 16:21:30+00:00,0,0,0.19858822
synthetic_cloudtrail.csv:4744,fe:resource-explorer-2.amazonaws.com,2024-06-13 20:02:42+00:00,0,0,0.14238197
synthetic_cloudtrail.csv:4747,fe:resource-explorer-2.amazonaws.com,2024-06-13 20:09:56+00:00,0,0,0.1617243
synthetic_cloudtrail.csv:4748,fe:resource-explorer-2.amazonaws.com,2024-06-13 20:11:57+00:00,0,0,0.17128451
synthetic_cloudtrail.csv:4749,fe:resource-explorer-2.amazonaws.com,2024-06-13 20:14:10+00:00,0,0,0.17735222
synthetic_cloudtrail.csv:4752,fe:resource-explorer-2.amazonaws.com,2024-06-13 21:02:46+00:00,0,0,0.14674522
synthetic_cloudtrail.csv:4754,fe:resource-explorer-2.amazonaws.com,2024-06-13 21:05:26+00:00,0,0,0.16509849
synthetic_cloudtrail.csv:4755,fe:resource-explorer-2.amazonaws.com,2024-06-13 21:05:27+00:00,0,0,0.17706233
synthetic_cloudtrail.csv:4756,fe:resource-explorer-2.amazonaws.com,2024-06-13 21:07:55+00:00,0,0,0.17794809
synthetic_cloudtrail.csv:4757,fe:resource-explorer-2.amazonaws.com,2024-06-13 21:09:39+00:00,0,0,0.19365345
synthetic_cloudtrail.csv:4758,fe:resource-explorer-2.amazonaws.com,2024-06-13 21:11:02+00:00,0,0,0.21479586
synthetic_cloudtrail.csv:4759,fe:resource-explorer-2.amazonaws.com,2024-06-13 21:12:17+00:00,0,0,0.23207302
synthetic_cloudtrail.csv:4761,fe:resource-explorer-2.amazonaws.com,2024-06-13 21:16:16+00:00,0,0,0.23025465
synthetic_cloudtrail.csv:4762,fe:resource-explorer-2.amazonaws.com,2024-06-13 21:18:44+00:00,0,0,0.23818976
synthetic_cloudtrail.csv:4764,fe:resource-explorer-2.amazonaws.com,2024-06-13 21:21:58+00:00,0,0,0.19920672
synthetic_cloudtrail.csv:4766,fe:resource-explorer-2.amazonaws.com,2024-06-13 21:23:32+00:00,0,0,0.19726986
synthetic_cloudtrail.csv:4767,fe:resource-explorer-2.amazonaws.com,2024-06-13 21:24:26+00:00,0,0,0.23028676
synthetic_cloudtrail.csv:4768,fe:resource-explorer-2.amazonaws.com,2024-06-13 21:25:12+00:00,0,0,0.26519743
synthetic_cloudtrail.csv:4769,fe:resource-explorer-2.amazonaws.com,2024-06-13 21:27:34+00:00,0,0,0.2868058
synthetic_cloudtrail.csv:4770,fe:resource-explorer-2.amazonaws.com,2024-06-13 21:28:43+00:00,0,0,0.3095959
synthetic_cloudtrail.csv:4771,fe:resource-explorer-2.amazonaws.com,2024-06-13 21:29:05+00:00,0,0,0.3586831
synthetic_cloudtrail.csv:4773,fe:resource-explorer-2.amazonaws.com,2024-06-13 21:31:50+00:00,0,0,0.33123878
synthetic_cloudtrail.csv:4795,fe:resource-explorer-2.amazonaws.com,2024-06-14 20:00:37+00:00,0,0,0.14235456
synthetic_cloudtrail.csv:4796,fe:resource-explorer-2.amazonaws.com,2024-06-14 20:05:00+00:00,0,0,0.16325103
synthetic_cloudtrail.csv:4798,fe:resource-explorer-2.amazonaws.com,2024-06-14 20:07:52+00:00,0,0,0.17070997
synthetic_cloudtrail.csv:4800,fe:resource-explorer-2.amazonaws.com,2024-06-14 20:12:27+00:00,0,0,0.1743202
synthetic_cloudtrail.csv:4871,fe:resource-explorer-2.amazonaws.com,2024-06-17 15:06:51+00:00,0,0,0.1442772
synthetic_cloudtrail.csv:4874,fe:resource-explorer-2.amazonaws.com,2024-06-17 15:08:35+00:00,0,0,0.15879662
synthetic_cloudtrail.csv:4882,fe:resource-explorer-2.amazonaws.com,2024-06-17 15:14:54+00:00,0,0,0.16281354
synthetic_cloudtrail.csv:4884,fe:resource-explorer-2.amazonaws.com,2024-06-17 15:17:12+00:00,0,0,0.17494565
synthetic_cloudtrail.csv:4899,fe:resource-explorer-2.amazonaws.com,2024-06-18 08:01:41+00:00,0,0,0.14445144
synthetic_cloudtrail.csv:4901,fe:resource-explorer-2.amazonaws.com,2024-06-18 08:05:37+00:00,0,0,0.160541
synthetic_cloudtrail.csv:4903,fe:resource-explorer-2.amazonaws.com,2024-06-18 08:12:51+00:00,0,0,0.16247346
synthetic_cloudtrail.csv:4904,fe:resource-explorer-2.amazonaws.com,2024-06-18 08:15:56+00:00,0,0,0.16426408
synthetic_cloudtrail.csv:4905,fe:resource-explorer-2.amazonaws.com,2024-06-18 08:17:26+00:00,0,0,0.17088333
synthetic_cloudtrail.csv:4907,fe:resource-explorer-2.amazonaws.com,2024-06-18 08:22:03+00:00,0,0,0.17092705
synthetic_cloudtrail.csv:4908,fe:resource-explorer-2.amazonaws.com,2024-06-18 08:26:19+00:00,0,0,0.16892745
synthetic_cloudtrail.csv:4923,fe:resource-explorer-2.amazonaws.com,2024-06-19 12:04:49+00:00,0,0,0.14286005
synthetic_cloudtrail.csv:4924,fe:resource-explorer-2.amazonaws.com,2024-06-19 12:07:02+00:00,0,0,0.15918176
synthetic_cloudtrail.csv:4927,fe:resource-explorer-2.amazonaws.com,2024-06-19 12:16:37+00:00,0,0,0.16012512
synthetic_cloudtrail.csv:4928,fe:resource-explorer-2.amazonaws.com,2024-06-19 12:19:00+00:00,0,0,0.16241246
synthetic_cloudtrail.csv:4930,fe:resource-explorer-2.amazonaws.com,2024-06-19 12:24:57+00:00,0,0,0.16555835
synthetic_cloudtrail.csv:4933,fe:resource-explorer-2.amazonaws.com,2024-06-19 12:35:34+00:00,0,0,0.15231133
synthetic_cloudtrail.csv:4934,fe:resource-explorer-2.amazonaws.com,2024-06-19 12:37:59+00:00,0,0,0.163147
synthetic_cloudtrail.csv:5033,fe:resource-explorer-2.amazonaws.com,2024-06-23 22:00:59+00:00,0,0,0.14553681
synthetic_cloudtrail.csv:5034,fe:resource-explorer-2.amazonaws.com,2024-06-23 22:05:12+00:00,0,0,0.16743705
synthetic_cloudtrail.csv:5035,fe:resource-explorer-2.amazonaws.com,2024-06-23 22:08:16+00:00,0,0,0.17554131
synthetic_cloudtrail.csv:5037,fe:resource-explorer-2.amazonaws.com,2024-06-23 22:13:05+00:00,0,0,0.18078402
synthetic_cloudtrail.csv:5039,fe:resource-explorer-2.amazonaws.com,2024-06-25 11:01:27+00:00,0,0,0.1437076
synthetic_cloudtrail.csv:5041,fe:resource-explorer-2.amazonaws.com,2024-06-25 11:04:31+00:00,0,0,0.15888345
synthetic_cloudtrail.csv:5043,fe:resource-explorer-2.amazonaws.com,2024-06-25 11:08:30+00:00,0,0,0.16346923
synthetic_cloudtrail.csv:5044,fe:resource-explorer-2.amazonaws.com,2024-06-25 11:09:10+00:00,0,0,0.17108618
synthetic_cloudtrail.csv:5046,fe:resource-explorer-2.amazonaws.com,2024-06-25 11:12:08+00:00,0,0,0.19909154
synthetic_cloudtrail.csv:5047,fe:resource-explorer-2.amazonaws.com,2024-06-25 11:13:20+00:00,0,0,0.26305994
synthetic_cloudtrail.csv:5048,fe:resource-explorer-2.amazonaws.com,2024-06-25 11:14:46+00:00,0,0,0.29828385
synthetic_cloudtrail.csv:5049,fe:resource-explorer-2.amazonaws.com,2024-06-25 11:15:33+00:00,0,0,0.39057323
synthetic_cloudtrail.csv:5050,fe:resource-explorer-2.amazonaws.com,2024-06-25 11:17:34+00:00,0,0,0.44138628
synthetic_cloudtrail.csv:5052,fe:resource-explorer-2.amazonaws.com,2024-06-25 11:21:23+00:00,0,0,0.35346785
synthetic_cloudtrail.csv:5055,fe:resource-explorer-2.amazonaws.com,2024-06-25 11:24:45+00:00,0,0,0.2868002
synthetic_cloudtrail.csv:5058,fe:resource-explorer-2.amazonaws.com,2024-06-25 11:30:32+00:00,0,0,0.16740791
synthetic_cloudtrail.csv:5059,fe:resource-explorer-2.amazonaws.com,2024-06-25 11:34:20+00:00,0,0,0.16885751
synthetic_cloudtrail.csv:5061,fe:resource-explorer-2.amazonaws.com,2024-06-25 11:41:53+00:00,0,0,0.16204248
synthetic_cloudtrail.csv:5116,fe:resource-explorer-2.amazonaws.com,2024-07-01 11:02:09+00:00,0,0,0.14679395
synthetic_cloudtrail.csv:5118,fe:resource-explorer-2.amazonaws.com,2024-07-01 11:06:23+00:00,0,0,0.15768696
synthetic_cloudtrail.csv:5119,fe:resource-explorer-2.amazonaws.com,2024-07-01 11:07:08+00:00,0,0,0.16652024
synthetic_cloudtrail.csv:5121,fe:resource-explorer-2.amazonaws.com,2024-07-01 11:13:32+00:00,0,0,0.16761975
synthetic_cloudtrail.csv:5122,fe:resource-explorer-2.amazonaws.com,2024-07-01 11:16:48+00:00,0,0,0.1731872
synthetic_cloudtrail.csv:5241,fe:resource-explorer-2.amazonaws.com,2024-07-04 16:04:36+00:00,0,0,0.14053749
synthetic_cloudtrail.csv:5242,fe:resource-explorer-2.amazonaws.com,2024-07-04 16:05:18+00:00,0,0,0.15978202
synthetic_cloudtrail.csv:5243,fe:resource-explorer-2.amazonaws.com,2024-07-04 16:09:56+00:00,0,0,0.16464919
synthetic_cloudtrail.csv:5244,fe:resource-explorer-2.amazonaws.com,2024-07-04 16:12:28+00:00,0,0,0.17141593
synthetic_cloudtrail.csv:5247,fe:resource-explorer-2.amazonaws.com,2024-07-04 16:22:19+00:00,0,0,0.1606325
synthetic_cloudtrail.csv:5248,fe:resource-explorer-2.amazonaws.com,2024-07-04 16:24:04+00:00,0,0,0.1639581
synthetic_cloudtrail.csv:5249,fe:resource-explorer-2.amazonaws.com,2024-07-04 16:25:29+00:00,0,0,0.17326397
synthetic_cloudtrail.csv:5250,fe:resource-explorer-2.amazonaws.com,2024-07-04 16:28:31+00:00,0,0,0.19083829
synthetic_cloudtrail.csv:5251,fe:resource-explorer-2.amazonaws.com,2024-07-04 16:29:56+00:00,0,0,0.2397844
synthetic_cloudtrail.csv:5263,fe:resource-explorer-2.amazonaws.com,2024-07-05 06:03:14+00:00,0,0,0.14513302
synthetic_cloudtrail.csv:5265,fe:resource-explorer-2.amazonaws.com,2024-07-05 06:07:29+00:00,0,0,0.16114797
synthetic_cloudtrail.csv:5267,fe:resource-explorer-2.amazonaws.com,2024-07-05 06:15:29+00:00,0,0,0.16286892
synthetic_cloudtrail.csv:5268,fe:resource-explorer-2.amazonaws.com,2024-07-05 06:16:23+00:00,0,0,0.17218494
synthetic_cloudtrail.csv:5269,fe:resource-explorer-2.amazonaws.com,2024-07-05 06:20:45+00:00,0,0,0.16869313
synthetic_cloudtrail.csv:5385,fe:resource-explorer-2.amazonaws.com,2024-07-07 18:05:11+00:00,0,0,0.1454305
synthetic_cloudtrail.csv:5386,fe:resource-explorer-2.amazonaws.com,2024-07-07 18:09:51+00:00,0,0,0.16183178
synthetic_cloudtrail.csv:5388,fe:resource-explorer-2.amazonaws.com,2024-07-07 18:14:37+00:00,0,0,0.1690497
synthetic_cloudtrail.csv:5392,fe:resource-explorer-2.amazonaws.com,2024-07-07 18:25:06+00:00,0,0,0.1539721
synthetic_cloudtrail.csv:5393,fe:resource-explorer-2.amazonaws.com,2024-07-07 18:27:18+00:00,0,0,0.16808462
synthetic_cloudtrail.csv:5394,fe:resource-explorer-2.amazonaws.com,2024-07-07 18:31:38+00:00,0,0,0.17754357
synthetic_cloudtrail.csv:5493,fe:resource-explorer-2.amazonaws.com,2024-07-11 13:04:53+00:00,0,0,0.14202109
synthetic_cloudtrail.csv:5495,fe:resource-explorer-2.amazonaws.com,2024-07-11 13:10:07+00:00,0,0,0.15730087
synthetic_cloudtrail.csv:5497,fe:resource-explorer-2.amazonaws.com,2024-07-11 13:12:19+00:00,0,0,0.16454574
synthetic_cloudtrail.csv:5498,fe:resource-explorer-2.amazonaws.com,2024-07-11 13:16:57+00:00,0,0,0.16796404
synthetic_cloudtrail.csv:5501,fe:resource-explorer-2.amazonaws.com,2024-07-11 13:25:13+00:00,0,0,0.16023923
synthetic_cloudtrail.csv:5502,fe:resource-explorer-2.amazonaws.com,2024-07-12 04:01:35+00:00,0,0,0.14552446
synthetic_cloudtrail.csv:5503,fe:resource-explorer-2.amazonaws.com,2024-07-12 04:03:08+00:00,0,0,0.16405329
synthetic_cloudtrail.csv:5504,fe:resource-explorer-2.amazonaws.com,2024-07-12 04:05:43+00:00,0,0,0.1687452
synthetic_cloudtrail.csv:5505,fe:resource-explorer-2.amazonaws.com,2024-07-12 04:08:22+00:00,0,0,0.17086118
synthetic_cloudtrail.csv:5507,fe:resource-explorer-2.amazonaws.com,2024-07-12 04:12:31+00:00,0,0,0.17306434
synthetic_cloudtrail.csv:5508,fe:resource-explorer-2.amazonaws.com,2024-07-12 04:16:07+00:00,0,0,0.1707381
synthetic_cloudtrail.csv:5511,fe:resource-explorer-2.amazonaws.com,2024-07-12 04:25:45+00:00,0,0,0.16383873
synthetic_cloudtrail.csv:5539,fe:resource-explorer-2.amazonaws.com,2024-07-13 06:04:25+00:00,0,0,0.14672661
synthetic_cloudtrail.csv:5540,fe:resource-explorer-2.amazonaws.com,2024-07-13 06:05:47+00:00,0,0,0.16578294
synthetic_cloudtrail.csv:5541,fe:resource-explorer-2.amazonaws.com,2024-07-13 06:08:56+00:00,0,0,0.17061892
synthetic_cloudtrail.csv:5543,fe:resource-explorer-2.amazonaws.com,2024-07-13 06:13:30+00:00,0,0,0.17250422
synthetic_cloudtrail.csv:5546,fe:resource-explorer-2.amazonaws.com,2024-07-13 06:19:54+00:00,0,0,0.16637689
synthetic_cloudtrail.csv:5547,fe:resource-explorer-2.amazonaws.com,2024-07-13 06:24:09+00:00,0,0,0.16741152
synthetic_cloudtrail.csv:5549,fe:resource-explorer-2.amazonaws.com,2024-07-13 06:30:02+00:00,0,0,0.16705124
synthetic_cloudtrail.csv:5550,fe:resource-explorer-2.amazonaws.com,2024-07-13 06:34:11+00:00,0,0,0.16797194
synthetic_cloudtrail.csv:5579,fe:resource-explorer-2.amazonaws.com,2024-07-14 12:10:03+00:00,0,0,0.1486384
synthetic_cloudtrail.csv:5580,fe:resource-explorer-2.amazonaws.com,2024-07-14 12:14:59+00:00,0,0,0.16075955
synthetic_cloudtrail.csv:5581,fe:resource-explorer-2.amazonaws.com,2024-07-14 12:17:12+00:00,0,0,0.16917443
synthetic_cloudtrail.csv:5582,fe:resource-explorer-2.amazonaws.com,2024-07-14 12:21:37+00:00,0,0,0.18098816
synthetic_cloudtrail.csv:5584,fe:resource-explorer-2.amazonaws.com,2024-07-14 12:27:37+00:00,0,0,0.16498612
synthetic_cloudtrail.csv:5585,fe:resource-explorer-2.amazonaws.com,2024-07-14 12:29:27+00:00,0,0,0.18327822
synthetic_cloudtrail.csv:5604,fe:resource-explorer-2.amazonaws.com,2024-07-15 03:02:16+00:00,0,0,0.14554793
synthetic_cloudtrail.csv:5605,fe:resource-explorer-2.amazonaws.com,2024-07-15 03:05:49+00:00,0,0,0.16341247
synthetic_cloudtrail.csv:5606,fe:resource-explorer-2.amazonaws.com,2024-07-15 03:09:38+00:00,0,0,0.16820385
synthetic_cloudtrail.csv:5607,fe:resource-explorer-2.amazonaws.com,2024-07-15 03:13:54+00:00,0,0,0.17085604
synthetic_cloudtrail.csv:5608,fe:resource-explorer-2.amazonaws.com,2024-07-15 03:16:38+00:00,0,0,0.17231543
synthetic_cloudtrail.csv:5609,fe:resource-explorer-2.amazonaws.com,2024-07-15 03:21:19+00:00,0,0,0.17097805
synthetic_cloudtrail.csv:5611,fe:resource-explorer-2.amazonaws.com,2024-07-15 03:28:03+00:00,0,0,0.16557871
synthetic_cloudtrail.csv:5612,fe:resource-explorer-2.amazonaws.com,2024-07-15 03:28:39+00:00,0,0,0.17627768
synthetic_cloudtrail.csv:5613,fe:resource-explorer-2.amazonaws.com,2024-07-15 03:31:07+00:00,0,0,0.176767
synthetic_cloudtrail.csv:5647,fe:resource-explorer-2.amazonaws.com,2024-07-15 23:06:32+00:00,0,0,0.1480673
synthetic_cloudtrail.csv:5649,fe:resource-explorer-2.amazonaws.com,2024-07-15 23:12:14+00:00,0,0,0.16309565
synthetic_cloudtrail.csv:5651,fe:resource-explorer-2.amazonaws.com,2024-07-15 23:17:01+00:00,0,0,0.16783793
synthetic_cloudtrail.csv:5654,fe:resource-explorer-2.amazonaws.com,2024-07-15 23:24:38+00:00,0,0,0.1666884
synthetic_cloudtrail.csv:5656,fe:resource-explorer-2.amazonaws.com,2024-07-15 23:28:20+00:00,0,0,0.16873764
synthetic_cloudtrail.csv:5674,fe:resource-explorer-2.amazonaws.com,2024-07-18 13:02:55+00:00,0,0,0.14197424
synthetic_cloudtrail.csv:5677,fe:resource-explorer-2.amazonaws.com,2024-07-18 13:07:58+00:00,0,0,0.15726073
synthetic_cloudtrail.csv:5678,fe:resource-explorer-2.amazonaws.com,2024-07-18 13:12:08+00:00,0,0,0.16309884
synthetic_cloudtrail.csv:5681,fe:resource-explorer-2.amazonaws.com,2024-07-18 13:22:55+00:00,0,0,0.151466
synthetic_cloudtrail.csv:5682,fe:resource-explorer-2.amazonaws.com,2024-07-18 13:24:02+00:00,0,0,0.16400953
synthetic_cloudtrail.csv:5683,fe:resource-explorer-2.amazonaws.com,2024-07-18 13:28:46+00:00,0,0,0.16775449
synthetic_cloudtrail.csv:5792,fe:resource-explorer-2.amazonaws.com,2024-07-21 16:04:55+00:00,0,0,0.14268968
synthetic_cloudtrail.csv:5793,fe:resource-explorer-2.amazonaws.com,2024-07-21 16:07:03+00:00,0,0,0.16261962
synthetic_cloudtrail.csv:5800,fe:resource-explorer-2.amazonaws.com,2024-07-21 16:19:28+00:00,0,0,0.15300995
synthetic_cloudtrail.csv:5803,fe:resource-explorer-2.amazonaws.com,2024-07-21 16:21:59+00:00,0,0,0.16617168
synthetic_cloudtrail.csv:5804,fe:resource-explorer-2.amazonaws.com,2024-07-21 16:22:36+00:00,0,0,0.18433143
synthetic_cloudtrail.csv:5806,fe:resource-explorer-2.amazonaws.com,2024-07-21 16:26:25+00:00,0,0,0.22701693
synthetic_cloudtrail.csv:5808,fe:resource-explorer-2.amazonaws.com,2024-07-21 16:31:13+00:00,0,0,0.322543
synthetic_cloudtrail.csv:5916,fe:resource-explorer-2.amazonaws.com,2024-07-27 06:01:51+00:00,0,0,0.14669958
synthetic_cloudtrail.csv:5917,fe:resource-explorer-2.amazonaws.com,2024-07-27 06:05:41+00:00,0,0,0.16427743
synthetic_cloudtrail.csv:5919,fe:resource-explorer-2.amazonaws.com,2024-07-27 06:09:58+00:00,0,0,0.16936496
synthetic_cloudtrail.csv:5920,fe:resource-explorer-2.amazonaws.com,2024-07-27 06:13:38+00:00,0,0,0.17289451
synthetic_cloudtrail.csv:5921,fe:resource-explorer-2.amazonaws.com,2024-07-27 06:17:04+00:00,0,0,0.17342006
synthetic_cloudtrail.csv:5995,fe:resource-explorer-2.amazonaws.com,2024-08-01 19:02:30+00:00,0,0,0.14166187
synthetic_cloudtrail.csv:5997,fe:resource-explorer-2.amazonaws.com,2024-08-01 19:08:24+00:00,0,0,0.16168426
synthetic_cloudtrail.csv:5999,fe:resource-explorer-2.amazonaws.com,2024-08-01 19:12:49+00:00,0,0,0.16648939
synthetic_cloudtrail.csv:6000,fe:resource-explorer-2.amazonaws.com,2024-08-01 19:16:25+00:00,0,0,0.1740034
synthetic_cloudtrail.csv:6002,fe:resource-explorer-2.amazonaws.com,2024-08-02 02:05:00+00:00,0,0,0.14885016
synthetic_cloudtrail.csv:6004,fe:resource-explorer-2.amazonaws.com,2024-08-02 02:08:50+00:00,0,0,0.16328397
synthetic_cloudtrail.csv:6005,fe:resource-explorer-2.amazonaws.com,2024-08-02 02:10:06+00:00,0,0,0.17144065
synthetic_cloudtrail.csv:6035,fe:resource-explorer-2.amazonaws.com,2024-08-03 11:02:51+00:00,0,0,0.14920714
synthetic_cloudtrail.csv:6036,fe:resource-explorer-2.amazonaws.com,2024-08-03 11:03:37+00:00,0,0,0.16407625
synthetic_cloudtrail.csv:6037,fe:resource-explorer-2.amazonaws.com,2024-08-03 11:07:11+00:00,0,0,0.16839112
synthetic_cloudtrail.csv:6039,fe:resource-explorer-2.amazonaws.com,2024-08-03 11:12:30+00:00,0,0,0.1764312
synthetic_cloudtrail.csv:6040,fe:resource-explorer-2.amazonaws.com,2024-08-03 11:14:00+00:00,0,0,0.18543425
synthetic_cloudtrail.csv:6042,fe:resource-explorer-2.amazonaws.com,2024-08-03 11:16:50+00:00,0,0,0.2411782
synthetic_cloudtrail.csv:6043,fe:resource-explorer-2.amazonaws.com,2024-08-03 11:21:03+00:00,0,0,0.23804198
synthetic_cloudtrail.csv:6044,fe:resource-explorer-2.amazonaws.com,2024-08-03 11:24:26+00:00,0,0,0.18388592
synthetic_cloudtrail.csv:6046,fe:resource-explorer-2.amazonaws.com,2024-08-03 11:27:12+00:00,0,0,0.1833326
synthetic_cloudtrail.csv:6047,fe:resource-explorer-2.amazonaws.com,2024-08-03 11:30:32+00:00,0,0,0.23490205
synthetic_cloudtrail.csv:6115,fe:resource-explorer-2.amazonaws.com,2024-08-05 05:05:32+00:00,0,0,0.14888866
synthetic_cloudtrail.csv:6117,fe:resource-explorer-2.amazonaws.com,2024-08-05 05:13:08+00:00,0,0,0.15960564
synthetic_cloudtrail.csv:6120,fe:resource-explorer-2.amazonaws.com,2024-08-05 05:20:15+00:00,0,0,0.16334079
synthetic_cloudtrail.csv:6121,fe:resource-explorer-2.amazonaws.com,2024-08-05 05:25:07+00:00,0,0,0.16473237
synthetic_cloudtrail.csv:6122,fe:resource-explorer-2.amazonaws.com,2024-08-05 05:29:45+00:00,0,0,0.16914609
synthetic_cloudtrail.csv:6124,fe:resource-explorer-2.amazonaws.com,2024-08-05 05:32:29+00:00,0,0,0.1712685
synthetic_cloudtrail.csv:6180,fe:resource-explorer-2.amazonaws.com,2024-08-07 23:13:16+00:00,0,0,0.14801042
synthetic_cloudtrail.csv:6248,fe:resource-explorer-2.amazonaws.com,2024-08-11 09:03:58+00:00,0,0,0.14707737
synthetic_cloudtrail.csv:6253,fe:resource-explorer-2.amazonaws.com,2024-08-11 09:06:39+00:00,0,0,0.16290174
synthetic_cloudtrail.csv:6258,fe:resource-explorer-2.amazonaws.com,2024-08-11 09:08:53+00:00,0,0,0.16852759
synthetic_cloudtrail.csv:6259,fe:resource-explorer-2.amazonaws.com,2024-08-11 09:12:15+00:00,0,0,0.17294112
synthetic_cloudtrail.csv:6295,fe:resource-explorer-2.amazonaws.com,2024-08-11 15:06:25+00:00,0,0,0.1467145
synthetic_cloudtrail.csv:6296,fe:resource-explorer-2.amazonaws.com,2024-08-11 15:10:12+00:00,0,0,0.16109872
synthetic_cloudtrail.csv:6297,fe:resource-explorer-2.amazonaws.com,2024-08-11 15:15:06+00:00,0,0,0.16781253
synthetic_cloudtrail.csv:6298,fe:resource-explorer-2.amazonaws.com,2024-08-11 15:17:27+00:00,0,0,0.18732068
synthetic_cloudtrail.csv:6299,fe:resource-explorer-2.amazonaws.com,2024-08-11 21:02:07+00:00,0,0,0.14493516
synthetic_cloudtrail.csv:6300,fe:resource-explorer-2.amazonaws.com,2024-08-11 21:06:07+00:00,0,0,0.1673764
synthetic_cloudtrail.csv:6301,fe:resource-explorer-2.amazonaws.com,2024-08-11 21:07:25+00:00,0,0,0.17802866
synthetic_cloudtrail.csv:6302,fe:resource-explorer-2.amazonaws.com,2024-08-11 21:11:29+00:00,0,0,0.18179335
synthetic_cloudtrail.csv:6303,fe:resource-explorer-2.amazonaws.com,2024-08-11 21:13:57+00:00,0,0,0.23888168
synthetic_cloudtrail.csv:6306,fe:resource-explorer-2.amazonaws.com,2024-08-11 21:20:51+00:00,0,0,0.18069668
synthetic_cloudtrail.csv:6330,fe:resource-explorer-2.amazonaws.com,2024-08-13 02:01:47+00:00,0,0,0.14544055
synthetic_cloudtrail.csv:6331,fe:resource-explorer-2.amazonaws.com,2024-08-13 02:04:33+00:00,0,0,0.16445866
synthetic_cloudtrail.csv:6332,fe:resource-explorer-2.amazonaws.com,2024-08-13 02:05:13+00:00,0,0,0.17275174
synthetic_cloudtrail.csv:6333,fe:resource-explorer-2.amazonaws.com,2024-08-13 02:07:33+00:00,0,0,0.17303011
synthetic_cloudtrail.csv:6335,fe:resource-explorer-2.amazonaws.com,2024-08-13 02:12:45+00:00,0,0,0.17501472
synthetic_cloudtrail.csv:6337,fe:resource-explorer-2.amazonaws.com,2024-08-13 02:21:11+00:00,0,0,0.16508225
synthetic_cloudtrail.csv:6338,fe:resource-explorer-2.amazonaws.com,2024-08-13 02:25:24+00:00,0,0,0.16693474
synthetic_cloudtrail.csv:6339,fe:resource-explorer-2.amazonaws.com,2024-08-13 02:30:22+00:00,0,0,0.17135789
synthetic_cloudtrail.csv:6340,fe:resource-explorer-2.amazonaws.com,2024-08-13 02:31:32+00:00,0,0,0.17644732
synthetic_cloudtrail.csv:6355,fe:resource-explorer-2.amazonaws.com,2024-08-13 11:04:55+00:00,0,0,0.14362401
synthetic_cloudtrail.csv:6356,fe:resource-explorer-2.amazonaws.com,2024-08-13 11:07:07+00:00,0,0,0.15942903
synthetic_cloudtrail.csv:6358,fe:resource-explorer-2.amazonaws.com,2024-08-13 11:12:05+00:00,0,0,0.16305897
synthetic_cloudtrail.csv:6359,fe:resource-explorer-2.amazonaws.com,2024-08-13 11:13:30+00:00,0,0,0.16946463
synthetic_cloudtrail.csv:6361,fe:resource-explorer-2.amazonaws.com,2024-08-13 11:18:31+00:00,0,0,0.167387
synthetic_cloudtrail.csv:6363,fe:resource-explorer-2.amazonaws.com,2024-08-13 11:20:44+00:00,0,0,0.18641764
synthetic_cloudtrail.csv:6364,fe:resource-explorer-2.amazonaws.com,2024-08-13 11:24:57+00:00,0,0,0.16805568
synthetic_cloudtrail.csv:6368,fe:resource-explorer-2.amazonaws.com,2024-08-14 20:01:38+00:00,0,0,0.14226596
synthetic_cloudtrail.csv:6370,fe:resource-explorer-2.amazonaws.com,2024-08-14 20:09:06+00:00,0,0,0.16162235
synthetic_cloudtrail.csv:6371,fe:resource-explorer-2.amazonaws.com,2024-08-14 20:12:45+00:00,0,0,0.16745555
synthetic_cloudtrail.csv:6372,fe:resource-explorer-2.amazonaws.com,2024-08-14 20:14:21+00:00,0,0,0.17715527
synthetic_cloudtrail.csv:6374,fe:resource-explorer-2.amazonaws.com,2024-08-14 20:18:58+00:00,0,0,0.18225712
synthetic_cloudtrail.csv:6411,fe:resource-explorer-2.amazonaws.com,2024-08-19 04:02:06+00:00,0,0,0.14544721
synthetic_cloudtrail.csv:6413,fe:resource-explorer-2.amazonaws.com,2024-08-19 04:06:41+00:00,0,0,0.16209316
synthetic_cloudtrail.csv:6414,fe:resource-explorer-2.amazonaws.com,2024-08-19 04:09:09+00:00,0,0,0.16831058
synthetic_cloudtrail.csv:6415,fe:resource-explorer-2.amazonaws.com,2024-08-19 04:12:13+00:00,0,0,0.17098783
synthetic_cloudtrail.csv:6416,fe:resource-explorer-2.amazonaws.com,2024-08-19 04:14:07+00:00,0,0,0.17508945
synthetic_cloudtrail.csv:6417,fe:resource-explorer-2.amazonaws.com,2024-08-19 04:14:50+00:00,0,0,0.18195738
synthetic_cloudtrail.csv:6420,fe:resource-explorer-2.amazonaws.com,2024-08-20 03:03:06+00:00,0,0,0.14549059
synthetic_cloudtrail.csv:6421,fe:resource-explorer-2.amazonaws.com,2024-08-20 03:04:47+00:00,0,0,0.16455258
synthetic_cloudtrail.csv:6422,fe:resource-explorer-2.amazonaws.com,2024-08-20 03:06:23+00:00,0,0,0.17047013
synthetic_cloudtrail.csv:6423,fe:resource-explorer-2.amazonaws.com,2024-08-20 03:09:49+00:00,0,0,0.17099307
synthetic_cloudtrail.csv:6425,fe:resource-explorer-2.amazonaws.com,2024-08-20 03:17:44+00:00,0,0,0.16483767
synthetic_cloudtrail.csv:6427,fe:resource-explorer-2.amazonaws.com,2024-08-20 03:26:20+00:00,0,0,0.16408116
synthetic_cloudtrail.csv:6429,fe:resource-explorer-2.amazonaws.com,2024-08-20 03:32:43+00:00,0,0,0.16521008
synthetic_cloudtrail.csv:6468,fe:resource-explorer-2.amazonaws.com,2024-08-21 00:02:41+00:00,0,0,0.1473512
synthetic_cloudtrail.csv:6469,fe:resource-explorer-2.amazonaws.com,2024-08-21 00:06:08+00:00,0,0,0.16468957
synthetic_cloudtrail.csv:6470,fe:resource-explorer-2.amazonaws.com,2024-08-21 00:09:00+00:00,0,0,0.17107582
synthetic_cloudtrail.csv:6473,fe:resource-explorer-2.amazonaws.com,2024-08-21 09:01:00+00:00,0,0,0.14523502
synthetic_cloudtrail.csv:6474,fe:resource-explorer-2.amazonaws.com,2024-08-21 09:03:32+00:00,0,0,0.16008593
synthetic_cloudtrail.csv:6475,fe:resource-explorer-2.amazonaws.com,2024-08-21 09:08:15+00:00,0,0,0.16358648
synthetic_cloudtrail.csv:6476,fe:resource-explorer-2.amazonaws.com,2024-08-21 09:08:55+00:00,0,0,0.17069884
synthetic_cloudtrail.csv:6477,fe:resource-explorer-2.amazonaws.com,2024-08-21 09:13:08+00:00,0,0,0.17965798
synthetic_cloudtrail.csv:6480,fe:resource-explorer-2.amazonaws.com,2024-08-21 09:16:26+00:00,0,0,0.1794826
synthetic_cloudtrail.csv:6518,fe:resource-explorer-2.amazonaws.com,2024-08-22 00:07:44+00:00,0,0,0.1484922
synthetic_cloudtrail.csv:6519,fe:resource-explorer-2.amazonaws.com,2024-08-22 00:09:05+00:00,0,0,0.16634905
synthetic_cloudtrail.csv:6520,fe:resource-explorer-2.amazonaws.com,2024-08-22 00:12:20+00:00,0,0,0.1710051
synthetic_cloudtrail.csv:6522,fe:resource-explorer-2.amazonaws.com,2024-08-22 00:16:59+00:00,0,0,0.17258863
synthetic_cloudtrail.csv:6524,fe:resource-explorer-2.amazonaws.com,2024-08-22 00:21:34+00:00,0,0,0.17312272
synthetic_cloudtrail.csv:6526,fe:resource-explorer-2.amazonaws.com,2024-08-22 15:03:53+00:00,0,0,0.14071485
synthetic_cloudtrail.csv:6527,fe:resource-explorer-2.amazonaws.com,2024-08-22 15:08:41+00:00,0,0,0.15734331
synthetic_cloudtrail.csv:6528,fe:resource-explorer-2.amazonaws.com,2024-08-22 15:10:14+00:00,0,0,0.165849
synthetic_cloudtrail.csv:6529,fe:resource-explorer-2.amazonaws.com,2024-08-22 15:14:06+00:00,0,0,0.17084906
synthetic_cloudtrail.csv:6530,fe:resource-explorer-2.amazonaws.com,2024-08-22 15:16:57+00:00,0,0,0.19470035
synthetic_cloudtrail.csv:6531,fe:resource-explorer-2.amazonaws.com,2024-08-22 15:19:00+00:00,0,0,0.21837471
synthetic_cloudtrail.csv:6542,fe:resource-explorer-2.amazonaws.com,2024-08-22 23:01:17+00:00,0,0,0.14430782
synthetic_cloudtrail.csv:6544,fe:resource-explorer-2.amazonaws.com,2024-08-22 23:07:36+00:00,0,0,0.16321608
synthetic_cloudtrail.csv:6545,fe:resource-explorer-2.amazonaws.com,2024-08-22 23:11:50+00:00,0,0,0.16799372
synthetic_cloudtrail.csv:6546,fe:resource-explorer-2.amazonaws.com,2024-08-22 23:14:38+00:00,0,0,0.17476629
synthetic_cloudtrail.csv:6623,fe:resource-explorer-2.amazonaws.com,2024-08-25 20:02:02+00:00,0,0,0.1443783
synthetic_cloudtrail.csv:6624,fe:resource-explorer-2.amazonaws.com,2024-08-25 20:03:52+00:00,0,0,0.16850379
synthetic_cloudtrail.csv:6626,fe:resource-explorer-2.amazonaws.com,2024-08-25 20:09:42+00:00,0,0,0.17385383
synthetic_cloudtrail.csv:6627,fe:resource-explorer-2.amazonaws.com,2024-08-25 20:10:52+00:00,0,0,0.18900481
synthetic_cloudtrail.csv:6628,fe:resource-explorer-2.amazonaws.com,2024-08-25 20:12:46+00:00,0,0,0.30110115
synthetic_cloudtrail.csv:6647,fe:resource-explorer-2.amazonaws.com,2024-08-26 21:09:54+00:00,0,0,0.14666474
synthetic_cloudtrail.csv:6648,fe:resource-explorer-2.amazonaws.com,2024-08-26 21:12:30+00:00,0,0,0.16473983
synthetic_cloudtrail.csv:6649,fe:resource-explorer-2.amazonaws.com,2024-08-26 21:17:01+00:00,0,0,0.1703508
synthetic_cloudtrail.csv:6689,fe:resource-explorer-2.amazonaws.com,2024-08-28 23:03:47+00:00,0,0,0.14431377
synthetic_cloudtrail.csv:6693,fe:resource-explorer-2.amazonaws.com,2024-08-28 23:16:52+00:00,0,0,0.15387666
synthetic_cloudtrail.csv:6694,fe:resource-explorer-2.amazonaws.com,2024-08-28 23:19:36+00:00,0,0,0.16845885
synthetic_cloudtrail.csv:6755,fe:resource-explorer-2.amazonaws.com,2024-09-02 22:03:10+00:00,0,0,0.1436725
synthetic_cloudtrail.csv:6759,fe:resource-explorer-2.amazonaws.com,2024-09-02 22:16:50+00:00,0,0,0.15321319
synthetic_cloudtrail.csv:6762,fe:resource-explorer-2.amazonaws.com,2024-09-02 22:25:39+00:00,0,0,0.16470882
synthetic_cloudtrail.csv:6764,fe:resource-explorer-2.amazonaws.com,2024-09-02 22:35:08+00:00,0,0,0.16551273
synthetic_cloudtrail.csv:6766,fe:resource-explorer-2.amazonaws.com,2024-09-02 22:40:10+00:00,0,0,0.16789508
synthetic_cloudtrail.csv:6767,fe:resource-explorer-2.amazonaws.com,2024-09-02 22:42:56+00:00,0,0,0.17611645
synthetic_cloudtrail.csv:6769,fe:resource-explorer-2.amazonaws.com,2024-09-04 03:04:14+00:00,0,0,0.14913602
synthetic_cloudtrail.csv:6770,fe:resource-explorer-2.amazonaws.com,2024-09-04 03:07:20+00:00,0,0,0.16314733
synthetic_cloudtrail.csv:6773,fe:resource-explorer-2.amazonaws.com,2024-09-04 03:12:19+00:00,0,0,0.16723745
synthetic_cloudtrail.csv:6774,fe:resource-explorer-2.amazonaws.com,2024-09-04 03:12:49+00:00,0,0,0.17511787
synthetic_cloudtrail.csv:6775,fe:resource-explorer-2.amazonaws.com,2024-09-04 03:15:48+00:00,0,0,0.17597057
synthetic_cloudtrail.csv:6776,fe:resource-explorer-2.amazonaws.com,2024-09-04 03:16:51+00:00,0,0,0.18419233
synthetic_cloudtrail.csv:6777,fe:resource-explorer-2.amazonaws.com,2024-09-04 03:19:16+00:00,0,0,0.18297489
synthetic_cloudtrail.csv:6900,fe:resource-explorer-2.amazonaws.com,2024-09-06 03:05:50+00:00,0,0,0.14908294
synthetic_cloudtrail.csv:6908,fe:resource-explorer-2.amazonaws.com,2024-09-06 03:29:53+00:00,0,0,0.15233117
synthetic_cloudtrail.csv:6909,fe:resource-explorer-2.amazonaws.com,2024-09-06 03:32:13+00:00,0,0,0.16629149
synthetic_cloudtrail.csv:6910,fe:resource-explorer-2.amazonaws.com,2024-09-06 03:35:29+00:00,0,0,0.17131114
synthetic_cloudtrail.csv:6996,fe:resource-explorer-2.amazonaws.com,2024-09-08 17:04:09+00:00,0,0,0.14254569
synthetic_cloudtrail.csv:6998,fe:resource-explorer-2.amazonaws.com,2024-09-08 17:10:09+00:00,0,0,0.16065897
synthetic_cloudtrail.csv:6999,fe:resource-explorer-2.amazonaws.com,2024-09-08 17:12:16+00:00,0,0,0.17040318
synthetic_cloudtrail.csv:7000,fe:resource-explorer-2.amazonaws.com,2024-09-08 17:14:31+00:00,0,0,0.18740578
synthetic_cloudtrail.csv:7001,fe:resource-explorer-2.amazonaws.com,2024-09-08 17:16:44+00:00,0,0,0.25682873
synthetic_cloudtrail.csv:7003,fe:resource-explorer-2.amazonaws.com,2024-09-08 17:22:12+00:00,0,0,0.27416652
synthetic_cloudtrail.csv:7007,fe:resource-explorer-2.amazonaws.com,2024-09-08 17:33:09+00:00,0,0,0.15371178
synthetic_cloudtrail.csv:7011,fe:resource-explorer-2.amazonaws.com,2024-09-09 00:07:39+00:00,0,0,0.14845024
synthetic_cloudtrail.csv:7012,fe:resource-explorer-2.amazonaws.com,2024-09-09 00:10:51+00:00,0,0,0.1645647
synthetic_cloudtrail.csv:7014,fe:resource-explorer-2.amazonaws.com,2024-09-09 00:15:40+00:00,0,0,0.16950865
synthetic_cloudtrail.csv:7015,fe:resource-explorer-2.amazonaws.com,2024-09-09 00:18:00+00:00,0,0,0.17550209
synthetic_cloudtrail.csv:7016,fe:resource-explorer-2.amazonaws.com,2024-09-09 00:19:14+00:00,0,0,0.18397121
synthetic_cloudtrail.csv:7042,fe:resource-explorer-2.amazonaws.com,2024-09-10 15:05:01+00:00,0,0,0.14311305
synthetic_cloudtrail.csv:7045,fe:resource-explorer-2.amazonaws.com,2024-09-10 15:13:13+00:00,0,0,0.15562454
synthetic_cloudtrail.csv:7046,fe:resource-explorer-2.amazonaws.com,2024-09-10 15:17:54+00:00,0,0,0.16103026
synthetic_cloudtrail.csv:7047,fe:resource-explorer-2.amazonaws.com,2024-09-10 15:22:18+00:00,0,0,0.1671512
synthetic_cloudtrail.csv:7049,fe:resource-explorer-2.amazonaws.com,2024-09-10 15:31:17+00:00,0,0,0.16058677
synthetic_cloudtrail.csv:7050,fe:resource-explorer-2.amazonaws.com,2024-09-10 15:32:40+00:00,0,0,0.16463186
synthetic_cloudtrail.csv:7051,fe:resource-explorer-2.amazonaws.com,2024-09-10 15:34:42+00:00,0,0,0.173112
synthetic_cloudtrail.csv:7089,fe:resource-explorer-2.amazonaws.com,2024-09-11 23:10:16+00:00,0,0,0.14801231
synthetic_cloudtrail.csv:7091,fe:resource-explorer-2.amazonaws.com,2024-09-11 23:15:03+00:00,0,0,0.163624
synthetic_cloudtrail.csv:7093,fe:resource-explorer-2.amazonaws.com,2024-09-11 23:20:36+00:00,0,0,0.16761133
synthetic_cloudtrail.csv:7094,fe:resource-explorer-2.amazonaws.com,2024-09-11 23:23:16+00:00,0,0,0.17534536
synthetic_cloudtrail.csv:7095,fe:resource-explorer-2.amazonaws.com,2024-09-11 23:24:49+00:00,0,0,0.18319452
synthetic_cloudtrail.csv:7097,fe:resource-explorer-2.amazonaws.com,2024-09-11 23:33:20+00:00,0,0,0.16719149
synthetic_cloudtrail.csv:7098,fe:resource-explorer-2.amazonaws.com,2024-09-11 23:37:45+00:00,0,0,0.16838232
synthetic_cloudtrail.csv:7099,fe:resource-explorer-2.amazonaws.com,2024-09-11 23:39:18+00:00,0,0,0.17764725
synthetic_cloudtrail.csv:7100,fe:resource-explorer-2.amazonaws.com,2024-09-12 19:03:33+00:00,0,0,0.1415863
synthetic_cloudtrail.csv:7101,fe:resource-explorer-2.amazonaws.com,2024-09-12 19:04:20+00:00,0,0,0.16427799
synthetic_cloudtrail.csv:7103,fe:resource-explorer-2.amazonaws.com,2024-09-12 19:10:35+00:00,0,0,0.16843587
synthetic_cloudtrail.csv:7104,fe:resource-explorer-2.amazonaws.com,2024-09-12 19:13:55+00:00,0,0,0.18214048
synthetic_cloudtrail.csv:7105,fe:resource-explorer-2.amazonaws.com,2024-09-12 19:18:18+00:00,0,0,0.17345779
synthetic_cloudtrail.csv:7106,fe:resource-explorer-2.amazonaws.com,2024-09-12 19:23:00+00:00,0,0,0.17457907
synthetic_cloudtrail.csv:7107,fe:resource-explorer-2.amazonaws.com,2024-09-12 19:23:41+00:00,0,0,0.20136718
synthetic_cloudtrail.csv:7109,fe:resource-explorer-2.amazonaws.com,2024-09-12 19:28:03+00:00,0,0,0.19573009
synthetic_cloudtrail.csv:7164,fe:resource-explorer-2.amazonaws.com,2024-09-14 23:01:52+00:00,0,0,0.14590272
synthetic_cloudtrail.csv:7167,fe:resource-explorer-2.amazonaws.com,2024-09-14 23:09:31+00:00,0,0,0.16542722
synthetic_cloudtrail.csv:7168,fe:resource-explorer-2.amazonaws.com,2024-09-14 23:13:46+00:00,0,0,0.17075269
synthetic_cloudtrail.csv:7169,fe:resource-explorer-2.amazonaws.com,2024-09-14 23:16:47+00:00,0,0,0.17950615
synthetic_cloudtrail.csv:7171,fe:resource-explorer-2.amazonaws.com,2024-09-14 23:22:34+00:00,0,0,0.17835863
synthetic_cloudtrail.csv:7172,fe:resource-explorer-2.amazonaws.com,2024-09-14 23:24:29+00:00,0,0,0.18515491
synthetic_cloudtrail.csv:7173,fe:resource-explorer-2.amazonaws.com,2024-09-14 23:28:37+00:00,0,0,0.18137506
synthetic_cloudtrail.csv:7174,fe:resource-explorer-2.amazonaws.com,2024-09-14 23:30:13+00:00,0,0,0.20797826
synthetic_cloudtrail.csv:7175,fe:resource-explorer-2.amazonaws.com,2024-09-15 05:03:32+00:00,0,0,0.14671832
synthetic_cloudtrail.csv:7177,fe:resource-explorer-2.amazonaws.com,2024-09-15 05:12:28+00:00,0,0,0.16246185
synthetic_cloudtrail.csv:7178,fe:resource-explorer-2.amazonaws.com,2024-09-15 05:15:22+00:00,0,0,0.16820434
synthetic_cloudtrail.csv:7179,fe:resource-explorer-2.amazonaws.com,2024-09-15 05:17:55+00:00,0,0,0.17406943
synthetic_cloudtrail.csv:7181,fe:resource-explorer-2.amazonaws.com,2024-09-15 05:24:18+00:00,0,0,0.17213644
synthetic_cloudtrail.csv:7369,fe:resource-explorer-2.amazonaws.com,2024-09-19 16:04:41+00:00,0,0,0.14041157
synthetic_cloudtrail.csv:7370,fe:resource-explorer-2.amazonaws.com,2024-09-19 16:06:25+00:00,0,0,0.15929994
synthetic_cloudtrail.csv:7372,fe:resource-explorer-2.amazonaws.com,2024-09-19 16:12:51+00:00,0,0,0.16326068
synthetic_cloudtrail.csv:7373,fe:resource-explorer-2.amazonaws.com,2024-09-19 16:13:54+00:00,0,0,0.17224903
synthetic_cloudtrail.csv:7374,fe:resource-explorer-2.amazonaws.com,2024-09-19 16:17:37+00:00,0,0,0.17108794
synthetic_cloudtrail.csv:7375,fe:resource-explorer-2.amazonaws.com,2024-09-19 16:21:49+00:00,0,0,0.18841106
synthetic_cloudtrail.csv:7376,fe:resource-explorer-2.amazonaws.com,2024-09-19 16:26:20+00:00,0,0,0.17011829
synthetic_cloudtrail.csv:7380,fe:resource-explorer-2.amazonaws.com,2024-09-19 16:39:49+00:00,0,0,0.15009199
synthetic_cloudtrail.csv:7381,fe:resource-explorer-2.amazonaws.com,2024-09-20 08:01:00+00:00,0,0,0.14427818
synthetic_cloudtrail.csv:7382,fe:resource-explorer-2.amazonaws.com,2024-09-20 08:03:05+00:00,0,0,0.16157454
synthetic_cloudtrail.csv:7383,fe:resource-explorer-2.amazonaws.com,2024-09-20 08:05:12+00:00,0,0,0.1670916
synthetic_cloudtrail.csv:7384,fe:resource-explorer-2.amazonaws.com,2024-09-20 08:07:15+00:00,0,0,0.1697732
synthetic_cloudtrail.csv:7385,fe:resource-explorer-2.amazonaws.com,2024-09-20 08:08:42+00:00,0,0,0.17305288
synthetic_cloudtrail.csv:7459,fe:resource-explorer-2.amazonaws.com,2024-09-27 08:03:43+00:00,0,0,0.14429054
synthetic_cloudtrail.csv:7460,fe:resource-explorer-2.amazonaws.com,2024-09-27 08:08:27+00:00,0,0,0.16013527
synthetic_cloudtrail.csv:7461,fe:resource-explorer-2.amazonaws.com,2024-09-27 08:10:47+00:00,0,0,0.16652878
synthetic_cloudtrail.csv:7462,fe:resource-explorer-2.amazonaws.com,2024-09-27 08:11:54+00:00,0,0,0.17099473
synthetic_cloudtrail.csv:7463,fe:resource-explorer-2.amazonaws.com,2024-09-27 08:12:52+00:00,0,0,0.17392486
synthetic_cloudtrail.csv:7464,fe:resource-explorer-2.amazonaws.com,2024-09-27 08:16:39+00:00,0,0,0.18503852
synthetic_cloudtrail.csv:7465,fe:resource-explorer-2.amazonaws.com,2024-09-27 08:19:14+00:00,0,0,0.19435635
synthetic_cloudtrail.csv:7466,fe:resource-explorer-2.amazonaws.com,2024-09-27 08:20:41+00:00,0,0,0.21027003
synthetic_cloudtrail.csv:7468,fe:resource-explorer-2.amazonaws.com,2024-09-27 08:28:46+00:00,0,0,0.16676074
synthetic_cloudtrail.csv:7469,fe:resource-explorer-2.amazonaws.com,2024-09-27 08:30:47+00:00,0,0,0.16544433
synthetic_cloudtrail.csv:7470,fe:resource-explorer-2.amazonaws.com,2024-09-27 08:32:17+00:00,0,0,0.17178039
synthetic_cloudtrail.csv:7471,fe:resource-explorer-2.amazonaws.com,2024-09-27 08:35:30+00:00,0,0,0.1746693
synthetic_cloudtrail.csv:7488,fe:resource-explorer-2.amazonaws.com,2024-09-28 00:03:47+00:00,0,0,0.14627887
synthetic_cloudtrail.csv:7492,fe:resource-explorer-2.amazonaws.com,2024-09-28 00:16:30+00:00,0,0,0.15631115
synthetic_cloudtrail.csv:7494,fe:resource-explorer-2.amazonaws.com,2024-09-28 00:21:22+00:00,0,0,0.16955006
synthetic_cloudtrail.csv:7495,fe:resource-explorer-2.amazonaws.com,2024-09-28 00:24:16+00:00,0,0,0.17767717
synthetic_cloudtrail.csv:7497,fe:resource-explorer-2.amazonaws.com,2024-09-28 00:33:42+00:00,0,0,0.16908954
synthetic_cloudtrail.csv:7510,fe:resource-explorer-2.amazonaws.com,2024-09-28 10:04:56+00:00,0,0,0.14893751
synthetic_cloudtrail.csv:7511,fe:resource-explorer-2.amazonaws.com,2024-09-28 10:08:51+00:00,0,0,0.16182327
synthetic_cloudtrail.csv:7513,fe:resource-explorer-2.amazonaws.com,2024-09-28 10:15:56+00:00,0,0,0.16398238
synthetic_cloudtrail.csv:7514,fe:resource-explorer-2.amazonaws.com,2024-09-28 10:17:47+00:00,0,0,0.17703532
synthetic_cloudtrail.csv:7515,fe:resource-explorer-2.amazonaws.com,2024-09-28 10:21:10+00:00,0,0,0.17626427
synthetic_cloudtrail.csv:7516,fe:resource-explorer-2.amazonaws.com,2024-09-28 10:26:06+00:00,0,0,0.18100457
synthetic_cloudtrail.csv:7518,fe:resource-explorer-2.amazonaws.com,2024-09-28 10:32:53+00:00,0,0,0.1647351
synthetic_cloudtrail.csv:7519,fe:resource-explorer-2.amazonaws.com,2024-09-28 10:34:55+00:00,0,0,0.17660956
synthetic_cloudtrail.csv:7520,fe:resource-explorer-2.amazonaws.com,2024-09-28 10:37:28+00:00,0,0,0.18015209
synthetic_cloudtrail.csv:7521,fe:resource-explorer-2.amazonaws.com,2024-09-28 10:41:46+00:00,0,0,0.21259665
synthetic_cloudtrail.csv:7522,fe:resource-explorer-2.amazonaws.com,2024-09-28 10:46:17+00:00,0,0,0.17976877
synthetic_cloudtrail.csv:7599,fe:resource-explorer-2.amazonaws.com,2024-10-04 09:00:35+00:00,0,0,0.14517015
synthetic_cloudtrail.csv:7613,fe:resource-explorer-2.amazonaws.com,2024-10-04 09:14:16+00:00,0,0,0.15311138
synthetic_cloudtrail.csv:7614,fe:resource-explorer-2.amazonaws.com,2024-10-04 09:18:02+00:00,0,0,0.16172418
synthetic_cloudtrail.csv:7616,fe:resource-explorer-2.amazonaws.com,2024-10-04 09:20:12+00:00,0,0,0.16757269
synthetic_cloudtrail.csv:7683,fe:resource-explorer-2.amazonaws.com,2024-10-07 00:04:55+00:00,0,0,0.14478171
synthetic_cloudtrail.csv:7684,fe:resource-explorer-2.amazonaws.com,2024-10-07 00:08:20+00:00,0,0,0.16475028
synthetic_cloudtrail.csv:7685,fe:resource-explorer-2.amazonaws.com,2024-10-07 00:09:23+00:00,0,0,0.17310691
synthetic_cloudtrail.csv:7686,fe:resource-explorer-2.amazonaws.com,2024-10-07 00:10:27+00:00,0,0,0.17664045
synthetic_cloudtrail.csv:7687,fe:resource-explorer-2.amazonaws.com,2024-10-07 00:11:50+00:00,0,0,0.17878683
synthetic_cloudtrail.csv:7688,fe:resource-explorer-2.amazonaws.com,2024-10-07 00:15:22+00:00,0,0,0.19275531
synthetic_cloudtrail.csv:7689,fe:resource-explorer-2.amazonaws.com,2024-10-07 00:16:33+00:00,0,0,0.20642743
synthetic_cloudtrail.csv:7728,fe:resource-explorer-2.amazonaws.com,2024-10-08 11:01:50+00:00,0,0,0.14354344
synthetic_cloudtrail.csv:7729,fe:resource-explorer-2.amazonaws.com,2024-10-08 11:05:21+00:00,0,0,0.15864544
synthetic_cloudtrail.csv:7730,fe:resource-explorer-2.amazonaws.com,2024-10-08 11:08:36+00:00,0,0,0.16385213
synthetic_cloudtrail.csv:7731,fe:resource-explorer-2.amazonaws.com,2024-10-08 11:10:33+00:00,0,0,0.16848706
synthetic_cloudtrail.csv:7732,fe:resource-explorer-2.amazonaws.com,2024-10-08 11:13:28+00:00,0,0,0.18789802
synthetic_cloudtrail.csv:7735,fe:resource-explorer-2.amazonaws.com,2024-10-08 11:20:10+00:00,0,0,0.16738644
synthetic_cloudtrail.csv:7737,fe:resource-explorer-2.amazonaws.com,2024-10-08 11:25:30+00:00,0,0,0.16144666
synthetic_cloudtrail.csv:7738,fe:resource-explorer-2.amazonaws.com,2024-10-08 11:26:19+00:00,0,0,0.17158368
synthetic_cloudtrail.csv:7755,fe:resource-explorer-2.amazonaws.com,2024-10-09 00:05:06+00:00,0,0,0.14832097
synthetic_cloudtrail.csv:7756,fe:resource-explorer-2.amazonaws.com,2024-10-09 00:08:31+00:00,0,0,0.16438583
synthetic_cloudtrail.csv:7757,fe:resource-explorer-2.amazonaws.com,2024-10-09 00:10:18+00:00,0,0,0.172135
synthetic_cloudtrail.csv:7759,fe:resource-explorer-2.amazonaws.com,2024-10-09 00:17:32+00:00,0,0,0.17166306
synthetic_cloudtrail.csv:7762,fe:resource-explorer-2.amazonaws.com,2024-10-09 00:25:25+00:00,0,0,0.16590898
synthetic_cloudtrail.csv:7888,fe:resource-explorer-2.amazonaws.com,2024-10-11 22:01:37+00:00,0,0,0.14362617
synthetic_cloudtrail.csv:7891,fe:resource-explorer-2.amazonaws.com,2024-10-11 22:13:40+00:00,0,0,0.15364647
synthetic_cloudtrail.csv:7893,fe:resource-explorer-2.amazonaws.com,2024-10-11 22:16:11+00:00,0,0,0.16862442
synthetic_cloudtrail.csv:7963,fe:resource-explorer-2.amazonaws.com,2024-10-15 00:11:12+00:00,0,0,0.14849226
synthetic_cloudtrail.csv:7965,fe:resource-explorer-2.amazonaws.com,2024-10-15 00:18:11+00:00,0,0,0.1623371
synthetic_cloudtrail.csv:7966,fe:resource-explorer-2.amazonaws.com,2024-10-15 00:22:33+00:00,0,0,0.1678054
synthetic_cloudtrail.csv:7969,fe:resource-explorer-2.amazonaws.com,2024-10-15 00:31:04+00:00,0,0,0.16632289
synthetic_cloudtrail.csv:8050,fe:resource-explorer-2.amazonaws.com,2024-10-17 14:01:23+00:00,0,0,0.14117056
synthetic_cloudtrail.csv:8051,fe:resource-explorer-2.amazonaws.com,2024-10-17 14:04:59+00:00,0,0,0.15787257
synthetic_cloudtrail.csv:8053,fe:resource-explorer-2.amazonaws.com,2024-10-17 14:08:29+00:00,0,0,0.16379191
synthetic_cloudtrail.csv:8056,fe:resource-explorer-2.amazonaws.com,2024-10-17 14:15:59+00:00,0,0,0.16050534
synthetic_cloudtrail.csv:8058,fe:resource-explorer-2.amazonaws.com,2024-10-17 14:22:19+00:00,0,0,0.1604818
synthetic_cloudtrail.csv:8129,fe:resource-explorer-2.amazonaws.com,2024-10-19 14:07:39+00:00,0,0,0.14709483
synthetic_cloudtrail.csv:8130,fe:resource-explorer-2.amazonaws.com,2024-10-19 14:11:14+00:00,0,0,0.1610494
synthetic_cloudtrail.csv:8132,fe:resource-explorer-2.amazonaws.com,2024-10-19 14:13:30+00:00,0,0,0.16949621
synthetic_cloudtrail.csv:8133,fe:resource-explorer-2.amazonaws.com,2024-10-19 14:18:13+00:00,0,0,0.18656339
synthetic_cloudtrail.csv:8134,fe:resource-explorer-2.amazonaws.com,2024-10-19 14:19:32+00:00,0,0,0.29185763
synthetic_cloudtrail.csv:8135,fe:resource-explorer-2.amazonaws.com,2024-10-19 14:23:05+00:00,0,0,0.29726288
synthetic_cloudtrail.csv:8164,fe:resource-explorer-2.amazonaws.com,2024-10-19 19:04:37+00:00,0,0,0.14384249
synthetic_cloudtrail.csv:8165,fe:resource-explorer-2.amazonaws.com,2024-10-19 19:06:23+00:00,0,0,0.1680637
synthetic_cloudtrail.csv:8166,fe:resource-explorer-2.amazonaws.com,2024-10-19 19:07:04+00:00,0,0,0.17957982
synthetic_cloudtrail.csv:8168,fe:resource-explorer-2.amazonaws.com,2024-10-19 19:10:26+00:00,0,0,0.19145842
synthetic_cloudtrail.csv:8169,fe:resource-explorer-2.amazonaws.com,2024-10-19 19:12:35+00:00,0,0,0.23022972
synthetic_cloudtrail.csv:8170,fe:resource-explorer-2.amazonaws.com,2024-10-19 19:13:39+00:00,0,0,0.2969467
synthetic_cloudtrail.csv:8172,fe:resource-explorer-2.amazonaws.com,2024-10-20 04:04:07+00:00,0,0,0.15014564
synthetic_cloudtrail.csv:8173,fe:resource-explorer-2.amazonaws.com,2024-10-20 04:05:05+00:00,0,0,0.16711481
synthetic_cloudtrail.csv:8174,fe:resource-explorer-2.amazonaws.com,2024-10-20 04:09:51+00:00,0,0,0.17051962
synthetic_cloudtrail.csv:8175,fe:resource-explorer-2.amazonaws.com,2024-10-20 04:11:33+00:00,0,0,0.17693436
synthetic_cloudtrail.csv:8176,fe:resource-explorer-2.amazonaws.com,2024-10-20 04:12:40+00:00,0,0,0.18340285
synthetic_cloudtrail.csv:8177,fe:resource-explorer-2.amazonaws.com,2024-10-20 04:15:54+00:00,0,0,0.18480031
synthetic_cloudtrail.csv:8271,fe:resource-explorer-2.amazonaws.com,2024-10-24 07:02:32+00:00,0,0,0.14464869
synthetic_cloudtrail.csv:8272,fe:resource-explorer-2.amazonaws.com,2024-10-24 07:04:13+00:00,0,0,0.16214748
synthetic_cloudtrail.csv:8273,fe:resource-explorer-2.amazonaws.com,2024-10-24 07:05:31+00:00,0,0,0.1683738
synthetic_cloudtrail.csv:8274,fe:resource-explorer-2.amazonaws.com,2024-10-24 07:09:07+00:00,0,0,0.1684308
synthetic_cloudtrail.csv:8275,fe:resource-explorer-2.amazonaws.com,2024-10-24 07:13:22+00:00,0,0,0.17275192
synthetic_cloudtrail.csv:8276,fe:resource-explorer-2.amazonaws.com,2024-10-24 07:17:39+00:00,0,0,0.16804117
synthetic_cloudtrail.csv:8277,fe:resource-explorer-2.amazonaws.com,2024-10-24 07:22:35+00:00,0,0,0.1677349
synthetic_cloudtrail.csv:8281,fe:resource-explorer-2.amazonaws.com,2024-10-24 07:35:01+00:00,0,0,0.15303123
synthetic_cloudtrail.csv:8282,fe:resource-explorer-2.amazonaws.com,2024-10-24 07:36:26+00:00,0,0,0.16609743
synthetic_cloudtrail.csv:8290,fe:resource-explorer-2.amazonaws.com,2024-10-25 02:06:03+00:00,0,0,0.14898105
synthetic_cloudtrail.csv:8291,fe:resource-explorer-2.amazonaws.com,2024-10-25 02:06:58+00:00,0,0,0.16591358
synthetic_cloudtrail.csv:8292,fe:resource-explorer-2.amazonaws.com,2024-10-25 02:08:57+00:00,0,0,0.17097268
synthetic_cloudtrail.csv:8294,fe:resource-explorer-2.amazonaws.com,2024-10-25 02:14:52+00:00,0,0,0.17031357
synthetic_cloudtrail.csv:8297,fe:resource-explorer-2.amazonaws.com,2024-10-25 02:24:23+00:00,0,0,0.16448162
synthetic_cloudtrail.csv:8298,fe:resource-explorer-2.amazonaws.com,2024-10-25 02:26:55+00:00,0,0,0.1680961
synthetic_cloudtrail.csv:8299,fe:resource-explorer-2.amazonaws.com,2024-10-25 02:30:28+00:00,0,0,0.17255934
synthetic_cloudtrail.csv:8300,fe:resource-explorer-2.amazonaws.com,2024-10-25 02:34:16+00:00,0,0,0.17475502
synthetic_cloudtrail.csv:8301,fe:resource-explorer-2.amazonaws.com,2024-10-25 02:36:38+00:00,0,0,0.17848238
synthetic_cloudtrail.csv:8359,fe:resource-explorer-2.amazonaws.com,2024-10-27 14:03:24+00:00,0,0,0.14343327
synthetic_cloudtrail.csv:8362,fe:resource-explorer-2.amazonaws.com,2024-10-27 14:06:38+00:00,0,0,0.16161282
synthetic_cloudtrail.csv:8367,fe:resource-explorer-2.amazonaws.com,2024-10-27 14:11:25+00:00,0,0,0.16744958
synthetic_cloudtrail.csv:8372,fe:resource-explorer-2.amazonaws.com,2024-10-27 14:15:57+00:00,0,0,0.18059006
synthetic_cloudtrail.csv:8375,fe:resource-explorer-2.amazonaws.com,2024-10-27 14:18:24+00:00,0,0,0.18321168
synthetic_cloudtrail.csv:8379,fe:resource-explorer-2.amazonaws.com,2024-10-27 14:25:17+00:00,0,0,0.17765178
synthetic_cloudtrail.csv:8380,fe:resource-explorer-2.amazonaws.com,2024-10-27 14:27:54+00:00,0,0,0.18854067
synthetic_cloudtrail.csv:8382,fe:resource-explorer-2.amazonaws.com,2024-10-28 04:03:11+00:00,0,0,0.14888737
synthetic_cloudtrail.csv:8383,fe:resource-explorer-2.amazonaws.com,2024-10-28 04:06:40+00:00,0,0,0.1621399
synthetic_cloudtrail.csv:8384,fe:resource-explorer-2.amazonaws.com,2024-10-28 04:10:20+00:00,0,0,0.16728023
synthetic_cloudtrail.csv:8385,fe:resource-explorer-2.amazonaws.com,2024-10-28 04:14:01+00:00,0,0,0.17047472
synthetic_cloudtrail.csv:8386,fe:resource-explorer-2.amazonaws.com,2024-10-28 04:18:43+00:00,0,0,0.16988313
synthetic_cloudtrail.csv:8387,fe:resource-explorer-2.amazonaws.com,2024-10-28 04:22:23+00:00,0,0,0.17073487
synthetic_cloudtrail.csv:8389,fe:resource-explorer-2.amazonaws.com,2024-10-28 04:29:17+00:00,0,0,0.16506898
synthetic_cloudtrail.csv:8390,fe:resource-explorer-2.amazonaws.com,2024-10-28 04:31:01+00:00,0,0,0.17311393
synthetic_cloudtrail.csv:8391,fe:resource-explorer-2.amazonaws.com,2024-10-28 04:33:40+00:00,0,0,0.17259835
synthetic_cloudtrail.csv:8393,fe:resource-explorer-2.amazonaws.com,2024-10-28 04:36:07+00:00,0,0,0.17586254
synthetic_cloudtrail.csv:8433,fe:resource-explorer-2.amazonaws.com,2024-11-02 02:04:38+00:00,0,0,0.14667587
synthetic_cloudtrail.csv:8434,fe:resource-explorer-2.amazonaws.com,2024-11-02 02:08:58+00:00,0,0,0.16591458
synthetic_cloudtrail.csv:8435,fe:resource-explorer-2.amazonaws.com,2024-11-02 02:11:50+00:00,0,0,0.17293043
synthetic_cloudtrail.csv:8437,fe:resource-explorer-2.amazonaws.com,2024-11-02 02:19:07+00:00,0,0,0.16826269
synthetic_cloudtrail.csv:8439,fe:resource-explorer-2.amazonaws.com,2024-11-02 02:25:26+00:00,0,0,0.16835809
synthetic_cloudtrail.csv:8440,fe:resource-explorer-2.amazonaws.com,2024-11-02 02:27:16+00:00,0,0,0.17767473
synthetic_cloudtrail.csv:8442,fe:resource-explorer-2.amazonaws.com,2024-11-02 02:36:06+00:00,0,0,0.16844438
synthetic_cloudtrail.csv:8476,fe:resource-explorer-2.amazonaws.com,2024-11-04 08:02:57+00:00,0,0,0.14423391
synthetic_cloudtrail.csv:8480,fe:resource-explorer-2.amazonaws.com,2024-11-04 08:16:05+00:00,0,0,0.15234894
synthetic_cloudtrail.csv:8482,fe:resource-explorer-2.amazonaws.com,2024-11-04 08:21:24+00:00,0,0,0.1620674
synthetic_cloudtrail.csv:8484,fe:resource-explorer-2.amazonaws.com,2024-11-04 08:27:46+00:00,0,0,0.16288695
synthetic_cloudtrail.csv:8552,fe:resource-explorer-2.amazonaws.com,2024-11-07 12:00:48+00:00,0,0,0.1426534
synthetic_cloudtrail.csv:8553,fe:resource-explorer-2.amazonaws.com,2024-11-07 12:01:55+00:00,0,0,0.15966415
synthetic_cloudtrail.csv:8746,fe:resource-explorer-2.amazonaws.com,2024-11-14 13:03:39+00:00,0,0,0.14186507
synthetic_cloudtrail.csv:8747,fe:resource-explorer-2.amazonaws.com,2024-11-14 13:05:56+00:00,0,0,0.15875305
synthetic_cloudtrail.csv:8749,fe:resource-explorer-2.amazonaws.com,2024-11-14 13:09:24+00:00,0,0,0.16384119
synthetic_cloudtrail.csv:8750,fe:resource-explorer-2.amazonaws.com,2024-11-14 13:11:41+00:00,0,0,0.16910072
synthetic_cloudtrail.csv:8752,fe:resource-explorer-2.amazonaws.com,2024-11-14 13:18:45+00:00,0,0,0.1669672
synthetic_cloudtrail.csv:8753,fe:resource-explorer-2.amazonaws.com,2024-11-14 13:19:48+00:00,0,0,0.17499128
synthetic_cloudtrail.csv:8754,fe:resource-explorer-2.amazonaws.com,2024-11-14 13:24:38+00:00,0,0,0.16856341
synthetic_cloudtrail.csv:8802,fe:resource-explorer-2.amazonaws.com,2024-11-15 17:01:58+00:00,0,0,0.14040034
synthetic_cloudtrail.csv:8803,fe:resource-explorer-2.amazonaws.com,2024-11-15 17:05:44+00:00,0,0,0.15843973
synthetic_cloudtrail.csv:8804,fe:resource-explorer-2.amazonaws.com,2024-11-15 17:07:59+00:00,0,0,0.16611704
synthetic_cloudtrail.csv:8805,fe:resource-explorer-2.amazonaws.com,2024-11-15 17:10:05+00:00,0,0,0.17106414
synthetic_cloudtrail.csv:8808,fe:resource-explorer-2.amazonaws.com,2024-11-15 17:16:51+00:00,0,0,0.17099813
synthetic_cloudtrail.csv:8810,fe:resource-explorer-2.amazonaws.com,2024-11-15 17:21:50+00:00,0,0,0.16230015
synthetic_cloudtrail.csv:8830,fe:resource-explorer-2.amazonaws.com,2024-11-16 09:03:31+00:00,0,0,0.14697786
synthetic_cloudtrail.csv:8832,fe:resource-explorer-2.amazonaws.com,2024-11-16 09:06:00+00:00,0,0,0.16290501
synthetic_cloudtrail.csv:8835,fe:resource-explorer-2.amazonaws.com,2024-11-16 09:15:51+00:00,0,0,0.16348596
synthetic_cloudtrail.csv:8836,fe:resource-explorer-2.amazonaws.com,2024-11-16 09:16:30+00:00,0,0,0.16857633
synthetic_cloudtrail.csv:8837,fe:resource-explorer-2.amazonaws.com,2024-11-16 09:20:53+00:00,0,0,0.17308599
synthetic_cloudtrail.csv:8838,fe:resource-explorer-2.amazonaws.com,2024-11-16 09:24:41+00:00,0,0,0.19587968
synthetic_cloudtrail.csv:8839,fe:resource-explorer-2.amazonaws.com,2024-11-16 09:25:53+00:00,0,0,0.2762056
synthetic_cloudtrail.csv:8842,fe:resource-explorer-2.amazonaws.com,2024-11-16 09:34:16+00:00,0,0,0.17283693
synthetic_cloudtrail.csv:8843,fe:resource-explorer-2.amazonaws.com,2024-11-16 09:35:42+00:00,0,0,0.18661094
synthetic_cloudtrail.csv:8932,fe:resource-explorer-2.amazonaws.com,2024-11-20 12:00:47+00:00,0,0,0.14267986
synthetic_cloudtrail.csv:8933,fe:resource-explorer-2.amazonaws.com,2024-11-20 12:01:42+00:00,0,0,0.15976103
synthetic_cloudtrail.csv:8934,fe:resource-explorer-2.amazonaws.com,2024-11-20 12:03:15+00:00,0,0,0.16595761
synthetic_cloudtrail.csv:8935,fe:resource-explorer-2.amazonaws.com,2024-11-20 12:05:37+00:00,0,0,0.17052206
synthetic_cloudtrail.csv:8936,fe:resource-explorer-2.amazonaws.com,2024-11-20 12:08:45+00:00,0,0,0.17929204
synthetic_cloudtrail.csv:8942,fe:resource-explorer-2.amazonaws.com,2024-11-20 12:24:48+00:00,0,0,0.15072507
synthetic_cloudtrail.csv:8991,fe:resource-explorer-2.amazonaws.com,2024-11-22 02:02:10+00:00,0,0,0.14535448
synthetic_cloudtrail.csv:8992,fe:resource-explorer-2.amazonaws.com,2024-11-22 02:06:42+00:00,0,0,0.16334707
synthetic_cloudtrail.csv:8993,fe:resource-explorer-2.amazonaws.com,2024-11-22 02:11:40+00:00,0,0,0.16800977
synthetic_cloudtrail.csv:8994,fe:resource-explorer-2.amazonaws.com,2024-11-22 02:15:17+00:00,0,0,0.17196965
synthetic_cloudtrail.csv:8995,fe:resource-explorer-2.amazonaws.com,2024-11-22 02:16:00+00:00,0,0,0.17965437
synthetic_cloudtrail.csv:8996,fe:resource-explorer-2.amazonaws.com,2024-11-22 02:19:01+00:00,0,0,0.17680569
synthetic_cloudtrail.csv:9053,fe:resource-explorer-2.amazonaws.com,2024-11-23 12:06:54+00:00,0,0,0.14845102
synthetic_cloudtrail.csv:9055,fe:resource-explorer-2.amazonaws.com,2024-11-23 12:09:26+00:00,0,0,0.16197617
synthetic_cloudtrail.csv:9056,fe:resource-explorer-2.amazonaws.com,2024-11-23 12:13:27+00:00,0,0,0.16770124
synthetic_cloudtrail.csv:9101,fe:resource-explorer-2.amazonaws.com,2024-11-25 02:02:35+00:00,0,0,0.14536153
synthetic_cloudtrail.csv:9102,fe:resource-explorer-2.amazonaws.com,2024-11-25 02:03:11+00:00,0,0,0.16519764
synthetic_cloudtrail.csv:9103,fe:resource-explorer-2.amazonaws.com,2024-11-25 02:05:27+00:00,0,0,0.17068954
synthetic_cloudtrail.csv:9105,fe:resource-explorer-2.amazonaws.com,2024-11-25 02:11:08+00:00,0,0,0.17048508
synthetic_cloudtrail.csv:9107,fe:resource-explorer-2.amazonaws.com,2024-11-25 02:13:45+00:00,0,0,0.17316996
synthetic_cloudtrail.csv:9110,fe:resource-explorer-2.amazonaws.com,2024-11-25 02:20:31+00:00,0,0,0.1701609
synthetic_cloudtrail.csv:9177,fe:resource-explorer-2.amazonaws.com,2024-11-26 20:12:49+00:00,0,0,0.14588144
synthetic_cloudtrail.csv:9178,fe:resource-explorer-2.amazonaws.com,2024-11-26 20:15:51+00:00,0,0,0.16377904
synthetic_cloudtrail.csv:9179,fe:resource-explorer-2.amazonaws.com,2024-11-26 20:19:51+00:00,0,0,0.17040916
synthetic_cloudtrail.csv:9180,fe:resource-explorer-2.amazonaws.com,2024-11-26 20:24:25+00:00,0,0,0.17539099
synthetic_cloudtrail.csv:9181,fe:resource-explorer-2.amazonaws.com,2024-11-26 20:29:11+00:00,0,0,0.17458794
synthetic_cloudtrail.csv:9260,fe:resource-explorer-2.amazonaws.com,2024-11-28 21:01:32+00:00,0,0,0.14293031
synthetic_cloudtrail.csv:9263,fe:resource-explorer-2.amazonaws.com,2024-11-28 21:08:43+00:00,0,0,0.1621567
synthetic_cloudtrail.csv:9265,fe:resource-explorer-2.amazonaws.com,2024-11-28 21:13:43+00:00,0,0,0.16699795
synthetic_cloudtrail.csv:9266,fe:resource-explorer-2.amazonaws.com,2024-11-28 21:15:09+00:00,0,0,0.1770238
synthetic_cloudtrail.csv:9268,fe:resource-explorer-2.amazonaws.com,2024-11-28 21:20:48+00:00,0,0,0.17419775
synthetic_cloudtrail.csv:9269,fe:resource-explorer-2.amazonaws.com,2024-11-28 21:21:52+00:00,0,0,0.19501024
synthetic_cloudtrail.csv:9409,fe:resource-explorer-2.amazonaws.com,2024-12-05 10:06:38+00:00,0,0,0.14777422
synthetic_cloudtrail.csv:9410,fe:resource-explorer-2.amazonaws.com,2024-12-05 10:07:56+00:00,0,0,0.15995549
synthetic_cloudtrail.csv:9411,fe:resource-explorer-2.amazonaws.com,2024-12-05 10:09:58+00:00,0,0,0.16539209
synthetic_cloudtrail.csv:9412,fe:resource-explorer-2.amazonaws.com,2024-12-05 10:13:48+00:00,0,0,0.16756475
synthetic_cloudtrail.csv:9413,fe:resource-explorer-2.amazonaws.com,2024-12-05 10:18:45+00:00,0,0,0.16769217
synthetic_cloudtrail.csv:9415,fe:resource-explorer-2.amazonaws.com,2024-12-05 10:21:50+00:00,0,0,0.16818656
synthetic_cloudtrail.csv:9416,fe:resource-explorer-2.amazonaws.com,2024-12-05 10:23:01+00:00,0,0,0.18358591
synthetic_cloudtrail.csv:9418,fe:resource-explorer-2.amazonaws.com,2024-12-05 10:28:28+00:00,0,0,0.17775233
synthetic_cloudtrail.csv:9419,fe:resource-explorer-2.amazonaws.com,2024-12-05 10:30:44+00:00,0,0,0.19199328
synthetic_cloudtrail.csv:9475,fe:resource-explorer-2.amazonaws.com,2024-12-08 06:01:53+00:00,0,0,0.14659582
synthetic_cloudtrail.csv:9476,fe:resource-explorer-2.amazonaws.com,2024-12-08 06:04:34+00:00,0,0,0.16483271
synthetic_cloudtrail.csv:9477,fe:resource-explorer-2.amazonaws.com,2024-12-08 06:09:10+00:00,0,0,0.16931431
synthetic_cloudtrail.csv:9479,fe:resource-explorer-2.amazonaws.com,2024-12-08 06:13:04+00:00,0,0,0.17290157
synthetic_cloudtrail.csv:9480,fe:resource-explorer-2.amazonaws.com,2024-12-08 06:13:40+00:00,0,0,0.19136634
synthetic_cloudtrail.csv:9481,fe:resource-explorer-2.amazonaws.com,2024-12-08 06:17:53+00:00,0,0,0.18233557
synthetic_cloudtrail.csv:9482,fe:resource-explorer-2.amazonaws.com,2024-12-08 06:20:27+00:00,0,0,0.19057882
synthetic_cloudtrail.csv:9527,fe:resource-explorer-2.amazonaws.com,2024-12-09 14:09:40+00:00,0,0,0.1446707
synthetic_cloudtrail.csv:9528,fe:resource-explorer-2.amazonaws.com,2024-12-09 14:10:57+00:00,0,0,0.15908678
synthetic_cloudtrail.csv:9529,fe:resource-explorer-2.amazonaws.com,2024-12-09 14:14:29+00:00,0,0,0.16424595
synthetic_cloudtrail.csv:9531,fe:resource-explorer-2.amazonaws.com,2024-12-09 14:20:47+00:00,0,0,0.17123544
synthetic_cloudtrail.csv:9532,fe:resource-explorer-2.amazonaws.com,2024-12-09 14:22:38+00:00,0,0,0.1717504
synthetic_cloudtrail.csv:9533,fe:resource-explorer-2.amazonaws.com,2024-12-09 14:24:08+00:00,0,0,0.1963016
synthetic_cloudtrail.csv:9534,fe:resource-explorer-2.amazonaws.com,2024-12-09 14:28:41+00:00,0,0,0.19240084
synthetic_cloudtrail.csv:9537,fe:resource-explorer-2.amazonaws.com,2024-12-09 17:02:38+00:00,0,0,0.14040962
synthetic_cloudtrail.csv:9539,fe:resource-explorer-2.amazonaws.com,2024-12-09 17:03:48+00:00,0,0,0.16004308
synthetic_cloudtrail.csv:9548,fe:resource-explorer-2.amazonaws.com,2024-12-09 17:12:22+00:00,0,0,0.16312468
synthetic_cloudtrail.csv:9552,fe:resource-explorer-2.amazonaws.com,2024-12-09 17:15:24+00:00,0,0,0.1629992
synthetic_cloudtrail.csv:9555,fe:resource-explorer-2.amazonaws.com,2024-12-09 17:19:12+00:00,0,0,0.16928175
synthetic_cloudtrail.csv:9556,fe:resource-explorer-2.amazonaws.com,2024-12-09 17:21:55+00:00,0,0,0.18151188
synthetic_cloudtrail.csv:9557,fe:resource-explorer-2.amazonaws.com,2024-12-09 17:24:15+00:00,0,0,0.19934304
synthetic_cloudtrail.csv:9560,fe:resource-explorer-2.amazonaws.com,2024-12-09 17:30:52+00:00,0,0,0.17172292
synthetic_cloudtrail.csv:9561,fe:resource-explorer-2.amazonaws.com,2024-12-09 17:32:32+00:00,0,0,0.17694291
synthetic_cloudtrail.csv:9562,fe:resource-explorer-2.amazonaws.com,2024-12-09 17:36:34+00:00,0,0,0.17248979
synthetic_cloudtrail.csv:9564,fe:resource-explorer-2.amazonaws.com,2024-12-10 10:01:55+00:00,0,0,0.14438345
synthetic_cloudtrail.csv:9565,fe:resource-explorer-2.amazonaws.com,2024-12-10 10:04:22+00:00,0,0,0.15960808
synthetic_cloudtrail.csv:9569,fe:resource-explorer-2.amazonaws.com,2024-12-10 10:20:54+00:00,0,0,0.15189415
synthetic_cloudtrail.csv:9570,fe:resource-explorer-2.amazonaws.com,2024-12-10 10:22:50+00:00,0,0,0.16251436
synthetic_cloudtrail.csv:9571,fe:resource-explorer-2.amazonaws.com,2024-12-10 10:26:55+00:00,0,0,0.16625549
synthetic_cloudtrail.csv:9572,fe:resource-explorer-2.amazonaws.com,2024-12-10 10:29:26+00:00,0,0,0.1732092
synthetic_cloudtrail.csv:9623,fe:resource-explorer-2.amazonaws.com,2024-12-12 01:01:27+00:00,0,0,0.14514016
synthetic_cloudtrail.csv:9624,fe:resource-explorer-2.amazonaws.com,2024-12-12 01:04:56+00:00,0,0,0.16440786
synthetic_cloudtrail.csv:9625,fe:resource-explorer-2.amazonaws.com,2024-12-12 01:08:45+00:00,0,0,0.1695933
synthetic_cloudtrail.csv:9626,fe:resource-explorer-2.amazonaws.com,2024-12-12 01:11:13+00:00,0,0,0.17310491
synthetic_cloudtrail.csv:9631,fe:resource-explorer-2.amazonaws.com,2024-12-12 01:27:47+00:00,0,0,0.15356071
synthetic_cloudtrail.csv:9634,fe:resource-explorer-2.amazonaws.com,2024-12-12 01:34:34+00:00,0,0,0.16526686
synthetic_cloudtrail.csv:9636,fe:resource-explorer-2.amazonaws.com,2024-12-12 01:41:01+00:00,0,0,0.16708133
synthetic_cloudtrail.csv:9653,fe:resource-explorer-2.amazonaws.com,2024-12-13 01:06:46+00:00,0,0,0.14885566
synthetic_cloudtrail.csv:9654,fe:resource-explorer-2.amazonaws.com,2024-12-13 01:11:42+00:00,0,0,0.1630774
synthetic_cloudtrail.csv:9655,fe:resource-explorer-2.amazonaws.com,2024-12-13 01:12:13+00:00,0,0,0.17370518
synthetic_cloudtrail.csv:9657,fe:resource-explorer-2.amazonaws.com,2024-12-13 01:21:17+00:00,0,0,0.17012605
synthetic_cloudtrail.csv:9669,fe:resource-explorer-2.amazonaws.com,2024-12-13 13:00:58+00:00,0,0,0.14185537
synthetic_cloudtrail.csv:9671,fe:resource-explorer-2.amazonaws.com,2024-12-13 13:06:15+00:00,0,0,0.15713763
synthetic_cloudtrail.csv:9672,fe:resource-explorer-2.amazonaws.com,2024-12-13 13:07:32+00:00,0,0,0.16557892
synthetic_cloudtrail.csv:9673,fe:resource-explorer-2.amazonaws.com,2024-12-13 13:12:05+00:00,0,0,0.16883418
synthetic_cloudtrail.csv:9674,fe:resource-explorer-2.amazonaws.com,2024-12-13 13:14:57+00:00,0,0,0.19103195
synthetic_cloudtrail.csv:9675,fe:resource-explorer-2.amazonaws.com,2024-12-13 13:16:18+00:00,0,0,0.2223289
synthetic_cloudtrail.csv:9676,fe:resource-explorer-2.amazonaws.com,2024-12-13 13:19:57+00:00,0,0,0.19468695
synthetic_cloudtrail.csv:9677,fe:resource-explorer-2.amazonaws.com,2024-12-13 15:02:12+00:00,0,0,0.1406417
synthetic_cloudtrail.csv:9678,fe:resource-explorer-2.amazonaws.com,2024-12-13 15:02:45+00:00,0,0,0.15924567
synthetic_cloudtrail.csv:9681,fe:resource-explorer-2.amazonaws.com,2024-12-13 15:12:18+00:00,0,0,0.16076562
synthetic_cloudtrail.csv:9683,fe:resource-explorer-2.amazonaws.com,2024-12-13 15:17:09+00:00,0,0,0.16078575
synthetic_cloudtrail.csv:9684,fe:resource-explorer-2.amazonaws.com,2024-12-13 15:21:44+00:00,0,0,0.16676962
synthetic_cloudtrail.csv:9685,fe:resource-explorer-2.amazonaws.com,2024-12-13 15:22:53+00:00,0,0,0.17415965
synthetic_cloudtrail.csv:9686,fe:resource-explorer-2.amazonaws.com,2024-12-13 15:24:51+00:00,0,0,0.19886424
synthetic_cloudtrail.csv:9842,fe:resource-explorer-2.amazonaws.com,2024-12-18 04:02:47+00:00,0,0,0.14536361
synthetic_cloudtrail.csv:9843,fe:resource-explorer-2.amazonaws.com,2024-12-18 04:06:04+00:00,0,0,0.16280654
synthetic_cloudtrail.csv:9845,fe:resource-explorer-2.amazonaws.com,2024-12-18 04:14:49+00:00,0,0,0.16378354
synthetic_cloudtrail.csv:9846,fe:resource-explorer-2.amazonaws.com,2024-12-18 04:16:37+00:00,0,0,0.16726556
synthetic_cloudtrail.csv:9850,fe:resource-explorer-2.amazonaws.com,2024-12-18 04:25:41+00:00,0,0,0.16429462
synthetic_cloudtrail.csv:9851,fe:resource-explorer-2.amazonaws.com,2024-12-18 04:30:13+00:00,0,0,0.16536967
synthetic_cloudtrail.csv:9862,fe:resource-explorer-2.amazonaws.com,2024-12-19 12:04:50+00:00,0,0,0.14265887
synthetic_cloudtrail.csv:9863,fe:resource-explorer-2.amazonaws.com,2024-12-19 12:07:26+00:00,0,0,0.15877752
synthetic_cloudtrail.csv:9864,fe:resource-explorer-2.amazonaws.com,2024-12-19 12:11:17+00:00,0,0,0.16354856
synthetic_cloudtrail.csv:9865,fe:resource-explorer-2.amazonaws.com,2024-12-19 12:14:44+00:00,0,0,0.16728522
synthetic_cloudtrail.csv:9867,fe:resource-explorer-2.amazonaws.com,2024-12-19 12:19:47+00:00,0,0,0.16706397
synthetic_cloudtrail.csv:9869,fe:resource-explorer-2.amazonaws.com,2024-12-19 12:24:31+00:00,0,0,0.16722722
synthetic_cloudtrail.csv:9870,fe:resource-explorer-2.amazonaws.com,2024-12-19 12:28:14+00:00,0,0,0.16790119
synthetic_cloudtrail.csv:9871,fe:resource-explorer-2.amazonaws.com,2024-12-19 12:33:04+00:00,0,0,0.16779526
synthetic_cloudtrail.csv:9872,fe:resource-explorer-2.amazonaws.com,2024-12-19 12:37:46+00:00,0,0,0.16843225
synthetic_cloudtrail.csv:9917,fe:resource-explorer-2.amazonaws.com,2024-12-21 13:02:54+00:00,0,0,0.1441032
synthetic_cloudtrail.csv:9918,fe:resource-explorer-2.amazonaws.com,2024-12-21 13:07:21+00:00,0,0,0.16106813
synthetic_cloudtrail.csv:9919,fe:resource-explorer-2.amazonaws.com,2024-12-21 13:08:25+00:00,0,0,0.17079812
synthetic_cloudtrail.csv:9920,fe:resource-explorer-2.amazonaws.com,2024-12-21 13:13:21+00:00,0,0,0.18691432
synthetic_cloudtrail.csv:9921,fe:resource-explorer-2.amazonaws.com,2024-12-21 13:15:29+00:00,0,0,0.28467822
synthetic_cloudtrail.csv:9922,fe:resource-explorer-2.amazonaws.com,2024-12-21 13:18:28+00:00,0,0,0.18734224
synthetic_cloudtrail.csv:9925,fe:resource-explorer-2.amazonaws.com,2024-12-21 13:22:58+00:00,0,0,0.24057779
synthetic_cloudtrail.csv:9963,fe:resource-explorer-2.amazonaws.com,2024-12-25 09:17:02+00:00,0,0,0.14848842
synthetic_cloudtrail.csv:9964,fe:resource-explorer-2.amazonaws.com,2024-12-25 09:20:34+00:00,0,0,0.15887128
synthetic_cloudtrail.csv:9965,fe:resource-explorer-2.amazonaws.com,2024-12-25 09:22:56+00:00,0,0,0.16522227
synthetic_cloudtrail.csv:9967,fe:resource-explorer-2.amazonaws.com,2024-12-25 09:25:21+00:00,0,0,0.16872223
synthetic_cloudtrail.csv:9968,fe:resource-explorer-2.amazonaws.com,2024-12-25 09:27:17+00:00,0,0,0.18604793
synthetic_cloudtrail.csv:9970,fe:resource-explorer-2.amazonaws.com,2024-12-25 09:33:56+00:00,0,0,0.16784796
synthetic_cloudtrail.csv:9972,fe:resource-explorer-2.amazonaws.com,2024-12-25 09:36:26+00:00,0,0,0.17053944
synthetic_cloudtrail.csv:10002,fe:resource-explorer-2.amazonaws.com,2024-12-28 01:04:48+00:00,0,0,0.1465022
synthetic_cloudtrail.csv:10003,fe:resource-explorer-2.amazonaws.com,2024-12-28 01:07:18+00:00,0,0,0.16759296
synthetic_cloudtrail.csv:10004,fe:resource-explorer-2.amazonaws.com,2024-12-28 01:08:02+00:00,0,0,0.17710954
synthetic_cloudtrail.csv:10005,fe:resource-explorer-2.amazonaws.com,2024-12-28 01:08:47+00:00,0,0,0.18352848
synthetic_cloudtrail.csv:10006,fe:resource-explorer-2.amazonaws.com,2024-12-28 01:09:27+00:00,0,0,0.19465941
synthetic_cloudtrail.csv:10007,fe:resource-explorer-2.amazonaws.com,2024-12-28 01:10:11+00:00,0,0,0.20903268
synthetic_cloudtrail.csv:10008,fe:resource-explorer-2.amazonaws.com,2024-12-28 01:12:03+00:00,0,0,0.21060032
synthetic_cloudtrail.csv:10009,fe:resource-explorer-2.amazonaws.com,2024-12-28 01:16:29+00:00,0,0,0.26475123
synthetic_cloudtrail.csv:10012,fe:resource-explorer-2.amazonaws.com,2024-12-28 10:05:26+00:00,0,0,0.14981595
synthetic_cloudtrail.csv:10013,fe:resource-explorer-2.amazonaws.com,2024-12-28 10:07:32+00:00,0,0,0.16261369
synthetic_cloudtrail.csv:10014,fe:resource-explorer-2.amazonaws.com,2024-12-28 10:11:13+00:00,0,0,0.16753292
synthetic_cloudtrail.csv:10017,fe:resource-explorer-2.amazonaws.com,2024-12-28 10:18:24+00:00,0,0,0.16415781
synthetic_cloudtrail.csv:10018,fe:resource-explorer-2.amazonaws.com,2024-12-28 10:19:03+00:00,0,0,0.182881
synthetic_cloudtrail.csv:10019,fe:resource-explorer-2.amazonaws.com,2024-12-28 10:20:52+00:00,0,0,0.23620743
synthetic_cloudtrail.csv:10020,fe:resource-explorer-2.amazonaws.com,2024-12-28 10:21:58+00:00,0,0,0.29154345
synthetic_cloudtrail.csv:2370,fe:rfxvvx,2024-03-24 16:01:12+00:00,0,0,0.12285448
synthetic_cloudtrail.csv:2371,fe:rfxvvx,2024-03-24 16:01:29+00:00,0,0,0.12603898
synthetic_cloudtrail.csv:2372,fe:rfxvvx,2024-03-24 16:03:20+00:00,0,0,0.14768407
synthetic_cloudtrail.csv:2373,fe:rfxvvx,2024-03-24 16:05:03+00:00,0,0,0.119239315
synthetic_cloudtrail.csv:2374,fe:rfxvvx,2024-03-24 16:06:53+00:00,0,0,0.111755684
synthetic_cloudtrail.csv:2375,fe:rfxvvx,2024-03-24 16:08:47+00:00,0,0,0.116827145
synthetic_cloudtrail.csv:2376,fe:rfxvvx,2024-03-24 16:09:58+00:00,0,0,0.12104765
synthetic_cloudtrail.csv:2377,fe:rfxvvx,2024-03-24 16:11:00+00:00,0,0,0.12932833
synthetic_cloudtrail.csv:2378,fe:rfxvvx,2024-03-24 16:12:23+00:00,0,0,0.11912421
synthetic_cloudtrail.csv:2379,fe:rfxvvx,2024-03-24 16:12:53+00:00,0,0,0.12406356
synthetic_cloudtrail.csv:2380,fe:rfxvvx,2024-03-24 16:13:04+00:00,0,0,0.12219337
synthetic_cloudtrail.csv:2381,fe:rfxvvx,2024-03-24 16:14:30+00:00,0,0,0.124176905
synthetic_cloudtrail.csv:2382,fe:rfxvvx,2024-03-24 16:15:27+00:00,0,0,0.11392097
synthetic_cloudtrail.csv:2383,fe:rfxvvx,2024-03-24 16:17:07+00:00,0,0,0.11724621
synthetic_cloudtrail.csv:2384,fe:rfxvvx,2024-03-24 16:17:41+00:00,0,0,0.13783084
synthetic_cloudtrail.csv:8681,fe:rhguttv,2024-11-12 13:00:11+00:00,0,0,0.116291925
synthetic_cloudtrail.csv:8683,fe:rhguttv,2024-11-12 13:00:26+00:00,0,0,0.10813833
synthetic_cloudtrail.csv:8685,fe:rhguttv,2024-11-12 13:00:45+00:00,0,0,0.116110995
synthetic_cloudtrail.csv:8686,fe:rhguttv,2024-11-12 13:00:53+00:00,1,1,0.9916448
synthetic_cloudtrail.csv:8689,fe:rhguttv,2024-11-12 13:01:33+00:00,1,1,0.9898762
synthetic_cloudtrail.csv:223,fe:rhumrvaxkrhp,2024-01-09 12:00:06+00:00,0,0,0.13195595
synthetic_cloudtrail.csv:224,fe:rhumrvaxkrhp,2024-01-09 12:00:29+00:00,0,0,0.119216666
synthetic_cloudtrail.csv:225,fe:rhumrvaxkrhp,2024-01-09 12:00:38+00:00,0,0,0.12350974
synthetic_cloudtrail.csv:226,fe:rhumrvaxkrhp,2024-01-09 12:00:44+00:00,0,0,0.12616925
synthetic_cloudtrail.csv:227,fe:rhumrvaxkrhp,2024-01-09 12:00:52+00:00,0,0,0.11666808
synthetic_cloudtrail.csv:229,fe:rhumrvaxkrhp,2024-01-09 12:01:08+00:00,0,0,0.12940517
synthetic_cloudtrail.csv:231,fe:rhumrvaxkrhp,2024-01-09 12:01:38+00:00,0,0,0.12758303
synthetic_cloudtrail.csv:232,fe:rhumrvaxkrhp,2024-01-09 12:01:52+00:00,0,0,0.13454725
synthetic_cloudtrail.csv:233,fe:rhumrvaxkrhp,2024-01-09 12:02:19+00:00,1,1,0.9950877
synthetic_cloudtrail.csv:234,fe:rhumrvaxkrhp,2024-01-09 12:02:32+00:00,0,0,0.1631508
synthetic_cloudtrail.csv:237,fe:rhumrvaxkrhp,2024-01-09 12:03:46+00:00,0,0,0.1326315
synthetic_cloudtrail.csv:9271,fe:rnnmkg,2024-12-01 13:01:06+00:00,0,0,0.124789886
synthetic_cloudtrail.csv:9272,fe:rnnmkg,2024-12-01 13:02:50+00:00,0,0,0.2725517
synthetic_cloudtrail.csv:9273,fe:rnnmkg,2024-12-01 13:04:12+00:00,0,0,0.2648009
synthetic_cloudtrail.csv:9274,fe:rnnmkg,2024-12-01 13:05:12+00:00,0,0,0.12877369
synthetic_cloudtrail.csv:9275,fe:rnnmkg,2024-12-01 13:05:34+00:00,0,0,0.13911326
synthetic_cloudtrail.csv:9276,fe:rnnmkg,2024-12-01 13:06:51+00:00,0,0,0.13564828
synthetic_cloudtrail.csv:9277,fe:rnnmkg,2024-12-01 13:08:13+00:00,0,0,0.2617961
synthetic_cloudtrail.csv:9278,fe:rnnmkg,2024-12-01 13:09:56+00:00,0,0,0.15774767
synthetic_cloudtrail.csv:9279,fe:rnnmkg,2024-12-01 13:10:12+00:00,0,0,0.2824744
synthetic_cloudtrail.csv:9280,fe:rnnmkg,2024-12-01 13:11:40+00:00,0,0,0.1230662
synthetic_cloudtrail.csv:3235,fe:rnsuiu,2024-04-26 10:01:34+00:00,0,0,0.11532305
synthetic_cloudtrail.csv:3236,fe:rnsuiu,2024-04-26 10:02:47+00:00,0,0,0.10959265
synthetic_cloudtrail.csv:3237,fe:rnsuiu,2024-04-26 10:04:34+00:00,0,0,0.11782944
synthetic_cloudtrail.csv:3238,fe:rnsuiu,2024-04-26 10:06:13+00:00,0,0,0.1310912
synthetic_cloudtrail.csv:3239,fe:rnsuiu,2024-04-26 10:07:21+00:00,0,0,0.12294961
synthetic_cloudtrail.csv:3240,fe:rnsuiu,2024-04-26 10:08:36+00:00,0,0,0.14553338
synthetic_cloudtrail.csv:3241,fe:rnsuiu,2024-04-26 10:10:01+00:00,0,0,0.124320865
synthetic_cloudtrail.csv:3242,fe:rnsuiu,2024-04-26 10:12:00+00:00,0,0,0.13976581
synthetic_cloudtrail.csv:3243,fe:rnsuiu,2024-04-26 10:13:59+00:00,0,0,0.2355421
synthetic_cloudtrail.csv:3244,fe:rnsuiu,2024-04-26 10:14:09+00:00,0,0,0.12409926
synthetic_cloudtrail.csv:3245,fe:rnsuiu,2024-04-26 10:15:29+00:00,0,0,0.13416377
synthetic_cloudtrail.csv:3246,fe:rnsuiu,2024-04-26 10:16:24+00:00,0,0,0.12593926
synthetic_cloudtrail.csv:3247,fe:rnsuiu,2024-04-26 10:17:35+00:00,0,0,0.12266316
synthetic_cloudtrail.csv:3248,fe:rnsuiu,2024-04-26 10:19:32+00:00,0,0,0.12001264
synthetic_cloudtrail.csv:3249,fe:rnsuiu,2024-04-26 10:21:08+00:00,0,0,0.11875954
synthetic_cloudtrail.csv:3250,fe:rnsuiu,2024-04-26 10:21:13+00:00,0,0,0.13005088
synthetic_cloudtrail.csv:3251,fe:rnsuiu,2024-04-26 10:22:47+00:00,0,0,0.13903183
synthetic_cloudtrail.csv:3252,fe:rnsuiu,2024-04-26 10:23:03+00:00,0,0,0.11992514
synthetic_cloudtrail.csv:190,fe:role-aqabml,2024-01-08 16:03:41+00:00,1,1,0.97258264
synthetic_cloudtrail.csv:191,fe:role-aqabml,2024-01-08 16:03:49+00:00,1,1,0.98584574
synthetic_cloudtrail.csv:192,fe:role-aqabml,2024-01-08 16:04:05+00:00,1,1,0.9783186
synthetic_cloudtrail.csv:193,fe:role-aqabml,2024-01-08 16:04:28+00:00,0,0,0.16104573
synthetic_cloudtrail.csv:194,fe:role-aqabml,2024-01-08 16:05:52+00:00,1,0,0.5165008
synthetic_cloudtrail.csv:195,fe:role-aqabml,2024-01-08 16:06:59+00:00,0,0,0.11610493
synthetic_cloudtrail.csv:196,fe:role-aqabml,2024-01-08 16:08:00+00:00,0,0,0.119907856
synthetic_cloudtrail.csv:197,fe:role-aqabml,2024-01-08 16:08:44+00:00,0,0,0.12236597
synthetic_cloudtrail.csv:4194,fe:role-arrkdv,2024-05-26 08:03:42+00:00,1,1,0.9748756
synthetic_cloudtrail.csv:4195,fe:role-arrkdv,2024-05-26 08:03:54+00:00,0,0,0.13888378
synthetic_cloudtrail.csv:4196,fe:role-arrkdv,2024-05-26 08:05:04+00:00,0,0,0.12513538
synthetic_cloudtrail.csv:4197,fe:role-arrkdv,2024-05-26 08:06:18+00:00,0,0,0.1431714
synthetic_cloudtrail.csv:4198,fe:role-arrkdv,2024-05-26 08:06:58+00:00,0,0,0.12577313
synthetic_cloudtrail.csv:4199,fe:role-arrkdv,2024-05-26 08:07:26+00:00,0,0,0.14432211
synthetic_cloudtrail.csv:9016,fe:role-chhgez,2024-11-22 15:03:30+00:00,1,1,0.9643753
synthetic_cloudtrail.csv:9017,fe:role-chhgez,2024-11-22 15:03:56+00:00,1,1,0.9867662
synthetic_cloudtrail.csv:9018,fe:role-chhgez,2024-11-22 15:04:28+00:00,1,1,0.97670424
synthetic_cloudtrail.csv:9019,fe:role-chhgez,2024-11-22 15:04:44+00:00,0,0,0.12938644
synthetic_cloudtrail.csv:9020,fe:role-chhgez,2024-11-22 15:05:15+00:00,0,0,0.11767251
synthetic_cloudtrail.csv:9021,fe:role-chhgez,2024-11-22 15:06:04+00:00,0,0,0.123818405
synthetic_cloudtrail.csv:9022,fe:role-chhgez,2024-11-22 15:07:19+00:00,0,0,0.140238
synthetic_cloudtrail.csv:5302,fe:role-ctybwp,2024-07-05 11:04:21+00:00,1,1,0.97098047
synthetic_cloudtrail.csv:5303,fe:role-ctybwp,2024-07-05 11:05:15+00:00,1,1,0.9868674
synthetic_cloudtrail.csv:5304,fe:role-ctybwp,2024-07-05 11:05:57+00:00,1,1,0.98016053
synthetic_cloudtrail.csv:5305,fe:role-ctybwp,2024-07-05 11:06:55+00:00,0,0,0.122544006
synthetic_cloudtrail.csv:5306,fe:role-ctybwp,2024-07-05 11:07:54+00:00,0,0,0.11175451
synthetic_cloudtrail.csv:5307,fe:role-ctybwp,2024-07-05 11:08:06+00:00,0,0,0.1335557
synthetic_cloudtrail.csv:1239,fe:role-cugdqr,2024-02-11 12:02:52+00:00,1,1,0.9814687
synthetic_cloudtrail.csv:1240,fe:role-cugdqr,2024-02-11 12:03:46+00:00,0,0,0.14251848
synthetic_cloudtrail.csv:1241,fe:role-cugdqr,2024-02-11 12:04:03+00:00,0,0,0.15486158
synthetic_cloudtrail.csv:1242,fe:role-cugdqr,2024-02-11 12:04:23+00:00,0,0,0.13638215
synthetic_cloudtrail.csv:1950,fe:role-cyoado,2024-03-06 15:03:46+00:00,1,1,0.9666473
synthetic_cloudtrail.csv:1951,fe:role-cyoado,2024-03-06 15:04:55+00:00,0,0,0.13116032
synthetic_cloudtrail.csv:1952,fe:role-cyoado,2024-03-06 15:05:36+00:00,0,0,0.12812553
synthetic_cloudtrail.csv:3026,fe:role-dataht,2024-04-19 10:04:17+00:00,1,1,0.972209
synthetic_cloudtrail.csv:3027,fe:role-dataht,2024-04-19 10:04:33+00:00,1,1,0.98718613
synthetic_cloudtrail.csv:3028,fe:role-dataht,2024-04-19 10:04:47+00:00,1,1,0.97972715
synthetic_cloudtrail.csv:3029,fe:role-dataht,2024-04-19 10:05:18+00:00,0,0,0.107926466
synthetic_cloudtrail.csv:3030,fe:role-dataht,2024-04-19 10:06:20+00:00,0,0,0.13088606
synthetic_cloudtrail.csv:3031,fe:role-dataht,2024-04-19 10:07:38+00:00,0,0,0.13920234
synthetic_cloudtrail.csv:1793,fe:role-ekqoeh,2024-03-02 18:03:06+00:00,1,1,0.9617176
synthetic_cloudtrail.csv:1794,fe:role-ekqoeh,2024-03-02 18:04:26+00:00,0,0,0.12806481
synthetic_cloudtrail.csv:1795,fe:role-ekqoeh,2024-03-02 18:05:46+00:00,0,0,0.12849432
synthetic_cloudtrail.csv:1796,fe:role-ekqoeh,2024-03-02 18:07:07+00:00,0,0,0.13440588
synthetic_cloudtrail.csv:1797,fe:role-ekqoeh,2024-03-02 18:08:15+00:00,0,0,0.12529843
synthetic_cloudtrail.csv:1798,fe:role-ekqoeh,2024-03-02 18:09:22+00:00,0,0,0.12165918
synthetic_cloudtrail.csv:5691,fe:role-evhtsh,2024-07-18 14:03:33+00:00,1,1,0.96679115
synthetic_cloudtrail.csv:5692,fe:role-evhtsh,2024-07-18 14:04:13+00:00,1,1,0.98668206
synthetic_cloudtrail.csv:5693,fe:role-evhtsh,2024-07-18 14:04:18+00:00,1,1,0.98039573
synthetic_cloudtrail.csv:5694,fe:role-evhtsh,2024-07-18 14:05:19+00:00,0,0,0.12297731
synthetic_cloudtrail.csv:5695,fe:role-evhtsh,2024-07-18 14:06:24+00:00,0,0,0.12574954
synthetic_cloudtrail.csv:4407,fe:role-gpjxpw,2024-06-02 18:03:29+00:00,1,1,0.9603937
synthetic_cloudtrail.csv:4408,fe:role-gpjxpw,2024-06-02 18:04:24+00:00,0,0,0.13514026
synthetic_cloudtrail.csv:4409,fe:role-gpjxpw,2024-06-02 18:05:08+00:00,0,0,0.13035622
synthetic_cloudtrail.csv:6441,fe:role-ihzhul,2024-08-20 13:03:10+00:00,1,1,0.9683791
synthetic_cloudtrail.csv:6443,fe:role-ihzhul,2024-08-20 13:04:36+00:00,0,0,0.13029736
synthetic_cloudtrail.csv:6444,fe:role-ihzhul,2024-08-20 13:05:25+00:00,0,0,0.13942106
synthetic_cloudtrail.csv:6554,fe:role-ijtuiv,2024-08-23 10:03:08+00:00,1,1,0.97137195
synthetic_cloudtrail.csv:6555,fe:role-ijtuiv,2024-08-23 10:04:04+00:00,0,0,0.14316726
synthetic_cloudtrail.csv:6556,fe:role-ijtuiv,2024-08-23 10:04:40+00:00,0,0,0.16667505
synthetic_cloudtrail.csv:6557,fe:role-ijtuiv,2024-08-23 10:04:54+00:00,0,0,0.14330968
synthetic_cloudtrail.csv:6558,fe:role-ijtuiv,2024-08-23 10:06:21+00:00,0,0,0.16619979
synthetic_cloudtrail.csv:6559,fe:role-ijtuiv,2024-08-23 10:07:47+00:00,0,0,0.12285596
synthetic_cloudtrail.csv:1507,fe:role-iogjpw,2024-02-19 13:03:32+00:00,1,1,0.9787976
synthetic_cloudtrail.csv:1510,fe:role-iogjpw,2024-02-19 13:04:35+00:00,0,0,0.17651854
synthetic_cloudtrail.csv:1511,fe:role-iogjpw,2024-02-19 13:05:41+00:00,0,0,0.13961358
synthetic_cloudtrail.csv:8885,fe:role-iukdsq,2024-11-18 08:02:47+00:00,1,1,0.9729446
synthetic_cloudtrail.csv:8886,fe:role-iukdsq,2024-11-18 08:03:27+00:00,1,1,0.987415
synthetic_cloudtrail.csv:8887,fe:role-iukdsq,2024-11-18 08:03:51+00:00,1,1,0.98142564
synthetic_cloudtrail.csv:8888,fe:role-iukdsq,2024-11-18 08:05:10+00:00,0,0,0.14584327
synthetic_cloudtrail.csv:8889,fe:role-iukdsq,2024-11-18 08:06:06+00:00,0,0,0.11687809
synthetic_cloudtrail.csv:8890,fe:role-iukdsq,2024-11-18 08:07:00+00:00,0,0,0.11545938
synthetic_cloudtrail.csv:8891,fe:role-iukdsq,2024-11-18 08:07:45+00:00,0,0,0.13632019
synthetic_cloudtrail.csv:9149,fe:role-iverpa,2024-11-26 10:04:35+00:00,1,1,0.9711888
synthetic_cloudtrail.csv:9150,fe:role-iverpa,2024-11-26 10:05:04+00:00,1,1,0.9873834
synthetic_cloudtrail.csv:9151,fe:role-iverpa,2024-11-26 10:05:44+00:00,1,1,0.9786018
synthetic_cloudtrail.csv:9152,fe:role-iverpa,2024-11-26 10:07:13+00:00,0,0,0.111314625
synthetic_cloudtrail.csv:9153,fe:role-iverpa,2024-11-26 10:07:49+00:00,0,0,0.14738995
synthetic_cloudtrail.csv:9155,fe:role-iverpa,2024-11-26 10:09:17+00:00,1,0,0.283588
synthetic_cloudtrail.csv:9156,fe:role-iverpa,2024-11-26 10:10:21+00:00,0,0,0.13703255
synthetic_cloudtrail.csv:4304,fe:role-jfykso,2024-05-28 15:02:40+00:00,1,1,0.9764766
synthetic_cloudtrail.csv:4305,fe:role-jfykso,2024-05-28 15:03:18+00:00,0,0,0.15369366
synthetic_cloudtrail.csv:4306,fe:role-jfykso,2024-05-28 15:03:32+00:00,0,0,0.16039385
synthetic_cloudtrail.csv:4307,fe:role-jfykso,2024-05-28 15:04:23+00:00,0,0,0.17251524
synthetic_cloudtrail.csv:4308,fe:role-jfykso,2024-05-28 15:04:35+00:00,0,0,0.15451482
synthetic_cloudtrail.csv:5194,fe:role-khawhl,2024-07-02 19:04:52+00:00,1,1,0.96188384
synthetic_cloudtrail.csv:5195,fe:role-khawhl,2024-07-02 19:05:32+00:00,1,1,0.98692167
synthetic_cloudtrail.csv:5196,fe:role-khawhl,2024-07-02 19:05:48+00:00,1,1,0.97986
synthetic_cloudtrail.csv:5197,fe:role-khawhl,2024-07-02 19:06:52+00:00,0,0,0.112885535
synthetic_cloudtrail.csv:5198,fe:role-khawhl,2024-07-02 19:07:06+00:00,0,0,0.13533571
synthetic_cloudtrail.csv:5199,fe:role-khawhl,2024-07-02 19:08:26+00:00,0,0,0.13139355
synthetic_cloudtrail.csv:5200,fe:role-khawhl,2024-07-02 19:08:42+00:00,0,0,0.15234347
synthetic_cloudtrail.csv:5201,fe:role-khawhl,2024-07-02 19:09:08+00:00,0,0,0.14486423
synthetic_cloudtrail.csv:7406,fe:role-kxmscy,2024-09-20 14:02:48+00:00,1,1,0.9771189
synthetic_cloudtrail.csv:7407,fe:role-kxmscy,2024-09-20 14:03:02+00:00,1,1,0.98752207
synthetic_cloudtrail.csv:7408,fe:role-kxmscy,2024-09-20 14:03:18+00:00,1,1,0.9806378
synthetic_cloudtrail.csv:7409,fe:role-kxmscy,2024-09-20 14:03:43+00:00,0,0,0.15845785
synthetic_cloudtrail.csv:7410,fe:role-kxmscy,2024-09-20 14:04:46+00:00,0,0,0.14153631
synthetic_cloudtrail.csv:7411,fe:role-kxmscy,2024-09-20 14:04:57+00:00,0,0,0.15680091
synthetic_cloudtrail.csv:7412,fe:role-kxmscy,2024-09-20 14:06:10+00:00,0,0,0.14807667
synthetic_cloudtrail.csv:857,fe:role-kzrzng,2024-01-28 09:04:17+00:00,1,1,0.9756423
synthetic_cloudtrail.csv:858,fe:role-kzrzng,2024-01-28 09:04:44+00:00,1,1,0.98707145
synthetic_cloudtrail.csv:859,fe:role-kzrzng,2024-01-28 09:05:08+00:00,1,1,0.97860456
synthetic_cloudtrail.csv:860,fe:role-kzrzng,2024-01-28 09:05:30+00:00,0,0,0.16324748
synthetic_cloudtrail.csv:861,fe:role-kzrzng,2024-01-28 09:06:38+00:00,0,0,0.12087624
synthetic_cloudtrail.csv:862,fe:role-kzrzng,2024-01-28 09:08:07+00:00,0,0,0.13380033
synthetic_cloudtrail.csv:4839,fe:role-mfsaez,2024-06-15 19:03:06+00:00,1,1,0.963294
synthetic_cloudtrail.csv:4840,fe:role-mfsaez,2024-06-15 19:03:18+00:00,1,1,0.9866745
synthetic_cloudtrail.csv:4841,fe:role-mfsaez,2024-06-15 19:03:45+00:00,1,1,0.97716856
synthetic_cloudtrail.csv:4842,fe:role-mfsaez,2024-06-15 19:04:34+00:00,0,0,0.2930566
synthetic_cloudtrail.csv:4843,fe:role-mfsaez,2024-06-15 19:05:52+00:00,0,0,0.16696867
synthetic_cloudtrail.csv:4844,fe:role-mfsaez,2024-06-15 19:06:53+00:00,1,0,0.45308378
synthetic_cloudtrail.csv:4845,fe:role-mfsaez,2024-06-15 19:07:46+00:00,0,0,0.14627312
synthetic_cloudtrail.csv:4846,fe:role-mfsaez,2024-06-15 19:08:23+00:00,0,0,0.1481418
synthetic_cloudtrail.csv:7794,fe:role-mzdgao,2024-10-09 13:01:59+00:00,1,1,0.9780799
synthetic_cloudtrail.csv:7795,fe:role-mzdgao,2024-10-09 13:02:20+00:00,1,1,0.98779535
synthetic_cloudtrail.csv:7796,fe:role-mzdgao,2024-10-09 13:02:31+00:00,1,1,0.9809537
synthetic_cloudtrail.csv:7797,fe:role-mzdgao,2024-10-09 13:03:28+00:00,0,0,0.12872213
synthetic_cloudtrail.csv:7798,fe:role-mzdgao,2024-10-09 13:04:08+00:00,0,0,0.14282951
synthetic_cloudtrail.csv:7799,fe:role-mzdgao,2024-10-09 13:04:22+00:00,0,0,0.15415713
synthetic_cloudtrail.csv:7800,fe:role-mzdgao,2024-10-09 13:05:08+00:00,0,0,0.15237035
synthetic_cloudtrail.csv:298,fe:role-ncabez,2024-01-12 10:03:11+00:00,1,1,0.97769177
synthetic_cloudtrail.csv:299,fe:role-ncabez,2024-01-12 10:03:56+00:00,0,0,0.20847888
synthetic_cloudtrail.csv:300,fe:role-ncabez,2024-01-12 10:05:09+00:00,0,0,0.13385919
synthetic_cloudtrail.csv:301,fe:role-ncabez,2024-01-12 10:05:35+00:00,0,0,0.13136749
synthetic_cloudtrail.csv:302,fe:role-ncabez,2024-01-12 10:06:07+00:00,0,0,0.16768727
synthetic_cloudtrail.csv:8349,fe:role-nwmfpo,2024-10-27 12:03:15+00:00,1,1,0.98020214
synthetic_cloudtrail.csv:8350,fe:role-nwmfpo,2024-10-27 12:03:45+00:00,1,1,0.98788166
synthetic_cloudtrail.csv:8351,fe:role-nwmfpo,2024-10-27 12:04:28+00:00,1,1,0.9792092
synthetic_cloudtrail.csv:8352,fe:role-nwmfpo,2024-10-27 12:05:42+00:00,0,0,0.20922075
synthetic_cloudtrail.csv:8353,fe:role-nwmfpo,2024-10-27 12:06:19+00:00,0,0,0.16394985
synthetic_cloudtrail.csv:8354,fe:role-nwmfpo,2024-10-27 12:06:48+00:00,0,0,0.15193339
synthetic_cloudtrail.csv:8355,fe:role-nwmfpo,2024-10-27 12:07:39+00:00,0,0,0.18965137
synthetic_cloudtrail.csv:1782,fe:role-oqhtiw,2024-03-02 15:02:07+00:00,1,1,0.9784041
synthetic_cloudtrail.csv:1783,fe:role-oqhtiw,2024-03-02 15:02:29+00:00,0,0,0.17199123
synthetic_cloudtrail.csv:1784,fe:role-oqhtiw,2024-03-02 15:03:53+00:00,0,0,0.15996182
synthetic_cloudtrail.csv:1785,fe:role-oqhtiw,2024-03-02 15:04:17+00:00,0,0,0.14124316
synthetic_cloudtrail.csv:8690,fe:role-qwpjrv,2024-11-12 13:02:00+00:00,1,1,0.9681162
synthetic_cloudtrail.csv:8692,fe:role-qwpjrv,2024-11-12 13:02:49+00:00,0,0,0.14333576
synthetic_cloudtrail.csv:8694,fe:role-qwpjrv,2024-11-12 13:04:01+00:00,0,0,0.14640032
synthetic_cloudtrail.csv:6250,fe:role-rffuqg,2024-08-11 09:04:22+00:00,1,1,0.97275656
synthetic_cloudtrail.csv:6251,fe:role-rffuqg,2024-08-11 09:04:35+00:00,1,1,0.9873871
synthetic_cloudtrail.csv:6252,fe:role-rffuqg,2024-08-11 09:05:27+00:00,1,1,0.97906196
synthetic_cloudtrail.csv:6254,fe:role-rffuqg,2024-08-11 09:06:43+00:00,0,0,0.12850283
synthetic_cloudtrail.csv:6255,fe:role-rffuqg,2024-08-11 09:07:04+00:00,0,0,0.15561002
synthetic_cloudtrail.csv:6257,fe:role-rffuqg,2024-08-11 09:08:04+00:00,0,0,0.10901656
synthetic_cloudtrail.csv:1864,fe:role-rniqgt,2024-03-04 10:03:03+00:00,1,1,0.9726096
synthetic_cloudtrail.csv:1865,fe:role-rniqgt,2024-03-04 10:03:54+00:00,1,1,0.9867704
synthetic_cloudtrail.csv:1866,fe:role-rniqgt,2024-03-04 10:04:45+00:00,1,1,0.97865444
synthetic_cloudtrail.csv:1867,fe:role-rniqgt,2024-03-04 10:05:21+00:00,0,0,0.4998866
synthetic_cloudtrail.csv:1868,fe:role-rniqgt,2024-03-04 10:05:59+00:00,0,0,0.12275912
synthetic_cloudtrail.csv:1869,fe:role-rniqgt,2024-03-04 10:07:03+00:00,0,0,0.15388909
synthetic_cloudtrail.csv:1870,fe:role-rniqgt,2024-03-04 10:08:28+00:00,0,0,0.12284521
synthetic_cloudtrail.csv:1871,fe:role-rniqgt,2024-03-04 10:08:40+00:00,0,0,0.13415836
synthetic_cloudtrail.csv:3698,fe:role-titfrv,2024-05-09 10:04:08+00:00,1,1,0.98018056
synthetic_cloudtrail.csv:3699,fe:role-titfrv,2024-05-09 10:04:51+00:00,1,1,0.98803115
synthetic_cloudtrail.csv:3700,fe:role-titfrv,2024-05-09 10:05:41+00:00,1,1,0.9812325
synthetic_cloudtrail.csv:3701,fe:role-titfrv,2024-05-09 10:06:32+00:00,0,0,0.14075032
synthetic_cloudtrail.csv:3702,fe:role-titfrv,2024-05-09 10:07:40+00:00,0,0,0.14992824
synthetic_cloudtrail.csv:3703,fe:role-titfrv,2024-05-09 10:08:17+00:00,0,0,0.14472789
synthetic_cloudtrail.csv:3704,fe:role-titfrv,2024-05-09 10:08:30+00:00,0,0,0.15063114
synthetic_cloudtrail.csv:3705,fe:role-titfrv,2024-05-09 10:09:16+00:00,0,0,0.15402347
synthetic_cloudtrail.csv:2482,fe:role-tnsxuq,2024-03-26 15:03:41+00:00,1,1,0.96602285
synthetic_cloudtrail.csv:2483,fe:role-tnsxuq,2024-03-26 15:04:09+00:00,0,0,0.13298072
synthetic_cloudtrail.csv:2484,fe:role-tnsxuq,2024-03-26 15:05:00+00:00,0,0,0.3171379
synthetic_cloudtrail.csv:2485,fe:role-tnsxuq,2024-03-26 15:05:21+00:00,0,0,0.14668503
synthetic_cloudtrail.csv:7141,fe:role-uvtepe,2024-09-14 08:03:52+00:00,1,1,0.9822358
synthetic_cloudtrail.csv:7142,fe:role-uvtepe,2024-09-14 08:04:35+00:00,0,0,0.24896817
synthetic_cloudtrail.csv:7143,fe:role-uvtepe,2024-09-14 08:05:54+00:00,0,0,0.15779339
synthetic_cloudtrail.csv:964,fe:role-vecntl,2024-02-03 11:03:20+00:00,1,1,0.9752246
synthetic_cloudtrail.csv:965,fe:role-vecntl,2024-02-03 11:04:18+00:00,1,1,0.98653686
synthetic_cloudtrail.csv:966,fe:role-vecntl,2024-02-03 11:04:30+00:00,1,1,0.97828126
synthetic_cloudtrail.csv:967,fe:role-vecntl,2024-02-03 11:05:05+00:00,0,0,0.36728564
synthetic_cloudtrail.csv:968,fe:role-vecntl,2024-02-03 11:05:39+00:00,0,0,0.12540881
synthetic_cloudtrail.csv:969,fe:role-vecntl,2024-02-03 11:06:26+00:00,0,0,0.12587205
synthetic_cloudtrail.csv:970,fe:role-vecntl,2024-02-03 11:07:39+00:00,0,0,0.21812825
synthetic_cloudtrail.csv:2434,fe:role-vifrio,2024-03-25 08:03:18+00:00,1,1,0.9814005
synthetic_cloudtrail.csv:2435,fe:role-vifrio,2024-03-25 08:04:25+00:00,0,0,0.22541553
synthetic_cloudtrail.csv:2436,fe:role-vifrio,2024-03-25 08:05:52+00:00,0,0,0.1473729
synthetic_cloudtrail.csv:2830,fe:role-wazprc,2024-04-11 16:03:28+00:00,1,1,0.97579443
synthetic_cloudtrail.csv:2831,fe:role-wazprc,2024-04-11 16:04:55+00:00,0,0,0.15109897
synthetic_cloudtrail.csv:2832,fe:role-wazprc,2024-04-11 16:06:06+00:00,0,0,0.16317202
synthetic_cloudtrail.csv:2833,fe:role-wazprc,2024-04-11 16:06:22+00:00,0,0,0.14481916
synthetic_cloudtrail.csv:2574,fe:role-wjbgex,2024-04-03 12:02:26+00:00,1,1,0.97087294
synthetic_cloudtrail.csv:2575,fe:role-wjbgex,2024-04-03 12:03:16+00:00,0,0,0.12924795
synthetic_cloudtrail.csv:2576,fe:role-wjbgex,2024-04-03 12:04:20+00:00,0,0,0.14125793
synthetic_cloudtrail.csv:206,fe:role-xlyotl,2024-01-09 07:03:30+00:00,1,1,0.9782151
synthetic_cloudtrail.csv:207,fe:role-xlyotl,2024-01-09 07:03:53+00:00,1,1,0.9870862
synthetic_cloudtrail.csv:208,fe:role-xlyotl,2024-01-09 07:04:08+00:00,1,1,0.9820895
synthetic_cloudtrail.csv:209,fe:role-xlyotl,2024-01-09 07:05:11+00:00,0,0,0.15140425
synthetic_cloudtrail.csv:210,fe:role-xlyotl,2024-01-09 07:05:53+00:00,0,0,0.177123
synthetic_cloudtrail.csv:9167,fe:role-xpiaui,2024-11-26 11:02:55+00:00,1,1,0.97065
synthetic_cloudtrail.csv:9168,fe:role-xpiaui,2024-11-26 11:03:16+00:00,1,1,0.9873071
synthetic_cloudtrail.csv:9169,fe:role-xpiaui,2024-11-26 11:03:48+00:00,1,1,0.9785436
synthetic_cloudtrail.csv:9170,fe:role-xpiaui,2024-11-26 11:04:12+00:00,0,0,0.12265645
synthetic_cloudtrail.csv:9171,fe:role-xpiaui,2024-11-26 11:04:22+00:00,0,0,0.14117116
synthetic_cloudtrail.csv:9172,fe:role-xpiaui,2024-11-26 11:04:50+00:00,0,0,0.15435515
synthetic_cloudtrail.csv:8732,fe:role-xuzhjp,2024-11-13 18:03:16+00:00,1,1,0.95806026
synthetic_cloudtrail.csv:8733,fe:role-xuzhjp,2024-11-13 18:04:00+00:00,1,1,0.9865726
synthetic_cloudtrail.csv:8734,fe:role-xuzhjp,2024-11-13 18:04:37+00:00,1,1,0.9788264
synthetic_cloudtrail.csv:8735,fe:role-xuzhjp,2024-11-13 18:05:40+00:00,0,0,0.12856211
synthetic_cloudtrail.csv:8736,fe:role-xuzhjp,2024-11-13 18:06:11+00:00,0,0,0.112790905
synthetic_cloudtrail.csv:8737,fe:role-xuzhjp,2024-11-13 18:07:40+00:00,0,0,0.114142515
synthetic_cloudtrail.csv:8738,fe:role-xuzhjp,2024-11-13 18:07:50+00:00,0,0,0.13820484
synthetic_cloudtrail.csv:3568,fe:role-ymvsxk,2024-05-04 19:02:43+00:00,1,1,0.97660804
synthetic_cloudtrail.csv:3569,fe:role-ymvsxk,2024-05-04 19:03:11+00:00,0,0,0.16538037
synthetic_cloudtrail.csv:3570,fe:role-ymvsxk,2024-05-04 19:03:32+00:00,0,0,0.14478539
synthetic_cloudtrail.csv:3571,fe:role-ymvsxk,2024-05-04 19:04:15+00:00,0,0,0.15995476
synthetic_cloudtrail.csv:2112,fe:role-zjvtok,2024-03-13 15:03:54+00:00,1,1,0.96632594
synthetic_cloudtrail.csv:2113,fe:role-zjvtok,2024-03-13 15:04:59+00:00,0,0,0.13523808
synthetic_cloudtrail.csv:2114,fe:role-zjvtok,2024-03-13 15:06:16+00:00,0,0,0.13954589
synthetic_cloudtrail.csv:2115,fe:role-zjvtok,2024-03-13 15:07:04+00:00,0,0,0.13034613
synthetic_cloudtrail.csv:2116,fe:role-zjvtok,2024-03-13 15:08:11+00:00,0,0,0.13850975
synthetic_cloudtrail.csv:3712,fe:role-znppjf,2024-05-09 15:03:03+00:00,1,1,0.9655993
synthetic_cloudtrail.csv:3713,fe:role-znppjf,2024-05-09 15:03:37+00:00,0,0,0.13420525
synthetic_cloudtrail.csv:3714,fe:role-znppjf,2024-05-09 15:04:43+00:00,0,0,0.15137188
synthetic_cloudtrail.csv:5063,fe:rphwycgx,2024-06-25 16:00:15+00:00,0,0,0.11976532
synthetic_cloudtrail.csv:5064,fe:rphwycgx,2024-06-25 16:00:36+00:00,0,0,0.12056525
synthetic_cloudtrail.csv:5065,fe:rphwycgx,2024-06-25 16:01:05+00:00,0,0,0.12360228
synthetic_cloudtrail.csv:5066,fe:rphwycgx,2024-06-25 16:01:08+00:00,0,0,0.13722819
synthetic_cloudtrail.csv:5067,fe:rphwycgx,2024-06-25 16:01:36+00:00,0,0,0.121654905
synthetic_cloudtrail.csv:5068,fe:rphwycgx,2024-06-25 16:01:51+00:00,0,0,0.12163083
synthetic_cloudtrail.csv:5069,fe:rphwycgx,2024-06-25 16:02:17+00:00,0,0,0.12121976
synthetic_cloudtrail.csv:5070,fe:rphwycgx,2024-06-25 16:02:49+00:00,1,1,0.9950708
synthetic_cloudtrail.csv:5071,fe:rphwycgx,2024-06-25 16:03:10+00:00,0,0,0.19210935
synthetic_cloudtrail.csv:5072,fe:rphwycgx,2024-06-25 16:03:23+00:00,0,0,0.13044408
synthetic_cloudtrail.csv:2154,fe:rpixfm,2024-03-14 18:00:30+00:00,0,0,0.11663617
synthetic_cloudtrail.csv:2155,fe:rpixfm,2024-03-14 18:02:07+00:00,0,0,0.12441595
synthetic_cloudtrail.csv:2156,fe:rpixfm,2024-03-14 18:02:24+00:00,0,0,0.13073911
synthetic_cloudtrail.csv:2157,fe:rpixfm,2024-03-14 18:04:05+00:00,0,0,0.1148301
synthetic_cloudtrail.csv:2158,fe:rpixfm,2024-03-14 18:04:54+00:00,0,0,0.11613328
synthetic_cloudtrail.csv:2159,fe:rpixfm,2024-03-14 18:05:37+00:00,0,0,0.13396518
synthetic_cloudtrail.csv:2160,fe:rpixfm,2024-03-14 18:07:14+00:00,0,0,0.108166486
synthetic_cloudtrail.csv:2161,fe:rpixfm,2024-03-14 18:09:02+00:00,0,0,0.11725114
synthetic_cloudtrail.csv:2508,fe:rpkl,2024-03-27 16:00:21+00:00,0,0,0.12798385
synthetic_cloudtrail.csv:2509,fe:rpkl,2024-03-27 16:00:37+00:00,0,0,0.11584964
synthetic_cloudtrail.csv:2510,fe:rpkl,2024-03-27 16:01:06+00:00,0,0,0.13403247
synthetic_cloudtrail.csv:2511,fe:rpkl,2024-03-27 16:01:35+00:00,0,0,0.11549842
synthetic_cloudtrail.csv:2512,fe:rpkl,2024-03-27 16:01:42+00:00,0,0,0.11706743
synthetic_cloudtrail.csv:2513,fe:rpkl,2024-03-27 16:01:49+00:00,0,0,0.13119376
synthetic_cloudtrail.csv:2514,fe:rpkl,2024-03-27 16:02:15+00:00,1,1,0.99499065
synthetic_cloudtrail.csv:2515,fe:rpkl,2024-03-27 16:03:12+00:00,1,1,0.99561775
synthetic_cloudtrail.csv:2516,fe:rpkl,2024-03-27 16:03:29+00:00,1,1,0.99476695
synthetic_cloudtrail.csv:2517,fe:rpkl,2024-03-27 16:04:51+00:00,0,0,0.13294864
synthetic_cloudtrail.csv:2518,fe:rpkl,2024-03-27 16:05:05+00:00,0,0,0.115804955
synthetic_cloudtrail.csv:2519,fe:rpkl,2024-03-27 16:05:37+00:00,0,0,0.11975897
synthetic_cloudtrail.csv:7640,fe:rpujeh,2024-10-05 17:00:12+00:00,0,0,0.14545895
synthetic_cloudtrail.csv:7641,fe:rpujeh,2024-10-05 17:01:50+00:00,0,0,0.112313114
synthetic_cloudtrail.csv:7642,fe:rpujeh,2024-10-05 17:02:39+00:00,0,0,0.110406265
synthetic_cloudtrail.csv:7643,fe:rpujeh,2024-10-05 17:03:06+00:00,0,0,0.113759525
synthetic_cloudtrail.csv:7644,fe:rpujeh,2024-10-05 17:04:41+00:00,0,0,0.11824955
synthetic_cloudtrail.csv:7645,fe:rpujeh,2024-10-05 17:04:51+00:00,0,0,0.1309316
synthetic_cloudtrail.csv:7646,fe:rpujeh,2024-10-05 17:06:11+00:00,0,0,0.113699906
synthetic_cloudtrail.csv:7647,fe:rpujeh,2024-10-05 17:06:28+00:00,0,0,0.14844659
synthetic_cloudtrail.csv:7648,fe:rpujeh,2024-10-05 17:06:51+00:00,0,0,0.110367544
synthetic_cloudtrail.csv:7649,fe:rpujeh,2024-10-05 17:07:35+00:00,0,0,0.13761193
synthetic_cloudtrail.csv:7650,fe:rpujeh,2024-10-05 17:08:48+00:00,0,0,0.09677011
synthetic_cloudtrail.csv:7651,fe:rpujeh,2024-10-05 17:09:17+00:00,0,0,0.20395078
synthetic_cloudtrail.csv:7652,fe:rpujeh,2024-10-05 17:11:12+00:00,0,0,0.10004422
synthetic_cloudtrail.csv:7653,fe:rpujeh,2024-10-05 17:12:00+00:00,0,0,0.10722086
synthetic_cloudtrail.csv:7654,fe:rpujeh,2024-10-05 17:13:26+00:00,0,0,0.09907935
synthetic_cloudtrail.csv:7655,fe:rpujeh,2024-10-05 17:14:00+00:00,0,0,0.108857
synthetic_cloudtrail.csv:7656,fe:rpujeh,2024-10-05 17:15:18+00:00,0,0,0.12119657
synthetic_cloudtrail.csv:7657,fe:rpujeh,2024-10-05 17:16:28+00:00,0,0,0.107935786
synthetic_cloudtrail.csv:6663,fe:rqeauv,2024-08-28 11:01:32+00:00,0,0,0.125689
synthetic_cloudtrail.csv:6664,fe:rqeauv,2024-08-28 11:02:14+00:00,0,0,0.12525865
synthetic_cloudtrail.csv:6665,fe:rqeauv,2024-08-28 11:04:07+00:00,0,0,0.12936704
synthetic_cloudtrail.csv:6666,fe:rqeauv,2024-08-28 11:05:44+00:00,0,0,0.12093239
synthetic_cloudtrail.csv:6667,fe:rqeauv,2024-08-28 11:06:53+00:00,0,0,0.13502508
synthetic_cloudtrail.csv:6668,fe:rqeauv,2024-08-28 11:07:14+00:00,0,0,0.12439663
synthetic_cloudtrail.csv:6669,fe:rqeauv,2024-08-28 11:07:48+00:00,0,0,0.1251483
synthetic_cloudtrail.csv:6670,fe:rqeauv,2024-08-28 11:09:31+00:00,0,0,0.124281846
synthetic_cloudtrail.csv:6671,fe:rqeauv,2024-08-28 11:10:09+00:00,0,0,0.13135457
synthetic_cloudtrail.csv:9456,fe:rstr,2024-12-07 10:00:09+00:00,0,0,0.14065269
synthetic_cloudtrail.csv:9457,fe:rstr,2024-12-07 10:00:21+00:00,0,0,0.13760306
synthetic_cloudtrail.csv:9458,fe:rstr,2024-12-07 10:00:42+00:00,0,0,0.13537772
synthetic_cloudtrail.csv:9459,fe:rstr,2024-12-07 10:01:12+00:00,0,0,0.12856662
synthetic_cloudtrail.csv:9460,fe:rstr,2024-12-07 10:01:22+00:00,0,0,0.15946911
synthetic_cloudtrail.csv:9461,fe:rstr,2024-12-07 10:01:49+00:00,0,0,0.14122841
synthetic_cloudtrail.csv:9462,fe:rstr,2024-12-07 10:02:12+00:00,0,0,0.13728099
synthetic_cloudtrail.csv:9463,fe:rstr,2024-12-07 10:02:30+00:00,0,0,0.15613666
synthetic_cloudtrail.csv:9464,fe:rstr,2024-12-07 10:02:38+00:00,1,1,0.9955481
synthetic_cloudtrail.csv:9465,fe:rstr,2024-12-07 10:02:44+00:00,1,1,0.994574
synthetic_cloudtrail.csv:9466,fe:rstr,2024-12-07 10:04:09+00:00,0,0,0.112752244
synthetic_cloudtrail.csv:9467,fe:rstr,2024-12-07 10:05:25+00:00,0,0,0.120375134
synthetic_cloudtrail.csv:9468,fe:rstr,2024-12-07 10:06:17+00:00,0,0,0.15707986
synthetic_cloudtrail.csv:9469,fe:rstr,2024-12-07 10:07:45+00:00,1,0,0.34420592
synthetic_cloudtrail.csv:9470,fe:rstr,2024-12-07 10:08:30+00:00,0,0,0.1383541
synthetic_cloudtrail.csv:7220,fe:rsxqnj,2024-09-16 11:01:20+00:00,0,0,0.11495552
synthetic_cloudtrail.csv:7221,fe:rsxqnj,2024-09-16 11:01:58+00:00,0,0,0.26839477
synthetic_cloudtrail.csv:7222,fe:rsxqnj,2024-09-16 11:02:13+00:00,0,0,0.14330891
synthetic_cloudtrail.csv:7223,fe:rsxqnj,2024-09-16 11:03:53+00:00,0,0,0.12627439
synthetic_cloudtrail.csv:7224,fe:rsxqnj,2024-09-16 11:05:17+00:00,0,0,0.118962295
synthetic_cloudtrail.csv:7225,fe:rsxqnj,2024-09-16 11:06:38+00:00,0,0,0.12357787
synthetic_cloudtrail.csv:7226,fe:rsxqnj,2024-09-16 11:08:13+00:00,0,0,0.12125356
synthetic_cloudtrail.csv:7227,fe:rsxqnj,2024-09-16 11:09:31+00:00,0,0,0.14691103
synthetic_cloudtrail.csv:7228,fe:rsxqnj,2024-09-16 11:10:51+00:00,0,0,0.12457415
synthetic_cloudtrail.csv:3104,fe:rtjexs,2024-04-21 14:01:30+00:00,0,0,0.12875432
synthetic_cloudtrail.csv:3105,fe:rtjexs,2024-04-21 14:02:34+00:00,0,0,0.11811713
synthetic_cloudtrail.csv:3106,fe:rtjexs,2024-04-21 14:04:17+00:00,0,0,0.14725548
synthetic_cloudtrail.csv:3107,fe:rtjexs,2024-04-21 14:06:14+00:00,0,0,0.113020904
synthetic_cloudtrail.csv:3108,fe:rtjexs,2024-04-21 14:07:16+00:00,0,0,0.11574823
synthetic_cloudtrail.csv:3109,fe:rtjexs,2024-04-21 14:08:06+00:00,0,0,0.12131164
synthetic_cloudtrail.csv:3110,fe:rtjexs,2024-04-21 14:09:26+00:00,0,0,0.12277743
synthetic_cloudtrail.csv:3111,fe:rtjexs,2024-04-21 14:11:22+00:00,0,0,0.14597529
synthetic_cloudtrail.csv:3275,fe:rvdolw,2024-04-26 14:01:07+00:00,0,0,0.13088371
synthetic_cloudtrail.csv:3277,fe:rvdolw,2024-04-26 14:02:10+00:00,0,0,0.26031238
synthetic_cloudtrail.csv:3280,fe:rvdolw,2024-04-26 14:03:45+00:00,0,0,0.1287316
synthetic_cloudtrail.csv:3282,fe:rvdolw,2024-04-26 14:04:23+00:00,0,0,0.1273912
synthetic_cloudtrail.csv:3283,fe:rvdolw,2024-04-26 14:04:35+00:00,0,0,0.1429636
synthetic_cloudtrail.csv:3285,fe:rvdolw,2024-04-26 14:05:35+00:00,0,0,0.12490396
synthetic_cloudtrail.csv:3288,fe:rvdolw,2024-04-26 14:07:33+00:00,0,0,0.13582365
synthetic_cloudtrail.csv:3289,fe:rvdolw,2024-04-26 14:09:24+00:00,0,0,0.12561296
synthetic_cloudtrail.csv:3290,fe:rvdolw,2024-04-26 14:10:59+00:00,0,0,0.121543944
synthetic_cloudtrail.csv:3291,fe:rvdolw,2024-04-26 14:12:41+00:00,0,0,0.12216356
synthetic_cloudtrail.csv:3292,fe:rvdolw,2024-04-26 14:13:35+00:00,0,0,0.1333748
synthetic_cloudtrail.csv:3293,fe:rvdolw,2024-04-26 14:15:14+00:00,0,0,0.11387224
synthetic_cloudtrail.csv:3294,fe:rvdolw,2024-04-26 14:16:59+00:00,0,0,0.117704496
synthetic_cloudtrail.csv:3295,fe:rvdolw,2024-04-26 14:17:34+00:00,0,0,0.113057524
synthetic_cloudtrail.csv:3296,fe:rvdolw,2024-04-26 14:18:10+00:00,0,0,0.109236695
synthetic_cloudtrail.csv:3297,fe:rvdolw,2024-04-26 14:18:33+00:00,0,0,0.11778449
synthetic_cloudtrail.csv:3820,fe:rwckdi,2024-05-14 12:00:55+00:00,0,0,0.13278294
synthetic_cloudtrail.csv:3822,fe:rwckdi,2024-05-14 12:02:44+00:00,0,0,0.11297608
synthetic_cloudtrail.csv:3823,fe:rwckdi,2024-05-14 12:02:49+00:00,0,0,0.12832288
synthetic_cloudtrail.csv:3826,fe:rwckdi,2024-05-14 12:04:11+00:00,0,0,0.1341622
synthetic_cloudtrail.csv:3827,fe:rwckdi,2024-05-14 12:04:42+00:00,0,0,0.11248918
synthetic_cloudtrail.csv:3829,fe:rwckdi,2024-05-14 12:05:58+00:00,0,0,0.12113368
synthetic_cloudtrail.csv:3830,fe:rwckdi,2024-05-14 12:06:42+00:00,0,0,0.1501856
synthetic_cloudtrail.csv:3833,fe:rwckdi,2024-05-14 12:08:01+00:00,0,0,0.10674887
synthetic_cloudtrail.csv:3834,fe:rwckdi,2024-05-14 12:08:17+00:00,0,0,0.13435745
synthetic_cloudtrail.csv:3837,fe:rwckdi,2024-05-14 12:10:06+00:00,0,0,0.105695136
synthetic_cloudtrail.csv:3840,fe:rwckdi,2024-05-14 12:11:42+00:00,0,0,0.12321127
synthetic_cloudtrail.csv:3841,fe:rwckdi,2024-05-14 12:12:40+00:00,0,0,0.11671012
synthetic_cloudtrail.csv:632,fe:rwripe,2024-01-19 17:00:09+00:00,0,0,0.115280844
synthetic_cloudtrail.csv:633,fe:rwripe,2024-01-19 17:00:19+00:00,0,0,0.10454473
synthetic_cloudtrail.csv:634,fe:rwripe,2024-01-19 17:00:32+00:00,0,0,0.11142612
synthetic_cloudtrail.csv:635,fe:rwripe,2024-01-19 17:00:42+00:00,0,0,0.12281922
synthetic_cloudtrail.csv:636,fe:rwripe,2024-01-19 17:01:00+00:00,0,0,0.110976875
synthetic_cloudtrail.csv:637,fe:rwripe,2024-01-19 17:01:03+00:00,0,0,0.12298419
synthetic_cloudtrail.csv:638,fe:rwripe,2024-01-19 17:01:27+00:00,0,0,0.10855354
synthetic_cloudtrail.csv:639,fe:rwripe,2024-01-19 17:01:53+00:00,0,0,0.12127198
synthetic_cloudtrail.csv:640,fe:rwripe,2024-01-19 17:02:24+00:00,1,1,0.9957775
synthetic_cloudtrail.csv:641,fe:rwripe,2024-01-19 17:02:58+00:00,1,1,0.99648994
synthetic_cloudtrail.csv:642,fe:rwripe,2024-01-19 17:04:18+00:00,0,0,0.1544712
synthetic_cloudtrail.csv:643,fe:rwripe,2024-01-19 17:05:43+00:00,0,0,0.10551127
synthetic_cloudtrail.csv:9364,fe:rxnzfy,2024-12-04 13:00:22+00:00,0,0,0.12681563
synthetic_cloudtrail.csv:9365,fe:rxnzfy,2024-12-04 13:01:20+00:00,0,0,0.12623638
synthetic_cloudtrail.csv:9366,fe:rxnzfy,2024-12-04 13:01:52+00:00,0,0,0.10806469
synthetic_cloudtrail.csv:9367,fe:rxnzfy,2024-12-04 13:02:23+00:00,0,0,0.12523142
synthetic_cloudtrail.csv:9368,fe:rxnzfy,2024-12-04 13:02:28+00:00,0,0,0.13558792
synthetic_cloudtrail.csv:9369,fe:rxnzfy,2024-12-04 13:04:18+00:00,0,0,0.11982911
synthetic_cloudtrail.csv:9370,fe:rxnzfy,2024-12-04 13:06:01+00:00,0,0,0.11756849
synthetic_cloudtrail.csv:9371,fe:rxnzfy,2024-12-04 13:07:46+00:00,0,0,0.1195544
synthetic_cloudtrail.csv:9372,fe:rxnzfy,2024-12-04 13:09:20+00:00,0,0,0.11438108
synthetic_cloudtrail.csv:9373,fe:rxnzfy,2024-12-04 13:10:24+00:00,0,0,0.10963886
synthetic_cloudtrail.csv:9374,fe:rxnzfy,2024-12-04 13:11:57+00:00,0,0,0.10667028
synthetic_cloudtrail.csv:9375,fe:rxnzfy,2024-12-04 13:13:23+00:00,0,0,0.13127516
synthetic_cloudtrail.csv:9376,fe:rxnzfy,2024-12-04 13:14:44+00:00,0,0,0.113927975
synthetic_cloudtrail.csv:9377,fe:rxnzfy,2024-12-04 13:15:52+00:00,0,0,0.12364767
synthetic_cloudtrail.csv:9378,fe:rxnzfy,2024-12-04 13:16:12+00:00,0,0,0.11860335
synthetic_cloudtrail.csv:9379,fe:rxnzfy,2024-12-04 13:17:34+00:00,0,0,0.12650687
synthetic_cloudtrail.csv:9380,fe:rxnzfy,2024-12-04 13:18:07+00:00,0,0,0.12791426
synthetic_cloudtrail.csv:9381,fe:rxnzfy,2024-12-04 13:19:29+00:00,0,0,0.14765142
synthetic_cloudtrail.csv:9382,fe:rxnzfy,2024-12-04 13:19:52+00:00,0,0,0.12012259
synthetic_cloudtrail.csv:7705,fe:rzrhwawcdai,2024-10-07 16:00:30+00:00,0,0,0.13123396
synthetic_cloudtrail.csv:7706,fe:rzrhwawcdai,2024-10-07 16:00:37+00:00,0,0,0.13183586
synthetic_cloudtrail.csv:7707,fe:rzrhwawcdai,2024-10-07 16:00:46+00:00,0,0,0.12542269
synthetic_cloudtrail.csv:7708,fe:rzrhwawcdai,2024-10-07 16:01:05+00:00,0,0,0.14324832
synthetic_cloudtrail.csv:7709,fe:rzrhwawcdai,2024-10-07 16:01:12+00:00,0,0,0.13689652
synthetic_cloudtrail.csv:7710,fe:rzrhwawcdai,2024-10-07 16:01:19+00:00,0,0,0.13971964
synthetic_cloudtrail.csv:7711,fe:rzrhwawcdai,2024-10-07 16:01:22+00:00,0,0,0.124144986
synthetic_cloudtrail.csv:7712,fe:rzrhwawcdai,2024-10-07 16:02:19+00:00,1,1,0.9957408
synthetic_cloudtrail.csv:7713,fe:rzrhwawcdai,2024-10-07 16:03:03+00:00,1,1,0.9951792
synthetic_cloudtrail.csv:7714,fe:rzrhwawcdai,2024-10-07 16:03:34+00:00,0,0,0.13110642
synthetic_cloudtrail.csv:7715,fe:rzrhwawcdai,2024-10-07 16:04:07+00:00,0,0,0.14905795
synthetic_cloudtrail.csv:7716,fe:rzrhwawcdai,2024-10-07 16:04:50+00:00,0,0,0.13292621
synthetic_cloudtrail.csv:7717,fe:rzrhwawcdai,2024-10-07 16:05:04+00:00,0,0,0.17032403
synthetic_cloudtrail.csv:7718,fe:rzrhwawcdai,2024-10-07 16:05:51+00:00,0,0,0.12571971
synthetic_cloudtrail.csv:6388,fe:rztniqtn,2024-08-18 14:00:29+00:00,0,0,0.13087071
synthetic_cloudtrail.csv:6389,fe:rztniqtn,2024-08-18 14:00:52+00:00,0,0,0.10920619
synthetic_cloudtrail.csv:6390,fe:rztniqtn,2024-08-18 14:01:18+00:00,0,0,0.13435969
synthetic_cloudtrail.csv:6391,fe:rztniqtn,2024-08-18 14:01:42+00:00,0,0,0.11993098
synthetic_cloudtrail.csv:6392,fe:rztniqtn,2024-08-18 14:01:56+00:00,0,0,0.12092588
synthetic_cloudtrail.csv:6393,fe:rztniqtn,2024-08-18 14:02:13+00:00,0,0,0.12356629
synthetic_cloudtrail.csv:6394,fe:rztniqtn,2024-08-18 14:02:37+00:00,0,0,0.12141837
synthetic_cloudtrail.csv:6395,fe:rztniqtn,2024-08-18 14:03:32+00:00,1,1,0.99540734
synthetic_cloudtrail.csv:6396,fe:rztniqtn,2024-08-18 14:03:49+00:00,1,1,0.9954081
synthetic_cloudtrail.csv:6397,fe:rztniqtn,2024-08-18 14:04:31+00:00,1,1,0.8883165
synthetic_cloudtrail.csv:6398,fe:rztniqtn,2024-08-18 14:05:10+00:00,0,0,0.14375842
synthetic_cloudtrail.csv:6399,fe:rztniqtn,2024-08-18 14:05:29+00:00,0,0,0.13331094
synthetic_cloudtrail.csv:6400,fe:rztniqtn,2024-08-18 14:06:18+00:00,0,0,0.11228239
synthetic_cloudtrail.csv:4437,fe:sacgkeci,2024-06-03 17:09:06+00:00,0,0,0.17432357
synthetic_cloudtrail.csv:4438,fe:sacgkeci,2024-06-03 17:15:38+00:00,0,0,0.16415179
synthetic_cloudtrail.csv:5217,fe:saikbv,2024-07-03 10:02:00+00:00,0,0,0.10873782
synthetic_cloudtrail.csv:5218,fe:saikbv,2024-07-03 10:03:04+00:00,0,0,0.10688051
synthetic_cloudtrail.csv:5219,fe:saikbv,2024-07-03 10:04:28+00:00,0,0,0.11646744
synthetic_cloudtrail.csv:5220,fe:saikbv,2024-07-03 10:06:17+00:00,0,0,0.1509625
synthetic_cloudtrail.csv:5221,fe:saikbv,2024-07-03 10:06:43+00:00,0,0,0.10799735
synthetic_cloudtrail.csv:5222,fe:saikbv,2024-07-03 10:08:05+00:00,0,0,0.11039825
synthetic_cloudtrail.csv:5223,fe:saikbv,2024-07-03 10:09:48+00:00,0,0,0.11091379
synthetic_cloudtrail.csv:5224,fe:saikbv,2024-07-03 10:10:06+00:00,0,0,0.12141274
synthetic_cloudtrail.csv:5225,fe:saikbv,2024-07-03 10:12:02+00:00,0,0,0.11607831
synthetic_cloudtrail.csv:5226,fe:saikbv,2024-07-03 10:12:32+00:00,0,0,0.1376424
synthetic_cloudtrail.csv:5227,fe:saikbv,2024-07-03 10:14:08+00:00,0,0,0.12735578
synthetic_cloudtrail.csv:5228,fe:saikbv,2024-07-03 10:14:35+00:00,0,0,0.12596588
synthetic_cloudtrail.csv:5229,fe:saikbv,2024-07-03 10:16:06+00:00,0,0,0.117700994
synthetic_cloudtrail.csv:5230,fe:saikbv,2024-07-03 10:16:29+00:00,0,0,0.1569567
synthetic_cloudtrail.csv:5850,fe:sbmkox,2024-07-24 07:00:44+00:00,0,0,0.13702433
synthetic_cloudtrail.csv:5851,fe:sbmkox,2024-07-24 07:02:34+00:00,0,0,0.13799454
synthetic_cloudtrail.csv:5852,fe:sbmkox,2024-07-24 07:04:07+00:00,0,0,0.1097733
synthetic_cloudtrail.csv:5853,fe:sbmkox,2024-07-24 07:04:41+00:00,0,0,0.11938178
synthetic_cloudtrail.csv:5854,fe:sbmkox,2024-07-24 07:06:33+00:00,0,0,0.123854004
synthetic_cloudtrail.csv:5855,fe:sbmkox,2024-07-24 07:08:07+00:00,0,0,0.12190108
synthetic_cloudtrail.csv:5856,fe:sbmkox,2024-07-24 07:09:47+00:00,0,0,0.13560459
synthetic_cloudtrail.csv:5857,fe:sbmkox,2024-07-24 07:09:54+00:00,0,0,0.11850928
synthetic_cloudtrail.csv:5858,fe:sbmkox,2024-07-24 07:10:38+00:00,0,0,0.10631607
synthetic_cloudtrail.csv:5859,fe:sbmkox,2024-07-24 07:11:49+00:00,0,0,0.11887843
synthetic_cloudtrail.csv:5860,fe:sbmkox,2024-07-24 07:13:23+00:00,0,0,0.11444173
synthetic_cloudtrail.csv:5861,fe:sbmkox,2024-07-24 07:14:50+00:00,0,0,0.11195525
synthetic_cloudtrail.csv:5862,fe:sbmkox,2024-07-24 07:15:46+00:00,0,0,0.12630716
synthetic_cloudtrail.csv:5863,fe:sbmkox,2024-07-24 07:17:09+00:00,0,0,0.119865365
synthetic_cloudtrail.csv:5864,fe:sbmkox,2024-07-24 07:18:38+00:00,0,0,0.1203118
synthetic_cloudtrail.csv:5865,fe:sbmkox,2024-07-24 07:19:03+00:00,0,0,0.11503778
synthetic_cloudtrail.csv:5866,fe:sbmkox,2024-07-24 07:19:14+00:00,0,0,0.14845385
synthetic_cloudtrail.csv:5867,fe:sbmkox,2024-07-24 07:20:47+00:00,0,0,0.11599731
synthetic_cloudtrail.csv:5868,fe:sbmkox,2024-07-24 07:21:48+00:00,0,0,0.115774535
synthetic_cloudtrail.csv:3459,fe:sbxdbt,2024-05-01 13:00:15+00:00,0,0,0.11527591
synthetic_cloudtrail.csv:3460,fe:sbxdbt,2024-05-01 13:00:53+00:00,0,0,0.11752446
synthetic_cloudtrail.csv:3461,fe:sbxdbt,2024-05-01 13:01:52+00:00,0,0,0.1515252
synthetic_cloudtrail.csv:3462,fe:sbxdbt,2024-05-01 13:03:36+00:00,0,0,0.11226844
synthetic_cloudtrail.csv:3463,fe:sbxdbt,2024-05-01 13:03:54+00:00,0,0,0.11601093
synthetic_cloudtrail.csv:3464,fe:sbxdbt,2024-05-01 13:04:33+00:00,0,0,0.12399504
synthetic_cloudtrail.csv:3465,fe:sbxdbt,2024-05-01 13:06:23+00:00,0,0,0.11654618
synthetic_cloudtrail.csv:3466,fe:sbxdbt,2024-05-01 13:07:29+00:00,0,0,0.12489456
synthetic_cloudtrail.csv:3467,fe:sbxdbt,2024-05-01 13:08:41+00:00,0,0,0.1251827
synthetic_cloudtrail.csv:3468,fe:sbxdbt,2024-05-01 13:10:04+00:00,0,0,0.28370482
synthetic_cloudtrail.csv:3469,fe:sbxdbt,2024-05-01 13:11:43+00:00,0,0,0.15045641
synthetic_cloudtrail.csv:7992,fe:sfcjnc,2024-10-16 15:01:23+00:00,0,0,0.132321
synthetic_cloudtrail.csv:7993,fe:sfcjnc,2024-10-16 15:03:21+00:00,0,0,0.12187586
synthetic_cloudtrail.csv:7994,fe:sfcjnc,2024-10-16 15:04:51+00:00,0,0,0.12251261
synthetic_cloudtrail.csv:7995,fe:sfcjnc,2024-10-16 15:06:47+00:00,0,0,0.13933326
synthetic_cloudtrail.csv:7996,fe:sfcjnc,2024-10-16 15:07:08+00:00,0,0,0.12083682
synthetic_cloudtrail.csv:7997,fe:sfcjnc,2024-10-16 15:07:47+00:00,0,0,0.1328664
synthetic_cloudtrail.csv:7998,fe:sfcjnc,2024-10-16 15:07:57+00:00,0,0,0.13173245
synthetic_cloudtrail.csv:7999,fe:sfcjnc,2024-10-16 15:09:38+00:00,0,0,0.13882747
synthetic_cloudtrail.csv:8000,fe:sfcjnc,2024-10-16 15:11:01+00:00,0,0,0.12494839
synthetic_cloudtrail.csv:8001,fe:sfcjnc,2024-10-16 15:11:27+00:00,0,0,0.12651262
synthetic_cloudtrail.csv:8002,fe:sfcjnc,2024-10-16 15:12:11+00:00,0,0,0.1343651
synthetic_cloudtrail.csv:8003,fe:sfcjnc,2024-10-16 15:13:44+00:00,0,0,0.12251294
synthetic_cloudtrail.csv:8004,fe:sfcjnc,2024-10-16 15:15:18+00:00,0,0,0.13098276
synthetic_cloudtrail.csv:8005,fe:sfcjnc,2024-10-16 15:17:18+00:00,0,0,0.13468759
synthetic_cloudtrail.csv:8006,fe:sfcjnc,2024-10-16 15:17:37+00:00,0,0,0.11226618
synthetic_cloudtrail.csv:8007,fe:sfcjnc,2024-10-16 15:19:26+00:00,0,0,0.13726494
synthetic_cloudtrail.csv:8008,fe:sfcjnc,2024-10-16 15:20:55+00:00,0,0,0.118560076
synthetic_cloudtrail.csv:8009,fe:sfcjnc,2024-10-16 15:22:38+00:00,0,0,0.11951905
synthetic_cloudtrail.csv:291,fe:sfjvdyjwv,2024-01-12 10:00:14+00:00,0,0,0.1245533
synthetic_cloudtrail.csv:292,fe:sfjvdyjwv,2024-01-12 10:00:25+00:00,0,0,0.11522717
synthetic_cloudtrail.csv:293,fe:sfjvdyjwv,2024-01-12 10:00:55+00:00,0,0,0.119220294
synthetic_cloudtrail.csv:294,fe:sfjvdyjwv,2024-01-12 10:01:16+00:00,0,0,0.11688217
synthetic_cloudtrail.csv:295,fe:sfjvdyjwv,2024-01-12 10:01:26+00:00,0,0,0.12590782
synthetic_cloudtrail.csv:296,fe:sfjvdyjwv,2024-01-12 10:02:02+00:00,1,1,0.9933647
synthetic_cloudtrail.csv:297,fe:sfjvdyjwv,2024-01-12 10:02:21+00:00,1,1,0.9931211
synthetic_cloudtrail.csv:118,fe:sgoof,2024-01-07 11:02:24+00:00,0,0,0.17456415
synthetic_cloudtrail.csv:119,fe:sgoof,2024-01-07 11:11:17+00:00,0,0,0.12553333
synthetic_cloudtrail.csv:120,fe:sgoof,2024-01-07 11:15:19+00:00,0,0,0.16840376
synthetic_cloudtrail.csv:957,fe:shbxm,2024-02-03 11:00:24+00:00,0,0,0.14593223
synthetic_cloudtrail.csv:958,fe:shbxm,2024-02-03 11:00:43+00:00,0,0,0.1243468
synthetic_cloudtrail.csv:959,fe:shbxm,2024-02-03 11:00:47+00:00,0,0,0.11878855
synthetic_cloudtrail.csv:960,fe:shbxm,2024-02-03 11:00:58+00:00,0,0,0.12308571
synthetic_cloudtrail.csv:961,fe:shbxm,2024-02-03 11:01:09+00:00,1,1,0.99373347
synthetic_cloudtrail.csv:962,fe:shbxm,2024-02-03 11:01:51+00:00,1,1,0.99509805
synthetic_cloudtrail.csv:963,fe:shbxm,2024-02-03 11:02:45+00:00,1,1,0.99232036
synthetic_cloudtrail.csv:8540,fe:silq,2024-11-06 19:00:26+00:00,0,0,0.1246231
synthetic_cloudtrail.csv:8541,fe:silq,2024-11-06 19:00:52+00:00,0,0,0.13168259
synthetic_cloudtrail.csv:8542,fe:silq,2024-11-06 19:01:04+00:00,0,0,0.16348095
synthetic_cloudtrail.csv:8543,fe:silq,2024-11-06 19:01:57+00:00,1,1,0.99232566
synthetic_cloudtrail.csv:8544,fe:silq,2024-11-06 19:02:25+00:00,1,1,0.99239904
synthetic_cloudtrail.csv:8545,fe:silq,2024-11-06 19:03:02+00:00,1,1,0.99305445
synthetic_cloudtrail.csv:8546,fe:silq,2024-11-06 19:03:18+00:00,0,0,0.14944671
synthetic_cloudtrail.csv:8547,fe:silq,2024-11-06 19:03:42+00:00,0,0,0.13217281
synthetic_cloudtrail.csv:8972,fe:sipdlc,2024-11-21 18:01:58+00:00,0,0,0.118409015
synthetic_cloudtrail.csv:8973,fe:sipdlc,2024-11-21 18:03:54+00:00,0,0,0.10784702
synthetic_cloudtrail.csv:8974,fe:sipdlc,2024-11-21 18:05:11+00:00,0,0,0.11692092
synthetic_cloudtrail.csv:8975,fe:sipdlc,2024-11-21 18:05:58+00:00,0,0,0.12937585
synthetic_cloudtrail.csv:8976,fe:sipdlc,2024-11-21 18:07:26+00:00,0,0,0.12779105
synthetic_cloudtrail.csv:8977,fe:sipdlc,2024-11-21 18:09:04+00:00,0,0,0.11033212
synthetic_cloudtrail.csv:8978,fe:sipdlc,2024-11-21 18:10:40+00:00,0,0,0.22619085
synthetic_cloudtrail.csv:8979,fe:sipdlc,2024-11-21 18:11:30+00:00,0,0,0.12195803
synthetic_cloudtrail.csv:8980,fe:sipdlc,2024-11-21 18:13:19+00:00,0,0,0.118278764
synthetic_cloudtrail.csv:8981,fe:sipdlc,2024-11-21 18:15:15+00:00,0,0,0.13652554
synthetic_cloudtrail.csv:8982,fe:sipdlc,2024-11-21 18:15:39+00:00,0,0,0.108115576
synthetic_cloudtrail.csv:8983,fe:sipdlc,2024-11-21 18:15:59+00:00,0,0,0.11098571
synthetic_cloudtrail.csv:8984,fe:sipdlc,2024-11-21 18:16:58+00:00,0,0,0.104009196
synthetic_cloudtrail.csv:8985,fe:sipdlc,2024-11-21 18:18:13+00:00,0,0,0.11754609
synthetic_cloudtrail.csv:8986,fe:sipdlc,2024-11-21 18:18:52+00:00,0,0,0.13212518
synthetic_cloudtrail.csv:8987,fe:sipdlc,2024-11-21 18:20:02+00:00,0,0,0.11113608
synthetic_cloudtrail.csv:8988,fe:sipdlc,2024-11-21 18:21:19+00:00,0,0,0.10731437
synthetic_cloudtrail.csv:8989,fe:sipdlc,2024-11-21 18:21:27+00:00,0,0,0.13080792
synthetic_cloudtrail.csv:8990,fe:sipdlc,2024-11-21 18:21:50+00:00,0,0,0.10960422
synthetic_cloudtrail.csv:4297,fe:slxuqztgjp,2024-05-28 15:00:20+00:00,0,0,0.11234185
synthetic_cloudtrail.csv:4298,fe:slxuqztgjp,2024-05-28 15:00:49+00:00,0,0,0.11996196
synthetic_cloudtrail.csv:4299,fe:slxuqztgjp,2024-05-28 15:01:09+00:00,0,0,0.12656942
synthetic_cloudtrail.csv:4300,fe:slxuqztgjp,2024-05-28 15:01:17+00:00,0,0,0.13465819
synthetic_cloudtrail.csv:4301,fe:slxuqztgjp,2024-05-28 15:01:30+00:00,0,0,0.13194184
synthetic_cloudtrail.csv:4302,fe:slxuqztgjp,2024-05-28 15:01:50+00:00,1,1,0.99319756
synthetic_cloudtrail.csv:4303,fe:slxuqztgjp,2024-05-28 15:02:12+00:00,1,1,0.9911283
synthetic_cloudtrail.csv:9827,fe:sniwaj,2024-12-17 17:01:37+00:00,0,0,0.13626403
synthetic_cloudtrail.csv:9828,fe:sniwaj,2024-12-17 17:03:18+00:00,0,0,0.111702554
synthetic_cloudtrail.csv:9829,fe:sniwaj,2024-12-17 17:05:06+00:00,0,0,0.13185716
synthetic_cloudtrail.csv:9830,fe:sniwaj,2024-12-17 17:05:33+00:00,0,0,0.11396943
synthetic_cloudtrail.csv:9831,fe:sniwaj,2024-12-17 17:06:26+00:00,0,0,0.13719822
synthetic_cloudtrail.csv:9832,fe:sniwaj,2024-12-17 17:06:55+00:00,0,0,0.118192755
synthetic_cloudtrail.csv:9833,fe:sniwaj,2024-12-17 17:07:42+00:00,0,0,0.14246069
synthetic_cloudtrail.csv:9834,fe:sniwaj,2024-12-17 17:09:37+00:00,0,0,0.13513136
synthetic_cloudtrail.csv:9835,fe:sniwaj,2024-12-17 17:10:19+00:00,0,0,0.10682412
synthetic_cloudtrail.csv:9836,fe:sniwaj,2024-12-17 17:11:12+00:00,0,0,0.106528096
synthetic_cloudtrail.csv:9837,fe:sniwaj,2024-12-17 17:12:30+00:00,0,0,0.12840782
synthetic_cloudtrail.csv:9838,fe:sniwaj,2024-12-17 17:14:05+00:00,0,0,0.10533726
synthetic_cloudtrail.csv:9839,fe:sniwaj,2024-12-17 17:16:05+00:00,0,0,0.10638846
synthetic_cloudtrail.csv:9840,fe:sniwaj,2024-12-17 17:16:42+00:00,0,0,0.13103533
synthetic_cloudtrail.csv:9841,fe:sniwaj,2024-12-17 17:16:59+00:00,0,0,0.1189048
synthetic_cloudtrail.csv:7387,fe:sodagpqa,2024-09-20 10:00:11+00:00,0,0,0.12879124
synthetic_cloudtrail.csv:7388,fe:sodagpqa,2024-09-20 10:00:17+00:00,0,0,0.11694838
synthetic_cloudtrail.csv:7389,fe:sodagpqa,2024-09-20 10:00:46+00:00,0,0,0.11854221
synthetic_cloudtrail.csv:7390,fe:sodagpqa,2024-09-20 10:01:15+00:00,0,0,0.13791662
synthetic_cloudtrail.csv:7391,fe:sodagpqa,2024-09-20 10:01:25+00:00,0,0,0.10962956
synthetic_cloudtrail.csv:7392,fe:sodagpqa,2024-09-20 10:01:38+00:00,0,0,0.12674966
synthetic_cloudtrail.csv:7393,fe:sodagpqa,2024-09-20 10:01:49+00:00,0,0,0.118774585
synthetic_cloudtrail.csv:7394,fe:sodagpqa,2024-09-20 10:02:22+00:00,1,1,0.99509794
synthetic_cloudtrail.csv:7395,fe:sodagpqa,2024-09-20 10:03:17+00:00,0,0,0.12166942
synthetic_cloudtrail.csv:7396,fe:sodagpqa,2024-09-20 10:03:37+00:00,0,0,0.12598579
synthetic_cloudtrail.csv:7397,fe:sodagpqa,2024-09-20 10:04:44+00:00,0,0,0.14603965
synthetic_cloudtrail.csv:7398,fe:sodagpqa,2024-09-20 10:05:54+00:00,0,0,0.11187253
synthetic_cloudtrail.csv:6501,fe:srejgc,2024-08-21 17:01:56+00:00,0,0,0.11873744
synthetic_cloudtrail.csv:6502,fe:srejgc,2024-08-21 17:02:42+00:00,0,0,0.12087426
synthetic_cloudtrail.csv:6503,fe:srejgc,2024-08-21 17:04:10+00:00,0,0,0.13621591
synthetic_cloudtrail.csv:6504,fe:srejgc,2024-08-21 17:05:33+00:00,0,0,0.11913578
synthetic_cloudtrail.csv:6505,fe:srejgc,2024-08-21 17:05:56+00:00,0,0,0.14854717
synthetic_cloudtrail.csv:6506,fe:srejgc,2024-08-21 17:06:09+00:00,0,0,0.115464315
synthetic_cloudtrail.csv:6507,fe:srejgc,2024-08-21 17:07:51+00:00,0,0,0.11226693
synthetic_cloudtrail.csv:6508,fe:srejgc,2024-08-21 17:09:17+00:00,0,0,0.23470649
synthetic_cloudtrail.csv:6509,fe:srejgc,2024-08-21 17:11:13+00:00,0,0,0.1355708
synthetic_cloudtrail.csv:6510,fe:srejgc,2024-08-21 17:12:27+00:00,0,0,0.13219488
synthetic_cloudtrail.csv:6511,fe:srejgc,2024-08-21 17:14:25+00:00,0,0,0.13378058
synthetic_cloudtrail.csv:6512,fe:srejgc,2024-08-21 17:15:16+00:00,0,0,0.114860855
synthetic_cloudtrail.csv:6513,fe:srejgc,2024-08-21 17:16:07+00:00,0,0,0.1343128
synthetic_cloudtrail.csv:6514,fe:srejgc,2024-08-21 17:17:25+00:00,0,0,0.12096512
synthetic_cloudtrail.csv:6515,fe:srejgc,2024-08-21 17:18:19+00:00,0,0,0.11060547
synthetic_cloudtrail.csv:6516,fe:srejgc,2024-08-21 17:19:50+00:00,0,0,0.12114846
synthetic_cloudtrail.csv:674,fe:suqaip,2024-01-20 18:00:40+00:00,0,0,0.12414387
synthetic_cloudtrail.csv:677,fe:suqaip,2024-01-20 18:01:17+00:00,0,0,0.114242956
synthetic_cloudtrail.csv:679,fe:suqaip,2024-01-20 18:01:38+00:00,0,0,0.11473319
synthetic_cloudtrail.csv:681,fe:suqaip,2024-01-20 18:02:14+00:00,0,0,0.12626791
synthetic_cloudtrail.csv:684,fe:suqaip,2024-01-20 18:03:31+00:00,0,0,0.11678413
synthetic_cloudtrail.csv:687,fe:suqaip,2024-01-20 18:04:56+00:00,0,0,0.121601634
synthetic_cloudtrail.csv:688,fe:suqaip,2024-01-20 18:05:40+00:00,0,0,0.1135559
synthetic_cloudtrail.csv:690,fe:suqaip,2024-01-20 18:06:07+00:00,0,0,0.11033684
synthetic_cloudtrail.csv:691,fe:suqaip,2024-01-20 18:06:28+00:00,0,0,0.11841819
synthetic_cloudtrail.csv:692,fe:suqaip,2024-01-20 18:08:12+00:00,0,0,0.12455139
synthetic_cloudtrail.csv:693,fe:suqaip,2024-01-20 18:09:12+00:00,0,0,0.10540212
synthetic_cloudtrail.csv:694,fe:suqaip,2024-01-20 18:10:28+00:00,0,0,0.113935605
synthetic_cloudtrail.csv:121,fe:svsqhs,2024-01-07 13:00:58+00:00,0,0,0.12727697
synthetic_cloudtrail.csv:122,fe:svsqhs,2024-01-07 13:01:16+00:00,0,0,0.11879022
synthetic_cloudtrail.csv:123,fe:svsqhs,2024-01-07 13:03:00+00:00,0,0,0.12467228
synthetic_cloudtrail.csv:124,fe:svsqhs,2024-01-07 13:04:00+00:00,0,0,0.12057453
synthetic_cloudtrail.csv:125,fe:svsqhs,2024-01-07 13:05:46+00:00,0,0,0.15195888
synthetic_cloudtrail.csv:126,fe:svsqhs,2024-01-07 13:07:02+00:00,0,0,0.11353533
synthetic_cloudtrail.csv:127,fe:svsqhs,2024-01-07 13:07:52+00:00,0,0,0.1179722
synthetic_cloudtrail.csv:128,fe:svsqhs,2024-01-07 13:08:09+00:00,0,0,0.11716776
synthetic_cloudtrail.csv:6084,fe:swqxqj,2024-08-04 11:00:16+00:00,0,0,0.13477644
synthetic_cloudtrail.csv:6085,fe:swqxqj,2024-08-04 11:00:57+00:00,0,0,0.1292881
synthetic_cloudtrail.csv:6086,fe:swqxqj,2024-08-04 11:01:33+00:00,0,0,0.12898996
synthetic_cloudtrail.csv:6087,fe:swqxqj,2024-08-04 11:03:23+00:00,0,0,0.14899571
synthetic_cloudtrail.csv:6088,fe:swqxqj,2024-08-04 11:03:42+00:00,0,0,0.12737365
synthetic_cloudtrail.csv:6089,fe:swqxqj,2024-08-04 11:04:10+00:00,0,0,0.11362804
synthetic_cloudtrail.csv:6090,fe:swqxqj,2024-08-04 11:04:27+00:00,0,0,0.118819885
synthetic_cloudtrail.csv:6091,fe:swqxqj,2024-08-04 11:05:51+00:00,0,0,0.14810899
synthetic_cloudtrail.csv:6092,fe:swqxqj,2024-08-04 11:07:17+00:00,0,0,0.11646557
synthetic_cloudtrail.csv:6093,fe:swqxqj,2024-08-04 11:07:41+00:00,0,0,0.112011254
synthetic_cloudtrail.csv:6094,fe:swqxqj,2024-08-04 11:08:15+00:00,0,0,0.13475776
synthetic_cloudtrail.csv:6095,fe:swqxqj,2024-08-04 11:10:11+00:00,0,0,0.1076734
synthetic_cloudtrail.csv:6096,fe:swqxqj,2024-08-04 11:10:50+00:00,0,0,0.11252518
synthetic_cloudtrail.csv:6097,fe:swqxqj,2024-08-04 11:11:29+00:00,0,0,0.11384902
synthetic_cloudtrail.csv:6098,fe:swqxqj,2024-08-04 11:13:02+00:00,0,0,0.11328447
synthetic_cloudtrail.csv:6099,fe:swqxqj,2024-08-04 11:13:44+00:00,0,0,0.14100169
synthetic_cloudtrail.csv:6100,fe:swqxqj,2024-08-04 11:15:04+00:00,0,0,0.12316572
synthetic_cloudtrail.csv:904,fe:sxufzh,2024-02-01 17:00:40+00:00,0,0,0.12904337
synthetic_cloudtrail.csv:905,fe:sxufzh,2024-02-01 17:01:25+00:00,0,0,0.13766387
synthetic_cloudtrail.csv:906,fe:sxufzh,2024-02-01 17:01:58+00:00,0,0,0.12075324
synthetic_cloudtrail.csv:907,fe:sxufzh,2024-02-01 17:03:14+00:00,0,0,0.12755999
synthetic_cloudtrail.csv:908,fe:sxufzh,2024-02-01 17:03:23+00:00,0,0,0.13166061
synthetic_cloudtrail.csv:909,fe:sxufzh,2024-02-01 17:05:21+00:00,0,0,0.13623106
synthetic_cloudtrail.csv:910,fe:sxufzh,2024-02-01 17:05:38+00:00,0,0,0.12027823
synthetic_cloudtrail.csv:911,fe:sxufzh,2024-02-01 17:05:52+00:00,0,0,0.15110357
synthetic_cloudtrail.csv:912,fe:sxufzh,2024-02-01 17:07:05+00:00,0,0,0.11388234
synthetic_cloudtrail.csv:913,fe:sxufzh,2024-02-01 17:08:52+00:00,0,0,0.124804415
synthetic_cloudtrail.csv:914,fe:sxufzh,2024-02-01 17:10:10+00:00,0,0,0.115762845
synthetic_cloudtrail.csv:915,fe:sxufzh,2024-02-01 17:11:06+00:00,0,0,0.10920401
synthetic_cloudtrail.csv:916,fe:sxufzh,2024-02-01 17:12:11+00:00,0,0,0.11277418
synthetic_cloudtrail.csv:917,fe:sxufzh,2024-02-01 17:12:16+00:00,0,0,0.12546717
synthetic_cloudtrail.csv:918,fe:sxufzh,2024-02-01 17:14:00+00:00,0,0,0.11291081
synthetic_cloudtrail.csv:2385,fe:syeuhx,2024-03-24 19:00:07+00:00,0,0,0.13224211
synthetic_cloudtrail.csv:2387,fe:syeuhx,2024-03-24 19:00:21+00:00,0,0,0.11828127
synthetic_cloudtrail.csv:2390,fe:syeuhx,2024-03-24 19:01:11+00:00,0,0,0.12883961
synthetic_cloudtrail.csv:2392,fe:syeuhx,2024-03-24 19:01:40+00:00,0,0,0.108592704
synthetic_cloudtrail.csv:2394,fe:syeuhx,2024-03-24 19:02:03+00:00,0,0,0.11573515
synthetic_cloudtrail.csv:2398,fe:syeuhx,2024-03-24 19:03:02+00:00,0,0,0.12491649
synthetic_cloudtrail.csv:2403,fe:syeuhx,2024-03-24 19:04:46+00:00,0,0,0.115697585
synthetic_cloudtrail.csv:2405,fe:syeuhx,2024-03-24 19:05:43+00:00,0,0,0.12422225
synthetic_cloudtrail.csv:2406,fe:syeuhx,2024-03-24 19:06:24+00:00,0,0,0.14916345
synthetic_cloudtrail.csv:2407,fe:syeuhx,2024-03-24 19:07:37+00:00,0,0,0.14245377
synthetic_cloudtrail.csv:2408,fe:syeuhx,2024-03-24 19:09:15+00:00,0,0,0.12458754
synthetic_cloudtrail.csv:2409,fe:syeuhx,2024-03-24 19:10:48+00:00,0,0,0.12998009
synthetic_cloudtrail.csv:2410,fe:syeuhx,2024-03-24 19:12:23+00:00,0,0,0.119764276
synthetic_cloudtrail.csv:2411,fe:syeuhx,2024-03-24 19:13:38+00:00,0,0,0.17064841
synthetic_cloudtrail.csv:3821,fe:szvlcj,2024-05-14 12:01:08+00:00,0,0,0.1314591
synthetic_cloudtrail.csv:3824,fe:szvlcj,2024-05-14 12:03:06+00:00,0,0,0.12836914
synthetic_cloudtrail.csv:3825,fe:szvlcj,2024-05-14 12:03:58+00:00,0,0,0.13851552
synthetic_cloudtrail.csv:3828,fe:szvlcj,2024-05-14 12:05:41+00:00,0,0,0.12190311
synthetic_cloudtrail.csv:3831,fe:szvlcj,2024-05-14 12:07:03+00:00,0,0,0.13131054
synthetic_cloudtrail.csv:3832,fe:szvlcj,2024-05-14 12:07:26+00:00,0,0,0.12667675
synthetic_cloudtrail.csv:3835,fe:szvlcj,2024-05-14 12:08:25+00:00,0,0,0.12743384
synthetic_cloudtrail.csv:3836,fe:szvlcj,2024-05-14 12:10:04+00:00,0,0,0.13763113
synthetic_cloudtrail.csv:3838,fe:szvlcj,2024-05-14 12:11:28+00:00,0,0,0.16157612
synthetic_cloudtrail.csv:3839,fe:szvlcj,2024-05-14 12:11:41+00:00,0,0,0.119357154
synthetic_cloudtrail.csv:3842,fe:szvlcj,2024-05-14 12:12:50+00:00,0,0,0.13947183
synthetic_cloudtrail.csv:3843,fe:szvlcj,2024-05-14 12:14:45+00:00,0,0,0.4627005
synthetic_cloudtrail.csv:3844,fe:szvlcj,2024-05-14 12:16:28+00:00,0,0,0.15730296
synthetic_cloudtrail.csv:3845,fe:szvlcj,2024-05-14 12:17:34+00:00,0,0,0.1478897
synthetic_cloudtrail.csv:3846,fe:szvlcj,2024-05-14 12:17:44+00:00,0,0,0.1314994
synthetic_cloudtrail.csv:1777,fe:tawvpcpbpiza,2024-03-02 15:00:16+00:00,0,0,0.13442282
synthetic_cloudtrail.csv:1778,fe:tawvpcpbpiza,2024-03-02 15:00:37+00:00,0,0,0.14070779
synthetic_cloudtrail.csv:1779,fe:tawvpcpbpiza,2024-03-02 15:00:56+00:00,0,0,0.13530554
synthetic_cloudtrail.csv:1780,fe:tawvpcpbpiza,2024-03-02 15:01:17+00:00,1,1,0.9918235
synthetic_cloudtrail.csv:1781,fe:tawvpcpbpiza,2024-03-02 15:01:27+00:00,1,1,0.9893176
synthetic_cloudtrail.csv:8459,fe:tcxaap,2024-11-04 07:00:32+00:00,0,0,0.12641701
synthetic_cloudtrail.csv:8460,fe:tcxaap,2024-11-04 07:01:51+00:00,0,0,0.12795368
synthetic_cloudtrail.csv:8461,fe:tcxaap,2024-11-04 07:03:32+00:00,0,0,0.1244564
synthetic_cloudtrail.csv:8462,fe:tcxaap,2024-11-04 07:05:16+00:00,0,0,0.15197326
synthetic_cloudtrail.csv:8463,fe:tcxaap,2024-11-04 07:06:54+00:00,0,0,0.13356958
synthetic_cloudtrail.csv:8464,fe:tcxaap,2024-11-04 07:07:10+00:00,0,0,0.13031358
synthetic_cloudtrail.csv:8465,fe:tcxaap,2024-11-04 07:09:08+00:00,0,0,0.11739815
synthetic_cloudtrail.csv:8466,fe:tcxaap,2024-11-04 07:09:21+00:00,0,0,0.121169515
synthetic_cloudtrail.csv:8467,fe:tcxaap,2024-11-04 07:10:43+00:00,0,0,0.240072
synthetic_cloudtrail.csv:8468,fe:tcxaap,2024-11-04 07:11:39+00:00,0,0,0.12331975
synthetic_cloudtrail.csv:8469,fe:tcxaap,2024-11-04 07:12:10+00:00,0,0,0.1306006
synthetic_cloudtrail.csv:8470,fe:tcxaap,2024-11-04 07:13:55+00:00,0,0,0.1537894
synthetic_cloudtrail.csv:8471,fe:tcxaap,2024-11-04 07:15:33+00:00,0,0,0.11636357
synthetic_cloudtrail.csv:8472,fe:tcxaap,2024-11-04 07:17:02+00:00,0,0,0.12425724
synthetic_cloudtrail.csv:8473,fe:tcxaap,2024-11-04 07:17:33+00:00,0,0,0.14440027
synthetic_cloudtrail.csv:8474,fe:tcxaap,2024-11-04 07:19:09+00:00,0,0,0.12566231
synthetic_cloudtrail.csv:8475,fe:tcxaap,2024-11-04 07:20:24+00:00,0,0,0.12501162
synthetic_cloudtrail.csv:9154,fe:tdbjku,2024-11-26 10:08:37+00:00,0,0,0.18070321
synthetic_cloudtrail.csv:9157,fe:tdbjku,2024-11-26 10:11:53+00:00,0,0,0.17929153
synthetic_cloudtrail.csv:9158,fe:tdbjku,2024-11-26 10:20:01+00:00,0,0,0.18718277
synthetic_cloudtrail.csv:9159,fe:tdbjku,2024-11-26 10:25:43+00:00,0,0,0.16694693
synthetic_cloudtrail.csv:9160,fe:tdbjku,2024-11-26 10:28:05+00:00,0,0,0.16501196
synthetic_cloudtrail.csv:1417,fe:tdnlcrlbmzak,2024-02-17 13:00:05+00:00,0,0,0.12484153
synthetic_cloudtrail.csv:1418,fe:tdnlcrlbmzak,2024-02-17 13:00:12+00:00,0,0,0.13963781
synthetic_cloudtrail.csv:1419,fe:tdnlcrlbmzak,2024-02-17 13:00:38+00:00,0,0,0.13038602
synthetic_cloudtrail.csv:1420,fe:tdnlcrlbmzak,2024-02-17 13:00:44+00:00,0,0,0.12872893
synthetic_cloudtrail.csv:1421,fe:tdnlcrlbmzak,2024-02-17 13:01:36+00:00,1,1,0.99467295
synthetic_cloudtrail.csv:1422,fe:tdnlcrlbmzak,2024-02-17 13:02:24+00:00,0,0,0.1230388
synthetic_cloudtrail.csv:1423,fe:tdnlcrlbmzak,2024-02-17 13:02:47+00:00,0,0,0.12668702
synthetic_cloudtrail.csv:1424,fe:tdnlcrlbmzak,2024-02-17 13:03:05+00:00,0,0,0.1302335
synthetic_cloudtrail.csv:2681,fe:tebhow,2024-04-07 17:01:57+00:00,0,0,0.1195965
synthetic_cloudtrail.csv:2682,fe:tebhow,2024-04-07 17:02:50+00:00,0,0,0.12052951
synthetic_cloudtrail.csv:2683,fe:tebhow,2024-04-07 17:03:29+00:00,0,0,0.12433995
synthetic_cloudtrail.csv:2684,fe:tebhow,2024-04-07 17:03:46+00:00,0,0,0.13022473
synthetic_cloudtrail.csv:2685,fe:tebhow,2024-04-07 17:04:37+00:00,0,0,0.16171965
synthetic_cloudtrail.csv:2686,fe:tebhow,2024-04-07 17:06:08+00:00,0,0,0.12794407
synthetic_cloudtrail.csv:2687,fe:tebhow,2024-04-07 17:07:58+00:00,0,0,0.1386399
synthetic_cloudtrail.csv:2688,fe:tebhow,2024-04-07 17:09:35+00:00,0,0,0.11292982
synthetic_cloudtrail.csv:2689,fe:tebhow,2024-04-07 17:11:08+00:00,0,0,0.11432252
synthetic_cloudtrail.csv:2690,fe:tebhow,2024-04-07 17:12:51+00:00,0,0,0.114758305
synthetic_cloudtrail.csv:2691,fe:tebhow,2024-04-07 17:14:47+00:00,0,0,0.12525609
synthetic_cloudtrail.csv:3032,fe:telroh,2024-04-19 13:01:11+00:00,0,0,0.1326641
synthetic_cloudtrail.csv:3033,fe:telroh,2024-04-19 13:01:33+00:00,0,0,0.13833758
synthetic_cloudtrail.csv:3034,fe:telroh,2024-04-19 13:01:53+00:00,0,0,0.14330791
synthetic_cloudtrail.csv:3035,fe:telroh,2024-04-19 13:03:06+00:00,0,0,0.13709614
synthetic_cloudtrail.csv:3036,fe:telroh,2024-04-19 13:04:19+00:00,0,0,0.11558427
synthetic_cloudtrail.csv:3037,fe:telroh,2024-04-19 13:05:35+00:00,0,0,0.117424
synthetic_cloudtrail.csv:3038,fe:telroh,2024-04-19 13:07:33+00:00,0,0,0.1303376
synthetic_cloudtrail.csv:3039,fe:telroh,2024-04-19 13:08:44+00:00,0,0,0.113662854
synthetic_cloudtrail.csv:3040,fe:telroh,2024-04-19 13:10:13+00:00,0,0,0.11913565
synthetic_cloudtrail.csv:3041,fe:telroh,2024-04-19 13:10:45+00:00,0,0,0.10898519
synthetic_cloudtrail.csv:3042,fe:telroh,2024-04-19 13:11:16+00:00,0,0,0.12651195
synthetic_cloudtrail.csv:875,fe:tgbyc,2024-01-28 13:00:13+00:00,0,0,0.12392731
synthetic_cloudtrail.csv:876,fe:tgbyc,2024-01-28 13:00:27+00:00,0,0,0.098213494
synthetic_cloudtrail.csv:877,fe:tgbyc,2024-01-28 13:00:56+00:00,0,0,0.11278281
synthetic_cloudtrail.csv:878,fe:tgbyc,2024-01-28 13:01:20+00:00,0,0,0.11440839
synthetic_cloudtrail.csv:879,fe:tgbyc,2024-01-28 13:01:44+00:00,0,0,0.11089099
synthetic_cloudtrail.csv:880,fe:tgbyc,2024-01-28 13:02:04+00:00,1,1,0.9949242
synthetic_cloudtrail.csv:881,fe:tgbyc,2024-01-28 13:02:46+00:00,1,1,0.99554837
synthetic_cloudtrail.csv:882,fe:tgbyc,2024-01-28 13:03:26+00:00,1,1,0.9941918
synthetic_cloudtrail.csv:883,fe:tgbyc,2024-01-28 13:04:09+00:00,0,0,0.10250742
synthetic_cloudtrail.csv:884,fe:tgbyc,2024-01-28 13:04:19+00:00,0,0,0.14016482
synthetic_cloudtrail.csv:885,fe:tgbyc,2024-01-28 13:05:17+00:00,0,0,0.14668329
synthetic_cloudtrail.csv:5003,fe:tgelou,2024-06-23 08:01:37+00:00,0,0,0.1538968
synthetic_cloudtrail.csv:5004,fe:tgelou,2024-06-23 08:02:22+00:00,0,0,0.31144562
synthetic_cloudtrail.csv:5005,fe:tgelou,2024-06-23 08:03:42+00:00,0,0,0.13056484
synthetic_cloudtrail.csv:5006,fe:tgelou,2024-06-23 08:05:05+00:00,0,0,0.16143711
synthetic_cloudtrail.csv:5007,fe:tgelou,2024-06-23 08:05:51+00:00,0,0,0.13535735
synthetic_cloudtrail.csv:5008,fe:tgelou,2024-06-23 08:07:08+00:00,0,0,0.14827517
synthetic_cloudtrail.csv:5009,fe:tgelou,2024-06-23 08:08:17+00:00,0,0,0.16008088
synthetic_cloudtrail.csv:5010,fe:tgelou,2024-06-23 08:08:53+00:00,0,0,0.27672428
synthetic_cloudtrail.csv:5011,fe:tgelou,2024-06-23 08:08:59+00:00,0,0,0.1185976
synthetic_cloudtrail.csv:5012,fe:tgelou,2024-06-23 08:09:36+00:00,0,0,0.12458358
synthetic_cloudtrail.csv:5013,fe:tgelou,2024-06-23 08:11:22+00:00,0,0,0.13503926
synthetic_cloudtrail.csv:5014,fe:tgelou,2024-06-23 08:12:26+00:00,0,0,0.1257443
synthetic_cloudtrail.csv:5015,fe:tgelou,2024-06-23 08:13:28+00:00,0,0,0.12108134
synthetic_cloudtrail.csv:724,fe:tmvgxhs,2024-01-23 09:00:29+00:00,0,0,0.11836397
synthetic_cloudtrail.csv:725,fe:tmvgxhs,2024-01-23 09:00:57+00:00,0,0,0.11246787
synthetic_cloudtrail.csv:726,fe:tmvgxhs,2024-01-23 09:01:26+00:00,0,0,0.114725105
synthetic_cloudtrail.csv:727,fe:tmvgxhs,2024-01-23 09:01:29+00:00,0,0,0.12199727
synthetic_cloudtrail.csv:728,fe:tmvgxhs,2024-01-23 09:01:38+00:00,0,0,0.14473853
synthetic_cloudtrail.csv:729,fe:tmvgxhs,2024-01-23 09:01:43+00:00,1,1,0.99593997
synthetic_cloudtrail.csv:730,fe:tmvgxhs,2024-01-23 09:01:58+00:00,0,0,0.11827951
synthetic_cloudtrail.csv:731,fe:tmvgxhs,2024-01-23 09:02:20+00:00,0,0,0.15337627
synthetic_cloudtrail.csv:732,fe:tmvgxhs,2024-01-23 09:02:39+00:00,0,0,0.1568748
synthetic_cloudtrail.csv:5016,fe:tpeinn,2024-06-23 15:01:10+00:00,0,0,0.12722145
synthetic_cloudtrail.csv:5017,fe:tpeinn,2024-06-23 15:01:33+00:00,0,0,0.12262343
synthetic_cloudtrail.csv:5018,fe:tpeinn,2024-06-23 15:03:00+00:00,0,0,0.1161223
synthetic_cloudtrail.csv:5019,fe:tpeinn,2024-06-23 15:04:10+00:00,0,0,0.11633462
synthetic_cloudtrail.csv:5020,fe:tpeinn,2024-06-23 15:05:26+00:00,0,0,0.12162774
synthetic_cloudtrail.csv:5021,fe:tpeinn,2024-06-23 15:06:27+00:00,0,0,0.12415787
synthetic_cloudtrail.csv:5022,fe:tpeinn,2024-06-23 15:06:58+00:00,0,0,0.12825435
synthetic_cloudtrail.csv:5023,fe:tpeinn,2024-06-23 15:07:14+00:00,0,0,0.2597131
synthetic_cloudtrail.csv:5024,fe:tpeinn,2024-06-23 15:07:24+00:00,0,0,0.118072644
synthetic_cloudtrail.csv:5025,fe:tpeinn,2024-06-23 15:08:13+00:00,0,0,0.13427731
synthetic_cloudtrail.csv:5026,fe:tpeinn,2024-06-23 15:09:15+00:00,0,0,0.13240457
synthetic_cloudtrail.csv:5027,fe:tpeinn,2024-06-23 15:10:33+00:00,0,0,0.11941191
synthetic_cloudtrail.csv:5028,fe:tpeinn,2024-06-23 15:10:49+00:00,0,0,0.12882556
synthetic_cloudtrail.csv:5029,fe:tpeinn,2024-06-23 15:11:06+00:00,0,0,0.11088129
synthetic_cloudtrail.csv:5030,fe:tpeinn,2024-06-23 15:12:01+00:00,0,0,0.113551244
synthetic_cloudtrail.csv:5031,fe:tpeinn,2024-06-23 15:12:53+00:00,0,0,0.11992681
synthetic_cloudtrail.csv:5032,fe:tpeinn,2024-06-23 15:13:35+00:00,0,0,0.122201286
synthetic_cloudtrail.csv:8876,fe:tqgl,2024-11-18 08:00:04+00:00,0,0,0.121397726
synthetic_cloudtrail.csv:8877,fe:tqgl,2024-11-18 08:00:13+00:00,0,0,0.12999968
synthetic_cloudtrail.csv:8878,fe:tqgl,2024-11-18 08:00:38+00:00,0,0,0.11267683
synthetic_cloudtrail.csv:8879,fe:tqgl,2024-11-18 08:00:51+00:00,0,0,0.122966595
synthetic_cloudtrail.csv:8880,fe:tqgl,2024-11-18 08:01:18+00:00,0,0,0.13541724
synthetic_cloudtrail.csv:8881,fe:tqgl,2024-11-18 08:01:25+00:00,0,0,0.12530287
synthetic_cloudtrail.csv:8882,fe:tqgl,2024-11-18 08:01:31+00:00,1,1,0.9947753
synthetic_cloudtrail.csv:8883,fe:tqgl,2024-11-18 08:02:06+00:00,1,1,0.99598384
synthetic_cloudtrail.csv:8884,fe:tqgl,2024-11-18 08:02:31+00:00,1,1,0.9939871
synthetic_cloudtrail.csv:7788,fe:trexsnlgtysw,2024-10-09 13:00:11+00:00,0,0,0.13189255
synthetic_cloudtrail.csv:7789,fe:trexsnlgtysw,2024-10-09 13:00:26+00:00,0,0,0.12025925
synthetic_cloudtrail.csv:7790,fe:trexsnlgtysw,2024-10-09 13:00:39+00:00,0,0,0.12676345
synthetic_cloudtrail.csv:7791,fe:trexsnlgtysw,2024-10-09 13:01:19+00:00,1,1,0.991956
synthetic_cloudtrail.csv:7792,fe:trexsnlgtysw,2024-10-09 13:01:39+00:00,1,1,0.9946077
synthetic_cloudtrail.csv:7793,fe:trexsnlgtysw,2024-10-09 13:01:51+00:00,1,1,0.9914158
synthetic_cloudtrail.csv:2309,fe:tsesks,2024-03-20 08:00:45+00:00,0,0,0.13193537
synthetic_cloudtrail.csv:2310,fe:tsesks,2024-03-20 08:01:08+00:00,0,0,0.118301116
synthetic_cloudtrail.csv:2311,fe:tsesks,2024-03-20 08:02:22+00:00,0,0,0.3915335
synthetic_cloudtrail.csv:2312,fe:tsesks,2024-03-20 08:03:07+00:00,0,0,0.16983804
synthetic_cloudtrail.csv:2313,fe:tsesks,2024-03-20 08:03:38+00:00,0,0,0.119732946
synthetic_cloudtrail.csv:2314,fe:tsesks,2024-03-20 08:03:52+00:00,0,0,0.14681794
synthetic_cloudtrail.csv:2315,fe:tsesks,2024-03-20 08:04:52+00:00,0,0,0.11341153
synthetic_cloudtrail.csv:2316,fe:tsesks,2024-03-20 08:06:28+00:00,0,0,0.12029602
synthetic_cloudtrail.csv:8943,fe:ttgggk,2024-11-21 08:00:18+00:00,0,0,0.13773869
synthetic_cloudtrail.csv:8944,fe:ttgggk,2024-11-21 08:01:22+00:00,0,0,0.12848142
synthetic_cloudtrail.csv:8945,fe:ttgggk,2024-11-21 08:02:27+00:00,0,0,0.13968237
synthetic_cloudtrail.csv:8946,fe:ttgggk,2024-11-21 08:03:57+00:00,0,0,0.13218012
synthetic_cloudtrail.csv:8947,fe:ttgggk,2024-11-21 08:05:39+00:00,0,0,0.15155935
synthetic_cloudtrail.csv:8948,fe:ttgggk,2024-11-21 08:06:32+00:00,0,0,0.2645302
synthetic_cloudtrail.csv:8949,fe:ttgggk,2024-11-21 08:07:52+00:00,0,0,0.13207453
synthetic_cloudtrail.csv:8950,fe:ttgggk,2024-11-21 08:08:13+00:00,0,0,0.11229383
synthetic_cloudtrail.csv:8951,fe:ttgggk,2024-11-21 08:08:49+00:00,0,0,0.11393632
synthetic_cloudtrail.csv:8952,fe:ttgggk,2024-11-21 08:10:00+00:00,0,0,0.12542818
synthetic_cloudtrail.csv:8953,fe:ttgggk,2024-11-21 08:11:49+00:00,0,0,0.11452595
synthetic_cloudtrail.csv:8954,fe:ttgggk,2024-11-21 08:12:37+00:00,0,0,0.28551528
synthetic_cloudtrail.csv:8955,fe:ttgggk,2024-11-21 08:12:57+00:00,0,0,0.11920926
synthetic_cloudtrail.csv:8956,fe:ttgggk,2024-11-21 08:14:31+00:00,0,0,0.110214524
synthetic_cloudtrail.csv:8957,fe:ttgggk,2024-11-21 08:15:43+00:00,0,0,0.26530376
synthetic_cloudtrail.csv:8958,fe:ttgggk,2024-11-21 08:17:34+00:00,0,0,0.14031881
synthetic_cloudtrail.csv:8959,fe:ttgggk,2024-11-21 08:18:50+00:00,0,0,0.12723738
synthetic_cloudtrail.csv:8960,fe:ttgggk,2024-11-21 08:19:36+00:00,0,0,0.122008465
synthetic_cloudtrail.csv:8961,fe:ttgggk,2024-11-21 08:20:16+00:00,0,0,0.16570774
synthetic_cloudtrail.csv:8962,fe:ttgggk,2024-11-21 08:21:28+00:00,0,0,0.11561637
synthetic_cloudtrail.csv:7336,fe:ttjirr,2024-09-18 19:01:08+00:00,0,0,0.112983644
synthetic_cloudtrail.csv:7338,fe:ttjirr,2024-09-18 19:02:41+00:00,0,0,0.11105332
synthetic_cloudtrail.csv:7339,fe:ttjirr,2024-09-18 19:03:15+00:00,0,0,0.121025294
synthetic_cloudtrail.csv:7341,fe:ttjirr,2024-09-18 19:03:47+00:00,0,0,0.14873922
synthetic_cloudtrail.csv:7343,fe:ttjirr,2024-09-18 19:05:43+00:00,0,0,0.118942484
synthetic_cloudtrail.csv:7344,fe:ttjirr,2024-09-18 19:05:59+00:00,0,0,0.12523812
synthetic_cloudtrail.csv:7346,fe:ttjirr,2024-09-18 19:07:10+00:00,0,0,0.13007575
synthetic_cloudtrail.csv:7348,fe:ttjirr,2024-09-18 19:07:50+00:00,0,0,0.11759121
synthetic_cloudtrail.csv:7349,fe:ttjirr,2024-09-18 19:08:22+00:00,0,0,0.12968954
synthetic_cloudtrail.csv:7353,fe:ttjirr,2024-09-18 19:10:13+00:00,0,0,0.1411845
synthetic_cloudtrail.csv:7354,fe:ttjirr,2024-09-18 19:11:04+00:00,0,0,0.2730693
synthetic_cloudtrail.csv:7359,fe:ttjirr,2024-09-18 19:12:50+00:00,0,0,0.14719301
synthetic_cloudtrail.csv:7361,fe:ttjirr,2024-09-18 19:14:15+00:00,0,0,0.12842438
synthetic_cloudtrail.csv:7362,fe:ttjirr,2024-09-18 19:14:23+00:00,0,0,0.13198276
synthetic_cloudtrail.csv:4853,fe:tvjfxi,2024-06-16 19:02:00+00:00,0,0,0.13412659
synthetic_cloudtrail.csv:4854,fe:tvjfxi,2024-06-16 19:03:16+00:00,0,0,0.14794216
synthetic_cloudtrail.csv:4855,fe:tvjfxi,2024-06-16 19:04:44+00:00,0,0,0.11561566
synthetic_cloudtrail.csv:4856,fe:tvjfxi,2024-06-16 19:05:49+00:00,0,0,0.13653341
synthetic_cloudtrail.csv:4857,fe:tvjfxi,2024-06-16 19:06:42+00:00,0,0,0.11123384
synthetic_cloudtrail.csv:4858,fe:tvjfxi,2024-06-16 19:07:19+00:00,0,0,0.13152476
synthetic_cloudtrail.csv:4859,fe:tvjfxi,2024-06-16 19:08:56+00:00,1,0,0.27029777
synthetic_cloudtrail.csv:4860,fe:tvjfxi,2024-06-16 19:09:07+00:00,0,0,0.11700162
synthetic_cloudtrail.csv:4861,fe:tvjfxi,2024-06-16 19:09:44+00:00,0,0,0.10933788
synthetic_cloudtrail.csv:4862,fe:tvjfxi,2024-06-16 19:11:23+00:00,0,0,0.14711602
synthetic_cloudtrail.csv:4863,fe:tvjfxi,2024-06-16 19:12:06+00:00,0,0,0.12199545
synthetic_cloudtrail.csv:0,fe:twslhu,2024-01-01 16:00:56+00:00,0,0,0.11938077
synthetic_cloudtrail.csv:1,fe:twslhu,2024-01-01 16:01:59+00:00,0,0,0.123528
synthetic_cloudtrail.csv:2,fe:twslhu,2024-01-01 16:02:16+00:00,0,0,0.12354342
synthetic_cloudtrail.csv:3,fe:twslhu,2024-01-01 16:03:48+00:00,0,0,0.13650326
synthetic_cloudtrail.csv:4,fe:twslhu,2024-01-01 16:03:53+00:00,0,0,0.15956154
synthetic_cloudtrail.csv:5,fe:twslhu,2024-01-01 16:04:36+00:00,0,0,0.15784377
synthetic_cloudtrail.csv:6,fe:twslhu,2024-01-01 16:04:58+00:00,0,0,0.13173069
synthetic_cloudtrail.csv:7,fe:twslhu,2024-01-01 16:05:34+00:00,0,0,0.12782295
synthetic_cloudtrail.csv:8,fe:twslhu,2024-01-01 16:06:13+00:00,0,0,0.12956694
synthetic_cloudtrail.csv:9,fe:twslhu,2024-01-01 16:06:58+00:00,0,0,0.14323398
synthetic_cloudtrail.csv:10,fe:twslhu,2024-01-01 16:07:46+00:00,0,0,0.1183853
synthetic_cloudtrail.csv:2170,fe:tzbad,2024-03-15 11:00:24+00:00,0,0,0.117665
synthetic_cloudtrail.csv:2171,fe:tzbad,2024-03-15 11:00:46+00:00,0,0,0.119108394
synthetic_cloudtrail.csv:2172,fe:tzbad,2024-03-15 11:01:14+00:00,0,0,0.12411197
synthetic_cloudtrail.csv:2173,fe:tzbad,2024-03-15 11:01:30+00:00,0,0,0.15548883
synthetic_cloudtrail.csv:2174,fe:tzbad,2024-03-15 11:01:40+00:00,0,0,0.14258769
synthetic_cloudtrail.csv:2175,fe:tzbad,2024-03-15 11:01:45+00:00,0,0,0.124222435
synthetic_cloudtrail.csv:2176,fe:tzbad,2024-03-15 11:02:06+00:00,0,0,0.13247508
synthetic_cloudtrail.csv:2177,fe:tzbad,2024-03-15 11:02:24+00:00,0,0,0.120750904
synthetic_cloudtrail.csv:2178,fe:tzbad,2024-03-15 11:02:39+00:00,1,1,0.996086
synthetic_cloudtrail.csv:2179,fe:tzbad,2024-03-15 11:03:26+00:00,1,1,0.99621946
synthetic_cloudtrail.csv:2180,fe:tzbad,2024-03-15 11:04:23+00:00,1,1,0.9957974
synthetic_cloudtrail.csv:2181,fe:tzbad,2024-03-15 11:05:39+00:00,0,0,0.1432059
synthetic_cloudtrail.csv:2182,fe:tzbad,2024-03-15 11:06:36+00:00,0,0,0.12283154
synthetic_cloudtrail.csv:2183,fe:tzbad,2024-03-15 11:06:50+00:00,0,0,0.118839525
synthetic_cloudtrail.csv:9394,fe:ubofmv,2024-12-04 16:00:33+00:00,0,0,0.11922725
synthetic_cloudtrail.csv:9395,fe:ubofmv,2024-12-04 16:02:20+00:00,0,0,0.12969393
synthetic_cloudtrail.csv:9396,fe:ubofmv,2024-12-04 16:02:46+00:00,0,0,0.115862936
synthetic_cloudtrail.csv:9397,fe:ubofmv,2024-12-04 16:02:58+00:00,0,0,0.130241
synthetic_cloudtrail.csv:9398,fe:ubofmv,2024-12-04 16:03:36+00:00,0,0,0.12400054
synthetic_cloudtrail.csv:9399,fe:ubofmv,2024-12-04 16:05:20+00:00,0,0,0.10949819
synthetic_cloudtrail.csv:9400,fe:ubofmv,2024-12-04 16:06:36+00:00,0,0,0.10661328
synthetic_cloudtrail.csv:9401,fe:ubofmv,2024-12-04 16:06:45+00:00,0,0,0.12448729
synthetic_cloudtrail.csv:9402,fe:ubofmv,2024-12-04 16:07:28+00:00,0,0,0.10695148
synthetic_cloudtrail.csv:9403,fe:ubofmv,2024-12-04 16:08:48+00:00,0,0,0.12880687
synthetic_cloudtrail.csv:9404,fe:ubofmv,2024-12-04 16:09:34+00:00,0,0,0.12323021
synthetic_cloudtrail.csv:9405,fe:ubofmv,2024-12-04 16:10:00+00:00,0,0,0.10396511
synthetic_cloudtrail.csv:9406,fe:ubofmv,2024-12-04 16:10:21+00:00,0,0,0.112355776
synthetic_cloudtrail.csv:4682,fe:ucehmwu,2024-06-11 14:00:22+00:00,0,0,0.11939863
synthetic_cloudtrail.csv:4683,fe:ucehmwu,2024-06-11 14:00:47+00:00,0,0,0.12081402
synthetic_cloudtrail.csv:4684,fe:ucehmwu,2024-06-11 14:00:51+00:00,0,0,0.12136698
synthetic_cloudtrail.csv:4685,fe:ucehmwu,2024-06-11 14:00:59+00:00,0,0,0.13873832
synthetic_cloudtrail.csv:4686,fe:ucehmwu,2024-06-11 14:01:08+00:00,0,0,0.13212116
synthetic_cloudtrail.csv:4687,fe:ucehmwu,2024-06-11 14:01:11+00:00,0,0,0.14346652
synthetic_cloudtrail.csv:4688,fe:ucehmwu,2024-06-11 14:01:24+00:00,0,0,0.123324595
synthetic_cloudtrail.csv:4689,fe:ucehmwu,2024-06-11 14:01:50+00:00,0,0,0.1268034
synthetic_cloudtrail.csv:4690,fe:ucehmwu,2024-06-11 14:02:40+00:00,1,1,0.99567574
synthetic_cloudtrail.csv:4691,fe:ucehmwu,2024-06-11 14:02:55+00:00,1,1,0.9966787
synthetic_cloudtrail.csv:4692,fe:ucehmwu,2024-06-11 14:03:36+00:00,1,1,0.9953518
synthetic_cloudtrail.csv:4693,fe:ucehmwu,2024-06-11 14:04:37+00:00,0,0,0.105192386
synthetic_cloudtrail.csv:4694,fe:ucehmwu,2024-06-11 14:05:17+00:00,0,0,0.14137354
synthetic_cloudtrail.csv:1274,fe:uealuj,2024-02-12 19:01:39+00:00,0,0,0.12978232
synthetic_cloudtrail.csv:1281,fe:uealuj,2024-02-12 19:03:04+00:00,0,0,0.11085661
synthetic_cloudtrail.csv:1285,fe:uealuj,2024-02-12 19:04:56+00:00,0,0,0.14176112
synthetic_cloudtrail.csv:1287,fe:uealuj,2024-02-12 19:05:05+00:00,0,0,0.12800427
synthetic_cloudtrail.csv:1288,fe:uealuj,2024-02-12 19:06:01+00:00,0,0,0.14788595
synthetic_cloudtrail.csv:1289,fe:uealuj,2024-02-12 19:06:38+00:00,0,0,0.12120479
synthetic_cloudtrail.csv:1292,fe:uealuj,2024-02-12 19:08:23+00:00,0,0,0.13172756
synthetic_cloudtrail.csv:1293,fe:uealuj,2024-02-12 19:08:47+00:00,0,0,0.12946847
synthetic_cloudtrail.csv:1295,fe:uealuj,2024-02-12 19:10:09+00:00,0,0,0.1444213
synthetic_cloudtrail.csv:1297,fe:uealuj,2024-02-12 19:11:54+00:00,0,0,0.11675464
synthetic_cloudtrail.csv:1298,fe:uealuj,2024-02-12 19:13:31+00:00,0,0,0.13867098
synthetic_cloudtrail.csv:1299,fe:uealuj,2024-02-12 19:14:25+00:00,0,0,0.11779192
synthetic_cloudtrail.csv:1300,fe:uealuj,2024-02-12 19:15:56+00:00,0,0,0.118589
synthetic_cloudtrail.csv:1301,fe:uealuj,2024-02-12 19:17:37+00:00,0,0,0.28094214
synthetic_cloudtrail.csv:1302,fe:uealuj,2024-02-12 19:18:27+00:00,0,0,0.13111053
synthetic_cloudtrail.csv:1303,fe:uealuj,2024-02-12 19:19:11+00:00,0,0,0.1267135
synthetic_cloudtrail.csv:1304,fe:uealuj,2024-02-12 19:21:06+00:00,0,0,0.13246928
synthetic_cloudtrail.csv:1305,fe:uealuj,2024-02-12 19:21:30+00:00,0,0,0.12831107
synthetic_cloudtrail.csv:2016,fe:ueptnr,2024-03-12 09:00:10+00:00,0,0,0.13925108
synthetic_cloudtrail.csv:2017,fe:ueptnr,2024-03-12 09:01:09+00:00,0,0,0.13662498
synthetic_cloudtrail.csv:2018,fe:ueptnr,2024-03-12 09:02:48+00:00,0,0,0.1530885
synthetic_cloudtrail.csv:2019,fe:ueptnr,2024-03-12 09:03:45+00:00,0,0,0.14456086
synthetic_cloudtrail.csv:2020,fe:ueptnr,2024-03-12 09:04:46+00:00,0,0,0.15171556
synthetic_cloudtrail.csv:2021,fe:ueptnr,2024-03-12 09:06:06+00:00,0,0,0.14382748
synthetic_cloudtrail.csv:2022,fe:ueptnr,2024-03-12 09:06:43+00:00,0,0,0.16717622
synthetic_cloudtrail.csv:2023,fe:ueptnr,2024-03-12 09:07:18+00:00,0,0,0.13007163
synthetic_cloudtrail.csv:2024,fe:ueptnr,2024-03-12 09:08:21+00:00,0,0,0.13821286
synthetic_cloudtrail.csv:2025,fe:ueptnr,2024-03-12 09:10:02+00:00,0,0,0.12911218
synthetic_cloudtrail.csv:8147,fe:ugqecg,2024-10-19 18:01:26+00:00,0,0,0.14566593
synthetic_cloudtrail.csv:8149,fe:ugqecg,2024-10-19 18:01:41+00:00,0,0,0.12184915
synthetic_cloudtrail.csv:8151,fe:ugqecg,2024-10-19 18:02:50+00:00,0,0,0.12307409
synthetic_cloudtrail.csv:8154,fe:ugqecg,2024-10-19 18:04:22+00:00,0,0,0.11708944
synthetic_cloudtrail.csv:8156,fe:ugqecg,2024-10-19 18:05:48+00:00,0,0,0.09830661
synthetic_cloudtrail.csv:8159,fe:ugqecg,2024-10-19 18:07:38+00:00,0,0,0.11204854
synthetic_cloudtrail.csv:8161,fe:ugqecg,2024-10-19 18:09:14+00:00,0,0,0.09524054
synthetic_cloudtrail.csv:8162,fe:ugqecg,2024-10-19 18:09:59+00:00,0,0,0.10710869
synthetic_cloudtrail.csv:8163,fe:ugqecg,2024-10-19 18:10:40+00:00,0,0,0.10062638
synthetic_cloudtrail.csv:5629,fe:ujcdzx,2024-07-15 18:01:52+00:00,0,0,0.12735923
synthetic_cloudtrail.csv:5630,fe:ujcdzx,2024-07-15 18:03:18+00:00,0,0,0.12238139
synthetic_cloudtrail.csv:5631,fe:ujcdzx,2024-07-15 18:03:44+00:00,0,0,0.13036068
synthetic_cloudtrail.csv:5632,fe:ujcdzx,2024-07-15 18:05:42+00:00,0,0,0.11805563
synthetic_cloudtrail.csv:5633,fe:ujcdzx,2024-07-15 18:06:43+00:00,0,0,0.120643266
synthetic_cloudtrail.csv:5634,fe:ujcdzx,2024-07-15 18:07:48+00:00,0,0,0.13140562
synthetic_cloudtrail.csv:5635,fe:ujcdzx,2024-07-15 18:09:11+00:00,0,0,0.12128101
synthetic_cloudtrail.csv:5636,fe:ujcdzx,2024-07-15 18:09:58+00:00,0,0,0.15668988
synthetic_cloudtrail.csv:5637,fe:ujcdzx,2024-07-15 18:10:48+00:00,0,0,0.11816103
synthetic_cloudtrail.csv:5638,fe:ujcdzx,2024-07-15 18:11:06+00:00,0,0,0.112856336
synthetic_cloudtrail.csv:5639,fe:ujcdzx,2024-07-15 18:11:44+00:00,0,0,0.12636918
synthetic_cloudtrail.csv:5640,fe:ujcdzx,2024-07-15 18:12:29+00:00,0,0,0.11380648
synthetic_cloudtrail.csv:5641,fe:ujcdzx,2024-07-15 18:14:20+00:00,0,0,0.13767497
synthetic_cloudtrail.csv:5642,fe:ujcdzx,2024-07-15 18:16:15+00:00,0,0,0.11680159
synthetic_cloudtrail.csv:5643,fe:ujcdzx,2024-07-15 18:18:14+00:00,0,0,0.12085643
synthetic_cloudtrail.csv:5644,fe:ujcdzx,2024-07-15 18:19:53+00:00,0,0,0.12967889
synthetic_cloudtrail.csv:5645,fe:ujcdzx,2024-07-15 18:20:25+00:00,0,0,0.12491802
synthetic_cloudtrail.csv:3375,fe:ujedduxv,2024-04-27 14:11:02+00:00,0,0,0.17571694
synthetic_cloudtrail.csv:3376,fe:ujedduxv,2024-04-27 14:20:27+00:00,0,0,0.16202092
synthetic_cloudtrail.csv:3377,fe:ujedduxv,2024-04-27 14:30:13+00:00,0,0,0.17391941
synthetic_cloudtrail.csv:8548,fe:ujjewnzigp,2024-11-07 07:03:34+00:00,0,0,0.17597272
synthetic_cloudtrail.csv:8549,fe:ujjewnzigp,2024-11-07 07:07:16+00:00,0,0,0.19013666
synthetic_cloudtrail.csv:8550,fe:ujjewnzigp,2024-11-07 07:13:45+00:00,0,0,0.228798
synthetic_cloudtrail.csv:8551,fe:ujjewnzigp,2024-11-07 07:28:38+00:00,0,0,0.17282042
synthetic_cloudtrail.csv:177,fe:ujnk,2024-01-08 15:12:07+00:00,0,0,0.21270624
synthetic_cloudtrail.csv:178,fe:ujnk,2024-01-08 15:18:05+00:00,0,0,0.16221212
synthetic_cloudtrail.csv:179,fe:ujnk,2024-01-08 15:26:28+00:00,0,0,0.17561814
synthetic_cloudtrail.csv:180,fe:ujnk,2024-01-08 15:32:39+00:00,0,0,0.1550153
synthetic_cloudtrail.csv:3298,fe:unfnzj,2024-04-26 16:00:15+00:00,0,0,0.12889898
synthetic_cloudtrail.csv:3299,fe:unfnzj,2024-04-26 16:00:42+00:00,0,0,0.115590066
synthetic_cloudtrail.csv:3300,fe:unfnzj,2024-04-26 16:02:07+00:00,0,0,0.11843667
synthetic_cloudtrail.csv:3301,fe:unfnzj,2024-04-26 16:03:01+00:00,0,0,0.13680834
synthetic_cloudtrail.csv:3302,fe:unfnzj,2024-04-26 16:03:40+00:00,0,0,0.124773
synthetic_cloudtrail.csv:3303,fe:unfnzj,2024-04-26 16:04:09+00:00,0,0,0.123090215
synthetic_cloudtrail.csv:3304,fe:unfnzj,2024-04-26 16:04:17+00:00,0,0,0.13349667
synthetic_cloudtrail.csv:3305,fe:unfnzj,2024-04-26 16:06:07+00:00,0,0,0.118737906
synthetic_cloudtrail.csv:3306,fe:unfnzj,2024-04-26 16:06:41+00:00,0,0,0.11373631
synthetic_cloudtrail.csv:275,fe:unknown_user,2024-01-11 18:00:46+00:00,0,0,0.16662918
synthetic_cloudtrail.csv:276,fe:unknown_user,2024-01-11 18:01:10+00:00,0,0,0.13789569
synthetic_cloudtrail.csv:277,fe:unknown_user,2024-01-11 18:01:33+00:00,0,0,0.1369382
synthetic_cloudtrail.csv:278,fe:unknown_user,2024-01-11 18:02:11+00:00,0,0,0.13484748
synthetic_cloudtrail.csv:279,fe:unknown_user,2024-01-11 18:03:11+00:00,0,0,0.13127314
synthetic_cloudtrail.csv:280,fe:unknown_user,2024-01-11 18:03:43+00:00,0,0,0.13160294
synthetic_cloudtrail.csv:281,fe:unknown_user,2024-01-11 18:04:40+00:00,0,0,0.12754276
synthetic_cloudtrail.csv:282,fe:unknown_user,2024-01-11 18:05:38+00:00,0,0,0.12724724
synthetic_cloudtrail.csv:408,fe:unknown_user,2024-01-15 03:00:57+00:00,0,0,0.13351053
synthetic_cloudtrail.csv:409,fe:unknown_user,2024-01-15 03:01:15+00:00,0,0,0.14186239
synthetic_cloudtrail.csv:410,fe:unknown_user,2024-01-15 03:01:41+00:00,0,0,0.14270806
synthetic_cloudtrail.csv:411,fe:unknown_user,2024-01-15 03:01:59+00:00,0,0,0.13965254
synthetic_cloudtrail.csv:748,fe:unknown_user,2024-01-23 22:00:53+00:00,0,0,0.12598106
synthetic_cloudtrail.csv:749,fe:unknown_user,2024-01-23 22:01:20+00:00,0,0,0.13917607
synthetic_cloudtrail.csv:750,fe:unknown_user,2024-01-23 22:01:40+00:00,0,0,0.13900152
synthetic_cloudtrail.csv:751,fe:unknown_user,2024-01-23 22:02:26+00:00,0,0,0.1369503
synthetic_cloudtrail.csv:752,fe:unknown_user,2024-01-23 22:03:16+00:00,0,0,0.1353767
synthetic_cloudtrail.csv:753,fe:unknown_user,2024-01-23 22:03:31+00:00,0,0,0.13620003
synthetic_cloudtrail.csv:754,fe:unknown_user,2024-01-23 22:04:13+00:00,0,0,0.13248265
synthetic_cloudtrail.csv:755,fe:unknown_user,2024-01-23 22:04:50+00:00,0,0,0.13201755
synthetic_cloudtrail.csv:1306,fe:unknown_user,2024-02-13 02:00:45+00:00,0,0,0.13140422
synthetic_cloudtrail.csv:1307,fe:unknown_user,2024-02-13 02:01:12+00:00,0,0,0.14104766
synthetic_cloudtrail.csv:1308,fe:unknown_user,2024-02-13 02:01:39+00:00,0,0,0.14151037
synthetic_cloudtrail.csv:1309,fe:unknown_user,2024-02-13 02:02:12+00:00,0,0,0.13836183
synthetic_cloudtrail.csv:1310,fe:unknown_user,2024-02-13 02:02:30+00:00,0,0,0.13909797
synthetic_cloudtrail.csv:1311,fe:unknown_user,2024-02-13 02:03:10+00:00,0,0,0.1344347
synthetic_cloudtrail.csv:1382,fe:unknown_user,2024-02-15 20:00:18+00:00,0,0,0.123983055
synthetic_cloudtrail.csv:1383,fe:unknown_user,2024-02-15 20:00:24+00:00,0,0,0.13626237
synthetic_cloudtrail.csv:1384,fe:unknown_user,2024-02-15 20:01:03+00:00,0,0,0.1348688
synthetic_cloudtrail.csv:1385,fe:unknown_user,2024-02-15 20:01:27+00:00,0,0,0.1361837
synthetic_cloudtrail.csv:1386,fe:unknown_user,2024-02-15 20:02:09+00:00,0,0,0.13379836
synthetic_cloudtrail.csv:1387,fe:unknown_user,2024-02-15 20:02:17+00:00,0,0,0.13539127
synthetic_cloudtrail.csv:1388,fe:unknown_user,2024-02-15 20:03:03+00:00,0,0,0.13030493
synthetic_cloudtrail.csv:1389,fe:unknown_user,2024-02-15 20:04:02+00:00,0,0,0.13032703
synthetic_cloudtrail.csv:1760,fe:unknown_user,2024-03-02 11:00:08+00:00,0,0,0.13400945
synthetic_cloudtrail.csv:1761,fe:unknown_user,2024-03-02 11:00:44+00:00,0,0,0.13759811
synthetic_cloudtrail.csv:1762,fe:unknown_user,2024-03-02 11:00:56+00:00,0,0,0.13768679
synthetic_cloudtrail.csv:1763,fe:unknown_user,2024-03-02 11:01:07+00:00,0,0,0.13059588
synthetic_cloudtrail.csv:2162,fe:unknown_user,2024-03-15 10:00:18+00:00,0,0,0.13467143
synthetic_cloudtrail.csv:2163,fe:unknown_user,2024-03-15 10:01:18+00:00,0,0,0.13806391
synthetic_cloudtrail.csv:2164,fe:unknown_user,2024-03-15 10:01:31+00:00,0,0,0.13749659
synthetic_cloudtrail.csv:2165,fe:unknown_user,2024-03-15 10:01:43+00:00,0,0,0.1322424
synthetic_cloudtrail.csv:2166,fe:unknown_user,2024-03-15 10:02:05+00:00,0,0,0.13188346
synthetic_cloudtrail.csv:2167,fe:unknown_user,2024-03-15 10:02:30+00:00,0,0,0.12773778
synthetic_cloudtrail.csv:2168,fe:unknown_user,2024-03-15 10:02:56+00:00,0,0,0.12839621
synthetic_cloudtrail.csv:2169,fe:unknown_user,2024-03-15 10:03:01+00:00,0,0,0.12582497
synthetic_cloudtrail.csv:2317,fe:unknown_user,2024-03-20 12:00:24+00:00,0,0,0.13183384
synthetic_cloudtrail.csv:2318,fe:unknown_user,2024-03-20 12:01:04+00:00,0,0,0.13650808
synthetic_cloudtrail.csv:2319,fe:unknown_user,2024-03-20 12:01:32+00:00,0,0,0.13433887
synthetic_cloudtrail.csv:2320,fe:unknown_user,2024-03-20 12:02:11+00:00,0,0,0.1309943
synthetic_cloudtrail.csv:2321,fe:unknown_user,2024-03-20 12:02:31+00:00,0,0,0.1309211
synthetic_cloudtrail.csv:2322,fe:unknown_user,2024-03-20 12:02:36+00:00,0,0,0.12790796
synthetic_cloudtrail.csv:2533,fe:unknown_user,2024-04-01 12:00:45+00:00,0,0,0.1317741
synthetic_cloudtrail.csv:2534,fe:unknown_user,2024-04-01 12:01:22+00:00,0,0,0.13643818
synthetic_cloudtrail.csv:2535,fe:unknown_user,2024-04-01 12:01:44+00:00,0,0,0.13449678
synthetic_cloudtrail.csv:2536,fe:unknown_user,2024-04-01 12:02:00+00:00,0,0,0.13095525
synthetic_cloudtrail.csv:2537,fe:unknown_user,2024-04-01 12:02:32+00:00,0,0,0.12976225
synthetic_cloudtrail.csv:2538,fe:unknown_user,2024-04-01 12:02:49+00:00,0,0,0.12724215
synthetic_cloudtrail.csv:2539,fe:unknown_user,2024-04-01 12:03:13+00:00,0,0,0.12673086
synthetic_cloudtrail.csv:2540,fe:unknown_user,2024-04-01 12:04:13+00:00,0,0,0.12325919
synthetic_cloudtrail.csv:3594,fe:unknown_user,2024-05-07 01:00:44+00:00,0,0,0.1291444
synthetic_cloudtrail.csv:3595,fe:unknown_user,2024-05-07 01:01:03+00:00,0,0,0.13980561
synthetic_cloudtrail.csv:3596,fe:unknown_user,2024-05-07 01:02:01+00:00,0,0,0.139116
synthetic_cloudtrail.csv:3597,fe:unknown_user,2024-05-07 01:02:26+00:00,0,0,0.13850076
synthetic_cloudtrail.csv:3853,fe:unknown_user,2024-05-15 06:00:09+00:00,0,0,0.13542016
synthetic_cloudtrail.csv:3854,fe:unknown_user,2024-05-15 06:00:45+00:00,0,0,0.14119789
synthetic_cloudtrail.csv:3855,fe:unknown_user,2024-05-15 06:01:27+00:00,0,0,0.14164436
synthetic_cloudtrail.csv:3856,fe:unknown_user,2024-05-15 06:01:33+00:00,0,0,0.1393625
synthetic_cloudtrail.csv:3857,fe:unknown_user,2024-05-15 06:01:47+00:00,0,0,0.13858274
synthetic_cloudtrail.csv:3858,fe:unknown_user,2024-05-15 06:02:46+00:00,0,0,0.13219167
synthetic_cloudtrail.csv:3859,fe:unknown_user,2024-05-15 06:03:33+00:00,0,0,0.13393645
synthetic_cloudtrail.csv:3860,fe:unknown_user,2024-05-15 06:03:39+00:00,0,0,0.13302083
synthetic_cloudtrail.csv:4019,fe:unknown_user,2024-05-21 04:00:53+00:00,0,0,0.13339463
synthetic_cloudtrail.csv:4020,fe:unknown_user,2024-05-21 04:01:30+00:00,0,0,0.14077201
synthetic_cloudtrail.csv:4021,fe:unknown_user,2024-05-21 04:02:23+00:00,0,0,0.14093806
synthetic_cloudtrail.csv:4022,fe:unknown_user,2024-05-21 04:02:30+00:00,0,0,0.13960735
synthetic_cloudtrail.csv:6157,fe:unknown_user,2024-08-06 21:01:00+00:00,0,0,0.123882234
synthetic_cloudtrail.csv:6158,fe:unknown_user,2024-08-06 21:01:50+00:00,0,0,0.13746658
synthetic_cloudtrail.csv:6159,fe:unknown_user,2024-08-06 21:01:55+00:00,0,0,0.13938083
synthetic_cloudtrail.csv:6160,fe:unknown_user,2024-08-06 21:02:31+00:00,0,0,0.13453119
synthetic_cloudtrail.csv:6161,fe:unknown_user,2024-08-06 21:03:09+00:00,0,0,0.13325286
synthetic_cloudtrail.csv:6162,fe:unknown_user,2024-08-06 21:03:18+00:00,0,0,0.13468449
synthetic_cloudtrail.csv:6163,fe:unknown_user,2024-08-06 21:04:13+00:00,0,0,0.12977464
synthetic_cloudtrail.csv:6164,fe:unknown_user,2024-08-06 21:04:30+00:00,0,0,0.13164945
synthetic_cloudtrail.csv:6182,fe:unknown_user,2024-08-08 12:00:29+00:00,0,0,0.13157184
synthetic_cloudtrail.csv:6183,fe:unknown_user,2024-08-08 12:01:10+00:00,0,0,0.13629842
synthetic_cloudtrail.csv:6184,fe:unknown_user,2024-08-08 12:01:59+00:00,0,0,0.13365196
synthetic_cloudtrail.csv:6185,fe:unknown_user,2024-08-08 12:02:25+00:00,0,0,0.13138163
synthetic_cloudtrail.csv:6186,fe:unknown_user,2024-08-08 12:02:32+00:00,0,0,0.1321839
synthetic_cloudtrail.csv:6187,fe:unknown_user,2024-08-08 12:03:21+00:00,0,0,0.1257177
synthetic_cloudtrail.csv:6188,fe:unknown_user,2024-08-08 12:03:37+00:00,0,0,0.12728538
synthetic_cloudtrail.csv:6189,fe:unknown_user,2024-08-08 12:04:22+00:00,0,0,0.123011485
synthetic_cloudtrail.csv:6215,fe:unknown_user,2024-08-10 09:00:46+00:00,0,0,0.1355649
synthetic_cloudtrail.csv:6216,fe:unknown_user,2024-08-10 09:01:03+00:00,0,0,0.13866773
synthetic_cloudtrail.csv:6217,fe:unknown_user,2024-08-10 09:01:19+00:00,0,0,0.13919112
synthetic_cloudtrail.csv:6218,fe:unknown_user,2024-08-10 09:01:59+00:00,0,0,0.13082208
synthetic_cloudtrail.csv:6322,fe:unknown_user,2024-08-12 18:00:30+00:00,0,0,0.12189741
synthetic_cloudtrail.csv:6323,fe:unknown_user,2024-08-12 18:01:11+00:00,0,0,0.13157882
synthetic_cloudtrail.csv:6324,fe:unknown_user,2024-08-12 18:02:08+00:00,0,0,0.12777416
synthetic_cloudtrail.csv:6325,fe:unknown_user,2024-08-12 18:02:47+00:00,0,0,0.12812212
synthetic_cloudtrail.csv:6326,fe:unknown_user,2024-08-12 18:03:38+00:00,0,0,0.12489565
synthetic_cloudtrail.csv:6327,fe:unknown_user,2024-08-12 18:04:23+00:00,0,0,0.124780744
synthetic_cloudtrail.csv:6328,fe:unknown_user,2024-08-12 18:05:07+00:00,0,0,0.12228388
synthetic_cloudtrail.csv:6329,fe:unknown_user,2024-08-12 18:05:14+00:00,0,0,0.12337364
synthetic_cloudtrail.csv:6590,fe:unknown_user,2024-08-24 23:00:12+00:00,0,0,0.12706761
synthetic_cloudtrail.csv:6591,fe:unknown_user,2024-08-24 23:00:23+00:00,0,0,0.13793747
synthetic_cloudtrail.csv:6592,fe:unknown_user,2024-08-24 23:01:17+00:00,0,0,0.13741238
synthetic_cloudtrail.csv:6593,fe:unknown_user,2024-08-24 23:01:51+00:00,0,0,0.13535431
synthetic_cloudtrail.csv:6594,fe:unknown_user,2024-08-24 23:02:02+00:00,0,0,0.1380137
synthetic_cloudtrail.csv:6595,fe:unknown_user,2024-08-24 23:02:48+00:00,0,0,0.13023537
synthetic_cloudtrail.csv:6735,fe:unknown_user,2024-09-02 07:00:53+00:00,0,0,0.13570708
synthetic_cloudtrail.csv:6736,fe:unknown_user,2024-09-02 07:01:03+00:00,0,0,0.14014491
synthetic_cloudtrail.csv:6737,fe:unknown_user,2024-09-02 07:01:56+00:00,0,0,0.14075497
synthetic_cloudtrail.csv:6738,fe:unknown_user,2024-09-02 07:02:32+00:00,0,0,0.13794819
synthetic_cloudtrail.csv:6739,fe:unknown_user,2024-09-02 07:03:21+00:00,0,0,0.13821511
synthetic_cloudtrail.csv:6740,fe:unknown_user,2024-09-02 07:03:58+00:00,0,0,0.13456339
synthetic_cloudtrail.csv:6931,fe:unknown_user,2024-09-06 17:00:37+00:00,0,0,0.122833036
synthetic_cloudtrail.csv:6932,fe:unknown_user,2024-09-06 17:01:09+00:00,0,0,0.13165258
synthetic_cloudtrail.csv:6933,fe:unknown_user,2024-09-06 17:01:41+00:00,0,0,0.12861761
synthetic_cloudtrail.csv:6934,fe:unknown_user,2024-09-06 17:01:58+00:00,0,0,0.12804835
synthetic_cloudtrail.csv:7437,fe:unknown_user,2024-09-24 01:00:55+00:00,0,0,0.12884054
synthetic_cloudtrail.csv:7438,fe:unknown_user,2024-09-24 01:01:50+00:00,0,0,0.13948664
synthetic_cloudtrail.csv:7439,fe:unknown_user,2024-09-24 01:02:17+00:00,0,0,0.13995999
synthetic_cloudtrail.csv:7440,fe:unknown_user,2024-09-24 01:02:24+00:00,0,0,0.1388493
synthetic_cloudtrail.csv:7441,fe:unknown_user,2024-09-24 01:03:20+00:00,0,0,0.13465899
synthetic_cloudtrail.csv:7442,fe:unknown_user,2024-09-24 01:04:04+00:00,0,0,0.13343145
synthetic_cloudtrail.csv:7443,fe:unknown_user,2024-09-24 01:04:53+00:00,0,0,0.13262293
synthetic_cloudtrail.csv:7444,fe:unknown_user,2024-09-24 01:05:10+00:00,0,0,0.13225317
synthetic_cloudtrail.csv:7658,fe:unknown_user,2024-10-06 09:00:45+00:00,0,0,0.1354554
synthetic_cloudtrail.csv:7659,fe:unknown_user,2024-10-06 09:01:44+00:00,0,0,0.13787146
synthetic_cloudtrail.csv:7660,fe:unknown_user,2024-10-06 09:02:31+00:00,0,0,0.13738547
synthetic_cloudtrail.csv:7661,fe:unknown_user,2024-10-06 09:03:22+00:00,0,0,0.1311382
synthetic_cloudtrail.csv:7662,fe:unknown_user,2024-10-06 09:03:34+00:00,0,0,0.13465667
synthetic_cloudtrail.csv:7663,fe:unknown_user,2024-10-06 09:03:51+00:00,0,0,0.1267034
synthetic_cloudtrail.csv:8248,fe:unknown_user,2024-10-23 09:00:51+00:00,0,0,0.13492377
synthetic_cloudtrail.csv:8250,fe:unknown_user,2024-10-23 09:01:13+00:00,0,0,0.13805048
synthetic_cloudtrail.csv:8251,fe:unknown_user,2024-10-23 09:01:58+00:00,0,0,0.13631448
synthetic_cloudtrail.csv:8253,fe:unknown_user,2024-10-23 09:02:48+00:00,0,0,0.13251281
synthetic_cloudtrail.csv:8254,fe:unknown_user,2024-10-23 09:03:05+00:00,0,0,0.13360184
synthetic_cloudtrail.csv:8255,fe:unknown_user,2024-10-23 09:03:15+00:00,0,0,0.12883978
synthetic_cloudtrail.csv:8586,fe:unknown_user,2024-11-07 21:00:35+00:00,0,0,0.12365286
synthetic_cloudtrail.csv:8587,fe:unknown_user,2024-11-07 21:00:53+00:00,0,0,0.13663104
synthetic_cloudtrail.csv:8588,fe:unknown_user,2024-11-07 21:01:53+00:00,0,0,0.13509892
synthetic_cloudtrail.csv:8589,fe:unknown_user,2024-11-07 21:02:23+00:00,0,0,0.13641444
synthetic_cloudtrail.csv:8590,fe:unknown_user,2024-11-07 21:02:40+00:00,0,0,0.13557282
synthetic_cloudtrail.csv:8591,fe:unknown_user,2024-11-07 21:02:53+00:00,0,0,0.13393648
synthetic_cloudtrail.csv:8592,fe:unknown_user,2024-11-07 21:03:25+00:00,0,0,0.13064265
synthetic_cloudtrail.csv:8593,fe:unknown_user,2024-11-07 21:03:36+00:00,0,0,0.13154578
synthetic_cloudtrail.csv:8892,fe:unknown_user,2024-11-18 21:00:40+00:00,0,0,0.12363642
synthetic_cloudtrail.csv:8893,fe:unknown_user,2024-11-18 21:01:24+00:00,0,0,0.13723293
synthetic_cloudtrail.csv:8894,fe:unknown_user,2024-11-18 21:01:36+00:00,0,0,0.13761277
synthetic_cloudtrail.csv:8895,fe:unknown_user,2024-11-18 21:02:28+00:00,0,0,0.13466913
synthetic_cloudtrail.csv:8896,fe:unknown_user,2024-11-18 21:02:58+00:00,0,0,0.13412844
synthetic_cloudtrail.csv:8897,fe:unknown_user,2024-11-18 21:03:51+00:00,0,0,0.13270985
synthetic_cloudtrail.csv:8898,fe:unknown_user,2024-11-18 21:04:03+00:00,0,0,0.13390996
synthetic_cloudtrail.csv:8899,fe:unknown_user,2024-11-18 21:04:55+00:00,0,0,0.12985525
synthetic_cloudtrail.csv:9023,fe:unknown_user,2024-11-22 17:00:13+00:00,0,0,0.12275314
synthetic_cloudtrail.csv:9024,fe:unknown_user,2024-11-22 17:00:42+00:00,0,0,0.13151059
synthetic_cloudtrail.csv:9025,fe:unknown_user,2024-11-22 17:00:58+00:00,0,0,0.12944317
synthetic_cloudtrail.csv:9026,fe:unknown_user,2024-11-22 17:01:14+00:00,0,0,0.12745757
synthetic_cloudtrail.csv:9027,fe:unknown_user,2024-11-22 17:01:44+00:00,0,0,0.12528919
synthetic_cloudtrail.csv:9028,fe:unknown_user,2024-11-22 17:02:05+00:00,0,0,0.12460885
synthetic_cloudtrail.csv:9029,fe:unknown_user,2024-11-22 17:02:59+00:00,0,0,0.12169106
synthetic_cloudtrail.csv:9030,fe:unknown_user,2024-11-22 17:03:23+00:00,0,0,0.12234248
synthetic_cloudtrail.csv:9193,fe:unknown_user,2024-11-27 10:00:12+00:00,0,0,0.13410288
synthetic_cloudtrail.csv:9194,fe:unknown_user,2024-11-27 10:01:03+00:00,0,0,0.13768159
synthetic_cloudtrail.csv:9195,fe:unknown_user,2024-11-27 10:01:19+00:00,0,0,0.13674642
synthetic_cloudtrail.csv:9196,fe:unknown_user,2024-11-27 10:01:37+00:00,0,0,0.13170613
synthetic_cloudtrail.csv:9197,fe:unknown_user,2024-11-27 10:01:50+00:00,0,0,0.13251108
synthetic_cloudtrail.csv:9198,fe:unknown_user,2024-11-27 10:02:29+00:00,0,0,0.12684667
synthetic_cloudtrail.csv:9199,fe:unknown_user,2024-11-27 10:02:49+00:00,0,0,0.1285663
synthetic_cloudtrail.csv:9200,fe:unknown_user,2024-11-27 10:02:54+00:00,0,0,0.12533738
synthetic_cloudtrail.csv:9471,fe:unknown_user,2024-12-08 01:00:30+00:00,0,0,0.12995718
synthetic_cloudtrail.csv:9472,fe:unknown_user,2024-12-08 01:01:13+00:00,0,0,0.138998
synthetic_cloudtrail.csv:9473,fe:unknown_user,2024-12-08 01:01:54+00:00,0,0,0.1399457
synthetic_cloudtrail.csv:9474,fe:unknown_user,2024-12-08 01:02:11+00:00,0,0,0.13644268
synthetic_cloudtrail.csv:1872,fe:upadid,2024-03-04 17:00:32+00:00,0,0,0.14416608
synthetic_cloudtrail.csv:1873,fe:upadid,2024-03-04 17:01:06+00:00,0,0,0.1093563
synthetic_cloudtrail.csv:1874,fe:upadid,2024-03-04 17:02:24+00:00,0,0,0.12646998
synthetic_cloudtrail.csv:1875,fe:upadid,2024-03-04 17:03:31+00:00,0,0,0.10488858
synthetic_cloudtrail.csv:1876,fe:upadid,2024-03-04 17:03:58+00:00,0,0,0.13007513
synthetic_cloudtrail.csv:1877,fe:upadid,2024-03-04 17:04:13+00:00,0,0,0.12805763
synthetic_cloudtrail.csv:1878,fe:upadid,2024-03-04 17:05:54+00:00,0,0,0.12522517
synthetic_cloudtrail.csv:1879,fe:upadid,2024-03-04 17:06:37+00:00,0,0,0.11845431
synthetic_cloudtrail.csv:1880,fe:upadid,2024-03-04 17:07:51+00:00,0,0,0.13965984
synthetic_cloudtrail.csv:1881,fe:upadid,2024-03-04 17:09:01+00:00,0,0,0.111497596
synthetic_cloudtrail.csv:1882,fe:upadid,2024-03-04 17:10:36+00:00,0,0,0.15551955
synthetic_cloudtrail.csv:1883,fe:upadid,2024-03-04 17:12:17+00:00,0,0,0.12606353
synthetic_cloudtrail.csv:1884,fe:upadid,2024-03-04 17:13:07+00:00,0,0,0.12090106
synthetic_cloudtrail.csv:1885,fe:upadid,2024-03-04 17:14:39+00:00,0,0,0.10565534
synthetic_cloudtrail.csv:1886,fe:upadid,2024-03-04 17:16:21+00:00,0,0,0.11721536
synthetic_cloudtrail.csv:5961,fe:upgjcz,2024-08-01 09:00:24+00:00,0,0,0.12757622
synthetic_cloudtrail.csv:5962,fe:upgjcz,2024-08-01 09:01:07+00:00,0,0,0.12400434
synthetic_cloudtrail.csv:5963,fe:upgjcz,2024-08-01 09:01:14+00:00,0,0,0.11382298
synthetic_cloudtrail.csv:5964,fe:upgjcz,2024-08-01 09:03:08+00:00,0,0,0.11073021
synthetic_cloudtrail.csv:5965,fe:upgjcz,2024-08-01 09:03:52+00:00,0,0,0.12043169
synthetic_cloudtrail.csv:5966,fe:upgjcz,2024-08-01 09:05:40+00:00,0,0,0.12842795
synthetic_cloudtrail.csv:5967,fe:upgjcz,2024-08-01 09:07:19+00:00,0,0,0.11971582
synthetic_cloudtrail.csv:5968,fe:upgjcz,2024-08-01 09:08:33+00:00,0,0,0.123144135
synthetic_cloudtrail.csv:5969,fe:upgjcz,2024-08-01 09:09:08+00:00,0,0,0.13439776
synthetic_cloudtrail.csv:5970,fe:upgjcz,2024-08-01 09:10:29+00:00,0,0,0.116166994
synthetic_cloudtrail.csv:5971,fe:upgjcz,2024-08-01 09:12:17+00:00,0,0,0.12107065
synthetic_cloudtrail.csv:5972,fe:upgjcz,2024-08-01 09:14:02+00:00,0,0,0.123044685
synthetic_cloudtrail.csv:5973,fe:upgjcz,2024-08-01 09:15:46+00:00,0,0,0.12330554
synthetic_cloudtrail.csv:5974,fe:upgjcz,2024-08-01 09:17:07+00:00,0,0,0.29509774
synthetic_cloudtrail.csv:5975,fe:upgjcz,2024-08-01 09:18:44+00:00,0,0,0.11996918
synthetic_cloudtrail.csv:5976,fe:upgjcz,2024-08-01 09:20:06+00:00,0,0,0.13582501
synthetic_cloudtrail.csv:5977,fe:upgjcz,2024-08-01 09:20:26+00:00,0,0,0.13240048
synthetic_cloudtrail.csv:5978,fe:upgjcz,2024-08-01 09:22:16+00:00,0,0,0.13780487
synthetic_cloudtrail.csv:5979,fe:upgjcz,2024-08-01 09:23:41+00:00,0,0,0.13175116
synthetic_cloudtrail.csv:5980,fe:upgjcz,2024-08-01 09:25:32+00:00,0,0,0.2560665
synthetic_cloudtrail.csv:1390,fe:uqhqmyhzdj,2024-02-16 14:13:12+00:00,0,0,0.18707314
synthetic_cloudtrail.csv:1391,fe:uqhqmyhzdj,2024-02-16 14:20:11+00:00,0,0,0.17354801
synthetic_cloudtrail.csv:3442,fe:uqzafjra,2024-04-28 14:00:04+00:00,0,0,0.1302199
synthetic_cloudtrail.csv:3443,fe:uqzafjra,2024-04-28 14:00:12+00:00,0,0,0.1411641
synthetic_cloudtrail.csv:3444,fe:uqzafjra,2024-04-28 14:00:29+00:00,0,0,0.12989885
synthetic_cloudtrail.csv:3445,fe:uqzafjra,2024-04-28 14:01:01+00:00,1,1,0.99370944
synthetic_cloudtrail.csv:3446,fe:uqzafjra,2024-04-28 14:01:16+00:00,1,1,0.99279433
synthetic_cloudtrail.csv:3447,fe:uqzafjra,2024-04-28 14:01:58+00:00,0,0,0.13852164
synthetic_cloudtrail.csv:3448,fe:uqzafjra,2024-04-28 14:03:19+00:00,0,0,0.14185655
synthetic_cloudtrail.csv:7017,fe:usqxjuggfle,2024-09-09 10:00:21+00:00,0,0,0.12689494
synthetic_cloudtrail.csv:7018,fe:usqxjuggfle,2024-09-09 10:00:40+00:00,0,0,0.122780725
synthetic_cloudtrail.csv:7019,fe:usqxjuggfle,2024-09-09 10:00:47+00:00,0,0,0.121754214
synthetic_cloudtrail.csv:7020,fe:usqxjuggfle,2024-09-09 10:00:50+00:00,0,0,0.12058871
synthetic_cloudtrail.csv:7021,fe:usqxjuggfle,2024-09-09 10:01:02+00:00,0,0,0.13269138
synthetic_cloudtrail.csv:7022,fe:usqxjuggfle,2024-09-09 10:01:19+00:00,0,0,0.14153494
synthetic_cloudtrail.csv:7023,fe:usqxjuggfle,2024-09-09 10:01:25+00:00,0,0,0.123657785
synthetic_cloudtrail.csv:7024,fe:usqxjuggfle,2024-09-09 10:01:56+00:00,1,1,0.9955715
synthetic_cloudtrail.csv:7025,fe:usqxjuggfle,2024-09-09 10:02:43+00:00,1,1,0.9962255
synthetic_cloudtrail.csv:7026,fe:usqxjuggfle,2024-09-09 10:02:49+00:00,1,1,0.9951226
synthetic_cloudtrail.csv:7027,fe:usqxjuggfle,2024-09-09 10:03:56+00:00,0,0,0.10743985
synthetic_cloudtrail.csv:7028,fe:usqxjuggfle,2024-09-09 10:04:27+00:00,0,0,0.15146409
synthetic_cloudtrail.csv:8240,fe:ustujt,2024-10-22 08:00:38+00:00,0,0,0.15019932
synthetic_cloudtrail.csv:8241,fe:ustujt,2024-10-22 08:00:55+00:00,0,0,0.124822155
synthetic_cloudtrail.csv:8242,fe:ustujt,2024-10-22 08:02:15+00:00,0,0,0.12517793
synthetic_cloudtrail.csv:8243,fe:ustujt,2024-10-22 08:03:34+00:00,0,0,0.12652045
synthetic_cloudtrail.csv:8244,fe:ustujt,2024-10-22 08:05:13+00:00,0,0,0.13728908
synthetic_cloudtrail.csv:8245,fe:ustujt,2024-10-22 08:06:32+00:00,0,0,0.13864325
synthetic_cloudtrail.csv:8246,fe:ustujt,2024-10-22 08:08:24+00:00,0,0,0.13329329
synthetic_cloudtrail.csv:8247,fe:ustujt,2024-10-22 08:09:37+00:00,0,0,0.11208035
synthetic_cloudtrail.csv:2472,fe:uufenfhr,2024-03-26 15:00:11+00:00,0,0,0.10276979
synthetic_cloudtrail.csv:2473,fe:uufenfhr,2024-03-26 15:00:29+00:00,0,0,0.107059196
synthetic_cloudtrail.csv:2474,fe:uufenfhr,2024-03-26 15:00:54+00:00,0,0,0.11398733
synthetic_cloudtrail.csv:2475,fe:uufenfhr,2024-03-26 15:01:05+00:00,0,0,0.12183015
synthetic_cloudtrail.csv:2476,fe:uufenfhr,2024-03-26 15:01:22+00:00,0,0,0.10957483
synthetic_cloudtrail.csv:2477,fe:uufenfhr,2024-03-26 15:01:42+00:00,0,0,0.12245747
synthetic_cloudtrail.csv:2478,fe:uufenfhr,2024-03-26 15:02:02+00:00,0,0,0.124825515
synthetic_cloudtrail.csv:2479,fe:uufenfhr,2024-03-26 15:02:17+00:00,0,0,0.13316791
synthetic_cloudtrail.csv:2480,fe:uufenfhr,2024-03-26 15:03:04+00:00,1,1,0.99416083
synthetic_cloudtrail.csv:2481,fe:uufenfhr,2024-03-26 15:03:33+00:00,1,1,0.9936313
synthetic_cloudtrail.csv:2386,fe:uuvwfle,2024-03-24 19:00:15+00:00,0,0,0.12090229
synthetic_cloudtrail.csv:2388,fe:uuvwfle,2024-03-24 19:00:30+00:00,0,0,0.12226976
synthetic_cloudtrail.csv:2389,fe:uuvwfle,2024-03-24 19:00:54+00:00,0,0,0.14709572
synthetic_cloudtrail.csv:2391,fe:uuvwfle,2024-03-24 19:01:20+00:00,0,0,0.13820404
synthetic_cloudtrail.csv:2393,fe:uuvwfle,2024-03-24 19:01:48+00:00,0,0,0.12808819
synthetic_cloudtrail.csv:2395,fe:uuvwfle,2024-03-24 19:02:09+00:00,0,0,0.17284782
synthetic_cloudtrail.csv:2396,fe:uuvwfle,2024-03-24 19:02:17+00:00,1,1,0.9940059
synthetic_cloudtrail.csv:2397,fe:uuvwfle,2024-03-24 19:02:36+00:00,1,1,0.9952009
synthetic_cloudtrail.csv:2399,fe:uuvwfle,2024-03-24 19:03:10+00:00,0,0,0.12667638
synthetic_cloudtrail.csv:2400,fe:uuvwfle,2024-03-24 19:03:26+00:00,0,0,0.21238548
synthetic_cloudtrail.csv:2401,fe:uuvwfle,2024-03-24 19:03:38+00:00,0,0,0.12033648
synthetic_cloudtrail.csv:2402,fe:uuvwfle,2024-03-24 19:04:17+00:00,0,0,0.15136436
synthetic_cloudtrail.csv:2404,fe:uuvwfle,2024-03-24 19:05:22+00:00,0,0,0.14272305
synthetic_cloudtrail.csv:5413,fe:uvkbc,2024-07-09 08:00:06+00:00,0,0,0.12358768
synthetic_cloudtrail.csv:5415,fe:uvkbc,2024-07-09 08:00:23+00:00,0,0,0.120081924
synthetic_cloudtrail.csv:5417,fe:uvkbc,2024-07-09 08:00:43+00:00,0,0,0.11690228
synthetic_cloudtrail.csv:5419,fe:uvkbc,2024-07-09 08:01:09+00:00,0,0,0.12637055
synthetic_cloudtrail.csv:5421,fe:uvkbc,2024-07-09 08:01:32+00:00,0,0,0.12372491
synthetic_cloudtrail.csv:5423,fe:uvkbc,2024-07-09 08:01:39+00:00,0,0,0.13863042
synthetic_cloudtrail.csv:5425,fe:uvkbc,2024-07-09 08:02:08+00:00,0,0,0.15343417
synthetic_cloudtrail.csv:5428,fe:uvkbc,2024-07-09 08:02:37+00:00,0,0,0.12456666
synthetic_cloudtrail.csv:5429,fe:uvkbc,2024-07-09 08:02:42+00:00,1,1,0.9961733
synthetic_cloudtrail.csv:5430,fe:uvkbc,2024-07-09 08:02:53+00:00,1,1,0.9957171
synthetic_cloudtrail.csv:5432,fe:uvkbc,2024-07-09 08:03:47+00:00,0,0,0.12259355
synthetic_cloudtrail.csv:5435,fe:uvkbc,2024-07-09 08:05:10+00:00,0,0,0.16671215
synthetic_cloudtrail.csv:5437,fe:uvkbc,2024-07-09 08:06:24+00:00,0,0,0.118663
synthetic_cloudtrail.csv:5439,fe:uvkbc,2024-07-09 08:06:52+00:00,0,0,0.1364832
synthetic_cloudtrail.csv:5440,fe:uvkbc,2024-07-09 08:07:46+00:00,0,0,0.12004173
synthetic_cloudtrail.csv:822,fe:uxhoek,2024-01-27 13:00:36+00:00,0,0,0.12910244
synthetic_cloudtrail.csv:823,fe:uxhoek,2024-01-27 13:02:23+00:00,0,0,0.1103385
synthetic_cloudtrail.csv:824,fe:uxhoek,2024-01-27 13:04:10+00:00,0,0,0.13605852
synthetic_cloudtrail.csv:825,fe:uxhoek,2024-01-27 13:04:48+00:00,0,0,0.13556612
synthetic_cloudtrail.csv:826,fe:uxhoek,2024-01-27 13:06:46+00:00,0,0,0.12683462
synthetic_cloudtrail.csv:827,fe:uxhoek,2024-01-27 13:08:41+00:00,0,0,0.12197226
synthetic_cloudtrail.csv:828,fe:uxhoek,2024-01-27 13:09:42+00:00,0,0,0.14462239
synthetic_cloudtrail.csv:829,fe:uxhoek,2024-01-27 13:10:44+00:00,0,0,0.12151731
synthetic_cloudtrail.csv:830,fe:uxhoek,2024-01-27 13:10:52+00:00,0,0,0.12185997
synthetic_cloudtrail.csv:831,fe:uxhoek,2024-01-27 13:11:19+00:00,0,0,0.1255158
synthetic_cloudtrail.csv:832,fe:uxhoek,2024-01-27 13:12:45+00:00,0,0,0.14072005
synthetic_cloudtrail.csv:7816,fe:vclvbwak,2024-10-10 13:00:06+00:00,0,0,0.12937002
synthetic_cloudtrail.csv:7817,fe:vclvbwak,2024-10-10 13:00:36+00:00,0,0,0.13914414
synthetic_cloudtrail.csv:7818,fe:vclvbwak,2024-10-10 13:00:50+00:00,0,0,0.12946251
synthetic_cloudtrail.csv:7820,fe:vclvbwak,2024-10-10 13:01:12+00:00,0,0,0.12249957
synthetic_cloudtrail.csv:7821,fe:vclvbwak,2024-10-10 13:01:29+00:00,0,0,0.12185228
synthetic_cloudtrail.csv:7823,fe:vclvbwak,2024-10-10 13:01:48+00:00,1,1,0.9947931
synthetic_cloudtrail.csv:7824,fe:vclvbwak,2024-10-10 13:01:55+00:00,1,1,0.9950618
synthetic_cloudtrail.csv:7826,fe:vclvbwak,2024-10-10 13:02:26+00:00,1,1,0.9821009
synthetic_cloudtrail.csv:7827,fe:vclvbwak,2024-10-10 13:03:06+00:00,0,0,0.13120179
synthetic_cloudtrail.csv:7829,fe:vclvbwak,2024-10-10 13:03:16+00:00,0,0,0.11197128
synthetic_cloudtrail.csv:7830,fe:vclvbwak,2024-10-10 13:03:36+00:00,0,0,0.11741495
synthetic_cloudtrail.csv:7831,fe:vclvbwak,2024-10-10 13:04:44+00:00,0,0,0.13273488
synthetic_cloudtrail.csv:1723,fe:vcwad,2024-02-28 09:00:07+00:00,0,0,0.13854098
synthetic_cloudtrail.csv:1724,fe:vcwad,2024-02-28 09:00:19+00:00,0,0,0.116043776
synthetic_cloudtrail.csv:1725,fe:vcwad,2024-02-28 09:00:39+00:00,0,0,0.12340387
synthetic_cloudtrail.csv:1726,fe:vcwad,2024-02-28 09:00:54+00:00,0,0,0.1412767
synthetic_cloudtrail.csv:1727,fe:vcwad,2024-02-28 09:01:22+00:00,0,0,0.13111246
synthetic_cloudtrail.csv:1728,fe:vcwad,2024-02-28 09:01:39+00:00,0,0,0.13460301
synthetic_cloudtrail.csv:1729,fe:vcwad,2024-02-28 09:02:05+00:00,0,0,0.13778529
synthetic_cloudtrail.csv:1730,fe:vcwad,2024-02-28 09:02:25+00:00,1,1,0.9959229
synthetic_cloudtrail.csv:1731,fe:vcwad,2024-02-28 09:03:15+00:00,1,1,0.9951316
synthetic_cloudtrail.csv:1732,fe:vcwad,2024-02-28 09:04:16+00:00,0,0,0.13094315
synthetic_cloudtrail.csv:1733,fe:vcwad,2024-02-28 09:04:41+00:00,0,0,0.14379275
synthetic_cloudtrail.csv:1734,fe:vcwad,2024-02-28 09:05:25+00:00,0,0,0.12234649
synthetic_cloudtrail.csv:3010,fe:vcybywndqx,2024-04-19 09:00:06+00:00,0,0,0.16111146
synthetic_cloudtrail.csv:3011,fe:vcybywndqx,2024-04-19 09:00:14+00:00,0,0,0.12609923
synthetic_cloudtrail.csv:3012,fe:vcybywndqx,2024-04-19 09:00:42+00:00,0,0,0.1491015
synthetic_cloudtrail.csv:3013,fe:vcybywndqx,2024-04-19 09:01:12+00:00,1,1,0.9943355
synthetic_cloudtrail.csv:3014,fe:vcybywndqx,2024-04-19 09:01:23+00:00,0,0,0.4011307
synthetic_cloudtrail.csv:3015,fe:vcybywndqx,2024-04-19 09:02:30+00:00,0,0,0.12494105
synthetic_cloudtrail.csv:2973,fe:vdlj,2024-04-14 12:02:20+00:00,0,0,0.17709108
synthetic_cloudtrail.csv:2974,fe:vdlj,2024-04-14 12:08:48+00:00,0,0,0.16028118
synthetic_cloudtrail.csv:2975,fe:vdlj,2024-04-14 12:17:18+00:00,0,0,0.15708299
synthetic_cloudtrail.csv:2976,fe:vdlj,2024-04-14 12:28:29+00:00,0,0,0.16616407
synthetic_cloudtrail.csv:2977,fe:vdlj,2024-04-14 12:36:31+00:00,0,0,0.19047426
synthetic_cloudtrail.csv:2077,fe:vfqfcf,2024-03-13 13:00:30+00:00,0,0,0.12737122
synthetic_cloudtrail.csv:2078,fe:vfqfcf,2024-03-13 13:00:36+00:00,0,0,0.16259427
synthetic_cloudtrail.csv:2080,fe:vfqfcf,2024-03-13 13:00:57+00:00,0,0,0.14953199
synthetic_cloudtrail.csv:2081,fe:vfqfcf,2024-03-13 13:01:07+00:00,0,0,0.13715702
synthetic_cloudtrail.csv:2082,fe:vfqfcf,2024-03-13 13:01:27+00:00,0,0,0.13289872
synthetic_cloudtrail.csv:2083,fe:vfqfcf,2024-03-13 13:01:32+00:00,0,0,0.15737113
synthetic_cloudtrail.csv:2084,fe:vfqfcf,2024-03-13 13:01:46+00:00,1,1,0.9949846
synthetic_cloudtrail.csv:2087,fe:vfqfcf,2024-03-13 13:02:24+00:00,1,1,0.9939268
synthetic_cloudtrail.csv:2090,fe:vfqfcf,2024-03-13 13:03:09+00:00,0,0,0.12611057
synthetic_cloudtrail.csv:2092,fe:vfqfcf,2024-03-13 13:03:59+00:00,0,0,0.12713787
synthetic_cloudtrail.csv:2094,fe:vfqfcf,2024-03-13 13:05:03+00:00,0,0,0.14692578
synthetic_cloudtrail.csv:2095,fe:vfqfcf,2024-03-13 13:05:29+00:00,0,0,0.1370642
synthetic_cloudtrail.csv:8356,fe:vgxpqx,2024-10-27 14:00:47+00:00,0,0,0.14117064
synthetic_cloudtrail.csv:8357,fe:vgxpqx,2024-10-27 14:01:13+00:00,0,0,0.11933382
synthetic_cloudtrail.csv:8358,fe:vgxpqx,2024-10-27 14:02:54+00:00,0,0,0.117859535
synthetic_cloudtrail.csv:8360,fe:vgxpqx,2024-10-27 14:04:36+00:00,0,0,0.11536091
synthetic_cloudtrail.csv:8361,fe:vgxpqx,2024-10-27 14:06:01+00:00,0,0,0.118999556
synthetic_cloudtrail.csv:8363,fe:vgxpqx,2024-10-27 14:06:43+00:00,0,0,0.12529418
synthetic_cloudtrail.csv:8364,fe:vgxpqx,2024-10-27 14:08:20+00:00,0,0,0.13020214
synthetic_cloudtrail.csv:8365,fe:vgxpqx,2024-10-27 14:08:47+00:00,0,0,0.13196546
synthetic_cloudtrail.csv:8366,fe:vgxpqx,2024-10-27 14:10:16+00:00,0,0,0.12235436
synthetic_cloudtrail.csv:8368,fe:vgxpqx,2024-10-27 14:12:15+00:00,0,0,0.2848755
synthetic_cloudtrail.csv:8369,fe:vgxpqx,2024-10-27 14:12:43+00:00,0,0,0.122369654
synthetic_cloudtrail.csv:8370,fe:vgxpqx,2024-10-27 14:13:53+00:00,0,0,0.14741246
synthetic_cloudtrail.csv:8371,fe:vgxpqx,2024-10-27 14:15:27+00:00,0,0,0.12461107
synthetic_cloudtrail.csv:8373,fe:vgxpqx,2024-10-27 14:16:18+00:00,0,0,0.12026446
synthetic_cloudtrail.csv:8374,fe:vgxpqx,2024-10-27 14:17:25+00:00,0,0,0.12180854
synthetic_cloudtrail.csv:8376,fe:vgxpqx,2024-10-27 14:19:19+00:00,0,0,0.13713583
synthetic_cloudtrail.csv:8377,fe:vgxpqx,2024-10-27 14:19:59+00:00,0,0,0.12533025
synthetic_cloudtrail.csv:8262,fe:vjraslln,2024-10-23 18:00:25+00:00,0,0,0.13185783
synthetic_cloudtrail.csv:8263,fe:vjraslln,2024-10-23 18:00:40+00:00,0,0,0.12933013
synthetic_cloudtrail.csv:8264,fe:vjraslln,2024-10-23 18:00:46+00:00,0,0,0.13348
synthetic_cloudtrail.csv:8265,fe:vjraslln,2024-10-23 18:01:09+00:00,1,1,0.9921565
synthetic_cloudtrail.csv:8266,fe:vjraslln,2024-10-23 18:01:53+00:00,1,1,0.9943032
synthetic_cloudtrail.csv:8267,fe:vjraslln,2024-10-23 18:02:48+00:00,0,0,0.18314955
synthetic_cloudtrail.csv:8268,fe:vjraslln,2024-10-23 18:03:04+00:00,0,0,0.12481902
synthetic_cloudtrail.csv:8269,fe:vjraslln,2024-10-23 18:04:23+00:00,0,0,0.13420533
synthetic_cloudtrail.csv:8270,fe:vjraslln,2024-10-23 18:04:45+00:00,0,0,0.14719151
synthetic_cloudtrail.csv:7399,fe:vlyqjxz,2024-09-20 14:00:08+00:00,0,0,0.13526478
synthetic_cloudtrail.csv:7400,fe:vlyqjxz,2024-09-20 14:00:33+00:00,0,0,0.13925081
synthetic_cloudtrail.csv:7401,fe:vlyqjxz,2024-09-20 14:00:43+00:00,0,0,0.15572144
synthetic_cloudtrail.csv:7402,fe:vlyqjxz,2024-09-20 14:00:48+00:00,0,0,0.1294001
synthetic_cloudtrail.csv:7403,fe:vlyqjxz,2024-09-20 14:01:05+00:00,1,1,0.9936051
synthetic_cloudtrail.csv:7404,fe:vlyqjxz,2024-09-20 14:01:38+00:00,1,1,0.9949633
synthetic_cloudtrail.csv:7405,fe:vlyqjxz,2024-09-20 14:02:22+00:00,1,1,0.99151057
synthetic_cloudtrail.csv:3560,fe:vnmsghncfb,2024-05-04 19:00:23+00:00,0,0,0.12088073
synthetic_cloudtrail.csv:3561,fe:vnmsghncfb,2024-05-04 19:00:26+00:00,0,0,0.12512448
synthetic_cloudtrail.csv:3562,fe:vnmsghncfb,2024-05-04 19:00:48+00:00,0,0,0.12217583
synthetic_cloudtrail.csv:3563,fe:vnmsghncfb,2024-05-04 19:01:11+00:00,0,0,0.16436961
synthetic_cloudtrail.csv:3564,fe:vnmsghncfb,2024-05-04 19:01:37+00:00,0,0,0.13761303
synthetic_cloudtrail.csv:3565,fe:vnmsghncfb,2024-05-04 19:01:54+00:00,0,0,0.12908636
synthetic_cloudtrail.csv:3566,fe:vnmsghncfb,2024-05-04 19:02:02+00:00,1,1,0.9934535
synthetic_cloudtrail.csv:3567,fe:vnmsghncfb,2024-05-04 19:02:23+00:00,1,1,0.99100906
synthetic_cloudtrail.csv:6207,fe:vnyebz,2024-08-09 14:00:08+00:00,0,0,0.11599441
synthetic_cloudtrail.csv:6208,fe:vnyebz,2024-08-09 14:00:54+00:00,0,0,0.11954916
synthetic_cloudtrail.csv:6209,fe:vnyebz,2024-08-09 14:02:42+00:00,0,0,0.11867191
synthetic_cloudtrail.csv:6210,fe:vnyebz,2024-08-09 14:03:13+00:00,0,0,0.12599918
synthetic_cloudtrail.csv:6211,fe:vnyebz,2024-08-09 14:04:29+00:00,0,0,0.11807036
synthetic_cloudtrail.csv:6212,fe:vnyebz,2024-08-09 14:04:52+00:00,0,0,0.124789655
synthetic_cloudtrail.csv:6213,fe:vnyebz,2024-08-09 14:05:37+00:00,0,0,0.121167794
synthetic_cloudtrail.csv:6214,fe:vnyebz,2024-08-09 14:06:23+00:00,0,0,0.113823846
synthetic_cloudtrail.csv:9907,fe:vsxiiqdodlq,2024-12-21 07:00:19+00:00,0,0,0.11282751
synthetic_cloudtrail.csv:9908,fe:vsxiiqdodlq,2024-12-21 07:00:36+00:00,0,0,0.11628085
synthetic_cloudtrail.csv:9909,fe:vsxiiqdodlq,2024-12-21 07:00:40+00:00,0,0,0.12575299
synthetic_cloudtrail.csv:9910,fe:vsxiiqdodlq,2024-12-21 07:01:04+00:00,0,0,0.11062048
synthetic_cloudtrail.csv:9911,fe:vsxiiqdodlq,2024-12-21 07:01:19+00:00,0,0,0.120393075
synthetic_cloudtrail.csv:9912,fe:vsxiiqdodlq,2024-12-21 07:01:45+00:00,0,0,0.111667916
synthetic_cloudtrail.csv:9913,fe:vsxiiqdodlq,2024-12-21 07:02:45+00:00,1,1,0.9943011
synthetic_cloudtrail.csv:9914,fe:vsxiiqdodlq,2024-12-21 07:02:59+00:00,1,1,0.99430853
synthetic_cloudtrail.csv:9915,fe:vsxiiqdodlq,2024-12-21 07:04:25+00:00,0,0,0.15563531
synthetic_cloudtrail.csv:9916,fe:vsxiiqdodlq,2024-12-21 07:04:50+00:00,0,0,0.11398234
synthetic_cloudtrail.csv:6980,fe:vtafmk,2024-09-08 08:00:50+00:00,0,0,0.11849543
synthetic_cloudtrail.csv:6981,fe:vtafmk,2024-09-08 08:02:08+00:00,0,0,0.118878245
synthetic_cloudtrail.csv:6982,fe:vtafmk,2024-09-08 08:03:15+00:00,0,0,0.11801946
synthetic_cloudtrail.csv:6983,fe:vtafmk,2024-09-08 08:04:22+00:00,0,0,0.15775077
synthetic_cloudtrail.csv:6984,fe:vtafmk,2024-09-08 08:05:34+00:00,0,0,0.1585309
synthetic_cloudtrail.csv:6985,fe:vtafmk,2024-09-08 08:05:58+00:00,0,0,0.15479809
synthetic_cloudtrail.csv:6986,fe:vtafmk,2024-09-08 08:06:16+00:00,0,0,0.14109252
synthetic_cloudtrail.csv:6987,fe:vtafmk,2024-09-08 08:06:44+00:00,0,0,0.13860057
synthetic_cloudtrail.csv:6988,fe:vtafmk,2024-09-08 08:08:11+00:00,0,0,0.15226088
synthetic_cloudtrail.csv:6989,fe:vtafmk,2024-09-08 08:10:05+00:00,0,0,0.10799455
synthetic_cloudtrail.csv:6990,fe:vtafmk,2024-09-08 08:11:54+00:00,0,0,0.120528944
synthetic_cloudtrail.csv:6991,fe:vtafmk,2024-09-08 08:12:50+00:00,0,0,0.12281582
synthetic_cloudtrail.csv:6992,fe:vtafmk,2024-09-08 08:13:20+00:00,0,0,0.12234438
synthetic_cloudtrail.csv:6993,fe:vtafmk,2024-09-08 08:13:25+00:00,0,0,0.12874374
synthetic_cloudtrail.csv:6994,fe:vtafmk,2024-09-08 08:15:17+00:00,0,0,0.12826923
synthetic_cloudtrail.csv:6995,fe:vtafmk,2024-09-08 08:16:04+00:00,0,0,0.1698059
synthetic_cloudtrail.csv:7936,fe:vteeimj,2024-10-14 17:00:29+00:00,0,0,0.11519309
synthetic_cloudtrail.csv:7937,fe:vteeimj,2024-10-14 17:00:34+00:00,0,0,0.113835536
synthetic_cloudtrail.csv:7939,fe:vteeimj,2024-10-14 17:00:51+00:00,0,0,0.1189192
synthetic_cloudtrail.csv:7940,fe:vteeimj,2024-10-14 17:00:55+00:00,0,0,0.11542504
synthetic_cloudtrail.csv:7941,fe:vteeimj,2024-10-14 17:01:16+00:00,0,0,0.116047285
synthetic_cloudtrail.csv:7942,fe:vteeimj,2024-10-14 17:01:23+00:00,0,0,0.11311148
synthetic_cloudtrail.csv:7943,fe:vteeimj,2024-10-14 17:01:42+00:00,0,0,0.1201865
synthetic_cloudtrail.csv:7944,fe:vteeimj,2024-10-14 17:02:18+00:00,1,1,0.99521184
synthetic_cloudtrail.csv:7946,fe:vteeimj,2024-10-14 17:02:30+00:00,0,0,0.14399628
synthetic_cloudtrail.csv:7947,fe:vteeimj,2024-10-14 17:03:27+00:00,0,0,0.12857051
synthetic_cloudtrail.csv:7951,fe:vteeimj,2024-10-14 17:04:57+00:00,0,0,0.13137823
synthetic_cloudtrail.csv:7953,fe:vteeimj,2024-10-14 17:05:59+00:00,0,0,0.13022208
synthetic_cloudtrail.csv:4815,fe:vuftgu,2024-06-15 17:01:35+00:00,0,0,0.12712333
synthetic_cloudtrail.csv:4816,fe:vuftgu,2024-06-15 17:02:22+00:00,0,0,0.13380422
synthetic_cloudtrail.csv:4817,fe:vuftgu,2024-06-15 17:03:56+00:00,0,0,0.12464891
synthetic_cloudtrail.csv:4818,fe:vuftgu,2024-06-15 17:04:41+00:00,0,0,0.11157827
synthetic_cloudtrail.csv:4819,fe:vuftgu,2024-06-15 17:06:37+00:00,0,0,0.113436155
synthetic_cloudtrail.csv:4820,fe:vuftgu,2024-06-15 17:07:11+00:00,0,0,0.11520071
synthetic_cloudtrail.csv:4821,fe:vuftgu,2024-06-15 17:07:32+00:00,0,0,0.1186257
synthetic_cloudtrail.csv:4822,fe:vuftgu,2024-06-15 17:08:31+00:00,0,0,0.120218575
synthetic_cloudtrail.csv:4823,fe:vuftgu,2024-06-15 17:09:44+00:00,0,0,0.115395926
synthetic_cloudtrail.csv:4824,fe:vuftgu,2024-06-15 17:11:06+00:00,0,0,0.13655384
synthetic_cloudtrail.csv:4825,fe:vuftgu,2024-06-15 17:11:34+00:00,0,0,0.12575103
synthetic_cloudtrail.csv:4826,fe:vuftgu,2024-06-15 17:11:43+00:00,0,0,0.124682605
synthetic_cloudtrail.csv:4827,fe:vuftgu,2024-06-15 17:13:12+00:00,0,0,0.12129249
synthetic_cloudtrail.csv:4828,fe:vuftgu,2024-06-15 17:14:56+00:00,0,0,0.15496121
synthetic_cloudtrail.csv:4829,fe:vuftgu,2024-06-15 17:15:22+00:00,0,0,0.11217764
synthetic_cloudtrail.csv:4830,fe:vuftgu,2024-06-15 17:16:05+00:00,0,0,0.13177757
synthetic_cloudtrail.csv:5898,fe:vuvpxs,2024-07-26 14:01:00+00:00,0,0,0.13089192
synthetic_cloudtrail.csv:5899,fe:vuvpxs,2024-07-26 14:02:10+00:00,0,0,0.12883866
synthetic_cloudtrail.csv:5900,fe:vuvpxs,2024-07-26 14:04:10+00:00,0,0,0.1276232
synthetic_cloudtrail.csv:5901,fe:vuvpxs,2024-07-26 14:05:00+00:00,0,0,0.11473529
synthetic_cloudtrail.csv:5902,fe:vuvpxs,2024-07-26 14:05:20+00:00,0,0,0.12275672
synthetic_cloudtrail.csv:5903,fe:vuvpxs,2024-07-26 14:06:14+00:00,0,0,0.11227428
synthetic_cloudtrail.csv:5904,fe:vuvpxs,2024-07-26 14:06:31+00:00,0,0,0.11254055
synthetic_cloudtrail.csv:5905,fe:vuvpxs,2024-07-26 14:07:49+00:00,0,0,0.11526056
synthetic_cloudtrail.csv:5906,fe:vuvpxs,2024-07-26 14:09:11+00:00,0,0,0.12599526
synthetic_cloudtrail.csv:5907,fe:vuvpxs,2024-07-26 14:09:57+00:00,0,0,0.1499091
synthetic_cloudtrail.csv:5908,fe:vuvpxs,2024-07-26 14:11:34+00:00,0,0,0.10874814
synthetic_cloudtrail.csv:5909,fe:vuvpxs,2024-07-26 14:13:03+00:00,0,0,0.11581936
synthetic_cloudtrail.csv:5910,fe:vuvpxs,2024-07-26 14:13:32+00:00,0,0,0.12067888
synthetic_cloudtrail.csv:5911,fe:vuvpxs,2024-07-26 14:15:01+00:00,0,0,0.12718032
synthetic_cloudtrail.csv:5912,fe:vuvpxs,2024-07-26 14:17:00+00:00,0,0,0.121227115
synthetic_cloudtrail.csv:5913,fe:vuvpxs,2024-07-26 14:17:33+00:00,0,0,0.12138443
synthetic_cloudtrail.csv:5914,fe:vuvpxs,2024-07-26 14:18:34+00:00,0,0,0.12855263
synthetic_cloudtrail.csv:5915,fe:vuvpxs,2024-07-26 14:19:26+00:00,0,0,0.12013167
synthetic_cloudtrail.csv:4266,fe:vwniry,2024-05-26 13:01:05+00:00,0,0,0.12536827
synthetic_cloudtrail.csv:4267,fe:vwniry,2024-05-26 13:02:21+00:00,0,0,0.112208895
synthetic_cloudtrail.csv:4268,fe:vwniry,2024-05-26 13:04:14+00:00,0,0,0.11879889
synthetic_cloudtrail.csv:4269,fe:vwniry,2024-05-26 13:06:07+00:00,0,0,0.11770723
synthetic_cloudtrail.csv:4270,fe:vwniry,2024-05-26 13:07:54+00:00,0,0,0.12803395
synthetic_cloudtrail.csv:4271,fe:vwniry,2024-05-26 13:08:24+00:00,0,0,0.11524095
synthetic_cloudtrail.csv:4272,fe:vwniry,2024-05-26 13:09:55+00:00,0,0,0.11893323
synthetic_cloudtrail.csv:4273,fe:vwniry,2024-05-26 13:10:22+00:00,0,0,0.12919989
synthetic_cloudtrail.csv:4274,fe:vwniry,2024-05-26 13:11:48+00:00,0,0,0.121716395
synthetic_cloudtrail.csv:4275,fe:vwniry,2024-05-26 13:12:19+00:00,0,0,0.12500387
synthetic_cloudtrail.csv:4276,fe:vwniry,2024-05-26 13:14:11+00:00,0,0,0.112094656
synthetic_cloudtrail.csv:4277,fe:vwniry,2024-05-26 13:15:16+00:00,0,0,0.1135385
synthetic_cloudtrail.csv:4278,fe:vwniry,2024-05-26 13:17:06+00:00,0,0,0.13608883
synthetic_cloudtrail.csv:4279,fe:vwniry,2024-05-26 13:17:42+00:00,0,0,0.11447149
synthetic_cloudtrail.csv:4280,fe:vwniry,2024-05-26 13:19:09+00:00,0,0,0.11549736
synthetic_cloudtrail.csv:4281,fe:vwniry,2024-05-26 13:20:30+00:00,0,0,0.12174184
synthetic_cloudtrail.csv:4282,fe:vwniry,2024-05-26 13:21:08+00:00,0,0,0.13136286
synthetic_cloudtrail.csv:9248,fe:vxhrgi,2024-11-28 16:01:38+00:00,0,0,0.120569214
synthetic_cloudtrail.csv:9250,fe:vxhrgi,2024-11-28 16:02:02+00:00,0,0,0.11877289
synthetic_cloudtrail.csv:9251,fe:vxhrgi,2024-11-28 16:03:37+00:00,0,0,0.1297199
synthetic_cloudtrail.csv:9252,fe:vxhrgi,2024-11-28 16:04:11+00:00,0,0,0.12062692
synthetic_cloudtrail.csv:9253,fe:vxhrgi,2024-11-28 16:05:20+00:00,0,0,0.11533352
synthetic_cloudtrail.csv:9254,fe:vxhrgi,2024-11-28 16:07:13+00:00,0,0,0.13241975
synthetic_cloudtrail.csv:9255,fe:vxhrgi,2024-11-28 16:07:30+00:00,0,0,0.12120783
synthetic_cloudtrail.csv:9256,fe:vxhrgi,2024-11-28 16:09:15+00:00,0,0,0.11832287
synthetic_cloudtrail.csv:9257,fe:vxhrgi,2024-11-28 16:09:59+00:00,0,0,0.1139497
synthetic_cloudtrail.csv:9258,fe:vxhrgi,2024-11-28 16:11:06+00:00,0,0,0.25034437
synthetic_cloudtrail.csv:9259,fe:vxhrgi,2024-11-28 16:12:48+00:00,0,0,0.12251396
synthetic_cloudtrail.csv:4341,fe:vyvpzn,2024-06-01 19:00:24+00:00,0,0,0.13176908
synthetic_cloudtrail.csv:4342,fe:vyvpzn,2024-06-01 19:01:34+00:00,0,0,0.27713892
synthetic_cloudtrail.csv:4343,fe:vyvpzn,2024-06-01 19:01:48+00:00,0,0,0.1417667
synthetic_cloudtrail.csv:4344,fe:vyvpzn,2024-06-01 19:02:34+00:00,0,0,0.22461203
synthetic_cloudtrail.csv:4345,fe:vyvpzn,2024-06-01 19:04:08+00:00,0,0,0.13127603
synthetic_cloudtrail.csv:4346,fe:vyvpzn,2024-06-01 19:05:38+00:00,0,0,0.12602392
synthetic_cloudtrail.csv:4347,fe:vyvpzn,2024-06-01 19:06:46+00:00,0,0,0.15277986
synthetic_cloudtrail.csv:4348,fe:vyvpzn,2024-06-01 19:07:59+00:00,0,0,0.12327273
synthetic_cloudtrail.csv:4349,fe:vyvpzn,2024-06-01 19:08:57+00:00,0,0,0.12104767
synthetic_cloudtrail.csv:4350,fe:vyvpzn,2024-06-01 19:10:30+00:00,0,0,0.11930772
synthetic_cloudtrail.csv:4351,fe:vyvpzn,2024-06-01 19:11:12+00:00,0,0,0.1273785
synthetic_cloudtrail.csv:4352,fe:vyvpzn,2024-06-01 19:12:23+00:00,0,0,0.13049692
synthetic_cloudtrail.csv:4353,fe:vyvpzn,2024-06-01 19:12:37+00:00,0,0,0.14781372
synthetic_cloudtrail.csv:4354,fe:vyvpzn,2024-06-01 19:13:19+00:00,0,0,0.12218803
synthetic_cloudtrail.csv:4355,fe:vyvpzn,2024-06-01 19:15:09+00:00,0,0,0.12305641
synthetic_cloudtrail.csv:4356,fe:vyvpzn,2024-06-01 19:16:31+00:00,0,0,0.16191545
synthetic_cloudtrail.csv:4357,fe:vyvpzn,2024-06-01 19:17:32+00:00,0,0,0.114430115
synthetic_cloudtrail.csv:4358,fe:vyvpzn,2024-06-01 19:18:10+00:00,0,0,0.11847307
synthetic_cloudtrail.csv:6101,fe:vzmmnl,2024-08-04 17:01:20+00:00,0,0,0.13043386
synthetic_cloudtrail.csv:6102,fe:vzmmnl,2024-08-04 17:02:10+00:00,0,0,0.12866999
synthetic_cloudtrail.csv:6103,fe:vzmmnl,2024-08-04 17:03:28+00:00,0,0,0.12049988
synthetic_cloudtrail.csv:6104,fe:vzmmnl,2024-08-04 17:04:42+00:00,0,0,0.15056446
synthetic_cloudtrail.csv:6105,fe:vzmmnl,2024-08-04 17:05:58+00:00,0,0,0.12490957
synthetic_cloudtrail.csv:6106,fe:vzmmnl,2024-08-04 17:06:54+00:00,0,0,0.3029563
synthetic_cloudtrail.csv:6107,fe:vzmmnl,2024-08-04 17:07:26+00:00,0,0,0.12701385
synthetic_cloudtrail.csv:6108,fe:vzmmnl,2024-08-04 17:08:58+00:00,0,0,0.13218799
synthetic_cloudtrail.csv:6109,fe:vzmmnl,2024-08-04 17:10:17+00:00,0,0,0.12443037
synthetic_cloudtrail.csv:6110,fe:vzmmnl,2024-08-04 17:11:50+00:00,0,0,0.14406918
synthetic_cloudtrail.csv:6111,fe:vzmmnl,2024-08-04 17:12:54+00:00,0,0,0.20966034
synthetic_cloudtrail.csv:6112,fe:vzmmnl,2024-08-04 17:13:09+00:00,0,0,0.11898149
synthetic_cloudtrail.csv:2274,fe:vzszpm,2024-03-19 18:01:24+00:00,0,0,0.11843564
synthetic_cloudtrail.csv:2278,fe:vzszpm,2024-03-19 18:03:03+00:00,0,0,0.11403741
synthetic_cloudtrail.csv:2279,fe:vzszpm,2024-03-19 18:03:29+00:00,0,0,0.11167687
synthetic_cloudtrail.csv:2280,fe:vzszpm,2024-03-19 18:03:49+00:00,0,0,0.13150352
synthetic_cloudtrail.csv:2283,fe:vzszpm,2024-03-19 18:05:21+00:00,0,0,0.12784691
synthetic_cloudtrail.csv:2284,fe:vzszpm,2024-03-19 18:05:51+00:00,0,0,0.16087313
synthetic_cloudtrail.csv:2285,fe:vzszpm,2024-03-19 18:06:09+00:00,0,0,0.11564415
synthetic_cloudtrail.csv:2286,fe:vzszpm,2024-03-19 18:06:26+00:00,0,0,0.12354486
synthetic_cloudtrail.csv:5942,fe:wblsbd,2024-07-28 17:00:43+00:00,0,0,0.16264665
synthetic_cloudtrail.csv:5943,fe:wblsbd,2024-07-28 17:00:49+00:00,0,0,0.11541503
synthetic_cloudtrail.csv:5944,fe:wblsbd,2024-07-28 17:01:24+00:00,0,0,0.12411736
synthetic_cloudtrail.csv:5945,fe:wblsbd,2024-07-28 17:01:52+00:00,0,0,0.12068441
synthetic_cloudtrail.csv:5946,fe:wblsbd,2024-07-28 17:02:57+00:00,0,0,0.15365832
synthetic_cloudtrail.csv:5947,fe:wblsbd,2024-07-28 17:04:11+00:00,0,0,0.11355649
synthetic_cloudtrail.csv:5948,fe:wblsbd,2024-07-28 17:05:44+00:00,0,0,0.13266735
synthetic_cloudtrail.csv:5949,fe:wblsbd,2024-07-28 17:06:59+00:00,0,0,0.11283034
synthetic_cloudtrail.csv:5950,fe:wblsbd,2024-07-28 17:07:31+00:00,0,0,0.14966723
synthetic_cloudtrail.csv:5951,fe:wblsbd,2024-07-28 17:08:53+00:00,0,0,0.102303095
synthetic_cloudtrail.csv:5952,fe:wblsbd,2024-07-28 17:09:17+00:00,0,0,0.11075752
synthetic_cloudtrail.csv:5953,fe:wblsbd,2024-07-28 17:10:55+00:00,0,0,0.11165485
synthetic_cloudtrail.csv:5954,fe:wblsbd,2024-07-28 17:11:24+00:00,0,0,0.11815191
synthetic_cloudtrail.csv:5955,fe:wblsbd,2024-07-28 17:12:47+00:00,0,0,0.12364811
synthetic_cloudtrail.csv:5956,fe:wblsbd,2024-07-28 17:13:08+00:00,0,0,0.12669648
synthetic_cloudtrail.csv:5957,fe:wblsbd,2024-07-28 17:14:56+00:00,0,0,0.1459936
synthetic_cloudtrail.csv:5958,fe:wblsbd,2024-07-28 17:16:03+00:00,0,0,0.10568079
synthetic_cloudtrail.csv:5959,fe:wblsbd,2024-07-28 17:17:40+00:00,0,0,0.121183015
synthetic_cloudtrail.csv:5960,fe:wblsbd,2024-07-28 17:18:10+00:00,0,0,0.12820138
synthetic_cloudtrail.csv:3336,fe:wbopzq,2024-04-27 11:00:12+00:00,0,0,0.11198358
synthetic_cloudtrail.csv:3338,fe:wbopzq,2024-04-27 11:00:20+00:00,0,0,0.11392174
synthetic_cloudtrail.csv:3340,fe:wbopzq,2024-04-27 11:00:39+00:00,0,0,0.11382753
synthetic_cloudtrail.csv:3342,fe:wbopzq,2024-04-27 11:00:54+00:00,0,0,0.12836815
synthetic_cloudtrail.csv:3343,fe:wbopzq,2024-04-27 11:01:06+00:00,1,1,0.99518555
synthetic_cloudtrail.csv:3346,fe:wbopzq,2024-04-27 11:01:23+00:00,0,0,0.11224097
synthetic_cloudtrail.csv:3352,fe:wbopzq,2024-04-27 11:02:51+00:00,0,0,0.107886
synthetic_cloudtrail.csv:5732,fe:wbqtdh,2024-07-20 15:00:41+00:00,0,0,0.10981862
synthetic_cloudtrail.csv:5734,fe:wbqtdh,2024-07-20 15:01:36+00:00,0,0,0.115632385
synthetic_cloudtrail.csv:5736,fe:wbqtdh,2024-07-20 15:02:45+00:00,0,0,0.13463473
synthetic_cloudtrail.csv:5739,fe:wbqtdh,2024-07-20 15:03:32+00:00,0,0,0.13235995
synthetic_cloudtrail.csv:5740,fe:wbqtdh,2024-07-20 15:04:43+00:00,0,0,0.12031756
synthetic_cloudtrail.csv:5742,fe:wbqtdh,2024-07-20 15:05:45+00:00,0,0,0.1230114
synthetic_cloudtrail.csv:5743,fe:wbqtdh,2024-07-20 15:06:05+00:00,0,0,0.12357067
synthetic_cloudtrail.csv:5745,fe:wbqtdh,2024-07-20 15:07:08+00:00,0,0,0.13734339
synthetic_cloudtrail.csv:5747,fe:wbqtdh,2024-07-20 15:08:52+00:00,0,0,0.1060869
synthetic_cloudtrail.csv:5749,fe:wbqtdh,2024-07-20 15:09:33+00:00,0,0,0.2268127
synthetic_cloudtrail.csv:5750,fe:wbqtdh,2024-07-20 15:10:20+00:00,0,0,0.11092012
synthetic_cloudtrail.csv:5752,fe:wbqtdh,2024-07-20 15:12:02+00:00,0,0,0.12278888
synthetic_cloudtrail.csv:5754,fe:wbqtdh,2024-07-20 15:13:13+00:00,0,0,0.2791782
synthetic_cloudtrail.csv:1177,fe:wbswdv,2024-02-10 09:00:31+00:00,0,0,0.14320385
synthetic_cloudtrail.csv:1178,fe:wbswdv,2024-02-10 09:01:41+00:00,0,0,0.14096089
synthetic_cloudtrail.csv:1179,fe:wbswdv,2024-02-10 09:02:20+00:00,0,0,0.14268708
synthetic_cloudtrail.csv:1180,fe:wbswdv,2024-02-10 09:02:55+00:00,0,0,0.24079782
synthetic_cloudtrail.csv:1181,fe:wbswdv,2024-02-10 09:04:34+00:00,0,0,0.13151248
synthetic_cloudtrail.csv:1182,fe:wbswdv,2024-02-10 09:05:01+00:00,0,0,0.12816995
synthetic_cloudtrail.csv:1183,fe:wbswdv,2024-02-10 09:06:21+00:00,0,0,0.12812763
synthetic_cloudtrail.csv:1184,fe:wbswdv,2024-02-10 09:08:18+00:00,0,0,0.12275995
synthetic_cloudtrail.csv:1185,fe:wbswdv,2024-02-10 09:09:29+00:00,0,0,0.11642803
synthetic_cloudtrail.csv:4641,fe:wbtlip,2024-06-09 14:00:12+00:00,0,0,0.12463987
synthetic_cloudtrail.csv:4642,fe:wbtlip,2024-06-09 14:00:38+00:00,0,0,0.13582426
synthetic_cloudtrail.csv:4643,fe:wbtlip,2024-06-09 14:01:37+00:00,0,0,0.11827017
synthetic_cloudtrail.csv:4644,fe:wbtlip,2024-06-09 14:01:43+00:00,0,0,0.11849047
synthetic_cloudtrail.csv:4645,fe:wbtlip,2024-06-09 14:03:00+00:00,0,0,0.15771635
synthetic_cloudtrail.csv:4646,fe:wbtlip,2024-06-09 14:03:09+00:00,0,0,0.11770404
synthetic_cloudtrail.csv:4647,fe:wbtlip,2024-06-09 14:04:43+00:00,0,0,0.12488471
synthetic_cloudtrail.csv:4648,fe:wbtlip,2024-06-09 14:06:07+00:00,0,0,0.12000444
synthetic_cloudtrail.csv:340,fe:wbvywlq,2024-01-13 12:00:09+00:00,0,0,0.12798685
synthetic_cloudtrail.csv:341,fe:wbvywlq,2024-01-13 12:00:19+00:00,0,0,0.123749465
synthetic_cloudtrail.csv:342,fe:wbvywlq,2024-01-13 12:00:34+00:00,0,0,0.13371862
synthetic_cloudtrail.csv:343,fe:wbvywlq,2024-01-13 12:01:04+00:00,0,0,0.12035623
synthetic_cloudtrail.csv:345,fe:wbvywlq,2024-01-13 12:01:26+00:00,0,0,0.15504096
synthetic_cloudtrail.csv:346,fe:wbvywlq,2024-01-13 12:01:41+00:00,0,0,0.12489645
synthetic_cloudtrail.csv:349,fe:wbvywlq,2024-01-13 12:02:41+00:00,1,1,0.99476755
synthetic_cloudtrail.csv:351,fe:wbvywlq,2024-01-13 12:03:36+00:00,1,1,0.99365234
synthetic_cloudtrail.csv:352,fe:wbvywlq,2024-01-13 12:04:04+00:00,1,1,0.86395633
synthetic_cloudtrail.csv:354,fe:wbvywlq,2024-01-13 12:04:42+00:00,0,0,0.15383068
synthetic_cloudtrail.csv:355,fe:wbvywlq,2024-01-13 12:06:01+00:00,0,0,0.114681564
synthetic_cloudtrail.csv:358,fe:wbvywlq,2024-01-13 12:06:47+00:00,0,0,0.11253182
synthetic_cloudtrail.csv:6066,fe:wcmhfo,2024-08-03 15:01:02+00:00,0,0,0.124395214
synthetic_cloudtrail.csv:6067,fe:wcmhfo,2024-08-03 15:01:07+00:00,0,0,0.11313442
synthetic_cloudtrail.csv:6068,fe:wcmhfo,2024-08-03 15:01:55+00:00,0,0,0.11580405
synthetic_cloudtrail.csv:6069,fe:wcmhfo,2024-08-03 15:02:29+00:00,0,0,0.12684263
synthetic_cloudtrail.csv:6070,fe:wcmhfo,2024-08-03 15:02:49+00:00,0,0,0.1233759
synthetic_cloudtrail.csv:6071,fe:wcmhfo,2024-08-03 15:04:24+00:00,0,0,0.116376445
synthetic_cloudtrail.csv:6072,fe:wcmhfo,2024-08-03 15:05:56+00:00,0,0,0.110067375
synthetic_cloudtrail.csv:6073,fe:wcmhfo,2024-08-03 15:06:40+00:00,0,0,0.13219129
synthetic_cloudtrail.csv:6074,fe:wcmhfo,2024-08-03 15:08:18+00:00,0,0,0.12795095
synthetic_cloudtrail.csv:6075,fe:wcmhfo,2024-08-03 15:10:12+00:00,0,0,0.12192526
synthetic_cloudtrail.csv:6076,fe:wcmhfo,2024-08-03 15:11:02+00:00,0,0,0.11420271
synthetic_cloudtrail.csv:6077,fe:wcmhfo,2024-08-03 15:12:07+00:00,0,0,0.11572966
synthetic_cloudtrail.csv:6078,fe:wcmhfo,2024-08-03 15:12:23+00:00,0,0,0.13166031
synthetic_cloudtrail.csv:6079,fe:wcmhfo,2024-08-03 15:14:19+00:00,0,0,0.13062124
synthetic_cloudtrail.csv:6080,fe:wcmhfo,2024-08-03 15:16:19+00:00,0,0,0.11899811
synthetic_cloudtrail.csv:6081,fe:wcmhfo,2024-08-03 15:16:25+00:00,0,0,0.11658498
synthetic_cloudtrail.csv:6082,fe:wcmhfo,2024-08-03 15:16:37+00:00,0,0,0.12814671
synthetic_cloudtrail.csv:6083,fe:wcmhfo,2024-08-03 15:16:45+00:00,0,0,0.13769299
synthetic_cloudtrail.csv:8059,fe:wdyzbg,2024-10-18 08:01:58+00:00,0,0,0.12683438
synthetic_cloudtrail.csv:8060,fe:wdyzbg,2024-10-18 08:03:25+00:00,0,0,0.2992835
synthetic_cloudtrail.csv:8061,fe:wdyzbg,2024-10-18 08:04:21+00:00,0,0,0.13412881
synthetic_cloudtrail.csv:8062,fe:wdyzbg,2024-10-18 08:06:09+00:00,0,0,0.13038744
synthetic_cloudtrail.csv:8063,fe:wdyzbg,2024-10-18 08:07:56+00:00,0,0,0.12292606
synthetic_cloudtrail.csv:8064,fe:wdyzbg,2024-10-18 08:08:56+00:00,0,0,0.14493984
synthetic_cloudtrail.csv:8065,fe:wdyzbg,2024-10-18 08:09:59+00:00,0,0,0.1157239
synthetic_cloudtrail.csv:8066,fe:wdyzbg,2024-10-18 08:11:59+00:00,0,0,0.1325776
synthetic_cloudtrail.csv:8067,fe:wdyzbg,2024-10-18 08:12:40+00:00,0,0,0.12034931
synthetic_cloudtrail.csv:8068,fe:wdyzbg,2024-10-18 08:14:21+00:00,0,0,0.12344725
synthetic_cloudtrail.csv:3485,fe:weesx,2024-05-03 09:00:16+00:00,0,0,0.11786143
synthetic_cloudtrail.csv:3486,fe:weesx,2024-05-03 09:00:28+00:00,0,0,0.12424964
synthetic_cloudtrail.csv:3487,fe:weesx,2024-05-03 09:00:35+00:00,0,0,0.1279433
synthetic_cloudtrail.csv:3488,fe:weesx,2024-05-03 09:00:56+00:00,0,0,0.12808187
synthetic_cloudtrail.csv:3489,fe:weesx,2024-05-03 09:01:20+00:00,0,0,0.1354325
synthetic_cloudtrail.csv:3490,fe:weesx,2024-05-03 09:01:28+00:00,0,0,0.1172992
synthetic_cloudtrail.csv:3491,fe:weesx,2024-05-03 09:01:34+00:00,0,0,0.1414141
synthetic_cloudtrail.csv:3492,fe:weesx,2024-05-03 09:01:45+00:00,0,0,0.14449924
synthetic_cloudtrail.csv:3493,fe:weesx,2024-05-03 09:02:22+00:00,1,1,0.99591845
synthetic_cloudtrail.csv:3494,fe:weesx,2024-05-03 09:02:46+00:00,1,1,0.99663323
synthetic_cloudtrail.csv:3495,fe:weesx,2024-05-03 09:03:40+00:00,1,1,0.99533784
synthetic_cloudtrail.csv:3496,fe:weesx,2024-05-03 09:04:47+00:00,0,0,0.10220861
synthetic_cloudtrail.csv:3497,fe:weesx,2024-05-03 09:06:16+00:00,0,0,0.13286023
synthetic_cloudtrail.csv:2104,fe:werrskcdydnr,2024-03-13 15:00:21+00:00,0,0,0.113564685
synthetic_cloudtrail.csv:2105,fe:werrskcdydnr,2024-03-13 15:00:46+00:00,0,0,0.11065659
synthetic_cloudtrail.csv:2106,fe:werrskcdydnr,2024-03-13 15:01:09+00:00,0,0,0.13056883
synthetic_cloudtrail.csv:2107,fe:werrskcdydnr,2024-03-13 15:01:34+00:00,0,0,0.14673656
synthetic_cloudtrail.csv:2108,fe:werrskcdydnr,2024-03-13 15:02:00+00:00,0,0,0.1184561
synthetic_cloudtrail.csv:2109,fe:werrskcdydnr,2024-03-13 15:02:16+00:00,0,0,0.10596676
synthetic_cloudtrail.csv:2110,fe:werrskcdydnr,2024-03-13 15:02:31+00:00,1,1,0.99409616
synthetic_cloudtrail.csv:2111,fe:werrskcdydnr,2024-03-13 15:03:15+00:00,1,1,0.9926857
synthetic_cloudtrail.csv:228,fe:wjmoqa,2024-01-09 12:01:06+00:00,0,0,0.12816522
synthetic_cloudtrail.csv:230,fe:wjmoqa,2024-01-09 12:01:26+00:00,0,0,0.12302759
synthetic_cloudtrail.csv:235,fe:wjmoqa,2024-01-09 12:02:32+00:00,0,0,0.1431112
synthetic_cloudtrail.csv:236,fe:wjmoqa,2024-01-09 12:02:41+00:00,0,0,0.13167201
synthetic_cloudtrail.csv:238,fe:wjmoqa,2024-01-09 12:04:14+00:00,0,0,0.13340686
synthetic_cloudtrail.csv:239,fe:wjmoqa,2024-01-09 12:04:20+00:00,0,0,0.12508199
synthetic_cloudtrail.csv:240,fe:wjmoqa,2024-01-09 12:04:26+00:00,0,0,0.12815055
synthetic_cloudtrail.csv:241,fe:wjmoqa,2024-01-09 12:05:42+00:00,0,0,0.10233453
synthetic_cloudtrail.csv:242,fe:wjmoqa,2024-01-09 12:06:11+00:00,0,0,0.14175376
synthetic_cloudtrail.csv:243,fe:wjmoqa,2024-01-09 12:07:36+00:00,0,0,0.105043866
synthetic_cloudtrail.csv:244,fe:wjmoqa,2024-01-09 12:08:39+00:00,0,0,0.2513634
synthetic_cloudtrail.csv:7267,fe:wkjwrm,2024-09-17 12:00:23+00:00,0,0,0.12679343
synthetic_cloudtrail.csv:7268,fe:wkjwrm,2024-09-17 12:00:29+00:00,0,0,0.12914714
synthetic_cloudtrail.csv:7269,fe:wkjwrm,2024-09-17 12:02:29+00:00,0,0,0.12114727
synthetic_cloudtrail.csv:7270,fe:wkjwrm,2024-09-17 12:04:02+00:00,0,0,0.10808374
synthetic_cloudtrail.csv:7271,fe:wkjwrm,2024-09-17 12:05:58+00:00,0,0,0.14255887
synthetic_cloudtrail.csv:7272,fe:wkjwrm,2024-09-17 12:06:50+00:00,0,0,0.109100975
synthetic_cloudtrail.csv:7273,fe:wkjwrm,2024-09-17 12:07:01+00:00,0,0,0.13083126
synthetic_cloudtrail.csv:7274,fe:wkjwrm,2024-09-17 12:07:59+00:00,0,0,0.11296738
synthetic_cloudtrail.csv:7275,fe:wkjwrm,2024-09-17 12:08:07+00:00,0,0,0.11728122
synthetic_cloudtrail.csv:3142,fe:wlcnwru,2024-04-23 07:00:09+00:00,0,0,0.13568243
synthetic_cloudtrail.csv:3143,fe:wlcnwru,2024-04-23 07:00:26+00:00,0,0,0.14550214
synthetic_cloudtrail.csv:3144,fe:wlcnwru,2024-04-23 07:00:54+00:00,0,0,0.15096508
synthetic_cloudtrail.csv:3145,fe:wlcnwru,2024-04-23 07:01:13+00:00,0,0,0.1361181
synthetic_cloudtrail.csv:3146,fe:wlcnwru,2024-04-23 07:01:36+00:00,0,0,0.1397645
synthetic_cloudtrail.csv:3147,fe:wlcnwru,2024-04-23 07:01:43+00:00,0,0,0.1540238
synthetic_cloudtrail.csv:3148,fe:wlcnwru,2024-04-23 07:01:48+00:00,0,0,0.13211045
synthetic_cloudtrail.csv:3149,fe:wlcnwru,2024-04-23 07:02:17+00:00,1,1,0.99461913
synthetic_cloudtrail.csv:3150,fe:wlcnwru,2024-04-23 07:02:35+00:00,1,1,0.99588615
synthetic_cloudtrail.csv:3151,fe:wlcnwru,2024-04-23 07:03:06+00:00,0,0,0.16921195
synthetic_cloudtrail.csv:3152,fe:wlcnwru,2024-04-23 07:03:46+00:00,0,0,0.17973344
synthetic_cloudtrail.csv:3153,fe:wlcnwru,2024-04-23 07:04:14+00:00,0,0,0.13079944
synthetic_cloudtrail.csv:2902,fe:wlwcxa,2024-04-13 09:00:30+00:00,0,0,0.13642047
synthetic_cloudtrail.csv:2908,fe:wlwcxa,2024-04-13 09:01:20+00:00,0,0,0.13417971
synthetic_cloudtrail.csv:2909,fe:wlwcxa,2024-04-13 09:01:39+00:00,0,0,0.14483139
synthetic_cloudtrail.csv:2911,fe:wlwcxa,2024-04-13 09:01:51+00:00,0,0,0.1315863
synthetic_cloudtrail.csv:2914,fe:wlwcxa,2024-04-13 09:02:52+00:00,0,0,0.12686352
synthetic_cloudtrail.csv:2915,fe:wlwcxa,2024-04-13 09:03:10+00:00,0,0,0.15519384
synthetic_cloudtrail.csv:2918,fe:wlwcxa,2024-04-13 09:04:27+00:00,0,0,0.12133095
synthetic_cloudtrail.csv:2919,fe:wlwcxa,2024-04-13 09:04:46+00:00,0,0,0.124947004
synthetic_cloudtrail.csv:2920,fe:wlwcxa,2024-04-13 09:04:58+00:00,0,0,0.12492232
synthetic_cloudtrail.csv:2924,fe:wlwcxa,2024-04-13 09:06:53+00:00,0,0,0.14240234
synthetic_cloudtrail.csv:2926,fe:wlwcxa,2024-04-13 09:08:22+00:00,0,0,0.109056875
synthetic_cloudtrail.csv:1533,fe:wmdwju,2024-02-20 18:00:41+00:00,0,0,0.118898034
synthetic_cloudtrail.csv:1534,fe:wmdwju,2024-02-20 18:01:15+00:00,0,0,0.11423428
synthetic_cloudtrail.csv:1535,fe:wmdwju,2024-02-20 18:02:24+00:00,0,0,0.115751326
synthetic_cloudtrail.csv:1536,fe:wmdwju,2024-02-20 18:03:50+00:00,0,0,0.12907152
synthetic_cloudtrail.csv:1537,fe:wmdwju,2024-02-20 18:05:40+00:00,0,0,0.11555612
synthetic_cloudtrail.csv:1538,fe:wmdwju,2024-02-20 18:06:59+00:00,0,0,0.10903088
synthetic_cloudtrail.csv:1539,fe:wmdwju,2024-02-20 18:08:21+00:00,0,0,0.10873279
synthetic_cloudtrail.csv:1540,fe:wmdwju,2024-02-20 18:08:51+00:00,0,0,0.1275176
synthetic_cloudtrail.csv:1541,fe:wmdwju,2024-02-20 18:10:41+00:00,0,0,0.11913114
synthetic_cloudtrail.csv:1542,fe:wmdwju,2024-02-20 18:11:31+00:00,0,0,0.110599354
synthetic_cloudtrail.csv:1543,fe:wmdwju,2024-02-20 18:12:26+00:00,0,0,0.11645017
synthetic_cloudtrail.csv:1544,fe:wmdwju,2024-02-20 18:12:43+00:00,0,0,0.121698454
synthetic_cloudtrail.csv:1545,fe:wmdwju,2024-02-20 18:13:25+00:00,0,0,0.120469235
synthetic_cloudtrail.csv:1546,fe:wmdwju,2024-02-20 18:14:44+00:00,0,0,0.122085445
synthetic_cloudtrail.csv:1547,fe:wmdwju,2024-02-20 18:15:14+00:00,0,0,0.12751056
synthetic_cloudtrail.csv:1548,fe:wmdwju,2024-02-20 18:15:51+00:00,0,0,0.14794156
synthetic_cloudtrail.csv:6197,fe:wmguvifqlzb,2024-08-09 07:00:13+00:00,0,0,0.11402543
synthetic_cloudtrail.csv:6198,fe:wmguvifqlzb,2024-08-09 07:00:37+00:00,0,0,0.11400304
synthetic_cloudtrail.csv:6199,fe:wmguvifqlzb,2024-08-09 07:00:45+00:00,0,0,0.1271806
synthetic_cloudtrail.csv:6200,fe:wmguvifqlzb,2024-08-09 07:01:15+00:00,0,0,0.1387375
synthetic_cloudtrail.csv:6201,fe:wmguvifqlzb,2024-08-09 07:01:25+00:00,0,0,0.14990787
synthetic_cloudtrail.csv:6202,fe:wmguvifqlzb,2024-08-09 07:02:08+00:00,1,1,0.9948525
synthetic_cloudtrail.csv:6203,fe:wmguvifqlzb,2024-08-09 07:02:55+00:00,1,1,0.9942743
synthetic_cloudtrail.csv:6204,fe:wmguvifqlzb,2024-08-09 07:03:09+00:00,0,0,0.15619886
synthetic_cloudtrail.csv:6205,fe:wmguvifqlzb,2024-08-09 07:03:25+00:00,0,0,0.111620925
synthetic_cloudtrail.csv:6206,fe:wmguvifqlzb,2024-08-09 07:04:11+00:00,0,0,0.116111405
synthetic_cloudtrail.csv:5755,fe:wobebo,2024-07-21 12:00:49+00:00,0,0,0.13031834
synthetic_cloudtrail.csv:5756,fe:wobebo,2024-07-21 12:02:03+00:00,0,0,0.13860902
synthetic_cloudtrail.csv:5757,fe:wobebo,2024-07-21 12:02:49+00:00,0,0,0.12166019
synthetic_cloudtrail.csv:5758,fe:wobebo,2024-07-21 12:04:37+00:00,0,0,0.2669045
synthetic_cloudtrail.csv:5759,fe:wobebo,2024-07-21 12:06:32+00:00,0,0,0.13118978
synthetic_cloudtrail.csv:5760,fe:wobebo,2024-07-21 12:07:10+00:00,0,0,0.15764725
synthetic_cloudtrail.csv:5761,fe:wobebo,2024-07-21 12:07:30+00:00,0,0,0.16497454
synthetic_cloudtrail.csv:5762,fe:wobebo,2024-07-21 12:07:59+00:00,0,0,0.13422789
synthetic_cloudtrail.csv:5763,fe:wobebo,2024-07-21 12:09:44+00:00,0,0,0.12877154
synthetic_cloudtrail.csv:8015,fe:wofrlp,2024-10-16 19:01:15+00:00,0,0,0.123487316
synthetic_cloudtrail.csv:8025,fe:wofrlp,2024-10-16 19:03:11+00:00,0,0,0.124150515
synthetic_cloudtrail.csv:8028,fe:wofrlp,2024-10-16 19:03:39+00:00,0,0,0.11274475
synthetic_cloudtrail.csv:8031,fe:wofrlp,2024-10-16 19:04:24+00:00,0,0,0.11732288
synthetic_cloudtrail.csv:8034,fe:wofrlp,2024-10-16 19:05:13+00:00,0,0,0.12368632
synthetic_cloudtrail.csv:8036,fe:wofrlp,2024-10-16 19:05:50+00:00,0,0,0.12685385
synthetic_cloudtrail.csv:8037,fe:wofrlp,2024-10-16 19:05:56+00:00,0,0,0.13945986
synthetic_cloudtrail.csv:8040,fe:wofrlp,2024-10-16 19:07:34+00:00,0,0,0.12636547
synthetic_cloudtrail.csv:8042,fe:wofrlp,2024-10-16 19:08:50+00:00,0,0,0.1173779
synthetic_cloudtrail.csv:8043,fe:wofrlp,2024-10-16 19:09:10+00:00,0,0,0.12189225
synthetic_cloudtrail.csv:8044,fe:wofrlp,2024-10-16 19:10:11+00:00,0,0,0.12585355
synthetic_cloudtrail.csv:8047,fe:wofrlp,2024-10-16 19:12:04+00:00,0,0,0.11341565
synthetic_cloudtrail.csv:4491,fe:wrloqa,2024-06-04 17:00:49+00:00,0,0,0.11918643
synthetic_cloudtrail.csv:4492,fe:wrloqa,2024-06-04 17:02:12+00:00,0,0,0.11565313
synthetic_cloudtrail.csv:4493,fe:wrloqa,2024-06-04 17:03:54+00:00,0,0,0.12102661
synthetic_cloudtrail.csv:4494,fe:wrloqa,2024-06-04 17:05:16+00:00,0,0,0.118925795
synthetic_cloudtrail.csv:4495,fe:wrloqa,2024-06-04 17:07:07+00:00,0,0,0.12132101
synthetic_cloudtrail.csv:4496,fe:wrloqa,2024-06-04 17:08:29+00:00,0,0,0.12927906
synthetic_cloudtrail.csv:4497,fe:wrloqa,2024-06-04 17:09:07+00:00,0,0,0.1409693
synthetic_cloudtrail.csv:4498,fe:wrloqa,2024-06-04 17:10:53+00:00,0,0,0.12501301
synthetic_cloudtrail.csv:4499,fe:wrloqa,2024-06-04 17:11:31+00:00,0,0,0.102533266
synthetic_cloudtrail.csv:4500,fe:wrloqa,2024-06-04 17:12:47+00:00,0,0,0.11548346
synthetic_cloudtrail.csv:4501,fe:wrloqa,2024-06-04 17:13:18+00:00,0,0,0.110329464
synthetic_cloudtrail.csv:2702,fe:wrpg,2024-04-08 16:13:58+00:00,0,0,0.17382713
synthetic_cloudtrail.csv:2703,fe:wrpg,2024-04-08 16:16:58+00:00,0,0,0.13066962
synthetic_cloudtrail.csv:2704,fe:wrpg,2024-04-08 16:22:41+00:00,0,0,0.1814061
synthetic_cloudtrail.csv:2705,fe:wrpg,2024-04-08 16:34:23+00:00,0,0,0.15843809
synthetic_cloudtrail.csv:2706,fe:wrpg,2024-04-08 16:49:12+00:00,0,0,0.16576177
synthetic_cloudtrail.csv:2707,fe:wrpg,2024-04-08 16:56:12+00:00,0,0,0.17386164
synthetic_cloudtrail.csv:4219,fe:wskz,2024-05-26 10:04:21+00:00,0,0,0.5087041
synthetic_cloudtrail.csv:4228,fe:wskz,2024-05-26 10:09:14+00:00,0,0,0.15703599
synthetic_cloudtrail.csv:4242,fe:wskz,2024-05-26 10:17:46+00:00,0,0,0.18806799
synthetic_cloudtrail.csv:5253,fe:wsvott,2024-07-04 18:01:16+00:00,0,0,0.11088607
synthetic_cloudtrail.csv:5254,fe:wsvott,2024-07-04 18:01:41+00:00,0,0,0.11992557
synthetic_cloudtrail.csv:5255,fe:wsvott,2024-07-04 18:02:44+00:00,0,0,0.11529001
synthetic_cloudtrail.csv:5256,fe:wsvott,2024-07-04 18:04:31+00:00,0,0,0.13654463
synthetic_cloudtrail.csv:5257,fe:wsvott,2024-07-04 18:04:37+00:00,0,0,0.11937627
synthetic_cloudtrail.csv:5258,fe:wsvott,2024-07-04 18:06:35+00:00,0,0,0.110305294
synthetic_cloudtrail.csv:5259,fe:wsvott,2024-07-04 18:07:56+00:00,0,0,0.14340444
synthetic_cloudtrail.csv:5260,fe:wsvott,2024-07-04 18:08:10+00:00,0,0,0.13410181
synthetic_cloudtrail.csv:5261,fe:wsvott,2024-07-04 18:10:09+00:00,0,0,0.09698293
synthetic_cloudtrail.csv:5262,fe:wsvott,2024-07-04 18:11:11+00:00,0,0,0.10426036
synthetic_cloudtrail.csv:9078,fe:wujsvmrypx,2024-11-24 16:00:09+00:00,0,0,0.10654671
synthetic_cloudtrail.csv:9079,fe:wujsvmrypx,2024-11-24 16:00:29+00:00,0,0,0.11019482
synthetic_cloudtrail.csv:9080,fe:wujsvmrypx,2024-11-24 16:00:54+00:00,0,0,0.118461184
synthetic_cloudtrail.csv:9081,fe:wujsvmrypx,2024-11-24 16:01:03+00:00,0,0,0.12553298
synthetic_cloudtrail.csv:9082,fe:wujsvmrypx,2024-11-24 16:01:32+00:00,0,0,0.13729961
synthetic_cloudtrail.csv:9083,fe:wujsvmrypx,2024-11-24 16:01:46+00:00,0,0,0.11269739
synthetic_cloudtrail.csv:9084,fe:wujsvmrypx,2024-11-24 16:02:08+00:00,0,0,0.113820486
synthetic_cloudtrail.csv:9085,fe:wujsvmrypx,2024-11-24 16:02:59+00:00,1,1,0.9957451
synthetic_cloudtrail.csv:9086,fe:wujsvmrypx,2024-11-24 16:03:16+00:00,1,1,0.9963289
synthetic_cloudtrail.csv:9087,fe:wujsvmrypx,2024-11-24 16:03:22+00:00,1,1,0.99539536
synthetic_cloudtrail.csv:9088,fe:wujsvmrypx,2024-11-24 16:03:51+00:00,0,0,0.11833204
synthetic_cloudtrail.csv:9089,fe:wujsvmrypx,2024-11-24 16:04:43+00:00,0,0,0.10996634
synthetic_cloudtrail.csv:9090,fe:wujsvmrypx,2024-11-24 16:05:54+00:00,0,0,0.111743696
synthetic_cloudtrail.csv:8863,fe:wvslws,2024-11-17 15:00:14+00:00,0,0,0.12813051
synthetic_cloudtrail.csv:8864,fe:wvslws,2024-11-17 15:00:27+00:00,0,0,0.13061099
synthetic_cloudtrail.csv:8865,fe:wvslws,2024-11-17 15:00:56+00:00,0,0,0.14997469
synthetic_cloudtrail.csv:8866,fe:wvslws,2024-11-17 15:01:22+00:00,0,0,0.14191931
synthetic_cloudtrail.csv:8867,fe:wvslws,2024-11-17 15:01:30+00:00,0,0,0.12811944
synthetic_cloudtrail.csv:8868,fe:wvslws,2024-11-17 15:01:44+00:00,0,0,0.14444509
synthetic_cloudtrail.csv:8869,fe:wvslws,2024-11-17 15:01:49+00:00,0,0,0.14593929
synthetic_cloudtrail.csv:8870,fe:wvslws,2024-11-17 15:01:55+00:00,1,1,0.99590343
synthetic_cloudtrail.csv:8871,fe:wvslws,2024-11-17 15:02:51+00:00,1,1,0.9950486
synthetic_cloudtrail.csv:8872,fe:wvslws,2024-11-17 15:03:04+00:00,0,0,0.13988468
synthetic_cloudtrail.csv:8873,fe:wvslws,2024-11-17 15:03:29+00:00,0,0,0.1470669
synthetic_cloudtrail.csv:8874,fe:wvslws,2024-11-17 15:03:44+00:00,0,0,0.11290619
synthetic_cloudtrail.csv:8875,fe:wvslws,2024-11-17 15:04:31+00:00,1,0,0.32824364
synthetic_cloudtrail.csv:8108,fe:wxlvxd,2024-10-19 13:02:00+00:00,0,0,0.11007052
synthetic_cloudtrail.csv:8111,fe:wxlvxd,2024-10-19 13:02:59+00:00,0,0,0.15564676
synthetic_cloudtrail.csv:8114,fe:wxlvxd,2024-10-19 13:04:28+00:00,0,0,0.14121655
synthetic_cloudtrail.csv:8115,fe:wxlvxd,2024-10-19 13:05:32+00:00,0,0,0.110646635
synthetic_cloudtrail.csv:8116,fe:wxlvxd,2024-10-19 13:06:36+00:00,0,0,0.11846167
synthetic_cloudtrail.csv:8117,fe:wxlvxd,2024-10-19 13:07:05+00:00,0,0,0.12480213
synthetic_cloudtrail.csv:8118,fe:wxlvxd,2024-10-19 13:07:51+00:00,0,0,0.14256577
synthetic_cloudtrail.csv:8119,fe:wxlvxd,2024-10-19 13:09:27+00:00,0,0,0.12461439
synthetic_cloudtrail.csv:8120,fe:wxlvxd,2024-10-19 13:10:06+00:00,0,0,0.11723266
synthetic_cloudtrail.csv:8121,fe:wxlvxd,2024-10-19 13:10:58+00:00,0,0,0.11550193
synthetic_cloudtrail.csv:8122,fe:wxlvxd,2024-10-19 13:11:40+00:00,0,0,0.13959083
synthetic_cloudtrail.csv:8123,fe:wxlvxd,2024-10-19 13:12:24+00:00,0,0,0.11634842
synthetic_cloudtrail.csv:8124,fe:wxlvxd,2024-10-19 13:13:05+00:00,0,0,0.122618236
synthetic_cloudtrail.csv:8125,fe:wxlvxd,2024-10-19 13:13:53+00:00,0,0,0.27274168
synthetic_cloudtrail.csv:8126,fe:wxlvxd,2024-10-19 13:14:25+00:00,0,0,0.11349107
synthetic_cloudtrail.csv:8127,fe:wxlvxd,2024-10-19 13:14:43+00:00,0,0,0.13168772
synthetic_cloudtrail.csv:2208,fe:wxqgofivkm,2024-03-17 09:10:20+00:00,0,0,0.1549205
synthetic_cloudtrail.csv:2209,fe:wxqgofivkm,2024-03-17 09:22:37+00:00,0,0,0.16748847
synthetic_cloudtrail.csv:2210,fe:wxqgofivkm,2024-03-17 09:31:04+00:00,0,0,0.14504814
synthetic_cloudtrail.csv:2211,fe:wxqgofivkm,2024-03-17 09:45:17+00:00,0,0,0.14067872
synthetic_cloudtrail.csv:2212,fe:wxqgofivkm,2024-03-17 09:58:00+00:00,0,0,0.14092898
synthetic_cloudtrail.csv:2213,fe:wxqgofivkm,2024-03-17 10:11:05+00:00,0,0,0.17405362
synthetic_cloudtrail.csv:4111,fe:wzrtep,2024-05-24 12:01:22+00:00,0,0,0.1251008
synthetic_cloudtrail.csv:4113,fe:wzrtep,2024-05-24 12:02:48+00:00,0,0,0.12130004
synthetic_cloudtrail.csv:4116,fe:wzrtep,2024-05-24 12:04:38+00:00,0,0,0.16110887
synthetic_cloudtrail.csv:4118,fe:wzrtep,2024-05-24 12:05:07+00:00,0,0,0.1251538
synthetic_cloudtrail.csv:4119,fe:wzrtep,2024-05-24 12:05:15+00:00,0,0,0.11414599
synthetic_cloudtrail.csv:4121,fe:wzrtep,2024-05-24 12:06:57+00:00,0,0,0.11353001
synthetic_cloudtrail.csv:4122,fe:wzrtep,2024-05-24 12:07:37+00:00,0,0,0.11667838
synthetic_cloudtrail.csv:4125,fe:wzrtep,2024-05-24 12:09:03+00:00,0,0,0.13163775
synthetic_cloudtrail.csv:4126,fe:wzrtep,2024-05-24 12:09:47+00:00,0,0,0.1238356
synthetic_cloudtrail.csv:4127,fe:wzrtep,2024-05-24 12:10:09+00:00,0,0,0.13960671
synthetic_cloudtrail.csv:4130,fe:wzrtep,2024-05-24 12:11:06+00:00,0,0,0.11081476
synthetic_cloudtrail.csv:4131,fe:wzrtep,2024-05-24 12:12:19+00:00,0,0,0.11653087
synthetic_cloudtrail.csv:4133,fe:wzrtep,2024-05-24 12:13:50+00:00,0,0,0.12526567
synthetic_cloudtrail.csv:4135,fe:wzrtep,2024-05-24 12:14:40+00:00,0,0,0.13339113
synthetic_cloudtrail.csv:4136,fe:wzrtep,2024-05-24 12:14:46+00:00,0,0,0.123890355
synthetic_cloudtrail.csv:4138,fe:wzrtep,2024-05-24 12:16:24+00:00,0,0,0.15504938
synthetic_cloudtrail.csv:4142,fe:wzrtep,2024-05-24 12:18:03+00:00,0,0,0.11108625
synthetic_cloudtrail.csv:4143,fe:wzrtep,2024-05-24 12:18:18+00:00,0,0,0.11433929
synthetic_cloudtrail.csv:4144,fe:wzrtep,2024-05-24 12:18:43+00:00,0,0,0.11764651
synthetic_cloudtrail.csv:4145,fe:wzrtep,2024-05-24 12:19:03+00:00,0,0,0.14142229
synthetic_cloudtrail.csv:5345,fe:xanpvb,2024-07-06 19:01:57+00:00,0,0,0.12380072
synthetic_cloudtrail.csv:5346,fe:xanpvb,2024-07-06 19:03:36+00:00,0,0,0.1257345
synthetic_cloudtrail.csv:5347,fe:xanpvb,2024-07-06 19:05:02+00:00,0,0,0.12754259
synthetic_cloudtrail.csv:5348,fe:xanpvb,2024-07-06 19:05:41+00:00,0,0,0.18926121
synthetic_cloudtrail.csv:5349,fe:xanpvb,2024-07-06 19:06:53+00:00,0,0,0.12480317
synthetic_cloudtrail.csv:5350,fe:xanpvb,2024-07-06 19:07:37+00:00,0,0,0.14367102
synthetic_cloudtrail.csv:5351,fe:xanpvb,2024-07-06 19:07:51+00:00,0,0,0.14250216
synthetic_cloudtrail.csv:5352,fe:xanpvb,2024-07-06 19:08:04+00:00,0,0,0.12910654
synthetic_cloudtrail.csv:5353,fe:xanpvb,2024-07-06 19:09:23+00:00,0,0,0.12835829
synthetic_cloudtrail.csv:5354,fe:xanpvb,2024-07-06 19:10:43+00:00,0,0,0.12428613
synthetic_cloudtrail.csv:5355,fe:xanpvb,2024-07-06 19:11:14+00:00,0,0,0.1301352
synthetic_cloudtrail.csv:5356,fe:xanpvb,2024-07-06 19:12:59+00:00,0,0,0.11691445
synthetic_cloudtrail.csv:5357,fe:xanpvb,2024-07-06 19:13:45+00:00,0,0,0.109647244
synthetic_cloudtrail.csv:5358,fe:xanpvb,2024-07-06 19:15:02+00:00,0,0,0.26363778
synthetic_cloudtrail.csv:5359,fe:xanpvb,2024-07-06 19:16:16+00:00,0,0,0.11394657
synthetic_cloudtrail.csv:5360,fe:xanpvb,2024-07-06 19:16:45+00:00,0,0,0.25380504
synthetic_cloudtrail.csv:3077,fe:xbozxtgjgo,2024-04-20 08:00:03+00:00,0,0,0.12063349
synthetic_cloudtrail.csv:3078,fe:xbozxtgjgo,2024-04-20 08:00:28+00:00,0,0,0.11305564
synthetic_cloudtrail.csv:3079,fe:xbozxtgjgo,2024-04-20 08:00:43+00:00,0,0,0.1193304
synthetic_cloudtrail.csv:3080,fe:xbozxtgjgo,2024-04-20 08:01:02+00:00,0,0,0.14521894
synthetic_cloudtrail.csv:3081,fe:xbozxtgjgo,2024-04-20 08:01:06+00:00,0,0,0.13801602
synthetic_cloudtrail.csv:3082,fe:xbozxtgjgo,2024-04-20 08:01:16+00:00,0,0,0.13256408
synthetic_cloudtrail.csv:3083,fe:xbozxtgjgo,2024-04-20 08:02:08+00:00,1,1,0.9949174
synthetic_cloudtrail.csv:3084,fe:xbozxtgjgo,2024-04-20 08:02:49+00:00,1,1,0.995307
synthetic_cloudtrail.csv:3085,fe:xbozxtgjgo,2024-04-20 08:03:02+00:00,1,1,0.9944818
synthetic_cloudtrail.csv:3086,fe:xbozxtgjgo,2024-04-20 08:03:45+00:00,0,0,0.12434971
synthetic_cloudtrail.csv:3087,fe:xbozxtgjgo,2024-04-20 08:04:02+00:00,0,0,0.34376594
synthetic_cloudtrail.csv:3088,fe:xbozxtgjgo,2024-04-20 08:04:14+00:00,0,0,0.12039863
synthetic_cloudtrail.csv:2822,fe:xgodh,2024-04-11 16:00:13+00:00,0,0,0.1495173
synthetic_cloudtrail.csv:2823,fe:xgodh,2024-04-11 16:00:28+00:00,0,0,0.117615916
synthetic_cloudtrail.csv:2824,fe:xgodh,2024-04-11 16:00:35+00:00,0,0,0.14877167
synthetic_cloudtrail.csv:2825,fe:xgodh,2024-04-11 16:01:04+00:00,0,0,0.14000054
synthetic_cloudtrail.csv:2826,fe:xgodh,2024-04-11 16:01:13+00:00,0,0,0.124807656
synthetic_cloudtrail.csv:2827,fe:xgodh,2024-04-11 16:01:39+00:00,0,0,0.14158419
synthetic_cloudtrail.csv:2828,fe:xgodh,2024-04-11 16:02:39+00:00,1,1,0.9935788
synthetic_cloudtrail.csv:2829,fe:xgodh,2024-04-11 16:03:09+00:00,1,1,0.9915838
synthetic_cloudtrail.csv:8079,fe:xhmlrj,2024-10-18 11:01:03+00:00,0,0,0.12886727
synthetic_cloudtrail.csv:8080,fe:xhmlrj,2024-10-18 11:01:54+00:00,0,0,0.1383829
synthetic_cloudtrail.csv:8081,fe:xhmlrj,2024-10-18 11:03:48+00:00,0,0,0.15800431
synthetic_cloudtrail.csv:8082,fe:xhmlrj,2024-10-18 11:05:35+00:00,0,0,0.14162698
synthetic_cloudtrail.csv:8083,fe:xhmlrj,2024-10-18 11:06:10+00:00,0,0,0.11283434
synthetic_cloudtrail.csv:8084,fe:xhmlrj,2024-10-18 11:07:11+00:00,0,0,0.11428696
synthetic_cloudtrail.csv:8085,fe:xhmlrj,2024-10-18 11:07:47+00:00,0,0,0.13010943
synthetic_cloudtrail.csv:8086,fe:xhmlrj,2024-10-18 11:08:23+00:00,0,0,0.1270123
synthetic_cloudtrail.csv:8087,fe:xhmlrj,2024-10-18 11:10:05+00:00,0,0,0.10961991
synthetic_cloudtrail.csv:8088,fe:xhmlrj,2024-10-18 11:11:08+00:00,0,0,0.14300956
synthetic_cloudtrail.csv:8089,fe:xhmlrj,2024-10-18 11:12:23+00:00,0,0,0.121375605
synthetic_cloudtrail.csv:8090,fe:xhmlrj,2024-10-18 11:13:56+00:00,0,0,0.109247595
synthetic_cloudtrail.csv:8091,fe:xhmlrj,2024-10-18 11:14:04+00:00,0,0,0.106723525
synthetic_cloudtrail.csv:8092,fe:xhmlrj,2024-10-18 11:15:30+00:00,0,0,0.10370365
synthetic_cloudtrail.csv:8093,fe:xhmlrj,2024-10-18 11:16:17+00:00,0,0,0.10769722
synthetic_cloudtrail.csv:8094,fe:xhmlrj,2024-10-18 11:18:16+00:00,0,0,0.11646354
synthetic_cloudtrail.csv:8095,fe:xhmlrj,2024-10-18 11:18:42+00:00,0,0,0.12485835
synthetic_cloudtrail.csv:8096,fe:xhmlrj,2024-10-18 11:20:33+00:00,0,0,0.1252191
synthetic_cloudtrail.csv:3920,fe:xkqd,2024-05-17 16:09:59+00:00,0,0,0.8797231
synthetic_cloudtrail.csv:3926,fe:xkqd,2024-05-17 16:15:39+00:00,0,0,0.21298866
synthetic_cloudtrail.csv:3927,fe:xkqd,2024-05-17 16:18:44+00:00,0,0,0.13665523
synthetic_cloudtrail.csv:3928,fe:xkqd,2024-05-17 16:25:01+00:00,0,0,0.17389838
synthetic_cloudtrail.csv:7290,fe:xmtioyldc,2024-09-18 12:00:20+00:00,0,0,0.10986079
synthetic_cloudtrail.csv:7293,fe:xmtioyldc,2024-09-18 12:00:50+00:00,0,0,0.10869625
synthetic_cloudtrail.csv:7295,fe:xmtioyldc,2024-09-18 12:01:09+00:00,0,0,0.12987816
synthetic_cloudtrail.csv:7297,fe:xmtioyldc,2024-09-18 12:01:30+00:00,0,0,0.14684877
synthetic_cloudtrail.csv:7298,fe:xmtioyldc,2024-09-18 12:01:40+00:00,0,0,0.1212466
synthetic_cloudtrail.csv:7299,fe:xmtioyldc,2024-09-18 12:01:49+00:00,0,0,0.1358667
synthetic_cloudtrail.csv:7300,fe:xmtioyldc,2024-09-18 12:02:16+00:00,0,0,0.14946748
synthetic_cloudtrail.csv:7301,fe:xmtioyldc,2024-09-18 12:02:19+00:00,0,0,0.1137412
synthetic_cloudtrail.csv:7304,fe:xmtioyldc,2024-09-18 12:02:49+00:00,1,1,0.9955509
synthetic_cloudtrail.csv:7305,fe:xmtioyldc,2024-09-18 12:03:36+00:00,1,1,0.9953276
synthetic_cloudtrail.csv:7306,fe:xmtioyldc,2024-09-18 12:03:52+00:00,1,1,0.9566301
synthetic_cloudtrail.csv:7308,fe:xmtioyldc,2024-09-18 12:04:32+00:00,0,0,0.114120014
synthetic_cloudtrail.csv:7312,fe:xmtioyldc,2024-09-18 12:05:51+00:00,0,0,0.10799482
synthetic_cloudtrail.csv:7314,fe:xmtioyldc,2024-09-18 12:06:44+00:00,0,0,0.13052256
synthetic_cloudtrail.csv:7315,fe:xmtioyldc,2024-09-18 12:07:10+00:00,0,0,0.110872984
synthetic_cloudtrail.csv:2460,fe:xnhksr,2024-03-25 18:00:32+00:00,0,0,0.11851244
synthetic_cloudtrail.csv:2461,fe:xnhksr,2024-03-25 18:01:34+00:00,0,0,0.23111518
synthetic_cloudtrail.csv:2462,fe:xnhksr,2024-03-25 18:02:54+00:00,0,0,0.117621
synthetic_cloudtrail.csv:2463,fe:xnhksr,2024-03-25 18:03:27+00:00,0,0,0.11541089
synthetic_cloudtrail.csv:2464,fe:xnhksr,2024-03-25 18:04:43+00:00,0,0,0.12433733
synthetic_cloudtrail.csv:2465,fe:xnhksr,2024-03-25 18:05:12+00:00,0,0,0.13028991
synthetic_cloudtrail.csv:2466,fe:xnhksr,2024-03-25 18:05:20+00:00,0,0,0.13517998
synthetic_cloudtrail.csv:2467,fe:xnhksr,2024-03-25 18:06:54+00:00,0,0,0.107274525
synthetic_cloudtrail.csv:2468,fe:xnhksr,2024-03-25 18:08:05+00:00,0,0,0.11409168
synthetic_cloudtrail.csv:2469,fe:xnhksr,2024-03-25 18:09:48+00:00,0,0,0.1169275
synthetic_cloudtrail.csv:2470,fe:xnhksr,2024-03-25 18:11:30+00:00,0,0,0.12306411
synthetic_cloudtrail.csv:2471,fe:xnhksr,2024-03-25 18:12:43+00:00,0,0,0.116581604
synthetic_cloudtrail.csv:6607,fe:xoidvh,2024-08-25 11:00:16+00:00,0,0,0.119028814
synthetic_cloudtrail.csv:6608,fe:xoidvh,2024-08-25 11:01:07+00:00,0,0,0.11612749
synthetic_cloudtrail.csv:6609,fe:xoidvh,2024-08-25 11:02:41+00:00,0,0,0.12451909
synthetic_cloudtrail.csv:6610,fe:xoidvh,2024-08-25 11:03:15+00:00,0,0,0.1269258
synthetic_cloudtrail.csv:6611,fe:xoidvh,2024-08-25 11:04:34+00:00,0,0,0.123754986
synthetic_cloudtrail.csv:6612,fe:xoidvh,2024-08-25 11:06:03+00:00,0,0,0.12578651
synthetic_cloudtrail.csv:6613,fe:xoidvh,2024-08-25 11:07:12+00:00,0,0,0.11389255
synthetic_cloudtrail.csv:6614,fe:xoidvh,2024-08-25 11:07:46+00:00,0,0,0.13638337
synthetic_cloudtrail.csv:6615,fe:xoidvh,2024-08-25 11:09:06+00:00,0,0,0.12605448
synthetic_cloudtrail.csv:3499,fe:xommey,2024-05-04 08:01:59+00:00,0,0,0.15633026
synthetic_cloudtrail.csv:3502,fe:xommey,2024-05-04 08:03:53+00:00,0,0,0.12212617
synthetic_cloudtrail.csv:3504,fe:xommey,2024-05-04 08:05:26+00:00,0,0,0.12613599
synthetic_cloudtrail.csv:3506,fe:xommey,2024-05-04 08:06:25+00:00,0,0,0.14997852
synthetic_cloudtrail.csv:3508,fe:xommey,2024-05-04 08:07:17+00:00,0,0,0.13328251
synthetic_cloudtrail.csv:3510,fe:xommey,2024-05-04 08:07:49+00:00,0,0,0.124659665
synthetic_cloudtrail.csv:3511,fe:xommey,2024-05-04 08:08:20+00:00,0,0,0.12301299
synthetic_cloudtrail.csv:3513,fe:xommey,2024-05-04 08:09:02+00:00,0,0,0.12495296
synthetic_cloudtrail.csv:3515,fe:xommey,2024-05-04 08:09:50+00:00,0,0,0.115822904
synthetic_cloudtrail.csv:3516,fe:xommey,2024-05-04 08:10:51+00:00,0,0,0.12110575
synthetic_cloudtrail.csv:3519,fe:xommey,2024-05-04 08:12:50+00:00,0,0,0.1201837
synthetic_cloudtrail.csv:3523,fe:xommey,2024-05-04 08:13:44+00:00,0,0,0.14238392
synthetic_cloudtrail.csv:3525,fe:xommey,2024-05-04 08:15:39+00:00,0,0,0.13724563
synthetic_cloudtrail.csv:3526,fe:xommey,2024-05-04 08:17:21+00:00,0,0,0.13509862
synthetic_cloudtrail.csv:3527,fe:xommey,2024-05-04 08:17:55+00:00,0,0,0.13434063
synthetic_cloudtrail.csv:5586,fe:xoyufn,2024-07-14 16:01:27+00:00,0,0,0.14037693
synthetic_cloudtrail.csv:5587,fe:xoyufn,2024-07-14 16:01:53+00:00,0,0,0.110948704
synthetic_cloudtrail.csv:5588,fe:xoyufn,2024-07-14 16:03:37+00:00,0,0,0.121837705
synthetic_cloudtrail.csv:5589,fe:xoyufn,2024-07-14 16:05:19+00:00,0,0,0.12453341
synthetic_cloudtrail.csv:5590,fe:xoyufn,2024-07-14 16:07:04+00:00,0,0,0.1364275
synthetic_cloudtrail.csv:5591,fe:xoyufn,2024-07-14 16:07:49+00:00,0,0,0.13804717
synthetic_cloudtrail.csv:5592,fe:xoyufn,2024-07-14 16:08:37+00:00,0,0,0.13310274
synthetic_cloudtrail.csv:5593,fe:xoyufn,2024-07-14 16:10:02+00:00,0,0,0.1274736
synthetic_cloudtrail.csv:5594,fe:xoyufn,2024-07-14 16:11:10+00:00,0,0,0.1326228
synthetic_cloudtrail.csv:5595,fe:xoyufn,2024-07-14 16:12:13+00:00,0,0,0.110797495
synthetic_cloudtrail.csv:5596,fe:xoyufn,2024-07-14 16:14:13+00:00,0,0,0.1170366
synthetic_cloudtrail.csv:5597,fe:xoyufn,2024-07-14 16:15:06+00:00,0,0,0.12904467
synthetic_cloudtrail.csv:5598,fe:xoyufn,2024-07-14 16:16:10+00:00,0,0,0.121958725
synthetic_cloudtrail.csv:5599,fe:xoyufn,2024-07-14 16:18:07+00:00,0,0,0.1258183
synthetic_cloudtrail.csv:5600,fe:xoyufn,2024-07-14 16:19:08+00:00,0,0,0.1251501
synthetic_cloudtrail.csv:5601,fe:xoyufn,2024-07-14 16:21:03+00:00,0,0,0.12601408
synthetic_cloudtrail.csv:5602,fe:xoyufn,2024-07-14 16:21:35+00:00,0,0,0.11174231
synthetic_cloudtrail.csv:5603,fe:xoyufn,2024-07-14 16:23:10+00:00,0,0,0.12791376
synthetic_cloudtrail.csv:9727,fe:xqandy,2024-12-15 08:01:21+00:00,0,0,0.14320041
synthetic_cloudtrail.csv:9732,fe:xqandy,2024-12-15 08:02:46+00:00,0,0,0.114966415
synthetic_cloudtrail.csv:9735,fe:xqandy,2024-12-15 08:03:19+00:00,0,0,0.12111763
synthetic_cloudtrail.csv:9738,fe:xqandy,2024-12-15 08:04:10+00:00,0,0,0.134853
synthetic_cloudtrail.csv:9743,fe:xqandy,2024-12-15 08:05:48+00:00,0,0,0.12966667
synthetic_cloudtrail.csv:9744,fe:xqandy,2024-12-15 08:06:29+00:00,0,0,0.14124756
synthetic_cloudtrail.csv:9745,fe:xqandy,2024-12-15 08:06:48+00:00,0,0,0.12129476
synthetic_cloudtrail.csv:9746,fe:xqandy,2024-12-15 08:08:31+00:00,0,0,0.12086571
synthetic_cloudtrail.csv:9747,fe:xqandy,2024-12-15 08:08:50+00:00,0,0,0.12842722
synthetic_cloudtrail.csv:9748,fe:xqandy,2024-12-15 08:10:44+00:00,0,0,0.117018476
synthetic_cloudtrail.csv:9749,fe:xqandy,2024-12-15 08:11:41+00:00,0,0,0.12356486
synthetic_cloudtrail.csv:9750,fe:xqandy,2024-12-15 08:13:26+00:00,0,0,0.117605954
synthetic_cloudtrail.csv:9751,fe:xqandy,2024-12-15 08:15:11+00:00,0,0,0.1225895
synthetic_cloudtrail.csv:9752,fe:xqandy,2024-12-15 08:16:49+00:00,0,0,0.14591831
synthetic_cloudtrail.csv:8302,fe:xrzs,2024-10-26 09:00:22+00:00,0,0,0.1250868
synthetic_cloudtrail.csv:8303,fe:xrzs,2024-10-26 09:00:47+00:00,0,0,0.11481515
synthetic_cloudtrail.csv:8304,fe:xrzs,2024-10-26 09:01:02+00:00,0,0,0.12964784
synthetic_cloudtrail.csv:8305,fe:xrzs,2024-10-26 09:01:11+00:00,0,0,0.13467906
synthetic_cloudtrail.csv:8306,fe:xrzs,2024-10-26 09:02:07+00:00,1,1,0.9936678
synthetic_cloudtrail.csv:8307,fe:xrzs,2024-10-26 09:02:59+00:00,1,1,0.99434596
synthetic_cloudtrail.csv:8308,fe:xrzs,2024-10-26 09:03:56+00:00,1,1,0.9928645
synthetic_cloudtrail.csv:8309,fe:xrzs,2024-10-26 09:04:46+00:00,0,0,0.1108428
synthetic_cloudtrail.csv:8310,fe:xrzs,2024-10-26 09:05:45+00:00,0,0,0.14983551
synthetic_cloudtrail.csv:6741,fe:xtkwuj,2024-09-02 15:00:39+00:00,0,0,0.11756482
synthetic_cloudtrail.csv:6742,fe:xtkwuj,2024-09-02 15:01:27+00:00,0,0,0.11370689
synthetic_cloudtrail.csv:6743,fe:xtkwuj,2024-09-02 15:02:01+00:00,0,0,0.11570473
synthetic_cloudtrail.csv:6744,fe:xtkwuj,2024-09-02 15:02:35+00:00,0,0,0.22218122
synthetic_cloudtrail.csv:6745,fe:xtkwuj,2024-09-02 15:03:04+00:00,0,0,0.12457874
synthetic_cloudtrail.csv:6746,fe:xtkwuj,2024-09-02 15:04:45+00:00,0,0,0.13803975
synthetic_cloudtrail.csv:6747,fe:xtkwuj,2024-09-02 15:05:38+00:00,0,0,0.13483796
synthetic_cloudtrail.csv:6748,fe:xtkwuj,2024-09-02 15:06:08+00:00,0,0,0.11079519
synthetic_cloudtrail.csv:6749,fe:xtkwuj,2024-09-02 15:06:15+00:00,0,0,0.12827952
synthetic_cloudtrail.csv:6750,fe:xtkwuj,2024-09-02 15:06:20+00:00,0,0,0.104848765
synthetic_cloudtrail.csv:6751,fe:xtkwuj,2024-09-02 15:08:16+00:00,0,0,0.10274786
synthetic_cloudtrail.csv:6752,fe:xtkwuj,2024-09-02 15:09:30+00:00,0,0,0.11230848
synthetic_cloudtrail.csv:6753,fe:xtkwuj,2024-09-02 15:10:35+00:00,0,0,0.11590197
synthetic_cloudtrail.csv:6754,fe:xtkwuj,2024-09-02 15:12:29+00:00,0,0,0.1266604
synthetic_cloudtrail.csv:3981,fe:xukgqu,2024-05-20 07:01:38+00:00,0,0,0.14300658
synthetic_cloudtrail.csv:3983,fe:xukgqu,2024-05-20 07:01:59+00:00,0,0,0.11877343
synthetic_cloudtrail.csv:3984,fe:xukgqu,2024-05-20 07:02:29+00:00,0,0,0.12102558
synthetic_cloudtrail.csv:3986,fe:xukgqu,2024-05-20 07:04:15+00:00,0,0,0.120892376
synthetic_cloudtrail.csv:3989,fe:xukgqu,2024-05-20 07:05:12+00:00,0,0,0.1355105
synthetic_cloudtrail.csv:3991,fe:xukgqu,2024-05-20 07:05:36+00:00,0,0,0.12480165
synthetic_cloudtrail.csv:3992,fe:xukgqu,2024-05-20 07:06:23+00:00,0,0,0.121256866
synthetic_cloudtrail.csv:3995,fe:xukgqu,2024-05-20 07:07:50+00:00,0,0,0.12884556
synthetic_cloudtrail.csv:3998,fe:xukgqu,2024-05-20 07:09:20+00:00,0,0,0.16394155
synthetic_cloudtrail.csv:3999,fe:xukgqu,2024-05-20 07:09:32+00:00,0,0,0.124694556
synthetic_cloudtrail.csv:4001,fe:xukgqu,2024-05-20 07:11:18+00:00,0,0,0.12075327
synthetic_cloudtrail.csv:4002,fe:xukgqu,2024-05-20 07:12:13+00:00,0,0,0.1289344
synthetic_cloudtrail.csv:4003,fe:xukgqu,2024-05-20 07:13:15+00:00,0,0,0.1381175
synthetic_cloudtrail.csv:4004,fe:xukgqu,2024-05-20 07:13:22+00:00,0,0,0.13100687
synthetic_cloudtrail.csv:1843,fe:xvdgj,2024-03-03 14:00:12+00:00,0,0,0.12671466
synthetic_cloudtrail.csv:1844,fe:xvdgj,2024-03-03 14:00:20+00:00,0,0,0.119447514
synthetic_cloudtrail.csv:1845,fe:xvdgj,2024-03-03 14:00:29+00:00,0,0,0.12080578
synthetic_cloudtrail.csv:1846,fe:xvdgj,2024-03-03 14:01:11+00:00,1,1,0.99421316
synthetic_cloudtrail.csv:1847,fe:xvdgj,2024-03-03 14:02:28+00:00,0,0,0.11142686
synthetic_cloudtrail.csv:1848,fe:xvdgj,2024-03-03 14:03:08+00:00,0,0,0.14373578
synthetic_cloudtrail.csv:1849,fe:xvdgj,2024-03-03 14:03:23+00:00,0,0,0.112055495
synthetic_cloudtrail.csv:6194,fe:xvfjpkaenz,2024-08-08 17:13:40+00:00,0,0,0.17875217
synthetic_cloudtrail.csv:6195,fe:xvfjpkaenz,2024-08-08 17:18:26+00:00,0,0,0.1502096
synthetic_cloudtrail.csv:6196,fe:xvfjpkaenz,2024-08-08 17:22:21+00:00,0,0,0.18626073
synthetic_cloudtrail.csv:3392,fe:xwhesc,2024-04-27 17:00:28+00:00,0,0,0.12296149
synthetic_cloudtrail.csv:3393,fe:xwhesc,2024-04-27 17:00:39+00:00,0,0,0.10247069
synthetic_cloudtrail.csv:3394,fe:xwhesc,2024-04-27 17:00:48+00:00,0,0,0.11240271
synthetic_cloudtrail.csv:3395,fe:xwhesc,2024-04-27 17:01:02+00:00,1,1,0.99315685
synthetic_cloudtrail.csv:3396,fe:xwhesc,2024-04-27 17:01:23+00:00,1,1,0.99479455
synthetic_cloudtrail.csv:3397,fe:xwhesc,2024-04-27 17:02:25+00:00,0,0,0.106471874
synthetic_cloudtrail.csv:3398,fe:xwhesc,2024-04-27 17:03:19+00:00,0,0,0.1470387
synthetic_cloudtrail.csv:3399,fe:xwhesc,2024-04-27 17:03:38+00:00,0,0,0.120433226
synthetic_cloudtrail.csv:3400,fe:xwhesc,2024-04-27 17:04:21+00:00,0,0,0.102247626
synthetic_cloudtrail.csv:8013,fe:xwutlg,2024-10-16 19:01:02+00:00,0,0,0.1373498
synthetic_cloudtrail.csv:8018,fe:xwutlg,2024-10-16 19:02:10+00:00,0,0,0.12742689
synthetic_cloudtrail.csv:8021,fe:xwutlg,2024-10-16 19:02:40+00:00,0,0,0.21328776
synthetic_cloudtrail.csv:8024,fe:xwutlg,2024-10-16 19:03:10+00:00,0,0,0.11152546
synthetic_cloudtrail.csv:8032,fe:xwutlg,2024-10-16 19:04:43+00:00,0,0,0.118533485
synthetic_cloudtrail.csv:8033,fe:xwutlg,2024-10-16 19:05:13+00:00,0,0,0.16104877
synthetic_cloudtrail.csv:8035,fe:xwutlg,2024-10-16 19:05:45+00:00,0,0,0.105878584
synthetic_cloudtrail.csv:8038,fe:xwutlg,2024-10-16 19:06:20+00:00,0,0,0.11904165
synthetic_cloudtrail.csv:8039,fe:xwutlg,2024-10-16 19:06:26+00:00,0,0,0.114885874
synthetic_cloudtrail.csv:8041,fe:xwutlg,2024-10-16 19:08:24+00:00,0,0,0.110980906
synthetic_cloudtrail.csv:8045,fe:xwutlg,2024-10-16 19:10:17+00:00,0,0,0.11114348
synthetic_cloudtrail.csv:8046,fe:xwutlg,2024-10-16 19:11:37+00:00,0,0,0.12218131
synthetic_cloudtrail.csv:8048,fe:xwutlg,2024-10-16 19:13:00+00:00,0,0,0.15082139
synthetic_cloudtrail.csv:8049,fe:xwutlg,2024-10-16 19:14:09+00:00,0,0,0.12991732
synthetic_cloudtrail.csv:482,fe:xzvwpq,2024-01-16 18:01:58+00:00,0,0,0.11379259
synthetic_cloudtrail.csv:483,fe:xzvwpq,2024-01-16 18:03:30+00:00,0,0,0.14293882
synthetic_cloudtrail.csv:484,fe:xzvwpq,2024-01-16 18:03:45+00:00,0,0,0.114646986
synthetic_cloudtrail.csv:485,fe:xzvwpq,2024-01-16 18:04:43+00:00,0,0,0.11924471
synthetic_cloudtrail.csv:486,fe:xzvwpq,2024-01-16 18:05:02+00:00,0,0,0.124486834
synthetic_cloudtrail.csv:487,fe:xzvwpq,2024-01-16 18:06:24+00:00,0,0,0.13651124
synthetic_cloudtrail.csv:488,fe:xzvwpq,2024-01-16 18:07:24+00:00,0,0,0.11009282
synthetic_cloudtrail.csv:489,fe:xzvwpq,2024-01-16 18:09:09+00:00,0,0,0.1173296
synthetic_cloudtrail.csv:490,fe:xzvwpq,2024-01-16 18:10:50+00:00,0,0,0.124970146
synthetic_cloudtrail.csv:491,fe:xzvwpq,2024-01-16 18:12:47+00:00,0,0,0.14357595
synthetic_cloudtrail.csv:492,fe:xzvwpq,2024-01-16 18:13:05+00:00,0,0,0.14388031
synthetic_cloudtrail.csv:493,fe:xzvwpq,2024-01-16 18:14:31+00:00,0,0,0.14009623
synthetic_cloudtrail.csv:494,fe:xzvwpq,2024-01-16 18:14:59+00:00,1,0,0.29021746
synthetic_cloudtrail.csv:495,fe:xzvwpq,2024-01-16 18:15:50+00:00,0,0,0.12398698
synthetic_cloudtrail.csv:496,fe:xzvwpq,2024-01-16 18:17:38+00:00,0,0,0.12571864
synthetic_cloudtrail.csv:497,fe:xzvwpq,2024-01-16 18:18:40+00:00,0,0,0.12353522
synthetic_cloudtrail.csv:498,fe:xzvwpq,2024-01-16 18:19:44+00:00,0,0,0.14821123
synthetic_cloudtrail.csv:499,fe:xzvwpq,2024-01-16 18:20:36+00:00,0,0,0.10719702
synthetic_cloudtrail.csv:500,fe:xzvwpq,2024-01-16 18:22:10+00:00,0,0,0.11283673
synthetic_cloudtrail.csv:501,fe:xzvwpq,2024-01-16 18:22:22+00:00,0,0,0.129533
synthetic_cloudtrail.csv:9420,fe:yazrhcdontzk,2024-12-06 16:00:15+00:00,0,0,0.12735797
synthetic_cloudtrail.csv:9421,fe:yazrhcdontzk,2024-12-06 16:00:37+00:00,0,0,0.14213166
synthetic_cloudtrail.csv:9422,fe:yazrhcdontzk,2024-12-06 16:00:57+00:00,0,0,0.13456517
synthetic_cloudtrail.csv:9423,fe:yazrhcdontzk,2024-12-06 16:01:15+00:00,0,0,0.14465824
synthetic_cloudtrail.csv:9424,fe:yazrhcdontzk,2024-12-06 16:01:35+00:00,0,0,0.13718587
synthetic_cloudtrail.csv:9425,fe:yazrhcdontzk,2024-12-06 16:01:55+00:00,0,0,0.15118754
synthetic_cloudtrail.csv:9426,fe:yazrhcdontzk,2024-12-06 16:02:19+00:00,0,0,0.16346231
synthetic_cloudtrail.csv:9427,fe:yazrhcdontzk,2024-12-06 16:02:38+00:00,0,0,0.12270119
synthetic_cloudtrail.csv:9428,fe:yazrhcdontzk,2024-12-06 16:02:55+00:00,1,1,0.99586594
synthetic_cloudtrail.csv:9429,fe:yazrhcdontzk,2024-12-06 16:03:23+00:00,1,1,0.9953838
synthetic_cloudtrail.csv:9430,fe:yazrhcdontzk,2024-12-06 16:03:44+00:00,0,0,0.16591936
synthetic_cloudtrail.csv:9431,fe:yazrhcdontzk,2024-12-06 16:04:36+00:00,1,0,0.7036829
synthetic_cloudtrail.csv:9432,fe:yazrhcdontzk,2024-12-06 16:06:04+00:00,0,0,0.13340034
synthetic_cloudtrail.csv:8560,fe:ydhazy,2024-11-07 19:00:55+00:00,0,0,0.13649629
synthetic_cloudtrail.csv:8561,fe:ydhazy,2024-11-07 19:01:30+00:00,0,0,0.12475342
synthetic_cloudtrail.csv:8563,fe:ydhazy,2024-11-07 19:02:26+00:00,0,0,0.13088031
synthetic_cloudtrail.csv:8565,fe:ydhazy,2024-11-07 19:03:56+00:00,0,0,0.12299997
synthetic_cloudtrail.csv:8566,fe:ydhazy,2024-11-07 19:05:02+00:00,0,0,0.13492866
synthetic_cloudtrail.csv:8568,fe:ydhazy,2024-11-07 19:06:26+00:00,0,0,0.14315295
synthetic_cloudtrail.csv:8571,fe:ydhazy,2024-11-07 19:08:00+00:00,0,0,0.11149098
synthetic_cloudtrail.csv:8573,fe:ydhazy,2024-11-07 19:09:08+00:00,0,0,0.11452678
synthetic_cloudtrail.csv:8575,fe:ydhazy,2024-11-07 19:10:33+00:00,0,0,0.11431295
synthetic_cloudtrail.csv:8577,fe:ydhazy,2024-11-07 19:12:28+00:00,0,0,0.29065925
synthetic_cloudtrail.csv:8579,fe:ydhazy,2024-11-07 19:12:54+00:00,0,0,0.15757771
synthetic_cloudtrail.csv:8582,fe:ydhazy,2024-11-07 19:14:46+00:00,0,0,0.11766908
synthetic_cloudtrail.csv:8583,fe:ydhazy,2024-11-07 19:16:22+00:00,0,0,0.122040994
synthetic_cloudtrail.csv:8584,fe:ydhazy,2024-11-07 19:16:49+00:00,0,0,0.13030852
synthetic_cloudtrail.csv:8585,fe:ydhazy,2024-11-07 19:17:33+00:00,0,0,0.13277349
synthetic_cloudtrail.csv:5454,fe:ydkexc,2024-07-09 15:01:07+00:00,0,0,0.11562001
synthetic_cloudtrail.csv:5457,fe:ydkexc,2024-07-09 15:02:03+00:00,0,0,0.1272495
synthetic_cloudtrail.csv:5460,fe:ydkexc,2024-07-09 15:03:15+00:00,0,0,0.13007247
synthetic_cloudtrail.csv:5462,fe:ydkexc,2024-07-09 15:04:31+00:00,0,0,0.12803322
synthetic_cloudtrail.csv:5463,fe:ydkexc,2024-07-09 15:05:00+00:00,0,0,0.11097205
synthetic_cloudtrail.csv:5465,fe:ydkexc,2024-07-09 15:06:05+00:00,0,0,0.12058097
synthetic_cloudtrail.csv:5467,fe:ydkexc,2024-07-09 15:07:30+00:00,0,0,0.12672277
synthetic_cloudtrail.csv:5469,fe:ydkexc,2024-07-09 15:09:14+00:00,0,0,0.13429347
synthetic_cloudtrail.csv:5470,fe:ydkexc,2024-07-09 15:09:26+00:00,0,0,0.11599157
synthetic_cloudtrail.csv:5473,fe:ydkexc,2024-07-09 15:11:09+00:00,0,0,0.11791758
synthetic_cloudtrail.csv:5476,fe:ydkexc,2024-07-09 15:12:41+00:00,0,0,0.11223513
synthetic_cloudtrail.csv:5477,fe:ydkexc,2024-07-09 15:14:37+00:00,0,0,0.29141682
synthetic_cloudtrail.csv:5479,fe:ydkexc,2024-07-09 15:15:33+00:00,0,0,0.12573424
synthetic_cloudtrail.csv:5483,fe:ydkexc,2024-07-09 15:16:22+00:00,0,0,0.123532884
synthetic_cloudtrail.csv:1614,fe:ydpwit,2024-02-23 18:00:15+00:00,0,0,0.121331125
synthetic_cloudtrail.csv:1615,fe:ydpwit,2024-02-23 18:00:35+00:00,0,0,0.124698505
synthetic_cloudtrail.csv:1616,fe:ydpwit,2024-02-23 18:01:03+00:00,0,0,0.1483536
synthetic_cloudtrail.csv:1617,fe:ydpwit,2024-02-23 18:01:30+00:00,0,0,0.12710927
synthetic_cloudtrail.csv:1618,fe:ydpwit,2024-02-23 18:01:37+00:00,0,0,0.12573251
synthetic_cloudtrail.csv:1619,fe:ydpwit,2024-02-23 18:01:58+00:00,0,0,0.13394475
synthetic_cloudtrail.csv:1620,fe:ydpwit,2024-02-23 18:02:08+00:00,0,0,0.12025511
synthetic_cloudtrail.csv:1621,fe:ydpwit,2024-02-23 18:02:21+00:00,0,0,0.12947807
synthetic_cloudtrail.csv:1622,fe:ydpwit,2024-02-23 18:03:21+00:00,1,1,0.9957819
synthetic_cloudtrail.csv:1623,fe:ydpwit,2024-02-23 18:03:45+00:00,1,1,0.9962004
synthetic_cloudtrail.csv:1624,fe:ydpwit,2024-02-23 18:04:20+00:00,1,1,0.9960311
synthetic_cloudtrail.csv:1625,fe:ydpwit,2024-02-23 18:04:49+00:00,0,0,0.121412344
synthetic_cloudtrail.csv:1626,fe:ydpwit,2024-02-23 18:05:45+00:00,0,0,0.13596527
synthetic_cloudtrail.csv:1627,fe:ydpwit,2024-02-23 18:06:08+00:00,0,0,0.11917522
synthetic_cloudtrail.csv:9585,fe:yfittx,2024-12-10 13:00:28+00:00,0,0,0.11521104
synthetic_cloudtrail.csv:9586,fe:yfittx,2024-12-10 13:01:26+00:00,0,0,0.13313243
synthetic_cloudtrail.csv:9588,fe:yfittx,2024-12-10 13:02:36+00:00,0,0,0.10535893
synthetic_cloudtrail.csv:9589,fe:yfittx,2024-12-10 13:03:24+00:00,0,0,0.1341634
synthetic_cloudtrail.csv:9592,fe:yfittx,2024-12-10 13:03:38+00:00,0,0,0.118250445
synthetic_cloudtrail.csv:9596,fe:yfittx,2024-12-10 13:04:52+00:00,0,0,0.119287334
synthetic_cloudtrail.csv:9598,fe:yfittx,2024-12-10 13:06:47+00:00,0,0,0.119091146
synthetic_cloudtrail.csv:9599,fe:yfittx,2024-12-10 13:07:12+00:00,0,0,0.13419183
synthetic_cloudtrail.csv:9601,fe:yfittx,2024-12-10 13:09:04+00:00,0,0,0.12807877
synthetic_cloudtrail.csv:9603,fe:yfittx,2024-12-10 13:10:32+00:00,0,0,0.12076765
synthetic_cloudtrail.csv:9605,fe:yfittx,2024-12-10 13:11:37+00:00,0,0,0.13571933
synthetic_cloudtrail.csv:9607,fe:yfittx,2024-12-10 13:13:28+00:00,0,0,0.13329896
synthetic_cloudtrail.csv:9608,fe:yfittx,2024-12-10 13:13:36+00:00,0,0,0.110516354
synthetic_cloudtrail.csv:9610,fe:yfittx,2024-12-10 13:14:10+00:00,0,0,0.1155391
synthetic_cloudtrail.csv:9611,fe:yfittx,2024-12-10 13:14:23+00:00,0,0,0.130038
synthetic_cloudtrail.csv:9614,fe:yfittx,2024-12-10 13:15:48+00:00,0,0,0.11176806
synthetic_cloudtrail.csv:9615,fe:yfittx,2024-12-10 13:16:31+00:00,0,0,0.11559318
synthetic_cloudtrail.csv:9617,fe:yfittx,2024-12-10 13:17:33+00:00,0,0,0.14282206
synthetic_cloudtrail.csv:9618,fe:yfittx,2024-12-10 13:18:18+00:00,0,0,0.10613276
synthetic_cloudtrail.csv:9621,fe:yfittx,2024-12-10 13:19:32+00:00,0,0,0.1308974
synthetic_cloudtrail.csv:4831,fe:ygdikvkvm,2024-06-15 19:00:19+00:00,0,0,0.11112934
synthetic_cloudtrail.csv:4832,fe:ygdikvkvm,2024-06-15 19:00:37+00:00,0,0,0.11446512
synthetic_cloudtrail.csv:4833,fe:ygdikvkvm,2024-06-15 19:00:46+00:00,0,0,0.11638732
synthetic_cloudtrail.csv:4834,fe:ygdikvkvm,2024-06-15 19:00:55+00:00,0,0,0.12562498
synthetic_cloudtrail.csv:4835,fe:ygdikvkvm,2024-06-15 19:01:03+00:00,0,0,0.133817
synthetic_cloudtrail.csv:4836,fe:ygdikvkvm,2024-06-15 19:01:22+00:00,1,1,0.99396086
synthetic_cloudtrail.csv:4837,fe:ygdikvkvm,2024-06-15 19:02:16+00:00,1,1,0.99508977
synthetic_cloudtrail.csv:4838,fe:ygdikvkvm,2024-06-15 19:02:41+00:00,1,1,0.9932066
synthetic_cloudtrail.csv:5814,fe:ygmhtbg,2024-07-23 07:00:11+00:00,0,0,0.12741953
synthetic_cloudtrail.csv:5815,fe:ygmhtbg,2024-07-23 07:00:20+00:00,0,0,0.12360839
synthetic_cloudtrail.csv:5816,fe:ygmhtbg,2024-07-23 07:00:36+00:00,0,0,0.14299151
synthetic_cloudtrail.csv:5817,fe:ygmhtbg,2024-07-23 07:00:46+00:00,0,0,0.14418836
synthetic_cloudtrail.csv:5818,fe:ygmhtbg,2024-07-23 07:01:05+00:00,1,1,0.99363446
synthetic_cloudtrail.csv:5819,fe:ygmhtbg,2024-07-23 07:01:40+00:00,1,1,0.9939687
synthetic_cloudtrail.csv:5820,fe:ygmhtbg,2024-07-23 07:02:31+00:00,1,1,0.9940164
synthetic_cloudtrail.csv:5821,fe:ygmhtbg,2024-07-23 07:02:56+00:00,0,0,0.1670071
synthetic_cloudtrail.csv:5822,fe:ygmhtbg,2024-07-23 07:03:48+00:00,0,0,0.13103779
synthetic_cloudtrail.csv:5823,fe:ygmhtbg,2024-07-23 07:04:32+00:00,0,0,0.13843058
synthetic_cloudtrail.csv:5824,fe:ygmhtbg,2024-07-23 07:04:52+00:00,0,0,0.14881688
synthetic_cloudtrail.csv:5825,fe:ygmhtbg,2024-07-23 07:05:33+00:00,0,0,0.13903147
synthetic_cloudtrail.csv:7664,fe:ygtcil,2024-10-06 13:00:37+00:00,0,0,0.15091085
synthetic_cloudtrail.csv:7665,fe:ygtcil,2024-10-06 13:01:21+00:00,0,0,0.13421434
synthetic_cloudtrail.csv:7666,fe:ygtcil,2024-10-06 13:02:52+00:00,0,0,0.12715785
synthetic_cloudtrail.csv:7667,fe:ygtcil,2024-10-06 13:03:44+00:00,0,0,0.11089871
synthetic_cloudtrail.csv:7668,fe:ygtcil,2024-10-06 13:04:32+00:00,0,0,0.12517512
synthetic_cloudtrail.csv:7669,fe:ygtcil,2024-10-06 13:04:56+00:00,0,0,0.13904914
synthetic_cloudtrail.csv:7670,fe:ygtcil,2024-10-06 13:05:07+00:00,0,0,0.10676844
synthetic_cloudtrail.csv:7671,fe:ygtcil,2024-10-06 13:05:12+00:00,0,0,0.12225935
synthetic_cloudtrail.csv:7672,fe:ygtcil,2024-10-06 13:06:39+00:00,0,0,0.11725855
synthetic_cloudtrail.csv:7673,fe:ygtcil,2024-10-06 13:08:32+00:00,0,0,0.118442774
synthetic_cloudtrail.csv:7674,fe:ygtcil,2024-10-06 13:09:38+00:00,0,0,0.14258091
synthetic_cloudtrail.csv:7675,fe:ygtcil,2024-10-06 13:10:13+00:00,0,0,0.12008838
synthetic_cloudtrail.csv:7676,fe:ygtcil,2024-10-06 13:10:19+00:00,0,0,0.11445288
synthetic_cloudtrail.csv:7677,fe:ygtcil,2024-10-06 13:10:29+00:00,0,0,0.12416104
synthetic_cloudtrail.csv:7678,fe:ygtcil,2024-10-06 13:10:42+00:00,0,0,0.12147046
synthetic_cloudtrail.csv:7679,fe:ygtcil,2024-10-06 13:11:17+00:00,0,0,0.1402996
synthetic_cloudtrail.csv:7680,fe:ygtcil,2024-10-06 13:13:03+00:00,0,0,0.11622818
synthetic_cloudtrail.csv:7681,fe:ygtcil,2024-10-06 13:13:37+00:00,0,0,0.13056086
synthetic_cloudtrail.csv:7682,fe:ygtcil,2024-10-06 13:14:20+00:00,0,0,0.120503485
synthetic_cloudtrail.csv:1676,fe:yhhiyqldk,2024-02-25 13:10:35+00:00,0,0,0.17605151
synthetic_cloudtrail.csv:1677,fe:yhhiyqldk,2024-02-25 13:15:30+00:00,0,0,0.12966144
synthetic_cloudtrail.csv:4780,fe:yiedb,2024-06-14 15:08:30+00:00,0,0,0.2397594
synthetic_cloudtrail.csv:4781,fe:yiedb,2024-06-14 15:12:29+00:00,0,0,0.15331282
synthetic_cloudtrail.csv:4782,fe:yiedb,2024-06-14 15:22:01+00:00,0,0,0.17256711
synthetic_cloudtrail.csv:502,fe:yjxtam,2024-01-18 09:00:07+00:00,0,0,0.14008252
synthetic_cloudtrail.csv:503,fe:yjxtam,2024-01-18 09:01:42+00:00,0,0,0.1392238
synthetic_cloudtrail.csv:504,fe:yjxtam,2024-01-18 09:03:28+00:00,0,0,0.13666804
synthetic_cloudtrail.csv:505,fe:yjxtam,2024-01-18 09:03:37+00:00,0,0,0.1169127
synthetic_cloudtrail.csv:506,fe:yjxtam,2024-01-18 09:04:40+00:00,0,0,0.12604746
synthetic_cloudtrail.csv:507,fe:yjxtam,2024-01-18 09:05:42+00:00,0,0,0.11813124
synthetic_cloudtrail.csv:508,fe:yjxtam,2024-01-18 09:05:57+00:00,0,0,0.124690734
synthetic_cloudtrail.csv:509,fe:yjxtam,2024-01-18 09:06:23+00:00,0,0,0.12723488
synthetic_cloudtrail.csv:510,fe:yjxtam,2024-01-18 09:07:48+00:00,0,0,0.117358804
synthetic_cloudtrail.csv:511,fe:yjxtam,2024-01-18 09:07:59+00:00,0,0,0.11646605
synthetic_cloudtrail.csv:512,fe:yjxtam,2024-01-18 09:09:43+00:00,0,0,0.1319815
synthetic_cloudtrail.csv:513,fe:yjxtam,2024-01-18 09:09:56+00:00,0,0,0.13029882
synthetic_cloudtrail.csv:514,fe:yjxtam,2024-01-18 09:10:55+00:00,0,0,0.11673812
synthetic_cloudtrail.csv:515,fe:yjxtam,2024-01-18 09:11:57+00:00,0,0,0.1237311
synthetic_cloudtrail.csv:516,fe:yjxtam,2024-01-18 09:13:41+00:00,0,0,0.121500224
synthetic_cloudtrail.csv:517,fe:yjxtam,2024-01-18 09:14:31+00:00,0,0,0.14479353
synthetic_cloudtrail.csv:518,fe:yjxtam,2024-01-18 09:14:48+00:00,0,0,0.2454529
synthetic_cloudtrail.csv:519,fe:yjxtam,2024-01-18 09:16:26+00:00,0,0,0.13390514
synthetic_cloudtrail.csv:1059,fe:ykrzkd,2024-02-06 16:00:40+00:00,0,0,0.13021728
synthetic_cloudtrail.csv:1060,fe:ykrzkd,2024-02-06 16:02:01+00:00,0,0,0.11130149
synthetic_cloudtrail.csv:1061,fe:ykrzkd,2024-02-06 16:03:38+00:00,0,0,0.12272912
synthetic_cloudtrail.csv:1062,fe:ykrzkd,2024-02-06 16:05:19+00:00,0,0,0.12530121
synthetic_cloudtrail.csv:1063,fe:ykrzkd,2024-02-06 16:05:42+00:00,0,0,0.12098344
synthetic_cloudtrail.csv:1064,fe:ykrzkd,2024-02-06 16:06:40+00:00,0,0,0.23544897
synthetic_cloudtrail.csv:1065,fe:ykrzkd,2024-02-06 16:07:26+00:00,0,0,0.11800286
synthetic_cloudtrail.csv:1066,fe:ykrzkd,2024-02-06 16:08:31+00:00,0,0,0.22381382
synthetic_cloudtrail.csv:1067,fe:ykrzkd,2024-02-06 16:09:08+00:00,0,0,0.14632165
synthetic_cloudtrail.csv:1068,fe:ykrzkd,2024-02-06 16:09:26+00:00,0,0,0.12976006
synthetic_cloudtrail.csv:1069,fe:ykrzkd,2024-02-06 16:10:12+00:00,0,0,0.1114414
synthetic_cloudtrail.csv:1070,fe:ykrzkd,2024-02-06 16:11:00+00:00,0,0,0.115976445
synthetic_cloudtrail.csv:1071,fe:ykrzkd,2024-02-06 16:12:54+00:00,0,0,0.12594303
synthetic_cloudtrail.csv:1072,fe:ykrzkd,2024-02-06 16:13:00+00:00,0,0,0.11627081
synthetic_cloudtrail.csv:1073,fe:ykrzkd,2024-02-06 16:14:41+00:00,0,0,0.10764199
synthetic_cloudtrail.csv:1074,fe:ykrzkd,2024-02-06 16:14:58+00:00,0,0,0.1188686
synthetic_cloudtrail.csv:1574,fe:ykyjgp,2024-02-21 17:01:44+00:00,0,0,0.12436865
synthetic_cloudtrail.csv:1575,fe:ykyjgp,2024-02-21 17:02:35+00:00,0,0,0.12600377
synthetic_cloudtrail.csv:1576,fe:ykyjgp,2024-02-21 17:04:35+00:00,0,0,0.120300725
synthetic_cloudtrail.csv:1577,fe:ykyjgp,2024-02-21 17:04:58+00:00,0,0,0.12384802
synthetic_cloudtrail.csv:1578,fe:ykyjgp,2024-02-21 17:06:12+00:00,0,0,0.12878738
synthetic_cloudtrail.csv:1579,fe:ykyjgp,2024-02-21 17:07:01+00:00,0,0,0.117836565
synthetic_cloudtrail.csv:1580,fe:ykyjgp,2024-02-21 17:08:12+00:00,0,0,0.11575429
synthetic_cloudtrail.csv:1581,fe:ykyjgp,2024-02-21 17:08:23+00:00,0,0,0.12990399
synthetic_cloudtrail.csv:1582,fe:ykyjgp,2024-02-21 17:08:37+00:00,0,0,0.12696664
synthetic_cloudtrail.csv:1583,fe:ykyjgp,2024-02-21 17:08:57+00:00,0,0,0.11158881
synthetic_cloudtrail.csv:1584,fe:ykyjgp,2024-02-21 17:10:05+00:00,0,0,0.11340755
synthetic_cloudtrail.csv:1585,fe:ykyjgp,2024-02-21 17:10:25+00:00,0,0,0.11826049
synthetic_cloudtrail.csv:4664,fe:yldx,2024-06-10 16:00:24+00:00,0,0,0.11865905
synthetic_cloudtrail.csv:4665,fe:yldx,2024-06-10 16:00:37+00:00,0,0,0.11577548
synthetic_cloudtrail.csv:4666,fe:yldx,2024-06-10 16:00:48+00:00,0,0,0.11768379
synthetic_cloudtrail.csv:4667,fe:yldx,2024-06-10 16:00:53+00:00,0,0,0.11950123
synthetic_cloudtrail.csv:4668,fe:yldx,2024-06-10 16:01:42+00:00,1,1,0.9945543
synthetic_cloudtrail.csv:4669,fe:yldx,2024-06-10 16:02:43+00:00,0,0,0.1436754
synthetic_cloudtrail.csv:4670,fe:yldx,2024-06-10 16:03:59+00:00,0,0,0.11142023
synthetic_cloudtrail.csv:4671,fe:yldx,2024-06-10 16:04:50+00:00,0,0,0.1172171
synthetic_cloudtrail.csv:4672,fe:yldx,2024-06-10 16:05:52+00:00,0,0,0.117982574
synthetic_cloudtrail.csv:4673,fe:yldx,2024-06-10 16:07:02+00:00,0,0,0.16313487
synthetic_cloudtrail.csv:2756,fe:yobwvl,2024-04-10 10:00:09+00:00,0,0,0.79089046
synthetic_cloudtrail.csv:2757,fe:yobwvl,2024-04-10 10:01:50+00:00,0,0,0.11749514
synthetic_cloudtrail.csv:2758,fe:yobwvl,2024-04-10 10:01:57+00:00,0,0,0.1579186
synthetic_cloudtrail.csv:2759,fe:yobwvl,2024-04-10 10:02:41+00:00,0,0,0.12746507
synthetic_cloudtrail.csv:2760,fe:yobwvl,2024-04-10 10:03:55+00:00,0,0,0.1273453
synthetic_cloudtrail.csv:2761,fe:yobwvl,2024-04-10 10:04:10+00:00,0,0,0.14275129
synthetic_cloudtrail.csv:2762,fe:yobwvl,2024-04-10 10:05:44+00:00,0,0,0.1198797
synthetic_cloudtrail.csv:2763,fe:yobwvl,2024-04-10 10:06:07+00:00,0,0,0.13350183
synthetic_cloudtrail.csv:2764,fe:yobwvl,2024-04-10 10:07:19+00:00,0,0,0.12518694
synthetic_cloudtrail.csv:2765,fe:yobwvl,2024-04-10 10:08:10+00:00,0,0,0.118641794
synthetic_cloudtrail.csv:2766,fe:yobwvl,2024-04-10 10:09:55+00:00,0,0,0.113555804
synthetic_cloudtrail.csv:2767,fe:yobwvl,2024-04-10 10:10:24+00:00,0,0,0.13434952
synthetic_cloudtrail.csv:2768,fe:yobwvl,2024-04-10 10:11:27+00:00,0,0,0.107549965
synthetic_cloudtrail.csv:104,fe:yoorpu,2024-01-07 07:01:59+00:00,0,0,0.13593467
synthetic_cloudtrail.csv:105,fe:yoorpu,2024-01-07 07:03:06+00:00,0,0,0.13688804
synthetic_cloudtrail.csv:106,fe:yoorpu,2024-01-07 07:04:16+00:00,0,0,0.14949873
synthetic_cloudtrail.csv:107,fe:yoorpu,2024-01-07 07:05:10+00:00,0,0,0.10918242
synthetic_cloudtrail.csv:108,fe:yoorpu,2024-01-07 07:05:38+00:00,0,0,0.12424063
synthetic_cloudtrail.csv:109,fe:yoorpu,2024-01-07 07:07:17+00:00,0,0,0.14120877
synthetic_cloudtrail.csv:110,fe:yoorpu,2024-01-07 07:08:25+00:00,0,0,0.13895622
synthetic_cloudtrail.csv:111,fe:yoorpu,2024-01-07 07:08:55+00:00,0,0,0.113590874
synthetic_cloudtrail.csv:112,fe:yoorpu,2024-01-07 07:10:53+00:00,0,0,0.12066845
synthetic_cloudtrail.csv:113,fe:yoorpu,2024-01-07 07:11:12+00:00,0,0,0.119267814
synthetic_cloudtrail.csv:114,fe:yoorpu,2024-01-07 07:12:44+00:00,0,0,0.12587856
synthetic_cloudtrail.csv:115,fe:yoorpu,2024-01-07 07:13:43+00:00,0,0,0.11668002
synthetic_cloudtrail.csv:116,fe:yoorpu,2024-01-07 07:14:33+00:00,0,0,0.14406689
synthetic_cloudtrail.csv:117,fe:yoorpu,2024-01-07 07:16:18+00:00,0,0,0.12168396
synthetic_cloudtrail.csv:2437,fe:yrjnmwo,2024-03-25 13:00:08+00:00,0,0,0.11885715
synthetic_cloudtrail.csv:2438,fe:yrjnmwo,2024-03-25 13:00:28+00:00,0,0,0.120904215
synthetic_cloudtrail.csv:2439,fe:yrjnmwo,2024-03-25 13:00:46+00:00,0,0,0.12515531
synthetic_cloudtrail.csv:2440,fe:yrjnmwo,2024-03-25 13:01:32+00:00,1,1,0.9929668
synthetic_cloudtrail.csv:2441,fe:yrjnmwo,2024-03-25 13:01:56+00:00,1,1,0.99381
synthetic_cloudtrail.csv:2442,fe:yrjnmwo,2024-03-25 13:02:21+00:00,1,1,0.99375004
synthetic_cloudtrail.csv:2443,fe:yrjnmwo,2024-03-25 13:03:30+00:00,0,0,0.1164806
synthetic_cloudtrail.csv:2444,fe:yrjnmwo,2024-03-25 13:03:49+00:00,0,0,0.12653309
synthetic_cloudtrail.csv:1365,fe:yswmtk,2024-02-14 17:00:41+00:00,0,0,0.12893848
synthetic_cloudtrail.csv:1366,fe:yswmtk,2024-02-14 17:02:30+00:00,0,0,0.11938651
synthetic_cloudtrail.csv:1367,fe:yswmtk,2024-02-14 17:04:11+00:00,0,0,0.12527134
synthetic_cloudtrail.csv:1368,fe:yswmtk,2024-02-14 17:04:17+00:00,0,0,0.1292309
synthetic_cloudtrail.csv:1369,fe:yswmtk,2024-02-14 17:04:59+00:00,0,0,0.118695356
synthetic_cloudtrail.csv:1370,fe:yswmtk,2024-02-14 17:06:29+00:00,0,0,0.11598453
synthetic_cloudtrail.csv:1371,fe:yswmtk,2024-02-14 17:07:02+00:00,0,0,0.14121005
synthetic_cloudtrail.csv:1372,fe:yswmtk,2024-02-14 17:07:27+00:00,0,0,0.2005972
synthetic_cloudtrail.csv:1373,fe:yswmtk,2024-02-14 17:08:29+00:00,0,0,0.116697
synthetic_cloudtrail.csv:1374,fe:yswmtk,2024-02-14 17:09:57+00:00,0,0,0.14025886
synthetic_cloudtrail.csv:1375,fe:yswmtk,2024-02-14 17:10:16+00:00,0,0,0.14883646
synthetic_cloudtrail.csv:9215,fe:yuvxiz,2024-11-27 17:00:41+00:00,0,0,0.13400257
synthetic_cloudtrail.csv:9216,fe:yuvxiz,2024-11-27 17:01:07+00:00,0,0,0.12427989
synthetic_cloudtrail.csv:9217,fe:yuvxiz,2024-11-27 17:01:21+00:00,0,0,0.11539674
synthetic_cloudtrail.csv:9218,fe:yuvxiz,2024-11-27 17:03:21+00:00,0,0,0.12790532
synthetic_cloudtrail.csv:9219,fe:yuvxiz,2024-11-27 17:03:35+00:00,0,0,0.147495
synthetic_cloudtrail.csv:9220,fe:yuvxiz,2024-11-27 17:04:41+00:00,0,0,0.11291845
synthetic_cloudtrail.csv:9221,fe:yuvxiz,2024-11-27 17:06:14+00:00,0,0,0.1156667
synthetic_cloudtrail.csv:9222,fe:yuvxiz,2024-11-27 17:06:52+00:00,0,0,0.13475548
synthetic_cloudtrail.csv:9223,fe:yuvxiz,2024-11-27 17:08:07+00:00,0,0,0.11362826
synthetic_cloudtrail.csv:4887,fe:yuwvcphzqmoz,2024-06-18 07:00:19+00:00,0,0,0.13129464
synthetic_cloudtrail.csv:4888,fe:yuwvcphzqmoz,2024-06-18 07:00:48+00:00,0,0,0.12821741
synthetic_cloudtrail.csv:4889,fe:yuwvcphzqmoz,2024-06-18 07:01:05+00:00,0,0,0.15021424
synthetic_cloudtrail.csv:4890,fe:yuwvcphzqmoz,2024-06-18 07:01:23+00:00,0,0,0.12250392
synthetic_cloudtrail.csv:4891,fe:yuwvcphzqmoz,2024-06-18 07:01:48+00:00,0,0,0.12061375
synthetic_cloudtrail.csv:4892,fe:yuwvcphzqmoz,2024-06-18 07:01:51+00:00,0,0,0.14531001
synthetic_cloudtrail.csv:4893,fe:yuwvcphzqmoz,2024-06-18 07:01:58+00:00,1,1,0.9948585
synthetic_cloudtrail.csv:4894,fe:yuwvcphzqmoz,2024-06-18 07:02:18+00:00,1,1,0.994865
synthetic_cloudtrail.csv:4895,fe:yuwvcphzqmoz,2024-06-18 07:03:13+00:00,1,1,0.99455464
synthetic_cloudtrail.csv:4896,fe:yuwvcphzqmoz,2024-06-18 07:04:42+00:00,0,0,0.13308442
synthetic_cloudtrail.csv:4897,fe:yuwvcphzqmoz,2024-06-18 07:04:56+00:00,0,0,0.1547812
synthetic_cloudtrail.csv:4898,fe:yuwvcphzqmoz,2024-06-18 07:05:43+00:00,0,0,0.12965614
synthetic_cloudtrail.csv:7472,fe:ywnsqs,2024-09-27 19:01:06+00:00,0,0,0.12349098
synthetic_cloudtrail.csv:7473,fe:ywnsqs,2024-09-27 19:02:14+00:00,0,0,0.11552404
synthetic_cloudtrail.csv:7474,fe:ywnsqs,2024-09-27 19:03:34+00:00,0,0,0.12493785
synthetic_cloudtrail.csv:7475,fe:ywnsqs,2024-09-27 19:05:02+00:00,0,0,0.1289828
synthetic_cloudtrail.csv:7476,fe:ywnsqs,2024-09-27 19:06:38+00:00,0,0,0.12927805
synthetic_cloudtrail.csv:7477,fe:ywnsqs,2024-09-27 19:08:20+00:00,0,0,0.31269383
synthetic_cloudtrail.csv:7478,fe:ywnsqs,2024-09-27 19:08:51+00:00,0,0,0.15627718
synthetic_cloudtrail.csv:7479,fe:ywnsqs,2024-09-27 19:09:28+00:00,0,0,0.1139875
synthetic_cloudtrail.csv:7480,fe:ywnsqs,2024-09-27 19:10:40+00:00,0,0,0.123057686
synthetic_cloudtrail.csv:7481,fe:ywnsqs,2024-09-27 19:11:50+00:00,0,0,0.11852479
synthetic_cloudtrail.csv:7482,fe:ywnsqs,2024-09-27 19:12:49+00:00,0,0,0.13578658
synthetic_cloudtrail.csv:7483,fe:ywnsqs,2024-09-27 19:13:28+00:00,0,0,0.10754434
synthetic_cloudtrail.csv:7484,fe:ywnsqs,2024-09-27 19:14:25+00:00,0,0,0.11438243
synthetic_cloudtrail.csv:7485,fe:ywnsqs,2024-09-27 19:16:24+00:00,0,0,0.107784234
synthetic_cloudtrail.csv:7486,fe:ywnsqs,2024-09-27 19:16:40+00:00,0,0,0.21233469
synthetic_cloudtrail.csv:7487,fe:ywnsqs,2024-09-27 19:18:23+00:00,0,0,0.124188654
synthetic_cloudtrail.csv:8249,fe:yxvsxb,2024-10-23 09:01:09+00:00,0,0,0.143984
synthetic_cloudtrail.csv:8252,fe:yxvsxb,2024-10-23 09:02:37+00:00,0,0,0.25513965
synthetic_cloudtrail.csv:8256,fe:yxvsxb,2024-10-23 09:04:11+00:00,0,0,0.13267025
synthetic_cloudtrail.csv:8257,fe:yxvsxb,2024-10-23 09:05:48+00:00,0,0,0.2383464
synthetic_cloudtrail.csv:8258,fe:yxvsxb,2024-10-23 09:07:41+00:00,0,0,0.12897545
synthetic_cloudtrail.csv:8259,fe:yxvsxb,2024-10-23 09:07:51+00:00,0,0,0.13692467
synthetic_cloudtrail.csv:8260,fe:yxvsxb,2024-10-23 09:09:16+00:00,0,0,0.12974904
synthetic_cloudtrail.csv:8261,fe:yxvsxb,2024-10-23 09:09:36+00:00,0,0,0.14115821
synthetic_cloudtrail.csv:4092,fe:yyczsb,2024-05-24 11:00:14+00:00,0,0,0.12942757
synthetic_cloudtrail.csv:4093,fe:yyczsb,2024-05-24 11:00:37+00:00,0,0,0.11050084
synthetic_cloudtrail.csv:4094,fe:yyczsb,2024-05-24 11:02:09+00:00,0,0,0.12448252
synthetic_cloudtrail.csv:4095,fe:yyczsb,2024-05-24 11:03:33+00:00,0,0,0.14525281
synthetic_cloudtrail.csv:4096,fe:yyczsb,2024-05-24 11:04:03+00:00,0,0,0.11599388
synthetic_cloudtrail.csv:4097,fe:yyczsb,2024-05-24 11:04:13+00:00,0,0,0.151784
synthetic_cloudtrail.csv:4098,fe:yyczsb,2024-05-24 11:05:24+00:00,0,0,0.2565324
synthetic_cloudtrail.csv:4099,fe:yyczsb,2024-05-24 11:05:47+00:00,0,0,0.11689469
synthetic_cloudtrail.csv:4100,fe:yyczsb,2024-05-24 11:07:03+00:00,0,0,0.11980415
synthetic_cloudtrail.csv:4101,fe:yyczsb,2024-05-24 11:08:37+00:00,0,0,0.11783808
synthetic_cloudtrail.csv:4102,fe:yyczsb,2024-05-24 11:09:31+00:00,0,0,0.11154988
synthetic_cloudtrail.csv:4103,fe:yyczsb,2024-05-24 11:10:25+00:00,0,0,0.11488522
synthetic_cloudtrail.csv:4104,fe:yyczsb,2024-05-24 11:12:03+00:00,0,0,0.12418651
synthetic_cloudtrail.csv:4105,fe:yyczsb,2024-05-24 11:13:28+00:00,0,0,0.121791825
synthetic_cloudtrail.csv:4106,fe:yyczsb,2024-05-24 11:14:49+00:00,0,0,0.12606864
synthetic_cloudtrail.csv:4107,fe:yyczsb,2024-05-24 11:15:43+00:00,0,0,0.123850994
synthetic_cloudtrail.csv:4108,fe:yyczsb,2024-05-24 11:17:25+00:00,0,0,0.14259629
synthetic_cloudtrail.csv:4109,fe:yyczsb,2024-05-24 11:17:45+00:00,0,0,0.12542197
synthetic_cloudtrail.csv:7617,fe:yyjhak,2024-10-04 17:01:50+00:00,0,0,0.11205134
synthetic_cloudtrail.csv:7618,fe:yyjhak,2024-10-04 17:02:34+00:00,0,0,0.13015412
synthetic_cloudtrail.csv:7619,fe:yyjhak,2024-10-04 17:02:55+00:00,0,0,0.112500355
synthetic_cloudtrail.csv:7620,fe:yyjhak,2024-10-04 17:04:19+00:00,0,0,0.113049775
synthetic_cloudtrail.csv:7621,fe:yyjhak,2024-10-04 17:06:18+00:00,0,0,0.11415301
synthetic_cloudtrail.csv:7622,fe:yyjhak,2024-10-04 17:08:03+00:00,0,0,0.12193412
synthetic_cloudtrail.csv:7623,fe:yyjhak,2024-10-04 17:08:10+00:00,0,0,0.11965126
synthetic_cloudtrail.csv:7624,fe:yyjhak,2024-10-04 17:09:31+00:00,0,0,0.1290624
synthetic_cloudtrail.csv:7625,fe:yyjhak,2024-10-04 17:10:51+00:00,0,0,0.11103928
synthetic_cloudtrail.csv:7626,fe:yyjhak,2024-10-04 17:12:38+00:00,0,0,0.12128521
synthetic_cloudtrail.csv:7627,fe:yyjhak,2024-10-04 17:12:50+00:00,0,0,0.11969999
synthetic_cloudtrail.csv:7628,fe:yyjhak,2024-10-04 17:13:23+00:00,0,0,0.122252636
synthetic_cloudtrail.csv:5134,fe:yyjj,2024-07-02 07:00:27+00:00,0,0,0.10618182
synthetic_cloudtrail.csv:5135,fe:yyjj,2024-07-02 07:00:44+00:00,0,0,0.10078173
synthetic_cloudtrail.csv:5137,fe:yyjj,2024-07-02 07:01:11+00:00,0,0,0.113333546
synthetic_cloudtrail.csv:5138,fe:yyjj,2024-07-02 07:01:18+00:00,0,0,0.15187082
synthetic_cloudtrail.csv:5140,fe:yyjj,2024-07-02 07:01:48+00:00,0,0,0.12681334
synthetic_cloudtrail.csv:5141,fe:yyjj,2024-07-02 07:02:33+00:00,1,1,0.9955864
synthetic_cloudtrail.csv:5143,fe:yyjj,2024-07-02 07:03:19+00:00,0,0,0.16987014
synthetic_cloudtrail.csv:5144,fe:yyjj,2024-07-02 07:03:54+00:00,0,0,0.114526674
synthetic_cloudtrail.csv:5146,fe:yyjj,2024-07-02 07:04:40+00:00,0,0,0.121403374
synthetic_cloudtrail.csv:2184,fe:yzhrhqp,2024-03-16 08:00:08+00:00,0,0,0.11276895
synthetic_cloudtrail.csv:2185,fe:yzhrhqp,2024-03-16 08:00:30+00:00,0,0,0.13247581
synthetic_cloudtrail.csv:2186,fe:yzhrhqp,2024-03-16 08:00:48+00:00,0,0,0.13564174
synthetic_cloudtrail.csv:2187,fe:yzhrhqp,2024-03-16 08:01:02+00:00,0,0,0.14787441
synthetic_cloudtrail.csv:2188,fe:yzhrhqp,2024-03-16 08:01:19+00:00,0,0,0.13542157
synthetic_cloudtrail.csv:2189,fe:yzhrhqp,2024-03-16 08:02:01+00:00,1,1,0.99386966
synthetic_cloudtrail.csv:2190,fe:yzhrhqp,2024-03-16 08:02:44+00:00,1,1,0.99402833
synthetic_cloudtrail.csv:2191,fe:yzhrhqp,2024-03-16 08:02:49+00:00,1,1,0.9943877
synthetic_cloudtrail.csv:2192,fe:yzhrhqp,2024-03-16 08:03:56+00:00,0,0,0.12240188
synthetic_cloudtrail.csv:2193,fe:yzhrhqp,2024-03-16 08:04:30+00:00,0,0,0.15157351
synthetic_cloudtrail.csv:2194,fe:yzhrhqp,2024-03-16 08:05:35+00:00,0,0,0.15826699
synthetic_cloudtrail.csv:2195,fe:yzhrhqp,2024-03-16 08:05:53+00:00,0,0,0.14583336
synthetic_cloudtrail.csv:255,fe:yzllgo,2024-01-11 10:01:01+00:00,0,0,0.11382276
synthetic_cloudtrail.csv:256,fe:yzllgo,2024-01-11 10:01:23+00:00,0,0,0.12456142
synthetic_cloudtrail.csv:257,fe:yzllgo,2024-01-11 10:01:54+00:00,0,0,0.14308552
synthetic_cloudtrail.csv:258,fe:yzllgo,2024-01-11 10:02:57+00:00,0,0,0.11886145
synthetic_cloudtrail.csv:259,fe:yzllgo,2024-01-11 10:04:28+00:00,0,0,0.12187979
synthetic_cloudtrail.csv:260,fe:yzllgo,2024-01-11 10:05:20+00:00,0,0,0.14539517
synthetic_cloudtrail.csv:261,fe:yzllgo,2024-01-11 10:06:07+00:00,0,0,0.12634437
synthetic_cloudtrail.csv:262,fe:yzllgo,2024-01-11 10:07:58+00:00,0,0,0.13688064
synthetic_cloudtrail.csv:263,fe:yzllgo,2024-01-11 10:09:32+00:00,0,0,0.12840575
synthetic_cloudtrail.csv:264,fe:yzllgo,2024-01-11 10:10:00+00:00,0,0,0.12268171
synthetic_cloudtrail.csv:265,fe:yzllgo,2024-01-11 10:11:39+00:00,0,0,0.12775001
synthetic_cloudtrail.csv:266,fe:yzllgo,2024-01-11 10:12:48+00:00,0,0,0.13868016
synthetic_cloudtrail.csv:267,fe:yzllgo,2024-01-11 10:13:41+00:00,0,0,0.13406217
synthetic_cloudtrail.csv:268,fe:yzllgo,2024-01-11 10:14:48+00:00,0,0,0.1307318
synthetic_cloudtrail.csv:269,fe:yzllgo,2024-01-11 10:16:06+00:00,0,0,0.14187269
synthetic_cloudtrail.csv:270,fe:yzllgo,2024-01-11 10:18:06+00:00,0,0,0.12397786
synthetic_cloudtrail.csv:271,fe:yzllgo,2024-01-11 10:19:03+00:00,0,0,0.11688429
synthetic_cloudtrail.csv:272,fe:yzllgo,2024-01-11 10:20:46+00:00,0,0,0.12171382
synthetic_cloudtrail.csv:273,fe:yzllgo,2024-01-11 10:21:36+00:00,0,0,0.14018258
synthetic_cloudtrail.csv:274,fe:yzllgo,2024-01-11 10:22:09+00:00,0,0,0.12412709
synthetic_cloudtrail.csv:2117,fe:yznuws,2024-03-14 12:00:21+00:00,0,0,0.1271385
synthetic_cloudtrail.csv:2118,fe:yznuws,2024-03-14 12:01:28+00:00,0,0,0.15176561
synthetic_cloudtrail.csv:2119,fe:yznuws,2024-03-14 12:03:25+00:00,0,0,0.115794376
synthetic_cloudtrail.csv:2120,fe:yznuws,2024-03-14 12:04:57+00:00,0,0,0.11912335
synthetic_cloudtrail.csv:2121,fe:yznuws,2024-03-14 12:06:05+00:00,0,0,0.1613778
synthetic_cloudtrail.csv:2122,fe:yznuws,2024-03-14 12:06:39+00:00,0,0,0.14405316
synthetic_cloudtrail.csv:2123,fe:yznuws,2024-03-14 12:07:53+00:00,0,0,0.11834845
synthetic_cloudtrail.csv:2124,fe:yznuws,2024-03-14 12:09:06+00:00,0,0,0.118824765
synthetic_cloudtrail.csv:2125,fe:yznuws,2024-03-14 12:09:28+00:00,0,0,0.13982926
synthetic_cloudtrail.csv:2126,fe:yznuws,2024-03-14 12:09:34+00:00,0,0,0.11150435
synthetic_cloudtrail.csv:2127,fe:yznuws,2024-03-14 12:10:14+00:00,0,0,0.11507125
synthetic_cloudtrail.csv:2128,fe:yznuws,2024-03-14 12:11:09+00:00,0,0,0.14579064
synthetic_cloudtrail.csv:2129,fe:yznuws,2024-03-14 12:12:23+00:00,0,0,0.1164302
synthetic_cloudtrail.csv:2130,fe:yznuws,2024-03-14 12:13:02+00:00,0,0,0.106879
synthetic_cloudtrail.csv:2131,fe:yznuws,2024-03-14 12:14:34+00:00,0,0,0.10974881
synthetic_cloudtrail.csv:2132,fe:yznuws,2024-03-14 12:16:24+00:00,0,0,0.10811886
synthetic_cloudtrail.csv:2133,fe:yznuws,2024-03-14 12:17:14+00:00,0,0,0.1404876
synthetic_cloudtrail.csv:6341,fe:yzwaksgcxzd,2024-08-13 08:00:18+00:00,0,0,0.12142907
synthetic_cloudtrail.csv:6342,fe:yzwaksgcxzd,2024-08-13 08:00:42+00:00,0,0,0.10908252
synthetic_cloudtrail.csv:6343,fe:yzwaksgcxzd,2024-08-13 08:01:04+00:00,0,0,0.11831864
synthetic_cloudtrail.csv:6344,fe:yzwaksgcxzd,2024-08-13 08:01:12+00:00,0,0,0.14530368
synthetic_cloudtrail.csv:6345,fe:yzwaksgcxzd,2024-08-13 08:01:29+00:00,0,0,0.13278016
synthetic_cloudtrail.csv:6346,fe:yzwaksgcxzd,2024-08-13 08:01:35+00:00,0,0,0.15285464
synthetic_cloudtrail.csv:6347,fe:yzwaksgcxzd,2024-08-13 08:01:38+00:00,0,0,0.12505004
synthetic_cloudtrail.csv:6348,fe:yzwaksgcxzd,2024-08-13 08:01:55+00:00,0,0,0.15353231
synthetic_cloudtrail.csv:6349,fe:yzwaksgcxzd,2024-08-13 08:02:01+00:00,1,1,0.9956317
synthetic_cloudtrail.csv:6350,fe:yzwaksgcxzd,2024-08-13 08:02:38+00:00,1,1,0.9961785
synthetic_cloudtrail.csv:6351,fe:yzwaksgcxzd,2024-08-13 08:03:44+00:00,0,0,0.29294774
synthetic_cloudtrail.csv:6352,fe:yzwaksgcxzd,2024-08-13 08:04:48+00:00,0,0,0.11946672
synthetic_cloudtrail.csv:6353,fe:yzwaksgcxzd,2024-08-13 08:05:50+00:00,0,0,0.1439111
synthetic_cloudtrail.csv:6354,fe:yzwaksgcxzd,2024-08-13 08:06:31+00:00,0,0,0.12931441
synthetic_cloudtrail.csv:2412,fe:zbozlyejcspy,2024-03-25 07:00:14+00:00,0,0,0.16406195
synthetic_cloudtrail.csv:2413,fe:zbozlyejcspy,2024-03-25 07:00:21+00:00,0,0,0.12099122
synthetic_cloudtrail.csv:2414,fe:zbozlyejcspy,2024-03-25 07:00:46+00:00,0,0,0.15231933
synthetic_cloudtrail.csv:2415,fe:zbozlyejcspy,2024-03-25 07:01:00+00:00,0,0,0.12751983
synthetic_cloudtrail.csv:2416,fe:zbozlyejcspy,2024-03-25 07:01:20+00:00,1,1,0.993747
synthetic_cloudtrail.csv:2417,fe:zbozlyejcspy,2024-03-25 07:01:49+00:00,1,1,0.9942737
synthetic_cloudtrail.csv:2418,fe:zbozlyejcspy,2024-03-25 07:02:36+00:00,1,1,0.99289304
synthetic_cloudtrail.csv:2419,fe:zbozlyejcspy,2024-03-25 07:03:13+00:00,0,0,0.14373997
synthetic_cloudtrail.csv:2420,fe:zbozlyejcspy,2024-03-25 07:04:01+00:00,0,0,0.14816059
synthetic_cloudtrail.csv:2421,fe:zbozlyejcspy,2024-03-25 07:04:24+00:00,0,0,0.1384254
synthetic_cloudtrail.csv:2422,fe:zbozlyejcspy,2024-03-25 07:04:49+00:00,0,0,0.17256781
synthetic_cloudtrail.csv:2423,fe:zbozlyejcspy,2024-03-25 07:05:26+00:00,1,0,0.94327396
synthetic_cloudtrail.csv:9224,fe:zbukaz,2024-11-28 12:01:48+00:00,0,0,0.12792897
synthetic_cloudtrail.csv:9225,fe:zbukaz,2024-11-28 12:03:48+00:00,0,0,0.10454933
synthetic_cloudtrail.csv:9226,fe:zbukaz,2024-11-28 12:04:09+00:00,0,0,0.107728854
synthetic_cloudtrail.csv:9227,fe:zbukaz,2024-11-28 12:05:47+00:00,0,0,0.11899811
synthetic_cloudtrail.csv:9228,fe:zbukaz,2024-11-28 12:05:55+00:00,0,0,0.12629598
synthetic_cloudtrail.csv:9229,fe:zbukaz,2024-11-28 12:06:33+00:00,0,0,0.11712385
synthetic_cloudtrail.csv:9230,fe:zbukaz,2024-11-28 12:07:39+00:00,0,0,0.11896073
synthetic_cloudtrail.csv:9231,fe:zbukaz,2024-11-28 12:07:45+00:00,0,0,0.12758929
synthetic_cloudtrail.csv:9232,fe:zbukaz,2024-11-28 12:08:52+00:00,0,0,0.13520694
synthetic_cloudtrail.csv:9233,fe:zbukaz,2024-11-28 12:09:12+00:00,0,0,0.1070781
synthetic_cloudtrail.csv:9234,fe:zbukaz,2024-11-28 12:10:58+00:00,0,0,0.11767918
synthetic_cloudtrail.csv:9235,fe:zbukaz,2024-11-28 12:11:12+00:00,0,0,0.11233618
synthetic_cloudtrail.csv:9236,fe:zbukaz,2024-11-28 12:12:03+00:00,0,0,0.1218139
synthetic_cloudtrail.csv:9237,fe:zbukaz,2024-11-28 12:12:50+00:00,0,0,0.1206825
synthetic_cloudtrail.csv:9238,fe:zbukaz,2024-11-28 12:14:49+00:00,0,0,0.11810266
synthetic_cloudtrail.csv:9239,fe:zbukaz,2024-11-28 12:16:22+00:00,0,0,0.12381205
synthetic_cloudtrail.csv:5512,fe:zfqnoc,2024-07-12 12:00:38+00:00,0,0,0.14550276
synthetic_cloudtrail.csv:5513,fe:zfqnoc,2024-07-12 12:00:44+00:00,0,0,0.119482115
synthetic_cloudtrail.csv:5514,fe:zfqnoc,2024-07-12 12:02:20+00:00,0,0,0.1467262
synthetic_cloudtrail.csv:5515,fe:zfqnoc,2024-07-12 12:02:48+00:00,0,0,0.11762916
synthetic_cloudtrail.csv:5516,fe:zfqnoc,2024-07-12 12:04:20+00:00,0,0,0.12548289
synthetic_cloudtrail.csv:5517,fe:zfqnoc,2024-07-12 12:05:37+00:00,0,0,0.12934786
synthetic_cloudtrail.csv:5518,fe:zfqnoc,2024-07-12 12:06:15+00:00,0,0,0.13873528
synthetic_cloudtrail.csv:5519,fe:zfqnoc,2024-07-12 12:06:27+00:00,0,0,0.111106746
synthetic_cloudtrail.csv:5520,fe:zfqnoc,2024-07-12 12:07:31+00:00,0,0,0.110619865
synthetic_cloudtrail.csv:5521,fe:zfqnoc,2024-07-12 12:07:39+00:00,0,0,0.11601569
synthetic_cloudtrail.csv:5522,fe:zfqnoc,2024-07-12 12:09:21+00:00,0,0,0.11150558
synthetic_cloudtrail.csv:5523,fe:zfqnoc,2024-07-12 12:09:57+00:00,0,0,0.120040804
synthetic_cloudtrail.csv:5524,fe:zfqnoc,2024-07-12 12:11:57+00:00,0,0,0.11214347
synthetic_cloudtrail.csv:5525,fe:zfqnoc,2024-07-12 12:12:59+00:00,0,0,0.14925632
synthetic_cloudtrail.csv:9139,fe:zgsbtanjjsq,2024-11-26 10:00:28+00:00,0,0,0.12646502
synthetic_cloudtrail.csv:9140,fe:zgsbtanjjsq,2024-11-26 10:00:51+00:00,0,0,0.12857911
synthetic_cloudtrail.csv:9141,fe:zgsbtanjjsq,2024-11-26 10:01:02+00:00,0,0,0.127247
synthetic_cloudtrail.csv:9142,fe:zgsbtanjjsq,2024-11-26 10:01:27+00:00,0,0,0.13045214
synthetic_cloudtrail.csv:9143,fe:zgsbtanjjsq,2024-11-26 10:01:57+00:00,0,0,0.1338581
synthetic_cloudtrail.csv:9144,fe:zgsbtanjjsq,2024-11-26 10:02:10+00:00,0,0,0.12539066
synthetic_cloudtrail.csv:9145,fe:zgsbtanjjsq,2024-11-26 10:02:32+00:00,0,0,0.15472466
synthetic_cloudtrail.csv:9146,fe:zgsbtanjjsq,2024-11-26 10:03:23+00:00,1,1,0.9954462
synthetic_cloudtrail.csv:9147,fe:zgsbtanjjsq,2024-11-26 10:03:28+00:00,1,1,0.9963303
synthetic_cloudtrail.csv:9148,fe:zgsbtanjjsq,2024-11-26 10:04:09+00:00,1,1,0.99443465
synthetic_cloudtrail.csv:9346,fe:zheukk,2024-12-04 12:00:19+00:00,0,0,0.14003101
synthetic_cloudtrail.csv:9347,fe:zheukk,2024-12-04 12:01:36+00:00,0,0,0.11823278
synthetic_cloudtrail.csv:9348,fe:zheukk,2024-12-04 12:01:41+00:00,0,0,0.11929172
synthetic_cloudtrail.csv:9349,fe:zheukk,2024-12-04 12:03:18+00:00,0,0,0.1102961
synthetic_cloudtrail.csv:9350,fe:zheukk,2024-12-04 12:04:06+00:00,0,0,0.12033004
synthetic_cloudtrail.csv:9351,fe:zheukk,2024-12-04 12:05:34+00:00,0,0,0.11942796
synthetic_cloudtrail.csv:9352,fe:zheukk,2024-12-04 12:06:35+00:00,0,0,0.12620676
synthetic_cloudtrail.csv:9353,fe:zheukk,2024-12-04 12:07:16+00:00,0,0,0.122786544
synthetic_cloudtrail.csv:9354,fe:zheukk,2024-12-04 12:09:16+00:00,0,0,0.12022438
synthetic_cloudtrail.csv:9355,fe:zheukk,2024-12-04 12:10:15+00:00,0,0,0.12095563
synthetic_cloudtrail.csv:9356,fe:zheukk,2024-12-04 12:10:45+00:00,0,0,0.12289192
synthetic_cloudtrail.csv:9357,fe:zheukk,2024-12-04 12:10:54+00:00,0,0,0.1455673
synthetic_cloudtrail.csv:9358,fe:zheukk,2024-12-04 12:12:33+00:00,0,0,0.11027183
synthetic_cloudtrail.csv:9359,fe:zheukk,2024-12-04 12:13:56+00:00,0,0,0.25260204
synthetic_cloudtrail.csv:9360,fe:zheukk,2024-12-04 12:15:52+00:00,0,0,0.119463496
synthetic_cloudtrail.csv:9361,fe:zheukk,2024-12-04 12:16:10+00:00,0,0,0.11358583
synthetic_cloudtrail.csv:9362,fe:zheukk,2024-12-04 12:17:51+00:00,0,0,0.1288394
synthetic_cloudtrail.csv:9363,fe:zheukk,2024-12-04 12:19:10+00:00,0,0,0.12021846
synthetic_cloudtrail.csv:1735,fe:zivkn,2024-02-28 12:00:28+00:00,0,0,0.1360178
synthetic_cloudtrail.csv:1736,fe:zivkn,2024-02-28 12:00:39+00:00,0,0,0.1117821
synthetic_cloudtrail.csv:1737,fe:zivkn,2024-02-28 12:00:43+00:00,0,0,0.12533242
synthetic_cloudtrail.csv:1738,fe:zivkn,2024-02-28 12:00:47+00:00,0,0,0.14561687
synthetic_cloudtrail.csv:1739,fe:zivkn,2024-02-28 12:01:05+00:00,0,0,0.14642206
synthetic_cloudtrail.csv:1740,fe:zivkn,2024-02-28 12:01:13+00:00,0,0,0.13660829
synthetic_cloudtrail.csv:1741,fe:zivkn,2024-02-28 12:01:43+00:00,0,0,0.104557835
synthetic_cloudtrail.csv:1742,fe:zivkn,2024-02-28 12:01:52+00:00,0,0,0.1276136
synthetic_cloudtrail.csv:1743,fe:zivkn,2024-02-28 12:02:47+00:00,1,1,0.99625564
synthetic_cloudtrail.csv:1744,fe:zivkn,2024-02-28 12:03:17+00:00,1,1,0.9960587
synthetic_cloudtrail.csv:1745,fe:zivkn,2024-02-28 12:04:25+00:00,0,0,0.11031489
synthetic_cloudtrail.csv:1746,fe:zivkn,2024-02-28 12:05:41+00:00,0,0,0.15149179
synthetic_cloudtrail.csv:5684,fe:zkoujbjpiddk,2024-07-18 14:00:29+00:00,0,0,0.11579819
synthetic_cloudtrail.csv:5685,fe:zkoujbjpiddk,2024-07-18 14:00:48+00:00,0,0,0.09995744
synthetic_cloudtrail.csv:5686,fe:zkoujbjpiddk,2024-07-18 14:01:03+00:00,0,0,0.10927409
synthetic_cloudtrail.csv:5687,fe:zkoujbjpiddk,2024-07-18 14:01:27+00:00,0,0,0.12040415
synthetic_cloudtrail.csv:5688,fe:zkoujbjpiddk,2024-07-18 14:01:42+00:00,1,1,0.9938473
synthetic_cloudtrail.csv:5689,fe:zkoujbjpiddk,2024-07-18 14:02:24+00:00,1,1,0.9953635
synthetic_cloudtrail.csv:5690,fe:zkoujbjpiddk,2024-07-18 14:03:05+00:00,1,1,0.9927859
synthetic_cloudtrail.csv:5922,fe:zlfint,2024-07-28 11:01:15+00:00,0,0,0.13938457
synthetic_cloudtrail.csv:5923,fe:zlfint,2024-07-28 11:01:41+00:00,0,0,0.11811105
synthetic_cloudtrail.csv:5924,fe:zlfint,2024-07-28 11:01:46+00:00,0,0,0.11423241
synthetic_cloudtrail.csv:5925,fe:zlfint,2024-07-28 11:02:44+00:00,0,0,0.1328047
synthetic_cloudtrail.csv:5926,fe:zlfint,2024-07-28 11:03:18+00:00,0,0,0.11418515
synthetic_cloudtrail.csv:5927,fe:zlfint,2024-07-28 11:03:26+00:00,0,0,0.11878659
synthetic_cloudtrail.csv:5928,fe:zlfint,2024-07-28 11:03:52+00:00,0,0,0.12829258
synthetic_cloudtrail.csv:5929,fe:zlfint,2024-07-28 11:04:16+00:00,0,0,0.109461345
synthetic_cloudtrail.csv:5930,fe:zlfint,2024-07-28 11:05:42+00:00,0,0,0.12828292
synthetic_cloudtrail.csv:5931,fe:zlfint,2024-07-28 11:06:24+00:00,0,0,0.10572464
synthetic_cloudtrail.csv:5932,fe:zlfint,2024-07-28 11:08:01+00:00,0,0,0.23888198
synthetic_cloudtrail.csv:5933,fe:zlfint,2024-07-28 11:08:51+00:00,0,0,0.1244991
synthetic_cloudtrail.csv:5934,fe:zlfint,2024-07-28 11:10:04+00:00,0,0,0.116686314
synthetic_cloudtrail.csv:5935,fe:zlfint,2024-07-28 11:11:39+00:00,0,0,0.10917027
synthetic_cloudtrail.csv:5936,fe:zlfint,2024-07-28 11:12:10+00:00,0,0,0.12866235
synthetic_cloudtrail.csv:5937,fe:zlfint,2024-07-28 11:13:44+00:00,0,0,0.12596196
synthetic_cloudtrail.csv:5938,fe:zlfint,2024-07-28 11:14:37+00:00,0,0,0.1125758
synthetic_cloudtrail.csv:5939,fe:zlfint,2024-07-28 11:14:45+00:00,0,0,0.23262076
synthetic_cloudtrail.csv:5940,fe:zlfint,2024-07-28 11:16:40+00:00,0,0,0.1271839
synthetic_cloudtrail.csv:5941,fe:zlfint,2024-07-28 11:17:47+00:00,0,0,0.11948304
synthetic_cloudtrail.csv:8908,fe:zlradg,2024-11-19 16:01:49+00:00,0,0,0.12432317
synthetic_cloudtrail.csv:8909,fe:zlradg,2024-11-19 16:02:55+00:00,0,0,0.117355295
synthetic_cloudtrail.csv:8910,fe:zlradg,2024-11-19 16:04:43+00:00,0,0,0.13455398
synthetic_cloudtrail.csv:8911,fe:zlradg,2024-11-19 16:05:38+00:00,0,0,0.11981127
synthetic_cloudtrail.csv:8912,fe:zlradg,2024-11-19 16:07:27+00:00,0,0,0.11870999
synthetic_cloudtrail.csv:8913,fe:zlradg,2024-11-19 16:09:05+00:00,0,0,0.1307867
synthetic_cloudtrail.csv:8914,fe:zlradg,2024-11-19 16:10:26+00:00,0,0,0.12979063
synthetic_cloudtrail.csv:8915,fe:zlradg,2024-11-19 16:11:03+00:00,0,0,0.12709723
synthetic_cloudtrail.csv:8916,fe:zlradg,2024-11-19 16:11:19+00:00,0,0,0.13982815
synthetic_cloudtrail.csv:8917,fe:zlradg,2024-11-19 16:12:33+00:00,0,0,0.13279985
synthetic_cloudtrail.csv:8918,fe:zlradg,2024-11-19 16:14:27+00:00,0,0,0.13388148
synthetic_cloudtrail.csv:8919,fe:zlradg,2024-11-19 16:15:01+00:00,0,0,0.115295626
synthetic_cloudtrail.csv:8920,fe:zlradg,2024-11-19 16:16:24+00:00,0,0,0.13306044
synthetic_cloudtrail.csv:8921,fe:zlradg,2024-11-19 16:17:18+00:00,0,0,0.11047315
synthetic_cloudtrail.csv:6585,fe:znhclry,2024-08-24 18:07:08+00:00,0,0,0.47921064
synthetic_cloudtrail.csv:6586,fe:znhclry,2024-08-24 18:15:05+00:00,0,0,0.15228815
synthetic_cloudtrail.csv:6587,fe:znhclry,2024-08-24 18:28:34+00:00,0,0,0.16810168
synthetic_cloudtrail.csv:6588,fe:znhclry,2024-08-24 18:36:11+00:00,0,0,0.19977337
synthetic_cloudtrail.csv:6589,fe:znhclry,2024-08-24 18:41:18+00:00,0,0,0.16591302
synthetic_cloudtrail.csv:4359,fe:zotpkx,2024-06-02 09:00:12+00:00,0,0,0.13164362
synthetic_cloudtrail.csv:4360,fe:zotpkx,2024-06-02 09:00:48+00:00,0,0,0.15068051
synthetic_cloudtrail.csv:4361,fe:zotpkx,2024-06-02 09:02:37+00:00,0,0,0.13947466
synthetic_cloudtrail.csv:4362,fe:zotpkx,2024-06-02 09:03:34+00:00,0,0,0.24737214
synthetic_cloudtrail.csv:4363,fe:zotpkx,2024-06-02 09:05:01+00:00,0,0,0.14758608
synthetic_cloudtrail.csv:4364,fe:zotpkx,2024-06-02 09:06:13+00:00,0,0,0.1322473
synthetic_cloudtrail.csv:4365,fe:zotpkx,2024-06-02 09:06:20+00:00,0,0,0.12560384
synthetic_cloudtrail.csv:4366,fe:zotpkx,2024-06-02 09:06:40+00:00,0,0,0.12700672
synthetic_cloudtrail.csv:4367,fe:zotpkx,2024-06-02 09:07:24+00:00,0,0,0.1278943
synthetic_cloudtrail.csv:4368,fe:zotpkx,2024-06-02 09:08:47+00:00,0,0,0.11968995
synthetic_cloudtrail.csv:4369,fe:zotpkx,2024-06-02 09:10:32+00:00,0,0,0.119208395
synthetic_cloudtrail.csv:2845,fe:zpznbur,2024-04-12 10:00:22+00:00,0,0,0.121729404
synthetic_cloudtrail.csv:2846,fe:zpznbur,2024-04-12 10:00:31+00:00,0,0,0.10431115
synthetic_cloudtrail.csv:2847,fe:zpznbur,2024-04-12 10:00:55+00:00,0,0,0.12499815
synthetic_cloudtrail.csv:2848,fe:zpznbur,2024-04-12 10:01:23+00:00,0,0,0.12542254
synthetic_cloudtrail.csv:2849,fe:zpznbur,2024-04-12 10:01:48+00:00,0,0,0.12727928
synthetic_cloudtrail.csv:2850,fe:zpznbur,2024-04-12 10:02:11+00:00,0,0,0.11732991
synthetic_cloudtrail.csv:2851,fe:zpznbur,2024-04-12 10:02:23+00:00,0,0,0.14316246
synthetic_cloudtrail.csv:2852,fe:zpznbur,2024-04-12 10:02:43+00:00,1,1,0.9956994
synthetic_cloudtrail.csv:2853,fe:zpznbur,2024-04-12 10:03:19+00:00,1,1,0.9948896
synthetic_cloudtrail.csv:2854,fe:zpznbur,2024-04-12 10:04:34+00:00,0,0,0.11040723
synthetic_cloudtrail.csv:2855,fe:zpznbur,2024-04-12 10:06:02+00:00,0,0,0.14154735
synthetic_cloudtrail.csv:2856,fe:zpznbur,2024-04-12 10:06:21+00:00,0,0,0.13697313
synthetic_cloudtrail.csv:2857,fe:zpznbur,2024-04-12 10:07:10+00:00,0,0,0.13225208
synthetic_cloudtrail.csv:2858,fe:zpznbur,2024-04-12 10:08:09+00:00,0,0,0.12878272
synthetic_cloudtrail.csv:6126,fe:zraryc,2024-08-05 09:01:19+00:00,0,0,0.15877655
synthetic_cloudtrail.csv:6127,fe:zraryc,2024-08-05 09:02:36+00:00,0,0,0.112008356
synthetic_cloudtrail.csv:6128,fe:zraryc,2024-08-05 09:03:44+00:00,0,0,0.13384777
synthetic_cloudtrail.csv:6129,fe:zraryc,2024-08-05 09:05:39+00:00,0,0,0.110573485
synthetic_cloudtrail.csv:6130,fe:zraryc,2024-08-05 09:06:02+00:00,0,0,0.31008047
synthetic_cloudtrail.csv:6131,fe:zraryc,2024-08-05 09:06:11+00:00,0,0,0.15075114
synthetic_cloudtrail.csv:6132,fe:zraryc,2024-08-05 09:07:50+00:00,0,0,0.13901362
synthetic_cloudtrail.csv:6133,fe:zraryc,2024-08-05 09:09:29+00:00,0,0,0.11263132
synthetic_cloudtrail.csv:6134,fe:zraryc,2024-08-05 09:09:54+00:00,0,0,0.12039451
synthetic_cloudtrail.csv:6135,fe:zraryc,2024-08-05 09:11:49+00:00,0,0,0.12460311
synthetic_cloudtrail.csv:6136,fe:zraryc,2024-08-05 09:12:17+00:00,0,0,0.12287737
synthetic_cloudtrail.csv:6137,fe:zraryc,2024-08-05 09:12:23+00:00,0,0,0.1140895
synthetic_cloudtrail.csv:4061,fe:zrinaa,2024-05-23 08:01:38+00:00,0,0,0.12071346
synthetic_cloudtrail.csv:4062,fe:zrinaa,2024-05-23 08:02:40+00:00,0,0,0.12202123
synthetic_cloudtrail.csv:4063,fe:zrinaa,2024-05-23 08:03:25+00:00,0,0,0.12303585
synthetic_cloudtrail.csv:4064,fe:zrinaa,2024-05-23 08:04:57+00:00,0,0,0.13529344
synthetic_cloudtrail.csv:4065,fe:zrinaa,2024-05-23 08:06:36+00:00,0,0,0.14411172
synthetic_cloudtrail.csv:4066,fe:zrinaa,2024-05-23 08:07:28+00:00,0,0,0.13628674
synthetic_cloudtrail.csv:4067,fe:zrinaa,2024-05-23 08:08:08+00:00,0,0,0.26564348
synthetic_cloudtrail.csv:4068,fe:zrinaa,2024-05-23 08:08:29+00:00,0,0,0.116935626
synthetic_cloudtrail.csv:4069,fe:zrinaa,2024-05-23 08:09:15+00:00,0,0,0.13153602
synthetic_cloudtrail.csv:4070,fe:zrinaa,2024-05-23 08:10:48+00:00,0,0,0.11842204
synthetic_cloudtrail.csv:4071,fe:zrinaa,2024-05-23 08:12:00+00:00,0,0,0.12128589
synthetic_cloudtrail.csv:1809,fe:zsbxtf,2024-03-03 12:01:51+00:00,0,0,0.13066615
synthetic_cloudtrail.csv:1810,fe:zsbxtf,2024-03-03 12:02:06+00:00,0,0,0.12574938
synthetic_cloudtrail.csv:1811,fe:zsbxtf,2024-03-03 12:02:31+00:00,0,0,0.13415416
synthetic_cloudtrail.csv:1812,fe:zsbxtf,2024-03-03 12:03:38+00:00,0,0,0.12642722
synthetic_cloudtrail.csv:1813,fe:zsbxtf,2024-03-03 12:03:57+00:00,0,0,0.11330139
synthetic_cloudtrail.csv:1814,fe:zsbxtf,2024-03-03 12:04:27+00:00,0,0,0.13047835
synthetic_cloudtrail.csv:1815,fe:zsbxtf,2024-03-03 12:06:14+00:00,0,0,0.13497502
synthetic_cloudtrail.csv:1816,fe:zsbxtf,2024-03-03 12:08:10+00:00,0,0,0.12011851
synthetic_cloudtrail.csv:1817,fe:zsbxtf,2024-03-03 12:08:41+00:00,0,0,0.118080035
synthetic_cloudtrail.csv:1818,fe:zsbxtf,2024-03-03 12:10:13+00:00,0,0,0.11082139
synthetic_cloudtrail.csv:1819,fe:zsbxtf,2024-03-03 12:11:53+00:00,0,0,0.12345032
synthetic_cloudtrail.csv:1820,fe:zsbxtf,2024-03-03 12:12:38+00:00,0,0,0.117294274
synthetic_cloudtrail.csv:1821,fe:zsbxtf,2024-03-03 12:13:07+00:00,0,0,0.1222161
synthetic_cloudtrail.csv:1822,fe:zsbxtf,2024-03-03 12:14:08+00:00,0,0,0.118528835
synthetic_cloudtrail.csv:1823,fe:zsbxtf,2024-03-03 12:14:28+00:00,0,0,0.15164141
synthetic_cloudtrail.csv:1824,fe:zsbxtf,2024-03-03 12:14:56+00:00,0,0,0.1089299
synthetic_cloudtrail.csv:1825,fe:zsbxtf,2024-03-03 12:15:31+00:00,0,0,0.121509545
synthetic_cloudtrail.csv:2719,fe:ztzvdk,2024-04-09 18:00:46+00:00,0,0,0.1111858
synthetic_cloudtrail.csv:2720,fe:ztzvdk,2024-04-09 18:01:20+00:00,0,0,0.110840455
synthetic_cloudtrail.csv:2721,fe:ztzvdk,2024-04-09 18:03:10+00:00,0,0,0.10718168
synthetic_cloudtrail.csv:2722,fe:ztzvdk,2024-04-09 18:03:36+00:00,0,0,0.22335067
synthetic_cloudtrail.csv:2723,fe:ztzvdk,2024-04-09 18:04:23+00:00,0,0,0.12633972
synthetic_cloudtrail.csv:2724,fe:ztzvdk,2024-04-09 18:05:26+00:00,0,0,0.12676258
synthetic_cloudtrail.csv:2725,fe:ztzvdk,2024-04-09 18:06:17+00:00,0,0,0.11781169
synthetic_cloudtrail.csv:2726,fe:ztzvdk,2024-04-09 18:06:46+00:00,0,0,0.12669583
synthetic_cloudtrail.csv:6839,fe:zwkyhw,2024-09-05 09:00:14+00:00,0,0,0.11556144
synthetic_cloudtrail.csv:6840,fe:zwkyhw,2024-09-05 09:00:25+00:00,0,0,0.118947595
synthetic_cloudtrail.csv:6841,fe:zwkyhw,2024-09-05 09:01:07+00:00,0,0,0.113054916
synthetic_cloudtrail.csv:6844,fe:zwkyhw,2024-09-05 09:02:18+00:00,0,0,0.12975414
synthetic_cloudtrail.csv:6848,fe:zwkyhw,2024-09-05 09:03:45+00:00,0,0,0.12699369
synthetic_cloudtrail.csv:6849,fe:zwkyhw,2024-09-05 09:04:11+00:00,0,0,0.1326596
synthetic_cloudtrail.csv:6850,fe:zwkyhw,2024-09-05 09:04:27+00:00,0,0,0.13695729
synthetic_cloudtrail.csv:6852,fe:zwkyhw,2024-09-05 09:05:25+00:00,0,0,0.1161266
synthetic_cloudtrail.csv:6855,fe:zwkyhw,2024-09-05 09:07:16+00:00,0,0,0.11517571
synthetic_cloudtrail.csv:6858,fe:zwkyhw,2024-09-05 09:09:12+00:00,0,0,0.114295036
synthetic_cloudtrail.csv:6859,fe:zwkyhw,2024-09-05 09:10:27+00:00,0,0,0.122256115
synthetic_cloudtrail.csv:6861,fe:zwkyhw,2024-09-05 09:11:01+00:00,0,0,0.25458956
synthetic_cloudtrail.csv:79,fe:zwtngb,2024-01-04 08:00:35+00:00,0,0,0.11264461
synthetic_cloudtrail.csv:80,fe:zwtngb,2024-01-04 08:01:58+00:00,0,0,0.11168304
synthetic_cloudtrail.csv:81,fe:zwtngb,2024-01-04 08:02:47+00:00,0,0,0.11565476
synthetic_cloudtrail.csv:82,fe:zwtngb,2024-01-04 08:02:53+00:00,0,0,0.12856762
synthetic_cloudtrail.csv:83,fe:zwtngb,2024-01-04 08:03:28+00:00,0,0,0.107326
synthetic_cloudtrail.csv:84,fe:zwtngb,2024-01-04 08:04:27+00:00,0,0,0.1280657
synthetic_cloudtrail.csv:85,fe:zwtngb,2024-01-04 08:05:55+00:00,0,0,0.11325513
synthetic_cloudtrail.csv:86,fe:zwtngb,2024-01-04 08:06:47+00:00,0,0,0.11298347
synthetic_cloudtrail.csv:87,fe:zwtngb,2024-01-04 08:08:29+00:00,0,0,0.11881414
synthetic_cloudtrail.csv:88,fe:zwtngb,2024-01-04 08:10:04+00:00,0,0,0.118148714
synthetic_cloudtrail.csv:11,fe:zxlzxc,2024-01-02 18:01:07+00:00,0,0,0.12609187
synthetic_cloudtrail.csv:14,fe:zxlzxc,2024-01-02 18:02:33+00:00,0,0,0.13928685
synthetic_cloudtrail.csv:16,fe:zxlzxc,2024-01-02 18:03:40+00:00,0,0,0.13088733
synthetic_cloudtrail.csv:18,fe:zxlzxc,2024-01-02 18:04:40+00:00,0,0,0.12041033
synthetic_cloudtrail.csv:19,fe:zxlzxc,2024-01-02 18:04:58+00:00,0,0,0.11737356
synthetic_cloudtrail.csv:21,fe:zxlzxc,2024-01-02 18:05:18+00:00,0,0,0.117256805
synthetic_cloudtrail.csv:22,fe:zxlzxc,2024-01-02 18:06:48+00:00,0,0,0.13375112
synthetic_cloudtrail.csv:25,fe:zxlzxc,2024-01-02 18:08:33+00:00,0,0,0.11377585
synthetic_cloudtrail.csv:26,fe:zxlzxc,2024-01-02 18:08:38+00:00,0,0,0.14586362
synthetic_cloudtrail.csv:28,fe:zxlzxc,2024-01-02 18:09:48+00:00,0,0,0.12904555
synthetic_cloudtrail.csv:31,fe:zxlzxc,2024-01-02 18:11:36+00:00,0,0,0.10605572
synthetic_pe_chains.csv:0,syn:iam_user_persist-000,2024-09-02 15:00:00+00:00,0,0,0.13199739
synthetic_pe_chains.csv:1,syn:iam_user_persist-000,2024-09-02 15:00:27+00:00,0,0,0.13216883
synthetic_pe_chains.csv:2,syn:iam_user_persist-000,2024-09-02 15:00:38+00:00,1,1,0.9920244
synthetic_pe_chains.csv:3,syn:iam_user_persist-000,2024-09-02 15:00:47+00:00,1,1,0.99373937
synthetic_pe_chains.csv:4,syn:iam_user_persist-000,2024-09-02 15:01:00+00:00,1,1,0.99243176
synthetic_pe_chains.csv:5,syn:iam_user_persist-000,2024-09-02 15:01:23+00:00,1,1,0.99203306
synthetic_pe_chains.csv:6,syn:iam_user_persist-000,2024-09-02 15:01:34+00:00,0,0,0.12191225
synthetic_pe_chains.csv:7,syn:iam_user_persist-001,2024-09-03 21:00:00+00:00,0,0,0.14855368
synthetic_pe_chains.csv:8,syn:iam_user_persist-001,2024-09-03 21:00:23+00:00,0,0,0.13609307
synthetic_pe_chains.csv:9,syn:iam_user_persist-001,2024-09-03 21:00:58+00:00,1,1,0.99147874
synthetic_pe_chains.csv:10,syn:iam_user_persist-001,2024-09-03 21:01:18+00:00,1,1,0.99273336
synthetic_pe_chains.csv:11,syn:iam_user_persist-001,2024-09-03 21:01:42+00:00,1,1,0.9948035
synthetic_pe_chains.csv:12,syn:iam_user_persist-001,2024-09-03 21:02:12+00:00,1,1,0.99353164
synthetic_pe_chains.csv:13,syn:iam_user_persist-001,2024-09-03 21:02:45+00:00,0,0,0.12500836
synthetic_pe_chains.csv:14,syn:iam_user_persist-002,2024-09-04 12:00:00+00:00,0,0,0.14732018
synthetic_pe_chains.csv:15,syn:iam_user_persist-002,2024-09-04 12:00:10+00:00,0,0,0.12982766
synthetic_pe_chains.csv:16,syn:iam_user_persist-002,2024-09-04 12:00:31+00:00,0,0,0.13931033
synthetic_pe_chains.csv:17,syn:iam_user_persist-002,2024-09-04 12:01:12+00:00,1,1,0.9931605
synthetic_pe_chains.csv:18,syn:iam_user_persist-002,2024-09-04 12:01:49+00:00,0,0,0.1474304
synthetic_pe_chains.csv:19,syn:iam_user_persist-002,2024-09-04 12:02:05+00:00,1,1,0.99429506
synthetic_pe_chains.csv:20,syn:iam_user_persist-002,2024-09-04 12:02:27+00:00,0,0,0.18491703
synthetic_pe_chains.csv:21,syn:iam_user_persist-002,2024-09-04 12:03:02+00:00,1,1,0.99559563
synthetic_pe_chains.csv:22,syn:iam_user_persist-002,2024-09-04 12:03:38+00:00,1,1,0.9947168
synthetic_pe_chains.csv:23,syn:iam_user_persist-002,2024-09-04 12:04:03+00:00,0,0,0.1380958
synthetic_pe_chains.csv:24,syn:iam_user_persist-003,2024-09-05 21:00:00+00:00,0,0,0.13189517
synthetic_pe_chains.csv:25,syn:iam_user_persist-003,2024-09-05 21:00:32+00:00,0,0,0.13482526
synthetic_pe_chains.csv:26,syn:iam_user_persist-003,2024-09-05 21:00:45+00:00,0,0,0.15044118
synthetic_pe_chains.csv:27,syn:iam_user_persist-003,2024-09-05 21:01:21+00:00,0,0,0.14455329
synthetic_pe_chains.csv:28,syn:iam_user_persist-003,2024-09-05 21:01:56+00:00,1,1,0.9932452
synthetic_pe_chains.csv:29,syn:iam_user_persist-003,2024-09-05 21:02:13+00:00,1,1,0.99433714
synthetic_pe_chains.csv:30,syn:iam_user_persist-003,2024-09-05 21:02:50+00:00,0,0,0.15696205
synthetic_pe_chains.csv:31,syn:iam_user_persist-003,2024-09-05 21:03:24+00:00,1,1,0.99630046
synthetic_pe_chains.csv:32,syn:iam_user_persist-003,2024-09-05 21:04:01+00:00,1,1,0.9940043
synthetic_pe_chains.csv:33,syn:iam_user_persist-003,2024-09-05 21:04:17+00:00,0,0,0.123816155
synthetic_pe_chains.csv:34,syn:iam_user_persist-004,2024-09-06 18:00:00+00:00,0,0,0.13874996
synthetic_pe_chains.csv:35,syn:iam_user_persist-004,2024-09-06 18:00:28+00:00,0,0,0.14218968
synthetic_pe_chains.csv:36,syn:iam_user_persist-004,2024-09-06 18:00:41+00:00,1,1,0.9918652
synthetic_pe_chains.csv:37,syn:iam_user_persist-004,2024-09-06 18:00:54+00:00,1,1,0.9931462
synthetic_pe_chains.csv:38,syn:iam_user_persist-004,2024-09-06 18:01:18+00:00,1,1,0.9939486
synthetic_pe_chains.csv:39,syn:iam_user_persist-004,2024-09-06 18:01:29+00:00,0,0,0.14258558
synthetic_pe_chains.csv:40,syn:iam_user_persist-004,2024-09-06 18:01:50+00:00,1,1,0.9936293
synthetic_pe_chains.csv:41,syn:iam_user_persist-004,2024-09-06 18:02:20+00:00,0,0,0.116575696
synthetic_pe_chains.csv:42,syn:iam_user_persist-005,2024-09-07 17:00:00+00:00,0,0,0.13787112
synthetic_pe_chains.csv:43,syn:iam_user_persist-005,2024-09-07 17:00:14+00:00,0,0,0.123777516
synthetic_pe_chains.csv:44,syn:iam_user_persist-005,2024-09-07 17:00:46+00:00,0,0,0.14033082
synthetic_pe_chains.csv:45,syn:iam_user_persist-005,2024-09-07 17:01:02+00:00,0,0,0.13407831
synthetic_pe_chains.csv:46,syn:iam_user_persist-005,2024-09-07 17:01:20+00:00,0,0,0.14271052
synthetic_pe_chains.csv:47,syn:iam_user_persist-005,2024-09-07 17:01:35+00:00,1,1,0.9944794
synthetic_pe_chains.csv:48,syn:iam_user_persist-005,2024-09-07 17:01:49+00:00,1,1,0.9949621
synthetic_pe_chains.csv:49,syn:iam_user_persist-005,2024-09-07 17:02:32+00:00,1,1,0.99557376
synthetic_pe_chains.csv:50,syn:iam_user_persist-005,2024-09-07 17:02:56+00:00,1,1,0.9934709
synthetic_pe_chains.csv:51,syn:iam_user_persist-005,2024-09-07 17:03:00+00:00,0,0,0.12398686
synthetic_pe_chains.csv:52,syn:iam_user_persist-006,2024-09-08 22:00:00+00:00,0,0,0.1474995
synthetic_pe_chains.csv:53,syn:iam_user_persist-006,2024-09-08 22:00:32+00:00,0,0,0.1380171
synthetic_pe_chains.csv:54,syn:iam_user_persist-006,2024-09-08 22:01:15+00:00,1,1,0.9917278
synthetic_pe_chains.csv:55,syn:iam_user_persist-006,2024-09-08 22:01:26+00:00,1,1,0.991959
synthetic_pe_chains.csv:56,syn:iam_user_persist-006,2024-09-08 22:01:58+00:00,1,1,0.99409264
synthetic_pe_chains.csv:57,syn:iam_user_persist-006,2024-09-08 22:02:02+00:00,1,1,0.9937649
synthetic_pe_chains.csv:58,syn:iam_user_persist-006,2024-09-08 22:02:31+00:00,0,0,0.116554834
synthetic_pe_chains.csv:59,syn:iam_user_persist-007,2024-09-09 00:00:00+00:00,0,0,0.13850866
synthetic_pe_chains.csv:60,syn:iam_user_persist-007,2024-09-09 00:00:06+00:00,0,0,0.12875311
synthetic_pe_chains.csv:61,syn:iam_user_persist-007,2024-09-09 00:00:33+00:00,0,0,0.12759055
synthetic_pe_chains.csv:62,syn:iam_user_persist-007,2024-09-09 00:01:01+00:00,0,0,0.120292306
synthetic_pe_chains.csv:63,syn:iam_user_persist-007,2024-09-09 00:01:28+00:00,1,1,0.9944938
synthetic_pe_chains.csv:64,syn:iam_user_persist-007,2024-09-09 00:01:57+00:00,1,1,0.9939407
synthetic_pe_chains.csv:65,syn:iam_user_persist-007,2024-09-09 00:02:25+00:00,0,0,0.1334187
synthetic_pe_chains.csv:66,syn:iam_user_persist-007,2024-09-09 00:02:33+00:00,1,1,0.9960877
synthetic_pe_chains.csv:67,syn:iam_user_persist-007,2024-09-09 00:02:50+00:00,1,1,0.99466246
synthetic_pe_chains.csv:68,syn:iam_user_persist-007,2024-09-09 00:03:30+00:00,0,0,0.1131383
synthetic_pe_chains.csv:69,syn:iam_user_persist-008,2024-09-10 00:00:00+00:00,0,0,0.13732561
synthetic_pe_chains.csv:70,syn:iam_user_persist-008,2024-09-10 00:00:29+00:00,0,0,0.13473399
synthetic_pe_chains.csv:71,syn:iam_user_persist-008,2024-09-10 00:00:51+00:00,0,0,0.14536068
synthetic_pe_chains.csv:72,syn:iam_user_persist-008,2024-09-10 00:01:00+00:00,0,0,0.13183987
synthetic_pe_chains.csv:73,syn:iam_user_persist-008,2024-09-10 00:01:11+00:00,1,1,0.99351656
synthetic_pe_chains.csv:74,syn:iam_user_persist-008,2024-09-10 00:01:37+00:00,1,1,0.9946839
synthetic_pe_chains.csv:75,syn:iam_user_persist-008,2024-09-10 00:01:49+00:00,1,1,0.99548787
synthetic_pe_chains.csv:76,syn:iam_user_persist-008,2024-09-10 00:02:09+00:00,0,0,0.15968291
synthetic_pe_chains.csv:77,syn:iam_user_persist-008,2024-09-10 00:02:42+00:00,1,1,0.9945451
synthetic_pe_chains.csv:78,syn:iam_user_persist-008,2024-09-10 00:03:12+00:00,0,0,0.14853907
synthetic_pe_chains.csv:79,syn:iam_user_persist-009,2024-09-11 21:00:00+00:00,0,0,0.13250792
synthetic_pe_chains.csv:80,syn:iam_user_persist-009,2024-09-11 21:00:23+00:00,0,0,0.13697748
synthetic_pe_chains.csv:81,syn:iam_user_persist-009,2024-09-11 21:01:02+00:00,1,1,0.9908648
synthetic_pe_chains.csv:82,syn:iam_user_persist-009,2024-09-11 21:01:41+00:00,1,1,0.9919721
synthetic_pe_chains.csv:83,syn:iam_user_persist-009,2024-09-11 21:01:58+00:00,1,1,0.99435437
synthetic_pe_chains.csv:84,syn:iam_user_persist-009,2024-09-11 21:02:29+00:00,0,0,0.13289598
synthetic_pe_chains.csv:85,syn:iam_user_persist-009,2024-09-11 21:02:42+00:00,1,1,0.9940882
synthetic_pe_chains.csv:86,syn:iam_user_persist-009,2024-09-11 21:03:24+00:00,0,0,0.12814534
synthetic_pe_chains.csv:87,syn:iam_user_persist-010,2024-09-12 20:00:00+00:00,0,0,0.12529825
synthetic_pe_chains.csv:88,syn:iam_user_persist-010,2024-09-12 20:00:14+00:00,0,0,0.123370565
synthetic_pe_chains.csv:89,syn:iam_user_persist-010,2024-09-12 20:00:36+00:00,1,1,0.9920333
synthetic_pe_chains.csv:90,syn:iam_user_persist-010,2024-09-12 20:00:58+00:00,1,1,0.99252665
synthetic_pe_chains.csv:91,syn:iam_user_persist-010,2024-09-12 20:01:27+00:00,1,1,0.9948211
synthetic_pe_chains.csv:92,syn:iam_user_persist-010,2024-09-12 20:01:45+00:00,1,1,0.9919046
synthetic_pe_chains.csv:93,syn:iam_user_persist-010,2024-09-12 20:01:51+00:00,0,0,0.12643538
synthetic_pe_chains.csv:94,syn:iam_user_persist-011,2024-09-13 05:00:00+00:00,0,0,0.14476487
synthetic_pe_chains.csv:95,syn:iam_user_persist-011,2024-09-13 05:00:15+00:00,0,0,0.12898077
synthetic_pe_chains.csv:96,syn:iam_user_persist-011,2024-09-13 05:00:57+00:00,1,1,0.9908784
synthetic_pe_chains.csv:97,syn:iam_user_persist-011,2024-09-13 05:01:11+00:00,1,1,0.99302363
synthetic_pe_chains.csv:98,syn:iam_user_persist-011,2024-09-13 05:01:21+00:00,1,1,0.99461997
synthetic_pe_chains.csv:99,syn:iam_user_persist-011,2024-09-13 05:01:52+00:00,1,1,0.9930583
synthetic_pe_chains.csv:100,syn:iam_user_persist-011,2024-09-13 05:02:27+00:00,0,0,0.11585799
synthetic_pe_chains.csv:101,syn:role_assume-000,2024-09-14 00:00:00+00:00,0,0,0.13895352
synthetic_pe_chains.csv:102,syn:role_assume-000,2024-09-14 00:00:21+00:00,0,0,0.1324467
synthetic_pe_chains.csv:103,syn:role_assume-000,2024-09-14 00:00:32+00:00,0,0,0.14705355
synthetic_pe_chains.csv:104,syn:role_assume-000,2024-09-14 00:00:45+00:00,0,0,0.14858223
synthetic_pe_chains.csv:105,syn:role_assume-000,2024-09-14 00:00:51+00:00,1,1,0.99395317
synthetic_pe_chains.csv:106,syn:role_assume-000,2024-09-14 00:01:17+00:00,1,1,0.9951025
synthetic_pe_chains.csv:107,syn:role_assume-000,2024-09-14 00:01:56+00:00,1,1,0.9953389
synthetic_pe_chains.csv:108,syn:role_assume-000,2024-09-14 00:02:14+00:00,0,0,0.14065023
synthetic_pe_chains.csv:109,syn:role_assume-000,2024-09-14 00:02:43+00:00,1,1,0.9939306
synthetic_pe_chains.csv:110,syn:role_assume-000,2024-09-14 00:03:20+00:00,0,0,0.13029741
synthetic_pe_chains.csv:111,syn:role_assume-000,2024-09-14 00:03:32+00:00,0,0,0.16754076
synthetic_pe_chains.csv:112,syn:role_assume-001,2024-09-15 10:00:00+00:00,0,0,0.1346628
synthetic_pe_chains.csv:113,syn:role_assume-001,2024-09-15 10:00:09+00:00,0,0,0.14900869
synthetic_pe_chains.csv:114,syn:role_assume-001,2024-09-15 10:00:31+00:00,1,1,0.9915856
synthetic_pe_chains.csv:115,syn:role_assume-001,2024-09-15 10:00:42+00:00,1,1,0.99357986
synthetic_pe_chains.csv:116,syn:role_assume-001,2024-09-15 10:00:57+00:00,1,1,0.99457055
synthetic_pe_chains.csv:117,syn:role_assume-001,2024-09-15 10:01:26+00:00,1,1,0.9918503
synthetic_pe_chains.csv:118,syn:role_assume-001,2024-09-15 10:01:52+00:00,0,0,0.12109953
synthetic_pe_chains.csv:119,syn:role_assume-001,2024-09-15 10:02:21+00:00,0,0,0.15255105
synthetic_pe_chains.csv:120,syn:role_assume-002,2024-09-16 15:00:00+00:00,0,0,0.13705608
synthetic_pe_chains.csv:121,syn:role_assume-002,2024-09-16 15:00:11+00:00,0,0,0.1304177
synthetic_pe_chains.csv:122,syn:role_assume-002,2024-09-16 15:00:37+00:00,1,1,0.9914772
synthetic_pe_chains.csv:123,syn:role_assume-002,2024-09-16 15:01:19+00:00,1,1,0.9938753
synthetic_pe_chains.csv:124,syn:role_assume-002,2024-09-16 15:01:42+00:00,1,1,0.993952
synthetic_pe_chains.csv:125,syn:role_assume-002,2024-09-16 15:02:26+00:00,1,1,0.9919155
synthetic_pe_chains.csv:126,syn:role_assume-002,2024-09-16 15:02:49+00:00,0,0,0.11946083
synthetic_pe_chains.csv:127,syn:role_assume-002,2024-09-16 15:03:26+00:00,0,0,0.13899817
synthetic_pe_chains.csv:128,syn:role_assume-003,2024-09-17 03:00:00+00:00,0,0,0.12985945
synthetic_pe_chains.csv:129,syn:role_assume-003,2024-09-17 03:00:35+00:00,0,0,0.1318526
synthetic_pe_chains.csv:130,syn:role_assume-003,2024-09-17 03:00:48+00:00,0,0,0.14265138
synthetic_pe_chains.csv:131,syn:role_assume-003,2024-09-17 03:01:27+00:00,1,1,0.9929716
synthetic_pe_chains.csv:132,syn:role_assume-003,2024-09-17 03:01:41+00:00,1,1,0.9944788
synthetic_pe_chains.csv:133,syn:role_assume-003,2024-09-17 03:01:58+00:00,1,1,0.99477565
synthetic_pe_chains.csv:134,syn:role_assume-003,2024-09-17 03:02:32+00:00,0,0,0.13867791
synthetic_pe_chains.csv:135,syn:role_assume-003,2024-09-17 03:03:09+00:00,1,1,0.99299616
synthetic_pe_chains.csv:136,syn:role_assume-003,2024-09-17 03:03:51+00:00,0,0,0.12340698
synthetic_pe_chains.csv:137,syn:role_assume-003,2024-09-17 03:04:22+00:00,0,0,0.14345594
synthetic_pe_chains.csv:138,syn:role_assume-004,2024-09-18 22:00:00+00:00,0,0,0.13567233
synthetic_pe_chains.csv:139,syn:role_assume-004,2024-09-18 22:00:20+00:00,0,0,0.12972504
synthetic_pe_chains.csv:140,syn:role_assume-004,2024-09-18 22:00:24+00:00,0,0,0.14076042
synthetic_pe_chains.csv:141,syn:role_assume-004,2024-09-18 22:00:43+00:00,1,1,0.99251646
synthetic_pe_chains.csv:142,syn:role_assume-004,2024-09-18 22:01:15+00:00,1,1,0.9945732
synthetic_pe_chains.csv:143,syn:role_assume-004,2024-09-18 22:01:40+00:00,1,1,0.9946156
synthetic_pe_chains.csv:144,syn:role_assume-004,2024-09-18 22:02:13+00:00,1,1,0.9930354
synthetic_pe_chains.csv:145,syn:role_assume-004,2024-09-18 22:02:33+00:00,0,0,0.11872768
synthetic_pe_chains.csv:146,syn:role_assume-004,2024-09-18 22:02:43+00:00,0,0,0.1772979
synthetic_pe_chains.csv:147,syn:role_assume-005,2024-09-19 13:00:00+00:00,0,0,0.14505763
synthetic_pe_chains.csv:148,syn:role_assume-005,2024-09-19 13:00:41+00:00,0,0,0.14154041
synthetic_pe_chains.csv:149,syn:role_assume-005,2024-09-19 13:01:15+00:00,1,1,0.9914056
synthetic_pe_chains.csv:150,syn:role_assume-005,2024-09-19 13:01:43+00:00,1,1,0.994103
synthetic_pe_chains.csv:151,syn:role_assume-005,2024-09-19 13:02:06+00:00,0,0,0.12184341
synthetic_pe_chains.csv:152,syn:role_assume-005,2024-09-19 13:02:37+00:00,1,1,0.9945733
synthetic_pe_chains.csv:153,syn:role_assume-005,2024-09-19 13:03:06+00:00,0,0,0.13231689
synthetic_pe_chains.csv:154,syn:role_assume-005,2024-09-19 13:03:41+00:00,1,1,0.9905365
synthetic_pe_chains.csv:155,syn:role_assume-005,2024-09-19 13:04:07+00:00,0,0,0.14390954
synthetic_pe_chains.csv:156,syn:role_assume-005,2024-09-19 13:04:35+00:00,0,0,0.1372499
synthetic_pe_chains.csv:157,syn:role_assume-005,2024-09-19 13:05:11+00:00,0,0,0.16502716
synthetic_pe_chains.csv:158,syn:role_assume-006,2024-09-20 17:00:00+00:00,0,0,0.13591611
synthetic_pe_chains.csv:159,syn:role_assume-006,2024-09-20 17:00:04+00:00,0,0,0.1295085
synthetic_pe_chains.csv:160,syn:role_assume-006,2024-09-20 17:00:48+00:00,1,1,0.9910591
synthetic_pe_chains.csv:161,syn:role_assume-006,2024-09-20 17:01:25+00:00,1,1,0.9941705
synthetic_pe_chains.csv:162,syn:role_assume-006,2024-09-20 17:01:58+00:00,1,1,0.9940601
synthetic_pe_chains.csv:163,syn:role_assume-006,2024-09-20 17:02:07+00:00,1,1,0.99250436
synthetic_pe_chains.csv:164,syn:role_assume-006,2024-09-20 17:02:47+00:00,0,0,0.11684078
synthetic_pe_chains.csv:165,syn:role_assume-006,2024-09-20 17:03:07+00:00,0,0,0.1634495
synthetic_pe_chains.csv:166,syn:role_assume-007,2024-09-21 03:00:00+00:00,0,0,0.15383369
synthetic_pe_chains.csv:167,syn:role_assume-007,2024-09-21 03:00:40+00:00,0,0,0.13362421
synthetic_pe_chains.csv:168,syn:role_assume-007,2024-09-21 03:01:03+00:00,0,0,0.1498007
synthetic_pe_chains.csv:169,syn:role_assume-007,2024-09-21 03:01:26+00:00,1,1,0.9924344
synthetic_pe_chains.csv:170,syn:role_assume-007,2024-09-21 03:01:30+00:00,1,1,0.9947292
synthetic_pe_chains.csv:171,syn:role_assume-007,2024-09-21 03:01:37+00:00,1,1,0.99516004
synthetic_pe_chains.csv:172,syn:role_assume-007,2024-09-21 03:01:42+00:00,1,1,0.9930515
synthetic_pe_chains.csv:173,syn:role_assume-007,2024-09-21 03:02:09+00:00,0,0,0.14785324
synthetic_pe_chains.csv:174,syn:role_assume-007,2024-09-21 03:02:31+00:00,0,0,0.13167018
synthetic_pe_chains.csv:175,syn:role_assume-007,2024-09-21 03:03:01+00:00,0,0,0.16575807
synthetic_pe_chains.csv:176,syn:role_assume-008,2024-09-22 16:00:00+00:00,0,0,0.13111457
synthetic_pe_chains.csv:177,syn:role_assume-008,2024-09-22 16:00:05+00:00,0,0,0.14546995
synthetic_pe_chains.csv:178,syn:role_assume-008,2024-09-22 16:00:13+00:00,1,1,0.9920033
synthetic_pe_chains.csv:179,syn:role_assume-008,2024-09-22 16:00:18+00:00,1,1,0.9941189
synthetic_pe_chains.csv:180,syn:role_assume-008,2024-09-22 16:00:25+00:00,1,1,0.9943929
synthetic_pe_chains.csv:181,syn:role_assume-008,2024-09-22 16:00:43+00:00,0,0,0.13395971
synthetic_pe_chains.csv:182,syn:role_assume-008,2024-09-22 16:01:11+00:00,1,1,0.9930419
synthetic_pe_chains.csv:183,syn:role_assume-008,2024-09-22 16:01:41+00:00,0,0,0.12300293
synthetic_pe_chains.csv:184,syn:role_assume-008,2024-09-22 16:02:20+00:00,0,0,0.15880814
synthetic_pe_chains.csv:185,syn:role_assume-009,2024-09-23 19:00:00+00:00,0,0,0.12979613
synthetic_pe_chains.csv:186,syn:role_assume-009,2024-09-23 19:00:38+00:00,0,0,0.12593623
synthetic_pe_chains.csv:187,syn:role_assume-009,2024-09-23 19:00:47+00:00,1,1,0.9917325
synthetic_pe_chains.csv:188,syn:role_assume-009,2024-09-23 19:01:01+00:00,1,1,0.9941089
synthetic_pe_chains.csv:189,syn:role_assume-009,2024-09-23 19:01:44+00:00,1,1,0.99382883
synthetic_pe_chains.csv:190,syn:role_assume-009,2024-09-23 19:02:04+00:00,1,1,0.9924396
synthetic_pe_chains.csv:191,syn:role_assume-009,2024-09-23 19:02:25+00:00,0,0,0.13544835
synthetic_pe_chains.csv:192,syn:role_assume-009,2024-09-23 19:03:08+00:00,0,0,0.12967007
synthetic_pe_chains.csv:193,syn:role_assume-009,2024-09-23 19:03:12+00:00,0,0,0.17128079
synthetic_pe_chains.csv:194,syn:role_assume-010,2024-09-24 07:00:00+00:00,0,0,0.14019983
synthetic_pe_chains.csv:195,syn:role_assume-010,2024-09-24 07:00:22+00:00,0,0,0.12917995
synthetic_pe_chains.csv:196,syn:role_assume-010,2024-09-24 07:00:45+00:00,1,1,0.991529
synthetic_pe_chains.csv:197,syn:role_assume-010,2024-09-24 07:01:20+00:00,0,0,0.13795733
synthetic_pe_chains.csv:198,syn:role_assume-010,2024-09-24 07:01:30+00:00,1,1,0.9939844
synthetic_pe_chains.csv:199,syn:role_assume-010,2024-09-24 07:01:55+00:00,1,1,0.99464804
synthetic_pe_chains.csv:200,syn:role_assume-010,2024-09-24 07:02:39+00:00,0,0,0.12865855
synthetic_pe_chains.csv:201,syn:role_assume-010,2024-09-24 07:03:16+00:00,1,1,0.99274206
synthetic_pe_chains.csv:202,syn:role_assume-010,2024-09-24 07:03:46+00:00,0,0,0.1226799
synthetic_pe_chains.csv:203,syn:role_assume-010,2024-09-24 07:04:05+00:00,0,0,0.17862019
synthetic_pe_chains.csv:204,syn:role_assume-011,2024-09-25 13:00:00+00:00,0,0,0.13711663
synthetic_pe_chains.csv:205,syn:role_assume-011,2024-09-25 13:00:08+00:00,0,0,0.14425388
synthetic_pe_chains.csv:206,syn:role_assume-011,2024-09-25 13:00:52+00:00,0,0,0.13580443
synthetic_pe_chains.csv:207,syn:role_assume-011,2024-09-25 13:01:20+00:00,1,1,0.99217916
synthetic_pe_chains.csv:208,syn:role_assume-011,2024-09-25 13:01:28+00:00,1,1,0.9942901
synthetic_pe_chains.csv:209,syn:role_assume-011,2024-09-25 13:01:59+00:00,0,0,0.13354647
synthetic_pe_chains.csv:210,syn:role_assume-011,2024-09-25 13:02:22+00:00,1,1,0.995139
synthetic_pe_chains.csv:211,syn:role_assume-011,2024-09-25 13:02:52+00:00,1,1,0.993668
synthetic_pe_chains.csv:212,syn:role_assume-011,2024-09-25 13:03:17+00:00,0,0,0.13278326
synthetic_pe_chains.csv:213,syn:role_assume-011,2024-09-25 13:03:55+00:00,0,0,0.1700833
synthetic_pe_chains.csv:214,syn:policy_version-000,2024-09-26 08:00:00+00:00,0,0,0.10941945
synthetic_pe_chains.csv:215,syn:policy_version-000,2024-09-26 08:00:12+00:00,0,0,0.13340174
synthetic_pe_chains.csv:216,syn:policy_version-000,2024-09-26 08:00:48+00:00,0,0,0.1363114
synthetic_pe_chains.csv:217,syn:policy_version-000,2024-09-26 08:01:00+00:00,1,1,0.99441683
synthetic_pe_chains.csv:218,syn:policy_version-000,2024-09-26 08:01:13+00:00,1,1,0.99480057
synthetic_pe_chains.csv:219,syn:policy_version-000,2024-09-26 08:01:32+00:00,1,1,0.99267286
synthetic_pe_chains.csv:220,syn:policy_version-001,2024-09-27 22:00:00+00:00,0,0,0.12809636
synthetic_pe_chains.csv:221,syn:policy_version-001,2024-09-27 22:00:22+00:00,0,0,0.1505189
synthetic_pe_chains.csv:222,syn:policy_version-001,2024-09-27 22:01:05+00:00,0,0,0.14218491
synthetic_pe_chains.csv:223,syn:policy_version-001,2024-09-27 22:01:24+00:00,1,1,0.994936
synthetic_pe_chains.csv:224,syn:policy_version-001,2024-09-27 22:02:00+00:00,1,1,0.99466336
synthetic_pe_chains.csv:225,syn:policy_version-001,2024-09-27 22:02:16+00:00,1,1,0.99304914
synthetic_pe_chains.csv:226,syn:policy_version-002,2024-09-28 22:00:00+00:00,0,0,0.13823164
synthetic_pe_chains.csv:227,syn:policy_version-002,2024-09-28 22:00:30+00:00,0,0,0.12921633
synthetic_pe_chains.csv:228,syn:policy_version-002,2024-09-28 22:00:46+00:00,0,0,0.14345981
synthetic_pe_chains.csv:229,syn:policy_version-002,2024-09-28 22:00:51+00:00,0,0,0.16027163
synthetic_pe_chains.csv:230,syn:policy_version-002,2024-09-28 22:01:34+00:00,1,1,0.9948165
synthetic_pe_chains.csv:231,syn:policy_version-002,2024-09-28 22:01:52+00:00,0,0,0.14287671
synthetic_pe_chains.csv:232,syn:policy_version-002,2024-09-28 22:02:16+00:00,1,1,0.99578387
synthetic_pe_chains.csv:233,syn:policy_version-002,2024-09-28 22:02:38+00:00,1,1,0.9946812
synthetic_pe_chains.csv:234,syn:policy_version-003,2024-09-29 17:00:00+00:00,0,0,0.1174596
synthetic_pe_chains.csv:235,syn:policy_version-003,2024-09-29 17:00:28+00:00,0,0,0.13821064
synthetic_pe_chains.csv:236,syn:policy_version-003,2024-09-29 17:00:38+00:00,0,0,0.12835576
synthetic_pe_chains.csv:237,syn:policy_version-003,2024-09-29 17:01:21+00:00,0,0,0.13956359
synthetic_pe_chains.csv:238,syn:policy_version-003,2024-09-29 17:01:35+00:00,0,0,0.16441253
synthetic_pe_chains.csv:239,syn:policy_version-003,2024-09-29 17:02:11+00:00,0,0,0.14817598
synthetic_pe_chains.csv:240,syn:policy_version-003,2024-09-29 17:02:39+00:00,1,1,0.9961952
synthetic_pe_chains.csv:241,syn:policy_version-003,2024-09-29 17:03:17+00:00,1,1,0.99554175
synthetic_pe_chains.csv:242,syn:policy_version-003,2024-09-29 17:03:39+00:00,1,1,0.99443936
synthetic_pe_chains.csv:243,syn:policy_version-004,2024-09-30 06:00:00+00:00,0,0,0.12307323
synthetic_pe_chains.csv:244,syn:policy_version-004,2024-09-30 06:00:11+00:00,0,0,0.1464262
synthetic_pe_chains.csv:245,syn:policy_version-004,2024-09-30 06:00:25+00:00,0,0,0.13056122
synthetic_pe_chains.csv:246,syn:policy_version-004,2024-09-30 06:01:01+00:00,0,0,0.14020598
synthetic_pe_chains.csv:247,syn:policy_version-004,2024-09-30 06:01:32+00:00,0,0,0.13299762
synthetic_pe_chains.csv:248,syn:policy_version-004,2024-09-30 06:01:50+00:00,0,0,0.17300689
synthetic_pe_chains.csv:249,syn:policy_version-004,2024-09-30 06:02:00+00:00,1,1,0.9955391
synthetic_pe_chains.csv:250,syn:policy_version-004,2024-09-30 06:02:17+00:00,1,1,0.9963654
synthetic_pe_chains.csv:251,syn:policy_version-004,2024-09-30 06:02:42+00:00,1,1,0.99466866
synthetic_pe_chains.csv:252,syn:policy_version-005,2024-10-01 06:00:00+00:00,0,0,0.12482614
synthetic_pe_chains.csv:253,syn:policy_version-005,2024-10-01 06:00:42+00:00,0,0,0.14492969
synthetic_pe_chains.csv:254,syn:policy_version-005,2024-10-01 06:01:15+00:00,0,0,0.16495867
synthetic_pe_chains.csv:255,syn:policy_version-005,2024-10-01 06:01:52+00:00,1,1,0.9945949
synthetic_pe_chains.csv:256,syn:policy_version-005,2024-10-01 06:02:24+00:00,0,0,0.12742232
synthetic_pe_chains.csv:257,syn:policy_version-005,2024-10-01 06:02:46+00:00,1,1,0.9949327
synthetic_pe_chains.csv:258,syn:policy_version-005,2024-10-01 06:03:30+00:00,1,1,0.99326295
synthetic_pe_chains.csv:259,syn:policy_version-006,2024-10-02 04:00:00+00:00,0,0,0.1442753
synthetic_pe_chains.csv:260,syn:policy_version-006,2024-10-02 04:00:19+00:00,0,0,0.13575077
synthetic_pe_chains.csv:261,syn:policy_version-006,2024-10-02 04:00:47+00:00,0,0,0.17268454
synthetic_pe_chains.csv:262,syn:policy_version-006,2024-10-02 04:01:01+00:00,0,0,0.13852681
synthetic_pe_chains.csv:263,syn:policy_version-006,2024-10-02 04:01:29+00:00,1,1,0.99522865
synthetic_pe_chains.csv:264,syn:policy_version-006,2024-10-02 04:02:13+00:00,1,1,0.9951231
synthetic_pe_chains.csv:265,syn:policy_version-006,2024-10-02 04:02:27+00:00,1,1,0.9944612
synthetic_pe_chains.csv:266,syn:policy_version-007,2024-10-03 05:00:00+00:00,0,0,0.12471522
synthetic_pe_chains.csv:267,syn:policy_version-007,2024-10-03 05:00:13+00:00,0,0,0.15088592
synthetic_pe_chains.csv:268,syn:policy_version-007,2024-10-03 05:00:26+00:00,0,0,0.14254569
synthetic_pe_chains.csv:269,syn:policy_version-007,2024-10-03 05:00:53+00:00,1,1,0.9941248
synthetic_pe_chains.csv:270,syn:policy_version-007,2024-10-03 05:01:07+00:00,1,1,0.9945775
synthetic_pe_chains.csv:271,syn:policy_version-007,2024-10-03 05:01:30+00:00,1,1,0.992156
synthetic_pe_chains.csv:272,syn:policy_version-008,2024-10-04 19:00:00+00:00,0,0,0.12481562
synthetic_pe_chains.csv:273,syn:policy_version-008,2024-10-04 19:00:14+00:00,0,0,0.12925497
synthetic_pe_chains.csv:274,syn:policy_version-008,2024-10-04 19:00:38+00:00,0,0,0.14375426
synthetic_pe_chains.csv:275,syn:policy_version-008,2024-10-04 19:00:52+00:00,1,1,0.99493814
synthetic_pe_chains.csv:276,syn:policy_version-008,2024-10-04 19:01:14+00:00,0,0,0.13529702
synthetic_pe_chains.csv:277,syn:policy_version-008,2024-10-04 19:01:21+00:00,1,1,0.99519134
synthetic_pe_chains.csv:278,syn:policy_version-008,2024-10-04 19:01:35+00:00,1,1,0.99442106
synthetic_pe_chains.csv:279,syn:policy_version-009,2024-10-05 17:00:00+00:00,0,0,0.13925396
synthetic_pe_chains.csv:280,syn:policy_version-009,2024-10-05 17:00:44+00:00,0,0,0.14273101
synthetic_pe_chains.csv:281,syn:policy_version-009,2024-10-05 17:01:13+00:00,0,0,0.16869998
synthetic_pe_chains.csv:282,syn:policy_version-009,2024-10-05 17:01:50+00:00,1,1,0.9939162
synthetic_pe_chains.csv:283,syn:policy_version-009,2024-10-05 17:02:20+00:00,1,1,0.9937261
synthetic_pe_chains.csv:284,syn:policy_version-009,2024-10-05 17:02:31+00:00,1,1,0.99313134
synthetic_pe_chains.csv:285,syn:policy_version-010,2024-10-06 19:00:00+00:00,0,0,0.1375563
synthetic_pe_chains.csv:286,syn:policy_version-010,2024-10-06 19:00:23+00:00,0,0,0.12618594
synthetic_pe_chains.csv:287,syn:policy_version-010,2024-10-06 19:00:38+00:00,0,0,0.15810257
synthetic_pe_chains.csv:288,syn:policy_version-010,2024-10-06 19:00:49+00:00,0,0,0.16976996
synthetic_pe_chains.csv:289,syn:policy_version-010,2024-10-06 19:00:56+00:00,1,1,0.9948232
synthetic_pe_chains.csv:290,syn:policy_version-010,2024-10-06 19:01:16+00:00,1,1,0.99452764
synthetic_pe_chains.csv:291,syn:policy_version-010,2024-10-06 19:01:43+00:00,1,1,0.99379313
synthetic_pe_chains.csv:292,syn:policy_version-011,2024-10-07 09:00:00+00:00,0,0,0.11198492
synthetic_pe_chains.csv:293,syn:policy_version-011,2024-10-07 09:00:15+00:00,0,0,0.1223014
synthetic_pe_chains.csv:294,syn:policy_version-011,2024-10-07 09:00:33+00:00,0,0,0.14167933
synthetic_pe_chains.csv:295,syn:policy_version-011,2024-10-07 09:01:05+00:00,1,1,0.9949097
synthetic_pe_chains.csv:296,syn:policy_version-011,2024-10-07 09:01:15+00:00,1,1,0.99488825
synthetic_pe_chains.csv:297,syn:policy_version-011,2024-10-07 09:01:43+00:00,1,1,0.9932301
synthetic_pe_chains.csv:298,syn:secrets_loot-000,2024-10-08 10:00:00+00:00,0,0,0.12975134
synthetic_pe_chains.csv:299,syn:secrets_loot-000,2024-10-08 10:00:35+00:00,1,1,0.99034166
synthetic_pe_chains.csv:300,syn:secrets_loot-000,2024-10-08 10:00:48+00:00,0,0,0.15555605
synthetic_pe_chains.csv:301,syn:secrets_loot-000,2024-10-08 10:00:55+00:00,0,0,0.15869224
synthetic_pe_chains.csv:302,syn:secrets_loot-000,2024-10-08 10:01:21+00:00,1,1,0.99421954
synthetic_pe_chains.csv:303,syn:secrets_loot-000,2024-10-08 10:01:26+00:00,1,1,0.99528533
synthetic_pe_chains.csv:304,syn:secrets_loot-000,2024-10-08 10:01:39+00:00,1,1,0.9963021
synthetic_pe_chains.csv:305,syn:secrets_loot-000,2024-10-08 10:01:49+00:00,1,1,0.9942001
synthetic_pe_chains.csv:306,syn:secrets_loot-001,2024-10-09 21:00:00+00:00,1,1,0.9865182
synthetic_pe_chains.csv:307,syn:secrets_loot-001,2024-10-09 21:00:37+00:00,0,0,0.13135076
synthetic_pe_chains.csv:308,syn:secrets_loot-001,2024-10-09 21:00:45+00:00,0,0,0.13696598
synthetic_pe_chains.csv:309,syn:secrets_loot-001,2024-10-09 21:01:21+00:00,1,1,0.9955662
synthetic_pe_chains.csv:310,syn:secrets_loot-001,2024-10-09 21:01:59+00:00,1,1,0.99546057
synthetic_pe_chains.csv:311,syn:secrets_loot-001,2024-10-09 21:02:40+00:00,1,1,0.99634427
synthetic_pe_chains.csv:312,syn:secrets_loot-001,2024-10-09 21:03:03+00:00,1,1,0.9947968
synthetic_pe_chains.csv:313,syn:secrets_loot-002,2024-10-10 03:00:00+00:00,1,1,0.98410517
synthetic_pe_chains.csv:314,syn:secrets_loot-002,2024-10-10 03:00:11+00:00,0,0,0.13483265
synthetic_pe_chains.csv:315,syn:secrets_loot-002,2024-10-10 03:00:37+00:00,0,0,0.15054472
synthetic_pe_chains.csv:316,syn:secrets_loot-002,2024-10-10 03:00:41+00:00,1,1,0.99574184
synthetic_pe_chains.csv:317,syn:secrets_loot-002,2024-10-10 03:00:45+00:00,1,1,0.99646425
synthetic_pe_chains.csv:318,syn:secrets_loot-002,2024-10-10 03:01:04+00:00,1,1,0.99667823
synthetic_pe_chains.csv:319,syn:secrets_loot-002,2024-10-10 03:01:31+00:00,1,1,0.9951139
synthetic_pe_chains.csv:320,syn:secrets_loot-003,2024-10-11 08:00:00+00:00,1,1,0.98777485
synthetic_pe_chains.csv:321,syn:secrets_loot-003,2024-10-11 08:00:29+00:00,0,0,0.13194847
synthetic_pe_chains.csv:322,syn:secrets_loot-003,2024-10-11 08:00:42+00:00,0,0,0.15288728
synthetic_pe_chains.csv:323,syn:secrets_loot-003,2024-10-11 08:00:54+00:00,1,1,0.9953164
synthetic_pe_chains.csv:324,syn:secrets_loot-003,2024-10-11 08:01:13+00:00,1,1,0.99478674
synthetic_pe_chains.csv:325,syn:secrets_loot-003,2024-10-11 08:01:46+00:00,1,1,0.9965042
synthetic_pe_chains.csv:326,syn:secrets_loot-003,2024-10-11 08:02:17+00:00,1,1,0.9951119
synthetic_pe_chains.csv:327,syn:secrets_loot-004,2024-10-12 08:00:00+00:00,1,1,0.98591983
synthetic_pe_chains.csv:328,syn:secrets_loot-004,2024-10-12 08:00:09+00:00,0,0,0.1438426
synthetic_pe_chains.csv:329,syn:secrets_loot-004,2024-10-12 08:00:36+00:00,0,0,0.14005199
synthetic_pe_chains.csv:330,syn:secrets_loot-004,2024-10-12 08:01:00+00:00,0,0,0.16893403
synthetic_pe_chains.csv:331,syn:secrets_loot-004,2024-10-12 08:01:23+00:00,1,1,0.99506915
synthetic_pe_chains.csv:332,syn:secrets_loot-004,2024-10-12 08:02:01+00:00,1,1,0.9949062
synthetic_pe_chains.csv:333,syn:secrets_loot-004,2024-10-12 08:02:27+00:00,0,0,0.14605653
synthetic_pe_chains.csv:334,syn:secrets_loot-004,2024-10-12 08:02:56+00:00,1,1,0.9958352
synthetic_pe_chains.csv:335,syn:secrets_loot-004,2024-10-12 08:03:07+00:00,1,1,0.99642533
synthetic_pe_chains.csv:336,syn:secrets_loot-005,2024-10-13 15:00:00+00:00,0,0,0.14305021
synthetic_pe_chains.csv:337,syn:secrets_loot-005,2024-10-13 15:00:41+00:00,1,1,0.98970324
synthetic_pe_chains.csv:338,syn:secrets_loot-005,2024-10-13 15:00:45+00:00,0,0,0.1648171
synthetic_pe_chains.csv:339,syn:secrets_loot-005,2024-10-13 15:00:59+00:00,0,0,0.18068413
synthetic_pe_chains.csv:340,syn:secrets_loot-005,2024-10-13 15:01:40+00:00,1,1,0.99626887
synthetic_pe_chains.csv:341,syn:secrets_loot-005,2024-10-13 15:02:18+00:00,1,1,0.9956591
synthetic_pe_chains.csv:342,syn:secrets_loot-005,2024-10-13 15:02:51+00:00,1,1,0.9969915
synthetic_pe_chains.csv:343,syn:secrets_loot-005,2024-10-13 15:03:30+00:00,1,1,0.99515164
synthetic_pe_chains.csv:344,syn:secrets_loot-006,2024-10-14 02:00:00+00:00,1,1,0.9861973
synthetic_pe_chains.csv:345,syn:secrets_loot-006,2024-10-14 02:00:13+00:00,0,0,0.12443315
synthetic_pe_chains.csv:346,syn:secrets_loot-006,2024-10-14 02:00:56+00:00,0,0,0.15163702
synthetic_pe_chains.csv:347,syn:secrets_loot-006,2024-10-14 02:01:03+00:00,1,1,0.9955918
synthetic_pe_chains.csv:348,syn:secrets_loot-006,2024-10-14 02:01:40+00:00,1,1,0.99404293
synthetic_pe_chains.csv:349,syn:secrets_loot-006,2024-10-14 02:02:06+00:00,1,1,0.9961604
synthetic_pe_chains.csv:350,syn:secrets_loot-006,2024-10-14 02:02:31+00:00,1,1,0.99406874
synthetic_pe_chains.csv:351,syn:secrets_loot-007,2024-10-15 00:00:00+00:00,1,1,0.9869524
synthetic_pe_chains.csv:352,syn:secrets_loot-007,2024-10-15 00:00:36+00:00,0,0,0.1154928
synthetic_pe_chains.csv:353,syn:secrets_loot-007,2024-10-15 00:00:47+00:00,0,0,0.13320163
synthetic_pe_chains.csv:354,syn:secrets_loot-007,2024-10-15 00:01:02+00:00,0,0,0.15825936
synthetic_pe_chains.csv:355,syn:secrets_loot-007,2024-10-15 00:01:26+00:00,0,0,0.17662086
synthetic_pe_chains.csv:356,syn:secrets_loot-007,2024-10-15 00:01:38+00:00,1,1,0.99602437
synthetic_pe_chains.csv:357,syn:secrets_loot-007,2024-10-15 00:01:47+00:00,1,1,0.99664503
synthetic_pe_chains.csv:358,syn:secrets_loot-007,2024-10-15 00:02:10+00:00,0,0,0.13767265
synthetic_pe_chains.csv:359,syn:secrets_loot-007,2024-10-15 00:02:30+00:00,1,1,0.99723583
synthetic_pe_chains.csv:360,syn:secrets_loot-007,2024-10-15 00:03:04+00:00,1,1,0.9958793
synthetic_pe_chains.csv:361,syn:secrets_loot-008,2024-10-16 07:00:00+00:00,1,1,0.98561853
synthetic_pe_chains.csv:362,syn:secrets_loot-008,2024-10-16 07:00:23+00:00,0,0,0.12493176
synthetic_pe_chains.csv:363,syn:secrets_loot-008,2024-10-16 07:01:05+00:00,0,0,0.14772715
synthetic_pe_chains.csv:364,syn:secrets_loot-008,2024-10-16 07:01:31+00:00,0,0,0.16944553
synthetic_pe_chains.csv:365,syn:secrets_loot-008,2024-10-16 07:01:59+00:00,0,0,0.1647049
synthetic_pe_chains.csv:366,syn:secrets_loot-008,2024-10-16 07:02:19+00:00,1,1,0.9967734
synthetic_pe_chains.csv:367,syn:secrets_loot-008,2024-10-16 07:03:01+00:00,1,1,0.99510807
synthetic_pe_chains.csv:368,syn:secrets_loot-008,2024-10-16 07:03:26+00:00,1,1,0.9971968
synthetic_pe_chains.csv:369,syn:secrets_loot-008,2024-10-16 07:03:43+00:00,1,1,0.9952083
synthetic_pe_chains.csv:370,syn:secrets_loot-009,2024-10-17 12:00:00+00:00,1,1,0.98805237
synthetic_pe_chains.csv:371,syn:secrets_loot-009,2024-10-17 12:00:17+00:00,0,0,0.13575101
synthetic_pe_chains.csv:372,syn:secrets_loot-009,2024-10-17 12:00:59+00:00,0,0,0.1704773
synthetic_pe_chains.csv:373,syn:secrets_loot-009,2024-10-17 12:01:17+00:00,0,0,0.16794202
synthetic_pe_chains.csv:374,syn:secrets_loot-009,2024-10-17 12:01:44+00:00,0,0,0.14556317
synthetic_pe_chains.csv:375,syn:secrets_loot-009,2024-10-17 12:02:01+00:00,1,1,0.9964567
synthetic_pe_chains.csv:376,syn:secrets_loot-009,2024-10-17 12:02:12+00:00,0,0,0.18504892
synthetic_pe_chains.csv:377,syn:secrets_loot-009,2024-10-17 12:02:27+00:00,1,1,0.99625385
synthetic_pe_chains.csv:378,syn:secrets_loot-009,2024-10-17 12:02:55+00:00,1,1,0.99552697
synthetic_pe_chains.csv:379,syn:secrets_loot-009,2024-10-17 12:03:22+00:00,1,1,0.9954781
synthetic_pe_chains.csv:380,syn:secrets_loot-010,2024-10-18 02:00:00+00:00,0,0,0.12481514
synthetic_pe_chains.csv:381,syn:secrets_loot-010,2024-10-18 02:00:20+00:00,1,1,0.99126816
synthetic_pe_chains.csv:382,syn:secrets_loot-010,2024-10-18 02:00:41+00:00,0,0,0.15071075
synthetic_pe_chains.csv:383,syn:secrets_loot-010,2024-10-18 02:01:16+00:00,0,0,0.13540187
synthetic_pe_chains.csv:384,syn:secrets_loot-010,2024-10-18 02:01:49+00:00,0,0,0.13825087
synthetic_pe_chains.csv:385,syn:secrets_loot-010,2024-10-18 02:02:19+00:00,1,1,0.99655557
synthetic_pe_chains.csv:386,syn:secrets_loot-010,2024-10-18 02:02:26+00:00,1,1,0.9960763
synthetic_pe_chains.csv:387,syn:secrets_loot-010,2024-10-18 02:02:59+00:00,0,0,0.15348764
synthetic_pe_chains.csv:388,syn:secrets_loot-010,2024-10-18 02:03:05+00:00,1,1,0.99724567
synthetic_pe_chains.csv:389,syn:secrets_loot-010,2024-10-18 02:03:38+00:00,1,1,0.9957385
synthetic_pe_chains.csv:390,syn:secrets_loot-011,2024-10-19 16:00:00+00:00,1,1,0.9870122
synthetic_pe_chains.csv:391,syn:secrets_loot-011,2024-10-19 16:00:36+00:00,0,0,0.12024213
synthetic_pe_chains.csv:392,syn:secrets_loot-011,2024-10-19 16:00:57+00:00,0,0,0.14622228
synthetic_pe_chains.csv:393,syn:secrets_loot-011,2024-10-19 16:01:06+00:00,0,0,0.16487132
synthetic_pe_chains.csv:394,syn:secrets_loot-011,2024-10-19 16:01:33+00:00,1,1,0.9953648
synthetic_pe_chains.csv:395,syn:secrets_loot-011,2024-10-19 16:01:55+00:00,1,1,0.9954171
synthetic_pe_chains.csv:396,syn:secrets_loot-011,2024-10-19 16:02:06+00:00,1,1,0.99589646
synthetic_pe_chains.csv:397,syn:secrets_loot-011,2024-10-19 16:02:49+00:00,1,1,0.9955628
synthetic_pe_chains.csv:398,syn:ec2_password-000,2024-10-20 01:00:00+00:00,0,0,0.14085057
synthetic_pe_chains.csv:399,syn:ec2_password-000,2024-10-20 01:00:18+00:00,0,0,0.14732137
synthetic_pe_chains.csv:400,syn:ec2_password-000,2024-10-20 01:00:32+00:00,1,1,0.9964037
synthetic_pe_chains.csv:401,syn:ec2_password-000,2024-10-20 01:01:08+00:00,0,0,0.11292737
synthetic_pe_chains.csv:402,syn:ec2_password-001,2024-10-21 04:00:00+00:00,0,0,0.13439313
synthetic_pe_chains.csv:403,syn:ec2_password-001,2024-10-21 04:00:36+00:00,0,0,0.14480364
synthetic_pe_chains.csv:404,syn:ec2_password-001,2024-10-21 04:00:50+00:00,0,0,0.13777325
synthetic_pe_chains.csv:405,syn:ec2_password-001,2024-10-21 04:01:33+00:00,0,0,0.12896188
synthetic_pe_chains.csv:406,syn:ec2_password-001,2024-10-21 04:02:14+00:00,0,0,0.12900592
synthetic_pe_chains.csv:407,syn:ec2_password-001,2024-10-21 04:02:29+00:00,1,1,0.9979658
synthetic_pe_chains.csv:408,syn:ec2_password-001,2024-10-21 04:02:39+00:00,0,0,0.13015597
synthetic_pe_chains.csv:409,syn:ec2_password-002,2024-10-22 00:00:00+00:00,0,0,0.123621516
synthetic_pe_chains.csv:410,syn:ec2_password-002,2024-10-22 00:00:12+00:00,0,0,0.13761412
synthetic_pe_chains.csv:411,syn:ec2_password-002,2024-10-22 00:00:18+00:00,0,0,0.14504875
synthetic_pe_chains.csv:412,syn:ec2_password-002,2024-10-22 00:00:34+00:00,0,0,0.13382784
synthetic_pe_chains.csv:413,syn:ec2_password-002,2024-10-22 00:00:39+00:00,0,0,0.14015418
synthetic_pe_chains.csv:414,syn:ec2_password-002,2024-10-22 00:01:17+00:00,1,1,0.99776566
synthetic_pe_chains.csv:415,syn:ec2_password-002,2024-10-22 00:01:26+00:00,0,0,0.121746026
synthetic_pe_chains.csv:416,syn:ec2_password-003,2024-10-23 03:00:00+00:00,0,0,0.13380793
synthetic_pe_chains.csv:417,syn:ec2_password-003,2024-10-23 03:00:04+00:00,0,0,0.13414414
synthetic_pe_chains.csv:418,syn:ec2_password-003,2024-10-23 03:00:11+00:00,0,0,0.14303559
synthetic_pe_chains.csv:419,syn:ec2_password-003,2024-10-23 03:00:51+00:00,0,0,0.14721671
synthetic_pe_chains.csv:420,syn:ec2_password-003,2024-10-23 03:00:57+00:00,0,0,0.14784826
synthetic_pe_chains.csv:421,syn:ec2_password-003,2024-10-23 03:01:40+00:00,1,1,0.99814177
synthetic_pe_chains.csv:422,syn:ec2_password-003,2024-10-23 03:02:18+00:00,0,0,0.121778816
synthetic_pe_chains.csv:423,syn:ec2_password-004,2024-10-24 05:00:00+00:00,0,0,0.13190874
synthetic_pe_chains.csv:424,syn:ec2_password-004,2024-10-24 05:00:36+00:00,0,0,0.14839713
synthetic_pe_chains.csv:425,syn:ec2_password-004,2024-10-24 05:01:05+00:00,1,1,0.99597037
synthetic_pe_chains.csv:426,syn:ec2_password-004,2024-10-24 05:01:18+00:00,0,0,0.121212006
synthetic_pe_chains.csv:427,syn:ec2_password-005,2024-10-25 06:00:00+00:00,0,0,0.13375574
synthetic_pe_chains.csv:428,syn:ec2_password-005,2024-10-25 06:00:20+00:00,0,0,0.16155565
synthetic_pe_chains.csv:429,syn:ec2_password-005,2024-10-25 06:00:47+00:00,1,1,0.99623257
synthetic_pe_chains.csv:430,syn:ec2_password-005,2024-10-25 06:01:20+00:00,0,0,0.115208544
synthetic_pe_chains.csv:431,syn:ec2_password-006,2024-10-26 10:00:00+00:00,0,0,0.13727261
synthetic_pe_chains.csv:432,syn:ec2_password-006,2024-10-26 10:00:09+00:00,0,0,0.13732792
synthetic_pe_chains.csv:433,syn:ec2_password-006,2024-10-26 10:00:28+00:00,0,0,0.14039442
synthetic_pe_chains.csv:434,syn:ec2_password-006,2024-10-26 10:00:55+00:00,0,0,0.17740907
synthetic_pe_chains.csv:435,syn:ec2_password-006,2024-10-26 10:01:05+00:00,0,0,0.14521256
synthetic_pe_chains.csv:436,syn:ec2_password-006,2024-10-26 10:01:46+00:00,1,1,0.99752325
synthetic_pe_chains.csv:437,syn:ec2_password-006,2024-10-26 10:02:20+00:00,0,0,0.11826748
synthetic_pe_chains.csv:438,syn:ec2_password-007,2024-10-27 18:00:00+00:00,0,0,0.13570383
synthetic_pe_chains.csv:439,syn:ec2_password-007,2024-10-27 18:00:19+00:00,0,0,0.1257798
synthetic_pe_chains.csv:440,syn:ec2_password-007,2024-10-27 18:00:26+00:00,0,0,0.13704804
synthetic_pe_chains.csv:441,syn:ec2_password-007,2024-10-27 18:00:37+00:00,0,0,0.15196295
synthetic_pe_chains.csv:442,syn:ec2_password-007,2024-10-27 18:01:02+00:00,0,0,0.16455689
synthetic_pe_chains.csv:443,syn:ec2_password-007,2024-10-27 18:01:23+00:00,1,1,0.99827385
synthetic_pe_chains.csv:444,syn:ec2_password-007,2024-10-27 18:01:33+00:00,0,0,0.12186556
synthetic_pe_chains.csv:445,syn:ec2_password-008,2024-10-28 02:00:00+00:00,0,0,0.1330389
synthetic_pe_chains.csv:446,syn:ec2_password-008,2024-10-28 02:00:29+00:00,0,0,0.1307301
synthetic_pe_chains.csv:447,syn:ec2_password-008,2024-10-28 02:00:50+00:00,0,0,0.12313835
synthetic_pe_chains.csv:448,syn:ec2_password-008,2024-10-28 02:01:23+00:00,0,0,0.13508195
synthetic_pe_chains.csv:449,syn:ec2_password-008,2024-10-28 02:01:52+00:00,1,1,0.9971187
synthetic_pe_chains.csv:450,syn:ec2_password-008,2024-10-28 02:02:14+00:00,0,0,0.11512338
synthetic_pe_chains.csv:451,syn:ec2_password-009,2024-10-29 12:00:00+00:00,0,0,0.13011532
synthetic_pe_chains.csv:452,syn:ec2_password-009,2024-10-29 12:00:34+00:00,0,0,0.13989434
synthetic_pe_chains.csv:453,syn:ec2_password-009,2024-10-29 12:00:46+00:00,1,1,0.99609655
synthetic_pe_chains.csv:454,syn:ec2_password-009,2024-10-29 12:01:11+00:00,0,0,0.116288334
synthetic_pe_chains.csv:455,syn:ec2_password-010,2024-10-30 09:00:00+00:00,0,0,0.1344726
synthetic_pe_chains.csv:456,syn:ec2_password-010,2024-10-30 09:00:16+00:00,0,0,0.13365516
synthetic_pe_chains.csv:457,syn:ec2_password-010,2024-10-30 09:00:28+00:00,0,0,0.14066385
synthetic_pe_chains.csv:458,syn:ec2_password-010,2024-10-30 09:00:55+00:00,1,1,0.9970509
synthetic_pe_chains.csv:459,syn:ec2_password-010,2024-10-30 09:01:12+00:00,0,0,0.117596
synthetic_pe_chains.csv:460,syn:ec2_password-011,2024-10-31 06:00:00+00:00,0,0,0.13948174
synthetic_pe_chains.csv:461,syn:ec2_password-011,2024-10-31 06:00:33+00:00,0,0,0.13484043
synthetic_pe_chains.csv:462,syn:ec2_password-011,2024-10-31 06:00:51+00:00,1,1,0.9964259
synthetic_pe_chains.csv:463,syn:ec2_password-011,2024-10-31 06:01:22+00:00,0,0,0.11663349
synthetic_pe_chains.csv:464,syn:trail_evasion-000,2024-11-01 07:00:00+00:00,0,0,0.15749249
synthetic_pe_chains.csv:465,syn:trail_evasion-000,2024-11-01 07:00:38+00:00,0,0,0.14658876
synthetic_pe_chains.csv:466,syn:trail_evasion-000,2024-11-01 07:01:03+00:00,1,1,0.9888404
synthetic_pe_chains.csv:467,syn:trail_evasion-000,2024-11-01 07:01:11+00:00,0,0,0.13792767
synthetic_pe_chains.csv:468,syn:trail_evasion-000,2024-11-01 07:01:43+00:00,1,1,0.993636
synthetic_pe_chains.csv:469,syn:trail_evasion-000,2024-11-01 07:02:07+00:00,0,0,0.13022558
synthetic_pe_chains.csv:470,syn:trail_evasion-000,2024-11-01 07:02:23+00:00,0,0,0.14342539
synthetic_pe_chains.csv:471,syn:trail_evasion-000,2024-11-01 07:02:30+00:00,1,1,0.9954209
synthetic_pe_chains.csv:472,syn:trail_evasion-000,2024-11-01 07:02:44+00:00,0,0,0.13286671
synthetic_pe_chains.csv:473,syn:trail_evasion-001,2024-11-02 22:00:00+00:00,0,0,0.15430291
synthetic_pe_chains.csv:474,syn:trail_evasion-001,2024-11-02 22:00:41+00:00,0,0,0.13951631
synthetic_pe_chains.csv:475,syn:trail_evasion-001,2024-11-02 22:00:45+00:00,1,1,0.98984283
synthetic_pe_chains.csv:476,syn:trail_evasion-001,2024-11-02 22:01:04+00:00,1,1,0.9887515
synthetic_pe_chains.csv:477,syn:trail_evasion-001,2024-11-02 22:01:43+00:00,1,1,0.99232095
synthetic_pe_chains.csv:478,syn:trail_evasion-001,2024-11-02 22:01:47+00:00,0,0,0.12937471
synthetic_pe_chains.csv:479,syn:trail_evasion-002,2024-11-03 14:00:00+00:00,0,0,0.13658734
synthetic_pe_chains.csv:480,syn:trail_evasion-002,2024-11-03 14:00:30+00:00,0,0,0.13269962
synthetic_pe_chains.csv:481,syn:trail_evasion-002,2024-11-03 14:00:47+00:00,0,0,0.136752
synthetic_pe_chains.csv:482,syn:trail_evasion-002,2024-11-03 14:01:28+00:00,1,1,0.9918154
synthetic_pe_chains.csv:483,syn:trail_evasion-002,2024-11-03 14:01:39+00:00,1,1,0.9896736
synthetic_pe_chains.csv:484,syn:trail_evasion-002,2024-11-03 14:02:06+00:00,1,1,0.99284333
synthetic_pe_chains.csv:485,syn:trail_evasion-002,2024-11-03 14:02:42+00:00,0,0,0.11479293
synthetic_pe_chains.csv:486,syn:trail_evasion-003,2024-11-04 07:00:00+00:00,0,0,0.14921334
synthetic_pe_chains.csv:487,syn:trail_evasion-003,2024-11-04 07:00:32+00:00,0,0,0.14235006
synthetic_pe_chains.csv:488,syn:trail_evasion-003,2024-11-04 07:00:59+00:00,1,1,0.9900293
synthetic_pe_chains.csv:489,syn:trail_evasion-003,2024-11-04 07:01:09+00:00,0,0,0.14369637
synthetic_pe_chains.csv:490,syn:trail_evasion-003,2024-11-04 07:01:14+00:00,1,1,0.9902918
synthetic_pe_chains.csv:491,syn:trail_evasion-003,2024-11-04 07:01:54+00:00,1,1,0.99343973
synthetic_pe_chains.csv:492,syn:trail_evasion-003,2024-11-04 07:02:04+00:00,0,0,0.11805486
synthetic_pe_chains.csv:493,syn:trail_evasion-004,2024-11-05 08:00:00+00:00,0,0,0.14817403
synthetic_pe_chains.csv:494,syn:trail_evasion-004,2024-11-05 08:00:26+00:00,0,0,0.13352077
synthetic_pe_chains.csv:495,syn:trail_evasion-004,2024-11-05 08:00:52+00:00,0,0,0.13934126
synthetic_pe_chains.csv:496,syn:trail_evasion-004,2024-11-05 08:01:16+00:00,0,0,0.14149243
synthetic_pe_chains.csv:497,syn:trail_evasion-004,2024-11-05 08:01:24+00:00,1,1,0.9924028
synthetic_pe_chains.csv:498,syn:trail_evasion-004,2024-11-05 08:02:05+00:00,1,1,0.99385506
synthetic_pe_chains.csv:499,syn:trail_evasion-004,2024-11-05 08:02:22+00:00,0,0,0.1309541
synthetic_pe_chains.csv:500,syn:trail_evasion-004,2024-11-05 08:02:29+00:00,1,1,0.9945648
synthetic_pe_chains.csv:501,syn:trail_evasion-004,2024-11-05 08:03:03+00:00,0,0,0.12648815
synthetic_pe_chains.csv:502,syn:trail_evasion-005,2024-11-06 22:00:00+00:00,0,0,0.14760466
synthetic_pe_chains.csv:503,syn:trail_evasion-005,2024-11-06 22:00:23+00:00,0,0,0.14917244
synthetic_pe_chains.csv:504,syn:trail_evasion-005,2024-11-06 22:01:02+00:00,1,1,0.9896801
synthetic_pe_chains.csv:505,syn:trail_evasion-005,2024-11-06 22:01:35+00:00,1,1,0.9922018
synthetic_pe_chains.csv:506,syn:trail_evasion-005,2024-11-06 22:01:56+00:00,1,1,0.99258304
synthetic_pe_chains.csv:507,syn:trail_evasion-005,2024-11-06 22:02:06+00:00,0,0,0.11555059
synthetic_pe_chains.csv:508,syn:trail_evasion-006,2024-11-07 08:00:00+00:00,0,0,0.14278737
synthetic_pe_chains.csv:509,syn:trail_evasion-006,2024-11-07 08:00:38+00:00,0,0,0.13573639
synthetic_pe_chains.csv:510,syn:trail_evasion-006,2024-11-07 08:01:11+00:00,0,0,0.13232285
synthetic_pe_chains.csv:511,syn:trail_evasion-006,2024-11-07 08:01:52+00:00,0,0,0.13840762
synthetic_pe_chains.csv:512,syn:trail_evasion-006,2024-11-07 08:02:00+00:00,1,1,0.99236864
synthetic_pe_chains.csv:513,syn:trail_evasion-006,2024-11-07 08:02:39+00:00,1,1,0.9943106
synthetic_pe_chains.csv:514,syn:trail_evasion-006,2024-11-07 08:02:55+00:00,0,0,0.1331727
synthetic_pe_chains.csv:515,syn:trail_evasion-006,2024-11-07 08:03:31+00:00,1,1,0.99477565
synthetic_pe_chains.csv:516,syn:trail_evasion-006,2024-11-07 08:04:06+00:00,0,0,0.13969956
synthetic_pe_chains.csv:517,syn:trail_evasion-007,2024-11-08 22:00:00+00:00,0,0,0.13279383
synthetic_pe_chains.csv:518,syn:trail_evasion-007,2024-11-08 22:00:24+00:00,0,0,0.13058329
synthetic_pe_chains.csv:519,syn:trail_evasion-007,2024-11-08 22:01:01+00:00,0,0,0.15283175
synthetic_pe_chains.csv:520,syn:trail_evasion-007,2024-11-08 22:01:34+00:00,0,0,0.14831704
synthetic_pe_chains.csv:521,syn:trail_evasion-007,2024-11-08 22:02:13+00:00,1,1,0.9922901
synthetic_pe_chains.csv:522,syn:trail_evasion-007,2024-11-08 22:02:17+00:00,1,1,0.99402606
synthetic_pe_chains.csv:523,syn:trail_evasion-007,2024-11-08 22:02:32+00:00,0,0,0.13440038
synthetic_pe_chains.csv:524,syn:trail_evasion-007,2024-11-08 22:03:09+00:00,1,1,0.99498665
synthetic_pe_chains.csv:525,syn:trail_evasion-007,2024-11-08 22:03:25+00:00,0,0,0.13527836
synthetic_pe_chains.csv:526,syn:trail_evasion-008,2024-11-09 08:00:00+00:00,0,0,0.15795578
synthetic_pe_chains.csv:527,syn:trail_evasion-008,2024-11-09 08:00:38+00:00,0,0,0.13453309
synthetic_pe_chains.csv:528,syn:trail_evasion-008,2024-11-09 08:01:04+00:00,1,1,0.98927444
synthetic_pe_chains.csv:529,syn:trail_evasion-008,2024-11-09 08:01:24+00:00,1,1,0.9928168
synthetic_pe_chains.csv:530,syn:trail_evasion-008,2024-11-09 08:02:04+00:00,1,1,0.9933843
synthetic_pe_chains.csv:531,syn:trail_evasion-008,2024-11-09 08:02:21+00:00,0,0,0.13259347
synthetic_pe_chains.csv:532,syn:trail_evasion-009,2024-11-10 21:00:00+00:00,0,0,0.14257152
synthetic_pe_chains.csv:533,syn:trail_evasion-009,2024-11-10 21:00:26+00:00,0,0,0.14599681
synthetic_pe_chains.csv:534,syn:trail_evasion-009,2024-11-10 21:00:57+00:00,1,1,0.9888521
synthetic_pe_chains.csv:535,syn:trail_evasion-009,2024-11-10 21:01:08+00:00,1,1,0.9901037
synthetic_pe_chains.csv:536,syn:trail_evasion-009,2024-11-10 21:01:43+00:00,1,1,0.99270904
synthetic_pe_chains.csv:537,syn:trail_evasion-009,2024-11-10 21:02:16+00:00,0,0,0.112648144
synthetic_pe_chains.csv:538,syn:trail_evasion-010,2024-11-11 12:00:00+00:00,0,0,0.13897623
synthetic_pe_chains.csv:539,syn:trail_evasion-010,2024-11-11 12:00:12+00:00,0,0,0.14336409
synthetic_pe_chains.csv:540,syn:trail_evasion-010,2024-11-11 12:00:49+00:00,0,0,0.14710091
synthetic_pe_chains.csv:541,syn:trail_evasion-010,2024-11-11 12:01:14+00:00,0,0,0.14049679
synthetic_pe_chains.csv:542,syn:trail_evasion-010,2024-11-11 12:01:58+00:00,0,0,0.16107525
synthetic_pe_chains.csv:543,syn:trail_evasion-010,2024-11-11 12:02:11+00:00,1,1,0.99280316
synthetic_pe_chains.csv:544,syn:trail_evasion-010,2024-11-11 12:02:23+00:00,1,1,0.99339104
synthetic_pe_chains.csv:545,syn:trail_evasion-010,2024-11-11 12:02:33+00:00,1,1,0.9946673
synthetic_pe_chains.csv:546,syn:trail_evasion-010,2024-11-11 12:02:47+00:00,0,0,0.14332213
synthetic_pe_chains.csv:547,syn:trail_evasion-011,2024-11-12 10:00:00+00:00,0,0,0.14047399
synthetic_pe_chains.csv:548,syn:trail_evasion-011,2024-11-12 10:00:19+00:00,0,0,0.12459603
synthetic_pe_chains.csv:549,syn:trail_evasion-011,2024-11-12 10:00:54+00:00,1,1,0.9890998
synthetic_pe_chains.csv:550,syn:trail_evasion-011,2024-11-12 10:01:00+00:00,1,1,0.9925702
synthetic_pe_chains.csv:551,syn:trail_evasion-011,2024-11-12 10:01:42+00:00,0,0,0.12225252
synthetic_pe_chains.csv:552,syn:trail_evasion-011,2024-11-12 10:02:00+00:00,1,1,0.9943243
synthetic_pe_chains.csv:553,syn:trail_evasion-011,2024-11-12 10:02:34+00:00,0,0,0.13419461
synthetic_pe_chains.csv:554,syn:instance_profile-000,2024-11-13 08:00:00+00:00,0,0,0.13103855
synthetic_pe_chains.csv:555,syn:instance_profile-000,2024-11-13 08:00:33+00:00,0,0,0.12676132
synthetic_pe_chains.csv:556,syn:instance_profile-000,2024-11-13 08:00:48+00:00,1,1,0.99134773
synthetic_pe_chains.csv:557,syn:instance_profile-000,2024-11-13 08:01:22+00:00,0,0,0.18307327
synthetic_pe_chains.csv:558,syn:instance_profile-000,2024-11-13 08:01:38+00:00,0,0,0.13874662
synthetic_pe_chains.csv:559,syn:instance_profile-000,2024-11-13 08:02:20+00:00,0,0,0.17072329
synthetic_pe_chains.csv:560,syn:instance_profile-000,2024-11-13 08:02:51+00:00,1,1,0.9948448
synthetic_pe_chains.csv:561,syn:instance_profile-001,2024-11-14 12:00:00+00:00,0,0,0.13043994
synthetic_pe_chains.csv:562,syn:instance_profile-001,2024-11-14 12:00:15+00:00,1,1,0.98954576
synthetic_pe_chains.csv:563,syn:instance_profile-001,2024-11-14 12:00:40+00:00,0,0,0.122195564
synthetic_pe_chains.csv:564,syn:instance_profile-001,2024-11-14 12:01:01+00:00,0,0,0.925298
synthetic_pe_chains.csv:565,syn:instance_profile-001,2024-11-14 12:01:44+00:00,0,0,0.14292474
synthetic_pe_chains.csv:566,syn:instance_profile-001,2024-11-14 12:02:25+00:00,0,0,0.17633705
synthetic_pe_chains.csv:567,syn:instance_profile-001,2024-11-14 12:03:00+00:00,1,1,0.99509275
synthetic_pe_chains.csv:568,syn:instance_profile-002,2024-11-15 04:00:00+00:00,0,0,0.14080457
synthetic_pe_chains.csv:569,syn:instance_profile-002,2024-11-15 04:00:36+00:00,0,0,0.12918627
synthetic_pe_chains.csv:570,syn:instance_profile-002,2024-11-15 04:00:45+00:00,0,0,0.1391875
synthetic_pe_chains.csv:571,syn:instance_profile-002,2024-11-15 04:01:20+00:00,0,0,0.12971482
synthetic_pe_chains.csv:572,syn:instance_profile-002,2024-11-15 04:01:59+00:00,1,1,0.99442416
synthetic_pe_chains.csv:573,syn:instance_profile-002,2024-11-15 04:02:05+00:00,0,0,0.54019165
synthetic_pe_chains.csv:574,syn:instance_profile-002,2024-11-15 04:02:12+00:00,0,0,0.16641107
synthetic_pe_chains.csv:575,syn:instance_profile-002,2024-11-15 04:02:51+00:00,0,0,0.15315364
synthetic_pe_chains.csv:576,syn:instance_profile-002,2024-11-15 04:03:10+00:00,1,1,0.9957355
synthetic_pe_chains.csv:577,syn:instance_profile-003,2024-11-16 14:00:00+00:00,0,0,0.12830646
synthetic_pe_chains.csv:578,syn:instance_profile-003,2024-11-16 14:00:42+00:00,1,1,0.98765093
synthetic_pe_chains.csv:579,syn:instance_profile-003,2024-11-16 14:01:17+00:00,0,0,0.20508677
synthetic_pe_chains.csv:580,syn:instance_profile-003,2024-11-16 14:01:37+00:00,0,0,0.17361967
synthetic_pe_chains.csv:581,syn:instance_profile-003,2024-11-16 14:02:07+00:00,0,0,0.17109853
synthetic_pe_chains.csv:582,syn:instance_profile-003,2024-11-16 14:02:51+00:00,1,1,0.9930515
synthetic_pe_chains.csv:583,syn:instance_profile-004,2024-11-17 14:00:00+00:00,0,0,0.12797385
synthetic_pe_chains.csv:584,syn:instance_profile-004,2024-11-17 14:00:19+00:00,0,0,0.123653255
synthetic_pe_chains.csv:585,syn:instance_profile-004,2024-11-17 14:01:03+00:00,0,0,0.14157604
synthetic_pe_chains.csv:586,syn:instance_profile-004,2024-11-17 14:01:33+00:00,1,1,0.9930127
synthetic_pe_chains.csv:587,syn:instance_profile-004,2024-11-17 14:01:39+00:00,0,0,0.233548
synthetic_pe_chains.csv:588,syn:instance_profile-004,2024-11-17 14:02:03+00:00,0,0,0.16320905
synthetic_pe_chains.csv:589,syn:instance_profile-004,2024-11-17 14:02:15+00:00,0,0,0.25046825
synthetic_pe_chains.csv:590,syn:instance_profile-004,2024-11-17 14:02:26+00:00,1,1,0.9955047
synthetic_pe_chains.csv:591,syn:instance_profile-005,2024-11-18 10:00:00+00:00,0,0,0.13401613
synthetic_pe_chains.csv:592,syn:instance_profile-005,2024-11-18 10:00:32+00:00,0,0,0.14088833
synthetic_pe_chains.csv:593,syn:instance_profile-005,2024-11-18 10:00:53+00:00,1,1,0.99172217
synthetic_pe_chains.csv:594,syn:instance_profile-005,2024-11-18 10:01:28+00:00,0,0,0.2227597
synthetic_pe_chains.csv:595,syn:instance_profile-005,2024-11-18 10:01:37+00:00,0,0,0.15850191
synthetic_pe_chains.csv:596,syn:instance_profile-005,2024-11-18 10:02:02+00:00,0,0,0.116216086
synthetic_pe_chains.csv:597,syn:instance_profile-005,2024-11-18 10:02:10+00:00,0,0,0.14228088
synthetic_pe_chains.csv:598,syn:instance_profile-005,2024-11-18 10:02:35+00:00,0,0,0.19113916
synthetic_pe_chains.csv:599,syn:instance_profile-005,2024-11-18 10:03:06+00:00,1,1,0.9958617
synthetic_pe_chains.csv:600,syn:instance_profile-006,2024-11-19 16:00:00+00:00,0,0,0.13121758
synthetic_pe_chains.csv:601,syn:instance_profile-006,2024-11-19 16:00:13+00:00,0,0,0.13252722
synthetic_pe_chains.csv:602,syn:instance_profile-006,2024-11-19 16:00:20+00:00,1,1,0.9922577
synthetic_pe_chains.csv:603,syn:instance_profile-006,2024-11-19 16:00:30+00:00,0,0,0.33455783
synthetic_pe_chains.csv:604,syn:instance_profile-006,2024-11-19 16:01:06+00:00,0,0,0.14244542
synthetic_pe_chains.csv:605,syn:instance_profile-006,2024-11-19 16:01:45+00:00,0,0,0.110648066
synthetic_pe_chains.csv:606,syn:instance_profile-006,2024-11-19 16:01:50+00:00,0,0,0.14465204
synthetic_pe_chains.csv:607,syn:instance_profile-006,2024-11-19 16:02:09+00:00,0,0,0.24775319
synthetic_pe_chains.csv:608,syn:instance_profile-006,2024-11-19 16:02:34+00:00,1,1,0.99580187
synthetic_pe_chains.csv:609,syn:instance_profile-007,2024-11-20 15:00:00+00:00,0,0,0.13732584
synthetic_pe_chains.csv:610,syn:instance_profile-007,2024-11-20 15:00:21+00:00,0,0,0.14807484
synthetic_pe_chains.csv:611,syn:instance_profile-007,2024-11-20 15:00:35+00:00,0,0,0.15437168
synthetic_pe_chains.csv:612,syn:instance_profile-007,2024-11-20 15:00:53+00:00,1,1,0.9924126
synthetic_pe_chains.csv:613,syn:instance_profile-007,2024-11-20 15:00:57+00:00,0,0,0.1963415
synthetic_pe_chains.csv:614,syn:instance_profile-007,2024-11-20 15:01:23+00:00,0,0,0.15207581
synthetic_pe_chains.csv:615,syn:instance_profile-007,2024-11-20 15:01:44+00:00,0,0,0.14125724
synthetic_pe_chains.csv:616,syn:instance_profile-007,2024-11-20 15:02:23+00:00,0,0,0.15250523
synthetic_pe_chains.csv:617,syn:instance_profile-007,2024-11-20 15:03:02+00:00,1,1,0.99608237
synthetic_pe_chains.csv:618,syn:instance_profile-008,2024-11-21 10:00:00+00:00,0,0,0.12917458
synthetic_pe_chains.csv:619,syn:instance_profile-008,2024-11-21 10:00:23+00:00,0,0,0.16375308
synthetic_pe_chains.csv:620,syn:instance_profile-008,2024-11-21 10:01:05+00:00,1,1,0.9899311
synthetic_pe_chains.csv:621,syn:instance_profile-008,2024-11-21 10:01:11+00:00,0,0,0.15479301
synthetic_pe_chains.csv:622,syn:instance_profile-008,2024-11-21 10:01:30+00:00,0,0,0.9562346
synthetic_pe_chains.csv:623,syn:instance_profile-008,2024-11-21 10:01:56+00:00,0,0,0.12325348
synthetic_pe_chains.csv:624,syn:instance_profile-008,2024-11-21 10:02:00+00:00,0,0,0.24979697
synthetic_pe_chains.csv:625,syn:instance_profile-008,2024-11-21 10:02:43+00:00,0,0,0.97657096
synthetic_pe_chains.csv:626,syn:instance_profile-008,2024-11-21 10:03:19+00:00,1,1,0.9956228
synthetic_pe_chains.csv:627,syn:instance_profile-009,2024-11-22 08:00:00+00:00,0,0,0.12924765
synthetic_pe_chains.csv:628,syn:instance_profile-009,2024-11-22 08:00:30+00:00,0,0,0.1315314
synthetic_pe_chains.csv:629,syn:instance_profile-009,2024-11-22 08:00:37+00:00,0,0,0.1362818
synthetic_pe_chains.csv:630,syn:instance_profile-009,2024-11-22 08:00:58+00:00,1,1,0.99294704
synthetic_pe_chains.csv:631,syn:instance_profile-009,2024-11-22 08:01:03+00:00,0,0,0.13979858
synthetic_pe_chains.csv:632,syn:instance_profile-009,2024-11-22 08:01:25+00:00,0,0,0.4053905
synthetic_pe_chains.csv:633,syn:instance_profile-009,2024-11-22 08:02:03+00:00,0,0,0.14209501
synthetic_pe_chains.csv:634,syn:instance_profile-009,2024-11-22 08:02:31+00:00,0,0,0.16846782
synthetic_pe_chains.csv:635,syn:instance_profile-009,2024-11-22 08:02:45+00:00,1,1,0.9951303
synthetic_pe_chains.csv:636,syn:instance_profile-010,2024-11-23 12:00:00+00:00,0,0,0.12514918
synthetic_pe_chains.csv:637,syn:instance_profile-010,2024-11-23 12:00:19+00:00,0,0,0.14005342
synthetic_pe_chains.csv:638,syn:instance_profile-010,2024-11-23 12:00:56+00:00,1,1,0.9921631
synthetic_pe_chains.csv:639,syn:instance_profile-010,2024-11-23 12:01:16+00:00,0,0,0.13063867
synthetic_pe_chains.csv:640,syn:instance_profile-010,2024-11-23 12:01:39+00:00,0,0,0.5310487
synthetic_pe_chains.csv:641,syn:instance_profile-010,2024-11-23 12:02:12+00:00,0,0,0.15350041
synthetic_pe_chains.csv:642,syn:instance_profile-010,2024-11-23 12:02:37+00:00,0,0,0.18611835
synthetic_pe_chains.csv:643,syn:instance_profile-010,2024-11-23 12:02:52+00:00,1,1,0.995168
synthetic_pe_chains.csv:644,syn:instance_profile-011,2024-11-24 06:00:00+00:00,0,0,0.13666508
synthetic_pe_chains.csv:645,syn:instance_profile-011,2024-11-24 06:00:42+00:00,0,0,0.14139643
synthetic_pe_chains.csv:646,syn:instance_profile-011,2024-11-24 06:01:02+00:00,1,1,0.99182105
synthetic_pe_chains.csv:647,syn:instance_profile-011,2024-11-24 06:01:23+00:00,0,0,0.16326508
synthetic_pe_chains.csv:648,syn:instance_profile-011,2024-11-24 06:01:33+00:00,0,0,0.16772568
synthetic_pe_chains.csv:649,syn:instance_profile-011,2024-11-24 06:01:37+00:00,0,0,0.12818776
synthetic_pe_chains.csv:650,syn:instance_profile-011,2024-11-24 06:01:52+00:00,0,0,0.17294285
synthetic_pe_chains.csv:651,syn:instance_profile-011,2024-11-24 06:02:09+00:00,1,1,0.9954657
synthetic_pe_chains.csv:652,syn:access_key_existing-000,2024-11-25 05:00:00+00:00,0,0,0.121882915
synthetic_pe_chains.csv:653,syn:access_key_existing-000,2024-11-25 05:00:10+00:00,0,0,0.12424849
synthetic_pe_chains.csv:654,syn:access_key_existing-000,2024-11-25 05:00:42+00:00,0,0,0.15451121
synthetic_pe_chains.csv:655,syn:access_key_existing-000,2024-11-25 05:01:22+00:00,1,1,0.99439764
synthetic_pe_chains.csv:656,syn:access_key_existing-000,2024-11-25 05:01:40+00:00,0,0,0.1505962
synthetic_pe_chains.csv:657,syn:access_key_existing-001,2024-11-26 07:00:00+00:00,0,0,0.14172503
synthetic_pe_chains.csv:658,syn:access_key_existing-001,2024-11-26 07:00:29+00:00,0,0,0.15921177
synthetic_pe_chains.csv:659,syn:access_key_existing-001,2024-11-26 07:00:51+00:00,0,0,0.14237687
synthetic_pe_chains.csv:660,syn:access_key_existing-001,2024-11-26 07:01:10+00:00,1,1,0.9946807
synthetic_pe_chains.csv:661,syn:access_key_existing-001,2024-11-26 07:01:20+00:00,0,0,0.13449918
synthetic_pe_chains.csv:662,syn:access_key_existing-002,2024-11-27 21:00:00+00:00,0,0,0.13207339
synthetic_pe_chains.csv:663,syn:access_key_existing-002,2024-11-27 21:00:33+00:00,0,0,0.13129057
synthetic_pe_chains.csv:664,syn:access_key_existing-002,2024-11-27 21:00:42+00:00,0,0,0.15155597
synthetic_pe_chains.csv:665,syn:access_key_existing-002,2024-11-27 21:00:55+00:00,1,1,0.9943778
synthetic_pe_chains.csv:666,syn:access_key_existing-002,2024-11-27 21:01:19+00:00,0,0,0.14172058
synthetic_pe_chains.csv:667,syn:access_key_existing-003,2024-11-28 01:00:00+00:00,0,0,0.13535781
synthetic_pe_chains.csv:668,syn:access_key_existing-003,2024-11-28 01:00:17+00:00,0,0,0.14271404
synthetic_pe_chains.csv:669,syn:access_key_existing-003,2024-11-28 01:00:45+00:00,1,1,0.9934354
synthetic_pe_chains.csv:670,syn:access_key_existing-003,2024-11-28 01:01:01+00:00,0,0,0.15123914
synthetic_pe_chains.csv:671,syn:access_key_existing-004,2024-11-29 19:00:00+00:00,0,0,0.12049747
synthetic_pe_chains.csv:672,syn:access_key_existing-004,2024-11-29 19:00:38+00:00,0,0,0.13910446
synthetic_pe_chains.csv:673,syn:access_key_existing-004,2024-11-29 19:01:16+00:00,0,0,0.14539078
synthetic_pe_chains.csv:674,syn:access_key_existing-004,2024-11-29 19:01:42+00:00,0,0,0.14087729
synthetic_pe_chains.csv:675,syn:access_key_existing-004,2024-11-29 19:02:16+00:00,1,1,0.9949261
synthetic_pe_chains.csv:676,syn:access_key_existing-004,2024-11-29 19:02:48+00:00,0,0,0.13767602
synthetic_pe_chains.csv:677,syn:access_key_existing-005,2024-11-30 04:00:00+00:00,0,0,0.12053823
synthetic_pe_chains.csv:678,syn:access_key_existing-005,2024-11-30 04:00:09+00:00,0,0,0.13946989
synthetic_pe_chains.csv:679,syn:access_key_existing-005,2024-11-30 04:00:28+00:00,0,0,0.120588616
synthetic_pe_chains.csv:680,syn:access_key_existing-005,2024-11-30 04:00:53+00:00,1,1,0.9948726
synthetic_pe_chains.csv:681,syn:access_key_existing-005,2024-11-30 04:01:05+00:00,0,0,0.13525678
synthetic_pe_chains.csv:682,syn:access_key_existing-006,2024-12-01 21:00:00+00:00,0,0,0.12504327
synthetic_pe_chains.csv:683,syn:access_key_existing-006,2024-12-01 21:00:44+00:00,0,0,0.12907489
synthetic_pe_chains.csv:684,syn:access_key_existing-006,2024-12-01 21:01:28+00:00,0,0,0.13965848
synthetic_pe_chains.csv:685,syn:access_key_existing-006,2024-12-01 21:02:01+00:00,0,0,0.15251034
synthetic_pe_chains.csv:686,syn:access_key_existing-006,2024-12-01 21:02:28+00:00,0,0,0.15771763
synthetic_pe_chains.csv:687,syn:access_key_existing-006,2024-12-01 21:03:09+00:00,1,1,0.99497104
synthetic_pe_chains.csv:688,syn:access_key_existing-006,2024-12-01 21:03:22+00:00,0,0,0.16031411
synthetic_pe_chains.csv:689,syn:access_key_existing-007,2024-12-02 16:00:00+00:00,0,0,0.13168333
synthetic_pe_chains.csv:690,syn:access_key_existing-007,2024-12-02 16:00:16+00:00,0,0,0.15748926
synthetic_pe_chains.csv:691,syn:access_key_existing-007,2024-12-02 16:00:46+00:00,0,0,0.16154274
synthetic_pe_chains.csv:692,syn:access_key_existing-007,2024-12-02 16:01:26+00:00,0,0,0.15783072
synthetic_pe_chains.csv:693,syn:access_key_existing-007,2024-12-02 16:01:42+00:00,0,0,0.18584245
synthetic_pe_chains.csv:694,syn:access_key_existing-007,2024-12-02 16:02:14+00:00,1,1,0.9952543
synthetic_pe_chains.csv:695,syn:access_key_existing-007,2024-12-02 16:02:42+00:00,0,0,0.15444566
synthetic_pe_chains.csv:696,syn:access_key_existing-008,2024-12-03 22:00:00+00:00,0,0,0.13530892
synthetic_pe_chains.csv:697,syn:access_key_existing-008,2024-12-03 22:00:21+00:00,0,0,0.12948382
synthetic_pe_chains.csv:698,syn:access_key_existing-008,2024-12-03 22:00:54+00:00,1,1,0.9936506
synthetic_pe_chains.csv:699,syn:access_key_existing-008,2024-12-03 22:01:09+00:00,0,0,0.14774689
synthetic_pe_chains.csv:700,syn:access_key_existing-009,2024-12-04 13:00:00+00:00,0,0,0.13180792
synthetic_pe_chains.csv:701,syn:access_key_existing-009,2024-12-04 13:00:42+00:00,0,0,0.12756878
synthetic_pe_chains.csv:702,syn:access_key_existing-009,2024-12-04 13:01:21+00:00,1,1,0.9933409
synthetic_pe_chains.csv:703,syn:access_key_existing-009,2024-12-04 13:01:40+00:00,0,0,0.13477437
synthetic_pe_chains.csv:704,syn:access_key_existing-010,2024-12-05 00:00:00+00:00,0,0,0.13511935
synthetic_pe_chains.csv:705,syn:access_key_existing-010,2024-12-05 00:00:17+00:00,0,0,0.13588332
synthetic_pe_chains.csv:706,syn:access_key_existing-010,2024-12-05 00:00:27+00:00,1,1,0.99368805
synthetic_pe_chains.csv:707,syn:access_key_existing-010,2024-12-05 00:00:54+00:00,0,0,0.1244613
synthetic_pe_chains.csv:708,syn:access_key_existing-011,2024-12-06 05:00:00+00:00,0,0,0.13950694
synthetic_pe_chains.csv:709,syn:access_key_existing-011,2024-12-06 05:00:12+00:00,0,0,0.14175314
synthetic_pe_chains.csv:710,syn:access_key_existing-011,2024-12-06 05:00:51+00:00,0,0,0.16085663
synthetic_pe_chains.csv:711,syn:access_key_existing-011,2024-12-06 05:01:19+00:00,1,1,0.99426264
synthetic_pe_chains.csv:712,syn:access_key_existing-011,2024-12-06 05:01:34+00:00,0,0,0.14172943
synthetic_pe_chains.csv:713,syn:bucket_policy-000,2024-12-07 06:00:00+00:00,0,0,0.13520144
synthetic_pe_chains.csv:714,syn:bucket_policy-000,2024-12-07 06:00:13+00:00,0,0,0.14085741
synthetic_pe_chains.csv:715,syn:bucket_policy-000,2024-12-07 06:00:51+00:00,0,0,0.14183567
synthetic_pe_chains.csv:716,syn:bucket_policy-000,2024-12-07 06:01:30+00:00,0,0,0.14382522
synthetic_pe_chains.csv:717,syn:bucket_policy-000,2024-12-07 06:01:46+00:00,0,0,0.14756732
synthetic_pe_chains.csv:718,syn:bucket_policy-000,2024-12-07 06:02:10+00:00,1,1,0.9952276
synthetic_pe_chains.csv:719,syn:bucket_policy-000,2024-12-07 06:02:38+00:00,0,0,0.15899767
synthetic_pe_chains.csv:720,syn:bucket_policy-001,2024-12-08 12:00:00+00:00,0,0,0.13921523
synthetic_pe_chains.csv:721,syn:bucket_policy-001,2024-12-08 12:00:24+00:00,0,0,0.1638499
synthetic_pe_chains.csv:722,syn:bucket_policy-001,2024-12-08 12:01:08+00:00,0,0,0.249418
synthetic_pe_chains.csv:723,syn:bucket_policy-001,2024-12-08 12:01:14+00:00,0,0,0.15631749
synthetic_pe_chains.csv:724,syn:bucket_policy-001,2024-12-08 12:01:29+00:00,1,1,0.9947187
synthetic_pe_chains.csv:725,syn:bucket_policy-001,2024-12-08 12:02:03+00:00,0,0,0.16469997
synthetic_pe_chains.csv:726,syn:bucket_policy-002,2024-12-09 02:00:00+00:00,0,0,0.1325719
synthetic_pe_chains.csv:727,syn:bucket_policy-002,2024-12-09 02:00:19+00:00,0,0,0.13630506
synthetic_pe_chains.csv:728,syn:bucket_policy-002,2024-12-09 02:00:44+00:00,1,1,0.9932294
synthetic_pe_chains.csv:729,syn:bucket_policy-002,2024-12-09 02:01:03+00:00,0,0,0.15802383
synthetic_pe_chains.csv:730,syn:bucket_policy-003,2024-12-10 15:00:00+00:00,0,0,0.14244024
synthetic_pe_chains.csv:731,syn:bucket_policy-003,2024-12-10 15:00:29+00:00,0,0,0.14294812
synthetic_pe_chains.csv:732,syn:bucket_policy-003,2024-12-10 15:00:51+00:00,0,0,0.13835081
synthetic_pe_chains.csv:733,syn:bucket_policy-003,2024-12-10 15:01:13+00:00,1,1,0.9943456
synthetic_pe_chains.csv:734,syn:bucket_policy-003,2024-12-10 15:01:50+00:00,0,0,0.14212649
synthetic_pe_chains.csv:735,syn:bucket_policy-004,2024-12-11 22:00:00+00:00,0,0,0.13224643
synthetic_pe_chains.csv:736,syn:bucket_policy-004,2024-12-11 22:00:04+00:00,0,0,0.13692619
synthetic_pe_chains.csv:737,syn:bucket_policy-004,2024-12-11 22:00:12+00:00,0,0,0.13869725
synthetic_pe_chains.csv:738,syn:bucket_policy-004,2024-12-11 22:00:23+00:00,1,1,0.9930648
synthetic_pe_chains.csv:739,syn:bucket_policy-004,2024-12-11 22:00:42+00:00,0,0,0.14382014
synthetic_pe_chains.csv:740,syn:bucket_policy-005,2024-12-12 07:00:00+00:00,0,0,0.13651568
synthetic_pe_chains.csv:741,syn:bucket_policy-005,2024-12-12 07:00:25+00:00,0,0,0.12491225
synthetic_pe_chains.csv:742,syn:bucket_policy-005,2024-12-12 07:00:43+00:00,1,1,0.99319035
synthetic_pe_chains.csv:743,syn:bucket_policy-005,2024-12-12 07:01:26+00:00,0,0,0.13371287
synthetic_pe_chains.csv:744,syn:bucket_policy-006,2024-12-13 17:00:00+00:00,0,0,0.13544539
synthetic_pe_chains.csv:745,syn:bucket_policy-006,2024-12-13 17:00:14+00:00,0,0,0.13688502
synthetic_pe_chains.csv:746,syn:bucket_policy-006,2024-12-13 17:00:39+00:00,0,0,0.13884978
synthetic_pe_chains.csv:747,syn:bucket_policy-006,2024-12-13 17:00:56+00:00,1,1,0.9943586
synthetic_pe_chains.csv:748,syn:bucket_policy-006,2024-12-13 17:01:15+00:00,0,0,0.11801785
synthetic_pe_chains.csv:749,syn:bucket_policy-007,2024-12-14 21:00:00+00:00,0,0,0.13045946
synthetic_pe_chains.csv:750,syn:bucket_policy-007,2024-12-14 21:00:44+00:00,0,0,0.1275844
synthetic_pe_chains.csv:751,syn:bucket_policy-007,2024-12-14 21:01:07+00:00,1,1,0.9932574
synthetic_pe_chains.csv:752,syn:bucket_policy-007,2024-12-14 21:01:23+00:00,0,0,0.15116784
synthetic_pe_chains.csv:753,syn:bucket_policy-008,2024-12-15 04:00:00+00:00,0,0,0.12616941
synthetic_pe_chains.csv:754,syn:bucket_policy-008,2024-12-15 04:00:14+00:00,0,0,0.13312416
synthetic_pe_chains.csv:755,syn:bucket_policy-008,2024-12-15 04:00:56+00:00,1,1,0.9925931
synthetic_pe_chains.csv:756,syn:bucket_policy-008,2024-12-15 04:01:21+00:00,0,0,0.14401767
synthetic_pe_chains.csv:757,syn:bucket_policy-009,2024-12-16 21:00:00+00:00,0,0,0.12266121
synthetic_pe_chains.csv:758,syn:bucket_policy-009,2024-12-16 21:00:08+00:00,0,0,0.12496296
synthetic_pe_chains.csv:759,syn:bucket_policy-009,2024-12-16 21:00:27+00:00,0,0,0.1357577
synthetic_pe_chains.csv:760,syn:bucket_policy-009,2024-12-16 21:01:11+00:00,0,0,0.14530385
synthetic_pe_chains.csv:761,syn:bucket_policy-009,2024-12-16 21:01:29+00:00,1,1,0.99473226
synthetic_pe_chains.csv:762,syn:bucket_policy-009,2024-12-16 21:01:59+00:00,0,0,0.15560801
synthetic_pe_chains.csv:763,syn:bucket_policy-010,2024-12-17 18:00:00+00:00,0,0,0.13265379
synthetic_pe_chains.csv:764,syn:bucket_policy-010,2024-12-17 18:00:20+00:00,0,0,0.13792075
synthetic_pe_chains.csv:765,syn:bucket_policy-010,2024-12-17 18:00:47+00:00,0,0,0.13834962
synthetic_pe_chains.csv:766,syn:bucket_policy-010,2024-12-17 18:01:05+00:00,1,1,0.99408793
synthetic_pe_chains.csv:767,syn:bucket_policy-010,2024-12-17 18:01:26+00:00,0,0,0.15159719
synthetic_pe_chains.csv:768,syn:bucket_policy-011,2024-12-18 21:00:00+00:00,0,0,0.13223991
synthetic_pe_chains.csv:769,syn:bucket_policy-011,2024-12-18 21:00:11+00:00,0,0,0.13906474
synthetic_pe_chains.csv:770,syn:bucket_policy-011,2024-12-18 21:00:42+00:00,0,0,0.12898168
synthetic_pe_chains.csv:771,syn:bucket_policy-011,2024-12-18 21:00:57+00:00,0,0,0.15107632
synthetic_pe_chains.csv:772,syn:bucket_policy-011,2024-12-18 21:01:17+00:00,1,1,0.99460274
synthetic_pe_chains.csv:773,syn:bucket_policy-011,2024-12-18 21:01:37+00:00,0,0,0.15466481
synthetic_pe_chains.csv:774,syn:update_trust-000,2024-12-19 14:00:00+00:00,0,0,0.13556337
synthetic_pe_chains.csv:775,syn:update_trust-000,2024-12-19 14:00:21+00:00,0,0,0.14934431
synthetic_pe_chains.csv:776,syn:update_trust-000,2024-12-19 14:00:32+00:00,1,1,0.9925769
synthetic_pe_chains.csv:777,syn:update_trust-000,2024-12-19 14:00:56+00:00,1,1,0.9892769
synthetic_pe_chains.csv:778,syn:update_trust-000,2024-12-19 14:01:37+00:00,0,0,0.13415264
synthetic_pe_chains.csv:779,syn:update_trust-001,2024-12-20 14:00:00+00:00,0,0,0.13232335
synthetic_pe_chains.csv:780,syn:update_trust-001,2024-12-20 14:00:05+00:00,0,0,0.14872976
synthetic_pe_chains.csv:781,syn:update_trust-001,2024-12-20 14:00:46+00:00,1,1,0.99157363
synthetic_pe_chains.csv:782,syn:update_trust-001,2024-12-20 14:00:50+00:00,1,1,0.9909005
synthetic_pe_chains.csv:783,syn:update_trust-001,2024-12-20 14:01:34+00:00,0,0,0.13664633
synthetic_pe_chains.csv:784,syn:update_trust-002,2024-12-21 02:00:00+00:00,0,0,0.124909945
synthetic_pe_chains.csv:785,syn:update_trust-002,2024-12-21 02:00:20+00:00,0,0,0.13933416
synthetic_pe_chains.csv:786,syn:update_trust-002,2024-12-21 02:00:58+00:00,0,0,0.14130534
synthetic_pe_chains.csv:787,syn:update_trust-002,2024-12-21 02:01:17+00:00,0,0,0.14687149
synthetic_pe_chains.csv:788,syn:update_trust-002,2024-12-21 02:01:49+00:00,0,0,0.1401409
synthetic_pe_chains.csv:789,syn:update_trust-002,2024-12-21 02:01:58+00:00,1,1,0.9942028
synthetic_pe_chains.csv:790,syn:update_trust-002,2024-12-21 02:02:16+00:00,1,1,0.9930072
synthetic_pe_chains.csv:791,syn:update_trust-002,2024-12-21 02:02:43+00:00,0,0,0.13926946
synthetic_pe_chains.csv:792,syn:update_trust-003,2024-12-22 09:00:00+00:00,0,0,0.12999536
synthetic_pe_chains.csv:793,syn:update_trust-003,2024-12-22 09:00:38+00:00,0,0,0.14182635
synthetic_pe_chains.csv:794,syn:update_trust-003,2024-12-22 09:00:54+00:00,0,0,0.14177234
synthetic_pe_chains.csv:795,syn:update_trust-003,2024-12-22 09:01:27+00:00,0,0,0.14441273
synthetic_pe_chains.csv:796,syn:update_trust-003,2024-12-22 09:02:04+00:00,0,0,0.13265358
synthetic_pe_chains.csv:797,syn:update_trust-003,2024-12-22 09:02:21+00:00,1,1,0.99428165
synthetic_pe_chains.csv:798,syn:update_trust-003,2024-12-22 09:03:04+00:00,1,1,0.9933842
synthetic_pe_chains.csv:799,syn:update_trust-003,2024-12-22 09:03:41+00:00,0,0,0.12773296
synthetic_pe_chains.csv:800,syn:update_trust-004,2024-12-23 16:00:00+00:00,0,0,0.12682296
synthetic_pe_chains.csv:801,syn:update_trust-004,2024-12-23 16:00:07+00:00,0,0,0.13632892
synthetic_pe_chains.csv:802,syn:update_trust-004,2024-12-23 16:00:36+00:00,0,0,0.16352469
synthetic_pe_chains.csv:803,syn:update_trust-004,2024-12-23 16:00:56+00:00,0,0,0.1314929
synthetic_pe_chains.csv:804,syn:update_trust-004,2024-12-23 16:01:00+00:00,1,1,0.993903
synthetic_pe_chains.csv:805,syn:update_trust-004,2024-12-23 16:01:28+00:00,1,1,0.99269545
synthetic_pe_chains.csv:806,syn:update_trust-004,2024-12-23 16:02:02+00:00,0,0,0.11861663
synthetic_pe_chains.csv:807,syn:update_trust-005,2024-12-24 19:00:00+00:00,0,0,0.123099566
synthetic_pe_chains.csv:808,syn:update_trust-005,2024-12-24 19:00:08+00:00,0,0,0.15830688
synthetic_pe_chains.csv:809,syn:update_trust-005,2024-12-24 19:00:43+00:00,1,1,0.9913896
synthetic_pe_chains.csv:810,syn:update_trust-005,2024-12-24 19:01:14+00:00,1,1,0.98999166
synthetic_pe_chains.csv:811,syn:update_trust-005,2024-12-24 19:01:44+00:00,0,0,0.15158898
synthetic_pe_chains.csv:812,syn:update_trust-006,2024-12-25 06:00:00+00:00,0,0,0.1304759
synthetic_pe_chains.csv:813,syn:update_trust-006,2024-12-25 06:00:43+00:00,0,0,0.13466668
synthetic_pe_chains.csv:814,syn:update_trust-006,2024-12-25 06:01:01+00:00,0,0,0.13287812
synthetic_pe_chains.csv:815,syn:update_trust-006,2024-12-25 06:01:39+00:00,0,0,0.15162644
synthetic_pe_chains.csv:816,syn:update_trust-006,2024-12-25 06:02:13+00:00,1,1,0.99395084
synthetic_pe_chains.csv:817,syn:update_trust-006,2024-12-25 06:02:34+00:00,1,1,0.99141157
synthetic_pe_chains.csv:818,syn:update_trust-006,2024-12-25 06:03:06+00:00,0,0,0.13363963
synthetic_pe_chains.csv:819,syn:update_trust-007,2024-12-26 10:00:00+00:00,0,0,0.1269593
synthetic_pe_chains.csv:820,syn:update_trust-007,2024-12-26 10:00:15+00:00,0,0,0.14364487
synthetic_pe_chains.csv:821,syn:update_trust-007,2024-12-26 10:00:50+00:00,1,1,0.9910443
synthetic_pe_chains.csv:822,syn:update_trust-007,2024-12-26 10:01:18+00:00,0,0,0.1444104
synthetic_pe_chains.csv:823,syn:update_trust-007,2024-12-26 10:01:45+00:00,1,1,0.99154025
synthetic_pe_chains.csv:824,syn:update_trust-007,2024-12-26 10:02:16+00:00,0,0,0.13820758
synthetic_pe_chains.csv:825,syn:update_trust-008,2024-12-27 14:00:00+00:00,0,0,0.13163804
synthetic_pe_chains.csv:826,syn:update_trust-008,2024-12-27 14:00:31+00:00,0,0,0.12268337
synthetic_pe_chains.csv:827,syn:update_trust-008,2024-12-27 14:00:46+00:00,0,0,0.15043312
synthetic_pe_chains.csv:828,syn:update_trust-008,2024-12-27 14:01:22+00:00,0,0,0.14114149
synthetic_pe_chains.csv:829,syn:update_trust-008,2024-12-27 14:01:35+00:00,1,1,0.9939539
synthetic_pe_chains.csv:830,syn:update_trust-008,2024-12-27 14:01:49+00:00,0,0,0.13806039
synthetic_pe_chains.csv:831,syn:update_trust-008,2024-12-27 14:02:31+00:00,1,1,0.9925137
synthetic_pe_chains.csv:832,syn:update_trust-008,2024-12-27 14:02:39+00:00,0,0,0.13406937
synthetic_pe_chains.csv:833,syn:update_trust-009,2024-12-28 13:00:00+00:00,0,0,0.12855966
synthetic_pe_chains.csv:834,syn:update_trust-009,2024-12-28 13:00:22+00:00,0,0,0.15455614
synthetic_pe_chains.csv:835,syn:update_trust-009,2024-12-28 13:00:59+00:00,1,1,0.99142843
synthetic_pe_chains.csv:836,syn:update_trust-009,2024-12-28 13:01:17+00:00,1,1,0.9892351
synthetic_pe_chains.csv:837,syn:update_trust-009,2024-12-28 13:01:48+00:00,0,0,0.13080503
synthetic_pe_chains.csv:838,syn:update_trust-010,2024-12-29 22:00:00+00:00,0,0,0.13516758
synthetic_pe_chains.csv:839,syn:update_trust-010,2024-12-29 22:00:39+00:00,0,0,0.13791178
synthetic_pe_chains.csv:840,syn:update_trust-010,2024-12-29 22:00:45+00:00,1,1,0.9913489
synthetic_pe_chains.csv:841,syn:update_trust-010,2024-12-29 22:01:12+00:00,1,1,0.99016446
synthetic_pe_chains.csv:842,syn:update_trust-010,2024-12-29 22:01:19+00:00,0,0,0.1404756
synthetic_pe_chains.csv:843,syn:update_trust-011,2024-12-30 09:00:00+00:00,0,0,0.12509526
synthetic_pe_chains.csv:844,syn:update_trust-011,2024-12-30 09:00:30+00:00,0,0,0.1219236
synthetic_pe_chains.csv:845,syn:update_trust-011,2024-12-30 09:00:39+00:00,0,0,0.15701677
synthetic_pe_chains.csv:846,syn:update_trust-011,2024-12-30 09:00:57+00:00,0,0,0.15005428
synthetic_pe_chains.csv:847,syn:update_trust-011,2024-12-30 09:01:29+00:00,1,1,0.99334115
synthetic_pe_chains.csv:848,syn:update_trust-011,2024-12-30 09:01:52+00:00,1,1,0.99289215
synthetic_pe_chains.csv:849,syn:update_trust-011,2024-12-30 09:02:07+00:00,0,0,0.15443964
synthetic_pe_chains.csv:850,syn:recon_then_role-000,2024-12-31 15:00:00+00:00,0,0,0.13914791
synthetic_pe_chains.csv:851,syn:recon_then_role-000,2024-12-31 15:00:05+00:00,0,0,0.14549316
synthetic_pe_chains.csv:852,syn:recon_then_role-000,2024-12-31 15:00:24+00:00,0,0,0.12990324
synthetic_pe_chains.csv:853,syn:recon_then_role-000,2024-12-31 15:01:07+00:00,0,0,0.15978557
synthetic_pe_chains.csv:854,syn:recon_then_role-000,2024-12-31 15:01:28+00:00,0,0,0.13466072
synthetic_pe_chains.csv:855,syn:recon_then_role-000,2024-12-31 15:01:56+00:00,0,0,0.12544137
synthetic_pe_chains.csv:856,syn:recon_then_role-000,2024-12-31 15:02:00+00:00,0,0,0.15327184
synthetic_pe_chains.csv:857,syn:recon_then_role-000,2024-12-31 15:02:06+00:00,0,0,0.16320032
synthetic_pe_chains.csv:858,syn:recon_then_role-000,2024-12-31 15:02:14+00:00,0,0,0.15046747
synthetic_pe_chains.csv:859,syn:recon_then_role-000,2024-12-31 15:02:26+00:00,1,1,0.99573344
synthetic_pe_chains.csv:860,syn:recon_then_role-000,2024-12-31 15:02:45+00:00,1,1,0.9962578
synthetic_pe_chains.csv:861,syn:recon_then_role-000,2024-12-31 15:03:12+00:00,1,1,0.99644333
synthetic_pe_chains.csv:862,syn:recon_then_role-000,2024-12-31 15:03:55+00:00,1,1,0.99501544
synthetic_pe_chains.csv:863,syn:recon_then_role-000,2024-12-31 15:04:38+00:00,1,1,0.9972504
synthetic_pe_chains.csv:864,syn:recon_then_role-000,2024-12-31 15:05:08+00:00,0,0,0.1423937
synthetic_pe_chains.csv:865,syn:recon_then_role-000,2024-12-31 15:05:34+00:00,0,0,0.13957363
synthetic_pe_chains.csv:866,syn:recon_then_role-000,2024-12-31 15:06:07+00:00,1,1,0.9960238
synthetic_pe_chains.csv:867,syn:recon_then_role-001,2025-01-01 04:00:00+00:00,0,0,0.13632865
synthetic_pe_chains.csv:868,syn:recon_then_role-001,2025-01-01 04:00:18+00:00,0,0,0.15737197
synthetic_pe_chains.csv:869,syn:recon_then_role-001,2025-01-01 04:00:45+00:00,0,0,0.14965536
synthetic_pe_chains.csv:870,syn:recon_then_role-001,2025-01-01 04:00:55+00:00,0,0,0.13856998
synthetic_pe_chains.csv:871,syn:recon_then_role-001,2025-01-01 04:01:04+00:00,0,0,0.13853125
synthetic_pe_chains.csv:872,syn:recon_then_role-001,2025-01-01 04:01:09+00:00,0,0,0.13973555
synthetic_pe_chains.csv:873,syn:recon_then_role-001,2025-01-01 04:01:17+00:00,0,0,0.15499212
synthetic_pe_chains.csv:874,syn:recon_then_role-001,2025-01-01 04:01:29+00:00,0,0,0.15493988
synthetic_pe_chains.csv:875,syn:recon_then_role-001,2025-01-01 04:01:36+00:00,0,0,0.16970627
synthetic_pe_chains.csv:876,syn:recon_then_role-001,2025-01-01 04:02:07+00:00,1,1,0.995904
synthetic_pe_chains.csv:877,syn:recon_then_role-001,2025-01-01 04:02:42+00:00,1,1,0.99636984
synthetic_pe_chains.csv:878,syn:recon_then_role-001,2025-01-01 04:02:52+00:00,1,1,0.9964529
synthetic_pe_chains.csv:879,syn:recon_then_role-001,2025-01-01 04:03:29+00:00,1,1,0.99498343
synthetic_pe_chains.csv:880,syn:recon_then_role-001,2025-01-01 04:04:09+00:00,1,1,0.99694544
synthetic_pe_chains.csv:881,syn:recon_then_role-001,2025-01-01 04:04:43+00:00,0,0,0.14952213
synthetic_pe_chains.csv:882,syn:recon_then_role-001,2025-01-01 04:04:55+00:00,1,1,0.9956299
synthetic_pe_chains.csv:883,syn:recon_then_role-002,2025-01-02 18:00:00+00:00,0,0,0.13261335
synthetic_pe_chains.csv:884,syn:recon_then_role-002,2025-01-02 18:00:43+00:00,0,0,0.14718154
synthetic_pe_chains.csv:885,syn:recon_then_role-002,2025-01-02 18:00:53+00:00,0,0,0.1651694
synthetic_pe_chains.csv:886,syn:recon_then_role-002,2025-01-02 18:01:31+00:00,0,0,0.15370107
synthetic_pe_chains.csv:887,syn:recon_then_role-002,2025-01-02 18:01:37+00:00,0,0,0.1273502
synthetic_pe_chains.csv:888,syn:recon_then_role-002,2025-01-02 18:02:17+00:00,0,0,0.14283143
synthetic_pe_chains.csv:889,syn:recon_then_role-002,2025-01-02 18:02:51+00:00,0,0,0.14284949
synthetic_pe_chains.csv:890,syn:recon_then_role-002,2025-01-02 18:02:59+00:00,0,0,0.14498223
synthetic_pe_chains.csv:891,syn:recon_then_role-002,2025-01-02 18:03:15+00:00,1,1,0.99501026
synthetic_pe_chains.csv:892,syn:recon_then_role-002,2025-01-02 18:03:19+00:00,1,1,0.99646276
synthetic_pe_chains.csv:893,syn:recon_then_role-002,2025-01-02 18:03:39+00:00,1,1,0.99640685
synthetic_pe_chains.csv:894,syn:recon_then_role-002,2025-01-02 18:04:16+00:00,0,0,0.14185265
synthetic_pe_chains.csv:895,syn:recon_then_role-002,2025-01-02 18:04:57+00:00,1,1,0.99490947
synthetic_pe_chains.csv:896,syn:recon_then_role-002,2025-01-02 18:05:08+00:00,1,1,0.997632
synthetic_pe_chains.csv:897,syn:recon_then_role-002,2025-01-02 18:05:16+00:00,0,0,0.14649731
synthetic_pe_chains.csv:898,syn:recon_then_role-002,2025-01-02 18:05:28+00:00,1,1,0.99571013
synthetic_pe_chains.csv:899,syn:recon_then_role-003,2025-01-03 13:00:00+00:00,0,0,0.13857162
synthetic_pe_chains.csv:900,syn:recon_then_role-003,2025-01-03 13:00:16+00:00,0,0,0.15654428
synthetic_pe_chains.csv:901,syn:recon_then_role-003,2025-01-03 13:00:55+00:00,0,0,0.14000127
synthetic_pe_chains.csv:902,syn:recon_then_role-003,2025-01-03 13:01:12+00:00,0,0,0.1536197
synthetic_pe_chains.csv:903,syn:recon_then_role-003,2025-01-03 13:01:27+00:00,0,0,0.13511327
synthetic_pe_chains.csv:904,syn:recon_then_role-003,2025-01-03 13:01:42+00:00,0,0,0.14345855
synthetic_pe_chains.csv:905,syn:recon_then_role-003,2025-01-03 13:02:24+00:00,0,0,0.14453147
synthetic_pe_chains.csv:906,syn:recon_then_role-003,2025-01-03 13:02:29+00:00,0,0,0.1458572
synthetic_pe_chains.csv:907,syn:recon_then_role-003,2025-01-03 13:02:42+00:00,1,1,0.99531835
synthetic_pe_chains.csv:908,syn:recon_then_role-003,2025-01-03 13:03:20+00:00,1,1,0.996358
synthetic_pe_chains.csv:909,syn:recon_then_role-003,2025-01-03 13:03:27+00:00,0,0,0.14371672
synthetic_pe_chains.csv:910,syn:recon_then_role-003,2025-01-03 13:03:52+00:00,1,1,0.99694115
synthetic_pe_chains.csv:911,syn:recon_then_role-003,2025-01-03 13:04:06+00:00,1,1,0.99501246
synthetic_pe_chains.csv:912,syn:recon_then_role-003,2025-01-03 13:04:41+00:00,0,0,0.13413334
synthetic_pe_chains.csv:913,syn:recon_then_role-003,2025-01-03 13:05:16+00:00,1,1,0.99705696
synthetic_pe_chains.csv:914,syn:recon_then_role-003,2025-01-03 13:06:00+00:00,0,0,0.14203535
synthetic_pe_chains.csv:915,syn:recon_then_role-003,2025-01-03 13:06:24+00:00,1,1,0.99585235
synthetic_pe_chains.csv:916,syn:recon_then_role-004,2025-01-04 13:00:00+00:00,0,0,0.13741307
synthetic_pe_chains.csv:917,syn:recon_then_role-004,2025-01-04 13:00:26+00:00,0,0,0.15244164
synthetic_pe_chains.csv:918,syn:recon_then_role-004,2025-01-04 13:00:38+00:00,0,0,0.1439953
synthetic_pe_chains.csv:919,syn:recon_then_role-004,2025-01-04 13:01:18+00:00,0,0,0.14209563
synthetic_pe_chains.csv:920,syn:recon_then_role-004,2025-01-04 13:01:53+00:00,0,0,0.13439089
synthetic_pe_chains.csv:921,syn:recon_then_role-004,2025-01-04 13:02:37+00:00,0,0,0.13707547
synthetic_pe_chains.csv:922,syn:recon_then_role-004,2025-01-04 13:02:55+00:00,0,0,0.15474351
synthetic_pe_chains.csv:923,syn:recon_then_role-004,2025-01-04 13:03:32+00:00,1,1,0.9948435
synthetic_pe_chains.csv:924,syn:recon_then_role-004,2025-01-04 13:03:42+00:00,1,1,0.9961959
synthetic_pe_chains.csv:925,syn:recon_then_role-004,2025-01-04 13:03:50+00:00,1,1,0.996381
synthetic_pe_chains.csv:926,syn:recon_then_role-004,2025-01-04 13:04:30+00:00,1,1,0.9948435
synthetic_pe_chains.csv:927,syn:recon_then_role-004,2025-01-04 13:04:36+00:00,1,1,0.9968035
synthetic_pe_chains.csv:928,syn:recon_then_role-004,2025-01-04 13:04:52+00:00,0,0,0.13460469
synthetic_pe_chains.csv:929,syn:recon_then_role-004,2025-01-04 13:05:17+00:00,1,1,0.9947701
synthetic_pe_chains.csv:930,syn:recon_then_role-005,2025-01-05 21:00:00+00:00,0,0,0.13808137
synthetic_pe_chains.csv:931,syn:recon_then_role-005,2025-01-05 21:00:39+00:00,0,0,0.13951313
synthetic_pe_chains.csv:932,syn:recon_then_role-005,2025-01-05 21:01:08+00:00,0,0,0.16203886
synthetic_pe_chains.csv:933,syn:recon_then_role-005,2025-01-05 21:01:46+00:00,0,0,0.14153612
synthetic_pe_chains.csv:934,syn:recon_then_role-005,2025-01-05 21:01:53+00:00,0,0,0.12702213
synthetic_pe_chains.csv:935,syn:recon_then_role-005,2025-01-05 21:02:09+00:00,0,0,0.14033766
synthetic_pe_chains.csv:936,syn:recon_then_role-005,2025-01-05 21:02:19+00:00,0,0,0.1478284
synthetic_pe_chains.csv:937,syn:recon_then_role-005,2025-01-05 21:02:58+00:00,0,0,0.14352152
synthetic_pe_chains.csv:938,syn:recon_then_role-005,2025-01-05 21:03:08+00:00,1,1,0.99504787
synthetic_pe_chains.csv:939,syn:recon_then_role-005,2025-01-05 21:03:12+00:00,1,1,0.99646276
synthetic_pe_chains.csv:940,syn:recon_then_role-005,2025-01-05 21:03:54+00:00,1,1,0.99629176
synthetic_pe_chains.csv:941,syn:recon_then_role-005,2025-01-05 21:04:15+00:00,1,1,0.9951226
synthetic_pe_chains.csv:942,syn:recon_then_role-005,2025-01-05 21:04:41+00:00,1,1,0.9966987
synthetic_pe_chains.csv:943,syn:recon_then_role-005,2025-01-05 21:04:53+00:00,0,0,0.13495289
synthetic_pe_chains.csv:944,syn:recon_then_role-005,2025-01-05 21:05:36+00:00,1,1,0.9954442
synthetic_pe_chains.csv:945,syn:recon_then_role-006,2025-01-06 09:00:00+00:00,0,0,0.1476615
synthetic_pe_chains.csv:946,syn:recon_then_role-006,2025-01-06 09:00:42+00:00,0,0,0.15164968
synthetic_pe_chains.csv:947,syn:recon_then_role-006,2025-01-06 09:01:08+00:00,0,0,0.15076755
synthetic_pe_chains.csv:948,syn:recon_then_role-006,2025-01-06 09:01:30+00:00,0,0,0.13740121
synthetic_pe_chains.csv:949,syn:recon_then_role-006,2025-01-06 09:01:59+00:00,0,0,0.14033334
synthetic_pe_chains.csv:950,syn:recon_then_role-006,2025-01-06 09:02:14+00:00,0,0,0.15120637
synthetic_pe_chains.csv:951,syn:recon_then_role-006,2025-01-06 09:02:47+00:00,0,0,0.15422903
synthetic_pe_chains.csv:952,syn:recon_then_role-006,2025-01-06 09:03:02+00:00,1,1,0.99455845
synthetic_pe_chains.csv:953,syn:recon_then_role-006,2025-01-06 09:03:44+00:00,0,0,0.13253835
synthetic_pe_chains.csv:954,syn:recon_then_role-006,2025-01-06 09:04:26+00:00,0,0,0.13798133
synthetic_pe_chains.csv:955,syn:recon_then_role-006,2025-01-06 09:04:34+00:00,1,1,0.99668866
synthetic_pe_chains.csv:956,syn:recon_then_role-006,2025-01-06 09:04:50+00:00,0,0,0.17838591
synthetic_pe_chains.csv:957,syn:recon_then_role-006,2025-01-06 09:04:54+00:00,1,1,0.9971246
synthetic_pe_chains.csv:958,syn:recon_then_role-006,2025-01-06 09:05:14+00:00,1,1,0.9954366
synthetic_pe_chains.csv:959,syn:recon_then_role-006,2025-01-06 09:05:19+00:00,1,1,0.99708754
synthetic_pe_chains.csv:960,syn:recon_then_role-006,2025-01-06 09:05:42+00:00,0,0,0.15335545
synthetic_pe_chains.csv:961,syn:recon_then_role-006,2025-01-06 09:06:02+00:00,1,1,0.9961248
synthetic_pe_chains.csv:962,syn:recon_then_role-007,2025-01-07 15:00:00+00:00,0,0,0.14431962
synthetic_pe_chains.csv:963,syn:recon_then_role-007,2025-01-07 15:00:36+00:00,0,0,0.14085545
synthetic_pe_chains.csv:964,syn:recon_then_role-007,2025-01-07 15:01:13+00:00,0,0,0.14241804
synthetic_pe_chains.csv:965,syn:recon_then_role-007,2025-01-07 15:01:28+00:00,0,0,0.16054545
synthetic_pe_chains.csv:966,syn:recon_then_role-007,2025-01-07 15:01:38+00:00,0,0,0.14268276
synthetic_pe_chains.csv:967,syn:recon_then_role-007,2025-01-07 15:01:51+00:00,0,0,0.12976485
synthetic_pe_chains.csv:968,syn:recon_then_role-007,2025-01-07 15:02:12+00:00,0,0,0.15677653
synthetic_pe_chains.csv:969,syn:recon_then_role-007,2025-01-07 15:02:18+00:00,0,0,0.1680703
synthetic_pe_chains.csv:970,syn:recon_then_role-007,2025-01-07 15:02:33+00:00,1,1,0.99560297
synthetic_pe_chains.csv:971,syn:recon_then_role-007,2025-01-07 15:03:10+00:00,1,1,0.9962329
synthetic_pe_chains.csv:972,syn:recon_then_role-007,2025-01-07 15:03:46+00:00,0,0,0.17534421
synthetic_pe_chains.csv:973,syn:recon_then_role-007,2025-01-07 15:04:03+00:00,1,1,0.99621636
synthetic_pe_chains.csv:974,syn:recon_then_role-007,2025-01-07 15:04:29+00:00,0,0,0.14785035
synthetic_pe_chains.csv:975,syn:recon_then_role-007,2025-01-07 15:04:36+00:00,1,1,0.99486613
synthetic_pe_chains.csv:976,syn:recon_then_role-007,2025-01-07 15:05:06+00:00,1,1,0.9972589
synthetic_pe_chains.csv:977,syn:recon_then_role-007,2025-01-07 15:05:29+00:00,0,0,0.14671491
synthetic_pe_chains.csv:978,syn:recon_then_role-007,2025-01-07 15:05:33+00:00,1,1,0.9955836
synthetic_pe_chains.csv:979,syn:recon_then_role-008,2025-01-08 01:00:00+00:00,0,0,0.14371467
synthetic_pe_chains.csv:980,syn:recon_then_role-008,2025-01-08 01:00:11+00:00,0,0,0.1523858
synthetic_pe_chains.csv:981,syn:recon_then_role-008,2025-01-08 01:00:22+00:00,0,0,0.16370703
synthetic_pe_chains.csv:982,syn:recon_then_role-008,2025-01-08 01:00:59+00:00,0,0,0.1338247
synthetic_pe_chains.csv:983,syn:recon_then_role-008,2025-01-08 01:01:06+00:00,0,0,0.14495505
synthetic_pe_chains.csv:984,syn:recon_then_role-008,2025-01-08 01:01:26+00:00,0,0,0.13466825
synthetic_pe_chains.csv:985,syn:recon_then_role-008,2025-01-08 01:01:39+00:00,0,0,0.14866485
synthetic_pe_chains.csv:986,syn:recon_then_role-008,2025-01-08 01:01:55+00:00,0,0,0.15599121
synthetic_pe_chains.csv:987,syn:recon_then_role-008,2025-01-08 01:02:27+00:00,1,1,0.99561983
synthetic_pe_chains.csv:988,syn:recon_then_role-008,2025-01-08 01:02:32+00:00,1,1,0.99638474
synthetic_pe_chains.csv:989,syn:recon_then_role-008,2025-01-08 01:03:02+00:00,1,1,0.9952537
synthetic_pe_chains.csv:990,syn:recon_then_role-008,2025-01-08 01:03:13+00:00,1,1,0.9954253
synthetic_pe_chains.csv:991,syn:recon_then_role-008,2025-01-08 01:03:25+00:00,1,1,0.9973259
synthetic_pe_chains.csv:992,syn:recon_then_role-008,2025-01-08 01:03:35+00:00,0,0,0.15571608
synthetic_pe_chains.csv:993,syn:recon_then_role-008,2025-01-08 01:04:08+00:00,1,1,0.9950582
synthetic_pe_chains.csv:994,syn:recon_then_role-009,2025-01-09 09:00:00+00:00,0,0,0.14094351
synthetic_pe_chains.csv:995,syn:recon_then_role-009,2025-01-09 09:00:33+00:00,0,0,0.13747759
synthetic_pe_chains.csv:996,syn:recon_then_role-009,2025-01-09 09:00:54+00:00,0,0,0.15260252
synthetic_pe_chains.csv:997,syn:recon_then_role-009,2025-01-09 09:01:29+00:00,0,0,0.13106072
synthetic_pe_chains.csv:998,syn:recon_then_role-009,2025-01-09 09:01:34+00:00,0,0,0.13029175
synthetic_pe_chains.csv:999,syn:recon_then_role-009,2025-01-09 09:01:44+00:00,0,0,0.15785466
synthetic_pe_chains.csv:1000,syn:recon_then_role-009,2025-01-09 09:01:52+00:00,0,0,0.14739443
synthetic_pe_chains.csv:1001,syn:recon_then_role-009,2025-01-09 09:01:57+00:00,1,1,0.9952396
synthetic_pe_chains.csv:1002,syn:recon_then_role-009,2025-01-09 09:02:37+00:00,1,1,0.9956092
synthetic_pe_chains.csv:1003,syn:recon_then_role-009,2025-01-09 09:02:41+00:00,1,1,0.9953353
synthetic_pe_chains.csv:1004,syn:recon_then_role-009,2025-01-09 09:03:22+00:00,1,1,0.9937
synthetic_pe_chains.csv:1005,syn:recon_then_role-009,2025-01-09 09:04:00+00:00,1,1,0.996479
synthetic_pe_chains.csv:1006,syn:recon_then_role-009,2025-01-09 09:04:36+00:00,0,0,0.14300628
synthetic_pe_chains.csv:1007,syn:recon_then_role-009,2025-01-09 09:05:01+00:00,1,1,0.99442023
synthetic_pe_chains.csv:1008,syn:recon_then_role-010,2025-01-10 17:00:00+00:00,0,0,0.14121084
synthetic_pe_chains.csv:1009,syn:recon_then_role-010,2025-01-10 17:00:42+00:00,0,0,0.12831414
synthetic_pe_chains.csv:1010,syn:recon_then_role-010,2025-01-10 17:00:59+00:00,0,0,0.15942916
synthetic_pe_chains.csv:1011,syn:recon_then_role-010,2025-01-10 17:01:10+00:00,0,0,0.14999363
synthetic_pe_chains.csv:1012,syn:recon_then_role-010,2025-01-10 17:01:16+00:00,0,0,0.13527656
synthetic_pe_chains.csv:1013,syn:recon_then_role-010,2025-01-10 17:01:50+00:00,0,0,0.13313098
synthetic_pe_chains.csv:1014,syn:recon_then_role-010,2025-01-10 17:02:04+00:00,0,0,0.14483097
synthetic_pe_chains.csv:1015,syn:recon_then_role-010,2025-01-10 17:02:39+00:00,1,1,0.99530643
synthetic_pe_chains.csv:1016,syn:recon_then_role-010,2025-01-10 17:03:11+00:00,0,0,0.14300552
synthetic_pe_chains.csv:1017,syn:recon_then_role-010,2025-01-10 17:03:18+00:00,1,1,0.9960128
synthetic_pe_chains.csv:1018,syn:recon_then_role-010,2025-01-10 17:03:55+00:00,1,1,0.9964059
synthetic_pe_chains.csv:1019,syn:recon_then_role-010,2025-01-10 17:04:30+00:00,0,0,0.13973074
synthetic_pe_chains.csv:1020,syn:recon_then_role-010,2025-01-10 17:05:10+00:00,1,1,0.99482626
synthetic_pe_chains.csv:1021,syn:recon_then_role-010,2025-01-10 17:05:32+00:00,1,1,0.99786323
synthetic_pe_chains.csv:1022,syn:recon_then_role-010,2025-01-10 17:05:51+00:00,0,0,0.13394435
synthetic_pe_chains.csv:1023,syn:recon_then_role-010,2025-01-10 17:06:14+00:00,0,0,0.12667996
synthetic_pe_chains.csv:1024,syn:recon_then_role-010,2025-01-10 17:06:40+00:00,1,1,0.9961253
synthetic_pe_chains.csv:1025,syn:recon_then_role-011,2025-01-11 22:00:00+00:00,0,0,0.1448231
synthetic_pe_chains.csv:1026,syn:recon_then_role-011,2025-01-11 22:00:37+00:00,0,0,0.143693
synthetic_pe_chains.csv:1027,syn:recon_then_role-011,2025-01-11 22:01:04+00:00,0,0,0.15300469
synthetic_pe_chains.csv:1028,syn:recon_then_role-011,2025-01-11 22:01:16+00:00,0,0,0.15807736
synthetic_pe_chains.csv:1029,syn:recon_then_role-011,2025-01-11 22:01:30+00:00,0,0,0.1491626
synthetic_pe_chains.csv:1030,syn:recon_then_role-011,2025-01-11 22:01:59+00:00,0,0,0.14820938
synthetic_pe_chains.csv:1031,syn:recon_then_role-011,2025-01-11 22:02:04+00:00,0,0,0.15031989
synthetic_pe_chains.csv:1032,syn:recon_then_role-011,2025-01-11 22:02:11+00:00,0,0,0.14470299
synthetic_pe_chains.csv:1033,syn:recon_then_role-011,2025-01-11 22:02:18+00:00,0,0,0.14461687
synthetic_pe_chains.csv:1034,syn:recon_then_role-011,2025-01-11 22:02:39+00:00,1,1,0.99590033
synthetic_pe_chains.csv:1035,syn:recon_then_role-011,2025-01-11 22:02:57+00:00,1,1,0.9956119
synthetic_pe_chains.csv:1036,syn:recon_then_role-011,2025-01-11 22:03:05+00:00,0,0,0.13987666
synthetic_pe_chains.csv:1037,syn:recon_then_role-011,2025-01-11 22:03:30+00:00,1,1,0.9970632
synthetic_pe_chains.csv:1038,syn:recon_then_role-011,2025-01-11 22:04:14+00:00,1,1,0.99530584
synthetic_pe_chains.csv:1039,syn:recon_then_role-011,2025-01-11 22:04:57+00:00,1,1,0.99761236
synthetic_pe_chains.csv:1040,syn:recon_then_role-011,2025-01-11 22:05:18+00:00,0,0,0.1403668
synthetic_pe_chains.csv:1041,syn:recon_then_role-011,2025-01-11 22:05:27+00:00,1,1,0.99514425
synthetic_pe_chains.csv:1042,syn:recon_then_user-000,2025-01-12 05:00:00+00:00,0,0,0.14330056
synthetic_pe_chains.csv:1043,syn:recon_then_user-000,2025-01-12 05:00:21+00:00,0,0,0.1475462
synthetic_pe_chains.csv:1044,syn:recon_then_user-000,2025-01-12 05:00:34+00:00,0,0,0.13411708
synthetic_pe_chains.csv:1045,syn:recon_then_user-000,2025-01-12 05:00:48+00:00,0,0,0.13187025
synthetic_pe_chains.csv:1046,syn:recon_then_user-000,2025-01-12 05:01:17+00:00,1,1,0.99383175
synthetic_pe_chains.csv:1047,syn:recon_then_user-000,2025-01-12 05:01:25+00:00,1,1,0.99468356
synthetic_pe_chains.csv:1048,syn:recon_then_user-000,2025-01-12 05:01:31+00:00,1,1,0.99388015
synthetic_pe_chains.csv:1049,syn:recon_then_user-000,2025-01-12 05:01:56+00:00,1,1,0.99504966
synthetic_pe_chains.csv:1050,syn:recon_then_user-000,2025-01-12 05:02:04+00:00,1,1,0.995152
synthetic_pe_chains.csv:1051,syn:recon_then_user-000,2025-01-12 05:02:39+00:00,1,1,0.9965354
synthetic_pe_chains.csv:1052,syn:recon_then_user-001,2025-01-13 22:00:00+00:00,0,0,0.14694647
synthetic_pe_chains.csv:1053,syn:recon_then_user-001,2025-01-13 22:00:15+00:00,0,0,0.13869546
synthetic_pe_chains.csv:1054,syn:recon_then_user-001,2025-01-13 22:00:27+00:00,0,0,0.12299546
synthetic_pe_chains.csv:1055,syn:recon_then_user-001,2025-01-13 22:00:50+00:00,0,0,0.12696841
synthetic_pe_chains.csv:1056,syn:recon_then_user-001,2025-01-13 22:01:34+00:00,1,1,0.99377066
synthetic_pe_chains.csv:1057,syn:recon_then_user-001,2025-01-13 22:02:08+00:00,1,1,0.99494606
synthetic_pe_chains.csv:1058,syn:recon_then_user-001,2025-01-13 22:02:44+00:00,1,1,0.9942372
synthetic_pe_chains.csv:1059,syn:recon_then_user-001,2025-01-13 22:03:08+00:00,0,0,0.13497427
synthetic_pe_chains.csv:1060,syn:recon_then_user-001,2025-01-13 22:03:41+00:00,1,1,0.99617404
synthetic_pe_chains.csv:1061,syn:recon_then_user-001,2025-01-13 22:03:58+00:00,1,1,0.9959881
synthetic_pe_chains.csv:1062,syn:recon_then_user-001,2025-01-13 22:04:31+00:00,1,1,0.996684
synthetic_pe_chains.csv:1063,syn:recon_then_user-002,2025-01-14 04:00:00+00:00,0,0,0.13628449
synthetic_pe_chains.csv:1064,syn:recon_then_user-002,2025-01-14 04:00:38+00:00,0,0,0.13318995
synthetic_pe_chains.csv:1065,syn:recon_then_user-002,2025-01-14 04:01:00+00:00,0,0,0.16166751
synthetic_pe_chains.csv:1066,syn:recon_then_user-002,2025-01-14 04:01:23+00:00,0,0,0.15020838
synthetic_pe_chains.csv:1067,syn:recon_then_user-002,2025-01-14 04:01:45+00:00,0,0,0.12490869
synthetic_pe_chains.csv:1068,syn:recon_then_user-002,2025-01-14 04:02:26+00:00,1,1,0.9944041
synthetic_pe_chains.csv:1069,syn:recon_then_user-002,2025-01-14 04:02:43+00:00,1,1,0.9949492
synthetic_pe_chains.csv:1070,syn:recon_then_user-002,2025-01-14 04:02:51+00:00,0,0,0.16303876
synthetic_pe_chains.csv:1071,syn:recon_then_user-002,2025-01-14 04:03:23+00:00,1,1,0.99486357
synthetic_pe_chains.csv:1072,syn:recon_then_user-002,2025-01-14 04:03:50+00:00,1,1,0.99508697
synthetic_pe_chains.csv:1073,syn:recon_then_user-002,2025-01-14 04:04:18+00:00,1,1,0.9954751
synthetic_pe_chains.csv:1074,syn:recon_then_user-002,2025-01-14 04:04:54+00:00,1,1,0.99712473
synthetic_pe_chains.csv:1075,syn:recon_then_user-003,2025-01-15 04:00:00+00:00,0,0,0.13187568
synthetic_pe_chains.csv:1076,syn:recon_then_user-003,2025-01-15 04:00:41+00:00,0,0,0.13178577
synthetic_pe_chains.csv:1077,syn:recon_then_user-003,2025-01-15 04:00:53+00:00,0,0,0.13426672
synthetic_pe_chains.csv:1078,syn:recon_then_user-003,2025-01-15 04:01:33+00:00,0,0,0.12325304
synthetic_pe_chains.csv:1079,syn:recon_then_user-003,2025-01-15 04:02:15+00:00,1,1,0.99391866
synthetic_pe_chains.csv:1080,syn:recon_then_user-003,2025-01-15 04:02:31+00:00,1,1,0.99419713
synthetic_pe_chains.csv:1081,syn:recon_then_user-003,2025-01-15 04:02:41+00:00,1,1,0.9945767
synthetic_pe_chains.csv:1082,syn:recon_then_user-003,2025-01-15 04:03:11+00:00,1,1,0.9949315
synthetic_pe_chains.csv:1083,syn:recon_then_user-003,2025-01-15 04:03:40+00:00,1,1,0.9951149
synthetic_pe_chains.csv:1084,syn:recon_then_user-003,2025-01-15 04:04:22+00:00,1,1,0.9963421
synthetic_pe_chains.csv:1085,syn:recon_then_user-004,2025-01-16 21:00:00+00:00,0,0,0.1463693
synthetic_pe_chains.csv:1086,syn:recon_then_user-004,2025-01-16 21:00:33+00:00,0,0,0.14655358
synthetic_pe_chains.csv:1087,syn:recon_then_user-004,2025-01-16 21:01:12+00:00,0,0,0.1814562
synthetic_pe_chains.csv:1088,syn:recon_then_user-004,2025-01-16 21:01:24+00:00,0,0,0.14631903
synthetic_pe_chains.csv:1089,syn:recon_then_user-004,2025-01-16 21:01:46+00:00,0,0,0.12862545
synthetic_pe_chains.csv:1090,syn:recon_then_user-004,2025-01-16 21:01:57+00:00,1,1,0.99387735
synthetic_pe_chains.csv:1091,syn:recon_then_user-004,2025-01-16 21:02:07+00:00,1,1,0.99477565
synthetic_pe_chains.csv:1092,syn:recon_then_user-004,2025-01-16 21:02:32+00:00,1,1,0.9945083
synthetic_pe_chains.csv:1093,syn:recon_then_user-004,2025-01-16 21:03:08+00:00,1,1,0.99477094
synthetic_pe_chains.csv:1094,syn:recon_then_user-004,2025-01-16 21:03:32+00:00,1,1,0.9951066
synthetic_pe_chains.csv:1095,syn:recon_then_user-004,2025-01-16 21:04:15+00:00,1,1,0.99645704
synthetic_pe_chains.csv:1096,syn:recon_then_user-005,2025-01-17 07:00:00+00:00,0,0,0.13754067
synthetic_pe_chains.csv:1097,syn:recon_then_user-005,2025-01-17 07:00:19+00:00,0,0,0.13675478
synthetic_pe_chains.csv:1098,syn:recon_then_user-005,2025-01-17 07:00:48+00:00,0,0,0.1296975
synthetic_pe_chains.csv:1099,syn:recon_then_user-005,2025-01-17 07:00:59+00:00,0,0,0.12805812
synthetic_pe_chains.csv:1100,syn:recon_then_user-005,2025-01-17 07:01:29+00:00,0,0,0.14031744
synthetic_pe_chains.csv:1101,syn:recon_then_user-005,2025-01-17 07:01:57+00:00,1,1,0.99421847
synthetic_pe_chains.csv:1102,syn:recon_then_user-005,2025-01-17 07:02:24+00:00,1,1,0.9944348
synthetic_pe_chains.csv:1103,syn:recon_then_user-005,2025-01-17 07:02:43+00:00,1,1,0.9933333
synthetic_pe_chains.csv:1104,syn:recon_then_user-005,2025-01-17 07:03:02+00:00,0,0,0.12769274
synthetic_pe_chains.csv:1105,syn:recon_then_user-005,2025-01-17 07:03:24+00:00,1,1,0.9963265
synthetic_pe_chains.csv:1106,syn:recon_then_user-005,2025-01-17 07:03:42+00:00,1,1,0.99608266
synthetic_pe_chains.csv:1107,syn:recon_then_user-005,2025-01-17 07:04:03+00:00,1,1,0.99710447
synthetic_pe_chains.csv:1108,syn:recon_then_user-006,2025-01-18 15:00:00+00:00,0,0,0.13807306
synthetic_pe_chains.csv:1109,syn:recon_then_user-006,2025-01-18 15:00:29+00:00,0,0,0.13669151
synthetic_pe_chains.csv:1110,syn:recon_then_user-006,2025-01-18 15:01:10+00:00,0,0,0.12451257
synthetic_pe_chains.csv:1111,syn:recon_then_user-006,2025-01-18 15:01:16+00:00,0,0,0.12171506
synthetic_pe_chains.csv:1112,syn:recon_then_user-006,2025-01-18 15:01:47+00:00,1,1,0.99317414
synthetic_pe_chains.csv:1113,syn:recon_then_user-006,2025-01-18 15:02:06+00:00,0,0,0.1299384
synthetic_pe_chains.csv:1114,syn:recon_then_user-006,2025-01-18 15:02:25+00:00,1,1,0.99500847
synthetic_pe_chains.csv:1115,syn:recon_then_user-006,2025-01-18 15:02:36+00:00,1,1,0.99518025
synthetic_pe_chains.csv:1116,syn:recon_then_user-006,2025-01-18 15:02:42+00:00,1,1,0.99566615
synthetic_pe_chains.csv:1117,syn:recon_then_user-006,2025-01-18 15:03:08+00:00,1,1,0.995784
synthetic_pe_chains.csv:1118,syn:recon_then_user-006,2025-01-18 15:03:39+00:00,1,1,0.99726677
synthetic_pe_chains.csv:1119,syn:recon_then_user-007,2025-01-19 12:00:00+00:00,0,0,0.12088786
synthetic_pe_chains.csv:1120,syn:recon_then_user-007,2025-01-19 12:00:21+00:00,0,0,0.12738727
synthetic_pe_chains.csv:1121,syn:recon_then_user-007,2025-01-19 12:00:27+00:00,0,0,0.1364347
synthetic_pe_chains.csv:1122,syn:recon_then_user-007,2025-01-19 12:00:57+00:00,0,0,0.14184809
synthetic_pe_chains.csv:1123,syn:recon_then_user-007,2025-01-19 12:01:08+00:00,0,0,0.13148144
synthetic_pe_chains.csv:1124,syn:recon_then_user-007,2025-01-19 12:01:37+00:00,1,1,0.99443334
synthetic_pe_chains.csv:1125,syn:recon_then_user-007,2025-01-19 12:02:14+00:00,1,1,0.99444675
synthetic_pe_chains.csv:1126,syn:recon_then_user-007,2025-01-19 12:02:30+00:00,1,1,0.993747
synthetic_pe_chains.csv:1127,syn:recon_then_user-007,2025-01-19 12:02:38+00:00,0,0,0.14449082
synthetic_pe_chains.csv:1128,syn:recon_then_user-007,2025-01-19 12:03:22+00:00,1,1,0.9960586
synthetic_pe_chains.csv:1129,syn:recon_then_user-007,2025-01-19 12:03:36+00:00,1,1,0.9962489
synthetic_pe_chains.csv:1130,syn:recon_then_user-007,2025-01-19 12:04:12+00:00,1,1,0.996666
synthetic_pe_chains.csv:1131,syn:recon_then_user-008,2025-01-20 07:00:00+00:00,0,0,0.13025896
synthetic_pe_chains.csv:1132,syn:recon_then_user-008,2025-01-20 07:00:40+00:00,0,0,0.13234578
synthetic_pe_chains.csv:1133,syn:recon_then_user-008,2025-01-20 07:01:09+00:00,0,0,0.115483895
synthetic_pe_chains.csv:1134,syn:recon_then_user-008,2025-01-20 07:01:35+00:00,0,0,0.13065417
synthetic_pe_chains.csv:1135,syn:recon_then_user-008,2025-01-20 07:01:47+00:00,0,0,0.13184504
synthetic_pe_chains.csv:1136,syn:recon_then_user-008,2025-01-20 07:02:30+00:00,1,1,0.9936792
synthetic_pe_chains.csv:1137,syn:recon_then_user-008,2025-01-20 07:03:08+00:00,1,1,0.9949302
synthetic_pe_chains.csv:1138,syn:recon_then_user-008,2025-01-20 07:03:34+00:00,1,1,0.9941559
synthetic_pe_chains.csv:1139,syn:recon_then_user-008,2025-01-20 07:03:55+00:00,1,1,0.99581367
synthetic_pe_chains.csv:1140,syn:recon_then_user-008,2025-01-20 07:04:07+00:00,0,0,0.122953475
synthetic_pe_chains.csv:1141,syn:recon_then_user-008,2025-01-20 07:04:32+00:00,1,1,0.9955278
synthetic_pe_chains.csv:1142,syn:recon_then_user-008,2025-01-20 07:04:58+00:00,1,1,0.99732685
synthetic_pe_chains.csv:1143,syn:recon_then_user-009,2025-01-21 14:00:00+00:00,0,0,0.13125788
synthetic_pe_chains.csv:1144,syn:recon_then_user-009,2025-01-21 14:00:06+00:00,0,0,0.15119782
synthetic_pe_chains.csv:1145,syn:recon_then_user-009,2025-01-21 14:00:18+00:00,0,0,0.13656786
synthetic_pe_chains.csv:1146,syn:recon_then_user-009,2025-01-21 14:00:30+00:00,0,0,0.13414727
synthetic_pe_chains.csv:1147,syn:recon_then_user-009,2025-01-21 14:00:47+00:00,1,1,0.99337786
synthetic_pe_chains.csv:1148,syn:recon_then_user-009,2025-01-21 14:01:08+00:00,1,1,0.99487644
synthetic_pe_chains.csv:1149,syn:recon_then_user-009,2025-01-21 14:01:37+00:00,1,1,0.9938911
synthetic_pe_chains.csv:1150,syn:recon_then_user-009,2025-01-21 14:02:19+00:00,1,1,0.99520737
synthetic_pe_chains.csv:1151,syn:recon_then_user-009,2025-01-21 14:02:44+00:00,1,1,0.9950098
synthetic_pe_chains.csv:1152,syn:recon_then_user-009,2025-01-21 14:02:48+00:00,1,1,0.99664706
synthetic_pe_chains.csv:1153,syn:recon_then_user-010,2025-01-22 19:00:00+00:00,0,0,0.1324381
synthetic_pe_chains.csv:1154,syn:recon_then_user-010,2025-01-22 19:00:42+00:00,0,0,0.12807895
synthetic_pe_chains.csv:1155,syn:recon_then_user-010,2025-01-22 19:00:57+00:00,0,0,0.12685475
synthetic_pe_chains.csv:1156,syn:recon_then_user-010,2025-01-22 19:01:33+00:00,0,0,0.12816642
synthetic_pe_chains.csv:1157,syn:recon_then_user-010,2025-01-22 19:01:54+00:00,1,1,0.9942027
synthetic_pe_chains.csv:1158,syn:recon_then_user-010,2025-01-22 19:02:05+00:00,1,1,0.99501884
synthetic_pe_chains.csv:1159,syn:recon_then_user-010,2025-01-22 19:02:40+00:00,1,1,0.99375194
synthetic_pe_chains.csv:1160,syn:recon_then_user-010,2025-01-22 19:03:16+00:00,1,1,0.99530715
synthetic_pe_chains.csv:1161,syn:recon_then_user-010,2025-01-22 19:03:58+00:00,1,1,0.9947931
synthetic_pe_chains.csv:1162,syn:recon_then_user-010,2025-01-22 19:04:25+00:00,1,1,0.99627244
synthetic_pe_chains.csv:1163,syn:recon_then_user-011,2025-01-23 13:00:00+00:00,0,0,0.14263766
synthetic_pe_chains.csv:1164,syn:recon_then_user-011,2025-01-23 13:00:16+00:00,0,0,0.12907746
synthetic_pe_chains.csv:1165,syn:recon_then_user-011,2025-01-23 13:00:31+00:00,0,0,0.13084504
synthetic_pe_chains.csv:1166,syn:recon_then_user-011,2025-01-23 13:00:59+00:00,0,0,0.13257854
synthetic_pe_chains.csv:1167,syn:recon_then_user-011,2025-01-23 13:01:06+00:00,1,1,0.9935127
synthetic_pe_chains.csv:1168,syn:recon_then_user-011,2025-01-23 13:01:15+00:00,1,1,0.9953307
synthetic_pe_chains.csv:1169,syn:recon_then_user-011,2025-01-23 13:01:49+00:00,1,1,0.99316096
synthetic_pe_chains.csv:1170,syn:recon_then_user-011,2025-01-23 13:02:03+00:00,1,1,0.99557316
synthetic_pe_chains.csv:1171,syn:recon_then_user-011,2025-01-23 13:02:47+00:00,1,1,0.9947753
synthetic_pe_chains.csv:1172,syn:recon_then_user-011,2025-01-23 13:02:53+00:00,1,1,0.99647254
