log_id,split
synthetic_cloudtrail.csv:0,val
synthetic_cloudtrail.csv:1,train
synthetic_cloudtrail.csv:2,train
synthetic_cloudtrail.csv:3,val
synthetic_cloudtrail.csv:4,val
synthetic_cloudtrail.csv:5,val
synthetic_cloudtrail.csv:6,val
synthetic_cloudtrail.csv:7,val
synthetic_cloudtrail.csv:8,val
synthetic_cloudtrail.csv:9,val
synthetic_cloudtrail.csv:10,train
synthetic_cloudtrail.csv:11,val
synthetic_cloudtrail.csv:12,train
synthetic_cloudtrail.csv:13,train
synthetic_cloudtrail.csv:14,train
synthetic_cloudtrail.csv:15,train
synthetic_cloudtrail.csv:16,train
synthetic_cloudtrail.csv:17,train
synthetic_cloudtrail.csv:18,train
synthetic_cloudtrail.csv:19,train
synthetic_cloudtrail.csv:20,train
synthetic_cloudtrail.csv:21,train
synthetic_cloudtrail.csv:22,train
synthetic_cloudtrail.csv:23,train
synthetic_cloudtrail.csv:24,train
synthetic_cloudtrail.csv:25,train
synthetic_cloudtrail.csv:26,train
synthetic_cloudtrail.csv:27,train
synthetic_cloudtrail.csv:28,train
synthetic_cloudtrail.csv:29,train
synthetic_cloudtrail.csv:30,train
synthetic_cloudtrail.csv:31,train
synthetic_cloudtrail.csv:32,train
synthetic_cloudtrail.csv:33,train
synthetic_cloudtrail.csv:34,train
synthetic_cloudtrail.csv:35,train
synthetic_cloudtrail.csv:36,train
synthetic_cloudtrail.csv:37,train
synthetic_cloudtrail.csv:38,train
synthetic_cloudtrail.csv:39,train
synthetic_cloudtrail.csv:40,train
synthetic_cloudtrail.csv:41,train
synthetic_cloudtrail.csv:42,train
synthetic_cloudtrail.csv:43,train
synthetic_cloudtrail.csv:44,train
synthetic_cloudtrail.csv:45,train
synthetic_cloudtrail.csv:46,train
synthetic_cloudtrail.csv:47,train
synthetic_cloudtrail.csv:48,train
synthetic_cloudtrail.csv:49,train
synthetic_cloudtrail.csv:50,train
synthetic_cloudtrail.csv:51,train
synthetic_cloudtrail.csv:52,train
synthetic_cloudtrail.csv:53,train
synthetic_cloudtrail.csv:54,train
synthetic_cloudtrail.csv:55,train
synthetic_cloudtrail.csv:56,train
synthetic_cloudtrail.csv:57,train
synthetic_cloudtrail.csv:58,train
synthetic_cloudtrail.csv:59,train
synthetic_cloudtrail.csv:60,train
synthetic_cloudtrail.csv:61,train
synthetic_cloudtrail.csv:62,train
synthetic_cloudtrail.csv:63,train
synthetic_cloudtrail.csv:64,train
synthetic_cloudtrail.csv:65,train
synthetic_cloudtrail.csv:66,train
synthetic_cloudtrail.csv:67,train
synthetic_cloudtrail.csv:68,train
synthetic_cloudtrail.csv:69,train
synthetic_cloudtrail.csv:70,train
synthetic_cloudtrail.csv:71,train
synthetic_cloudtrail.csv:72,train
synthetic_cloudtrail.csv:73,train
synthetic_cloudtrail.csv:74,train
synthetic_cloudtrail.csv:75,train
synthetic_cloudtrail.csv:76,train
synthetic_cloudtrail.csv:77,train
synthetic_cloudtrail.csv:78,val
synthetic_cloudtrail.csv:79,val
synthetic_cloudtrail.csv:80,val
synthetic_cloudtrail.csv:81,val
synthetic_cloudtrail.csv:82,val
synthetic_cloudtrail.csv:83,val
synthetic_cloudtrail.csv:84,val
synthetic_cloudtrail.csv:85,val
synthetic_cloudtrail.csv:86,val
synthetic_cloudtrail.csv:87,val
synthetic_cloudtrail.csv:88,val
synthetic_cloudtrail.csv:89,val
synthetic_cloudtrail.csv:90,val
synthetic_cloudtrail.csv:91,test
synthetic_cloudtrail.csv:92,test
synthetic_cloudtrail.csv:93,test
synthetic_cloudtrail.csv:94,test
synthetic_cloudtrail.csv:95,test
synthetic_cloudtrail.csv:96,test
synthetic_cloudtrail.csv:97,test
synthetic_cloudtrail.csv:98,test
synthetic_cloudtrail.csv:99,test
synthetic_cloudtrail.csv:100,test
synthetic_cloudtrail.csv:101,test
synthetic_cloudtrail.csv:102,test
synthetic_cloudtrail.csv:103,test
synthetic_cloudtrail.csv:104,test
synthetic_cloudtrail.csv:105,test
synthetic_cloudtrail.csv:106,test
synthetic_cloudtrail.csv:107,train
synthetic_cloudtrail.csv:108,val
synthetic_cloudtrail.csv:109,train
synthetic_cloudtrail.csv:110,val
synthetic_cloudtrail.csv:111,train
synthetic_cloudtrail.csv:112,train
synthetic_cloudtrail.csv:113,train
synthetic_cloudtrail.csv:114,train
synthetic_cloudtrail.csv:115,train
synthetic_cloudtrail.csv:116,train
synthetic_cloudtrail.csv:117,train
synthetic_cloudtrail.csv:118,train
synthetic_cloudtrail.csv:119,train
synthetic_cloudtrail.csv:120,train
synthetic_cloudtrail.csv:121,train
synthetic_cloudtrail.csv:122,train
synthetic_cloudtrail.csv:123,train
synthetic_cloudtrail.csv:124,train
synthetic_cloudtrail.csv:125,train
synthetic_cloudtrail.csv:126,train
synthetic_cloudtrail.csv:127,train
synthetic_cloudtrail.csv:128,train
synthetic_cloudtrail.csv:129,train
synthetic_cloudtrail.csv:130,train
synthetic_cloudtrail.csv:131,train
synthetic_cloudtrail.csv:132,train
synthetic_cloudtrail.csv:133,train
synthetic_cloudtrail.csv:134,train
synthetic_cloudtrail.csv:135,train
synthetic_cloudtrail.csv:136,train
synthetic_cloudtrail.csv:137,train
synthetic_cloudtrail.csv:138,train
synthetic_cloudtrail.csv:139,train
synthetic_cloudtrail.csv:140,train
synthetic_cloudtrail.csv:141,test
synthetic_cloudtrail.csv:142,test
synthetic_cloudtrail.csv:143,test
synthetic_cloudtrail.csv:144,test
synthetic_cloudtrail.csv:145,test
synthetic_cloudtrail.csv:146,test
synthetic_cloudtrail.csv:147,test
synthetic_cloudtrail.csv:148,test
synthetic_cloudtrail.csv:149,test
synthetic_cloudtrail.csv:150,test
synthetic_cloudtrail.csv:151,test
synthetic_cloudtrail.csv:152,test
synthetic_cloudtrail.csv:153,test
synthetic_cloudtrail.csv:154,test
synthetic_cloudtrail.csv:155,test
synthetic_cloudtrail.csv:156,test
synthetic_cloudtrail.csv:157,test
synthetic_cloudtrail.csv:158,test
synthetic_cloudtrail.csv:159,train
synthetic_cloudtrail.csv:160,train
synthetic_cloudtrail.csv:161,train
synthetic_cloudtrail.csv:162,train
synthetic_cloudtrail.csv:163,train
synthetic_cloudtrail.csv:164,train
synthetic_cloudtrail.csv:165,train
synthetic_cloudtrail.csv:166,train
synthetic_cloudtrail.csv:167,train
synthetic_cloudtrail.csv:168,train
synthetic_cloudtrail.csv:169,train
synthetic_cloudtrail.csv:170,train
synthetic_cloudtrail.csv:171,train
synthetic_cloudtrail.csv:172,train
synthetic_cloudtrail.csv:173,train
synthetic_cloudtrail.csv:174,train
synthetic_cloudtrail.csv:175,train
synthetic_cloudtrail.csv:176,train
synthetic_cloudtrail.csv:177,train
synthetic_cloudtrail.csv:178,train
synthetic_cloudtrail.csv:179,train
synthetic_cloudtrail.csv:180,train
synthetic_cloudtrail.csv:181,train
synthetic_cloudtrail.csv:182,train
synthetic_cloudtrail.csv:183,train
synthetic_cloudtrail.csv:184,train
synthetic_cloudtrail.csv:185,train
synthetic_cloudtrail.csv:186,train
synthetic_cloudtrail.csv:187,train
synthetic_cloudtrail.csv:188,train
synthetic_cloudtrail.csv:189,train
synthetic_cloudtrail.csv:190,train
synthetic_cloudtrail.csv:191,train
synthetic_cloudtrail.csv:192,train
synthetic_cloudtrail.csv:193,train
synthetic_cloudtrail.csv:194,train
synthetic_cloudtrail.csv:195,train
synthetic_cloudtrail.csv:196,val
synthetic_cloudtrail.csv:197,train
synthetic_cloudtrail.csv:198,val
synthetic_cloudtrail.csv:199,val
synthetic_cloudtrail.csv:200,val
synthetic_cloudtrail.csv:201,val
synthetic_cloudtrail.csv:202,val
synthetic_cloudtrail.csv:203,val
synthetic_cloudtrail.csv:204,val
synthetic_cloudtrail.csv:205,val
synthetic_cloudtrail.csv:206,train
synthetic_cloudtrail.csv:207,train
synthetic_cloudtrail.csv:208,train
synthetic_cloudtrail.csv:209,train
synthetic_cloudtrail.csv:210,train
synthetic_cloudtrail.csv:211,train
synthetic_cloudtrail.csv:212,train
synthetic_cloudtrail.csv:213,train
synthetic_cloudtrail.csv:214,train
synthetic_cloudtrail.csv:215,train
synthetic_cloudtrail.csv:216,train
synthetic_cloudtrail.csv:217,train
synthetic_cloudtrail.csv:218,train
synthetic_cloudtrail.csv:219,train
synthetic_cloudtrail.csv:220,train
synthetic_cloudtrail.csv:221,train
synthetic_cloudtrail.csv:222,train
synthetic_cloudtrail.csv:223,train
synthetic_cloudtrail.csv:224,train
synthetic_cloudtrail.csv:225,train
synthetic_cloudtrail.csv:226,train
synthetic_cloudtrail.csv:227,train
synthetic_cloudtrail.csv:228,train
synthetic_cloudtrail.csv:229,val
synthetic_cloudtrail.csv:230,train
synthetic_cloudtrail.csv:231,train
synthetic_cloudtrail.csv:232,val
synthetic_cloudtrail.csv:233,val
synthetic_cloudtrail.csv:234,val
synthetic_cloudtrail.csv:235,val
synthetic_cloudtrail.csv:236,train
synthetic_cloudtrail.csv:237,train
synthetic_cloudtrail.csv:238,val
synthetic_cloudtrail.csv:239,val
synthetic_cloudtrail.csv:240,train
synthetic_cloudtrail.csv:241,train
synthetic_cloudtrail.csv:242,train
synthetic_cloudtrail.csv:243,train
synthetic_cloudtrail.csv:244,train
synthetic_cloudtrail.csv:245,train
synthetic_cloudtrail.csv:246,train
synthetic_cloudtrail.csv:247,train
synthetic_cloudtrail.csv:248,train
synthetic_cloudtrail.csv:249,train
synthetic_cloudtrail.csv:250,train
synthetic_cloudtrail.csv:251,train
synthetic_cloudtrail.csv:252,train
synthetic_cloudtrail.csv:253,train
synthetic_cloudtrail.csv:254,train
synthetic_cloudtrail.csv:255,train
synthetic_cloudtrail.csv:256,train
synthetic_cloudtrail.csv:257,train
synthetic_cloudtrail.csv:258,train
synthetic_cloudtrail.csv:259,train
synthetic_cloudtrail.csv:260,train
synthetic_cloudtrail.csv:261,train
synthetic_cloudtrail.csv:262,train
synthetic_cloudtrail.csv:263,train
synthetic_cloudtrail.csv:264,train
synthetic_cloudtrail.csv:265,train
synthetic_cloudtrail.csv:266,train
synthetic_cloudtrail.csv:267,train
synthetic_cloudtrail.csv:268,train
synthetic_cloudtrail.csv:269,train
synthetic_cloudtrail.csv:270,train
synthetic_cloudtrail.csv:271,train
synthetic_cloudtrail.csv:272,train
synthetic_cloudtrail.csv:273,train
synthetic_cloudtrail.csv:274,train
synthetic_cloudtrail.csv:275,train
synthetic_cloudtrail.csv:276,train
synthetic_cloudtrail.csv:277,train
synthetic_cloudtrail.csv:278,train
synthetic_cloudtrail.csv:279,train
synthetic_cloudtrail.csv:280,train
synthetic_cloudtrail.csv:281,train
synthetic_cloudtrail.csv:282,train
synthetic_cloudtrail.csv:283,train
synthetic_cloudtrail.csv:284,train
synthetic_cloudtrail.csv:285,train
synthetic_cloudtrail.csv:286,train
synthetic_cloudtrail.csv:287,train
synthetic_cloudtrail.csv:288,train
synthetic_cloudtrail.csv:289,train
synthetic_cloudtrail.csv:290,train
synthetic_cloudtrail.csv:291,train
synthetic_cloudtrail.csv:292,train
synthetic_cloudtrail.csv:293,train
synthetic_cloudtrail.csv:294,train
synthetic_cloudtrail.csv:295,train
synthetic_cloudtrail.csv:296,train
synthetic_cloudtrail.csv:297,train
synthetic_cloudtrail.csv:298,train
synthetic_cloudtrail.csv:299,train
synthetic_cloudtrail.csv:300,train
synthetic_cloudtrail.csv:301,train
synthetic_cloudtrail.csv:302,train
synthetic_cloudtrail.csv:303,train
synthetic_cloudtrail.csv:304,train
synthetic_cloudtrail.csv:305,train
synthetic_cloudtrail.csv:306,train
synthetic_cloudtrail.csv:307,train
synthetic_cloudtrail.csv:308,train
synthetic_cloudtrail.csv:309,train
synthetic_cloudtrail.csv:310,train
synthetic_cloudtrail.csv:311,train
synthetic_cloudtrail.csv:312,train
synthetic_cloudtrail.csv:313,train
synthetic_cloudtrail.csv:314,train
synthetic_cloudtrail.csv:315,train
synthetic_cloudtrail.csv:316,train
synthetic_cloudtrail.csv:317,train
synthetic_cloudtrail.csv:318,train
synthetic_cloudtrail.csv:319,train
synthetic_cloudtrail.csv:320,train
synthetic_cloudtrail.csv:321,train
synthetic_cloudtrail.csv:322,train
synthetic_cloudtrail.csv:323,train
synthetic_cloudtrail.csv:324,train
synthetic_cloudtrail.csv:325,train
synthetic_cloudtrail.csv:326,train
synthetic_cloudtrail.csv:327,train
synthetic_cloudtrail.csv:328,train
synthetic_cloudtrail.csv:329,train
synthetic_cloudtrail.csv:330,train
synthetic_cloudtrail.csv:331,train
synthetic_cloudtrail.csv:332,train
synthetic_cloudtrail.csv:333,train
synthetic_cloudtrail.csv:334,train
synthetic_cloudtrail.csv:335,train
synthetic_cloudtrail.csv:336,train
synthetic_cloudtrail.csv:337,train
synthetic_cloudtrail.csv:338,train
synthetic_cloudtrail.csv:339,train
synthetic_cloudtrail.csv:340,train
synthetic_cloudtrail.csv:341,train
synthetic_cloudtrail.csv:342,train
synthetic_cloudtrail.csv:343,train
synthetic_cloudtrail.csv:344,train
synthetic_cloudtrail.csv:345,train
synthetic_cloudtrail.csv:346,train
synthetic_cloudtrail.csv:347,train
synthetic_cloudtrail.csv:348,train
synthetic_cloudtrail.csv:349,train
synthetic_cloudtrail.csv:350,train
synthetic_cloudtrail.csv:351,train
synthetic_cloudtrail.csv:352,train
synthetic_cloudtrail.csv:353,train
synthetic_cloudtrail.csv:354,train
synthetic_cloudtrail.csv:355,train
synthetic_cloudtrail.csv:356,train
synthetic_cloudtrail.csv:357,train
synthetic_cloudtrail.csv:358,train
synthetic_cloudtrail.csv:359,train
synthetic_cloudtrail.csv:360,test
synthetic_cloudtrail.csv:361,test
synthetic_cloudtrail.csv:362,test
synthetic_cloudtrail.csv:363,test
synthetic_cloudtrail.csv:364,test
synthetic_cloudtrail.csv:365,test
synthetic_cloudtrail.csv:366,test
synthetic_cloudtrail.csv:367,test
synthetic_cloudtrail.csv:368,test
synthetic_cloudtrail.csv:369,test
synthetic_cloudtrail.csv:370,test
synthetic_cloudtrail.csv:371,test
synthetic_cloudtrail.csv:372,test
synthetic_cloudtrail.csv:373,val
synthetic_cloudtrail.csv:374,val
synthetic_cloudtrail.csv:375,val
synthetic_cloudtrail.csv:376,val
synthetic_cloudtrail.csv:377,val
synthetic_cloudtrail.csv:378,val
synthetic_cloudtrail.csv:379,val
synthetic_cloudtrail.csv:380,val
synthetic_cloudtrail.csv:381,val
synthetic_cloudtrail.csv:382,val
synthetic_cloudtrail.csv:383,val
synthetic_cloudtrail.csv:384,val
synthetic_cloudtrail.csv:385,val
synthetic_cloudtrail.csv:386,val
synthetic_cloudtrail.csv:387,val
synthetic_cloudtrail.csv:388,val
synthetic_cloudtrail.csv:389,val
synthetic_cloudtrail.csv:390,val
synthetic_cloudtrail.csv:391,val
synthetic_cloudtrail.csv:392,val
synthetic_cloudtrail.csv:393,train
synthetic_cloudtrail.csv:394,train
synthetic_cloudtrail.csv:395,train
synthetic_cloudtrail.csv:396,train
synthetic_cloudtrail.csv:397,train
synthetic_cloudtrail.csv:398,train
synthetic_cloudtrail.csv:399,train
synthetic_cloudtrail.csv:400,train
synthetic_cloudtrail.csv:401,train
synthetic_cloudtrail.csv:402,train
synthetic_cloudtrail.csv:403,train
synthetic_cloudtrail.csv:404,train
synthetic_cloudtrail.csv:405,train
synthetic_cloudtrail.csv:406,train
synthetic_cloudtrail.csv:407,val
synthetic_cloudtrail.csv:408,val
synthetic_cloudtrail.csv:409,val
synthetic_cloudtrail.csv:410,val
synthetic_cloudtrail.csv:411,val
synthetic_cloudtrail.csv:412,val
synthetic_cloudtrail.csv:413,val
synthetic_cloudtrail.csv:414,val
synthetic_cloudtrail.csv:415,val
synthetic_cloudtrail.csv:416,val
synthetic_cloudtrail.csv:417,val
synthetic_cloudtrail.csv:418,val
synthetic_cloudtrail.csv:419,train
synthetic_cloudtrail.csv:420,train
synthetic_cloudtrail.csv:421,train
synthetic_cloudtrail.csv:422,train
synthetic_cloudtrail.csv:423,train
synthetic_cloudtrail.csv:424,train
synthetic_cloudtrail.csv:425,train
synthetic_cloudtrail.csv:426,train
synthetic_cloudtrail.csv:427,train
synthetic_cloudtrail.csv:428,train
synthetic_cloudtrail.csv:429,train
synthetic_cloudtrail.csv:430,train
synthetic_cloudtrail.csv:431,train
synthetic_cloudtrail.csv:432,train
synthetic_cloudtrail.csv:433,val
synthetic_cloudtrail.csv:434,train
synthetic_cloudtrail.csv:435,val
synthetic_cloudtrail.csv:436,train
synthetic_cloudtrail.csv:437,val
synthetic_cloudtrail.csv:438,train
synthetic_cloudtrail.csv:439,val
synthetic_cloudtrail.csv:440,train
synthetic_cloudtrail.csv:441,train
synthetic_cloudtrail.csv:442,train
synthetic_cloudtrail.csv:443,val
synthetic_cloudtrail.csv:444,val
synthetic_cloudtrail.csv:445,train
synthetic_cloudtrail.csv:446,val
synthetic_cloudtrail.csv:447,val
synthetic_cloudtrail.csv:448,train
synthetic_cloudtrail.csv:449,train
synthetic_cloudtrail.csv:450,train
synthetic_cloudtrail.csv:451,train
synthetic_cloudtrail.csv:452,train
synthetic_cloudtrail.csv:453,train
synthetic_cloudtrail.csv:454,train
synthetic_cloudtrail.csv:455,train
synthetic_cloudtrail.csv:456,train
synthetic_cloudtrail.csv:457,train
synthetic_cloudtrail.csv:458,train
synthetic_cloudtrail.csv:459,train
synthetic_cloudtrail.csv:460,train
synthetic_cloudtrail.csv:461,train
synthetic_cloudtrail.csv:462,train
synthetic_cloudtrail.csv:463,train
synthetic_cloudtrail.csv:464,train
synthetic_cloudtrail.csv:465,train
synthetic_cloudtrail.csv:466,train
synthetic_cloudtrail.csv:467,train
synthetic_cloudtrail.csv:468,train
synthetic_cloudtrail.csv:469,train
synthetic_cloudtrail.csv:470,train
synthetic_cloudtrail.csv:471,train
synthetic_cloudtrail.csv:472,train
synthetic_cloudtrail.csv:473,train
synthetic_cloudtrail.csv:474,train
synthetic_cloudtrail.csv:475,train
synthetic_cloudtrail.csv:476,train
synthetic_cloudtrail.csv:477,train
synthetic_cloudtrail.csv:478,train
synthetic_cloudtrail.csv:479,train
synthetic_cloudtrail.csv:480,train
synthetic_cloudtrail.csv:481,train
synthetic_cloudtrail.csv:482,train
synthetic_cloudtrail.csv:483,train
synthetic_cloudtrail.csv:484,val
synthetic_cloudtrail.csv:485,train
synthetic_cloudtrail.csv:486,train
synthetic_cloudtrail.csv:487,val
synthetic_cloudtrail.csv:488,val
synthetic_cloudtrail.csv:489,train
synthetic_cloudtrail.csv:490,val
synthetic_cloudtrail.csv:491,train
synthetic_cloudtrail.csv:492,val
synthetic_cloudtrail.csv:493,val
synthetic_cloudtrail.csv:494,val
synthetic_cloudtrail.csv:495,val
synthetic_cloudtrail.csv:496,train
synthetic_cloudtrail.csv:497,train
synthetic_cloudtrail.csv:498,train
synthetic_cloudtrail.csv:499,train
synthetic_cloudtrail.csv:500,train
synthetic_cloudtrail.csv:501,train
synthetic_cloudtrail.csv:502,train
synthetic_cloudtrail.csv:503,train
synthetic_cloudtrail.csv:504,train
synthetic_cloudtrail.csv:505,val
synthetic_cloudtrail.csv:506,train
synthetic_cloudtrail.csv:507,train
synthetic_cloudtrail.csv:508,train
synthetic_cloudtrail.csv:509,val
synthetic_cloudtrail.csv:510,train
synthetic_cloudtrail.csv:511,val
synthetic_cloudtrail.csv:512,train
synthetic_cloudtrail.csv:513,val
synthetic_cloudtrail.csv:514,val
synthetic_cloudtrail.csv:515,val
synthetic_cloudtrail.csv:516,val
synthetic_cloudtrail.csv:517,val
synthetic_cloudtrail.csv:518,train
synthetic_cloudtrail.csv:519,train
synthetic_cloudtrail.csv:520,train
synthetic_cloudtrail.csv:521,train
synthetic_cloudtrail.csv:522,train
synthetic_cloudtrail.csv:523,train
synthetic_cloudtrail.csv:524,train
synthetic_cloudtrail.csv:525,train
synthetic_cloudtrail.csv:526,train
synthetic_cloudtrail.csv:527,train
synthetic_cloudtrail.csv:528,train
synthetic_cloudtrail.csv:529,train
synthetic_cloudtrail.csv:530,train
synthetic_cloudtrail.csv:531,train
synthetic_cloudtrail.csv:532,train
synthetic_cloudtrail.csv:533,train
synthetic_cloudtrail.csv:534,train
synthetic_cloudtrail.csv:535,val
synthetic_cloudtrail.csv:536,train
synthetic_cloudtrail.csv:537,train
synthetic_cloudtrail.csv:538,train
synthetic_cloudtrail.csv:539,val
synthetic_cloudtrail.csv:540,val
synthetic_cloudtrail.csv:541,val
synthetic_cloudtrail.csv:542,val
synthetic_cloudtrail.csv:543,train
synthetic_cloudtrail.csv:544,train
synthetic_cloudtrail.csv:545,train
synthetic_cloudtrail.csv:546,train
synthetic_cloudtrail.csv:547,train
synthetic_cloudtrail.csv:548,train
synthetic_cloudtrail.csv:549,train
synthetic_cloudtrail.csv:550,train
synthetic_cloudtrail.csv:551,train
synthetic_cloudtrail.csv:552,train
synthetic_cloudtrail.csv:553,train
synthetic_cloudtrail.csv:554,train
synthetic_cloudtrail.csv:555,train
synthetic_cloudtrail.csv:556,train
synthetic_cloudtrail.csv:557,train
synthetic_cloudtrail.csv:558,train
synthetic_cloudtrail.csv:559,train
synthetic_cloudtrail.csv:560,train
synthetic_cloudtrail.csv:561,test
synthetic_cloudtrail.csv:562,test
synthetic_cloudtrail.csv:563,train
synthetic_cloudtrail.csv:564,test
synthetic_cloudtrail.csv:565,val
synthetic_cloudtrail.csv:566,train
synthetic_cloudtrail.csv:567,test
synthetic_cloudtrail.csv:568,test
synthetic_cloudtrail.csv:569,test
synthetic_cloudtrail.csv:570,test
synthetic_cloudtrail.csv:571,test
synthetic_cloudtrail.csv:572,test
synthetic_cloudtrail.csv:573,val
synthetic_cloudtrail.csv:574,test
synthetic_cloudtrail.csv:575,test
synthetic_cloudtrail.csv:576,test
synthetic_cloudtrail.csv:577,val
synthetic_cloudtrail.csv:578,val
synthetic_cloudtrail.csv:579,val
synthetic_cloudtrail.csv:580,val
synthetic_cloudtrail.csv:581,train
synthetic_cloudtrail.csv:582,train
synthetic_cloudtrail.csv:583,train
synthetic_cloudtrail.csv:584,train
synthetic_cloudtrail.csv:585,train
synthetic_cloudtrail.csv:586,train
synthetic_cloudtrail.csv:587,train
synthetic_cloudtrail.csv:588,train
synthetic_cloudtrail.csv:589,train
synthetic_cloudtrail.csv:590,train
synthetic_cloudtrail.csv:591,train
synthetic_cloudtrail.csv:592,train
synthetic_cloudtrail.csv:593,train
synthetic_cloudtrail.csv:594,train
synthetic_cloudtrail.csv:595,train
synthetic_cloudtrail.csv:596,train
synthetic_cloudtrail.csv:597,train
synthetic_cloudtrail.csv:598,train
synthetic_cloudtrail.csv:599,train
synthetic_cloudtrail.csv:600,train
synthetic_cloudtrail.csv:601,train
synthetic_cloudtrail.csv:602,train
synthetic_cloudtrail.csv:603,train
synthetic_cloudtrail.csv:604,train
synthetic_cloudtrail.csv:605,train
synthetic_cloudtrail.csv:606,train
synthetic_cloudtrail.csv:607,train
synthetic_cloudtrail.csv:608,train
synthetic_cloudtrail.csv:609,train
synthetic_cloudtrail.csv:610,train
synthetic_cloudtrail.csv:611,train
synthetic_cloudtrail.csv:612,train
synthetic_cloudtrail.csv:613,train
synthetic_cloudtrail.csv:614,train
synthetic_cloudtrail.csv:615,train
synthetic_cloudtrail.csv:616,train
synthetic_cloudtrail.csv:617,train
synthetic_cloudtrail.csv:618,train
synthetic_cloudtrail.csv:619,train
synthetic_cloudtrail.csv:620,train
synthetic_cloudtrail.csv:621,train
synthetic_cloudtrail.csv:622,train
synthetic_cloudtrail.csv:623,train
synthetic_cloudtrail.csv:624,train
synthetic_cloudtrail.csv:625,train
synthetic_cloudtrail.csv:626,train
synthetic_cloudtrail.csv:627,train
synthetic_cloudtrail.csv:628,train
synthetic_cloudtrail.csv:629,train
synthetic_cloudtrail.csv:630,train
synthetic_cloudtrail.csv:631,train
synthetic_cloudtrail.csv:632,train
synthetic_cloudtrail.csv:633,train
synthetic_cloudtrail.csv:634,train
synthetic_cloudtrail.csv:635,train
synthetic_cloudtrail.csv:636,train
synthetic_cloudtrail.csv:637,train
synthetic_cloudtrail.csv:638,train
synthetic_cloudtrail.csv:639,train
synthetic_cloudtrail.csv:640,train
synthetic_cloudtrail.csv:641,train
synthetic_cloudtrail.csv:642,train
synthetic_cloudtrail.csv:643,train
synthetic_cloudtrail.csv:644,train
synthetic_cloudtrail.csv:645,train
synthetic_cloudtrail.csv:646,train
synthetic_cloudtrail.csv:647,train
synthetic_cloudtrail.csv:648,train
synthetic_cloudtrail.csv:649,train
synthetic_cloudtrail.csv:650,train
synthetic_cloudtrail.csv:651,train
synthetic_cloudtrail.csv:652,train
synthetic_cloudtrail.csv:653,train
synthetic_cloudtrail.csv:654,train
synthetic_cloudtrail.csv:655,train
synthetic_cloudtrail.csv:656,train
synthetic_cloudtrail.csv:657,train
synthetic_cloudtrail.csv:658,train
synthetic_cloudtrail.csv:659,train
synthetic_cloudtrail.csv:660,train
synthetic_cloudtrail.csv:661,train
synthetic_cloudtrail.csv:662,train
synthetic_cloudtrail.csv:663,train
synthetic_cloudtrail.csv:664,train
synthetic_cloudtrail.csv:665,train
synthetic_cloudtrail.csv:666,train
synthetic_cloudtrail.csv:667,train
synthetic_cloudtrail.csv:668,train
synthetic_cloudtrail.csv:669,train
synthetic_cloudtrail.csv:670,train
synthetic_cloudtrail.csv:671,train
synthetic_cloudtrail.csv:672,train
synthetic_cloudtrail.csv:673,train
synthetic_cloudtrail.csv:674,train
synthetic_cloudtrail.csv:675,train
synthetic_cloudtrail.csv:676,train
synthetic_cloudtrail.csv:677,train
synthetic_cloudtrail.csv:678,train
synthetic_cloudtrail.csv:679,train
synthetic_cloudtrail.csv:680,train
synthetic_cloudtrail.csv:681,train
synthetic_cloudtrail.csv:682,train
synthetic_cloudtrail.csv:683,train
synthetic_cloudtrail.csv:684,train
synthetic_cloudtrail.csv:685,train
synthetic_cloudtrail.csv:686,train
synthetic_cloudtrail.csv:687,train
synthetic_cloudtrail.csv:688,train
synthetic_cloudtrail.csv:689,train
synthetic_cloudtrail.csv:690,train
synthetic_cloudtrail.csv:691,train
synthetic_cloudtrail.csv:692,train
synthetic_cloudtrail.csv:693,train
synthetic_cloudtrail.csv:694,train
synthetic_cloudtrail.csv:695,train
synthetic_cloudtrail.csv:696,train
synthetic_cloudtrail.csv:697,train
synthetic_cloudtrail.csv:698,train
synthetic_cloudtrail.csv:699,train
synthetic_cloudtrail.csv:700,train
synthetic_cloudtrail.csv:701,train
synthetic_cloudtrail.csv:702,train
synthetic_cloudtrail.csv:703,train
synthetic_cloudtrail.csv:704,train
synthetic_cloudtrail.csv:705,train
synthetic_cloudtrail.csv:706,train
synthetic_cloudtrail.csv:707,train
synthetic_cloudtrail.csv:708,train
synthetic_cloudtrail.csv:709,train
synthetic_cloudtrail.csv:710,train
synthetic_cloudtrail.csv:711,train
synthetic_cloudtrail.csv:712,train
synthetic_cloudtrail.csv:713,train
synthetic_cloudtrail.csv:714,train
synthetic_cloudtrail.csv:715,train
synthetic_cloudtrail.csv:716,train
synthetic_cloudtrail.csv:717,train
synthetic_cloudtrail.csv:718,train
synthetic_cloudtrail.csv:719,train
synthetic_cloudtrail.csv:720,train
synthetic_cloudtrail.csv:721,train
synthetic_cloudtrail.csv:722,train
synthetic_cloudtrail.csv:723,train
synthetic_cloudtrail.csv:724,train
synthetic_cloudtrail.csv:725,train
synthetic_cloudtrail.csv:726,train
synthetic_cloudtrail.csv:727,train
synthetic_cloudtrail.csv:728,train
synthetic_cloudtrail.csv:729,train
synthetic_cloudtrail.csv:730,train
synthetic_cloudtrail.csv:731,train
synthetic_cloudtrail.csv:732,train
synthetic_cloudtrail.csv:733,train
synthetic_cloudtrail.csv:734,train
synthetic_cloudtrail.csv:735,val
synthetic_cloudtrail.csv:736,val
synthetic_cloudtrail.csv:737,val
synthetic_cloudtrail.csv:738,val
synthetic_cloudtrail.csv:739,val
synthetic_cloudtrail.csv:740,val
synthetic_cloudtrail.csv:741,val
synthetic_cloudtrail.csv:742,val
synthetic_cloudtrail.csv:743,val
synthetic_cloudtrail.csv:744,val
synthetic_cloudtrail.csv:745,val
synthetic_cloudtrail.csv:746,val
synthetic_cloudtrail.csv:747,val
synthetic_cloudtrail.csv:748,val
synthetic_cloudtrail.csv:749,val
synthetic_cloudtrail.csv:750,val
synthetic_cloudtrail.csv:751,val
synthetic_cloudtrail.csv:752,val
synthetic_cloudtrail.csv:753,val
synthetic_cloudtrail.csv:754,val
synthetic_cloudtrail.csv:755,val
synthetic_cloudtrail.csv:756,val
synthetic_cloudtrail.csv:757,val
synthetic_cloudtrail.csv:758,val
synthetic_cloudtrail.csv:759,val
synthetic_cloudtrail.csv:760,val
synthetic_cloudtrail.csv:761,val
synthetic_cloudtrail.csv:762,val
synthetic_cloudtrail.csv:763,val
synthetic_cloudtrail.csv:764,val
synthetic_cloudtrail.csv:765,val
synthetic_cloudtrail.csv:766,val
synthetic_cloudtrail.csv:767,val
synthetic_cloudtrail.csv:768,val
synthetic_cloudtrail.csv:769,train
synthetic_cloudtrail.csv:770,train
synthetic_cloudtrail.csv:771,val
synthetic_cloudtrail.csv:772,val
synthetic_cloudtrail.csv:773,val
synthetic_cloudtrail.csv:774,val
synthetic_cloudtrail.csv:775,val
synthetic_cloudtrail.csv:776,val
synthetic_cloudtrail.csv:777,train
synthetic_cloudtrail.csv:778,train
synthetic_cloudtrail.csv:779,val
synthetic_cloudtrail.csv:780,train
synthetic_cloudtrail.csv:781,val
synthetic_cloudtrail.csv:782,train
synthetic_cloudtrail.csv:783,train
synthetic_cloudtrail.csv:784,train
synthetic_cloudtrail.csv:785,train
synthetic_cloudtrail.csv:786,train
synthetic_cloudtrail.csv:787,train
synthetic_cloudtrail.csv:788,train
synthetic_cloudtrail.csv:789,train
synthetic_cloudtrail.csv:790,train
synthetic_cloudtrail.csv:791,train
synthetic_cloudtrail.csv:792,train
synthetic_cloudtrail.csv:793,train
synthetic_cloudtrail.csv:794,train
synthetic_cloudtrail.csv:795,train
synthetic_cloudtrail.csv:796,train
synthetic_cloudtrail.csv:797,train
synthetic_cloudtrail.csv:798,train
synthetic_cloudtrail.csv:799,train
synthetic_cloudtrail.csv:800,train
synthetic_cloudtrail.csv:801,train
synthetic_cloudtrail.csv:802,train
synthetic_cloudtrail.csv:803,train
synthetic_cloudtrail.csv:804,train
synthetic_cloudtrail.csv:805,train
synthetic_cloudtrail.csv:806,train
synthetic_cloudtrail.csv:807,train
synthetic_cloudtrail.csv:808,train
synthetic_cloudtrail.csv:809,train
synthetic_cloudtrail.csv:810,train
synthetic_cloudtrail.csv:811,val
synthetic_cloudtrail.csv:812,train
synthetic_cloudtrail.csv:813,train
synthetic_cloudtrail.csv:814,val
synthetic_cloudtrail.csv:815,train
synthetic_cloudtrail.csv:816,train
synthetic_cloudtrail.csv:817,val
synthetic_cloudtrail.csv:818,train
synthetic_cloudtrail.csv:819,val
synthetic_cloudtrail.csv:820,train
synthetic_cloudtrail.csv:821,train
synthetic_cloudtrail.csv:822,train
synthetic_cloudtrail.csv:823,val
synthetic_cloudtrail.csv:824,val
synthetic_cloudtrail.csv:825,val
synthetic_cloudtrail.csv:826,val
synthetic_cloudtrail.csv:827,val
synthetic_cloudtrail.csv:828,train
synthetic_cloudtrail.csv:829,train
synthetic_cloudtrail.csv:830,val
synthetic_cloudtrail.csv:831,val
synthetic_cloudtrail.csv:832,val
synthetic_cloudtrail.csv:833,val
synthetic_cloudtrail.csv:834,train
synthetic_cloudtrail.csv:835,train
synthetic_cloudtrail.csv:836,train
synthetic_cloudtrail.csv:837,train
synthetic_cloudtrail.csv:838,train
synthetic_cloudtrail.csv:839,train
synthetic_cloudtrail.csv:840,train
synthetic_cloudtrail.csv:841,train
synthetic_cloudtrail.csv:842,train
synthetic_cloudtrail.csv:843,train
synthetic_cloudtrail.csv:844,train
synthetic_cloudtrail.csv:845,train
synthetic_cloudtrail.csv:846,test
synthetic_cloudtrail.csv:847,test
synthetic_cloudtrail.csv:848,test
synthetic_cloudtrail.csv:849,test
synthetic_cloudtrail.csv:850,test
synthetic_cloudtrail.csv:851,test
synthetic_cloudtrail.csv:852,test
synthetic_cloudtrail.csv:853,test
synthetic_cloudtrail.csv:854,test
synthetic_cloudtrail.csv:855,test
synthetic_cloudtrail.csv:856,test
synthetic_cloudtrail.csv:857,test
synthetic_cloudtrail.csv:858,test
synthetic_cloudtrail.csv:859,test
synthetic_cloudtrail.csv:860,test
synthetic_cloudtrail.csv:861,test
synthetic_cloudtrail.csv:862,train
synthetic_cloudtrail.csv:863,train
synthetic_cloudtrail.csv:864,train
synthetic_cloudtrail.csv:865,train
synthetic_cloudtrail.csv:866,train
synthetic_cloudtrail.csv:867,test
synthetic_cloudtrail.csv:868,test
synthetic_cloudtrail.csv:869,train
synthetic_cloudtrail.csv:870,test
synthetic_cloudtrail.csv:871,train
synthetic_cloudtrail.csv:872,test
synthetic_cloudtrail.csv:873,train
synthetic_cloudtrail.csv:874,train
synthetic_cloudtrail.csv:875,train
synthetic_cloudtrail.csv:876,test
synthetic_cloudtrail.csv:877,test
synthetic_cloudtrail.csv:878,test
synthetic_cloudtrail.csv:879,test
synthetic_cloudtrail.csv:880,test
synthetic_cloudtrail.csv:881,train
synthetic_cloudtrail.csv:882,train
synthetic_cloudtrail.csv:883,train
synthetic_cloudtrail.csv:884,train
synthetic_cloudtrail.csv:885,train
synthetic_cloudtrail.csv:886,train
synthetic_cloudtrail.csv:887,train
synthetic_cloudtrail.csv:888,train
synthetic_cloudtrail.csv:889,train
synthetic_cloudtrail.csv:890,train
synthetic_cloudtrail.csv:891,train
synthetic_cloudtrail.csv:892,train
synthetic_cloudtrail.csv:893,train
synthetic_cloudtrail.csv:894,train
synthetic_cloudtrail.csv:895,train
synthetic_cloudtrail.csv:896,train
synthetic_cloudtrail.csv:897,train
synthetic_cloudtrail.csv:898,train
synthetic_cloudtrail.csv:899,val
synthetic_cloudtrail.csv:900,test
synthetic_cloudtrail.csv:901,test
synthetic_cloudtrail.csv:902,test
synthetic_cloudtrail.csv:903,test
synthetic_cloudtrail.csv:904,test
synthetic_cloudtrail.csv:905,test
synthetic_cloudtrail.csv:906,test
synthetic_cloudtrail.csv:907,test
synthetic_cloudtrail.csv:908,val
synthetic_cloudtrail.csv:909,train
synthetic_cloudtrail.csv:910,train
synthetic_cloudtrail.csv:911,val
synthetic_cloudtrail.csv:912,val
synthetic_cloudtrail.csv:913,val
synthetic_cloudtrail.csv:914,val
synthetic_cloudtrail.csv:915,train
synthetic_cloudtrail.csv:916,train
synthetic_cloudtrail.csv:917,val
synthetic_cloudtrail.csv:918,val
synthetic_cloudtrail.csv:919,train
synthetic_cloudtrail.csv:920,val
synthetic_cloudtrail.csv:921,train
synthetic_cloudtrail.csv:922,val
synthetic_cloudtrail.csv:923,val
synthetic_cloudtrail.csv:924,val
synthetic_cloudtrail.csv:925,train
synthetic_cloudtrail.csv:926,val
synthetic_cloudtrail.csv:927,val
synthetic_cloudtrail.csv:928,val
synthetic_cloudtrail.csv:929,val
synthetic_cloudtrail.csv:930,val
synthetic_cloudtrail.csv:931,val
synthetic_cloudtrail.csv:932,val
synthetic_cloudtrail.csv:933,val
synthetic_cloudtrail.csv:934,train
synthetic_cloudtrail.csv:935,train
synthetic_cloudtrail.csv:936,train
synthetic_cloudtrail.csv:937,val
synthetic_cloudtrail.csv:938,train
synthetic_cloudtrail.csv:939,train
synthetic_cloudtrail.csv:940,train
synthetic_cloudtrail.csv:941,train
synthetic_cloudtrail.csv:942,train
synthetic_cloudtrail.csv:943,train
synthetic_cloudtrail.csv:944,train
synthetic_cloudtrail.csv:945,train
synthetic_cloudtrail.csv:946,train
synthetic_cloudtrail.csv:947,train
synthetic_cloudtrail.csv:948,train
synthetic_cloudtrail.csv:949,train
synthetic_cloudtrail.csv:950,train
synthetic_cloudtrail.csv:951,train
synthetic_cloudtrail.csv:952,train
synthetic_cloudtrail.csv:953,train
synthetic_cloudtrail.csv:954,train
synthetic_cloudtrail.csv:955,train
synthetic_cloudtrail.csv:956,train
synthetic_cloudtrail.csv:957,train
synthetic_cloudtrail.csv:958,train
synthetic_cloudtrail.csv:959,train
synthetic_cloudtrail.csv:960,train
synthetic_cloudtrail.csv:961,train
synthetic_cloudtrail.csv:962,train
synthetic_cloudtrail.csv:963,val
synthetic_cloudtrail.csv:964,train
synthetic_cloudtrail.csv:965,val
synthetic_cloudtrail.csv:966,train
synthetic_cloudtrail.csv:967,train
synthetic_cloudtrail.csv:968,train
synthetic_cloudtrail.csv:969,train
synthetic_cloudtrail.csv:970,val
synthetic_cloudtrail.csv:971,train
synthetic_cloudtrail.csv:972,train
synthetic_cloudtrail.csv:973,train
synthetic_cloudtrail.csv:974,train
synthetic_cloudtrail.csv:975,train
synthetic_cloudtrail.csv:976,val
synthetic_cloudtrail.csv:977,train
synthetic_cloudtrail.csv:978,train
synthetic_cloudtrail.csv:979,train
synthetic_cloudtrail.csv:980,val
synthetic_cloudtrail.csv:981,val
synthetic_cloudtrail.csv:982,val
synthetic_cloudtrail.csv:983,val
synthetic_cloudtrail.csv:984,val
synthetic_cloudtrail.csv:985,val
synthetic_cloudtrail.csv:986,val
synthetic_cloudtrail.csv:987,train
synthetic_cloudtrail.csv:988,val
synthetic_cloudtrail.csv:989,train
synthetic_cloudtrail.csv:990,train
synthetic_cloudtrail.csv:991,train
synthetic_cloudtrail.csv:992,train
synthetic_cloudtrail.csv:993,train
synthetic_cloudtrail.csv:994,train
synthetic_cloudtrail.csv:995,train
synthetic_cloudtrail.csv:996,train
synthetic_cloudtrail.csv:997,train
synthetic_cloudtrail.csv:998,train
synthetic_cloudtrail.csv:999,train
synthetic_cloudtrail.csv:1000,train
synthetic_cloudtrail.csv:1001,train
synthetic_cloudtrail.csv:1002,train
synthetic_cloudtrail.csv:1003,train
synthetic_cloudtrail.csv:1004,train
synthetic_cloudtrail.csv:1005,train
synthetic_cloudtrail.csv:1006,train
synthetic_cloudtrail.csv:1007,train
synthetic_cloudtrail.csv:1008,train
synthetic_cloudtrail.csv:1009,train
synthetic_cloudtrail.csv:1010,train
synthetic_cloudtrail.csv:1011,train
synthetic_cloudtrail.csv:1012,train
synthetic_cloudtrail.csv:1013,train
synthetic_cloudtrail.csv:1014,train
synthetic_cloudtrail.csv:1015,train
synthetic_cloudtrail.csv:1016,train
synthetic_cloudtrail.csv:1017,train
synthetic_cloudtrail.csv:1018,train
synthetic_cloudtrail.csv:1019,train
synthetic_cloudtrail.csv:1020,train
synthetic_cloudtrail.csv:1021,train
synthetic_cloudtrail.csv:1022,train
synthetic_cloudtrail.csv:1023,train
synthetic_cloudtrail.csv:1024,train
synthetic_cloudtrail.csv:1025,train
synthetic_cloudtrail.csv:1026,train
synthetic_cloudtrail.csv:1027,train
synthetic_cloudtrail.csv:1028,train
synthetic_cloudtrail.csv:1029,train
synthetic_cloudtrail.csv:1030,val
synthetic_cloudtrail.csv:1031,train
synthetic_cloudtrail.csv:1032,train
synthetic_cloudtrail.csv:1033,train
synthetic_cloudtrail.csv:1034,train
synthetic_cloudtrail.csv:1035,train
synthetic_cloudtrail.csv:1036,train
synthetic_cloudtrail.csv:1037,train
synthetic_cloudtrail.csv:1038,val
synthetic_cloudtrail.csv:1039,train
synthetic_cloudtrail.csv:1040,train
synthetic_cloudtrail.csv:1041,train
synthetic_cloudtrail.csv:1042,train
synthetic_cloudtrail.csv:1043,train
synthetic_cloudtrail.csv:1044,val
synthetic_cloudtrail.csv:1045,train
synthetic_cloudtrail.csv:1046,val
synthetic_cloudtrail.csv:1047,train
synthetic_cloudtrail.csv:1048,val
synthetic_cloudtrail.csv:1049,train
synthetic_cloudtrail.csv:1050,val
synthetic_cloudtrail.csv:1051,val
synthetic_cloudtrail.csv:1052,val
synthetic_cloudtrail.csv:1053,val
synthetic_cloudtrail.csv:1054,test
synthetic_cloudtrail.csv:1055,test
synthetic_cloudtrail.csv:1056,test
synthetic_cloudtrail.csv:1057,test
synthetic_cloudtrail.csv:1058,test
synthetic_cloudtrail.csv:1059,test
synthetic_cloudtrail.csv:1060,test
synthetic_cloudtrail.csv:1061,test
synthetic_cloudtrail.csv:1062,test
synthetic_cloudtrail.csv:1063,test
synthetic_cloudtrail.csv:1064,test
synthetic_cloudtrail.csv:1065,test
synthetic_cloudtrail.csv:1066,val
synthetic_cloudtrail.csv:1067,val
synthetic_cloudtrail.csv:1068,val
synthetic_cloudtrail.csv:1069,val
synthetic_cloudtrail.csv:1070,val
synthetic_cloudtrail.csv:1071,val
synthetic_cloudtrail.csv:1072,val
synthetic_cloudtrail.csv:1073,val
synthetic_cloudtrail.csv:1074,val
synthetic_cloudtrail.csv:1075,val
synthetic_cloudtrail.csv:1076,val
synthetic_cloudtrail.csv:1077,train
synthetic_cloudtrail.csv:1078,train
synthetic_cloudtrail.csv:1079,train
synthetic_cloudtrail.csv:1080,train
synthetic_cloudtrail.csv:1081,train
synthetic_cloudtrail.csv:1082,train
synthetic_cloudtrail.csv:1083,train
synthetic_cloudtrail.csv:1084,train
synthetic_cloudtrail.csv:1085,train
synthetic_cloudtrail.csv:1086,train
synthetic_cloudtrail.csv:1087,train
synthetic_cloudtrail.csv:1088,train
synthetic_cloudtrail.csv:1089,train
synthetic_cloudtrail.csv:1090,train
synthetic_cloudtrail.csv:1091,train
synthetic_cloudtrail.csv:1092,val
synthetic_cloudtrail.csv:1093,train
synthetic_cloudtrail.csv:1094,train
synthetic_cloudtrail.csv:1095,train
synthetic_cloudtrail.csv:1096,train
synthetic_cloudtrail.csv:1097,train
synthetic_cloudtrail.csv:1098,train
synthetic_cloudtrail.csv:1099,train
synthetic_cloudtrail.csv:1100,train
synthetic_cloudtrail.csv:1101,train
synthetic_cloudtrail.csv:1102,train
synthetic_cloudtrail.csv:1103,train
synthetic_cloudtrail.csv:1104,train
synthetic_cloudtrail.csv:1105,train
synthetic_cloudtrail.csv:1106,train
synthetic_cloudtrail.csv:1107,train
synthetic_cloudtrail.csv:1108,train
synthetic_cloudtrail.csv:1109,train
synthetic_cloudtrail.csv:1110,train
synthetic_cloudtrail.csv:1111,train
synthetic_cloudtrail.csv:1112,train
synthetic_cloudtrail.csv:1113,val
synthetic_cloudtrail.csv:1114,train
synthetic_cloudtrail.csv:1115,val
synthetic_cloudtrail.csv:1116,train
synthetic_cloudtrail.csv:1117,val
synthetic_cloudtrail.csv:1118,val
synthetic_cloudtrail.csv:1119,val
synthetic_cloudtrail.csv:1120,train
synthetic_cloudtrail.csv:1121,val
synthetic_cloudtrail.csv:1122,val
synthetic_cloudtrail.csv:1123,val
synthetic_cloudtrail.csv:1124,val
synthetic_cloudtrail.csv:1125,val
synthetic_cloudtrail.csv:1126,train
synthetic_cloudtrail.csv:1127,val
synthetic_cloudtrail.csv:1128,val
synthetic_cloudtrail.csv:1129,val
synthetic_cloudtrail.csv:1130,val
synthetic_cloudtrail.csv:1131,val
synthetic_cloudtrail.csv:1132,train
synthetic_cloudtrail.csv:1133,train
synthetic_cloudtrail.csv:1134,val
synthetic_cloudtrail.csv:1135,val
synthetic_cloudtrail.csv:1136,train
synthetic_cloudtrail.csv:1137,train
synthetic_cloudtrail.csv:1138,train
synthetic_cloudtrail.csv:1139,val
synthetic_cloudtrail.csv:1140,train
synthetic_cloudtrail.csv:1141,val
synthetic_cloudtrail.csv:1142,val
synthetic_cloudtrail.csv:1143,train
synthetic_cloudtrail.csv:1144,val
synthetic_cloudtrail.csv:1145,val
synthetic_cloudtrail.csv:1146,val
synthetic_cloudtrail.csv:1147,val
synthetic_cloudtrail.csv:1148,train
synthetic_cloudtrail.csv:1149,train
synthetic_cloudtrail.csv:1150,train
synthetic_cloudtrail.csv:1151,train
synthetic_cloudtrail.csv:1152,train
synthetic_cloudtrail.csv:1153,train
synthetic_cloudtrail.csv:1154,train
synthetic_cloudtrail.csv:1155,train
synthetic_cloudtrail.csv:1156,train
synthetic_cloudtrail.csv:1157,train
synthetic_cloudtrail.csv:1158,train
synthetic_cloudtrail.csv:1159,train
synthetic_cloudtrail.csv:1160,train
synthetic_cloudtrail.csv:1161,val
synthetic_cloudtrail.csv:1162,train
synthetic_cloudtrail.csv:1163,val
synthetic_cloudtrail.csv:1164,train
synthetic_cloudtrail.csv:1165,val
synthetic_cloudtrail.csv:1166,val
synthetic_cloudtrail.csv:1167,val
synthetic_cloudtrail.csv:1168,val
synthetic_cloudtrail.csv:1169,val
synthetic_cloudtrail.csv:1170,val
synthetic_cloudtrail.csv:1171,train
synthetic_cloudtrail.csv:1172,val
synthetic_cloudtrail.csv:1173,val
synthetic_cloudtrail.csv:1174,train
synthetic_cloudtrail.csv:1175,test
synthetic_cloudtrail.csv:1176,test
synthetic_cloudtrail.csv:1177,test
synthetic_cloudtrail.csv:1178,test
synthetic_cloudtrail.csv:1179,test
synthetic_cloudtrail.csv:1180,test
synthetic_cloudtrail.csv:1181,test
synthetic_cloudtrail.csv:1182,test
synthetic_cloudtrail.csv:1183,test
synthetic_cloudtrail.csv:1184,test
synthetic_cloudtrail.csv:1185,test
synthetic_cloudtrail.csv:1186,test
synthetic_cloudtrail.csv:1187,test
synthetic_cloudtrail.csv:1188,test
synthetic_cloudtrail.csv:1189,test
synthetic_cloudtrail.csv:1190,test
synthetic_cloudtrail.csv:1191,test
synthetic_cloudtrail.csv:1192,test
synthetic_cloudtrail.csv:1193,test
synthetic_cloudtrail.csv:1194,test
synthetic_cloudtrail.csv:1195,train
synthetic_cloudtrail.csv:1196,train
synthetic_cloudtrail.csv:1197,train
synthetic_cloudtrail.csv:1198,train
synthetic_cloudtrail.csv:1199,train
synthetic_cloudtrail.csv:1200,train
synthetic_cloudtrail.csv:1201,train
synthetic_cloudtrail.csv:1202,train
synthetic_cloudtrail.csv:1203,train
synthetic_cloudtrail.csv:1204,train
synthetic_cloudtrail.csv:1205,test
synthetic_cloudtrail.csv:1206,test
synthetic_cloudtrail.csv:1207,test
synthetic_cloudtrail.csv:1208,test
synthetic_cloudtrail.csv:1209,test
synthetic_cloudtrail.csv:1210,test
synthetic_cloudtrail.csv:1211,test
synthetic_cloudtrail.csv:1212,test
synthetic_cloudtrail.csv:1213,test
synthetic_cloudtrail.csv:1214,test
synthetic_cloudtrail.csv:1215,test
synthetic_cloudtrail.csv:1216,test
synthetic_cloudtrail.csv:1217,test
synthetic_cloudtrail.csv:1218,test
synthetic_cloudtrail.csv:1219,val
synthetic_cloudtrail.csv:1220,train
synthetic_cloudtrail.csv:1221,train
synthetic_cloudtrail.csv:1222,train
synthetic_cloudtrail.csv:1223,train
synthetic_cloudtrail.csv:1224,val
synthetic_cloudtrail.csv:1225,val
synthetic_cloudtrail.csv:1226,val
synthetic_cloudtrail.csv:1227,val
synthetic_cloudtrail.csv:1228,train
synthetic_cloudtrail.csv:1229,val
synthetic_cloudtrail.csv:1230,train
synthetic_cloudtrail.csv:1231,val
synthetic_cloudtrail.csv:1232,val
synthetic_cloudtrail.csv:1233,train
synthetic_cloudtrail.csv:1234,val
synthetic_cloudtrail.csv:1235,train
synthetic_cloudtrail.csv:1236,train
synthetic_cloudtrail.csv:1237,val
synthetic_cloudtrail.csv:1238,val
synthetic_cloudtrail.csv:1239,val
synthetic_cloudtrail.csv:1240,val
synthetic_cloudtrail.csv:1241,val
synthetic_cloudtrail.csv:1242,val
synthetic_cloudtrail.csv:1243,val
synthetic_cloudtrail.csv:1244,val
synthetic_cloudtrail.csv:1245,val
synthetic_cloudtrail.csv:1246,val
synthetic_cloudtrail.csv:1247,val
synthetic_cloudtrail.csv:1248,val
synthetic_cloudtrail.csv:1249,val
synthetic_cloudtrail.csv:1250,val
synthetic_cloudtrail.csv:1251,val
synthetic_cloudtrail.csv:1252,val
synthetic_cloudtrail.csv:1253,val
synthetic_cloudtrail.csv:1254,train
synthetic_cloudtrail.csv:1255,train
synthetic_cloudtrail.csv:1256,train
synthetic_cloudtrail.csv:1257,train
synthetic_cloudtrail.csv:1258,train
synthetic_cloudtrail.csv:1259,train
synthetic_cloudtrail.csv:1260,train
synthetic_cloudtrail.csv:1261,train
synthetic_cloudtrail.csv:1262,train
synthetic_cloudtrail.csv:1263,train
synthetic_cloudtrail.csv:1264,train
synthetic_cloudtrail.csv:1265,train
synthetic_cloudtrail.csv:1266,train
synthetic_cloudtrail.csv:1267,train
synthetic_cloudtrail.csv:1268,train
synthetic_cloudtrail.csv:1269,val
synthetic_cloudtrail.csv:1270,val
synthetic_cloudtrail.csv:1271,val
synthetic_cloudtrail.csv:1272,val
synthetic_cloudtrail.csv:1273,val
synthetic_cloudtrail.csv:1274,val
synthetic_cloudtrail.csv:1275,val
synthetic_cloudtrail.csv:1276,val
synthetic_cloudtrail.csv:1277,val
synthetic_cloudtrail.csv:1278,val
synthetic_cloudtrail.csv:1279,val
synthetic_cloudtrail.csv:1280,val
synthetic_cloudtrail.csv:1281,val
synthetic_cloudtrail.csv:1282,val
synthetic_cloudtrail.csv:1283,val
synthetic_cloudtrail.csv:1284,val
synthetic_cloudtrail.csv:1285,val
synthetic_cloudtrail.csv:1286,val
synthetic_cloudtrail.csv:1287,val
synthetic_cloudtrail.csv:1288,train
synthetic_cloudtrail.csv:1289,train
synthetic_cloudtrail.csv:1290,train
synthetic_cloudtrail.csv:1291,train
synthetic_cloudtrail.csv:1292,train
synthetic_cloudtrail.csv:1293,train
synthetic_cloudtrail.csv:1294,train
synthetic_cloudtrail.csv:1295,train
synthetic_cloudtrail.csv:1296,train
synthetic_cloudtrail.csv:1297,train
synthetic_cloudtrail.csv:1298,train
synthetic_cloudtrail.csv:1299,train
synthetic_cloudtrail.csv:1300,train
synthetic_cloudtrail.csv:1301,train
synthetic_cloudtrail.csv:1302,train
synthetic_cloudtrail.csv:1303,train
synthetic_cloudtrail.csv:1304,train
synthetic_cloudtrail.csv:1305,train
synthetic_cloudtrail.csv:1306,train
synthetic_cloudtrail.csv:1307,train
synthetic_cloudtrail.csv:1308,train
synthetic_cloudtrail.csv:1309,train
synthetic_cloudtrail.csv:1310,train
synthetic_cloudtrail.csv:1311,train
synthetic_cloudtrail.csv:1312,train
synthetic_cloudtrail.csv:1313,train
synthetic_cloudtrail.csv:1314,train
synthetic_cloudtrail.csv:1315,train
synthetic_cloudtrail.csv:1316,train
synthetic_cloudtrail.csv:1317,train
synthetic_cloudtrail.csv:1318,train
synthetic_cloudtrail.csv:1319,train
synthetic_cloudtrail.csv:1320,train
synthetic_cloudtrail.csv:1321,train
synthetic_cloudtrail.csv:1322,val
synthetic_cloudtrail.csv:1323,val
synthetic_cloudtrail.csv:1324,train
synthetic_cloudtrail.csv:1325,val
synthetic_cloudtrail.csv:1326,train
synthetic_cloudtrail.csv:1327,val
synthetic_cloudtrail.csv:1328,train
synthetic_cloudtrail.csv:1329,train
synthetic_cloudtrail.csv:1330,train
synthetic_cloudtrail.csv:1331,val
synthetic_cloudtrail.csv:1332,train
synthetic_cloudtrail.csv:1333,val
synthetic_cloudtrail.csv:1334,val
synthetic_cloudtrail.csv:1335,val
synthetic_cloudtrail.csv:1336,val
synthetic_cloudtrail.csv:1337,val
synthetic_cloudtrail.csv:1338,val
synthetic_cloudtrail.csv:1339,val
synthetic_cloudtrail.csv:1340,val
synthetic_cloudtrail.csv:1341,val
synthetic_cloudtrail.csv:1342,val
synthetic_cloudtrail.csv:1343,val
synthetic_cloudtrail.csv:1344,train
synthetic_cloudtrail.csv:1345,val
synthetic_cloudtrail.csv:1346,val
synthetic_cloudtrail.csv:1347,val
synthetic_cloudtrail.csv:1348,train
synthetic_cloudtrail.csv:1349,val
synthetic_cloudtrail.csv:1350,val
synthetic_cloudtrail.csv:1351,train
synthetic_cloudtrail.csv:1352,train
synthetic_cloudtrail.csv:1353,train
synthetic_cloudtrail.csv:1354,train
synthetic_cloudtrail.csv:1355,train
synthetic_cloudtrail.csv:1356,train
synthetic_cloudtrail.csv:1357,train
synthetic_cloudtrail.csv:1358,train
synthetic_cloudtrail.csv:1359,train
synthetic_cloudtrail.csv:1360,train
synthetic_cloudtrail.csv:1361,train
synthetic_cloudtrail.csv:1362,train
synthetic_cloudtrail.csv:1363,train
synthetic_cloudtrail.csv:1364,train
synthetic_cloudtrail.csv:1365,train
synthetic_cloudtrail.csv:1366,train
synthetic_cloudtrail.csv:1367,train
synthetic_cloudtrail.csv:1368,train
synthetic_cloudtrail.csv:1369,train
synthetic_cloudtrail.csv:1370,train
synthetic_cloudtrail.csv:1371,train
synthetic_cloudtrail.csv:1372,val
synthetic_cloudtrail.csv:1373,train
synthetic_cloudtrail.csv:1374,train
synthetic_cloudtrail.csv:1375,train
synthetic_cloudtrail.csv:1376,val
synthetic_cloudtrail.csv:1377,train
synthetic_cloudtrail.csv:1378,train
synthetic_cloudtrail.csv:1379,train
synthetic_cloudtrail.csv:1380,val
synthetic_cloudtrail.csv:1381,val
synthetic_cloudtrail.csv:1382,train
synthetic_cloudtrail.csv:1383,train
synthetic_cloudtrail.csv:1384,train
synthetic_cloudtrail.csv:1385,train
synthetic_cloudtrail.csv:1386,train
synthetic_cloudtrail.csv:1387,train
synthetic_cloudtrail.csv:1388,train
synthetic_cloudtrail.csv:1389,train
synthetic_cloudtrail.csv:1390,train
synthetic_cloudtrail.csv:1391,train
synthetic_cloudtrail.csv:1392,train
synthetic_cloudtrail.csv:1393,train
synthetic_cloudtrail.csv:1394,train
synthetic_cloudtrail.csv:1395,train
synthetic_cloudtrail.csv:1396,train
synthetic_cloudtrail.csv:1397,train
synthetic_cloudtrail.csv:1398,train
synthetic_cloudtrail.csv:1399,train
synthetic_cloudtrail.csv:1400,train
synthetic_cloudtrail.csv:1401,train
synthetic_cloudtrail.csv:1402,train
synthetic_cloudtrail.csv:1403,train
synthetic_cloudtrail.csv:1404,train
synthetic_cloudtrail.csv:1405,train
synthetic_cloudtrail.csv:1406,test
synthetic_cloudtrail.csv:1407,test
synthetic_cloudtrail.csv:1408,test
synthetic_cloudtrail.csv:1409,train
synthetic_cloudtrail.csv:1410,train
synthetic_cloudtrail.csv:1411,train
synthetic_cloudtrail.csv:1412,train
synthetic_cloudtrail.csv:1413,train
synthetic_cloudtrail.csv:1414,train
synthetic_cloudtrail.csv:1415,train
synthetic_cloudtrail.csv:1416,train
synthetic_cloudtrail.csv:1417,train
synthetic_cloudtrail.csv:1418,val
synthetic_cloudtrail.csv:1419,val
synthetic_cloudtrail.csv:1420,val
synthetic_cloudtrail.csv:1421,val
synthetic_cloudtrail.csv:1422,val
synthetic_cloudtrail.csv:1423,val
synthetic_cloudtrail.csv:1424,train
synthetic_cloudtrail.csv:1425,train
synthetic_cloudtrail.csv:1426,val
synthetic_cloudtrail.csv:1427,val
synthetic_cloudtrail.csv:1428,val
synthetic_cloudtrail.csv:1429,train
synthetic_cloudtrail.csv:1430,val
synthetic_cloudtrail.csv:1431,val
synthetic_cloudtrail.csv:1432,val
synthetic_cloudtrail.csv:1433,train
synthetic_cloudtrail.csv:1434,val
synthetic_cloudtrail.csv:1435,val
synthetic_cloudtrail.csv:1436,train
synthetic_cloudtrail.csv:1437,val
synthetic_cloudtrail.csv:1438,train
synthetic_cloudtrail.csv:1439,val
synthetic_cloudtrail.csv:1440,train
synthetic_cloudtrail.csv:1441,train
synthetic_cloudtrail.csv:1442,val
synthetic_cloudtrail.csv:1443,train
synthetic_cloudtrail.csv:1444,train
synthetic_cloudtrail.csv:1445,train
synthetic_cloudtrail.csv:1446,train
synthetic_cloudtrail.csv:1447,train
synthetic_cloudtrail.csv:1448,train
synthetic_cloudtrail.csv:1449,train
synthetic_cloudtrail.csv:1450,train
synthetic_cloudtrail.csv:1451,train
synthetic_cloudtrail.csv:1452,train
synthetic_cloudtrail.csv:1453,train
synthetic_cloudtrail.csv:1454,train
synthetic_cloudtrail.csv:1455,train
synthetic_cloudtrail.csv:1456,train
synthetic_cloudtrail.csv:1457,train
synthetic_cloudtrail.csv:1458,val
synthetic_cloudtrail.csv:1459,val
synthetic_cloudtrail.csv:1460,val
synthetic_cloudtrail.csv:1461,val
synthetic_cloudtrail.csv:1462,val
synthetic_cloudtrail.csv:1463,val
synthetic_cloudtrail.csv:1464,val
synthetic_cloudtrail.csv:1465,val
synthetic_cloudtrail.csv:1466,val
synthetic_cloudtrail.csv:1467,val
synthetic_cloudtrail.csv:1468,val
synthetic_cloudtrail.csv:1469,val
synthetic_cloudtrail.csv:1470,val
synthetic_cloudtrail.csv:1471,val
synthetic_cloudtrail.csv:1472,val
synthetic_cloudtrail.csv:1473,val
synthetic_cloudtrail.csv:1474,val
synthetic_cloudtrail.csv:1475,val
synthetic_cloudtrail.csv:1476,val
synthetic_cloudtrail.csv:1477,val
synthetic_cloudtrail.csv:1478,val
synthetic_cloudtrail.csv:1479,val
synthetic_cloudtrail.csv:1480,val
synthetic_cloudtrail.csv:1481,val
synthetic_cloudtrail.csv:1482,val
synthetic_cloudtrail.csv:1483,val
synthetic_cloudtrail.csv:1484,val
synthetic_cloudtrail.csv:1485,val
synthetic_cloudtrail.csv:1486,val
synthetic_cloudtrail.csv:1487,val
synthetic_cloudtrail.csv:1488,val
synthetic_cloudtrail.csv:1489,val
synthetic_cloudtrail.csv:1490,val
synthetic_cloudtrail.csv:1491,val
synthetic_cloudtrail.csv:1492,val
synthetic_cloudtrail.csv:1493,val
synthetic_cloudtrail.csv:1494,val
synthetic_cloudtrail.csv:1495,val
synthetic_cloudtrail.csv:1496,val
synthetic_cloudtrail.csv:1497,val
synthetic_cloudtrail.csv:1498,val
synthetic_cloudtrail.csv:1499,train
synthetic_cloudtrail.csv:1500,train
synthetic_cloudtrail.csv:1501,train
synthetic_cloudtrail.csv:1502,train
synthetic_cloudtrail.csv:1503,train
synthetic_cloudtrail.csv:1504,train
synthetic_cloudtrail.csv:1505,train
synthetic_cloudtrail.csv:1506,train
synthetic_cloudtrail.csv:1507,train
synthetic_cloudtrail.csv:1508,train
synthetic_cloudtrail.csv:1509,train
synthetic_cloudtrail.csv:1510,val
synthetic_cloudtrail.csv:1511,train
synthetic_cloudtrail.csv:1512,train
synthetic_cloudtrail.csv:1513,val
synthetic_cloudtrail.csv:1514,val
synthetic_cloudtrail.csv:1515,val
synthetic_cloudtrail.csv:1516,val
synthetic_cloudtrail.csv:1517,train
synthetic_cloudtrail.csv:1518,train
synthetic_cloudtrail.csv:1519,train
synthetic_cloudtrail.csv:1520,val
synthetic_cloudtrail.csv:1521,train
synthetic_cloudtrail.csv:1522,train
synthetic_cloudtrail.csv:1523,train
synthetic_cloudtrail.csv:1524,train
synthetic_cloudtrail.csv:1525,train
synthetic_cloudtrail.csv:1526,train
synthetic_cloudtrail.csv:1527,train
synthetic_cloudtrail.csv:1528,train
synthetic_cloudtrail.csv:1529,train
synthetic_cloudtrail.csv:1530,train
synthetic_cloudtrail.csv:1531,train
synthetic_cloudtrail.csv:1532,train
synthetic_cloudtrail.csv:1533,train
synthetic_cloudtrail.csv:1534,train
synthetic_cloudtrail.csv:1535,train
synthetic_cloudtrail.csv:1536,train
synthetic_cloudtrail.csv:1537,train
synthetic_cloudtrail.csv:1538,train
synthetic_cloudtrail.csv:1539,train
synthetic_cloudtrail.csv:1540,train
synthetic_cloudtrail.csv:1541,train
synthetic_cloudtrail.csv:1542,train
synthetic_cloudtrail.csv:1543,train
synthetic_cloudtrail.csv:1544,train
synthetic_cloudtrail.csv:1545,train
synthetic_cloudtrail.csv:1546,train
synthetic_cloudtrail.csv:1547,train
synthetic_cloudtrail.csv:1548,train
synthetic_cloudtrail.csv:1549,train
synthetic_cloudtrail.csv:1550,train
synthetic_cloudtrail.csv:1551,train
synthetic_cloudtrail.csv:1552,val
synthetic_cloudtrail.csv:1553,val
synthetic_cloudtrail.csv:1554,val
synthetic_cloudtrail.csv:1555,val
synthetic_cloudtrail.csv:1556,val
synthetic_cloudtrail.csv:1557,val
synthetic_cloudtrail.csv:1558,val
synthetic_cloudtrail.csv:1559,val
synthetic_cloudtrail.csv:1560,val
synthetic_cloudtrail.csv:1561,val
synthetic_cloudtrail.csv:1562,val
synthetic_cloudtrail.csv:1563,val
synthetic_cloudtrail.csv:1564,val
synthetic_cloudtrail.csv:1565,val
synthetic_cloudtrail.csv:1566,val
synthetic_cloudtrail.csv:1567,val
synthetic_cloudtrail.csv:1568,val
synthetic_cloudtrail.csv:1569,val
synthetic_cloudtrail.csv:1570,train
synthetic_cloudtrail.csv:1571,train
synthetic_cloudtrail.csv:1572,train
synthetic_cloudtrail.csv:1573,train
synthetic_cloudtrail.csv:1574,train
synthetic_cloudtrail.csv:1575,train
synthetic_cloudtrail.csv:1576,val
synthetic_cloudtrail.csv:1577,train
synthetic_cloudtrail.csv:1578,train
synthetic_cloudtrail.csv:1579,train
synthetic_cloudtrail.csv:1580,train
synthetic_cloudtrail.csv:1581,train
synthetic_cloudtrail.csv:1582,train
synthetic_cloudtrail.csv:1583,train
synthetic_cloudtrail.csv:1584,train
synthetic_cloudtrail.csv:1585,train
synthetic_cloudtrail.csv:1586,test
synthetic_cloudtrail.csv:1587,test
synthetic_cloudtrail.csv:1588,test
synthetic_cloudtrail.csv:1589,test
synthetic_cloudtrail.csv:1590,test
synthetic_cloudtrail.csv:1591,test
synthetic_cloudtrail.csv:1592,test
synthetic_cloudtrail.csv:1593,test
synthetic_cloudtrail.csv:1594,test
synthetic_cloudtrail.csv:1595,test
synthetic_cloudtrail.csv:1596,test
synthetic_cloudtrail.csv:1597,test
synthetic_cloudtrail.csv:1598,train
synthetic_cloudtrail.csv:1599,train
synthetic_cloudtrail.csv:1600,train
synthetic_cloudtrail.csv:1601,train
synthetic_cloudtrail.csv:1602,train
synthetic_cloudtrail.csv:1603,train
synthetic_cloudtrail.csv:1604,train
synthetic_cloudtrail.csv:1605,train
synthetic_cloudtrail.csv:1606,train
synthetic_cloudtrail.csv:1607,train
synthetic_cloudtrail.csv:1608,train
synthetic_cloudtrail.csv:1609,train
synthetic_cloudtrail.csv:1610,train
synthetic_cloudtrail.csv:1611,train
synthetic_cloudtrail.csv:1612,train
synthetic_cloudtrail.csv:1613,train
synthetic_cloudtrail.csv:1614,train
synthetic_cloudtrail.csv:1615,train
synthetic_cloudtrail.csv:1616,train
synthetic_cloudtrail.csv:1617,train
synthetic_cloudtrail.csv:1618,train
synthetic_cloudtrail.csv:1619,train
synthetic_cloudtrail.csv:1620,train
synthetic_cloudtrail.csv:1621,train
synthetic_cloudtrail.csv:1622,train
synthetic_cloudtrail.csv:1623,train
synthetic_cloudtrail.csv:1624,train
synthetic_cloudtrail.csv:1625,train
synthetic_cloudtrail.csv:1626,train
synthetic_cloudtrail.csv:1627,train
synthetic_cloudtrail.csv:1628,train
synthetic_cloudtrail.csv:1629,train
synthetic_cloudtrail.csv:1630,train
synthetic_cloudtrail.csv:1631,train
synthetic_cloudtrail.csv:1632,train
synthetic_cloudtrail.csv:1633,train
synthetic_cloudtrail.csv:1634,train
synthetic_cloudtrail.csv:1635,train
synthetic_cloudtrail.csv:1636,train
synthetic_cloudtrail.csv:1637,train
synthetic_cloudtrail.csv:1638,train
synthetic_cloudtrail.csv:1639,train
synthetic_cloudtrail.csv:1640,train
synthetic_cloudtrail.csv:1641,train
synthetic_cloudtrail.csv:1642,train
synthetic_cloudtrail.csv:1643,train
synthetic_cloudtrail.csv:1644,train
synthetic_cloudtrail.csv:1645,train
synthetic_cloudtrail.csv:1646,train
synthetic_cloudtrail.csv:1647,train
synthetic_cloudtrail.csv:1648,train
synthetic_cloudtrail.csv:1649,train
synthetic_cloudtrail.csv:1650,train
synthetic_cloudtrail.csv:1651,train
synthetic_cloudtrail.csv:1652,train
synthetic_cloudtrail.csv:1653,train
synthetic_cloudtrail.csv:1654,val
synthetic_cloudtrail.csv:1655,train
synthetic_cloudtrail.csv:1656,train
synthetic_cloudtrail.csv:1657,train
synthetic_cloudtrail.csv:1658,val
synthetic_cloudtrail.csv:1659,train
synthetic_cloudtrail.csv:1660,val
synthetic_cloudtrail.csv:1661,val
synthetic_cloudtrail.csv:1662,train
synthetic_cloudtrail.csv:1663,val
synthetic_cloudtrail.csv:1664,train
synthetic_cloudtrail.csv:1665,train
synthetic_cloudtrail.csv:1666,train
synthetic_cloudtrail.csv:1667,train
synthetic_cloudtrail.csv:1668,train
synthetic_cloudtrail.csv:1669,train
synthetic_cloudtrail.csv:1670,train
synthetic_cloudtrail.csv:1671,train
synthetic_cloudtrail.csv:1672,train
synthetic_cloudtrail.csv:1673,train
synthetic_cloudtrail.csv:1674,train
synthetic_cloudtrail.csv:1675,train
synthetic_cloudtrail.csv:1676,train
synthetic_cloudtrail.csv:1677,train
synthetic_cloudtrail.csv:1678,train
synthetic_cloudtrail.csv:1679,train
synthetic_cloudtrail.csv:1680,train
synthetic_cloudtrail.csv:1681,train
synthetic_cloudtrail.csv:1682,train
synthetic_cloudtrail.csv:1683,train
synthetic_cloudtrail.csv:1684,train
synthetic_cloudtrail.csv:1685,train
synthetic_cloudtrail.csv:1686,train
synthetic_cloudtrail.csv:1687,train
synthetic_cloudtrail.csv:1688,train
synthetic_cloudtrail.csv:1689,train
synthetic_cloudtrail.csv:1690,val
synthetic_cloudtrail.csv:1691,train
synthetic_cloudtrail.csv:1692,train
synthetic_cloudtrail.csv:1693,train
synthetic_cloudtrail.csv:1694,train
synthetic_cloudtrail.csv:1695,train
synthetic_cloudtrail.csv:1696,train
synthetic_cloudtrail.csv:1697,train
synthetic_cloudtrail.csv:1698,train
synthetic_cloudtrail.csv:1699,train
synthetic_cloudtrail.csv:1700,val
synthetic_cloudtrail.csv:1701,train
synthetic_cloudtrail.csv:1702,train
synthetic_cloudtrail.csv:1703,val
synthetic_cloudtrail.csv:1704,train
synthetic_cloudtrail.csv:1705,train
synthetic_cloudtrail.csv:1706,val
synthetic_cloudtrail.csv:1707,val
synthetic_cloudtrail.csv:1708,train
synthetic_cloudtrail.csv:1709,train
synthetic_cloudtrail.csv:1710,val
synthetic_cloudtrail.csv:1711,train
synthetic_cloudtrail.csv:1712,val
synthetic_cloudtrail.csv:1713,train
synthetic_cloudtrail.csv:1714,val
synthetic_cloudtrail.csv:1715,val
synthetic_cloudtrail.csv:1716,train
synthetic_cloudtrail.csv:1717,train
synthetic_cloudtrail.csv:1718,train
synthetic_cloudtrail.csv:1719,val
synthetic_cloudtrail.csv:1720,train
synthetic_cloudtrail.csv:1721,val
synthetic_cloudtrail.csv:1722,train
synthetic_cloudtrail.csv:1723,train
synthetic_cloudtrail.csv:1724,train
synthetic_cloudtrail.csv:1725,train
synthetic_cloudtrail.csv:1726,val
synthetic_cloudtrail.csv:1727,train
synthetic_cloudtrail.csv:1728,val
synthetic_cloudtrail.csv:1729,train
synthetic_cloudtrail.csv:1730,train
synthetic_cloudtrail.csv:1731,train
synthetic_cloudtrail.csv:1732,val
synthetic_cloudtrail.csv:1733,val
synthetic_cloudtrail.csv:1734,val
synthetic_cloudtrail.csv:1735,val
synthetic_cloudtrail.csv:1736,val
synthetic_cloudtrail.csv:1737,val
synthetic_cloudtrail.csv:1738,val
synthetic_cloudtrail.csv:1739,val
synthetic_cloudtrail.csv:1740,val
synthetic_cloudtrail.csv:1741,val
synthetic_cloudtrail.csv:1742,val
synthetic_cloudtrail.csv:1743,val
synthetic_cloudtrail.csv:1744,val
synthetic_cloudtrail.csv:1745,val
synthetic_cloudtrail.csv:1746,val
synthetic_cloudtrail.csv:1747,val
synthetic_cloudtrail.csv:1748,val
synthetic_cloudtrail.csv:1749,val
synthetic_cloudtrail.csv:1750,val
synthetic_cloudtrail.csv:1751,val
synthetic_cloudtrail.csv:1752,val
synthetic_cloudtrail.csv:1753,val
synthetic_cloudtrail.csv:1754,train
synthetic_cloudtrail.csv:1755,train
synthetic_cloudtrail.csv:1756,train
synthetic_cloudtrail.csv:1757,train
synthetic_cloudtrail.csv:1758,train
synthetic_cloudtrail.csv:1759,train
synthetic_cloudtrail.csv:1760,train
synthetic_cloudtrail.csv:1761,train
synthetic_cloudtrail.csv:1762,train
synthetic_cloudtrail.csv:1763,train
synthetic_cloudtrail.csv:1764,train
synthetic_cloudtrail.csv:1765,train
synthetic_cloudtrail.csv:1766,train
synthetic_cloudtrail.csv:1767,train
synthetic_cloudtrail.csv:1768,train
synthetic_cloudtrail.csv:1769,train
synthetic_cloudtrail.csv:1770,train
synthetic_cloudtrail.csv:1771,train
synthetic_cloudtrail.csv:1772,train
synthetic_cloudtrail.csv:1773,train
synthetic_cloudtrail.csv:1774,train
synthetic_cloudtrail.csv:1775,train
synthetic_cloudtrail.csv:1776,train
synthetic_cloudtrail.csv:1777,train
synthetic_cloudtrail.csv:1778,train
synthetic_cloudtrail.csv:1779,train
synthetic_cloudtrail.csv:1780,train
synthetic_cloudtrail.csv:1781,train
synthetic_cloudtrail.csv:1782,train
synthetic_cloudtrail.csv:1783,train
synthetic_cloudtrail.csv:1784,train
synthetic_cloudtrail.csv:1785,train
synthetic_cloudtrail.csv:1786,train
synthetic_cloudtrail.csv:1787,train
synthetic_cloudtrail.csv:1788,train
synthetic_cloudtrail.csv:1789,train
synthetic_cloudtrail.csv:1790,train
synthetic_cloudtrail.csv:1791,train
synthetic_cloudtrail.csv:1792,train
synthetic_cloudtrail.csv:1793,train
synthetic_cloudtrail.csv:1794,train
synthetic_cloudtrail.csv:1795,train
synthetic_cloudtrail.csv:1796,val
synthetic_cloudtrail.csv:1797,train
synthetic_cloudtrail.csv:1798,train
synthetic_cloudtrail.csv:1799,train
synthetic_cloudtrail.csv:1800,val
synthetic_cloudtrail.csv:1801,train
synthetic_cloudtrail.csv:1802,val
synthetic_cloudtrail.csv:1803,val
synthetic_cloudtrail.csv:1804,train
synthetic_cloudtrail.csv:1805,train
synthetic_cloudtrail.csv:1806,val
synthetic_cloudtrail.csv:1807,train
synthetic_cloudtrail.csv:1808,val
synthetic_cloudtrail.csv:1809,train
synthetic_cloudtrail.csv:1810,train
synthetic_cloudtrail.csv:1811,val
synthetic_cloudtrail.csv:1812,train
synthetic_cloudtrail.csv:1813,train
synthetic_cloudtrail.csv:1814,train
synthetic_cloudtrail.csv:1815,train
synthetic_cloudtrail.csv:1816,val
synthetic_cloudtrail.csv:1817,val
synthetic_cloudtrail.csv:1818,train
synthetic_cloudtrail.csv:1819,train
synthetic_cloudtrail.csv:1820,train
synthetic_cloudtrail.csv:1821,train
synthetic_cloudtrail.csv:1822,train
synthetic_cloudtrail.csv:1823,train
synthetic_cloudtrail.csv:1824,train
synthetic_cloudtrail.csv:1825,train
synthetic_cloudtrail.csv:1826,train
synthetic_cloudtrail.csv:1827,train
synthetic_cloudtrail.csv:1828,train
synthetic_cloudtrail.csv:1829,train
synthetic_cloudtrail.csv:1830,train
synthetic_cloudtrail.csv:1831,train
synthetic_cloudtrail.csv:1832,train
synthetic_cloudtrail.csv:1833,train
synthetic_cloudtrail.csv:1834,train
synthetic_cloudtrail.csv:1835,train
synthetic_cloudtrail.csv:1836,train
synthetic_cloudtrail.csv:1837,train
synthetic_cloudtrail.csv:1838,train
synthetic_cloudtrail.csv:1839,train
synthetic_cloudtrail.csv:1840,train
synthetic_cloudtrail.csv:1841,train
synthetic_cloudtrail.csv:1842,train
synthetic_cloudtrail.csv:1843,train
synthetic_cloudtrail.csv:1844,train
synthetic_cloudtrail.csv:1845,train
synthetic_cloudtrail.csv:1846,train
synthetic_cloudtrail.csv:1847,train
synthetic_cloudtrail.csv:1848,train
synthetic_cloudtrail.csv:1849,train
synthetic_cloudtrail.csv:1850,train
synthetic_cloudtrail.csv:1851,train
synthetic_cloudtrail.csv:1852,train
synthetic_cloudtrail.csv:1853,train
synthetic_cloudtrail.csv:1854,train
synthetic_cloudtrail.csv:1855,train
synthetic_cloudtrail.csv:1856,train
synthetic_cloudtrail.csv:1857,train
synthetic_cloudtrail.csv:1858,train
synthetic_cloudtrail.csv:1859,train
synthetic_cloudtrail.csv:1860,train
synthetic_cloudtrail.csv:1861,train
synthetic_cloudtrail.csv:1862,train
synthetic_cloudtrail.csv:1863,train
synthetic_cloudtrail.csv:1864,val
synthetic_cloudtrail.csv:1865,val
synthetic_cloudtrail.csv:1866,val
synthetic_cloudtrail.csv:1867,val
synthetic_cloudtrail.csv:1868,val
synthetic_cloudtrail.csv:1869,val
synthetic_cloudtrail.csv:1870,val
synthetic_cloudtrail.csv:1871,val
synthetic_cloudtrail.csv:1872,val
synthetic_cloudtrail.csv:1873,val
synthetic_cloudtrail.csv:1874,val
synthetic_cloudtrail.csv:1875,val
synthetic_cloudtrail.csv:1876,val
synthetic_cloudtrail.csv:1877,val
synthetic_cloudtrail.csv:1878,val
synthetic_cloudtrail.csv:1879,train
synthetic_cloudtrail.csv:1880,train
synthetic_cloudtrail.csv:1881,train
synthetic_cloudtrail.csv:1882,train
synthetic_cloudtrail.csv:1883,train
synthetic_cloudtrail.csv:1884,train
synthetic_cloudtrail.csv:1885,train
synthetic_cloudtrail.csv:1886,train
synthetic_cloudtrail.csv:1887,train
synthetic_cloudtrail.csv:1888,train
synthetic_cloudtrail.csv:1889,train
synthetic_cloudtrail.csv:1890,train
synthetic_cloudtrail.csv:1891,train
synthetic_cloudtrail.csv:1892,train
synthetic_cloudtrail.csv:1893,train
synthetic_cloudtrail.csv:1894,train
synthetic_cloudtrail.csv:1895,train
synthetic_cloudtrail.csv:1896,train
synthetic_cloudtrail.csv:1897,train
synthetic_cloudtrail.csv:1898,train
synthetic_cloudtrail.csv:1899,train
synthetic_cloudtrail.csv:1900,train
synthetic_cloudtrail.csv:1901,train
synthetic_cloudtrail.csv:1902,train
synthetic_cloudtrail.csv:1903,train
synthetic_cloudtrail.csv:1904,val
synthetic_cloudtrail.csv:1905,val
synthetic_cloudtrail.csv:1906,val
synthetic_cloudtrail.csv:1907,val
synthetic_cloudtrail.csv:1908,val
synthetic_cloudtrail.csv:1909,val
synthetic_cloudtrail.csv:1910,val
synthetic_cloudtrail.csv:1911,val
synthetic_cloudtrail.csv:1912,val
synthetic_cloudtrail.csv:1913,val
synthetic_cloudtrail.csv:1914,train
synthetic_cloudtrail.csv:1915,train
synthetic_cloudtrail.csv:1916,train
synthetic_cloudtrail.csv:1917,train
synthetic_cloudtrail.csv:1918,train
synthetic_cloudtrail.csv:1919,train
synthetic_cloudtrail.csv:1920,train
synthetic_cloudtrail.csv:1921,train
synthetic_cloudtrail.csv:1922,train
synthetic_cloudtrail.csv:1923,train
synthetic_cloudtrail.csv:1924,train
synthetic_cloudtrail.csv:1925,train
synthetic_cloudtrail.csv:1926,train
synthetic_cloudtrail.csv:1927,train
synthetic_cloudtrail.csv:1928,train
synthetic_cloudtrail.csv:1929,train
synthetic_cloudtrail.csv:1930,train
synthetic_cloudtrail.csv:1931,train
synthetic_cloudtrail.csv:1932,train
synthetic_cloudtrail.csv:1933,train
synthetic_cloudtrail.csv:1934,train
synthetic_cloudtrail.csv:1935,train
synthetic_cloudtrail.csv:1936,val
synthetic_cloudtrail.csv:1937,val
synthetic_cloudtrail.csv:1938,val
synthetic_cloudtrail.csv:1939,val
synthetic_cloudtrail.csv:1940,val
synthetic_cloudtrail.csv:1941,val
synthetic_cloudtrail.csv:1942,val
synthetic_cloudtrail.csv:1943,val
synthetic_cloudtrail.csv:1944,val
synthetic_cloudtrail.csv:1945,train
synthetic_cloudtrail.csv:1946,train
synthetic_cloudtrail.csv:1947,train
synthetic_cloudtrail.csv:1948,train
synthetic_cloudtrail.csv:1949,train
synthetic_cloudtrail.csv:1950,train
synthetic_cloudtrail.csv:1951,train
synthetic_cloudtrail.csv:1952,train
synthetic_cloudtrail.csv:1953,train
synthetic_cloudtrail.csv:1954,train
synthetic_cloudtrail.csv:1955,train
synthetic_cloudtrail.csv:1956,train
synthetic_cloudtrail.csv:1957,train
synthetic_cloudtrail.csv:1958,train
synthetic_cloudtrail.csv:1959,train
synthetic_cloudtrail.csv:1960,val
synthetic_cloudtrail.csv:1961,train
synthetic_cloudtrail.csv:1962,train
synthetic_cloudtrail.csv:1963,train
synthetic_cloudtrail.csv:1964,train
synthetic_cloudtrail.csv:1965,train
synthetic_cloudtrail.csv:1966,val
synthetic_cloudtrail.csv:1967,val
synthetic_cloudtrail.csv:1968,val
synthetic_cloudtrail.csv:1969,train
synthetic_cloudtrail.csv:1970,train
synthetic_cloudtrail.csv:1971,train
synthetic_cloudtrail.csv:1972,train
synthetic_cloudtrail.csv:1973,train
synthetic_cloudtrail.csv:1974,train
synthetic_cloudtrail.csv:1975,train
synthetic_cloudtrail.csv:1976,train
synthetic_cloudtrail.csv:1977,train
synthetic_cloudtrail.csv:1978,train
synthetic_cloudtrail.csv:1979,train
synthetic_cloudtrail.csv:1980,train
synthetic_cloudtrail.csv:1981,train
synthetic_cloudtrail.csv:1982,train
synthetic_cloudtrail.csv:1983,train
synthetic_cloudtrail.csv:1984,train
synthetic_cloudtrail.csv:1985,train
synthetic_cloudtrail.csv:1986,train
synthetic_cloudtrail.csv:1987,train
synthetic_cloudtrail.csv:1988,train
synthetic_cloudtrail.csv:1989,train
synthetic_cloudtrail.csv:1990,train
synthetic_cloudtrail.csv:1991,train
synthetic_cloudtrail.csv:1992,train
synthetic_cloudtrail.csv:1993,train
synthetic_cloudtrail.csv:1994,train
synthetic_cloudtrail.csv:1995,train
synthetic_cloudtrail.csv:1996,train
synthetic_cloudtrail.csv:1997,val
synthetic_cloudtrail.csv:1998,train
synthetic_cloudtrail.csv:1999,train
synthetic_cloudtrail.csv:2000,val
synthetic_cloudtrail.csv:2001,val
synthetic_cloudtrail.csv:2002,train
synthetic_cloudtrail.csv:2003,train
synthetic_cloudtrail.csv:2004,val
synthetic_cloudtrail.csv:2005,train
synthetic_cloudtrail.csv:2006,train
synthetic_cloudtrail.csv:2007,train
synthetic_cloudtrail.csv:2008,train
synthetic_cloudtrail.csv:2009,train
synthetic_cloudtrail.csv:2010,train
synthetic_cloudtrail.csv:2011,train
synthetic_cloudtrail.csv:2012,train
synthetic_cloudtrail.csv:2013,train
synthetic_cloudtrail.csv:2014,train
synthetic_cloudtrail.csv:2015,train
synthetic_cloudtrail.csv:2016,train
synthetic_cloudtrail.csv:2017,train
synthetic_cloudtrail.csv:2018,train
synthetic_cloudtrail.csv:2019,train
synthetic_cloudtrail.csv:2020,train
synthetic_cloudtrail.csv:2021,train
synthetic_cloudtrail.csv:2022,train
synthetic_cloudtrail.csv:2023,train
synthetic_cloudtrail.csv:2024,train
synthetic_cloudtrail.csv:2025,train
synthetic_cloudtrail.csv:2026,train
synthetic_cloudtrail.csv:2027,train
synthetic_cloudtrail.csv:2028,train
synthetic_cloudtrail.csv:2029,train
synthetic_cloudtrail.csv:2030,train
synthetic_cloudtrail.csv:2031,train
synthetic_cloudtrail.csv:2032,train
synthetic_cloudtrail.csv:2033,train
synthetic_cloudtrail.csv:2034,train
synthetic_cloudtrail.csv:2035,train
synthetic_cloudtrail.csv:2036,val
synthetic_cloudtrail.csv:2037,train
synthetic_cloudtrail.csv:2038,train
synthetic_cloudtrail.csv:2039,val
synthetic_cloudtrail.csv:2040,train
synthetic_cloudtrail.csv:2041,train
synthetic_cloudtrail.csv:2042,val
synthetic_cloudtrail.csv:2043,val
synthetic_cloudtrail.csv:2044,val
synthetic_cloudtrail.csv:2045,val
synthetic_cloudtrail.csv:2046,train
synthetic_cloudtrail.csv:2047,train
synthetic_cloudtrail.csv:2048,val
synthetic_cloudtrail.csv:2049,train
synthetic_cloudtrail.csv:2050,train
synthetic_cloudtrail.csv:2051,train
synthetic_cloudtrail.csv:2052,train
synthetic_cloudtrail.csv:2053,train
synthetic_cloudtrail.csv:2054,train
synthetic_cloudtrail.csv:2055,train
synthetic_cloudtrail.csv:2056,train
synthetic_cloudtrail.csv:2057,train
synthetic_cloudtrail.csv:2058,val
synthetic_cloudtrail.csv:2059,train
synthetic_cloudtrail.csv:2060,train
synthetic_cloudtrail.csv:2061,train
synthetic_cloudtrail.csv:2062,train
synthetic_cloudtrail.csv:2063,train
synthetic_cloudtrail.csv:2064,train
synthetic_cloudtrail.csv:2065,val
synthetic_cloudtrail.csv:2066,val
synthetic_cloudtrail.csv:2067,val
synthetic_cloudtrail.csv:2068,val
synthetic_cloudtrail.csv:2069,val
synthetic_cloudtrail.csv:2070,val
synthetic_cloudtrail.csv:2071,val
synthetic_cloudtrail.csv:2072,val
synthetic_cloudtrail.csv:2073,val
synthetic_cloudtrail.csv:2074,val
synthetic_cloudtrail.csv:2075,val
synthetic_cloudtrail.csv:2076,val
synthetic_cloudtrail.csv:2077,val
synthetic_cloudtrail.csv:2078,val
synthetic_cloudtrail.csv:2079,train
synthetic_cloudtrail.csv:2080,train
synthetic_cloudtrail.csv:2081,train
synthetic_cloudtrail.csv:2082,train
synthetic_cloudtrail.csv:2083,train
synthetic_cloudtrail.csv:2084,train
synthetic_cloudtrail.csv:2085,train
synthetic_cloudtrail.csv:2086,train
synthetic_cloudtrail.csv:2087,train
synthetic_cloudtrail.csv:2088,train
synthetic_cloudtrail.csv:2089,train
synthetic_cloudtrail.csv:2090,train
synthetic_cloudtrail.csv:2091,train
synthetic_cloudtrail.csv:2092,val
synthetic_cloudtrail.csv:2093,train
synthetic_cloudtrail.csv:2094,val
synthetic_cloudtrail.csv:2095,val
synthetic_cloudtrail.csv:2096,train
synthetic_cloudtrail.csv:2097,train
synthetic_cloudtrail.csv:2098,train
synthetic_cloudtrail.csv:2099,val
synthetic_cloudtrail.csv:2100,train
synthetic_cloudtrail.csv:2101,val
synthetic_cloudtrail.csv:2102,train
synthetic_cloudtrail.csv:2103,train
synthetic_cloudtrail.csv:2104,train
synthetic_cloudtrail.csv:2105,train
synthetic_cloudtrail.csv:2106,train
synthetic_cloudtrail.csv:2107,train
synthetic_cloudtrail.csv:2108,train
synthetic_cloudtrail.csv:2109,train
synthetic_cloudtrail.csv:2110,train
synthetic_cloudtrail.csv:2111,val
synthetic_cloudtrail.csv:2112,val
synthetic_cloudtrail.csv:2113,val
synthetic_cloudtrail.csv:2114,val
synthetic_cloudtrail.csv:2115,val
synthetic_cloudtrail.csv:2116,val
synthetic_cloudtrail.csv:2117,val
synthetic_cloudtrail.csv:2118,val
synthetic_cloudtrail.csv:2119,val
synthetic_cloudtrail.csv:2120,val
synthetic_cloudtrail.csv:2121,val
synthetic_cloudtrail.csv:2122,val
synthetic_cloudtrail.csv:2123,val
synthetic_cloudtrail.csv:2124,val
synthetic_cloudtrail.csv:2125,val
synthetic_cloudtrail.csv:2126,val
synthetic_cloudtrail.csv:2127,val
synthetic_cloudtrail.csv:2128,train
synthetic_cloudtrail.csv:2129,train
synthetic_cloudtrail.csv:2130,train
synthetic_cloudtrail.csv:2131,train
synthetic_cloudtrail.csv:2132,train
synthetic_cloudtrail.csv:2133,train
synthetic_cloudtrail.csv:2134,train
synthetic_cloudtrail.csv:2135,train
synthetic_cloudtrail.csv:2136,train
synthetic_cloudtrail.csv:2137,train
synthetic_cloudtrail.csv:2138,train
synthetic_cloudtrail.csv:2139,train
synthetic_cloudtrail.csv:2140,train
synthetic_cloudtrail.csv:2141,train
synthetic_cloudtrail.csv:2142,train
synthetic_cloudtrail.csv:2143,train
synthetic_cloudtrail.csv:2144,train
synthetic_cloudtrail.csv:2145,train
synthetic_cloudtrail.csv:2146,train
synthetic_cloudtrail.csv:2147,train
synthetic_cloudtrail.csv:2148,train
synthetic_cloudtrail.csv:2149,train
synthetic_cloudtrail.csv:2150,train
synthetic_cloudtrail.csv:2151,val
synthetic_cloudtrail.csv:2152,train
synthetic_cloudtrail.csv:2153,train
synthetic_cloudtrail.csv:2154,val
synthetic_cloudtrail.csv:2155,train
synthetic_cloudtrail.csv:2156,val
synthetic_cloudtrail.csv:2157,val
synthetic_cloudtrail.csv:2158,train
synthetic_cloudtrail.csv:2159,train
synthetic_cloudtrail.csv:2160,train
synthetic_cloudtrail.csv:2161,train
synthetic_cloudtrail.csv:2162,train
synthetic_cloudtrail.csv:2163,train
synthetic_cloudtrail.csv:2164,train
synthetic_cloudtrail.csv:2165,train
synthetic_cloudtrail.csv:2166,train
synthetic_cloudtrail.csv:2167,train
synthetic_cloudtrail.csv:2168,train
synthetic_cloudtrail.csv:2169,train
synthetic_cloudtrail.csv:2170,train
synthetic_cloudtrail.csv:2171,train
synthetic_cloudtrail.csv:2172,train
synthetic_cloudtrail.csv:2173,train
synthetic_cloudtrail.csv:2174,train
synthetic_cloudtrail.csv:2175,train
synthetic_cloudtrail.csv:2176,train
synthetic_cloudtrail.csv:2177,train
synthetic_cloudtrail.csv:2178,train
synthetic_cloudtrail.csv:2179,train
synthetic_cloudtrail.csv:2180,train
synthetic_cloudtrail.csv:2181,train
synthetic_cloudtrail.csv:2182,train
synthetic_cloudtrail.csv:2183,train
synthetic_cloudtrail.csv:2184,train
synthetic_cloudtrail.csv:2185,train
synthetic_cloudtrail.csv:2186,train
synthetic_cloudtrail.csv:2187,train
synthetic_cloudtrail.csv:2188,train
synthetic_cloudtrail.csv:2189,train
synthetic_cloudtrail.csv:2190,train
synthetic_cloudtrail.csv:2191,train
synthetic_cloudtrail.csv:2192,train
synthetic_cloudtrail.csv:2193,train
synthetic_cloudtrail.csv:2194,train
synthetic_cloudtrail.csv:2195,train
synthetic_cloudtrail.csv:2196,val
synthetic_cloudtrail.csv:2197,train
synthetic_cloudtrail.csv:2198,val
synthetic_cloudtrail.csv:2199,val
synthetic_cloudtrail.csv:2200,val
synthetic_cloudtrail.csv:2201,val
synthetic_cloudtrail.csv:2202,val
synthetic_cloudtrail.csv:2203,val
synthetic_cloudtrail.csv:2204,val
synthetic_cloudtrail.csv:2205,val
synthetic_cloudtrail.csv:2206,val
synthetic_cloudtrail.csv:2207,val
synthetic_cloudtrail.csv:2208,val
synthetic_cloudtrail.csv:2209,train
synthetic_cloudtrail.csv:2210,train
synthetic_cloudtrail.csv:2211,train
synthetic_cloudtrail.csv:2212,train
synthetic_cloudtrail.csv:2213,train
synthetic_cloudtrail.csv:2214,train
synthetic_cloudtrail.csv:2215,train
synthetic_cloudtrail.csv:2216,train
synthetic_cloudtrail.csv:2217,train
synthetic_cloudtrail.csv:2218,train
synthetic_cloudtrail.csv:2219,train
synthetic_cloudtrail.csv:2220,train
synthetic_cloudtrail.csv:2221,train
synthetic_cloudtrail.csv:2222,val
synthetic_cloudtrail.csv:2223,train
synthetic_cloudtrail.csv:2224,train
synthetic_cloudtrail.csv:2225,val
synthetic_cloudtrail.csv:2226,val
synthetic_cloudtrail.csv:2227,val
synthetic_cloudtrail.csv:2228,train
synthetic_cloudtrail.csv:2229,train
synthetic_cloudtrail.csv:2230,train
synthetic_cloudtrail.csv:2231,train
synthetic_cloudtrail.csv:2232,val
synthetic_cloudtrail.csv:2233,train
synthetic_cloudtrail.csv:2234,train
synthetic_cloudtrail.csv:2235,train
synthetic_cloudtrail.csv:2236,train
synthetic_cloudtrail.csv:2237,train
synthetic_cloudtrail.csv:2238,train
synthetic_cloudtrail.csv:2239,train
synthetic_cloudtrail.csv:2240,train
synthetic_cloudtrail.csv:2241,train
synthetic_cloudtrail.csv:2242,train
synthetic_cloudtrail.csv:2243,train
synthetic_cloudtrail.csv:2244,train
synthetic_cloudtrail.csv:2245,train
synthetic_cloudtrail.csv:2246,train
synthetic_cloudtrail.csv:2247,train
synthetic_cloudtrail.csv:2248,val
synthetic_cloudtrail.csv:2249,train
synthetic_cloudtrail.csv:2250,train
synthetic_cloudtrail.csv:2251,train
synthetic_cloudtrail.csv:2252,train
synthetic_cloudtrail.csv:2253,train
synthetic_cloudtrail.csv:2254,train
synthetic_cloudtrail.csv:2255,train
synthetic_cloudtrail.csv:2256,train
synthetic_cloudtrail.csv:2257,train
synthetic_cloudtrail.csv:2258,train
synthetic_cloudtrail.csv:2259,train
synthetic_cloudtrail.csv:2260,train
synthetic_cloudtrail.csv:2261,train
synthetic_cloudtrail.csv:2262,train
synthetic_cloudtrail.csv:2263,train
synthetic_cloudtrail.csv:2264,train
synthetic_cloudtrail.csv:2265,train
synthetic_cloudtrail.csv:2266,train
synthetic_cloudtrail.csv:2267,train
synthetic_cloudtrail.csv:2268,train
synthetic_cloudtrail.csv:2269,train
synthetic_cloudtrail.csv:2270,val
synthetic_cloudtrail.csv:2271,val
synthetic_cloudtrail.csv:2272,val
synthetic_cloudtrail.csv:2273,val
synthetic_cloudtrail.csv:2274,val
synthetic_cloudtrail.csv:2275,val
synthetic_cloudtrail.csv:2276,val
synthetic_cloudtrail.csv:2277,val
synthetic_cloudtrail.csv:2278,val
synthetic_cloudtrail.csv:2279,val
synthetic_cloudtrail.csv:2280,val
synthetic_cloudtrail.csv:2281,val
synthetic_cloudtrail.csv:2282,train
synthetic_cloudtrail.csv:2283,val
synthetic_cloudtrail.csv:2284,train
synthetic_cloudtrail.csv:2285,val
synthetic_cloudtrail.csv:2286,val
synthetic_cloudtrail.csv:2287,val
synthetic_cloudtrail.csv:2288,train
synthetic_cloudtrail.csv:2289,val
synthetic_cloudtrail.csv:2290,val
synthetic_cloudtrail.csv:2291,train
synthetic_cloudtrail.csv:2292,train
synthetic_cloudtrail.csv:2293,train
synthetic_cloudtrail.csv:2294,train
synthetic_cloudtrail.csv:2295,val
synthetic_cloudtrail.csv:2296,val
synthetic_cloudtrail.csv:2297,val
synthetic_cloudtrail.csv:2298,train
synthetic_cloudtrail.csv:2299,train
synthetic_cloudtrail.csv:2300,train
synthetic_cloudtrail.csv:2301,train
synthetic_cloudtrail.csv:2302,train
synthetic_cloudtrail.csv:2303,train
synthetic_cloudtrail.csv:2304,train
synthetic_cloudtrail.csv:2305,train
synthetic_cloudtrail.csv:2306,train
synthetic_cloudtrail.csv:2307,train
synthetic_cloudtrail.csv:2308,train
synthetic_cloudtrail.csv:2309,train
synthetic_cloudtrail.csv:2310,train
synthetic_cloudtrail.csv:2311,train
synthetic_cloudtrail.csv:2312,train
synthetic_cloudtrail.csv:2313,train
synthetic_cloudtrail.csv:2314,train
synthetic_cloudtrail.csv:2315,train
synthetic_cloudtrail.csv:2316,train
synthetic_cloudtrail.csv:2317,train
synthetic_cloudtrail.csv:2318,train
synthetic_cloudtrail.csv:2319,train
synthetic_cloudtrail.csv:2320,train
synthetic_cloudtrail.csv:2321,train
synthetic_cloudtrail.csv:2322,train
synthetic_cloudtrail.csv:2323,train
synthetic_cloudtrail.csv:2324,train
synthetic_cloudtrail.csv:2325,train
synthetic_cloudtrail.csv:2326,train
synthetic_cloudtrail.csv:2327,train
synthetic_cloudtrail.csv:2328,train
synthetic_cloudtrail.csv:2329,train
synthetic_cloudtrail.csv:2330,train
synthetic_cloudtrail.csv:2331,train
synthetic_cloudtrail.csv:2332,val
synthetic_cloudtrail.csv:2333,train
synthetic_cloudtrail.csv:2334,train
synthetic_cloudtrail.csv:2335,train
synthetic_cloudtrail.csv:2336,train
synthetic_cloudtrail.csv:2337,train
synthetic_cloudtrail.csv:2338,train
synthetic_cloudtrail.csv:2339,train
synthetic_cloudtrail.csv:2340,train
synthetic_cloudtrail.csv:2341,train
synthetic_cloudtrail.csv:2342,train
synthetic_cloudtrail.csv:2343,train
synthetic_cloudtrail.csv:2344,train
synthetic_cloudtrail.csv:2345,train
synthetic_cloudtrail.csv:2346,val
synthetic_cloudtrail.csv:2347,train
synthetic_cloudtrail.csv:2348,train
synthetic_cloudtrail.csv:2349,val
synthetic_cloudtrail.csv:2350,val
synthetic_cloudtrail.csv:2351,val
synthetic_cloudtrail.csv:2352,val
synthetic_cloudtrail.csv:2353,train
synthetic_cloudtrail.csv:2354,val
synthetic_cloudtrail.csv:2355,train
synthetic_cloudtrail.csv:2356,train
synthetic_cloudtrail.csv:2357,train
synthetic_cloudtrail.csv:2358,train
synthetic_cloudtrail.csv:2359,train
synthetic_cloudtrail.csv:2360,train
synthetic_cloudtrail.csv:2361,train
synthetic_cloudtrail.csv:2362,train
synthetic_cloudtrail.csv:2363,train
synthetic_cloudtrail.csv:2364,train
synthetic_cloudtrail.csv:2365,train
synthetic_cloudtrail.csv:2366,train
synthetic_cloudtrail.csv:2367,train
synthetic_cloudtrail.csv:2368,train
synthetic_cloudtrail.csv:2369,train
synthetic_cloudtrail.csv:2370,train
synthetic_cloudtrail.csv:2371,train
synthetic_cloudtrail.csv:2372,train
synthetic_cloudtrail.csv:2373,train
synthetic_cloudtrail.csv:2374,train
synthetic_cloudtrail.csv:2375,train
synthetic_cloudtrail.csv:2376,train
synthetic_cloudtrail.csv:2377,test
synthetic_cloudtrail.csv:2378,test
synthetic_cloudtrail.csv:2379,test
synthetic_cloudtrail.csv:2380,test
synthetic_cloudtrail.csv:2381,test
synthetic_cloudtrail.csv:2382,test
synthetic_cloudtrail.csv:2383,test
synthetic_cloudtrail.csv:2384,test
synthetic_cloudtrail.csv:2385,test
synthetic_cloudtrail.csv:2386,test
synthetic_cloudtrail.csv:2387,train
synthetic_cloudtrail.csv:2388,train
synthetic_cloudtrail.csv:2389,train
synthetic_cloudtrail.csv:2390,train
synthetic_cloudtrail.csv:2391,train
synthetic_cloudtrail.csv:2392,train
synthetic_cloudtrail.csv:2393,train
synthetic_cloudtrail.csv:2394,train
synthetic_cloudtrail.csv:2395,train
synthetic_cloudtrail.csv:2396,train
synthetic_cloudtrail.csv:2397,train
synthetic_cloudtrail.csv:2398,train
synthetic_cloudtrail.csv:2399,train
synthetic_cloudtrail.csv:2400,train
synthetic_cloudtrail.csv:2401,train
synthetic_cloudtrail.csv:2402,train
synthetic_cloudtrail.csv:2403,train
synthetic_cloudtrail.csv:2404,train
synthetic_cloudtrail.csv:2405,train
synthetic_cloudtrail.csv:2406,train
synthetic_cloudtrail.csv:2407,train
synthetic_cloudtrail.csv:2408,test
synthetic_cloudtrail.csv:2409,test
synthetic_cloudtrail.csv:2410,train
synthetic_cloudtrail.csv:2411,train
synthetic_cloudtrail.csv:2412,train
synthetic_cloudtrail.csv:2413,train
synthetic_cloudtrail.csv:2414,train
synthetic_cloudtrail.csv:2415,train
synthetic_cloudtrail.csv:2416,train
synthetic_cloudtrail.csv:2417,train
synthetic_cloudtrail.csv:2418,train
synthetic_cloudtrail.csv:2419,train
synthetic_cloudtrail.csv:2420,train
synthetic_cloudtrail.csv:2421,train
synthetic_cloudtrail.csv:2422,train
synthetic_cloudtrail.csv:2423,train
synthetic_cloudtrail.csv:2424,train
synthetic_cloudtrail.csv:2425,train
synthetic_cloudtrail.csv:2426,train
synthetic_cloudtrail.csv:2427,val
synthetic_cloudtrail.csv:2428,val
synthetic_cloudtrail.csv:2429,val
synthetic_cloudtrail.csv:2430,val
synthetic_cloudtrail.csv:2431,val
synthetic_cloudtrail.csv:2432,val
synthetic_cloudtrail.csv:2433,val
synthetic_cloudtrail.csv:2434,val
synthetic_cloudtrail.csv:2435,val
synthetic_cloudtrail.csv:2436,val
synthetic_cloudtrail.csv:2437,train
synthetic_cloudtrail.csv:2438,train
synthetic_cloudtrail.csv:2439,train
synthetic_cloudtrail.csv:2440,train
synthetic_cloudtrail.csv:2441,train
synthetic_cloudtrail.csv:2442,train
synthetic_cloudtrail.csv:2443,train
synthetic_cloudtrail.csv:2444,train
synthetic_cloudtrail.csv:2445,train
synthetic_cloudtrail.csv:2446,train
synthetic_cloudtrail.csv:2447,train
synthetic_cloudtrail.csv:2448,train
synthetic_cloudtrail.csv:2449,train
synthetic_cloudtrail.csv:2450,train
synthetic_cloudtrail.csv:2451,train
synthetic_cloudtrail.csv:2452,train
synthetic_cloudtrail.csv:2453,train
synthetic_cloudtrail.csv:2454,train
synthetic_cloudtrail.csv:2455,train
synthetic_cloudtrail.csv:2456,val
synthetic_cloudtrail.csv:2457,train
synthetic_cloudtrail.csv:2458,train
synthetic_cloudtrail.csv:2459,train
synthetic_cloudtrail.csv:2460,train
synthetic_cloudtrail.csv:2461,train
synthetic_cloudtrail.csv:2462,train
synthetic_cloudtrail.csv:2463,train
synthetic_cloudtrail.csv:2464,train
synthetic_cloudtrail.csv:2465,train
synthetic_cloudtrail.csv:2466,train
synthetic_cloudtrail.csv:2467,train
synthetic_cloudtrail.csv:2468,train
synthetic_cloudtrail.csv:2469,val
synthetic_cloudtrail.csv:2470,val
synthetic_cloudtrail.csv:2471,val
synthetic_cloudtrail.csv:2472,val
synthetic_cloudtrail.csv:2473,val
synthetic_cloudtrail.csv:2474,val
synthetic_cloudtrail.csv:2475,val
synthetic_cloudtrail.csv:2476,val
synthetic_cloudtrail.csv:2477,val
synthetic_cloudtrail.csv:2478,val
synthetic_cloudtrail.csv:2479,val
synthetic_cloudtrail.csv:2480,val
synthetic_cloudtrail.csv:2481,val
synthetic_cloudtrail.csv:2482,val
synthetic_cloudtrail.csv:2483,val
synthetic_cloudtrail.csv:2484,train
synthetic_cloudtrail.csv:2485,train
synthetic_cloudtrail.csv:2486,train
synthetic_cloudtrail.csv:2487,train
synthetic_cloudtrail.csv:2488,train
synthetic_cloudtrail.csv:2489,train
synthetic_cloudtrail.csv:2490,train
synthetic_cloudtrail.csv:2491,train
synthetic_cloudtrail.csv:2492,train
synthetic_cloudtrail.csv:2493,train
synthetic_cloudtrail.csv:2494,train
synthetic_cloudtrail.csv:2495,train
synthetic_cloudtrail.csv:2496,train
synthetic_cloudtrail.csv:2497,train
synthetic_cloudtrail.csv:2498,train
synthetic_cloudtrail.csv:2499,train
synthetic_cloudtrail.csv:2500,train
synthetic_cloudtrail.csv:2501,train
synthetic_cloudtrail.csv:2502,train
synthetic_cloudtrail.csv:2503,train
synthetic_cloudtrail.csv:2504,train
synthetic_cloudtrail.csv:2505,train
synthetic_cloudtrail.csv:2506,train
synthetic_cloudtrail.csv:2507,train
synthetic_cloudtrail.csv:2508,train
synthetic_cloudtrail.csv:2509,train
synthetic_cloudtrail.csv:2510,train
synthetic_cloudtrail.csv:2511,train
synthetic_cloudtrail.csv:2512,train
synthetic_cloudtrail.csv:2513,train
synthetic_cloudtrail.csv:2514,train
synthetic_cloudtrail.csv:2515,train
synthetic_cloudtrail.csv:2516,val
synthetic_cloudtrail.csv:2517,train
synthetic_cloudtrail.csv:2518,train
synthetic_cloudtrail.csv:2519,val
synthetic_cloudtrail.csv:2520,train
synthetic_cloudtrail.csv:2521,train
synthetic_cloudtrail.csv:2522,val
synthetic_cloudtrail.csv:2523,train
synthetic_cloudtrail.csv:2524,train
synthetic_cloudtrail.csv:2525,val
synthetic_cloudtrail.csv:2526,val
synthetic_cloudtrail.csv:2527,train
synthetic_cloudtrail.csv:2528,train
synthetic_cloudtrail.csv:2529,train
synthetic_cloudtrail.csv:2530,train
synthetic_cloudtrail.csv:2531,train
synthetic_cloudtrail.csv:2532,train
synthetic_cloudtrail.csv:2533,train
synthetic_cloudtrail.csv:2534,train
synthetic_cloudtrail.csv:2535,train
synthetic_cloudtrail.csv:2536,train
synthetic_cloudtrail.csv:2537,train
synthetic_cloudtrail.csv:2538,val
synthetic_cloudtrail.csv:2539,val
synthetic_cloudtrail.csv:2540,val
synthetic_cloudtrail.csv:2541,val
synthetic_cloudtrail.csv:2542,val
synthetic_cloudtrail.csv:2543,val
synthetic_cloudtrail.csv:2544,val
synthetic_cloudtrail.csv:2545,val
synthetic_cloudtrail.csv:2546,val
synthetic_cloudtrail.csv:2547,val
synthetic_cloudtrail.csv:2548,val
synthetic_cloudtrail.csv:2549,val
synthetic_cloudtrail.csv:2550,val
synthetic_cloudtrail.csv:2551,val
synthetic_cloudtrail.csv:2552,val
synthetic_cloudtrail.csv:2553,val
synthetic_cloudtrail.csv:2554,val
synthetic_cloudtrail.csv:2555,val
synthetic_cloudtrail.csv:2556,val
synthetic_cloudtrail.csv:2557,val
synthetic_cloudtrail.csv:2558,val
synthetic_cloudtrail.csv:2559,train
synthetic_cloudtrail.csv:2560,train
synthetic_cloudtrail.csv:2561,train
synthetic_cloudtrail.csv:2562,train
synthetic_cloudtrail.csv:2563,train
synthetic_cloudtrail.csv:2564,train
synthetic_cloudtrail.csv:2565,train
synthetic_cloudtrail.csv:2566,train
synthetic_cloudtrail.csv:2567,train
synthetic_cloudtrail.csv:2568,train
synthetic_cloudtrail.csv:2569,train
synthetic_cloudtrail.csv:2570,train
synthetic_cloudtrail.csv:2571,train
synthetic_cloudtrail.csv:2572,train
synthetic_cloudtrail.csv:2573,train
synthetic_cloudtrail.csv:2574,train
synthetic_cloudtrail.csv:2575,train
synthetic_cloudtrail.csv:2576,train
synthetic_cloudtrail.csv:2577,train
synthetic_cloudtrail.csv:2578,train
synthetic_cloudtrail.csv:2579,train
synthetic_cloudtrail.csv:2580,train
synthetic_cloudtrail.csv:2581,train
synthetic_cloudtrail.csv:2582,train
synthetic_cloudtrail.csv:2583,train
synthetic_cloudtrail.csv:2584,train
synthetic_cloudtrail.csv:2585,train
synthetic_cloudtrail.csv:2586,train
synthetic_cloudtrail.csv:2587,train
synthetic_cloudtrail.csv:2588,train
synthetic_cloudtrail.csv:2589,train
synthetic_cloudtrail.csv:2590,train
synthetic_cloudtrail.csv:2591,train
synthetic_cloudtrail.csv:2592,train
synthetic_cloudtrail.csv:2593,train
synthetic_cloudtrail.csv:2594,train
synthetic_cloudtrail.csv:2595,train
synthetic_cloudtrail.csv:2596,train
synthetic_cloudtrail.csv:2597,train
synthetic_cloudtrail.csv:2598,train
synthetic_cloudtrail.csv:2599,train
synthetic_cloudtrail.csv:2600,train
synthetic_cloudtrail.csv:2601,train
synthetic_cloudtrail.csv:2602,train
synthetic_cloudtrail.csv:2603,train
synthetic_cloudtrail.csv:2604,train
synthetic_cloudtrail.csv:2605,train
synthetic_cloudtrail.csv:2606,train
synthetic_cloudtrail.csv:2607,train
synthetic_cloudtrail.csv:2608,test
synthetic_cloudtrail.csv:2609,test
synthetic_cloudtrail.csv:2610,test
synthetic_cloudtrail.csv:2611,train
synthetic_cloudtrail.csv:2612,test
synthetic_cloudtrail.csv:2613,train
synthetic_cloudtrail.csv:2614,test
synthetic_cloudtrail.csv:2615,test
synthetic_cloudtrail.csv:2616,train
synthetic_cloudtrail.csv:2617,train
synthetic_cloudtrail.csv:2618,test
synthetic_cloudtrail.csv:2619,test
synthetic_cloudtrail.csv:2620,train
synthetic_cloudtrail.csv:2621,train
synthetic_cloudtrail.csv:2622,test
synthetic_cloudtrail.csv:2623,test
synthetic_cloudtrail.csv:2624,test
synthetic_cloudtrail.csv:2625,train
synthetic_cloudtrail.csv:2626,test
synthetic_cloudtrail.csv:2627,train
synthetic_cloudtrail.csv:2628,test
synthetic_cloudtrail.csv:2629,test
synthetic_cloudtrail.csv:2630,train
synthetic_cloudtrail.csv:2631,train
synthetic_cloudtrail.csv:2632,test
synthetic_cloudtrail.csv:2633,train
synthetic_cloudtrail.csv:2634,train
synthetic_cloudtrail.csv:2635,train
synthetic_cloudtrail.csv:2636,train
synthetic_cloudtrail.csv:2637,train
synthetic_cloudtrail.csv:2638,test
synthetic_cloudtrail.csv:2639,train
synthetic_cloudtrail.csv:2640,train
synthetic_cloudtrail.csv:2641,test
synthetic_cloudtrail.csv:2642,train
synthetic_cloudtrail.csv:2643,train
synthetic_cloudtrail.csv:2644,train
synthetic_cloudtrail.csv:2645,train
synthetic_cloudtrail.csv:2646,train
synthetic_cloudtrail.csv:2647,train
synthetic_cloudtrail.csv:2648,train
synthetic_cloudtrail.csv:2649,train
synthetic_cloudtrail.csv:2650,train
synthetic_cloudtrail.csv:2651,test
synthetic_cloudtrail.csv:2652,train
synthetic_cloudtrail.csv:2653,train
synthetic_cloudtrail.csv:2654,test
synthetic_cloudtrail.csv:2655,train
synthetic_cloudtrail.csv:2656,test
synthetic_cloudtrail.csv:2657,test
synthetic_cloudtrail.csv:2658,train
synthetic_cloudtrail.csv:2659,train
synthetic_cloudtrail.csv:2660,test
synthetic_cloudtrail.csv:2661,train
synthetic_cloudtrail.csv:2662,train
synthetic_cloudtrail.csv:2663,train
synthetic_cloudtrail.csv:2664,test
synthetic_cloudtrail.csv:2665,train
synthetic_cloudtrail.csv:2666,train
synthetic_cloudtrail.csv:2667,train
synthetic_cloudtrail.csv:2668,train
synthetic_cloudtrail.csv:2669,train
synthetic_cloudtrail.csv:2670,train
synthetic_cloudtrail.csv:2671,train
synthetic_cloudtrail.csv:2672,train
synthetic_cloudtrail.csv:2673,train
synthetic_cloudtrail.csv:2674,train
synthetic_cloudtrail.csv:2675,train
synthetic_cloudtrail.csv:2676,train
synthetic_cloudtrail.csv:2677,train
synthetic_cloudtrail.csv:2678,train
synthetic_cloudtrail.csv:2679,val
synthetic_cloudtrail.csv:2680,train
synthetic_cloudtrail.csv:2681,train
synthetic_cloudtrail.csv:2682,val
synthetic_cloudtrail.csv:2683,val
synthetic_cloudtrail.csv:2684,train
synthetic_cloudtrail.csv:2685,train
synthetic_cloudtrail.csv:2686,val
synthetic_cloudtrail.csv:2687,train
synthetic_cloudtrail.csv:2688,train
synthetic_cloudtrail.csv:2689,train
synthetic_cloudtrail.csv:2690,train
synthetic_cloudtrail.csv:2691,train
synthetic_cloudtrail.csv:2692,train
synthetic_cloudtrail.csv:2693,train
synthetic_cloudtrail.csv:2694,train
synthetic_cloudtrail.csv:2695,train
synthetic_cloudtrail.csv:2696,train
synthetic_cloudtrail.csv:2697,train
synthetic_cloudtrail.csv:2698,train
synthetic_cloudtrail.csv:2699,train
synthetic_cloudtrail.csv:2700,train
synthetic_cloudtrail.csv:2701,train
synthetic_cloudtrail.csv:2702,train
synthetic_cloudtrail.csv:2703,train
synthetic_cloudtrail.csv:2704,train
synthetic_cloudtrail.csv:2705,train
synthetic_cloudtrail.csv:2706,test
synthetic_cloudtrail.csv:2707,test
synthetic_cloudtrail.csv:2708,test
synthetic_cloudtrail.csv:2709,test
synthetic_cloudtrail.csv:2710,test
synthetic_cloudtrail.csv:2711,test
synthetic_cloudtrail.csv:2712,train
synthetic_cloudtrail.csv:2713,test
synthetic_cloudtrail.csv:2714,train
synthetic_cloudtrail.csv:2715,test
synthetic_cloudtrail.csv:2716,test
synthetic_cloudtrail.csv:2717,train
synthetic_cloudtrail.csv:2718,test
synthetic_cloudtrail.csv:2719,test
synthetic_cloudtrail.csv:2720,train
synthetic_cloudtrail.csv:2721,test
synthetic_cloudtrail.csv:2722,test
synthetic_cloudtrail.csv:2723,train
synthetic_cloudtrail.csv:2724,test
synthetic_cloudtrail.csv:2725,train
synthetic_cloudtrail.csv:2726,test
synthetic_cloudtrail.csv:2727,train
synthetic_cloudtrail.csv:2728,train
synthetic_cloudtrail.csv:2729,train
synthetic_cloudtrail.csv:2730,train
synthetic_cloudtrail.csv:2731,train
synthetic_cloudtrail.csv:2732,train
synthetic_cloudtrail.csv:2733,train
synthetic_cloudtrail.csv:2734,train
synthetic_cloudtrail.csv:2735,train
synthetic_cloudtrail.csv:2736,train
synthetic_cloudtrail.csv:2737,train
synthetic_cloudtrail.csv:2738,val
synthetic_cloudtrail.csv:2739,test
synthetic_cloudtrail.csv:2740,test
synthetic_cloudtrail.csv:2741,test
synthetic_cloudtrail.csv:2742,test
synthetic_cloudtrail.csv:2743,test
synthetic_cloudtrail.csv:2744,test
synthetic_cloudtrail.csv:2745,train
synthetic_cloudtrail.csv:2746,train
synthetic_cloudtrail.csv:2747,train
synthetic_cloudtrail.csv:2748,train
synthetic_cloudtrail.csv:2749,train
synthetic_cloudtrail.csv:2750,train
synthetic_cloudtrail.csv:2751,train
synthetic_cloudtrail.csv:2752,train
synthetic_cloudtrail.csv:2753,train
synthetic_cloudtrail.csv:2754,train
synthetic_cloudtrail.csv:2755,train
synthetic_cloudtrail.csv:2756,train
synthetic_cloudtrail.csv:2757,train
synthetic_cloudtrail.csv:2758,train
synthetic_cloudtrail.csv:2759,train
synthetic_cloudtrail.csv:2760,train
synthetic_cloudtrail.csv:2761,train
synthetic_cloudtrail.csv:2762,train
synthetic_cloudtrail.csv:2763,train
synthetic_cloudtrail.csv:2764,train
synthetic_cloudtrail.csv:2765,train
synthetic_cloudtrail.csv:2766,train
synthetic_cloudtrail.csv:2767,train
synthetic_cloudtrail.csv:2768,train
synthetic_cloudtrail.csv:2769,train
synthetic_cloudtrail.csv:2770,train
synthetic_cloudtrail.csv:2771,val
synthetic_cloudtrail.csv:2772,train
synthetic_cloudtrail.csv:2773,val
synthetic_cloudtrail.csv:2774,val
synthetic_cloudtrail.csv:2775,train
synthetic_cloudtrail.csv:2776,train
synthetic_cloudtrail.csv:2777,val
synthetic_cloudtrail.csv:2778,val
synthetic_cloudtrail.csv:2779,train
synthetic_cloudtrail.csv:2780,val
synthetic_cloudtrail.csv:2781,val
synthetic_cloudtrail.csv:2782,train
synthetic_cloudtrail.csv:2783,train
synthetic_cloudtrail.csv:2784,train
synthetic_cloudtrail.csv:2785,train
synthetic_cloudtrail.csv:2786,train
synthetic_cloudtrail.csv:2787,train
synthetic_cloudtrail.csv:2788,train
synthetic_cloudtrail.csv:2789,train
synthetic_cloudtrail.csv:2790,train
synthetic_cloudtrail.csv:2791,train
synthetic_cloudtrail.csv:2792,train
synthetic_cloudtrail.csv:2793,val
synthetic_cloudtrail.csv:2794,train
synthetic_cloudtrail.csv:2795,train
synthetic_cloudtrail.csv:2796,train
synthetic_cloudtrail.csv:2797,val
synthetic_cloudtrail.csv:2798,train
synthetic_cloudtrail.csv:2799,val
synthetic_cloudtrail.csv:2800,train
synthetic_cloudtrail.csv:2801,val
synthetic_cloudtrail.csv:2802,val
synthetic_cloudtrail.csv:2803,val
synthetic_cloudtrail.csv:2804,val
synthetic_cloudtrail.csv:2805,val
synthetic_cloudtrail.csv:2806,val
synthetic_cloudtrail.csv:2807,train
synthetic_cloudtrail.csv:2808,train
synthetic_cloudtrail.csv:2809,train
synthetic_cloudtrail.csv:2810,train
synthetic_cloudtrail.csv:2811,val
synthetic_cloudtrail.csv:2812,val
synthetic_cloudtrail.csv:2813,val
synthetic_cloudtrail.csv:2814,val
synthetic_cloudtrail.csv:2815,val
synthetic_cloudtrail.csv:2816,val
synthetic_cloudtrail.csv:2817,val
synthetic_cloudtrail.csv:2818,val
synthetic_cloudtrail.csv:2819,val
synthetic_cloudtrail.csv:2820,val
synthetic_cloudtrail.csv:2821,val
synthetic_cloudtrail.csv:2822,val
synthetic_cloudtrail.csv:2823,val
synthetic_cloudtrail.csv:2824,val
synthetic_cloudtrail.csv:2825,val
synthetic_cloudtrail.csv:2826,val
synthetic_cloudtrail.csv:2827,val
synthetic_cloudtrail.csv:2828,val
synthetic_cloudtrail.csv:2829,val
synthetic_cloudtrail.csv:2830,val
synthetic_cloudtrail.csv:2831,val
synthetic_cloudtrail.csv:2832,val
synthetic_cloudtrail.csv:2833,val
synthetic_cloudtrail.csv:2834,val
synthetic_cloudtrail.csv:2835,val
synthetic_cloudtrail.csv:2836,val
synthetic_cloudtrail.csv:2837,val
synthetic_cloudtrail.csv:2838,val
synthetic_cloudtrail.csv:2839,val
synthetic_cloudtrail.csv:2840,val
synthetic_cloudtrail.csv:2841,val
synthetic_cloudtrail.csv:2842,val
synthetic_cloudtrail.csv:2843,test
synthetic_cloudtrail.csv:2844,test
synthetic_cloudtrail.csv:2845,test
synthetic_cloudtrail.csv:2846,test
synthetic_cloudtrail.csv:2847,test
synthetic_cloudtrail.csv:2848,test
synthetic_cloudtrail.csv:2849,test
synthetic_cloudtrail.csv:2850,test
synthetic_cloudtrail.csv:2851,test
synthetic_cloudtrail.csv:2852,test
synthetic_cloudtrail.csv:2853,test
synthetic_cloudtrail.csv:2854,test
synthetic_cloudtrail.csv:2855,test
synthetic_cloudtrail.csv:2856,test
synthetic_cloudtrail.csv:2857,test
synthetic_cloudtrail.csv:2858,test
synthetic_cloudtrail.csv:2859,test
synthetic_cloudtrail.csv:2860,train
synthetic_cloudtrail.csv:2861,train
synthetic_cloudtrail.csv:2862,train
synthetic_cloudtrail.csv:2863,train
synthetic_cloudtrail.csv:2864,train
synthetic_cloudtrail.csv:2865,train
synthetic_cloudtrail.csv:2866,train
synthetic_cloudtrail.csv:2867,train
synthetic_cloudtrail.csv:2868,train
synthetic_cloudtrail.csv:2869,train
synthetic_cloudtrail.csv:2870,train
synthetic_cloudtrail.csv:2871,train
synthetic_cloudtrail.csv:2872,train
synthetic_cloudtrail.csv:2873,train
synthetic_cloudtrail.csv:2874,train
synthetic_cloudtrail.csv:2875,train
synthetic_cloudtrail.csv:2876,train
synthetic_cloudtrail.csv:2877,train
synthetic_cloudtrail.csv:2878,train
synthetic_cloudtrail.csv:2879,train
synthetic_cloudtrail.csv:2880,train
synthetic_cloudtrail.csv:2881,train
synthetic_cloudtrail.csv:2882,train
synthetic_cloudtrail.csv:2883,train
synthetic_cloudtrail.csv:2884,train
synthetic_cloudtrail.csv:2885,train
synthetic_cloudtrail.csv:2886,train
synthetic_cloudtrail.csv:2887,train
synthetic_cloudtrail.csv:2888,val
synthetic_cloudtrail.csv:2889,train
synthetic_cloudtrail.csv:2890,train
synthetic_cloudtrail.csv:2891,train
synthetic_cloudtrail.csv:2892,val
synthetic_cloudtrail.csv:2893,train
synthetic_cloudtrail.csv:2894,val
synthetic_cloudtrail.csv:2895,val
synthetic_cloudtrail.csv:2896,train
synthetic_cloudtrail.csv:2897,train
synthetic_cloudtrail.csv:2898,train
synthetic_cloudtrail.csv:2899,train
synthetic_cloudtrail.csv:2900,train
synthetic_cloudtrail.csv:2901,train
synthetic_cloudtrail.csv:2902,train
synthetic_cloudtrail.csv:2903,train
synthetic_cloudtrail.csv:2904,train
synthetic_cloudtrail.csv:2905,train
synthetic_cloudtrail.csv:2906,train
synthetic_cloudtrail.csv:2907,train
synthetic_cloudtrail.csv:2908,train
synthetic_cloudtrail.csv:2909,train
synthetic_cloudtrail.csv:2910,train
synthetic_cloudtrail.csv:2911,train
synthetic_cloudtrail.csv:2912,train
synthetic_cloudtrail.csv:2913,train
synthetic_cloudtrail.csv:2914,train
synthetic_cloudtrail.csv:2915,train
synthetic_cloudtrail.csv:2916,train
synthetic_cloudtrail.csv:2917,train
synthetic_cloudtrail.csv:2918,train
synthetic_cloudtrail.csv:2919,train
synthetic_cloudtrail.csv:2920,train
synthetic_cloudtrail.csv:2921,train
synthetic_cloudtrail.csv:2922,train
synthetic_cloudtrail.csv:2923,train
synthetic_cloudtrail.csv:2924,train
synthetic_cloudtrail.csv:2925,train
synthetic_cloudtrail.csv:2926,train
synthetic_cloudtrail.csv:2927,train
synthetic_cloudtrail.csv:2928,train
synthetic_cloudtrail.csv:2929,train
synthetic_cloudtrail.csv:2930,train
synthetic_cloudtrail.csv:2931,train
synthetic_cloudtrail.csv:2932,train
synthetic_cloudtrail.csv:2933,train
synthetic_cloudtrail.csv:2934,train
synthetic_cloudtrail.csv:2935,train
synthetic_cloudtrail.csv:2936,train
synthetic_cloudtrail.csv:2937,train
synthetic_cloudtrail.csv:2938,train
synthetic_cloudtrail.csv:2939,train
synthetic_cloudtrail.csv:2940,train
synthetic_cloudtrail.csv:2941,train
synthetic_cloudtrail.csv:2942,train
synthetic_cloudtrail.csv:2943,train
synthetic_cloudtrail.csv:2944,train
synthetic_cloudtrail.csv:2945,train
synthetic_cloudtrail.csv:2946,val
synthetic_cloudtrail.csv:2947,val
synthetic_cloudtrail.csv:2948,val
synthetic_cloudtrail.csv:2949,val
synthetic_cloudtrail.csv:2950,val
synthetic_cloudtrail.csv:2951,val
synthetic_cloudtrail.csv:2952,val
synthetic_cloudtrail.csv:2953,val
synthetic_cloudtrail.csv:2954,train
synthetic_cloudtrail.csv:2955,val
synthetic_cloudtrail.csv:2956,train
synthetic_cloudtrail.csv:2957,val
synthetic_cloudtrail.csv:2958,train
synthetic_cloudtrail.csv:2959,val
synthetic_cloudtrail.csv:2960,val
synthetic_cloudtrail.csv:2961,train
synthetic_cloudtrail.csv:2962,val
synthetic_cloudtrail.csv:2963,train
synthetic_cloudtrail.csv:2964,val
synthetic_cloudtrail.csv:2965,val
synthetic_cloudtrail.csv:2966,train
synthetic_cloudtrail.csv:2967,train
synthetic_cloudtrail.csv:2968,train
synthetic_cloudtrail.csv:2969,train
synthetic_cloudtrail.csv:2970,train
synthetic_cloudtrail.csv:2971,train
synthetic_cloudtrail.csv:2972,train
synthetic_cloudtrail.csv:2973,train
synthetic_cloudtrail.csv:2974,train
synthetic_cloudtrail.csv:2975,train
synthetic_cloudtrail.csv:2976,train
synthetic_cloudtrail.csv:2977,train
synthetic_cloudtrail.csv:2978,train
synthetic_cloudtrail.csv:2979,train
synthetic_cloudtrail.csv:2980,train
synthetic_cloudtrail.csv:2981,train
synthetic_cloudtrail.csv:2982,test
synthetic_cloudtrail.csv:2983,train
synthetic_cloudtrail.csv:2984,train
synthetic_cloudtrail.csv:2985,test
synthetic_cloudtrail.csv:2986,train
synthetic_cloudtrail.csv:2987,train
synthetic_cloudtrail.csv:2988,test
synthetic_cloudtrail.csv:2989,train
synthetic_cloudtrail.csv:2990,train
synthetic_cloudtrail.csv:2991,train
synthetic_cloudtrail.csv:2992,test
synthetic_cloudtrail.csv:2993,train
synthetic_cloudtrail.csv:2994,test
synthetic_cloudtrail.csv:2995,test
synthetic_cloudtrail.csv:2996,train
synthetic_cloudtrail.csv:2997,train
synthetic_cloudtrail.csv:2998,train
synthetic_cloudtrail.csv:2999,test
synthetic_cloudtrail.csv:3000,test
synthetic_cloudtrail.csv:3001,train
synthetic_cloudtrail.csv:3002,train
synthetic_cloudtrail.csv:3003,train
synthetic_cloudtrail.csv:3004,train
synthetic_cloudtrail.csv:3005,train
synthetic_cloudtrail.csv:3006,train
synthetic_cloudtrail.csv:3007,train
synthetic_cloudtrail.csv:3008,train
synthetic_cloudtrail.csv:3009,train
synthetic_cloudtrail.csv:3010,train
synthetic_cloudtrail.csv:3011,val
synthetic_cloudtrail.csv:3012,train
synthetic_cloudtrail.csv:3013,val
synthetic_cloudtrail.csv:3014,val
synthetic_cloudtrail.csv:3015,train
synthetic_cloudtrail.csv:3016,val
synthetic_cloudtrail.csv:3017,val
synthetic_cloudtrail.csv:3018,val
synthetic_cloudtrail.csv:3019,val
synthetic_cloudtrail.csv:3020,val
synthetic_cloudtrail.csv:3021,train
synthetic_cloudtrail.csv:3022,train
synthetic_cloudtrail.csv:3023,train
synthetic_cloudtrail.csv:3024,train
synthetic_cloudtrail.csv:3025,train
synthetic_cloudtrail.csv:3026,train
synthetic_cloudtrail.csv:3027,train
synthetic_cloudtrail.csv:3028,train
synthetic_cloudtrail.csv:3029,train
synthetic_cloudtrail.csv:3030,train
synthetic_cloudtrail.csv:3031,train
synthetic_cloudtrail.csv:3032,train
synthetic_cloudtrail.csv:3033,train
synthetic_cloudtrail.csv:3034,train
synthetic_cloudtrail.csv:3035,train
synthetic_cloudtrail.csv:3036,train
synthetic_cloudtrail.csv:3037,train
synthetic_cloudtrail.csv:3038,train
synthetic_cloudtrail.csv:3039,train
synthetic_cloudtrail.csv:3040,train
synthetic_cloudtrail.csv:3041,train
synthetic_cloudtrail.csv:3042,train
synthetic_cloudtrail.csv:3043,train
synthetic_cloudtrail.csv:3044,train
synthetic_cloudtrail.csv:3045,train
synthetic_cloudtrail.csv:3046,train
synthetic_cloudtrail.csv:3047,test
synthetic_cloudtrail.csv:3048,test
synthetic_cloudtrail.csv:3049,test
synthetic_cloudtrail.csv:3050,test
synthetic_cloudtrail.csv:3051,test
synthetic_cloudtrail.csv:3052,test
synthetic_cloudtrail.csv:3053,test
synthetic_cloudtrail.csv:3054,test
synthetic_cloudtrail.csv:3055,test
synthetic_cloudtrail.csv:3056,test
synthetic_cloudtrail.csv:3057,test
synthetic_cloudtrail.csv:3058,test
synthetic_cloudtrail.csv:3059,test
synthetic_cloudtrail.csv:3060,test
synthetic_cloudtrail.csv:3061,test
synthetic_cloudtrail.csv:3062,test
synthetic_cloudtrail.csv:3063,val
synthetic_cloudtrail.csv:3064,train
synthetic_cloudtrail.csv:3065,val
synthetic_cloudtrail.csv:3066,val
synthetic_cloudtrail.csv:3067,train
synthetic_cloudtrail.csv:3068,val
synthetic_cloudtrail.csv:3069,val
synthetic_cloudtrail.csv:3070,val
synthetic_cloudtrail.csv:3071,train
synthetic_cloudtrail.csv:3072,val
synthetic_cloudtrail.csv:3073,train
synthetic_cloudtrail.csv:3074,train
synthetic_cloudtrail.csv:3075,train
synthetic_cloudtrail.csv:3076,train
synthetic_cloudtrail.csv:3077,train
synthetic_cloudtrail.csv:3078,train
synthetic_cloudtrail.csv:3079,train
synthetic_cloudtrail.csv:3080,train
synthetic_cloudtrail.csv:3081,train
synthetic_cloudtrail.csv:3082,train
synthetic_cloudtrail.csv:3083,val
synthetic_cloudtrail.csv:3084,val
synthetic_cloudtrail.csv:3085,val
synthetic_cloudtrail.csv:3086,val
synthetic_cloudtrail.csv:3087,val
synthetic_cloudtrail.csv:3088,val
synthetic_cloudtrail.csv:3089,val
synthetic_cloudtrail.csv:3090,val
synthetic_cloudtrail.csv:3091,val
synthetic_cloudtrail.csv:3092,val
synthetic_cloudtrail.csv:3093,val
synthetic_cloudtrail.csv:3094,val
synthetic_cloudtrail.csv:3095,val
synthetic_cloudtrail.csv:3096,val
synthetic_cloudtrail.csv:3097,val
synthetic_cloudtrail.csv:3098,val
synthetic_cloudtrail.csv:3099,val
synthetic_cloudtrail.csv:3100,val
synthetic_cloudtrail.csv:3101,train
synthetic_cloudtrail.csv:3102,train
synthetic_cloudtrail.csv:3103,train
synthetic_cloudtrail.csv:3104,train
synthetic_cloudtrail.csv:3105,train
synthetic_cloudtrail.csv:3106,train
synthetic_cloudtrail.csv:3107,train
synthetic_cloudtrail.csv:3108,train
synthetic_cloudtrail.csv:3109,train
synthetic_cloudtrail.csv:3110,train
synthetic_cloudtrail.csv:3111,train
synthetic_cloudtrail.csv:3112,train
synthetic_cloudtrail.csv:3113,train
synthetic_cloudtrail.csv:3114,train
synthetic_cloudtrail.csv:3115,train
synthetic_cloudtrail.csv:3116,train
synthetic_cloudtrail.csv:3117,train
synthetic_cloudtrail.csv:3118,train
synthetic_cloudtrail.csv:3119,train
synthetic_cloudtrail.csv:3120,train
synthetic_cloudtrail.csv:3121,train
synthetic_cloudtrail.csv:3122,val
synthetic_cloudtrail.csv:3123,val
synthetic_cloudtrail.csv:3124,val
synthetic_cloudtrail.csv:3125,val
synthetic_cloudtrail.csv:3126,val
synthetic_cloudtrail.csv:3127,val
synthetic_cloudtrail.csv:3128,val
synthetic_cloudtrail.csv:3129,val
synthetic_cloudtrail.csv:3130,val
synthetic_cloudtrail.csv:3131,val
synthetic_cloudtrail.csv:3132,train
synthetic_cloudtrail.csv:3133,train
synthetic_cloudtrail.csv:3134,train
synthetic_cloudtrail.csv:3135,train
synthetic_cloudtrail.csv:3136,train
synthetic_cloudtrail.csv:3137,train
synthetic_cloudtrail.csv:3138,train
synthetic_cloudtrail.csv:3139,train
synthetic_cloudtrail.csv:3140,train
synthetic_cloudtrail.csv:3141,train
synthetic_cloudtrail.csv:3142,train
synthetic_cloudtrail.csv:3143,train
synthetic_cloudtrail.csv:3144,train
synthetic_cloudtrail.csv:3145,train
synthetic_cloudtrail.csv:3146,train
synthetic_cloudtrail.csv:3147,train
synthetic_cloudtrail.csv:3148,train
synthetic_cloudtrail.csv:3149,train
synthetic_cloudtrail.csv:3150,train
synthetic_cloudtrail.csv:3151,train
synthetic_cloudtrail.csv:3152,train
synthetic_cloudtrail.csv:3153,train
synthetic_cloudtrail.csv:3154,train
synthetic_cloudtrail.csv:3155,val
synthetic_cloudtrail.csv:3156,val
synthetic_cloudtrail.csv:3157,val
synthetic_cloudtrail.csv:3158,val
synthetic_cloudtrail.csv:3159,val
synthetic_cloudtrail.csv:3160,val
synthetic_cloudtrail.csv:3161,train
synthetic_cloudtrail.csv:3162,train
synthetic_cloudtrail.csv:3163,train
synthetic_cloudtrail.csv:3164,train
synthetic_cloudtrail.csv:3165,train
synthetic_cloudtrail.csv:3166,train
synthetic_cloudtrail.csv:3167,train
synthetic_cloudtrail.csv:3168,train
synthetic_cloudtrail.csv:3169,train
synthetic_cloudtrail.csv:3170,train
synthetic_cloudtrail.csv:3171,train
synthetic_cloudtrail.csv:3172,train
synthetic_cloudtrail.csv:3173,val
synthetic_cloudtrail.csv:3174,train
synthetic_cloudtrail.csv:3175,train
synthetic_cloudtrail.csv:3176,train
synthetic_cloudtrail.csv:3177,train
synthetic_cloudtrail.csv:3178,val
synthetic_cloudtrail.csv:3179,val
synthetic_cloudtrail.csv:3180,val
synthetic_cloudtrail.csv:3181,val
synthetic_cloudtrail.csv:3182,train
synthetic_cloudtrail.csv:3183,train
synthetic_cloudtrail.csv:3184,train
synthetic_cloudtrail.csv:3185,train
synthetic_cloudtrail.csv:3186,val
synthetic_cloudtrail.csv:3187,train
synthetic_cloudtrail.csv:3188,train
synthetic_cloudtrail.csv:3189,train
synthetic_cloudtrail.csv:3190,train
synthetic_cloudtrail.csv:3191,train
synthetic_cloudtrail.csv:3192,train
synthetic_cloudtrail.csv:3193,train
synthetic_cloudtrail.csv:3194,train
synthetic_cloudtrail.csv:3195,train
synthetic_cloudtrail.csv:3196,train
synthetic_cloudtrail.csv:3197,train
synthetic_cloudtrail.csv:3198,train
synthetic_cloudtrail.csv:3199,train
synthetic_cloudtrail.csv:3200,train
synthetic_cloudtrail.csv:3201,train
synthetic_cloudtrail.csv:3202,train
synthetic_cloudtrail.csv:3203,train
synthetic_cloudtrail.csv:3204,train
synthetic_cloudtrail.csv:3205,train
synthetic_cloudtrail.csv:3206,train
synthetic_cloudtrail.csv:3207,train
synthetic_cloudtrail.csv:3208,train
synthetic_cloudtrail.csv:3209,train
synthetic_cloudtrail.csv:3210,train
synthetic_cloudtrail.csv:3211,train
synthetic_cloudtrail.csv:3212,train
synthetic_cloudtrail.csv:3213,train
synthetic_cloudtrail.csv:3214,train
synthetic_cloudtrail.csv:3215,train
synthetic_cloudtrail.csv:3216,train
synthetic_cloudtrail.csv:3217,train
synthetic_cloudtrail.csv:3218,test
synthetic_cloudtrail.csv:3219,test
synthetic_cloudtrail.csv:3220,test
synthetic_cloudtrail.csv:3221,test
synthetic_cloudtrail.csv:3222,test
synthetic_cloudtrail.csv:3223,test
synthetic_cloudtrail.csv:3224,test
synthetic_cloudtrail.csv:3225,test
synthetic_cloudtrail.csv:3226,test
synthetic_cloudtrail.csv:3227,test
synthetic_cloudtrail.csv:3228,test
synthetic_cloudtrail.csv:3229,test
synthetic_cloudtrail.csv:3230,train
synthetic_cloudtrail.csv:3231,train
synthetic_cloudtrail.csv:3232,train
synthetic_cloudtrail.csv:3233,train
synthetic_cloudtrail.csv:3234,train
synthetic_cloudtrail.csv:3235,train
synthetic_cloudtrail.csv:3236,train
synthetic_cloudtrail.csv:3237,train
synthetic_cloudtrail.csv:3238,train
synthetic_cloudtrail.csv:3239,train
synthetic_cloudtrail.csv:3240,train
synthetic_cloudtrail.csv:3241,train
synthetic_cloudtrail.csv:3242,train
synthetic_cloudtrail.csv:3243,train
synthetic_cloudtrail.csv:3244,train
synthetic_cloudtrail.csv:3245,train
synthetic_cloudtrail.csv:3246,train
synthetic_cloudtrail.csv:3247,train
synthetic_cloudtrail.csv:3248,train
synthetic_cloudtrail.csv:3249,train
synthetic_cloudtrail.csv:3250,train
synthetic_cloudtrail.csv:3251,train
synthetic_cloudtrail.csv:3252,train
synthetic_cloudtrail.csv:3253,train
synthetic_cloudtrail.csv:3254,train
synthetic_cloudtrail.csv:3255,train
synthetic_cloudtrail.csv:3256,train
synthetic_cloudtrail.csv:3257,train
synthetic_cloudtrail.csv:3258,test
synthetic_cloudtrail.csv:3259,test
synthetic_cloudtrail.csv:3260,test
synthetic_cloudtrail.csv:3261,test
synthetic_cloudtrail.csv:3262,test
synthetic_cloudtrail.csv:3263,test
synthetic_cloudtrail.csv:3264,test
synthetic_cloudtrail.csv:3265,test
synthetic_cloudtrail.csv:3266,test
synthetic_cloudtrail.csv:3267,test
synthetic_cloudtrail.csv:3268,test
synthetic_cloudtrail.csv:3269,test
synthetic_cloudtrail.csv:3270,test
synthetic_cloudtrail.csv:3271,test
synthetic_cloudtrail.csv:3272,test
synthetic_cloudtrail.csv:3273,test
synthetic_cloudtrail.csv:3274,test
synthetic_cloudtrail.csv:3275,test
synthetic_cloudtrail.csv:3276,test
synthetic_cloudtrail.csv:3277,test
synthetic_cloudtrail.csv:3278,train
synthetic_cloudtrail.csv:3279,train
synthetic_cloudtrail.csv:3280,train
synthetic_cloudtrail.csv:3281,val
synthetic_cloudtrail.csv:3282,train
synthetic_cloudtrail.csv:3283,train
synthetic_cloudtrail.csv:3284,train
synthetic_cloudtrail.csv:3285,train
synthetic_cloudtrail.csv:3286,val
synthetic_cloudtrail.csv:3287,val
synthetic_cloudtrail.csv:3288,val
synthetic_cloudtrail.csv:3289,train
synthetic_cloudtrail.csv:3290,train
synthetic_cloudtrail.csv:3291,train
synthetic_cloudtrail.csv:3292,train
synthetic_cloudtrail.csv:3293,train
synthetic_cloudtrail.csv:3294,train
synthetic_cloudtrail.csv:3295,train
synthetic_cloudtrail.csv:3296,train
synthetic_cloudtrail.csv:3297,train
synthetic_cloudtrail.csv:3298,train
synthetic_cloudtrail.csv:3299,train
synthetic_cloudtrail.csv:3300,train
synthetic_cloudtrail.csv:3301,train
synthetic_cloudtrail.csv:3302,train
synthetic_cloudtrail.csv:3303,train
synthetic_cloudtrail.csv:3304,train
synthetic_cloudtrail.csv:3305,train
synthetic_cloudtrail.csv:3306,train
synthetic_cloudtrail.csv:3307,train
synthetic_cloudtrail.csv:3308,train
synthetic_cloudtrail.csv:3309,train
synthetic_cloudtrail.csv:3310,train
synthetic_cloudtrail.csv:3311,train
synthetic_cloudtrail.csv:3312,train
synthetic_cloudtrail.csv:3313,train
synthetic_cloudtrail.csv:3314,train
synthetic_cloudtrail.csv:3315,train
synthetic_cloudtrail.csv:3316,train
synthetic_cloudtrail.csv:3317,train
synthetic_cloudtrail.csv:3318,train
synthetic_cloudtrail.csv:3319,train
synthetic_cloudtrail.csv:3320,train
synthetic_cloudtrail.csv:3321,train
synthetic_cloudtrail.csv:3322,train
synthetic_cloudtrail.csv:3323,train
synthetic_cloudtrail.csv:3324,train
synthetic_cloudtrail.csv:3325,train
synthetic_cloudtrail.csv:3326,train
synthetic_cloudtrail.csv:3327,train
synthetic_cloudtrail.csv:3328,train
synthetic_cloudtrail.csv:3329,train
synthetic_cloudtrail.csv:3330,train
synthetic_cloudtrail.csv:3331,train
synthetic_cloudtrail.csv:3332,val
synthetic_cloudtrail.csv:3333,train
synthetic_cloudtrail.csv:3334,train
synthetic_cloudtrail.csv:3335,val
synthetic_cloudtrail.csv:3336,val
synthetic_cloudtrail.csv:3337,val
synthetic_cloudtrail.csv:3338,train
synthetic_cloudtrail.csv:3339,train
synthetic_cloudtrail.csv:3340,val
synthetic_cloudtrail.csv:3341,val
synthetic_cloudtrail.csv:3342,val
synthetic_cloudtrail.csv:3343,train
synthetic_cloudtrail.csv:3344,train
synthetic_cloudtrail.csv:3345,train
synthetic_cloudtrail.csv:3346,train
synthetic_cloudtrail.csv:3347,train
synthetic_cloudtrail.csv:3348,train
synthetic_cloudtrail.csv:3349,train
synthetic_cloudtrail.csv:3350,train
synthetic_cloudtrail.csv:3351,train
synthetic_cloudtrail.csv:3352,train
synthetic_cloudtrail.csv:3353,train
synthetic_cloudtrail.csv:3354,train
synthetic_cloudtrail.csv:3355,train
synthetic_cloudtrail.csv:3356,train
synthetic_cloudtrail.csv:3357,train
synthetic_cloudtrail.csv:3358,train
synthetic_cloudtrail.csv:3359,train
synthetic_cloudtrail.csv:3360,train
synthetic_cloudtrail.csv:3361,train
synthetic_cloudtrail.csv:3362,train
synthetic_cloudtrail.csv:3363,train
synthetic_cloudtrail.csv:3364,train
synthetic_cloudtrail.csv:3365,train
synthetic_cloudtrail.csv:3366,train
synthetic_cloudtrail.csv:3367,train
synthetic_cloudtrail.csv:3368,train
synthetic_cloudtrail.csv:3369,train
synthetic_cloudtrail.csv:3370,train
synthetic_cloudtrail.csv:3371,train
synthetic_cloudtrail.csv:3372,train
synthetic_cloudtrail.csv:3373,train
synthetic_cloudtrail.csv:3374,train
synthetic_cloudtrail.csv:3375,train
synthetic_cloudtrail.csv:3376,train
synthetic_cloudtrail.csv:3377,train
synthetic_cloudtrail.csv:3378,train
synthetic_cloudtrail.csv:3379,train
synthetic_cloudtrail.csv:3380,train
synthetic_cloudtrail.csv:3381,train
synthetic_cloudtrail.csv:3382,train
synthetic_cloudtrail.csv:3383,train
synthetic_cloudtrail.csv:3384,train
synthetic_cloudtrail.csv:3385,train
synthetic_cloudtrail.csv:3386,train
synthetic_cloudtrail.csv:3387,train
synthetic_cloudtrail.csv:3388,train
synthetic_cloudtrail.csv:3389,train
synthetic_cloudtrail.csv:3390,train
synthetic_cloudtrail.csv:3391,train
synthetic_cloudtrail.csv:3392,train
synthetic_cloudtrail.csv:3393,train
synthetic_cloudtrail.csv:3394,train
synthetic_cloudtrail.csv:3395,train
synthetic_cloudtrail.csv:3396,train
synthetic_cloudtrail.csv:3397,train
synthetic_cloudtrail.csv:3398,train
synthetic_cloudtrail.csv:3399,train
synthetic_cloudtrail.csv:3400,train
synthetic_cloudtrail.csv:3401,train
synthetic_cloudtrail.csv:3402,train
synthetic_cloudtrail.csv:3403,train
synthetic_cloudtrail.csv:3404,train
synthetic_cloudtrail.csv:3405,train
synthetic_cloudtrail.csv:3406,train
synthetic_cloudtrail.csv:3407,train
synthetic_cloudtrail.csv:3408,train
synthetic_cloudtrail.csv:3409,train
synthetic_cloudtrail.csv:3410,train
synthetic_cloudtrail.csv:3411,train
synthetic_cloudtrail.csv:3412,train
synthetic_cloudtrail.csv:3413,train
synthetic_cloudtrail.csv:3414,train
synthetic_cloudtrail.csv:3415,test
synthetic_cloudtrail.csv:3416,test
synthetic_cloudtrail.csv:3417,test
synthetic_cloudtrail.csv:3418,test
synthetic_cloudtrail.csv:3419,test
synthetic_cloudtrail.csv:3420,test
synthetic_cloudtrail.csv:3421,test
synthetic_cloudtrail.csv:3422,test
synthetic_cloudtrail.csv:3423,test
synthetic_cloudtrail.csv:3424,test
synthetic_cloudtrail.csv:3425,test
synthetic_cloudtrail.csv:3426,test
synthetic_cloudtrail.csv:3427,test
synthetic_cloudtrail.csv:3428,test
synthetic_cloudtrail.csv:3429,test
synthetic_cloudtrail.csv:3430,test
synthetic_cloudtrail.csv:3431,test
synthetic_cloudtrail.csv:3432,test
synthetic_cloudtrail.csv:3433,test
synthetic_cloudtrail.csv:3434,test
synthetic_cloudtrail.csv:3435,test
synthetic_cloudtrail.csv:3436,test
synthetic_cloudtrail.csv:3437,test
synthetic_cloudtrail.csv:3438,test
synthetic_cloudtrail.csv:3439,test
synthetic_cloudtrail.csv:3440,test
synthetic_cloudtrail.csv:3441,test
synthetic_cloudtrail.csv:3442,test
synthetic_cloudtrail.csv:3443,test
synthetic_cloudtrail.csv:3444,test
synthetic_cloudtrail.csv:3445,test
synthetic_cloudtrail.csv:3446,test
synthetic_cloudtrail.csv:3447,train
synthetic_cloudtrail.csv:3448,train
synthetic_cloudtrail.csv:3449,train
synthetic_cloudtrail.csv:3450,train
synthetic_cloudtrail.csv:3451,train
synthetic_cloudtrail.csv:3452,train
synthetic_cloudtrail.csv:3453,train
synthetic_cloudtrail.csv:3454,train
synthetic_cloudtrail.csv:3455,train
synthetic_cloudtrail.csv:3456,train
synthetic_cloudtrail.csv:3457,train
synthetic_cloudtrail.csv:3458,train
synthetic_cloudtrail.csv:3459,train
synthetic_cloudtrail.csv:3460,train
synthetic_cloudtrail.csv:3461,train
synthetic_cloudtrail.csv:3462,test
synthetic_cloudtrail.csv:3463,test
synthetic_cloudtrail.csv:3464,test
synthetic_cloudtrail.csv:3465,test
synthetic_cloudtrail.csv:3466,test
synthetic_cloudtrail.csv:3467,test
synthetic_cloudtrail.csv:3468,test
synthetic_cloudtrail.csv:3469,test
synthetic_cloudtrail.csv:3470,test
synthetic_cloudtrail.csv:3471,test
synthetic_cloudtrail.csv:3472,test
synthetic_cloudtrail.csv:3473,test
synthetic_cloudtrail.csv:3474,test
synthetic_cloudtrail.csv:3475,test
synthetic_cloudtrail.csv:3476,train
synthetic_cloudtrail.csv:3477,train
synthetic_cloudtrail.csv:3478,train
synthetic_cloudtrail.csv:3479,train
synthetic_cloudtrail.csv:3480,train
synthetic_cloudtrail.csv:3481,train
synthetic_cloudtrail.csv:3482,train
synthetic_cloudtrail.csv:3483,train
synthetic_cloudtrail.csv:3484,train
synthetic_cloudtrail.csv:3485,train
synthetic_cloudtrail.csv:3486,train
synthetic_cloudtrail.csv:3487,train
synthetic_cloudtrail.csv:3488,train
synthetic_cloudtrail.csv:3489,train
synthetic_cloudtrail.csv:3490,train
synthetic_cloudtrail.csv:3491,train
synthetic_cloudtrail.csv:3492,train
synthetic_cloudtrail.csv:3493,train
synthetic_cloudtrail.csv:3494,train
synthetic_cloudtrail.csv:3495,train
synthetic_cloudtrail.csv:3496,train
synthetic_cloudtrail.csv:3497,train
synthetic_cloudtrail.csv:3498,train
synthetic_cloudtrail.csv:3499,train
synthetic_cloudtrail.csv:3500,train
synthetic_cloudtrail.csv:3501,val
synthetic_cloudtrail.csv:3502,test
synthetic_cloudtrail.csv:3503,test
synthetic_cloudtrail.csv:3504,test
synthetic_cloudtrail.csv:3505,test
synthetic_cloudtrail.csv:3506,test
synthetic_cloudtrail.csv:3507,test
synthetic_cloudtrail.csv:3508,val
synthetic_cloudtrail.csv:3509,val
synthetic_cloudtrail.csv:3510,val
synthetic_cloudtrail.csv:3511,val
synthetic_cloudtrail.csv:3512,val
synthetic_cloudtrail.csv:3513,val
synthetic_cloudtrail.csv:3514,val
synthetic_cloudtrail.csv:3515,val
synthetic_cloudtrail.csv:3516,val
synthetic_cloudtrail.csv:3517,val
synthetic_cloudtrail.csv:3518,val
synthetic_cloudtrail.csv:3519,val
synthetic_cloudtrail.csv:3520,train
synthetic_cloudtrail.csv:3521,train
synthetic_cloudtrail.csv:3522,train
synthetic_cloudtrail.csv:3523,train
synthetic_cloudtrail.csv:3524,train
synthetic_cloudtrail.csv:3525,train
synthetic_cloudtrail.csv:3526,train
synthetic_cloudtrail.csv:3527,train
synthetic_cloudtrail.csv:3528,train
synthetic_cloudtrail.csv:3529,train
synthetic_cloudtrail.csv:3530,train
synthetic_cloudtrail.csv:3531,train
synthetic_cloudtrail.csv:3532,train
synthetic_cloudtrail.csv:3533,val
synthetic_cloudtrail.csv:3534,train
synthetic_cloudtrail.csv:3535,val
synthetic_cloudtrail.csv:3536,val
synthetic_cloudtrail.csv:3537,train
synthetic_cloudtrail.csv:3538,train
synthetic_cloudtrail.csv:3539,train
synthetic_cloudtrail.csv:3540,train
synthetic_cloudtrail.csv:3541,train
synthetic_cloudtrail.csv:3542,train
synthetic_cloudtrail.csv:3543,train
synthetic_cloudtrail.csv:3544,train
synthetic_cloudtrail.csv:3545,train
synthetic_cloudtrail.csv:3546,train
synthetic_cloudtrail.csv:3547,train
synthetic_cloudtrail.csv:3548,train
synthetic_cloudtrail.csv:3549,train
synthetic_cloudtrail.csv:3550,train
synthetic_cloudtrail.csv:3551,train
synthetic_cloudtrail.csv:3552,train
synthetic_cloudtrail.csv:3553,train
synthetic_cloudtrail.csv:3554,train
synthetic_cloudtrail.csv:3555,train
synthetic_cloudtrail.csv:3556,train
synthetic_cloudtrail.csv:3557,train
synthetic_cloudtrail.csv:3558,train
synthetic_cloudtrail.csv:3559,train
synthetic_cloudtrail.csv:3560,train
synthetic_cloudtrail.csv:3561,train
synthetic_cloudtrail.csv:3562,val
synthetic_cloudtrail.csv:3563,train
synthetic_cloudtrail.csv:3564,train
synthetic_cloudtrail.csv:3565,train
synthetic_cloudtrail.csv:3566,train
synthetic_cloudtrail.csv:3567,val
synthetic_cloudtrail.csv:3568,train
synthetic_cloudtrail.csv:3569,val
synthetic_cloudtrail.csv:3570,train
synthetic_cloudtrail.csv:3571,train
synthetic_cloudtrail.csv:3572,val
synthetic_cloudtrail.csv:3573,val
synthetic_cloudtrail.csv:3574,test
synthetic_cloudtrail.csv:3575,test
synthetic_cloudtrail.csv:3576,test
synthetic_cloudtrail.csv:3577,test
synthetic_cloudtrail.csv:3578,test
synthetic_cloudtrail.csv:3579,test
synthetic_cloudtrail.csv:3580,test
synthetic_cloudtrail.csv:3581,test
synthetic_cloudtrail.csv:3582,test
synthetic_cloudtrail.csv:3583,test
synthetic_cloudtrail.csv:3584,test
synthetic_cloudtrail.csv:3585,test
synthetic_cloudtrail.csv:3586,test
synthetic_cloudtrail.csv:3587,test
synthetic_cloudtrail.csv:3588,test
synthetic_cloudtrail.csv:3589,test
synthetic_cloudtrail.csv:3590,train
synthetic_cloudtrail.csv:3591,train
synthetic_cloudtrail.csv:3592,train
synthetic_cloudtrail.csv:3593,train
synthetic_cloudtrail.csv:3594,train
synthetic_cloudtrail.csv:3595,train
synthetic_cloudtrail.csv:3596,train
synthetic_cloudtrail.csv:3597,train
synthetic_cloudtrail.csv:3598,train
synthetic_cloudtrail.csv:3599,train
synthetic_cloudtrail.csv:3600,val
synthetic_cloudtrail.csv:3601,train
synthetic_cloudtrail.csv:3602,train
synthetic_cloudtrail.csv:3603,val
synthetic_cloudtrail.csv:3604,val
synthetic_cloudtrail.csv:3605,train
synthetic_cloudtrail.csv:3606,val
synthetic_cloudtrail.csv:3607,val
synthetic_cloudtrail.csv:3608,train
synthetic_cloudtrail.csv:3609,train
synthetic_cloudtrail.csv:3610,train
synthetic_cloudtrail.csv:3611,train
synthetic_cloudtrail.csv:3612,train
synthetic_cloudtrail.csv:3613,train
synthetic_cloudtrail.csv:3614,train
synthetic_cloudtrail.csv:3615,train
synthetic_cloudtrail.csv:3616,train
synthetic_cloudtrail.csv:3617,train
synthetic_cloudtrail.csv:3618,train
synthetic_cloudtrail.csv:3619,train
synthetic_cloudtrail.csv:3620,train
synthetic_cloudtrail.csv:3621,train
synthetic_cloudtrail.csv:3622,train
synthetic_cloudtrail.csv:3623,train
synthetic_cloudtrail.csv:3624,train
synthetic_cloudtrail.csv:3625,train
synthetic_cloudtrail.csv:3626,train
synthetic_cloudtrail.csv:3627,train
synthetic_cloudtrail.csv:3628,train
synthetic_cloudtrail.csv:3629,train
synthetic_cloudtrail.csv:3630,train
synthetic_cloudtrail.csv:3631,train
synthetic_cloudtrail.csv:3632,train
synthetic_cloudtrail.csv:3633,train
synthetic_cloudtrail.csv:3634,train
synthetic_cloudtrail.csv:3635,train
synthetic_cloudtrail.csv:3636,train
synthetic_cloudtrail.csv:3637,train
synthetic_cloudtrail.csv:3638,train
synthetic_cloudtrail.csv:3639,train
synthetic_cloudtrail.csv:3640,train
synthetic_cloudtrail.csv:3641,train
synthetic_cloudtrail.csv:3642,train
synthetic_cloudtrail.csv:3643,val
synthetic_cloudtrail.csv:3644,train
synthetic_cloudtrail.csv:3645,val
synthetic_cloudtrail.csv:3646,val
synthetic_cloudtrail.csv:3647,train
synthetic_cloudtrail.csv:3648,val
synthetic_cloudtrail.csv:3649,val
synthetic_cloudtrail.csv:3650,val
synthetic_cloudtrail.csv:3651,val
synthetic_cloudtrail.csv:3652,val
synthetic_cloudtrail.csv:3653,val
synthetic_cloudtrail.csv:3654,train
synthetic_cloudtrail.csv:3655,train
synthetic_cloudtrail.csv:3656,train
synthetic_cloudtrail.csv:3657,train
synthetic_cloudtrail.csv:3658,train
synthetic_cloudtrail.csv:3659,train
synthetic_cloudtrail.csv:3660,train
synthetic_cloudtrail.csv:3661,train
synthetic_cloudtrail.csv:3662,train
synthetic_cloudtrail.csv:3663,train
synthetic_cloudtrail.csv:3664,train
synthetic_cloudtrail.csv:3665,train
synthetic_cloudtrail.csv:3666,train
synthetic_cloudtrail.csv:3667,train
synthetic_cloudtrail.csv:3668,train
synthetic_cloudtrail.csv:3669,train
synthetic_cloudtrail.csv:3670,train
synthetic_cloudtrail.csv:3671,train
synthetic_cloudtrail.csv:3672,train
synthetic_cloudtrail.csv:3673,train
synthetic_cloudtrail.csv:3674,train
synthetic_cloudtrail.csv:3675,train
synthetic_cloudtrail.csv:3676,train
synthetic_cloudtrail.csv:3677,val
synthetic_cloudtrail.csv:3678,train
synthetic_cloudtrail.csv:3679,val
synthetic_cloudtrail.csv:3680,val
synthetic_cloudtrail.csv:3681,train
synthetic_cloudtrail.csv:3682,val
synthetic_cloudtrail.csv:3683,train
synthetic_cloudtrail.csv:3684,train
synthetic_cloudtrail.csv:3685,val
synthetic_cloudtrail.csv:3686,val
synthetic_cloudtrail.csv:3687,val
synthetic_cloudtrail.csv:3688,val
synthetic_cloudtrail.csv:3689,train
synthetic_cloudtrail.csv:3690,val
synthetic_cloudtrail.csv:3691,train
synthetic_cloudtrail.csv:3692,train
synthetic_cloudtrail.csv:3693,train
synthetic_cloudtrail.csv:3694,train
synthetic_cloudtrail.csv:3695,train
synthetic_cloudtrail.csv:3696,train
synthetic_cloudtrail.csv:3697,train
synthetic_cloudtrail.csv:3698,train
synthetic_cloudtrail.csv:3699,train
synthetic_cloudtrail.csv:3700,train
synthetic_cloudtrail.csv:3701,train
synthetic_cloudtrail.csv:3702,train
synthetic_cloudtrail.csv:3703,train
synthetic_cloudtrail.csv:3704,val
synthetic_cloudtrail.csv:3705,train
synthetic_cloudtrail.csv:3706,train
synthetic_cloudtrail.csv:3707,train
synthetic_cloudtrail.csv:3708,train
synthetic_cloudtrail.csv:3709,val
synthetic_cloudtrail.csv:3710,val
synthetic_cloudtrail.csv:3711,train
synthetic_cloudtrail.csv:3712,val
synthetic_cloudtrail.csv:3713,val
synthetic_cloudtrail.csv:3714,val
synthetic_cloudtrail.csv:3715,train
synthetic_cloudtrail.csv:3716,train
synthetic_cloudtrail.csv:3717,train
synthetic_cloudtrail.csv:3718,train
synthetic_cloudtrail.csv:3719,train
synthetic_cloudtrail.csv:3720,train
synthetic_cloudtrail.csv:3721,train
synthetic_cloudtrail.csv:3722,train
synthetic_cloudtrail.csv:3723,train
synthetic_cloudtrail.csv:3724,test
synthetic_cloudtrail.csv:3725,test
synthetic_cloudtrail.csv:3726,test
synthetic_cloudtrail.csv:3727,test
synthetic_cloudtrail.csv:3728,test
synthetic_cloudtrail.csv:3729,test
synthetic_cloudtrail.csv:3730,test
synthetic_cloudtrail.csv:3731,test
synthetic_cloudtrail.csv:3732,test
synthetic_cloudtrail.csv:3733,test
synthetic_cloudtrail.csv:3734,test
synthetic_cloudtrail.csv:3735,test
synthetic_cloudtrail.csv:3736,test
synthetic_cloudtrail.csv:3737,train
synthetic_cloudtrail.csv:3738,train
synthetic_cloudtrail.csv:3739,train
synthetic_cloudtrail.csv:3740,train
synthetic_cloudtrail.csv:3741,train
synthetic_cloudtrail.csv:3742,train
synthetic_cloudtrail.csv:3743,train
synthetic_cloudtrail.csv:3744,train
synthetic_cloudtrail.csv:3745,train
synthetic_cloudtrail.csv:3746,train
synthetic_cloudtrail.csv:3747,train
synthetic_cloudtrail.csv:3748,train
synthetic_cloudtrail.csv:3749,train
synthetic_cloudtrail.csv:3750,train
synthetic_cloudtrail.csv:3751,train
synthetic_cloudtrail.csv:3752,train
synthetic_cloudtrail.csv:3753,train
synthetic_cloudtrail.csv:3754,train
synthetic_cloudtrail.csv:3755,train
synthetic_cloudtrail.csv:3756,train
synthetic_cloudtrail.csv:3757,train
synthetic_cloudtrail.csv:3758,train
synthetic_cloudtrail.csv:3759,train
synthetic_cloudtrail.csv:3760,train
synthetic_cloudtrail.csv:3761,train
synthetic_cloudtrail.csv:3762,train
synthetic_cloudtrail.csv:3763,train
synthetic_cloudtrail.csv:3764,train
synthetic_cloudtrail.csv:3765,train
synthetic_cloudtrail.csv:3766,train
synthetic_cloudtrail.csv:3767,train
synthetic_cloudtrail.csv:3768,val
synthetic_cloudtrail.csv:3769,train
synthetic_cloudtrail.csv:3770,train
synthetic_cloudtrail.csv:3771,train
synthetic_cloudtrail.csv:3772,val
synthetic_cloudtrail.csv:3773,train
synthetic_cloudtrail.csv:3774,train
synthetic_cloudtrail.csv:3775,val
synthetic_cloudtrail.csv:3776,val
synthetic_cloudtrail.csv:3777,train
synthetic_cloudtrail.csv:3778,val
synthetic_cloudtrail.csv:3779,val
synthetic_cloudtrail.csv:3780,val
synthetic_cloudtrail.csv:3781,val
synthetic_cloudtrail.csv:3782,val
synthetic_cloudtrail.csv:3783,val
synthetic_cloudtrail.csv:3784,val
synthetic_cloudtrail.csv:3785,val
synthetic_cloudtrail.csv:3786,val
synthetic_cloudtrail.csv:3787,val
synthetic_cloudtrail.csv:3788,val
synthetic_cloudtrail.csv:3789,val
synthetic_cloudtrail.csv:3790,val
synthetic_cloudtrail.csv:3791,train
synthetic_cloudtrail.csv:3792,train
synthetic_cloudtrail.csv:3793,train
synthetic_cloudtrail.csv:3794,train
synthetic_cloudtrail.csv:3795,val
synthetic_cloudtrail.csv:3796,train
synthetic_cloudtrail.csv:3797,val
synthetic_cloudtrail.csv:3798,val
synthetic_cloudtrail.csv:3799,val
synthetic_cloudtrail.csv:3800,val
synthetic_cloudtrail.csv:3801,train
synthetic_cloudtrail.csv:3802,train
synthetic_cloudtrail.csv:3803,train
synthetic_cloudtrail.csv:3804,train
synthetic_cloudtrail.csv:3805,train
synthetic_cloudtrail.csv:3806,train
synthetic_cloudtrail.csv:3807,train
synthetic_cloudtrail.csv:3808,train
synthetic_cloudtrail.csv:3809,train
synthetic_cloudtrail.csv:3810,train
synthetic_cloudtrail.csv:3811,train
synthetic_cloudtrail.csv:3812,val
synthetic_cloudtrail.csv:3813,train
synthetic_cloudtrail.csv:3814,val
synthetic_cloudtrail.csv:3815,train
synthetic_cloudtrail.csv:3816,train
synthetic_cloudtrail.csv:3817,train
synthetic_cloudtrail.csv:3818,val
synthetic_cloudtrail.csv:3819,val
synthetic_cloudtrail.csv:3820,val
synthetic_cloudtrail.csv:3821,val
synthetic_cloudtrail.csv:3822,val
synthetic_cloudtrail.csv:3823,val
synthetic_cloudtrail.csv:3824,val
synthetic_cloudtrail.csv:3825,val
synthetic_cloudtrail.csv:3826,val
synthetic_cloudtrail.csv:3827,train
synthetic_cloudtrail.csv:3828,train
synthetic_cloudtrail.csv:3829,train
synthetic_cloudtrail.csv:3830,val
synthetic_cloudtrail.csv:3831,val
synthetic_cloudtrail.csv:3832,train
synthetic_cloudtrail.csv:3833,train
synthetic_cloudtrail.csv:3834,train
synthetic_cloudtrail.csv:3835,val
synthetic_cloudtrail.csv:3836,train
synthetic_cloudtrail.csv:3837,val
synthetic_cloudtrail.csv:3838,val
synthetic_cloudtrail.csv:3839,test
synthetic_cloudtrail.csv:3840,test
synthetic_cloudtrail.csv:3841,test
synthetic_cloudtrail.csv:3842,test
synthetic_cloudtrail.csv:3843,test
synthetic_cloudtrail.csv:3844,test
synthetic_cloudtrail.csv:3845,test
synthetic_cloudtrail.csv:3846,test
synthetic_cloudtrail.csv:3847,test
synthetic_cloudtrail.csv:3848,test
synthetic_cloudtrail.csv:3849,test
synthetic_cloudtrail.csv:3850,test
synthetic_cloudtrail.csv:3851,test
synthetic_cloudtrail.csv:3852,test
synthetic_cloudtrail.csv:3853,test
synthetic_cloudtrail.csv:3854,test
synthetic_cloudtrail.csv:3855,test
synthetic_cloudtrail.csv:3856,train
synthetic_cloudtrail.csv:3857,train
synthetic_cloudtrail.csv:3858,train
synthetic_cloudtrail.csv:3859,train
synthetic_cloudtrail.csv:3860,train
synthetic_cloudtrail.csv:3861,train
synthetic_cloudtrail.csv:3862,train
synthetic_cloudtrail.csv:3863,train
synthetic_cloudtrail.csv:3864,train
synthetic_cloudtrail.csv:3865,train
synthetic_cloudtrail.csv:3866,train
synthetic_cloudtrail.csv:3867,train
synthetic_cloudtrail.csv:3868,train
synthetic_cloudtrail.csv:3869,train
synthetic_cloudtrail.csv:3870,train
synthetic_cloudtrail.csv:3871,train
synthetic_cloudtrail.csv:3872,train
synthetic_cloudtrail.csv:3873,train
synthetic_cloudtrail.csv:3874,train
synthetic_cloudtrail.csv:3875,val
synthetic_cloudtrail.csv:3876,train
synthetic_cloudtrail.csv:3877,val
synthetic_cloudtrail.csv:3878,val
synthetic_cloudtrail.csv:3879,val
synthetic_cloudtrail.csv:3880,train
synthetic_cloudtrail.csv:3881,train
synthetic_cloudtrail.csv:3882,val
synthetic_cloudtrail.csv:3883,train
synthetic_cloudtrail.csv:3884,val
synthetic_cloudtrail.csv:3885,train
synthetic_cloudtrail.csv:3886,val
synthetic_cloudtrail.csv:3887,val
synthetic_cloudtrail.csv:3888,val
synthetic_cloudtrail.csv:3889,train
synthetic_cloudtrail.csv:3890,train
synthetic_cloudtrail.csv:3891,train
synthetic_cloudtrail.csv:3892,train
synthetic_cloudtrail.csv:3893,train
synthetic_cloudtrail.csv:3894,train
synthetic_cloudtrail.csv:3895,train
synthetic_cloudtrail.csv:3896,train
synthetic_cloudtrail.csv:3897,train
synthetic_cloudtrail.csv:3898,train
synthetic_cloudtrail.csv:3899,train
synthetic_cloudtrail.csv:3900,train
synthetic_cloudtrail.csv:3901,train
synthetic_cloudtrail.csv:3902,train
synthetic_cloudtrail.csv:3903,train
synthetic_cloudtrail.csv:3904,train
synthetic_cloudtrail.csv:3905,train
synthetic_cloudtrail.csv:3906,train
synthetic_cloudtrail.csv:3907,train
synthetic_cloudtrail.csv:3908,train
synthetic_cloudtrail.csv:3909,train
synthetic_cloudtrail.csv:3910,train
synthetic_cloudtrail.csv:3911,train
synthetic_cloudtrail.csv:3912,train
synthetic_cloudtrail.csv:3913,train
synthetic_cloudtrail.csv:3914,train
synthetic_cloudtrail.csv:3915,train
synthetic_cloudtrail.csv:3916,train
synthetic_cloudtrail.csv:3917,train
synthetic_cloudtrail.csv:3918,train
synthetic_cloudtrail.csv:3919,train
synthetic_cloudtrail.csv:3920,train
synthetic_cloudtrail.csv:3921,train
synthetic_cloudtrail.csv:3922,val
synthetic_cloudtrail.csv:3923,val
synthetic_cloudtrail.csv:3924,val
synthetic_cloudtrail.csv:3925,val
synthetic_cloudtrail.csv:3926,val
synthetic_cloudtrail.csv:3927,train
synthetic_cloudtrail.csv:3928,train
synthetic_cloudtrail.csv:3929,train
synthetic_cloudtrail.csv:3930,train
synthetic_cloudtrail.csv:3931,train
synthetic_cloudtrail.csv:3932,train
synthetic_cloudtrail.csv:3933,train
synthetic_cloudtrail.csv:3934,train
synthetic_cloudtrail.csv:3935,train
synthetic_cloudtrail.csv:3936,train
synthetic_cloudtrail.csv:3937,train
synthetic_cloudtrail.csv:3938,train
synthetic_cloudtrail.csv:3939,train
synthetic_cloudtrail.csv:3940,train
synthetic_cloudtrail.csv:3941,train
synthetic_cloudtrail.csv:3942,train
synthetic_cloudtrail.csv:3943,train
synthetic_cloudtrail.csv:3944,train
synthetic_cloudtrail.csv:3945,train
synthetic_cloudtrail.csv:3946,train
synthetic_cloudtrail.csv:3947,train
synthetic_cloudtrail.csv:3948,train
synthetic_cloudtrail.csv:3949,train
synthetic_cloudtrail.csv:3950,train
synthetic_cloudtrail.csv:3951,train
synthetic_cloudtrail.csv:3952,train
synthetic_cloudtrail.csv:3953,train
synthetic_cloudtrail.csv:3954,train
synthetic_cloudtrail.csv:3955,train
synthetic_cloudtrail.csv:3956,train
synthetic_cloudtrail.csv:3957,train
synthetic_cloudtrail.csv:3958,train
synthetic_cloudtrail.csv:3959,train
synthetic_cloudtrail.csv:3960,train
synthetic_cloudtrail.csv:3961,train
synthetic_cloudtrail.csv:3962,train
synthetic_cloudtrail.csv:3963,train
synthetic_cloudtrail.csv:3964,val
synthetic_cloudtrail.csv:3965,train
synthetic_cloudtrail.csv:3966,train
synthetic_cloudtrail.csv:3967,train
synthetic_cloudtrail.csv:3968,val
synthetic_cloudtrail.csv:3969,train
synthetic_cloudtrail.csv:3970,train
synthetic_cloudtrail.csv:3971,val
synthetic_cloudtrail.csv:3972,val
synthetic_cloudtrail.csv:3973,val
synthetic_cloudtrail.csv:3974,train
synthetic_cloudtrail.csv:3975,train
synthetic_cloudtrail.csv:3976,val
synthetic_cloudtrail.csv:3977,val
synthetic_cloudtrail.csv:3978,val
synthetic_cloudtrail.csv:3979,val
synthetic_cloudtrail.csv:3980,val
synthetic_cloudtrail.csv:3981,val
synthetic_cloudtrail.csv:3982,val
synthetic_cloudtrail.csv:3983,val
synthetic_cloudtrail.csv:3984,val
synthetic_cloudtrail.csv:3985,val
synthetic_cloudtrail.csv:3986,val
synthetic_cloudtrail.csv:3987,val
synthetic_cloudtrail.csv:3988,val
synthetic_cloudtrail.csv:3989,val
synthetic_cloudtrail.csv:3990,val
synthetic_cloudtrail.csv:3991,train
synthetic_cloudtrail.csv:3992,train
synthetic_cloudtrail.csv:3993,train
synthetic_cloudtrail.csv:3994,train
synthetic_cloudtrail.csv:3995,train
synthetic_cloudtrail.csv:3996,test
synthetic_cloudtrail.csv:3997,train
synthetic_cloudtrail.csv:3998,train
synthetic_cloudtrail.csv:3999,train
synthetic_cloudtrail.csv:4000,test
synthetic_cloudtrail.csv:4001,train
synthetic_cloudtrail.csv:4002,train
synthetic_cloudtrail.csv:4003,test
synthetic_cloudtrail.csv:4004,train
synthetic_cloudtrail.csv:4005,test
synthetic_cloudtrail.csv:4006,train
synthetic_cloudtrail.csv:4007,train
synthetic_cloudtrail.csv:4008,train
synthetic_cloudtrail.csv:4009,test
synthetic_cloudtrail.csv:4010,test
synthetic_cloudtrail.csv:4011,test
synthetic_cloudtrail.csv:4012,test
synthetic_cloudtrail.csv:4013,test
synthetic_cloudtrail.csv:4014,train
synthetic_cloudtrail.csv:4015,train
synthetic_cloudtrail.csv:4016,train
synthetic_cloudtrail.csv:4017,train
synthetic_cloudtrail.csv:4018,train
synthetic_cloudtrail.csv:4019,train
synthetic_cloudtrail.csv:4020,train
synthetic_cloudtrail.csv:4021,train
synthetic_cloudtrail.csv:4022,train
synthetic_cloudtrail.csv:4023,train
synthetic_cloudtrail.csv:4024,train
synthetic_cloudtrail.csv:4025,train
synthetic_cloudtrail.csv:4026,train
synthetic_cloudtrail.csv:4027,train
synthetic_cloudtrail.csv:4028,train
synthetic_cloudtrail.csv:4029,train
synthetic_cloudtrail.csv:4030,train
synthetic_cloudtrail.csv:4031,train
synthetic_cloudtrail.csv:4032,train
synthetic_cloudtrail.csv:4033,train
synthetic_cloudtrail.csv:4034,train
synthetic_cloudtrail.csv:4035,train
synthetic_cloudtrail.csv:4036,train
synthetic_cloudtrail.csv:4037,train
synthetic_cloudtrail.csv:4038,train
synthetic_cloudtrail.csv:4039,train
synthetic_cloudtrail.csv:4040,train
synthetic_cloudtrail.csv:4041,train
synthetic_cloudtrail.csv:4042,train
synthetic_cloudtrail.csv:4043,train
synthetic_cloudtrail.csv:4044,train
synthetic_cloudtrail.csv:4045,train
synthetic_cloudtrail.csv:4046,train
synthetic_cloudtrail.csv:4047,train
synthetic_cloudtrail.csv:4048,train
synthetic_cloudtrail.csv:4049,train
synthetic_cloudtrail.csv:4050,train
synthetic_cloudtrail.csv:4051,train
synthetic_cloudtrail.csv:4052,train
synthetic_cloudtrail.csv:4053,train
synthetic_cloudtrail.csv:4054,train
synthetic_cloudtrail.csv:4055,train
synthetic_cloudtrail.csv:4056,train
synthetic_cloudtrail.csv:4057,train
synthetic_cloudtrail.csv:4058,train
synthetic_cloudtrail.csv:4059,train
synthetic_cloudtrail.csv:4060,val
synthetic_cloudtrail.csv:4061,train
synthetic_cloudtrail.csv:4062,train
synthetic_cloudtrail.csv:4063,train
synthetic_cloudtrail.csv:4064,train
synthetic_cloudtrail.csv:4065,val
synthetic_cloudtrail.csv:4066,val
synthetic_cloudtrail.csv:4067,train
synthetic_cloudtrail.csv:4068,val
synthetic_cloudtrail.csv:4069,train
synthetic_cloudtrail.csv:4070,val
synthetic_cloudtrail.csv:4071,train
synthetic_cloudtrail.csv:4072,train
synthetic_cloudtrail.csv:4073,train
synthetic_cloudtrail.csv:4074,train
synthetic_cloudtrail.csv:4075,train
synthetic_cloudtrail.csv:4076,train
synthetic_cloudtrail.csv:4077,train
synthetic_cloudtrail.csv:4078,train
synthetic_cloudtrail.csv:4079,train
synthetic_cloudtrail.csv:4080,train
synthetic_cloudtrail.csv:4081,train
synthetic_cloudtrail.csv:4082,train
synthetic_cloudtrail.csv:4083,train
synthetic_cloudtrail.csv:4084,train
synthetic_cloudtrail.csv:4085,train
synthetic_cloudtrail.csv:4086,train
synthetic_cloudtrail.csv:4087,train
synthetic_cloudtrail.csv:4088,train
synthetic_cloudtrail.csv:4089,train
synthetic_cloudtrail.csv:4090,train
synthetic_cloudtrail.csv:4091,train
synthetic_cloudtrail.csv:4092,train
synthetic_cloudtrail.csv:4093,train
synthetic_cloudtrail.csv:4094,train
synthetic_cloudtrail.csv:4095,train
synthetic_cloudtrail.csv:4096,train
synthetic_cloudtrail.csv:4097,train
synthetic_cloudtrail.csv:4098,train
synthetic_cloudtrail.csv:4099,train
synthetic_cloudtrail.csv:4100,train
synthetic_cloudtrail.csv:4101,train
synthetic_cloudtrail.csv:4102,train
synthetic_cloudtrail.csv:4103,train
synthetic_cloudtrail.csv:4104,val
synthetic_cloudtrail.csv:4105,val
synthetic_cloudtrail.csv:4106,val
synthetic_cloudtrail.csv:4107,val
synthetic_cloudtrail.csv:4108,val
synthetic_cloudtrail.csv:4109,val
synthetic_cloudtrail.csv:4110,val
synthetic_cloudtrail.csv:4111,val
synthetic_cloudtrail.csv:4112,train
synthetic_cloudtrail.csv:4113,train
synthetic_cloudtrail.csv:4114,train
synthetic_cloudtrail.csv:4115,train
synthetic_cloudtrail.csv:4116,train
synthetic_cloudtrail.csv:4117,train
synthetic_cloudtrail.csv:4118,val
synthetic_cloudtrail.csv:4119,train
synthetic_cloudtrail.csv:4120,train
synthetic_cloudtrail.csv:4121,val
synthetic_cloudtrail.csv:4122,train
synthetic_cloudtrail.csv:4123,val
synthetic_cloudtrail.csv:4124,train
synthetic_cloudtrail.csv:4125,val
synthetic_cloudtrail.csv:4126,train
synthetic_cloudtrail.csv:4127,val
synthetic_cloudtrail.csv:4128,train
synthetic_cloudtrail.csv:4129,val
synthetic_cloudtrail.csv:4130,val
synthetic_cloudtrail.csv:4131,train
synthetic_cloudtrail.csv:4132,val
synthetic_cloudtrail.csv:4133,train
synthetic_cloudtrail.csv:4134,val
synthetic_cloudtrail.csv:4135,val
synthetic_cloudtrail.csv:4136,train
synthetic_cloudtrail.csv:4137,train
synthetic_cloudtrail.csv:4138,val
synthetic_cloudtrail.csv:4139,train
synthetic_cloudtrail.csv:4140,train
synthetic_cloudtrail.csv:4141,train
synthetic_cloudtrail.csv:4142,val
synthetic_cloudtrail.csv:4143,train
synthetic_cloudtrail.csv:4144,val
synthetic_cloudtrail.csv:4145,val
synthetic_cloudtrail.csv:4146,val
synthetic_cloudtrail.csv:4147,train
synthetic_cloudtrail.csv:4148,train
synthetic_cloudtrail.csv:4149,train
synthetic_cloudtrail.csv:4150,train
synthetic_cloudtrail.csv:4151,train
synthetic_cloudtrail.csv:4152,train
synthetic_cloudtrail.csv:4153,train
synthetic_cloudtrail.csv:4154,train
synthetic_cloudtrail.csv:4155,train
synthetic_cloudtrail.csv:4156,train
synthetic_cloudtrail.csv:4157,train
synthetic_cloudtrail.csv:4158,train
synthetic_cloudtrail.csv:4159,train
synthetic_cloudtrail.csv:4160,train
synthetic_cloudtrail.csv:4161,train
synthetic_cloudtrail.csv:4162,train
synthetic_cloudtrail.csv:4163,train
synthetic_cloudtrail.csv:4164,train
synthetic_cloudtrail.csv:4165,train
synthetic_cloudtrail.csv:4166,train
synthetic_cloudtrail.csv:4167,train
synthetic_cloudtrail.csv:4168,train
synthetic_cloudtrail.csv:4169,train
synthetic_cloudtrail.csv:4170,val
synthetic_cloudtrail.csv:4171,train
synthetic_cloudtrail.csv:4172,train
synthetic_cloudtrail.csv:4173,val
synthetic_cloudtrail.csv:4174,train
synthetic_cloudtrail.csv:4175,val
synthetic_cloudtrail.csv:4176,val
synthetic_cloudtrail.csv:4177,val
synthetic_cloudtrail.csv:4178,train
synthetic_cloudtrail.csv:4179,train
synthetic_cloudtrail.csv:4180,train
synthetic_cloudtrail.csv:4181,train
synthetic_cloudtrail.csv:4182,train
synthetic_cloudtrail.csv:4183,train
synthetic_cloudtrail.csv:4184,train
synthetic_cloudtrail.csv:4185,train
synthetic_cloudtrail.csv:4186,train
synthetic_cloudtrail.csv:4187,train
synthetic_cloudtrail.csv:4188,train
synthetic_cloudtrail.csv:4189,train
synthetic_cloudtrail.csv:4190,train
synthetic_cloudtrail.csv:4191,train
synthetic_cloudtrail.csv:4192,train
synthetic_cloudtrail.csv:4193,train
synthetic_cloudtrail.csv:4194,train
synthetic_cloudtrail.csv:4195,train
synthetic_cloudtrail.csv:4196,train
synthetic_cloudtrail.csv:4197,train
synthetic_cloudtrail.csv:4198,val
synthetic_cloudtrail.csv:4199,val
synthetic_cloudtrail.csv:4200,val
synthetic_cloudtrail.csv:4201,val
synthetic_cloudtrail.csv:4202,val
synthetic_cloudtrail.csv:4203,val
synthetic_cloudtrail.csv:4204,val
synthetic_cloudtrail.csv:4205,val
synthetic_cloudtrail.csv:4206,val
synthetic_cloudtrail.csv:4207,val
synthetic_cloudtrail.csv:4208,val
synthetic_cloudtrail.csv:4209,val
synthetic_cloudtrail.csv:4210,val
synthetic_cloudtrail.csv:4211,val
synthetic_cloudtrail.csv:4212,val
synthetic_cloudtrail.csv:4213,val
synthetic_cloudtrail.csv:4214,val
synthetic_cloudtrail.csv:4215,val
synthetic_cloudtrail.csv:4216,val
synthetic_cloudtrail.csv:4217,val
synthetic_cloudtrail.csv:4218,val
synthetic_cloudtrail.csv:4219,val
synthetic_cloudtrail.csv:4220,train
synthetic_cloudtrail.csv:4221,val
synthetic_cloudtrail.csv:4222,train
synthetic_cloudtrail.csv:4223,train
synthetic_cloudtrail.csv:4224,val
synthetic_cloudtrail.csv:4225,val
synthetic_cloudtrail.csv:4226,val
synthetic_cloudtrail.csv:4227,val
synthetic_cloudtrail.csv:4228,val
synthetic_cloudtrail.csv:4229,val
synthetic_cloudtrail.csv:4230,val
synthetic_cloudtrail.csv:4231,val
synthetic_cloudtrail.csv:4232,val
synthetic_cloudtrail.csv:4233,val
synthetic_cloudtrail.csv:4234,val
synthetic_cloudtrail.csv:4235,val
synthetic_cloudtrail.csv:4236,val
synthetic_cloudtrail.csv:4237,val
synthetic_cloudtrail.csv:4238,val
synthetic_cloudtrail.csv:4239,train
synthetic_cloudtrail.csv:4240,train
synthetic_cloudtrail.csv:4241,train
synthetic_cloudtrail.csv:4242,train
synthetic_cloudtrail.csv:4243,train
synthetic_cloudtrail.csv:4244,train
synthetic_cloudtrail.csv:4245,train
synthetic_cloudtrail.csv:4246,train
synthetic_cloudtrail.csv:4247,train
synthetic_cloudtrail.csv:4248,train
synthetic_cloudtrail.csv:4249,train
synthetic_cloudtrail.csv:4250,train
synthetic_cloudtrail.csv:4251,train
synthetic_cloudtrail.csv:4252,train
synthetic_cloudtrail.csv:4253,train
synthetic_cloudtrail.csv:4254,train
synthetic_cloudtrail.csv:4255,train
synthetic_cloudtrail.csv:4256,train
synthetic_cloudtrail.csv:4257,train
synthetic_cloudtrail.csv:4258,train
synthetic_cloudtrail.csv:4259,train
synthetic_cloudtrail.csv:4260,train
synthetic_cloudtrail.csv:4261,train
synthetic_cloudtrail.csv:4262,train
synthetic_cloudtrail.csv:4263,train
synthetic_cloudtrail.csv:4264,train
synthetic_cloudtrail.csv:4265,train
synthetic_cloudtrail.csv:4266,train
synthetic_cloudtrail.csv:4267,train
synthetic_cloudtrail.csv:4268,train
synthetic_cloudtrail.csv:4269,train
synthetic_cloudtrail.csv:4270,train
synthetic_cloudtrail.csv:4271,train
synthetic_cloudtrail.csv:4272,train
synthetic_cloudtrail.csv:4273,train
synthetic_cloudtrail.csv:4274,val
synthetic_cloudtrail.csv:4275,train
synthetic_cloudtrail.csv:4276,train
synthetic_cloudtrail.csv:4277,train
synthetic_cloudtrail.csv:4278,train
synthetic_cloudtrail.csv:4279,val
synthetic_cloudtrail.csv:4280,train
synthetic_cloudtrail.csv:4281,val
synthetic_cloudtrail.csv:4282,val
synthetic_cloudtrail.csv:4283,val
synthetic_cloudtrail.csv:4284,train
synthetic_cloudtrail.csv:4285,train
synthetic_cloudtrail.csv:4286,train
synthetic_cloudtrail.csv:4287,train
synthetic_cloudtrail.csv:4288,train
synthetic_cloudtrail.csv:4289,train
synthetic_cloudtrail.csv:4290,train
synthetic_cloudtrail.csv:4291,train
synthetic_cloudtrail.csv:4292,val
synthetic_cloudtrail.csv:4293,val
synthetic_cloudtrail.csv:4294,val
synthetic_cloudtrail.csv:4295,val
synthetic_cloudtrail.csv:4296,val
synthetic_cloudtrail.csv:4297,val
synthetic_cloudtrail.csv:4298,val
synthetic_cloudtrail.csv:4299,val
synthetic_cloudtrail.csv:4300,val
synthetic_cloudtrail.csv:4301,train
synthetic_cloudtrail.csv:4302,val
synthetic_cloudtrail.csv:4303,train
synthetic_cloudtrail.csv:4304,train
synthetic_cloudtrail.csv:4305,val
synthetic_cloudtrail.csv:4306,val
synthetic_cloudtrail.csv:4307,val
synthetic_cloudtrail.csv:4308,train
synthetic_cloudtrail.csv:4309,train
synthetic_cloudtrail.csv:4310,test
synthetic_cloudtrail.csv:4311,test
synthetic_cloudtrail.csv:4312,test
synthetic_cloudtrail.csv:4313,test
synthetic_cloudtrail.csv:4314,test
synthetic_cloudtrail.csv:4315,test
synthetic_cloudtrail.csv:4316,test
synthetic_cloudtrail.csv:4317,test
synthetic_cloudtrail.csv:4318,test
synthetic_cloudtrail.csv:4319,test
synthetic_cloudtrail.csv:4320,test
synthetic_cloudtrail.csv:4321,test
synthetic_cloudtrail.csv:4322,test
synthetic_cloudtrail.csv:4323,test
synthetic_cloudtrail.csv:4324,test
synthetic_cloudtrail.csv:4325,test
synthetic_cloudtrail.csv:4326,train
synthetic_cloudtrail.csv:4327,train
synthetic_cloudtrail.csv:4328,val
synthetic_cloudtrail.csv:4329,val
synthetic_cloudtrail.csv:4330,train
synthetic_cloudtrail.csv:4331,train
synthetic_cloudtrail.csv:4332,val
synthetic_cloudtrail.csv:4333,train
synthetic_cloudtrail.csv:4334,val
synthetic_cloudtrail.csv:4335,train
synthetic_cloudtrail.csv:4336,val
synthetic_cloudtrail.csv:4337,val
synthetic_cloudtrail.csv:4338,val
synthetic_cloudtrail.csv:4339,val
synthetic_cloudtrail.csv:4340,val
synthetic_cloudtrail.csv:4341,val
synthetic_cloudtrail.csv:4342,val
synthetic_cloudtrail.csv:4343,val
synthetic_cloudtrail.csv:4344,val
synthetic_cloudtrail.csv:4345,val
synthetic_cloudtrail.csv:4346,train
synthetic_cloudtrail.csv:4347,train
synthetic_cloudtrail.csv:4348,train
synthetic_cloudtrail.csv:4349,train
synthetic_cloudtrail.csv:4350,train
synthetic_cloudtrail.csv:4351,train
synthetic_cloudtrail.csv:4352,train
synthetic_cloudtrail.csv:4353,train
synthetic_cloudtrail.csv:4354,train
synthetic_cloudtrail.csv:4355,train
synthetic_cloudtrail.csv:4356,train
synthetic_cloudtrail.csv:4357,train
synthetic_cloudtrail.csv:4358,train
synthetic_cloudtrail.csv:4359,train
synthetic_cloudtrail.csv:4360,train
synthetic_cloudtrail.csv:4361,train
synthetic_cloudtrail.csv:4362,train
synthetic_cloudtrail.csv:4363,train
synthetic_cloudtrail.csv:4364,train
synthetic_cloudtrail.csv:4365,train
synthetic_cloudtrail.csv:4366,train
synthetic_cloudtrail.csv:4367,train
synthetic_cloudtrail.csv:4368,train
synthetic_cloudtrail.csv:4369,train
synthetic_cloudtrail.csv:4370,train
synthetic_cloudtrail.csv:4371,train
synthetic_cloudtrail.csv:4372,train
synthetic_cloudtrail.csv:4373,train
synthetic_cloudtrail.csv:4374,train
synthetic_cloudtrail.csv:4375,train
synthetic_cloudtrail.csv:4376,train
synthetic_cloudtrail.csv:4377,train
synthetic_cloudtrail.csv:4378,train
synthetic_cloudtrail.csv:4379,train
synthetic_cloudtrail.csv:4380,train
synthetic_cloudtrail.csv:4381,val
synthetic_cloudtrail.csv:4382,train
synthetic_cloudtrail.csv:4383,train
synthetic_cloudtrail.csv:4384,val
synthetic_cloudtrail.csv:4385,val
synthetic_cloudtrail.csv:4386,val
synthetic_cloudtrail.csv:4387,val
synthetic_cloudtrail.csv:4388,val
synthetic_cloudtrail.csv:4389,val
synthetic_cloudtrail.csv:4390,val
synthetic_cloudtrail.csv:4391,val
synthetic_cloudtrail.csv:4392,train
synthetic_cloudtrail.csv:4393,val
synthetic_cloudtrail.csv:4394,val
synthetic_cloudtrail.csv:4395,train
synthetic_cloudtrail.csv:4396,train
synthetic_cloudtrail.csv:4397,train
synthetic_cloudtrail.csv:4398,train
synthetic_cloudtrail.csv:4399,train
synthetic_cloudtrail.csv:4400,train
synthetic_cloudtrail.csv:4401,train
synthetic_cloudtrail.csv:4402,train
synthetic_cloudtrail.csv:4403,train
synthetic_cloudtrail.csv:4404,train
synthetic_cloudtrail.csv:4405,train
synthetic_cloudtrail.csv:4406,train
synthetic_cloudtrail.csv:4407,train
synthetic_cloudtrail.csv:4408,train
synthetic_cloudtrail.csv:4409,train
synthetic_cloudtrail.csv:4410,train
synthetic_cloudtrail.csv:4411,train
synthetic_cloudtrail.csv:4412,train
synthetic_cloudtrail.csv:4413,train
synthetic_cloudtrail.csv:4414,train
synthetic_cloudtrail.csv:4415,train
synthetic_cloudtrail.csv:4416,train
synthetic_cloudtrail.csv:4417,train
synthetic_cloudtrail.csv:4418,train
synthetic_cloudtrail.csv:4419,train
synthetic_cloudtrail.csv:4420,train
synthetic_cloudtrail.csv:4421,train
synthetic_cloudtrail.csv:4422,train
synthetic_cloudtrail.csv:4423,train
synthetic_cloudtrail.csv:4424,train
synthetic_cloudtrail.csv:4425,train
synthetic_cloudtrail.csv:4426,train
synthetic_cloudtrail.csv:4427,train
synthetic_cloudtrail.csv:4428,train
synthetic_cloudtrail.csv:4429,train
synthetic_cloudtrail.csv:4430,train
synthetic_cloudtrail.csv:4431,train
synthetic_cloudtrail.csv:4432,train
synthetic_cloudtrail.csv:4433,train
synthetic_cloudtrail.csv:4434,train
synthetic_cloudtrail.csv:4435,train
synthetic_cloudtrail.csv:4436,train
synthetic_cloudtrail.csv:4437,train
synthetic_cloudtrail.csv:4438,train
synthetic_cloudtrail.csv:4439,train
synthetic_cloudtrail.csv:4440,train
synthetic_cloudtrail.csv:4441,train
synthetic_cloudtrail.csv:4442,train
synthetic_cloudtrail.csv:4443,train
synthetic_cloudtrail.csv:4444,train
synthetic_cloudtrail.csv:4445,train
synthetic_cloudtrail.csv:4446,train
synthetic_cloudtrail.csv:4447,train
synthetic_cloudtrail.csv:4448,train
synthetic_cloudtrail.csv:4449,train
synthetic_cloudtrail.csv:4450,train
synthetic_cloudtrail.csv:4451,train
synthetic_cloudtrail.csv:4452,train
synthetic_cloudtrail.csv:4453,train
synthetic_cloudtrail.csv:4454,train
synthetic_cloudtrail.csv:4455,train
synthetic_cloudtrail.csv:4456,train
synthetic_cloudtrail.csv:4457,train
synthetic_cloudtrail.csv:4458,train
synthetic_cloudtrail.csv:4459,train
synthetic_cloudtrail.csv:4460,train
synthetic_cloudtrail.csv:4461,train
synthetic_cloudtrail.csv:4462,train
synthetic_cloudtrail.csv:4463,train
synthetic_cloudtrail.csv:4464,train
synthetic_cloudtrail.csv:4465,train
synthetic_cloudtrail.csv:4466,train
synthetic_cloudtrail.csv:4467,train
synthetic_cloudtrail.csv:4468,train
synthetic_cloudtrail.csv:4469,train
synthetic_cloudtrail.csv:4470,train
synthetic_cloudtrail.csv:4471,train
synthetic_cloudtrail.csv:4472,train
synthetic_cloudtrail.csv:4473,train
synthetic_cloudtrail.csv:4474,train
synthetic_cloudtrail.csv:4475,train
synthetic_cloudtrail.csv:4476,train
synthetic_cloudtrail.csv:4477,train
synthetic_cloudtrail.csv:4478,train
synthetic_cloudtrail.csv:4479,train
synthetic_cloudtrail.csv:4480,train
synthetic_cloudtrail.csv:4481,train
synthetic_cloudtrail.csv:4482,train
synthetic_cloudtrail.csv:4483,train
synthetic_cloudtrail.csv:4484,train
synthetic_cloudtrail.csv:4485,train
synthetic_cloudtrail.csv:4486,train
synthetic_cloudtrail.csv:4487,train
synthetic_cloudtrail.csv:4488,train
synthetic_cloudtrail.csv:4489,train
synthetic_cloudtrail.csv:4490,train
synthetic_cloudtrail.csv:4491,train
synthetic_cloudtrail.csv:4492,train
synthetic_cloudtrail.csv:4493,train
synthetic_cloudtrail.csv:4494,train
synthetic_cloudtrail.csv:4495,train
synthetic_cloudtrail.csv:4496,train
synthetic_cloudtrail.csv:4497,train
synthetic_cloudtrail.csv:4498,train
synthetic_cloudtrail.csv:4499,train
synthetic_cloudtrail.csv:4500,train
synthetic_cloudtrail.csv:4501,train
synthetic_cloudtrail.csv:4502,val
synthetic_cloudtrail.csv:4503,train
synthetic_cloudtrail.csv:4504,train
synthetic_cloudtrail.csv:4505,val
synthetic_cloudtrail.csv:4506,val
synthetic_cloudtrail.csv:4507,val
synthetic_cloudtrail.csv:4508,val
synthetic_cloudtrail.csv:4509,train
synthetic_cloudtrail.csv:4510,val
synthetic_cloudtrail.csv:4511,train
synthetic_cloudtrail.csv:4512,train
synthetic_cloudtrail.csv:4513,train
synthetic_cloudtrail.csv:4514,train
synthetic_cloudtrail.csv:4515,train
synthetic_cloudtrail.csv:4516,train
synthetic_cloudtrail.csv:4517,train
synthetic_cloudtrail.csv:4518,train
synthetic_cloudtrail.csv:4519,train
synthetic_cloudtrail.csv:4520,train
synthetic_cloudtrail.csv:4521,train
synthetic_cloudtrail.csv:4522,train
synthetic_cloudtrail.csv:4523,train
synthetic_cloudtrail.csv:4524,train
synthetic_cloudtrail.csv:4525,train
synthetic_cloudtrail.csv:4526,train
synthetic_cloudtrail.csv:4527,train
synthetic_cloudtrail.csv:4528,train
synthetic_cloudtrail.csv:4529,train
synthetic_cloudtrail.csv:4530,train
synthetic_cloudtrail.csv:4531,train
synthetic_cloudtrail.csv:4532,train
synthetic_cloudtrail.csv:4533,train
synthetic_cloudtrail.csv:4534,train
synthetic_cloudtrail.csv:4535,train
synthetic_cloudtrail.csv:4536,train
synthetic_cloudtrail.csv:4537,train
synthetic_cloudtrail.csv:4538,train
synthetic_cloudtrail.csv:4539,val
synthetic_cloudtrail.csv:4540,train
synthetic_cloudtrail.csv:4541,val
synthetic_cloudtrail.csv:4542,val
synthetic_cloudtrail.csv:4543,val
synthetic_cloudtrail.csv:4544,val
synthetic_cloudtrail.csv:4545,val
synthetic_cloudtrail.csv:4546,train
synthetic_cloudtrail.csv:4547,train
synthetic_cloudtrail.csv:4548,val
synthetic_cloudtrail.csv:4549,val
synthetic_cloudtrail.csv:4550,train
synthetic_cloudtrail.csv:4551,train
synthetic_cloudtrail.csv:4552,val
synthetic_cloudtrail.csv:4553,val
synthetic_cloudtrail.csv:4554,train
synthetic_cloudtrail.csv:4555,val
synthetic_cloudtrail.csv:4556,val
synthetic_cloudtrail.csv:4557,val
synthetic_cloudtrail.csv:4558,val
synthetic_cloudtrail.csv:4559,val
synthetic_cloudtrail.csv:4560,val
synthetic_cloudtrail.csv:4561,train
synthetic_cloudtrail.csv:4562,train
synthetic_cloudtrail.csv:4563,train
synthetic_cloudtrail.csv:4564,train
synthetic_cloudtrail.csv:4565,train
synthetic_cloudtrail.csv:4566,train
synthetic_cloudtrail.csv:4567,train
synthetic_cloudtrail.csv:4568,train
synthetic_cloudtrail.csv:4569,train
synthetic_cloudtrail.csv:4570,val
synthetic_cloudtrail.csv:4571,train
synthetic_cloudtrail.csv:4572,val
synthetic_cloudtrail.csv:4573,val
synthetic_cloudtrail.csv:4574,val
synthetic_cloudtrail.csv:4575,val
synthetic_cloudtrail.csv:4576,val
synthetic_cloudtrail.csv:4577,val
synthetic_cloudtrail.csv:4578,val
synthetic_cloudtrail.csv:4579,val
synthetic_cloudtrail.csv:4580,val
synthetic_cloudtrail.csv:4581,val
synthetic_cloudtrail.csv:4582,val
synthetic_cloudtrail.csv:4583,val
synthetic_cloudtrail.csv:4584,val
synthetic_cloudtrail.csv:4585,val
synthetic_cloudtrail.csv:4586,train
synthetic_cloudtrail.csv:4587,train
synthetic_cloudtrail.csv:4588,train
synthetic_cloudtrail.csv:4589,train
synthetic_cloudtrail.csv:4590,val
synthetic_cloudtrail.csv:4591,train
synthetic_cloudtrail.csv:4592,train
synthetic_cloudtrail.csv:4593,train
synthetic_cloudtrail.csv:4594,train
synthetic_cloudtrail.csv:4595,val
synthetic_cloudtrail.csv:4596,train
synthetic_cloudtrail.csv:4597,train
synthetic_cloudtrail.csv:4598,val
synthetic_cloudtrail.csv:4599,val
synthetic_cloudtrail.csv:4600,val
synthetic_cloudtrail.csv:4601,val
synthetic_cloudtrail.csv:4602,val
synthetic_cloudtrail.csv:4603,val
synthetic_cloudtrail.csv:4604,val
synthetic_cloudtrail.csv:4605,val
synthetic_cloudtrail.csv:4606,val
synthetic_cloudtrail.csv:4607,val
synthetic_cloudtrail.csv:4608,val
synthetic_cloudtrail.csv:4609,val
synthetic_cloudtrail.csv:4610,train
synthetic_cloudtrail.csv:4611,val
synthetic_cloudtrail.csv:4612,train
synthetic_cloudtrail.csv:4613,train
synthetic_cloudtrail.csv:4614,train
synthetic_cloudtrail.csv:4615,val
synthetic_cloudtrail.csv:4616,train
synthetic_cloudtrail.csv:4617,train
synthetic_cloudtrail.csv:4618,train
synthetic_cloudtrail.csv:4619,val
synthetic_cloudtrail.csv:4620,val
synthetic_cloudtrail.csv:4621,train
synthetic_cloudtrail.csv:4622,train
synthetic_cloudtrail.csv:4623,train
synthetic_cloudtrail.csv:4624,train
synthetic_cloudtrail.csv:4625,train
synthetic_cloudtrail.csv:4626,train
synthetic_cloudtrail.csv:4627,train
synthetic_cloudtrail.csv:4628,train
synthetic_cloudtrail.csv:4629,train
synthetic_cloudtrail.csv:4630,train
synthetic_cloudtrail.csv:4631,train
synthetic_cloudtrail.csv:4632,train
synthetic_cloudtrail.csv:4633,val
synthetic_cloudtrail.csv:4634,val
synthetic_cloudtrail.csv:4635,train
synthetic_cloudtrail.csv:4636,val
synthetic_cloudtrail.csv:4637,train
synthetic_cloudtrail.csv:4638,train
synthetic_cloudtrail.csv:4639,val
synthetic_cloudtrail.csv:4640,train
synthetic_cloudtrail.csv:4641,val
synthetic_cloudtrail.csv:4642,train
synthetic_cloudtrail.csv:4643,train
synthetic_cloudtrail.csv:4644,val
synthetic_cloudtrail.csv:4645,val
synthetic_cloudtrail.csv:4646,val
synthetic_cloudtrail.csv:4647,val
synthetic_cloudtrail.csv:4648,val
synthetic_cloudtrail.csv:4649,val
synthetic_cloudtrail.csv:4650,val
synthetic_cloudtrail.csv:4651,val
synthetic_cloudtrail.csv:4652,val
synthetic_cloudtrail.csv:4653,train
synthetic_cloudtrail.csv:4654,train
synthetic_cloudtrail.csv:4655,train
synthetic_cloudtrail.csv:4656,train
synthetic_cloudtrail.csv:4657,train
synthetic_cloudtrail.csv:4658,train
synthetic_cloudtrail.csv:4659,train
synthetic_cloudtrail.csv:4660,train
synthetic_cloudtrail.csv:4661,train
synthetic_cloudtrail.csv:4662,train
synthetic_cloudtrail.csv:4663,train
synthetic_cloudtrail.csv:4664,train
synthetic_cloudtrail.csv:4665,val
synthetic_cloudtrail.csv:4666,train
synthetic_cloudtrail.csv:4667,train
synthetic_cloudtrail.csv:4668,train
synthetic_cloudtrail.csv:4669,val
synthetic_cloudtrail.csv:4670,train
synthetic_cloudtrail.csv:4671,val
synthetic_cloudtrail.csv:4672,train
synthetic_cloudtrail.csv:4673,train
synthetic_cloudtrail.csv:4674,val
synthetic_cloudtrail.csv:4675,val
synthetic_cloudtrail.csv:4676,val
synthetic_cloudtrail.csv:4677,train
synthetic_cloudtrail.csv:4678,train
synthetic_cloudtrail.csv:4679,train
synthetic_cloudtrail.csv:4680,train
synthetic_cloudtrail.csv:4681,train
synthetic_cloudtrail.csv:4682,train
synthetic_cloudtrail.csv:4683,train
synthetic_cloudtrail.csv:4684,train
synthetic_cloudtrail.csv:4685,train
synthetic_cloudtrail.csv:4686,train
synthetic_cloudtrail.csv:4687,train
synthetic_cloudtrail.csv:4688,train
synthetic_cloudtrail.csv:4689,train
synthetic_cloudtrail.csv:4690,train
synthetic_cloudtrail.csv:4691,train
synthetic_cloudtrail.csv:4692,train
synthetic_cloudtrail.csv:4693,train
synthetic_cloudtrail.csv:4694,train
synthetic_cloudtrail.csv:4695,train
synthetic_cloudtrail.csv:4696,train
synthetic_cloudtrail.csv:4697,train
synthetic_cloudtrail.csv:4698,train
synthetic_cloudtrail.csv:4699,train
synthetic_cloudtrail.csv:4700,train
synthetic_cloudtrail.csv:4701,val
synthetic_cloudtrail.csv:4702,train
synthetic_cloudtrail.csv:4703,train
synthetic_cloudtrail.csv:4704,train
synthetic_cloudtrail.csv:4705,val
synthetic_cloudtrail.csv:4706,val
synthetic_cloudtrail.csv:4707,val
synthetic_cloudtrail.csv:4708,val
synthetic_cloudtrail.csv:4709,train
synthetic_cloudtrail.csv:4710,val
synthetic_cloudtrail.csv:4711,train
synthetic_cloudtrail.csv:4712,train
synthetic_cloudtrail.csv:4713,train
synthetic_cloudtrail.csv:4714,train
synthetic_cloudtrail.csv:4715,train
synthetic_cloudtrail.csv:4716,train
synthetic_cloudtrail.csv:4717,train
synthetic_cloudtrail.csv:4718,train
synthetic_cloudtrail.csv:4719,train
synthetic_cloudtrail.csv:4720,train
synthetic_cloudtrail.csv:4721,train
synthetic_cloudtrail.csv:4722,train
synthetic_cloudtrail.csv:4723,train
synthetic_cloudtrail.csv:4724,train
synthetic_cloudtrail.csv:4725,train
synthetic_cloudtrail.csv:4726,train
synthetic_cloudtrail.csv:4727,train
synthetic_cloudtrail.csv:4728,train
synthetic_cloudtrail.csv:4729,train
synthetic_cloudtrail.csv:4730,train
synthetic_cloudtrail.csv:4731,train
synthetic_cloudtrail.csv:4732,train
synthetic_cloudtrail.csv:4733,train
synthetic_cloudtrail.csv:4734,train
synthetic_cloudtrail.csv:4735,train
synthetic_cloudtrail.csv:4736,train
synthetic_cloudtrail.csv:4737,train
synthetic_cloudtrail.csv:4738,train
synthetic_cloudtrail.csv:4739,train
synthetic_cloudtrail.csv:4740,train
synthetic_cloudtrail.csv:4741,train
synthetic_cloudtrail.csv:4742,train
synthetic_cloudtrail.csv:4743,train
synthetic_cloudtrail.csv:4744,train
synthetic_cloudtrail.csv:4745,train
synthetic_cloudtrail.csv:4746,train
synthetic_cloudtrail.csv:4747,train
synthetic_cloudtrail.csv:4748,train
synthetic_cloudtrail.csv:4749,train
synthetic_cloudtrail.csv:4750,train
synthetic_cloudtrail.csv:4751,train
synthetic_cloudtrail.csv:4752,train
synthetic_cloudtrail.csv:4753,train
synthetic_cloudtrail.csv:4754,train
synthetic_cloudtrail.csv:4755,train
synthetic_cloudtrail.csv:4756,test
synthetic_cloudtrail.csv:4757,test
synthetic_cloudtrail.csv:4758,test
synthetic_cloudtrail.csv:4759,test
synthetic_cloudtrail.csv:4760,test
synthetic_cloudtrail.csv:4761,test
synthetic_cloudtrail.csv:4762,test
synthetic_cloudtrail.csv:4763,test
synthetic_cloudtrail.csv:4764,test
synthetic_cloudtrail.csv:4765,test
synthetic_cloudtrail.csv:4766,test
synthetic_cloudtrail.csv:4767,test
synthetic_cloudtrail.csv:4768,test
synthetic_cloudtrail.csv:4769,train
synthetic_cloudtrail.csv:4770,train
synthetic_cloudtrail.csv:4771,train
synthetic_cloudtrail.csv:4772,train
synthetic_cloudtrail.csv:4773,train
synthetic_cloudtrail.csv:4774,train
synthetic_cloudtrail.csv:4775,train
synthetic_cloudtrail.csv:4776,train
synthetic_cloudtrail.csv:4777,train
synthetic_cloudtrail.csv:4778,train
synthetic_cloudtrail.csv:4779,train
synthetic_cloudtrail.csv:4780,train
synthetic_cloudtrail.csv:4781,train
synthetic_cloudtrail.csv:4782,train
synthetic_cloudtrail.csv:4783,train
synthetic_cloudtrail.csv:4784,train
synthetic_cloudtrail.csv:4785,train
synthetic_cloudtrail.csv:4786,train
synthetic_cloudtrail.csv:4787,train
synthetic_cloudtrail.csv:4788,train
synthetic_cloudtrail.csv:4789,train
synthetic_cloudtrail.csv:4790,train
synthetic_cloudtrail.csv:4791,train
synthetic_cloudtrail.csv:4792,train
synthetic_cloudtrail.csv:4793,train
synthetic_cloudtrail.csv:4794,train
synthetic_cloudtrail.csv:4795,train
synthetic_cloudtrail.csv:4796,train
synthetic_cloudtrail.csv:4797,train
synthetic_cloudtrail.csv:4798,train
synthetic_cloudtrail.csv:4799,train
synthetic_cloudtrail.csv:4800,train
synthetic_cloudtrail.csv:4801,train
synthetic_cloudtrail.csv:4802,train
synthetic_cloudtrail.csv:4803,train
synthetic_cloudtrail.csv:4804,train
synthetic_cloudtrail.csv:4805,train
synthetic_cloudtrail.csv:4806,train
synthetic_cloudtrail.csv:4807,train
synthetic_cloudtrail.csv:4808,train
synthetic_cloudtrail.csv:4809,val
synthetic_cloudtrail.csv:4810,train
synthetic_cloudtrail.csv:4811,val
synthetic_cloudtrail.csv:4812,val
synthetic_cloudtrail.csv:4813,train
synthetic_cloudtrail.csv:4814,train
synthetic_cloudtrail.csv:4815,train
synthetic_cloudtrail.csv:4816,val
synthetic_cloudtrail.csv:4817,val
synthetic_cloudtrail.csv:4818,val
synthetic_cloudtrail.csv:4819,train
synthetic_cloudtrail.csv:4820,val
synthetic_cloudtrail.csv:4821,train
synthetic_cloudtrail.csv:4822,val
synthetic_cloudtrail.csv:4823,val
synthetic_cloudtrail.csv:4824,train
synthetic_cloudtrail.csv:4825,train
synthetic_cloudtrail.csv:4826,train
synthetic_cloudtrail.csv:4827,train
synthetic_cloudtrail.csv:4828,train
synthetic_cloudtrail.csv:4829,train
synthetic_cloudtrail.csv:4830,train
synthetic_cloudtrail.csv:4831,train
synthetic_cloudtrail.csv:4832,test
synthetic_cloudtrail.csv:4833,test
synthetic_cloudtrail.csv:4834,test
synthetic_cloudtrail.csv:4835,test
synthetic_cloudtrail.csv:4836,test
synthetic_cloudtrail.csv:4837,test
synthetic_cloudtrail.csv:4838,test
synthetic_cloudtrail.csv:4839,test
synthetic_cloudtrail.csv:4840,test
synthetic_cloudtrail.csv:4841,test
synthetic_cloudtrail.csv:4842,test
synthetic_cloudtrail.csv:4843,test
synthetic_cloudtrail.csv:4844,test
synthetic_cloudtrail.csv:4845,test
synthetic_cloudtrail.csv:4846,test
synthetic_cloudtrail.csv:4847,test
synthetic_cloudtrail.csv:4848,test
synthetic_cloudtrail.csv:4849,test
synthetic_cloudtrail.csv:4850,test
synthetic_cloudtrail.csv:4851,test
synthetic_cloudtrail.csv:4852,train
synthetic_cloudtrail.csv:4853,train
synthetic_cloudtrail.csv:4854,train
synthetic_cloudtrail.csv:4855,train
synthetic_cloudtrail.csv:4856,train
synthetic_cloudtrail.csv:4857,train
synthetic_cloudtrail.csv:4858,train
synthetic_cloudtrail.csv:4859,train
synthetic_cloudtrail.csv:4860,train
synthetic_cloudtrail.csv:4861,train
synthetic_cloudtrail.csv:4862,train
synthetic_cloudtrail.csv:4863,train
synthetic_cloudtrail.csv:4864,train
synthetic_cloudtrail.csv:4865,train
synthetic_cloudtrail.csv:4866,train
synthetic_cloudtrail.csv:4867,train
synthetic_cloudtrail.csv:4868,train
synthetic_cloudtrail.csv:4869,train
synthetic_cloudtrail.csv:4870,train
synthetic_cloudtrail.csv:4871,train
synthetic_cloudtrail.csv:4872,train
synthetic_cloudtrail.csv:4873,train
synthetic_cloudtrail.csv:4874,train
synthetic_cloudtrail.csv:4875,train
synthetic_cloudtrail.csv:4876,train
synthetic_cloudtrail.csv:4877,train
synthetic_cloudtrail.csv:4878,train
synthetic_cloudtrail.csv:4879,train
synthetic_cloudtrail.csv:4880,train
synthetic_cloudtrail.csv:4881,train
synthetic_cloudtrail.csv:4882,train
synthetic_cloudtrail.csv:4883,train
synthetic_cloudtrail.csv:4884,train
synthetic_cloudtrail.csv:4885,train
synthetic_cloudtrail.csv:4886,train
synthetic_cloudtrail.csv:4887,train
synthetic_cloudtrail.csv:4888,train
synthetic_cloudtrail.csv:4889,train
synthetic_cloudtrail.csv:4890,train
synthetic_cloudtrail.csv:4891,train
synthetic_cloudtrail.csv:4892,val
synthetic_cloudtrail.csv:4893,train
synthetic_cloudtrail.csv:4894,train
synthetic_cloudtrail.csv:4895,train
synthetic_cloudtrail.csv:4896,val
synthetic_cloudtrail.csv:4897,train
synthetic_cloudtrail.csv:4898,train
synthetic_cloudtrail.csv:4899,train
synthetic_cloudtrail.csv:4900,train
synthetic_cloudtrail.csv:4901,train
synthetic_cloudtrail.csv:4902,train
synthetic_cloudtrail.csv:4903,train
synthetic_cloudtrail.csv:4904,val
synthetic_cloudtrail.csv:4905,train
synthetic_cloudtrail.csv:4906,train
synthetic_cloudtrail.csv:4907,train
synthetic_cloudtrail.csv:4908,val
synthetic_cloudtrail.csv:4909,train
synthetic_cloudtrail.csv:4910,train
synthetic_cloudtrail.csv:4911,train
synthetic_cloudtrail.csv:4912,train
synthetic_cloudtrail.csv:4913,train
synthetic_cloudtrail.csv:4914,train
synthetic_cloudtrail.csv:4915,val
synthetic_cloudtrail.csv:4916,train
synthetic_cloudtrail.csv:4917,val
synthetic_cloudtrail.csv:4918,val
synthetic_cloudtrail.csv:4919,val
synthetic_cloudtrail.csv:4920,train
synthetic_cloudtrail.csv:4921,train
synthetic_cloudtrail.csv:4922,train
synthetic_cloudtrail.csv:4923,train
synthetic_cloudtrail.csv:4924,train
synthetic_cloudtrail.csv:4925,train
synthetic_cloudtrail.csv:4926,train
synthetic_cloudtrail.csv:4927,train
synthetic_cloudtrail.csv:4928,train
synthetic_cloudtrail.csv:4929,train
synthetic_cloudtrail.csv:4930,train
synthetic_cloudtrail.csv:4931,train
synthetic_cloudtrail.csv:4932,train
synthetic_cloudtrail.csv:4933,train
synthetic_cloudtrail.csv:4934,train
synthetic_cloudtrail.csv:4935,train
synthetic_cloudtrail.csv:4936,train
synthetic_cloudtrail.csv:4937,train
synthetic_cloudtrail.csv:4938,train
synthetic_cloudtrail.csv:4939,train
synthetic_cloudtrail.csv:4940,train
synthetic_cloudtrail.csv:4941,train
synthetic_cloudtrail.csv:4942,train
synthetic_cloudtrail.csv:4943,train
synthetic_cloudtrail.csv:4944,train
synthetic_cloudtrail.csv:4945,train
synthetic_cloudtrail.csv:4946,train
synthetic_cloudtrail.csv:4947,train
synthetic_cloudtrail.csv:4948,train
synthetic_cloudtrail.csv:4949,train
synthetic_cloudtrail.csv:4950,test
synthetic_cloudtrail.csv:4951,train
synthetic_cloudtrail.csv:4952,train
synthetic_cloudtrail.csv:4953,test
synthetic_cloudtrail.csv:4954,train
synthetic_cloudtrail.csv:4955,train
synthetic_cloudtrail.csv:4956,test
synthetic_cloudtrail.csv:4957,train
synthetic_cloudtrail.csv:4958,train
synthetic_cloudtrail.csv:4959,train
synthetic_cloudtrail.csv:4960,test
synthetic_cloudtrail.csv:4961,test
synthetic_cloudtrail.csv:4962,train
synthetic_cloudtrail.csv:4963,train
synthetic_cloudtrail.csv:4964,train
synthetic_cloudtrail.csv:4965,train
synthetic_cloudtrail.csv:4966,train
synthetic_cloudtrail.csv:4967,train
synthetic_cloudtrail.csv:4968,test
synthetic_cloudtrail.csv:4969,train
synthetic_cloudtrail.csv:4970,train
synthetic_cloudtrail.csv:4971,test
synthetic_cloudtrail.csv:4972,train
synthetic_cloudtrail.csv:4973,train
synthetic_cloudtrail.csv:4974,train
synthetic_cloudtrail.csv:4975,test
synthetic_cloudtrail.csv:4976,test
synthetic_cloudtrail.csv:4977,train
synthetic_cloudtrail.csv:4978,test
synthetic_cloudtrail.csv:4979,train
synthetic_cloudtrail.csv:4980,test
synthetic_cloudtrail.csv:4981,train
synthetic_cloudtrail.csv:4982,test
synthetic_cloudtrail.csv:4983,test
synthetic_cloudtrail.csv:4984,test
synthetic_cloudtrail.csv:4985,test
synthetic_cloudtrail.csv:4986,test
synthetic_cloudtrail.csv:4987,test
synthetic_cloudtrail.csv:4988,test
synthetic_cloudtrail.csv:4989,test
synthetic_cloudtrail.csv:4990,test
synthetic_cloudtrail.csv:4991,test
synthetic_cloudtrail.csv:4992,test
synthetic_cloudtrail.csv:4993,test
synthetic_cloudtrail.csv:4994,test
synthetic_cloudtrail.csv:4995,test
synthetic_cloudtrail.csv:4996,test
synthetic_cloudtrail.csv:4997,test
synthetic_cloudtrail.csv:4998,test
synthetic_cloudtrail.csv:4999,val
synthetic_cloudtrail.csv:5000,train
synthetic_cloudtrail.csv:5001,train
synthetic_cloudtrail.csv:5002,val
synthetic_cloudtrail.csv:5003,val
synthetic_cloudtrail.csv:5004,val
synthetic_cloudtrail.csv:5005,val
synthetic_cloudtrail.csv:5006,train
synthetic_cloudtrail.csv:5007,val
synthetic_cloudtrail.csv:5008,train
synthetic_cloudtrail.csv:5009,val
synthetic_cloudtrail.csv:5010,train
synthetic_cloudtrail.csv:5011,val
synthetic_cloudtrail.csv:5012,train
synthetic_cloudtrail.csv:5013,train
synthetic_cloudtrail.csv:5014,val
synthetic_cloudtrail.csv:5015,val
synthetic_cloudtrail.csv:5016,val
synthetic_cloudtrail.csv:5017,val
synthetic_cloudtrail.csv:5018,train
synthetic_cloudtrail.csv:5019,val
synthetic_cloudtrail.csv:5020,val
synthetic_cloudtrail.csv:5021,train
synthetic_cloudtrail.csv:5022,train
synthetic_cloudtrail.csv:5023,val
synthetic_cloudtrail.csv:5024,val
synthetic_cloudtrail.csv:5025,test
synthetic_cloudtrail.csv:5026,test
synthetic_cloudtrail.csv:5027,test
synthetic_cloudtrail.csv:5028,test
synthetic_cloudtrail.csv:5029,test
synthetic_cloudtrail.csv:5030,test
synthetic_cloudtrail.csv:5031,test
synthetic_cloudtrail.csv:5032,test
synthetic_cloudtrail.csv:5033,test
synthetic_cloudtrail.csv:5034,test
synthetic_cloudtrail.csv:5035,test
synthetic_cloudtrail.csv:5036,test
synthetic_cloudtrail.csv:5037,test
synthetic_cloudtrail.csv:5038,test
synthetic_cloudtrail.csv:5039,train
synthetic_cloudtrail.csv:5040,train
synthetic_cloudtrail.csv:5041,train
synthetic_cloudtrail.csv:5042,train
synthetic_cloudtrail.csv:5043,train
synthetic_cloudtrail.csv:5044,train
synthetic_cloudtrail.csv:5045,train
synthetic_cloudtrail.csv:5046,train
synthetic_cloudtrail.csv:5047,train
synthetic_cloudtrail.csv:5048,train
synthetic_cloudtrail.csv:5049,val
synthetic_cloudtrail.csv:5050,val
synthetic_cloudtrail.csv:5051,val
synthetic_cloudtrail.csv:5052,val
synthetic_cloudtrail.csv:5053,train
synthetic_cloudtrail.csv:5054,train
synthetic_cloudtrail.csv:5055,train
synthetic_cloudtrail.csv:5056,train
synthetic_cloudtrail.csv:5057,train
synthetic_cloudtrail.csv:5058,train
synthetic_cloudtrail.csv:5059,train
synthetic_cloudtrail.csv:5060,train
synthetic_cloudtrail.csv:5061,train
synthetic_cloudtrail.csv:5062,train
synthetic_cloudtrail.csv:5063,train
synthetic_cloudtrail.csv:5064,train
synthetic_cloudtrail.csv:5065,train
synthetic_cloudtrail.csv:5066,train
synthetic_cloudtrail.csv:5067,train
synthetic_cloudtrail.csv:5068,train
synthetic_cloudtrail.csv:5069,train
synthetic_cloudtrail.csv:5070,train
synthetic_cloudtrail.csv:5071,train
synthetic_cloudtrail.csv:5072,train
synthetic_cloudtrail.csv:5073,train
synthetic_cloudtrail.csv:5074,train
synthetic_cloudtrail.csv:5075,train
synthetic_cloudtrail.csv:5076,train
synthetic_cloudtrail.csv:5077,train
synthetic_cloudtrail.csv:5078,train
synthetic_cloudtrail.csv:5079,train
synthetic_cloudtrail.csv:5080,train
synthetic_cloudtrail.csv:5081,train
synthetic_cloudtrail.csv:5082,train
synthetic_cloudtrail.csv:5083,train
synthetic_cloudtrail.csv:5084,train
synthetic_cloudtrail.csv:5085,train
synthetic_cloudtrail.csv:5086,train
synthetic_cloudtrail.csv:5087,train
synthetic_cloudtrail.csv:5088,train
synthetic_cloudtrail.csv:5089,test
synthetic_cloudtrail.csv:5090,test
synthetic_cloudtrail.csv:5091,test
synthetic_cloudtrail.csv:5092,test
synthetic_cloudtrail.csv:5093,test
synthetic_cloudtrail.csv:5094,test
synthetic_cloudtrail.csv:5095,test
synthetic_cloudtrail.csv:5096,test
synthetic_cloudtrail.csv:5097,test
synthetic_cloudtrail.csv:5098,test
synthetic_cloudtrail.csv:5099,test
synthetic_cloudtrail.csv:5100,test
synthetic_cloudtrail.csv:5101,test
synthetic_cloudtrail.csv:5102,test
synthetic_cloudtrail.csv:5103,test
synthetic_cloudtrail.csv:5104,test
synthetic_cloudtrail.csv:5105,test
synthetic_cloudtrail.csv:5106,test
synthetic_cloudtrail.csv:5107,test
synthetic_cloudtrail.csv:5108,test
synthetic_cloudtrail.csv:5109,test
synthetic_cloudtrail.csv:5110,test
synthetic_cloudtrail.csv:5111,test
synthetic_cloudtrail.csv:5112,test
synthetic_cloudtrail.csv:5113,test
synthetic_cloudtrail.csv:5114,test
synthetic_cloudtrail.csv:5115,test
synthetic_cloudtrail.csv:5116,test
synthetic_cloudtrail.csv:5117,test
synthetic_cloudtrail.csv:5118,val
synthetic_cloudtrail.csv:5119,train
synthetic_cloudtrail.csv:5120,train
synthetic_cloudtrail.csv:5121,val
synthetic_cloudtrail.csv:5122,val
synthetic_cloudtrail.csv:5123,val
synthetic_cloudtrail.csv:5124,val
synthetic_cloudtrail.csv:5125,val
synthetic_cloudtrail.csv:5126,val
synthetic_cloudtrail.csv:5127,val
synthetic_cloudtrail.csv:5128,val
synthetic_cloudtrail.csv:5129,val
synthetic_cloudtrail.csv:5130,train
synthetic_cloudtrail.csv:5131,val
synthetic_cloudtrail.csv:5132,val
synthetic_cloudtrail.csv:5133,val
synthetic_cloudtrail.csv:5134,val
synthetic_cloudtrail.csv:5135,val
synthetic_cloudtrail.csv:5136,val
synthetic_cloudtrail.csv:5137,train
synthetic_cloudtrail.csv:5138,val
synthetic_cloudtrail.csv:5139,train
synthetic_cloudtrail.csv:5140,val
synthetic_cloudtrail.csv:5141,val
synthetic_cloudtrail.csv:5142,train
synthetic_cloudtrail.csv:5143,val
synthetic_cloudtrail.csv:5144,train
synthetic_cloudtrail.csv:5145,val
synthetic_cloudtrail.csv:5146,val
synthetic_cloudtrail.csv:5147,train
synthetic_cloudtrail.csv:5148,val
synthetic_cloudtrail.csv:5149,train
synthetic_cloudtrail.csv:5150,train
synthetic_cloudtrail.csv:5151,val
synthetic_cloudtrail.csv:5152,train
synthetic_cloudtrail.csv:5153,train
synthetic_cloudtrail.csv:5154,train
synthetic_cloudtrail.csv:5155,train
synthetic_cloudtrail.csv:5156,train
synthetic_cloudtrail.csv:5157,train
synthetic_cloudtrail.csv:5158,train
synthetic_cloudtrail.csv:5159,train
synthetic_cloudtrail.csv:5160,train
synthetic_cloudtrail.csv:5161,train
synthetic_cloudtrail.csv:5162,train
synthetic_cloudtrail.csv:5163,train
synthetic_cloudtrail.csv:5164,test
synthetic_cloudtrail.csv:5165,test
synthetic_cloudtrail.csv:5166,test
synthetic_cloudtrail.csv:5167,test
synthetic_cloudtrail.csv:5168,test
synthetic_cloudtrail.csv:5169,test
synthetic_cloudtrail.csv:5170,test
synthetic_cloudtrail.csv:5171,test
synthetic_cloudtrail.csv:5172,test
synthetic_cloudtrail.csv:5173,test
synthetic_cloudtrail.csv:5174,test
synthetic_cloudtrail.csv:5175,test
synthetic_cloudtrail.csv:5176,test
synthetic_cloudtrail.csv:5177,val
synthetic_cloudtrail.csv:5178,val
synthetic_cloudtrail.csv:5179,val
synthetic_cloudtrail.csv:5180,val
synthetic_cloudtrail.csv:5181,val
synthetic_cloudtrail.csv:5182,val
synthetic_cloudtrail.csv:5183,val
synthetic_cloudtrail.csv:5184,val
synthetic_cloudtrail.csv:5185,val
synthetic_cloudtrail.csv:5186,val
synthetic_cloudtrail.csv:5187,val
synthetic_cloudtrail.csv:5188,val
synthetic_cloudtrail.csv:5189,val
synthetic_cloudtrail.csv:5190,train
synthetic_cloudtrail.csv:5191,train
synthetic_cloudtrail.csv:5192,train
synthetic_cloudtrail.csv:5193,train
synthetic_cloudtrail.csv:5194,train
synthetic_cloudtrail.csv:5195,train
synthetic_cloudtrail.csv:5196,train
synthetic_cloudtrail.csv:5197,train
synthetic_cloudtrail.csv:5198,train
synthetic_cloudtrail.csv:5199,train
synthetic_cloudtrail.csv:5200,train
synthetic_cloudtrail.csv:5201,train
synthetic_cloudtrail.csv:5202,train
synthetic_cloudtrail.csv:5203,train
synthetic_cloudtrail.csv:5204,train
synthetic_cloudtrail.csv:5205,train
synthetic_cloudtrail.csv:5206,train
synthetic_cloudtrail.csv:5207,train
synthetic_cloudtrail.csv:5208,train
synthetic_cloudtrail.csv:5209,train
synthetic_cloudtrail.csv:5210,train
synthetic_cloudtrail.csv:5211,train
synthetic_cloudtrail.csv:5212,train
synthetic_cloudtrail.csv:5213,train
synthetic_cloudtrail.csv:5214,train
synthetic_cloudtrail.csv:5215,train
synthetic_cloudtrail.csv:5216,train
synthetic_cloudtrail.csv:5217,train
synthetic_cloudtrail.csv:5218,train
synthetic_cloudtrail.csv:5219,train
synthetic_cloudtrail.csv:5220,train
synthetic_cloudtrail.csv:5221,train
synthetic_cloudtrail.csv:5222,test
synthetic_cloudtrail.csv:5223,test
synthetic_cloudtrail.csv:5224,test
synthetic_cloudtrail.csv:5225,test
synthetic_cloudtrail.csv:5226,test
synthetic_cloudtrail.csv:5227,test
synthetic_cloudtrail.csv:5228,test
synthetic_cloudtrail.csv:5229,test
synthetic_cloudtrail.csv:5230,test
synthetic_cloudtrail.csv:5231,test
synthetic_cloudtrail.csv:5232,test
synthetic_cloudtrail.csv:5233,test
synthetic_cloudtrail.csv:5234,test
synthetic_cloudtrail.csv:5235,test
synthetic_cloudtrail.csv:5236,val
synthetic_cloudtrail.csv:5237,val
synthetic_cloudtrail.csv:5238,val
synthetic_cloudtrail.csv:5239,val
synthetic_cloudtrail.csv:5240,val
synthetic_cloudtrail.csv:5241,val
synthetic_cloudtrail.csv:5242,val
synthetic_cloudtrail.csv:5243,val
synthetic_cloudtrail.csv:5244,val
synthetic_cloudtrail.csv:5245,val
synthetic_cloudtrail.csv:5246,val
synthetic_cloudtrail.csv:5247,train
synthetic_cloudtrail.csv:5248,train
synthetic_cloudtrail.csv:5249,train
synthetic_cloudtrail.csv:5250,train
synthetic_cloudtrail.csv:5251,train
synthetic_cloudtrail.csv:5252,train
synthetic_cloudtrail.csv:5253,train
synthetic_cloudtrail.csv:5254,train
synthetic_cloudtrail.csv:5255,train
synthetic_cloudtrail.csv:5256,train
synthetic_cloudtrail.csv:5257,train
synthetic_cloudtrail.csv:5258,val
synthetic_cloudtrail.csv:5259,train
synthetic_cloudtrail.csv:5260,train
synthetic_cloudtrail.csv:5261,val
synthetic_cloudtrail.csv:5262,train
synthetic_cloudtrail.csv:5263,val
synthetic_cloudtrail.csv:5264,val
synthetic_cloudtrail.csv:5265,train
synthetic_cloudtrail.csv:5266,train
synthetic_cloudtrail.csv:5267,train
synthetic_cloudtrail.csv:5268,train
synthetic_cloudtrail.csv:5269,train
synthetic_cloudtrail.csv:5270,train
synthetic_cloudtrail.csv:5271,train
synthetic_cloudtrail.csv:5272,train
synthetic_cloudtrail.csv:5273,train
synthetic_cloudtrail.csv:5274,train
synthetic_cloudtrail.csv:5275,train
synthetic_cloudtrail.csv:5276,train
synthetic_cloudtrail.csv:5277,train
synthetic_cloudtrail.csv:5278,train
synthetic_cloudtrail.csv:5279,train
synthetic_cloudtrail.csv:5280,train
synthetic_cloudtrail.csv:5281,train
synthetic_cloudtrail.csv:5282,train
synthetic_cloudtrail.csv:5283,train
synthetic_cloudtrail.csv:5284,train
synthetic_cloudtrail.csv:5285,train
synthetic_cloudtrail.csv:5286,train
synthetic_cloudtrail.csv:5287,train
synthetic_cloudtrail.csv:5288,train
synthetic_cloudtrail.csv:5289,train
synthetic_cloudtrail.csv:5290,train
synthetic_cloudtrail.csv:5291,train
synthetic_cloudtrail.csv:5292,train
synthetic_cloudtrail.csv:5293,train
synthetic_cloudtrail.csv:5294,train
synthetic_cloudtrail.csv:5295,train
synthetic_cloudtrail.csv:5296,train
synthetic_cloudtrail.csv:5297,train
synthetic_cloudtrail.csv:5298,train
synthetic_cloudtrail.csv:5299,train
synthetic_cloudtrail.csv:5300,train
synthetic_cloudtrail.csv:5301,train
synthetic_cloudtrail.csv:5302,train
synthetic_cloudtrail.csv:5303,train
synthetic_cloudtrail.csv:5304,train
synthetic_cloudtrail.csv:5305,train
synthetic_cloudtrail.csv:5306,train
synthetic_cloudtrail.csv:5307,test
synthetic_cloudtrail.csv:5308,test
synthetic_cloudtrail.csv:5309,test
synthetic_cloudtrail.csv:5310,test
synthetic_cloudtrail.csv:5311,test
synthetic_cloudtrail.csv:5312,test
synthetic_cloudtrail.csv:5313,test
synthetic_cloudtrail.csv:5314,test
synthetic_cloudtrail.csv:5315,test
synthetic_cloudtrail.csv:5316,test
synthetic_cloudtrail.csv:5317,test
synthetic_cloudtrail.csv:5318,test
synthetic_cloudtrail.csv:5319,test
synthetic_cloudtrail.csv:5320,test
synthetic_cloudtrail.csv:5321,train
synthetic_cloudtrail.csv:5322,train
synthetic_cloudtrail.csv:5323,train
synthetic_cloudtrail.csv:5324,train
synthetic_cloudtrail.csv:5325,train
synthetic_cloudtrail.csv:5326,train
synthetic_cloudtrail.csv:5327,train
synthetic_cloudtrail.csv:5328,train
synthetic_cloudtrail.csv:5329,train
synthetic_cloudtrail.csv:5330,train
synthetic_cloudtrail.csv:5331,train
synthetic_cloudtrail.csv:5332,train
synthetic_cloudtrail.csv:5333,train
synthetic_cloudtrail.csv:5334,train
synthetic_cloudtrail.csv:5335,test
synthetic_cloudtrail.csv:5336,test
synthetic_cloudtrail.csv:5337,test
synthetic_cloudtrail.csv:5338,test
synthetic_cloudtrail.csv:5339,test
synthetic_cloudtrail.csv:5340,test
synthetic_cloudtrail.csv:5341,test
synthetic_cloudtrail.csv:5342,test
synthetic_cloudtrail.csv:5343,test
synthetic_cloudtrail.csv:5344,test
synthetic_cloudtrail.csv:5345,test
synthetic_cloudtrail.csv:5346,train
synthetic_cloudtrail.csv:5347,train
synthetic_cloudtrail.csv:5348,train
synthetic_cloudtrail.csv:5349,train
synthetic_cloudtrail.csv:5350,train
synthetic_cloudtrail.csv:5351,train
synthetic_cloudtrail.csv:5352,train
synthetic_cloudtrail.csv:5353,train
synthetic_cloudtrail.csv:5354,train
synthetic_cloudtrail.csv:5355,val
synthetic_cloudtrail.csv:5356,val
synthetic_cloudtrail.csv:5357,val
synthetic_cloudtrail.csv:5358,val
synthetic_cloudtrail.csv:5359,val
synthetic_cloudtrail.csv:5360,val
synthetic_cloudtrail.csv:5361,val
synthetic_cloudtrail.csv:5362,val
synthetic_cloudtrail.csv:5363,val
synthetic_cloudtrail.csv:5364,val
synthetic_cloudtrail.csv:5365,val
synthetic_cloudtrail.csv:5366,val
synthetic_cloudtrail.csv:5367,val
synthetic_cloudtrail.csv:5368,val
synthetic_cloudtrail.csv:5369,val
synthetic_cloudtrail.csv:5370,train
synthetic_cloudtrail.csv:5371,train
synthetic_cloudtrail.csv:5372,train
synthetic_cloudtrail.csv:5373,train
synthetic_cloudtrail.csv:5374,train
synthetic_cloudtrail.csv:5375,train
synthetic_cloudtrail.csv:5376,train
synthetic_cloudtrail.csv:5377,train
synthetic_cloudtrail.csv:5378,train
synthetic_cloudtrail.csv:5379,train
synthetic_cloudtrail.csv:5380,train
synthetic_cloudtrail.csv:5381,train
synthetic_cloudtrail.csv:5382,train
synthetic_cloudtrail.csv:5383,train
synthetic_cloudtrail.csv:5384,train
synthetic_cloudtrail.csv:5385,train
synthetic_cloudtrail.csv:5386,train
synthetic_cloudtrail.csv:5387,train
synthetic_cloudtrail.csv:5388,train
synthetic_cloudtrail.csv:5389,train
synthetic_cloudtrail.csv:5390,train
synthetic_cloudtrail.csv:5391,train
synthetic_cloudtrail.csv:5392,train
synthetic_cloudtrail.csv:5393,train
synthetic_cloudtrail.csv:5394,train
synthetic_cloudtrail.csv:5395,train
synthetic_cloudtrail.csv:5396,train
synthetic_cloudtrail.csv:5397,test
synthetic_cloudtrail.csv:5398,test
synthetic_cloudtrail.csv:5399,test
synthetic_cloudtrail.csv:5400,test
synthetic_cloudtrail.csv:5401,test
synthetic_cloudtrail.csv:5402,test
synthetic_cloudtrail.csv:5403,test
synthetic_cloudtrail.csv:5404,test
synthetic_cloudtrail.csv:5405,test
synthetic_cloudtrail.csv:5406,test
synthetic_cloudtrail.csv:5407,test
synthetic_cloudtrail.csv:5408,test
synthetic_cloudtrail.csv:5409,test
synthetic_cloudtrail.csv:5410,test
synthetic_cloudtrail.csv:5411,test
synthetic_cloudtrail.csv:5412,test
synthetic_cloudtrail.csv:5413,train
synthetic_cloudtrail.csv:5414,val
synthetic_cloudtrail.csv:5415,train
synthetic_cloudtrail.csv:5416,val
synthetic_cloudtrail.csv:5417,val
synthetic_cloudtrail.csv:5418,train
synthetic_cloudtrail.csv:5419,val
synthetic_cloudtrail.csv:5420,val
synthetic_cloudtrail.csv:5421,val
synthetic_cloudtrail.csv:5422,val
synthetic_cloudtrail.csv:5423,train
synthetic_cloudtrail.csv:5424,val
synthetic_cloudtrail.csv:5425,val
synthetic_cloudtrail.csv:5426,val
synthetic_cloudtrail.csv:5427,train
synthetic_cloudtrail.csv:5428,train
synthetic_cloudtrail.csv:5429,train
synthetic_cloudtrail.csv:5430,val
synthetic_cloudtrail.csv:5431,val
synthetic_cloudtrail.csv:5432,val
synthetic_cloudtrail.csv:5433,val
synthetic_cloudtrail.csv:5434,val
synthetic_cloudtrail.csv:5435,val
synthetic_cloudtrail.csv:5436,val
synthetic_cloudtrail.csv:5437,train
synthetic_cloudtrail.csv:5438,val
synthetic_cloudtrail.csv:5439,train
synthetic_cloudtrail.csv:5440,train
synthetic_cloudtrail.csv:5441,train
synthetic_cloudtrail.csv:5442,train
synthetic_cloudtrail.csv:5443,train
synthetic_cloudtrail.csv:5444,train
synthetic_cloudtrail.csv:5445,train
synthetic_cloudtrail.csv:5446,train
synthetic_cloudtrail.csv:5447,train
synthetic_cloudtrail.csv:5448,train
synthetic_cloudtrail.csv:5449,train
synthetic_cloudtrail.csv:5450,train
synthetic_cloudtrail.csv:5451,train
synthetic_cloudtrail.csv:5452,train
synthetic_cloudtrail.csv:5453,train
synthetic_cloudtrail.csv:5454,train
synthetic_cloudtrail.csv:5455,train
synthetic_cloudtrail.csv:5456,train
synthetic_cloudtrail.csv:5457,train
synthetic_cloudtrail.csv:5458,train
synthetic_cloudtrail.csv:5459,train
synthetic_cloudtrail.csv:5460,train
synthetic_cloudtrail.csv:5461,train
synthetic_cloudtrail.csv:5462,train
synthetic_cloudtrail.csv:5463,train
synthetic_cloudtrail.csv:5464,train
synthetic_cloudtrail.csv:5465,train
synthetic_cloudtrail.csv:5466,train
synthetic_cloudtrail.csv:5467,train
synthetic_cloudtrail.csv:5468,train
synthetic_cloudtrail.csv:5469,train
synthetic_cloudtrail.csv:5470,train
synthetic_cloudtrail.csv:5471,train
synthetic_cloudtrail.csv:5472,train
synthetic_cloudtrail.csv:5473,train
synthetic_cloudtrail.csv:5474,train
synthetic_cloudtrail.csv:5475,train
synthetic_cloudtrail.csv:5476,train
synthetic_cloudtrail.csv:5477,train
synthetic_cloudtrail.csv:5478,train
synthetic_cloudtrail.csv:5479,train
synthetic_cloudtrail.csv:5480,test
synthetic_cloudtrail.csv:5481,test
synthetic_cloudtrail.csv:5482,test
synthetic_cloudtrail.csv:5483,test
synthetic_cloudtrail.csv:5484,test
synthetic_cloudtrail.csv:5485,test
synthetic_cloudtrail.csv:5486,test
synthetic_cloudtrail.csv:5487,test
synthetic_cloudtrail.csv:5488,test
synthetic_cloudtrail.csv:5489,test
synthetic_cloudtrail.csv:5490,test
synthetic_cloudtrail.csv:5491,train
synthetic_cloudtrail.csv:5492,train
synthetic_cloudtrail.csv:5493,train
synthetic_cloudtrail.csv:5494,train
synthetic_cloudtrail.csv:5495,train
synthetic_cloudtrail.csv:5496,train
synthetic_cloudtrail.csv:5497,train
synthetic_cloudtrail.csv:5498,train
synthetic_cloudtrail.csv:5499,train
synthetic_cloudtrail.csv:5500,train
synthetic_cloudtrail.csv:5501,train
synthetic_cloudtrail.csv:5502,train
synthetic_cloudtrail.csv:5503,train
synthetic_cloudtrail.csv:5504,train
synthetic_cloudtrail.csv:5505,train
synthetic_cloudtrail.csv:5506,train
synthetic_cloudtrail.csv:5507,train
synthetic_cloudtrail.csv:5508,train
synthetic_cloudtrail.csv:5509,train
synthetic_cloudtrail.csv:5510,train
synthetic_cloudtrail.csv:5511,train
synthetic_cloudtrail.csv:5512,train
synthetic_cloudtrail.csv:5513,train
synthetic_cloudtrail.csv:5514,train
synthetic_cloudtrail.csv:5515,train
synthetic_cloudtrail.csv:5516,train
synthetic_cloudtrail.csv:5517,train
synthetic_cloudtrail.csv:5518,train
synthetic_cloudtrail.csv:5519,train
synthetic_cloudtrail.csv:5520,train
synthetic_cloudtrail.csv:5521,train
synthetic_cloudtrail.csv:5522,train
synthetic_cloudtrail.csv:5523,train
synthetic_cloudtrail.csv:5524,train
synthetic_cloudtrail.csv:5525,train
synthetic_cloudtrail.csv:5526,train
synthetic_cloudtrail.csv:5527,train
synthetic_cloudtrail.csv:5528,train
synthetic_cloudtrail.csv:5529,train
synthetic_cloudtrail.csv:5530,train
synthetic_cloudtrail.csv:5531,train
synthetic_cloudtrail.csv:5532,train
synthetic_cloudtrail.csv:5533,train
synthetic_cloudtrail.csv:5534,train
synthetic_cloudtrail.csv:5535,train
synthetic_cloudtrail.csv:5536,train
synthetic_cloudtrail.csv:5537,train
synthetic_cloudtrail.csv:5538,train
synthetic_cloudtrail.csv:5539,train
synthetic_cloudtrail.csv:5540,train
synthetic_cloudtrail.csv:5541,train
synthetic_cloudtrail.csv:5542,train
synthetic_cloudtrail.csv:5543,train
synthetic_cloudtrail.csv:5544,train
synthetic_cloudtrail.csv:5545,train
synthetic_cloudtrail.csv:5546,train
synthetic_cloudtrail.csv:5547,train
synthetic_cloudtrail.csv:5548,train
synthetic_cloudtrail.csv:5549,train
synthetic_cloudtrail.csv:5550,train
synthetic_cloudtrail.csv:5551,train
synthetic_cloudtrail.csv:5552,train
synthetic_cloudtrail.csv:5553,train
synthetic_cloudtrail.csv:5554,train
synthetic_cloudtrail.csv:5555,train
synthetic_cloudtrail.csv:5556,train
synthetic_cloudtrail.csv:5557,train
synthetic_cloudtrail.csv:5558,train
synthetic_cloudtrail.csv:5559,train
synthetic_cloudtrail.csv:5560,train
synthetic_cloudtrail.csv:5561,val
synthetic_cloudtrail.csv:5562,train
synthetic_cloudtrail.csv:5563,val
synthetic_cloudtrail.csv:5564,val
synthetic_cloudtrail.csv:5565,train
synthetic_cloudtrail.csv:5566,val
synthetic_cloudtrail.csv:5567,val
synthetic_cloudtrail.csv:5568,train
synthetic_cloudtrail.csv:5569,train
synthetic_cloudtrail.csv:5570,train
synthetic_cloudtrail.csv:5571,train
synthetic_cloudtrail.csv:5572,train
synthetic_cloudtrail.csv:5573,train
synthetic_cloudtrail.csv:5574,train
synthetic_cloudtrail.csv:5575,train
synthetic_cloudtrail.csv:5576,train
synthetic_cloudtrail.csv:5577,train
synthetic_cloudtrail.csv:5578,train
synthetic_cloudtrail.csv:5579,train
synthetic_cloudtrail.csv:5580,train
synthetic_cloudtrail.csv:5581,train
synthetic_cloudtrail.csv:5582,train
synthetic_cloudtrail.csv:5583,train
synthetic_cloudtrail.csv:5584,train
synthetic_cloudtrail.csv:5585,train
synthetic_cloudtrail.csv:5586,train
synthetic_cloudtrail.csv:5587,train
synthetic_cloudtrail.csv:5588,train
synthetic_cloudtrail.csv:5589,train
synthetic_cloudtrail.csv:5590,train
synthetic_cloudtrail.csv:5591,train
synthetic_cloudtrail.csv:5592,train
synthetic_cloudtrail.csv:5593,train
synthetic_cloudtrail.csv:5594,train
synthetic_cloudtrail.csv:5595,train
synthetic_cloudtrail.csv:5596,train
synthetic_cloudtrail.csv:5597,train
synthetic_cloudtrail.csv:5598,train
synthetic_cloudtrail.csv:5599,train
synthetic_cloudtrail.csv:5600,train
synthetic_cloudtrail.csv:5601,train
synthetic_cloudtrail.csv:5602,train
synthetic_cloudtrail.csv:5603,train
synthetic_cloudtrail.csv:5604,train
synthetic_cloudtrail.csv:5605,train
synthetic_cloudtrail.csv:5606,train
synthetic_cloudtrail.csv:5607,train
synthetic_cloudtrail.csv:5608,train
synthetic_cloudtrail.csv:5609,train
synthetic_cloudtrail.csv:5610,train
synthetic_cloudtrail.csv:5611,train
synthetic_cloudtrail.csv:5612,train
synthetic_cloudtrail.csv:5613,train
synthetic_cloudtrail.csv:5614,train
synthetic_cloudtrail.csv:5615,train
synthetic_cloudtrail.csv:5616,train
synthetic_cloudtrail.csv:5617,train
synthetic_cloudtrail.csv:5618,test
synthetic_cloudtrail.csv:5619,test
synthetic_cloudtrail.csv:5620,test
synthetic_cloudtrail.csv:5621,test
synthetic_cloudtrail.csv:5622,test
synthetic_cloudtrail.csv:5623,test
synthetic_cloudtrail.csv:5624,test
synthetic_cloudtrail.csv:5625,test
synthetic_cloudtrail.csv:5626,test
synthetic_cloudtrail.csv:5627,test
synthetic_cloudtrail.csv:5628,test
synthetic_cloudtrail.csv:5629,test
synthetic_cloudtrail.csv:5630,test
synthetic_cloudtrail.csv:5631,train
synthetic_cloudtrail.csv:5632,train
synthetic_cloudtrail.csv:5633,train
synthetic_cloudtrail.csv:5634,train
synthetic_cloudtrail.csv:5635,train
synthetic_cloudtrail.csv:5636,train
synthetic_cloudtrail.csv:5637,train
synthetic_cloudtrail.csv:5638,train
synthetic_cloudtrail.csv:5639,train
synthetic_cloudtrail.csv:5640,train
synthetic_cloudtrail.csv:5641,train
synthetic_cloudtrail.csv:5642,train
synthetic_cloudtrail.csv:5643,test
synthetic_cloudtrail.csv:5644,test
synthetic_cloudtrail.csv:5645,test
synthetic_cloudtrail.csv:5646,test
synthetic_cloudtrail.csv:5647,test
synthetic_cloudtrail.csv:5648,test
synthetic_cloudtrail.csv:5649,test
synthetic_cloudtrail.csv:5650,test
synthetic_cloudtrail.csv:5651,test
synthetic_cloudtrail.csv:5652,test
synthetic_cloudtrail.csv:5653,train
synthetic_cloudtrail.csv:5654,val
synthetic_cloudtrail.csv:5655,train
synthetic_cloudtrail.csv:5656,train
synthetic_cloudtrail.csv:5657,val
synthetic_cloudtrail.csv:5658,val
synthetic_cloudtrail.csv:5659,train
synthetic_cloudtrail.csv:5660,val
synthetic_cloudtrail.csv:5661,test
synthetic_cloudtrail.csv:5662,test
synthetic_cloudtrail.csv:5663,test
synthetic_cloudtrail.csv:5664,test
synthetic_cloudtrail.csv:5665,test
synthetic_cloudtrail.csv:5666,test
synthetic_cloudtrail.csv:5667,test
synthetic_cloudtrail.csv:5668,test
synthetic_cloudtrail.csv:5669,test
synthetic_cloudtrail.csv:5670,test
synthetic_cloudtrail.csv:5671,test
synthetic_cloudtrail.csv:5672,test
synthetic_cloudtrail.csv:5673,val
synthetic_cloudtrail.csv:5674,train
synthetic_cloudtrail.csv:5675,train
synthetic_cloudtrail.csv:5676,train
synthetic_cloudtrail.csv:5677,train
synthetic_cloudtrail.csv:5678,train
synthetic_cloudtrail.csv:5679,train
synthetic_cloudtrail.csv:5680,train
synthetic_cloudtrail.csv:5681,train
synthetic_cloudtrail.csv:5682,train
synthetic_cloudtrail.csv:5683,train
synthetic_cloudtrail.csv:5684,train
synthetic_cloudtrail.csv:5685,train
synthetic_cloudtrail.csv:5686,test
synthetic_cloudtrail.csv:5687,test
synthetic_cloudtrail.csv:5688,test
synthetic_cloudtrail.csv:5689,test
synthetic_cloudtrail.csv:5690,train
synthetic_cloudtrail.csv:5691,test
synthetic_cloudtrail.csv:5692,test
synthetic_cloudtrail.csv:5693,train
synthetic_cloudtrail.csv:5694,test
synthetic_cloudtrail.csv:5695,train
synthetic_cloudtrail.csv:5696,test
synthetic_cloudtrail.csv:5697,train
synthetic_cloudtrail.csv:5698,test
synthetic_cloudtrail.csv:5699,test
synthetic_cloudtrail.csv:5700,train
synthetic_cloudtrail.csv:5701,test
synthetic_cloudtrail.csv:5702,train
synthetic_cloudtrail.csv:5703,test
synthetic_cloudtrail.csv:5704,train
synthetic_cloudtrail.csv:5705,test
synthetic_cloudtrail.csv:5706,test
synthetic_cloudtrail.csv:5707,train
synthetic_cloudtrail.csv:5708,test
synthetic_cloudtrail.csv:5709,test
synthetic_cloudtrail.csv:5710,train
synthetic_cloudtrail.csv:5711,train
synthetic_cloudtrail.csv:5712,train
synthetic_cloudtrail.csv:5713,val
synthetic_cloudtrail.csv:5714,train
synthetic_cloudtrail.csv:5715,val
synthetic_cloudtrail.csv:5716,train
synthetic_cloudtrail.csv:5717,val
synthetic_cloudtrail.csv:5718,val
synthetic_cloudtrail.csv:5719,train
synthetic_cloudtrail.csv:5720,val
synthetic_cloudtrail.csv:5721,val
synthetic_cloudtrail.csv:5722,train
synthetic_cloudtrail.csv:5723,train
synthetic_cloudtrail.csv:5724,val
synthetic_cloudtrail.csv:5725,train
synthetic_cloudtrail.csv:5726,train
synthetic_cloudtrail.csv:5727,train
synthetic_cloudtrail.csv:5728,train
synthetic_cloudtrail.csv:5729,train
synthetic_cloudtrail.csv:5730,train
synthetic_cloudtrail.csv:5731,train
synthetic_cloudtrail.csv:5732,train
synthetic_cloudtrail.csv:5733,train
synthetic_cloudtrail.csv:5734,train
synthetic_cloudtrail.csv:5735,train
synthetic_cloudtrail.csv:5736,train
synthetic_cloudtrail.csv:5737,train
synthetic_cloudtrail.csv:5738,train
synthetic_cloudtrail.csv:5739,train
synthetic_cloudtrail.csv:5740,train
synthetic_cloudtrail.csv:5741,train
synthetic_cloudtrail.csv:5742,train
synthetic_cloudtrail.csv:5743,train
synthetic_cloudtrail.csv:5744,train
synthetic_cloudtrail.csv:5745,train
synthetic_cloudtrail.csv:5746,train
synthetic_cloudtrail.csv:5747,train
synthetic_cloudtrail.csv:5748,train
synthetic_cloudtrail.csv:5749,train
synthetic_cloudtrail.csv:5750,train
synthetic_cloudtrail.csv:5751,train
synthetic_cloudtrail.csv:5752,train
synthetic_cloudtrail.csv:5753,train
synthetic_cloudtrail.csv:5754,train
synthetic_cloudtrail.csv:5755,train
synthetic_cloudtrail.csv:5756,train
synthetic_cloudtrail.csv:5757,train
synthetic_cloudtrail.csv:5758,train
synthetic_cloudtrail.csv:5759,train
synthetic_cloudtrail.csv:5760,train
synthetic_cloudtrail.csv:5761,train
synthetic_cloudtrail.csv:5762,train
synthetic_cloudtrail.csv:5763,train
synthetic_cloudtrail.csv:5764,train
synthetic_cloudtrail.csv:5765,train
synthetic_cloudtrail.csv:5766,train
synthetic_cloudtrail.csv:5767,train
synthetic_cloudtrail.csv:5768,train
synthetic_cloudtrail.csv:5769,train
synthetic_cloudtrail.csv:5770,train
synthetic_cloudtrail.csv:5771,train
synthetic_cloudtrail.csv:5772,train
synthetic_cloudtrail.csv:5773,train
synthetic_cloudtrail.csv:5774,train
synthetic_cloudtrail.csv:5775,train
synthetic_cloudtrail.csv:5776,train
synthetic_cloudtrail.csv:5777,train
synthetic_cloudtrail.csv:5778,train
synthetic_cloudtrail.csv:5779,train
synthetic_cloudtrail.csv:5780,train
synthetic_cloudtrail.csv:5781,train
synthetic_cloudtrail.csv:5782,train
synthetic_cloudtrail.csv:5783,train
synthetic_cloudtrail.csv:5784,train
synthetic_cloudtrail.csv:5785,train
synthetic_cloudtrail.csv:5786,train
synthetic_cloudtrail.csv:5787,train
synthetic_cloudtrail.csv:5788,train
synthetic_cloudtrail.csv:5789,train
synthetic_cloudtrail.csv:5790,train
synthetic_cloudtrail.csv:5791,train
synthetic_cloudtrail.csv:5792,train
synthetic_cloudtrail.csv:5793,train
synthetic_cloudtrail.csv:5794,train
synthetic_cloudtrail.csv:5795,train
synthetic_cloudtrail.csv:5796,train
synthetic_cloudtrail.csv:5797,train
synthetic_cloudtrail.csv:5798,train
synthetic_cloudtrail.csv:5799,train
synthetic_cloudtrail.csv:5800,train
synthetic_cloudtrail.csv:5801,train
synthetic_cloudtrail.csv:5802,train
synthetic_cloudtrail.csv:5803,train
synthetic_cloudtrail.csv:5804,train
synthetic_cloudtrail.csv:5805,val
synthetic_cloudtrail.csv:5806,test
synthetic_cloudtrail.csv:5807,test
synthetic_cloudtrail.csv:5808,test
synthetic_cloudtrail.csv:5809,test
synthetic_cloudtrail.csv:5810,test
synthetic_cloudtrail.csv:5811,test
synthetic_cloudtrail.csv:5812,test
synthetic_cloudtrail.csv:5813,test
synthetic_cloudtrail.csv:5814,test
synthetic_cloudtrail.csv:5815,test
synthetic_cloudtrail.csv:5816,test
synthetic_cloudtrail.csv:5817,train
synthetic_cloudtrail.csv:5818,train
synthetic_cloudtrail.csv:5819,train
synthetic_cloudtrail.csv:5820,train
synthetic_cloudtrail.csv:5821,train
synthetic_cloudtrail.csv:5822,train
synthetic_cloudtrail.csv:5823,train
synthetic_cloudtrail.csv:5824,train
synthetic_cloudtrail.csv:5825,train
synthetic_cloudtrail.csv:5826,train
synthetic_cloudtrail.csv:5827,train
synthetic_cloudtrail.csv:5828,test
synthetic_cloudtrail.csv:5829,test
synthetic_cloudtrail.csv:5830,test
synthetic_cloudtrail.csv:5831,test
synthetic_cloudtrail.csv:5832,test
synthetic_cloudtrail.csv:5833,test
synthetic_cloudtrail.csv:5834,test
synthetic_cloudtrail.csv:5835,test
synthetic_cloudtrail.csv:5836,test
synthetic_cloudtrail.csv:5837,test
synthetic_cloudtrail.csv:5838,test
synthetic_cloudtrail.csv:5839,train
synthetic_cloudtrail.csv:5840,test
synthetic_cloudtrail.csv:5841,test
synthetic_cloudtrail.csv:5842,train
synthetic_cloudtrail.csv:5843,train
synthetic_cloudtrail.csv:5844,train
synthetic_cloudtrail.csv:5845,train
synthetic_cloudtrail.csv:5846,train
synthetic_cloudtrail.csv:5847,test
synthetic_cloudtrail.csv:5848,test
synthetic_cloudtrail.csv:5849,test
synthetic_cloudtrail.csv:5850,train
synthetic_cloudtrail.csv:5851,test
synthetic_cloudtrail.csv:5852,test
synthetic_cloudtrail.csv:5853,test
synthetic_cloudtrail.csv:5854,test
synthetic_cloudtrail.csv:5855,train
synthetic_cloudtrail.csv:5856,train
synthetic_cloudtrail.csv:5857,test
synthetic_cloudtrail.csv:5858,train
synthetic_cloudtrail.csv:5859,test
synthetic_cloudtrail.csv:5860,test
synthetic_cloudtrail.csv:5861,test
synthetic_cloudtrail.csv:5862,train
synthetic_cloudtrail.csv:5863,test
synthetic_cloudtrail.csv:5864,test
synthetic_cloudtrail.csv:5865,train
synthetic_cloudtrail.csv:5866,train
synthetic_cloudtrail.csv:5867,train
synthetic_cloudtrail.csv:5868,train
synthetic_cloudtrail.csv:5869,train
synthetic_cloudtrail.csv:5870,train
synthetic_cloudtrail.csv:5871,train
synthetic_cloudtrail.csv:5872,train
synthetic_cloudtrail.csv:5873,train
synthetic_cloudtrail.csv:5874,train
synthetic_cloudtrail.csv:5875,train
synthetic_cloudtrail.csv:5876,train
synthetic_cloudtrail.csv:5877,train
synthetic_cloudtrail.csv:5878,train
synthetic_cloudtrail.csv:5879,train
synthetic_cloudtrail.csv:5880,train
synthetic_cloudtrail.csv:5881,train
synthetic_cloudtrail.csv:5882,train
synthetic_cloudtrail.csv:5883,train
synthetic_cloudtrail.csv:5884,train
synthetic_cloudtrail.csv:5885,train
synthetic_cloudtrail.csv:5886,train
synthetic_cloudtrail.csv:5887,train
synthetic_cloudtrail.csv:5888,train
synthetic_cloudtrail.csv:5889,train
synthetic_cloudtrail.csv:5890,train
synthetic_cloudtrail.csv:5891,train
synthetic_cloudtrail.csv:5892,train
synthetic_cloudtrail.csv:5893,train
synthetic_cloudtrail.csv:5894,train
synthetic_cloudtrail.csv:5895,train
synthetic_cloudtrail.csv:5896,train
synthetic_cloudtrail.csv:5897,train
synthetic_cloudtrail.csv:5898,train
synthetic_cloudtrail.csv:5899,val
synthetic_cloudtrail.csv:5900,val
synthetic_cloudtrail.csv:5901,val
synthetic_cloudtrail.csv:5902,val
synthetic_cloudtrail.csv:5903,val
synthetic_cloudtrail.csv:5904,val
synthetic_cloudtrail.csv:5905,val
synthetic_cloudtrail.csv:5906,val
synthetic_cloudtrail.csv:5907,val
synthetic_cloudtrail.csv:5908,val
synthetic_cloudtrail.csv:5909,val
synthetic_cloudtrail.csv:5910,val
synthetic_cloudtrail.csv:5911,train
synthetic_cloudtrail.csv:5912,train
synthetic_cloudtrail.csv:5913,val
synthetic_cloudtrail.csv:5914,train
synthetic_cloudtrail.csv:5915,val
synthetic_cloudtrail.csv:5916,train
synthetic_cloudtrail.csv:5917,train
synthetic_cloudtrail.csv:5918,train
synthetic_cloudtrail.csv:5919,val
synthetic_cloudtrail.csv:5920,train
synthetic_cloudtrail.csv:5921,val
synthetic_cloudtrail.csv:5922,train
synthetic_cloudtrail.csv:5923,val
synthetic_cloudtrail.csv:5924,train
synthetic_cloudtrail.csv:5925,train
synthetic_cloudtrail.csv:5926,train
synthetic_cloudtrail.csv:5927,train
synthetic_cloudtrail.csv:5928,train
synthetic_cloudtrail.csv:5929,train
synthetic_cloudtrail.csv:5930,train
synthetic_cloudtrail.csv:5931,train
synthetic_cloudtrail.csv:5932,train
synthetic_cloudtrail.csv:5933,train
synthetic_cloudtrail.csv:5934,train
synthetic_cloudtrail.csv:5935,train
synthetic_cloudtrail.csv:5936,train
synthetic_cloudtrail.csv:5937,train
synthetic_cloudtrail.csv:5938,train
synthetic_cloudtrail.csv:5939,train
synthetic_cloudtrail.csv:5940,train
synthetic_cloudtrail.csv:5941,train
synthetic_cloudtrail.csv:5942,train
synthetic_cloudtrail.csv:5943,train
synthetic_cloudtrail.csv:5944,train
synthetic_cloudtrail.csv:5945,train
synthetic_cloudtrail.csv:5946,train
synthetic_cloudtrail.csv:5947,train
synthetic_cloudtrail.csv:5948,train
synthetic_cloudtrail.csv:5949,train
synthetic_cloudtrail.csv:5950,train
synthetic_cloudtrail.csv:5951,train
synthetic_cloudtrail.csv:5952,train
synthetic_cloudtrail.csv:5953,train
synthetic_cloudtrail.csv:5954,train
synthetic_cloudtrail.csv:5955,train
synthetic_cloudtrail.csv:5956,train
synthetic_cloudtrail.csv:5957,train
synthetic_cloudtrail.csv:5958,train
synthetic_cloudtrail.csv:5959,train
synthetic_cloudtrail.csv:5960,train
synthetic_cloudtrail.csv:5961,train
synthetic_cloudtrail.csv:5962,train
synthetic_cloudtrail.csv:5963,train
synthetic_cloudtrail.csv:5964,train
synthetic_cloudtrail.csv:5965,train
synthetic_cloudtrail.csv:5966,val
synthetic_cloudtrail.csv:5967,train
synthetic_cloudtrail.csv:5968,train
synthetic_cloudtrail.csv:5969,train
synthetic_cloudtrail.csv:5970,train
synthetic_cloudtrail.csv:5971,train
synthetic_cloudtrail.csv:5972,train
synthetic_cloudtrail.csv:5973,train
synthetic_cloudtrail.csv:5974,train
synthetic_cloudtrail.csv:5975,train
synthetic_cloudtrail.csv:5976,train
synthetic_cloudtrail.csv:5977,train
synthetic_cloudtrail.csv:5978,train
synthetic_cloudtrail.csv:5979,train
synthetic_cloudtrail.csv:5980,train
synthetic_cloudtrail.csv:5981,val
synthetic_cloudtrail.csv:5982,train
synthetic_cloudtrail.csv:5983,train
synthetic_cloudtrail.csv:5984,train
synthetic_cloudtrail.csv:5985,train
synthetic_cloudtrail.csv:5986,val
synthetic_cloudtrail.csv:5987,val
synthetic_cloudtrail.csv:5988,val
synthetic_cloudtrail.csv:5989,val
synthetic_cloudtrail.csv:5990,val
synthetic_cloudtrail.csv:5991,train
synthetic_cloudtrail.csv:5992,train
synthetic_cloudtrail.csv:5993,train
synthetic_cloudtrail.csv:5994,train
synthetic_cloudtrail.csv:5995,train
synthetic_cloudtrail.csv:5996,train
synthetic_cloudtrail.csv:5997,val
synthetic_cloudtrail.csv:5998,train
synthetic_cloudtrail.csv:5999,train
synthetic_cloudtrail.csv:6000,train
synthetic_cloudtrail.csv:6001,train
synthetic_cloudtrail.csv:6002,train
synthetic_cloudtrail.csv:6003,train
synthetic_cloudtrail.csv:6004,train
synthetic_cloudtrail.csv:6005,train
synthetic_cloudtrail.csv:6006,train
synthetic_cloudtrail.csv:6007,train
synthetic_cloudtrail.csv:6008,train
synthetic_cloudtrail.csv:6009,train
synthetic_cloudtrail.csv:6010,train
synthetic_cloudtrail.csv:6011,train
synthetic_cloudtrail.csv:6012,test
synthetic_cloudtrail.csv:6013,test
synthetic_cloudtrail.csv:6014,test
synthetic_cloudtrail.csv:6015,test
synthetic_cloudtrail.csv:6016,test
synthetic_cloudtrail.csv:6017,test
synthetic_cloudtrail.csv:6018,test
synthetic_cloudtrail.csv:6019,test
synthetic_cloudtrail.csv:6020,test
synthetic_cloudtrail.csv:6021,test
synthetic_cloudtrail.csv:6022,test
synthetic_cloudtrail.csv:6023,test
synthetic_cloudtrail.csv:6024,test
synthetic_cloudtrail.csv:6025,train
synthetic_cloudtrail.csv:6026,train
synthetic_cloudtrail.csv:6027,train
synthetic_cloudtrail.csv:6028,train
synthetic_cloudtrail.csv:6029,train
synthetic_cloudtrail.csv:6030,train
synthetic_cloudtrail.csv:6031,train
synthetic_cloudtrail.csv:6032,train
synthetic_cloudtrail.csv:6033,train
synthetic_cloudtrail.csv:6034,train
synthetic_cloudtrail.csv:6035,test
synthetic_cloudtrail.csv:6036,test
synthetic_cloudtrail.csv:6037,test
synthetic_cloudtrail.csv:6038,test
synthetic_cloudtrail.csv:6039,test
synthetic_cloudtrail.csv:6040,test
synthetic_cloudtrail.csv:6041,test
synthetic_cloudtrail.csv:6042,test
synthetic_cloudtrail.csv:6043,test
synthetic_cloudtrail.csv:6044,test
synthetic_cloudtrail.csv:6045,test
synthetic_cloudtrail.csv:6046,test
synthetic_cloudtrail.csv:6047,test
synthetic_cloudtrail.csv:6048,test
synthetic_cloudtrail.csv:6049,test
synthetic_cloudtrail.csv:6050,test
synthetic_cloudtrail.csv:6051,test
synthetic_cloudtrail.csv:6052,test
synthetic_cloudtrail.csv:6053,test
synthetic_cloudtrail.csv:6054,test
synthetic_cloudtrail.csv:6055,test
synthetic_cloudtrail.csv:6056,test
synthetic_cloudtrail.csv:6057,test
synthetic_cloudtrail.csv:6058,test
synthetic_cloudtrail.csv:6059,test
synthetic_cloudtrail.csv:6060,test
synthetic_cloudtrail.csv:6061,test
synthetic_cloudtrail.csv:6062,val
synthetic_cloudtrail.csv:6063,train
synthetic_cloudtrail.csv:6064,val
synthetic_cloudtrail.csv:6065,val
synthetic_cloudtrail.csv:6066,val
synthetic_cloudtrail.csv:6067,val
synthetic_cloudtrail.csv:6068,val
synthetic_cloudtrail.csv:6069,train
synthetic_cloudtrail.csv:6070,train
synthetic_cloudtrail.csv:6071,train
synthetic_cloudtrail.csv:6072,train
synthetic_cloudtrail.csv:6073,train
synthetic_cloudtrail.csv:6074,train
synthetic_cloudtrail.csv:6075,train
synthetic_cloudtrail.csv:6076,train
synthetic_cloudtrail.csv:6077,train
synthetic_cloudtrail.csv:6078,test
synthetic_cloudtrail.csv:6079,test
synthetic_cloudtrail.csv:6080,test
synthetic_cloudtrail.csv:6081,test
synthetic_cloudtrail.csv:6082,test
synthetic_cloudtrail.csv:6083,test
synthetic_cloudtrail.csv:6084,test
synthetic_cloudtrail.csv:6085,test
synthetic_cloudtrail.csv:6086,test
synthetic_cloudtrail.csv:6087,test
synthetic_cloudtrail.csv:6088,test
synthetic_cloudtrail.csv:6089,test
synthetic_cloudtrail.csv:6090,test
synthetic_cloudtrail.csv:6091,test
synthetic_cloudtrail.csv:6092,val
synthetic_cloudtrail.csv:6093,train
synthetic_cloudtrail.csv:6094,val
synthetic_cloudtrail.csv:6095,val
synthetic_cloudtrail.csv:6096,val
synthetic_cloudtrail.csv:6097,val
synthetic_cloudtrail.csv:6098,val
synthetic_cloudtrail.csv:6099,val
synthetic_cloudtrail.csv:6100,train
synthetic_cloudtrail.csv:6101,train
synthetic_cloudtrail.csv:6102,val
synthetic_cloudtrail.csv:6103,val
synthetic_cloudtrail.csv:6104,train
synthetic_cloudtrail.csv:6105,val
synthetic_cloudtrail.csv:6106,train
synthetic_cloudtrail.csv:6107,val
synthetic_cloudtrail.csv:6108,train
synthetic_cloudtrail.csv:6109,train
synthetic_cloudtrail.csv:6110,train
synthetic_cloudtrail.csv:6111,train
synthetic_cloudtrail.csv:6112,val
synthetic_cloudtrail.csv:6113,val
synthetic_cloudtrail.csv:6114,val
synthetic_cloudtrail.csv:6115,val
synthetic_cloudtrail.csv:6116,val
synthetic_cloudtrail.csv:6117,train
synthetic_cloudtrail.csv:6118,train
synthetic_cloudtrail.csv:6119,train
synthetic_cloudtrail.csv:6120,train
synthetic_cloudtrail.csv:6121,train
synthetic_cloudtrail.csv:6122,train
synthetic_cloudtrail.csv:6123,train
synthetic_cloudtrail.csv:6124,train
synthetic_cloudtrail.csv:6125,train
synthetic_cloudtrail.csv:6126,train
synthetic_cloudtrail.csv:6127,train
synthetic_cloudtrail.csv:6128,train
synthetic_cloudtrail.csv:6129,train
synthetic_cloudtrail.csv:6130,train
synthetic_cloudtrail.csv:6131,train
synthetic_cloudtrail.csv:6132,train
synthetic_cloudtrail.csv:6133,train
synthetic_cloudtrail.csv:6134,train
synthetic_cloudtrail.csv:6135,train
synthetic_cloudtrail.csv:6136,train
synthetic_cloudtrail.csv:6137,train
synthetic_cloudtrail.csv:6138,train
synthetic_cloudtrail.csv:6139,train
synthetic_cloudtrail.csv:6140,train
synthetic_cloudtrail.csv:6141,train
synthetic_cloudtrail.csv:6142,train
synthetic_cloudtrail.csv:6143,train
synthetic_cloudtrail.csv:6144,train
synthetic_cloudtrail.csv:6145,train
synthetic_cloudtrail.csv:6146,train
synthetic_cloudtrail.csv:6147,train
synthetic_cloudtrail.csv:6148,train
synthetic_cloudtrail.csv:6149,train
synthetic_cloudtrail.csv:6150,train
synthetic_cloudtrail.csv:6151,train
synthetic_cloudtrail.csv:6152,train
synthetic_cloudtrail.csv:6153,train
synthetic_cloudtrail.csv:6154,val
synthetic_cloudtrail.csv:6155,train
synthetic_cloudtrail.csv:6156,val
synthetic_cloudtrail.csv:6157,val
synthetic_cloudtrail.csv:6158,train
synthetic_cloudtrail.csv:6159,train
synthetic_cloudtrail.csv:6160,val
synthetic_cloudtrail.csv:6161,train
synthetic_cloudtrail.csv:6162,val
synthetic_cloudtrail.csv:6163,train
synthetic_cloudtrail.csv:6164,val
synthetic_cloudtrail.csv:6165,train
synthetic_cloudtrail.csv:6166,val
synthetic_cloudtrail.csv:6167,train
synthetic_cloudtrail.csv:6168,train
synthetic_cloudtrail.csv:6169,train
synthetic_cloudtrail.csv:6170,train
synthetic_cloudtrail.csv:6171,train
synthetic_cloudtrail.csv:6172,train
synthetic_cloudtrail.csv:6173,train
synthetic_cloudtrail.csv:6174,train
synthetic_cloudtrail.csv:6175,train
synthetic_cloudtrail.csv:6176,train
synthetic_cloudtrail.csv:6177,train
synthetic_cloudtrail.csv:6178,train
synthetic_cloudtrail.csv:6179,train
synthetic_cloudtrail.csv:6180,train
synthetic_cloudtrail.csv:6181,train
synthetic_cloudtrail.csv:6182,train
synthetic_cloudtrail.csv:6183,train
synthetic_cloudtrail.csv:6184,train
synthetic_cloudtrail.csv:6185,train
synthetic_cloudtrail.csv:6186,train
synthetic_cloudtrail.csv:6187,train
synthetic_cloudtrail.csv:6188,train
synthetic_cloudtrail.csv:6189,train
synthetic_cloudtrail.csv:6190,train
synthetic_cloudtrail.csv:6191,train
synthetic_cloudtrail.csv:6192,train
synthetic_cloudtrail.csv:6193,train
synthetic_cloudtrail.csv:6194,train
synthetic_cloudtrail.csv:6195,train
synthetic_cloudtrail.csv:6196,train
synthetic_cloudtrail.csv:6197,train
synthetic_cloudtrail.csv:6198,train
synthetic_cloudtrail.csv:6199,train
synthetic_cloudtrail.csv:6200,train
synthetic_cloudtrail.csv:6201,train
synthetic_cloudtrail.csv:6202,train
synthetic_cloudtrail.csv:6203,train
synthetic_cloudtrail.csv:6204,train
synthetic_cloudtrail.csv:6205,train
synthetic_cloudtrail.csv:6206,train
synthetic_cloudtrail.csv:6207,train
synthetic_cloudtrail.csv:6208,train
synthetic_cloudtrail.csv:6209,train
synthetic_cloudtrail.csv:6210,train
synthetic_cloudtrail.csv:6211,train
synthetic_cloudtrail.csv:6212,train
synthetic_cloudtrail.csv:6213,train
synthetic_cloudtrail.csv:6214,train
synthetic_cloudtrail.csv:6215,train
synthetic_cloudtrail.csv:6216,train
synthetic_cloudtrail.csv:6217,train
synthetic_cloudtrail.csv:6218,train
synthetic_cloudtrail.csv:6219,train
synthetic_cloudtrail.csv:6220,train
synthetic_cloudtrail.csv:6221,train
synthetic_cloudtrail.csv:6222,train
synthetic_cloudtrail.csv:6223,train
synthetic_cloudtrail.csv:6224,train
synthetic_cloudtrail.csv:6225,train
synthetic_cloudtrail.csv:6226,train
synthetic_cloudtrail.csv:6227,train
synthetic_cloudtrail.csv:6228,train
synthetic_cloudtrail.csv:6229,train
synthetic_cloudtrail.csv:6230,train
synthetic_cloudtrail.csv:6231,train
synthetic_cloudtrail.csv:6232,train
synthetic_cloudtrail.csv:6233,train
synthetic_cloudtrail.csv:6234,train
synthetic_cloudtrail.csv:6235,train
synthetic_cloudtrail.csv:6236,train
synthetic_cloudtrail.csv:6237,train
synthetic_cloudtrail.csv:6238,train
synthetic_cloudtrail.csv:6239,train
synthetic_cloudtrail.csv:6240,train
synthetic_cloudtrail.csv:6241,train
synthetic_cloudtrail.csv:6242,train
synthetic_cloudtrail.csv:6243,train
synthetic_cloudtrail.csv:6244,train
synthetic_cloudtrail.csv:6245,train
synthetic_cloudtrail.csv:6246,train
synthetic_cloudtrail.csv:6247,val
synthetic_cloudtrail.csv:6248,val
synthetic_cloudtrail.csv:6249,val
synthetic_cloudtrail.csv:6250,val
synthetic_cloudtrail.csv:6251,val
synthetic_cloudtrail.csv:6252,val
synthetic_cloudtrail.csv:6253,val
synthetic_cloudtrail.csv:6254,val
synthetic_cloudtrail.csv:6255,val
synthetic_cloudtrail.csv:6256,val
synthetic_cloudtrail.csv:6257,val
synthetic_cloudtrail.csv:6258,val
synthetic_cloudtrail.csv:6259,val
synthetic_cloudtrail.csv:6260,val
synthetic_cloudtrail.csv:6261,val
synthetic_cloudtrail.csv:6262,val
synthetic_cloudtrail.csv:6263,val
synthetic_cloudtrail.csv:6264,val
synthetic_cloudtrail.csv:6265,val
synthetic_cloudtrail.csv:6266,val
synthetic_cloudtrail.csv:6267,val
synthetic_cloudtrail.csv:6268,val
synthetic_cloudtrail.csv:6269,val
synthetic_cloudtrail.csv:6270,train
synthetic_cloudtrail.csv:6271,train
synthetic_cloudtrail.csv:6272,train
synthetic_cloudtrail.csv:6273,train
synthetic_cloudtrail.csv:6274,train
synthetic_cloudtrail.csv:6275,train
synthetic_cloudtrail.csv:6276,train
synthetic_cloudtrail.csv:6277,train
synthetic_cloudtrail.csv:6278,train
synthetic_cloudtrail.csv:6279,train
synthetic_cloudtrail.csv:6280,train
synthetic_cloudtrail.csv:6281,train
synthetic_cloudtrail.csv:6282,train
synthetic_cloudtrail.csv:6283,train
synthetic_cloudtrail.csv:6284,val
synthetic_cloudtrail.csv:6285,train
synthetic_cloudtrail.csv:6286,val
synthetic_cloudtrail.csv:6287,val
synthetic_cloudtrail.csv:6288,train
synthetic_cloudtrail.csv:6289,train
synthetic_cloudtrail.csv:6290,train
synthetic_cloudtrail.csv:6291,val
synthetic_cloudtrail.csv:6292,val
synthetic_cloudtrail.csv:6293,val
synthetic_cloudtrail.csv:6294,train
synthetic_cloudtrail.csv:6295,val
synthetic_cloudtrail.csv:6296,val
synthetic_cloudtrail.csv:6297,val
synthetic_cloudtrail.csv:6298,train
synthetic_cloudtrail.csv:6299,val
synthetic_cloudtrail.csv:6300,train
synthetic_cloudtrail.csv:6301,val
synthetic_cloudtrail.csv:6302,val
synthetic_cloudtrail.csv:6303,train
synthetic_cloudtrail.csv:6304,val
synthetic_cloudtrail.csv:6305,val
synthetic_cloudtrail.csv:6306,train
synthetic_cloudtrail.csv:6307,train
synthetic_cloudtrail.csv:6308,train
synthetic_cloudtrail.csv:6309,train
synthetic_cloudtrail.csv:6310,train
synthetic_cloudtrail.csv:6311,train
synthetic_cloudtrail.csv:6312,train
synthetic_cloudtrail.csv:6313,train
synthetic_cloudtrail.csv:6314,train
synthetic_cloudtrail.csv:6315,train
synthetic_cloudtrail.csv:6316,train
synthetic_cloudtrail.csv:6317,train
synthetic_cloudtrail.csv:6318,train
synthetic_cloudtrail.csv:6319,train
synthetic_cloudtrail.csv:6320,train
synthetic_cloudtrail.csv:6321,train
synthetic_cloudtrail.csv:6322,train
synthetic_cloudtrail.csv:6323,train
synthetic_cloudtrail.csv:6324,train
synthetic_cloudtrail.csv:6325,train
synthetic_cloudtrail.csv:6326,train
synthetic_cloudtrail.csv:6327,train
synthetic_cloudtrail.csv:6328,train
synthetic_cloudtrail.csv:6329,train
synthetic_cloudtrail.csv:6330,train
synthetic_cloudtrail.csv:6331,train
synthetic_cloudtrail.csv:6332,train
synthetic_cloudtrail.csv:6333,train
synthetic_cloudtrail.csv:6334,train
synthetic_cloudtrail.csv:6335,train
synthetic_cloudtrail.csv:6336,train
synthetic_cloudtrail.csv:6337,train
synthetic_cloudtrail.csv:6338,train
synthetic_cloudtrail.csv:6339,train
synthetic_cloudtrail.csv:6340,train
synthetic_cloudtrail.csv:6341,train
synthetic_cloudtrail.csv:6342,train
synthetic_cloudtrail.csv:6343,train
synthetic_cloudtrail.csv:6344,train
synthetic_cloudtrail.csv:6345,train
synthetic_cloudtrail.csv:6346,train
synthetic_cloudtrail.csv:6347,train
synthetic_cloudtrail.csv:6348,train
synthetic_cloudtrail.csv:6349,train
synthetic_cloudtrail.csv:6350,train
synthetic_cloudtrail.csv:6351,train
synthetic_cloudtrail.csv:6352,train
synthetic_cloudtrail.csv:6353,train
synthetic_cloudtrail.csv:6354,train
synthetic_cloudtrail.csv:6355,train
synthetic_cloudtrail.csv:6356,train
synthetic_cloudtrail.csv:6357,train
synthetic_cloudtrail.csv:6358,train
synthetic_cloudtrail.csv:6359,train
synthetic_cloudtrail.csv:6360,train
synthetic_cloudtrail.csv:6361,val
synthetic_cloudtrail.csv:6362,train
synthetic_cloudtrail.csv:6363,train
synthetic_cloudtrail.csv:6364,train
synthetic_cloudtrail.csv:6365,train
synthetic_cloudtrail.csv:6366,train
synthetic_cloudtrail.csv:6367,train
synthetic_cloudtrail.csv:6368,val
synthetic_cloudtrail.csv:6369,train
synthetic_cloudtrail.csv:6370,train
synthetic_cloudtrail.csv:6371,val
synthetic_cloudtrail.csv:6372,train
synthetic_cloudtrail.csv:6373,train
synthetic_cloudtrail.csv:6374,train
synthetic_cloudtrail.csv:6375,val
synthetic_cloudtrail.csv:6376,val
synthetic_cloudtrail.csv:6377,val
synthetic_cloudtrail.csv:6378,train
synthetic_cloudtrail.csv:6379,val
synthetic_cloudtrail.csv:6380,train
synthetic_cloudtrail.csv:6381,val
synthetic_cloudtrail.csv:6382,train
synthetic_cloudtrail.csv:6383,train
synthetic_cloudtrail.csv:6384,val
synthetic_cloudtrail.csv:6385,train
synthetic_cloudtrail.csv:6386,val
synthetic_cloudtrail.csv:6387,val
synthetic_cloudtrail.csv:6388,val
synthetic_cloudtrail.csv:6389,train
synthetic_cloudtrail.csv:6390,val
synthetic_cloudtrail.csv:6391,train
synthetic_cloudtrail.csv:6392,val
synthetic_cloudtrail.csv:6393,train
synthetic_cloudtrail.csv:6394,train
synthetic_cloudtrail.csv:6395,train
synthetic_cloudtrail.csv:6396,train
synthetic_cloudtrail.csv:6397,train
synthetic_cloudtrail.csv:6398,train
synthetic_cloudtrail.csv:6399,train
synthetic_cloudtrail.csv:6400,train
synthetic_cloudtrail.csv:6401,train
synthetic_cloudtrail.csv:6402,train
synthetic_cloudtrail.csv:6403,train
synthetic_cloudtrail.csv:6404,train
synthetic_cloudtrail.csv:6405,train
synthetic_cloudtrail.csv:6406,train
synthetic_cloudtrail.csv:6407,train
synthetic_cloudtrail.csv:6408,train
synthetic_cloudtrail.csv:6409,test
synthetic_cloudtrail.csv:6410,test
synthetic_cloudtrail.csv:6411,test
synthetic_cloudtrail.csv:6412,test
synthetic_cloudtrail.csv:6413,test
synthetic_cloudtrail.csv:6414,train
synthetic_cloudtrail.csv:6415,train
synthetic_cloudtrail.csv:6416,train
synthetic_cloudtrail.csv:6417,test
synthetic_cloudtrail.csv:6418,train
synthetic_cloudtrail.csv:6419,test
synthetic_cloudtrail.csv:6420,train
synthetic_cloudtrail.csv:6421,test
synthetic_cloudtrail.csv:6422,train
synthetic_cloudtrail.csv:6423,test
synthetic_cloudtrail.csv:6424,train
synthetic_cloudtrail.csv:6425,train
synthetic_cloudtrail.csv:6426,train
synthetic_cloudtrail.csv:6427,train
synthetic_cloudtrail.csv:6428,train
synthetic_cloudtrail.csv:6429,train
synthetic_cloudtrail.csv:6430,train
synthetic_cloudtrail.csv:6431,train
synthetic_cloudtrail.csv:6432,train
synthetic_cloudtrail.csv:6433,train
synthetic_cloudtrail.csv:6434,train
synthetic_cloudtrail.csv:6435,train
synthetic_cloudtrail.csv:6436,train
synthetic_cloudtrail.csv:6437,train
synthetic_cloudtrail.csv:6438,train
synthetic_cloudtrail.csv:6439,train
synthetic_cloudtrail.csv:6440,train
synthetic_cloudtrail.csv:6441,train
synthetic_cloudtrail.csv:6442,train
synthetic_cloudtrail.csv:6443,train
synthetic_cloudtrail.csv:6444,train
synthetic_cloudtrail.csv:6445,train
synthetic_cloudtrail.csv:6446,train
synthetic_cloudtrail.csv:6447,train
synthetic_cloudtrail.csv:6448,train
synthetic_cloudtrail.csv:6449,train
synthetic_cloudtrail.csv:6450,train
synthetic_cloudtrail.csv:6451,train
synthetic_cloudtrail.csv:6452,train
synthetic_cloudtrail.csv:6453,train
synthetic_cloudtrail.csv:6454,train
synthetic_cloudtrail.csv:6455,train
synthetic_cloudtrail.csv:6456,train
synthetic_cloudtrail.csv:6457,train
synthetic_cloudtrail.csv:6458,train
synthetic_cloudtrail.csv:6459,train
synthetic_cloudtrail.csv:6460,train
synthetic_cloudtrail.csv:6461,train
synthetic_cloudtrail.csv:6462,train
synthetic_cloudtrail.csv:6463,train
synthetic_cloudtrail.csv:6464,train
synthetic_cloudtrail.csv:6465,train
synthetic_cloudtrail.csv:6466,train
synthetic_cloudtrail.csv:6467,train
synthetic_cloudtrail.csv:6468,train
synthetic_cloudtrail.csv:6469,train
synthetic_cloudtrail.csv:6470,train
synthetic_cloudtrail.csv:6471,train
synthetic_cloudtrail.csv:6472,train
synthetic_cloudtrail.csv:6473,train
synthetic_cloudtrail.csv:6474,train
synthetic_cloudtrail.csv:6475,train
synthetic_cloudtrail.csv:6476,train
synthetic_cloudtrail.csv:6477,train
synthetic_cloudtrail.csv:6478,train
synthetic_cloudtrail.csv:6479,train
synthetic_cloudtrail.csv:6480,train
synthetic_cloudtrail.csv:6481,train
synthetic_cloudtrail.csv:6482,train
synthetic_cloudtrail.csv:6483,train
synthetic_cloudtrail.csv:6484,val
synthetic_cloudtrail.csv:6485,train
synthetic_cloudtrail.csv:6486,val
synthetic_cloudtrail.csv:6487,val
synthetic_cloudtrail.csv:6488,train
synthetic_cloudtrail.csv:6489,val
synthetic_cloudtrail.csv:6490,train
synthetic_cloudtrail.csv:6491,train
synthetic_cloudtrail.csv:6492,val
synthetic_cloudtrail.csv:6493,val
synthetic_cloudtrail.csv:6494,val
synthetic_cloudtrail.csv:6495,val
synthetic_cloudtrail.csv:6496,val
synthetic_cloudtrail.csv:6497,val
synthetic_cloudtrail.csv:6498,train
synthetic_cloudtrail.csv:6499,train
synthetic_cloudtrail.csv:6500,train
synthetic_cloudtrail.csv:6501,train
synthetic_cloudtrail.csv:6502,train
synthetic_cloudtrail.csv:6503,train
synthetic_cloudtrail.csv:6504,train
synthetic_cloudtrail.csv:6505,train
synthetic_cloudtrail.csv:6506,train
synthetic_cloudtrail.csv:6507,train
synthetic_cloudtrail.csv:6508,train
synthetic_cloudtrail.csv:6509,train
synthetic_cloudtrail.csv:6510,train
synthetic_cloudtrail.csv:6511,train
synthetic_cloudtrail.csv:6512,train
synthetic_cloudtrail.csv:6513,train
synthetic_cloudtrail.csv:6514,train
synthetic_cloudtrail.csv:6515,train
synthetic_cloudtrail.csv:6516,train
synthetic_cloudtrail.csv:6517,train
synthetic_cloudtrail.csv:6518,train
synthetic_cloudtrail.csv:6519,train
synthetic_cloudtrail.csv:6520,train
synthetic_cloudtrail.csv:6521,train
synthetic_cloudtrail.csv:6522,val
synthetic_cloudtrail.csv:6523,train
synthetic_cloudtrail.csv:6524,val
synthetic_cloudtrail.csv:6525,train
synthetic_cloudtrail.csv:6526,val
synthetic_cloudtrail.csv:6527,val
synthetic_cloudtrail.csv:6528,train
synthetic_cloudtrail.csv:6529,val
synthetic_cloudtrail.csv:6530,val
synthetic_cloudtrail.csv:6531,val
synthetic_cloudtrail.csv:6532,val
synthetic_cloudtrail.csv:6533,train
synthetic_cloudtrail.csv:6534,val
synthetic_cloudtrail.csv:6535,test
synthetic_cloudtrail.csv:6536,test
synthetic_cloudtrail.csv:6537,test
synthetic_cloudtrail.csv:6538,test
synthetic_cloudtrail.csv:6539,test
synthetic_cloudtrail.csv:6540,test
synthetic_cloudtrail.csv:6541,test
synthetic_cloudtrail.csv:6542,test
synthetic_cloudtrail.csv:6543,test
synthetic_cloudtrail.csv:6544,test
synthetic_cloudtrail.csv:6545,test
synthetic_cloudtrail.csv:6546,test
synthetic_cloudtrail.csv:6547,test
synthetic_cloudtrail.csv:6548,test
synthetic_cloudtrail.csv:6549,test
synthetic_cloudtrail.csv:6550,test
synthetic_cloudtrail.csv:6551,test
synthetic_cloudtrail.csv:6552,test
synthetic_cloudtrail.csv:6553,test
synthetic_cloudtrail.csv:6554,test
synthetic_cloudtrail.csv:6555,test
synthetic_cloudtrail.csv:6556,test
synthetic_cloudtrail.csv:6557,test
synthetic_cloudtrail.csv:6558,test
synthetic_cloudtrail.csv:6559,test
synthetic_cloudtrail.csv:6560,train
synthetic_cloudtrail.csv:6561,train
synthetic_cloudtrail.csv:6562,train
synthetic_cloudtrail.csv:6563,train
synthetic_cloudtrail.csv:6564,train
synthetic_cloudtrail.csv:6565,train
synthetic_cloudtrail.csv:6566,train
synthetic_cloudtrail.csv:6567,train
synthetic_cloudtrail.csv:6568,train
synthetic_cloudtrail.csv:6569,train
synthetic_cloudtrail.csv:6570,train
synthetic_cloudtrail.csv:6571,train
synthetic_cloudtrail.csv:6572,train
synthetic_cloudtrail.csv:6573,train
synthetic_cloudtrail.csv:6574,train
synthetic_cloudtrail.csv:6575,train
synthetic_cloudtrail.csv:6576,train
synthetic_cloudtrail.csv:6577,train
synthetic_cloudtrail.csv:6578,train
synthetic_cloudtrail.csv:6579,train
synthetic_cloudtrail.csv:6580,train
synthetic_cloudtrail.csv:6581,train
synthetic_cloudtrail.csv:6582,train
synthetic_cloudtrail.csv:6583,train
synthetic_cloudtrail.csv:6584,train
synthetic_cloudtrail.csv:6585,train
synthetic_cloudtrail.csv:6586,train
synthetic_cloudtrail.csv:6587,train
synthetic_cloudtrail.csv:6588,train
synthetic_cloudtrail.csv:6589,train
synthetic_cloudtrail.csv:6590,train
synthetic_cloudtrail.csv:6591,train
synthetic_cloudtrail.csv:6592,train
synthetic_cloudtrail.csv:6593,train
synthetic_cloudtrail.csv:6594,train
synthetic_cloudtrail.csv:6595,train
synthetic_cloudtrail.csv:6596,train
synthetic_cloudtrail.csv:6597,train
synthetic_cloudtrail.csv:6598,val
synthetic_cloudtrail.csv:6599,train
synthetic_cloudtrail.csv:6600,train
synthetic_cloudtrail.csv:6601,train
synthetic_cloudtrail.csv:6602,train
synthetic_cloudtrail.csv:6603,train
synthetic_cloudtrail.csv:6604,train
synthetic_cloudtrail.csv:6605,train
synthetic_cloudtrail.csv:6606,train
synthetic_cloudtrail.csv:6607,train
synthetic_cloudtrail.csv:6608,train
synthetic_cloudtrail.csv:6609,train
synthetic_cloudtrail.csv:6610,train
synthetic_cloudtrail.csv:6611,train
synthetic_cloudtrail.csv:6612,train
synthetic_cloudtrail.csv:6613,train
synthetic_cloudtrail.csv:6614,train
synthetic_cloudtrail.csv:6615,train
synthetic_cloudtrail.csv:6616,train
synthetic_cloudtrail.csv:6617,train
synthetic_cloudtrail.csv:6618,train
synthetic_cloudtrail.csv:6619,train
synthetic_cloudtrail.csv:6620,train
synthetic_cloudtrail.csv:6621,train
synthetic_cloudtrail.csv:6622,val
synthetic_cloudtrail.csv:6623,val
synthetic_cloudtrail.csv:6624,val
synthetic_cloudtrail.csv:6625,val
synthetic_cloudtrail.csv:6626,val
synthetic_cloudtrail.csv:6627,val
synthetic_cloudtrail.csv:6628,val
synthetic_cloudtrail.csv:6629,val
synthetic_cloudtrail.csv:6630,val
synthetic_cloudtrail.csv:6631,train
synthetic_cloudtrail.csv:6632,train
synthetic_cloudtrail.csv:6633,train
synthetic_cloudtrail.csv:6634,train
synthetic_cloudtrail.csv:6635,train
synthetic_cloudtrail.csv:6636,train
synthetic_cloudtrail.csv:6637,train
synthetic_cloudtrail.csv:6638,train
synthetic_cloudtrail.csv:6639,train
synthetic_cloudtrail.csv:6640,train
synthetic_cloudtrail.csv:6641,train
synthetic_cloudtrail.csv:6642,train
synthetic_cloudtrail.csv:6643,train
synthetic_cloudtrail.csv:6644,train
synthetic_cloudtrail.csv:6645,train
synthetic_cloudtrail.csv:6646,train
synthetic_cloudtrail.csv:6647,train
synthetic_cloudtrail.csv:6648,train
synthetic_cloudtrail.csv:6649,train
synthetic_cloudtrail.csv:6650,train
synthetic_cloudtrail.csv:6651,train
synthetic_cloudtrail.csv:6652,train
synthetic_cloudtrail.csv:6653,train
synthetic_cloudtrail.csv:6654,train
synthetic_cloudtrail.csv:6655,train
synthetic_cloudtrail.csv:6656,train
synthetic_cloudtrail.csv:6657,train
synthetic_cloudtrail.csv:6658,train
synthetic_cloudtrail.csv:6659,train
synthetic_cloudtrail.csv:6660,train
synthetic_cloudtrail.csv:6661,train
synthetic_cloudtrail.csv:6662,train
synthetic_cloudtrail.csv:6663,train
synthetic_cloudtrail.csv:6664,train
synthetic_cloudtrail.csv:6665,train
synthetic_cloudtrail.csv:6666,train
synthetic_cloudtrail.csv:6667,train
synthetic_cloudtrail.csv:6668,train
synthetic_cloudtrail.csv:6669,train
synthetic_cloudtrail.csv:6670,train
synthetic_cloudtrail.csv:6671,train
synthetic_cloudtrail.csv:6672,train
synthetic_cloudtrail.csv:6673,train
synthetic_cloudtrail.csv:6674,train
synthetic_cloudtrail.csv:6675,train
synthetic_cloudtrail.csv:6676,train
synthetic_cloudtrail.csv:6677,train
synthetic_cloudtrail.csv:6678,train
synthetic_cloudtrail.csv:6679,train
synthetic_cloudtrail.csv:6680,train
synthetic_cloudtrail.csv:6681,train
synthetic_cloudtrail.csv:6682,train
synthetic_cloudtrail.csv:6683,train
synthetic_cloudtrail.csv:6684,train
synthetic_cloudtrail.csv:6685,train
synthetic_cloudtrail.csv:6686,train
synthetic_cloudtrail.csv:6687,train
synthetic_cloudtrail.csv:6688,train
synthetic_cloudtrail.csv:6689,train
synthetic_cloudtrail.csv:6690,train
synthetic_cloudtrail.csv:6691,train
synthetic_cloudtrail.csv:6692,train
synthetic_cloudtrail.csv:6693,train
synthetic_cloudtrail.csv:6694,train
synthetic_cloudtrail.csv:6695,train
synthetic_cloudtrail.csv:6696,train
synthetic_cloudtrail.csv:6697,train
synthetic_cloudtrail.csv:6698,train
synthetic_cloudtrail.csv:6699,train
synthetic_cloudtrail.csv:6700,train
synthetic_cloudtrail.csv:6701,train
synthetic_cloudtrail.csv:6702,train
synthetic_cloudtrail.csv:6703,train
synthetic_cloudtrail.csv:6704,train
synthetic_cloudtrail.csv:6705,train
synthetic_cloudtrail.csv:6706,train
synthetic_cloudtrail.csv:6707,train
synthetic_cloudtrail.csv:6708,train
synthetic_cloudtrail.csv:6709,train
synthetic_cloudtrail.csv:6710,train
synthetic_cloudtrail.csv:6711,train
synthetic_cloudtrail.csv:6712,train
synthetic_cloudtrail.csv:6713,train
synthetic_cloudtrail.csv:6714,train
synthetic_cloudtrail.csv:6715,train
synthetic_cloudtrail.csv:6716,train
synthetic_cloudtrail.csv:6717,train
synthetic_cloudtrail.csv:6718,train
synthetic_cloudtrail.csv:6719,val
synthetic_cloudtrail.csv:6720,val
synthetic_cloudtrail.csv:6721,val
synthetic_cloudtrail.csv:6722,val
synthetic_cloudtrail.csv:6723,val
synthetic_cloudtrail.csv:6724,val
synthetic_cloudtrail.csv:6725,val
synthetic_cloudtrail.csv:6726,val
synthetic_cloudtrail.csv:6727,val
synthetic_cloudtrail.csv:6728,val
synthetic_cloudtrail.csv:6729,val
synthetic_cloudtrail.csv:6730,train
synthetic_cloudtrail.csv:6731,train
synthetic_cloudtrail.csv:6732,val
synthetic_cloudtrail.csv:6733,val
synthetic_cloudtrail.csv:6734,train
synthetic_cloudtrail.csv:6735,val
synthetic_cloudtrail.csv:6736,train
synthetic_cloudtrail.csv:6737,train
synthetic_cloudtrail.csv:6738,train
synthetic_cloudtrail.csv:6739,train
synthetic_cloudtrail.csv:6740,train
synthetic_cloudtrail.csv:6741,train
synthetic_cloudtrail.csv:6742,train
synthetic_cloudtrail.csv:6743,train
synthetic_cloudtrail.csv:6744,train
synthetic_cloudtrail.csv:6745,train
synthetic_cloudtrail.csv:6746,train
synthetic_cloudtrail.csv:6747,train
synthetic_cloudtrail.csv:6748,train
synthetic_cloudtrail.csv:6749,train
synthetic_cloudtrail.csv:6750,train
synthetic_cloudtrail.csv:6751,train
synthetic_cloudtrail.csv:6752,train
synthetic_cloudtrail.csv:6753,train
synthetic_cloudtrail.csv:6754,train
synthetic_cloudtrail.csv:6755,train
synthetic_cloudtrail.csv:6756,train
synthetic_cloudtrail.csv:6757,train
synthetic_cloudtrail.csv:6758,test
synthetic_cloudtrail.csv:6759,test
synthetic_cloudtrail.csv:6760,test
synthetic_cloudtrail.csv:6761,test
synthetic_cloudtrail.csv:6762,test
synthetic_cloudtrail.csv:6763,test
synthetic_cloudtrail.csv:6764,test
synthetic_cloudtrail.csv:6765,test
synthetic_cloudtrail.csv:6766,test
synthetic_cloudtrail.csv:6767,test
synthetic_cloudtrail.csv:6768,test
synthetic_cloudtrail.csv:6769,test
synthetic_cloudtrail.csv:6770,test
synthetic_cloudtrail.csv:6771,test
synthetic_cloudtrail.csv:6772,test
synthetic_cloudtrail.csv:6773,test
synthetic_cloudtrail.csv:6774,test
synthetic_cloudtrail.csv:6775,test
synthetic_cloudtrail.csv:6776,test
synthetic_cloudtrail.csv:6777,test
synthetic_cloudtrail.csv:6778,train
synthetic_cloudtrail.csv:6779,train
synthetic_cloudtrail.csv:6780,train
synthetic_cloudtrail.csv:6781,train
synthetic_cloudtrail.csv:6782,train
synthetic_cloudtrail.csv:6783,train
synthetic_cloudtrail.csv:6784,train
synthetic_cloudtrail.csv:6785,train
synthetic_cloudtrail.csv:6786,train
synthetic_cloudtrail.csv:6787,train
synthetic_cloudtrail.csv:6788,train
synthetic_cloudtrail.csv:6789,train
synthetic_cloudtrail.csv:6790,train
synthetic_cloudtrail.csv:6791,train
synthetic_cloudtrail.csv:6792,train
synthetic_cloudtrail.csv:6793,train
synthetic_cloudtrail.csv:6794,train
synthetic_cloudtrail.csv:6795,train
synthetic_cloudtrail.csv:6796,train
synthetic_cloudtrail.csv:6797,train
synthetic_cloudtrail.csv:6798,train
synthetic_cloudtrail.csv:6799,train
synthetic_cloudtrail.csv:6800,train
synthetic_cloudtrail.csv:6801,train
synthetic_cloudtrail.csv:6802,train
synthetic_cloudtrail.csv:6803,train
synthetic_cloudtrail.csv:6804,train
synthetic_cloudtrail.csv:6805,train
synthetic_cloudtrail.csv:6806,train
synthetic_cloudtrail.csv:6807,train
synthetic_cloudtrail.csv:6808,train
synthetic_cloudtrail.csv:6809,val
synthetic_cloudtrail.csv:6810,train
synthetic_cloudtrail.csv:6811,train
synthetic_cloudtrail.csv:6812,train
synthetic_cloudtrail.csv:6813,val
synthetic_cloudtrail.csv:6814,val
synthetic_cloudtrail.csv:6815,train
synthetic_cloudtrail.csv:6816,train
synthetic_cloudtrail.csv:6817,train
synthetic_cloudtrail.csv:6818,train
synthetic_cloudtrail.csv:6819,train
synthetic_cloudtrail.csv:6820,train
synthetic_cloudtrail.csv:6821,train
synthetic_cloudtrail.csv:6822,train
synthetic_cloudtrail.csv:6823,train
synthetic_cloudtrail.csv:6824,train
synthetic_cloudtrail.csv:6825,train
synthetic_cloudtrail.csv:6826,train
synthetic_cloudtrail.csv:6827,train
synthetic_cloudtrail.csv:6828,train
synthetic_cloudtrail.csv:6829,train
synthetic_cloudtrail.csv:6830,val
synthetic_cloudtrail.csv:6831,train
synthetic_cloudtrail.csv:6832,train
synthetic_cloudtrail.csv:6833,val
synthetic_cloudtrail.csv:6834,train
synthetic_cloudtrail.csv:6835,train
synthetic_cloudtrail.csv:6836,val
synthetic_cloudtrail.csv:6837,val
synthetic_cloudtrail.csv:6838,val
synthetic_cloudtrail.csv:6839,train
synthetic_cloudtrail.csv:6840,val
synthetic_cloudtrail.csv:6841,train
synthetic_cloudtrail.csv:6842,val
synthetic_cloudtrail.csv:6843,train
synthetic_cloudtrail.csv:6844,val
synthetic_cloudtrail.csv:6845,val
synthetic_cloudtrail.csv:6846,train
synthetic_cloudtrail.csv:6847,val
synthetic_cloudtrail.csv:6848,val
synthetic_cloudtrail.csv:6849,train
synthetic_cloudtrail.csv:6850,train
synthetic_cloudtrail.csv:6851,train
synthetic_cloudtrail.csv:6852,train
synthetic_cloudtrail.csv:6853,train
synthetic_cloudtrail.csv:6854,train
synthetic_cloudtrail.csv:6855,val
synthetic_cloudtrail.csv:6856,train
synthetic_cloudtrail.csv:6857,train
synthetic_cloudtrail.csv:6858,train
synthetic_cloudtrail.csv:6859,train
synthetic_cloudtrail.csv:6860,train
synthetic_cloudtrail.csv:6861,train
synthetic_cloudtrail.csv:6862,train
synthetic_cloudtrail.csv:6863,train
synthetic_cloudtrail.csv:6864,train
synthetic_cloudtrail.csv:6865,train
synthetic_cloudtrail.csv:6866,train
synthetic_cloudtrail.csv:6867,train
synthetic_cloudtrail.csv:6868,train
synthetic_cloudtrail.csv:6869,val
synthetic_cloudtrail.csv:6870,train
synthetic_cloudtrail.csv:6871,train
synthetic_cloudtrail.csv:6872,val
synthetic_cloudtrail.csv:6873,train
synthetic_cloudtrail.csv:6874,train
synthetic_cloudtrail.csv:6875,val
synthetic_cloudtrail.csv:6876,val
synthetic_cloudtrail.csv:6877,train
synthetic_cloudtrail.csv:6878,val
synthetic_cloudtrail.csv:6879,val
synthetic_cloudtrail.csv:6880,val
synthetic_cloudtrail.csv:6881,train
synthetic_cloudtrail.csv:6882,train
synthetic_cloudtrail.csv:6883,train
synthetic_cloudtrail.csv:6884,train
synthetic_cloudtrail.csv:6885,train
synthetic_cloudtrail.csv:6886,train
synthetic_cloudtrail.csv:6887,train
synthetic_cloudtrail.csv:6888,train
synthetic_cloudtrail.csv:6889,train
synthetic_cloudtrail.csv:6890,train
synthetic_cloudtrail.csv:6891,train
synthetic_cloudtrail.csv:6892,train
synthetic_cloudtrail.csv:6893,train
synthetic_cloudtrail.csv:6894,train
synthetic_cloudtrail.csv:6895,train
synthetic_cloudtrail.csv:6896,train
synthetic_cloudtrail.csv:6897,train
synthetic_cloudtrail.csv:6898,train
synthetic_cloudtrail.csv:6899,train
synthetic_cloudtrail.csv:6900,train
synthetic_cloudtrail.csv:6901,val
synthetic_cloudtrail.csv:6902,val
synthetic_cloudtrail.csv:6903,val
synthetic_cloudtrail.csv:6904,val
synthetic_cloudtrail.csv:6905,val
synthetic_cloudtrail.csv:6906,train
synthetic_cloudtrail.csv:6907,train
synthetic_cloudtrail.csv:6908,train
synthetic_cloudtrail.csv:6909,train
synthetic_cloudtrail.csv:6910,train
synthetic_cloudtrail.csv:6911,train
synthetic_cloudtrail.csv:6912,train
synthetic_cloudtrail.csv:6913,train
synthetic_cloudtrail.csv:6914,train
synthetic_cloudtrail.csv:6915,train
synthetic_cloudtrail.csv:6916,train
synthetic_cloudtrail.csv:6917,train
synthetic_cloudtrail.csv:6918,train
synthetic_cloudtrail.csv:6919,train
synthetic_cloudtrail.csv:6920,train
synthetic_cloudtrail.csv:6921,train
synthetic_cloudtrail.csv:6922,train
synthetic_cloudtrail.csv:6923,train
synthetic_cloudtrail.csv:6924,train
synthetic_cloudtrail.csv:6925,train
synthetic_cloudtrail.csv:6926,train
synthetic_cloudtrail.csv:6927,train
synthetic_cloudtrail.csv:6928,train
synthetic_cloudtrail.csv:6929,train
synthetic_cloudtrail.csv:6930,train
synthetic_cloudtrail.csv:6931,train
synthetic_cloudtrail.csv:6932,train
synthetic_cloudtrail.csv:6933,train
synthetic_cloudtrail.csv:6934,train
synthetic_cloudtrail.csv:6935,train
synthetic_cloudtrail.csv:6936,train
synthetic_cloudtrail.csv:6937,train
synthetic_cloudtrail.csv:6938,train
synthetic_cloudtrail.csv:6939,train
synthetic_cloudtrail.csv:6940,train
synthetic_cloudtrail.csv:6941,train
synthetic_cloudtrail.csv:6942,val
synthetic_cloudtrail.csv:6943,train
synthetic_cloudtrail.csv:6944,val
synthetic_cloudtrail.csv:6945,val
synthetic_cloudtrail.csv:6946,train
synthetic_cloudtrail.csv:6947,val
synthetic_cloudtrail.csv:6948,train
synthetic_cloudtrail.csv:6949,val
synthetic_cloudtrail.csv:6950,val
synthetic_cloudtrail.csv:6951,val
synthetic_cloudtrail.csv:6952,val
synthetic_cloudtrail.csv:6953,val
synthetic_cloudtrail.csv:6954,val
synthetic_cloudtrail.csv:6955,val
synthetic_cloudtrail.csv:6956,train
synthetic_cloudtrail.csv:6957,train
synthetic_cloudtrail.csv:6958,val
synthetic_cloudtrail.csv:6959,train
synthetic_cloudtrail.csv:6960,val
synthetic_cloudtrail.csv:6961,val
synthetic_cloudtrail.csv:6962,train
synthetic_cloudtrail.csv:6963,val
synthetic_cloudtrail.csv:6964,train
synthetic_cloudtrail.csv:6965,val
synthetic_cloudtrail.csv:6966,train
synthetic_cloudtrail.csv:6967,val
synthetic_cloudtrail.csv:6968,val
synthetic_cloudtrail.csv:6969,val
synthetic_cloudtrail.csv:6970,train
synthetic_cloudtrail.csv:6971,train
synthetic_cloudtrail.csv:6972,train
synthetic_cloudtrail.csv:6973,val
synthetic_cloudtrail.csv:6974,train
synthetic_cloudtrail.csv:6975,val
synthetic_cloudtrail.csv:6976,val
synthetic_cloudtrail.csv:6977,val
synthetic_cloudtrail.csv:6978,test
synthetic_cloudtrail.csv:6979,test
synthetic_cloudtrail.csv:6980,train
synthetic_cloudtrail.csv:6981,test
synthetic_cloudtrail.csv:6982,test
synthetic_cloudtrail.csv:6983,train
synthetic_cloudtrail.csv:6984,test
synthetic_cloudtrail.csv:6985,test
synthetic_cloudtrail.csv:6986,test
synthetic_cloudtrail.csv:6987,train
synthetic_cloudtrail.csv:6988,test
synthetic_cloudtrail.csv:6989,train
synthetic_cloudtrail.csv:6990,train
synthetic_cloudtrail.csv:6991,test
synthetic_cloudtrail.csv:6992,train
synthetic_cloudtrail.csv:6993,test
synthetic_cloudtrail.csv:6994,train
synthetic_cloudtrail.csv:6995,train
synthetic_cloudtrail.csv:6996,train
synthetic_cloudtrail.csv:6997,train
synthetic_cloudtrail.csv:6998,train
synthetic_cloudtrail.csv:6999,train
synthetic_cloudtrail.csv:7000,train
synthetic_cloudtrail.csv:7001,train
synthetic_cloudtrail.csv:7002,train
synthetic_cloudtrail.csv:7003,test
synthetic_cloudtrail.csv:7004,test
synthetic_cloudtrail.csv:7005,test
synthetic_cloudtrail.csv:7006,test
synthetic_cloudtrail.csv:7007,test
synthetic_cloudtrail.csv:7008,test
synthetic_cloudtrail.csv:7009,test
synthetic_cloudtrail.csv:7010,test
synthetic_cloudtrail.csv:7011,test
synthetic_cloudtrail.csv:7012,test
synthetic_cloudtrail.csv:7013,test
synthetic_cloudtrail.csv:7014,test
synthetic_cloudtrail.csv:7015,test
synthetic_cloudtrail.csv:7016,test
synthetic_cloudtrail.csv:7017,test
synthetic_cloudtrail.csv:7018,test
synthetic_cloudtrail.csv:7019,test
synthetic_cloudtrail.csv:7020,test
synthetic_cloudtrail.csv:7021,test
synthetic_cloudtrail.csv:7022,val
synthetic_cloudtrail.csv:7023,train
synthetic_cloudtrail.csv:7024,val
synthetic_cloudtrail.csv:7025,val
synthetic_cloudtrail.csv:7026,val
synthetic_cloudtrail.csv:7027,val
synthetic_cloudtrail.csv:7028,val
synthetic_cloudtrail.csv:7029,train
synthetic_cloudtrail.csv:7030,val
synthetic_cloudtrail.csv:7031,train
synthetic_cloudtrail.csv:7032,train
synthetic_cloudtrail.csv:7033,train
synthetic_cloudtrail.csv:7034,train
synthetic_cloudtrail.csv:7035,train
synthetic_cloudtrail.csv:7036,train
synthetic_cloudtrail.csv:7037,train
synthetic_cloudtrail.csv:7038,train
synthetic_cloudtrail.csv:7039,train
synthetic_cloudtrail.csv:7040,train
synthetic_cloudtrail.csv:7041,val
synthetic_cloudtrail.csv:7042,train
synthetic_cloudtrail.csv:7043,val
synthetic_cloudtrail.csv:7044,train
synthetic_cloudtrail.csv:7045,val
synthetic_cloudtrail.csv:7046,val
synthetic_cloudtrail.csv:7047,val
synthetic_cloudtrail.csv:7048,val
synthetic_cloudtrail.csv:7049,val
synthetic_cloudtrail.csv:7050,val
synthetic_cloudtrail.csv:7051,val
synthetic_cloudtrail.csv:7052,val
synthetic_cloudtrail.csv:7053,train
synthetic_cloudtrail.csv:7054,train
synthetic_cloudtrail.csv:7055,train
synthetic_cloudtrail.csv:7056,train
synthetic_cloudtrail.csv:7057,train
synthetic_cloudtrail.csv:7058,train
synthetic_cloudtrail.csv:7059,train
synthetic_cloudtrail.csv:7060,train
synthetic_cloudtrail.csv:7061,train
synthetic_cloudtrail.csv:7062,train
synthetic_cloudtrail.csv:7063,train
synthetic_cloudtrail.csv:7064,train
synthetic_cloudtrail.csv:7065,train
synthetic_cloudtrail.csv:7066,train
synthetic_cloudtrail.csv:7067,train
synthetic_cloudtrail.csv:7068,train
synthetic_cloudtrail.csv:7069,train
synthetic_cloudtrail.csv:7070,train
synthetic_cloudtrail.csv:7071,train
synthetic_cloudtrail.csv:7072,train
synthetic_cloudtrail.csv:7073,train
synthetic_cloudtrail.csv:7074,val
synthetic_cloudtrail.csv:7075,train
synthetic_cloudtrail.csv:7076,val
synthetic_cloudtrail.csv:7077,val
synthetic_cloudtrail.csv:7078,val
synthetic_cloudtrail.csv:7079,val
synthetic_cloudtrail.csv:7080,train
synthetic_cloudtrail.csv:7081,train
synthetic_cloudtrail.csv:7082,val
synthetic_cloudtrail.csv:7083,val
synthetic_cloudtrail.csv:7084,train
synthetic_cloudtrail.csv:7085,val
synthetic_cloudtrail.csv:7086,train
synthetic_cloudtrail.csv:7087,train
synthetic_cloudtrail.csv:7088,train
synthetic_cloudtrail.csv:7089,train
synthetic_cloudtrail.csv:7090,train
synthetic_cloudtrail.csv:7091,train
synthetic_cloudtrail.csv:7092,train
synthetic_cloudtrail.csv:7093,train
synthetic_cloudtrail.csv:7094,train
synthetic_cloudtrail.csv:7095,train
synthetic_cloudtrail.csv:7096,train
synthetic_cloudtrail.csv:7097,train
synthetic_cloudtrail.csv:7098,train
synthetic_cloudtrail.csv:7099,train
synthetic_cloudtrail.csv:7100,train
synthetic_cloudtrail.csv:7101,train
synthetic_cloudtrail.csv:7102,train
synthetic_cloudtrail.csv:7103,val
synthetic_cloudtrail.csv:7104,train
synthetic_cloudtrail.csv:7105,train
synthetic_cloudtrail.csv:7106,train
synthetic_cloudtrail.csv:7107,train
synthetic_cloudtrail.csv:7108,train
synthetic_cloudtrail.csv:7109,train
synthetic_cloudtrail.csv:7110,train
synthetic_cloudtrail.csv:7111,train
synthetic_cloudtrail.csv:7112,train
synthetic_cloudtrail.csv:7113,train
synthetic_cloudtrail.csv:7114,train
synthetic_cloudtrail.csv:7115,train
synthetic_cloudtrail.csv:7116,train
synthetic_cloudtrail.csv:7117,train
synthetic_cloudtrail.csv:7118,train
synthetic_cloudtrail.csv:7119,train
synthetic_cloudtrail.csv:7120,train
synthetic_cloudtrail.csv:7121,train
synthetic_cloudtrail.csv:7122,train
synthetic_cloudtrail.csv:7123,train
synthetic_cloudtrail.csv:7124,train
synthetic_cloudtrail.csv:7125,train
synthetic_cloudtrail.csv:7126,train
synthetic_cloudtrail.csv:7127,train
synthetic_cloudtrail.csv:7128,train
synthetic_cloudtrail.csv:7129,train
synthetic_cloudtrail.csv:7130,train
synthetic_cloudtrail.csv:7131,train
synthetic_cloudtrail.csv:7132,val
synthetic_cloudtrail.csv:7133,train
synthetic_cloudtrail.csv:7134,train
synthetic_cloudtrail.csv:7135,val
synthetic_cloudtrail.csv:7136,val
synthetic_cloudtrail.csv:7137,val
synthetic_cloudtrail.csv:7138,train
synthetic_cloudtrail.csv:7139,train
synthetic_cloudtrail.csv:7140,val
synthetic_cloudtrail.csv:7141,val
synthetic_cloudtrail.csv:7142,val
synthetic_cloudtrail.csv:7143,train
synthetic_cloudtrail.csv:7144,train
synthetic_cloudtrail.csv:7145,val
synthetic_cloudtrail.csv:7146,train
synthetic_cloudtrail.csv:7147,train
synthetic_cloudtrail.csv:7148,train
synthetic_cloudtrail.csv:7149,train
synthetic_cloudtrail.csv:7150,train
synthetic_cloudtrail.csv:7151,train
synthetic_cloudtrail.csv:7152,train
synthetic_cloudtrail.csv:7153,train
synthetic_cloudtrail.csv:7154,train
synthetic_cloudtrail.csv:7155,train
synthetic_cloudtrail.csv:7156,train
synthetic_cloudtrail.csv:7157,train
synthetic_cloudtrail.csv:7158,train
synthetic_cloudtrail.csv:7159,train
synthetic_cloudtrail.csv:7160,train
synthetic_cloudtrail.csv:7161,train
synthetic_cloudtrail.csv:7162,train
synthetic_cloudtrail.csv:7163,train
synthetic_cloudtrail.csv:7164,train
synthetic_cloudtrail.csv:7165,train
synthetic_cloudtrail.csv:7166,train
synthetic_cloudtrail.csv:7167,train
synthetic_cloudtrail.csv:7168,train
synthetic_cloudtrail.csv:7169,train
synthetic_cloudtrail.csv:7170,train
synthetic_cloudtrail.csv:7171,train
synthetic_cloudtrail.csv:7172,train
synthetic_cloudtrail.csv:7173,train
synthetic_cloudtrail.csv:7174,train
synthetic_cloudtrail.csv:7175,train
synthetic_cloudtrail.csv:7176,train
synthetic_cloudtrail.csv:7177,train
synthetic_cloudtrail.csv:7178,train
synthetic_cloudtrail.csv:7179,train
synthetic_cloudtrail.csv:7180,train
synthetic_cloudtrail.csv:7181,train
synthetic_cloudtrail.csv:7182,train
synthetic_cloudtrail.csv:7183,train
synthetic_cloudtrail.csv:7184,train
synthetic_cloudtrail.csv:7185,train
synthetic_cloudtrail.csv:7186,train
synthetic_cloudtrail.csv:7187,train
synthetic_cloudtrail.csv:7188,train
synthetic_cloudtrail.csv:7189,train
synthetic_cloudtrail.csv:7190,train
synthetic_cloudtrail.csv:7191,train
synthetic_cloudtrail.csv:7192,train
synthetic_cloudtrail.csv:7193,train
synthetic_cloudtrail.csv:7194,train
synthetic_cloudtrail.csv:7195,train
synthetic_cloudtrail.csv:7196,train
synthetic_cloudtrail.csv:7197,train
synthetic_cloudtrail.csv:7198,train
synthetic_cloudtrail.csv:7199,train
synthetic_cloudtrail.csv:7200,train
synthetic_cloudtrail.csv:7201,train
synthetic_cloudtrail.csv:7202,train
synthetic_cloudtrail.csv:7203,train
synthetic_cloudtrail.csv:7204,train
synthetic_cloudtrail.csv:7205,train
synthetic_cloudtrail.csv:7206,train
synthetic_cloudtrail.csv:7207,train
synthetic_cloudtrail.csv:7208,train
synthetic_cloudtrail.csv:7209,train
synthetic_cloudtrail.csv:7210,train
synthetic_cloudtrail.csv:7211,train
synthetic_cloudtrail.csv:7212,train
synthetic_cloudtrail.csv:7213,train
synthetic_cloudtrail.csv:7214,train
synthetic_cloudtrail.csv:7215,train
synthetic_cloudtrail.csv:7216,train
synthetic_cloudtrail.csv:7217,train
synthetic_cloudtrail.csv:7218,val
synthetic_cloudtrail.csv:7219,train
synthetic_cloudtrail.csv:7220,train
synthetic_cloudtrail.csv:7221,val
synthetic_cloudtrail.csv:7222,train
synthetic_cloudtrail.csv:7223,val
synthetic_cloudtrail.csv:7224,val
synthetic_cloudtrail.csv:7225,val
synthetic_cloudtrail.csv:7226,train
synthetic_cloudtrail.csv:7227,train
synthetic_cloudtrail.csv:7228,val
synthetic_cloudtrail.csv:7229,train
synthetic_cloudtrail.csv:7230,test
synthetic_cloudtrail.csv:7231,test
synthetic_cloudtrail.csv:7232,test
synthetic_cloudtrail.csv:7233,test
synthetic_cloudtrail.csv:7234,test
synthetic_cloudtrail.csv:7235,test
synthetic_cloudtrail.csv:7236,test
synthetic_cloudtrail.csv:7237,test
synthetic_cloudtrail.csv:7238,test
synthetic_cloudtrail.csv:7239,test
synthetic_cloudtrail.csv:7240,test
synthetic_cloudtrail.csv:7241,test
synthetic_cloudtrail.csv:7242,test
synthetic_cloudtrail.csv:7243,test
synthetic_cloudtrail.csv:7244,test
synthetic_cloudtrail.csv:7245,test
synthetic_cloudtrail.csv:7246,test
synthetic_cloudtrail.csv:7247,test
synthetic_cloudtrail.csv:7248,test
synthetic_cloudtrail.csv:7249,test
synthetic_cloudtrail.csv:7250,train
synthetic_cloudtrail.csv:7251,train
synthetic_cloudtrail.csv:7252,train
synthetic_cloudtrail.csv:7253,train
synthetic_cloudtrail.csv:7254,train
synthetic_cloudtrail.csv:7255,train
synthetic_cloudtrail.csv:7256,train
synthetic_cloudtrail.csv:7257,train
synthetic_cloudtrail.csv:7258,train
synthetic_cloudtrail.csv:7259,train
synthetic_cloudtrail.csv:7260,train
synthetic_cloudtrail.csv:7261,train
synthetic_cloudtrail.csv:7262,train
synthetic_cloudtrail.csv:7263,train
synthetic_cloudtrail.csv:7264,test
synthetic_cloudtrail.csv:7265,test
synthetic_cloudtrail.csv:7266,test
synthetic_cloudtrail.csv:7267,test
synthetic_cloudtrail.csv:7268,test
synthetic_cloudtrail.csv:7269,test
synthetic_cloudtrail.csv:7270,test
synthetic_cloudtrail.csv:7271,test
synthetic_cloudtrail.csv:7272,test
synthetic_cloudtrail.csv:7273,test
synthetic_cloudtrail.csv:7274,test
synthetic_cloudtrail.csv:7275,test
synthetic_cloudtrail.csv:7276,test
synthetic_cloudtrail.csv:7277,test
synthetic_cloudtrail.csv:7278,test
synthetic_cloudtrail.csv:7279,test
synthetic_cloudtrail.csv:7280,train
synthetic_cloudtrail.csv:7281,test
synthetic_cloudtrail.csv:7282,test
synthetic_cloudtrail.csv:7283,test
synthetic_cloudtrail.csv:7284,test
synthetic_cloudtrail.csv:7285,val
synthetic_cloudtrail.csv:7286,train
synthetic_cloudtrail.csv:7287,test
synthetic_cloudtrail.csv:7288,val
synthetic_cloudtrail.csv:7289,test
synthetic_cloudtrail.csv:7290,test
synthetic_cloudtrail.csv:7291,test
synthetic_cloudtrail.csv:7292,test
synthetic_cloudtrail.csv:7293,test
synthetic_cloudtrail.csv:7294,val
synthetic_cloudtrail.csv:7295,test
synthetic_cloudtrail.csv:7296,val
synthetic_cloudtrail.csv:7297,val
synthetic_cloudtrail.csv:7298,val
synthetic_cloudtrail.csv:7299,val
synthetic_cloudtrail.csv:7300,train
synthetic_cloudtrail.csv:7301,train
synthetic_cloudtrail.csv:7302,train
synthetic_cloudtrail.csv:7303,train
synthetic_cloudtrail.csv:7304,train
synthetic_cloudtrail.csv:7305,val
synthetic_cloudtrail.csv:7306,val
synthetic_cloudtrail.csv:7307,val
synthetic_cloudtrail.csv:7308,val
synthetic_cloudtrail.csv:7309,val
synthetic_cloudtrail.csv:7310,val
synthetic_cloudtrail.csv:7311,val
synthetic_cloudtrail.csv:7312,val
synthetic_cloudtrail.csv:7313,val
synthetic_cloudtrail.csv:7314,val
synthetic_cloudtrail.csv:7315,val
synthetic_cloudtrail.csv:7316,val
synthetic_cloudtrail.csv:7317,val
synthetic_cloudtrail.csv:7318,val
synthetic_cloudtrail.csv:7319,val
synthetic_cloudtrail.csv:7320,val
synthetic_cloudtrail.csv:7321,val
synthetic_cloudtrail.csv:7322,val
synthetic_cloudtrail.csv:7323,test
synthetic_cloudtrail.csv:7324,test
synthetic_cloudtrail.csv:7325,test
synthetic_cloudtrail.csv:7326,test
synthetic_cloudtrail.csv:7327,test
synthetic_cloudtrail.csv:7328,test
synthetic_cloudtrail.csv:7329,test
synthetic_cloudtrail.csv:7330,test
synthetic_cloudtrail.csv:7331,test
synthetic_cloudtrail.csv:7332,test
synthetic_cloudtrail.csv:7333,test
synthetic_cloudtrail.csv:7334,test
synthetic_cloudtrail.csv:7335,test
synthetic_cloudtrail.csv:7336,test
synthetic_cloudtrail.csv:7337,test
synthetic_cloudtrail.csv:7338,test
synthetic_cloudtrail.csv:7339,test
synthetic_cloudtrail.csv:7340,test
synthetic_cloudtrail.csv:7341,test
synthetic_cloudtrail.csv:7342,train
synthetic_cloudtrail.csv:7343,train
synthetic_cloudtrail.csv:7344,train
synthetic_cloudtrail.csv:7345,train
synthetic_cloudtrail.csv:7346,train
synthetic_cloudtrail.csv:7347,train
synthetic_cloudtrail.csv:7348,train
synthetic_cloudtrail.csv:7349,train
synthetic_cloudtrail.csv:7350,train
synthetic_cloudtrail.csv:7351,train
synthetic_cloudtrail.csv:7352,train
synthetic_cloudtrail.csv:7353,train
synthetic_cloudtrail.csv:7354,val
synthetic_cloudtrail.csv:7355,train
synthetic_cloudtrail.csv:7356,train
synthetic_cloudtrail.csv:7357,train
synthetic_cloudtrail.csv:7358,val
synthetic_cloudtrail.csv:7359,val
synthetic_cloudtrail.csv:7360,train
synthetic_cloudtrail.csv:7361,train
synthetic_cloudtrail.csv:7362,train
synthetic_cloudtrail.csv:7363,train
synthetic_cloudtrail.csv:7364,val
synthetic_cloudtrail.csv:7365,val
synthetic_cloudtrail.csv:7366,val
synthetic_cloudtrail.csv:7367,val
synthetic_cloudtrail.csv:7368,val
synthetic_cloudtrail.csv:7369,train
synthetic_cloudtrail.csv:7370,train
synthetic_cloudtrail.csv:7371,train
synthetic_cloudtrail.csv:7372,train
synthetic_cloudtrail.csv:7373,train
synthetic_cloudtrail.csv:7374,train
synthetic_cloudtrail.csv:7375,train
synthetic_cloudtrail.csv:7376,train
synthetic_cloudtrail.csv:7377,train
synthetic_cloudtrail.csv:7378,train
synthetic_cloudtrail.csv:7379,train
synthetic_cloudtrail.csv:7380,train
synthetic_cloudtrail.csv:7381,train
synthetic_cloudtrail.csv:7382,train
synthetic_cloudtrail.csv:7383,train
synthetic_cloudtrail.csv:7384,train
synthetic_cloudtrail.csv:7385,train
synthetic_cloudtrail.csv:7386,train
synthetic_cloudtrail.csv:7387,train
synthetic_cloudtrail.csv:7388,train
synthetic_cloudtrail.csv:7389,val
synthetic_cloudtrail.csv:7390,train
synthetic_cloudtrail.csv:7391,train
synthetic_cloudtrail.csv:7392,train
synthetic_cloudtrail.csv:7393,val
synthetic_cloudtrail.csv:7394,val
synthetic_cloudtrail.csv:7395,val
synthetic_cloudtrail.csv:7396,val
synthetic_cloudtrail.csv:7397,train
synthetic_cloudtrail.csv:7398,train
synthetic_cloudtrail.csv:7399,train
synthetic_cloudtrail.csv:7400,train
synthetic_cloudtrail.csv:7401,train
synthetic_cloudtrail.csv:7402,train
synthetic_cloudtrail.csv:7403,train
synthetic_cloudtrail.csv:7404,train
synthetic_cloudtrail.csv:7405,train
synthetic_cloudtrail.csv:7406,train
synthetic_cloudtrail.csv:7407,train
synthetic_cloudtrail.csv:7408,train
synthetic_cloudtrail.csv:7409,train
synthetic_cloudtrail.csv:7410,train
synthetic_cloudtrail.csv:7411,val
synthetic_cloudtrail.csv:7412,train
synthetic_cloudtrail.csv:7413,train
synthetic_cloudtrail.csv:7414,val
synthetic_cloudtrail.csv:7415,val
synthetic_cloudtrail.csv:7416,train
synthetic_cloudtrail.csv:7417,train
synthetic_cloudtrail.csv:7418,val
synthetic_cloudtrail.csv:7419,val
synthetic_cloudtrail.csv:7420,train
synthetic_cloudtrail.csv:7421,train
synthetic_cloudtrail.csv:7422,train
synthetic_cloudtrail.csv:7423,train
synthetic_cloudtrail.csv:7424,train
synthetic_cloudtrail.csv:7425,train
synthetic_cloudtrail.csv:7426,train
synthetic_cloudtrail.csv:7427,train
synthetic_cloudtrail.csv:7428,train
synthetic_cloudtrail.csv:7429,train
synthetic_cloudtrail.csv:7430,train
synthetic_cloudtrail.csv:7431,train
synthetic_cloudtrail.csv:7432,train
synthetic_cloudtrail.csv:7433,train
synthetic_cloudtrail.csv:7434,train
synthetic_cloudtrail.csv:7435,train
synthetic_cloudtrail.csv:7436,train
synthetic_cloudtrail.csv:7437,train
synthetic_cloudtrail.csv:7438,train
synthetic_cloudtrail.csv:7439,train
synthetic_cloudtrail.csv:7440,train
synthetic_cloudtrail.csv:7441,train
synthetic_cloudtrail.csv:7442,train
synthetic_cloudtrail.csv:7443,train
synthetic_cloudtrail.csv:7444,train
synthetic_cloudtrail.csv:7445,val
synthetic_cloudtrail.csv:7446,train
synthetic_cloudtrail.csv:7447,train
synthetic_cloudtrail.csv:7448,val
synthetic_cloudtrail.csv:7449,val
synthetic_cloudtrail.csv:7450,val
synthetic_cloudtrail.csv:7451,val
synthetic_cloudtrail.csv:7452,train
synthetic_cloudtrail.csv:7453,val
synthetic_cloudtrail.csv:7454,val
synthetic_cloudtrail.csv:7455,train
synthetic_cloudtrail.csv:7456,val
synthetic_cloudtrail.csv:7457,train
synthetic_cloudtrail.csv:7458,train
synthetic_cloudtrail.csv:7459,train
synthetic_cloudtrail.csv:7460,train
synthetic_cloudtrail.csv:7461,train
synthetic_cloudtrail.csv:7462,train
synthetic_cloudtrail.csv:7463,train
synthetic_cloudtrail.csv:7464,train
synthetic_cloudtrail.csv:7465,val
synthetic_cloudtrail.csv:7466,train
synthetic_cloudtrail.csv:7467,train
synthetic_cloudtrail.csv:7468,train
synthetic_cloudtrail.csv:7469,train
synthetic_cloudtrail.csv:7470,train
synthetic_cloudtrail.csv:7471,train
synthetic_cloudtrail.csv:7472,train
synthetic_cloudtrail.csv:7473,train
synthetic_cloudtrail.csv:7474,train
synthetic_cloudtrail.csv:7475,train
synthetic_cloudtrail.csv:7476,train
synthetic_cloudtrail.csv:7477,train
synthetic_cloudtrail.csv:7478,train
synthetic_cloudtrail.csv:7479,train
synthetic_cloudtrail.csv:7480,val
synthetic_cloudtrail.csv:7481,train
synthetic_cloudtrail.csv:7482,val
synthetic_cloudtrail.csv:7483,val
synthetic_cloudtrail.csv:7484,val
synthetic_cloudtrail.csv:7485,train
synthetic_cloudtrail.csv:7486,val
synthetic_cloudtrail.csv:7487,train
synthetic_cloudtrail.csv:7488,train
synthetic_cloudtrail.csv:7489,train
synthetic_cloudtrail.csv:7490,train
synthetic_cloudtrail.csv:7491,train
synthetic_cloudtrail.csv:7492,train
synthetic_cloudtrail.csv:7493,train
synthetic_cloudtrail.csv:7494,train
synthetic_cloudtrail.csv:7495,train
synthetic_cloudtrail.csv:7496,train
synthetic_cloudtrail.csv:7497,train
synthetic_cloudtrail.csv:7498,train
synthetic_cloudtrail.csv:7499,train
synthetic_cloudtrail.csv:7500,train
synthetic_cloudtrail.csv:7501,train
synthetic_cloudtrail.csv:7502,train
synthetic_cloudtrail.csv:7503,train
synthetic_cloudtrail.csv:7504,train
synthetic_cloudtrail.csv:7505,train
synthetic_cloudtrail.csv:7506,train
synthetic_cloudtrail.csv:7507,train
synthetic_cloudtrail.csv:7508,train
synthetic_cloudtrail.csv:7509,train
synthetic_cloudtrail.csv:7510,train
synthetic_cloudtrail.csv:7511,train
synthetic_cloudtrail.csv:7512,train
synthetic_cloudtrail.csv:7513,train
synthetic_cloudtrail.csv:7514,val
synthetic_cloudtrail.csv:7515,train
synthetic_cloudtrail.csv:7516,train
synthetic_cloudtrail.csv:7517,train
synthetic_cloudtrail.csv:7518,train
synthetic_cloudtrail.csv:7519,train
synthetic_cloudtrail.csv:7520,val
synthetic_cloudtrail.csv:7521,val
synthetic_cloudtrail.csv:7522,train
synthetic_cloudtrail.csv:7523,train
synthetic_cloudtrail.csv:7524,train
synthetic_cloudtrail.csv:7525,train
synthetic_cloudtrail.csv:7526,train
synthetic_cloudtrail.csv:7527,train
synthetic_cloudtrail.csv:7528,train
synthetic_cloudtrail.csv:7529,train
synthetic_cloudtrail.csv:7530,train
synthetic_cloudtrail.csv:7531,train
synthetic_cloudtrail.csv:7532,train
synthetic_cloudtrail.csv:7533,train
synthetic_cloudtrail.csv:7534,train
synthetic_cloudtrail.csv:7535,val
synthetic_cloudtrail.csv:7536,val
synthetic_cloudtrail.csv:7537,val
synthetic_cloudtrail.csv:7538,val
synthetic_cloudtrail.csv:7539,val
synthetic_cloudtrail.csv:7540,val
synthetic_cloudtrail.csv:7541,val
synthetic_cloudtrail.csv:7542,val
synthetic_cloudtrail.csv:7543,val
synthetic_cloudtrail.csv:7544,val
synthetic_cloudtrail.csv:7545,val
synthetic_cloudtrail.csv:7546,val
synthetic_cloudtrail.csv:7547,val
synthetic_cloudtrail.csv:7548,val
synthetic_cloudtrail.csv:7549,val
synthetic_cloudtrail.csv:7550,val
synthetic_cloudtrail.csv:7551,val
synthetic_cloudtrail.csv:7552,val
synthetic_cloudtrail.csv:7553,val
synthetic_cloudtrail.csv:7554,val
synthetic_cloudtrail.csv:7555,val
synthetic_cloudtrail.csv:7556,val
synthetic_cloudtrail.csv:7557,val
synthetic_cloudtrail.csv:7558,val
synthetic_cloudtrail.csv:7559,val
synthetic_cloudtrail.csv:7560,val
synthetic_cloudtrail.csv:7561,val
synthetic_cloudtrail.csv:7562,train
synthetic_cloudtrail.csv:7563,train
synthetic_cloudtrail.csv:7564,train
synthetic_cloudtrail.csv:7565,train
synthetic_cloudtrail.csv:7566,train
synthetic_cloudtrail.csv:7567,train
synthetic_cloudtrail.csv:7568,train
synthetic_cloudtrail.csv:7569,train
synthetic_cloudtrail.csv:7570,train
synthetic_cloudtrail.csv:7571,train
synthetic_cloudtrail.csv:7572,train
synthetic_cloudtrail.csv:7573,train
synthetic_cloudtrail.csv:7574,train
synthetic_cloudtrail.csv:7575,train
synthetic_cloudtrail.csv:7576,train
synthetic_cloudtrail.csv:7577,train
synthetic_cloudtrail.csv:7578,train
synthetic_cloudtrail.csv:7579,train
synthetic_cloudtrail.csv:7580,train
synthetic_cloudtrail.csv:7581,train
synthetic_cloudtrail.csv:7582,train
synthetic_cloudtrail.csv:7583,train
synthetic_cloudtrail.csv:7584,train
synthetic_cloudtrail.csv:7585,train
synthetic_cloudtrail.csv:7586,train
synthetic_cloudtrail.csv:7587,train
synthetic_cloudtrail.csv:7588,train
synthetic_cloudtrail.csv:7589,train
synthetic_cloudtrail.csv:7590,train
synthetic_cloudtrail.csv:7591,train
synthetic_cloudtrail.csv:7592,train
synthetic_cloudtrail.csv:7593,train
synthetic_cloudtrail.csv:7594,train
synthetic_cloudtrail.csv:7595,train
synthetic_cloudtrail.csv:7596,val
synthetic_cloudtrail.csv:7597,train
synthetic_cloudtrail.csv:7598,train
synthetic_cloudtrail.csv:7599,val
synthetic_cloudtrail.csv:7600,val
synthetic_cloudtrail.csv:7601,train
synthetic_cloudtrail.csv:7602,val
synthetic_cloudtrail.csv:7603,val
synthetic_cloudtrail.csv:7604,train
synthetic_cloudtrail.csv:7605,train
synthetic_cloudtrail.csv:7606,train
synthetic_cloudtrail.csv:7607,train
synthetic_cloudtrail.csv:7608,train
synthetic_cloudtrail.csv:7609,train
synthetic_cloudtrail.csv:7610,train
synthetic_cloudtrail.csv:7611,train
synthetic_cloudtrail.csv:7612,train
synthetic_cloudtrail.csv:7613,val
synthetic_cloudtrail.csv:7614,val
synthetic_cloudtrail.csv:7615,val
synthetic_cloudtrail.csv:7616,val
synthetic_cloudtrail.csv:7617,val
synthetic_cloudtrail.csv:7618,val
synthetic_cloudtrail.csv:7619,val
synthetic_cloudtrail.csv:7620,val
synthetic_cloudtrail.csv:7621,train
synthetic_cloudtrail.csv:7622,train
synthetic_cloudtrail.csv:7623,train
synthetic_cloudtrail.csv:7624,train
synthetic_cloudtrail.csv:7625,train
synthetic_cloudtrail.csv:7626,train
synthetic_cloudtrail.csv:7627,train
synthetic_cloudtrail.csv:7628,train
synthetic_cloudtrail.csv:7629,train
synthetic_cloudtrail.csv:7630,train
synthetic_cloudtrail.csv:7631,train
synthetic_cloudtrail.csv:7632,train
synthetic_cloudtrail.csv:7633,train
synthetic_cloudtrail.csv:7634,train
synthetic_cloudtrail.csv:7635,train
synthetic_cloudtrail.csv:7636,train
synthetic_cloudtrail.csv:7637,train
synthetic_cloudtrail.csv:7638,train
synthetic_cloudtrail.csv:7639,train
synthetic_cloudtrail.csv:7640,train
synthetic_cloudtrail.csv:7641,train
synthetic_cloudtrail.csv:7642,train
synthetic_cloudtrail.csv:7643,train
synthetic_cloudtrail.csv:7644,train
synthetic_cloudtrail.csv:7645,train
synthetic_cloudtrail.csv:7646,train
synthetic_cloudtrail.csv:7647,train
synthetic_cloudtrail.csv:7648,train
synthetic_cloudtrail.csv:7649,train
synthetic_cloudtrail.csv:7650,train
synthetic_cloudtrail.csv:7651,val
synthetic_cloudtrail.csv:7652,val
synthetic_cloudtrail.csv:7653,val
synthetic_cloudtrail.csv:7654,val
synthetic_cloudtrail.csv:7655,val
synthetic_cloudtrail.csv:7656,val
synthetic_cloudtrail.csv:7657,val
synthetic_cloudtrail.csv:7658,val
synthetic_cloudtrail.csv:7659,val
synthetic_cloudtrail.csv:7660,val
synthetic_cloudtrail.csv:7661,val
synthetic_cloudtrail.csv:7662,val
synthetic_cloudtrail.csv:7663,val
synthetic_cloudtrail.csv:7664,val
synthetic_cloudtrail.csv:7665,val
synthetic_cloudtrail.csv:7666,val
synthetic_cloudtrail.csv:7667,val
synthetic_cloudtrail.csv:7668,train
synthetic_cloudtrail.csv:7669,train
synthetic_cloudtrail.csv:7670,train
synthetic_cloudtrail.csv:7671,train
synthetic_cloudtrail.csv:7672,val
synthetic_cloudtrail.csv:7673,val
synthetic_cloudtrail.csv:7674,train
synthetic_cloudtrail.csv:7675,val
synthetic_cloudtrail.csv:7676,val
synthetic_cloudtrail.csv:7677,train
synthetic_cloudtrail.csv:7678,val
synthetic_cloudtrail.csv:7679,train
synthetic_cloudtrail.csv:7680,test
synthetic_cloudtrail.csv:7681,test
synthetic_cloudtrail.csv:7682,test
synthetic_cloudtrail.csv:7683,test
synthetic_cloudtrail.csv:7684,test
synthetic_cloudtrail.csv:7685,test
synthetic_cloudtrail.csv:7686,test
synthetic_cloudtrail.csv:7687,test
synthetic_cloudtrail.csv:7688,test
synthetic_cloudtrail.csv:7689,test
synthetic_cloudtrail.csv:7690,test
synthetic_cloudtrail.csv:7691,test
synthetic_cloudtrail.csv:7692,test
synthetic_cloudtrail.csv:7693,train
synthetic_cloudtrail.csv:7694,train
synthetic_cloudtrail.csv:7695,train
synthetic_cloudtrail.csv:7696,train
synthetic_cloudtrail.csv:7697,train
synthetic_cloudtrail.csv:7698,train
synthetic_cloudtrail.csv:7699,train
synthetic_cloudtrail.csv:7700,train
synthetic_cloudtrail.csv:7701,train
synthetic_cloudtrail.csv:7702,train
synthetic_cloudtrail.csv:7703,val
synthetic_cloudtrail.csv:7704,train
synthetic_cloudtrail.csv:7705,val
synthetic_cloudtrail.csv:7706,val
synthetic_cloudtrail.csv:7707,val
synthetic_cloudtrail.csv:7708,train
synthetic_cloudtrail.csv:7709,test
synthetic_cloudtrail.csv:7710,test
synthetic_cloudtrail.csv:7711,test
synthetic_cloudtrail.csv:7712,test
synthetic_cloudtrail.csv:7713,test
synthetic_cloudtrail.csv:7714,test
synthetic_cloudtrail.csv:7715,test
synthetic_cloudtrail.csv:7716,test
synthetic_cloudtrail.csv:7717,val
synthetic_cloudtrail.csv:7718,train
synthetic_cloudtrail.csv:7719,train
synthetic_cloudtrail.csv:7720,train
synthetic_cloudtrail.csv:7721,train
synthetic_cloudtrail.csv:7722,val
synthetic_cloudtrail.csv:7723,val
synthetic_cloudtrail.csv:7724,train
synthetic_cloudtrail.csv:7725,val
synthetic_cloudtrail.csv:7726,train
synthetic_cloudtrail.csv:7727,val
synthetic_cloudtrail.csv:7728,val
synthetic_cloudtrail.csv:7729,val
synthetic_cloudtrail.csv:7730,val
synthetic_cloudtrail.csv:7731,train
synthetic_cloudtrail.csv:7732,train
synthetic_cloudtrail.csv:7733,val
synthetic_cloudtrail.csv:7734,train
synthetic_cloudtrail.csv:7735,train
synthetic_cloudtrail.csv:7736,val
synthetic_cloudtrail.csv:7737,val
synthetic_cloudtrail.csv:7738,val
synthetic_cloudtrail.csv:7739,train
synthetic_cloudtrail.csv:7740,val
synthetic_cloudtrail.csv:7741,train
synthetic_cloudtrail.csv:7742,val
synthetic_cloudtrail.csv:7743,val
synthetic_cloudtrail.csv:7744,train
synthetic_cloudtrail.csv:7745,val
synthetic_cloudtrail.csv:7746,train
synthetic_cloudtrail.csv:7747,train
synthetic_cloudtrail.csv:7748,train
synthetic_cloudtrail.csv:7749,train
synthetic_cloudtrail.csv:7750,train
synthetic_cloudtrail.csv:7751,train
synthetic_cloudtrail.csv:7752,train
synthetic_cloudtrail.csv:7753,train
synthetic_cloudtrail.csv:7754,train
synthetic_cloudtrail.csv:7755,train
synthetic_cloudtrail.csv:7756,train
synthetic_cloudtrail.csv:7757,train
synthetic_cloudtrail.csv:7758,train
synthetic_cloudtrail.csv:7759,train
synthetic_cloudtrail.csv:7760,train
synthetic_cloudtrail.csv:7761,train
synthetic_cloudtrail.csv:7762,train
synthetic_cloudtrail.csv:7763,train
synthetic_cloudtrail.csv:7764,train
synthetic_cloudtrail.csv:7765,train
synthetic_cloudtrail.csv:7766,train
synthetic_cloudtrail.csv:7767,train
synthetic_cloudtrail.csv:7768,train
synthetic_cloudtrail.csv:7769,train
synthetic_cloudtrail.csv:7770,train
synthetic_cloudtrail.csv:7771,train
synthetic_cloudtrail.csv:7772,train
synthetic_cloudtrail.csv:7773,train
synthetic_cloudtrail.csv:7774,train
synthetic_cloudtrail.csv:7775,train
synthetic_cloudtrail.csv:7776,train
synthetic_cloudtrail.csv:7777,train
synthetic_cloudtrail.csv:7778,train
synthetic_cloudtrail.csv:7779,val
synthetic_cloudtrail.csv:7780,val
synthetic_cloudtrail.csv:7781,val
synthetic_cloudtrail.csv:7782,val
synthetic_cloudtrail.csv:7783,val
synthetic_cloudtrail.csv:7784,val
synthetic_cloudtrail.csv:7785,val
synthetic_cloudtrail.csv:7786,val
synthetic_cloudtrail.csv:7787,val
synthetic_cloudtrail.csv:7788,val
synthetic_cloudtrail.csv:7789,val
synthetic_cloudtrail.csv:7790,val
synthetic_cloudtrail.csv:7791,val
synthetic_cloudtrail.csv:7792,train
synthetic_cloudtrail.csv:7793,train
synthetic_cloudtrail.csv:7794,train
synthetic_cloudtrail.csv:7795,train
synthetic_cloudtrail.csv:7796,train
synthetic_cloudtrail.csv:7797,train
synthetic_cloudtrail.csv:7798,train
synthetic_cloudtrail.csv:7799,train
synthetic_cloudtrail.csv:7800,train
synthetic_cloudtrail.csv:7801,train
synthetic_cloudtrail.csv:7802,train
synthetic_cloudtrail.csv:7803,train
synthetic_cloudtrail.csv:7804,train
synthetic_cloudtrail.csv:7805,train
synthetic_cloudtrail.csv:7806,train
synthetic_cloudtrail.csv:7807,train
synthetic_cloudtrail.csv:7808,train
synthetic_cloudtrail.csv:7809,train
synthetic_cloudtrail.csv:7810,train
synthetic_cloudtrail.csv:7811,train
synthetic_cloudtrail.csv:7812,train
synthetic_cloudtrail.csv:7813,train
synthetic_cloudtrail.csv:7814,train
synthetic_cloudtrail.csv:7815,train
synthetic_cloudtrail.csv:7816,train
synthetic_cloudtrail.csv:7817,train
synthetic_cloudtrail.csv:7818,train
synthetic_cloudtrail.csv:7819,train
synthetic_cloudtrail.csv:7820,train
synthetic_cloudtrail.csv:7821,train
synthetic_cloudtrail.csv:7822,train
synthetic_cloudtrail.csv:7823,train
synthetic_cloudtrail.csv:7824,train
synthetic_cloudtrail.csv:7825,train
synthetic_cloudtrail.csv:7826,train
synthetic_cloudtrail.csv:7827,train
synthetic_cloudtrail.csv:7828,train
synthetic_cloudtrail.csv:7829,train
synthetic_cloudtrail.csv:7830,train
synthetic_cloudtrail.csv:7831,train
synthetic_cloudtrail.csv:7832,train
synthetic_cloudtrail.csv:7833,train
synthetic_cloudtrail.csv:7834,train
synthetic_cloudtrail.csv:7835,train
synthetic_cloudtrail.csv:7836,train
synthetic_cloudtrail.csv:7837,train
synthetic_cloudtrail.csv:7838,train
synthetic_cloudtrail.csv:7839,train
synthetic_cloudtrail.csv:7840,train
synthetic_cloudtrail.csv:7841,train
synthetic_cloudtrail.csv:7842,train
synthetic_cloudtrail.csv:7843,train
synthetic_cloudtrail.csv:7844,train
synthetic_cloudtrail.csv:7845,train
synthetic_cloudtrail.csv:7846,train
synthetic_cloudtrail.csv:7847,train
synthetic_cloudtrail.csv:7848,train
synthetic_cloudtrail.csv:7849,train
synthetic_cloudtrail.csv:7850,train
synthetic_cloudtrail.csv:7851,train
synthetic_cloudtrail.csv:7852,train
synthetic_cloudtrail.csv:7853,train
synthetic_cloudtrail.csv:7854,train
synthetic_cloudtrail.csv:7855,train
synthetic_cloudtrail.csv:7856,train
synthetic_cloudtrail.csv:7857,train
synthetic_cloudtrail.csv:7858,train
synthetic_cloudtrail.csv:7859,train
synthetic_cloudtrail.csv:7860,train
synthetic_cloudtrail.csv:7861,train
synthetic_cloudtrail.csv:7862,train
synthetic_cloudtrail.csv:7863,train
synthetic_cloudtrail.csv:7864,train
synthetic_cloudtrail.csv:7865,train
synthetic_cloudtrail.csv:7866,train
synthetic_cloudtrail.csv:7867,val
synthetic_cloudtrail.csv:7868,train
synthetic_cloudtrail.csv:7869,train
synthetic_cloudtrail.csv:7870,train
synthetic_cloudtrail.csv:7871,val
synthetic_cloudtrail.csv:7872,val
synthetic_cloudtrail.csv:7873,val
synthetic_cloudtrail.csv:7874,train
synthetic_cloudtrail.csv:7875,train
synthetic_cloudtrail.csv:7876,val
synthetic_cloudtrail.csv:7877,val
synthetic_cloudtrail.csv:7878,val
synthetic_cloudtrail.csv:7879,train
synthetic_cloudtrail.csv:7880,train
synthetic_cloudtrail.csv:7881,train
synthetic_cloudtrail.csv:7882,train
synthetic_cloudtrail.csv:7883,train
synthetic_cloudtrail.csv:7884,train
synthetic_cloudtrail.csv:7885,train
synthetic_cloudtrail.csv:7886,train
synthetic_cloudtrail.csv:7887,train
synthetic_cloudtrail.csv:7888,train
synthetic_cloudtrail.csv:7889,train
synthetic_cloudtrail.csv:7890,train
synthetic_cloudtrail.csv:7891,train
synthetic_cloudtrail.csv:7892,train
synthetic_cloudtrail.csv:7893,train
synthetic_cloudtrail.csv:7894,train
synthetic_cloudtrail.csv:7895,train
synthetic_cloudtrail.csv:7896,train
synthetic_cloudtrail.csv:7897,train
synthetic_cloudtrail.csv:7898,train
synthetic_cloudtrail.csv:7899,test
synthetic_cloudtrail.csv:7900,test
synthetic_cloudtrail.csv:7901,test
synthetic_cloudtrail.csv:7902,test
synthetic_cloudtrail.csv:7903,test
synthetic_cloudtrail.csv:7904,test
synthetic_cloudtrail.csv:7905,test
synthetic_cloudtrail.csv:7906,test
synthetic_cloudtrail.csv:7907,test
synthetic_cloudtrail.csv:7908,test
synthetic_cloudtrail.csv:7909,test
synthetic_cloudtrail.csv:7910,test
synthetic_cloudtrail.csv:7911,test
synthetic_cloudtrail.csv:7912,test
synthetic_cloudtrail.csv:7913,test
synthetic_cloudtrail.csv:7914,test
synthetic_cloudtrail.csv:7915,train
synthetic_cloudtrail.csv:7916,train
synthetic_cloudtrail.csv:7917,train
synthetic_cloudtrail.csv:7918,train
synthetic_cloudtrail.csv:7919,train
synthetic_cloudtrail.csv:7920,train
synthetic_cloudtrail.csv:7921,train
synthetic_cloudtrail.csv:7922,train
synthetic_cloudtrail.csv:7923,train
synthetic_cloudtrail.csv:7924,train
synthetic_cloudtrail.csv:7925,train
synthetic_cloudtrail.csv:7926,train
synthetic_cloudtrail.csv:7927,train
synthetic_cloudtrail.csv:7928,train
synthetic_cloudtrail.csv:7929,train
synthetic_cloudtrail.csv:7930,train
synthetic_cloudtrail.csv:7931,train
synthetic_cloudtrail.csv:7932,train
synthetic_cloudtrail.csv:7933,train
synthetic_cloudtrail.csv:7934,train
synthetic_cloudtrail.csv:7935,train
synthetic_cloudtrail.csv:7936,train
synthetic_cloudtrail.csv:7937,train
synthetic_cloudtrail.csv:7938,train
synthetic_cloudtrail.csv:7939,train
synthetic_cloudtrail.csv:7940,train
synthetic_cloudtrail.csv:7941,train
synthetic_cloudtrail.csv:7942,train
synthetic_cloudtrail.csv:7943,train
synthetic_cloudtrail.csv:7944,train
synthetic_cloudtrail.csv:7945,train
synthetic_cloudtrail.csv:7946,train
synthetic_cloudtrail.csv:7947,train
synthetic_cloudtrail.csv:7948,train
synthetic_cloudtrail.csv:7949,train
synthetic_cloudtrail.csv:7950,train
synthetic_cloudtrail.csv:7951,train
synthetic_cloudtrail.csv:7952,train
synthetic_cloudtrail.csv:7953,train
synthetic_cloudtrail.csv:7954,train
synthetic_cloudtrail.csv:7955,train
synthetic_cloudtrail.csv:7956,train
synthetic_cloudtrail.csv:7957,train
synthetic_cloudtrail.csv:7958,train
synthetic_cloudtrail.csv:7959,train
synthetic_cloudtrail.csv:7960,train
synthetic_cloudtrail.csv:7961,train
synthetic_cloudtrail.csv:7962,train
synthetic_cloudtrail.csv:7963,train
synthetic_cloudtrail.csv:7964,train
synthetic_cloudtrail.csv:7965,train
synthetic_cloudtrail.csv:7966,train
synthetic_cloudtrail.csv:7967,train
synthetic_cloudtrail.csv:7968,train
synthetic_cloudtrail.csv:7969,train
synthetic_cloudtrail.csv:7970,train
synthetic_cloudtrail.csv:7971,train
synthetic_cloudtrail.csv:7972,train
synthetic_cloudtrail.csv:7973,val
synthetic_cloudtrail.csv:7974,train
synthetic_cloudtrail.csv:7975,train
synthetic_cloudtrail.csv:7976,val
synthetic_cloudtrail.csv:7977,val
synthetic_cloudtrail.csv:7978,val
synthetic_cloudtrail.csv:7979,val
synthetic_cloudtrail.csv:7980,train
synthetic_cloudtrail.csv:7981,val
synthetic_cloudtrail.csv:7982,val
synthetic_cloudtrail.csv:7983,train
synthetic_cloudtrail.csv:7984,val
synthetic_cloudtrail.csv:7985,train
synthetic_cloudtrail.csv:7986,train
synthetic_cloudtrail.csv:7987,train
synthetic_cloudtrail.csv:7988,train
synthetic_cloudtrail.csv:7989,test
synthetic_cloudtrail.csv:7990,test
synthetic_cloudtrail.csv:7991,test
synthetic_cloudtrail.csv:7992,test
synthetic_cloudtrail.csv:7993,test
synthetic_cloudtrail.csv:7994,test
synthetic_cloudtrail.csv:7995,test
synthetic_cloudtrail.csv:7996,test
synthetic_cloudtrail.csv:7997,test
synthetic_cloudtrail.csv:7998,test
synthetic_cloudtrail.csv:7999,test
synthetic_cloudtrail.csv:8000,train
synthetic_cloudtrail.csv:8001,train
synthetic_cloudtrail.csv:8002,train
synthetic_cloudtrail.csv:8003,train
synthetic_cloudtrail.csv:8004,train
synthetic_cloudtrail.csv:8005,train
synthetic_cloudtrail.csv:8006,train
synthetic_cloudtrail.csv:8007,train
synthetic_cloudtrail.csv:8008,train
synthetic_cloudtrail.csv:8009,train
synthetic_cloudtrail.csv:8010,train
synthetic_cloudtrail.csv:8011,train
synthetic_cloudtrail.csv:8012,train
synthetic_cloudtrail.csv:8013,val
synthetic_cloudtrail.csv:8014,train
synthetic_cloudtrail.csv:8015,train
synthetic_cloudtrail.csv:8016,val
synthetic_cloudtrail.csv:8017,val
synthetic_cloudtrail.csv:8018,val
synthetic_cloudtrail.csv:8019,val
synthetic_cloudtrail.csv:8020,train
synthetic_cloudtrail.csv:8021,val
synthetic_cloudtrail.csv:8022,val
synthetic_cloudtrail.csv:8023,train
synthetic_cloudtrail.csv:8024,train
synthetic_cloudtrail.csv:8025,train
synthetic_cloudtrail.csv:8026,train
synthetic_cloudtrail.csv:8027,train
synthetic_cloudtrail.csv:8028,train
synthetic_cloudtrail.csv:8029,train
synthetic_cloudtrail.csv:8030,train
synthetic_cloudtrail.csv:8031,train
synthetic_cloudtrail.csv:8032,train
synthetic_cloudtrail.csv:8033,train
synthetic_cloudtrail.csv:8034,train
synthetic_cloudtrail.csv:8035,train
synthetic_cloudtrail.csv:8036,train
synthetic_cloudtrail.csv:8037,train
synthetic_cloudtrail.csv:8038,train
synthetic_cloudtrail.csv:8039,train
synthetic_cloudtrail.csv:8040,train
synthetic_cloudtrail.csv:8041,train
synthetic_cloudtrail.csv:8042,train
synthetic_cloudtrail.csv:8043,train
synthetic_cloudtrail.csv:8044,train
synthetic_cloudtrail.csv:8045,train
synthetic_cloudtrail.csv:8046,train
synthetic_cloudtrail.csv:8047,train
synthetic_cloudtrail.csv:8048,train
synthetic_cloudtrail.csv:8049,train
synthetic_cloudtrail.csv:8050,train
synthetic_cloudtrail.csv:8051,train
synthetic_cloudtrail.csv:8052,train
synthetic_cloudtrail.csv:8053,train
synthetic_cloudtrail.csv:8054,train
synthetic_cloudtrail.csv:8055,train
synthetic_cloudtrail.csv:8056,train
synthetic_cloudtrail.csv:8057,train
synthetic_cloudtrail.csv:8058,train
synthetic_cloudtrail.csv:8059,train
synthetic_cloudtrail.csv:8060,train
synthetic_cloudtrail.csv:8061,train
synthetic_cloudtrail.csv:8062,train
synthetic_cloudtrail.csv:8063,train
synthetic_cloudtrail.csv:8064,train
synthetic_cloudtrail.csv:8065,train
synthetic_cloudtrail.csv:8066,train
synthetic_cloudtrail.csv:8067,train
synthetic_cloudtrail.csv:8068,train
synthetic_cloudtrail.csv:8069,train
synthetic_cloudtrail.csv:8070,train
synthetic_cloudtrail.csv:8071,train
synthetic_cloudtrail.csv:8072,val
synthetic_cloudtrail.csv:8073,test
synthetic_cloudtrail.csv:8074,test
synthetic_cloudtrail.csv:8075,test
synthetic_cloudtrail.csv:8076,test
synthetic_cloudtrail.csv:8077,test
synthetic_cloudtrail.csv:8078,test
synthetic_cloudtrail.csv:8079,test
synthetic_cloudtrail.csv:8080,test
synthetic_cloudtrail.csv:8081,test
synthetic_cloudtrail.csv:8082,test
synthetic_cloudtrail.csv:8083,test
synthetic_cloudtrail.csv:8084,test
synthetic_cloudtrail.csv:8085,test
synthetic_cloudtrail.csv:8086,test
synthetic_cloudtrail.csv:8087,train
synthetic_cloudtrail.csv:8088,train
synthetic_cloudtrail.csv:8089,train
synthetic_cloudtrail.csv:8090,train
synthetic_cloudtrail.csv:8091,train
synthetic_cloudtrail.csv:8092,train
synthetic_cloudtrail.csv:8093,train
synthetic_cloudtrail.csv:8094,train
synthetic_cloudtrail.csv:8095,train
synthetic_cloudtrail.csv:8096,train
synthetic_cloudtrail.csv:8097,train
synthetic_cloudtrail.csv:8098,train
synthetic_cloudtrail.csv:8099,train
synthetic_cloudtrail.csv:8100,train
synthetic_cloudtrail.csv:8101,train
synthetic_cloudtrail.csv:8102,train
synthetic_cloudtrail.csv:8103,train
synthetic_cloudtrail.csv:8104,train
synthetic_cloudtrail.csv:8105,train
synthetic_cloudtrail.csv:8106,train
synthetic_cloudtrail.csv:8107,train
synthetic_cloudtrail.csv:8108,train
synthetic_cloudtrail.csv:8109,train
synthetic_cloudtrail.csv:8110,val
synthetic_cloudtrail.csv:8111,val
synthetic_cloudtrail.csv:8112,val
synthetic_cloudtrail.csv:8113,val
synthetic_cloudtrail.csv:8114,val
synthetic_cloudtrail.csv:8115,val
synthetic_cloudtrail.csv:8116,val
synthetic_cloudtrail.csv:8117,val
synthetic_cloudtrail.csv:8118,val
synthetic_cloudtrail.csv:8119,val
synthetic_cloudtrail.csv:8120,val
synthetic_cloudtrail.csv:8121,val
synthetic_cloudtrail.csv:8122,val
synthetic_cloudtrail.csv:8123,val
synthetic_cloudtrail.csv:8124,val
synthetic_cloudtrail.csv:8125,train
synthetic_cloudtrail.csv:8126,train
synthetic_cloudtrail.csv:8127,train
synthetic_cloudtrail.csv:8128,train
synthetic_cloudtrail.csv:8129,train
synthetic_cloudtrail.csv:8130,train
synthetic_cloudtrail.csv:8131,train
synthetic_cloudtrail.csv:8132,train
synthetic_cloudtrail.csv:8133,train
synthetic_cloudtrail.csv:8134,train
synthetic_cloudtrail.csv:8135,train
synthetic_cloudtrail.csv:8136,train
synthetic_cloudtrail.csv:8137,train
synthetic_cloudtrail.csv:8138,train
synthetic_cloudtrail.csv:8139,train
synthetic_cloudtrail.csv:8140,train
synthetic_cloudtrail.csv:8141,train
synthetic_cloudtrail.csv:8142,train
synthetic_cloudtrail.csv:8143,train
synthetic_cloudtrail.csv:8144,train
synthetic_cloudtrail.csv:8145,train
synthetic_cloudtrail.csv:8146,train
synthetic_cloudtrail.csv:8147,train
synthetic_cloudtrail.csv:8148,train
synthetic_cloudtrail.csv:8149,train
synthetic_cloudtrail.csv:8150,train
synthetic_cloudtrail.csv:8151,train
synthetic_cloudtrail.csv:8152,train
synthetic_cloudtrail.csv:8153,train
synthetic_cloudtrail.csv:8154,train
synthetic_cloudtrail.csv:8155,train
synthetic_cloudtrail.csv:8156,train
synthetic_cloudtrail.csv:8157,train
synthetic_cloudtrail.csv:8158,train
synthetic_cloudtrail.csv:8159,train
synthetic_cloudtrail.csv:8160,train
synthetic_cloudtrail.csv:8161,train
synthetic_cloudtrail.csv:8162,train
synthetic_cloudtrail.csv:8163,train
synthetic_cloudtrail.csv:8164,train
synthetic_cloudtrail.csv:8165,train
synthetic_cloudtrail.csv:8166,train
synthetic_cloudtrail.csv:8167,train
synthetic_cloudtrail.csv:8168,train
synthetic_cloudtrail.csv:8169,train
synthetic_cloudtrail.csv:8170,train
synthetic_cloudtrail.csv:8171,train
synthetic_cloudtrail.csv:8172,train
synthetic_cloudtrail.csv:8173,train
synthetic_cloudtrail.csv:8174,train
synthetic_cloudtrail.csv:8175,train
synthetic_cloudtrail.csv:8176,train
synthetic_cloudtrail.csv:8177,train
synthetic_cloudtrail.csv:8178,train
synthetic_cloudtrail.csv:8179,train
synthetic_cloudtrail.csv:8180,train
synthetic_cloudtrail.csv:8181,train
synthetic_cloudtrail.csv:8182,train
synthetic_cloudtrail.csv:8183,train
synthetic_cloudtrail.csv:8184,train
synthetic_cloudtrail.csv:8185,train
synthetic_cloudtrail.csv:8186,train
synthetic_cloudtrail.csv:8187,train
synthetic_cloudtrail.csv:8188,train
synthetic_cloudtrail.csv:8189,train
synthetic_cloudtrail.csv:8190,train
synthetic_cloudtrail.csv:8191,train
synthetic_cloudtrail.csv:8192,train
synthetic_cloudtrail.csv:8193,train
synthetic_cloudtrail.csv:8194,train
synthetic_cloudtrail.csv:8195,train
synthetic_cloudtrail.csv:8196,train
synthetic_cloudtrail.csv:8197,train
synthetic_cloudtrail.csv:8198,train
synthetic_cloudtrail.csv:8199,train
synthetic_cloudtrail.csv:8200,train
synthetic_cloudtrail.csv:8201,train
synthetic_cloudtrail.csv:8202,train
synthetic_cloudtrail.csv:8203,val
synthetic_cloudtrail.csv:8204,train
synthetic_cloudtrail.csv:8205,train
synthetic_cloudtrail.csv:8206,val
synthetic_cloudtrail.csv:8207,val
synthetic_cloudtrail.csv:8208,train
synthetic_cloudtrail.csv:8209,train
synthetic_cloudtrail.csv:8210,train
synthetic_cloudtrail.csv:8211,train
synthetic_cloudtrail.csv:8212,train
synthetic_cloudtrail.csv:8213,train
synthetic_cloudtrail.csv:8214,train
synthetic_cloudtrail.csv:8215,train
synthetic_cloudtrail.csv:8216,train
synthetic_cloudtrail.csv:8217,train
synthetic_cloudtrail.csv:8218,train
synthetic_cloudtrail.csv:8219,train
synthetic_cloudtrail.csv:8220,train
synthetic_cloudtrail.csv:8221,train
synthetic_cloudtrail.csv:8222,train
synthetic_cloudtrail.csv:8223,train
synthetic_cloudtrail.csv:8224,train
synthetic_cloudtrail.csv:8225,train
synthetic_cloudtrail.csv:8226,train
synthetic_cloudtrail.csv:8227,train
synthetic_cloudtrail.csv:8228,train
synthetic_cloudtrail.csv:8229,train
synthetic_cloudtrail.csv:8230,train
synthetic_cloudtrail.csv:8231,train
synthetic_cloudtrail.csv:8232,train
synthetic_cloudtrail.csv:8233,train
synthetic_cloudtrail.csv:8234,train
synthetic_cloudtrail.csv:8235,train
synthetic_cloudtrail.csv:8236,train
synthetic_cloudtrail.csv:8237,train
synthetic_cloudtrail.csv:8238,train
synthetic_cloudtrail.csv:8239,train
synthetic_cloudtrail.csv:8240,train
synthetic_cloudtrail.csv:8241,train
synthetic_cloudtrail.csv:8242,train
synthetic_cloudtrail.csv:8243,train
synthetic_cloudtrail.csv:8244,train
synthetic_cloudtrail.csv:8245,train
synthetic_cloudtrail.csv:8246,train
synthetic_cloudtrail.csv:8247,train
synthetic_cloudtrail.csv:8248,train
synthetic_cloudtrail.csv:8249,train
synthetic_cloudtrail.csv:8250,train
synthetic_cloudtrail.csv:8251,train
synthetic_cloudtrail.csv:8252,train
synthetic_cloudtrail.csv:8253,train
synthetic_cloudtrail.csv:8254,train
synthetic_cloudtrail.csv:8255,test
synthetic_cloudtrail.csv:8256,test
synthetic_cloudtrail.csv:8257,test
synthetic_cloudtrail.csv:8258,test
synthetic_cloudtrail.csv:8259,test
synthetic_cloudtrail.csv:8260,test
synthetic_cloudtrail.csv:8261,test
synthetic_cloudtrail.csv:8262,test
synthetic_cloudtrail.csv:8263,test
synthetic_cloudtrail.csv:8264,test
synthetic_cloudtrail.csv:8265,test
synthetic_cloudtrail.csv:8266,val
synthetic_cloudtrail.csv:8267,val
synthetic_cloudtrail.csv:8268,val
synthetic_cloudtrail.csv:8269,val
synthetic_cloudtrail.csv:8270,val
synthetic_cloudtrail.csv:8271,train
synthetic_cloudtrail.csv:8272,val
synthetic_cloudtrail.csv:8273,train
synthetic_cloudtrail.csv:8274,val
synthetic_cloudtrail.csv:8275,train
synthetic_cloudtrail.csv:8276,val
synthetic_cloudtrail.csv:8277,train
synthetic_cloudtrail.csv:8278,val
synthetic_cloudtrail.csv:8279,val
synthetic_cloudtrail.csv:8280,val
synthetic_cloudtrail.csv:8281,val
synthetic_cloudtrail.csv:8282,val
synthetic_cloudtrail.csv:8283,val
synthetic_cloudtrail.csv:8284,test
synthetic_cloudtrail.csv:8285,test
synthetic_cloudtrail.csv:8286,test
synthetic_cloudtrail.csv:8287,test
synthetic_cloudtrail.csv:8288,test
synthetic_cloudtrail.csv:8289,test
synthetic_cloudtrail.csv:8290,test
synthetic_cloudtrail.csv:8291,test
synthetic_cloudtrail.csv:8292,test
synthetic_cloudtrail.csv:8293,test
synthetic_cloudtrail.csv:8294,test
synthetic_cloudtrail.csv:8295,test
synthetic_cloudtrail.csv:8296,test
synthetic_cloudtrail.csv:8297,test
synthetic_cloudtrail.csv:8298,test
synthetic_cloudtrail.csv:8299,train
synthetic_cloudtrail.csv:8300,train
synthetic_cloudtrail.csv:8301,train
synthetic_cloudtrail.csv:8302,train
synthetic_cloudtrail.csv:8303,train
synthetic_cloudtrail.csv:8304,train
synthetic_cloudtrail.csv:8305,train
synthetic_cloudtrail.csv:8306,train
synthetic_cloudtrail.csv:8307,train
synthetic_cloudtrail.csv:8308,train
synthetic_cloudtrail.csv:8309,train
synthetic_cloudtrail.csv:8310,train
synthetic_cloudtrail.csv:8311,train
synthetic_cloudtrail.csv:8312,train
synthetic_cloudtrail.csv:8313,train
synthetic_cloudtrail.csv:8314,train
synthetic_cloudtrail.csv:8315,train
synthetic_cloudtrail.csv:8316,val
synthetic_cloudtrail.csv:8317,val
synthetic_cloudtrail.csv:8318,val
synthetic_cloudtrail.csv:8319,val
synthetic_cloudtrail.csv:8320,val
synthetic_cloudtrail.csv:8321,val
synthetic_cloudtrail.csv:8322,val
synthetic_cloudtrail.csv:8323,val
synthetic_cloudtrail.csv:8324,val
synthetic_cloudtrail.csv:8325,val
synthetic_cloudtrail.csv:8326,val
synthetic_cloudtrail.csv:8327,val
synthetic_cloudtrail.csv:8328,val
synthetic_cloudtrail.csv:8329,val
synthetic_cloudtrail.csv:8330,val
synthetic_cloudtrail.csv:8331,val
synthetic_cloudtrail.csv:8332,train
synthetic_cloudtrail.csv:8333,train
synthetic_cloudtrail.csv:8334,train
synthetic_cloudtrail.csv:8335,train
synthetic_cloudtrail.csv:8336,test
synthetic_cloudtrail.csv:8337,test
synthetic_cloudtrail.csv:8338,test
synthetic_cloudtrail.csv:8339,test
synthetic_cloudtrail.csv:8340,test
synthetic_cloudtrail.csv:8341,test
synthetic_cloudtrail.csv:8342,test
synthetic_cloudtrail.csv:8343,test
synthetic_cloudtrail.csv:8344,test
synthetic_cloudtrail.csv:8345,test
synthetic_cloudtrail.csv:8346,test
synthetic_cloudtrail.csv:8347,test
synthetic_cloudtrail.csv:8348,test
synthetic_cloudtrail.csv:8349,test
synthetic_cloudtrail.csv:8350,test
synthetic_cloudtrail.csv:8351,val
synthetic_cloudtrail.csv:8352,val
synthetic_cloudtrail.csv:8353,val
synthetic_cloudtrail.csv:8354,val
synthetic_cloudtrail.csv:8355,val
synthetic_cloudtrail.csv:8356,val
synthetic_cloudtrail.csv:8357,val
synthetic_cloudtrail.csv:8358,val
synthetic_cloudtrail.csv:8359,val
synthetic_cloudtrail.csv:8360,val
synthetic_cloudtrail.csv:8361,val
synthetic_cloudtrail.csv:8362,val
synthetic_cloudtrail.csv:8363,val
synthetic_cloudtrail.csv:8364,val
synthetic_cloudtrail.csv:8365,val
synthetic_cloudtrail.csv:8366,val
synthetic_cloudtrail.csv:8367,val
synthetic_cloudtrail.csv:8368,val
synthetic_cloudtrail.csv:8369,val
synthetic_cloudtrail.csv:8370,val
synthetic_cloudtrail.csv:8371,val
synthetic_cloudtrail.csv:8372,val
synthetic_cloudtrail.csv:8373,val
synthetic_cloudtrail.csv:8374,val
synthetic_cloudtrail.csv:8375,val
synthetic_cloudtrail.csv:8376,val
synthetic_cloudtrail.csv:8377,val
synthetic_cloudtrail.csv:8378,val
synthetic_cloudtrail.csv:8379,val
synthetic_cloudtrail.csv:8380,val
synthetic_cloudtrail.csv:8381,val
synthetic_cloudtrail.csv:8382,val
synthetic_cloudtrail.csv:8383,val
synthetic_cloudtrail.csv:8384,val
synthetic_cloudtrail.csv:8385,val
synthetic_cloudtrail.csv:8386,val
synthetic_cloudtrail.csv:8387,val
synthetic_cloudtrail.csv:8388,val
synthetic_cloudtrail.csv:8389,val
synthetic_cloudtrail.csv:8390,val
synthetic_cloudtrail.csv:8391,val
synthetic_cloudtrail.csv:8392,val
synthetic_cloudtrail.csv:8393,val
synthetic_cloudtrail.csv:8394,val
synthetic_cloudtrail.csv:8395,val
synthetic_cloudtrail.csv:8396,val
synthetic_cloudtrail.csv:8397,val
synthetic_cloudtrail.csv:8398,val
synthetic_cloudtrail.csv:8399,val
synthetic_cloudtrail.csv:8400,train
synthetic_cloudtrail.csv:8401,train
synthetic_cloudtrail.csv:8402,val
synthetic_cloudtrail.csv:8403,val
synthetic_cloudtrail.csv:8404,val
synthetic_cloudtrail.csv:8405,val
synthetic_cloudtrail.csv:8406,val
synthetic_cloudtrail.csv:8407,val
synthetic_cloudtrail.csv:8408,val
synthetic_cloudtrail.csv:8409,val
synthetic_cloudtrail.csv:8410,train
synthetic_cloudtrail.csv:8411,train
synthetic_cloudtrail.csv:8412,val
synthetic_cloudtrail.csv:8413,val
synthetic_cloudtrail.csv:8414,val
synthetic_cloudtrail.csv:8415,train
synthetic_cloudtrail.csv:8416,train
synthetic_cloudtrail.csv:8417,train
synthetic_cloudtrail.csv:8418,train
synthetic_cloudtrail.csv:8419,train
synthetic_cloudtrail.csv:8420,train
synthetic_cloudtrail.csv:8421,train
synthetic_cloudtrail.csv:8422,val
synthetic_cloudtrail.csv:8423,train
synthetic_cloudtrail.csv:8424,train
synthetic_cloudtrail.csv:8425,train
synthetic_cloudtrail.csv:8426,train
synthetic_cloudtrail.csv:8427,train
synthetic_cloudtrail.csv:8428,val
synthetic_cloudtrail.csv:8429,train
synthetic_cloudtrail.csv:8430,val
synthetic_cloudtrail.csv:8431,val
synthetic_cloudtrail.csv:8432,val
synthetic_cloudtrail.csv:8433,val
synthetic_cloudtrail.csv:8434,train
synthetic_cloudtrail.csv:8435,val
synthetic_cloudtrail.csv:8436,train
synthetic_cloudtrail.csv:8437,train
synthetic_cloudtrail.csv:8438,train
synthetic_cloudtrail.csv:8439,val
synthetic_cloudtrail.csv:8440,train
synthetic_cloudtrail.csv:8441,val
synthetic_cloudtrail.csv:8442,val
synthetic_cloudtrail.csv:8443,val
synthetic_cloudtrail.csv:8444,val
synthetic_cloudtrail.csv:8445,val
synthetic_cloudtrail.csv:8446,val
synthetic_cloudtrail.csv:8447,val
synthetic_cloudtrail.csv:8448,val
synthetic_cloudtrail.csv:8449,val
synthetic_cloudtrail.csv:8450,val
synthetic_cloudtrail.csv:8451,val
synthetic_cloudtrail.csv:8452,val
synthetic_cloudtrail.csv:8453,val
synthetic_cloudtrail.csv:8454,val
synthetic_cloudtrail.csv:8455,val
synthetic_cloudtrail.csv:8456,val
synthetic_cloudtrail.csv:8457,val
synthetic_cloudtrail.csv:8458,train
synthetic_cloudtrail.csv:8459,train
synthetic_cloudtrail.csv:8460,train
synthetic_cloudtrail.csv:8461,train
synthetic_cloudtrail.csv:8462,train
synthetic_cloudtrail.csv:8463,val
synthetic_cloudtrail.csv:8464,train
synthetic_cloudtrail.csv:8465,val
synthetic_cloudtrail.csv:8466,val
synthetic_cloudtrail.csv:8467,val
synthetic_cloudtrail.csv:8468,train
synthetic_cloudtrail.csv:8469,val
synthetic_cloudtrail.csv:8470,test
synthetic_cloudtrail.csv:8471,test
synthetic_cloudtrail.csv:8472,test
synthetic_cloudtrail.csv:8473,test
synthetic_cloudtrail.csv:8474,test
synthetic_cloudtrail.csv:8475,test
synthetic_cloudtrail.csv:8476,test
synthetic_cloudtrail.csv:8477,test
synthetic_cloudtrail.csv:8478,test
synthetic_cloudtrail.csv:8479,test
synthetic_cloudtrail.csv:8480,test
synthetic_cloudtrail.csv:8481,test
synthetic_cloudtrail.csv:8482,test
synthetic_cloudtrail.csv:8483,test
synthetic_cloudtrail.csv:8484,train
synthetic_cloudtrail.csv:8485,train
synthetic_cloudtrail.csv:8486,train
synthetic_cloudtrail.csv:8487,train
synthetic_cloudtrail.csv:8488,train
synthetic_cloudtrail.csv:8489,train
synthetic_cloudtrail.csv:8490,train
synthetic_cloudtrail.csv:8491,train
synthetic_cloudtrail.csv:8492,train
synthetic_cloudtrail.csv:8493,train
synthetic_cloudtrail.csv:8494,train
synthetic_cloudtrail.csv:8495,train
synthetic_cloudtrail.csv:8496,train
synthetic_cloudtrail.csv:8497,val
synthetic_cloudtrail.csv:8498,train
synthetic_cloudtrail.csv:8499,train
synthetic_cloudtrail.csv:8500,val
synthetic_cloudtrail.csv:8501,val
synthetic_cloudtrail.csv:8502,train
synthetic_cloudtrail.csv:8503,val
synthetic_cloudtrail.csv:8504,val
synthetic_cloudtrail.csv:8505,val
synthetic_cloudtrail.csv:8506,train
synthetic_cloudtrail.csv:8507,test
synthetic_cloudtrail.csv:8508,test
synthetic_cloudtrail.csv:8509,train
synthetic_cloudtrail.csv:8510,train
synthetic_cloudtrail.csv:8511,test
synthetic_cloudtrail.csv:8512,test
synthetic_cloudtrail.csv:8513,train
synthetic_cloudtrail.csv:8514,test
synthetic_cloudtrail.csv:8515,train
synthetic_cloudtrail.csv:8516,test
synthetic_cloudtrail.csv:8517,train
synthetic_cloudtrail.csv:8518,test
synthetic_cloudtrail.csv:8519,test
synthetic_cloudtrail.csv:8520,train
synthetic_cloudtrail.csv:8521,train
synthetic_cloudtrail.csv:8522,test
synthetic_cloudtrail.csv:8523,train
synthetic_cloudtrail.csv:8524,train
synthetic_cloudtrail.csv:8525,train
synthetic_cloudtrail.csv:8526,train
synthetic_cloudtrail.csv:8527,train
synthetic_cloudtrail.csv:8528,train
synthetic_cloudtrail.csv:8529,train
synthetic_cloudtrail.csv:8530,train
synthetic_cloudtrail.csv:8531,train
synthetic_cloudtrail.csv:8532,train
synthetic_cloudtrail.csv:8533,train
synthetic_cloudtrail.csv:8534,train
synthetic_cloudtrail.csv:8535,train
synthetic_cloudtrail.csv:8536,train
synthetic_cloudtrail.csv:8537,train
synthetic_cloudtrail.csv:8538,train
synthetic_cloudtrail.csv:8539,train
synthetic_cloudtrail.csv:8540,train
synthetic_cloudtrail.csv:8541,train
synthetic_cloudtrail.csv:8542,train
synthetic_cloudtrail.csv:8543,train
synthetic_cloudtrail.csv:8544,test
synthetic_cloudtrail.csv:8545,test
synthetic_cloudtrail.csv:8546,test
synthetic_cloudtrail.csv:8547,test
synthetic_cloudtrail.csv:8548,test
synthetic_cloudtrail.csv:8549,test
synthetic_cloudtrail.csv:8550,test
synthetic_cloudtrail.csv:8551,test
synthetic_cloudtrail.csv:8552,test
synthetic_cloudtrail.csv:8553,test
synthetic_cloudtrail.csv:8554,val
synthetic_cloudtrail.csv:8555,val
synthetic_cloudtrail.csv:8556,val
synthetic_cloudtrail.csv:8557,val
synthetic_cloudtrail.csv:8558,val
synthetic_cloudtrail.csv:8559,val
synthetic_cloudtrail.csv:8560,val
synthetic_cloudtrail.csv:8561,val
synthetic_cloudtrail.csv:8562,val
synthetic_cloudtrail.csv:8563,val
synthetic_cloudtrail.csv:8564,val
synthetic_cloudtrail.csv:8565,val
synthetic_cloudtrail.csv:8566,val
synthetic_cloudtrail.csv:8567,val
synthetic_cloudtrail.csv:8568,val
synthetic_cloudtrail.csv:8569,train
synthetic_cloudtrail.csv:8570,train
synthetic_cloudtrail.csv:8571,train
synthetic_cloudtrail.csv:8572,train
synthetic_cloudtrail.csv:8573,train
synthetic_cloudtrail.csv:8574,train
synthetic_cloudtrail.csv:8575,train
synthetic_cloudtrail.csv:8576,train
synthetic_cloudtrail.csv:8577,train
synthetic_cloudtrail.csv:8578,train
synthetic_cloudtrail.csv:8579,train
synthetic_cloudtrail.csv:8580,train
synthetic_cloudtrail.csv:8581,train
synthetic_cloudtrail.csv:8582,train
synthetic_cloudtrail.csv:8583,train
synthetic_cloudtrail.csv:8584,train
synthetic_cloudtrail.csv:8585,train
synthetic_cloudtrail.csv:8586,train
synthetic_cloudtrail.csv:8587,train
synthetic_cloudtrail.csv:8588,train
synthetic_cloudtrail.csv:8589,train
synthetic_cloudtrail.csv:8590,train
synthetic_cloudtrail.csv:8591,train
synthetic_cloudtrail.csv:8592,train
synthetic_cloudtrail.csv:8593,train
synthetic_cloudtrail.csv:8594,train
synthetic_cloudtrail.csv:8595,train
synthetic_cloudtrail.csv:8596,train
synthetic_cloudtrail.csv:8597,train
synthetic_cloudtrail.csv:8598,train
synthetic_cloudtrail.csv:8599,train
synthetic_cloudtrail.csv:8600,train
synthetic_cloudtrail.csv:8601,train
synthetic_cloudtrail.csv:8602,train
synthetic_cloudtrail.csv:8603,train
synthetic_cloudtrail.csv:8604,train
synthetic_cloudtrail.csv:8605,train
synthetic_cloudtrail.csv:8606,train
synthetic_cloudtrail.csv:8607,train
synthetic_cloudtrail.csv:8608,train
synthetic_cloudtrail.csv:8609,train
synthetic_cloudtrail.csv:8610,train
synthetic_cloudtrail.csv:8611,train
synthetic_cloudtrail.csv:8612,train
synthetic_cloudtrail.csv:8613,train
synthetic_cloudtrail.csv:8614,train
synthetic_cloudtrail.csv:8615,train
synthetic_cloudtrail.csv:8616,train
synthetic_cloudtrail.csv:8617,train
synthetic_cloudtrail.csv:8618,train
synthetic_cloudtrail.csv:8619,train
synthetic_cloudtrail.csv:8620,train
synthetic_cloudtrail.csv:8621,train
synthetic_cloudtrail.csv:8622,train
synthetic_cloudtrail.csv:8623,train
synthetic_cloudtrail.csv:8624,train
synthetic_cloudtrail.csv:8625,train
synthetic_cloudtrail.csv:8626,train
synthetic_cloudtrail.csv:8627,val
synthetic_cloudtrail.csv:8628,train
synthetic_cloudtrail.csv:8629,train
synthetic_cloudtrail.csv:8630,train
synthetic_cloudtrail.csv:8631,train
synthetic_cloudtrail.csv:8632,val
synthetic_cloudtrail.csv:8633,val
synthetic_cloudtrail.csv:8634,train
synthetic_cloudtrail.csv:8635,val
synthetic_cloudtrail.csv:8636,val
synthetic_cloudtrail.csv:8637,val
synthetic_cloudtrail.csv:8638,val
synthetic_cloudtrail.csv:8639,val
synthetic_cloudtrail.csv:8640,val
synthetic_cloudtrail.csv:8641,val
synthetic_cloudtrail.csv:8642,val
synthetic_cloudtrail.csv:8643,val
synthetic_cloudtrail.csv:8644,val
synthetic_cloudtrail.csv:8645,val
synthetic_cloudtrail.csv:8646,val
synthetic_cloudtrail.csv:8647,val
synthetic_cloudtrail.csv:8648,val
synthetic_cloudtrail.csv:8649,val
synthetic_cloudtrail.csv:8650,val
synthetic_cloudtrail.csv:8651,test
synthetic_cloudtrail.csv:8652,test
synthetic_cloudtrail.csv:8653,test
synthetic_cloudtrail.csv:8654,test
synthetic_cloudtrail.csv:8655,test
synthetic_cloudtrail.csv:8656,test
synthetic_cloudtrail.csv:8657,test
synthetic_cloudtrail.csv:8658,test
synthetic_cloudtrail.csv:8659,train
synthetic_cloudtrail.csv:8660,train
synthetic_cloudtrail.csv:8661,train
synthetic_cloudtrail.csv:8662,train
synthetic_cloudtrail.csv:8663,train
synthetic_cloudtrail.csv:8664,train
synthetic_cloudtrail.csv:8665,train
synthetic_cloudtrail.csv:8666,train
synthetic_cloudtrail.csv:8667,train
synthetic_cloudtrail.csv:8668,train
synthetic_cloudtrail.csv:8669,train
synthetic_cloudtrail.csv:8670,train
synthetic_cloudtrail.csv:8671,train
synthetic_cloudtrail.csv:8672,train
synthetic_cloudtrail.csv:8673,train
synthetic_cloudtrail.csv:8674,train
synthetic_cloudtrail.csv:8675,train
synthetic_cloudtrail.csv:8676,val
synthetic_cloudtrail.csv:8677,train
synthetic_cloudtrail.csv:8678,train
synthetic_cloudtrail.csv:8679,val
synthetic_cloudtrail.csv:8680,train
synthetic_cloudtrail.csv:8681,train
synthetic_cloudtrail.csv:8682,train
synthetic_cloudtrail.csv:8683,train
synthetic_cloudtrail.csv:8684,val
synthetic_cloudtrail.csv:8685,val
synthetic_cloudtrail.csv:8686,train
synthetic_cloudtrail.csv:8687,val
synthetic_cloudtrail.csv:8688,train
synthetic_cloudtrail.csv:8689,val
synthetic_cloudtrail.csv:8690,val
synthetic_cloudtrail.csv:8691,train
synthetic_cloudtrail.csv:8692,train
synthetic_cloudtrail.csv:8693,train
synthetic_cloudtrail.csv:8694,train
synthetic_cloudtrail.csv:8695,train
synthetic_cloudtrail.csv:8696,train
synthetic_cloudtrail.csv:8697,train
synthetic_cloudtrail.csv:8698,train
synthetic_cloudtrail.csv:8699,train
synthetic_cloudtrail.csv:8700,train
synthetic_cloudtrail.csv:8701,train
synthetic_cloudtrail.csv:8702,train
synthetic_cloudtrail.csv:8703,test
synthetic_cloudtrail.csv:8704,test
synthetic_cloudtrail.csv:8705,test
synthetic_cloudtrail.csv:8706,test
synthetic_cloudtrail.csv:8707,test
synthetic_cloudtrail.csv:8708,test
synthetic_cloudtrail.csv:8709,test
synthetic_cloudtrail.csv:8710,test
synthetic_cloudtrail.csv:8711,test
synthetic_cloudtrail.csv:8712,test
synthetic_cloudtrail.csv:8713,test
synthetic_cloudtrail.csv:8714,test
synthetic_cloudtrail.csv:8715,test
synthetic_cloudtrail.csv:8716,test
synthetic_cloudtrail.csv:8717,train
synthetic_cloudtrail.csv:8718,train
synthetic_cloudtrail.csv:8719,train
synthetic_cloudtrail.csv:8720,train
synthetic_cloudtrail.csv:8721,train
synthetic_cloudtrail.csv:8722,train
synthetic_cloudtrail.csv:8723,train
synthetic_cloudtrail.csv:8724,train
synthetic_cloudtrail.csv:8725,train
synthetic_cloudtrail.csv:8726,train
synthetic_cloudtrail.csv:8727,train
synthetic_cloudtrail.csv:8728,train
synthetic_cloudtrail.csv:8729,train
synthetic_cloudtrail.csv:8730,train
synthetic_cloudtrail.csv:8731,train
synthetic_cloudtrail.csv:8732,train
synthetic_cloudtrail.csv:8733,train
synthetic_cloudtrail.csv:8734,train
synthetic_cloudtrail.csv:8735,train
synthetic_cloudtrail.csv:8736,train
synthetic_cloudtrail.csv:8737,train
synthetic_cloudtrail.csv:8738,train
synthetic_cloudtrail.csv:8739,train
synthetic_cloudtrail.csv:8740,train
synthetic_cloudtrail.csv:8741,train
synthetic_cloudtrail.csv:8742,train
synthetic_cloudtrail.csv:8743,train
synthetic_cloudtrail.csv:8744,train
synthetic_cloudtrail.csv:8745,train
synthetic_cloudtrail.csv:8746,train
synthetic_cloudtrail.csv:8747,train
synthetic_cloudtrail.csv:8748,train
synthetic_cloudtrail.csv:8749,train
synthetic_cloudtrail.csv:8750,train
synthetic_cloudtrail.csv:8751,train
synthetic_cloudtrail.csv:8752,train
synthetic_cloudtrail.csv:8753,train
synthetic_cloudtrail.csv:8754,train
synthetic_cloudtrail.csv:8755,train
synthetic_cloudtrail.csv:8756,train
synthetic_cloudtrail.csv:8757,train
synthetic_cloudtrail.csv:8758,train
synthetic_cloudtrail.csv:8759,train
synthetic_cloudtrail.csv:8760,train
synthetic_cloudtrail.csv:8761,train
synthetic_cloudtrail.csv:8762,val
synthetic_cloudtrail.csv:8763,train
synthetic_cloudtrail.csv:8764,train
synthetic_cloudtrail.csv:8765,train
synthetic_cloudtrail.csv:8766,train
synthetic_cloudtrail.csv:8767,train
synthetic_cloudtrail.csv:8768,val
synthetic_cloudtrail.csv:8769,train
synthetic_cloudtrail.csv:8770,train
synthetic_cloudtrail.csv:8771,train
synthetic_cloudtrail.csv:8772,train
synthetic_cloudtrail.csv:8773,train
synthetic_cloudtrail.csv:8774,train
synthetic_cloudtrail.csv:8775,train
synthetic_cloudtrail.csv:8776,train
synthetic_cloudtrail.csv:8777,train
synthetic_cloudtrail.csv:8778,train
synthetic_cloudtrail.csv:8779,train
synthetic_cloudtrail.csv:8780,train
synthetic_cloudtrail.csv:8781,train
synthetic_cloudtrail.csv:8782,train
synthetic_cloudtrail.csv:8783,train
synthetic_cloudtrail.csv:8784,train
synthetic_cloudtrail.csv:8785,train
synthetic_cloudtrail.csv:8786,train
synthetic_cloudtrail.csv:8787,train
synthetic_cloudtrail.csv:8788,val
synthetic_cloudtrail.csv:8789,train
synthetic_cloudtrail.csv:8790,val
synthetic_cloudtrail.csv:8791,train
synthetic_cloudtrail.csv:8792,train
synthetic_cloudtrail.csv:8793,train
synthetic_cloudtrail.csv:8794,val
synthetic_cloudtrail.csv:8795,val
synthetic_cloudtrail.csv:8796,val
synthetic_cloudtrail.csv:8797,val
synthetic_cloudtrail.csv:8798,train
synthetic_cloudtrail.csv:8799,train
synthetic_cloudtrail.csv:8800,train
synthetic_cloudtrail.csv:8801,train
synthetic_cloudtrail.csv:8802,train
synthetic_cloudtrail.csv:8803,train
synthetic_cloudtrail.csv:8804,train
synthetic_cloudtrail.csv:8805,train
synthetic_cloudtrail.csv:8806,train
synthetic_cloudtrail.csv:8807,train
synthetic_cloudtrail.csv:8808,train
synthetic_cloudtrail.csv:8809,train
synthetic_cloudtrail.csv:8810,train
synthetic_cloudtrail.csv:8811,train
synthetic_cloudtrail.csv:8812,train
synthetic_cloudtrail.csv:8813,train
synthetic_cloudtrail.csv:8814,train
synthetic_cloudtrail.csv:8815,train
synthetic_cloudtrail.csv:8816,train
synthetic_cloudtrail.csv:8817,train
synthetic_cloudtrail.csv:8818,train
synthetic_cloudtrail.csv:8819,train
synthetic_cloudtrail.csv:8820,train
synthetic_cloudtrail.csv:8821,train
synthetic_cloudtrail.csv:8822,train
synthetic_cloudtrail.csv:8823,train
synthetic_cloudtrail.csv:8824,train
synthetic_cloudtrail.csv:8825,train
synthetic_cloudtrail.csv:8826,val
synthetic_cloudtrail.csv:8827,val
synthetic_cloudtrail.csv:8828,val
synthetic_cloudtrail.csv:8829,val
synthetic_cloudtrail.csv:8830,val
synthetic_cloudtrail.csv:8831,val
synthetic_cloudtrail.csv:8832,val
synthetic_cloudtrail.csv:8833,val
synthetic_cloudtrail.csv:8834,train
synthetic_cloudtrail.csv:8835,train
synthetic_cloudtrail.csv:8836,train
synthetic_cloudtrail.csv:8837,train
synthetic_cloudtrail.csv:8838,train
synthetic_cloudtrail.csv:8839,train
synthetic_cloudtrail.csv:8840,train
synthetic_cloudtrail.csv:8841,train
synthetic_cloudtrail.csv:8842,train
synthetic_cloudtrail.csv:8843,train
synthetic_cloudtrail.csv:8844,train
synthetic_cloudtrail.csv:8845,train
synthetic_cloudtrail.csv:8846,train
synthetic_cloudtrail.csv:8847,train
synthetic_cloudtrail.csv:8848,train
synthetic_cloudtrail.csv:8849,train
synthetic_cloudtrail.csv:8850,val
synthetic_cloudtrail.csv:8851,val
synthetic_cloudtrail.csv:8852,val
synthetic_cloudtrail.csv:8853,val
synthetic_cloudtrail.csv:8854,val
synthetic_cloudtrail.csv:8855,val
synthetic_cloudtrail.csv:8856,val
synthetic_cloudtrail.csv:8857,val
synthetic_cloudtrail.csv:8858,val
synthetic_cloudtrail.csv:8859,val
synthetic_cloudtrail.csv:8860,val
synthetic_cloudtrail.csv:8861,val
synthetic_cloudtrail.csv:8862,val
synthetic_cloudtrail.csv:8863,val
synthetic_cloudtrail.csv:8864,val
synthetic_cloudtrail.csv:8865,val
synthetic_cloudtrail.csv:8866,val
synthetic_cloudtrail.csv:8867,val
synthetic_cloudtrail.csv:8868,val
synthetic_cloudtrail.csv:8869,train
synthetic_cloudtrail.csv:8870,train
synthetic_cloudtrail.csv:8871,train
synthetic_cloudtrail.csv:8872,train
synthetic_cloudtrail.csv:8873,val
synthetic_cloudtrail.csv:8874,train
synthetic_cloudtrail.csv:8875,val
synthetic_cloudtrail.csv:8876,val
synthetic_cloudtrail.csv:8877,train
synthetic_cloudtrail.csv:8878,train
synthetic_cloudtrail.csv:8879,val
synthetic_cloudtrail.csv:8880,train
synthetic_cloudtrail.csv:8881,val
synthetic_cloudtrail.csv:8882,train
synthetic_cloudtrail.csv:8883,train
synthetic_cloudtrail.csv:8884,train
synthetic_cloudtrail.csv:8885,val
synthetic_cloudtrail.csv:8886,train
synthetic_cloudtrail.csv:8887,train
synthetic_cloudtrail.csv:8888,train
synthetic_cloudtrail.csv:8889,val
synthetic_cloudtrail.csv:8890,val
synthetic_cloudtrail.csv:8891,val
synthetic_cloudtrail.csv:8892,val
synthetic_cloudtrail.csv:8893,train
synthetic_cloudtrail.csv:8894,test
synthetic_cloudtrail.csv:8895,train
synthetic_cloudtrail.csv:8896,test
synthetic_cloudtrail.csv:8897,train
synthetic_cloudtrail.csv:8898,train
synthetic_cloudtrail.csv:8899,test
synthetic_cloudtrail.csv:8900,train
synthetic_cloudtrail.csv:8901,train
synthetic_cloudtrail.csv:8902,test
synthetic_cloudtrail.csv:8903,test
synthetic_cloudtrail.csv:8904,test
synthetic_cloudtrail.csv:8905,test
synthetic_cloudtrail.csv:8906,test
synthetic_cloudtrail.csv:8907,test
synthetic_cloudtrail.csv:8908,test
synthetic_cloudtrail.csv:8909,test
synthetic_cloudtrail.csv:8910,train
synthetic_cloudtrail.csv:8911,train
synthetic_cloudtrail.csv:8912,train
synthetic_cloudtrail.csv:8913,train
synthetic_cloudtrail.csv:8914,train
synthetic_cloudtrail.csv:8915,train
synthetic_cloudtrail.csv:8916,train
synthetic_cloudtrail.csv:8917,train
synthetic_cloudtrail.csv:8918,train
synthetic_cloudtrail.csv:8919,train
synthetic_cloudtrail.csv:8920,val
synthetic_cloudtrail.csv:8921,train
synthetic_cloudtrail.csv:8922,train
synthetic_cloudtrail.csv:8923,val
synthetic_cloudtrail.csv:8924,train
synthetic_cloudtrail.csv:8925,val
synthetic_cloudtrail.csv:8926,train
synthetic_cloudtrail.csv:8927,val
synthetic_cloudtrail.csv:8928,val
synthetic_cloudtrail.csv:8929,train
synthetic_cloudtrail.csv:8930,val
synthetic_cloudtrail.csv:8931,val
synthetic_cloudtrail.csv:8932,val
synthetic_cloudtrail.csv:8933,val
synthetic_cloudtrail.csv:8934,train
synthetic_cloudtrail.csv:8935,train
synthetic_cloudtrail.csv:8936,train
synthetic_cloudtrail.csv:8937,val
synthetic_cloudtrail.csv:8938,train
synthetic_cloudtrail.csv:8939,train
synthetic_cloudtrail.csv:8940,train
synthetic_cloudtrail.csv:8941,val
synthetic_cloudtrail.csv:8942,val
synthetic_cloudtrail.csv:8943,val
synthetic_cloudtrail.csv:8944,val
synthetic_cloudtrail.csv:8945,val
synthetic_cloudtrail.csv:8946,val
synthetic_cloudtrail.csv:8947,val
synthetic_cloudtrail.csv:8948,test
synthetic_cloudtrail.csv:8949,test
synthetic_cloudtrail.csv:8950,test
synthetic_cloudtrail.csv:8951,test
synthetic_cloudtrail.csv:8952,test
synthetic_cloudtrail.csv:8953,test
synthetic_cloudtrail.csv:8954,test
synthetic_cloudtrail.csv:8955,test
synthetic_cloudtrail.csv:8956,test
synthetic_cloudtrail.csv:8957,train
synthetic_cloudtrail.csv:8958,train
synthetic_cloudtrail.csv:8959,train
synthetic_cloudtrail.csv:8960,train
synthetic_cloudtrail.csv:8961,train
synthetic_cloudtrail.csv:8962,train
synthetic_cloudtrail.csv:8963,train
synthetic_cloudtrail.csv:8964,train
synthetic_cloudtrail.csv:8965,train
synthetic_cloudtrail.csv:8966,train
synthetic_cloudtrail.csv:8967,train
synthetic_cloudtrail.csv:8968,train
synthetic_cloudtrail.csv:8969,train
synthetic_cloudtrail.csv:8970,train
synthetic_cloudtrail.csv:8971,train
synthetic_cloudtrail.csv:8972,train
synthetic_cloudtrail.csv:8973,train
synthetic_cloudtrail.csv:8974,train
synthetic_cloudtrail.csv:8975,train
synthetic_cloudtrail.csv:8976,train
synthetic_cloudtrail.csv:8977,val
synthetic_cloudtrail.csv:8978,train
synthetic_cloudtrail.csv:8979,train
synthetic_cloudtrail.csv:8980,val
synthetic_cloudtrail.csv:8981,val
synthetic_cloudtrail.csv:8982,val
synthetic_cloudtrail.csv:8983,val
synthetic_cloudtrail.csv:8984,val
synthetic_cloudtrail.csv:8985,val
synthetic_cloudtrail.csv:8986,train
synthetic_cloudtrail.csv:8987,val
synthetic_cloudtrail.csv:8988,train
synthetic_cloudtrail.csv:8989,train
synthetic_cloudtrail.csv:8990,train
synthetic_cloudtrail.csv:8991,train
synthetic_cloudtrail.csv:8992,train
synthetic_cloudtrail.csv:8993,train
synthetic_cloudtrail.csv:8994,train
synthetic_cloudtrail.csv:8995,train
synthetic_cloudtrail.csv:8996,train
synthetic_cloudtrail.csv:8997,train
synthetic_cloudtrail.csv:8998,train
synthetic_cloudtrail.csv:8999,train
synthetic_cloudtrail.csv:9000,train
synthetic_cloudtrail.csv:9001,train
synthetic_cloudtrail.csv:9002,train
synthetic_cloudtrail.csv:9003,train
synthetic_cloudtrail.csv:9004,train
synthetic_cloudtrail.csv:9005,train
synthetic_cloudtrail.csv:9006,val
synthetic_cloudtrail.csv:9007,val
synthetic_cloudtrail.csv:9008,val
synthetic_cloudtrail.csv:9009,val
synthetic_cloudtrail.csv:9010,val
synthetic_cloudtrail.csv:9011,val
synthetic_cloudtrail.csv:9012,val
synthetic_cloudtrail.csv:9013,val
synthetic_cloudtrail.csv:9014,val
synthetic_cloudtrail.csv:9015,val
synthetic_cloudtrail.csv:9016,val
synthetic_cloudtrail.csv:9017,val
synthetic_cloudtrail.csv:9018,train
synthetic_cloudtrail.csv:9019,train
synthetic_cloudtrail.csv:9020,train
synthetic_cloudtrail.csv:9021,train
synthetic_cloudtrail.csv:9022,train
synthetic_cloudtrail.csv:9023,train
synthetic_cloudtrail.csv:9024,train
synthetic_cloudtrail.csv:9025,train
synthetic_cloudtrail.csv:9026,train
synthetic_cloudtrail.csv:9027,train
synthetic_cloudtrail.csv:9028,train
synthetic_cloudtrail.csv:9029,train
synthetic_cloudtrail.csv:9030,train
synthetic_cloudtrail.csv:9031,train
synthetic_cloudtrail.csv:9032,train
synthetic_cloudtrail.csv:9033,train
synthetic_cloudtrail.csv:9034,train
synthetic_cloudtrail.csv:9035,train
synthetic_cloudtrail.csv:9036,train
synthetic_cloudtrail.csv:9037,train
synthetic_cloudtrail.csv:9038,train
synthetic_cloudtrail.csv:9039,train
synthetic_cloudtrail.csv:9040,train
synthetic_cloudtrail.csv:9041,val
synthetic_cloudtrail.csv:9042,train
synthetic_cloudtrail.csv:9043,train
synthetic_cloudtrail.csv:9044,train
synthetic_cloudtrail.csv:9045,val
synthetic_cloudtrail.csv:9046,val
synthetic_cloudtrail.csv:9047,val
synthetic_cloudtrail.csv:9048,val
synthetic_cloudtrail.csv:9049,val
synthetic_cloudtrail.csv:9050,val
synthetic_cloudtrail.csv:9051,val
synthetic_cloudtrail.csv:9052,val
synthetic_cloudtrail.csv:9053,train
synthetic_cloudtrail.csv:9054,train
synthetic_cloudtrail.csv:9055,train
synthetic_cloudtrail.csv:9056,train
synthetic_cloudtrail.csv:9057,train
synthetic_cloudtrail.csv:9058,train
synthetic_cloudtrail.csv:9059,train
synthetic_cloudtrail.csv:9060,train
synthetic_cloudtrail.csv:9061,train
synthetic_cloudtrail.csv:9062,train
synthetic_cloudtrail.csv:9063,train
synthetic_cloudtrail.csv:9064,train
synthetic_cloudtrail.csv:9065,train
synthetic_cloudtrail.csv:9066,train
synthetic_cloudtrail.csv:9067,train
synthetic_cloudtrail.csv:9068,train
synthetic_cloudtrail.csv:9069,train
synthetic_cloudtrail.csv:9070,train
synthetic_cloudtrail.csv:9071,train
synthetic_cloudtrail.csv:9072,train
synthetic_cloudtrail.csv:9073,train
synthetic_cloudtrail.csv:9074,val
synthetic_cloudtrail.csv:9075,val
synthetic_cloudtrail.csv:9076,val
synthetic_cloudtrail.csv:9077,train
synthetic_cloudtrail.csv:9078,val
synthetic_cloudtrail.csv:9079,val
synthetic_cloudtrail.csv:9080,val
synthetic_cloudtrail.csv:9081,val
synthetic_cloudtrail.csv:9082,val
synthetic_cloudtrail.csv:9083,val
synthetic_cloudtrail.csv:9084,val
synthetic_cloudtrail.csv:9085,val
synthetic_cloudtrail.csv:9086,val
synthetic_cloudtrail.csv:9087,val
synthetic_cloudtrail.csv:9088,val
synthetic_cloudtrail.csv:9089,val
synthetic_cloudtrail.csv:9090,train
synthetic_cloudtrail.csv:9091,train
synthetic_cloudtrail.csv:9092,train
synthetic_cloudtrail.csv:9093,train
synthetic_cloudtrail.csv:9094,train
synthetic_cloudtrail.csv:9095,val
synthetic_cloudtrail.csv:9096,train
synthetic_cloudtrail.csv:9097,val
synthetic_cloudtrail.csv:9098,val
synthetic_cloudtrail.csv:9099,val
synthetic_cloudtrail.csv:9100,train
synthetic_cloudtrail.csv:9101,train
synthetic_cloudtrail.csv:9102,val
synthetic_cloudtrail.csv:9103,train
synthetic_cloudtrail.csv:9104,train
synthetic_cloudtrail.csv:9105,train
synthetic_cloudtrail.csv:9106,train
synthetic_cloudtrail.csv:9107,train
synthetic_cloudtrail.csv:9108,train
synthetic_cloudtrail.csv:9109,train
synthetic_cloudtrail.csv:9110,train
synthetic_cloudtrail.csv:9111,train
synthetic_cloudtrail.csv:9112,train
synthetic_cloudtrail.csv:9113,train
synthetic_cloudtrail.csv:9114,train
synthetic_cloudtrail.csv:9115,train
synthetic_cloudtrail.csv:9116,train
synthetic_cloudtrail.csv:9117,train
synthetic_cloudtrail.csv:9118,train
synthetic_cloudtrail.csv:9119,train
synthetic_cloudtrail.csv:9120,train
synthetic_cloudtrail.csv:9121,train
synthetic_cloudtrail.csv:9122,train
synthetic_cloudtrail.csv:9123,train
synthetic_cloudtrail.csv:9124,train
synthetic_cloudtrail.csv:9125,test
synthetic_cloudtrail.csv:9126,test
synthetic_cloudtrail.csv:9127,train
synthetic_cloudtrail.csv:9128,train
synthetic_cloudtrail.csv:9129,train
synthetic_cloudtrail.csv:9130,test
synthetic_cloudtrail.csv:9131,train
synthetic_cloudtrail.csv:9132,train
synthetic_cloudtrail.csv:9133,train
synthetic_cloudtrail.csv:9134,test
synthetic_cloudtrail.csv:9135,train
synthetic_cloudtrail.csv:9136,train
synthetic_cloudtrail.csv:9137,train
synthetic_cloudtrail.csv:9138,test
synthetic_cloudtrail.csv:9139,train
synthetic_cloudtrail.csv:9140,train
synthetic_cloudtrail.csv:9141,train
synthetic_cloudtrail.csv:9142,test
synthetic_cloudtrail.csv:9143,train
synthetic_cloudtrail.csv:9144,train
synthetic_cloudtrail.csv:9145,test
synthetic_cloudtrail.csv:9146,train
synthetic_cloudtrail.csv:9147,train
synthetic_cloudtrail.csv:9148,train
synthetic_cloudtrail.csv:9149,test
synthetic_cloudtrail.csv:9150,train
synthetic_cloudtrail.csv:9151,train
synthetic_cloudtrail.csv:9152,test
synthetic_cloudtrail.csv:9153,train
synthetic_cloudtrail.csv:9154,train
synthetic_cloudtrail.csv:9155,test
synthetic_cloudtrail.csv:9156,val
synthetic_cloudtrail.csv:9157,train
synthetic_cloudtrail.csv:9158,train
synthetic_cloudtrail.csv:9159,train
synthetic_cloudtrail.csv:9160,train
synthetic_cloudtrail.csv:9161,test
synthetic_cloudtrail.csv:9162,train
synthetic_cloudtrail.csv:9163,train
synthetic_cloudtrail.csv:9164,test
synthetic_cloudtrail.csv:9165,train
synthetic_cloudtrail.csv:9166,test
synthetic_cloudtrail.csv:9167,test
synthetic_cloudtrail.csv:9168,val
synthetic_cloudtrail.csv:9169,test
synthetic_cloudtrail.csv:9170,train
synthetic_cloudtrail.csv:9171,val
synthetic_cloudtrail.csv:9172,train
synthetic_cloudtrail.csv:9173,test
synthetic_cloudtrail.csv:9174,train
synthetic_cloudtrail.csv:9175,train
synthetic_cloudtrail.csv:9176,train
synthetic_cloudtrail.csv:9177,train
synthetic_cloudtrail.csv:9178,val
synthetic_cloudtrail.csv:9179,train
synthetic_cloudtrail.csv:9180,val
synthetic_cloudtrail.csv:9181,val
synthetic_cloudtrail.csv:9182,val
synthetic_cloudtrail.csv:9183,val
synthetic_cloudtrail.csv:9184,train
synthetic_cloudtrail.csv:9185,train
synthetic_cloudtrail.csv:9186,train
synthetic_cloudtrail.csv:9187,train
synthetic_cloudtrail.csv:9188,val
synthetic_cloudtrail.csv:9189,train
synthetic_cloudtrail.csv:9190,val
synthetic_cloudtrail.csv:9191,val
synthetic_cloudtrail.csv:9192,val
synthetic_cloudtrail.csv:9193,train
synthetic_cloudtrail.csv:9194,train
synthetic_cloudtrail.csv:9195,val
synthetic_cloudtrail.csv:9196,val
synthetic_cloudtrail.csv:9197,train
synthetic_cloudtrail.csv:9198,train
synthetic_cloudtrail.csv:9199,train
synthetic_cloudtrail.csv:9200,train
synthetic_cloudtrail.csv:9201,train
synthetic_cloudtrail.csv:9202,train
synthetic_cloudtrail.csv:9203,train
synthetic_cloudtrail.csv:9204,train
synthetic_cloudtrail.csv:9205,train
synthetic_cloudtrail.csv:9206,train
synthetic_cloudtrail.csv:9207,train
synthetic_cloudtrail.csv:9208,train
synthetic_cloudtrail.csv:9209,val
synthetic_cloudtrail.csv:9210,train
synthetic_cloudtrail.csv:9211,train
synthetic_cloudtrail.csv:9212,val
synthetic_cloudtrail.csv:9213,val
synthetic_cloudtrail.csv:9214,val
synthetic_cloudtrail.csv:9215,val
synthetic_cloudtrail.csv:9216,val
synthetic_cloudtrail.csv:9217,val
synthetic_cloudtrail.csv:9218,val
synthetic_cloudtrail.csv:9219,val
synthetic_cloudtrail.csv:9220,train
synthetic_cloudtrail.csv:9221,val
synthetic_cloudtrail.csv:9222,train
synthetic_cloudtrail.csv:9223,train
synthetic_cloudtrail.csv:9224,val
synthetic_cloudtrail.csv:9225,val
synthetic_cloudtrail.csv:9226,train
synthetic_cloudtrail.csv:9227,train
synthetic_cloudtrail.csv:9228,val
synthetic_cloudtrail.csv:9229,train
synthetic_cloudtrail.csv:9230,val
synthetic_cloudtrail.csv:9231,val
synthetic_cloudtrail.csv:9232,train
synthetic_cloudtrail.csv:9233,train
synthetic_cloudtrail.csv:9234,train
synthetic_cloudtrail.csv:9235,train
synthetic_cloudtrail.csv:9236,train
synthetic_cloudtrail.csv:9237,train
synthetic_cloudtrail.csv:9238,train
synthetic_cloudtrail.csv:9239,train
synthetic_cloudtrail.csv:9240,train
synthetic_cloudtrail.csv:9241,train
synthetic_cloudtrail.csv:9242,train
synthetic_cloudtrail.csv:9243,train
synthetic_cloudtrail.csv:9244,train
synthetic_cloudtrail.csv:9245,train
synthetic_cloudtrail.csv:9246,train
synthetic_cloudtrail.csv:9247,train
synthetic_cloudtrail.csv:9248,train
synthetic_cloudtrail.csv:9249,train
synthetic_cloudtrail.csv:9250,val
synthetic_cloudtrail.csv:9251,train
synthetic_cloudtrail.csv:9252,train
synthetic_cloudtrail.csv:9253,val
synthetic_cloudtrail.csv:9254,train
synthetic_cloudtrail.csv:9255,train
synthetic_cloudtrail.csv:9256,train
synthetic_cloudtrail.csv:9257,val
synthetic_cloudtrail.csv:9258,val
synthetic_cloudtrail.csv:9259,val
synthetic_cloudtrail.csv:9260,val
synthetic_cloudtrail.csv:9261,val
synthetic_cloudtrail.csv:9262,val
synthetic_cloudtrail.csv:9263,train
synthetic_cloudtrail.csv:9264,train
synthetic_cloudtrail.csv:9265,train
synthetic_cloudtrail.csv:9266,train
synthetic_cloudtrail.csv:9267,train
synthetic_cloudtrail.csv:9268,train
synthetic_cloudtrail.csv:9269,train
synthetic_cloudtrail.csv:9270,train
synthetic_cloudtrail.csv:9271,train
synthetic_cloudtrail.csv:9272,train
synthetic_cloudtrail.csv:9273,train
synthetic_cloudtrail.csv:9274,train
synthetic_cloudtrail.csv:9275,train
synthetic_cloudtrail.csv:9276,train
synthetic_cloudtrail.csv:9277,val
synthetic_cloudtrail.csv:9278,train
synthetic_cloudtrail.csv:9279,train
synthetic_cloudtrail.csv:9280,train
synthetic_cloudtrail.csv:9281,train
synthetic_cloudtrail.csv:9282,val
synthetic_cloudtrail.csv:9283,train
synthetic_cloudtrail.csv:9284,val
synthetic_cloudtrail.csv:9285,train
synthetic_cloudtrail.csv:9286,val
synthetic_cloudtrail.csv:9287,val
synthetic_cloudtrail.csv:9288,val
synthetic_cloudtrail.csv:9289,val
synthetic_cloudtrail.csv:9290,val
synthetic_cloudtrail.csv:9291,val
synthetic_cloudtrail.csv:9292,val
synthetic_cloudtrail.csv:9293,val
synthetic_cloudtrail.csv:9294,val
synthetic_cloudtrail.csv:9295,train
synthetic_cloudtrail.csv:9296,train
synthetic_cloudtrail.csv:9297,train
synthetic_cloudtrail.csv:9298,train
synthetic_cloudtrail.csv:9299,train
synthetic_cloudtrail.csv:9300,train
synthetic_cloudtrail.csv:9301,train
synthetic_cloudtrail.csv:9302,train
synthetic_cloudtrail.csv:9303,train
synthetic_cloudtrail.csv:9304,train
synthetic_cloudtrail.csv:9305,train
synthetic_cloudtrail.csv:9306,train
synthetic_cloudtrail.csv:9307,train
synthetic_cloudtrail.csv:9308,train
synthetic_cloudtrail.csv:9309,train
synthetic_cloudtrail.csv:9310,train
synthetic_cloudtrail.csv:9311,train
synthetic_cloudtrail.csv:9312,train
synthetic_cloudtrail.csv:9313,train
synthetic_cloudtrail.csv:9314,train
synthetic_cloudtrail.csv:9315,train
synthetic_cloudtrail.csv:9316,train
synthetic_cloudtrail.csv:9317,train
synthetic_cloudtrail.csv:9318,train
synthetic_cloudtrail.csv:9319,train
synthetic_cloudtrail.csv:9320,train
synthetic_cloudtrail.csv:9321,train
synthetic_cloudtrail.csv:9322,train
synthetic_cloudtrail.csv:9323,train
synthetic_cloudtrail.csv:9324,train
synthetic_cloudtrail.csv:9325,train
synthetic_cloudtrail.csv:9326,train
synthetic_cloudtrail.csv:9327,train
synthetic_cloudtrail.csv:9328,train
synthetic_cloudtrail.csv:9329,train
synthetic_cloudtrail.csv:9330,train
synthetic_cloudtrail.csv:9331,train
synthetic_cloudtrail.csv:9332,train
synthetic_cloudtrail.csv:9333,train
synthetic_cloudtrail.csv:9334,train
synthetic_cloudtrail.csv:9335,train
synthetic_cloudtrail.csv:9336,train
synthetic_cloudtrail.csv:9337,train
synthetic_cloudtrail.csv:9338,train
synthetic_cloudtrail.csv:9339,train
synthetic_cloudtrail.csv:9340,train
synthetic_cloudtrail.csv:9341,train
synthetic_cloudtrail.csv:9342,train
synthetic_cloudtrail.csv:9343,train
synthetic_cloudtrail.csv:9344,train
synthetic_cloudtrail.csv:9345,train
synthetic_cloudtrail.csv:9346,train
synthetic_cloudtrail.csv:9347,train
synthetic_cloudtrail.csv:9348,train
synthetic_cloudtrail.csv:9349,train
synthetic_cloudtrail.csv:9350,train
synthetic_cloudtrail.csv:9351,train
synthetic_cloudtrail.csv:9352,train
synthetic_cloudtrail.csv:9353,train
synthetic_cloudtrail.csv:9354,train
synthetic_cloudtrail.csv:9355,train
synthetic_cloudtrail.csv:9356,train
synthetic_cloudtrail.csv:9357,train
synthetic_cloudtrail.csv:9358,train
synthetic_cloudtrail.csv:9359,train
synthetic_cloudtrail.csv:9360,train
synthetic_cloudtrail.csv:9361,train
synthetic_cloudtrail.csv:9362,train
synthetic_cloudtrail.csv:9363,test
synthetic_cloudtrail.csv:9364,test
synthetic_cloudtrail.csv:9365,test
synthetic_cloudtrail.csv:9366,test
synthetic_cloudtrail.csv:9367,test
synthetic_cloudtrail.csv:9368,test
synthetic_cloudtrail.csv:9369,test
synthetic_cloudtrail.csv:9370,test
synthetic_cloudtrail.csv:9371,test
synthetic_cloudtrail.csv:9372,test
synthetic_cloudtrail.csv:9373,test
synthetic_cloudtrail.csv:9374,test
synthetic_cloudtrail.csv:9375,test
synthetic_cloudtrail.csv:9376,test
synthetic_cloudtrail.csv:9377,test
synthetic_cloudtrail.csv:9378,test
synthetic_cloudtrail.csv:9379,test
synthetic_cloudtrail.csv:9380,test
synthetic_cloudtrail.csv:9381,test
synthetic_cloudtrail.csv:9382,test
synthetic_cloudtrail.csv:9383,test
synthetic_cloudtrail.csv:9384,test
synthetic_cloudtrail.csv:9385,test
synthetic_cloudtrail.csv:9386,test
synthetic_cloudtrail.csv:9387,test
synthetic_cloudtrail.csv:9388,test
synthetic_cloudtrail.csv:9389,test
synthetic_cloudtrail.csv:9390,test
synthetic_cloudtrail.csv:9391,test
synthetic_cloudtrail.csv:9392,test
synthetic_cloudtrail.csv:9393,train
synthetic_cloudtrail.csv:9394,train
synthetic_cloudtrail.csv:9395,train
synthetic_cloudtrail.csv:9396,train
synthetic_cloudtrail.csv:9397,train
synthetic_cloudtrail.csv:9398,train
synthetic_cloudtrail.csv:9399,train
synthetic_cloudtrail.csv:9400,train
synthetic_cloudtrail.csv:9401,train
synthetic_cloudtrail.csv:9402,train
synthetic_cloudtrail.csv:9403,train
synthetic_cloudtrail.csv:9404,train
synthetic_cloudtrail.csv:9405,train
synthetic_cloudtrail.csv:9406,train
synthetic_cloudtrail.csv:9407,train
synthetic_cloudtrail.csv:9408,train
synthetic_cloudtrail.csv:9409,train
synthetic_cloudtrail.csv:9410,train
synthetic_cloudtrail.csv:9411,train
synthetic_cloudtrail.csv:9412,train
synthetic_cloudtrail.csv:9413,train
synthetic_cloudtrail.csv:9414,train
synthetic_cloudtrail.csv:9415,train
synthetic_cloudtrail.csv:9416,train
synthetic_cloudtrail.csv:9417,test
synthetic_cloudtrail.csv:9418,test
synthetic_cloudtrail.csv:9419,test
synthetic_cloudtrail.csv:9420,test
synthetic_cloudtrail.csv:9421,test
synthetic_cloudtrail.csv:9422,test
synthetic_cloudtrail.csv:9423,test
synthetic_cloudtrail.csv:9424,test
synthetic_cloudtrail.csv:9425,test
synthetic_cloudtrail.csv:9426,test
synthetic_cloudtrail.csv:9427,test
synthetic_cloudtrail.csv:9428,test
synthetic_cloudtrail.csv:9429,test
synthetic_cloudtrail.csv:9430,test
synthetic_cloudtrail.csv:9431,test
synthetic_cloudtrail.csv:9432,test
synthetic_cloudtrail.csv:9433,train
synthetic_cloudtrail.csv:9434,val
synthetic_cloudtrail.csv:9435,train
synthetic_cloudtrail.csv:9436,train
synthetic_cloudtrail.csv:9437,val
synthetic_cloudtrail.csv:9438,train
synthetic_cloudtrail.csv:9439,train
synthetic_cloudtrail.csv:9440,val
synthetic_cloudtrail.csv:9441,val
synthetic_cloudtrail.csv:9442,val
synthetic_cloudtrail.csv:9443,val
synthetic_cloudtrail.csv:9444,train
synthetic_cloudtrail.csv:9445,val
synthetic_cloudtrail.csv:9446,val
synthetic_cloudtrail.csv:9447,test
synthetic_cloudtrail.csv:9448,test
synthetic_cloudtrail.csv:9449,test
synthetic_cloudtrail.csv:9450,test
synthetic_cloudtrail.csv:9451,test
synthetic_cloudtrail.csv:9452,test
synthetic_cloudtrail.csv:9453,test
synthetic_cloudtrail.csv:9454,test
synthetic_cloudtrail.csv:9455,test
synthetic_cloudtrail.csv:9456,test
synthetic_cloudtrail.csv:9457,test
synthetic_cloudtrail.csv:9458,test
synthetic_cloudtrail.csv:9459,test
synthetic_cloudtrail.csv:9460,test
synthetic_cloudtrail.csv:9461,test
synthetic_cloudtrail.csv:9462,test
synthetic_cloudtrail.csv:9463,test
synthetic_cloudtrail.csv:9464,test
synthetic_cloudtrail.csv:9465,test
synthetic_cloudtrail.csv:9466,test
synthetic_cloudtrail.csv:9467,train
synthetic_cloudtrail.csv:9468,train
synthetic_cloudtrail.csv:9469,train
synthetic_cloudtrail.csv:9470,train
synthetic_cloudtrail.csv:9471,test
synthetic_cloudtrail.csv:9472,test
synthetic_cloudtrail.csv:9473,test
synthetic_cloudtrail.csv:9474,test
synthetic_cloudtrail.csv:9475,test
synthetic_cloudtrail.csv:9476,test
synthetic_cloudtrail.csv:9477,test
synthetic_cloudtrail.csv:9478,test
synthetic_cloudtrail.csv:9479,test
synthetic_cloudtrail.csv:9480,test
synthetic_cloudtrail.csv:9481,test
synthetic_cloudtrail.csv:9482,test
synthetic_cloudtrail.csv:9483,test
synthetic_cloudtrail.csv:9484,val
synthetic_cloudtrail.csv:9485,train
synthetic_cloudtrail.csv:9486,train
synthetic_cloudtrail.csv:9487,val
synthetic_cloudtrail.csv:9488,val
synthetic_cloudtrail.csv:9489,val
synthetic_cloudtrail.csv:9490,val
synthetic_cloudtrail.csv:9491,train
synthetic_cloudtrail.csv:9492,val
synthetic_cloudtrail.csv:9493,val
synthetic_cloudtrail.csv:9494,val
synthetic_cloudtrail.csv:9495,val
synthetic_cloudtrail.csv:9496,val
synthetic_cloudtrail.csv:9497,val
synthetic_cloudtrail.csv:9498,val
synthetic_cloudtrail.csv:9499,val
synthetic_cloudtrail.csv:9500,val
synthetic_cloudtrail.csv:9501,val
synthetic_cloudtrail.csv:9502,val
synthetic_cloudtrail.csv:9503,val
synthetic_cloudtrail.csv:9504,val
synthetic_cloudtrail.csv:9505,val
synthetic_cloudtrail.csv:9506,val
synthetic_cloudtrail.csv:9507,val
synthetic_cloudtrail.csv:9508,val
synthetic_cloudtrail.csv:9509,val
synthetic_cloudtrail.csv:9510,val
synthetic_cloudtrail.csv:9511,train
synthetic_cloudtrail.csv:9512,val
synthetic_cloudtrail.csv:9513,train
synthetic_cloudtrail.csv:9514,val
synthetic_cloudtrail.csv:9515,val
synthetic_cloudtrail.csv:9516,val
synthetic_cloudtrail.csv:9517,val
synthetic_cloudtrail.csv:9518,test
synthetic_cloudtrail.csv:9519,test
synthetic_cloudtrail.csv:9520,test
synthetic_cloudtrail.csv:9521,test
synthetic_cloudtrail.csv:9522,test
synthetic_cloudtrail.csv:9523,test
synthetic_cloudtrail.csv:9524,test
synthetic_cloudtrail.csv:9525,test
synthetic_cloudtrail.csv:9526,test
synthetic_cloudtrail.csv:9527,test
synthetic_cloudtrail.csv:9528,test
synthetic_cloudtrail.csv:9529,test
synthetic_cloudtrail.csv:9530,test
synthetic_cloudtrail.csv:9531,test
synthetic_cloudtrail.csv:9532,test
synthetic_cloudtrail.csv:9533,test
synthetic_cloudtrail.csv:9534,test
synthetic_cloudtrail.csv:9535,test
synthetic_cloudtrail.csv:9536,test
synthetic_cloudtrail.csv:9537,test
synthetic_cloudtrail.csv:9538,train
synthetic_cloudtrail.csv:9539,train
synthetic_cloudtrail.csv:9540,val
synthetic_cloudtrail.csv:9541,train
synthetic_cloudtrail.csv:9542,train
synthetic_cloudtrail.csv:9543,val
synthetic_cloudtrail.csv:9544,train
synthetic_cloudtrail.csv:9545,val
synthetic_cloudtrail.csv:9546,train
synthetic_cloudtrail.csv:9547,val
synthetic_cloudtrail.csv:9548,train
synthetic_cloudtrail.csv:9549,train
synthetic_cloudtrail.csv:9550,train
synthetic_cloudtrail.csv:9551,train
synthetic_cloudtrail.csv:9552,val
synthetic_cloudtrail.csv:9553,val
synthetic_cloudtrail.csv:9554,train
synthetic_cloudtrail.csv:9555,train
synthetic_cloudtrail.csv:9556,train
synthetic_cloudtrail.csv:9557,train
synthetic_cloudtrail.csv:9558,train
synthetic_cloudtrail.csv:9559,train
synthetic_cloudtrail.csv:9560,train
synthetic_cloudtrail.csv:9561,train
synthetic_cloudtrail.csv:9562,train
synthetic_cloudtrail.csv:9563,train
synthetic_cloudtrail.csv:9564,train
synthetic_cloudtrail.csv:9565,train
synthetic_cloudtrail.csv:9566,val
synthetic_cloudtrail.csv:9567,val
synthetic_cloudtrail.csv:9568,val
synthetic_cloudtrail.csv:9569,val
synthetic_cloudtrail.csv:9570,val
synthetic_cloudtrail.csv:9571,val
synthetic_cloudtrail.csv:9572,train
synthetic_cloudtrail.csv:9573,train
synthetic_cloudtrail.csv:9574,train
synthetic_cloudtrail.csv:9575,train
synthetic_cloudtrail.csv:9576,train
synthetic_cloudtrail.csv:9577,train
synthetic_cloudtrail.csv:9578,train
synthetic_cloudtrail.csv:9579,train
synthetic_cloudtrail.csv:9580,train
synthetic_cloudtrail.csv:9581,train
synthetic_cloudtrail.csv:9582,train
synthetic_cloudtrail.csv:9583,train
synthetic_cloudtrail.csv:9584,val
synthetic_cloudtrail.csv:9585,train
synthetic_cloudtrail.csv:9586,train
synthetic_cloudtrail.csv:9587,val
synthetic_cloudtrail.csv:9588,val
synthetic_cloudtrail.csv:9589,val
synthetic_cloudtrail.csv:9590,train
synthetic_cloudtrail.csv:9591,train
synthetic_cloudtrail.csv:9592,train
synthetic_cloudtrail.csv:9593,train
synthetic_cloudtrail.csv:9594,val
synthetic_cloudtrail.csv:9595,val
synthetic_cloudtrail.csv:9596,val
synthetic_cloudtrail.csv:9597,val
synthetic_cloudtrail.csv:9598,val
synthetic_cloudtrail.csv:9599,train
synthetic_cloudtrail.csv:9600,train
synthetic_cloudtrail.csv:9601,train
synthetic_cloudtrail.csv:9602,train
synthetic_cloudtrail.csv:9603,train
synthetic_cloudtrail.csv:9604,train
synthetic_cloudtrail.csv:9605,train
synthetic_cloudtrail.csv:9606,train
synthetic_cloudtrail.csv:9607,train
synthetic_cloudtrail.csv:9608,train
synthetic_cloudtrail.csv:9609,train
synthetic_cloudtrail.csv:9610,train
synthetic_cloudtrail.csv:9611,train
synthetic_cloudtrail.csv:9612,train
synthetic_cloudtrail.csv:9613,train
synthetic_cloudtrail.csv:9614,train
synthetic_cloudtrail.csv:9615,train
synthetic_cloudtrail.csv:9616,train
synthetic_cloudtrail.csv:9617,train
synthetic_cloudtrail.csv:9618,train
synthetic_cloudtrail.csv:9619,train
synthetic_cloudtrail.csv:9620,train
synthetic_cloudtrail.csv:9621,val
synthetic_cloudtrail.csv:9622,test
synthetic_cloudtrail.csv:9623,test
synthetic_cloudtrail.csv:9624,test
synthetic_cloudtrail.csv:9625,test
synthetic_cloudtrail.csv:9626,test
synthetic_cloudtrail.csv:9627,test
synthetic_cloudtrail.csv:9628,test
synthetic_cloudtrail.csv:9629,test
synthetic_cloudtrail.csv:9630,train
synthetic_cloudtrail.csv:9631,train
synthetic_cloudtrail.csv:9632,train
synthetic_cloudtrail.csv:9633,train
synthetic_cloudtrail.csv:9634,train
synthetic_cloudtrail.csv:9635,train
synthetic_cloudtrail.csv:9636,train
synthetic_cloudtrail.csv:9637,train
synthetic_cloudtrail.csv:9638,train
synthetic_cloudtrail.csv:9639,train
synthetic_cloudtrail.csv:9640,train
synthetic_cloudtrail.csv:9641,train
synthetic_cloudtrail.csv:9642,train
synthetic_cloudtrail.csv:9643,train
synthetic_cloudtrail.csv:9644,train
synthetic_cloudtrail.csv:9645,train
synthetic_cloudtrail.csv:9646,train
synthetic_cloudtrail.csv:9647,train
synthetic_cloudtrail.csv:9648,train
synthetic_cloudtrail.csv:9649,train
synthetic_cloudtrail.csv:9650,train
synthetic_cloudtrail.csv:9651,train
synthetic_cloudtrail.csv:9652,train
synthetic_cloudtrail.csv:9653,train
synthetic_cloudtrail.csv:9654,train
synthetic_cloudtrail.csv:9655,train
synthetic_cloudtrail.csv:9656,train
synthetic_cloudtrail.csv:9657,train
synthetic_cloudtrail.csv:9658,val
synthetic_cloudtrail.csv:9659,train
synthetic_cloudtrail.csv:9660,train
synthetic_cloudtrail.csv:9661,train
synthetic_cloudtrail.csv:9662,val
synthetic_cloudtrail.csv:9663,train
synthetic_cloudtrail.csv:9664,train
synthetic_cloudtrail.csv:9665,train
synthetic_cloudtrail.csv:9666,train
synthetic_cloudtrail.csv:9667,train
synthetic_cloudtrail.csv:9668,train
synthetic_cloudtrail.csv:9669,train
synthetic_cloudtrail.csv:9670,train
synthetic_cloudtrail.csv:9671,train
synthetic_cloudtrail.csv:9672,train
synthetic_cloudtrail.csv:9673,train
synthetic_cloudtrail.csv:9674,train
synthetic_cloudtrail.csv:9675,train
synthetic_cloudtrail.csv:9676,train
synthetic_cloudtrail.csv:9677,train
synthetic_cloudtrail.csv:9678,train
synthetic_cloudtrail.csv:9679,train
synthetic_cloudtrail.csv:9680,train
synthetic_cloudtrail.csv:9681,train
synthetic_cloudtrail.csv:9682,train
synthetic_cloudtrail.csv:9683,train
synthetic_cloudtrail.csv:9684,train
synthetic_cloudtrail.csv:9685,train
synthetic_cloudtrail.csv:9686,train
synthetic_cloudtrail.csv:9687,train
synthetic_cloudtrail.csv:9688,train
synthetic_cloudtrail.csv:9689,train
synthetic_cloudtrail.csv:9690,train
synthetic_cloudtrail.csv:9691,train
synthetic_cloudtrail.csv:9692,train
synthetic_cloudtrail.csv:9693,train
synthetic_cloudtrail.csv:9694,train
synthetic_cloudtrail.csv:9695,train
synthetic_cloudtrail.csv:9696,val
synthetic_cloudtrail.csv:9697,train
synthetic_cloudtrail.csv:9698,train
synthetic_cloudtrail.csv:9699,train
synthetic_cloudtrail.csv:9700,train
synthetic_cloudtrail.csv:9701,val
synthetic_cloudtrail.csv:9702,val
synthetic_cloudtrail.csv:9703,train
synthetic_cloudtrail.csv:9704,train
synthetic_cloudtrail.csv:9705,val
synthetic_cloudtrail.csv:9706,val
synthetic_cloudtrail.csv:9707,val
synthetic_cloudtrail.csv:9708,train
synthetic_cloudtrail.csv:9709,train
synthetic_cloudtrail.csv:9710,val
synthetic_cloudtrail.csv:9711,train
synthetic_cloudtrail.csv:9712,train
synthetic_cloudtrail.csv:9713,train
synthetic_cloudtrail.csv:9714,train
synthetic_cloudtrail.csv:9715,train
synthetic_cloudtrail.csv:9716,train
synthetic_cloudtrail.csv:9717,train
synthetic_cloudtrail.csv:9718,train
synthetic_cloudtrail.csv:9719,train
synthetic_cloudtrail.csv:9720,train
synthetic_cloudtrail.csv:9721,train
synthetic_cloudtrail.csv:9722,train
synthetic_cloudtrail.csv:9723,train
synthetic_cloudtrail.csv:9724,train
synthetic_cloudtrail.csv:9725,train
synthetic_cloudtrail.csv:9726,train
synthetic_cloudtrail.csv:9727,train
synthetic_cloudtrail.csv:9728,train
synthetic_cloudtrail.csv:9729,train
synthetic_cloudtrail.csv:9730,test
synthetic_cloudtrail.csv:9731,test
synthetic_cloudtrail.csv:9732,test
synthetic_cloudtrail.csv:9733,test
synthetic_cloudtrail.csv:9734,test
synthetic_cloudtrail.csv:9735,test
synthetic_cloudtrail.csv:9736,test
synthetic_cloudtrail.csv:9737,test
synthetic_cloudtrail.csv:9738,test
synthetic_cloudtrail.csv:9739,test
synthetic_cloudtrail.csv:9740,test
synthetic_cloudtrail.csv:9741,test
synthetic_cloudtrail.csv:9742,train
synthetic_cloudtrail.csv:9743,train
synthetic_cloudtrail.csv:9744,train
synthetic_cloudtrail.csv:9745,train
synthetic_cloudtrail.csv:9746,train
synthetic_cloudtrail.csv:9747,train
synthetic_cloudtrail.csv:9748,train
synthetic_cloudtrail.csv:9749,train
synthetic_cloudtrail.csv:9750,train
synthetic_cloudtrail.csv:9751,train
synthetic_cloudtrail.csv:9752,train
synthetic_cloudtrail.csv:9753,train
synthetic_cloudtrail.csv:9754,train
synthetic_cloudtrail.csv:9755,train
synthetic_cloudtrail.csv:9756,train
synthetic_cloudtrail.csv:9757,train
synthetic_cloudtrail.csv:9758,train
synthetic_cloudtrail.csv:9759,train
synthetic_cloudtrail.csv:9760,train
synthetic_cloudtrail.csv:9761,train
synthetic_cloudtrail.csv:9762,train
synthetic_cloudtrail.csv:9763,train
synthetic_cloudtrail.csv:9764,train
synthetic_cloudtrail.csv:9765,train
synthetic_cloudtrail.csv:9766,train
synthetic_cloudtrail.csv:9767,val
synthetic_cloudtrail.csv:9768,train
synthetic_cloudtrail.csv:9769,train
synthetic_cloudtrail.csv:9770,val
synthetic_cloudtrail.csv:9771,val
synthetic_cloudtrail.csv:9772,val
synthetic_cloudtrail.csv:9773,val
synthetic_cloudtrail.csv:9774,val
synthetic_cloudtrail.csv:9775,val
synthetic_cloudtrail.csv:9776,val
synthetic_cloudtrail.csv:9777,val
synthetic_cloudtrail.csv:9778,val
synthetic_cloudtrail.csv:9779,train
synthetic_cloudtrail.csv:9780,train
synthetic_cloudtrail.csv:9781,train
synthetic_cloudtrail.csv:9782,train
synthetic_cloudtrail.csv:9783,train
synthetic_cloudtrail.csv:9784,train
synthetic_cloudtrail.csv:9785,train
synthetic_cloudtrail.csv:9786,train
synthetic_cloudtrail.csv:9787,train
synthetic_cloudtrail.csv:9788,train
synthetic_cloudtrail.csv:9789,train
synthetic_cloudtrail.csv:9790,train
synthetic_cloudtrail.csv:9791,train
synthetic_cloudtrail.csv:9792,train
synthetic_cloudtrail.csv:9793,train
synthetic_cloudtrail.csv:9794,val
synthetic_cloudtrail.csv:9795,val
synthetic_cloudtrail.csv:9796,train
synthetic_cloudtrail.csv:9797,val
synthetic_cloudtrail.csv:9798,train
synthetic_cloudtrail.csv:9799,val
synthetic_cloudtrail.csv:9800,train
synthetic_cloudtrail.csv:9801,val
synthetic_cloudtrail.csv:9802,val
synthetic_cloudtrail.csv:9803,train
synthetic_cloudtrail.csv:9804,train
synthetic_cloudtrail.csv:9805,val
synthetic_cloudtrail.csv:9806,val
synthetic_cloudtrail.csv:9807,val
synthetic_cloudtrail.csv:9808,train
synthetic_cloudtrail.csv:9809,train
synthetic_cloudtrail.csv:9810,train
synthetic_cloudtrail.csv:9811,train
synthetic_cloudtrail.csv:9812,train
synthetic_cloudtrail.csv:9813,train
synthetic_cloudtrail.csv:9814,train
synthetic_cloudtrail.csv:9815,train
synthetic_cloudtrail.csv:9816,train
synthetic_cloudtrail.csv:9817,train
synthetic_cloudtrail.csv:9818,train
synthetic_cloudtrail.csv:9819,train
synthetic_cloudtrail.csv:9820,train
synthetic_cloudtrail.csv:9821,train
synthetic_cloudtrail.csv:9822,train
synthetic_cloudtrail.csv:9823,train
synthetic_cloudtrail.csv:9824,train
synthetic_cloudtrail.csv:9825,train
synthetic_cloudtrail.csv:9826,train
synthetic_cloudtrail.csv:9827,train
synthetic_cloudtrail.csv:9828,train
synthetic_cloudtrail.csv:9829,train
synthetic_cloudtrail.csv:9830,train
synthetic_cloudtrail.csv:9831,train
synthetic_cloudtrail.csv:9832,train
synthetic_cloudtrail.csv:9833,train
synthetic_cloudtrail.csv:9834,train
synthetic_cloudtrail.csv:9835,train
synthetic_cloudtrail.csv:9836,train
synthetic_cloudtrail.csv:9837,train
synthetic_cloudtrail.csv:9838,train
synthetic_cloudtrail.csv:9839,train
synthetic_cloudtrail.csv:9840,train
synthetic_cloudtrail.csv:9841,train
synthetic_cloudtrail.csv:9842,train
synthetic_cloudtrail.csv:9843,train
synthetic_cloudtrail.csv:9844,train
synthetic_cloudtrail.csv:9845,train
synthetic_cloudtrail.csv:9846,train
synthetic_cloudtrail.csv:9847,train
synthetic_cloudtrail.csv:9848,train
synthetic_cloudtrail.csv:9849,train
synthetic_cloudtrail.csv:9850,train
synthetic_cloudtrail.csv:9851,train
synthetic_cloudtrail.csv:9852,train
synthetic_cloudtrail.csv:9853,train
synthetic_cloudtrail.csv:9854,train
synthetic_cloudtrail.csv:9855,train
synthetic_cloudtrail.csv:9856,train
synthetic_cloudtrail.csv:9857,train
synthetic_cloudtrail.csv:9858,train
synthetic_cloudtrail.csv:9859,test
synthetic_cloudtrail.csv:9860,test
synthetic_cloudtrail.csv:9861,test
synthetic_cloudtrail.csv:9862,test
synthetic_cloudtrail.csv:9863,test
synthetic_cloudtrail.csv:9864,test
synthetic_cloudtrail.csv:9865,test
synthetic_cloudtrail.csv:9866,test
synthetic_cloudtrail.csv:9867,test
synthetic_cloudtrail.csv:9868,test
synthetic_cloudtrail.csv:9869,test
synthetic_cloudtrail.csv:9870,test
synthetic_cloudtrail.csv:9871,test
synthetic_cloudtrail.csv:9872,train
synthetic_cloudtrail.csv:9873,train
synthetic_cloudtrail.csv:9874,train
synthetic_cloudtrail.csv:9875,train
synthetic_cloudtrail.csv:9876,train
synthetic_cloudtrail.csv:9877,train
synthetic_cloudtrail.csv:9878,train
synthetic_cloudtrail.csv:9879,train
synthetic_cloudtrail.csv:9880,train
synthetic_cloudtrail.csv:9881,train
synthetic_cloudtrail.csv:9882,train
synthetic_cloudtrail.csv:9883,train
synthetic_cloudtrail.csv:9884,train
synthetic_cloudtrail.csv:9885,train
synthetic_cloudtrail.csv:9886,train
synthetic_cloudtrail.csv:9887,train
synthetic_cloudtrail.csv:9888,train
synthetic_cloudtrail.csv:9889,train
synthetic_cloudtrail.csv:9890,train
synthetic_cloudtrail.csv:9891,train
synthetic_cloudtrail.csv:9892,train
synthetic_cloudtrail.csv:9893,train
synthetic_cloudtrail.csv:9894,train
synthetic_cloudtrail.csv:9895,train
synthetic_cloudtrail.csv:9896,train
synthetic_cloudtrail.csv:9897,train
synthetic_cloudtrail.csv:9898,train
synthetic_cloudtrail.csv:9899,train
synthetic_cloudtrail.csv:9900,train
synthetic_cloudtrail.csv:9901,train
synthetic_cloudtrail.csv:9902,train
synthetic_cloudtrail.csv:9903,train
synthetic_cloudtrail.csv:9904,test
synthetic_cloudtrail.csv:9905,test
synthetic_cloudtrail.csv:9906,test
synthetic_cloudtrail.csv:9907,test
synthetic_cloudtrail.csv:9908,test
synthetic_cloudtrail.csv:9909,test
synthetic_cloudtrail.csv:9910,test
synthetic_cloudtrail.csv:9911,test
synthetic_cloudtrail.csv:9912,test
synthetic_cloudtrail.csv:9913,test
synthetic_cloudtrail.csv:9914,test
synthetic_cloudtrail.csv:9915,test
synthetic_cloudtrail.csv:9916,test
synthetic_cloudtrail.csv:9917,test
synthetic_cloudtrail.csv:9918,test
synthetic_cloudtrail.csv:9919,test
synthetic_cloudtrail.csv:9920,val
synthetic_cloudtrail.csv:9921,test
synthetic_cloudtrail.csv:9922,val
synthetic_cloudtrail.csv:9923,val
synthetic_cloudtrail.csv:9924,test
synthetic_cloudtrail.csv:9925,val
synthetic_cloudtrail.csv:9926,test
synthetic_cloudtrail.csv:9927,val
synthetic_cloudtrail.csv:9928,val
synthetic_cloudtrail.csv:9929,val
synthetic_cloudtrail.csv:9930,test
synthetic_cloudtrail.csv:9931,val
synthetic_cloudtrail.csv:9932,val
synthetic_cloudtrail.csv:9933,test
synthetic_cloudtrail.csv:9934,val
synthetic_cloudtrail.csv:9935,test
synthetic_cloudtrail.csv:9936,test
synthetic_cloudtrail.csv:9937,val
synthetic_cloudtrail.csv:9938,test
synthetic_cloudtrail.csv:9939,val
synthetic_cloudtrail.csv:9940,test
synthetic_cloudtrail.csv:9941,test
synthetic_cloudtrail.csv:9942,train
synthetic_cloudtrail.csv:9943,train
synthetic_cloudtrail.csv:9944,train
synthetic_cloudtrail.csv:9945,train
synthetic_cloudtrail.csv:9946,train
synthetic_cloudtrail.csv:9947,val
synthetic_cloudtrail.csv:9948,train
synthetic_cloudtrail.csv:9949,val
synthetic_cloudtrail.csv:9950,val
synthetic_cloudtrail.csv:9951,val
synthetic_cloudtrail.csv:9952,train
synthetic_cloudtrail.csv:9953,train
synthetic_cloudtrail.csv:9954,train
synthetic_cloudtrail.csv:9955,val
synthetic_cloudtrail.csv:9956,train
synthetic_cloudtrail.csv:9957,val
synthetic_cloudtrail.csv:9958,train
synthetic_cloudtrail.csv:9959,train
synthetic_cloudtrail.csv:9960,val
synthetic_cloudtrail.csv:9961,val
synthetic_cloudtrail.csv:9962,train
synthetic_cloudtrail.csv:9963,train
synthetic_cloudtrail.csv:9964,val
synthetic_cloudtrail.csv:9965,train
synthetic_cloudtrail.csv:9966,val
synthetic_cloudtrail.csv:9967,val
synthetic_cloudtrail.csv:9968,train
synthetic_cloudtrail.csv:9969,train
synthetic_cloudtrail.csv:9970,train
synthetic_cloudtrail.csv:9971,train
synthetic_cloudtrail.csv:9972,train
synthetic_cloudtrail.csv:9973,train
synthetic_cloudtrail.csv:9974,train
synthetic_cloudtrail.csv:9975,val
synthetic_cloudtrail.csv:9976,train
synthetic_cloudtrail.csv:9977,val
synthetic_cloudtrail.csv:9978,train
synthetic_cloudtrail.csv:9979,val
synthetic_cloudtrail.csv:9980,train
synthetic_cloudtrail.csv:9981,val
synthetic_cloudtrail.csv:9982,train
synthetic_cloudtrail.csv:9983,train
synthetic_cloudtrail.csv:9984,val
synthetic_cloudtrail.csv:9985,val
synthetic_cloudtrail.csv:9986,val
synthetic_cloudtrail.csv:9987,train
synthetic_cloudtrail.csv:9988,val
synthetic_cloudtrail.csv:9989,val
synthetic_cloudtrail.csv:9990,val
synthetic_cloudtrail.csv:9991,val
synthetic_cloudtrail.csv:9992,val
synthetic_cloudtrail.csv:9993,val
synthetic_cloudtrail.csv:9994,val
synthetic_cloudtrail.csv:9995,val
synthetic_cloudtrail.csv:9996,train
synthetic_cloudtrail.csv:9997,train
synthetic_cloudtrail.csv:9998,train
synthetic_cloudtrail.csv:9999,train
synthetic_cloudtrail.csv:10000,train
synthetic_cloudtrail.csv:10001,train
synthetic_cloudtrail.csv:10002,train
synthetic_cloudtrail.csv:10003,train
synthetic_cloudtrail.csv:10004,train
synthetic_cloudtrail.csv:10005,train
synthetic_cloudtrail.csv:10006,train
synthetic_cloudtrail.csv:10007,train
synthetic_cloudtrail.csv:10008,train
synthetic_cloudtrail.csv:10009,train
synthetic_cloudtrail.csv:10010,train
synthetic_cloudtrail.csv:10011,train
synthetic_cloudtrail.csv:10012,train
synthetic_cloudtrail.csv:10013,train
synthetic_cloudtrail.csv:10014,train
synthetic_cloudtrail.csv:10015,train
synthetic_cloudtrail.csv:10016,train
synthetic_cloudtrail.csv:10017,train
synthetic_cloudtrail.csv:10018,train
synthetic_cloudtrail.csv:10019,train
synthetic_cloudtrail.csv:10020,train
synthetic_cloudtrail.csv:10021,train
synthetic_cloudtrail.csv:10022,train
synthetic_cloudtrail.csv:10023,train
synthetic_cloudtrail.csv:10024,train
synthetic_cloudtrail.csv:10025,train
synthetic_cloudtrail.csv:10026,train
synthetic_cloudtrail.csv:10027,train
synthetic_cloudtrail.csv:10028,train
synthetic_cloudtrail.csv:10029,train
synthetic_cloudtrail.csv:10030,train
synthetic_cloudtrail.csv:10031,train
synthetic_cloudtrail.csv:10032,train
synthetic_cloudtrail.csv:10033,val
synthetic_cloudtrail.csv:10034,train
synthetic_cloudtrail.csv:10035,train
synthetic_cloudtrail.csv:10036,val
synthetic_cloudtrail.csv:10037,train
synthetic_cloudtrail.csv:10038,val
synthetic_cloudtrail.csv:10039,val
synthetic_cloudtrail.csv:10040,val
synthetic_cloudtrail.csv:10041,train
synthetic_cloudtrail.csv:10042,val
synthetic_cloudtrail.csv:10043,train
synthetic_cloudtrail.csv:10044,val
synthetic_cloudtrail.csv:10045,val
synthetic_cloudtrail.csv:10046,train
synthetic_cloudtrail.csv:10047,train
synthetic_cloudtrail.csv:10048,train
synthetic_cloudtrail.csv:10049,train
synthetic_cloudtrail.csv:10050,train
synthetic_cloudtrail.csv:10051,train
synthetic_cloudtrail.csv:10052,train
synthetic_cloudtrail.csv:10053,train
synthetic_cloudtrail.csv:10054,train
synthetic_cloudtrail.csv:10055,train
synthetic_cloudtrail.csv:10056,train
synthetic_cloudtrail.csv:10057,train
synthetic_cloudtrail.csv:10058,train
synthetic_cloudtrail.csv:10059,train
synthetic_cloudtrail.csv:10060,train
synthetic_cloudtrail.csv:10061,train
synthetic_cloudtrail.csv:10062,train
synthetic_cloudtrail.csv:10063,train
synthetic_cloudtrail.csv:10064,train
synthetic_cloudtrail.csv:10065,train
synthetic_cloudtrail.csv:10066,train
synthetic_cloudtrail.csv:10067,train
synthetic_cloudtrail.csv:10068,train
synthetic_cloudtrail.csv:10069,train
synthetic_cloudtrail.csv:10070,val
synthetic_cloudtrail.csv:10071,test
synthetic_cloudtrail.csv:10072,test
synthetic_cloudtrail.csv:10073,test
synthetic_cloudtrail.csv:10074,test
synthetic_cloudtrail.csv:10075,test
synthetic_cloudtrail.csv:10076,test
synthetic_cloudtrail.csv:10077,test
synthetic_cloudtrail.csv:10078,test
synthetic_cloudtrail.csv:10079,test
synthetic_cloudtrail.csv:10080,train
synthetic_cloudtrail.csv:10081,train
synthetic_cloudtrail.csv:10082,train
synthetic_cloudtrail.csv:10083,train
synthetic_cloudtrail.csv:10084,train
synthetic_cloudtrail.csv:10085,train
synthetic_cloudtrail.csv:10086,train
synthetic_cloudtrail.csv:10087,train
synthetic_cloudtrail.csv:10088,train
synthetic_cloudtrail.csv:10089,train
synthetic_cloudtrail.csv:10090,train
synthetic_cloudtrail.csv:10091,train
synthetic_cloudtrail.csv:10092,train
synthetic_cloudtrail.csv:10093,train
synthetic_cloudtrail.csv:10094,train
synthetic_cloudtrail.csv:10095,train
synthetic_cloudtrail.csv:10096,train
synthetic_cloudtrail.csv:10097,train
synthetic_cloudtrail.csv:10098,train
synthetic_cloudtrail.csv:10099,train
synthetic_cloudtrail.csv:10100,train
synthetic_cloudtrail.csv:10101,test
synthetic_cloudtrail.csv:10102,test
synthetic_cloudtrail.csv:10103,test
synthetic_cloudtrail.csv:10104,test
synthetic_cloudtrail.csv:10105,test
synthetic_cloudtrail.csv:10106,test
synthetic_cloudtrail.csv:10107,test
synthetic_cloudtrail.csv:10108,test
synthetic_cloudtrail.csv:10109,test
synthetic_cloudtrail.csv:10110,test
synthetic_cloudtrail.csv:10111,test
synthetic_cloudtrail.csv:10112,train
synthetic_cloudtrail.csv:10113,train
synthetic_cloudtrail.csv:10114,train
synthetic_cloudtrail.csv:10115,train
synthetic_cloudtrail.csv:10116,train
synthetic_cloudtrail.csv:10117,train
synthetic_cloudtrail.csv:10118,train
synthetic_cloudtrail.csv:10119,train
synthetic_cloudtrail.csv:10120,train
synthetic_cloudtrail.csv:10121,train
synthetic_cloudtrail.csv:10122,train
synthetic_cloudtrail.csv:10123,train
synthetic_cloudtrail.csv:10124,train
synthetic_cloudtrail.csv:10125,val
synthetic_cloudtrail.csv:10126,test
synthetic_cloudtrail.csv:10127,test
synthetic_cloudtrail.csv:10128,test
synthetic_cloudtrail.csv:10129,test
synthetic_cloudtrail.csv:10130,test
synthetic_cloudtrail.csv:10131,test
synthetic_cloudtrail.csv:10132,test
synthetic_cloudtrail.csv:10133,test
synthetic_cloudtrail.csv:10134,test
synthetic_cloudtrail.csv:10135,test
synthetic_cloudtrail.csv:10136,test
synthetic_cloudtrail.csv:10137,test
synthetic_cloudtrail.csv:10138,test
synthetic_cloudtrail.csv:10139,train
synthetic_cloudtrail.csv:10140,train
synthetic_cloudtrail.csv:10141,train
synthetic_cloudtrail.csv:10142,train
synthetic_cloudtrail.csv:10143,train
synthetic_cloudtrail.csv:10144,train
synthetic_cloudtrail.csv:10145,train
synthetic_cloudtrail.csv:10146,train
synthetic_cloudtrail.csv:10147,train
synthetic_cloudtrail.csv:10148,train
synthetic_cloudtrail.csv:10149,train
synthetic_cloudtrail.csv:10150,train
synthetic_cloudtrail.csv:10151,train
synthetic_cloudtrail.csv:10152,train
synthetic_cloudtrail.csv:10153,train
synthetic_cloudtrail.csv:10154,train
synthetic_cloudtrail.csv:10155,train
synthetic_cloudtrail.csv:10156,train
synthetic_cloudtrail.csv:10157,train
synthetic_cloudtrail.csv:10158,train
synthetic_cloudtrail.csv:10159,train
synthetic_cloudtrail.csv:10160,train
synthetic_cloudtrail.csv:10161,train
synthetic_cloudtrail.csv:10162,train
synthetic_cloudtrail.csv:10163,train
synthetic_cloudtrail.csv:10164,train
synthetic_cloudtrail.csv:10165,train
synthetic_cloudtrail.csv:10166,train
synthetic_cloudtrail.csv:10167,train
synthetic_cloudtrail.csv:10168,train
synthetic_cloudtrail.csv:10169,train
synthetic_cloudtrail.csv:10170,train
synthetic_cloudtrail.csv:10171,train
synthetic_cloudtrail.csv:10172,train
synthetic_cloudtrail.csv:10173,train
synthetic_cloudtrail.csv:10174,train
synthetic_cloudtrail.csv:10175,train
synthetic_cloudtrail.csv:10176,train
synthetic_cloudtrail.csv:10177,train
synthetic_cloudtrail.csv:10178,train
synthetic_cloudtrail.csv:10179,train
synthetic_cloudtrail.csv:10180,train
synthetic_cloudtrail.csv:10181,train
synthetic_cloudtrail.csv:10182,train
synthetic_cloudtrail.csv:10183,train
synthetic_cloudtrail.csv:10184,train
synthetic_cloudtrail.csv:10185,val
synthetic_cloudtrail.csv:10186,train
synthetic_cloudtrail.csv:10187,train
synthetic_cloudtrail.csv:10188,train
synthetic_cloudtrail.csv:10189,train
synthetic_cloudtrail.csv:10190,train
synthetic_cloudtrail.csv:10191,train
synthetic_cloudtrail.csv:10192,train
synthetic_cloudtrail.csv:10193,train
synthetic_cloudtrail.csv:10194,train
synthetic_cloudtrail.csv:10195,train
synthetic_cloudtrail.csv:10196,train
synthetic_cloudtrail.csv:10197,train
synthetic_cloudtrail.csv:10198,train
synthetic_cloudtrail.csv:10199,train
synthetic_cloudtrail.csv:10200,train
synthetic_cloudtrail.csv:10201,train
synthetic_cloudtrail.csv:10202,train
synthetic_cloudtrail.csv:10203,train
synthetic_cloudtrail.csv:10204,train
synthetic_cloudtrail.csv:10205,train
synthetic_cloudtrail.csv:10206,train
synthetic_cloudtrail.csv:10207,train
synthetic_cloudtrail.csv:10208,train
synthetic_cloudtrail.csv:10209,train
synthetic_cloudtrail.csv:10210,train
synthetic_cloudtrail.csv:10211,train
synthetic_cloudtrail.csv:10212,train
synthetic_cloudtrail.csv:10213,train
synthetic_cloudtrail.csv:10214,train
synthetic_cloudtrail.csv:10215,train
synthetic_cloudtrail.csv:10216,train
synthetic_cloudtrail.csv:10217,train
synthetic_cloudtrail.csv:10218,train
synthetic_cloudtrail.csv:10219,train
synthetic_cloudtrail.csv:10220,train
synthetic_cloudtrail.csv:10221,train
synthetic_cloudtrail.csv:10222,train
synthetic_cloudtrail.csv:10223,train
synthetic_cloudtrail.csv:10224,train
synthetic_cloudtrail.csv:10225,train
synthetic_cloudtrail.csv:10226,train
synthetic_cloudtrail.csv:10227,train
synthetic_cloudtrail.csv:10228,train
synthetic_cloudtrail.csv:10229,train
synthetic_cloudtrail.csv:10230,train
synthetic_cloudtrail.csv:10231,train
synthetic_cloudtrail.csv:10232,train
synthetic_cloudtrail.csv:10233,train
synthetic_cloudtrail.csv:10234,train
synthetic_cloudtrail.csv:10235,train
synthetic_cloudtrail.csv:10236,train
synthetic_cloudtrail.csv:10237,train
synthetic_cloudtrail.csv:10238,train
synthetic_cloudtrail.csv:10239,train
synthetic_cloudtrail.csv:10240,train
synthetic_cloudtrail.csv:10241,train
synthetic_cloudtrail.csv:10242,train
synthetic_cloudtrail.csv:10243,train
synthetic_cloudtrail.csv:10244,train
synthetic_cloudtrail.csv:10245,train
synthetic_cloudtrail.csv:10246,train
synthetic_cloudtrail.csv:10247,train
synthetic_cloudtrail.csv:10248,train
synthetic_cloudtrail.csv:10249,train
synthetic_cloudtrail.csv:10250,train
synthetic_cloudtrail.csv:10251,train
synthetic_cloudtrail.csv:10252,train
synthetic_cloudtrail.csv:10253,train
synthetic_cloudtrail.csv:10254,train
synthetic_cloudtrail.csv:10255,train
synthetic_cloudtrail.csv:10256,train
synthetic_cloudtrail.csv:10257,train
synthetic_cloudtrail.csv:10258,train
synthetic_cloudtrail.csv:10259,train
synthetic_cloudtrail.csv:10260,train
synthetic_cloudtrail.csv:10261,train
synthetic_cloudtrail.csv:10262,train
synthetic_cloudtrail.csv:10263,train
synthetic_cloudtrail.csv:10264,val
synthetic_cloudtrail.csv:10265,val
synthetic_cloudtrail.csv:10266,val
synthetic_cloudtrail.csv:10267,val
synthetic_cloudtrail.csv:10268,val
synthetic_cloudtrail.csv:10269,val
synthetic_cloudtrail.csv:10270,val
synthetic_cloudtrail.csv:10271,val
synthetic_cloudtrail.csv:10272,val
synthetic_cloudtrail.csv:10273,val
synthetic_cloudtrail.csv:10274,val
synthetic_cloudtrail.csv:10275,val
synthetic_cloudtrail.csv:10276,val
synthetic_cloudtrail.csv:10277,val
synthetic_cloudtrail.csv:10278,train
synthetic_cloudtrail.csv:10279,train
synthetic_cloudtrail.csv:10280,train
synthetic_cloudtrail.csv:10281,train
synthetic_cloudtrail.csv:10282,train
synthetic_cloudtrail.csv:10283,train
synthetic_cloudtrail.csv:10284,train
synthetic_cloudtrail.csv:10285,train
synthetic_cloudtrail.csv:10286,train
synthetic_cloudtrail.csv:10287,train
synthetic_cloudtrail.csv:10288,train
synthetic_cloudtrail.csv:10289,train
synthetic_cloudtrail.csv:10290,train
synthetic_cloudtrail.csv:10291,val
synthetic_cloudtrail.csv:10292,train
synthetic_cloudtrail.csv:10293,train
synthetic_cloudtrail.csv:10294,val
synthetic_cloudtrail.csv:10295,val
synthetic_cloudtrail.csv:10296,train
synthetic_cloudtrail.csv:10297,train
synthetic_cloudtrail.csv:10298,train
synthetic_cloudtrail.csv:10299,val
synthetic_cloudtrail.csv:10300,train
synthetic_cloudtrail.csv:10301,val
synthetic_cloudtrail.csv:10302,val
synthetic_cloudtrail.csv:10303,val
synthetic_cloudtrail.csv:10304,val
synthetic_cloudtrail.csv:10305,train
synthetic_cloudtrail.csv:10306,val
synthetic_cloudtrail.csv:10307,val
synthetic_cloudtrail.csv:10308,val
synthetic_cloudtrail.csv:10309,val
synthetic_cloudtrail.csv:10310,val
synthetic_cloudtrail.csv:10311,val
synthetic_cloudtrail.csv:10312,val
synthetic_cloudtrail.csv:10313,val
synthetic_cloudtrail.csv:10314,val
synthetic_cloudtrail.csv:10315,val
synthetic_cloudtrail.csv:10316,val
synthetic_cloudtrail.csv:10317,val
synthetic_cloudtrail.csv:10318,train
synthetic_cloudtrail.csv:10319,train
synthetic_cloudtrail.csv:10320,train
synthetic_cloudtrail.csv:10321,train
synthetic_cloudtrail.csv:10322,train
synthetic_cloudtrail.csv:10323,train
synthetic_cloudtrail.csv:10324,train
synthetic_cloudtrail.csv:10325,train
synthetic_cloudtrail.csv:10326,train
synthetic_cloudtrail.csv:10327,train
synthetic_cloudtrail.csv:10328,train
synthetic_cloudtrail.csv:10329,train
synthetic_cloudtrail.csv:10330,train
synthetic_cloudtrail.csv:10331,train
synthetic_cloudtrail.csv:10332,train
synthetic_cloudtrail.csv:10333,train
synthetic_cloudtrail.csv:10334,train
synthetic_cloudtrail.csv:10335,train
synthetic_cloudtrail.csv:10336,train
synthetic_cloudtrail.csv:10337,train
synthetic_cloudtrail.csv:10338,train
synthetic_cloudtrail.csv:10339,train
synthetic_cloudtrail.csv:10340,train
synthetic_cloudtrail.csv:10341,train
synthetic_cloudtrail.csv:10342,train
synthetic_cloudtrail.csv:10343,train
synthetic_cloudtrail.csv:10344,train
synthetic_cloudtrail.csv:10345,train
synthetic_cloudtrail.csv:10346,train
synthetic_cloudtrail.csv:10347,train
synthetic_cloudtrail.csv:10348,train
synthetic_cloudtrail.csv:10349,train
synthetic_cloudtrail.csv:10350,train
synthetic_cloudtrail.csv:10351,train
synthetic_cloudtrail.csv:10352,train
synthetic_cloudtrail.csv:10353,train
synthetic_cloudtrail.csv:10354,train
synthetic_cloudtrail.csv:10355,train
synthetic_cloudtrail.csv:10356,train
synthetic_cloudtrail.csv:10357,train
synthetic_cloudtrail.csv:10358,train
synthetic_cloudtrail.csv:10359,train
synthetic_cloudtrail.csv:10360,train
synthetic_cloudtrail.csv:10361,train
synthetic_cloudtrail.csv:10362,train
synthetic_cloudtrail.csv:10363,train
synthetic_cloudtrail.csv:10364,train
synthetic_cloudtrail.csv:10365,train
synthetic_cloudtrail.csv:10366,train
synthetic_cloudtrail.csv:10367,train
synthetic_cloudtrail.csv:10368,train
synthetic_cloudtrail.csv:10369,train
synthetic_cloudtrail.csv:10370,train
synthetic_cloudtrail.csv:10371,train
synthetic_cloudtrail.csv:10372,train
synthetic_cloudtrail.csv:10373,train
synthetic_cloudtrail.csv:10374,train
synthetic_cloudtrail.csv:10375,train
synthetic_cloudtrail.csv:10376,train
synthetic_cloudtrail.csv:10377,train
synthetic_cloudtrail.csv:10378,train
synthetic_cloudtrail.csv:10379,train
synthetic_cloudtrail.csv:10380,train
synthetic_cloudtrail.csv:10381,train
synthetic_cloudtrail.csv:10382,train
synthetic_cloudtrail.csv:10383,train
synthetic_cloudtrail.csv:10384,train
synthetic_cloudtrail.csv:10385,train
synthetic_cloudtrail.csv:10386,train
synthetic_cloudtrail.csv:10387,train
synthetic_cloudtrail.csv:10388,val
synthetic_cloudtrail.csv:10389,val
synthetic_cloudtrail.csv:10390,val
synthetic_cloudtrail.csv:10391,val
synthetic_cloudtrail.csv:10392,val
synthetic_cloudtrail.csv:10393,val
synthetic_cloudtrail.csv:10394,val
synthetic_cloudtrail.csv:10395,val
synthetic_cloudtrail.csv:10396,val
synthetic_cloudtrail.csv:10397,val
synthetic_cloudtrail.csv:10398,val
synthetic_cloudtrail.csv:10399,val
synthetic_cloudtrail.csv:10400,val
synthetic_cloudtrail.csv:10401,val
synthetic_cloudtrail.csv:10402,val
synthetic_cloudtrail.csv:10403,val
synthetic_cloudtrail.csv:10404,val
synthetic_cloudtrail.csv:10405,val
synthetic_cloudtrail.csv:10406,val
synthetic_cloudtrail.csv:10407,val
synthetic_cloudtrail.csv:10408,val
synthetic_cloudtrail.csv:10409,val
synthetic_cloudtrail.csv:10410,train
synthetic_cloudtrail.csv:10411,train
synthetic_cloudtrail.csv:10412,train
synthetic_cloudtrail.csv:10413,train
synthetic_cloudtrail.csv:10414,train
synthetic_cloudtrail.csv:10415,train
synthetic_cloudtrail.csv:10416,train
synthetic_cloudtrail.csv:10417,train
synthetic_cloudtrail.csv:10418,train
synthetic_cloudtrail.csv:10419,train
synthetic_cloudtrail.csv:10420,train
synthetic_cloudtrail.csv:10421,train
synthetic_cloudtrail.csv:10422,train
synthetic_cloudtrail.csv:10423,train
synthetic_cloudtrail.csv:10424,train
synthetic_cloudtrail.csv:10425,train
synthetic_cloudtrail.csv:10426,train
synthetic_cloudtrail.csv:10427,train
synthetic_cloudtrail.csv:10428,train
synthetic_cloudtrail.csv:10429,train
synthetic_cloudtrail.csv:10430,train
synthetic_cloudtrail.csv:10431,train
synthetic_cloudtrail.csv:10432,train
synthetic_cloudtrail.csv:10433,train
synthetic_cloudtrail.csv:10434,train
synthetic_cloudtrail.csv:10435,train
synthetic_cloudtrail.csv:10436,train
synthetic_cloudtrail.csv:10437,train
synthetic_cloudtrail.csv:10438,train
synthetic_cloudtrail.csv:10439,train
synthetic_cloudtrail.csv:10440,train
synthetic_cloudtrail.csv:10441,train
synthetic_cloudtrail.csv:10442,train
synthetic_cloudtrail.csv:10443,train
synthetic_cloudtrail.csv:10444,val
synthetic_cloudtrail.csv:10445,train
synthetic_cloudtrail.csv:10446,val
synthetic_cloudtrail.csv:10447,train
synthetic_cloudtrail.csv:10448,train
synthetic_cloudtrail.csv:10449,val
synthetic_cloudtrail.csv:10450,val
synthetic_cloudtrail.csv:10451,train
synthetic_cloudtrail.csv:10452,val
synthetic_cloudtrail.csv:10453,train
synthetic_cloudtrail.csv:10454,val
synthetic_cloudtrail.csv:10455,val
synthetic_cloudtrail.csv:10456,train
synthetic_cloudtrail.csv:10457,train
synthetic_cloudtrail.csv:10458,val
synthetic_cloudtrail.csv:10459,val
synthetic_cloudtrail.csv:10460,train
synthetic_cloudtrail.csv:10461,val
synthetic_cloudtrail.csv:10462,val
synthetic_cloudtrail.csv:10463,val
synthetic_cloudtrail.csv:10464,val
synthetic_cloudtrail.csv:10465,val
synthetic_cloudtrail.csv:10466,val
synthetic_cloudtrail.csv:10467,train
synthetic_cloudtrail.csv:10468,train
synthetic_cloudtrail.csv:10469,train
synthetic_cloudtrail.csv:10470,train
synthetic_cloudtrail.csv:10471,train
synthetic_cloudtrail.csv:10472,train
synthetic_cloudtrail.csv:10473,train
synthetic_cloudtrail.csv:10474,train
synthetic_cloudtrail.csv:10475,train
synthetic_cloudtrail.csv:10476,train
synthetic_cloudtrail.csv:10477,train
synthetic_cloudtrail.csv:10478,train
synthetic_cloudtrail.csv:10479,train
synthetic_cloudtrail.csv:10480,train
synthetic_cloudtrail.csv:10481,train
synthetic_cloudtrail.csv:10482,train
synthetic_cloudtrail.csv:10483,train
synthetic_cloudtrail.csv:10484,train
synthetic_cloudtrail.csv:10485,train
synthetic_cloudtrail.csv:10486,train
synthetic_cloudtrail.csv:10487,train
synthetic_cloudtrail.csv:10488,train
synthetic_cloudtrail.csv:10489,train
synthetic_cloudtrail.csv:10490,train
synthetic_cloudtrail.csv:10491,train
synthetic_cloudtrail.csv:10492,test
synthetic_cloudtrail.csv:10493,test
synthetic_cloudtrail.csv:10494,test
synthetic_cloudtrail.csv:10495,test
synthetic_cloudtrail.csv:10496,train
synthetic_cloudtrail.csv:10497,train
synthetic_cloudtrail.csv:10498,train
synthetic_cloudtrail.csv:10499,train
synthetic_cloudtrail.csv:10500,train
synthetic_cloudtrail.csv:10501,train
synthetic_cloudtrail.csv:10502,train
synthetic_cloudtrail.csv:10503,train
synthetic_cloudtrail.csv:10504,train
synthetic_cloudtrail.csv:10505,train
synthetic_cloudtrail.csv:10506,train
synthetic_cloudtrail.csv:10507,train
synthetic_cloudtrail.csv:10508,train
synthetic_cloudtrail.csv:10509,train
synthetic_cloudtrail.csv:10510,train
synthetic_cloudtrail.csv:10511,train
synthetic_cloudtrail.csv:10512,train
synthetic_cloudtrail.csv:10513,train
synthetic_cloudtrail.csv:10514,train
synthetic_cloudtrail.csv:10515,train
synthetic_cloudtrail.csv:10516,train
synthetic_cloudtrail.csv:10517,train
synthetic_cloudtrail.csv:10518,train
synthetic_cloudtrail.csv:10519,train
synthetic_cloudtrail.csv:10520,train
synthetic_cloudtrail.csv:10521,train
synthetic_cloudtrail.csv:10522,train
synthetic_cloudtrail.csv:10523,train
synthetic_cloudtrail.csv:10524,train
synthetic_cloudtrail.csv:10525,train
synthetic_cloudtrail.csv:10526,train
synthetic_cloudtrail.csv:10527,train
synthetic_cloudtrail.csv:10528,train
synthetic_cloudtrail.csv:10529,train
synthetic_cloudtrail.csv:10530,train
synthetic_cloudtrail.csv:10531,train
synthetic_cloudtrail.csv:10532,test
synthetic_cloudtrail.csv:10533,test
synthetic_cloudtrail.csv:10534,test
synthetic_cloudtrail.csv:10535,test
synthetic_cloudtrail.csv:10536,test
synthetic_cloudtrail.csv:10537,test
synthetic_cloudtrail.csv:10538,test
synthetic_cloudtrail.csv:10539,test
synthetic_cloudtrail.csv:10540,train
synthetic_cloudtrail.csv:10541,train
synthetic_cloudtrail.csv:10542,train
synthetic_cloudtrail.csv:10543,train
synthetic_cloudtrail.csv:10544,train
synthetic_cloudtrail.csv:10545,train
synthetic_cloudtrail.csv:10546,train
synthetic_cloudtrail.csv:10547,train
synthetic_cloudtrail.csv:10548,train
synthetic_cloudtrail.csv:10549,train
synthetic_cloudtrail.csv:10550,train
synthetic_cloudtrail.csv:10551,train
synthetic_cloudtrail.csv:10552,train
synthetic_cloudtrail.csv:10553,train
synthetic_cloudtrail.csv:10554,train
synthetic_cloudtrail.csv:10555,train
synthetic_cloudtrail.csv:10556,train
synthetic_cloudtrail.csv:10557,train
synthetic_cloudtrail.csv:10558,train
synthetic_cloudtrail.csv:10559,train
synthetic_cloudtrail.csv:10560,train
synthetic_cloudtrail.csv:10561,train
synthetic_cloudtrail.csv:10562,train
synthetic_cloudtrail.csv:10563,train
synthetic_cloudtrail.csv:10564,train
synthetic_cloudtrail.csv:10565,train
synthetic_cloudtrail.csv:10566,train
synthetic_cloudtrail.csv:10567,train
synthetic_cloudtrail.csv:10568,train
synthetic_cloudtrail.csv:10569,train
synthetic_cloudtrail.csv:10570,train
synthetic_cloudtrail.csv:10571,train
synthetic_cloudtrail.csv:10572,train
synthetic_cloudtrail.csv:10573,train
synthetic_cloudtrail.csv:10574,val
synthetic_cloudtrail.csv:10575,train
synthetic_cloudtrail.csv:10576,train
synthetic_cloudtrail.csv:10577,val
synthetic_cloudtrail.csv:10578,train
synthetic_cloudtrail.csv:10579,val
synthetic_cloudtrail.csv:10580,val
synthetic_cloudtrail.csv:10581,val
synthetic_cloudtrail.csv:10582,train
synthetic_cloudtrail.csv:10583,train
synthetic_cloudtrail.csv:10584,train
synthetic_cloudtrail.csv:10585,val
synthetic_cloudtrail.csv:10586,train
synthetic_cloudtrail.csv:10587,train
synthetic_cloudtrail.csv:10588,train
synthetic_cloudtrail.csv:10589,train
synthetic_cloudtrail.csv:10590,train
synthetic_cloudtrail.csv:10591,train
synthetic_cloudtrail.csv:10592,train
synthetic_cloudtrail.csv:10593,train
synthetic_cloudtrail.csv:10594,train
synthetic_cloudtrail.csv:10595,train
synthetic_cloudtrail.csv:10596,train
synthetic_cloudtrail.csv:10597,train
synthetic_cloudtrail.csv:10598,train
synthetic_cloudtrail.csv:10599,val
synthetic_cloudtrail.csv:10600,val
synthetic_cloudtrail.csv:10601,val
synthetic_cloudtrail.csv:10602,val
synthetic_cloudtrail.csv:10603,val
synthetic_cloudtrail.csv:10604,val
synthetic_cloudtrail.csv:10605,train
synthetic_cloudtrail.csv:10606,train
synthetic_cloudtrail.csv:10607,train
synthetic_cloudtrail.csv:10608,train
synthetic_cloudtrail.csv:10609,train
synthetic_cloudtrail.csv:10610,train
synthetic_cloudtrail.csv:10611,train
synthetic_cloudtrail.csv:10612,train
synthetic_cloudtrail.csv:10613,train
synthetic_cloudtrail.csv:10614,train
synthetic_cloudtrail.csv:10615,train
synthetic_cloudtrail.csv:10616,train
synthetic_cloudtrail.csv:10617,train
synthetic_cloudtrail.csv:10618,train
synthetic_cloudtrail.csv:10619,train
synthetic_cloudtrail.csv:10620,train
synthetic_cloudtrail.csv:10621,train
synthetic_cloudtrail.csv:10622,train
synthetic_cloudtrail.csv:10623,train
synthetic_cloudtrail.csv:10624,train
synthetic_cloudtrail.csv:10625,train
synthetic_cloudtrail.csv:10626,train
synthetic_cloudtrail.csv:10627,train
synthetic_cloudtrail.csv:10628,train
synthetic_cloudtrail.csv:10629,train
synthetic_cloudtrail.csv:10630,train
synthetic_cloudtrail.csv:10631,train
synthetic_cloudtrail.csv:10632,train
synthetic_cloudtrail.csv:10633,train
synthetic_cloudtrail.csv:10634,train
synthetic_cloudtrail.csv:10635,train
synthetic_cloudtrail.csv:10636,train
synthetic_cloudtrail.csv:10637,train
synthetic_cloudtrail.csv:10638,train
synthetic_cloudtrail.csv:10639,train
synthetic_cloudtrail.csv:10640,train
synthetic_cloudtrail.csv:10641,train
synthetic_cloudtrail.csv:10642,train
synthetic_cloudtrail.csv:10643,train
synthetic_cloudtrail.csv:10644,train
synthetic_cloudtrail.csv:10645,train
synthetic_cloudtrail.csv:10646,train
synthetic_cloudtrail.csv:10647,train
synthetic_cloudtrail.csv:10648,train
synthetic_cloudtrail.csv:10649,train
synthetic_cloudtrail.csv:10650,train
synthetic_cloudtrail.csv:10651,train
synthetic_cloudtrail.csv:10652,train
synthetic_cloudtrail.csv:10653,train
synthetic_cloudtrail.csv:10654,train
synthetic_cloudtrail.csv:10655,train
synthetic_cloudtrail.csv:10656,train
synthetic_cloudtrail.csv:10657,train
synthetic_cloudtrail.csv:10658,train
synthetic_cloudtrail.csv:10659,train
synthetic_cloudtrail.csv:10660,train
synthetic_cloudtrail.csv:10661,train
synthetic_cloudtrail.csv:10662,train
synthetic_cloudtrail.csv:10663,train
synthetic_cloudtrail.csv:10664,train
synthetic_cloudtrail.csv:10665,train
synthetic_cloudtrail.csv:10666,train
synthetic_cloudtrail.csv:10667,train
synthetic_cloudtrail.csv:10668,train
synthetic_cloudtrail.csv:10669,train
synthetic_cloudtrail.csv:10670,train
synthetic_cloudtrail.csv:10671,train
synthetic_cloudtrail.csv:10672,train
synthetic_cloudtrail.csv:10673,train
synthetic_cloudtrail.csv:10674,train
synthetic_cloudtrail.csv:10675,train
synthetic_cloudtrail.csv:10676,train
synthetic_cloudtrail.csv:10677,train
synthetic_cloudtrail.csv:10678,train
synthetic_cloudtrail.csv:10679,train
synthetic_cloudtrail.csv:10680,train
synthetic_cloudtrail.csv:10681,train
synthetic_cloudtrail.csv:10682,train
synthetic_cloudtrail.csv:10683,train
synthetic_cloudtrail.csv:10684,train
synthetic_cloudtrail.csv:10685,val
synthetic_cloudtrail.csv:10686,train
synthetic_cloudtrail.csv:10687,train
synthetic_cloudtrail.csv:10688,train
synthetic_cloudtrail.csv:10689,val
synthetic_cloudtrail.csv:10690,val
synthetic_cloudtrail.csv:10691,val
synthetic_cloudtrail.csv:10692,train
synthetic_cloudtrail.csv:10693,train
synthetic_cloudtrail.csv:10694,train
synthetic_cloudtrail.csv:10695,val
synthetic_cloudtrail.csv:10696,train
synthetic_cloudtrail.csv:10697,train
synthetic_cloudtrail.csv:10698,val
synthetic_cloudtrail.csv:10699,test
synthetic_cloudtrail.csv:10700,test
synthetic_cloudtrail.csv:10701,test
synthetic_cloudtrail.csv:10702,test
synthetic_cloudtrail.csv:10703,test
synthetic_cloudtrail.csv:10704,test
synthetic_cloudtrail.csv:10705,test
synthetic_cloudtrail.csv:10706,test
synthetic_cloudtrail.csv:10707,test
synthetic_cloudtrail.csv:10708,test
synthetic_cloudtrail.csv:10709,test
synthetic_cloudtrail.csv:10710,test
synthetic_cloudtrail.csv:10711,test
synthetic_cloudtrail.csv:10712,test
synthetic_cloudtrail.csv:10713,test
synthetic_cloudtrail.csv:10714,val
synthetic_cloudtrail.csv:10715,val
synthetic_cloudtrail.csv:10716,val
synthetic_cloudtrail.csv:10717,val
synthetic_cloudtrail.csv:10718,val
synthetic_cloudtrail.csv:10719,val
synthetic_cloudtrail.csv:10720,val
synthetic_cloudtrail.csv:10721,val
synthetic_cloudtrail.csv:10722,val
synthetic_cloudtrail.csv:10723,val
synthetic_cloudtrail.csv:10724,val
synthetic_cloudtrail.csv:10725,val
synthetic_cloudtrail.csv:10726,val
synthetic_cloudtrail.csv:10727,val
synthetic_cloudtrail.csv:10728,train
synthetic_cloudtrail.csv:10729,train
synthetic_cloudtrail.csv:10730,train
synthetic_cloudtrail.csv:10731,train
synthetic_cloudtrail.csv:10732,train
synthetic_cloudtrail.csv:10733,train
synthetic_cloudtrail.csv:10734,train
synthetic_cloudtrail.csv:10735,train
synthetic_cloudtrail.csv:10736,train
synthetic_cloudtrail.csv:10737,train
synthetic_cloudtrail.csv:10738,train
synthetic_cloudtrail.csv:10739,train
synthetic_cloudtrail.csv:10740,train
synthetic_cloudtrail.csv:10741,train
synthetic_cloudtrail.csv:10742,train
synthetic_cloudtrail.csv:10743,val
synthetic_cloudtrail.csv:10744,train
synthetic_cloudtrail.csv:10745,val
synthetic_cloudtrail.csv:10746,val
synthetic_cloudtrail.csv:10747,train
synthetic_cloudtrail.csv:10748,val
synthetic_cloudtrail.csv:10749,val
synthetic_cloudtrail.csv:10750,train
synthetic_cloudtrail.csv:10751,train
synthetic_cloudtrail.csv:10752,train
synthetic_cloudtrail.csv:10753,train
synthetic_cloudtrail.csv:10754,train
synthetic_cloudtrail.csv:10755,train
synthetic_cloudtrail.csv:10756,train
synthetic_cloudtrail.csv:10757,train
synthetic_cloudtrail.csv:10758,train
synthetic_cloudtrail.csv:10759,train
synthetic_cloudtrail.csv:10760,train
synthetic_cloudtrail.csv:10761,train
synthetic_cloudtrail.csv:10762,train
synthetic_cloudtrail.csv:10763,train
synthetic_cloudtrail.csv:10764,train
synthetic_cloudtrail.csv:10765,train
synthetic_cloudtrail.csv:10766,train
synthetic_cloudtrail.csv:10767,train
synthetic_cloudtrail.csv:10768,train
synthetic_cloudtrail.csv:10769,train
synthetic_cloudtrail.csv:10770,train
synthetic_cloudtrail.csv:10771,train
synthetic_cloudtrail.csv:10772,train
synthetic_cloudtrail.csv:10773,train
synthetic_cloudtrail.csv:10774,train
synthetic_cloudtrail.csv:10775,train
synthetic_cloudtrail.csv:10776,train
synthetic_cloudtrail.csv:10777,train
synthetic_cloudtrail.csv:10778,train
synthetic_cloudtrail.csv:10779,train
synthetic_cloudtrail.csv:10780,train
synthetic_cloudtrail.csv:10781,train
synthetic_cloudtrail.csv:10782,train
synthetic_cloudtrail.csv:10783,train
synthetic_cloudtrail.csv:10784,train
synthetic_cloudtrail.csv:10785,train
synthetic_cloudtrail.csv:10786,train
synthetic_cloudtrail.csv:10787,val
synthetic_cloudtrail.csv:10788,train
synthetic_cloudtrail.csv:10789,train
synthetic_cloudtrail.csv:10790,train
synthetic_cloudtrail.csv:10791,train
synthetic_cloudtrail.csv:10792,val
synthetic_cloudtrail.csv:10793,val
synthetic_cloudtrail.csv:10794,train
synthetic_cloudtrail.csv:10795,train
synthetic_cloudtrail.csv:10796,val
synthetic_cloudtrail.csv:10797,train
synthetic_cloudtrail.csv:10798,val
synthetic_cloudtrail.csv:10799,val
synthetic_cloudtrail.csv:10800,val
synthetic_cloudtrail.csv:10801,train
synthetic_cloudtrail.csv:10802,val
synthetic_cloudtrail.csv:10803,val
synthetic_cloudtrail.csv:10804,train
synthetic_cloudtrail.csv:10805,train
synthetic_cloudtrail.csv:10806,train
synthetic_cloudtrail.csv:10807,train
synthetic_cloudtrail.csv:10808,train
synthetic_cloudtrail.csv:10809,train
synthetic_cloudtrail.csv:10810,val
synthetic_cloudtrail.csv:10811,val
synthetic_cloudtrail.csv:10812,val
synthetic_cloudtrail.csv:10813,val
synthetic_cloudtrail.csv:10814,val
synthetic_cloudtrail.csv:10815,val
synthetic_cloudtrail.csv:10816,val
synthetic_cloudtrail.csv:10817,val
synthetic_cloudtrail.csv:10818,val
synthetic_cloudtrail.csv:10819,val
synthetic_cloudtrail.csv:10820,val
synthetic_cloudtrail.csv:10821,val
synthetic_cloudtrail.csv:10822,test
synthetic_cloudtrail.csv:10823,test
synthetic_cloudtrail.csv:10824,train
synthetic_cloudtrail.csv:10825,train
synthetic_cloudtrail.csv:10826,train
synthetic_cloudtrail.csv:10827,train
synthetic_cloudtrail.csv:10828,train
synthetic_cloudtrail.csv:10829,train
synthetic_cloudtrail.csv:10830,train
synthetic_cloudtrail.csv:10831,train
synthetic_cloudtrail.csv:10832,train
synthetic_cloudtrail.csv:10833,train
synthetic_cloudtrail.csv:10834,train
synthetic_cloudtrail.csv:10835,train
synthetic_cloudtrail.csv:10836,val
synthetic_cloudtrail.csv:10837,train
synthetic_cloudtrail.csv:10838,train
synthetic_cloudtrail.csv:10839,train
synthetic_cloudtrail.csv:10840,train
synthetic_cloudtrail.csv:10841,train
synthetic_cloudtrail.csv:10842,train
synthetic_cloudtrail.csv:10843,val
synthetic_cloudtrail.csv:10844,train
synthetic_cloudtrail.csv:10845,train
synthetic_cloudtrail.csv:10846,train
synthetic_cloudtrail.csv:10847,train
synthetic_cloudtrail.csv:10848,train
synthetic_cloudtrail.csv:10849,train
synthetic_cloudtrail.csv:10850,train
synthetic_cloudtrail.csv:10851,train
synthetic_cloudtrail.csv:10852,train
synthetic_cloudtrail.csv:10853,train
synthetic_cloudtrail.csv:10854,train
synthetic_cloudtrail.csv:10855,train
synthetic_cloudtrail.csv:10856,train
synthetic_cloudtrail.csv:10857,train
synthetic_cloudtrail.csv:10858,train
synthetic_cloudtrail.csv:10859,train
synthetic_cloudtrail.csv:10860,train
synthetic_cloudtrail.csv:10861,train
synthetic_cloudtrail.csv:10862,train
synthetic_cloudtrail.csv:10863,train
synthetic_cloudtrail.csv:10864,train
synthetic_cloudtrail.csv:10865,train
synthetic_cloudtrail.csv:10866,train
synthetic_cloudtrail.csv:10867,train
synthetic_cloudtrail.csv:10868,val
synthetic_cloudtrail.csv:10869,train
synthetic_cloudtrail.csv:10870,train
synthetic_cloudtrail.csv:10871,val
synthetic_cloudtrail.csv:10872,val
synthetic_cloudtrail.csv:10873,train
synthetic_cloudtrail.csv:10874,val
synthetic_cloudtrail.csv:10875,val
synthetic_cloudtrail.csv:10876,train
synthetic_cloudtrail.csv:10877,val
synthetic_cloudtrail.csv:10878,train
synthetic_cloudtrail.csv:10879,val
synthetic_cloudtrail.csv:10880,val
synthetic_cloudtrail.csv:10881,train
synthetic_cloudtrail.csv:10882,train
synthetic_cloudtrail.csv:10883,train
synthetic_cloudtrail.csv:10884,train
synthetic_cloudtrail.csv:10885,train
synthetic_cloudtrail.csv:10886,train
synthetic_cloudtrail.csv:10887,train
synthetic_cloudtrail.csv:10888,train
synthetic_cloudtrail.csv:10889,train
synthetic_cloudtrail.csv:10890,train
synthetic_cloudtrail.csv:10891,train
synthetic_cloudtrail.csv:10892,train
synthetic_cloudtrail.csv:10893,train
synthetic_cloudtrail.csv:10894,train
synthetic_cloudtrail.csv:10895,train
synthetic_cloudtrail.csv:10896,train
synthetic_cloudtrail.csv:10897,train
synthetic_cloudtrail.csv:10898,train
synthetic_cloudtrail.csv:10899,train
synthetic_cloudtrail.csv:10900,train
synthetic_cloudtrail.csv:10901,train
synthetic_cloudtrail.csv:10902,train
synthetic_cloudtrail.csv:10903,train
synthetic_cloudtrail.csv:10904,train
synthetic_cloudtrail.csv:10905,test
synthetic_cloudtrail.csv:10906,test
synthetic_cloudtrail.csv:10907,test
synthetic_cloudtrail.csv:10908,test
synthetic_cloudtrail.csv:10909,test
synthetic_cloudtrail.csv:10910,test
synthetic_cloudtrail.csv:10911,test
synthetic_cloudtrail.csv:10912,test
synthetic_cloudtrail.csv:10913,test
synthetic_cloudtrail.csv:10914,test
synthetic_cloudtrail.csv:10915,test
synthetic_cloudtrail.csv:10916,test
synthetic_cloudtrail.csv:10917,test
synthetic_cloudtrail.csv:10918,test
synthetic_cloudtrail.csv:10919,test
synthetic_cloudtrail.csv:10920,test
synthetic_cloudtrail.csv:10921,test
synthetic_cloudtrail.csv:10922,test
synthetic_cloudtrail.csv:10923,test
synthetic_cloudtrail.csv:10924,test
synthetic_cloudtrail.csv:10925,train
synthetic_cloudtrail.csv:10926,train
synthetic_cloudtrail.csv:10927,val
synthetic_cloudtrail.csv:10928,val
synthetic_cloudtrail.csv:10929,val
synthetic_cloudtrail.csv:10930,val
synthetic_cloudtrail.csv:10931,val
synthetic_cloudtrail.csv:10932,val
synthetic_cloudtrail.csv:10933,val
synthetic_cloudtrail.csv:10934,val
synthetic_cloudtrail.csv:10935,val
synthetic_cloudtrail.csv:10936,val
synthetic_cloudtrail.csv:10937,val
synthetic_cloudtrail.csv:10938,val
synthetic_cloudtrail.csv:10939,val
synthetic_cloudtrail.csv:10940,val
synthetic_cloudtrail.csv:10941,val
synthetic_cloudtrail.csv:10942,val
synthetic_cloudtrail.csv:10943,train
synthetic_cloudtrail.csv:10944,train
synthetic_cloudtrail.csv:10945,train
synthetic_cloudtrail.csv:10946,train
synthetic_cloudtrail.csv:10947,train
synthetic_cloudtrail.csv:10948,train
synthetic_cloudtrail.csv:10949,train
synthetic_cloudtrail.csv:10950,train
synthetic_cloudtrail.csv:10951,train
synthetic_cloudtrail.csv:10952,train
synthetic_cloudtrail.csv:10953,train
synthetic_cloudtrail.csv:10954,train
synthetic_cloudtrail.csv:10955,train
synthetic_cloudtrail.csv:10956,train
synthetic_cloudtrail.csv:10957,train
synthetic_cloudtrail.csv:10958,train
synthetic_cloudtrail.csv:10959,train
synthetic_cloudtrail.csv:10960,train
synthetic_cloudtrail.csv:10961,train
synthetic_cloudtrail.csv:10962,train
synthetic_cloudtrail.csv:10963,train
synthetic_cloudtrail.csv:10964,train
synthetic_cloudtrail.csv:10965,train
synthetic_cloudtrail.csv:10966,train
synthetic_cloudtrail.csv:10967,train
synthetic_cloudtrail.csv:10968,train
synthetic_cloudtrail.csv:10969,train
synthetic_cloudtrail.csv:10970,train
synthetic_cloudtrail.csv:10971,train
synthetic_cloudtrail.csv:10972,train
synthetic_cloudtrail.csv:10973,train
synthetic_cloudtrail.csv:10974,train
synthetic_cloudtrail.csv:10975,train
synthetic_cloudtrail.csv:10976,train
synthetic_cloudtrail.csv:10977,train
synthetic_cloudtrail.csv:10978,train
synthetic_cloudtrail.csv:10979,train
synthetic_cloudtrail.csv:10980,train
synthetic_cloudtrail.csv:10981,train
synthetic_cloudtrail.csv:10982,train
synthetic_cloudtrail.csv:10983,train
synthetic_cloudtrail.csv:10984,train
synthetic_cloudtrail.csv:10985,train
synthetic_cloudtrail.csv:10986,train
synthetic_cloudtrail.csv:10987,val
synthetic_cloudtrail.csv:10988,val
synthetic_cloudtrail.csv:10989,val
synthetic_cloudtrail.csv:10990,val
synthetic_cloudtrail.csv:10991,val
synthetic_cloudtrail.csv:10992,val
synthetic_cloudtrail.csv:10993,val
synthetic_cloudtrail.csv:10994,val
synthetic_cloudtrail.csv:10995,val
synthetic_cloudtrail.csv:10996,train
synthetic_cloudtrail.csv:10997,train
synthetic_cloudtrail.csv:10998,train
synthetic_cloudtrail.csv:10999,train
synthetic_cloudtrail.csv:11000,train
synthetic_cloudtrail.csv:11001,train
synthetic_cloudtrail.csv:11002,train
synthetic_cloudtrail.csv:11003,train
synthetic_cloudtrail.csv:11004,train
synthetic_cloudtrail.csv:11005,train
synthetic_cloudtrail.csv:11006,train
synthetic_cloudtrail.csv:11007,train
synthetic_cloudtrail.csv:11008,train
synthetic_cloudtrail.csv:11009,train
synthetic_cloudtrail.csv:11010,train
synthetic_cloudtrail.csv:11011,train
synthetic_cloudtrail.csv:11012,train
synthetic_cloudtrail.csv:11013,train
synthetic_cloudtrail.csv:11014,train
synthetic_cloudtrail.csv:11015,train
synthetic_cloudtrail.csv:11016,train
synthetic_cloudtrail.csv:11017,train
synthetic_cloudtrail.csv:11018,train
synthetic_cloudtrail.csv:11019,train
synthetic_cloudtrail.csv:11020,train
synthetic_cloudtrail.csv:11021,train
synthetic_cloudtrail.csv:11022,train
synthetic_cloudtrail.csv:11023,train
synthetic_cloudtrail.csv:11024,train
synthetic_cloudtrail.csv:11025,train
synthetic_cloudtrail.csv:11026,train
synthetic_cloudtrail.csv:11027,train
synthetic_cloudtrail.csv:11028,train
synthetic_cloudtrail.csv:11029,train
synthetic_cloudtrail.csv:11030,train
synthetic_cloudtrail.csv:11031,train
synthetic_cloudtrail.csv:11032,train
synthetic_cloudtrail.csv:11033,train
synthetic_cloudtrail.csv:11034,train
synthetic_cloudtrail.csv:11035,train
synthetic_cloudtrail.csv:11036,train
synthetic_cloudtrail.csv:11037,train
synthetic_cloudtrail.csv:11038,train
synthetic_cloudtrail.csv:11039,train
synthetic_cloudtrail.csv:11040,train
synthetic_cloudtrail.csv:11041,train
synthetic_cloudtrail.csv:11042,train
synthetic_cloudtrail.csv:11043,train
synthetic_cloudtrail.csv:11044,train
synthetic_cloudtrail.csv:11045,train
synthetic_cloudtrail.csv:11046,train
synthetic_cloudtrail.csv:11047,train
synthetic_cloudtrail.csv:11048,train
synthetic_cloudtrail.csv:11049,train
synthetic_cloudtrail.csv:11050,train
synthetic_cloudtrail.csv:11051,train
synthetic_cloudtrail.csv:11052,train
synthetic_cloudtrail.csv:11053,train
synthetic_cloudtrail.csv:11054,train
synthetic_cloudtrail.csv:11055,train
synthetic_cloudtrail.csv:11056,train
synthetic_cloudtrail.csv:11057,train
synthetic_cloudtrail.csv:11058,train
synthetic_cloudtrail.csv:11059,train
synthetic_cloudtrail.csv:11060,train
synthetic_cloudtrail.csv:11061,train
synthetic_cloudtrail.csv:11062,train
synthetic_cloudtrail.csv:11063,train
synthetic_cloudtrail.csv:11064,train
synthetic_cloudtrail.csv:11065,train
synthetic_cloudtrail.csv:11066,train
synthetic_cloudtrail.csv:11067,train
synthetic_cloudtrail.csv:11068,train
synthetic_cloudtrail.csv:11069,train
synthetic_cloudtrail.csv:11070,train
synthetic_cloudtrail.csv:11071,train
synthetic_cloudtrail.csv:11072,train
synthetic_cloudtrail.csv:11073,train
synthetic_cloudtrail.csv:11074,train
synthetic_cloudtrail.csv:11075,train
synthetic_cloudtrail.csv:11076,train
synthetic_cloudtrail.csv:11077,train
synthetic_cloudtrail.csv:11078,train
synthetic_cloudtrail.csv:11079,train
synthetic_cloudtrail.csv:11080,train
synthetic_cloudtrail.csv:11081,train
synthetic_cloudtrail.csv:11082,train
synthetic_cloudtrail.csv:11083,train
synthetic_cloudtrail.csv:11084,train
synthetic_cloudtrail.csv:11085,train
synthetic_cloudtrail.csv:11086,train
synthetic_cloudtrail.csv:11087,train
synthetic_cloudtrail.csv:11088,train
synthetic_cloudtrail.csv:11089,train
synthetic_cloudtrail.csv:11090,train
synthetic_cloudtrail.csv:11091,train
synthetic_cloudtrail.csv:11092,train
synthetic_cloudtrail.csv:11093,train
synthetic_cloudtrail.csv:11094,train
synthetic_cloudtrail.csv:11095,train
synthetic_cloudtrail.csv:11096,train
synthetic_cloudtrail.csv:11097,train
synthetic_cloudtrail.csv:11098,train
synthetic_cloudtrail.csv:11099,train
synthetic_cloudtrail.csv:11100,train
synthetic_cloudtrail.csv:11101,train
synthetic_cloudtrail.csv:11102,train
synthetic_cloudtrail.csv:11103,train
synthetic_cloudtrail.csv:11104,train
synthetic_cloudtrail.csv:11105,train
synthetic_cloudtrail.csv:11106,train
synthetic_cloudtrail.csv:11107,train
synthetic_cloudtrail.csv:11108,train
synthetic_cloudtrail.csv:11109,train
synthetic_cloudtrail.csv:11110,train
synthetic_cloudtrail.csv:11111,train
synthetic_cloudtrail.csv:11112,train
synthetic_cloudtrail.csv:11113,train
synthetic_cloudtrail.csv:11114,train
synthetic_cloudtrail.csv:11115,train
synthetic_cloudtrail.csv:11116,train
synthetic_cloudtrail.csv:11117,train
synthetic_cloudtrail.csv:11118,train
synthetic_cloudtrail.csv:11119,train
synthetic_cloudtrail.csv:11120,train
synthetic_cloudtrail.csv:11121,train
synthetic_cloudtrail.csv:11122,train
synthetic_cloudtrail.csv:11123,train
synthetic_cloudtrail.csv:11124,train
synthetic_cloudtrail.csv:11125,train
synthetic_cloudtrail.csv:11126,train
synthetic_cloudtrail.csv:11127,train
synthetic_cloudtrail.csv:11128,train
synthetic_cloudtrail.csv:11129,train
synthetic_cloudtrail.csv:11130,train
synthetic_cloudtrail.csv:11131,train
synthetic_cloudtrail.csv:11132,train
synthetic_cloudtrail.csv:11133,train
synthetic_cloudtrail.csv:11134,val
synthetic_cloudtrail.csv:11135,val
synthetic_cloudtrail.csv:11136,val
synthetic_cloudtrail.csv:11137,val
synthetic_cloudtrail.csv:11138,val
synthetic_cloudtrail.csv:11139,val
synthetic_cloudtrail.csv:11140,val
synthetic_cloudtrail.csv:11141,val
synthetic_cloudtrail.csv:11142,val
synthetic_cloudtrail.csv:11143,val
synthetic_cloudtrail.csv:11144,val
synthetic_cloudtrail.csv:11145,val
synthetic_cloudtrail.csv:11146,val
synthetic_cloudtrail.csv:11147,val
synthetic_cloudtrail.csv:11148,val
synthetic_cloudtrail.csv:11149,val
synthetic_cloudtrail.csv:11150,train
synthetic_cloudtrail.csv:11151,train
synthetic_cloudtrail.csv:11152,train
synthetic_cloudtrail.csv:11153,train
synthetic_cloudtrail.csv:11154,train
synthetic_cloudtrail.csv:11155,val
synthetic_cloudtrail.csv:11156,train
synthetic_cloudtrail.csv:11157,train
synthetic_cloudtrail.csv:11158,val
synthetic_cloudtrail.csv:11159,val
synthetic_cloudtrail.csv:11160,train
synthetic_cloudtrail.csv:11161,val
synthetic_cloudtrail.csv:11162,train
synthetic_cloudtrail.csv:11163,val
synthetic_cloudtrail.csv:11164,val
synthetic_cloudtrail.csv:11165,val
synthetic_cloudtrail.csv:11166,train
synthetic_cloudtrail.csv:11167,train
synthetic_cloudtrail.csv:11168,train
synthetic_cloudtrail.csv:11169,train
synthetic_cloudtrail.csv:11170,train
synthetic_cloudtrail.csv:11171,train
synthetic_cloudtrail.csv:11172,train
synthetic_cloudtrail.csv:11173,train
synthetic_cloudtrail.csv:11174,train
synthetic_cloudtrail.csv:11175,train
synthetic_cloudtrail.csv:11176,train
synthetic_cloudtrail.csv:11177,train
synthetic_cloudtrail.csv:11178,train
synthetic_cloudtrail.csv:11179,train
synthetic_cloudtrail.csv:11180,train
synthetic_cloudtrail.csv:11181,train
synthetic_cloudtrail.csv:11182,train
synthetic_cloudtrail.csv:11183,train
synthetic_cloudtrail.csv:11184,train
synthetic_cloudtrail.csv:11185,train
synthetic_cloudtrail.csv:11186,train
synthetic_cloudtrail.csv:11187,train
synthetic_cloudtrail.csv:11188,train
synthetic_cloudtrail.csv:11189,train
synthetic_cloudtrail.csv:11190,train
synthetic_cloudtrail.csv:11191,train
synthetic_cloudtrail.csv:11192,train
synthetic_cloudtrail.csv:11193,train
synthetic_cloudtrail.csv:11194,train
synthetic_cloudtrail.csv:11195,train
synthetic_cloudtrail.csv:11196,train
synthetic_cloudtrail.csv:11197,train
synthetic_cloudtrail.csv:11198,test
synthetic_cloudtrail.csv:11199,test
synthetic_cloudtrail.csv:11200,test
synthetic_cloudtrail.csv:11201,test
synthetic_cloudtrail.csv:11202,test
synthetic_cloudtrail.csv:11203,test
synthetic_cloudtrail.csv:11204,test
synthetic_cloudtrail.csv:11205,test
synthetic_cloudtrail.csv:11206,test
synthetic_cloudtrail.csv:11207,test
synthetic_cloudtrail.csv:11208,test
synthetic_cloudtrail.csv:11209,test
synthetic_cloudtrail.csv:11210,test
synthetic_cloudtrail.csv:11211,test
synthetic_cloudtrail.csv:11212,test
synthetic_cloudtrail.csv:11213,test
synthetic_cloudtrail.csv:11214,train
synthetic_cloudtrail.csv:11215,test
synthetic_cloudtrail.csv:11216,test
synthetic_cloudtrail.csv:11217,test
synthetic_cloudtrail.csv:11218,train
synthetic_cloudtrail.csv:11219,test
synthetic_cloudtrail.csv:11220,test
synthetic_cloudtrail.csv:11221,test
synthetic_cloudtrail.csv:11222,train
synthetic_cloudtrail.csv:11223,test
synthetic_cloudtrail.csv:11224,test
synthetic_cloudtrail.csv:11225,train
synthetic_cloudtrail.csv:11226,train
synthetic_cloudtrail.csv:11227,test
synthetic_cloudtrail.csv:11228,test
synthetic_cloudtrail.csv:11229,train
synthetic_cloudtrail.csv:11230,test
synthetic_cloudtrail.csv:11231,test
synthetic_cloudtrail.csv:11232,test
synthetic_cloudtrail.csv:11233,train
synthetic_cloudtrail.csv:11234,train
synthetic_cloudtrail.csv:11235,test
synthetic_cloudtrail.csv:11236,train
synthetic_cloudtrail.csv:11237,train
synthetic_cloudtrail.csv:11238,train
synthetic_cloudtrail.csv:11239,train
synthetic_cloudtrail.csv:11240,train
synthetic_cloudtrail.csv:11241,train
synthetic_cloudtrail.csv:11242,train
synthetic_cloudtrail.csv:11243,train
synthetic_cloudtrail.csv:11244,train
synthetic_cloudtrail.csv:11245,train
synthetic_cloudtrail.csv:11246,train
synthetic_cloudtrail.csv:11247,train
synthetic_cloudtrail.csv:11248,train
synthetic_cloudtrail.csv:11249,train
synthetic_cloudtrail.csv:11250,train
synthetic_cloudtrail.csv:11251,train
synthetic_cloudtrail.csv:11252,train
synthetic_cloudtrail.csv:11253,train
synthetic_cloudtrail.csv:11254,train
synthetic_cloudtrail.csv:11255,train
synthetic_cloudtrail.csv:11256,train
synthetic_cloudtrail.csv:11257,train
synthetic_cloudtrail.csv:11258,train
synthetic_cloudtrail.csv:11259,train
synthetic_cloudtrail.csv:11260,train
synthetic_cloudtrail.csv:11261,train
synthetic_cloudtrail.csv:11262,train
synthetic_cloudtrail.csv:11263,train
synthetic_cloudtrail.csv:11264,train
synthetic_cloudtrail.csv:11265,train
synthetic_cloudtrail.csv:11266,train
synthetic_cloudtrail.csv:11267,train
synthetic_cloudtrail.csv:11268,train
synthetic_cloudtrail.csv:11269,train
synthetic_cloudtrail.csv:11270,train
synthetic_cloudtrail.csv:11271,train
synthetic_cloudtrail.csv:11272,val
synthetic_cloudtrail.csv:11273,train
synthetic_cloudtrail.csv:11274,val
synthetic_cloudtrail.csv:11275,val
synthetic_cloudtrail.csv:11276,val
synthetic_cloudtrail.csv:11277,val
synthetic_cloudtrail.csv:11278,train
synthetic_cloudtrail.csv:11279,val
synthetic_cloudtrail.csv:11280,val
synthetic_cloudtrail.csv:11281,val
synthetic_cloudtrail.csv:11282,train
synthetic_cloudtrail.csv:11283,train
synthetic_cloudtrail.csv:11284,train
synthetic_cloudtrail.csv:11285,train
synthetic_cloudtrail.csv:11286,train
synthetic_cloudtrail.csv:11287,train
synthetic_cloudtrail.csv:11288,train
synthetic_cloudtrail.csv:11289,train
synthetic_cloudtrail.csv:11290,train
synthetic_cloudtrail.csv:11291,train
synthetic_cloudtrail.csv:11292,train
synthetic_cloudtrail.csv:11293,train
synthetic_cloudtrail.csv:11294,train
synthetic_cloudtrail.csv:11295,train
synthetic_cloudtrail.csv:11296,train
synthetic_cloudtrail.csv:11297,train
synthetic_cloudtrail.csv:11298,train
synthetic_cloudtrail.csv:11299,train
synthetic_cloudtrail.csv:11300,train
synthetic_cloudtrail.csv:11301,train
synthetic_cloudtrail.csv:11302,train
synthetic_cloudtrail.csv:11303,train
synthetic_cloudtrail.csv:11304,train
synthetic_cloudtrail.csv:11305,train
synthetic_cloudtrail.csv:11306,train
synthetic_cloudtrail.csv:11307,train
synthetic_cloudtrail.csv:11308,train
synthetic_cloudtrail.csv:11309,train
synthetic_cloudtrail.csv:11310,val
synthetic_cloudtrail.csv:11311,val
synthetic_cloudtrail.csv:11312,val
synthetic_cloudtrail.csv:11313,val
synthetic_cloudtrail.csv:11314,val
synthetic_cloudtrail.csv:11315,val
synthetic_cloudtrail.csv:11316,val
synthetic_cloudtrail.csv:11317,val
synthetic_cloudtrail.csv:11318,val
synthetic_cloudtrail.csv:11319,val
synthetic_cloudtrail.csv:11320,val
synthetic_cloudtrail.csv:11321,train
synthetic_cloudtrail.csv:11322,val
synthetic_cloudtrail.csv:11323,val
synthetic_cloudtrail.csv:11324,train
synthetic_cloudtrail.csv:11325,train
synthetic_cloudtrail.csv:11326,val
synthetic_cloudtrail.csv:11327,train
synthetic_cloudtrail.csv:11328,val
synthetic_cloudtrail.csv:11329,val
synthetic_cloudtrail.csv:11330,val
synthetic_cloudtrail.csv:11331,train
synthetic_cloudtrail.csv:11332,val
synthetic_cloudtrail.csv:11333,train
synthetic_cloudtrail.csv:11334,val
synthetic_cloudtrail.csv:11335,val
synthetic_cloudtrail.csv:11336,val
synthetic_cloudtrail.csv:11337,train
synthetic_cloudtrail.csv:11338,val
synthetic_cloudtrail.csv:11339,train
synthetic_cloudtrail.csv:11340,val
synthetic_cloudtrail.csv:11341,train
synthetic_cloudtrail.csv:11342,val
synthetic_cloudtrail.csv:11343,val
synthetic_cloudtrail.csv:11344,train
synthetic_cloudtrail.csv:11345,train
synthetic_cloudtrail.csv:11346,val
synthetic_cloudtrail.csv:11347,val
synthetic_cloudtrail.csv:11348,val
synthetic_cloudtrail.csv:11349,val
synthetic_cloudtrail.csv:11350,val
synthetic_cloudtrail.csv:11351,val
synthetic_cloudtrail.csv:11352,val
synthetic_cloudtrail.csv:11353,val
synthetic_cloudtrail.csv:11354,train
synthetic_cloudtrail.csv:11355,train
synthetic_cloudtrail.csv:11356,val
synthetic_cloudtrail.csv:11357,train
synthetic_cloudtrail.csv:11358,train
synthetic_cloudtrail.csv:11359,val
synthetic_cloudtrail.csv:11360,val
synthetic_cloudtrail.csv:11361,val
synthetic_cloudtrail.csv:11362,train
synthetic_cloudtrail.csv:11363,train
synthetic_cloudtrail.csv:11364,train
synthetic_cloudtrail.csv:11365,train
synthetic_cloudtrail.csv:11366,train
synthetic_cloudtrail.csv:11367,train
synthetic_cloudtrail.csv:11368,train
synthetic_cloudtrail.csv:11369,train
synthetic_cloudtrail.csv:11370,train
synthetic_cloudtrail.csv:11371,train
synthetic_cloudtrail.csv:11372,val
synthetic_cloudtrail.csv:11373,train
synthetic_cloudtrail.csv:11374,train
synthetic_cloudtrail.csv:11375,val
synthetic_cloudtrail.csv:11376,val
synthetic_cloudtrail.csv:11377,train
synthetic_cloudtrail.csv:11378,val
synthetic_cloudtrail.csv:11379,train
synthetic_cloudtrail.csv:11380,val
synthetic_cloudtrail.csv:11381,val
synthetic_cloudtrail.csv:11382,val
synthetic_cloudtrail.csv:11383,val
synthetic_cloudtrail.csv:11384,train
synthetic_cloudtrail.csv:11385,test
synthetic_cloudtrail.csv:11386,test
synthetic_cloudtrail.csv:11387,test
synthetic_cloudtrail.csv:11388,test
synthetic_cloudtrail.csv:11389,test
synthetic_cloudtrail.csv:11390,test
synthetic_cloudtrail.csv:11391,test
synthetic_cloudtrail.csv:11392,test
synthetic_cloudtrail.csv:11393,test
synthetic_cloudtrail.csv:11394,test
synthetic_cloudtrail.csv:11395,test
synthetic_cloudtrail.csv:11396,test
synthetic_cloudtrail.csv:11397,test
synthetic_cloudtrail.csv:11398,test
synthetic_cloudtrail.csv:11399,train
synthetic_cloudtrail.csv:11400,train
synthetic_cloudtrail.csv:11401,train
synthetic_cloudtrail.csv:11402,train
synthetic_cloudtrail.csv:11403,train
synthetic_cloudtrail.csv:11404,train
synthetic_cloudtrail.csv:11405,train
synthetic_cloudtrail.csv:11406,train
synthetic_cloudtrail.csv:11407,train
synthetic_cloudtrail.csv:11408,train
synthetic_cloudtrail.csv:11409,train
synthetic_cloudtrail.csv:11410,train
synthetic_cloudtrail.csv:11411,test
synthetic_cloudtrail.csv:11412,test
synthetic_cloudtrail.csv:11413,test
synthetic_cloudtrail.csv:11414,test
synthetic_cloudtrail.csv:11415,test
synthetic_cloudtrail.csv:11416,test
synthetic_cloudtrail.csv:11417,test
synthetic_cloudtrail.csv:11418,test
synthetic_cloudtrail.csv:11419,test
synthetic_cloudtrail.csv:11420,test
synthetic_cloudtrail.csv:11421,test
synthetic_cloudtrail.csv:11422,test
synthetic_cloudtrail.csv:11423,test
synthetic_cloudtrail.csv:11424,test
synthetic_cloudtrail.csv:11425,test
synthetic_cloudtrail.csv:11426,test
synthetic_cloudtrail.csv:11427,test
synthetic_cloudtrail.csv:11428,test
synthetic_cloudtrail.csv:11429,test
synthetic_cloudtrail.csv:11430,train
synthetic_cloudtrail.csv:11431,train
synthetic_cloudtrail.csv:11432,train
synthetic_cloudtrail.csv:11433,train
synthetic_cloudtrail.csv:11434,train
synthetic_cloudtrail.csv:11435,train
synthetic_cloudtrail.csv:11436,train
synthetic_cloudtrail.csv:11437,train
synthetic_cloudtrail.csv:11438,train
synthetic_cloudtrail.csv:11439,train
synthetic_cloudtrail.csv:11440,train
synthetic_cloudtrail.csv:11441,train
synthetic_cloudtrail.csv:11442,train
synthetic_cloudtrail.csv:11443,train
synthetic_cloudtrail.csv:11444,train
synthetic_cloudtrail.csv:11445,train
synthetic_cloudtrail.csv:11446,train
synthetic_cloudtrail.csv:11447,train
synthetic_cloudtrail.csv:11448,train
synthetic_cloudtrail.csv:11449,train
synthetic_cloudtrail.csv:11450,train
synthetic_cloudtrail.csv:11451,train
synthetic_cloudtrail.csv:11452,train
synthetic_cloudtrail.csv:11453,train
synthetic_cloudtrail.csv:11454,train
synthetic_cloudtrail.csv:11455,train
synthetic_cloudtrail.csv:11456,train
synthetic_cloudtrail.csv:11457,train
synthetic_cloudtrail.csv:11458,train
synthetic_cloudtrail.csv:11459,train
synthetic_cloudtrail.csv:11460,train
synthetic_cloudtrail.csv:11461,train
synthetic_cloudtrail.csv:11462,train
synthetic_cloudtrail.csv:11463,train
synthetic_cloudtrail.csv:11464,train
synthetic_cloudtrail.csv:11465,train
synthetic_cloudtrail.csv:11466,train
synthetic_cloudtrail.csv:11467,train
synthetic_cloudtrail.csv:11468,train
synthetic_cloudtrail.csv:11469,train
synthetic_cloudtrail.csv:11470,train
synthetic_cloudtrail.csv:11471,train
synthetic_cloudtrail.csv:11472,train
synthetic_cloudtrail.csv:11473,train
synthetic_cloudtrail.csv:11474,train
synthetic_cloudtrail.csv:11475,train
synthetic_cloudtrail.csv:11476,train
synthetic_cloudtrail.csv:11477,train
synthetic_cloudtrail.csv:11478,train
synthetic_cloudtrail.csv:11479,train
synthetic_cloudtrail.csv:11480,train
synthetic_cloudtrail.csv:11481,train
synthetic_cloudtrail.csv:11482,train
synthetic_cloudtrail.csv:11483,train
synthetic_cloudtrail.csv:11484,train
synthetic_cloudtrail.csv:11485,train
synthetic_cloudtrail.csv:11486,train
synthetic_cloudtrail.csv:11487,train
synthetic_cloudtrail.csv:11488,train
synthetic_cloudtrail.csv:11489,train
synthetic_cloudtrail.csv:11490,train
synthetic_cloudtrail.csv:11491,train
synthetic_cloudtrail.csv:11492,train
synthetic_cloudtrail.csv:11493,train
synthetic_cloudtrail.csv:11494,train
synthetic_cloudtrail.csv:11495,train
synthetic_cloudtrail.csv:11496,train
synthetic_cloudtrail.csv:11497,train
synthetic_cloudtrail.csv:11498,train
synthetic_cloudtrail.csv:11499,train
synthetic_cloudtrail.csv:11500,train
synthetic_cloudtrail.csv:11501,train
synthetic_cloudtrail.csv:11502,train
synthetic_cloudtrail.csv:11503,train
synthetic_cloudtrail.csv:11504,train
synthetic_cloudtrail.csv:11505,train
synthetic_cloudtrail.csv:11506,train
synthetic_cloudtrail.csv:11507,train
synthetic_cloudtrail.csv:11508,train
synthetic_cloudtrail.csv:11509,train
synthetic_cloudtrail.csv:11510,train
synthetic_cloudtrail.csv:11511,train
synthetic_cloudtrail.csv:11512,train
synthetic_cloudtrail.csv:11513,train
synthetic_cloudtrail.csv:11514,train
synthetic_cloudtrail.csv:11515,train
synthetic_cloudtrail.csv:11516,train
synthetic_cloudtrail.csv:11517,train
synthetic_cloudtrail.csv:11518,train
synthetic_cloudtrail.csv:11519,train
synthetic_cloudtrail.csv:11520,val
synthetic_cloudtrail.csv:11521,val
synthetic_cloudtrail.csv:11522,val
synthetic_cloudtrail.csv:11523,val
synthetic_cloudtrail.csv:11524,val
synthetic_cloudtrail.csv:11525,val
synthetic_cloudtrail.csv:11526,val
synthetic_cloudtrail.csv:11527,val
synthetic_cloudtrail.csv:11528,val
synthetic_cloudtrail.csv:11529,val
synthetic_cloudtrail.csv:11530,train
synthetic_cloudtrail.csv:11531,train
synthetic_cloudtrail.csv:11532,train
synthetic_cloudtrail.csv:11533,train
synthetic_cloudtrail.csv:11534,train
synthetic_cloudtrail.csv:11535,train
synthetic_cloudtrail.csv:11536,train
synthetic_cloudtrail.csv:11537,train
synthetic_cloudtrail.csv:11538,train
synthetic_cloudtrail.csv:11539,train
synthetic_cloudtrail.csv:11540,train
synthetic_cloudtrail.csv:11541,train
synthetic_cloudtrail.csv:11542,train
synthetic_cloudtrail.csv:11543,train
synthetic_cloudtrail.csv:11544,train
synthetic_cloudtrail.csv:11545,train
synthetic_cloudtrail.csv:11546,train
synthetic_cloudtrail.csv:11547,train
synthetic_cloudtrail.csv:11548,train
synthetic_cloudtrail.csv:11549,val
synthetic_cloudtrail.csv:11550,train
synthetic_cloudtrail.csv:11551,train
synthetic_cloudtrail.csv:11552,val
synthetic_cloudtrail.csv:11553,val
synthetic_cloudtrail.csv:11554,train
synthetic_cloudtrail.csv:11555,train
synthetic_cloudtrail.csv:11556,train
synthetic_cloudtrail.csv:11557,val
synthetic_cloudtrail.csv:11558,val
synthetic_cloudtrail.csv:11559,val
synthetic_cloudtrail.csv:11560,train
synthetic_cloudtrail.csv:11561,val
synthetic_cloudtrail.csv:11562,val
synthetic_cloudtrail.csv:11563,train
synthetic_cloudtrail.csv:11564,train
synthetic_cloudtrail.csv:11565,train
synthetic_cloudtrail.csv:11566,train
synthetic_cloudtrail.csv:11567,train
synthetic_cloudtrail.csv:11568,train
synthetic_cloudtrail.csv:11569,train
synthetic_cloudtrail.csv:11570,train
synthetic_cloudtrail.csv:11571,train
synthetic_cloudtrail.csv:11572,train
synthetic_cloudtrail.csv:11573,train
synthetic_cloudtrail.csv:11574,train
synthetic_cloudtrail.csv:11575,train
synthetic_cloudtrail.csv:11576,train
synthetic_cloudtrail.csv:11577,train
synthetic_cloudtrail.csv:11578,train
synthetic_cloudtrail.csv:11579,train
synthetic_cloudtrail.csv:11580,train
synthetic_cloudtrail.csv:11581,train
synthetic_cloudtrail.csv:11582,train
synthetic_cloudtrail.csv:11583,train
synthetic_cloudtrail.csv:11584,train
synthetic_cloudtrail.csv:11585,train
synthetic_cloudtrail.csv:11586,train
synthetic_cloudtrail.csv:11587,train
synthetic_cloudtrail.csv:11588,train
synthetic_cloudtrail.csv:11589,train
synthetic_cloudtrail.csv:11590,train
synthetic_cloudtrail.csv:11591,train
synthetic_cloudtrail.csv:11592,train
synthetic_cloudtrail.csv:11593,train
synthetic_cloudtrail.csv:11594,train
synthetic_cloudtrail.csv:11595,train
synthetic_cloudtrail.csv:11596,train
synthetic_cloudtrail.csv:11597,train
synthetic_cloudtrail.csv:11598,train
synthetic_cloudtrail.csv:11599,train
synthetic_cloudtrail.csv:11600,train
synthetic_cloudtrail.csv:11601,train
synthetic_cloudtrail.csv:11602,train
synthetic_cloudtrail.csv:11603,train
synthetic_cloudtrail.csv:11604,train
synthetic_cloudtrail.csv:11605,train
synthetic_cloudtrail.csv:11606,test
synthetic_cloudtrail.csv:11607,test
synthetic_cloudtrail.csv:11608,test
synthetic_cloudtrail.csv:11609,train
synthetic_cloudtrail.csv:11610,train
synthetic_cloudtrail.csv:11611,train
synthetic_cloudtrail.csv:11612,train
synthetic_cloudtrail.csv:11613,train
synthetic_cloudtrail.csv:11614,train
synthetic_cloudtrail.csv:11615,train
synthetic_cloudtrail.csv:11616,train
synthetic_cloudtrail.csv:11617,train
synthetic_cloudtrail.csv:11618,train
synthetic_cloudtrail.csv:11619,train
synthetic_cloudtrail.csv:11620,train
synthetic_cloudtrail.csv:11621,train
synthetic_cloudtrail.csv:11622,train
synthetic_cloudtrail.csv:11623,train
synthetic_cloudtrail.csv:11624,val
synthetic_cloudtrail.csv:11625,val
synthetic_cloudtrail.csv:11626,val
synthetic_cloudtrail.csv:11627,val
synthetic_cloudtrail.csv:11628,val
synthetic_cloudtrail.csv:11629,val
synthetic_cloudtrail.csv:11630,train
synthetic_cloudtrail.csv:11631,train
synthetic_cloudtrail.csv:11632,train
synthetic_cloudtrail.csv:11633,train
synthetic_cloudtrail.csv:11634,train
synthetic_cloudtrail.csv:11635,train
synthetic_cloudtrail.csv:11636,train
synthetic_cloudtrail.csv:11637,train
synthetic_cloudtrail.csv:11638,train
synthetic_cloudtrail.csv:11639,train
synthetic_cloudtrail.csv:11640,train
synthetic_cloudtrail.csv:11641,train
synthetic_cloudtrail.csv:11642,train
synthetic_cloudtrail.csv:11643,train
synthetic_cloudtrail.csv:11644,train
synthetic_cloudtrail.csv:11645,train
synthetic_cloudtrail.csv:11646,train
synthetic_cloudtrail.csv:11647,train
synthetic_cloudtrail.csv:11648,train
synthetic_cloudtrail.csv:11649,train
synthetic_cloudtrail.csv:11650,train
synthetic_cloudtrail.csv:11651,train
synthetic_cloudtrail.csv:11652,train
synthetic_cloudtrail.csv:11653,train
synthetic_cloudtrail.csv:11654,train
synthetic_cloudtrail.csv:11655,train
synthetic_cloudtrail.csv:11656,train
synthetic_cloudtrail.csv:11657,train
synthetic_cloudtrail.csv:11658,train
synthetic_cloudtrail.csv:11659,train
synthetic_cloudtrail.csv:11660,train
synthetic_cloudtrail.csv:11661,train
synthetic_cloudtrail.csv:11662,train
synthetic_cloudtrail.csv:11663,train
synthetic_cloudtrail.csv:11664,train
synthetic_cloudtrail.csv:11665,val
synthetic_cloudtrail.csv:11666,train
synthetic_cloudtrail.csv:11667,train
synthetic_cloudtrail.csv:11668,val
synthetic_cloudtrail.csv:11669,val
synthetic_cloudtrail.csv:11670,val
synthetic_cloudtrail.csv:11671,val
synthetic_cloudtrail.csv:11672,val
synthetic_cloudtrail.csv:11673,val
synthetic_cloudtrail.csv:11674,test
synthetic_cloudtrail.csv:11675,test
synthetic_cloudtrail.csv:11676,test
synthetic_cloudtrail.csv:11677,test
synthetic_cloudtrail.csv:11678,test
synthetic_cloudtrail.csv:11679,test
synthetic_cloudtrail.csv:11680,test
synthetic_cloudtrail.csv:11681,test
synthetic_cloudtrail.csv:11682,test
synthetic_cloudtrail.csv:11683,test
synthetic_cloudtrail.csv:11684,val
synthetic_cloudtrail.csv:11685,train
synthetic_cloudtrail.csv:11686,train
synthetic_cloudtrail.csv:11687,train
synthetic_cloudtrail.csv:11688,val
synthetic_cloudtrail.csv:11689,val
synthetic_cloudtrail.csv:11690,val
synthetic_cloudtrail.csv:11691,train
synthetic_cloudtrail.csv:11692,val
synthetic_cloudtrail.csv:11693,train
synthetic_cloudtrail.csv:11694,val
synthetic_cloudtrail.csv:11695,val
synthetic_cloudtrail.csv:11696,val
synthetic_cloudtrail.csv:11697,val
synthetic_cloudtrail.csv:11698,val
synthetic_cloudtrail.csv:11699,train
synthetic_cloudtrail.csv:11700,val
synthetic_cloudtrail.csv:11701,val
synthetic_cloudtrail.csv:11702,train
synthetic_cloudtrail.csv:11703,train
synthetic_cloudtrail.csv:11704,val
synthetic_cloudtrail.csv:11705,train
synthetic_cloudtrail.csv:11706,train
synthetic_cloudtrail.csv:11707,train
synthetic_cloudtrail.csv:11708,train
synthetic_cloudtrail.csv:11709,train
synthetic_cloudtrail.csv:11710,train
synthetic_cloudtrail.csv:11711,train
synthetic_cloudtrail.csv:11712,train
synthetic_cloudtrail.csv:11713,train
synthetic_cloudtrail.csv:11714,train
synthetic_cloudtrail.csv:11715,train
synthetic_cloudtrail.csv:11716,train
synthetic_cloudtrail.csv:11717,train
synthetic_cloudtrail.csv:11718,train
synthetic_cloudtrail.csv:11719,train
synthetic_cloudtrail.csv:11720,train
synthetic_cloudtrail.csv:11721,train
synthetic_cloudtrail.csv:11722,train
synthetic_cloudtrail.csv:11723,train
synthetic_cloudtrail.csv:11724,train
synthetic_cloudtrail.csv:11725,train
synthetic_cloudtrail.csv:11726,train
synthetic_cloudtrail.csv:11727,train
synthetic_cloudtrail.csv:11728,train
synthetic_cloudtrail.csv:11729,train
synthetic_cloudtrail.csv:11730,val
synthetic_cloudtrail.csv:11731,train
synthetic_cloudtrail.csv:11732,train
synthetic_cloudtrail.csv:11733,train
synthetic_cloudtrail.csv:11734,val
synthetic_cloudtrail.csv:11735,train
synthetic_cloudtrail.csv:11736,train
synthetic_cloudtrail.csv:11737,val
synthetic_cloudtrail.csv:11738,train
synthetic_cloudtrail.csv:11739,train
synthetic_cloudtrail.csv:11740,train
synthetic_cloudtrail.csv:11741,train
synthetic_cloudtrail.csv:11742,train
synthetic_cloudtrail.csv:11743,train
synthetic_cloudtrail.csv:11744,train
synthetic_cloudtrail.csv:11745,train
synthetic_cloudtrail.csv:11746,train
synthetic_cloudtrail.csv:11747,train
synthetic_cloudtrail.csv:11748,train
synthetic_cloudtrail.csv:11749,train
synthetic_cloudtrail.csv:11750,train
synthetic_cloudtrail.csv:11751,train
synthetic_cloudtrail.csv:11752,train
